nct	group_norm	resolved_at_step	candidates_still_competing
NCT02842827	cohort 1a: bomedemstat 0.75 mg/kg/day	f (smallest outcome index)	2
NCT02842827	cohort 1b: bomedemstat 1.5 mg/kg/day	f (smallest outcome index)	2
NCT02842827	cohort 1c: bomedemstat 3 mg/kg/day	f (smallest outcome index)	2
NCT02842827	cohort 1d: bomedemstat 6 mg/kg/day	f (smallest outcome index)	2
NCT02842827	cohort 1x3: bomedemstat 3 mg/kg/day orally plus tretinoin 45 mg/m^2/day	f (smallest outcome index)	2
NCT02842827	cohort 1x6: bomedemstat 6 mg/kg/day plus tretinoin 45 mg/m^2/day	f (smallest outcome index)	2
NCT02842827	cohort 3x: bomedemstat 6 mg/kg/day plus tretinoin 45 mg/m^2/day	f (smallest outcome index)	2
NCT02842827	cohort 4x: bomedemstat 6 mg/kg/day plus tretinoin 45 mg/m^2/day	f (smallest outcome index)	2
NCT00804856	phase i schedule a. volasertib 150 mg+ldac	f (smallest outcome index)	2
NCT00804856	phase i schedule a. volasertib 200 mg+ldac	f (smallest outcome index)	2
NCT00804856	phase i schedule a. volasertib 250 mg+ldac	f (smallest outcome index)	2
NCT00804856	phase i schedule a. volasertib 300 mg+ldac	f (smallest outcome index)	2
NCT00804856	phase i schedule a. volasertib 350 mg+ldac	f (smallest outcome index)	2
NCT00804856	phase i schedule a. volasertib 400 mg+ldac	f (smallest outcome index)	2
NCT00804856	total phase i combined. schedule a	f (smallest outcome index)	2
NCT00804856	phase i schedule b. volasertib 150 mg	f (smallest outcome index)	2
NCT00804856	phase i schedule b. volasertib 200 mg	f (smallest outcome index)	2
NCT00804856	phase i schedule b. volasertib 350 mg	f (smallest outcome index)	2
NCT00804856	phase i schedule b. volasertib 400 mg	f (smallest outcome index)	2
NCT00804856	phase i schedule b. volasertib 450 mg	f (smallest outcome index)	2
NCT00804856	phase i schedule b. volasertib 500 mg	f (smallest outcome index)	2
NCT00804856	phase i schedule b. volasertib 550 mg	f (smallest outcome index)	2
NCT00804856	total phase i combined. schedule b	f (smallest outcome index)	2
NCT03744468	phase 1 (dose escalation): surzebiclimab 2 mg + tislelizumab	f (smallest outcome index)	2
NCT03744468	phase 1 (dose escalation): surzebiclimab 6 mg + tislelizumab	f (smallest outcome index)	2
NCT03744468	phase 1 (dose escalation): surzebiclimab 20 mg + tislelizumab	f (smallest outcome index)	2
NCT03744468	phase 1 (dose escalation): surzebiclimab 60 mg + tislelizumab	f (smallest outcome index)	2
NCT03744468	phase 1 (dose escalation): surzebiclimab 200 mg + tislelizumab	f (smallest outcome index)	2
NCT03744468	phase 1 (dose escalation): surzebiclimab 400 mg + tislelizumab	f (smallest outcome index)	2
NCT03744468	phase 1 (dose escalation): surzebiclimab 800 mg + tislelizumab	f (smallest outcome index)	2
NCT03744468	phase 1 (dose escalation): surzebiclimab 1600 mg + tislelizumab	f (smallest outcome index)	2
NCT03744468	phase 1 (dose escalation): surzebiclimab 60 mg	f (smallest outcome index)	2
NCT03744468	phase 1 (dose escalation): surzebiclimab 1600 mg	f (smallest outcome index)	2
NCT03744468	phase 2 (safety lead-in): cohort a: alcestobart 300 mg + tislelizumab	f (smallest outcome index)	2
NCT03744468	phase 2 (safety lead-in): cohort a: alcestobart 600 mg + tislelizumab	f (smallest outcome index)	2
NCT03744468	phase 2 (safety lead-in): cohort a: alcestobart 1200 mg + tislelizumab	f (smallest outcome index)	2
NCT03744468	phase 2 (safety lead-in): cohort b: alcestobart 300 mg + surzebiclimab + tislelizumab	f (smallest outcome index)	2
NCT03744468	phase 2 (safety lead-in): cohort b: alcestobart 600 mg + surzebiclimab + tislelizumab	f (smallest outcome index)	2
NCT03744468	phase 2 (safety lead-in): cohort b: alcestobart 900 mg + surzebiclimab + tislelizumab	f (smallest outcome index)	2
NCT01391962	sunitinib malate 37.5 mg followed by azd2171 (cediranib) 30 mg	f (smallest outcome index)	2
NCT02678780	neuroendocrine tumors of the pancreas	f (smallest outcome index)	2
NCT02678780	neuroendocrine tumors of gastrointestinal tract	f (smallest outcome index)	2
NCT00407563	bevacizumab and abraxane	f (smallest outcome index)	2
NCT02536742	experimental	f (smallest outcome index)	2
NCT00321893	arm i: budesonide	f (smallest outcome index)	2
NCT00321893	arm ii: placebo	f (smallest outcome index)	2
NCT01572727	bkm120 and paclitaxel	f (smallest outcome index)	2
NCT01572727	placebo and paclitaxel	f (smallest outcome index)	2
NCT04720417	treatment (defactinib, vs-6766)	f (smallest outcome index)	2
NCT04659044	treatment (rituximab, polatuzumab vedotin, venetoclax)	e (largest Participants denominator)	2
NCT01342172	lenalidomide	f (smallest outcome index)	2
NCT00613626	arm a: zd6474 matched placebo	f (smallest outcome index)	2
NCT00613626	arm b: zd6474	f (smallest outcome index)	2
NCT00493636	a (sorafenib + gemcitabine or capecitabine)	f (smallest outcome index)	2
NCT00493636	b (placebo + gemcitabine or capecitabine)	f (smallest outcome index)	2
NCT00262067	bevacizumab 15 mg/kg + taxane or anthracycline-based regimen	e (largest Participants denominator)	2
NCT00262067	placebo to bevacizumab + taxane or anthracycline-based regimen	e (largest Participants denominator)	2
NCT00262067	bevacizumab 15 mg/kg + capecitabine	e (largest Participants denominator)	2
NCT00262067	placebo to bevacizumab + capecitabine	e (largest Participants denominator)	2
NCT00753675	arm a vandetanib 300 mg	f (smallest outcome index)	2
NCT00753675	arm b vandetanib 100mg + gemcitab	f (smallest outcome index)	2
NCT00753675	arm c placebo+ gemcitabine	f (smallest outcome index)	2
NCT00876395	everolimus + paclitaxel + trastuzumab	e (largest Participants denominator)	5
NCT00876395	everolimus + paclitaxel + trastuzumab	f (smallest outcome index)	2
NCT00876395	placebo + paclitaxel + trastuzumab	e (largest Participants denominator)	5
NCT00876395	placebo + paclitaxel + trastuzumab	f (smallest outcome index)	2
NCT00519285	placebo	e (largest Participants denominator)	2
NCT00519285	aflibercept	e (largest Participants denominator)	2
NCT00931606	sotatercept 0.1 mg/kg	e (largest Participants denominator)	4
NCT00931606	sotatercept 0.1 mg/kg	f (smallest outcome index)	2
NCT00931606	sotatercept 0.3 mg/kg	e (largest Participants denominator)	4
NCT00931606	sotatercept 0.3 mg/kg	f (smallest outcome index)	2
NCT00931606	sotatercept 0.5 mg/kg	e (largest Participants denominator)	4
NCT00931606	sotatercept 0.5 mg/kg	f (smallest outcome index)	2
NCT00931606	placebo	e (largest Participants denominator)	4
NCT00931606	placebo	f (smallest outcome index)	2
NCT00567190	pertuzumab + trastuzumab + docetaxel	e (largest Participants denominator)	2
NCT00567190	placebo + trastuzumab + docetaxel	e (largest Participants denominator)	2
NCT00371566	placebo	e (largest Participants denominator)	2
NCT00371566	lapatinib	e (largest Participants denominator)	2
NCT00537095	zd6474	f (smallest outcome index)	2
NCT00537095	placebo	f (smallest outcome index)	2
NCT00600015	combination therapy	f (smallest outcome index)	2
NCT00600015	placebo	f (smallest outcome index)	2
NCT00661830	gemcitabine + sorafenib	e (largest Participants denominator)	2
NCT00661830	gemcitabine + placebo	e (largest Participants denominator)	2
NCT00434252	carboplatin+paclitaxel+placebo	e (largest Participants denominator)	2
NCT00434252	carboplatin+paclitaxel+bevacizumab	e (largest Participants denominator)	2
NCT00096993	placebo + gemcitabine	e (largest Participants denominator)	2
NCT00096993	pertuzumab + gemcitabine	e (largest Participants denominator)	2
NCT00130728	erlotinib hcl + bevacizumab	e (largest Participants denominator)	2
NCT00130728	erlotinib hcl + placebo	e (largest Participants denominator)	2
NCT00854308	metmab + erlotinib	e (largest Participants denominator)	3
NCT00854308	placebo + erlotinib	e (largest Participants denominator)	3
NCT00789373	pemetrexed + cisplatin followed by placebo	f (smallest outcome index)	2
NCT01007942	everolimus + vinorelbine + trastuzumab	f (smallest outcome index)	2
NCT01007942	placebo + vinorelbine + trastuzumab	f (smallest outcome index)	2
NCT02799069	vehicle	e (largest Participants denominator)	7
NCT02799069	vehicle	f (smallest outcome index)	4
NCT02799069	bf-200 ala	e (largest Participants denominator)	7
NCT02799069	bf-200 ala	f (smallest outcome index)	4
NCT02799069	mal cream	e (largest Participants denominator)	7
NCT02799069	mal cream	f (smallest outcome index)	4
NCT00676663	exemestane 25 mg + placebo	f (smallest outcome index)	2
NCT00676663	exemestane 25 mg + entinostat 5 mg	f (smallest outcome index)	2
NCT00883779	placebo	f (smallest outcome index)	2
NCT00883779	erlotinib	f (smallest outcome index)	2
NCT01911273	pf-03446962 plus bsc	f (smallest outcome index)	2
NCT01911273	bsc alone	f (smallest outcome index)	2
NCT01234337	sorafenib (nexavar, bay43-9006) + capecitabine	f (smallest outcome index)	2
NCT01234337	placebo + capecitabine	f (smallest outcome index)	2
NCT01379521	everolimus + tace	f (smallest outcome index)	2
NCT01379521	placebo + tace	f (smallest outcome index)	2
NCT01852292	buparlisib + paclitaxel	f (smallest outcome index)	2
NCT01852292	buparlisib matching placebo + paclitaxel	f (smallest outcome index)	2
NCT01732913	idelalisib + rituximab	f (smallest outcome index)	3
NCT01732913	placebo + rituximab	f (smallest outcome index)	3
NCT01958021	ribociclib + letrozole	f (smallest outcome index)	2
NCT01958021	placebo + letrozole	f (smallest outcome index)	2
NCT01797120	fulvestrant & everolimus	f (smallest outcome index)	2
NCT01797120	fulvestrant & placebo	f (smallest outcome index)	2
NCT01816594	trastuzumab + bkm120 + paclitaxel	e (largest Participants denominator)	4
NCT01816594	trastuzumab + bkm120 + paclitaxel	f (smallest outcome index)	2
NCT01816594	trastuzumab + bkm120 pbo + paclitaxel	e (largest Participants denominator)	4
NCT01816594	trastuzumab + bkm120 pbo + paclitaxel	f (smallest outcome index)	2
NCT01625286	part a schedule 1 560 mg bd	e (largest Participants denominator)	3
NCT01625286	part a schedule 1 560 mg bd	f (smallest outcome index)	2
NCT01625286	part a schedule 1 640 mg bd	e (largest Participants denominator)	3
NCT01625286	part a schedule 1 640 mg bd	f (smallest outcome index)	2
NCT01625286	part a schedule 2 360 mg bd	e (largest Participants denominator)	3
NCT01625286	part a schedule 2 360 mg bd	f (smallest outcome index)	2
NCT01625286	part a schedule 2 400 mg bd	e (largest Participants denominator)	3
NCT01625286	part a schedule 2 400 mg bd	f (smallest outcome index)	2
NCT01625286	part a schedule 2 480 mg bd	e (largest Participants denominator)	3
NCT01625286	part a schedule 2 480 mg bd	f (smallest outcome index)	2
NCT01625286	part b azd5363	f (smallest outcome index)	3
NCT01625286	part b placebo	f (smallest outcome index)	3
NCT01610284	bkm120 100mg + fulvestrant	f (smallest outcome index)	2
NCT01610284	placebo + fulvestrant	f (smallest outcome index)	2
NCT01271712	regorafenib (stivarga, bay73-4506)	f (smallest outcome index)	2
NCT01271712	placebo	f (smallest outcome index)	2
NCT01774344	placebo	f (smallest outcome index)	2
NCT01774344	regorafenib 160 mg (bay73-4506)	f (smallest outcome index)	2
NCT01602224	100 mg tabalumab+dexamethasone+bortezomib	f (smallest outcome index)	2
NCT01602224	300 mg tabalumab+dexamethasone+bortezomib	f (smallest outcome index)	2
NCT01602224	placebo comparator: placebo + dexamethasone + bortezomib	f (smallest outcome index)	2
NCT01524783	everolimus + bsc	f (smallest outcome index)	2
NCT01524783	placebo + bsc	f (smallest outcome index)	2
NCT01211483	phase 2: u3-1287 18 mg/kg + erlotinib	e (largest Participants denominator)	2
NCT01211483	phase 2: u3-1287 9 mg/kg + erlotinib	e (largest Participants denominator)	2
NCT01211483	phase 2: placebo + erlotinib	e (largest Participants denominator)	2
NCT01633060	bkm120 100mg + fulvestrant	f (smallest outcome index)	2
NCT01633060	placebo + fulvestrant	f (smallest outcome index)	2
NCT01951586	placebo	f (smallest outcome index)	2
NCT01951586	denosumab	f (smallest outcome index)	2
NCT01168973	ramucirumab and docetaxel	f (smallest outcome index)	2
NCT01168973	placebo and docetaxel	f (smallest outcome index)	2
NCT01776840	placebo + bendamustine and rituximab (br) (treatment a)	f (smallest outcome index)	2
NCT01776840	ibrutinib + bendamustine and rituximab (br) (treatment b)	f (smallest outcome index)	2
NCT01512745	apatinib	f (smallest outcome index)	2
NCT01512745	placebo	f (smallest outcome index)	2
NCT01850524	placebo + lendex	e (largest Participants denominator)	2
NCT01850524	ixazomib + lendex	e (largest Participants denominator)	2
NCT01703091	ramucirumab + docetaxel	f (smallest outcome index)	2
NCT01703091	placebo + docetaxel	f (smallest outcome index)	2
NCT01774786	pertuzumab + trastuzumab + chemotherapy	e (largest Participants denominator)	3
NCT01774786	pertuzumab + trastuzumab + chemotherapy	f (smallest outcome index)	2
NCT01774786	placebo + trastuzumab + chemotherapy	e (largest Participants denominator)	3
NCT01774786	placebo + trastuzumab + chemotherapy	f (smallest outcome index)	2
NCT01544179	gefitinib	f (smallest outcome index)	2
NCT01544179	placebo	f (smallest outcome index)	2
NCT01924533	olaparib 100 mg tablets bd + paclitaxel 80 mg/m^2	e (largest Participants denominator)	2
NCT01924533	placebo tablets bd + paclitaxel 80 mg/m^2	e (largest Participants denominator)	2
NCT02278120	ribociclib + nsai/tamoxifen + goserelin	f (smallest outcome index)	2
NCT02278120	placebo + nsai/tamoxifen+ goserelin	f (smallest outcome index)	2
NCT03117049	ono-4538 group	f (smallest outcome index)	3
NCT03117049	placebo group	f (smallest outcome index)	3
NCT02329860	apatinib	f (smallest outcome index)	2
NCT02329860	placebo	f (smallest outcome index)	2
NCT02300987	lee011	f (smallest outcome index)	3
NCT02300987	placebo arm	f (smallest outcome index)	3
NCT02178956	napabucasin + paclitaxel	f (smallest outcome index)	2
NCT02178956	placebo + paclitaxel	f (smallest outcome index)	2
NCT02451943	doxorubicin + olaratumab	f (smallest outcome index)	2
NCT02451943	doxorubicin + placebo	f (smallest outcome index)	2
NCT02340221	placebo+fulvestrant	f (smallest outcome index)	2
NCT02340221	taselisib+fulvestrant	f (smallest outcome index)	2
NCT03189719	pembrolizumab + soc	e (largest Participants denominator)	4
NCT03189719	placebo + soc	e (largest Participants denominator)	4
NCT02626455	phase 3: copa+r-b/r-chop	f (smallest outcome index)	2
NCT02626455	phase 3: pbo+r-b/r-chop	f (smallest outcome index)	2
NCT02246621	abemaciclib + nsai	f (smallest outcome index)	3
NCT02246621	placebo + nsai	f (smallest outcome index)	3
NCT02426125	ramucirumab + docetaxel	f (smallest outcome index)	2
NCT02426125	placebo + docetaxel	f (smallest outcome index)	2
NCT02437318	pik3ca mutant cohort by tumor tissue: alpelisib + fulvestrant	f (smallest outcome index)	2
NCT02437318	pik3ca mutant cohort by tumor tissue: placebo + fulvestrant	f (smallest outcome index)	2
NCT02437318	pik3ca non-mutant cohort by tumor tissue: alpelisib + fulvestrant	f (smallest outcome index)	2
NCT02437318	pik3ca non-mutant cohort by tumor tissue: placebo + fulvestrant	f (smallest outcome index)	2
NCT02162719	ipatasertib and paclitaxel	e (largest Participants denominator)	3
NCT02162719	placebo and paclitaxel	e (largest Participants denominator)	3
NCT02422615	ribociclib + fulvestrant	f (smallest outcome index)	2
NCT02422615	placebo + fulvestrant	f (smallest outcome index)	2
NCT02263508	phase 1b: talimogene laherparepvec + pembrolizumab	f (smallest outcome index)	4
NCT02263508	phase 3: placebo + pembrolizumab	f (smallest outcome index)	4
NCT02263508	phase 3: talimogene laherparepvec + pembrolizumab	f (smallest outcome index)	4
NCT02367040	copanlisib + rituximab	f (smallest outcome index)	3
NCT02367040	placebo + rituximab	f (smallest outcome index)	3
NCT02196688	treatment arm	f (smallest outcome index)	2
NCT02196688	control arm	f (smallest outcome index)	2
NCT03062358	pembrolizumab + bsc	e (largest Participants denominator)	2
NCT03062358	placebo + bsc	e (largest Participants denominator)	2
NCT02411448	part b: ramucirumab+ erlotinib	f (smallest outcome index)	2
NCT02411448	part b: placebo+ erlotinib	f (smallest outcome index)	2
NCT03125902	placebo and paclitaxel	e (largest Participants denominator)	2
NCT03125902	atezolizumab and paclitaxel	e (largest Participants denominator)	2
NCT02395016	nimotuzumab- gemcitabine group	f (smallest outcome index)	2
NCT02395016	placebo-gemcitabine group	f (smallest outcome index)	2
NCT02711553	8 mg/kg ramucirumab + 25 mg/m2 cisplatin + 1000 mg/m2 gemcitabine	f (smallest outcome index)	2
NCT02711553	80 mg merestinib + 25 mg/m2 cisplatin + 1000 mg/m2 gemcitabine	f (smallest outcome index)	2
NCT02711553	pooled placebo	f (smallest outcome index)	2
NCT02807636	placebo+gemcitabine+carboplatin/cisplatin	e (largest Participants denominator)	2
NCT02137837	arm 1: fulvestrant + everolimus placebo + anastrozole placebo	e (largest Participants denominator)	2
NCT02137837	arm 2: fulvestrant + everolimus + anastrozole placebo	e (largest Participants denominator)	2
NCT02137837	arm 3: fulvestrant + everolimus + anastrozole	e (largest Participants denominator)	2
NCT02788981	nab-paclitaxel+mifepristone	e (largest Participants denominator)	2
NCT02788981	nab-paclitaxel+placebo	e (largest Participants denominator)	2
NCT02978222	frα peptide plus adjuvant (gm-csf)	f (smallest outcome index)	2
NCT02978222	adjuvant (gm-csf) alone	f (smallest outcome index)	2
NCT01980888	idelalisib+bendamustine+rituximab	f (smallest outcome index)	2
NCT01980888	placebo+bendamustine+rituximab	f (smallest outcome index)	2
NCT02494583	pembrolizumab monotherapy (pembro mono)	e (largest Participants denominator)	2
NCT02494583	pembrolizumab + soc chemotherapy (pembro combo)	e (largest Participants denominator)	2
NCT02494583	placebo + soc chemotherapy (soc)	f (smallest outcome index)	2
NCT01923168	alpelisib + letrozole	e (largest Participants denominator)	2
NCT01923168	placebo + letrozole	e (largest Participants denominator)	2
NCT02128958	cf102	f (smallest outcome index)	2
NCT02128958	placebo tablets of cf102	f (smallest outcome index)	2
NCT02018861	parsaclisib 5 mg qd	e (largest Participants denominator)	3
NCT02018861	parsaclisib 10 mg qd	e (largest Participants denominator)	3
NCT02018861	parsaclisib 15 mg qd	e (largest Participants denominator)	3
NCT02018861	parsaclisib 20 mg qd	e (largest Participants denominator)	3
NCT02018861	parsaclisib 30 mg qd	e (largest Participants denominator)	3
NCT02018861	parsaclisib 45 mg qd	e (largest Participants denominator)	3
NCT02018861	parsaclisib 20 mg + itacitinib 300 mg	e (largest Participants denominator)	3
NCT02018861	parsaclisib 30 mg + itacitinib 300 mg	e (largest Participants denominator)	3
NCT02018861	parsaclisib 15 mg qd + r-ice	e (largest Participants denominator)	3
NCT02018861	parsaclisib 20 mg qd + r-ice	e (largest Participants denominator)	3
NCT02915523	phase 2: avelumab + placebo	f (smallest outcome index)	3
NCT02915523	phase 2: avelumab + entinostat	f (smallest outcome index)	3
NCT02107703	abemaciclib + fulvestrant	f (smallest outcome index)	3
NCT02107703	placebo + fulvestrant	f (smallest outcome index)	3
NCT02755597	venetoclax + bortezomib and dexamethasone	f (smallest outcome index)	2
NCT02755597	placebo + bortezomib and dexamethasone	f (smallest outcome index)	2
NCT02448381	sgx301 (cycle 1 & 2 = sgx301)	f (smallest outcome index)	2
NCT02448381	placebo (cycle 1)	f (smallest outcome index)	2
NCT03629925	sintilimab+ gemcitabine plus platinum	f (smallest outcome index)	2
NCT03629925	placebo+gemcitabine plus platinum	f (smallest outcome index)	2
NCT03671330	premenopausal cohort - ribociclib	f (smallest outcome index)	2
NCT03671330	premenopausal cohort - placebo	f (smallest outcome index)	2
NCT03671330	postmenopausal cohort - ribociclib	f (smallest outcome index)	2
NCT03671330	postmenopausal cohort - placebo	f (smallest outcome index)	2
NCT04194775	nofazinlimab + lenvatinib	f (smallest outcome index)	2
NCT04194775	placebo + lenvatinib	f (smallest outcome index)	2
NCT03581786	placebo combine with chemotherapy	f (smallest outcome index)	2
NCT03581786	toripalimab injection(js001 )combine with chemotherapy	f (smallest outcome index)	2
NCT04607668	trilaciclib + folfoxiri/bevacizumab	f (smallest outcome index)	3
NCT04607668	placebo + folfoxiri/bevacizumab	f (smallest outcome index)	3
NCT03602859	paclitaxel + carboplatin + dostarlimab pbo +/- bev, then niraparib+dostarlimab pbo +/- bev (arm2)	f (smallest outcome index)	2
NCT03602859	paclitaxel + carboplatin + dostarlimab +/- bev, then niraparib+dostarlimab +/- bev (arm3)	f (smallest outcome index)	2
NCT04060862	phase iii: ipatasertib + palbociclib +fulvestrant	f (smallest outcome index)	3
NCT04060862	phase iii: placebo + palbociclib + fulvestrant	f (smallest outcome index)	3
NCT03522246	arm b: rucaparib + placebo	f (smallest outcome index)	2
NCT04322539	fruquintinib + bsc group	f (smallest outcome index)	2
NCT04322539	placebo + bsc group	f (smallest outcome index)	2
NCT03829969	toripalimab	f (smallest outcome index)	2
NCT03829969	placebo	f (smallest outcome index)	2
NCT04902885	part i ( safety run-in and pk evaluation); trilaciclib group	f (smallest outcome index)	2
NCT04902885	part ii ( randomized double-blind, placebo-controlled ), trilaciclib group	f (smallest outcome index)	2
NCT04902885	part ii ( randomized double-blind, placebo-controlled ), placebo group	f (smallest outcome index)	2
NCT03519971	durvalumab + soc crt	f (smallest outcome index)	2
NCT03519971	placebo + soc crt	f (smallest outcome index)	2
NCT03371017	placebo + chemotherapy	e (largest Participants denominator)	2
NCT03371017	atezolizumab + chemotherapy	e (largest Participants denominator)	2
NCT03710876	treatment group	f (smallest outcome index)	3
NCT03710876	control group	f (smallest outcome index)	3
NCT03817125	ser-401 matching placebo/ nivolumab	f (smallest outcome index)	2
NCT03817125	ser-401/ nivolumab	f (smallest outcome index)	2
NCT04005716	arm a: tislelizumab + chemotherapy	f (smallest outcome index)	2
NCT04005716	arm b: placebo + chemotherapy	f (smallest outcome index)	2
NCT02964507	phase ii-gsk525762 +ful	f (smallest outcome index)	2
NCT02964507	phase ii-placebo+ful	f (smallest outcome index)	2
NCT04540211	placebo + pc	e (largest Participants denominator)	2
NCT04540211	atezolizumab + tiragolumab + pc	e (largest Participants denominator)	2
NCT04428333	feladilimab + pembrolizumab + 5-fu-platinum chemotherapy	e (largest Participants denominator)	3
NCT04428333	feladilimab + pembrolizumab + 5-fu-platinum chemotherapy	f (smallest outcome index)	2
NCT04428333	placebo + pembrolizumab + 5-fu-platinum chemotherapy	e (largest Participants denominator)	3
NCT04428333	placebo + pembrolizumab + 5-fu-platinum chemotherapy	f (smallest outcome index)	2
NCT05269355	unesbulin and dacarbazine	f (smallest outcome index)	2
NCT05269355	placebo and dacarbazine	f (smallest outcome index)	2
NCT00095199	cetuximab & pemetrexed	f (smallest outcome index)	2
NCT00095199	pemetrexed	f (smallest outcome index)	2
NCT00095199	cetuximab & docetaxel	f (smallest outcome index)	2
NCT00095199	docetaxel	f (smallest outcome index)	2
NCT00931918	rchop	f (smallest outcome index)	2
NCT00931918	vc-rchop	f (smallest outcome index)	2
NCT00605722	bevacizumab + erlotinib	f (smallest outcome index)	2
NCT00533702	imc-1121b (ramucirumab) + dacarbazine	f (smallest outcome index)	4
NCT00533702	imc-1121b (ramucirumab)	f (smallest outcome index)	4
NCT00452673	50 mg dasatinib + 825 mg/m^2capecitabine	f (smallest outcome index)	2
NCT00452673	70 mg dasatinib + 825 mg/m^2capecitabine	f (smallest outcome index)	2
NCT00452673	70 mg dasatinib + 1000 mg/m^2capecitabine	f (smallest outcome index)	2
NCT00452673	100 mg dasatinib + 1000 mg/m^2capecitabine	f (smallest outcome index)	2
NCT00444535	lapatinib + bevacizumab	f (smallest outcome index)	2
NCT00527735	ipilimumab/placebo + paclitaxil/carboplatin (concurrent)	f (smallest outcome index)	3
NCT00527735	ipilimumab + paclitaxel/carboplatin (sequential)	f (smallest outcome index)	3
NCT00527735	placebo + paclitaxel/carboplatin	f (smallest outcome index)	3
NCT00969761	v100+cis60	e (largest Participants denominator)	2
NCT00969761	v100+cis75	e (largest Participants denominator)	2
NCT00969761	v200+cis75	e (largest Participants denominator)	2
NCT00969761	v300+cis75	e (largest Participants denominator)	2
NCT00969761	v300+cis100	e (largest Participants denominator)	2
NCT00969761	v350+cis75	e (largest Participants denominator)	2
NCT00969761	v100+car4	e (largest Participants denominator)	2
NCT00969761	v100+car5	e (largest Participants denominator)	2
NCT00969761	v200+car5	e (largest Participants denominator)	2
NCT00969761	v300+car5	e (largest Participants denominator)	2
NCT00969761	v300+car6	e (largest Participants denominator)	2
NCT00969761	v350+car5	e (largest Participants denominator)	2
NCT00993499	afa30+sir01	f (smallest outcome index)	2
NCT00993499	afa30+sir03	f (smallest outcome index)	2
NCT00993499	afa30+sir05	f (smallest outcome index)	2
NCT00993499	afa30+sir10	f (smallest outcome index)	2
NCT00993499	afa40+sir01	f (smallest outcome index)	2
NCT00993499	afa40+sir05	f (smallest outcome index)	2
NCT00355238	group a (brivanib 800 mg qd)	f (smallest outcome index)	2
NCT00355238	group b (brivanib 800 mg qd)	f (smallest outcome index)	2
NCT00355238	group c (400 mg bid)	f (smallest outcome index)	2
NCT00728949	imc-a12 (cixutumumab) + antiestrogen therapy	f (smallest outcome index)	2
NCT00728949	imc-a12 (cixutumumab)	f (smallest outcome index)	2
NCT01069627	bevacizumab + fotemustine	e (largest Participants denominator)	2
NCT00077857	1250 mg/m^2 capecitabine + docetaxel	f (smallest outcome index)	3
NCT00077857	825 mg/m^2 capecitabine + docetaxel	f (smallest outcome index)	3
NCT00454779	panitumumab plus chemotherapy	e (largest Participants denominator)	2
NCT00454779	chemotherapy alone	e (largest Participants denominator)	2
NCT00371345	her2/neu-amplified tumor, 70 mg twice daily (bid) dasatinib	f (smallest outcome index)	3
NCT00371345	her2/neu-amplified tumor, 100 mg bid	f (smallest outcome index)	2
NCT00371345	er and/or pgr positive tumor, 70 mg bid dasatinib	f (smallest outcome index)	3
NCT00371345	er and/or pgr positive tumor, 100 mg bid dasatinib	f (smallest outcome index)	3
NCT00545077	arm a: endocrine therapy (et)	e (largest Participants denominator)	2
NCT00545077	arm b: et with bevacizumab (et-b)	e (largest Participants denominator)	2
NCT00605267	anastrozole 1 mg	f (smallest outcome index)	3
NCT00605267	tamoxifen 20 mg	f (smallest outcome index)	3
NCT00971867	paclitaxel	e (largest Participants denominator)	4
NCT00971867	paclitaxel	f (smallest outcome index)	3
NCT00607724	stage 1: gdc-0449 (540 mg)	f (smallest outcome index)	2
NCT00586105	sorafenib (nexavar, bay43-9006)	f (smallest outcome index)	2
NCT00398567	part 2 - expanded mtd cohort	f (smallest outcome index)	2
NCT00437268	enzastaurin+irinotecan+cetuximab	f (smallest outcome index)	2
NCT00437268	irinotecan+cetuximab	f (smallest outcome index)	2
NCT01674062	pertuzumab + trastuzumab (cohorts 1 and 2)	f (smallest outcome index)	2
NCT01674062	pertuzumab (cohort 3)	f (smallest outcome index)	2
NCT00171834	patupilone (epo906) phase i	f (smallest outcome index)	2
NCT00171834	patupilone (epo906) phase ii	f (smallest outcome index)	2
NCT00946153	phase 1: group 1: lenvatinib: 12 mg	f (smallest outcome index)	2
NCT00946153	phase 1: group1: lenvatinib: 16 mg	f (smallest outcome index)	2
NCT00946153	phase 1: group 2: lenvatinib: 8 mg	f (smallest outcome index)	2
NCT00946153	phase 1: group 2: lenvatinib: 12 mg	f (smallest outcome index)	2
NCT00946153	phase 2 : lenvatinib :12 mg	f (smallest outcome index)	2
NCT00154102	cetuximab plus folfiri	e (largest Participants denominator)	4
NCT00154102	cetuximab plus folfiri	f (smallest outcome index)	2
NCT00154102	folfiri alone	e (largest Participants denominator)	4
NCT00154102	folfiri alone	f (smallest outcome index)	2
NCT00886782	bms-863233 25 mg	f (smallest outcome index)	2
NCT00886782	bms-863233 50 mg	f (smallest outcome index)	2
NCT00886782	bms-863233 100 mg	f (smallest outcome index)	2
NCT00226811	50 mg sunitinib	f (smallest outcome index)	2
NCT00534417	capecitabine and fulvestrant	f (smallest outcome index)	3
NCT00424047	lenalidomide plus dexamethasone	f (smallest outcome index)	2
NCT00424047	placebo plus dexamethasone	f (smallest outcome index)	2
NCT00324155	ipilimumab and dacarbazine	f (smallest outcome index)	2
NCT00324155	placebo and dacarbazine	f (smallest outcome index)	2
NCT00958724	nera 240 + vino 25	e (largest Participants denominator)	2
NCT00146172	breast cancer	f (smallest outcome index)	2
NCT00146172	lung cancer	f (smallest outcome index)	2
NCT00146172	all solid tumors	f (smallest outcome index)	2
NCT01023958	volasertib (bi 6727)	e (largest Participants denominator)	2
NCT00689936	lenalidomide and low-dose dexamethasone (rd)	f (smallest outcome index)	2
NCT00689936	lenalidomide and dexamethasone rd18	f (smallest outcome index)	2
NCT00689936	melphalan + prednisone + thalidomide (mpt)	f (smallest outcome index)	2
NCT00934856	overall mbc participants	f (smallest outcome index)	2
NCT00839332	phase 2: ly2603618 + gemcitabine	f (smallest outcome index)	2
NCT00839332	phase 2: gemcitabine	f (smallest outcome index)	2
NCT00806156	nktr-102 q14d	e (largest Participants denominator)	6
NCT00806156	nktr-102 q14d	f (smallest outcome index)	2
NCT00806156	mitt population	f (smallest outcome index)	2
NCT00806156	platinum-refractory population	f (smallest outcome index)	2
NCT00806156	prior pld population	f (smallest outcome index)	2
NCT00946647	panobinostat + 5-azacytidine	e (largest Participants denominator)	2
NCT00946647	5-azacytidine	e (largest Participants denominator)	2
NCT00827359	treatment	f (smallest outcome index)	2
NCT00545688	trastuzumab+docetaxel	e (largest Participants denominator)	2
NCT00545688	trastuzumab+pertuzumab+docetaxel	e (largest Participants denominator)	2
NCT00545688	trastuzumab+pertuzumab	e (largest Participants denominator)	2
NCT00545688	pertuzumab+docetaxel	e (largest Participants denominator)	2
NCT00668148	ewing's sarcoma/pnet	f (smallest outcome index)	2
NCT00668148	rhabdomyosarcoma	f (smallest outcome index)	2
NCT00668148	leiomyosarcoma	f (smallest outcome index)	2
NCT00668148	adipocytic sarcoma	f (smallest outcome index)	2
NCT00668148	synovial sarcoma	f (smallest outcome index)	2
NCT00668148	total	f (smallest outcome index)	2
NCT00332163	pre-emptive skin treatment	f (smallest outcome index)	2
NCT00332163	reactive skin treatment	f (smallest outcome index)	2
NCT00448279	chemotherapy alone	f (smallest outcome index)	2
NCT00448279	chemotherapy + trastuzumab	f (smallest outcome index)	2
NCT00343291	cetuximab + bevacizumab + paclitaxel + carboplatin (6/6)	e (largest Participants denominator)	2
NCT00343291	cetuximab + bevacizumab + paclitaxel + carboplatin (6/3)	e (largest Participants denominator)	2
NCT00267020	enzastaurin+gemcitabine	e (largest Participants denominator)	2
NCT00263588	cohort a	f (smallest outcome index)	2
NCT00263588	cohort b	f (smallest outcome index)	2
NCT00906698	afatinib 20mg with vinorelbine i.v	e (largest Participants denominator)	4
NCT00906698	afatinib 20mg with vinorelbine i.v	f (smallest outcome index)	2
NCT00906698	afatinib 40mg with vinorelbine i.v	e (largest Participants denominator)	4
NCT00906698	afatinib 40mg with vinorelbine i.v	f (smallest outcome index)	2
NCT00906698	afatinib 50mg with vinorelbine i.v	e (largest Participants denominator)	4
NCT00906698	afatinib 50mg with vinorelbine i.v	f (smallest outcome index)	2
NCT00906698	afatinib 20mg with vinorelbine per os	e (largest Participants denominator)	4
NCT00906698	afatinib 20mg with vinorelbine per os	f (smallest outcome index)	2
NCT00906698	afatinib 40mg with vinorelbine per os	e (largest Participants denominator)	4
NCT00906698	afatinib 40mg with vinorelbine per os	f (smallest outcome index)	2
NCT00906698	afatinib 50mg with vinorelbine per os	e (largest Participants denominator)	4
NCT00906698	afatinib 50mg with vinorelbine per os	f (smallest outcome index)	2
NCT00473590	bort + p	f (smallest outcome index)	2
NCT00473590	bort + bv	f (smallest outcome index)	2
NCT00243074	azd2171	f (smallest outcome index)	2
NCT00885755	group a: trastuzumab+taxane /capecitabine (6 weeks)	f (smallest outcome index)	2
NCT00089999	lapatinib 1500 mg qd	f (smallest outcome index)	2
NCT00089999	lapatinib 500 mg bid	f (smallest outcome index)	2
NCT02525536	trebananib 3 mg/kg	f (smallest outcome index)	2
NCT02525536	trebananib 10 mg/kg	f (smallest outcome index)	2
NCT02525536	trebananib 30 mg/kg	f (smallest outcome index)	2
NCT00460798	sunitinib	f (smallest outcome index)	2
NCT00586924	5 mcg/kg	f (smallest outcome index)	2
NCT00586924	10 mcg/kg	f (smallest outcome index)	2
NCT00586924	20 mcg/kg	e (largest Participants denominator)	2
NCT00586924	30 mcg/kg	e (largest Participants denominator)	2
NCT00586924	40 mcg/kg	e (largest Participants denominator)	2
NCT00586924	50 mcg/kg	e (largest Participants denominator)	2
NCT00721513	tpfchemotherapy + concomitant cetuximab & rt	f (smallest outcome index)	2
NCT00347438	capecitabine	f (smallest outcome index)	2
NCT00705016	cilengitide 2000 mg once weekly+cetuximab+5-fu+cisplatin	f (smallest outcome index)	2
NCT00705016	cilengitide 2000 mg twice weekly+cetuximab+5-fu+cisplatin	f (smallest outcome index)	2
NCT00705016	cetuximab+5-fu+cisplatin	f (smallest outcome index)	2
NCT00600340	bevacizumab plus paclitaxel	f (smallest outcome index)	2
NCT00600340	bevacizumab plus capecitabine	f (smallest outcome index)	2
NCT00910910	lenalidomide	e (largest Participants denominator)	2
NCT00910910	chlorambucil	e (largest Participants denominator)	2
NCT00576199	bevacizumab 5 mg/kg	f (smallest outcome index)	2
NCT00838539	neratinib 120 mg + temsirolimus	f (smallest outcome index)	2
NCT00838539	neratinib 160 mg + temsirolimus	f (smallest outcome index)	2
NCT00838539	neratinib 200 mg + temsirolimus	f (smallest outcome index)	2
NCT00838539	neratinib 240 mg + temsirolimus	f (smallest outcome index)	2
NCT01177956	cetuximab + cisplatin + 5-fu	f (smallest outcome index)	2
NCT00586495	sorafenib (nexavar, bay43-9006)	f (smallest outcome index)	2
NCT00101400	sorafenib (nexavar, bay43-9006)	f (smallest outcome index)	2
NCT00447057	pemetrexed (nonsquamous)	f (smallest outcome index)	2
NCT00447057	pemetrexed + erlotinib (nonsquamous)	f (smallest outcome index)	2
NCT01131078	bevacizumab + irinotecan + capecitabine (1000 mg/m^2)	e (largest Participants denominator)	3
NCT01131078	bevacizumab + irinotecan + capecitabine (1000 mg/m^2)	f (smallest outcome index)	2
NCT01131078	bevacizumab + capecitabine (1250 mg/m^2)	e (largest Participants denominator)	3
NCT01131078	bevacizumab + capecitabine (1250 mg/m^2)	f (smallest outcome index)	2
NCT01131078	bevacizumab + capecitabine (650 mg/m^2)	e (largest Participants denominator)	3
NCT01131078	bevacizumab + capecitabine (650 mg/m^2)	f (smallest outcome index)	2
NCT01311687	pomalidomide plus low-dose dexamethasone	f (smallest outcome index)	2
NCT01311687	high-dose dexamethasone	f (smallest outcome index)	2
NCT01955473	part a: sym004 6 mg/kg	e (largest Participants denominator)	2
NCT01955473	part a: sym004 9/6 mg/kg	e (largest Participants denominator)	2
NCT01955473	part a: sym004 12 mg/kg	e (largest Participants denominator)	2
NCT01955473	part a: sym004 18 mg/kg	e (largest Participants denominator)	2
NCT01955473	part b: sym004 12 mg/kg	e (largest Participants denominator)	2
NCT01368276	gm-csf	f (smallest outcome index)	2
NCT01368276	talimogene laherparepvec	f (smallest outcome index)	2
NCT01658878	cohort 1 uninfected hcc	f (smallest outcome index)	2
NCT01658878	cohort 1 hcv infected	f (smallest outcome index)	2
NCT01658878	cohort 1 hbv infected	f (smallest outcome index)	2
NCT01755975	dose level -1	f (smallest outcome index)	2
NCT01755975	dose level 1	f (smallest outcome index)	2
NCT01755975	dose level 2	f (smallest outcome index)	2
NCT01755975	dose level 3	f (smallest outcome index)	2
NCT01755975	dose level 4	f (smallest outcome index)	2
NCT01943461	expansion cohort: avelumab 10 mg/kg	f (smallest outcome index)	2
NCT01607905	arm a (colorectal cancer)	f (smallest outcome index)	2
NCT01607905	arm b (gynecological cancer)	f (smallest outcome index)	2
NCT01607905	arm c (squamous cell cancer)	f (smallest outcome index)	2
NCT01607905	arm d (castrate-resistant prostate cancer)	f (smallest outcome index)	2
NCT01607905	arm e (glioblastoma multiforme)	f (smallest outcome index)	2
NCT01607905	arm f (melanoma)	f (smallest outcome index)	2
NCT01607905	arm g (other solid tumors)	f (smallest outcome index)	2
NCT01743560	everolimus and exemestane	f (smallest outcome index)	2
NCT01251653	afatinib 30mg and gemcitabine 1000mg	e (largest Participants denominator)	4
NCT01251653	afatinib 30mg and gemcitabine 1000mg	f (smallest outcome index)	3
NCT01251653	afatinib 30mg and gemcitabine 1250mg	e (largest Participants denominator)	4
NCT01251653	afatinib 30mg and gemcitabine 1250mg	f (smallest outcome index)	3
NCT01251653	afatinib 40mg and gemcitabine 1000mg	e (largest Participants denominator)	4
NCT01251653	afatinib 40mg and gemcitabine 1000mg	f (smallest outcome index)	3
NCT01251653	afatinib 40mg and gemcitabine 1250mg	e (largest Participants denominator)	4
NCT01251653	afatinib 40mg and gemcitabine 1250mg	f (smallest outcome index)	3
NCT01251653	afatinib 50mg and gemcitabine 1250mg	e (largest Participants denominator)	4
NCT01251653	afatinib 50mg and gemcitabine 1250mg	f (smallest outcome index)	3
NCT01251653	afatinib 30mg and docetaxel 60mg	e (largest Participants denominator)	4
NCT01251653	afatinib 30mg and docetaxel 60mg	f (smallest outcome index)	3
NCT01251653	afatinib 30mg and docetaxel 75mg	e (largest Participants denominator)	4
NCT01251653	afatinib 30mg and docetaxel 75mg	f (smallest outcome index)	3
NCT01251653	afatinib 40mg and docetaxel 75mg	e (largest Participants denominator)	4
NCT01251653	afatinib 40mg and docetaxel 75mg	f (smallest outcome index)	3
NCT01251653	afatinib 50mg and docetaxel 75mg	e (largest Participants denominator)	4
NCT01251653	afatinib 50mg and docetaxel 75mg	f (smallest outcome index)	3
NCT01818752	bortezomib, melphalan, prednisone	f (smallest outcome index)	2
NCT01818752	carfilzomib, melphalan, prednisone	f (smallest outcome index)	2
NCT01317615	rad001 plus paclitaxel/carboplatin	f (smallest outcome index)	2
NCT01801358	phase ii (dose expansion)	f (smallest outcome index)	2
NCT01546038	phase 1b: glasdegib + cytarabine/dauno (biomarker, responder)	e (largest Participants denominator)	3
NCT01546038	phase 1b: glasdegib + cytarabine/dauno (biomarker, responder)	f (smallest outcome index)	2
NCT01546038	phase 1b: glasdegib+cytarabine/dauno(biomarker,non-responder)	f (smallest outcome index)	3
NCT01546038	phase 2 fit (biomarker, responder)	e (largest Participants denominator)	6
NCT01546038	phase 2 fit (biomarker, non-responder)	e (largest Participants denominator)	6
NCT01546038	phase 2 unfit: glasdegib 100 mg + ldac (biomarker, responder)	e (largest Participants denominator)	5
NCT01546038	phase 2 unfit: glasdegib 100 mg + ldac (biomarker, responder)	f (smallest outcome index)	2
NCT01546038	phase 2 unfit: glasdegib 100 mg+ldac(biomarker, non-responder)	e (largest Participants denominator)	5
NCT01546038	phase 2 unfit: glasdegib 100 mg+ldac(biomarker, non-responder)	f (smallest outcome index)	2
NCT02011113	pomalidomide plus dexamethasone	f (smallest outcome index)	2
NCT01992653	polatuzumab vedotin (1.0mg) + r-chp	e (largest Participants denominator)	2
NCT01992653	polatuzumab vedotin (1.4mg) + r-chp	e (largest Participants denominator)	2
NCT01992653	polatuzumab vedotin (1.8mg) + r-chp	e (largest Participants denominator)	2
NCT01992653	polatuzumab vedotin (2.4mg) + r-chp	e (largest Participants denominator)	2
NCT01992653	polatuzumab vedotin (1.4mg) + g-chp	e (largest Participants denominator)	2
NCT01992653	polatuzumab vedotin (1.8mg) + g-chp	e (largest Participants denominator)	2
NCT01992653	expansion: polatuzumab vedotin (1.8mg) + r-chp	e (largest Participants denominator)	2
NCT01992653	expansion: polatuzumab vedotin (1.8mg) + g-chp	e (largest Participants denominator)	2
NCT01698918	everolimus+exemestane (second-line treatment)	f (smallest outcome index)	2
NCT01239732	bevacizumab + paclitaxel + carboplatin	e (largest Participants denominator)	2
NCT01668017	part 1: pimasertib 30 mg in solid tumor	f (smallest outcome index)	2
NCT01668017	part 1: pimasertib 45 mg in solid tumor	f (smallest outcome index)	2
NCT01668017	part 1: pimasertib 60 mg in solid tumor	f (smallest outcome index)	2
NCT01668017	part 1: pimasertib 30 mg in hcc	f (smallest outcome index)	2
NCT01668017	part 1: pimasertib 45 mg in hcc	f (smallest outcome index)	2
NCT01121393	afatinib 40 milligram (mg)	e (largest Participants denominator)	3
NCT01121393	afatinib 40 milligram (mg)	f (smallest outcome index)	2
NCT01121393	gemcitabine / cisplatin chemotherapy	e (largest Participants denominator)	3
NCT01121393	gemcitabine / cisplatin chemotherapy	f (smallest outcome index)	2
NCT01832727	phase 2 300 mg 2/7 schedule	f (smallest outcome index)	2
NCT02001974	group 1	f (smallest outcome index)	2
NCT02001974	group 2	f (smallest outcome index)	2
NCT02001974	group 3	f (smallest outcome index)	2
NCT01729923	capecitabine and celecoxib	e (largest Participants denominator)	2
NCT01478048	elotuzumab + bortezomib + dexamethasone	e (largest Participants denominator)	2
NCT01478048	bortezomib + dexamethasone	e (largest Participants denominator)	2
NCT01458249	arm 1: participants with adi or lms	f (smallest outcome index)	2
NCT01458249	arm 2: participants with oth	f (smallest outcome index)	2
NCT01317420	bi 836845 10 mg	e (largest Participants denominator)	2
NCT01317420	bi 836845 20 mg	e (largest Participants denominator)	2
NCT01317420	bi 836845 40 mg	e (largest Participants denominator)	2
NCT01317420	bi 836845 80 mg	e (largest Participants denominator)	2
NCT01317420	bi 836845 160 mg	e (largest Participants denominator)	2
NCT01317420	bi 836845 320 mg	e (largest Participants denominator)	2
NCT01317420	bi 836845 640 mg	e (largest Participants denominator)	2
NCT01317420	bi 836845 1280 mg	e (largest Participants denominator)	2
NCT01317420	bi 836845 1800 mg	e (largest Participants denominator)	2
NCT01317420	bi 836845 2400 mg	e (largest Participants denominator)	2
NCT01317420	bi 836845 3600 mg	e (largest Participants denominator)	2
NCT01317420	ewings sarcoma	e (largest Participants denominator)	2
NCT01317420	biopsiable tumours	e (largest Participants denominator)	2
NCT01115803	arm a - 50 mg ly2584702 qd + 150 mg erlotinib qd	f (smallest outcome index)	2
NCT01115803	arm a - 100 mg ly2584702 bid + 150 mg erlotinib qd	f (smallest outcome index)	2
NCT01115803	arm a - 75 mg ly2584702 bid + 150 mg erlotinib qd	f (smallest outcome index)	2
NCT01115803	arm b - 50 mg ly2584702 qd + 10 mg everolimus qd	f (smallest outcome index)	2
NCT01115803	arm b - 100 mg ly2584702 qd + 10 mg everolimus qd	f (smallest outcome index)	2
NCT01115803	arm b - 50 mg ly2584702 bid + 10 mg everolimus qd	f (smallest outcome index)	2
NCT01602315	arm 1 - byl719+cetuximab (randomized)	f (smallest outcome index)	2
NCT01602315	arm 2 - monotherapy cetuximab (randomized)	f (smallest outcome index)	2
NCT01602315	all patients	e (largest Participants denominator)	2
NCT01602315	arm 3 - byl719+cetuximab	f (smallest outcome index)	2
NCT01985763	genistein	f (smallest outcome index)	4
NCT01325441	napabucasin 200mg bid plus paclitaxel	f (smallest outcome index)	2
NCT01325441	napabucasin 240mg bid plus paclitaxel	f (smallest outcome index)	2
NCT01325441	napabucasin 400mg bid plus paclitaxel	f (smallest outcome index)	2
NCT01325441	napabucasin 480mg bid plus paclitaxel	f (smallest outcome index)	2
NCT01325441	napabucasin 500mg bid plus paclitaxel	f (smallest outcome index)	2
NCT01915498	phase 1 dose escalation: enasidenib 50 mg	f (smallest outcome index)	2
NCT01915498	phase 1 dose escalation: enasidenib 60 mg	f (smallest outcome index)	2
NCT01915498	phase 1 dose escalation: enasidenib 75 mg	f (smallest outcome index)	2
NCT01915498	phase 1 dose escalation: enasidenib 100 mg	f (smallest outcome index)	2
NCT01915498	phase 1 dose escalation: enasidenib 150 mg	f (smallest outcome index)	2
NCT01915498	phase 1 dose escalation: enasidenib 200 mg	f (smallest outcome index)	2
NCT01915498	phase 1 dose escalation: enasidenib 300 mg	f (smallest outcome index)	2
NCT01915498	phase 1 dose escalation: enasidenib 450 mg	f (smallest outcome index)	2
NCT01915498	phase 1 dose escalation: enasidenib 650 mg	f (smallest outcome index)	2
NCT01915498	phase 1 dose expansion arm 1: enasidenib 100 mg qd	f (smallest outcome index)	2
NCT01915498	phase 1 dose expansion arm 2: enasidenib 100 mg qd	f (smallest outcome index)	2
NCT01915498	phase 1 dose expansion arm 3: enasidenib 100 mg qd	f (smallest outcome index)	2
NCT01915498	phase 1 dose expansion arm 4: enasidenib 100 mg qd	f (smallest outcome index)	2
NCT01378975	cohort 2: previously treated participants	e (largest Participants denominator)	3
NCT01378975	cohort 2: previously treated participants	f (smallest outcome index)	2
NCT01381874	exemestane	f (smallest outcome index)	2
NCT01381874	abiraterone acetate + prednisone	f (smallest outcome index)	2
NCT01381874	abiraterone acetate + exemestane + prednisone	f (smallest outcome index)	2
NCT01120184	trastuzumab + taxane	e (largest Participants denominator)	3
NCT01120184	trastuzumab emtansine + placebo	e (largest Participants denominator)	3
NCT01120184	trastuzumab emtansine + pertuzumab	e (largest Participants denominator)	3
NCT01077518	ofa + benda (arm a)	e (largest Participants denominator)	2
NCT01077518	benda (arm b)	e (largest Participants denominator)	2
NCT01183858	erlotinib 150 mg	f (smallest outcome index)	2
NCT01183858	erlotinib 300 mg	f (smallest outcome index)	2
NCT01491672	prior sunitinib	f (smallest outcome index)	2
NCT01491672	other prior vascular endothelial growth factor (vegf)	f (smallest outcome index)	2
NCT01491672	prior cytokines	f (smallest outcome index)	2
NCT01491672	all participants	f (smallest outcome index)	2
NCT01136733	phase 1b (cohort 1): 12 mg lenvatinib plus 5 mg everolimus	f (smallest outcome index)	3
NCT01136733	phase 1b (cohort 2): 18 mg lenvatinib plus 5 mg everolimus	f (smallest outcome index)	3
NCT01136733	phase 1b (cohort 3): 24 mg lenvatinib plus 5 mg everolimus	f (smallest outcome index)	3
NCT01136733	phase 1b (cohort 4): 24 mg lenvatinib plus 10 mg everolimus	f (smallest outcome index)	3
NCT01136733	phase 2 (arm a): 18 mg lenvatinib plus 5 mg everolimus	f (smallest outcome index)	3
NCT01136733	phase 2 (arm b): 24 mg lenvatinib	f (smallest outcome index)	3
NCT01136733	phase 2 (arm c): 10 mg everolimus	f (smallest outcome index)	3
NCT01077713	bevacizumab + gemcitabine	f (smallest outcome index)	2
NCT01077713	bevacizumab + gemcitabine + cisplatin	f (smallest outcome index)	2
NCT01379534	fgfr2 (mut)	f (smallest outcome index)	2
NCT01379534	fgfr2 (wt)	f (smallest outcome index)	2
NCT01449370	process a: tak-117 100 milligram (mg), once daily (qd)	f (smallest outcome index)	2
NCT01449370	process a: tak-117 150 mg, qd	f (smallest outcome index)	2
NCT01449370	process a: tak-117 200 mg, qd	f (smallest outcome index)	2
NCT01449370	process a: tak-117 300 mg, qd	f (smallest outcome index)	2
NCT01449370	process a: tak-117 200 mg, mwf qw	f (smallest outcome index)	2
NCT01449370	process a: tak-117 300 mg, mwf qw	f (smallest outcome index)	2
NCT01449370	process a: tak-117 400 mg, mwf qw	f (smallest outcome index)	2
NCT01449370	process a: tak-117 600 mg, mwf qw	f (smallest outcome index)	2
NCT01449370	process a: tak-117 900 mg, mwf qw	f (smallest outcome index)	2
NCT01449370	process a: tak-117 1200 mg, mwf qw	f (smallest outcome index)	2
NCT01449370	process a: tak-117 200 mg, mtw qw	f (smallest outcome index)	2
NCT01449370	process a: tak-117 400 mg, mtw qw	f (smallest outcome index)	2
NCT01449370	process a: tak-117 600 mg, mtw qw	f (smallest outcome index)	2
NCT01449370	process a: tak-117 900 mg, mtw qw	f (smallest outcome index)	2
NCT01449370	process b: tak-117 600 mg process b capsule (fm) mwf qw	f (smallest outcome index)	2
NCT01449370	process b: tak-117 900 mg fm mwf qw	f (smallest outcome index)	2
NCT01449370	process b: tak-117 1200 mg fm mwf qw	f (smallest outcome index)	2
NCT01449370	process b: tak-117 600 mg fm mtw qw	f (smallest outcome index)	2
NCT01449370	process b: tak-117 900 mg fm mtw qw	f (smallest outcome index)	2
NCT01449370	process b: tak-117 1200 mg fm mtw qw	f (smallest outcome index)	2
NCT01449370	process b: tak-117 1500 mg fm mtw qw	f (smallest outcome index)	2
NCT01449370	process b: tak-117 300 mg fm twice daily (bid) mwf qw	f (smallest outcome index)	2
NCT01449370	process b: tak-117 400 mg fm bid mwf qw	f (smallest outcome index)	2
NCT01449370	process b: tak-117 500 mg fm bid mwf qw	f (smallest outcome index)	2
NCT01449370	process b: tak-117 600 mg fm bid mwf qw	f (smallest outcome index)	2
NCT01658436	bez235 300 mg/400 mg bid	f (smallest outcome index)	2
NCT01324830	schedule a bi 847325 6 mg (a1)	f (smallest outcome index)	2
NCT01324830	schedule a bi 847325 9 mg (a2)	e (largest Participants denominator)	2
NCT01324830	schedule a bi 847325 13 mg (a3)	f (smallest outcome index)	2
NCT01324830	schedule a bi 847325 19 mg (a4)	f (smallest outcome index)	2
NCT01324830	schedule a bi 847325 26 mg (a5)	f (smallest outcome index)	2
NCT01324830	schedule a bi 847325 33 mg (a6)	f (smallest outcome index)	2
NCT01324830	schedule a bi 847325 46 mg (a7)	f (smallest outcome index)	2
NCT01324830	schedule a bi 847325 63 mg (a8)	f (smallest outcome index)	2
NCT01324830	schedule a bi 847325 86 mg (a9)	f (smallest outcome index)	2
NCT01324830	schedule a bi 847325 120 mg (a10)	f (smallest outcome index)	2
NCT01324830	schedule a bi 847325 160 mg (a11)	f (smallest outcome index)	2
NCT01324830	schedule b bi 847325 6 mg (b1)	f (smallest outcome index)	2
NCT01324830	schedule b bi 847325 12 mg (b2)	f (smallest outcome index)	2
NCT01324830	schedule b bi 847325 23 mg (b3)	f (smallest outcome index)	2
NCT01324830	schedule b bi 847325 46 mg (b4)	f (smallest outcome index)	2
NCT01324830	schedule b bi 847325 90 mg (b5)	e (largest Participants denominator)	2
NCT01324830	schedule b bi 847325 180 mg (b6)	f (smallest outcome index)	2
NCT01324830	schedule b bi 847325 130 mg (b7)	f (smallest outcome index)	2
NCT01324830	schedule b bi 847325 150 mg (b8)	f (smallest outcome index)	2
NCT01324830	schedule a total (total a)	f (smallest outcome index)	2
NCT01324830	schedule b total (total b)	f (smallest outcome index)	2
NCT01324830	total patients	f (smallest outcome index)	2
NCT01829711	moxetumomab pasudotox 40 μg/kg	f (smallest outcome index)	3
NCT01770353	expansion phase: cohort 3	f (smallest outcome index)	2
NCT01539824	overall study population	f (smallest outcome index)	2
NCT01102426	plitidepsin+dexamethasone	f (smallest outcome index)	2
NCT01102426	dexamethasone	f (smallest outcome index)	2
NCT01891344	part 1: tbrca	f (smallest outcome index)	2
NCT01891344	part 1: non-tbrca loh+	f (smallest outcome index)	2
NCT01891344	part 1: non-tbrca loh	f (smallest outcome index)	2
NCT01891344	part 1: non-tbrca loh unknown	f (smallest outcome index)	2
NCT01253668	arm 1	f (smallest outcome index)	2
NCT01268566	medi-575, 25 mg/kg	f (smallest outcome index)	2
NCT01515189	ipilimumab (10 mg/kg)	f (smallest outcome index)	2
NCT01515189	ipilimumab (3 mg/kg)	f (smallest outcome index)	2
NCT01248936	overall trial	f (smallest outcome index)	2
NCT01774721	dacomitinib	f (smallest outcome index)	2
NCT01774721	gefitinib	f (smallest outcome index)	2
NCT02004522	duvelisib	f (smallest outcome index)	2
NCT02004522	ofatumumab	f (smallest outcome index)	2
NCT01743469	hepatocellular carcinoma cohort	f (smallest outcome index)	2
NCT01300351	fulvestrant 500 mg	e (largest Participants denominator)	2
NCT01300351	fulvestrant 250 mg	e (largest Participants denominator)	2
NCT01059630	bendamustine alone	f (smallest outcome index)	3
NCT01059630	obinutuzumab + bendamustine	f (smallest outcome index)	3
NCT01058707	mln0128 5 mg qd	e (largest Participants denominator)	2
NCT01058707	mln0128 30 mg qw	e (largest Participants denominator)	2
NCT01058707	mln0128 40 mg qw	e (largest Participants denominator)	2
NCT01708161	byl 200mg + amg 12mg/kg	f (smallest outcome index)	2
NCT01708161	byl 300mg + amg 12mg/kg	e (largest Participants denominator)	2
NCT01708161	byl 350mg + amg 12mg/kg	f (smallest outcome index)	2
NCT01439568	ly2510924 + carboplatin + etoposide	f (smallest outcome index)	2
NCT01439568	carboplatin + etoposide	f (smallest outcome index)	2
NCT01873833	treatment (chemotherapy, lapatinib ditosylate, trastuzumab)	f (smallest outcome index)	2
NCT01798485	ganetespib and docetaxel	e (largest Participants denominator)	4
NCT01798485	ganetespib and docetaxel	f (smallest outcome index)	2
NCT01798485	docetaxel	e (largest Participants denominator)	4
NCT01798485	docetaxel	f (smallest outcome index)	2
NCT01572038	pertuzumab + trastuzumab + taxane	f (smallest outcome index)	2
NCT01278615	treatment (selumetinib)	f (smallest outcome index)	2
NCT01649271	phase ia: afatinib 20mg+trastuzumab 8 mg/kg	f (smallest outcome index)	2
NCT01649271	phase ia: afatinib 30mg+trastuzumab 8 mg/kg	f (smallest outcome index)	2
NCT01728623	lenvatinib (arm 1)	f (smallest outcome index)	4
NCT01728623	lenvatinib (arm 2)	f (smallest outcome index)	4
NCT01728623	lenvatinib (arm 3)	f (smallest outcome index)	4
NCT01670877	part i: neratinib only	e (largest Participants denominator)	3
NCT01670877	part ii: neratinib only (er-)	e (largest Participants denominator)	3
NCT01670877	part ii: neratinib + fulvestrant (er+, fulvestrant-naive)	f (smallest outcome index)	3
NCT01670877	part ii: neratinib + fulvestrant (er+. prior fulvestrant-tx)	e (largest Participants denominator)	3
NCT01670877	crossover: neratinib + trastuzumab	f (smallest outcome index)	3
NCT01670877	crossover: neratinib + fulvestrant + trastuzumab	f (smallest outcome index)	3
NCT01374451	paseriotide lar + everolimus	f (smallest outcome index)	2
NCT01374451	everolimus	f (smallest outcome index)	2
NCT01938001	rituximab + lenalidomide (r^2)	e (largest Participants denominator)	3
NCT01938001	rituximab + lenalidomide (r^2)	f (smallest outcome index)	2
NCT01938001	rituximab + placebo	e (largest Participants denominator)	3
NCT01938001	rituximab + placebo	f (smallest outcome index)	2
NCT01794520	phase 2 expansion: venetoclax 800 mg/dexamethasone 20 or 40 mg	f (smallest outcome index)	2
NCT01597388	35 mg bid continuous	e (largest Participants denominator)	2
NCT01597388	50 mg bid continuous	e (largest Participants denominator)	2
NCT01597388	75 mg qd continuous	e (largest Participants denominator)	2
NCT01597388	100 mg qd continuous	e (largest Participants denominator)	2
NCT01597388	125 mg bid intermittent days 1 and 2 (fasted)	e (largest Participants denominator)	2
NCT01597388	125 mg bid intermittent days 1 and 2 (fed)	e (largest Participants denominator)	2
NCT01597388	170 mg bid intermittent days 1 and 2 (fasted)	f (smallest outcome index)	2
NCT01597388	170 mg bid intermittent days 1 and 2 (fed)	e (largest Participants denominator)	2
NCT01597388	125 mg bid intermittent days 1 and 4 (fasted)	e (largest Participants denominator)	2
NCT01746225	a: nab-paclitaxel 150 mg/m2 days 1,15	f (smallest outcome index)	2
NCT01746225	b: nab-paclitaxel 100 mg/m2 days 1,8,15	f (smallest outcome index)	2
NCT01746225	c: nab-paclitaxel 75 mg/m2 days 1,8,15,22	f (smallest outcome index)	2
NCT01391130	ly2510924 + sunitinib	f (smallest outcome index)	2
NCT01391130	sunitinib	f (smallest outcome index)	2
NCT01721603	dabrafenib + trametinib + gamma knife radiosurgery	f (smallest outcome index)	2
NCT01612546	treatment (cyclodextrin-based polymer-camptothecin crlx101)	f (smallest outcome index)	2
NCT01416389	ly2523355 + pegfilgrastim or filgrastim	f (smallest outcome index)	2
NCT01416389	ixabepilone	f (smallest outcome index)	2
NCT01519323	vemurafenib	f (smallest outcome index)	2
NCT01137604	cohort 1 - bevacizumab	f (smallest outcome index)	3
NCT01137604	cohort 1 - lenvatinib	f (smallest outcome index)	3
NCT01137604	cohort 2 - lenvatinib	f (smallest outcome index)	3
NCT01137604	cohort 3 - lenvatinib	f (smallest outcome index)	3
NCT01709162	ipilimumab, 3 mg/kg	f (smallest outcome index)	2
NCT01709162	chemotherapy	f (smallest outcome index)	2
NCT01677741	part 1 (dose escalation): dabrafenib treatment (3.75 mg/kg)	f (smallest outcome index)	2
NCT01472081	arm s: sun + niv2	f (smallest outcome index)	2
NCT01472081	arm s: sun + niv5	f (smallest outcome index)	2
NCT01472081	arm p: paz + niv2	f (smallest outcome index)	2
NCT01472081	arm i-1: ipi1 + niv3	f (smallest outcome index)	2
NCT01472081	arm i-3: ipi3 + niv1	f (smallest outcome index)	2
NCT01472081	arm in-3: ipi3 + niv3	f (smallest outcome index)	2
NCT01266967	gsk2118436 150 mg: no prior local therapy	e (largest Participants denominator)	2
NCT01266967	gsk2118436 150 mg: prior local therapy	e (largest Participants denominator)	2
NCT01696032	stage 1: guadecitabine+carboplatin 30 mg/m2	f (smallest outcome index)	2
NCT01696032	stage 1: guadecitabine+carboplatin 45 mg/m2	f (smallest outcome index)	2
NCT01696032	stage 2: guadecitabine+carboplatin 30 mg/m2	f (smallest outcome index)	2
NCT01696032	stage 2: treatment choice	f (smallest outcome index)	2
NCT01696032	stage 2: crossover treatment choice to guadecitabine+carboplatin 30 mg/m2	f (smallest outcome index)	2
NCT01563354	pasireotide lar	e (largest Participants denominator)	3
NCT01563354	everolimus	e (largest Participants denominator)	3
NCT01563354	pasireotide lar and everolimus combination	e (largest Participants denominator)	3
NCT01858389	dacomitinib, 45/60 mg, with t790m mutation	f (smallest outcome index)	2
NCT01775930	carfilzomib treatment	e (largest Participants denominator)	2
NCT01589302	treatment (ibrutinib)	f (smallest outcome index)	2
NCT01358721	nivolumab 0.3 mg/kg (previously-treated)	f (smallest outcome index)	4
NCT01358721	nivolumab 2 mg/kg (previously-treated)	f (smallest outcome index)	4
NCT01358721	nivolumab 10 mg/kg (previously-treated)	f (smallest outcome index)	4
NCT01358721	nivolumab 10 mg/kg (treatment-naive)	f (smallest outcome index)	4
NCT01128842	neratinib + capecitabine	f (smallest outcome index)	2
NCT01668784	nivolumab	e (largest Participants denominator)	3
NCT01668784	everolimus	e (largest Participants denominator)	3
NCT01592370	nivolumab monotherapy (expansion)	e (largest Participants denominator)	2
NCT01592370	nivolumab + ipilimumab	e (largest Participants denominator)	2
NCT01592370	nivolumab + lirilumab	e (largest Participants denominator)	2
NCT01905943	g mono: previously untreated fit	f (smallest outcome index)	2
NCT01905943	g mono: previously untreated unfit	f (smallest outcome index)	2
NCT01905943	g mono: relapsed/refractory	f (smallest outcome index)	2
NCT01905943	g-benda: previously untreated fit	f (smallest outcome index)	2
NCT01905943	g-benda: previously untreated unfit	f (smallest outcome index)	2
NCT01905943	g-benda: relapsed/refractory	f (smallest outcome index)	2
NCT01905943	g-fc: previously untreated fit	f (smallest outcome index)	2
NCT01905943	g-fc: previously untreated unfit	f (smallest outcome index)	2
NCT01905943	g-fc: relapsed/refractory	f (smallest outcome index)	2
NCT01905943	g-clb: previously untreated fit	f (smallest outcome index)	2
NCT01905943	g-clb: previously untreated unfit	f (smallest outcome index)	2
NCT01905943	g-clb: relapsed/refractory	f (smallest outcome index)	2
NCT01651039	panobinostat, lenalidomide and dexamethasone	e (largest Participants denominator)	2
NCT01453153	pegph20 1.0 μg/kg	f (smallest outcome index)	2
NCT01453153	pegph20 1.6 μg/kg	f (smallest outcome index)	2
NCT01453153	pegph20 3.0 μg/kg	f (smallest outcome index)	2
NCT01327053	lde225 200mg labcc	e (largest Participants denominator)	2
NCT01327053	lde225 800mg labcc	e (largest Participants denominator)	2
NCT01327053	lde225 200mg mbcc	f (smallest outcome index)	2
NCT01327053	lde225 800mg mbcc	f (smallest outcome index)	2
NCT01833546	evofosfamide 240 mg	f (smallest outcome index)	2
NCT01833546	evofosfamide 340 mg	f (smallest outcome index)	2
NCT01833546	evofosfamide 480 mg	f (smallest outcome index)	2
NCT01833546	evofosfamide 340 mg + gemcitabine	f (smallest outcome index)	2
NCT01030536	chronic lymphocytic leukemia	f (smallest outcome index)	2
NCT01030536	diffuse large b cell lymphoma	f (smallest outcome index)	2
NCT01030536	mantle cell lymphoma	f (smallest outcome index)	2
NCT01030536	follicular lymphoma	f (smallest outcome index)	2
NCT02020577	afatinib 30mg+cetuximab 250 mg/m2	f (smallest outcome index)	3
NCT02020577	afatinib 40mg+cetuximab 250 mg/m2	f (smallest outcome index)	3
NCT02020577	all patients	f (smallest outcome index)	3
NCT03284957	part a: amcenestrant 20 mg	f (smallest outcome index)	2
NCT03284957	part a: amcenestrant 150 mg	f (smallest outcome index)	2
NCT03284957	part a: amcenestrant 200 mg	f (smallest outcome index)	2
NCT03284957	part a: amcenestrant 400 mg	f (smallest outcome index)	2
NCT03284957	part a: amcenestrant 600 mg	f (smallest outcome index)	2
NCT03284957	part a: amcenestrant 300 mg bid	f (smallest outcome index)	2
NCT03284957	part c: amcenestrant 200 mg + palbociclib 125 mg	f (smallest outcome index)	2
NCT03284957	part c: amcenestrant 400 mg + palbociclib 125 mg	f (smallest outcome index)	2
NCT03284957	part d: amcenestrant 200 mg + palbociclib 125 mg	f (smallest outcome index)	2
NCT03284957	part f: amcenestrant 200 mg + alpelisib 300 mg	f (smallest outcome index)	2
NCT03284957	part h: amcenestrant 200 mg + everolimus 5 mg	f (smallest outcome index)	2
NCT03284957	part h: amcenestrant 200 mg + everolimus 10 mg	f (smallest outcome index)	2
NCT03284957	part i: amcenestrant 200 mg + everolimus 10 mg	f (smallest outcome index)	2
NCT03284957	part j: amcenestrant 200 mg + abemaciclib 100 mg bid	f (smallest outcome index)	2
NCT03284957	part j: amcenestrant 200 mg + abemaciclib 150 mg bid	f (smallest outcome index)	2
NCT03284957	part a and b: amcenestrant (dose >20 mg)	f (smallest outcome index)	2
NCT03284957	parts c and d: amcenestrant 200 mg + palbociclib 125 mg	f (smallest outcome index)	2
NCT02246127	sequence a, drug: everolimus first	e (largest Participants denominator)	4
NCT02246127	sequence a, drug: everolimus first	f (smallest outcome index)	2
NCT02246127	sequence b, drug: stz - 5fu first	e (largest Participants denominator)	4
NCT02246127	sequence b, drug: stz - 5fu first	f (smallest outcome index)	2
NCT02566993	lurbinectedin/doxorubicin	e (largest Participants denominator)	3
NCT02566993	topotecan or cyclophosphamide/doxorubicin/vincristine	e (largest Participants denominator)	3
NCT02347917	nsclc: bbi608 + pem + cddp (phase 1 part)	f (smallest outcome index)	2
NCT02347917	mpm: bbi608 + pem +cddp (phase 1 part)	f (smallest outcome index)	2
NCT02347917	mpm or nsclc: bbi608 + pem + cddp (phase 1 part)	f (smallest outcome index)	2
NCT02347917	mpm: bbi608 + pem + cddp (phase 2 part)	f (smallest outcome index)	2
NCT02732119	cohort a	f (smallest outcome index)	2
NCT02732119	cohort b	f (smallest outcome index)	2
NCT02732119	cohort c	f (smallest outcome index)	2
NCT02761694	part 1: vevorisertib 5 mg qd	f (smallest outcome index)	3
NCT02761694	part 1: vevorisertib 10 mg qd	f (smallest outcome index)	3
NCT02761694	part 1: vevorisertib 20 mg qd	f (smallest outcome index)	3
NCT02761694	part 1: vevorisertib 25 mg qd	f (smallest outcome index)	3
NCT02761694	part 1: vevorisertib 25 mg qod	f (smallest outcome index)	3
NCT02761694	part 1: vevorisertib 50 mg qd	f (smallest outcome index)	3
NCT02761694	part 1: vevorisertib 75 mg qd	f (smallest outcome index)	3
NCT02761694	part 1: vevorisertib 100 mg qd	f (smallest outcome index)	3
NCT02761694	part 2: vevorisertib 50 mg qd plus paclitaxel	f (smallest outcome index)	3
NCT02761694	part 2: vevorisertib 75 mg qd plus paclitaxel	f (smallest outcome index)	3
NCT02761694	part 2: vevorisertib 50 mg qd plus fulvestrant	f (smallest outcome index)	3
NCT02761694	part 2: vevorisertib 75 mg qd plus fulvestrant	f (smallest outcome index)	3
NCT02982954	cohort 1	f (smallest outcome index)	2
NCT02982954	cohort 2	f (smallest outcome index)	2
NCT02982954	cohort 3	f (smallest outcome index)	2
NCT02982954	cohort 4	f (smallest outcome index)	2
NCT02768701	experimental: single arm	f (smallest outcome index)	2
NCT03093155	ixabepilone	f (smallest outcome index)	2
NCT03093155	ixabepilone + bevacizumab	f (smallest outcome index)	2
NCT02255110	th-302 and doxorubicin	f (smallest outcome index)	2
NCT02759835	tyrosine kinase inhibitor naïve epidermal growth factor receptor *mutated non small cell lung cancer	f (smallest outcome index)	2
NCT02759835	egfr mutated nsclc progressed on prior 1st/2nd generation egfr tki therapy &acquired t790m mutation	f (smallest outcome index)	2
NCT02759835	epidermal growth factor receptor mutated non small cell lung cancer progressed on osimertinib	f (smallest outcome index)	2
NCT02759835	all participants in cohorts 1, 2, and 3	f (smallest outcome index)	2
NCT02578641	chemo + ebv-ctl	f (smallest outcome index)	3
NCT02578641	chemo only	f (smallest outcome index)	3
NCT02242942	obinutuzumab + chlorambucil	f (smallest outcome index)	2
NCT02242942	obinutuzumab + venetoclax	f (smallest outcome index)	2
NCT01937715	pf-05212384+5-fu+irinotecan+leucovorin:dose level 1	e (largest Participants denominator)	2
NCT01937715	pf-05212384+5-fu+irinotecan+leucovorin:dose level 2a	e (largest Participants denominator)	2
NCT01937715	pf-05212384+5-fu+irinotecan+leucovorin:dose level 2b	e (largest Participants denominator)	2
NCT01937715	pf-05212384+5-fu+irinotecan+leucovorin:dose level 3	e (largest Participants denominator)	2
NCT01937715	pf-05212384+5-fu+irinotecan+leucovorin:dose level 4	e (largest Participants denominator)	2
NCT02460224	phase 1: lag525 1 mg/kg q2w	f (smallest outcome index)	4
NCT02460224	phase 1: lag525 3 mg/kg q2w	f (smallest outcome index)	4
NCT02460224	phase 1: lag525 5 mg/kg q2w	f (smallest outcome index)	4
NCT02460224	phase 1: lag525 10 mg/kg q2w	f (smallest outcome index)	4
NCT02460224	phase 1: lag525 15 mg/kg q2w	f (smallest outcome index)	4
NCT02460224	phase 1: lag525 240 mg q2w	f (smallest outcome index)	4
NCT02460224	phase 1: lag525 400 mg q2w	f (smallest outcome index)	4
NCT02460224	phase 1: lag525 3 mg/kg q4w	f (smallest outcome index)	4
NCT02460224	phase 1: lag525 5 mg/kg q4w	f (smallest outcome index)	4
NCT02460224	phase 1: lag525 10 mg/kg q4w	f (smallest outcome index)	4
NCT02460224	phase 1: lag525 400 mg q4w	f (smallest outcome index)	4
NCT02460224	phase 1: lag525 0.3 mg/kg q2w + pdr001 1 mg/kg q2w	f (smallest outcome index)	4
NCT02460224	phase 1: lag525 1 mg/kg q2w + pdr001 1 mg/kg q2w	f (smallest outcome index)	4
NCT02460224	phase 1: lag525 80 mg q2w + pdr001 80 mg q2w	f (smallest outcome index)	4
NCT02460224	phase 1: lag525 80 mg q2w + pdr001 240 mg q2w	f (smallest outcome index)	4
NCT02460224	phase 1: lag525 240 mg q2w + pdr001 240 mg q2w	f (smallest outcome index)	4
NCT02460224	phase 1: lag525 240 mg q3w + pdr001 300 mg q3w	f (smallest outcome index)	4
NCT02460224	phase 1: lag525 400 mg q3w + pdr001 300 mg q3w	f (smallest outcome index)	4
NCT02460224	phase 1: lag525 600 mg q3w + pdr001 300 mg q3w	f (smallest outcome index)	4
NCT02460224	phase 1: lag525 80 mg q4w + pdr001 240 mg q4w	f (smallest outcome index)	4
NCT02460224	phase 1: lag525 400 mg q4w + pdr001 400 mg q4w	f (smallest outcome index)	4
NCT02460224	phase 1: lag525 800 mg q4w + pdr001 400 mg q4w	f (smallest outcome index)	4
NCT02460224	phase 1: lag525 1000 mg q4w + pdr001 400 mg q4w	f (smallest outcome index)	4
NCT02460224	phase 1: lag525 80 mg q2w + pdr001 400 mg q4w	f (smallest outcome index)	4
NCT02460224	phase 1: lag525 240 mg q2w + pdr001 400 mg q4w	f (smallest outcome index)	4
NCT02460224	phase 1: lag525 300 mg q2w + pdr001 400 mg q4w	f (smallest outcome index)	4
NCT02923531	x4p-001 plus nivolumab	f (smallest outcome index)	4
NCT02783599	olaratumab + doxorubicin	f (smallest outcome index)	2
NCT03042611	rivoceranib plus best supportive care (bsc)	f (smallest outcome index)	2
NCT03042611	placebo plus bsc	f (smallest outcome index)	2
NCT02519348	part 1: tremelimumab 1 mg/kg + durvalumab 20 mg/kg	f (smallest outcome index)	2
NCT02519348	parts 2 and 3: durvalumab 1500 mg	f (smallest outcome index)	2
NCT02519348	parts 2 and 3: tremelimumab 300 mg + durvalumab 1500 mg	f (smallest outcome index)	2
NCT02519348	parts 2 and 3: tremelimumab 750 mg	f (smallest outcome index)	2
NCT02519348	parts 2 and 3: tremelimumab 75 mg + durvalumab 1500 mg	f (smallest outcome index)	2
NCT02519348	part 4: durvalumab 1120 mg + bevacizumab 15 mg/kg	f (smallest outcome index)	2
NCT02519348	china cohort: durvalumab 20 mg/kg	f (smallest outcome index)	2
NCT02519348	china cohort: tremelimumab 10 mg/kg	f (smallest outcome index)	2
NCT02519348	china cohort: tremelimumab 1 mg/kg + durvalumab 20 mg/kg	f (smallest outcome index)	2
NCT02562378	cohort 1, trastuzumab + doxorubicin (45 mg/m2)	f (smallest outcome index)	2
NCT02562378	cohort 2, trastuzumab + doxorubicin (50 mg/m2)	f (smallest outcome index)	2
NCT02562378	cohort 3, trastuzumab + doxorubicin (60 mg/m2)	f (smallest outcome index)	2
NCT02151981	osimertinib 80mg	f (smallest outcome index)	2
NCT02151981	chemotherapy	f (smallest outcome index)	2
NCT02401815	part 2b: cgt9486 500 mg qd + pexidartinib 600 mg (fasting)	f (smallest outcome index)	2
NCT02401815	part 2b: cgt9486 500 mg qd + pexidartinib 600 mg (non-fasting)	f (smallest outcome index)	2
NCT02401815	part 2e: cgt9486 500 mg qd + sunitinib 25 mg	f (smallest outcome index)	2
NCT02401815	part 2e: cgt9486 1000 mg qd + sunitinib 25 mg	f (smallest outcome index)	2
NCT02401815	part 2e: cgt9486 1000 mg qd + sunitinib 37.5 mg	f (smallest outcome index)	2
NCT02920008	guadecitabine	f (smallest outcome index)	2
NCT02920008	treatment choice (tc)	f (smallest outcome index)	2
NCT02406742	arm a	f (smallest outcome index)	2
NCT02406742	arm b	f (smallest outcome index)	2
NCT02406742	arm c	f (smallest outcome index)	2
NCT02014441	talimogene laherparepvec	f (smallest outcome index)	3
NCT02660034	part b: dose expansion phase - arm 1a	f (smallest outcome index)	3
NCT02660034	part b: dose expansion phase - arm 1b	f (smallest outcome index)	3
NCT02660034	part b: dose expansion phase - arm 2	f (smallest outcome index)	3
NCT02660034	part b: dose expansion phase - arm 3	f (smallest outcome index)	3
NCT02660034	part b: dose expansion phase - arm 4	f (smallest outcome index)	3
NCT02660034	part b: dose expansion phase - arm 5	f (smallest outcome index)	3
NCT02660034	part b: dose expansion phase - arm 6	f (smallest outcome index)	3
NCT02660034	part b: dose expansion phase - arm 7	f (smallest outcome index)	3
NCT02660034	part b: dose expansion phase - arm 8	f (smallest outcome index)	3
NCT02290431	lbh589 + bortezomib + dexamethasone	f (smallest outcome index)	2
NCT02395172	avelumab	e (largest Participants denominator)	2
NCT02395172	docetaxel	e (largest Participants denominator)	2
NCT02723955	part 1a: feladilimab (fela) 0.001 milligram/kilogram (mg/kg)	e (largest Participants denominator)	2
NCT02723955	part 1a: fela 0.003 mg/kg	e (largest Participants denominator)	2
NCT02723955	part 1a: fela 0.010 mg/kg	e (largest Participants denominator)	2
NCT02723955	part 1a: fela 0.030 mg/kg	e (largest Participants denominator)	2
NCT02723955	part 1a: fela 0.100 mg/kg	e (largest Participants denominator)	2
NCT02723955	part 1a: fela 0.300 mg/kg	e (largest Participants denominator)	2
NCT02723955	part 1a: fela 1.000 mg/kg	e (largest Participants denominator)	2
NCT02723955	part 1a: fela 3.000 mg/kg	e (largest Participants denominator)	2
NCT02723955	part 1a: fela 10.000 mg/kg	e (largest Participants denominator)	2
NCT02723955	part 1b: fela 0.300 mg/kg	e (largest Participants denominator)	2
NCT02723955	part 1b: fela 1.000 mg/kg	e (largest Participants denominator)	2
NCT02723955	part 1b: fela 24 mg	e (largest Participants denominator)	2
NCT02723955	part 2b: fela 0.100 mg/kg + pembro 200 mg	e (largest Participants denominator)	2
NCT02723955	part 2b: fela 0.300 mg/kg + pembro 200 mg	e (largest Participants denominator)	2
NCT02723955	part 2b: fela 1.000 mg/kg + pembro 200 mg	e (largest Participants denominator)	2
NCT02723955	part 2b: fela 3.000 mg/kg + pembro 200 mg	e (largest Participants denominator)	2
NCT02723955	part 2b: fela 24 mg + pembro 200 mg	e (largest Participants denominator)	2
NCT02723955	part 2b: fela 48 mg + pembro 400 mg	e (largest Participants denominator)	2
NCT02723955	part 2b: fela 160 mg + pembro 400 mg	e (largest Participants denominator)	2
NCT02723955	part 2b: fela 80 mg + pembro 200 mg	e (largest Participants denominator)	2
NCT02275910	part 2: e7090 140 mg with gastric cancer	f (smallest outcome index)	2
NCT02275910	part 2: e7090 140 mg with cholangiocarcinoma	f (smallest outcome index)	2
NCT02357810	treatment (pazopanib hydrochloride, topotecan hydrochloride)	f (smallest outcome index)	2
NCT02383966	cetuximab + cisplatin/carboplatin + 5-fluorouracil	f (smallest outcome index)	2
NCT02383966	cisplatin/carboplatin + 5-flurouracil	f (smallest outcome index)	2
NCT03138499	nivolumab + brentuximab vedotin (bv)	f (smallest outcome index)	2
NCT03138499	brentuximab vedotin (bv)	f (smallest outcome index)	2
NCT02719574	phase 2: cohort 4; ft-2102 + azacitidine (combination therapy)	e (largest Participants denominator)	2
NCT02719574	phase 2: cohort 5; ft-2102 + azacitidine (combination therapy)	e (largest Participants denominator)	2
NCT03126110	phase 1 group a: incagn01876 1.0 mg/kg q2w + nivolumab 240 mg q2w	f (smallest outcome index)	3
NCT03126110	phase 1 group a: incagn01876 3.0 mg/kg q2w + nivolumab 240 mg q2w	f (smallest outcome index)	3
NCT03126110	phase 1 group a: incagn01876 5.0 mg/kg q2w + nivolumab 240 mg q2w	f (smallest outcome index)	3
NCT03126110	phase 1 group a: incagn01876 10.0 mg/kg q2w + nivolumab 240 mg q2w	f (smallest outcome index)	3
NCT03126110	phase 1 group b: incagn01876 1.0 mg/kg q2w, then nivolumab 240 mg q2w	f (smallest outcome index)	3
NCT03126110	phase 1 group b: incagn01876 3.0 mg/kg q2w, then nivolumab 240 mg q2w	f (smallest outcome index)	3
NCT03126110	phase 1 group b: incagn01876 5.0 mg/kg q2w, then nivolumab 240 mg q2w	f (smallest outcome index)	3
NCT03126110	phase 1 group c: incagn01876 1.0 mg/kg q2w + ipilimumab 1 mg/kg q6w	f (smallest outcome index)	3
NCT03126110	phase 1 group c: incagn01876 3.0 mg/kg q2w + ipilimumab 1 mg/kg q6w	f (smallest outcome index)	3
NCT03126110	phase 1 group c: incagn01876 5.0 mg/kg q2w + ipilimumab 1 mg/kg q6w	f (smallest outcome index)	3
NCT03126110	phase 1 group d: incagn01876 + nivolumab + ipilimumab	f (smallest outcome index)	2
NCT02875223	part a 1.25 mg	f (smallest outcome index)	2
NCT02875223	part a 2.5 mg	f (smallest outcome index)	2
NCT02875223	part a 5 mg	f (smallest outcome index)	2
NCT02875223	part a 10 mg	f (smallest outcome index)	2
NCT02875223	part a 20 mg	f (smallest outcome index)	2
NCT02875223	part a 40 mg	f (smallest outcome index)	2
NCT02875223	part a 60 mg	f (smallest outcome index)	2
NCT02875223	part a 80 mg	f (smallest outcome index)	2
NCT02875223	part a 120 mg	f (smallest outcome index)	2
NCT02875223	part b - lung nets - 60 mg	f (smallest outcome index)	2
NCT02875223	part b - nepc - 60 mg	f (smallest outcome index)	2
NCT02875223	part b - mzl - 60 mg	f (smallest outcome index)	2
NCT02875223	part b - japanese cohort - 60 mg	f (smallest outcome index)	2
NCT02082977	part 1:gsk2816126 800 mg twice-weekly	e (largest Participants denominator)	2
NCT02082977	part 1:gsk2816126 1200 mg twice-weekly	f (smallest outcome index)	2
NCT02082977	part 1:gsk2816126 1800 mg twice-weekly	f (smallest outcome index)	2
NCT02082977	part 1:gsk2816126 2400 mg twice-weekly	e (largest Participants denominator)	2
NCT02082977	part 1:gsk2816126 3000 mg twice-weekly	e (largest Participants denominator)	2
NCT02481050	eribulin mesylate 1.4 mg/m^2	f (smallest outcome index)	2
NCT02599324	cohort 1 (rcc): ibrutinib 560 mg + everolimus	f (smallest outcome index)	2
NCT02599324	cohort 1 (rcc): ibrutinib 840 mg + everolimus	e (largest Participants denominator)	3
NCT02599324	cohort 2 (uc): ibrutinib 560 mg + paclitaxel	f (smallest outcome index)	2
NCT02599324	cohort 2 (uc): ibrutinib 840 mg + paclitaxel	e (largest Participants denominator)	3
NCT02599324	cohort 4 (crc): ibrutinib 560 mg + cetuximab	f (smallest outcome index)	2
NCT02928224	combined safety lead-in	f (smallest outcome index)	2
NCT02928224	phase 3: doublet arm	f (smallest outcome index)	2
NCT02489903	rrx-001 + platinum doublet (a01-09)	f (smallest outcome index)	2
NCT02489903	rrx-001 + platinum + rrx-001 (a10)	f (smallest outcome index)	2
NCT02489903	investigator's choice (a10)	f (smallest outcome index)	2
NCT03001882	part 1: pd-l1- status	f (smallest outcome index)	3
NCT03001882	part 1: not evaluable/indeterminate pd-l1 status	f (smallest outcome index)	3
NCT03001882	part 2: pd-l1- status	e (largest Participants denominator)	3
NCT03001882	part 2: pd-l1- status	f (smallest outcome index)	2
NCT03001882	part 1: pd-l1+ status	f (smallest outcome index)	2
NCT03001882	part 2: pd-l1 + status	e (largest Participants denominator)	2
NCT03001882	part 1	e (largest Participants denominator)	3
NCT03001882	part 1	f (smallest outcome index)	2
NCT03001882	part 2	e (largest Participants denominator)	3
NCT03001882	part 2	f (smallest outcome index)	2
NCT02404441	1mg/kg q2w	f (smallest outcome index)	4
NCT02404441	3mg/kg q2w	f (smallest outcome index)	4
NCT02404441	10mg/kg q2w	f (smallest outcome index)	4
NCT02404441	all phase i q2w	f (smallest outcome index)	4
NCT02404441	3mg/kg q4w	f (smallest outcome index)	4
NCT02404441	5mg/kg q4w	f (smallest outcome index)	4
NCT02404441	all phase i q4w	f (smallest outcome index)	4
NCT02404441	all phase i patients	f (smallest outcome index)	4
NCT02247349	bms 70mg	f (smallest outcome index)	2
NCT02247349	bms 160mg	f (smallest outcome index)	2
NCT02247349	bms 400mg	f (smallest outcome index)	2
NCT02247349	bms 1000mg	f (smallest outcome index)	2
NCT02247349	bms 400mg + nivo 360mg	f (smallest outcome index)	2
NCT02247349	bms 1000mg + nivo 360mg	f (smallest outcome index)	2
NCT02651987	pannet cohort	f (smallest outcome index)	3
NCT02651987	midgut net cohort	f (smallest outcome index)	3
NCT02551991	dose exploration: cohort 1	f (smallest outcome index)	2
NCT02551991	dose exploration: cohort -1	f (smallest outcome index)	2
NCT02551991	dose exploration: cohort -2b	f (smallest outcome index)	2
NCT02551991	dose exploration: cohort -3	f (smallest outcome index)	2
NCT02551991	dose expansion: cohort -1	f (smallest outcome index)	2
NCT02551991	cohort -1: pooled	f (smallest outcome index)	2
NCT02600897	dose-escalation phase: 1.4 mg pola + 20 mg l + 1000 mg g in fl	f (smallest outcome index)	2
NCT02600897	dose-escalation phase: 1.8 mg pola + 20 mg l + 375 mg r in dlbcl	e (largest Participants denominator)	2
NCT02600897	expansion phase: 1.4 mg pola + 20 mg l + 1000 mg g in fl	e (largest Participants denominator)	2
NCT02600897	expansion phase: 1.8 mg pola + 20 mg l + 375 mg r in dlbcl	e (largest Participants denominator)	2
NCT02509507	part 1: monotherapy group a	f (smallest outcome index)	4
NCT02509507	part 1: monotherapy group b	f (smallest outcome index)	4
NCT02509507	part 1: combination therapy group a	f (smallest outcome index)	4
NCT02509507	part 1: combination therapy group b	f (smallest outcome index)	4
NCT02134015	placebo + erlotinib	e (largest Participants denominator)	2
NCT02134015	patritumab + erlotinib	e (largest Participants denominator)	2
NCT02733042	part 1, arm a: dur 1500 mg + len 20 mg	f (smallest outcome index)	2
NCT02733042	part 1, arm a: dur 1500 mg + len 20 mg + rit 375 mg/m2	f (smallest outcome index)	2
NCT02733042	part 1, arm a: dur 1500 mg + len 10 mg + rit 375 mg/m2	f (smallest outcome index)	2
NCT02733042	part 1, arm b: dur 1500 mg + ibr 420 mg	f (smallest outcome index)	2
NCT02733042	part 1, arm b: dur 1500 mg + ibr 560 mg	f (smallest outcome index)	2
NCT02733042	part 1, arm c: dur 1500 mg + rit 375 mg/m2	f (smallest outcome index)	2
NCT02733042	part 1, arm c: dur 1500 mg + ben 70 mg/m2	f (smallest outcome index)	2
NCT02733042	part 1, arm c: dur 1500 mg + rit 375 mg/m2 + ben 70 mg/m2	f (smallest outcome index)	2
NCT02733042	part 1, arm c: dur 1500 mg + rit 375 mg/m2 + ben 90 mg/m2	f (smallest outcome index)	2
NCT02733042	part 2, arm b cll/sll: dur 1500 mg + ibr 420 mg	f (smallest outcome index)	2
NCT02733042	part 2, arm b mcl: dur 1500 mg + ibr 560 mg	f (smallest outcome index)	2
NCT02733042	part 2, arm c fl: dur 1500 mg + rit 375 mg/m2 + ben 70 mg/m2	f (smallest outcome index)	2
NCT02733042	part 2 arm c dlbcl: dur 1500 mg + rit 375 mg/m2 + ben 70 mg/m2	f (smallest outcome index)	2
NCT02733042	part 2, arm c cll/sll: dur 1500 mg + rit 375 mg/m2 + ben 70 mg/m2	f (smallest outcome index)	2
NCT02733042	part 2, arm d fl: dur 1500 mg	f (smallest outcome index)	2
NCT02733042	part 2, arm d dlbcl: dur 1500 mg	f (smallest outcome index)	2
NCT02733042	part 2, arm d cll/sll: dur 1500 mg	f (smallest outcome index)	2
NCT02733042	part 2, arm d mcl: dur 1500 mg	f (smallest outcome index)	2
NCT02733042	part 2, arm d hl: dur 1500 mg	f (smallest outcome index)	2
NCT02762981	segment i: continuous dosing regimens	f (smallest outcome index)	2
NCT02762981	segment ii: intermittent dosing regimens	f (smallest outcome index)	2
NCT02124772	part a - tmt 0.0125 mg/kg/day	f (smallest outcome index)	2
NCT02124772	part a - tmt 0.025 mg/kg/day	f (smallest outcome index)	2
NCT02124772	part a - tmt 0.032 mg/kg/day	f (smallest outcome index)	2
NCT02124772	part a - tmt 0.04 mg/kg/day	f (smallest outcome index)	2
NCT02124772	part b - neuroblastoma	f (smallest outcome index)	2
NCT02124772	part b - lgg fusion	f (smallest outcome index)	2
NCT02124772	part b - nf-1 with pn	f (smallest outcome index)	2
NCT02124772	part b - braf v600 mutant solid tumor	f (smallest outcome index)	2
NCT02124772	part c - tmt 0.025 mg/kg/day + 50% drb rp2d	f (smallest outcome index)	2
NCT02124772	part c - tmt 0.025 mg/kg/day + 100% drb rp2d	f (smallest outcome index)	2
NCT02124772	part c - tmt 0.032 mg/kg/day + 100% drb rp2d	f (smallest outcome index)	2
NCT02124772	part d - lgg	f (smallest outcome index)	2
NCT02124772	part d - lch	f (smallest outcome index)	2
NCT03312738	everolimus + exemestane	f (smallest outcome index)	2
NCT03312738	placebo + exemestane	f (smallest outcome index)	2
NCT02540291	e7046 125 mg	f (smallest outcome index)	2
NCT02540291	e7046 250 mg	f (smallest outcome index)	2
NCT02540291	e7046 500 mg	f (smallest outcome index)	2
NCT02540291	e7046 750 mg	f (smallest outcome index)	2
NCT03126591	15 mg/kg olaratumab + 200 mg pembrolizumab - dose escalation	f (smallest outcome index)	2
NCT03126591	20 mg/kg olaratumab + 200 mg pembrolizumab - dose escalation	f (smallest outcome index)	2
NCT03126591	20 mg/kg olaratumab + 200 mg pembrolizumab - dose expansion	f (smallest outcome index)	2
NCT02667886	x4p-001 200 mg bid with axitinib	e (largest Participants denominator)	4
NCT02667886	x4p-001 200 mg bid with axitinib	f (smallest outcome index)	3
NCT02667886	x4p-001 400 mg qd with axitinib	e (largest Participants denominator)	4
NCT02667886	x4p-001 400 mg qd with axitinib	f (smallest outcome index)	3
NCT02939183	oprozomib ir 150 mg/day + dexamethsone	f (smallest outcome index)	2
NCT02939183	oprozomib gr 150 mg/day + dexamethasone	f (smallest outcome index)	2
NCT02939183	oprozomib ir 150 mg/day + pomalidomide + dexamethasone	f (smallest outcome index)	2
NCT02939183	oprozomib gr 150 mg/day + pomalidomide + dexamethasone	f (smallest outcome index)	2
NCT02939183	oprozomib ir 200 mg/day + pomalidomide + dexamethasone	f (smallest outcome index)	2
NCT02939183	oprozomib gr 200 mg/day + pomalidomide + dexamethasone	f (smallest outcome index)	2
NCT02939183	oprozomib ir 225 mg/day + pomalidomide + dexamethasone	f (smallest outcome index)	2
NCT02939183	oprozomib ir 250 mg/day + pomalidomide + dexamethasone	f (smallest outcome index)	2
NCT02789345	arm a/cohort a: ramucirumab + osimertinib	f (smallest outcome index)	2
NCT02941926	ribociclib + letrozole + goserelin/leuprolide	f (smallest outcome index)	2
NCT02108964	egf816 75 mg (phase i part)	f (smallest outcome index)	2
NCT02108964	egf816 100 mg (phase i part)	f (smallest outcome index)	2
NCT02108964	egf816 150 mg (phase i part)	f (smallest outcome index)	2
NCT02108964	egf816 200 mg (phase i part)	f (smallest outcome index)	2
NCT02108964	egf816 225 mg (phase i part)	f (smallest outcome index)	2
NCT02108964	egf816 300 mg (phase i part)	f (smallest outcome index)	2
NCT02108964	egf816 350 mg (phase i part)	f (smallest outcome index)	2
NCT02319044	total	f (smallest outcome index)	2
NCT02625610	chemotherapy + best supportive care (bsc)	f (smallest outcome index)	2
NCT02625610	avelumab	f (smallest outcome index)	2
NCT02323126	nivolumab and egf816	f (smallest outcome index)	2
NCT02323126	nivolumab and inc280, high cmet	f (smallest outcome index)	2
NCT02323126	nivolumab and inc280, low cmet	f (smallest outcome index)	2
NCT02886585	neoplastic meningitis-cohort c	f (smallest outcome index)	2
NCT03085225	dose escalation (trabectedin dose level 1,0 mg/m2)	f (smallest outcome index)	2
NCT03085225	dose escalation (trabectedin dose level 1,2 mg/m2)	f (smallest outcome index)	2
NCT03222856	pembrolizumab + eribulin	e (largest Participants denominator)	2
NCT03125200	part 1: dose 30μg/kg	f (smallest outcome index)	2
NCT03125200	part 1: dose 60μg/kg	f (smallest outcome index)	2
NCT03125200	part 1: dose 120μg/kg	f (smallest outcome index)	2
NCT03125200	part 1: dose 150μg/kg	f (smallest outcome index)	2
NCT03125200	part 1: dose 180μg/kg	f (smallest outcome index)	2
NCT03125200	part 1: dose 210μg/kg	f (smallest outcome index)	2
NCT03125200	part 1: dose 240μg/kg	f (smallest outcome index)	2
NCT03215706	treatment a	e (largest Participants denominator)	2
NCT03215706	treatment b	e (largest Participants denominator)	2
NCT02992743	reduced lymphodepletion dose plus gsk3377794	f (smallest outcome index)	2
NCT02992743	standard lymphodepletion dose plus gsk3377794	f (smallest outcome index)	2
NCT03279237	folfirinox + pre-operative radiation	f (smallest outcome index)	2
NCT02712905	group a: incb059872 monotherapy; 2 mg qod	e (largest Participants denominator)	2
NCT02712905	group a: incb059872 monotherapy; 2 mg qd	e (largest Participants denominator)	2
NCT02712905	group a: incb059872 monotherapy; 3 mg qod	f (smallest outcome index)	2
NCT02712905	group a: incb059872 monotherapy; 3 mg qd	e (largest Participants denominator)	2
NCT02712905	group a: incb059872 monotherapy; 4 mg qd	e (largest Participants denominator)	2
NCT02712905	group a: incb059872 monotherapy; 5 mg qd	e (largest Participants denominator)	2
NCT02712905	group b: incb059872 monotherapy; 1 mg qd	f (smallest outcome index)	2
NCT02712905	group b: incb059872 monotherapy; 2 mg qod	f (smallest outcome index)	2
NCT02712905	group b: incb059872 monotherapy; 2 mg qd	f (smallest outcome index)	2
NCT02712905	group b: incb059872 monotherapy; 3 mg qod	f (smallest outcome index)	2
NCT02712905	group b: incb059872 monotherapy; 3 mg qd	f (smallest outcome index)	2
NCT02712905	group b: incb059872 monotherapy; 4 mg qod	f (smallest outcome index)	2
NCT02712905	group c: combination therapy; incb059872 2 mg qd + atra	e (largest Participants denominator)	2
NCT02712905	group c: combination therapy; incb059872 3 mg qd + atra	e (largest Participants denominator)	2
NCT02712905	group c: combination therapy; incb059872 4 mg qd + atra	e (largest Participants denominator)	2
NCT02712905	group d: combination therapy; incb059872 2 mg qd + azacitidine	e (largest Participants denominator)	2
NCT02712905	group d: combination therapy; incb059872 3 mg qd + azacitidine	e (largest Participants denominator)	2
NCT02712905	group e: combination therapy; incb059872 3 mg qod + nivolumab	f (smallest outcome index)	2
NCT02675231	150 mg abemaciclib + 8 mg/kg trastuzumab + 500 mg fulvestrant	f (smallest outcome index)	3
NCT02675231	150 mg abemaciclib + 8 mg/kg trastuzumab	f (smallest outcome index)	3
NCT02675231	8 mg/kg trastuzumab + standard of care chemotherapy	f (smallest outcome index)	3
NCT02756364	arm a: fulvestrant 500 mg	f (smallest outcome index)	2
NCT02756364	arm b: fulvestrant 500 mg + sapanisertib 4 mg qd	f (smallest outcome index)	2
NCT02756364	arm c: fulvestrant 500 mg + sapanisertib 30 mg qw	f (smallest outcome index)	2
NCT02335944	phase ib part- inc280 200mg bid/ egf816 50mg qd	f (smallest outcome index)	2
NCT02335944	phase ib part- inc280 200mg bid/ egf816 100mg qd	f (smallest outcome index)	2
NCT02335944	phase ib part- inc280 400mg bid/ egf816 75mg qd	f (smallest outcome index)	2
NCT02335944	phase ib part- inc280 400mg bid/ egf816 100mg qd	f (smallest outcome index)	2
NCT02335944	phase ib part- inc280 400mg bid/ egf816 150mg qd	f (smallest outcome index)	2
NCT02335944	phase ii- group 4 (egfrmut, any t790m, any met, 1/3l antineoplastic)	f (smallest outcome index)	2
NCT02807844	ph ii: mcs110 7.5 mg/kg q3w + pdr001 300 mg q3w - tnbc	f (smallest outcome index)	2
NCT02807844	ph ii: mcs110 7.5 mg/kg q3w + pdr001 300 mg q3w - pc	f (smallest outcome index)	2
NCT02807844	ph ii: mcs110 7.5 mg/kg q3w + pdr001 300 mg q3w - ec	f (smallest outcome index)	2
NCT02807844	ph ii: mcs110 7.5 mg/kg q3w + pdr001 300 mg q3w - me	f (smallest outcome index)	2
NCT02807844	ph ib: mcs110 1 mg/kg q3w + pdr001 100 mg q3w	f (smallest outcome index)	3
NCT02807844	ph ib: mcs110 3 mg/kg q3w + pdr001 100 mg q3w	f (smallest outcome index)	3
NCT02807844	ph ib: mcs110 3 mg/kg q3w + pdr001 300 mg q3w	f (smallest outcome index)	3
NCT02807844	ph ib: mcs110 5 mg/kg q3w + pdr001 300 mg q3w	f (smallest outcome index)	3
NCT02807844	ph ib: mcs110 7.5 mg/kg q3w + pdr001 300 mg q3w	f (smallest outcome index)	3
NCT02807844	ph ib: mcs110 10 mg/kg q3w + pdr001 300 mg q3w	f (smallest outcome index)	3
NCT02658084	phase 2: t-dm1 + rp2d vinorelbine	f (smallest outcome index)	2
NCT02839707	arm i (pld, atezolizumab)	e (largest Participants denominator)	2
NCT02839707	arm ii (pld, bevacizumab, atezolizumab)	e (largest Participants denominator)	2
NCT02839707	arm iii (pld, bevacizumab)	e (largest Participants denominator)	2
NCT03098030	part 2: dinutuximab + irinotecan	f (smallest outcome index)	2
NCT03098030	part 2: irinotecan	f (smallest outcome index)	2
NCT03098030	part 2: topotecan	f (smallest outcome index)	2
NCT02631577	atezolizumab-g-lena 15mg	f (smallest outcome index)	2
NCT02631577	atezolizumab-g-lena 20mg	f (smallest outcome index)	2
NCT02626000	talimogene laherparepvec + pembrolizumab	f (smallest outcome index)	3
NCT02458638	atezolizumab	f (smallest outcome index)	3
NCT02341456	cohort 1	f (smallest outcome index)	2
NCT02341456	cohort 1a	f (smallest outcome index)	2
NCT02341456	cohort 2	f (smallest outcome index)	2
NCT02516553	phase ib - schedule b: 2 or 2.5 mg bi 894999 (sclc patients)	f (smallest outcome index)	2
NCT02516553	phase ib - schedule b: 2.5 mg bi 894999 (crc patients)	f (smallest outcome index)	2
NCT02516553	phase ib - schedule b: 2 or 2.5 mg bi 894999 (mcrpc patients)	f (smallest outcome index)	2
NCT02516553	phase ib - schedule b: 2.5 mg bi 894999 (nc patients)	f (smallest outcome index)	2
NCT02516553	phase ib - schedule c: 6/3 or 7/3.5 mg bi 894999 (nc patients)	f (smallest outcome index)	2
NCT03138538	m8891 7 mg	f (smallest outcome index)	2
NCT03138538	m8891 12 mg	f (smallest outcome index)	2
NCT03138538	m8891 20 mg	f (smallest outcome index)	2
NCT03138538	m8891 35 mg	f (smallest outcome index)	2
NCT03138538	m8891 60 mg	f (smallest outcome index)	2
NCT03138538	m8891 80 mg	f (smallest outcome index)	2
NCT02454478	lenvatinib 18 mg + everolimus 5 mg	f (smallest outcome index)	3
NCT02899299	treatment a	f (smallest outcome index)	2
NCT02899299	treatment b	f (smallest outcome index)	2
NCT02528357	part 1: gsk3174998 0.003 mg/kg	f (smallest outcome index)	2
NCT02528357	part 1: gsk3174998 0.01 mg/kg	f (smallest outcome index)	2
NCT02528357	part 1: gsk3174998 0.03 mg/kg	f (smallest outcome index)	2
NCT02528357	part 1: gsk3174998 0.1 mg/kg	f (smallest outcome index)	2
NCT02528357	part 1: gsk3174998 0.3 mg/kg	f (smallest outcome index)	2
NCT02528357	part 1: gsk3174998 1.0 mg/kg	f (smallest outcome index)	2
NCT02528357	part 1: gsk3174998 3.0 mg/kg	f (smallest outcome index)	2
NCT02528357	part 1: gsk3174998 10.0 mg/kg	f (smallest outcome index)	2
NCT02528357	part 2a: gsk3174998 0.003 mg/kg + pembrolizumab 200 mg	f (smallest outcome index)	2
NCT02528357	part 2a: gsk3174998 0.01 mg/kg + pembrolizumab 200 mg	f (smallest outcome index)	2
NCT02528357	part 2a: gsk3174998 0.03 mg/kg + pembrolizumab 200 mg	f (smallest outcome index)	2
NCT02528357	part 2a: gsk3174998 0.1 mg/kg + pembrolizumab 200 mg	f (smallest outcome index)	2
NCT02528357	part 2a: gsk3174998 0.3 mg/kg + pembrolizumab 200 mg	f (smallest outcome index)	2
NCT02528357	part 2a: gsk3174998 1.0 mg/kg + pembrolizumab 200 mg	f (smallest outcome index)	2
NCT02528357	part 2a: gsk3174998 3.0 mg/kg + pembrolizumab 200 mg	f (smallest outcome index)	2
NCT02528357	part 2a: gsk3174998 10.0 mg/kg + pembrolizumab 200 mg	f (smallest outcome index)	2
NCT02528357	part 2b: melanoma cohort	f (smallest outcome index)	2
NCT02528357	part 2b: soft tissue sarcoma cohort	f (smallest outcome index)	2
NCT02528357	part 2b: nsclc cohort	f (smallest outcome index)	2
NCT02604511	ibrutinib	f (smallest outcome index)	2
NCT02545075	ipilimumab (3 mg/kg)	f (smallest outcome index)	2
NCT02545075	dacarbazine (250 mg/m2)	f (smallest outcome index)	2
NCT02795988	phase 2: imu-131 plus chemotherapy	f (smallest outcome index)	2
NCT02795988	phase 2: chemotherapy only	f (smallest outcome index)	2
NCT02795988	phase 2 extension: imu-131 100 μg	f (smallest outcome index)	2
NCT02795988	phase 2 extension: imu-131 200 μg	f (smallest outcome index)	2
NCT02592707	part a: 177lu-ipn01072 4.5 gbq	f (smallest outcome index)	3
NCT02592707	part b cohort 1: 177lu-ipn01072 6 gbq	f (smallest outcome index)	3
NCT02592707	part b cohort 3: 177lu-ipn01072 4.5 gbq	f (smallest outcome index)	3
NCT02592707	part b cohort 6: 177lu-ipn01072 4.5 gbq	f (smallest outcome index)	3
NCT02592707	all participants	f (smallest outcome index)	3
NCT02078648	sl-701 + gm-csf + imiquimod	f (smallest outcome index)	2
NCT02078648	sl-701 + poly-iclc + bevacizumab	f (smallest outcome index)	2
NCT02152956	cohort 0-a	f (smallest outcome index)	2
NCT02152956	cohort 0-b	f (smallest outcome index)	2
NCT02152956	cohort 0-c	f (smallest outcome index)	2
NCT02152956	cohort 0-d	f (smallest outcome index)	2
NCT02152956	cohort 1	f (smallest outcome index)	2
NCT02152956	cohort 2	f (smallest outcome index)	2
NCT02152956	cohort 2a	f (smallest outcome index)	2
NCT02152956	cohort 3	f (smallest outcome index)	2
NCT02152956	cohort 6	f (smallest outcome index)	2
NCT02152956	cohort 7	f (smallest outcome index)	2
NCT02152956	cohort 8	f (smallest outcome index)	2
NCT02152956	mtd expansion	f (smallest outcome index)	2
NCT02152956	mtd expansion with ruxolitinib	f (smallest outcome index)	2
NCT02737072	20 mg ly2510924 + 1500 mg durvalumab	f (smallest outcome index)	2
NCT02737072	30 mg ly2510924 + 1500 mg durvalumab	f (smallest outcome index)	2
NCT02737072	40 mg ly2510924 + 1500 mg durvalumab	f (smallest outcome index)	2
NCT02227108	moxetumomab pasudotox 40 microgram per kilogram (mcg/kg)	f (smallest outcome index)	4
NCT02289209	reirradiation + mk-3475	e (largest Participants denominator)	2
NCT02253992	trt d - nsclc pd1/pd-l1 experienced	f (smallest outcome index)	2
NCT02253992	trt d - nsclc pd1/pd-l1 naive	f (smallest outcome index)	2
NCT02253992	trt d - melanoma pd1/pd-l1 experienced	f (smallest outcome index)	2
NCT02253992	trt a - melanoma pd1/pd-l1 naive	f (smallest outcome index)	2
NCT02253992	trt b	f (smallest outcome index)	2
NCT02253992	trt d - melanoma pd1/pd-l1 naive	f (smallest outcome index)	2
NCT02253992	trt a - scchn	f (smallest outcome index)	2
NCT02253992	trt d - scchn	f (smallest outcome index)	2
NCT02253992	trt a - other solid tumors	f (smallest outcome index)	2
NCT02253992	trt b - other solid tumors	f (smallest outcome index)	2
NCT02253992	trt d - dlbcl	f (smallest outcome index)	2
NCT02253992	trt d - fl	f (smallest outcome index)	2
NCT02005471	bendamustine + rituximab main study	f (smallest outcome index)	2
NCT02005471	venetoclax + rituximab main study	f (smallest outcome index)	2
NCT02879617	durvalumab	e (largest Participants denominator)	4
NCT02279719	experimental napabucasin +sorafenib phase ii	f (smallest outcome index)	2
NCT02279719	experimental amcasertib+sorafenib phase ii	f (smallest outcome index)	2
NCT02279719	sorafenib phase ii	f (smallest outcome index)	2
NCT02325739	phase i: 50 mg fasted	f (smallest outcome index)	3
NCT02325739	phase i: 80 mg fasted	f (smallest outcome index)	3
NCT02325739	phase i: 80 mg fed	f (smallest outcome index)	3
NCT02325739	phase i: 120 mg fasted	f (smallest outcome index)	3
NCT02325739	phase i: 120 mg fed	f (smallest outcome index)	3
NCT02325739	phase i: 150 mg fasted	f (smallest outcome index)	3
NCT02325739	phase i: fgf401 80 mg + pdr001 300 mg	f (smallest outcome index)	3
NCT02325739	phase i: fgf401 120 mg + pdr001 300 mg	f (smallest outcome index)	3
NCT02325739	phase ii: group 1 - fgf401 120 mg qd	f (smallest outcome index)	3
NCT02325739	phase ii: group 2 - fgf401 120 mg qd	f (smallest outcome index)	3
NCT02347332	vinflunine plus methotrexate	f (smallest outcome index)	2
NCT02347332	methotrexate	f (smallest outcome index)	2
NCT02763319	tafasitamab + bendamustine	e (largest Participants denominator)	3
NCT02763319	tafasitamab + bendamustine	f (smallest outcome index)	2
NCT02763319	rituximab + bendamustine	e (largest Participants denominator)	3
NCT02763319	rituximab + bendamustine	f (smallest outcome index)	2
NCT02027428	nab-paclitaxel + bsc: induction + maintenance	f (smallest outcome index)	2
NCT02027428	bsc: induction + maintenance	f (smallest outcome index)	2
NCT03189524	part ii: 160 mg bid	f (smallest outcome index)	3
NCT02608268	phase i dose escalation: mbg453 80mg q2w row	f (smallest outcome index)	2
NCT02608268	phase i dose escalation: mbg453 240mg q2w row	f (smallest outcome index)	2
NCT02608268	phase i dose escalation: mbg453 800mg q2w row	f (smallest outcome index)	2
NCT02608268	phase i dose escalation: mbg453 1200mg q2w row	f (smallest outcome index)	2
NCT02608268	phase i dose escalation: mbg453 80mg q2w japan	f (smallest outcome index)	2
NCT02608268	phase i dose escalation: mbg453 240mg q2w japan	f (smallest outcome index)	2
NCT02608268	phase i dose escalation: mbg453 800mg q2w japan	f (smallest outcome index)	2
NCT02608268	phase i dose escalation: mbg453 1200mg q2w japan	f (smallest outcome index)	2
NCT02608268	phase i dose escalation: mbg453 240mg q4w row	f (smallest outcome index)	2
NCT02608268	phase i dose escalation: mbg453 800mg q4w row	f (smallest outcome index)	2
NCT02608268	phase i dose escalation: mbg453 1200mg q4w row	f (smallest outcome index)	2
NCT02608268	phase i dose escalation: mbg453 1200mg q4w japan	f (smallest outcome index)	2
NCT02608268	phase ib dose escalation: mbg453 20mg q2w + pdr001 80mg q2w	f (smallest outcome index)	2
NCT02608268	phase ib dose escalation: mbg453 80mg q2w + pdr001 80mg q2w	f (smallest outcome index)	2
NCT02608268	phase ib dose escalation: mbg453 240mg q2w + pdr001 80mg q2w	f (smallest outcome index)	2
NCT02608268	phase ib dose escalation: mbg453 240mg q2w + pdr001 240mg q2w	f (smallest outcome index)	2
NCT02608268	phase ib dose escalation: mbg453 800mg q2w + pdr001 80mg q2w	f (smallest outcome index)	2
NCT02608268	phase ib dose escalation: mbg453 800mg q2w + pdr001 240mg q2w	f (smallest outcome index)	2
NCT02608268	phase ib dose escalation: mbg453 80mg q4w + pdr001 80mg q4w	f (smallest outcome index)	2
NCT02608268	phase ib dose escalation: mbg453 80mg q4w + pdr001 400mg q4w	f (smallest outcome index)	2
NCT02608268	phase ib dose escalation: mbg453 240mg q4w + pdr001 80mg q4w	f (smallest outcome index)	2
NCT02608268	phase ib dose escalation: mbg453 240mg q4w + pdr001 240mg q4w	f (smallest outcome index)	2
NCT02608268	phase ib dose escalation: mbg453 240mg q4w + pdr001 400mg q4w	f (smallest outcome index)	2
NCT02608268	phase ib dose escalation: mbg453 800mg q4w + pdr001 400mg q4w	f (smallest outcome index)	2
NCT02608268	phase ib dose escalation: mbg453 1200mg q4w + pdr001 400mg q4w	f (smallest outcome index)	2
NCT02608268	dose ranging part: mbg453 80mg q4w	f (smallest outcome index)	2
NCT02608268	dose ranging part: mbg453 240mg q4w	f (smallest outcome index)	2
NCT02608268	dose ranging part: mbg453 1200mg q4w	f (smallest outcome index)	2
NCT02588612	lete-cel	f (smallest outcome index)	2
NCT02829723	phase i: blz945 150 mg 7d on/7d off qd	e (largest Participants denominator)	4
NCT02829723	phase i: blz945 150 mg 7d on/7d off qd	f (smallest outcome index)	2
NCT02829723	phase i: blz945 300 mg 7d on/7d off qd	e (largest Participants denominator)	4
NCT02829723	phase i: blz945 300 mg 7d on/7d off qd	f (smallest outcome index)	2
NCT02829723	phase i: blz945 300 mg q1w qd	e (largest Participants denominator)	4
NCT02829723	phase i: blz945 300 mg q1w qd	f (smallest outcome index)	2
NCT02829723	phase i: blz945 450 mg q1w qd	e (largest Participants denominator)	4
NCT02829723	phase i: blz945 450 mg q1w qd	f (smallest outcome index)	2
NCT02829723	phase i: blz945 600 mg q1w qd	e (largest Participants denominator)	4
NCT02829723	phase i: blz945 600 mg q1w qd	f (smallest outcome index)	2
NCT02829723	phase i: blz945 1000 mg q1w qd	e (largest Participants denominator)	4
NCT02829723	phase i: blz945 1000 mg q1w qd	f (smallest outcome index)	2
NCT02829723	phase i: blz945 1600 mg q1w qd	e (largest Participants denominator)	4
NCT02829723	phase i: blz945 1600 mg q1w qd	f (smallest outcome index)	2
NCT02829723	phase i: blz945 300 mg 4d on/10d off qd	e (largest Participants denominator)	4
NCT02829723	phase i: blz945 300 mg 4d on/10d off qd	f (smallest outcome index)	2
NCT02829723	phase i: blz945 600 mg 4d on/10d off qd	e (largest Participants denominator)	4
NCT02829723	phase i: blz945 600 mg 4d on/10d off qd	f (smallest outcome index)	2
NCT02829723	phase i: blz945 800 mg 4d on/10d off qd	e (largest Participants denominator)	4
NCT02829723	phase i: blz945 800 mg 4d on/10d off qd	f (smallest outcome index)	2
NCT02829723	phase i: blz945 1200 mg 4d on/10d off qd	e (largest Participants denominator)	4
NCT02829723	phase i: blz945 1200 mg 4d on/10d off qd	f (smallest outcome index)	2
NCT02829723	phase i: blz945 300 mg q1w bid	f (smallest outcome index)	4
NCT02829723	phase i: blz945 600 mg q1w bid	e (largest Participants denominator)	4
NCT02829723	phase i: blz945 600 mg q1w bid	f (smallest outcome index)	2
NCT02829723	phase i: blz945 600 mg 4d on/10d off bid	f (smallest outcome index)	4
NCT02829723	phase i: blz945 150 mg q1w qd + pdr001 400 mg q4w	e (largest Participants denominator)	4
NCT02829723	phase i: blz945 150 mg q1w qd + pdr001 400 mg q4w	f (smallest outcome index)	2
NCT02829723	phase i: blz945 300 mg q1w qd + pdr001 400 mg q4w	e (largest Participants denominator)	4
NCT02829723	phase i: blz945 300 mg q1w qd + pdr001 400 mg q4w	f (smallest outcome index)	2
NCT02829723	phase i: blz945 600 mg q1w qd + pdr001 400 mg q4w	e (largest Participants denominator)	4
NCT02829723	phase i: blz945 600 mg q1w qd + pdr001 400 mg q4w	f (smallest outcome index)	2
NCT02829723	phase i: blz945 1000 mg q1w qd + pdr001 400 mg q4w	e (largest Participants denominator)	4
NCT02829723	phase i: blz945 1000 mg q1w qd + pdr001 400 mg q4w	f (smallest outcome index)	2
NCT02829723	phase i: blz945 1400 mg q1w qd + pdr001 400 mg q4w	e (largest Participants denominator)	4
NCT02829723	phase i: blz945 1400 mg q1w qd + pdr001 400 mg q4w	f (smallest outcome index)	2
NCT02829723	phase i: blz945 300 mg 4d on/10d off qd + pdr001 400 mg q4w	e (largest Participants denominator)	4
NCT02829723	phase i: blz945 300 mg 4d on/10d off qd + pdr001 400 mg q4w	f (smallest outcome index)	2
NCT02829723	phase i: blz945 450 mg 4d on/10d off qd + pdr001 400 mg q4w	e (largest Participants denominator)	4
NCT02829723	phase i: blz945 450 mg 4d on/10d off qd + pdr001 400 mg q4w	f (smallest outcome index)	2
NCT02829723	phase i: blz945 700 mg 4d on/10d off qd + pdr001 400 mg q4w	e (largest Participants denominator)	4
NCT02829723	phase i: blz945 700 mg 4d on/10d off qd + pdr001 400 mg q4w	f (smallest outcome index)	2
NCT02829723	phase i: blz945 1200 mg 4d on/10d off qd + pdr001 400 mg q4w	e (largest Participants denominator)	4
NCT02829723	phase i: blz945 1200 mg 4d on/10d off qd + pdr001 400 mg q4w	f (smallest outcome index)	2
NCT02829723	phase i: blz945 600 mg q1w bid + pdr001 400 mg q4w	e (largest Participants denominator)	4
NCT02829723	phase i: blz945 600 mg q1w bid + pdr001 400 mg q4w	f (smallest outcome index)	2
NCT02829723	phase i: blz945 800 mg q1w bid + pdr001 400 mg q4w	e (largest Participants denominator)	4
NCT02829723	phase i: blz945 800 mg q1w bid + pdr001 400 mg q4w	f (smallest outcome index)	2
NCT02829723	phase ii: blz945 1200 mg 4d on/10d off qd	f (smallest outcome index)	2
NCT02829723	phase ii: blz945 700 mg 4d on/10d off qd + pdr001 400 mg q4w	f (smallest outcome index)	2
NCT03099174	cohort f: xentuzumab 1000 mg & 150 mg abemaciclib & 500 mg fulvestrant	f (smallest outcome index)	2
NCT03099174	cohort d1: xentuzumab 1000 mg & 150 mg abemaciclib & 500 mg fulvestrant	f (smallest outcome index)	2
NCT03099174	cohort d2: xentuzumab 1000 mg & 150 mg abemaciclib & 500 mg fulvestrant	f (smallest outcome index)	2
NCT02212015	pazopanib + paclitaxel	f (smallest outcome index)	3
NCT02898077	8 mg/kg ramucirumab + 80 mg/m2 paclitaxel	e (largest Participants denominator)	2
NCT02898077	placebo + 80 mg/m2 paclitaxel	e (largest Participants denominator)	2
NCT03061812	topotecan	e (largest Participants denominator)	3
NCT03061812	topotecan	f (smallest outcome index)	2
NCT03061812	rovalpituzumab tesirine	e (largest Participants denominator)	3
NCT03061812	rovalpituzumab tesirine	f (smallest outcome index)	2
NCT02741570	nivolumab + ipilimumab	e (largest Participants denominator)	2
NCT02741570	extreme regimen	e (largest Participants denominator)	2
NCT02549937	dose-escalation phase: surufatinib 50 mg	f (smallest outcome index)	2
NCT02549937	dose-escalation phase: surufatinib 100 mg	f (smallest outcome index)	2
NCT02549937	dose-escalation phase: surufatinib 200 mg	f (smallest outcome index)	2
NCT02549937	dose-escalation phase: surufatinib 300 mg	f (smallest outcome index)	2
NCT02549937	dose-escalation phase: surufatinib 400 mg	f (smallest outcome index)	2
NCT02549937	dose-expansion phase: arm a: btc	f (smallest outcome index)	2
NCT02549937	dose-expansion phase: arm b: pnet	f (smallest outcome index)	2
NCT02549937	dose-expansion phase: arm c: epnet	f (smallest outcome index)	2
NCT02549937	dose-expansion phase: arm d: sts	f (smallest outcome index)	2
NCT02501473	part 1: local radiation + g100 5μg/tumor	f (smallest outcome index)	3
NCT02501473	part 1: local radiation + g100 10μg/tumor	f (smallest outcome index)	3
NCT02501473	part 2: local radiation + g100 10μg/tumor	f (smallest outcome index)	3
NCT02501473	part 2: local radiation + g100 10μg/tumor+pembrolizumab 200mg	f (smallest outcome index)	3
NCT02501473	part 2: local radiation, g100 20 μg/tumor in large tumors	f (smallest outcome index)	3
NCT02501473	part 3: local radiation + g100 20μg/tumor	f (smallest outcome index)	3
NCT02501473	part 4: g100 20μg/tumor and pembrolizumab 200mg	f (smallest outcome index)	3
NCT03329690	ds-8201a	f (smallest outcome index)	2
NCT03329690	physician's choice irinotecan	f (smallest outcome index)	2
NCT03329690	physician's choice paclitaxel	f (smallest outcome index)	2
NCT03329690	physician's choice overall	f (smallest outcome index)	2
NCT03098550	nivolumab + daratumumab (tnbc)	f (smallest outcome index)	2
NCT03098550	nivolumab + daratumumab (nsclc)	f (smallest outcome index)	2
NCT03098550	nivolumab + daratumumab (pac)	f (smallest outcome index)	2
NCT02570308	phase 1 dose escalation	f (smallest outcome index)	2
NCT03056755	cohort a: pre-treated with cdk 4/6i + ai	f (smallest outcome index)	2
NCT03056755	cohort b: pre-treated with cdk 4/6i + fulvestrant	f (smallest outcome index)	2
NCT03056755	cohort c: pre-treated with systemic chemotherapy or et	f (smallest outcome index)	2
NCT02314247	selinexor (ptcl)	f (smallest outcome index)	6
NCT02314247	selinexor (ctcl)	f (smallest outcome index)	6
NCT02616185	cohort 7a and 3b combined	f (smallest outcome index)	2
NCT02616185	all mcrpc patients	f (smallest outcome index)	2
NCT02855944	rucaparib	e (largest Participants denominator)	2
NCT02855944	chemotherapy	e (largest Participants denominator)	2
NCT02614794	tuc+cap+tra	e (largest Participants denominator)	2
NCT02614794	pbo+cap+tra	e (largest Participants denominator)	2
NCT02624986	dlbcl non-bridging: idasanutlin 100 mg + obinutuzumab 1000 mg	f (smallest outcome index)	2
NCT02624986	dlbcl non-bridging: idasanutlin 150 mg + obinutuzumab 1000 mg	f (smallest outcome index)	2
NCT02624986	dlbcl non-bridging: idasanutlin 200 mg + obinutuzumab 1000 mg	f (smallest outcome index)	2
NCT02624986	dlbcl bridging: idasanutlin 150 mg + rituximab 375 mg/m^2	f (smallest outcome index)	2
NCT02624986	dlbcl bridging: idasanutlin 200 mg + rituximab 375 mg/m^2	f (smallest outcome index)	2
NCT02624986	fl non-bridging: idasanutlin 100 mg + obinutuzumab 1000 mg	f (smallest outcome index)	2
NCT02624986	fl non-bridging: idasanutlin 150 mg + obinutuzumab 1000 mg	f (smallest outcome index)	2
NCT02624986	fl bridging: idasanutlin 150 mg + obinutuzumab 1000 mg	f (smallest outcome index)	2
NCT03330405	phase 2: cohort f (brca/atm-mutated)	e (largest Participants denominator)	2
NCT02252172	lenalidomide + dexamethasone (rd)	e (largest Participants denominator)	2
NCT02252172	daratumumab + lenalidomide + dexamethasone (drd)	e (largest Participants denominator)	2
NCT02520141	phase ii open-label, single arm study of ramucirumab administered at 8 mg/kg iv	f (smallest outcome index)	2
NCT02994953	part a cohort 1: m9241 4 mcg/kg + avelumab 10 mg/kg	f (smallest outcome index)	2
NCT02994953	part a cohort 2: m9241 8 mcg/kg + avelumab 10 mg/kg	f (smallest outcome index)	2
NCT02994953	part a cohort 3: m9241 12 mcg/kg + avelumab 10 mg/kg	f (smallest outcome index)	2
NCT02994953	part a cohort 4: m9241 16.8 mcg/kg +avelumab 10 mg/kg	f (smallest outcome index)	2
NCT02994953	part a cohort 5: m9241 16.8 mcg/kg + avelumab 800 mg	f (smallest outcome index)	2
NCT02598960	part a: bms-986156 10mg	f (smallest outcome index)	2
NCT02598960	part a: bms-986156 30mg	f (smallest outcome index)	2
NCT02598960	part a: bms-986156 100mg	f (smallest outcome index)	2
NCT02598960	part a: bms-986156 240mg	f (smallest outcome index)	2
NCT02598960	part a: bms-986156 800mg	f (smallest outcome index)	2
NCT02598960	part c: bms-986156 240mg	f (smallest outcome index)	2
NCT02598960	part c: bms-986156 800mg	f (smallest outcome index)	2
NCT02598960	part b: bms-986156 30mg + nivo 240mg	f (smallest outcome index)	2
NCT02598960	part b: bms-986156 100mg + nivo 240mg	f (smallest outcome index)	2
NCT02598960	part b: bms-986156 240mg + nivo 240mg	f (smallest outcome index)	2
NCT02598960	part b: bms-986156 800mg + nivo 240mg	f (smallest outcome index)	2
NCT02598960	part d: bms-986156 240mg + nivo 240mg	f (smallest outcome index)	2
NCT02598960	part e: bms-986156 480mg + nivo 480mg	f (smallest outcome index)	2
NCT02387996	nivolumab 3 mg/kg	f (smallest outcome index)	2
NCT02432846	intuvax (inn: ilixadencel) + sunitinib, high-risk	f (smallest outcome index)	3
NCT02432846	sunitinib-only, high-risk	f (smallest outcome index)	3
NCT02432846	intuvax (inn: ilixadencel) + sunitinib, intermediate-risk	f (smallest outcome index)	3
NCT02432846	sunitinib-only, intermediate-risk	f (smallest outcome index)	3
NCT02432846	intuvax (inn: ilixadencel) + sunitinib, total (both strata)	f (smallest outcome index)	3
NCT02432846	sunitinib-only, total (both strata)	f (smallest outcome index)	3
NCT02123823	xentuzumab (bi 836845) 1000 mg + everolimus 10 mg + exemestane 25 mg - phase ii	f (smallest outcome index)	2
NCT02123823	everolimus 10 mg + exemestane 25 mg - phase ii	f (smallest outcome index)	2
NCT02536794	treatment (medi4736, tremelimumab)	e (largest Participants denominator)	2
NCT02146833	arm 1: selinexor	e (largest Participants denominator)	2
NCT02718911	cohort d1a: ly3022855 (25 mg,qw)+durvalumab (750mg,q2w)	f (smallest outcome index)	2
NCT02718911	cohort d2a: ly3022855 (50 mg,qw)+durvalumab (750mg,q2w)	f (smallest outcome index)	2
NCT02718911	cohort d3a: ly3022855 (75 mg,qw)+durvalumab (750mg,q2w)	f (smallest outcome index)	2
NCT02718911	cohort d4a: ly3022855 (100 mg,qw)+durvalumab (750mg,q2w)	f (smallest outcome index)	2
NCT02718911	cohort t1a: ly3022855 (50 mg,qw) +tremelimumab (75mg,q4w)	f (smallest outcome index)	2
NCT02718911	cohort t2a: ly3022855 (100 mg,qw) +tremelimumab (75mg,q4w)	f (smallest outcome index)	2
NCT02718911	cohort t3a: ly3022855 (100 mg,qw) +tremelimumab (225 mg,q4w)	f (smallest outcome index)	2
NCT02718911	cohort t4a: ly3022855 (100 mg,qw) +tremelimumab (750 mg,q4w)	f (smallest outcome index)	2
NCT02718911	cohort b-1: nsclc ly3022855+ durvalumab	f (smallest outcome index)	2
NCT02718911	cohort b-1: ovarian ly3022855+ durvalumab	f (smallest outcome index)	2
NCT02613221	panitumumab + tas-102	f (smallest outcome index)	2
NCT02475213	cohort 1	f (smallest outcome index)	4
NCT02475213	cohort 2	f (smallest outcome index)	4
NCT02475213	cohort 3	f (smallest outcome index)	4
NCT02475213	melanoma cohort	f (smallest outcome index)	4
NCT02475213	urothelial cancer cohort	f (smallest outcome index)	4
NCT02475213	nsclc cohort: pd1/pdl1 naïve	f (smallest outcome index)	4
NCT02475213	nsclc cohort: pd1/pdl1 experienced	f (smallest outcome index)	4
NCT02475213	scchn cohort: pd1/pdl1 naïve	f (smallest outcome index)	4
NCT02475213	scchn cohort: pd1/pdl1 experienced	f (smallest outcome index)	4
NCT02475213	cohort 4	f (smallest outcome index)	4
NCT02291289	cohort 1 (maintenance phase[mp]):5-fu/lv,cetuximab,vemurafenib	f (smallest outcome index)	2
NCT02291289	cohort 1 control(mp): 5-fu/lv or capecitabin, bevacizumab	f (smallest outcome index)	2
NCT02291289	cohort 2 (mp):5-fu/lv or capecitabine,bevacizumab,atezolizumab	f (smallest outcome index)	2
NCT02291289	cohort 2 control (mp): 5-fu/lv or capecitabin, bevacizumab	f (smallest outcome index)	2
NCT02291289	cohort 3 (mp): capecitabine,trastuzumab,pertuzumab	f (smallest outcome index)	2
NCT02291289	cohort 3 control (mp): 5-fu/lv or capecitabin, bevacizumab	f (smallest outcome index)	2
NCT02291289	cohort 4 (mp): cobimetinib,atezolizumab	f (smallest outcome index)	2
NCT02291289	cohort 4 control (mp): 5-fu/lv or capecitabin, bevacizumab	f (smallest outcome index)	2
NCT02763566	abemaciclib + nonsteroidal aromatase inhibitor (nsai)	f (smallest outcome index)	3
NCT02763566	placebo + nsai	f (smallest outcome index)	3
NCT02763566	abemaciclib + fulvestrant	f (smallest outcome index)	3
NCT02763566	placebo + fulvestrant	f (smallest outcome index)	3
NCT03115801	arm a - immunotherapy alone	e (largest Participants denominator)	2
NCT03115801	arm b - radiation & immunotherapy	e (largest Participants denominator)	2
NCT02725268	paclitaxel 80 mg/m^2	f (smallest outcome index)	3
NCT02725268	paclitaxel 80 mg/m^2 + sapanisertib 4 mg	f (smallest outcome index)	3
NCT02725268	sapanisertib 30 mg	f (smallest outcome index)	3
NCT02725268	sapanisertib 4 mg + mln1117 200 mg	f (smallest outcome index)	3
NCT03150862	arm c: de - pamiparib + temozolomide 40 mg	f (smallest outcome index)	2
NCT02596971	atezo-g-benda cohort (safety run-in and expansion phases)	f (smallest outcome index)	2
NCT02596971	atezo-r-chop cohort (expansion phase)	f (smallest outcome index)	2
NCT02593786	cohort a: nivolumab 3 mg/kg q2w	f (smallest outcome index)	2
NCT02593786	cohort b: nivolumab 240 mg q2w	f (smallest outcome index)	2
NCT02593786	cohort c: nivolumab 360 mg q3w	f (smallest outcome index)	2
NCT02593786	cohort d: nivolumab 480 mg q4w	f (smallest outcome index)	2
NCT02795429	phase ib: capmatinib 200 mg bid + spartalizumab 300 mg q3w	f (smallest outcome index)	4
NCT02795429	phase ib: capmatinib 300 mg bid + spartalizumab 300 mg q3w	f (smallest outcome index)	4
NCT02795429	phase ib: capmatinib 400 mg bid + spartalizumab 300 mg q3w	f (smallest outcome index)	4
NCT02639182	ags-16c3f	f (smallest outcome index)	2
NCT02639182	axitinib	f (smallest outcome index)	2
NCT02975934	rucaparib	e (largest Participants denominator)	2
NCT02975934	abiraterone acetate or enzalutamide or docetaxel	e (largest Participants denominator)	2
NCT02502266	arm i (reference regimen)	e (largest Participants denominator)	2
NCT02502266	arm ii (cediranib maleate, olaparib)	e (largest Participants denominator)	2
NCT02502266	arm iii (cediranib maleate)	e (largest Participants denominator)	2
NCT02575807	phase 1: crs-207	f (smallest outcome index)	2
NCT02575807	phase 1: crs-207/ido 100 mg	f (smallest outcome index)	2
NCT02575807	phase 1: crs-207/ido 300 mg	e (largest Participants denominator)	2
NCT02228096	tisagenlecleucel (ctl019) - irc assessment	e (largest Participants denominator)	4
NCT03410030	ascorbic acid 25 g/m2	f (smallest outcome index)	2
NCT03410030	ascorbic acid 37.50 gm/m2	f (smallest outcome index)	2
NCT03410030	ascorbic acid 56.25 gm/m2	f (smallest outcome index)	2
NCT02423902	her2+ subjects	f (smallest outcome index)	2
NCT02423902	her2- subjects	f (smallest outcome index)	2
NCT02729896	dose-escalation fl cohort 1.4 mg	f (smallest outcome index)	2
NCT02729896	dose-escalation and expansion fl cohort 1.8 mg	f (smallest outcome index)	2
NCT02729896	safety run-in phase	f (smallest outcome index)	2
NCT02975700	plx3397	f (smallest outcome index)	2
NCT02341625	bms-986148 mesothelioma	f (smallest outcome index)	2
NCT02341625	bms-986148+nivolumab mesothelioma	f (smallest outcome index)	2
NCT02341625	bms-986148 ovarian	f (smallest outcome index)	2
NCT02341625	bms-986148+nivolumab ovarian	f (smallest outcome index)	2
NCT02341625	bms-986148 pancreatic	f (smallest outcome index)	2
NCT02341625	bms-986148+nivolumab pancreatic	f (smallest outcome index)	2
NCT02341625	bms-986148 nsclc	f (smallest outcome index)	2
NCT02341625	bms-986148+nivolumab nsclc	f (smallest outcome index)	2
NCT02341625	bms-986148 gastric	f (smallest outcome index)	2
NCT02341625	bms-986148+nivolumab gastric	f (smallest outcome index)	2
NCT03269136	part 1: pf-06863135 0.1 mcg/kg iv	f (smallest outcome index)	2
NCT03269136	part 1: pf-06863135 0.3 mcg/kg iv	f (smallest outcome index)	2
NCT03269136	part 1: pf-06863135 1 mcg/kg iv	f (smallest outcome index)	2
NCT03269136	part 1: pf-06863135 3 mcg/kg iv	f (smallest outcome index)	2
NCT03269136	part 1: pf-06863135 10 mcg/kg iv	f (smallest outcome index)	2
NCT03269136	part 1: pf-06863135 30 mcg/kg iv	f (smallest outcome index)	2
NCT03269136	part 1: pf-06863135 50 mcg/kg iv	f (smallest outcome index)	2
NCT03269136	part 1: pf-06863135 80 mcg/kg sc	f (smallest outcome index)	2
NCT03269136	part 1: pf-06863135 130 mcg/kg sc	f (smallest outcome index)	2
NCT03269136	part 1: pf-06863135 215 mcg/kg sc	f (smallest outcome index)	2
NCT03269136	part 1: pf-06863135 360 mcg/kg sc	f (smallest outcome index)	2
NCT03269136	part 1: pf-06863135 600 mcg/kg sc	f (smallest outcome index)	2
NCT03269136	part 1: pf-06863135 1000 mcg/kg sc	f (smallest outcome index)	2
NCT03269136	part 1.1: pf-06863135 priming cohort q1w sc	f (smallest outcome index)	2
NCT03269136	part 1.1: pf-06863135 priming cohort q2w sc	f (smallest outcome index)	2
NCT03269136	part 1c: pf-06863135 + lenalidomide sc	f (smallest outcome index)	2
NCT03269136	part 1d: pf-06863135 + pomalidomide sc	f (smallest outcome index)	2
NCT03269136	part 1: pf-06863135 total iv	f (smallest outcome index)	2
NCT03269136	part 1: pf-06863135 total sc	f (smallest outcome index)	2
NCT03269136	part 1.1: pf-06863135 total sc	f (smallest outcome index)	2
NCT03436056	dose escalation cohort - dose level 1	e (largest Participants denominator)	3
NCT03436056	dose escalation cohort - dose level 1	f (smallest outcome index)	2
NCT03436056	dose escalation cohort - dose level 2	f (smallest outcome index)	3
NCT03436056	part b - expansion cohort	f (smallest outcome index)	3
NCT03936959	3 mg - 10 mg ly3434172	f (smallest outcome index)	2
NCT03936959	30 mg ly3434172	f (smallest outcome index)	2
NCT03936959	100 mg ly3434172	f (smallest outcome index)	2
NCT04875806	0.5mg/kg nc762	f (smallest outcome index)	2
NCT04875806	1.5mg/kg nc762	f (smallest outcome index)	2
NCT04875806	5mg/kg nc762	f (smallest outcome index)	2
NCT04875806	10mg/kg nc762	f (smallest outcome index)	2
NCT04875806	20mg/kg nc762	f (smallest outcome index)	2
NCT03894540	ipn60090 20 mg	f (smallest outcome index)	3
NCT03894540	ipn60090 40 mg	f (smallest outcome index)	3
NCT03894540	ipn60090 80 mg	f (smallest outcome index)	3
NCT03894540	ipn60090 120 mg	f (smallest outcome index)	3
NCT03894540	ipn60090 180 mg	f (smallest outcome index)	3
NCT03894540	ipn60090 240 mg	f (smallest outcome index)	3
NCT03753919	cohort 1: advanced, radioiodine-refractory differentiated thyroid carcinoma (dtc)	f (smallest outcome index)	3
NCT03753919	cohort 2: advanced medullary thyroid carcinoma (mtc)	f (smallest outcome index)	3
NCT03753919	cohort 3: advanced anaplastic thyroid carcinoma (atc)	f (smallest outcome index)	3
NCT04854434	arm c: standard of care (soc)	f (smallest outcome index)	2
NCT03552029	part 1, cohort 1: quizartinib + milademetan	f (smallest outcome index)	2
NCT03552029	part 1, cohort 1a: quizartinib + milademetan	f (smallest outcome index)	2
NCT03639610	cohort 1a, melflufen 40 mg	f (smallest outcome index)	2
NCT03639610	cohort 1b, melflufen 30 mg	f (smallest outcome index)	2
NCT03639610	cohort 2a, melflufen 20 mg	f (smallest outcome index)	2
NCT03779113	dose expansion stage: hl	f (smallest outcome index)	2
NCT03779113	dose expansion stage: cll	f (smallest outcome index)	2
NCT03779113	dose expansion stage: cll-post btk	f (smallest outcome index)	2
NCT03779113	dose expansion stage: fl	f (smallest outcome index)	2
NCT03779113	dose expansion stage: mzl	f (smallest outcome index)	2
NCT03779113	dose expansion stage: lpl/wm	f (smallest outcome index)	2
NCT03779113	dose expansion stage: mcl	f (smallest outcome index)	2
NCT03779113	dose expansion stage: ptcl	f (smallest outcome index)	2
NCT03779113	dose escalation stage: hmpl-523 100 mg qd	f (smallest outcome index)	3
NCT03779113	dose escalation stage: hmpl-523 200 mg qd	f (smallest outcome index)	3
NCT03779113	dose escalation stage: hmpl-523 400 mg qd	f (smallest outcome index)	3
NCT03779113	dose escalation stage: hmpl-523 600 mg qd	f (smallest outcome index)	3
NCT03779113	dose escalation stage: hmpl-523 700 mg qd	f (smallest outcome index)	3
NCT03779113	dose escalation stage: hmpl-523 800 mg qd	f (smallest outcome index)	3
NCT03256344	talimogene laherparepvec with atezolizumab: triple negative breast cancer (tnbc)	f (smallest outcome index)	4
NCT03256344	talimogene laherparepvec with atezolizumab: colorectal cancer (crc)	f (smallest outcome index)	4
NCT03713593	lenvatinib + pembrolizumab	f (smallest outcome index)	2
NCT03713593	lenvatinib + placebo	f (smallest outcome index)	2
NCT04082364	trastuzumab and chemotherapy arm	f (smallest outcome index)	2
NCT04082364	margetuximab, retifanlimab, and chemotherapy arm	f (smallest outcome index)	2
NCT04082364	margetuximab, tebotelimab and chemotherapy arm	f (smallest outcome index)	2
NCT04082364	margetuximab and chemotherapy arm	f (smallest outcome index)	2
NCT03911869	safety lead-in phase: encorafenib 300 mg bid + binimetinib 45 mg bid	f (smallest outcome index)	2
NCT03447314	part 1a: 50ng gsk1795091 + 24mg gsk3174998	f (smallest outcome index)	2
NCT03447314	part 1a: 100ng gsk1795091 + 24mg gsk3174998	f (smallest outcome index)	2
NCT03447314	part 1a: 150ng gsk1795091 + 24mg gsk3174998	f (smallest outcome index)	2
NCT03447314	part 1a: 200ng gsk1795091 + 24mg gsk3174998	f (smallest outcome index)	2
NCT03447314	part 1a: 250ng gsk1795091 + 24mg gsk3174998	f (smallest outcome index)	2
NCT03447314	part 1b: 50ng gsk1795091 + 80mg gsk3359609	f (smallest outcome index)	2
NCT03447314	part 1b: 100ng gsk1795091 + 80mg gsk3359609	f (smallest outcome index)	2
NCT03447314	part 1b: 150ng gsk1795091 + 80mg gsk3359609	f (smallest outcome index)	2
NCT03447314	part 1b: 200ng gsk1795091 + 80mg gsk3359609	f (smallest outcome index)	2
NCT03447314	part 1b: 250ng gsk1795091 + 80mg gsk3359609	f (smallest outcome index)	2
NCT03447314	part 1c: 50ng gsk1795091 + 200mg pembrolizumab	f (smallest outcome index)	2
NCT03447314	part 1c: 100ng gsk1795091 + 200mg pembrolizumab	f (smallest outcome index)	2
NCT03447314	part 1c: 150ng gsk1795091 + 200mg pembrolizumab	f (smallest outcome index)	2
NCT03447314	part 1c: 200ng gsk1795091 + 200mg pembrolizumab	f (smallest outcome index)	2
NCT03447314	part 1c: 250ng gsk1795091 + 200mg pembrolizumab	f (smallest outcome index)	2
NCT03447314	part 2a: gsk1795091 + 24 mg gsk3174998	f (smallest outcome index)	2
NCT03447314	part 2b: gsk1795091 + 80 mg gsk3359609	f (smallest outcome index)	2
NCT03447314	part 2c: gsk1795091 + 200 mg pembrolizumab	f (smallest outcome index)	2
NCT03932331	phase i	e (largest Participants denominator)	2
NCT03829501	alomfilimab 0.8 mg	f (smallest outcome index)	3
NCT03829501	alomfilimab 2.4 mg	f (smallest outcome index)	3
NCT03829501	alomfilimab 8 mg	e (largest Participants denominator)	3
NCT03829501	alomfilimab 24 mg	f (smallest outcome index)	3
NCT03829501	alomfilimab 80 mg	f (smallest outcome index)	3
NCT03829501	alomfilimab 240 mg	f (smallest outcome index)	3
NCT03829501	alomfilimab 0.8 mg + atezolizumab	e (largest Participants denominator)	3
NCT03829501	alomfilimab 2.4 mg + atezolizumab	e (largest Participants denominator)	3
NCT03829501	alomfilimab 8 mg + atezolizumab	f (smallest outcome index)	3
NCT03829501	alomfilimab 24 mg + atezolizumab	f (smallest outcome index)	3
NCT03829501	alomfilimab 80 mg + atezolizumab	f (smallest outcome index)	3
NCT03822117	cohort a: fgfr1-3 in-frame fusions or fgfr2 arrangements	e (largest Participants denominator)	2
NCT03822117	cohort b: known or likely activating fgfr1-3 mutations	e (largest Participants denominator)	2
NCT03822117	cohort c: other fgfr mutations or arrangements	f (smallest outcome index)	2
NCT03822117	other	f (smallest outcome index)	2
NCT03599518	ds-1205c 200 mg + gefitinib	f (smallest outcome index)	2
NCT03599518	ds-1205c 400 mg + gefitinib	f (smallest outcome index)	2
NCT03599518	ds-1205c 800 mg + gefitinib	f (smallest outcome index)	2
NCT03599518	ds-1205c 1000 mg + gefitinib	f (smallest outcome index)	2
NCT03599518	ds-1205c 1200 mg + gefitinib	f (smallest outcome index)	2
NCT04154189	treatment arm a: lenvatinib + ifosfamide + etoposide	f (smallest outcome index)	2
NCT04154189	treatment arm b: ifosfamide + etoposide	f (smallest outcome index)	2
NCT04535401	treatment (elimusertib, folfiri) - dose level -1	f (smallest outcome index)	2
NCT04535401	treatment (elimusertib, folfiri) - dose level -1b	f (smallest outcome index)	2
NCT04535401	treatment (elimusertib, folfiri) - dose level 1	f (smallest outcome index)	2
NCT04535401	treatment (elimusertib, folfiri) - dose level 1b	f (smallest outcome index)	2
NCT04753658	lorlatinib	f (smallest outcome index)	6
NCT03511664	main study: 177lu-psma-617 plus best supportive/best standard of care (bs/bsoc)	f (smallest outcome index)	2
NCT03511664	main study: best supportive/best standard of care (bs/bsoc) alone	f (smallest outcome index)	2
NCT03255083	ds-1205c 200 mg + osimertinib	f (smallest outcome index)	2
NCT03255083	ds-1205c 400 mg + osimertinib	f (smallest outcome index)	2
NCT03255083	ds-1205c 800 mg + osimertinib	f (smallest outcome index)	2
NCT03255083	ds-1205c 1200 mg + osimertinib	f (smallest outcome index)	2
NCT03734029	trastuzumab deruxtecan (t-dxd)	e (largest Participants denominator)	2
NCT03734029	physician's choice	e (largest Participants denominator)	2
NCT03703375	oral azacitidine	e (largest Participants denominator)	2
NCT03703375	investigators choice therapy combined (romidepsin, bendamustine, gemcitabine)	e (largest Participants denominator)	2
NCT03459222	all 1a-escalation participants	f (smallest outcome index)	2
NCT03459222	1b-esc-160/480/1	f (smallest outcome index)	2
NCT03459222	2a-scchn io naive-160/480/100	f (smallest outcome index)	2
NCT03459222	2a-mel 1l-160/480/100	f (smallest outcome index)	2
NCT03459222	2b-nsclc 1l-160/480/1	f (smallest outcome index)	2
NCT03459222	2b-mel 1l-160/480/1	f (smallest outcome index)	2
NCT04134936	arm a	f (smallest outcome index)	2
NCT04134936	arm b	f (smallest outcome index)	2
NCT03439046	ribociclib+letrozole (core phase)	f (smallest outcome index)	2
NCT03439046	alpelisib+fulvestrant (extension phase)	f (smallest outcome index)	2
NCT03489343	sym023 0.03 mg/kg	f (smallest outcome index)	2
NCT03489343	sym023 0.1 mg/kg	f (smallest outcome index)	2
NCT03489343	sym023 0.3 mg/kg	f (smallest outcome index)	2
NCT03489343	sym023 1.0 mg/kg	f (smallest outcome index)	2
NCT03489343	sym023 3.0 mg/kg	f (smallest outcome index)	2
NCT03489343	sym023 10.0 mg/kg	f (smallest outcome index)	2
NCT03489343	sym023 20.0 mg/kg	f (smallest outcome index)	2
NCT04238819	part a cohort a1	f (smallest outcome index)	3
NCT04238819	part a cohort a-1	f (smallest outcome index)	3
NCT04524689	tusamitamab ravtansine 150 mg/m^2 + pembrolizumab + cisplatin/carboplatin	f (smallest outcome index)	2
NCT04524689	tusamitamab ravtansine 170 mg/m^2 + pembrolizumab + cisplatin/carboplatin	f (smallest outcome index)	2
NCT03575351	standard of care arm	e (largest Participants denominator)	2
NCT03575351	liso-cel arm	e (largest Participants denominator)	2
NCT03376659	phase i - safety- all groups	f (smallest outcome index)	2
NCT04099888	pci treatment in conjunction with standard of care (soc)	f (smallest outcome index)	3
NCT04099888	standard of care (soc)	f (smallest outcome index)	3
NCT03665285	nc318 8mg	f (smallest outcome index)	2
NCT03665285	nc318 24mg	f (smallest outcome index)	2
NCT03665285	nc318 80mg	f (smallest outcome index)	2
NCT03665285	nc318 240mg	f (smallest outcome index)	2
NCT03665285	nc318 400mg	f (smallest outcome index)	2
NCT03665285	nc318 800mg	f (smallest outcome index)	2
NCT03665285	nc318 1600mg	f (smallest outcome index)	2
NCT03665285	dose expansion: 400mg q2w	f (smallest outcome index)	2
NCT03665285	dose expansion: 800mg qw	f (smallest outcome index)	2
NCT04702737	tarlatamab dose expansion	f (smallest outcome index)	2
NCT05004350	randomized phase: enco + cetux	f (smallest outcome index)	2
NCT05004350	randomized phase: control arm	f (smallest outcome index)	2
NCT04816214	randomized part: capmatinib + osimertinib	f (smallest outcome index)	3
NCT04816214	randomized part: platinum + pemetrexed based doublet chemotherapy	f (smallest outcome index)	3
NCT03773107	phase i 5mg ruxolitinib	f (smallest outcome index)	2
NCT03773107	phase i 10 mg ruxolitinib	f (smallest outcome index)	3
NCT03773107	phase i 15 mg ruxolitinib	f (smallest outcome index)	2
NCT03955471	niraparib+dostarlimab (tsr-042)	e (largest Participants denominator)	2
NCT04764474	cohort 1: hmpl-306 dose level 1	e (largest Participants denominator)	4
NCT04764474	cohort 1: hmpl-306 dose level 1	f (smallest outcome index)	2
NCT04764474	cohort 2: hmpl-306 dose level 2	e (largest Participants denominator)	4
NCT04764474	cohort 2: hmpl-306 dose level 2	f (smallest outcome index)	2
NCT04764474	cohort 3: hmpl-306 dose level 3	e (largest Participants denominator)	4
NCT04764474	cohort 3: hmpl-306 dose level 3	f (smallest outcome index)	2
NCT04764474	cohort 4: hmpl-306 dose level 4	e (largest Participants denominator)	4
NCT04764474	cohort 4: hmpl-306 dose level 4	f (smallest outcome index)	2
NCT04764474	cohort 5: hmpl-306 dose level 5	e (largest Participants denominator)	4
NCT04764474	cohort 5: hmpl-306 dose level 5	f (smallest outcome index)	2
NCT04764474	cohort 6: hmpl-306 dose level 6	e (largest Participants denominator)	4
NCT04764474	cohort 6: hmpl-306 dose level 6	f (smallest outcome index)	2
NCT04764474	cohort 7: hmpl-306 dose level 7	e (largest Participants denominator)	4
NCT04764474	cohort 7: hmpl-306 dose level 7	f (smallest outcome index)	2
NCT04764474	cohort 8: hmpl-306 dose level 8	e (largest Participants denominator)	4
NCT04764474	cohort 8: hmpl-306 dose level 8	f (smallest outcome index)	2
NCT04822350	all participants	e (largest Participants denominator)	4
NCT04822350	all participants	f (smallest outcome index)	2
NCT03697304	module c, cohort 1: gec patients	f (smallest outcome index)	2
NCT03697304	module c, cohort 2: 2ary resistance patients	f (smallest outcome index)	2
NCT03697304	module c, cohort 3: 1ary resistance patients	f (smallest outcome index)	2
NCT03697304	module c, cohort 4: crc patients	f (smallest outcome index)	2
NCT03697304	module c, cohort 5: ec patients	f (smallest outcome index)	2
NCT03697304	module a, cohort 1: gec patients	f (smallest outcome index)	2
NCT03697304	module a, cohort 2: 2ary resistance patients	f (smallest outcome index)	2
NCT03697304	module a, cohort 3: 1ary resistance patients	f (smallest outcome index)	2
NCT03410108	brigatinib 90 mg/180 mg	e (largest Participants denominator)	3
NCT03410108	brigatinib 90 mg/180 mg	f (smallest outcome index)	2
NCT04182204	stage 2: r-gemox	f (smallest outcome index)	2
NCT04182204	stage 2: pola-r-gemox	f (smallest outcome index)	2
NCT04182204	stage 1: pola-r-gemox	f (smallest outcome index)	2
NCT03934684	carfilzomib, lenalidomide and dexamethasone (krd)	f (smallest outcome index)	2
NCT03934684	carfilzomib and dexamethasone (kd)	f (smallest outcome index)	2
NCT03725605	ltx-315 plus til infusion	f (smallest outcome index)	3
NCT04128696	participants receiving feladilimab and pembrolizumab	e (largest Participants denominator)	3
NCT04128696	participants receiving feladilimab and pembrolizumab	f (smallest outcome index)	2
NCT04128696	participants receiving placebo and pembrolizumab	e (largest Participants denominator)	3
NCT04128696	participants receiving placebo and pembrolizumab	f (smallest outcome index)	2
NCT04282980	dcc-2618	f (smallest outcome index)	2
NCT02913430	fulvestrant + palbociclib	f (smallest outcome index)	3
NCT02913430	tamoxifen + palbociclib	f (smallest outcome index)	3
NCT03391232	single dose of polypepi1018 crc vaccine	f (smallest outcome index)	2
NCT03391232	multiple dose of polypepi1018 crc vaccine	f (smallest outcome index)	2
NCT04514484	treatment (cabozantinib s-malate, nivolumab)	f (smallest outcome index)	3
NCT03828292	main study - part 1: belantamab mafodotin 2.5 milligram/ kilogram (mg/kg)	f (smallest outcome index)	2
NCT03828292	main study - part 1: belantamab mafodotin 3.4 mg/kg	f (smallest outcome index)	2
NCT03828292	main study - part 2: arma-belantamab mafodotin 2.5 mg/kg + bortezomib and dexamethasone (bor/dex)	f (smallest outcome index)	2
NCT03828292	main study - part2: armb- belantamab mafodotin 2.5 mg/kg + pomalidomide and dexamethasone (pom/dex)	f (smallest outcome index)	2
NCT05091346	phase 1b, dose escalation: e7386 100 mg + pembrolizumab 200 mg	f (smallest outcome index)	2
NCT05091346	phase 1b, dose escalation: e7386 120 mg + pembrolizumab 200 mg	f (smallest outcome index)	2
NCT03972488	lutathera® plus octreotide lar 30 mg (investigational arm)	f (smallest outcome index)	2
NCT03972488	octreotide lar 60 mg (control arm)	f (smallest outcome index)	2
NCT04179864	phase 1b: tazemetostat + enzalutamide	f (smallest outcome index)	3
NCT04179864	phase 1b: tazemetostat + abiraterone/prednisone	f (smallest outcome index)	3
NCT04179864	phase 2: tazemetostat 1200 mg + enzalutamide	f (smallest outcome index)	3
NCT04179864	phase 2: enzalutamide	f (smallest outcome index)	3
NCT04024436	futibatinib plus fulvestrant (cohort 4)	f (smallest outcome index)	2
NCT03260504	period 1: dose level 1 (pembrolizumab + sq il-2)	f (smallest outcome index)	2
NCT03260504	period 2: dose level 2 (pembrolizumab + low-dose iv bolus il-2)	f (smallest outcome index)	2
NCT03582033	part a: sea-bcma 100mg	f (smallest outcome index)	2
NCT03582033	part a: sea-bcma 200mg	f (smallest outcome index)	2
NCT03582033	part a: sea-bcma 400mg	f (smallest outcome index)	2
NCT03582033	part a: sea-bcma 800mg	f (smallest outcome index)	2
NCT03582033	part a: sea-bcma 1600mg	f (smallest outcome index)	2
NCT03384940	ds-8201a cohort a	f (smallest outcome index)	2
NCT03384940	ds-8201a cohort b	f (smallest outcome index)	2
NCT03384940	ds-8201a cohort c	f (smallest outcome index)	2
NCT04885998	part 1 cohort 1: tarlatamab dose a/dose b + amg 404	f (smallest outcome index)	2
NCT04885998	part 1 cohort 2: tarlatamab dose a/dose c + amg 404	f (smallest outcome index)	2
NCT04885998	part 1 cohort 3: tarlatamab dose a/dose d + amg 404	f (smallest outcome index)	2
NCT04885998	part 2 dose expansion cohort: tarlatamab dose a/dose b + amg 404	f (smallest outcome index)	2
NCT03839823	ribociclib 600 mg	f (smallest outcome index)	2
NCT03839823	combination chemotherapy	f (smallest outcome index)	2
NCT03767335	dose escalation cohort 1	f (smallest outcome index)	3
NCT03767335	dose escalation cohort 2	f (smallest outcome index)	3
NCT03767335	dose expansion cohort	f (smallest outcome index)	3
NCT04544995	part 2a: niraparib 100 mg + dostarlimab 7.5 mg/kg (osteosarcoma)	f (smallest outcome index)	2
NCT04217317	cpi-613 in combination with bendamustine	f (smallest outcome index)	2
NCT04745832	rituximab plus zandelisib	f (smallest outcome index)	2
NCT04745832	rituximab plus chemotherapy	f (smallest outcome index)	2
NCT04387071	treatment (cmp-001, incagn01949)	f (smallest outcome index)	2
NCT03647488	run-in part: capmatinib + spartalizumab	f (smallest outcome index)	2
NCT03400176	vay736 3mg/kg q2w arm a + ibrutinib 420mg	f (smallest outcome index)	2
NCT03400176	vay736 3mg/kg q2w arm b + ibrutinib 280mg	f (smallest outcome index)	2
NCT03400176	vay736 3mg/kg q2w arm b + ibrutinib 420mg	f (smallest outcome index)	2
NCT03400176	all patients expansion	f (smallest outcome index)	2
NCT04427072	capmatinib	f (smallest outcome index)	2
NCT04427072	docetaxel	f (smallest outcome index)	2
NCT03525392	cohort 1: 177lu-3bp-227 2.5 gbq	f (smallest outcome index)	2
NCT03525392	cohort 2: 177lu-3bp-227 4.0 gbq	f (smallest outcome index)	2
NCT03525392	cohort 3: 177lu-3bp-227 5.5 gbq	f (smallest outcome index)	2
NCT03525392	cohort 4: 177lu-3bp-227 6.5 gbq	f (smallest outcome index)	2
NCT03525392	cohort 5: 177lu-3bp-227 7.5 gbq	f (smallest outcome index)	2
NCT04750824	all afatinib patients	e (largest Participants denominator)	3
NCT04750824	all afatinib patients	f (smallest outcome index)	2
NCT04750824	all non-afatinib (other systemic therapies)	e (largest Participants denominator)	3
NCT04750824	all non-afatinib (other systemic therapies)	f (smallest outcome index)	2
NCT04750824	first line afatinib patients	e (largest Participants denominator)	3
NCT04750824	first line afatinib patients	f (smallest outcome index)	2
NCT04750824	first line non-afatinib patients	e (largest Participants denominator)	3
NCT04750824	first line non-afatinib patients	f (smallest outcome index)	2
NCT03512353	carfilzomib plus dexamethasone	f (smallest outcome index)	2
NCT05093322	dose level 1	f (smallest outcome index)	2
NCT05093322	dose level 2	f (smallest outcome index)	2
NCT03752177	ly3415244 dose expansion	f (smallest outcome index)	2
NCT04144140	dose expansion part	f (smallest outcome index)	2
NCT03538717	long responders to axitinib	f (smallest outcome index)	2
NCT03662659	bms986213 + chemotherapy	f (smallest outcome index)	2
NCT03662659	nivolumab + chemotherapy	f (smallest outcome index)	2
NCT03525834	everolimus	f (smallest outcome index)	2
NCT03761914	ovarian cancer (ovc)	f (smallest outcome index)	2
NCT04139317	capmatinib 400mg bid + pembrolizumab 200mg q3w	f (smallest outcome index)	2
NCT04139317	pembrolizumab 200mg q3w	f (smallest outcome index)	2
NCT04421378	arm c: selinexor + lomustine/carmustine	f (smallest outcome index)	2
NCT04421378	arm d: selinexor + bevacizumab	f (smallest outcome index)	2
NCT04421378	arm e: selinexor + tumor treating fields	f (smallest outcome index)	2
NCT04072445	treatment (trifluridine and tipiracil, irinotecan)	f (smallest outcome index)	2
NCT04543188	phase 1b: cohort 1	f (smallest outcome index)	2
NCT04543188	phase 1b: cohort 3	f (smallest outcome index)	2
NCT04543188	phase 1b: cohort 4	f (smallest outcome index)	2
NCT04543188	phase 1b: cohort 5	e (largest Participants denominator)	2
NCT04543188	phase 1a: pf-07284890 50 mg qd	f (smallest outcome index)	2
NCT04543188	phase 1a: pf-07284890 100 mg qd	e (largest Participants denominator)	2
NCT04543188	phase 1a: pf-07284890 200 mg qd	f (smallest outcome index)	2
NCT04543188	phase 1a: pf-07284890 200 mg bid	f (smallest outcome index)	2
NCT04543188	phase 1a: pf-07284890 300 mg bid	f (smallest outcome index)	2
NCT04543188	phase 1a: pf-07284890 450 mg bid	e (largest Participants denominator)	2
NCT04543188	phase 1a: pf-07284890 100 mg qd + binimetinib 45 mg bid	f (smallest outcome index)	2
NCT04543188	phase 1a: pf-07284890 100 mg bid + binimetinib 45 mg bid	f (smallest outcome index)	2
NCT04543188	phase 1a: pf-07284890 150 mg bid + binimetinib 45 mg bid	f (smallest outcome index)	2
NCT04543188	phase 1a: pf-07284890 225 mg bid + binimetinib 45 mg bid	f (smallest outcome index)	2
NCT04543188	phase 1a: pf-07284890 300 mg bid + binimetinib 45 mg bid	f (smallest outcome index)	2
NCT04436107	gcb subtype: zanubrutinib + lenalidomide 15 mg	e (largest Participants denominator)	2
NCT04436107	gcb subtype: zanubrutinib + lenalidomide 20 mg	e (largest Participants denominator)	2
NCT04436107	gcb subtype: zanubrutinib + lenalidomide 25 mg	e (largest Participants denominator)	6
NCT04436107	gcb subtype: zanubrutinib + lenalidomide 25 mg	f (smallest outcome index)	2
NCT04436107	non-gcb subtype: zanubrutinib + lenalidomide 25 mg	e (largest Participants denominator)	3
NCT04436107	non-gcb subtype: zanubrutinib + lenalidomide 25 mg	f (smallest outcome index)	2
NCT04436107	abc subtype: zanubrutinib + lenalidomide 25 mg	e (largest Participants denominator)	3
NCT04436107	abc subtype: zanubrutinib + lenalidomide 25 mg	f (smallest outcome index)	2
NCT03406871	final analysis	f (smallest outcome index)	2
NCT03790111	xermelo 250mg plus 1l therapy for a week, then xermelo 500mg	f (smallest outcome index)	5
NCT03685344	dose escalation: loncastuximab tesirine 90 μg/kg	f (smallest outcome index)	2
NCT03685344	dose escalation: loncastuximab tesirine 120 μg/kg	f (smallest outcome index)	2
NCT03685344	dose escalation: loncastuximab tesirine 150 μg/kg	f (smallest outcome index)	2
NCT03685344	dose expansion: loncastuximab tesirine	f (smallest outcome index)	2
NCT03906071	nivolumab and sitravatinib	f (smallest outcome index)	2
NCT03906071	docetaxel	f (smallest outcome index)	2
NCT04008030	arm a - nivolumab monotherapy	e (largest Participants denominator)	2
NCT04008030	arm b - nivolumab + ipilimumab	e (largest Participants denominator)	2
NCT03673501	ripretinib	e (largest Participants denominator)	2
NCT03673501	sunitinib	e (largest Participants denominator)	2
NCT03088813	part 2: irinotecan liposome injection 70 mg/m^2	e (largest Participants denominator)	2
NCT03088813	part 2: topotecan 1.5 mg/m^2	e (largest Participants denominator)	2
NCT03368196	ds-8201a	f (smallest outcome index)	3
NCT03969420	lead-in cohort: arm 1	f (smallest outcome index)	2
NCT03969420	lead-in cohort: arm 2	f (smallest outcome index)	2
NCT03969420	stage 1: arm 1	f (smallest outcome index)	2
NCT03969420	stage 1: arm 2	f (smallest outcome index)	2
NCT03474497	pembrolizumab/il-2/radiotherapy	f (smallest outcome index)	3
NCT04282109	arm 1	e (largest Participants denominator)	3
NCT04282109	arm 1	f (smallest outcome index)	2
NCT04282109	arm 2	e (largest Participants denominator)	3
NCT04282109	arm 2	f (smallest outcome index)	2
NCT04332653	phase 1b: dose level 1 (nt-i7 480 ug/kg)	e (largest Participants denominator)	2
NCT04332653	phase 1b: dose level 2 (nt-i7 960 ug/kg)	e (largest Participants denominator)	2
NCT04332653	phase 1b: dose level 3 (nt-i7 1200 ug/kg)	e (largest Participants denominator)	2
NCT04979988	lorlatinib 2l	f (smallest outcome index)	2
NCT04979988	lorlatinib 3l or later	f (smallest outcome index)	2
NCT03583086	dose expansion - non small-cell-lung cancer acquired resistance	f (smallest outcome index)	2
NCT03583086	dose expansion - non small-cell-lung cancer naive	f (smallest outcome index)	2
NCT03583086	dose expansion - non small-cell-lung cancer primary refractory	f (smallest outcome index)	2
NCT03583086	dose expansion - small cell lung cancer - progressed on platinum-based chemotherapy	f (smallest outcome index)	2
NCT03583086	dose expansion - thymic carcinoma	f (smallest outcome index)	2
NCT05113966	trilaciclib + sacituzumab govitecan-hziy	e (largest Participants denominator)	3
NCT05113966	trilaciclib + sacituzumab govitecan-hziy	f (smallest outcome index)	2
NCT04033991	participants with mrcc and/or arcc: first line sunitinib treatment	e (largest Participants denominator)	3
NCT04033991	participants with mrcc and/or arcc: first line sunitinib treatment	f (smallest outcome index)	2
NCT04033991	participants with mrcc and/or arcc: second line axitinib treatment	e (largest Participants denominator)	3
NCT04033991	participants with mrcc and/or arcc: second line axitinib treatment	f (smallest outcome index)	2
NCT03792750	bms-986205 monotherapy and in combination with nivolumab	f (smallest outcome index)	2
NCT03517449	lenvatinib 20 mg + pembrolizumab 200 mg	e (largest Participants denominator)	2
NCT03517449	treatment of physician's choice(tpc):doxorubicin or paclitaxel	e (largest Participants denominator)	2
NCT04035486	randomized: azd9291 + chemo	f (smallest outcome index)	2
NCT04035486	randomized: azd9291	f (smallest outcome index)	2
NCT04222972	arm a: treatment period- soc	f (smallest outcome index)	3
NCT04222972	arm b: treatment period- pralsetinib	f (smallest outcome index)	3
NCT03744676	lisocabtagene maraleucel (jcar017)	f (smallest outcome index)	2
NCT04248829	lazertinib 240 mg	f (smallest outcome index)	2
NCT04248829	gefitnib 250 mg	f (smallest outcome index)	2
NCT03849768	hs-10296	f (smallest outcome index)	2
NCT03849768	gefitinib	f (smallest outcome index)	2
NCT03773302	orr by central assessment	e (largest Participants denominator)	2
NCT03773302	orr by investigator assessment	e (largest Participants denominator)	2
NCT03773302	bor by central assessment	e (largest Participants denominator)	2
NCT03773302	bor by investigator assessment	e (largest Participants denominator)	2
NCT03773302	dcr by central assessment	e (largest Participants denominator)	2
NCT03773302	dcr by investigator assessment	e (largest Participants denominator)	2
NCT04014075	trastuzumab deruxtecan	f (smallest outcome index)	2
NCT04649060	arm a (melflufen+dexamethasone+daratumumab)	f (smallest outcome index)	2
NCT04649060	arm b (daratumumab)	f (smallest outcome index)	2
NCT04408599	nc410 3mg	f (smallest outcome index)	2
NCT04408599	nc410 6mg	f (smallest outcome index)	2
NCT04408599	nc410 15mg	f (smallest outcome index)	2
NCT04408599	nc410 30mg	f (smallest outcome index)	2
NCT04408599	nc410 60mg	f (smallest outcome index)	2
NCT04408599	nc410 100mg	f (smallest outcome index)	2
NCT04408599	nc410 200mg	f (smallest outcome index)	2
NCT03786926	dose escalation stage: hmpl-689 5 mg qd	f (smallest outcome index)	2
NCT03786926	dose escalation stage: hmpl-689 10 mg qd	f (smallest outcome index)	2
NCT03786926	dose escalation stage: hmpl-689 15 mg qd	f (smallest outcome index)	2
NCT03786926	dose escalation stage: hmpl-689 20 mg qd	f (smallest outcome index)	2
NCT03786926	dose escalation stage: hmpl-689 25 mg qd	f (smallest outcome index)	2
NCT03786926	dose escalation stage: hmpl-689 30 mg qd	f (smallest outcome index)	2
NCT03786926	dose expansion stage: cll/sll	f (smallest outcome index)	2
NCT03786926	dose expansion stage: fl	f (smallest outcome index)	2
NCT03786926	dose expansion stage: mzl	f (smallest outcome index)	2
NCT03786926	dose expansion stage: lpl/wm	f (smallest outcome index)	2
NCT03786926	dose expansion stage: mcl	f (smallest outcome index)	2
NCT03901469	part 1 dose escalation: cohort 2	f (smallest outcome index)	2
NCT03901469	part 1 dose escalation: cohort 3	f (smallest outcome index)	2
NCT03901469	expansion cohort c - combination treatment in trop2-adc-naïve patients	f (smallest outcome index)	2
NCT04173507	talazoparib plus avelumab	f (smallest outcome index)	2
NCT03668119	arm b: nivolumab	e (largest Participants denominator)	3
NCT03668119	arm b: nivolumab	f (smallest outcome index)	2
NCT04323436	randomized part: capmatinib 400 mg bid + spartalizumab 400 mg q4w	f (smallest outcome index)	2
NCT04323436	randomized part: capmatinib 400 mg bid + placebo	f (smallest outcome index)	2
NCT04194944	selpercatinib (trt a)	e (largest Participants denominator)	5
NCT04194944	pemetrexed and platinum with pembrolizumab (trt b)	e (largest Participants denominator)	3
NCT04194944	pemetrexed and platinum with pembrolizumab (trt b)	f (smallest outcome index)	2
NCT04194944	pemetrexed and platinum with or without pembrolizumab (trt b)	e (largest Participants denominator)	2
NCT03450057	single arm trial receiving daratumumab with dexamethasone (darad)	f (smallest outcome index)	2
NCT04147234	arm a: bi 1387446 50 μg	e (largest Participants denominator)	2
NCT04147234	arm a: bi 1387446 100 μg	e (largest Participants denominator)	2
NCT04147234	arm a: bi 1387446 200 μg	e (largest Participants denominator)	2
NCT04147234	arm a: bi 1387446 400 μg	e (largest Participants denominator)	2
NCT04147234	arm b: bi 1387446 50 μg / ezabenlimab 240 mg	e (largest Participants denominator)	2
NCT04147234	arm b: bi 1387446 100 μg / ezabenlimab 240 mg	e (largest Participants denominator)	2
NCT04147234	arm b: bi 1387446 200 μg / ezabenlimab 240 mg	e (largest Participants denominator)	2
NCT05537766	substudy a (relapsed/refractory waldenstrom macroglobulinemia): brexucabtagene autoleucel	f (smallest outcome index)	2
NCT05184842	decitabine/venetoclax (single arm)	e (largest Participants denominator)	4
NCT05184842	decitabine/venetoclax (single arm)	f (smallest outcome index)	2
NCT05654623	vepdegestrant	e (largest Participants denominator)	2
NCT05654623	fulvestrant	e (largest Participants denominator)	2
NCT05323656	setanaxib 1600 mg and pembrolizumab 200 mg	f (smallest outcome index)	2
NCT05323656	placebo and pembrolizumab 200 mg	f (smallest outcome index)	2
NCT05543629	part a: treatment 1	f (smallest outcome index)	2
NCT05543629	part a: treatment 2	f (smallest outcome index)	2
NCT05543629	part a: treatment 3	f (smallest outcome index)	2
NCT05543629	part a: treatment 4	f (smallest outcome index)	2
NCT05543629	part a: treatment 5	f (smallest outcome index)	2
NCT05543629	part b1: treatment 1	f (smallest outcome index)	2
NCT05543629	part b1: treatment 2	f (smallest outcome index)	2
NCT05543629	part b2: treatment 1	f (smallest outcome index)	2
NCT05565391	study c1071003 cohort a	e (largest Participants denominator)	3
NCT05565391	study c1071003 cohort a	f (smallest outcome index)	2
NCT05565391	cota cohort	e (largest Participants denominator)	2
NCT05565391	flatiron health cohort	e (largest Participants denominator)	2
NCT05440786	abemaciclib + irinotecan +temozolomide	f (smallest outcome index)	2
NCT05440786	irinotecan +temozolomide	f (smallest outcome index)	2
NCT05374538	dose escalation phase, cohort 1a: vic-1911 monotherapy	f (smallest outcome index)	2
NCT05374538	dose escalation phase, cohort 1b: vic-1911 plus sotorasib combination therapy	f (smallest outcome index)	2
NCT05374538	expansion phase, cohort 2a: vic-1911 monotherapy	f (smallest outcome index)	2
NCT05374538	expansion phase, cohort 2b: vic-1911 plus sotorasib combination therapy	f (smallest outcome index)	2
NCT05374538	expansion phase, cohort 2c: vic-1911 plus sotorasib combination therapy	f (smallest outcome index)	2
NCT05650164	participants with metastatic renal cell carcinoma	e (largest Participants denominator)	2
NCT04933617	dose escalation: arm 1, dose level 1, original: 30mg copanlisib	f (smallest outcome index)	2
NCT04933617	dose escalation: arm 1, dose level 1, modified: 30mg copanlisib	f (smallest outcome index)	2
NCT05397171	azd8853 300 mg	f (smallest outcome index)	2
NCT05397171	azd8853 1000 mg	f (smallest outcome index)	2
NCT05397171	azd8853 3000 mg	f (smallest outcome index)	2
NCT05765734	part a1: dose escalation: 50 mg	f (smallest outcome index)	2
NCT05765734	part a1: dose escalation: 100 mg	f (smallest outcome index)	2
NCT05765734	part a1: dose escalation: 200 mg	f (smallest outcome index)	2
NCT05765734	part a1: dose escalation: 350 mg	f (smallest outcome index)	2
NCT05765734	part a1: dose escalation: 500 mg	f (smallest outcome index)	2
NCT04899349	alpelisib + fulvestrant + dapagliflozin + metformin xr	f (smallest outcome index)	2
NCT04899349	alpelisib + fulvestrant + metformin xr	f (smallest outcome index)	2
NCT05493501	aumolertinib monotherapy	f (smallest outcome index)	2
NCT05493501	aumolertinib + platinum-based doublet chemotherapy	f (smallest outcome index)	2
NCT05493501	osimertinib monotherapy	f (smallest outcome index)	2
NCT05164666	tak-103, cohort -2	f (smallest outcome index)	3
NCT05164666	tak-103, cohort 1	f (smallest outcome index)	3
NCT05177042	bavdegalutamide + abiraterone	f (smallest outcome index)	2
