nct	om_title	group_title	evaluable_n	era	family	n_arms_registered	n_results_groups_in_om	arm_set_type_state	registry_arm_types_in_record_verbatim	arm_link_state	arm_link_relation	arm_link_source	arm_link_source_locator	n_candidate_arms	candidate_arm_indices	candidate_arm_labels	candidate_arm_types_verbatim	bound_arm_index	bound_arm_label	bound_arm_registered_type_verbatim	downgraded_candidate_arm_index	downgraded_candidate_arm_label	downgraded_candidate_registered_type_verbatim	contrary_description_locator	contrary_description_evidence_excerpt	comparator_role	comparator_role_basis	comparator_role_identity_assumption	group_text_comparator_wording_unverified	source_join_verification	registry_type_statement	registry_type_statement_assumption	contested_flags	leaf_claim_state	leaf_claim_arm_label	leaf_claim_locator	leaf_claim_verification	leaf_claim_verification_before_downgrade	leaf_narrative_transformed_excerpt_not_parsed	leaf_excerpt_transform	leaf_excerpt_original_chars	leaf_excerpt_at_400_char_cap	sole_arm_multi_results_group_flag	v1_arm_link_state	v1_arm_link_evidence_code	v1_confirmed_registry_arm_label	v1_control_status	job3_control_status	disposition_vs_v1	group_description_transformed_excerpt	group_description_transform	group_description_original_chars
NCT00942162	Best Overall Response (BOR) by GS	GSK2132231A GS+ Group	57	1999_2009	bor	3	3	ALL_ARMS_NON_CONTROL_TYPED	EXPERIMENTAL | EXPERIMENTAL | EXPERIMENTAL	SOURCE_FIELD_MATCH	TWO_AGREEING_FIELD_MATCHES:LABEL_BYTE_EXACT+DESC_BYTE_EXACT	SOURCE_RECORD	protocolSection.armsInterventionsModule.armGroups[0].label and protocolSection.armsInterventionsModule.armGroups[0].description	1	0	GSK2132231A GS+ Group	EXPERIMENTAL	0	GSK2132231A GS+ Group	EXPERIMENTAL						NOT_ESTABLISHED_IN_THIS_CACHE	bound arm 0 registered type EXPERIMENTAL (verbatim). A registered type of EXPERIMENTAL/OTHER is not evidence that this group had no comparator role; no comparator evidence exists in this cache either way			NOT_ESTABLISHED_REGISTRY_JOIN_FIELDS_ABSENT_FROM_THIS_CACHE	BOUND_ARM_REGISTERED_TYPE_IS_EXPERIMENTAL	ASSUMES_TWO_AGREEING_SOURCE_FIELD_MATCHES_ARE_ARM_IDENTITY_UNPROVED		NO_LEAF									NO	CONFIRMED	LABEL_BYTE_EXACT	GSK2132231A GS+ Group	NOT_CONTROL_CONFIRMED	NOT_CONTROL	CHANGED_CLASS:NOT_CONTROL_ASSERTED->NOT_ESTABLISHED	Patients with the pre-specified gene signature (GS), who received intramuscularly up to 24 doses of MAGE-A3 ASCI (the study product), in 4 cycles. Gene-signature sub-grouping was based on patients having a potentially predictive gene signature, as assessed at screening.	NEWLINE_TO_SPACE;CUT_AT_400_CHARS;TSV_WRITE_NORMALISES_TAB_AND_NEWLINE;ORIGINAL_RETRIEVABLE_ONLY_VIA_the cached source record	270
NCT00942162	Best Overall Response (BOR) by GS	GSK2132231A GS- Group	45	1999_2009	bor	3	3	ALL_ARMS_NON_CONTROL_TYPED	EXPERIMENTAL | EXPERIMENTAL | EXPERIMENTAL	SOURCE_FIELD_MATCH	TWO_AGREEING_FIELD_MATCHES:LABEL_BYTE_EXACT+DESC_BYTE_EXACT	SOURCE_RECORD	protocolSection.armsInterventionsModule.armGroups[1].label and protocolSection.armsInterventionsModule.armGroups[1].description	1	1	GSK2132231A GS- Group	EXPERIMENTAL	1	GSK2132231A GS- Group	EXPERIMENTAL						NOT_ESTABLISHED_IN_THIS_CACHE	bound arm 1 registered type EXPERIMENTAL (verbatim). A registered type of EXPERIMENTAL/OTHER is not evidence that this group had no comparator role; no comparator evidence exists in this cache either way			NOT_ESTABLISHED_REGISTRY_JOIN_FIELDS_ABSENT_FROM_THIS_CACHE	BOUND_ARM_REGISTERED_TYPE_IS_EXPERIMENTAL	ASSUMES_TWO_AGREEING_SOURCE_FIELD_MATCHES_ARE_ARM_IDENTITY_UNPROVED		NO_LEAF									NO	CONFIRMED	LABEL_BYTE_EXACT	GSK2132231A GS- Group	NOT_CONTROL_CONFIRMED	NOT_CONTROL	CHANGED_CLASS:NOT_CONTROL_ASSERTED->NOT_ESTABLISHED	Patients without the pre-specified gene signature (GS), planned to receive intramuscularly up to 24 doses of MAGE-A3 ASCI (the study product), in 4 cycles. Gene-signature sub-grouping was based on patients having a potentially predictive gene signature, as assessed at screening.	NEWLINE_TO_SPACE;CUT_AT_400_CHARS;TSV_WRITE_NORMALISES_TAB_AND_NEWLINE;ORIGINAL_RETRIEVABLE_ONLY_VIA_the cached source record	279
NCT00942162	Best Overall Response (BOR) by GS	GSK2132231A GS-unknown Group	2	1999_2009	bor	3	3	ALL_ARMS_NON_CONTROL_TYPED	EXPERIMENTAL | EXPERIMENTAL | EXPERIMENTAL	SOURCE_FIELD_MATCH	TWO_AGREEING_FIELD_MATCHES:LABEL_BYTE_EXACT+DESC_BYTE_EXACT	SOURCE_RECORD	protocolSection.armsInterventionsModule.armGroups[2].label and protocolSection.armsInterventionsModule.armGroups[2].description	1	2	GSK2132231A GS-unknown Group	EXPERIMENTAL	2	GSK2132231A GS-unknown Group	EXPERIMENTAL						NOT_ESTABLISHED_IN_THIS_CACHE	bound arm 2 registered type EXPERIMENTAL (verbatim). A registered type of EXPERIMENTAL/OTHER is not evidence that this group had no comparator role; no comparator evidence exists in this cache either way			NOT_ESTABLISHED_REGISTRY_JOIN_FIELDS_ABSENT_FROM_THIS_CACHE	BOUND_ARM_REGISTERED_TYPE_IS_EXPERIMENTAL	ASSUMES_TWO_AGREEING_SOURCE_FIELD_MATCHES_ARE_ARM_IDENTITY_UNPROVED		NO_LEAF									NO	CONFIRMED	LABEL_BYTE_EXACT	GSK2132231A GS-unknown Group	NOT_CONTROL_CONFIRMED	NOT_CONTROL	CHANGED_CLASS:NOT_CONTROL_ASSERTED->NOT_ESTABLISHED	Patients with unknown gene signature (GS), planned to receive intramuscularly up to 24 doses of MAGE\_A3 ASCI (the study product), in 4 cycles. Gene-signature sub-grouping was based on patients having a potentially predictive gene signature, as assessed at screening.	NEWLINE_TO_SPACE;CUT_AT_400_CHARS;TSV_WRITE_NORMALISES_TAB_AND_NEWLINE;ORIGINAL_RETRIEVABLE_ONLY_VIA_the cached source record	267
NCT00858117	Best Response in Patients Treated With Alemtuzumab and Rituximab Combination Assessed by NCI-WG 1996 Criteria With Lymphadenopathy and Organomegaly Measured During Physical Examination	Alemtuzumab and Rituximab	30	1999_2009	bor	1	1	ALL_ARMS_NON_CONTROL_TYPED	EXPERIMENTAL	LABEL_MATCH	LABEL_FIELD_MATCH_ONLY:LABEL_BYTE_EXACT	SOURCE_RECORD	protocolSection.armsInterventionsModule.armGroups[0].label	1	0	Alemtuzumab and Rituximab	EXPERIMENTAL	0	Alemtuzumab and Rituximab	EXPERIMENTAL						NOT_ESTABLISHED_IN_THIS_CACHE	bound arm 0 registered type EXPERIMENTAL (verbatim). A registered type of EXPERIMENTAL/OTHER is not evidence that this group had no comparator role; no comparator evidence exists in this cache either way			NOT_ESTABLISHED_REGISTRY_JOIN_FIELDS_ABSENT_FROM_THIS_CACHE	BOUND_ARM_REGISTERED_TYPE_IS_EXPERIMENTAL	ASSUMES_LABEL_FIELD_CORRESPONDENCE_IS_ARM_IDENTITY_UNPROVED		NO_LEAF									NO	CONFIRMED	LABEL_BYTE_EXACT	Alemtuzumab and Rituximab	NOT_CONTROL_CONFIRMED	NOT_CONTROL	CHANGED_CLASS:NOT_CONTROL_ASSERTED->NOT_ESTABLISHED	Administration of Alemtuzumab combined with Rituximab to test the feasibility of combining these two monoclonal antibodies as a first line therapy in patients with B-cell chronic lymphocytic leukemia.  Alemtuzumab: Alemtuzumab administered subcutaneously 30mg per day, 3 days per week for 18 weeks  Rituximab: Rituximab administered intravenously at 375mg/m2 every 2 weeks (starting week 3) for 18 we	NEWLINE_TO_SPACE;CUT_AT_400_CHARS;TSV_WRITE_NORMALISES_TAB_AND_NEWLINE;ORIGINAL_RETRIEVABLE_ONLY_VIA_the cached source record	403
NCT00858117	Best Response in Patients Treated With Alemtuzumab and Rituximab Combination Assessed by NCI-WG 1996 Criteria With Measurements of the Lymph Nodes and Spleen Size by CT Scans	Alemtuzumab and Rituximab	30	1999_2009	bor	1	1	ALL_ARMS_NON_CONTROL_TYPED	EXPERIMENTAL	LABEL_MATCH	LABEL_FIELD_MATCH_ONLY:LABEL_BYTE_EXACT	SOURCE_RECORD	protocolSection.armsInterventionsModule.armGroups[0].label	1	0	Alemtuzumab and Rituximab	EXPERIMENTAL	0	Alemtuzumab and Rituximab	EXPERIMENTAL						NOT_ESTABLISHED_IN_THIS_CACHE	bound arm 0 registered type EXPERIMENTAL (verbatim). A registered type of EXPERIMENTAL/OTHER is not evidence that this group had no comparator role; no comparator evidence exists in this cache either way			NOT_ESTABLISHED_REGISTRY_JOIN_FIELDS_ABSENT_FROM_THIS_CACHE	BOUND_ARM_REGISTERED_TYPE_IS_EXPERIMENTAL	ASSUMES_LABEL_FIELD_CORRESPONDENCE_IS_ARM_IDENTITY_UNPROVED		NO_LEAF									NO	CONFIRMED	LABEL_BYTE_EXACT	Alemtuzumab and Rituximab	NOT_CONTROL_CONFIRMED	NOT_CONTROL	CHANGED_CLASS:NOT_CONTROL_ASSERTED->NOT_ESTABLISHED	Administration of Alemtuzumab combined with Rituximab to test the feasibility of combining these two monoclonal antibodies as a first line therapy in patients with B-cell chronic lymphocytic leukemia.  Alemtuzumab: Alemtuzumab administered subcutaneously 30mg per day, 3 days per week for 18 weeks  Rituximab: Rituximab administered intravenously at 375mg/m2 every 2 weeks (starting week 3) for 18 we	NEWLINE_TO_SPACE;CUT_AT_400_CHARS;TSV_WRITE_NORMALISES_TAB_AND_NEWLINE;ORIGINAL_RETRIEVABLE_ONLY_VIA_the cached source record	403
NCT00876993	Best Response of Children With Recurrent or Refractory Central Nervous System Tumors With This Combination of Chemotherapy Agents.	Cohort 1 - Dose Level 1	4	1999_2009	bor	5	5	ALL_ARMS_NON_CONTROL_TYPED	EXPERIMENTAL | EXPERIMENTAL | EXPERIMENTAL | EXPERIMENTAL | EXPERIMENTAL	PROPOSED	LEAF_CLAIM_NOT_VERIFIABLE_FROM_EXACT_SOURCE_FIELDS	DELIVERED_LEAF:LEAF-QD-group0.tsv	LEAF-OUT/LEAF-QD-group0.tsv:line 18; candidate protocolSection.armsInterventionsModule.armGroups[1].label	1	1	Dose Level 1	EXPERIMENTAL									UNKNOWN_IN_THIS_CACHE	no source-field-matched arm link and no comparator wording in the group record			NOT_ESTABLISHED_REGISTRY_JOIN_FIELDS_ABSENT_FROM_THIS_CACHE	ALL_REGISTERED_ARMS_NON_COMPARATOR_TYPED_CONDITIONAL	ASSUMES_THIS_RESULTS_GROUP_IS_A_SUBSET_OF_THE_REGISTERED_ARM_SET_MEMBERSHIP_UNPROVED		LEAF_LABEL_RESOLVES_UNIQUELY	Dose Level 1	LEAF-OUT/LEAF-QD-group0.tsv:line 18	RETAINED_UNVERIFIED_WITH_LOCATOR		armGroups[1].label is the verbatim trailing substring of group_title AND armGroups[1].description temozolomide dose equals the group description dose	NEWLINE_TO_SPACE;CUT_AT_400_CHARS;TSV_WRITE_NORMALISES_TAB_AND_NEWLINE;ORIGINAL_RETRIEVABLE_ONLY_VIA_leaf_claim_locator	149	NO	NO	CONFIRMED	LEAF_WITHIN_RECORD_RELATION	Dose Level 1	NOT_CONTROL_CONFIRMED	UNKNOWN_WEAK_MATCH_ONLY	CHANGED_CLASS:NOT_CONTROL_ASSERTED->UNKNOWN	Bevacizmuab 10 mg/kg IV days 1 and 15 Irinotecan 125 mg/m\^2 IV days 1 and 15 Temozolomide 125 mg/m\^2 PO days 1-5 28 day cycle	NEWLINE_TO_SPACE;CUT_AT_400_CHARS;TSV_WRITE_NORMALISES_TAB_AND_NEWLINE;ORIGINAL_RETRIEVABLE_ONLY_VIA_the cached source record	127
NCT00876993	Best Response of Children With Recurrent or Refractory Central Nervous System Tumors With This Combination of Chemotherapy Agents.	Cohort 2 - Dose Level 0	6	1999_2009	bor	5	5	ALL_ARMS_NON_CONTROL_TYPED	EXPERIMENTAL | EXPERIMENTAL | EXPERIMENTAL | EXPERIMENTAL | EXPERIMENTAL	PROPOSED	LEAF_CLAIM_NOT_VERIFIABLE_FROM_EXACT_SOURCE_FIELDS	DELIVERED_LEAF:LEAF-QD-group0.tsv	LEAF-OUT/LEAF-QD-group0.tsv:line 19; candidate protocolSection.armsInterventionsModule.armGroups[0].label	1	0	Dose Level 0	EXPERIMENTAL									UNKNOWN_IN_THIS_CACHE	no source-field-matched arm link and no comparator wording in the group record			NOT_ESTABLISHED_REGISTRY_JOIN_FIELDS_ABSENT_FROM_THIS_CACHE	ALL_REGISTERED_ARMS_NON_COMPARATOR_TYPED_CONDITIONAL	ASSUMES_THIS_RESULTS_GROUP_IS_A_SUBSET_OF_THE_REGISTERED_ARM_SET_MEMBERSHIP_UNPROVED		LEAF_LABEL_RESOLVES_UNIQUELY	Dose Level 0	LEAF-OUT/LEAF-QD-group0.tsv:line 19	RETAINED_UNVERIFIED_WITH_LOCATOR		armGroups[0].label is the verbatim trailing substring of group_title AND armGroups[0].description temozolomide dose equals the group description dose	NEWLINE_TO_SPACE;CUT_AT_400_CHARS;TSV_WRITE_NORMALISES_TAB_AND_NEWLINE;ORIGINAL_RETRIEVABLE_ONLY_VIA_leaf_claim_locator	149	NO	NO	CONFIRMED	LEAF_WITHIN_RECORD_RELATION	Dose Level 0	NOT_CONTROL_CONFIRMED	UNKNOWN_WEAK_MATCH_ONLY	CHANGED_CLASS:NOT_CONTROL_ASSERTED->UNKNOWN	Bevacizmuab 10 mg/kg IV days 1 and 15 Irinotecan 125 mg/m\^2 IV days 1 and 15 Temozolomide 75 mg/m\^2 PO days 1-5 28 day cycle	NEWLINE_TO_SPACE;CUT_AT_400_CHARS;TSV_WRITE_NORMALISES_TAB_AND_NEWLINE;ORIGINAL_RETRIEVABLE_ONLY_VIA_the cached source record	126
NCT00876993	Best Response of Children With Recurrent or Refractory Central Nervous System Tumors With This Combination of Chemotherapy Agents.	Cohort 3 - Dose Level 1	3	1999_2009	bor	5	5	ALL_ARMS_NON_CONTROL_TYPED	EXPERIMENTAL | EXPERIMENTAL | EXPERIMENTAL | EXPERIMENTAL | EXPERIMENTAL	PROPOSED	LEAF_CLAIM_NOT_VERIFIABLE_FROM_EXACT_SOURCE_FIELDS	DELIVERED_LEAF:LEAF-QD-group0.tsv	LEAF-OUT/LEAF-QD-group0.tsv:line 20; candidate protocolSection.armsInterventionsModule.armGroups[1].label	1	1	Dose Level 1	EXPERIMENTAL									UNKNOWN_IN_THIS_CACHE	no source-field-matched arm link and no comparator wording in the group record			NOT_ESTABLISHED_REGISTRY_JOIN_FIELDS_ABSENT_FROM_THIS_CACHE	ALL_REGISTERED_ARMS_NON_COMPARATOR_TYPED_CONDITIONAL	ASSUMES_THIS_RESULTS_GROUP_IS_A_SUBSET_OF_THE_REGISTERED_ARM_SET_MEMBERSHIP_UNPROVED		LEAF_LABEL_RESOLVES_UNIQUELY	Dose Level 1	LEAF-OUT/LEAF-QD-group0.tsv:line 20	RETAINED_UNVERIFIED_WITH_LOCATOR		armGroups[1].label is the verbatim trailing substring of group_title AND armGroups[1].description temozolomide dose equals the group description dose	NEWLINE_TO_SPACE;CUT_AT_400_CHARS;TSV_WRITE_NORMALISES_TAB_AND_NEWLINE;ORIGINAL_RETRIEVABLE_ONLY_VIA_leaf_claim_locator	149	NO	NO	CONFIRMED	LEAF_WITHIN_RECORD_RELATION	Dose Level 1	NOT_CONTROL_CONFIRMED	UNKNOWN_WEAK_MATCH_ONLY	CHANGED_CLASS:NOT_CONTROL_ASSERTED->UNKNOWN	Bevacizmuab 10 mg/kg IV days 1 and 15 Irinotecan 125 mg/m\^2 IV days 1 and 15 Temozolomide 125 mg/m\^2 PO days 1-5 28 day cycle	NEWLINE_TO_SPACE;CUT_AT_400_CHARS;TSV_WRITE_NORMALISES_TAB_AND_NEWLINE;ORIGINAL_RETRIEVABLE_ONLY_VIA_the cached source record	127
NCT00876993	Best Response of Children With Recurrent or Refractory Central Nervous System Tumors With This Combination of Chemotherapy Agents.	Cohort 4 - Dose Level 2	5	1999_2009	bor	5	5	ALL_ARMS_NON_CONTROL_TYPED	EXPERIMENTAL | EXPERIMENTAL | EXPERIMENTAL | EXPERIMENTAL | EXPERIMENTAL	PROPOSED	LEAF_CLAIM_NOT_VERIFIABLE_FROM_EXACT_SOURCE_FIELDS	DELIVERED_LEAF:LEAF-QD-group0.tsv	LEAF-OUT/LEAF-QD-group0.tsv:line 21; candidate protocolSection.armsInterventionsModule.armGroups[2].label	1	2	Dose Level 2	EXPERIMENTAL									UNKNOWN_IN_THIS_CACHE	no source-field-matched arm link and no comparator wording in the group record			NOT_ESTABLISHED_REGISTRY_JOIN_FIELDS_ABSENT_FROM_THIS_CACHE	ALL_REGISTERED_ARMS_NON_COMPARATOR_TYPED_CONDITIONAL	ASSUMES_THIS_RESULTS_GROUP_IS_A_SUBSET_OF_THE_REGISTERED_ARM_SET_MEMBERSHIP_UNPROVED		LEAF_LABEL_RESOLVES_UNIQUELY	Dose Level 2	LEAF-OUT/LEAF-QD-group0.tsv:line 21	RETAINED_UNVERIFIED_WITH_LOCATOR		armGroups[2].label is the verbatim trailing substring of group_title AND armGroups[2].description temozolomide dose equals the group description dose	NEWLINE_TO_SPACE;CUT_AT_400_CHARS;TSV_WRITE_NORMALISES_TAB_AND_NEWLINE;ORIGINAL_RETRIEVABLE_ONLY_VIA_leaf_claim_locator	149	NO	NO	CONFIRMED	LEAF_WITHIN_RECORD_RELATION	Dose Level 2	NOT_CONTROL_CONFIRMED	UNKNOWN_WEAK_MATCH_ONLY	CHANGED_CLASS:NOT_CONTROL_ASSERTED->UNKNOWN	Bevacizmuab 10 mg/kg IV days 1 and 15 Irinotecan 125 mg/m\^2 IV days 1 and 15 Temozolomide 175 mg/m\^2 PO days 1-5 28 day cycle	NEWLINE_TO_SPACE;CUT_AT_400_CHARS;TSV_WRITE_NORMALISES_TAB_AND_NEWLINE;ORIGINAL_RETRIEVABLE_ONLY_VIA_the cached source record	127
NCT00876993	Best Response of Children With Recurrent or Refractory Central Nervous System Tumors With This Combination of Chemotherapy Agents.	Cohort 5 - Dose Level 1	3	1999_2009	bor	5	5	ALL_ARMS_NON_CONTROL_TYPED	EXPERIMENTAL | EXPERIMENTAL | EXPERIMENTAL | EXPERIMENTAL | EXPERIMENTAL	PROPOSED	LEAF_CLAIM_NOT_VERIFIABLE_FROM_EXACT_SOURCE_FIELDS	DELIVERED_LEAF:LEAF-QD-group0.tsv	LEAF-OUT/LEAF-QD-group0.tsv:line 22; candidate protocolSection.armsInterventionsModule.armGroups[1].label	1	1	Dose Level 1	EXPERIMENTAL									UNKNOWN_IN_THIS_CACHE	no source-field-matched arm link and no comparator wording in the group record			NOT_ESTABLISHED_REGISTRY_JOIN_FIELDS_ABSENT_FROM_THIS_CACHE	ALL_REGISTERED_ARMS_NON_COMPARATOR_TYPED_CONDITIONAL	ASSUMES_THIS_RESULTS_GROUP_IS_A_SUBSET_OF_THE_REGISTERED_ARM_SET_MEMBERSHIP_UNPROVED		LEAF_LABEL_RESOLVES_UNIQUELY	Dose Level 1	LEAF-OUT/LEAF-QD-group0.tsv:line 22	RETAINED_UNVERIFIED_WITH_LOCATOR		armGroups[1].label is the verbatim trailing substring of group_title AND armGroups[1].description temozolomide dose equals the group description dose	NEWLINE_TO_SPACE;CUT_AT_400_CHARS;TSV_WRITE_NORMALISES_TAB_AND_NEWLINE;ORIGINAL_RETRIEVABLE_ONLY_VIA_leaf_claim_locator	149	NO	NO	CONFIRMED	LEAF_WITHIN_RECORD_RELATION	Dose Level 1	NOT_CONTROL_CONFIRMED	UNKNOWN_WEAK_MATCH_ONLY	CHANGED_CLASS:NOT_CONTROL_ASSERTED->UNKNOWN	Bevacizmuab 10 mg/kg IV days 1 and 15 Irinotecan 125 mg/m\^2 IV days 1 and 15 Temozolomide 125 mg/m\^2 PO days 1-5 28 day cycle	NEWLINE_TO_SPACE;CUT_AT_400_CHARS;TSV_WRITE_NORMALISES_TAB_AND_NEWLINE;ORIGINAL_RETRIEVABLE_ONLY_VIA_the cached source record	127
NCT00654238	To Determine the Efficacy (Best Response) of BAY 43-9006 (Objective Response Rate and Stable Disease) in Patients With Metastatic Thyroid Carcinoma.	Sorafenib	1	1999_2009	bor	1	1	ALL_ARMS_NON_CONTROL_TYPED	EXPERIMENTAL	PROPOSED	LEAF_CLAIM_NOT_VERIFIABLE_FROM_EXACT_SOURCE_FIELDS	DELIVERED_LEAF:LEAF-QD-group0.tsv	LEAF-OUT/LEAF-QD-group0.tsv:line 13; candidate protocolSection.armsInterventionsModule.armGroups[0].label	1	0	1	EXPERIMENTAL									UNKNOWN_IN_THIS_CACHE	no source-field-matched arm link and no comparator wording in the group record			NOT_ESTABLISHED_REGISTRY_JOIN_FIELDS_ABSENT_FROM_THIS_CACHE	ALL_REGISTERED_ARMS_NON_COMPARATOR_TYPED_CONDITIONAL	ASSUMES_THIS_RESULTS_GROUP_IS_A_SUBSET_OF_THE_REGISTERED_ARM_SET_MEMBERSHIP_UNPROVED		LEAF_LABEL_RESOLVES_UNIQUELY	1	LEAF-OUT/LEAF-QD-group0.tsv:line 13	RETAINED_UNVERIFIED_WITH_LOCATOR		armGroups[0].description ('This is a single arm study.') is the verbatim opening of the group description; armGroups[0].interventionNames 'Drug: sorafenib' equals group_title; armGroups cardinality = 1	NEWLINE_TO_SPACE;CUT_AT_400_CHARS;TSV_WRITE_NORMALISES_TAB_AND_NEWLINE;ORIGINAL_RETRIEVABLE_ONLY_VIA_leaf_claim_locator	201	NO	NO	CONFIRMED	LEAF_WITHIN_RECORD_RELATION	1	NOT_CONTROL_CONFIRMED	NOT_CONTROL_SINGLE_ARM_TRIAL	CHANGED_CLASS:NOT_CONTROL_ASSERTED->UNKNOWN	This is a single arm study.  sorafenib: 400mg PO BID daily	NEWLINE_TO_SPACE;CUT_AT_400_CHARS;TSV_WRITE_NORMALISES_TAB_AND_NEWLINE;ORIGINAL_RETRIEVABLE_ONLY_VIA_the cached source record	58
NCT00756509	Proportion of Participants With Best Overall Response at Month 6 (Core Phase) Determined According to the RECIST v1.0.	Nilotinib	41	1999_2009	bor	1	1	ALL_ARMS_NON_CONTROL_TYPED	EXPERIMENTAL	LABEL_MATCH	LABEL_FIELD_MATCH_ONLY:LABEL_CASE_WS_FOLD	SOURCE_RECORD	protocolSection.armsInterventionsModule.armGroups[0].label	1	0	nilotinib	EXPERIMENTAL	0	nilotinib	EXPERIMENTAL						NOT_ESTABLISHED_IN_THIS_CACHE	bound arm 0 registered type EXPERIMENTAL (verbatim). A registered type of EXPERIMENTAL/OTHER is not evidence that this group had no comparator role; no comparator evidence exists in this cache either way			NOT_ESTABLISHED_REGISTRY_JOIN_FIELDS_ABSENT_FROM_THIS_CACHE	BOUND_ARM_REGISTERED_TYPE_IS_EXPERIMENTAL	ASSUMES_LABEL_FIELD_CORRESPONDENCE_IS_ARM_IDENTITY_UNPROVED		NO_LEAF									NO	CONFIRMED	LABEL_CASE_AND_WHITESPACE_ONLY	nilotinib	NOT_CONTROL_CONFIRMED	NOT_CONTROL	CHANGED_CLASS:NOT_CONTROL_ASSERTED->NOT_ESTABLISHED	Participants who received 400 mg bid of nilotinib	NEWLINE_TO_SPACE;CUT_AT_400_CHARS;TSV_WRITE_NORMALISES_TAB_AND_NEWLINE;ORIGINAL_RETRIEVABLE_ONLY_VIA_the cached source record	49
NCT01648764	Number of Participants With Best Overall Response (BOR)	40 mg LY - Arm A Dose Escalation	3	1999_2009	bor	2	14	ALL_ARMS_NON_CONTROL_TYPED	EXPERIMENTAL | EXPERIMENTAL	PROPOSED	LEAF_CLAIM_NOT_VERIFIABLE_FROM_EXACT_SOURCE_FIELDS	DELIVERED_LEAF:LEAF-QD-group0.tsv	LEAF-OUT/LEAF-QD-group0.tsv:line 70; candidate protocolSection.armsInterventionsModule.armGroups[0].label	1	0	LY2334737 - Arm A	EXPERIMENTAL									UNKNOWN_IN_THIS_CACHE	no source-field-matched arm link and no comparator wording in the group record			NOT_ESTABLISHED_REGISTRY_JOIN_FIELDS_ABSENT_FROM_THIS_CACHE	ALL_REGISTERED_ARMS_NON_COMPARATOR_TYPED_CONDITIONAL	ASSUMES_THIS_RESULTS_GROUP_IS_A_SUBSET_OF_THE_REGISTERED_ARM_SET_MEMBERSHIP_UNPROVED		LEAF_LABEL_RESOLVES_UNIQUELY	LY2334737 - Arm A	LEAF-OUT/LEAF-QD-group0.tsv:line 70	RETAINED_UNVERIFIED_WITH_LOCATOR		group_title contains the token 'Arm A' matching armGroups[0].label 'LY2334737 - Arm A', AND armGroups[0].description dosing schedule is reproduced verbatim in the group description	NEWLINE_TO_SPACE;CUT_AT_400_CHARS;TSV_WRITE_NORMALISES_TAB_AND_NEWLINE;ORIGINAL_RETRIEVABLE_ONLY_VIA_leaf_claim_locator	180	NO	NO	CONFIRMED	LEAF_WITHIN_RECORD_RELATION	LY2334737 - Arm A	NOT_CONTROL_CONFIRMED	UNKNOWN	CHANGED_CLASS:NOT_CONTROL_ASSERTED->UNKNOWN	40 milligrams (mg) LY2334737 (LY) administered orally every other day for 21 days followed by 7 days without study drug (28-day treatment cycle). Participants could have received additional treatment cycles until discontinuation criterion was met.	NEWLINE_TO_SPACE;CUT_AT_400_CHARS;TSV_WRITE_NORMALISES_TAB_AND_NEWLINE;ORIGINAL_RETRIEVABLE_ONLY_VIA_the cached source record	247
NCT01648764	Number of Participants With Best Overall Response (BOR)	50 mg LY - Arm A Dose Escalation	3	1999_2009	bor	2	14	ALL_ARMS_NON_CONTROL_TYPED	EXPERIMENTAL | EXPERIMENTAL	PROPOSED	LEAF_CLAIM_NOT_VERIFIABLE_FROM_EXACT_SOURCE_FIELDS	DELIVERED_LEAF:LEAF-QD-group0.tsv	LEAF-OUT/LEAF-QD-group0.tsv:line 72; candidate protocolSection.armsInterventionsModule.armGroups[0].label	1	0	LY2334737 - Arm A	EXPERIMENTAL									UNKNOWN_IN_THIS_CACHE	no source-field-matched arm link and no comparator wording in the group record			NOT_ESTABLISHED_REGISTRY_JOIN_FIELDS_ABSENT_FROM_THIS_CACHE	ALL_REGISTERED_ARMS_NON_COMPARATOR_TYPED_CONDITIONAL	ASSUMES_THIS_RESULTS_GROUP_IS_A_SUBSET_OF_THE_REGISTERED_ARM_SET_MEMBERSHIP_UNPROVED		LEAF_LABEL_RESOLVES_UNIQUELY	LY2334737 - Arm A	LEAF-OUT/LEAF-QD-group0.tsv:line 72	RETAINED_UNVERIFIED_WITH_LOCATOR		group_title contains the token 'Arm A' matching armGroups[0].label 'LY2334737 - Arm A', AND armGroups[0].description dosing schedule is reproduced verbatim in the group description	NEWLINE_TO_SPACE;CUT_AT_400_CHARS;TSV_WRITE_NORMALISES_TAB_AND_NEWLINE;ORIGINAL_RETRIEVABLE_ONLY_VIA_leaf_claim_locator	180	NO	NO	CONFIRMED	LEAF_WITHIN_RECORD_RELATION	LY2334737 - Arm A	NOT_CONTROL_CONFIRMED	UNKNOWN	CHANGED_CLASS:NOT_CONTROL_ASSERTED->UNKNOWN	50 mg LY2334737 administered orally every other day for 21 days followed by 7 days without study drug (28-day treatment cycle). Participants could have received additional treatment cycles until discontinuation criterion was met.	NEWLINE_TO_SPACE;CUT_AT_400_CHARS;TSV_WRITE_NORMALISES_TAB_AND_NEWLINE;ORIGINAL_RETRIEVABLE_ONLY_VIA_the cached source record	229
NCT01648764	Number of Participants With Best Overall Response (BOR)	60 mg LY - Arm A Dose Escalation	3	1999_2009	bor	2	14	ALL_ARMS_NON_CONTROL_TYPED	EXPERIMENTAL | EXPERIMENTAL	PROPOSED	LEAF_CLAIM_NOT_VERIFIABLE_FROM_EXACT_SOURCE_FIELDS	DELIVERED_LEAF:LEAF-QD-group0.tsv	LEAF-OUT/LEAF-QD-group0.tsv:line 74; candidate protocolSection.armsInterventionsModule.armGroups[0].label	1	0	LY2334737 - Arm A	EXPERIMENTAL									UNKNOWN_IN_THIS_CACHE	no source-field-matched arm link and no comparator wording in the group record			NOT_ESTABLISHED_REGISTRY_JOIN_FIELDS_ABSENT_FROM_THIS_CACHE	ALL_REGISTERED_ARMS_NON_COMPARATOR_TYPED_CONDITIONAL	ASSUMES_THIS_RESULTS_GROUP_IS_A_SUBSET_OF_THE_REGISTERED_ARM_SET_MEMBERSHIP_UNPROVED		LEAF_LABEL_RESOLVES_UNIQUELY	LY2334737 - Arm A	LEAF-OUT/LEAF-QD-group0.tsv:line 74	RETAINED_UNVERIFIED_WITH_LOCATOR		group_title contains the token 'Arm A' matching armGroups[0].label 'LY2334737 - Arm A', AND armGroups[0].description dosing schedule is reproduced verbatim in the group description	NEWLINE_TO_SPACE;CUT_AT_400_CHARS;TSV_WRITE_NORMALISES_TAB_AND_NEWLINE;ORIGINAL_RETRIEVABLE_ONLY_VIA_leaf_claim_locator	180	NO	NO	CONFIRMED	LEAF_WITHIN_RECORD_RELATION	LY2334737 - Arm A	NOT_CONTROL_CONFIRMED	UNKNOWN	CHANGED_CLASS:NOT_CONTROL_ASSERTED->UNKNOWN	60 mg LY2334737 administered orally every other day for 21 days followed by 7 days without study drug (28-day treatment cycle). Participants could have received additional treatment cycles until discontinuation criterion was met.	NEWLINE_TO_SPACE;CUT_AT_400_CHARS;TSV_WRITE_NORMALISES_TAB_AND_NEWLINE;ORIGINAL_RETRIEVABLE_ONLY_VIA_the cached source record	229
NCT01648764	Number of Participants With Best Overall Response (BOR)	70 mg LY - Arm A Dose Escalation	3	1999_2009	bor	2	14	ALL_ARMS_NON_CONTROL_TYPED	EXPERIMENTAL | EXPERIMENTAL	PROPOSED	LEAF_CLAIM_NOT_VERIFIABLE_FROM_EXACT_SOURCE_FIELDS	DELIVERED_LEAF:LEAF-QD-group0.tsv	LEAF-OUT/LEAF-QD-group0.tsv:line 76; candidate protocolSection.armsInterventionsModule.armGroups[0].label	1	0	LY2334737 - Arm A	EXPERIMENTAL									UNKNOWN_IN_THIS_CACHE	no source-field-matched arm link and no comparator wording in the group record			NOT_ESTABLISHED_REGISTRY_JOIN_FIELDS_ABSENT_FROM_THIS_CACHE	ALL_REGISTERED_ARMS_NON_COMPARATOR_TYPED_CONDITIONAL	ASSUMES_THIS_RESULTS_GROUP_IS_A_SUBSET_OF_THE_REGISTERED_ARM_SET_MEMBERSHIP_UNPROVED		LEAF_LABEL_RESOLVES_UNIQUELY	LY2334737 - Arm A	LEAF-OUT/LEAF-QD-group0.tsv:line 76	RETAINED_UNVERIFIED_WITH_LOCATOR		group_title contains the token 'Arm A' matching armGroups[0].label 'LY2334737 - Arm A', AND armGroups[0].description dosing schedule is reproduced verbatim in the group description	NEWLINE_TO_SPACE;CUT_AT_400_CHARS;TSV_WRITE_NORMALISES_TAB_AND_NEWLINE;ORIGINAL_RETRIEVABLE_ONLY_VIA_leaf_claim_locator	180	NO	NO	CONFIRMED	LEAF_WITHIN_RECORD_RELATION	LY2334737 - Arm A	NOT_CONTROL_CONFIRMED	UNKNOWN	CHANGED_CLASS:NOT_CONTROL_ASSERTED->UNKNOWN	70 mg LY2334737 administered orally every other day for 21 days followed by 7 days without study drug (28-day treatment cycle). Participants could have received additional treatment cycles until discontinuation criterion was met.	NEWLINE_TO_SPACE;CUT_AT_400_CHARS;TSV_WRITE_NORMALISES_TAB_AND_NEWLINE;ORIGINAL_RETRIEVABLE_ONLY_VIA_the cached source record	229
NCT01648764	Number of Participants With Best Overall Response (BOR)	80 mg LY - Arm A Dose Escalation	3	1999_2009	bor	2	14	ALL_ARMS_NON_CONTROL_TYPED	EXPERIMENTAL | EXPERIMENTAL	PROPOSED	LEAF_CLAIM_NOT_VERIFIABLE_FROM_EXACT_SOURCE_FIELDS	DELIVERED_LEAF:LEAF-QD-group0.tsv	LEAF-OUT/LEAF-QD-group0.tsv:line 78; candidate protocolSection.armsInterventionsModule.armGroups[0].label	1	0	LY2334737 - Arm A	EXPERIMENTAL									UNKNOWN_IN_THIS_CACHE	no source-field-matched arm link and no comparator wording in the group record			NOT_ESTABLISHED_REGISTRY_JOIN_FIELDS_ABSENT_FROM_THIS_CACHE	ALL_REGISTERED_ARMS_NON_COMPARATOR_TYPED_CONDITIONAL	ASSUMES_THIS_RESULTS_GROUP_IS_A_SUBSET_OF_THE_REGISTERED_ARM_SET_MEMBERSHIP_UNPROVED		LEAF_LABEL_RESOLVES_UNIQUELY	LY2334737 - Arm A	LEAF-OUT/LEAF-QD-group0.tsv:line 78	RETAINED_UNVERIFIED_WITH_LOCATOR		group_title contains the token 'Arm A' matching armGroups[0].label 'LY2334737 - Arm A', AND armGroups[0].description dosing schedule is reproduced verbatim in the group description	NEWLINE_TO_SPACE;CUT_AT_400_CHARS;TSV_WRITE_NORMALISES_TAB_AND_NEWLINE;ORIGINAL_RETRIEVABLE_ONLY_VIA_leaf_claim_locator	180	NO	NO	CONFIRMED	LEAF_WITHIN_RECORD_RELATION	LY2334737 - Arm A	NOT_CONTROL_CONFIRMED	UNKNOWN	CHANGED_CLASS:NOT_CONTROL_ASSERTED->UNKNOWN	80 mg LY2334737 administered orally every other day for 21 days followed by 7 days without study drug (28-day treatment cycle). Participants could have received additional treatment cycles until discontinuation criterion was met.	NEWLINE_TO_SPACE;CUT_AT_400_CHARS;TSV_WRITE_NORMALISES_TAB_AND_NEWLINE;ORIGINAL_RETRIEVABLE_ONLY_VIA_the cached source record	229
NCT01648764	Number of Participants With Best Overall Response (BOR)	90 mg LY - Arm A Dose Escalation	2	1999_2009	bor	2	14	ALL_ARMS_NON_CONTROL_TYPED	EXPERIMENTAL | EXPERIMENTAL	PROPOSED	LEAF_CLAIM_NOT_VERIFIABLE_FROM_EXACT_SOURCE_FIELDS	DELIVERED_LEAF:LEAF-QD-group0.tsv	LEAF-OUT/LEAF-QD-group0.tsv:line 81; candidate protocolSection.armsInterventionsModule.armGroups[0].label	1	0	LY2334737 - Arm A	EXPERIMENTAL									UNKNOWN_IN_THIS_CACHE	no source-field-matched arm link and no comparator wording in the group record			NOT_ESTABLISHED_REGISTRY_JOIN_FIELDS_ABSENT_FROM_THIS_CACHE	ALL_REGISTERED_ARMS_NON_COMPARATOR_TYPED_CONDITIONAL	ASSUMES_THIS_RESULTS_GROUP_IS_A_SUBSET_OF_THE_REGISTERED_ARM_SET_MEMBERSHIP_UNPROVED		LEAF_LABEL_RESOLVES_UNIQUELY	LY2334737 - Arm A	LEAF-OUT/LEAF-QD-group0.tsv:line 81	RETAINED_UNVERIFIED_WITH_LOCATOR		group_title contains the token 'Arm A' matching armGroups[0].label 'LY2334737 - Arm A', AND armGroups[0].description dosing schedule is reproduced verbatim in the group description	NEWLINE_TO_SPACE;CUT_AT_400_CHARS;TSV_WRITE_NORMALISES_TAB_AND_NEWLINE;ORIGINAL_RETRIEVABLE_ONLY_VIA_leaf_claim_locator	180	NO	NO	CONFIRMED	LEAF_WITHIN_RECORD_RELATION	LY2334737 - Arm A	NOT_CONTROL_CONFIRMED	UNKNOWN	CHANGED_CLASS:NOT_CONTROL_ASSERTED->UNKNOWN	90 mg LY2334737 administered orally every other day for 21 days followed by 7 days without study drug (28-day treatment cycle). Participants could have received additional treatment cycles until discontinuation criterion was met.	NEWLINE_TO_SPACE;CUT_AT_400_CHARS;TSV_WRITE_NORMALISES_TAB_AND_NEWLINE;ORIGINAL_RETRIEVABLE_ONLY_VIA_the cached source record	229
NCT01648764	Number of Participants With Best Overall Response (BOR)	100 mg LY - Arm A Dose Escalation	5	1999_2009	bor	2	14	ALL_ARMS_NON_CONTROL_TYPED	EXPERIMENTAL | EXPERIMENTAL	PROPOSED	LEAF_CLAIM_NOT_VERIFIABLE_FROM_EXACT_SOURCE_FIELDS	DELIVERED_LEAF:LEAF-QD-group0.tsv	LEAF-OUT/LEAF-QD-group0.tsv:line 69; candidate protocolSection.armsInterventionsModule.armGroups[0].label	1	0	LY2334737 - Arm A	EXPERIMENTAL									UNKNOWN_IN_THIS_CACHE	no source-field-matched arm link and no comparator wording in the group record			NOT_ESTABLISHED_REGISTRY_JOIN_FIELDS_ABSENT_FROM_THIS_CACHE	ALL_REGISTERED_ARMS_NON_COMPARATOR_TYPED_CONDITIONAL	ASSUMES_THIS_RESULTS_GROUP_IS_A_SUBSET_OF_THE_REGISTERED_ARM_SET_MEMBERSHIP_UNPROVED		LEAF_LABEL_RESOLVES_UNIQUELY	LY2334737 - Arm A	LEAF-OUT/LEAF-QD-group0.tsv:line 69	RETAINED_UNVERIFIED_WITH_LOCATOR		group_title contains the token 'Arm A' matching armGroups[0].label 'LY2334737 - Arm A', AND armGroups[0].description dosing schedule is reproduced verbatim in the group description	NEWLINE_TO_SPACE;CUT_AT_400_CHARS;TSV_WRITE_NORMALISES_TAB_AND_NEWLINE;ORIGINAL_RETRIEVABLE_ONLY_VIA_leaf_claim_locator	180	NO	NO	CONFIRMED	LEAF_WITHIN_RECORD_RELATION	LY2334737 - Arm A	NOT_CONTROL_CONFIRMED	UNKNOWN	CHANGED_CLASS:NOT_CONTROL_ASSERTED->UNKNOWN	100 mg LY2334737 administered orally every other day for 21 days followed by 7 days without study drug (28-day treatment cycle). Participants could have received additional treatment cycles until discontinuation criterion was met.	NEWLINE_TO_SPACE;CUT_AT_400_CHARS;TSV_WRITE_NORMALISES_TAB_AND_NEWLINE;ORIGINAL_RETRIEVABLE_ONLY_VIA_the cached source record	230
NCT01648764	Number of Participants With Best Overall Response (BOR)	40 mg LY - Arm B Dose Escalation	3	1999_2009	bor	2	14	ALL_ARMS_NON_CONTROL_TYPED	EXPERIMENTAL | EXPERIMENTAL	PROPOSED	LEAF_CLAIM_NOT_VERIFIABLE_FROM_EXACT_SOURCE_FIELDS	DELIVERED_LEAF:LEAF-QD-group0.tsv	LEAF-OUT/LEAF-QD-group0.tsv:line 71; candidate protocolSection.armsInterventionsModule.armGroups[1].label	1	1	LY2334737 - Arm B	EXPERIMENTAL									UNKNOWN_IN_THIS_CACHE	no source-field-matched arm link and no comparator wording in the group record			NOT_ESTABLISHED_REGISTRY_JOIN_FIELDS_ABSENT_FROM_THIS_CACHE	ALL_REGISTERED_ARMS_NON_COMPARATOR_TYPED_CONDITIONAL	ASSUMES_THIS_RESULTS_GROUP_IS_A_SUBSET_OF_THE_REGISTERED_ARM_SET_MEMBERSHIP_UNPROVED		LEAF_LABEL_RESOLVES_UNIQUELY	LY2334737 - Arm B	LEAF-OUT/LEAF-QD-group0.tsv:line 71	RETAINED_UNVERIFIED_WITH_LOCATOR		group_title contains the token 'Arm B' matching armGroups[1].label 'LY2334737 - Arm B', AND armGroups[1].description dosing schedule is reproduced verbatim in the group description	NEWLINE_TO_SPACE;CUT_AT_400_CHARS;TSV_WRITE_NORMALISES_TAB_AND_NEWLINE;ORIGINAL_RETRIEVABLE_ONLY_VIA_leaf_claim_locator	180	NO	NO	CONFIRMED	LEAF_WITHIN_RECORD_RELATION	LY2334737 - Arm B	NOT_CONTROL_CONFIRMED	UNKNOWN	CHANGED_CLASS:NOT_CONTROL_ASSERTED->UNKNOWN	40 mg LY2334737 administered orally every day for 7 days followed by 7 days without study drug then repeated (28-day treatment cycle). Participants could have received additional treatment cycles until discontinuation criterion was met.	NEWLINE_TO_SPACE;CUT_AT_400_CHARS;TSV_WRITE_NORMALISES_TAB_AND_NEWLINE;ORIGINAL_RETRIEVABLE_ONLY_VIA_the cached source record	236
NCT01648764	Number of Participants With Best Overall Response (BOR)	50 mg LY - Arm B Dose Escalation	3	1999_2009	bor	2	14	ALL_ARMS_NON_CONTROL_TYPED	EXPERIMENTAL | EXPERIMENTAL	PROPOSED	LEAF_CLAIM_NOT_VERIFIABLE_FROM_EXACT_SOURCE_FIELDS	DELIVERED_LEAF:LEAF-QD-group0.tsv	LEAF-OUT/LEAF-QD-group0.tsv:line 73; candidate protocolSection.armsInterventionsModule.armGroups[1].label	1	1	LY2334737 - Arm B	EXPERIMENTAL									UNKNOWN_IN_THIS_CACHE	no source-field-matched arm link and no comparator wording in the group record			NOT_ESTABLISHED_REGISTRY_JOIN_FIELDS_ABSENT_FROM_THIS_CACHE	ALL_REGISTERED_ARMS_NON_COMPARATOR_TYPED_CONDITIONAL	ASSUMES_THIS_RESULTS_GROUP_IS_A_SUBSET_OF_THE_REGISTERED_ARM_SET_MEMBERSHIP_UNPROVED		LEAF_LABEL_RESOLVES_UNIQUELY	LY2334737 - Arm B	LEAF-OUT/LEAF-QD-group0.tsv:line 73	RETAINED_UNVERIFIED_WITH_LOCATOR		group_title contains the token 'Arm B' matching armGroups[1].label 'LY2334737 - Arm B', AND armGroups[1].description dosing schedule is reproduced verbatim in the group description	NEWLINE_TO_SPACE;CUT_AT_400_CHARS;TSV_WRITE_NORMALISES_TAB_AND_NEWLINE;ORIGINAL_RETRIEVABLE_ONLY_VIA_leaf_claim_locator	180	NO	NO	CONFIRMED	LEAF_WITHIN_RECORD_RELATION	LY2334737 - Arm B	NOT_CONTROL_CONFIRMED	UNKNOWN	CHANGED_CLASS:NOT_CONTROL_ASSERTED->UNKNOWN	50 mg LY2334737 administered orally every day for 7 days followed by 7 days without study drug then repeated (28-day treatment cycle). Participants could have received additional treatment cycles until discontinuation criterion was met.	NEWLINE_TO_SPACE;CUT_AT_400_CHARS;TSV_WRITE_NORMALISES_TAB_AND_NEWLINE;ORIGINAL_RETRIEVABLE_ONLY_VIA_the cached source record	236
NCT01648764	Number of Participants With Best Overall Response (BOR)	60 mg LY - Arm B Dose Escalation	5	1999_2009	bor	2	14	ALL_ARMS_NON_CONTROL_TYPED	EXPERIMENTAL | EXPERIMENTAL	PROPOSED	LEAF_CLAIM_NOT_VERIFIABLE_FROM_EXACT_SOURCE_FIELDS	DELIVERED_LEAF:LEAF-QD-group0.tsv	LEAF-OUT/LEAF-QD-group0.tsv:line 75; candidate protocolSection.armsInterventionsModule.armGroups[1].label	1	1	LY2334737 - Arm B	EXPERIMENTAL									UNKNOWN_IN_THIS_CACHE	no source-field-matched arm link and no comparator wording in the group record			NOT_ESTABLISHED_REGISTRY_JOIN_FIELDS_ABSENT_FROM_THIS_CACHE	ALL_REGISTERED_ARMS_NON_COMPARATOR_TYPED_CONDITIONAL	ASSUMES_THIS_RESULTS_GROUP_IS_A_SUBSET_OF_THE_REGISTERED_ARM_SET_MEMBERSHIP_UNPROVED		LEAF_LABEL_RESOLVES_UNIQUELY	LY2334737 - Arm B	LEAF-OUT/LEAF-QD-group0.tsv:line 75	RETAINED_UNVERIFIED_WITH_LOCATOR		group_title contains the token 'Arm B' matching armGroups[1].label 'LY2334737 - Arm B', AND armGroups[1].description dosing schedule is reproduced verbatim in the group description	NEWLINE_TO_SPACE;CUT_AT_400_CHARS;TSV_WRITE_NORMALISES_TAB_AND_NEWLINE;ORIGINAL_RETRIEVABLE_ONLY_VIA_leaf_claim_locator	180	NO	NO	CONFIRMED	LEAF_WITHIN_RECORD_RELATION	LY2334737 - Arm B	NOT_CONTROL_CONFIRMED	UNKNOWN	CHANGED_CLASS:NOT_CONTROL_ASSERTED->UNKNOWN	60 mg LY2334737 administered orally every day for 7 days followed by 7 days without study drug then repeated (28-day treatment cycle). Participants could have received additional treatment cycles until discontinuation criterion was met.	NEWLINE_TO_SPACE;CUT_AT_400_CHARS;TSV_WRITE_NORMALISES_TAB_AND_NEWLINE;ORIGINAL_RETRIEVABLE_ONLY_VIA_the cached source record	236
NCT01648764	Number of Participants With Best Overall Response (BOR)	70 mg LY - Arm B Dose Escalation	3	1999_2009	bor	2	14	ALL_ARMS_NON_CONTROL_TYPED	EXPERIMENTAL | EXPERIMENTAL	PROPOSED	LEAF_CLAIM_NOT_VERIFIABLE_FROM_EXACT_SOURCE_FIELDS	DELIVERED_LEAF:LEAF-QD-group0.tsv	LEAF-OUT/LEAF-QD-group0.tsv:line 77; candidate protocolSection.armsInterventionsModule.armGroups[1].label	1	1	LY2334737 - Arm B	EXPERIMENTAL									UNKNOWN_IN_THIS_CACHE	no source-field-matched arm link and no comparator wording in the group record			NOT_ESTABLISHED_REGISTRY_JOIN_FIELDS_ABSENT_FROM_THIS_CACHE	ALL_REGISTERED_ARMS_NON_COMPARATOR_TYPED_CONDITIONAL	ASSUMES_THIS_RESULTS_GROUP_IS_A_SUBSET_OF_THE_REGISTERED_ARM_SET_MEMBERSHIP_UNPROVED		LEAF_LABEL_RESOLVES_UNIQUELY	LY2334737 - Arm B	LEAF-OUT/LEAF-QD-group0.tsv:line 77	RETAINED_UNVERIFIED_WITH_LOCATOR		group_title contains the token 'Arm B' matching armGroups[1].label 'LY2334737 - Arm B', AND armGroups[1].description dosing schedule is reproduced verbatim in the group description	NEWLINE_TO_SPACE;CUT_AT_400_CHARS;TSV_WRITE_NORMALISES_TAB_AND_NEWLINE;ORIGINAL_RETRIEVABLE_ONLY_VIA_leaf_claim_locator	180	NO	NO	CONFIRMED	LEAF_WITHIN_RECORD_RELATION	LY2334737 - Arm B	NOT_CONTROL_CONFIRMED	UNKNOWN	CHANGED_CLASS:NOT_CONTROL_ASSERTED->UNKNOWN	70 mg LY2334737 administered orally every day for 7 days followed by 7 days without study drug then repeated (28-day treatment cycle). Participants could have received additional treatment cycles until discontinuation criterion was met.	NEWLINE_TO_SPACE;CUT_AT_400_CHARS;TSV_WRITE_NORMALISES_TAB_AND_NEWLINE;ORIGINAL_RETRIEVABLE_ONLY_VIA_the cached source record	236
NCT01648764	Number of Participants With Best Overall Response (BOR)	80 mg LY - Arm B Dose Escalation	3	1999_2009	bor	2	14	ALL_ARMS_NON_CONTROL_TYPED	EXPERIMENTAL | EXPERIMENTAL	PROPOSED	LEAF_CLAIM_NOT_VERIFIABLE_FROM_EXACT_SOURCE_FIELDS	DELIVERED_LEAF:LEAF-QD-group0.tsv	LEAF-OUT/LEAF-QD-group0.tsv:line 79; candidate protocolSection.armsInterventionsModule.armGroups[1].label	1	1	LY2334737 - Arm B	EXPERIMENTAL									UNKNOWN_IN_THIS_CACHE	no source-field-matched arm link and no comparator wording in the group record			NOT_ESTABLISHED_REGISTRY_JOIN_FIELDS_ABSENT_FROM_THIS_CACHE	ALL_REGISTERED_ARMS_NON_COMPARATOR_TYPED_CONDITIONAL	ASSUMES_THIS_RESULTS_GROUP_IS_A_SUBSET_OF_THE_REGISTERED_ARM_SET_MEMBERSHIP_UNPROVED		LEAF_LABEL_RESOLVES_UNIQUELY	LY2334737 - Arm B	LEAF-OUT/LEAF-QD-group0.tsv:line 79	RETAINED_UNVERIFIED_WITH_LOCATOR		group_title contains the token 'Arm B' matching armGroups[1].label 'LY2334737 - Arm B', AND armGroups[1].description dosing schedule is reproduced verbatim in the group description	NEWLINE_TO_SPACE;CUT_AT_400_CHARS;TSV_WRITE_NORMALISES_TAB_AND_NEWLINE;ORIGINAL_RETRIEVABLE_ONLY_VIA_leaf_claim_locator	180	NO	NO	CONFIRMED	LEAF_WITHIN_RECORD_RELATION	LY2334737 - Arm B	NOT_CONTROL_CONFIRMED	UNKNOWN	CHANGED_CLASS:NOT_CONTROL_ASSERTED->UNKNOWN	80 mg LY2334737 administered orally every day for 7 days followed by 7 days without study drug then repeated (28-day treatment cycle). Participants could have received additional treatment cycles until discontinuation criterion was met.	NEWLINE_TO_SPACE;CUT_AT_400_CHARS;TSV_WRITE_NORMALISES_TAB_AND_NEWLINE;ORIGINAL_RETRIEVABLE_ONLY_VIA_the cached source record	236
NCT01648764	Number of Participants With Best Overall Response (BOR)	90 mg LY - Arm B Dose Escalation	4	1999_2009	bor	2	14	ALL_ARMS_NON_CONTROL_TYPED	EXPERIMENTAL | EXPERIMENTAL	PROPOSED	LEAF_CLAIM_NOT_VERIFIABLE_FROM_EXACT_SOURCE_FIELDS	DELIVERED_LEAF:LEAF-QD-group0.tsv	LEAF-OUT/LEAF-QD-group0.tsv:line 82; candidate protocolSection.armsInterventionsModule.armGroups[1].label	1	1	LY2334737 - Arm B	EXPERIMENTAL									UNKNOWN_IN_THIS_CACHE	no source-field-matched arm link and no comparator wording in the group record			NOT_ESTABLISHED_REGISTRY_JOIN_FIELDS_ABSENT_FROM_THIS_CACHE	ALL_REGISTERED_ARMS_NON_COMPARATOR_TYPED_CONDITIONAL	ASSUMES_THIS_RESULTS_GROUP_IS_A_SUBSET_OF_THE_REGISTERED_ARM_SET_MEMBERSHIP_UNPROVED		LEAF_LABEL_RESOLVES_UNIQUELY	LY2334737 - Arm B	LEAF-OUT/LEAF-QD-group0.tsv:line 82	RETAINED_UNVERIFIED_WITH_LOCATOR		group_title contains the token 'Arm B' matching armGroups[1].label 'LY2334737 - Arm B', AND armGroups[1].description dosing schedule is reproduced verbatim in the group description	NEWLINE_TO_SPACE;CUT_AT_400_CHARS;TSV_WRITE_NORMALISES_TAB_AND_NEWLINE;ORIGINAL_RETRIEVABLE_ONLY_VIA_leaf_claim_locator	180	NO	NO	CONFIRMED	LEAF_WITHIN_RECORD_RELATION	LY2334737 - Arm B	NOT_CONTROL_CONFIRMED	UNKNOWN	CHANGED_CLASS:NOT_CONTROL_ASSERTED->UNKNOWN	90 mg LY2334737 administered orally every day for 7 days followed by 7 days without study drug then repeated (28-day treatment cycle). Participants could have received additional treatment cycles until discontinuation criterion was met.	NEWLINE_TO_SPACE;CUT_AT_400_CHARS;TSV_WRITE_NORMALISES_TAB_AND_NEWLINE;ORIGINAL_RETRIEVABLE_ONLY_VIA_the cached source record	236
NCT01648764	Number of Participants With Best Overall Response (BOR)	90 mg LY - Arm A Dose Confirmation	10	1999_2009	bor	2	14	ALL_ARMS_NON_CONTROL_TYPED	EXPERIMENTAL | EXPERIMENTAL	PROPOSED	LEAF_CLAIM_NOT_VERIFIABLE_FROM_EXACT_SOURCE_FIELDS	DELIVERED_LEAF:LEAF-QD-group0.tsv	LEAF-OUT/LEAF-QD-group0.tsv:line 80; candidate protocolSection.armsInterventionsModule.armGroups[0].label	1	0	LY2334737 - Arm A	EXPERIMENTAL									UNKNOWN_IN_THIS_CACHE	no source-field-matched arm link and no comparator wording in the group record			NOT_ESTABLISHED_REGISTRY_JOIN_FIELDS_ABSENT_FROM_THIS_CACHE	ALL_REGISTERED_ARMS_NON_COMPARATOR_TYPED_CONDITIONAL	ASSUMES_THIS_RESULTS_GROUP_IS_A_SUBSET_OF_THE_REGISTERED_ARM_SET_MEMBERSHIP_UNPROVED		LEAF_LABEL_RESOLVES_UNIQUELY	LY2334737 - Arm A	LEAF-OUT/LEAF-QD-group0.tsv:line 80	RETAINED_UNVERIFIED_WITH_LOCATOR		group_title contains the token 'Arm A' matching armGroups[0].label 'LY2334737 - Arm A', AND armGroups[0].description dosing schedule is reproduced verbatim in the group description	NEWLINE_TO_SPACE;CUT_AT_400_CHARS;TSV_WRITE_NORMALISES_TAB_AND_NEWLINE;ORIGINAL_RETRIEVABLE_ONLY_VIA_leaf_claim_locator	180	NO	NO	CONFIRMED	LEAF_WITHIN_RECORD_RELATION	LY2334737 - Arm A	NOT_CONTROL_CONFIRMED	UNKNOWN	CHANGED_CLASS:NOT_CONTROL_ASSERTED->UNKNOWN	90 mg LY2334737 administered orally every other day for 21 days followed by 7 days without study drug (28-day treatment cycle). Participants could have received additional treatment cycles until discontinuation criterion was met.	NEWLINE_TO_SPACE;CUT_AT_400_CHARS;TSV_WRITE_NORMALISES_TAB_AND_NEWLINE;ORIGINAL_RETRIEVABLE_ONLY_VIA_the cached source record	229
NCT00301067	Tumor Response	Temozolomide and Calcitriol (Cohort 1-3+Expansion)	20	1999_2009	bor	4	1	ALL_ARMS_NON_CONTROL_TYPED	EXPERIMENTAL | EXPERIMENTAL | EXPERIMENTAL | EXPERIMENTAL	UNRESOLVED	LEAF_CLAIM_LEAF_CLAIMS_MULTIPLE_ARMS	DELIVERED_LEAF:LEAF-QD-group0.tsv	LEAF-OUT/LEAF-QD-group0.tsv:line 2	4	0|1|2|3	Cohort 1 - Temozolomide and Calcitriol | Cohort 2 - Temozolomide and Calcitriol | Cohort 3 - Temozolomide and Calcitriol | Expansion - Temozolomide and Calcitriol	EXPERIMENTAL | EXPERIMENTAL | EXPERIMENTAL | EXPERIMENTAL									UNKNOWN_IN_THIS_CACHE	no source-field-matched arm link and no comparator wording in the group record			NOT_ESTABLISHED_REGISTRY_JOIN_FIELDS_ABSENT_FROM_THIS_CACHE	ALL_REGISTERED_ARMS_NON_COMPARATOR_TYPED_CONDITIONAL	ASSUMES_THIS_RESULTS_GROUP_IS_A_SUBSET_OF_THE_REGISTERED_ARM_SET_MEMBERSHIP_UNPROVED		LEAF_CLAIMS_MULTIPLE_ARMS	Cohort 1 - Temozolomide and Calcitriol; Cohort 2 - Temozolomide and Calcitriol; Cohort 3 - Temozolomide and Calcitriol; Expansion - Temozolomide and Calcitriol	LEAF-OUT/LEAF-QD-group0.tsv:line 2	NOT_VERIFIABLE_IN_THIS_CACHE		group_title token enumeration 'Cohort 1-3+Expansion' vs the four armGroups[].label ('Cohort 1/2/3 - ...','Expansion - ...'); group description calcitriol dose set {0.2,0.3,0.5} = union of armGroups[0..3].description doses	NEWLINE_TO_SPACE;CUT_AT_400_CHARS;TSV_WRITE_NORMALISES_TAB_AND_NEWLINE;ORIGINAL_RETRIEVABLE_ONLY_VIA_leaf_claim_locator	221	NO	NO	CONFIRMED_TYPE_ONLY	LEAF_ARM_IDENTITY_NOT_BOUND_ARM_SET_TYPE_INVARIANT		NOT_CONTROL_BY_ARM_SET_TYPE_INVARIANT	UNKNOWN	CHANGED_CLASS:NOT_CONTROL_ASSERTED->UNKNOWN	Temozolomide dose of 150 mg/m2 will be administered orally on days 2-8 and 16-22 every cycle where 1 cycle equals 28 days.  Calcitriol dose of 0.2, 0.3, or 0.5 mcg/kg will be administered orally on days 1 and 15 every cycle where 1 cycle equals 28 days.  Calcitriol: The patient will receive calcitriol in capsule form by mouth on Days 1 and 15 of every cycle  Temozolomide: The patient will receive 	NEWLINE_TO_SPACE;CUT_AT_400_CHARS;TSV_WRITE_NORMALISES_TAB_AND_NEWLINE;ORIGINAL_RETRIEVABLE_ONLY_VIA_the cached source record	492
NCT00183820	Tumor Response	Paclitaxel, Gemcitabine, and Oxaliplatin	29	1999_2009	bor	1	1	ALL_ARMS_NON_CONTROL_TYPED	EXPERIMENTAL	LABEL_MATCH	LABEL_FIELD_MATCH_ONLY:LABEL_CASE_WS_FOLD	SOURCE_RECORD	protocolSection.armsInterventionsModule.armGroups[0].label	1	0	paclitaxel, gemcitabine, and oxaliplatin	EXPERIMENTAL	0	paclitaxel, gemcitabine, and oxaliplatin	EXPERIMENTAL						NOT_ESTABLISHED_IN_THIS_CACHE	bound arm 0 registered type EXPERIMENTAL (verbatim). A registered type of EXPERIMENTAL/OTHER is not evidence that this group had no comparator role; no comparator evidence exists in this cache either way			NOT_ESTABLISHED_REGISTRY_JOIN_FIELDS_ABSENT_FROM_THIS_CACHE	BOUND_ARM_REGISTERED_TYPE_IS_EXPERIMENTAL	ASSUMES_LABEL_FIELD_CORRESPONDENCE_IS_ARM_IDENTITY_UNPROVED		NO_LEAF									NO	CONFIRMED	LABEL_CASE_AND_WHITESPACE_ONLY	paclitaxel, gemcitabine, and oxaliplatin	NOT_CONTROL_CONFIRMED	NOT_CONTROL	CHANGED_CLASS:NOT_CONTROL_ASSERTED->NOT_ESTABLISHED	paclitaxel, gemcitabine, and oxaliplatin:  1. Paclitaxel 170 mg/m2 IV d 1 14 days 2. Gemcitabine 800 mg/m2 IV d 1 14 days 3. Oxaliplatin 100 mg/m2 IV d 1 14 days	NEWLINE_TO_SPACE;CUT_AT_400_CHARS;TSV_WRITE_NORMALISES_TAB_AND_NEWLINE;ORIGINAL_RETRIEVABLE_ONLY_VIA_the cached source record	161
NCT00389805	Number of Participants With Response to Therapy as Measured by RECIST (Phase I)	Arm A	15	1999_2009	bor	0	2	NO_ARMS_REGISTERED_IN_THIS_CACHE		UNKNOWN_IN_THIS_CACHE	NO_ARM_GROUPS_REGISTERED_IN_THIS_CACHE	SOURCE_RECORD	protocolSection.armsInterventionsModule.armGroups=[] (absent)	0												UNKNOWN_IN_THIS_CACHE	zero registered arm groups: link, registry type statement and comparator role are all UNKNOWN in this cache. Any comparator wording in the results-group text is retained as unverified evidence in group_text_comparator_wording_unverified; it is not evidence that no comparator existed			NOT_ESTABLISHED_REGISTRY_JOIN_FIELDS_ABSENT_FROM_THIS_CACHE	UNKNOWN_NO_ARMS_REGISTERED_IN_THIS_CACHE			LEAF_CLAIMS_NO_ARM		LEAF-OUT/LEAF-QD-group0.tsv:line 3	NOT_VERIFIABLE_NO_REGISTERED_ARMS		none - protocolSection.armsInterventionsModule is the empty object {}	NEWLINE_TO_SPACE;CUT_AT_400_CHARS;TSV_WRITE_NORMALISES_TAB_AND_NEWLINE;ORIGINAL_RETRIEVABLE_ONLY_VIA_leaf_claim_locator	69	NO	NO	UNKNOWN_IN_THIS_CACHE	LEAF_NO_ARM_GROUPS_IN_THIS_CACHE		UNKNOWN_IN_THIS_CACHE	NOT_CONTROL_SINGLE_ARM_TRIAL	UNCHANGED_CLASS:UNKNOWN	Pemetrexed on day 1 and bortezomib days 1, 4, 8, and 11 every 21 days	NEWLINE_TO_SPACE;CUT_AT_400_CHARS;TSV_WRITE_NORMALISES_TAB_AND_NEWLINE;ORIGINAL_RETRIEVABLE_ONLY_VIA_the cached source record	69
NCT00389805	Number of Participants With Response to Therapy as Measured by RECIST (Phase I)	Arm B	12	1999_2009	bor	0	2	NO_ARMS_REGISTERED_IN_THIS_CACHE		UNKNOWN_IN_THIS_CACHE	NO_ARM_GROUPS_REGISTERED_IN_THIS_CACHE	SOURCE_RECORD	protocolSection.armsInterventionsModule.armGroups=[] (absent)	0												UNKNOWN_IN_THIS_CACHE	zero registered arm groups: link, registry type statement and comparator role are all UNKNOWN in this cache. Any comparator wording in the results-group text is retained as unverified evidence in group_text_comparator_wording_unverified; it is not evidence that no comparator existed			NOT_ESTABLISHED_REGISTRY_JOIN_FIELDS_ABSENT_FROM_THIS_CACHE	UNKNOWN_NO_ARMS_REGISTERED_IN_THIS_CACHE			LEAF_CLAIMS_NO_ARM		LEAF-OUT/LEAF-QD-group0.tsv:line 4	NOT_VERIFIABLE_NO_REGISTERED_ARMS		none - protocolSection.armsInterventionsModule is the empty object {}	NEWLINE_TO_SPACE;CUT_AT_400_CHARS;TSV_WRITE_NORMALISES_TAB_AND_NEWLINE;ORIGINAL_RETRIEVABLE_ONLY_VIA_leaf_claim_locator	69	NO	NO	UNKNOWN_IN_THIS_CACHE	LEAF_NO_ARM_GROUPS_IN_THIS_CACHE		UNKNOWN_IN_THIS_CACHE	NOT_CONTROL_SINGLE_ARM_TRIAL	UNCHANGED_CLASS:UNKNOWN	Pemetrexed on day 1 and bortezomib days 1 and 8 every 21 days	NEWLINE_TO_SPACE;CUT_AT_400_CHARS;TSV_WRITE_NORMALISES_TAB_AND_NEWLINE;ORIGINAL_RETRIEVABLE_ONLY_VIA_the cached source record	61
NCT00946153	Phase 1: Best Overall Response (BOR) of Lenvatinib by Investigator Assessment	Phase 1: Group 1: Lenvatinib: 12 mg	5	1999_2009	bor	1	4	ALL_ARMS_NON_CONTROL_TYPED	EXPERIMENTAL	PROPOSED	LEAF_CLAIM_NOT_VERIFIABLE_FROM_EXACT_SOURCE_FIELDS	DELIVERED_LEAF:LEAF-QD-group0.tsv	LEAF-OUT/LEAF-QD-group0.tsv:line 23; candidate protocolSection.armsInterventionsModule.armGroups[0].label	1	0	Lenvatinib	EXPERIMENTAL									UNKNOWN_IN_THIS_CACHE	no source-field-matched arm link and no comparator wording in the group record			NOT_ESTABLISHED_REGISTRY_JOIN_FIELDS_ABSENT_FROM_THIS_CACHE	ALL_REGISTERED_ARMS_NON_COMPARATOR_TYPED_CONDITIONAL	ASSUMES_THIS_RESULTS_GROUP_IS_A_SUBSET_OF_THE_REGISTERED_ARM_SET_MEMBERSHIP_UNPROVED		LEAF_LABEL_RESOLVES_UNIQUELY	Lenvatinib	LEAF-OUT/LEAF-QD-group0.tsv:line 23	RETAINED_UNVERIFIED_WITH_LOCATOR		armGroups cardinality = 1 (protocolSection.armsInterventionsModule.armGroups) + armGroups[0].interventionNames drug token present in group title ('Lenvatinib')	NEWLINE_TO_SPACE;CUT_AT_400_CHARS;TSV_WRITE_NORMALISES_TAB_AND_NEWLINE;ORIGINAL_RETRIEVABLE_ONLY_VIA_leaf_claim_locator	159	NO	YES	CONFIRMED	LEAF_WITHIN_RECORD_RELATION	Lenvatinib	NOT_CONTROL_CONFIRMED	UNKNOWN_WEAK_MATCH_ONLY	CHANGED_CLASS:NOT_CONTROL_ASSERTED->UNKNOWN	Participants with CP scores of 5 or 6 received a starting dose of 12 mg (three 4 mg tablets) lenvatinib orally QD in a 28-day treatment cycle in the dose-escalation scheme (group 1) on an empty stomach or at least 1 hour after eating until the tolerated dose was achieved.	NEWLINE_TO_SPACE;CUT_AT_400_CHARS;TSV_WRITE_NORMALISES_TAB_AND_NEWLINE;ORIGINAL_RETRIEVABLE_ONLY_VIA_the cached source record	272
NCT00946153	Phase 1: Best Overall Response (BOR) of Lenvatinib by Investigator Assessment	Phase 1: Group1: Lenvatinib: 16 mg	3	1999_2009	bor	1	4	ALL_ARMS_NON_CONTROL_TYPED	EXPERIMENTAL	PROPOSED	LEAF_CLAIM_NOT_VERIFIABLE_FROM_EXACT_SOURCE_FIELDS	DELIVERED_LEAF:LEAF-QD-group0.tsv	LEAF-OUT/LEAF-QD-group0.tsv:line 26; candidate protocolSection.armsInterventionsModule.armGroups[0].label	1	0	Lenvatinib	EXPERIMENTAL									UNKNOWN_IN_THIS_CACHE	no source-field-matched arm link and no comparator wording in the group record			NOT_ESTABLISHED_REGISTRY_JOIN_FIELDS_ABSENT_FROM_THIS_CACHE	ALL_REGISTERED_ARMS_NON_COMPARATOR_TYPED_CONDITIONAL	ASSUMES_THIS_RESULTS_GROUP_IS_A_SUBSET_OF_THE_REGISTERED_ARM_SET_MEMBERSHIP_UNPROVED		LEAF_LABEL_RESOLVES_UNIQUELY	Lenvatinib	LEAF-OUT/LEAF-QD-group0.tsv:line 26	RETAINED_UNVERIFIED_WITH_LOCATOR		armGroups cardinality = 1 (protocolSection.armsInterventionsModule.armGroups) + armGroups[0].interventionNames drug token present in group title ('Lenvatinib')	NEWLINE_TO_SPACE;CUT_AT_400_CHARS;TSV_WRITE_NORMALISES_TAB_AND_NEWLINE;ORIGINAL_RETRIEVABLE_ONLY_VIA_leaf_claim_locator	159	NO	YES	CONFIRMED	LEAF_WITHIN_RECORD_RELATION	Lenvatinib	NOT_CONTROL_CONFIRMED	UNKNOWN_WEAK_MATCH_ONLY	CHANGED_CLASS:NOT_CONTROL_ASSERTED->UNKNOWN	Participants with CP scores of 5 or 6 received 16 mg (four 4 mg tablets) lenvatinib orally QD in a 28-day treatment cycle in the dose-escalation scheme (group 1) on an empty stomach or at least 1 hour after eating.	NEWLINE_TO_SPACE;CUT_AT_400_CHARS;TSV_WRITE_NORMALISES_TAB_AND_NEWLINE;ORIGINAL_RETRIEVABLE_ONLY_VIA_the cached source record	214
NCT00946153	Phase 1: Best Overall Response (BOR) of Lenvatinib by Investigator Assessment	Phase 1: Group 2: Lenvatinib: 8 mg	6	1999_2009	bor	1	4	ALL_ARMS_NON_CONTROL_TYPED	EXPERIMENTAL	PROPOSED	LEAF_CLAIM_NOT_VERIFIABLE_FROM_EXACT_SOURCE_FIELDS	DELIVERED_LEAF:LEAF-QD-group0.tsv	LEAF-OUT/LEAF-QD-group0.tsv:line 25; candidate protocolSection.armsInterventionsModule.armGroups[0].label	1	0	Lenvatinib	EXPERIMENTAL									UNKNOWN_IN_THIS_CACHE	no source-field-matched arm link and no comparator wording in the group record			NOT_ESTABLISHED_REGISTRY_JOIN_FIELDS_ABSENT_FROM_THIS_CACHE	ALL_REGISTERED_ARMS_NON_COMPARATOR_TYPED_CONDITIONAL	ASSUMES_THIS_RESULTS_GROUP_IS_A_SUBSET_OF_THE_REGISTERED_ARM_SET_MEMBERSHIP_UNPROVED		LEAF_LABEL_RESOLVES_UNIQUELY	Lenvatinib	LEAF-OUT/LEAF-QD-group0.tsv:line 25	RETAINED_UNVERIFIED_WITH_LOCATOR		armGroups cardinality = 1 (protocolSection.armsInterventionsModule.armGroups) + armGroups[0].interventionNames drug token present in group title ('Lenvatinib')	NEWLINE_TO_SPACE;CUT_AT_400_CHARS;TSV_WRITE_NORMALISES_TAB_AND_NEWLINE;ORIGINAL_RETRIEVABLE_ONLY_VIA_leaf_claim_locator	159	NO	YES	CONFIRMED	LEAF_WITHIN_RECORD_RELATION	Lenvatinib	NOT_CONTROL_CONFIRMED	UNKNOWN_WEAK_MATCH_ONLY	CHANGED_CLASS:NOT_CONTROL_ASSERTED->UNKNOWN	Participants with CP scores of 7 or 8 received 8 mg (two 4 mg tablets) lenvatinib orally QD in a 28-day treatment cycle which was the lowest dose at which tolerability was confirmed in group1, was used as the starting dose in the dose-determination scheme (group 2) on an empty stomach or at least 1 hour after eating.	NEWLINE_TO_SPACE;CUT_AT_400_CHARS;TSV_WRITE_NORMALISES_TAB_AND_NEWLINE;ORIGINAL_RETRIEVABLE_ONLY_VIA_the cached source record	318
NCT00946153	Phase 1: Best Overall Response (BOR) of Lenvatinib by Investigator Assessment	Phase 1: Group 2: Lenvatinib: 12 mg	5	1999_2009	bor	1	4	ALL_ARMS_NON_CONTROL_TYPED	EXPERIMENTAL	PROPOSED	LEAF_CLAIM_NOT_VERIFIABLE_FROM_EXACT_SOURCE_FIELDS	DELIVERED_LEAF:LEAF-QD-group0.tsv	LEAF-OUT/LEAF-QD-group0.tsv:line 24; candidate protocolSection.armsInterventionsModule.armGroups[0].label	1	0	Lenvatinib	EXPERIMENTAL									UNKNOWN_IN_THIS_CACHE	no source-field-matched arm link and no comparator wording in the group record			NOT_ESTABLISHED_REGISTRY_JOIN_FIELDS_ABSENT_FROM_THIS_CACHE	ALL_REGISTERED_ARMS_NON_COMPARATOR_TYPED_CONDITIONAL	ASSUMES_THIS_RESULTS_GROUP_IS_A_SUBSET_OF_THE_REGISTERED_ARM_SET_MEMBERSHIP_UNPROVED		LEAF_LABEL_RESOLVES_UNIQUELY	Lenvatinib	LEAF-OUT/LEAF-QD-group0.tsv:line 24	RETAINED_UNVERIFIED_WITH_LOCATOR		armGroups cardinality = 1 (protocolSection.armsInterventionsModule.armGroups) + armGroups[0].interventionNames drug token present in group title ('Lenvatinib')	NEWLINE_TO_SPACE;CUT_AT_400_CHARS;TSV_WRITE_NORMALISES_TAB_AND_NEWLINE;ORIGINAL_RETRIEVABLE_ONLY_VIA_leaf_claim_locator	159	NO	YES	CONFIRMED	LEAF_WITHIN_RECORD_RELATION	Lenvatinib	NOT_CONTROL_CONFIRMED	UNKNOWN_WEAK_MATCH_ONLY	CHANGED_CLASS:NOT_CONTROL_ASSERTED->UNKNOWN	Participants with CP scores of 7 or 8 received 12 mg (three 4 mg tablets) lenvatinib orally QD in a 28-day treatment cycle in the dose-determination scheme (group 2) on an empty stomach or at least 1 hour after eating.	NEWLINE_TO_SPACE;CUT_AT_400_CHARS;TSV_WRITE_NORMALISES_TAB_AND_NEWLINE;ORIGINAL_RETRIEVABLE_ONLY_VIA_the cached source record	218
NCT00066222	Tumor Response	Radiation Therapy + Chemotherapy	68	1999_2009	bor	1	1	ALL_ARMS_NON_CONTROL_TYPED	EXPERIMENTAL	LABEL_MATCH	LABEL_FIELD_MATCH_ONLY:LABEL_BYTE_EXACT	SOURCE_RECORD	protocolSection.armsInterventionsModule.armGroups[0].label	1	0	Radiation Therapy + Chemotherapy	EXPERIMENTAL	0	Radiation Therapy + Chemotherapy	EXPERIMENTAL						NOT_ESTABLISHED_IN_THIS_CACHE	bound arm 0 registered type EXPERIMENTAL (verbatim). A registered type of EXPERIMENTAL/OTHER is not evidence that this group had no comparator role; no comparator evidence exists in this cache either way			NOT_ESTABLISHED_REGISTRY_JOIN_FIELDS_ABSENT_FROM_THIS_CACHE	BOUND_ARM_REGISTERED_TYPE_IS_EXPERIMENTAL	ASSUMES_LABEL_FIELD_CORRESPONDENCE_IS_ARM_IDENTITY_UNPROVED		NO_LEAF									NO	CONFIRMED	LABEL_BYTE_EXACT	Radiation Therapy + Chemotherapy	NOT_CONTROL_CONFIRMED	NOT_CONTROL	CHANGED_CLASS:NOT_CONTROL_ASSERTED->NOT_ESTABLISHED	Accelerated high dose thoracic RT with concurrent cisplatin/etoposide chemotherapy, followed by 2 cycles of adjuvant cisplatin/etoposide chemotherapy	NEWLINE_TO_SPACE;CUT_AT_400_CHARS;TSV_WRITE_NORMALISES_TAB_AND_NEWLINE;ORIGINAL_RETRIEVABLE_ONLY_VIA_the cached source record	149
NCT00601003	Best Radiological Response in Participants Using the RECIST Criteria	Nifurtimox	76	1999_2009	bor	1	1	ALL_ARMS_NON_CONTROL_TYPED	EXPERIMENTAL	LABEL_MATCH	LABEL_FIELD_MATCH_ONLY:LABEL_BYTE_EXACT	SOURCE_RECORD	protocolSection.armsInterventionsModule.armGroups[0].label	1	0	Nifurtimox	EXPERIMENTAL	0	Nifurtimox	EXPERIMENTAL						NOT_ESTABLISHED_IN_THIS_CACHE	bound arm 0 registered type EXPERIMENTAL (verbatim). A registered type of EXPERIMENTAL/OTHER is not evidence that this group had no comparator role; no comparator evidence exists in this cache either way			NOT_ESTABLISHED_REGISTRY_JOIN_FIELDS_ABSENT_FROM_THIS_CACHE	BOUND_ARM_REGISTERED_TYPE_IS_EXPERIMENTAL	ASSUMES_LABEL_FIELD_CORRESPONDENCE_IS_ARM_IDENTITY_UNPROVED		NO_LEAF									NO	CONFIRMED	LABEL_BYTE_EXACT	Nifurtimox	NOT_CONTROL_CONFIRMED	NOT_CONTROL	CHANGED_CLASS:NOT_CONTROL_ASSERTED->NOT_ESTABLISHED	Nifurtimox: 30mg/kg/day PO divided into TID dosing q day  Cyclophosphamide: 250 mg/m2/dose in normal saline, IV, infused over 30 minutes on days 1-5 of each cycle.  Topotecan: 0.75mg/m2/dose, in normal saline, IV, infused over 30 minutes on days 1-5 of each cycle.	NEWLINE_TO_SPACE;CUT_AT_400_CHARS;TSV_WRITE_NORMALISES_TAB_AND_NEWLINE;ORIGINAL_RETRIEVABLE_ONLY_VIA_the cached source record	264
NCT00836888	Best Overall Response	ONO-4538 1mg/kg Cohorts	3	1999_2009	bor	1	4	ALL_ARMS_NON_CONTROL_TYPED	EXPERIMENTAL	PROPOSED	LEAF_CLAIM_NOT_VERIFIABLE_FROM_EXACT_SOURCE_FIELDS	DELIVERED_LEAF:LEAF-QD-group0.tsv	LEAF-OUT/LEAF-QD-group0.tsv:line 15; candidate protocolSection.armsInterventionsModule.armGroups[0].label	1	0	Cohort	EXPERIMENTAL									UNKNOWN_IN_THIS_CACHE	no source-field-matched arm link and no comparator wording in the group record			NOT_ESTABLISHED_REGISTRY_JOIN_FIELDS_ABSENT_FROM_THIS_CACHE	ALL_REGISTERED_ARMS_NON_COMPARATOR_TYPED_CONDITIONAL	ASSUMES_THIS_RESULTS_GROUP_IS_A_SUBSET_OF_THE_REGISTERED_ARM_SET_MEMBERSHIP_UNPROVED		LEAF_LABEL_RESOLVES_UNIQUELY	Cohort	LEAF-OUT/LEAF-QD-group0.tsv:line 15	RETAINED_UNVERIFIED_WITH_LOCATOR		armGroups cardinality = 1 (protocolSection.armsInterventionsModule.armGroups) + armGroups[0].interventionNames drug token present in group title ('ONO-4538')	NEWLINE_TO_SPACE;CUT_AT_400_CHARS;TSV_WRITE_NORMALISES_TAB_AND_NEWLINE;ORIGINAL_RETRIEVABLE_ONLY_VIA_leaf_claim_locator	157	NO	YES	CONFIRMED	LEAF_WITHIN_RECORD_RELATION	Cohort	NOT_CONTROL_CONFIRMED	UNKNOWN_WEAK_MATCH_ONLY	CHANGED_CLASS:NOT_CONTROL_ASSERTED->UNKNOWN	Administer ONO-4538 1mg/kg as an intravenous infusion over ≥1 hour	NEWLINE_TO_SPACE;CUT_AT_400_CHARS;TSV_WRITE_NORMALISES_TAB_AND_NEWLINE;ORIGINAL_RETRIEVABLE_ONLY_VIA_the cached source record	66
NCT00836888	Best Overall Response	ONO-4538 3mg/kg Cohorts	5	1999_2009	bor	1	4	ALL_ARMS_NON_CONTROL_TYPED	EXPERIMENTAL	PROPOSED	LEAF_CLAIM_NOT_VERIFIABLE_FROM_EXACT_SOURCE_FIELDS	DELIVERED_LEAF:LEAF-QD-group0.tsv	LEAF-OUT/LEAF-QD-group0.tsv:line 17; candidate protocolSection.armsInterventionsModule.armGroups[0].label	1	0	Cohort	EXPERIMENTAL									UNKNOWN_IN_THIS_CACHE	no source-field-matched arm link and no comparator wording in the group record			NOT_ESTABLISHED_REGISTRY_JOIN_FIELDS_ABSENT_FROM_THIS_CACHE	ALL_REGISTERED_ARMS_NON_COMPARATOR_TYPED_CONDITIONAL	ASSUMES_THIS_RESULTS_GROUP_IS_A_SUBSET_OF_THE_REGISTERED_ARM_SET_MEMBERSHIP_UNPROVED		LEAF_LABEL_RESOLVES_UNIQUELY	Cohort	LEAF-OUT/LEAF-QD-group0.tsv:line 17	RETAINED_UNVERIFIED_WITH_LOCATOR		armGroups cardinality = 1 (protocolSection.armsInterventionsModule.armGroups) + armGroups[0].interventionNames drug token present in group title ('ONO-4538')	NEWLINE_TO_SPACE;CUT_AT_400_CHARS;TSV_WRITE_NORMALISES_TAB_AND_NEWLINE;ORIGINAL_RETRIEVABLE_ONLY_VIA_leaf_claim_locator	157	NO	YES	CONFIRMED	LEAF_WITHIN_RECORD_RELATION	Cohort	NOT_CONTROL_CONFIRMED	UNKNOWN_WEAK_MATCH_ONLY	CHANGED_CLASS:NOT_CONTROL_ASSERTED->UNKNOWN	Administer ONO-4538 3mg/kg as an intravenous infusion over ≥1 hour	NEWLINE_TO_SPACE;CUT_AT_400_CHARS;TSV_WRITE_NORMALISES_TAB_AND_NEWLINE;ORIGINAL_RETRIEVABLE_ONLY_VIA_the cached source record	66
NCT00836888	Best Overall Response	ONO-4538 10mg/kg Cohorts	6	1999_2009	bor	1	4	ALL_ARMS_NON_CONTROL_TYPED	EXPERIMENTAL	PROPOSED	LEAF_CLAIM_NOT_VERIFIABLE_FROM_EXACT_SOURCE_FIELDS	DELIVERED_LEAF:LEAF-QD-group0.tsv	LEAF-OUT/LEAF-QD-group0.tsv:line 14; candidate protocolSection.armsInterventionsModule.armGroups[0].label	1	0	Cohort	EXPERIMENTAL									UNKNOWN_IN_THIS_CACHE	no source-field-matched arm link and no comparator wording in the group record			NOT_ESTABLISHED_REGISTRY_JOIN_FIELDS_ABSENT_FROM_THIS_CACHE	ALL_REGISTERED_ARMS_NON_COMPARATOR_TYPED_CONDITIONAL	ASSUMES_THIS_RESULTS_GROUP_IS_A_SUBSET_OF_THE_REGISTERED_ARM_SET_MEMBERSHIP_UNPROVED		LEAF_LABEL_RESOLVES_UNIQUELY	Cohort	LEAF-OUT/LEAF-QD-group0.tsv:line 14	RETAINED_UNVERIFIED_WITH_LOCATOR		armGroups cardinality = 1 (protocolSection.armsInterventionsModule.armGroups) + armGroups[0].interventionNames drug token present in group title ('ONO-4538')	NEWLINE_TO_SPACE;CUT_AT_400_CHARS;TSV_WRITE_NORMALISES_TAB_AND_NEWLINE;ORIGINAL_RETRIEVABLE_ONLY_VIA_leaf_claim_locator	157	NO	YES	CONFIRMED	LEAF_WITHIN_RECORD_RELATION	Cohort	NOT_CONTROL_CONFIRMED	UNKNOWN_WEAK_MATCH_ONLY	CHANGED_CLASS:NOT_CONTROL_ASSERTED->UNKNOWN	Administer ONO-4538 10mg/kg as an intravenous infusion over ≥1 hour	NEWLINE_TO_SPACE;CUT_AT_400_CHARS;TSV_WRITE_NORMALISES_TAB_AND_NEWLINE;ORIGINAL_RETRIEVABLE_ONLY_VIA_the cached source record	67
NCT00836888	Best Overall Response	ONO-4538 20mg/kg Cohorts	3	1999_2009	bor	1	4	ALL_ARMS_NON_CONTROL_TYPED	EXPERIMENTAL	PROPOSED	LEAF_CLAIM_NOT_VERIFIABLE_FROM_EXACT_SOURCE_FIELDS	DELIVERED_LEAF:LEAF-QD-group0.tsv	LEAF-OUT/LEAF-QD-group0.tsv:line 16; candidate protocolSection.armsInterventionsModule.armGroups[0].label	1	0	Cohort	EXPERIMENTAL									UNKNOWN_IN_THIS_CACHE	no source-field-matched arm link and no comparator wording in the group record			NOT_ESTABLISHED_REGISTRY_JOIN_FIELDS_ABSENT_FROM_THIS_CACHE	ALL_REGISTERED_ARMS_NON_COMPARATOR_TYPED_CONDITIONAL	ASSUMES_THIS_RESULTS_GROUP_IS_A_SUBSET_OF_THE_REGISTERED_ARM_SET_MEMBERSHIP_UNPROVED		LEAF_LABEL_RESOLVES_UNIQUELY	Cohort	LEAF-OUT/LEAF-QD-group0.tsv:line 16	RETAINED_UNVERIFIED_WITH_LOCATOR		armGroups cardinality = 1 (protocolSection.armsInterventionsModule.armGroups) + armGroups[0].interventionNames drug token present in group title ('ONO-4538')	NEWLINE_TO_SPACE;CUT_AT_400_CHARS;TSV_WRITE_NORMALISES_TAB_AND_NEWLINE;ORIGINAL_RETRIEVABLE_ONLY_VIA_leaf_claim_locator	157	NO	YES	CONFIRMED	LEAF_WITHIN_RECORD_RELATION	Cohort	NOT_CONTROL_CONFIRMED	UNKNOWN_WEAK_MATCH_ONLY	CHANGED_CLASS:NOT_CONTROL_ASSERTED->UNKNOWN	Administer ONO-4538 20mg/kg as an intravenous infusion over ≥1 hour	NEWLINE_TO_SPACE;CUT_AT_400_CHARS;TSV_WRITE_NORMALISES_TAB_AND_NEWLINE;ORIGINAL_RETRIEVABLE_ONLY_VIA_the cached source record	67
NCT00298896	Best Overall Response	SNS-595	47	1999_2009	bor	1	1	ALL_ARMS_NON_CONTROL_TYPED	EXPERIMENTAL	SOURCE_FIELD_MATCH	TWO_AGREEING_FIELD_MATCHES:LABEL_BYTE_EXACT+DESC_BYTE_EXACT	SOURCE_RECORD	protocolSection.armsInterventionsModule.armGroups[0].label and protocolSection.armsInterventionsModule.armGroups[0].description	1	0	SNS-595	EXPERIMENTAL	0	SNS-595	EXPERIMENTAL						NOT_ESTABLISHED_IN_THIS_CACHE	bound arm 0 registered type EXPERIMENTAL (verbatim). A registered type of EXPERIMENTAL/OTHER is not evidence that this group had no comparator role; no comparator evidence exists in this cache either way			NOT_ESTABLISHED_REGISTRY_JOIN_FIELDS_ABSENT_FROM_THIS_CACHE	BOUND_ARM_REGISTERED_TYPE_IS_EXPERIMENTAL	ASSUMES_TWO_AGREEING_SOURCE_FIELD_MATCHES_ARE_ARM_IDENTITY_UNPROVED		NO_LEAF									NO	CONFIRMED	LABEL_BYTE_EXACT	SNS-595	NOT_CONTROL_CONFIRMED	NOT_CONTROL	CHANGED_CLASS:NOT_CONTROL_ASSERTED->NOT_ESTABLISHED	SNS-595; 48 mg/m2 administered IV once every 21 days for up to 6 cycles.	NEWLINE_TO_SPACE;CUT_AT_400_CHARS;TSV_WRITE_NORMALISES_TAB_AND_NEWLINE;ORIGINAL_RETRIEVABLE_ONLY_VIA_the cached source record	72
NCT00600340	Best Overall Response (ITT Population)	Bevacizumab Plus Paclitaxel	270	1999_2009	bor	2	2	ALL_ARMS_CONTROL_TYPED	ACTIVE_COMPARATOR | ACTIVE_COMPARATOR	PROPOSED	LEAF_CLAIM_NOT_VERIFIABLE_FROM_EXACT_SOURCE_FIELDS	DELIVERED_LEAF:LEAF-QD-group0.tsv	LEAF-OUT/LEAF-QD-group0.tsv:line 6; candidate protocolSection.armsInterventionsModule.armGroups[0].label	1	0	A Bev+Pac	ACTIVE_COMPARATOR									UNKNOWN_IN_THIS_CACHE	no source-field-matched arm link and no comparator wording in the group record			NOT_ESTABLISHED_REGISTRY_JOIN_FIELDS_ABSENT_FROM_THIS_CACHE	ALL_REGISTERED_ARMS_COMPARATOR_TYPED_CONDITIONAL	ASSUMES_THIS_RESULTS_GROUP_IS_A_SUBSET_OF_THE_REGISTERED_ARM_SET_MEMBERSHIP_UNPROVED		LEAF_LABEL_RESOLVES_UNIQUELY	A Bev+Pac	LEAF-OUT/LEAF-QD-group0.tsv:line 6	RETAINED_UNVERIFIED_WITH_LOCATOR		armGroups[0].description casefold-equals group_title exactly ('Bevacizumab plus Paclitaxel'); corroborated by armGroups[0].interventionNames	NEWLINE_TO_SPACE;CUT_AT_400_CHARS;TSV_WRITE_NORMALISES_TAB_AND_NEWLINE;ORIGINAL_RETRIEVABLE_ONLY_VIA_leaf_claim_locator	140	NO	NO	CONFIRMED	LEAF_WITHIN_RECORD_RELATION	A Bev+Pac	CONTROL_ACTIVE_COMPARATOR_CONFIRMED	UNKNOWN	CHANGED_CLASS:COMPARATOR_TYPE_INFERRED->UNKNOWN	Bevacizumab 10 mg/kg intravenous (i.v.), days 1 and 15, every 4 weeks, Paclitaxel 90 mg/m2, days 1, 8 and 15, every 4 weeks	NEWLINE_TO_SPACE;CUT_AT_400_CHARS;TSV_WRITE_NORMALISES_TAB_AND_NEWLINE;ORIGINAL_RETRIEVABLE_ONLY_VIA_the cached source record	123
NCT00600340	Best Overall Response (ITT Population)	Bevacizumab Plus Capecitabine	261	1999_2009	bor	2	2	ALL_ARMS_CONTROL_TYPED	ACTIVE_COMPARATOR | ACTIVE_COMPARATOR	PROPOSED	LEAF_CLAIM_NOT_VERIFIABLE_FROM_EXACT_SOURCE_FIELDS	DELIVERED_LEAF:LEAF-QD-group0.tsv	LEAF-OUT/LEAF-QD-group0.tsv:line 5; candidate protocolSection.armsInterventionsModule.armGroups[1].label	1	1	B Bev+Cap	ACTIVE_COMPARATOR									UNKNOWN_IN_THIS_CACHE	no source-field-matched arm link and no comparator wording in the group record			NOT_ESTABLISHED_REGISTRY_JOIN_FIELDS_ABSENT_FROM_THIS_CACHE	ALL_REGISTERED_ARMS_COMPARATOR_TYPED_CONDITIONAL	ASSUMES_THIS_RESULTS_GROUP_IS_A_SUBSET_OF_THE_REGISTERED_ARM_SET_MEMBERSHIP_UNPROVED		LEAF_LABEL_RESOLVES_UNIQUELY	B Bev+Cap	LEAF-OUT/LEAF-QD-group0.tsv:line 5	RETAINED_UNVERIFIED_WITH_LOCATOR		armGroups[1].description casefold-equals group_title exactly ('Bevacizumab plus Capecitabine'); corroborated by armGroups[1].interventionNames	NEWLINE_TO_SPACE;CUT_AT_400_CHARS;TSV_WRITE_NORMALISES_TAB_AND_NEWLINE;ORIGINAL_RETRIEVABLE_ONLY_VIA_leaf_claim_locator	142	NO	NO	CONFIRMED	LEAF_WITHIN_RECORD_RELATION	B Bev+Cap	CONTROL_ACTIVE_COMPARATOR_CONFIRMED	UNKNOWN	CHANGED_CLASS:COMPARATOR_TYPE_INFERRED->UNKNOWN	Bevacizumab 15 mg/kg i.v., day 1, every 3 weeks, Capecitabine 1000 mg/m² twice-daily, days 1-14, every 3 weeks	NEWLINE_TO_SPACE;CUT_AT_400_CHARS;TSV_WRITE_NORMALISES_TAB_AND_NEWLINE;ORIGINAL_RETRIEVABLE_ONLY_VIA_the cached source record	110
NCT00600340	Best Overall Response (PP Population)	Bevacizumab Plus Paclitaxel	255	1999_2009	bor	2	2	ALL_ARMS_CONTROL_TYPED	ACTIVE_COMPARATOR | ACTIVE_COMPARATOR	PROPOSED	LEAF_CLAIM_NOT_VERIFIABLE_FROM_EXACT_SOURCE_FIELDS	DELIVERED_LEAF:LEAF-QD-group0.tsv	LEAF-OUT/LEAF-QD-group0.tsv:line 8; candidate protocolSection.armsInterventionsModule.armGroups[0].label	1	0	A Bev+Pac	ACTIVE_COMPARATOR									UNKNOWN_IN_THIS_CACHE	no source-field-matched arm link and no comparator wording in the group record			NOT_ESTABLISHED_REGISTRY_JOIN_FIELDS_ABSENT_FROM_THIS_CACHE	ALL_REGISTERED_ARMS_COMPARATOR_TYPED_CONDITIONAL	ASSUMES_THIS_RESULTS_GROUP_IS_A_SUBSET_OF_THE_REGISTERED_ARM_SET_MEMBERSHIP_UNPROVED		LEAF_LABEL_RESOLVES_UNIQUELY	A Bev+Pac	LEAF-OUT/LEAF-QD-group0.tsv:line 8	RETAINED_UNVERIFIED_WITH_LOCATOR		armGroups[0].description casefold-equals group_title exactly ('Bevacizumab plus Paclitaxel'); corroborated by armGroups[0].interventionNames	NEWLINE_TO_SPACE;CUT_AT_400_CHARS;TSV_WRITE_NORMALISES_TAB_AND_NEWLINE;ORIGINAL_RETRIEVABLE_ONLY_VIA_leaf_claim_locator	140	NO	NO	CONFIRMED	LEAF_WITHIN_RECORD_RELATION	A Bev+Pac	CONTROL_ACTIVE_COMPARATOR_CONFIRMED	UNKNOWN	CHANGED_CLASS:COMPARATOR_TYPE_INFERRED->UNKNOWN	Bevacizumab 10 mg/kg intravenous (i.v.), days 1 and 15, every 4 weeks, Paclitaxel 90 mg/m2, days 1, 8 and 15, every 4 weeks	NEWLINE_TO_SPACE;CUT_AT_400_CHARS;TSV_WRITE_NORMALISES_TAB_AND_NEWLINE;ORIGINAL_RETRIEVABLE_ONLY_VIA_the cached source record	123
NCT00600340	Best Overall Response (PP Population)	Bevacizumab Plus Capecitabine	249	1999_2009	bor	2	2	ALL_ARMS_CONTROL_TYPED	ACTIVE_COMPARATOR | ACTIVE_COMPARATOR	PROPOSED	LEAF_CLAIM_NOT_VERIFIABLE_FROM_EXACT_SOURCE_FIELDS	DELIVERED_LEAF:LEAF-QD-group0.tsv	LEAF-OUT/LEAF-QD-group0.tsv:line 7; candidate protocolSection.armsInterventionsModule.armGroups[1].label	1	1	B Bev+Cap	ACTIVE_COMPARATOR									UNKNOWN_IN_THIS_CACHE	no source-field-matched arm link and no comparator wording in the group record			NOT_ESTABLISHED_REGISTRY_JOIN_FIELDS_ABSENT_FROM_THIS_CACHE	ALL_REGISTERED_ARMS_COMPARATOR_TYPED_CONDITIONAL	ASSUMES_THIS_RESULTS_GROUP_IS_A_SUBSET_OF_THE_REGISTERED_ARM_SET_MEMBERSHIP_UNPROVED		LEAF_LABEL_RESOLVES_UNIQUELY	B Bev+Cap	LEAF-OUT/LEAF-QD-group0.tsv:line 7	RETAINED_UNVERIFIED_WITH_LOCATOR		armGroups[1].description casefold-equals group_title exactly ('Bevacizumab plus Capecitabine'); corroborated by armGroups[1].interventionNames	NEWLINE_TO_SPACE;CUT_AT_400_CHARS;TSV_WRITE_NORMALISES_TAB_AND_NEWLINE;ORIGINAL_RETRIEVABLE_ONLY_VIA_leaf_claim_locator	142	NO	NO	CONFIRMED	LEAF_WITHIN_RECORD_RELATION	B Bev+Cap	CONTROL_ACTIVE_COMPARATOR_CONFIRMED	UNKNOWN	CHANGED_CLASS:COMPARATOR_TYPE_INFERRED->UNKNOWN	Bevacizumab 15 mg/kg i.v., day 1, every 3 weeks, Capecitabine 1000 mg/m² twice-daily, days 1-14, every 3 weeks	NEWLINE_TO_SPACE;CUT_AT_400_CHARS;TSV_WRITE_NORMALISES_TAB_AND_NEWLINE;ORIGINAL_RETRIEVABLE_ONLY_VIA_the cached source record	110
NCT00600340	Unconfirmed Best Overall Response (ITT Population)	Bevacizumab Plus Paclitaxel	270	1999_2009	bor	2	2	ALL_ARMS_CONTROL_TYPED	ACTIVE_COMPARATOR | ACTIVE_COMPARATOR	PROPOSED	LEAF_CLAIM_NOT_VERIFIABLE_FROM_EXACT_SOURCE_FIELDS	DELIVERED_LEAF:LEAF-QD-group0.tsv	LEAF-OUT/LEAF-QD-group0.tsv:line 10; candidate protocolSection.armsInterventionsModule.armGroups[0].label	1	0	A Bev+Pac	ACTIVE_COMPARATOR									UNKNOWN_IN_THIS_CACHE	no source-field-matched arm link and no comparator wording in the group record			NOT_ESTABLISHED_REGISTRY_JOIN_FIELDS_ABSENT_FROM_THIS_CACHE	ALL_REGISTERED_ARMS_COMPARATOR_TYPED_CONDITIONAL	ASSUMES_THIS_RESULTS_GROUP_IS_A_SUBSET_OF_THE_REGISTERED_ARM_SET_MEMBERSHIP_UNPROVED		LEAF_LABEL_RESOLVES_UNIQUELY	A Bev+Pac	LEAF-OUT/LEAF-QD-group0.tsv:line 10	RETAINED_UNVERIFIED_WITH_LOCATOR		armGroups[0].description casefold-equals group_title exactly ('Bevacizumab plus Paclitaxel'); corroborated by armGroups[0].interventionNames	NEWLINE_TO_SPACE;CUT_AT_400_CHARS;TSV_WRITE_NORMALISES_TAB_AND_NEWLINE;ORIGINAL_RETRIEVABLE_ONLY_VIA_leaf_claim_locator	140	NO	NO	CONFIRMED	LEAF_WITHIN_RECORD_RELATION	A Bev+Pac	CONTROL_ACTIVE_COMPARATOR_CONFIRMED	UNKNOWN	CHANGED_CLASS:COMPARATOR_TYPE_INFERRED->UNKNOWN	Bevacizumab 10 mg/kg intravenous (i.v.), days 1 and 15, every 4 weeks, Paclitaxel 90 mg/m2, days 1, 8 and 15, every 4 weeks	NEWLINE_TO_SPACE;CUT_AT_400_CHARS;TSV_WRITE_NORMALISES_TAB_AND_NEWLINE;ORIGINAL_RETRIEVABLE_ONLY_VIA_the cached source record	123
NCT00600340	Unconfirmed Best Overall Response (ITT Population)	Bevacizumab Plus Capecitabine	261	1999_2009	bor	2	2	ALL_ARMS_CONTROL_TYPED	ACTIVE_COMPARATOR | ACTIVE_COMPARATOR	PROPOSED	LEAF_CLAIM_NOT_VERIFIABLE_FROM_EXACT_SOURCE_FIELDS	DELIVERED_LEAF:LEAF-QD-group0.tsv	LEAF-OUT/LEAF-QD-group0.tsv:line 9; candidate protocolSection.armsInterventionsModule.armGroups[1].label	1	1	B Bev+Cap	ACTIVE_COMPARATOR									UNKNOWN_IN_THIS_CACHE	no source-field-matched arm link and no comparator wording in the group record			NOT_ESTABLISHED_REGISTRY_JOIN_FIELDS_ABSENT_FROM_THIS_CACHE	ALL_REGISTERED_ARMS_COMPARATOR_TYPED_CONDITIONAL	ASSUMES_THIS_RESULTS_GROUP_IS_A_SUBSET_OF_THE_REGISTERED_ARM_SET_MEMBERSHIP_UNPROVED		LEAF_LABEL_RESOLVES_UNIQUELY	B Bev+Cap	LEAF-OUT/LEAF-QD-group0.tsv:line 9	RETAINED_UNVERIFIED_WITH_LOCATOR		armGroups[1].description casefold-equals group_title exactly ('Bevacizumab plus Capecitabine'); corroborated by armGroups[1].interventionNames	NEWLINE_TO_SPACE;CUT_AT_400_CHARS;TSV_WRITE_NORMALISES_TAB_AND_NEWLINE;ORIGINAL_RETRIEVABLE_ONLY_VIA_leaf_claim_locator	142	NO	NO	CONFIRMED	LEAF_WITHIN_RECORD_RELATION	B Bev+Cap	CONTROL_ACTIVE_COMPARATOR_CONFIRMED	UNKNOWN	CHANGED_CLASS:COMPARATOR_TYPE_INFERRED->UNKNOWN	Bevacizumab 15 mg/kg i.v., day 1, every 3 weeks, Capecitabine 1000 mg/m² twice-daily, days 1-14, every 3 weeks	NEWLINE_TO_SPACE;CUT_AT_400_CHARS;TSV_WRITE_NORMALISES_TAB_AND_NEWLINE;ORIGINAL_RETRIEVABLE_ONLY_VIA_the cached source record	110
NCT00600340	Unconfirmed Best Overall Response (PP Population)	Bevacizumab Plus Paclitaxel	255	1999_2009	bor	2	2	ALL_ARMS_CONTROL_TYPED	ACTIVE_COMPARATOR | ACTIVE_COMPARATOR	PROPOSED	LEAF_CLAIM_NOT_VERIFIABLE_FROM_EXACT_SOURCE_FIELDS	DELIVERED_LEAF:LEAF-QD-group0.tsv	LEAF-OUT/LEAF-QD-group0.tsv:line 12; candidate protocolSection.armsInterventionsModule.armGroups[0].label	1	0	A Bev+Pac	ACTIVE_COMPARATOR									UNKNOWN_IN_THIS_CACHE	no source-field-matched arm link and no comparator wording in the group record			NOT_ESTABLISHED_REGISTRY_JOIN_FIELDS_ABSENT_FROM_THIS_CACHE	ALL_REGISTERED_ARMS_COMPARATOR_TYPED_CONDITIONAL	ASSUMES_THIS_RESULTS_GROUP_IS_A_SUBSET_OF_THE_REGISTERED_ARM_SET_MEMBERSHIP_UNPROVED		LEAF_LABEL_RESOLVES_UNIQUELY	A Bev+Pac	LEAF-OUT/LEAF-QD-group0.tsv:line 12	RETAINED_UNVERIFIED_WITH_LOCATOR		armGroups[0].description casefold-equals group_title exactly ('Bevacizumab plus Paclitaxel'); corroborated by armGroups[0].interventionNames	NEWLINE_TO_SPACE;CUT_AT_400_CHARS;TSV_WRITE_NORMALISES_TAB_AND_NEWLINE;ORIGINAL_RETRIEVABLE_ONLY_VIA_leaf_claim_locator	140	NO	NO	CONFIRMED	LEAF_WITHIN_RECORD_RELATION	A Bev+Pac	CONTROL_ACTIVE_COMPARATOR_CONFIRMED	UNKNOWN	CHANGED_CLASS:COMPARATOR_TYPE_INFERRED->UNKNOWN	Bevacizumab 10 mg/kg intravenous (i.v.), days 1 and 15, every 4 weeks, Paclitaxel 90 mg/m2, days 1, 8 and 15, every 4 weeks	NEWLINE_TO_SPACE;CUT_AT_400_CHARS;TSV_WRITE_NORMALISES_TAB_AND_NEWLINE;ORIGINAL_RETRIEVABLE_ONLY_VIA_the cached source record	123
NCT00600340	Unconfirmed Best Overall Response (PP Population)	Bevacizumab Plus Capecitabine	249	1999_2009	bor	2	2	ALL_ARMS_CONTROL_TYPED	ACTIVE_COMPARATOR | ACTIVE_COMPARATOR	PROPOSED	LEAF_CLAIM_NOT_VERIFIABLE_FROM_EXACT_SOURCE_FIELDS	DELIVERED_LEAF:LEAF-QD-group0.tsv	LEAF-OUT/LEAF-QD-group0.tsv:line 11; candidate protocolSection.armsInterventionsModule.armGroups[1].label	1	1	B Bev+Cap	ACTIVE_COMPARATOR									UNKNOWN_IN_THIS_CACHE	no source-field-matched arm link and no comparator wording in the group record			NOT_ESTABLISHED_REGISTRY_JOIN_FIELDS_ABSENT_FROM_THIS_CACHE	ALL_REGISTERED_ARMS_COMPARATOR_TYPED_CONDITIONAL	ASSUMES_THIS_RESULTS_GROUP_IS_A_SUBSET_OF_THE_REGISTERED_ARM_SET_MEMBERSHIP_UNPROVED		LEAF_LABEL_RESOLVES_UNIQUELY	B Bev+Cap	LEAF-OUT/LEAF-QD-group0.tsv:line 11	RETAINED_UNVERIFIED_WITH_LOCATOR		armGroups[1].description casefold-equals group_title exactly ('Bevacizumab plus Capecitabine'); corroborated by armGroups[1].interventionNames	NEWLINE_TO_SPACE;CUT_AT_400_CHARS;TSV_WRITE_NORMALISES_TAB_AND_NEWLINE;ORIGINAL_RETRIEVABLE_ONLY_VIA_leaf_claim_locator	142	NO	NO	CONFIRMED	LEAF_WITHIN_RECORD_RELATION	B Bev+Cap	CONTROL_ACTIVE_COMPARATOR_CONFIRMED	UNKNOWN	CHANGED_CLASS:COMPARATOR_TYPE_INFERRED->UNKNOWN	Bevacizumab 15 mg/kg i.v., day 1, every 3 weeks, Capecitabine 1000 mg/m² twice-daily, days 1-14, every 3 weeks	NEWLINE_TO_SPACE;CUT_AT_400_CHARS;TSV_WRITE_NORMALISES_TAB_AND_NEWLINE;ORIGINAL_RETRIEVABLE_ONLY_VIA_the cached source record	110
NCT01188876	Best Overall Response	Carboplatin/Pralatrexate	48	2010_2013	bor	1	1	ALL_ARMS_NON_CONTROL_TYPED	EXPERIMENTAL	LABEL_MATCH	LABEL_FIELD_MATCH_ONLY:LABEL_BYTE_EXACT	SOURCE_RECORD	protocolSection.armsInterventionsModule.armGroups[0].label	1	0	Carboplatin/Pralatrexate	EXPERIMENTAL	0	Carboplatin/Pralatrexate	EXPERIMENTAL						NOT_ESTABLISHED_IN_THIS_CACHE	bound arm 0 registered type EXPERIMENTAL (verbatim). A registered type of EXPERIMENTAL/OTHER is not evidence that this group had no comparator role; no comparator evidence exists in this cache either way			NOT_ESTABLISHED_REGISTRY_JOIN_FIELDS_ABSENT_FROM_THIS_CACHE	BOUND_ARM_REGISTERED_TYPE_IS_EXPERIMENTAL	ASSUMES_LABEL_FIELD_CORRESPONDENCE_IS_ARM_IDENTITY_UNPROVED		NO_LEAF									NO	CONFIRMED	LABEL_BYTE_EXACT	Carboplatin/Pralatrexate	NOT_CONTROL_CONFIRMED	NOT_CONTROL	CHANGED_CLASS:NOT_CONTROL_ASSERTED->NOT_ESTABLISHED	carboplatin: Given intravenously on Day 1 of each 28-day cycle  pralatrexate: Given intravenously on Day 1 and Day 15 of each 28-day cycle.	NEWLINE_TO_SPACE;CUT_AT_400_CHARS;TSV_WRITE_NORMALISES_TAB_AND_NEWLINE;ORIGINAL_RETRIEVABLE_ONLY_VIA_the cached source record	139
NCT01524991	Best Overall Response Rate	Treatment	36	2010_2013	bor	1	1	ALL_ARMS_NON_CONTROL_TYPED	EXPERIMENTAL	LABEL_MATCH	LABEL_FIELD_MATCH_ONLY:LABEL_BYTE_EXACT	SOURCE_RECORD	protocolSection.armsInterventionsModule.armGroups[0].label	1	0	Treatment	EXPERIMENTAL	0	Treatment	EXPERIMENTAL						NOT_ESTABLISHED_IN_THIS_CACHE	bound arm 0 registered type EXPERIMENTAL (verbatim). A registered type of EXPERIMENTAL/OTHER is not evidence that this group had no comparator role; no comparator evidence exists in this cache either way			NOT_ESTABLISHED_REGISTRY_JOIN_FIELDS_ABSENT_FROM_THIS_CACHE	BOUND_ARM_REGISTERED_TYPE_IS_EXPERIMENTAL	ASSUMES_LABEL_FIELD_CORRESPONDENCE_IS_ARM_IDENTITY_UNPROVED		NO_LEAF									NO	CONFIRMED	LABEL_BYTE_EXACT	Treatment	NOT_CONTROL_CONFIRMED	NOT_CONTROL	CHANGED_CLASS:NOT_CONTROL_ASSERTED->NOT_ESTABLISHED	Gemcitabine 1000 mg/m2 Days 1 \& 8 Cisplatin 70 mg/m2 Day 1 Ipilimumab 10 mg/kg Day 1 (start cycle 3)  Gemcitabine: Gemcitabine 1000 mg/m2 Days 1 \& 8 (all cycles)  Cisplatin: Cisplatin 70 mg/m2 Day 1 (all cycles)  Ipilimumab: Ipilimumab 10 mg/kg Day 1 (start cycle 3)	NEWLINE_TO_SPACE;CUT_AT_400_CHARS;TSV_WRITE_NORMALISES_TAB_AND_NEWLINE;ORIGINAL_RETRIEVABLE_ONLY_VIA_the cached source record	268
NCT01403948	Best Overall Response Based on All Assessment	BI 836826 1 mg iv (Caucasian Patients)	1	2010_2013	bor	1	10	ALL_ARMS_NON_CONTROL_TYPED	EXPERIMENTAL	PROPOSED	LEAF_CLAIM_NOT_VERIFIABLE_FROM_EXACT_SOURCE_FIELDS	DELIVERED_LEAF:LEAF-QD-group0.tsv	LEAF-OUT/LEAF-QD-group0.tsv:line 47; candidate protocolSection.armsInterventionsModule.armGroups[0].label	1	0	Patients with relapsed or refractory NHL	EXPERIMENTAL									UNKNOWN_IN_THIS_CACHE	no source-field-matched arm link and no comparator wording in the group record			NOT_ESTABLISHED_REGISTRY_JOIN_FIELDS_ABSENT_FROM_THIS_CACHE	ALL_REGISTERED_ARMS_NON_COMPARATOR_TYPED_CONDITIONAL	ASSUMES_THIS_RESULTS_GROUP_IS_A_SUBSET_OF_THE_REGISTERED_ARM_SET_MEMBERSHIP_UNPROVED		LEAF_LABEL_RESOLVES_UNIQUELY	Patients with relapsed or refractory NHL	LEAF-OUT/LEAF-QD-group0.tsv:line 47	RETAINED_UNVERIFIED_WITH_LOCATOR		armGroups[0].description population phrase 'relapsed or refractory non-Hodgkin lymphoma of B cell origin' recurs verbatim (casefold) in every group description; armGroups[0].interventionNames 'Drug: BI 836826' is the group-title drug; armGroups cardinality = 1	NEWLINE_TO_SPACE;CUT_AT_400_CHARS;TSV_WRITE_NORMALISES_TAB_AND_NEWLINE;ORIGINAL_RETRIEVABLE_ONLY_VIA_leaf_claim_locator	260	NO	YES	CONFIRMED	LEAF_WITHIN_RECORD_RELATION	Patients with relapsed or refractory NHL	NOT_CONTROL_CONFIRMED	NOT_CONTROL_SINGLE_ARM_TRIAL	CHANGED_CLASS:NOT_CONTROL_ASSERTED->UNKNOWN	BI 836826 1 milligram (mg) was administered as an intravenous (iv) infusion anytime in day (preferably morning hours) in caucasian patients with relapsed or refractory non-hodgkin lymphoma of B cell origin.  Each course was to comprise 4 administrations at weekly intervals, followed by 27 days of observation after last administration. The duration of the 2 first courses was 7 weeks each and the du	NEWLINE_TO_SPACE;CUT_AT_400_CHARS;TSV_WRITE_NORMALISES_TAB_AND_NEWLINE;ORIGINAL_RETRIEVABLE_ONLY_VIA_the cached source record	519
NCT01403948	Best Overall Response Based on All Assessment	BI 836826 3 mg iv (Caucasian Patients)	3	2010_2013	bor	1	10	ALL_ARMS_NON_CONTROL_TYPED	EXPERIMENTAL	PROPOSED	LEAF_CLAIM_NOT_VERIFIABLE_FROM_EXACT_SOURCE_FIELDS	DELIVERED_LEAF:LEAF-QD-group0.tsv	LEAF-OUT/LEAF-QD-group0.tsv:line 53; candidate protocolSection.armsInterventionsModule.armGroups[0].label	1	0	Patients with relapsed or refractory NHL	EXPERIMENTAL									UNKNOWN_IN_THIS_CACHE	no source-field-matched arm link and no comparator wording in the group record			NOT_ESTABLISHED_REGISTRY_JOIN_FIELDS_ABSENT_FROM_THIS_CACHE	ALL_REGISTERED_ARMS_NON_COMPARATOR_TYPED_CONDITIONAL	ASSUMES_THIS_RESULTS_GROUP_IS_A_SUBSET_OF_THE_REGISTERED_ARM_SET_MEMBERSHIP_UNPROVED		LEAF_LABEL_RESOLVES_UNIQUELY	Patients with relapsed or refractory NHL	LEAF-OUT/LEAF-QD-group0.tsv:line 53	RETAINED_UNVERIFIED_WITH_LOCATOR		armGroups[0].description population phrase 'relapsed or refractory non-Hodgkin lymphoma of B cell origin' recurs verbatim (casefold) in every group description; armGroups[0].interventionNames 'Drug: BI 836826' is the group-title drug; armGroups cardinality = 1	NEWLINE_TO_SPACE;CUT_AT_400_CHARS;TSV_WRITE_NORMALISES_TAB_AND_NEWLINE;ORIGINAL_RETRIEVABLE_ONLY_VIA_leaf_claim_locator	260	NO	YES	CONFIRMED	LEAF_WITHIN_RECORD_RELATION	Patients with relapsed or refractory NHL	NOT_CONTROL_CONFIRMED	NOT_CONTROL_SINGLE_ARM_TRIAL	CHANGED_CLASS:NOT_CONTROL_ASSERTED->UNKNOWN	BI 836826 3 mg was administered as an intravenous infusion anytime in day (preferably morning hours) in caucasian patients with relapsed or refractory non-hodgkin lymphoma of B cell origin.  Each course was to comprise 4 administrations at weekly intervals, followed by 27 days of observation after last administration. The duration of the 2 first courses was 7 weeks each and the duration of the 3rd	NEWLINE_TO_SPACE;CUT_AT_400_CHARS;TSV_WRITE_NORMALISES_TAB_AND_NEWLINE;ORIGINAL_RETRIEVABLE_ONLY_VIA_the cached source record	502
NCT01403948	Best Overall Response Based on All Assessment	BI 836826 9 mg iv (Caucasian Patients)	3	2010_2013	bor	1	10	ALL_ARMS_NON_CONTROL_TYPED	EXPERIMENTAL	PROPOSED	LEAF_CLAIM_NOT_VERIFIABLE_FROM_EXACT_SOURCE_FIELDS	DELIVERED_LEAF:LEAF-QD-group0.tsv	LEAF-OUT/LEAF-QD-group0.tsv:line 56; candidate protocolSection.armsInterventionsModule.armGroups[0].label	1	0	Patients with relapsed or refractory NHL	EXPERIMENTAL									UNKNOWN_IN_THIS_CACHE	no source-field-matched arm link and no comparator wording in the group record			NOT_ESTABLISHED_REGISTRY_JOIN_FIELDS_ABSENT_FROM_THIS_CACHE	ALL_REGISTERED_ARMS_NON_COMPARATOR_TYPED_CONDITIONAL	ASSUMES_THIS_RESULTS_GROUP_IS_A_SUBSET_OF_THE_REGISTERED_ARM_SET_MEMBERSHIP_UNPROVED		LEAF_LABEL_RESOLVES_UNIQUELY	Patients with relapsed or refractory NHL	LEAF-OUT/LEAF-QD-group0.tsv:line 56	RETAINED_UNVERIFIED_WITH_LOCATOR		armGroups[0].description population phrase 'relapsed or refractory non-Hodgkin lymphoma of B cell origin' recurs verbatim (casefold) in every group description; armGroups[0].interventionNames 'Drug: BI 836826' is the group-title drug; armGroups cardinality = 1	NEWLINE_TO_SPACE;CUT_AT_400_CHARS;TSV_WRITE_NORMALISES_TAB_AND_NEWLINE;ORIGINAL_RETRIEVABLE_ONLY_VIA_leaf_claim_locator	260	NO	YES	CONFIRMED	LEAF_WITHIN_RECORD_RELATION	Patients with relapsed or refractory NHL	NOT_CONTROL_CONFIRMED	NOT_CONTROL_SINGLE_ARM_TRIAL	CHANGED_CLASS:NOT_CONTROL_ASSERTED->UNKNOWN	BI 836826 9 mg was administered as an intravenous infusion anytime in day (preferably morning hours) in caucasian patients with relapsed or refractory non-hodgkin lymphoma of B cell origin.  Each course was to comprise 4 administrations at weekly intervals, followed by 27 days of observation after last administration. The duration of the 2 first courses was 7 weeks each and the duration of the 3rd	NEWLINE_TO_SPACE;CUT_AT_400_CHARS;TSV_WRITE_NORMALISES_TAB_AND_NEWLINE;ORIGINAL_RETRIEVABLE_ONLY_VIA_the cached source record	502
NCT01403948	Best Overall Response Based on All Assessment	BI 836826 25 mg iv (Caucasian Patients)	4	2010_2013	bor	1	10	ALL_ARMS_NON_CONTROL_TYPED	EXPERIMENTAL	PROPOSED	LEAF_CLAIM_NOT_VERIFIABLE_FROM_EXACT_SOURCE_FIELDS	DELIVERED_LEAF:LEAF-QD-group0.tsv	LEAF-OUT/LEAF-QD-group0.tsv:line 52; candidate protocolSection.armsInterventionsModule.armGroups[0].label	1	0	Patients with relapsed or refractory NHL	EXPERIMENTAL									UNKNOWN_IN_THIS_CACHE	no source-field-matched arm link and no comparator wording in the group record			NOT_ESTABLISHED_REGISTRY_JOIN_FIELDS_ABSENT_FROM_THIS_CACHE	ALL_REGISTERED_ARMS_NON_COMPARATOR_TYPED_CONDITIONAL	ASSUMES_THIS_RESULTS_GROUP_IS_A_SUBSET_OF_THE_REGISTERED_ARM_SET_MEMBERSHIP_UNPROVED		LEAF_LABEL_RESOLVES_UNIQUELY	Patients with relapsed or refractory NHL	LEAF-OUT/LEAF-QD-group0.tsv:line 52	RETAINED_UNVERIFIED_WITH_LOCATOR		armGroups[0].description population phrase 'relapsed or refractory non-Hodgkin lymphoma of B cell origin' recurs verbatim (casefold) in every group description; armGroups[0].interventionNames 'Drug: BI 836826' is the group-title drug; armGroups cardinality = 1	NEWLINE_TO_SPACE;CUT_AT_400_CHARS;TSV_WRITE_NORMALISES_TAB_AND_NEWLINE;ORIGINAL_RETRIEVABLE_ONLY_VIA_leaf_claim_locator	260	NO	YES	CONFIRMED	LEAF_WITHIN_RECORD_RELATION	Patients with relapsed or refractory NHL	NOT_CONTROL_CONFIRMED	NOT_CONTROL_SINGLE_ARM_TRIAL	CHANGED_CLASS:NOT_CONTROL_ASSERTED->UNKNOWN	BI 836826 25 mg was administered as an intravenous infusion anytime in day (preferably morning hours) in caucasian patients with relapsed or refractory non-hodgkin lymphoma of B cell origin.  Each course was to comprise 4 administrations at weekly intervals, followed by 27 days of observation after last administration. The duration of the 2 first courses was 7 weeks each and the duration of the 3r	NEWLINE_TO_SPACE;CUT_AT_400_CHARS;TSV_WRITE_NORMALISES_TAB_AND_NEWLINE;ORIGINAL_RETRIEVABLE_ONLY_VIA_the cached source record	503
NCT01403948	Best Overall Response Based on All Assessment	BI 836826 50 mg iv (Caucasian Patients)	5	2010_2013	bor	1	10	ALL_ARMS_NON_CONTROL_TYPED	EXPERIMENTAL	PROPOSED	LEAF_CLAIM_NOT_VERIFIABLE_FROM_EXACT_SOURCE_FIELDS	DELIVERED_LEAF:LEAF-QD-group0.tsv	LEAF-OUT/LEAF-QD-group0.tsv:line 54; candidate protocolSection.armsInterventionsModule.armGroups[0].label	1	0	Patients with relapsed or refractory NHL	EXPERIMENTAL									UNKNOWN_IN_THIS_CACHE	no source-field-matched arm link and no comparator wording in the group record			NOT_ESTABLISHED_REGISTRY_JOIN_FIELDS_ABSENT_FROM_THIS_CACHE	ALL_REGISTERED_ARMS_NON_COMPARATOR_TYPED_CONDITIONAL	ASSUMES_THIS_RESULTS_GROUP_IS_A_SUBSET_OF_THE_REGISTERED_ARM_SET_MEMBERSHIP_UNPROVED		LEAF_LABEL_RESOLVES_UNIQUELY	Patients with relapsed or refractory NHL	LEAF-OUT/LEAF-QD-group0.tsv:line 54	RETAINED_UNVERIFIED_WITH_LOCATOR		armGroups[0].description population phrase 'relapsed or refractory non-Hodgkin lymphoma of B cell origin' recurs verbatim (casefold) in every group description; armGroups[0].interventionNames 'Drug: BI 836826' is the group-title drug; armGroups cardinality = 1	NEWLINE_TO_SPACE;CUT_AT_400_CHARS;TSV_WRITE_NORMALISES_TAB_AND_NEWLINE;ORIGINAL_RETRIEVABLE_ONLY_VIA_leaf_claim_locator	260	NO	YES	CONFIRMED	LEAF_WITHIN_RECORD_RELATION	Patients with relapsed or refractory NHL	NOT_CONTROL_CONFIRMED	NOT_CONTROL_SINGLE_ARM_TRIAL	CHANGED_CLASS:NOT_CONTROL_ASSERTED->UNKNOWN	BI 836826 50 mg was administered as an intravenous infusion anytime in day (preferably morning hours) in caucasian patients with relapsed or refractory non-hodgkin lymphoma of B cell origin.  Each course was to comprise 4 administrations at weekly intervals, followed by 27 days of observation after last administration. The duration of the 2 first courses was 7 weeks each and the duration of the 3r	NEWLINE_TO_SPACE;CUT_AT_400_CHARS;TSV_WRITE_NORMALISES_TAB_AND_NEWLINE;ORIGINAL_RETRIEVABLE_ONLY_VIA_the cached source record	503
NCT01403948	Best Overall Response Based on All Assessment	BI 836826 50mg iv (Korean Patients)	6	2010_2013	bor	1	10	ALL_ARMS_NON_CONTROL_TYPED	EXPERIMENTAL	PROPOSED	LEAF_CLAIM_NOT_VERIFIABLE_FROM_EXACT_SOURCE_FIELDS	DELIVERED_LEAF:LEAF-QD-group0.tsv	LEAF-OUT/LEAF-QD-group0.tsv:line 55; candidate protocolSection.armsInterventionsModule.armGroups[0].label	1	0	Patients with relapsed or refractory NHL	EXPERIMENTAL									UNKNOWN_IN_THIS_CACHE	no source-field-matched arm link and no comparator wording in the group record			NOT_ESTABLISHED_REGISTRY_JOIN_FIELDS_ABSENT_FROM_THIS_CACHE	ALL_REGISTERED_ARMS_NON_COMPARATOR_TYPED_CONDITIONAL	ASSUMES_THIS_RESULTS_GROUP_IS_A_SUBSET_OF_THE_REGISTERED_ARM_SET_MEMBERSHIP_UNPROVED		LEAF_LABEL_RESOLVES_UNIQUELY	Patients with relapsed or refractory NHL	LEAF-OUT/LEAF-QD-group0.tsv:line 55	RETAINED_UNVERIFIED_WITH_LOCATOR		armGroups[0].description population phrase 'relapsed or refractory non-Hodgkin lymphoma of B cell origin' recurs verbatim (casefold) in every group description; armGroups[0].interventionNames 'Drug: BI 836826' is the group-title drug; armGroups cardinality = 1	NEWLINE_TO_SPACE;CUT_AT_400_CHARS;TSV_WRITE_NORMALISES_TAB_AND_NEWLINE;ORIGINAL_RETRIEVABLE_ONLY_VIA_leaf_claim_locator	260	NO	YES	CONFIRMED	LEAF_WITHIN_RECORD_RELATION	Patients with relapsed or refractory NHL	NOT_CONTROL_CONFIRMED	NOT_CONTROL_SINGLE_ARM_TRIAL	CHANGED_CLASS:NOT_CONTROL_ASSERTED->UNKNOWN	BI 836826 50 mg was administered as an intravenous infusion anytime in day (preferably morning hours) in korean patients with relapsed or refractory non-hodgkin lymphoma of B cell origin.  Each course was to comprise 4 administrations at weekly intervals, followed by 27 days of observation after last administration. The duration of the 2 first courses was 7 weeks each and the duration of the 3rd c	NEWLINE_TO_SPACE;CUT_AT_400_CHARS;TSV_WRITE_NORMALISES_TAB_AND_NEWLINE;ORIGINAL_RETRIEVABLE_ONLY_VIA_the cached source record	500
NCT01403948	Best Overall Response Based on All Assessment	BI 836826 100 mg iv (Caucasian Patients)	5	2010_2013	bor	1	10	ALL_ARMS_NON_CONTROL_TYPED	EXPERIMENTAL	PROPOSED	LEAF_CLAIM_NOT_VERIFIABLE_FROM_EXACT_SOURCE_FIELDS	DELIVERED_LEAF:LEAF-QD-group0.tsv	LEAF-OUT/LEAF-QD-group0.tsv:line 48; candidate protocolSection.armsInterventionsModule.armGroups[0].label	1	0	Patients with relapsed or refractory NHL	EXPERIMENTAL									UNKNOWN_IN_THIS_CACHE	no source-field-matched arm link and no comparator wording in the group record			NOT_ESTABLISHED_REGISTRY_JOIN_FIELDS_ABSENT_FROM_THIS_CACHE	ALL_REGISTERED_ARMS_NON_COMPARATOR_TYPED_CONDITIONAL	ASSUMES_THIS_RESULTS_GROUP_IS_A_SUBSET_OF_THE_REGISTERED_ARM_SET_MEMBERSHIP_UNPROVED		LEAF_LABEL_RESOLVES_UNIQUELY	Patients with relapsed or refractory NHL	LEAF-OUT/LEAF-QD-group0.tsv:line 48	RETAINED_UNVERIFIED_WITH_LOCATOR		armGroups[0].description population phrase 'relapsed or refractory non-Hodgkin lymphoma of B cell origin' recurs verbatim (casefold) in every group description; armGroups[0].interventionNames 'Drug: BI 836826' is the group-title drug; armGroups cardinality = 1	NEWLINE_TO_SPACE;CUT_AT_400_CHARS;TSV_WRITE_NORMALISES_TAB_AND_NEWLINE;ORIGINAL_RETRIEVABLE_ONLY_VIA_leaf_claim_locator	260	NO	YES	CONFIRMED	LEAF_WITHIN_RECORD_RELATION	Patients with relapsed or refractory NHL	NOT_CONTROL_CONFIRMED	NOT_CONTROL_SINGLE_ARM_TRIAL	CHANGED_CLASS:NOT_CONTROL_ASSERTED->UNKNOWN	BI 836826 100 mg was administered as an intravenous infusion anytime in day (preferably morning hours) in caucasian patients with relapsed or refractory non-hodgkin lymphoma of B cell origin.  Each course was to comprise 4 administrations at weekly intervals, followed by 27 days of observation after last administration. The duration of the 2 first courses was 7 weeks each and the duration of the 3	NEWLINE_TO_SPACE;CUT_AT_400_CHARS;TSV_WRITE_NORMALISES_TAB_AND_NEWLINE;ORIGINAL_RETRIEVABLE_ONLY_VIA_the cached source record	504
NCT01403948	Best Overall Response Based on All Assessment	BI 836826 100 mg iv (Korean Patients)	4	2010_2013	bor	1	10	ALL_ARMS_NON_CONTROL_TYPED	EXPERIMENTAL	PROPOSED	LEAF_CLAIM_NOT_VERIFIABLE_FROM_EXACT_SOURCE_FIELDS	DELIVERED_LEAF:LEAF-QD-group0.tsv	LEAF-OUT/LEAF-QD-group0.tsv:line 49; candidate protocolSection.armsInterventionsModule.armGroups[0].label	1	0	Patients with relapsed or refractory NHL	EXPERIMENTAL									UNKNOWN_IN_THIS_CACHE	no source-field-matched arm link and no comparator wording in the group record			NOT_ESTABLISHED_REGISTRY_JOIN_FIELDS_ABSENT_FROM_THIS_CACHE	ALL_REGISTERED_ARMS_NON_COMPARATOR_TYPED_CONDITIONAL	ASSUMES_THIS_RESULTS_GROUP_IS_A_SUBSET_OF_THE_REGISTERED_ARM_SET_MEMBERSHIP_UNPROVED		LEAF_LABEL_RESOLVES_UNIQUELY	Patients with relapsed or refractory NHL	LEAF-OUT/LEAF-QD-group0.tsv:line 49	RETAINED_UNVERIFIED_WITH_LOCATOR		armGroups[0].description population phrase 'relapsed or refractory non-Hodgkin lymphoma of B cell origin' recurs verbatim (casefold) in every group description; armGroups[0].interventionNames 'Drug: BI 836826' is the group-title drug; armGroups cardinality = 1	NEWLINE_TO_SPACE;CUT_AT_400_CHARS;TSV_WRITE_NORMALISES_TAB_AND_NEWLINE;ORIGINAL_RETRIEVABLE_ONLY_VIA_leaf_claim_locator	260	NO	YES	CONFIRMED	LEAF_WITHIN_RECORD_RELATION	Patients with relapsed or refractory NHL	NOT_CONTROL_CONFIRMED	NOT_CONTROL_SINGLE_ARM_TRIAL	CHANGED_CLASS:NOT_CONTROL_ASSERTED->UNKNOWN	BI 836826 100 mg was administered as an intravenous infusion anytime in day (preferably morning hours) in korean patients with relapsed or refractory non-hodgkin lymphoma of B cell origin.  Each course was to comprise 4 administrations at weekly intervals, followed by 27 days of observation after last administration. The duration of the 2 first courses was 7 weeks each and the duration of the 3rd 	NEWLINE_TO_SPACE;CUT_AT_400_CHARS;TSV_WRITE_NORMALISES_TAB_AND_NEWLINE;ORIGINAL_RETRIEVABLE_ONLY_VIA_the cached source record	501
NCT01403948	Best Overall Response Based on All Assessment	BI 836826 150 mg iv (Caucasian Patients)	5	2010_2013	bor	1	10	ALL_ARMS_NON_CONTROL_TYPED	EXPERIMENTAL	PROPOSED	LEAF_CLAIM_NOT_VERIFIABLE_FROM_EXACT_SOURCE_FIELDS	DELIVERED_LEAF:LEAF-QD-group0.tsv	LEAF-OUT/LEAF-QD-group0.tsv:line 50; candidate protocolSection.armsInterventionsModule.armGroups[0].label	1	0	Patients with relapsed or refractory NHL	EXPERIMENTAL									UNKNOWN_IN_THIS_CACHE	no source-field-matched arm link and no comparator wording in the group record			NOT_ESTABLISHED_REGISTRY_JOIN_FIELDS_ABSENT_FROM_THIS_CACHE	ALL_REGISTERED_ARMS_NON_COMPARATOR_TYPED_CONDITIONAL	ASSUMES_THIS_RESULTS_GROUP_IS_A_SUBSET_OF_THE_REGISTERED_ARM_SET_MEMBERSHIP_UNPROVED		LEAF_LABEL_RESOLVES_UNIQUELY	Patients with relapsed or refractory NHL	LEAF-OUT/LEAF-QD-group0.tsv:line 50	RETAINED_UNVERIFIED_WITH_LOCATOR		armGroups[0].description population phrase 'relapsed or refractory non-Hodgkin lymphoma of B cell origin' recurs verbatim (casefold) in every group description; armGroups[0].interventionNames 'Drug: BI 836826' is the group-title drug; armGroups cardinality = 1	NEWLINE_TO_SPACE;CUT_AT_400_CHARS;TSV_WRITE_NORMALISES_TAB_AND_NEWLINE;ORIGINAL_RETRIEVABLE_ONLY_VIA_leaf_claim_locator	260	NO	YES	CONFIRMED	LEAF_WITHIN_RECORD_RELATION	Patients with relapsed or refractory NHL	NOT_CONTROL_CONFIRMED	NOT_CONTROL_SINGLE_ARM_TRIAL	CHANGED_CLASS:NOT_CONTROL_ASSERTED->UNKNOWN	BI 836826 150 mg was administered as an intravenous infusion anytime in day (preferably morning hours) in caucasian patients with relapsed or refractory non-hodgkin lymphoma of B cell origin.  Each course was to comprise 4 administrations at weekly intervals, followed by 27 days of observation after last administration. The duration of the 2 first courses was 7 weeks each and the duration of the 3	NEWLINE_TO_SPACE;CUT_AT_400_CHARS;TSV_WRITE_NORMALISES_TAB_AND_NEWLINE;ORIGINAL_RETRIEVABLE_ONLY_VIA_the cached source record	504
NCT01403948	Best Overall Response Based on All Assessment	BI 836826 200 mg iv (Caucasian Patients)	6	2010_2013	bor	1	10	ALL_ARMS_NON_CONTROL_TYPED	EXPERIMENTAL	PROPOSED	LEAF_CLAIM_NOT_VERIFIABLE_FROM_EXACT_SOURCE_FIELDS	DELIVERED_LEAF:LEAF-QD-group0.tsv	LEAF-OUT/LEAF-QD-group0.tsv:line 51; candidate protocolSection.armsInterventionsModule.armGroups[0].label	1	0	Patients with relapsed or refractory NHL	EXPERIMENTAL									UNKNOWN_IN_THIS_CACHE	no source-field-matched arm link and no comparator wording in the group record			NOT_ESTABLISHED_REGISTRY_JOIN_FIELDS_ABSENT_FROM_THIS_CACHE	ALL_REGISTERED_ARMS_NON_COMPARATOR_TYPED_CONDITIONAL	ASSUMES_THIS_RESULTS_GROUP_IS_A_SUBSET_OF_THE_REGISTERED_ARM_SET_MEMBERSHIP_UNPROVED		LEAF_LABEL_RESOLVES_UNIQUELY	Patients with relapsed or refractory NHL	LEAF-OUT/LEAF-QD-group0.tsv:line 51	RETAINED_UNVERIFIED_WITH_LOCATOR		armGroups[0].description population phrase 'relapsed or refractory non-Hodgkin lymphoma of B cell origin' recurs verbatim (casefold) in every group description; armGroups[0].interventionNames 'Drug: BI 836826' is the group-title drug; armGroups cardinality = 1	NEWLINE_TO_SPACE;CUT_AT_400_CHARS;TSV_WRITE_NORMALISES_TAB_AND_NEWLINE;ORIGINAL_RETRIEVABLE_ONLY_VIA_leaf_claim_locator	260	NO	YES	CONFIRMED	LEAF_WITHIN_RECORD_RELATION	Patients with relapsed or refractory NHL	NOT_CONTROL_CONFIRMED	NOT_CONTROL_SINGLE_ARM_TRIAL	CHANGED_CLASS:NOT_CONTROL_ASSERTED->UNKNOWN	BI 836826 200 mg was administered as an intravenous infusion anytime in day (preferably morning hours) in caucasian patients with relapsed or refractory non-hodgkin lymphoma of B cell origin.  Each course was to comprise 4 administrations at weekly intervals, followed by 27 days of observation after last administration. The duration of the 2 first courses was 7 weeks each and the duration of the 3	NEWLINE_TO_SPACE;CUT_AT_400_CHARS;TSV_WRITE_NORMALISES_TAB_AND_NEWLINE;ORIGINAL_RETRIEVABLE_ONLY_VIA_the cached source record	504
NCT01403948	Best Overall Response Based on Imaging Data	BI 836826 1 mg iv (Caucasian Patients)	1	2010_2013	bor	1	10	ALL_ARMS_NON_CONTROL_TYPED	EXPERIMENTAL	PROPOSED	LEAF_CLAIM_NOT_VERIFIABLE_FROM_EXACT_SOURCE_FIELDS	DELIVERED_LEAF:LEAF-QD-group0.tsv	LEAF-OUT/LEAF-QD-group0.tsv:line 57; candidate protocolSection.armsInterventionsModule.armGroups[0].label	1	0	Patients with relapsed or refractory NHL	EXPERIMENTAL									UNKNOWN_IN_THIS_CACHE	no source-field-matched arm link and no comparator wording in the group record			NOT_ESTABLISHED_REGISTRY_JOIN_FIELDS_ABSENT_FROM_THIS_CACHE	ALL_REGISTERED_ARMS_NON_COMPARATOR_TYPED_CONDITIONAL	ASSUMES_THIS_RESULTS_GROUP_IS_A_SUBSET_OF_THE_REGISTERED_ARM_SET_MEMBERSHIP_UNPROVED		LEAF_LABEL_RESOLVES_UNIQUELY	Patients with relapsed or refractory NHL	LEAF-OUT/LEAF-QD-group0.tsv:line 57	RETAINED_UNVERIFIED_WITH_LOCATOR		armGroups[0].description population phrase 'relapsed or refractory non-Hodgkin lymphoma of B cell origin' recurs verbatim (casefold) in every group description; armGroups[0].interventionNames 'Drug: BI 836826' is the group-title drug; armGroups cardinality = 1	NEWLINE_TO_SPACE;CUT_AT_400_CHARS;TSV_WRITE_NORMALISES_TAB_AND_NEWLINE;ORIGINAL_RETRIEVABLE_ONLY_VIA_leaf_claim_locator	260	NO	YES	CONFIRMED	LEAF_WITHIN_RECORD_RELATION	Patients with relapsed or refractory NHL	NOT_CONTROL_CONFIRMED	NOT_CONTROL_SINGLE_ARM_TRIAL	CHANGED_CLASS:NOT_CONTROL_ASSERTED->UNKNOWN	BI 836826 1 milligram (mg) was administered as an intravenous (iv) infusion anytime in day (preferably morning hours) in caucasian patients with relapsed or refractory non-hodgkin lymphoma of B cell origin.  Each course was to comprise 4 administrations at weekly intervals, followed by 27 days of observation after last administration. The duration of the 2 first courses was 7 weeks each and the du	NEWLINE_TO_SPACE;CUT_AT_400_CHARS;TSV_WRITE_NORMALISES_TAB_AND_NEWLINE;ORIGINAL_RETRIEVABLE_ONLY_VIA_the cached source record	519
NCT01403948	Best Overall Response Based on Imaging Data	BI 836826 3 mg iv (Caucasian Patients)	3	2010_2013	bor	1	10	ALL_ARMS_NON_CONTROL_TYPED	EXPERIMENTAL	PROPOSED	LEAF_CLAIM_NOT_VERIFIABLE_FROM_EXACT_SOURCE_FIELDS	DELIVERED_LEAF:LEAF-QD-group0.tsv	LEAF-OUT/LEAF-QD-group0.tsv:line 63; candidate protocolSection.armsInterventionsModule.armGroups[0].label	1	0	Patients with relapsed or refractory NHL	EXPERIMENTAL									UNKNOWN_IN_THIS_CACHE	no source-field-matched arm link and no comparator wording in the group record			NOT_ESTABLISHED_REGISTRY_JOIN_FIELDS_ABSENT_FROM_THIS_CACHE	ALL_REGISTERED_ARMS_NON_COMPARATOR_TYPED_CONDITIONAL	ASSUMES_THIS_RESULTS_GROUP_IS_A_SUBSET_OF_THE_REGISTERED_ARM_SET_MEMBERSHIP_UNPROVED		LEAF_LABEL_RESOLVES_UNIQUELY	Patients with relapsed or refractory NHL	LEAF-OUT/LEAF-QD-group0.tsv:line 63	RETAINED_UNVERIFIED_WITH_LOCATOR		armGroups[0].description population phrase 'relapsed or refractory non-Hodgkin lymphoma of B cell origin' recurs verbatim (casefold) in every group description; armGroups[0].interventionNames 'Drug: BI 836826' is the group-title drug; armGroups cardinality = 1	NEWLINE_TO_SPACE;CUT_AT_400_CHARS;TSV_WRITE_NORMALISES_TAB_AND_NEWLINE;ORIGINAL_RETRIEVABLE_ONLY_VIA_leaf_claim_locator	260	NO	YES	CONFIRMED	LEAF_WITHIN_RECORD_RELATION	Patients with relapsed or refractory NHL	NOT_CONTROL_CONFIRMED	NOT_CONTROL_SINGLE_ARM_TRIAL	CHANGED_CLASS:NOT_CONTROL_ASSERTED->UNKNOWN	BI 836826 3 mg was administered as an intravenous infusion anytime in day (preferably morning hours) in caucasian patients with relapsed or refractory non-hodgkin lymphoma of B cell origin.  Each course was to comprise 4 administrations at weekly intervals, followed by 27 days of observation after last administration. The duration of the 2 first courses was 7 weeks each and the duration of the 3rd	NEWLINE_TO_SPACE;CUT_AT_400_CHARS;TSV_WRITE_NORMALISES_TAB_AND_NEWLINE;ORIGINAL_RETRIEVABLE_ONLY_VIA_the cached source record	502
NCT01403948	Best Overall Response Based on Imaging Data	BI 836826 9 mg iv (Caucasian Patients)	3	2010_2013	bor	1	10	ALL_ARMS_NON_CONTROL_TYPED	EXPERIMENTAL	PROPOSED	LEAF_CLAIM_NOT_VERIFIABLE_FROM_EXACT_SOURCE_FIELDS	DELIVERED_LEAF:LEAF-QD-group0.tsv	LEAF-OUT/LEAF-QD-group0.tsv:line 66; candidate protocolSection.armsInterventionsModule.armGroups[0].label	1	0	Patients with relapsed or refractory NHL	EXPERIMENTAL									UNKNOWN_IN_THIS_CACHE	no source-field-matched arm link and no comparator wording in the group record			NOT_ESTABLISHED_REGISTRY_JOIN_FIELDS_ABSENT_FROM_THIS_CACHE	ALL_REGISTERED_ARMS_NON_COMPARATOR_TYPED_CONDITIONAL	ASSUMES_THIS_RESULTS_GROUP_IS_A_SUBSET_OF_THE_REGISTERED_ARM_SET_MEMBERSHIP_UNPROVED		LEAF_LABEL_RESOLVES_UNIQUELY	Patients with relapsed or refractory NHL	LEAF-OUT/LEAF-QD-group0.tsv:line 66	RETAINED_UNVERIFIED_WITH_LOCATOR		armGroups[0].description population phrase 'relapsed or refractory non-Hodgkin lymphoma of B cell origin' recurs verbatim (casefold) in every group description; armGroups[0].interventionNames 'Drug: BI 836826' is the group-title drug; armGroups cardinality = 1	NEWLINE_TO_SPACE;CUT_AT_400_CHARS;TSV_WRITE_NORMALISES_TAB_AND_NEWLINE;ORIGINAL_RETRIEVABLE_ONLY_VIA_leaf_claim_locator	260	NO	YES	CONFIRMED	LEAF_WITHIN_RECORD_RELATION	Patients with relapsed or refractory NHL	NOT_CONTROL_CONFIRMED	NOT_CONTROL_SINGLE_ARM_TRIAL	CHANGED_CLASS:NOT_CONTROL_ASSERTED->UNKNOWN	BI 836826 9 mg was administered as an intravenous infusion anytime in day (preferably morning hours) in caucasian patients with relapsed or refractory non-hodgkin lymphoma of B cell origin.  Each course was to comprise 4 administrations at weekly intervals, followed by 27 days of observation after last administration. The duration of the 2 first courses was 7 weeks each and the duration of the 3rd	NEWLINE_TO_SPACE;CUT_AT_400_CHARS;TSV_WRITE_NORMALISES_TAB_AND_NEWLINE;ORIGINAL_RETRIEVABLE_ONLY_VIA_the cached source record	502
NCT01403948	Best Overall Response Based on Imaging Data	BI 836826 25 mg iv (Caucasian Patients)	4	2010_2013	bor	1	10	ALL_ARMS_NON_CONTROL_TYPED	EXPERIMENTAL	PROPOSED	LEAF_CLAIM_NOT_VERIFIABLE_FROM_EXACT_SOURCE_FIELDS	DELIVERED_LEAF:LEAF-QD-group0.tsv	LEAF-OUT/LEAF-QD-group0.tsv:line 62; candidate protocolSection.armsInterventionsModule.armGroups[0].label	1	0	Patients with relapsed or refractory NHL	EXPERIMENTAL									UNKNOWN_IN_THIS_CACHE	no source-field-matched arm link and no comparator wording in the group record			NOT_ESTABLISHED_REGISTRY_JOIN_FIELDS_ABSENT_FROM_THIS_CACHE	ALL_REGISTERED_ARMS_NON_COMPARATOR_TYPED_CONDITIONAL	ASSUMES_THIS_RESULTS_GROUP_IS_A_SUBSET_OF_THE_REGISTERED_ARM_SET_MEMBERSHIP_UNPROVED		LEAF_LABEL_RESOLVES_UNIQUELY	Patients with relapsed or refractory NHL	LEAF-OUT/LEAF-QD-group0.tsv:line 62	RETAINED_UNVERIFIED_WITH_LOCATOR		armGroups[0].description population phrase 'relapsed or refractory non-Hodgkin lymphoma of B cell origin' recurs verbatim (casefold) in every group description; armGroups[0].interventionNames 'Drug: BI 836826' is the group-title drug; armGroups cardinality = 1	NEWLINE_TO_SPACE;CUT_AT_400_CHARS;TSV_WRITE_NORMALISES_TAB_AND_NEWLINE;ORIGINAL_RETRIEVABLE_ONLY_VIA_leaf_claim_locator	260	NO	YES	CONFIRMED	LEAF_WITHIN_RECORD_RELATION	Patients with relapsed or refractory NHL	NOT_CONTROL_CONFIRMED	NOT_CONTROL_SINGLE_ARM_TRIAL	CHANGED_CLASS:NOT_CONTROL_ASSERTED->UNKNOWN	BI 836826 25 mg was administered as an intravenous infusion anytime in day (preferably morning hours) in caucasian patients with relapsed or refractory non-hodgkin lymphoma of B cell origin.  Each course was to comprise 4 administrations at weekly intervals, followed by 27 days of observation after last administration. The duration of the 2 first courses was 7 weeks each and the duration of the 3r	NEWLINE_TO_SPACE;CUT_AT_400_CHARS;TSV_WRITE_NORMALISES_TAB_AND_NEWLINE;ORIGINAL_RETRIEVABLE_ONLY_VIA_the cached source record	503
NCT01403948	Best Overall Response Based on Imaging Data	BI 836826 50 mg iv (Caucasian Patients)	5	2010_2013	bor	1	10	ALL_ARMS_NON_CONTROL_TYPED	EXPERIMENTAL	PROPOSED	LEAF_CLAIM_NOT_VERIFIABLE_FROM_EXACT_SOURCE_FIELDS	DELIVERED_LEAF:LEAF-QD-group0.tsv	LEAF-OUT/LEAF-QD-group0.tsv:line 64; candidate protocolSection.armsInterventionsModule.armGroups[0].label	1	0	Patients with relapsed or refractory NHL	EXPERIMENTAL									UNKNOWN_IN_THIS_CACHE	no source-field-matched arm link and no comparator wording in the group record			NOT_ESTABLISHED_REGISTRY_JOIN_FIELDS_ABSENT_FROM_THIS_CACHE	ALL_REGISTERED_ARMS_NON_COMPARATOR_TYPED_CONDITIONAL	ASSUMES_THIS_RESULTS_GROUP_IS_A_SUBSET_OF_THE_REGISTERED_ARM_SET_MEMBERSHIP_UNPROVED		LEAF_LABEL_RESOLVES_UNIQUELY	Patients with relapsed or refractory NHL	LEAF-OUT/LEAF-QD-group0.tsv:line 64	RETAINED_UNVERIFIED_WITH_LOCATOR		armGroups[0].description population phrase 'relapsed or refractory non-Hodgkin lymphoma of B cell origin' recurs verbatim (casefold) in every group description; armGroups[0].interventionNames 'Drug: BI 836826' is the group-title drug; armGroups cardinality = 1	NEWLINE_TO_SPACE;CUT_AT_400_CHARS;TSV_WRITE_NORMALISES_TAB_AND_NEWLINE;ORIGINAL_RETRIEVABLE_ONLY_VIA_leaf_claim_locator	260	NO	YES	CONFIRMED	LEAF_WITHIN_RECORD_RELATION	Patients with relapsed or refractory NHL	NOT_CONTROL_CONFIRMED	NOT_CONTROL_SINGLE_ARM_TRIAL	CHANGED_CLASS:NOT_CONTROL_ASSERTED->UNKNOWN	BI 836826 50 mg was administered as an intravenous infusion anytime in day (preferably morning hours) in caucasian patients with relapsed or refractory non-hodgkin lymphoma of B cell origin.  Each course was to comprise 4 administrations at weekly intervals, followed by 27 days of observation after last administration. The duration of the 2 first courses was 7 weeks each and the duration of the 3r	NEWLINE_TO_SPACE;CUT_AT_400_CHARS;TSV_WRITE_NORMALISES_TAB_AND_NEWLINE;ORIGINAL_RETRIEVABLE_ONLY_VIA_the cached source record	503
NCT01403948	Best Overall Response Based on Imaging Data	BI 836826 50mg iv (Korean Patients)	6	2010_2013	bor	1	10	ALL_ARMS_NON_CONTROL_TYPED	EXPERIMENTAL	PROPOSED	LEAF_CLAIM_NOT_VERIFIABLE_FROM_EXACT_SOURCE_FIELDS	DELIVERED_LEAF:LEAF-QD-group0.tsv	LEAF-OUT/LEAF-QD-group0.tsv:line 65; candidate protocolSection.armsInterventionsModule.armGroups[0].label	1	0	Patients with relapsed or refractory NHL	EXPERIMENTAL									UNKNOWN_IN_THIS_CACHE	no source-field-matched arm link and no comparator wording in the group record			NOT_ESTABLISHED_REGISTRY_JOIN_FIELDS_ABSENT_FROM_THIS_CACHE	ALL_REGISTERED_ARMS_NON_COMPARATOR_TYPED_CONDITIONAL	ASSUMES_THIS_RESULTS_GROUP_IS_A_SUBSET_OF_THE_REGISTERED_ARM_SET_MEMBERSHIP_UNPROVED		LEAF_LABEL_RESOLVES_UNIQUELY	Patients with relapsed or refractory NHL	LEAF-OUT/LEAF-QD-group0.tsv:line 65	RETAINED_UNVERIFIED_WITH_LOCATOR		armGroups[0].description population phrase 'relapsed or refractory non-Hodgkin lymphoma of B cell origin' recurs verbatim (casefold) in every group description; armGroups[0].interventionNames 'Drug: BI 836826' is the group-title drug; armGroups cardinality = 1	NEWLINE_TO_SPACE;CUT_AT_400_CHARS;TSV_WRITE_NORMALISES_TAB_AND_NEWLINE;ORIGINAL_RETRIEVABLE_ONLY_VIA_leaf_claim_locator	260	NO	YES	CONFIRMED	LEAF_WITHIN_RECORD_RELATION	Patients with relapsed or refractory NHL	NOT_CONTROL_CONFIRMED	NOT_CONTROL_SINGLE_ARM_TRIAL	CHANGED_CLASS:NOT_CONTROL_ASSERTED->UNKNOWN	BI 836826 50 mg was administered as an intravenous infusion anytime in day (preferably morning hours) in korean patients with relapsed or refractory non-hodgkin lymphoma of B cell origin.  Each course was to comprise 4 administrations at weekly intervals, followed by 27 days of observation after last administration. The duration of the 2 first courses was 7 weeks each and the duration of the 3rd c	NEWLINE_TO_SPACE;CUT_AT_400_CHARS;TSV_WRITE_NORMALISES_TAB_AND_NEWLINE;ORIGINAL_RETRIEVABLE_ONLY_VIA_the cached source record	500
NCT01403948	Best Overall Response Based on Imaging Data	BI 836826 100 mg iv (Caucasian Patients)	5	2010_2013	bor	1	10	ALL_ARMS_NON_CONTROL_TYPED	EXPERIMENTAL	PROPOSED	LEAF_CLAIM_NOT_VERIFIABLE_FROM_EXACT_SOURCE_FIELDS	DELIVERED_LEAF:LEAF-QD-group0.tsv	LEAF-OUT/LEAF-QD-group0.tsv:line 58; candidate protocolSection.armsInterventionsModule.armGroups[0].label	1	0	Patients with relapsed or refractory NHL	EXPERIMENTAL									UNKNOWN_IN_THIS_CACHE	no source-field-matched arm link and no comparator wording in the group record			NOT_ESTABLISHED_REGISTRY_JOIN_FIELDS_ABSENT_FROM_THIS_CACHE	ALL_REGISTERED_ARMS_NON_COMPARATOR_TYPED_CONDITIONAL	ASSUMES_THIS_RESULTS_GROUP_IS_A_SUBSET_OF_THE_REGISTERED_ARM_SET_MEMBERSHIP_UNPROVED		LEAF_LABEL_RESOLVES_UNIQUELY	Patients with relapsed or refractory NHL	LEAF-OUT/LEAF-QD-group0.tsv:line 58	RETAINED_UNVERIFIED_WITH_LOCATOR		armGroups[0].description population phrase 'relapsed or refractory non-Hodgkin lymphoma of B cell origin' recurs verbatim (casefold) in every group description; armGroups[0].interventionNames 'Drug: BI 836826' is the group-title drug; armGroups cardinality = 1	NEWLINE_TO_SPACE;CUT_AT_400_CHARS;TSV_WRITE_NORMALISES_TAB_AND_NEWLINE;ORIGINAL_RETRIEVABLE_ONLY_VIA_leaf_claim_locator	260	NO	YES	CONFIRMED	LEAF_WITHIN_RECORD_RELATION	Patients with relapsed or refractory NHL	NOT_CONTROL_CONFIRMED	NOT_CONTROL_SINGLE_ARM_TRIAL	CHANGED_CLASS:NOT_CONTROL_ASSERTED->UNKNOWN	BI 836826 100 mg was administered as an intravenous infusion anytime in day (preferably morning hours) in caucasian patients with relapsed or refractory non-hodgkin lymphoma of B cell origin.  Each course was to comprise 4 administrations at weekly intervals, followed by 27 days of observation after last administration. The duration of the 2 first courses was 7 weeks each and the duration of the 3	NEWLINE_TO_SPACE;CUT_AT_400_CHARS;TSV_WRITE_NORMALISES_TAB_AND_NEWLINE;ORIGINAL_RETRIEVABLE_ONLY_VIA_the cached source record	504
NCT01403948	Best Overall Response Based on Imaging Data	BI 836826 100 mg iv (Korean Patients)	4	2010_2013	bor	1	10	ALL_ARMS_NON_CONTROL_TYPED	EXPERIMENTAL	PROPOSED	LEAF_CLAIM_NOT_VERIFIABLE_FROM_EXACT_SOURCE_FIELDS	DELIVERED_LEAF:LEAF-QD-group0.tsv	LEAF-OUT/LEAF-QD-group0.tsv:line 59; candidate protocolSection.armsInterventionsModule.armGroups[0].label	1	0	Patients with relapsed or refractory NHL	EXPERIMENTAL									UNKNOWN_IN_THIS_CACHE	no source-field-matched arm link and no comparator wording in the group record			NOT_ESTABLISHED_REGISTRY_JOIN_FIELDS_ABSENT_FROM_THIS_CACHE	ALL_REGISTERED_ARMS_NON_COMPARATOR_TYPED_CONDITIONAL	ASSUMES_THIS_RESULTS_GROUP_IS_A_SUBSET_OF_THE_REGISTERED_ARM_SET_MEMBERSHIP_UNPROVED		LEAF_LABEL_RESOLVES_UNIQUELY	Patients with relapsed or refractory NHL	LEAF-OUT/LEAF-QD-group0.tsv:line 59	RETAINED_UNVERIFIED_WITH_LOCATOR		armGroups[0].description population phrase 'relapsed or refractory non-Hodgkin lymphoma of B cell origin' recurs verbatim (casefold) in every group description; armGroups[0].interventionNames 'Drug: BI 836826' is the group-title drug; armGroups cardinality = 1	NEWLINE_TO_SPACE;CUT_AT_400_CHARS;TSV_WRITE_NORMALISES_TAB_AND_NEWLINE;ORIGINAL_RETRIEVABLE_ONLY_VIA_leaf_claim_locator	260	NO	YES	CONFIRMED	LEAF_WITHIN_RECORD_RELATION	Patients with relapsed or refractory NHL	NOT_CONTROL_CONFIRMED	NOT_CONTROL_SINGLE_ARM_TRIAL	CHANGED_CLASS:NOT_CONTROL_ASSERTED->UNKNOWN	BI 836826 100 mg was administered as an intravenous infusion anytime in day (preferably morning hours) in korean patients with relapsed or refractory non-hodgkin lymphoma of B cell origin.  Each course was to comprise 4 administrations at weekly intervals, followed by 27 days of observation after last administration. The duration of the 2 first courses was 7 weeks each and the duration of the 3rd 	NEWLINE_TO_SPACE;CUT_AT_400_CHARS;TSV_WRITE_NORMALISES_TAB_AND_NEWLINE;ORIGINAL_RETRIEVABLE_ONLY_VIA_the cached source record	501
NCT01403948	Best Overall Response Based on Imaging Data	BI 836826 150 mg iv (Caucasian Patients)	5	2010_2013	bor	1	10	ALL_ARMS_NON_CONTROL_TYPED	EXPERIMENTAL	PROPOSED	LEAF_CLAIM_NOT_VERIFIABLE_FROM_EXACT_SOURCE_FIELDS	DELIVERED_LEAF:LEAF-QD-group0.tsv	LEAF-OUT/LEAF-QD-group0.tsv:line 60; candidate protocolSection.armsInterventionsModule.armGroups[0].label	1	0	Patients with relapsed or refractory NHL	EXPERIMENTAL									UNKNOWN_IN_THIS_CACHE	no source-field-matched arm link and no comparator wording in the group record			NOT_ESTABLISHED_REGISTRY_JOIN_FIELDS_ABSENT_FROM_THIS_CACHE	ALL_REGISTERED_ARMS_NON_COMPARATOR_TYPED_CONDITIONAL	ASSUMES_THIS_RESULTS_GROUP_IS_A_SUBSET_OF_THE_REGISTERED_ARM_SET_MEMBERSHIP_UNPROVED		LEAF_LABEL_RESOLVES_UNIQUELY	Patients with relapsed or refractory NHL	LEAF-OUT/LEAF-QD-group0.tsv:line 60	RETAINED_UNVERIFIED_WITH_LOCATOR		armGroups[0].description population phrase 'relapsed or refractory non-Hodgkin lymphoma of B cell origin' recurs verbatim (casefold) in every group description; armGroups[0].interventionNames 'Drug: BI 836826' is the group-title drug; armGroups cardinality = 1	NEWLINE_TO_SPACE;CUT_AT_400_CHARS;TSV_WRITE_NORMALISES_TAB_AND_NEWLINE;ORIGINAL_RETRIEVABLE_ONLY_VIA_leaf_claim_locator	260	NO	YES	CONFIRMED	LEAF_WITHIN_RECORD_RELATION	Patients with relapsed or refractory NHL	NOT_CONTROL_CONFIRMED	NOT_CONTROL_SINGLE_ARM_TRIAL	CHANGED_CLASS:NOT_CONTROL_ASSERTED->UNKNOWN	BI 836826 150 mg was administered as an intravenous infusion anytime in day (preferably morning hours) in caucasian patients with relapsed or refractory non-hodgkin lymphoma of B cell origin.  Each course was to comprise 4 administrations at weekly intervals, followed by 27 days of observation after last administration. The duration of the 2 first courses was 7 weeks each and the duration of the 3	NEWLINE_TO_SPACE;CUT_AT_400_CHARS;TSV_WRITE_NORMALISES_TAB_AND_NEWLINE;ORIGINAL_RETRIEVABLE_ONLY_VIA_the cached source record	504
NCT01403948	Best Overall Response Based on Imaging Data	BI 836826 200 mg iv (Caucasian Patients)	6	2010_2013	bor	1	10	ALL_ARMS_NON_CONTROL_TYPED	EXPERIMENTAL	PROPOSED	LEAF_CLAIM_NOT_VERIFIABLE_FROM_EXACT_SOURCE_FIELDS	DELIVERED_LEAF:LEAF-QD-group0.tsv	LEAF-OUT/LEAF-QD-group0.tsv:line 61; candidate protocolSection.armsInterventionsModule.armGroups[0].label	1	0	Patients with relapsed or refractory NHL	EXPERIMENTAL									UNKNOWN_IN_THIS_CACHE	no source-field-matched arm link and no comparator wording in the group record			NOT_ESTABLISHED_REGISTRY_JOIN_FIELDS_ABSENT_FROM_THIS_CACHE	ALL_REGISTERED_ARMS_NON_COMPARATOR_TYPED_CONDITIONAL	ASSUMES_THIS_RESULTS_GROUP_IS_A_SUBSET_OF_THE_REGISTERED_ARM_SET_MEMBERSHIP_UNPROVED		LEAF_LABEL_RESOLVES_UNIQUELY	Patients with relapsed or refractory NHL	LEAF-OUT/LEAF-QD-group0.tsv:line 61	RETAINED_UNVERIFIED_WITH_LOCATOR		armGroups[0].description population phrase 'relapsed or refractory non-Hodgkin lymphoma of B cell origin' recurs verbatim (casefold) in every group description; armGroups[0].interventionNames 'Drug: BI 836826' is the group-title drug; armGroups cardinality = 1	NEWLINE_TO_SPACE;CUT_AT_400_CHARS;TSV_WRITE_NORMALISES_TAB_AND_NEWLINE;ORIGINAL_RETRIEVABLE_ONLY_VIA_leaf_claim_locator	260	NO	YES	CONFIRMED	LEAF_WITHIN_RECORD_RELATION	Patients with relapsed or refractory NHL	NOT_CONTROL_CONFIRMED	NOT_CONTROL_SINGLE_ARM_TRIAL	CHANGED_CLASS:NOT_CONTROL_ASSERTED->UNKNOWN	BI 836826 200 mg was administered as an intravenous infusion anytime in day (preferably morning hours) in caucasian patients with relapsed or refractory non-hodgkin lymphoma of B cell origin.  Each course was to comprise 4 administrations at weekly intervals, followed by 27 days of observation after last administration. The duration of the 2 first courses was 7 weeks each and the duration of the 3	NEWLINE_TO_SPACE;CUT_AT_400_CHARS;TSV_WRITE_NORMALISES_TAB_AND_NEWLINE;ORIGINAL_RETRIEVABLE_ONLY_VIA_the cached source record	504
NCT01478321	Response of Patients With Recurrent High Grade Malignant Gliomas Treated With Concurrent Radiation, Temozolomide, and Bevacizumab Followed by Adjuvant Temozolomide and Bevacizumab	Treatment (Radiation, Chemotherapy, Monoclonal Antibody)	50	2010_2013	bor	1	1	ALL_ARMS_NON_CONTROL_TYPED	EXPERIMENTAL	LABEL_MATCH	LABEL_FIELD_MATCH_ONLY:LABEL_CASE_WS_FOLD	SOURCE_RECORD	protocolSection.armsInterventionsModule.armGroups[0].label	1	0	Treatment (radiation, chemotherapy, monoclonal antibody)	EXPERIMENTAL	0	Treatment (radiation, chemotherapy, monoclonal antibody)	EXPERIMENTAL						NOT_ESTABLISHED_IN_THIS_CACHE	bound arm 0 registered type EXPERIMENTAL (verbatim). A registered type of EXPERIMENTAL/OTHER is not evidence that this group had no comparator role; no comparator evidence exists in this cache either way			NOT_ESTABLISHED_REGISTRY_JOIN_FIELDS_ABSENT_FROM_THIS_CACHE	BOUND_ARM_REGISTERED_TYPE_IS_EXPERIMENTAL	ASSUMES_LABEL_FIELD_CORRESPONDENCE_IS_ARM_IDENTITY_UNPROVED		NO_LEAF									NO	CONFIRMED	LABEL_CASE_AND_WHITESPACE_ONLY	Treatment (radiation, chemotherapy, monoclonal antibody)	NOT_CONTROL_CONFIRMED	NOT_CONTROL	CHANGED_CLASS:NOT_CONTROL_ASSERTED->NOT_ESTABLISHED	CONCURRENT THERAPY: Patients undergo hypofractionated radiation therapy 5 days a week beginning on Day 0. Patients also receive temozolomide PO QD and bevacizumab IV over 30-90 minutes once every 2 weeks beginning on Days -3 to 0. Treatment continues for 5 weeks in the absence of disease progression or unacceptable toxicity.  ADJUVANT THERAPY: Beginning 2 weeks after completion of radiation therap	NEWLINE_TO_SPACE;CUT_AT_400_CHARS;TSV_WRITE_NORMALISES_TAB_AND_NEWLINE;ORIGINAL_RETRIEVABLE_ONLY_VIA_the cached source record	777
NCT01327612	Best Overall Response	20050118: Ganitumab 20 mg/kg	2	2010_2013	bor	4	7	ALL_ARMS_NON_CONTROL_TYPED	EXPERIMENTAL | EXPERIMENTAL | EXPERIMENTAL | EXPERIMENTAL	PROPOSED	LEAF_CLAIM_NOT_VERIFIABLE_FROM_EXACT_SOURCE_FIELDS	DELIVERED_LEAF:LEAF-QD-group0.tsv	LEAF-OUT/LEAF-QD-group0.tsv:line 40; candidate protocolSection.armsInterventionsModule.armGroups[2].label	1	2	Ganitumab Monotherapy	EXPERIMENTAL									UNKNOWN_IN_THIS_CACHE	no source-field-matched arm link and no comparator wording in the group record			NOT_ESTABLISHED_REGISTRY_JOIN_FIELDS_ABSENT_FROM_THIS_CACHE	ALL_REGISTERED_ARMS_NON_COMPARATOR_TYPED_CONDITIONAL	ASSUMES_THIS_RESULTS_GROUP_IS_A_SUBSET_OF_THE_REGISTERED_ARM_SET_MEMBERSHIP_UNPROVED		LEAF_LABEL_RESOLVES_UNIQUELY	Ganitumab Monotherapy	LEAF-OUT/LEAF-QD-group0.tsv:line 40	RETAINED_UNVERIFIED_WITH_LOCATOR		armGroups[2].interventionNames drug set equals the group's drug set, and armGroups[2].description schedule (Q2W/Q3W/Q4W) is consistent with the group description	NEWLINE_TO_SPACE;CUT_AT_400_CHARS;TSV_WRITE_NORMALISES_TAB_AND_NEWLINE;ORIGINAL_RETRIEVABLE_ONLY_VIA_leaf_claim_locator	161	NO	NO	CONFIRMED	LEAF_WITHIN_RECORD_RELATION	Ganitumab Monotherapy	NOT_CONTROL_CONFIRMED	UNKNOWN	CHANGED_CLASS:NOT_CONTROL_ASSERTED->UNKNOWN	Ganitumab 20 mg/kg once every 4 weeks by intravenous infusion.	NEWLINE_TO_SPACE;CUT_AT_400_CHARS;TSV_WRITE_NORMALISES_TAB_AND_NEWLINE;ORIGINAL_RETRIEVABLE_ONLY_VIA_the cached source record	62
NCT01327612	Best Overall Response	20050171: Conatumumab 0.45 mg/kg	1	2010_2013	bor	4	7	ALL_ARMS_NON_CONTROL_TYPED	EXPERIMENTAL | EXPERIMENTAL | EXPERIMENTAL | EXPERIMENTAL	PROPOSED	LEAF_CLAIM_NOT_VERIFIABLE_FROM_EXACT_SOURCE_FIELDS	DELIVERED_LEAF:LEAF-QD-group0.tsv	LEAF-OUT/LEAF-QD-group0.tsv:line 41; candidate protocolSection.armsInterventionsModule.armGroups[0].label	1	0	Conatumumab Monotherapy	EXPERIMENTAL									UNKNOWN_IN_THIS_CACHE	no source-field-matched arm link and no comparator wording in the group record			NOT_ESTABLISHED_REGISTRY_JOIN_FIELDS_ABSENT_FROM_THIS_CACHE	ALL_REGISTERED_ARMS_NON_COMPARATOR_TYPED_CONDITIONAL	ASSUMES_THIS_RESULTS_GROUP_IS_A_SUBSET_OF_THE_REGISTERED_ARM_SET_MEMBERSHIP_UNPROVED		LEAF_LABEL_RESOLVES_UNIQUELY	Conatumumab Monotherapy	LEAF-OUT/LEAF-QD-group0.tsv:line 41	RETAINED_UNVERIFIED_WITH_LOCATOR		armGroups[0].interventionNames drug set equals the group's drug set, and armGroups[0].description schedule (Q2W/Q3W/Q4W) is consistent with the group description	NEWLINE_TO_SPACE;CUT_AT_400_CHARS;TSV_WRITE_NORMALISES_TAB_AND_NEWLINE;ORIGINAL_RETRIEVABLE_ONLY_VIA_leaf_claim_locator	161	NO	NO	CONFIRMED	LEAF_WITHIN_RECORD_RELATION	Conatumumab Monotherapy	NOT_CONTROL_CONFIRMED	UNKNOWN	CHANGED_CLASS:NOT_CONTROL_ASSERTED->UNKNOWN	Conatumumab 0.45 mg/kg every 2 weeks by intravenous infusion.	NEWLINE_TO_SPACE;CUT_AT_400_CHARS;TSV_WRITE_NORMALISES_TAB_AND_NEWLINE;ORIGINAL_RETRIEVABLE_ONLY_VIA_the cached source record	61
NCT01327612	Best Overall Response	20060295: Conatumumab 3 mg/kg	1	2010_2013	bor	4	7	ALL_ARMS_NON_CONTROL_TYPED	EXPERIMENTAL | EXPERIMENTAL | EXPERIMENTAL | EXPERIMENTAL	PROPOSED	LEAF_CLAIM_NOT_VERIFIABLE_FROM_EXACT_SOURCE_FIELDS	DELIVERED_LEAF:LEAF-QD-group0.tsv	LEAF-OUT/LEAF-QD-group0.tsv:line 42; candidate protocolSection.armsInterventionsModule.armGroups[0].label	1	0	Conatumumab Monotherapy	EXPERIMENTAL									UNKNOWN_IN_THIS_CACHE	no source-field-matched arm link and no comparator wording in the group record			NOT_ESTABLISHED_REGISTRY_JOIN_FIELDS_ABSENT_FROM_THIS_CACHE	ALL_REGISTERED_ARMS_NON_COMPARATOR_TYPED_CONDITIONAL	ASSUMES_THIS_RESULTS_GROUP_IS_A_SUBSET_OF_THE_REGISTERED_ARM_SET_MEMBERSHIP_UNPROVED		LEAF_LABEL_RESOLVES_UNIQUELY	Conatumumab Monotherapy	LEAF-OUT/LEAF-QD-group0.tsv:line 42	RETAINED_UNVERIFIED_WITH_LOCATOR		armGroups[0].interventionNames drug set equals the group's drug set, and armGroups[0].description schedule (Q2W/Q3W/Q4W) is consistent with the group description	NEWLINE_TO_SPACE;CUT_AT_400_CHARS;TSV_WRITE_NORMALISES_TAB_AND_NEWLINE;ORIGINAL_RETRIEVABLE_ONLY_VIA_leaf_claim_locator	161	NO	NO	CONFIRMED	LEAF_WITHIN_RECORD_RELATION	Conatumumab Monotherapy	NOT_CONTROL_CONFIRMED	UNKNOWN	CHANGED_CLASS:NOT_CONTROL_ASSERTED->UNKNOWN	Conatumumab 3 mg/kg every 3 weeks by intravenous infusion.	NEWLINE_TO_SPACE;CUT_AT_400_CHARS;TSV_WRITE_NORMALISES_TAB_AND_NEWLINE;ORIGINAL_RETRIEVABLE_ONLY_VIA_the cached source record	58
NCT01327612	Best Overall Response	20060340: Conatumumab 5 mg/kg	1	2010_2013	bor	4	7	ALL_ARMS_NON_CONTROL_TYPED	EXPERIMENTAL | EXPERIMENTAL | EXPERIMENTAL | EXPERIMENTAL	PROPOSED	LEAF_CLAIM_NOT_VERIFIABLE_FROM_EXACT_SOURCE_FIELDS	DELIVERED_LEAF:LEAF-QD-group0.tsv	LEAF-OUT/LEAF-QD-group0.tsv:line 43; candidate protocolSection.armsInterventionsModule.armGroups[0].label	1	0	Conatumumab Monotherapy	EXPERIMENTAL									UNKNOWN_IN_THIS_CACHE	no source-field-matched arm link and no comparator wording in the group record			NOT_ESTABLISHED_REGISTRY_JOIN_FIELDS_ABSENT_FROM_THIS_CACHE	ALL_REGISTERED_ARMS_NON_COMPARATOR_TYPED_CONDITIONAL	ASSUMES_THIS_RESULTS_GROUP_IS_A_SUBSET_OF_THE_REGISTERED_ARM_SET_MEMBERSHIP_UNPROVED		LEAF_LABEL_RESOLVES_UNIQUELY	Conatumumab Monotherapy	LEAF-OUT/LEAF-QD-group0.tsv:line 43	RETAINED_UNVERIFIED_WITH_LOCATOR		armGroups[0].interventionNames drug set equals the group's drug set, and armGroups[0].description schedule (Q2W/Q3W/Q4W) is consistent with the group description	NEWLINE_TO_SPACE;CUT_AT_400_CHARS;TSV_WRITE_NORMALISES_TAB_AND_NEWLINE;ORIGINAL_RETRIEVABLE_ONLY_VIA_leaf_claim_locator	161	NO	NO	CONFIRMED	LEAF_WITHIN_RECORD_RELATION	Conatumumab Monotherapy	NOT_CONTROL_CONFIRMED	UNKNOWN	CHANGED_CLASS:NOT_CONTROL_ASSERTED->UNKNOWN	Conatumumab 5 mg/kg once every 3 weeks by intravenous infusion.	NEWLINE_TO_SPACE;CUT_AT_400_CHARS;TSV_WRITE_NORMALISES_TAB_AND_NEWLINE;ORIGINAL_RETRIEVABLE_ONLY_VIA_the cached source record	63
NCT01327612	Best Overall Response	20060464: Conatumumab 2 mg/kg + mFOLFOX6 + Bevacizumab	2	2010_2013	bor	4	7	ALL_ARMS_NON_CONTROL_TYPED	EXPERIMENTAL | EXPERIMENTAL | EXPERIMENTAL | EXPERIMENTAL	PROPOSED	LEAF_CLAIM_NOT_VERIFIABLE_FROM_EXACT_SOURCE_FIELDS	DELIVERED_LEAF:LEAF-QD-group0.tsv	LEAF-OUT/LEAF-QD-group0.tsv:line 45; candidate protocolSection.armsInterventionsModule.armGroups[3].label	1	3	Conatumumab + mFOLFOX6 ± Bevacizumab	EXPERIMENTAL									UNKNOWN_IN_THIS_CACHE	no source-field-matched arm link and no comparator wording in the group record			NOT_ESTABLISHED_REGISTRY_JOIN_FIELDS_ABSENT_FROM_THIS_CACHE	ALL_REGISTERED_ARMS_NON_COMPARATOR_TYPED_CONDITIONAL	ASSUMES_THIS_RESULTS_GROUP_IS_A_SUBSET_OF_THE_REGISTERED_ARM_SET_MEMBERSHIP_UNPROVED		LEAF_LABEL_RESOLVES_UNIQUELY	Conatumumab + mFOLFOX6 ± Bevacizumab	LEAF-OUT/LEAF-QD-group0.tsv:line 45	RETAINED_UNVERIFIED_WITH_LOCATOR		armGroups[3].interventionNames drug set equals the group's drug set, and armGroups[3].description schedule (Q2W/Q3W/Q4W) is consistent with the group description	NEWLINE_TO_SPACE;CUT_AT_400_CHARS;TSV_WRITE_NORMALISES_TAB_AND_NEWLINE;ORIGINAL_RETRIEVABLE_ONLY_VIA_leaf_claim_locator	161	NO	NO	CONFIRMED	LEAF_WITHIN_RECORD_RELATION	Conatumumab + mFOLFOX6 ± Bevacizumab	NOT_CONTROL_CONFIRMED	UNKNOWN	CHANGED_CLASS:NOT_CONTROL_ASSERTED->UNKNOWN	Conatumumab 2 mg/kg once every 2 weeks by intravenous infusion in addition to modified FOLFOX6 chemotherapy and bevacizumab 5 mg/kg once every 2 weeks.	NEWLINE_TO_SPACE;CUT_AT_400_CHARS;TSV_WRITE_NORMALISES_TAB_AND_NEWLINE;ORIGINAL_RETRIEVABLE_ONLY_VIA_the cached source record	151
NCT01327612	Best Overall Response	20060464: Conatumumab 10 mg/kg + mFOLFOX6 ± Bevacizumab	3	2010_2013	bor	4	7	ALL_ARMS_NON_CONTROL_TYPED	EXPERIMENTAL | EXPERIMENTAL | EXPERIMENTAL | EXPERIMENTAL	PROPOSED	LEAF_CLAIM_NOT_VERIFIABLE_FROM_EXACT_SOURCE_FIELDS	DELIVERED_LEAF:LEAF-QD-group0.tsv	LEAF-OUT/LEAF-QD-group0.tsv:line 44; candidate protocolSection.armsInterventionsModule.armGroups[3].label	1	3	Conatumumab + mFOLFOX6 ± Bevacizumab	EXPERIMENTAL									UNKNOWN_IN_THIS_CACHE	no source-field-matched arm link and no comparator wording in the group record			NOT_ESTABLISHED_REGISTRY_JOIN_FIELDS_ABSENT_FROM_THIS_CACHE	ALL_REGISTERED_ARMS_NON_COMPARATOR_TYPED_CONDITIONAL	ASSUMES_THIS_RESULTS_GROUP_IS_A_SUBSET_OF_THE_REGISTERED_ARM_SET_MEMBERSHIP_UNPROVED		LEAF_LABEL_RESOLVES_UNIQUELY	Conatumumab + mFOLFOX6 ± Bevacizumab	LEAF-OUT/LEAF-QD-group0.tsv:line 44	RETAINED_UNVERIFIED_WITH_LOCATOR		armGroups[3].interventionNames drug set equals the group's drug set, and armGroups[3].description schedule (Q2W/Q3W/Q4W) is consistent with the group description	NEWLINE_TO_SPACE;CUT_AT_400_CHARS;TSV_WRITE_NORMALISES_TAB_AND_NEWLINE;ORIGINAL_RETRIEVABLE_ONLY_VIA_leaf_claim_locator	161	NO	NO	CONFIRMED	LEAF_WITHIN_RECORD_RELATION	Conatumumab + mFOLFOX6 ± Bevacizumab	NOT_CONTROL_CONFIRMED	UNKNOWN	CHANGED_CLASS:NOT_CONTROL_ASSERTED->UNKNOWN	Conatumumab 10 mg/kg once every 2 weeks by intravenous infusion in addition to modified FOLFOX6 chemotherapy, with or without bevacizumab 5 mg/kg once every 2 weeks.	NEWLINE_TO_SPACE;CUT_AT_400_CHARS;TSV_WRITE_NORMALISES_TAB_AND_NEWLINE;ORIGINAL_RETRIEVABLE_ONLY_VIA_the cached source record	165
NCT01327612	Best Overall Response	20070411: Conatumumab 15 mg/kg + Ganitumab 18 mg/kg	2	2010_2013	bor	4	7	ALL_ARMS_NON_CONTROL_TYPED	EXPERIMENTAL | EXPERIMENTAL | EXPERIMENTAL | EXPERIMENTAL	PROPOSED	LEAF_CLAIM_NOT_VERIFIABLE_FROM_EXACT_SOURCE_FIELDS	DELIVERED_LEAF:LEAF-QD-group0.tsv	LEAF-OUT/LEAF-QD-group0.tsv:line 46; candidate protocolSection.armsInterventionsModule.armGroups[1].label	1	1	Conatumumab + Ganitumab	EXPERIMENTAL									UNKNOWN_IN_THIS_CACHE	no source-field-matched arm link and no comparator wording in the group record			NOT_ESTABLISHED_REGISTRY_JOIN_FIELDS_ABSENT_FROM_THIS_CACHE	ALL_REGISTERED_ARMS_NON_COMPARATOR_TYPED_CONDITIONAL	ASSUMES_THIS_RESULTS_GROUP_IS_A_SUBSET_OF_THE_REGISTERED_ARM_SET_MEMBERSHIP_UNPROVED		LEAF_LABEL_RESOLVES_UNIQUELY	Conatumumab + Ganitumab	LEAF-OUT/LEAF-QD-group0.tsv:line 46	RETAINED_UNVERIFIED_WITH_LOCATOR		armGroups[1].interventionNames drug set equals the group's drug set, and armGroups[1].description schedule (Q2W/Q3W/Q4W) is consistent with the group description	NEWLINE_TO_SPACE;CUT_AT_400_CHARS;TSV_WRITE_NORMALISES_TAB_AND_NEWLINE;ORIGINAL_RETRIEVABLE_ONLY_VIA_leaf_claim_locator	161	NO	NO	CONFIRMED	LEAF_WITHIN_RECORD_RELATION	Conatumumab + Ganitumab	NOT_CONTROL_CONFIRMED	UNKNOWN	CHANGED_CLASS:NOT_CONTROL_ASSERTED->UNKNOWN	Conatumumab 15 mg/kg + ganitumab 18 mg/kg once every 3 weeks by intravenous infusion.	NEWLINE_TO_SPACE;CUT_AT_400_CHARS;TSV_WRITE_NORMALISES_TAB_AND_NEWLINE;ORIGINAL_RETRIEVABLE_ONLY_VIA_the cached source record	85
NCT01832727	Best Overall Response in Phase 2 as Assessed by Investigator	Phase 2 300 mg 2/7 Schedule	13	2010_2013	bor	9	1	ALL_ARMS_NON_CONTROL_TYPED	EXPERIMENTAL | EXPERIMENTAL | EXPERIMENTAL | EXPERIMENTAL | EXPERIMENTAL | EXPERIMENTAL | EXPERIMENTAL | EXPERIMENTAL | EXPERIMENTAL	SOURCE_FIELD_MATCH	TWO_AGREEING_FIELD_MATCHES:LABEL_BYTE_EXACT+DESC_BYTE_EXACT	SOURCE_RECORD	protocolSection.armsInterventionsModule.armGroups[8].label and protocolSection.armsInterventionsModule.armGroups[8].description	1	8	Phase 2 300 mg 2/7 Schedule	EXPERIMENTAL	8	Phase 2 300 mg 2/7 Schedule	EXPERIMENTAL						NOT_ESTABLISHED_IN_THIS_CACHE	bound arm 8 registered type EXPERIMENTAL (verbatim). A registered type of EXPERIMENTAL/OTHER is not evidence that this group had no comparator role; no comparator evidence exists in this cache either way			NOT_ESTABLISHED_REGISTRY_JOIN_FIELDS_ABSENT_FROM_THIS_CACHE	BOUND_ARM_REGISTERED_TYPE_IS_EXPERIMENTAL	ASSUMES_TWO_AGREEING_SOURCE_FIELD_MATCHES_ARE_ARM_IDENTITY_UNPROVED		NO_LEAF									NO	CONFIRMED	LABEL_BYTE_EXACT	Phase 2 300 mg 2/7 Schedule	NOT_CONTROL_CONFIRMED	NOT_CONTROL	CHANGED_CLASS:NOT_CONTROL_ASSERTED->NOT_ESTABLISHED	The Cohort Safety Review Committee (CSRC) determined this dose as the recommended phase 2 dose (RP2D). Oprozomib 300 mg once daily on Days 1, 2, 8, and 9 of a 14-day treatment cycle in combination with 20 mg dexamethasone once daily on Days 1, 2, 8, and 9 of a 14-day cycle. Treatment was administered in 14-day cycles until disease progression, unacceptable toxicity, or study treatment discontinuat	NEWLINE_TO_SPACE;CUT_AT_400_CHARS;TSV_WRITE_NORMALISES_TAB_AND_NEWLINE;ORIGINAL_RETRIEVABLE_ONLY_VIA_the cached source record	419
NCT01796171	Part A, Phase IIa	40/15 With FL	18	2010_2013	bor	13	2	ALL_ARMS_NON_CONTROL_TYPED	EXPERIMENTAL | EXPERIMENTAL | EXPERIMENTAL | EXPERIMENTAL | EXPERIMENTAL | EXPERIMENTAL | EXPERIMENTAL | EXPERIMENTAL | EXPERIMENTAL | EXPERIMENTAL | EXPERIMENTAL | EXPERIMENTAL | EXPERIMENTAL	PROPOSED	LEAF_CLAIM_NOT_VERIFIABLE_FROM_EXACT_SOURCE_FIELDS	DELIVERED_LEAF:LEAF-QD-group0.tsv	LEAF-OUT/LEAF-QD-group0.tsv:line 85; candidate protocolSection.armsInterventionsModule.armGroups[1].label	1	1	Part A, Arm 1: 15 MBq/kg Betalutin with lower dose lilotomab pre-dosing	EXPERIMENTAL									UNKNOWN_IN_THIS_CACHE	no source-field-matched arm link and no comparator wording in the group record			NOT_ESTABLISHED_REGISTRY_JOIN_FIELDS_ABSENT_FROM_THIS_CACHE	ALL_REGISTERED_ARMS_NON_COMPARATOR_TYPED_CONDITIONAL	ASSUMES_THIS_RESULTS_GROUP_IS_A_SUBSET_OF_THE_REGISTERED_ARM_SET_MEMBERSHIP_UNPROVED		LEAF_LABEL_RESOLVES_UNIQUELY	Part A, Arm 1: 15 MBq/kg Betalutin with lower dose lilotomab pre-dosing	LEAF-OUT/LEAF-QD-group0.tsv:line 85	RETAINED_UNVERIFIED_WITH_LOCATOR		om_title 'Part A, Phase IIa' restricts to Part A arms; group description dose pair matches armGroups[1].description uniquely within Part A. The '<lilotomab mg>/<Betalutin MBq/kg>' title convention is asserted by the record itself (outcome 2 group '40/12.5 in Part B' vs armGroups[11] 'Part B, Arm 3: 12.5 MBq/kg ... 40 mg lilotomab')	NEWLINE_TO_SPACE;CUT_AT_400_CHARS;TSV_WRITE_NORMALISES_TAB_AND_NEWLINE;ORIGINAL_RETRIEVABLE_ONLY_VIA_leaf_claim_locator	333	NO	NO	CONFIRMED	LEAF_WITHIN_RECORD_RELATION	Part A, Arm 1: 15 MBq/kg Betalutin with lower dose lilotomab pre-dosing	NOT_CONTROL_CONFIRMED	UNKNOWN	CHANGED_CLASS:NOT_CONTROL_ASSERTED->UNKNOWN	Participants in the PPS in Phase IIa with follicular lymphoma who received 15 MBq/kg Betalutin and 40 mg lilotomab	NEWLINE_TO_SPACE;CUT_AT_400_CHARS;TSV_WRITE_NORMALISES_TAB_AND_NEWLINE;ORIGINAL_RETRIEVABLE_ONLY_VIA_the cached source record	114
NCT01796171	Part A, Phase IIa	100/20 With FL	9	2010_2013	bor	13	2	ALL_ARMS_NON_CONTROL_TYPED	EXPERIMENTAL | EXPERIMENTAL | EXPERIMENTAL | EXPERIMENTAL | EXPERIMENTAL | EXPERIMENTAL | EXPERIMENTAL | EXPERIMENTAL | EXPERIMENTAL | EXPERIMENTAL | EXPERIMENTAL | EXPERIMENTAL | EXPERIMENTAL	PROPOSED	LEAF_CLAIM_NOT_VERIFIABLE_FROM_EXACT_SOURCE_FIELDS	DELIVERED_LEAF:LEAF-QD-group0.tsv	LEAF-OUT/LEAF-QD-group0.tsv:line 84; candidate protocolSection.armsInterventionsModule.armGroups[7].label	1	7	Part A, Arm 4: 20 MBq/kg Betalutin with higher dose lilotomab pre-dosing	EXPERIMENTAL									UNKNOWN_IN_THIS_CACHE	no source-field-matched arm link and no comparator wording in the group record			NOT_ESTABLISHED_REGISTRY_JOIN_FIELDS_ABSENT_FROM_THIS_CACHE	ALL_REGISTERED_ARMS_NON_COMPARATOR_TYPED_CONDITIONAL	ASSUMES_THIS_RESULTS_GROUP_IS_A_SUBSET_OF_THE_REGISTERED_ARM_SET_MEMBERSHIP_UNPROVED		LEAF_LABEL_RESOLVES_UNIQUELY	Part A, Arm 4: 20 MBq/kg Betalutin with higher dose lilotomab pre-dosing	LEAF-OUT/LEAF-QD-group0.tsv:line 84	RETAINED_UNVERIFIED_WITH_LOCATOR		om_title 'Part A, Phase IIa' restricts to Part A arms; group description dose pair matches armGroups[7].description uniquely within Part A. The '<lilotomab mg>/<Betalutin MBq/kg>' title convention is asserted by the record itself (outcome 2 group '40/12.5 in Part B' vs armGroups[11] 'Part B, Arm 3: 12.5 MBq/kg ... 40 mg lilotomab')	NEWLINE_TO_SPACE;CUT_AT_400_CHARS;TSV_WRITE_NORMALISES_TAB_AND_NEWLINE;ORIGINAL_RETRIEVABLE_ONLY_VIA_leaf_claim_locator	333	NO	NO	CONFIRMED	LEAF_WITHIN_RECORD_RELATION	Part A, Arm 4: 20 MBq/kg Betalutin with higher dose lilotomab pre-dosing	NOT_CONTROL_CONFIRMED	UNKNOWN	CHANGED_CLASS:NOT_CONTROL_ASSERTED->UNKNOWN	Participants in the PPS in Phase IIa with follicular lymphoma who received 20 MBq/kg Betalutin and 100 mg/m2 lilotomab	NEWLINE_TO_SPACE;CUT_AT_400_CHARS;TSV_WRITE_NORMALISES_TAB_AND_NEWLINE;ORIGINAL_RETRIEVABLE_ONLY_VIA_the cached source record	118
NCT01853644	Overall Best Response of Patients With Platinum-resistant Ovarian Cancer to Treatment With Single Agent Tivozanib	Treatment (Tivozanib)	24	2010_2013	bor	1	1	ALL_ARMS_NON_CONTROL_TYPED	EXPERIMENTAL	LABEL_MATCH	LABEL_FIELD_MATCH_ONLY:LABEL_BYTE_EXACT	SOURCE_RECORD	protocolSection.armsInterventionsModule.armGroups[0].label	1	0	Treatment (Tivozanib)	EXPERIMENTAL	0	Treatment (Tivozanib)	EXPERIMENTAL						NOT_ESTABLISHED_IN_THIS_CACHE	bound arm 0 registered type EXPERIMENTAL (verbatim). A registered type of EXPERIMENTAL/OTHER is not evidence that this group had no comparator role; no comparator evidence exists in this cache either way			NOT_ESTABLISHED_REGISTRY_JOIN_FIELDS_ABSENT_FROM_THIS_CACHE	BOUND_ARM_REGISTERED_TYPE_IS_EXPERIMENTAL	ASSUMES_LABEL_FIELD_CORRESPONDENCE_IS_ARM_IDENTITY_UNPROVED		NO_LEAF									NO	CONFIRMED	LABEL_BYTE_EXACT	Treatment (Tivozanib)	NOT_CONTROL_CONFIRMED	NOT_CONTROL	CHANGED_CLASS:NOT_CONTROL_ASSERTED->NOT_ESTABLISHED	Tivozanib 1.5mg orally given daily for 3 weeks with one week off to complete a 4 week cycle until disease progression or adverse effects prohibit further therapy  Tivozanib: 1.5 mg Given PO (orally)days 1-21 or every 28 day cycle	NEWLINE_TO_SPACE;CUT_AT_400_CHARS;TSV_WRITE_NORMALISES_TAB_AND_NEWLINE;ORIGINAL_RETRIEVABLE_ONLY_VIA_the cached source record	229
NCT01859741	Phase 1b: Overall Response (Response Evaluable Population)	P1B: OMP-59R5 5mg/kg + ETO + CIS	3	2010_2013	bor	2	6	ALL_ARMS_NON_CONTROL_TYPED	EXPERIMENTAL | EXPERIMENTAL	PROPOSED	LEAF_CLAIM_NOT_VERIFIABLE_FROM_EXACT_SOURCE_FIELDS	DELIVERED_LEAF:LEAF-QD-group1.tsv	LEAF-OUT/LEAF-QD-group1.tsv:line 6; candidate protocolSection.armsInterventionsModule.armGroups[0].label	1	0	OMP-59R5 Combination with Etoposide and Cisplatin	EXPERIMENTAL									UNKNOWN_IN_THIS_CACHE	no source-field-matched arm link and no comparator wording in the group record			NOT_ESTABLISHED_REGISTRY_JOIN_FIELDS_ABSENT_FROM_THIS_CACHE	ALL_REGISTERED_ARMS_NON_COMPARATOR_TYPED_CONDITIONAL	ASSUMES_THIS_RESULTS_GROUP_IS_A_SUBSET_OF_THE_REGISTERED_ARM_SET_MEMBERSHIP_UNPROVED		LEAF_LABEL_RESOLVES_UNIQUELY	OMP-59R5 Combination with Etoposide and Cisplatin	LEAF-OUT/LEAF-QD-group1.tsv:line 6	RETAINED_UNVERIFIED_WITH_LOCATOR		armGroups[0].label vs group_title drug token; armGroups[0].interventionNames	NEWLINE_TO_SPACE;CUT_AT_400_CHARS;TSV_WRITE_NORMALISES_TAB_AND_NEWLINE;ORIGINAL_RETRIEVABLE_ONLY_VIA_leaf_claim_locator	76	NO	NO	CONFIRMED	LEAF_WITHIN_RECORD_RELATION	OMP-59R5 Combination with Etoposide and Cisplatin	NOT_CONTROL_CONFIRMED	UNKNOWN	CHANGED_CLASS:NOT_CONTROL_ASSERTED->UNKNOWN	Cohort 1: Subjects receive OMP-59R5 5 mg/kg (administered on Day 1 of each 21-day cycle) along with etoposide 100 mg/m2 (Days 1, 2, and 3) and cisplatin 80 mg/m2 (Day 1).	NEWLINE_TO_SPACE;CUT_AT_400_CHARS;TSV_WRITE_NORMALISES_TAB_AND_NEWLINE;ORIGINAL_RETRIEVABLE_ONLY_VIA_the cached source record	170
NCT01859741	Phase 1b: Overall Response (Response Evaluable Population)	P1B: OMP-59R5 7.5 mg/kg + ETO + CIS	3	2010_2013	bor	2	6	ALL_ARMS_NON_CONTROL_TYPED	EXPERIMENTAL | EXPERIMENTAL	PROPOSED	LEAF_CLAIM_NOT_VERIFIABLE_FROM_EXACT_SOURCE_FIELDS	DELIVERED_LEAF:LEAF-QD-group1.tsv	LEAF-OUT/LEAF-QD-group1.tsv:line 7; candidate protocolSection.armsInterventionsModule.armGroups[0].label	1	0	OMP-59R5 Combination with Etoposide and Cisplatin	EXPERIMENTAL									UNKNOWN_IN_THIS_CACHE	no source-field-matched arm link and no comparator wording in the group record			NOT_ESTABLISHED_REGISTRY_JOIN_FIELDS_ABSENT_FROM_THIS_CACHE	ALL_REGISTERED_ARMS_NON_COMPARATOR_TYPED_CONDITIONAL	ASSUMES_THIS_RESULTS_GROUP_IS_A_SUBSET_OF_THE_REGISTERED_ARM_SET_MEMBERSHIP_UNPROVED		LEAF_LABEL_RESOLVES_UNIQUELY	OMP-59R5 Combination with Etoposide and Cisplatin	LEAF-OUT/LEAF-QD-group1.tsv:line 7	RETAINED_UNVERIFIED_WITH_LOCATOR		armGroups[0].label vs group_title drug token; armGroups[0].interventionNames	NEWLINE_TO_SPACE;CUT_AT_400_CHARS;TSV_WRITE_NORMALISES_TAB_AND_NEWLINE;ORIGINAL_RETRIEVABLE_ONLY_VIA_leaf_claim_locator	76	NO	NO	CONFIRMED	LEAF_WITHIN_RECORD_RELATION	OMP-59R5 Combination with Etoposide and Cisplatin	NOT_CONTROL_CONFIRMED	UNKNOWN	CHANGED_CLASS:NOT_CONTROL_ASSERTED->UNKNOWN	Cohort 2: Subjects receive OMP-59R5 7.5 mg/kg (administered on Day 1 of each 21-day cycle) along with etoposide 100 mg/m2 (Days 1, 2, and 3) and cisplatin 80 mg/m2 (Day 1).	NEWLINE_TO_SPACE;CUT_AT_400_CHARS;TSV_WRITE_NORMALISES_TAB_AND_NEWLINE;ORIGINAL_RETRIEVABLE_ONLY_VIA_the cached source record	172
NCT01859741	Phase 1b: Overall Response (Response Evaluable Population)	P1B: OMP-59R5 10 mg/kg + ETO + CIS	5	2010_2013	bor	2	6	ALL_ARMS_NON_CONTROL_TYPED	EXPERIMENTAL | EXPERIMENTAL	PROPOSED	LEAF_CLAIM_NOT_VERIFIABLE_FROM_EXACT_SOURCE_FIELDS	DELIVERED_LEAF:LEAF-QD-group1.tsv	LEAF-OUT/LEAF-QD-group1.tsv:line 2; candidate protocolSection.armsInterventionsModule.armGroups[0].label	1	0	OMP-59R5 Combination with Etoposide and Cisplatin	EXPERIMENTAL									UNKNOWN_IN_THIS_CACHE	no source-field-matched arm link and no comparator wording in the group record			NOT_ESTABLISHED_REGISTRY_JOIN_FIELDS_ABSENT_FROM_THIS_CACHE	ALL_REGISTERED_ARMS_NON_COMPARATOR_TYPED_CONDITIONAL	ASSUMES_THIS_RESULTS_GROUP_IS_A_SUBSET_OF_THE_REGISTERED_ARM_SET_MEMBERSHIP_UNPROVED		LEAF_LABEL_RESOLVES_UNIQUELY	OMP-59R5 Combination with Etoposide and Cisplatin	LEAF-OUT/LEAF-QD-group1.tsv:line 2	RETAINED_UNVERIFIED_WITH_LOCATOR		armGroups[0].label vs group_title drug token; armGroups[0].interventionNames	NEWLINE_TO_SPACE;CUT_AT_400_CHARS;TSV_WRITE_NORMALISES_TAB_AND_NEWLINE;ORIGINAL_RETRIEVABLE_ONLY_VIA_leaf_claim_locator	76	NO	NO	CONFIRMED	LEAF_WITHIN_RECORD_RELATION	OMP-59R5 Combination with Etoposide and Cisplatin	NOT_CONTROL_CONFIRMED	UNKNOWN	CHANGED_CLASS:NOT_CONTROL_ASSERTED->UNKNOWN	Cohort 3: Subjects receive OMP-59R5 10 mg/kg (administered on Day 1 of each 21-day cycle) along with etoposide 100 mg/m2 (Days 1, 2, and 3 and cisplatin 80 mg/m2 on Day 1).	NEWLINE_TO_SPACE;CUT_AT_400_CHARS;TSV_WRITE_NORMALISES_TAB_AND_NEWLINE;ORIGINAL_RETRIEVABLE_ONLY_VIA_the cached source record	172
NCT01859741	Phase 1b: Overall Response (Response Evaluable Population)	P1B: OMP-59R5 12.5 mg/kg + ETO + CIS	3	2010_2013	bor	2	6	ALL_ARMS_NON_CONTROL_TYPED	EXPERIMENTAL | EXPERIMENTAL	PROPOSED	LEAF_CLAIM_NOT_VERIFIABLE_FROM_EXACT_SOURCE_FIELDS	DELIVERED_LEAF:LEAF-QD-group1.tsv	LEAF-OUT/LEAF-QD-group1.tsv:line 3; candidate protocolSection.armsInterventionsModule.armGroups[0].label	1	0	OMP-59R5 Combination with Etoposide and Cisplatin	EXPERIMENTAL									UNKNOWN_IN_THIS_CACHE	no source-field-matched arm link and no comparator wording in the group record			NOT_ESTABLISHED_REGISTRY_JOIN_FIELDS_ABSENT_FROM_THIS_CACHE	ALL_REGISTERED_ARMS_NON_COMPARATOR_TYPED_CONDITIONAL	ASSUMES_THIS_RESULTS_GROUP_IS_A_SUBSET_OF_THE_REGISTERED_ARM_SET_MEMBERSHIP_UNPROVED		LEAF_LABEL_RESOLVES_UNIQUELY	OMP-59R5 Combination with Etoposide and Cisplatin	LEAF-OUT/LEAF-QD-group1.tsv:line 3	RETAINED_UNVERIFIED_WITH_LOCATOR		armGroups[0].label vs group_title drug token; armGroups[0].interventionNames	NEWLINE_TO_SPACE;CUT_AT_400_CHARS;TSV_WRITE_NORMALISES_TAB_AND_NEWLINE;ORIGINAL_RETRIEVABLE_ONLY_VIA_leaf_claim_locator	76	NO	NO	CONFIRMED	LEAF_WITHIN_RECORD_RELATION	OMP-59R5 Combination with Etoposide and Cisplatin	NOT_CONTROL_CONFIRMED	UNKNOWN	CHANGED_CLASS:NOT_CONTROL_ASSERTED->UNKNOWN	Cohort 4: Subjects receive OMP-59R5 12.5 mg/kg (administered on Day 1 of each 21-day cycle) along with etoposide 100 mg/m2 (Days 1, 2, and 3) and cisplatin 80 mg/m2 (Day 1).	NEWLINE_TO_SPACE;CUT_AT_400_CHARS;TSV_WRITE_NORMALISES_TAB_AND_NEWLINE;ORIGINAL_RETRIEVABLE_ONLY_VIA_the cached source record	173
NCT01859741	Phase 1b: Overall Response (Response Evaluable Population)	P1B: OMP-59R5 15 mg/kg + ETO + CIS	6	2010_2013	bor	2	6	ALL_ARMS_NON_CONTROL_TYPED	EXPERIMENTAL | EXPERIMENTAL	PROPOSED	LEAF_CLAIM_NOT_VERIFIABLE_FROM_EXACT_SOURCE_FIELDS	DELIVERED_LEAF:LEAF-QD-group1.tsv	LEAF-OUT/LEAF-QD-group1.tsv:line 4; candidate protocolSection.armsInterventionsModule.armGroups[0].label	1	0	OMP-59R5 Combination with Etoposide and Cisplatin	EXPERIMENTAL									UNKNOWN_IN_THIS_CACHE	no source-field-matched arm link and no comparator wording in the group record			NOT_ESTABLISHED_REGISTRY_JOIN_FIELDS_ABSENT_FROM_THIS_CACHE	ALL_REGISTERED_ARMS_NON_COMPARATOR_TYPED_CONDITIONAL	ASSUMES_THIS_RESULTS_GROUP_IS_A_SUBSET_OF_THE_REGISTERED_ARM_SET_MEMBERSHIP_UNPROVED		LEAF_LABEL_RESOLVES_UNIQUELY	OMP-59R5 Combination with Etoposide and Cisplatin	LEAF-OUT/LEAF-QD-group1.tsv:line 4	RETAINED_UNVERIFIED_WITH_LOCATOR		armGroups[0].label vs group_title drug token; armGroups[0].interventionNames	NEWLINE_TO_SPACE;CUT_AT_400_CHARS;TSV_WRITE_NORMALISES_TAB_AND_NEWLINE;ORIGINAL_RETRIEVABLE_ONLY_VIA_leaf_claim_locator	76	NO	NO	CONFIRMED	LEAF_WITHIN_RECORD_RELATION	OMP-59R5 Combination with Etoposide and Cisplatin	NOT_CONTROL_CONFIRMED	UNKNOWN	CHANGED_CLASS:NOT_CONTROL_ASSERTED->UNKNOWN	Cohort 5: Subjects receive OMP-59R5 15 mg/kg (administered on Day 1 of each 21-day cycle) along with etoposide 100 mg/m2 (Days 1, 2, and 3) and cisplatin 80 mg/m2 (Day 1).	NEWLINE_TO_SPACE;CUT_AT_400_CHARS;TSV_WRITE_NORMALISES_TAB_AND_NEWLINE;ORIGINAL_RETRIEVABLE_ONLY_VIA_the cached source record	171
NCT01859741	Phase 1b: Overall Response (Response Evaluable Population)	P1B: OMP-59R5 15mg/kg + ETO + CARB	6	2010_2013	bor	2	6	ALL_ARMS_NON_CONTROL_TYPED	EXPERIMENTAL | EXPERIMENTAL	PROPOSED	LEAF_CLAIM_NOT_VERIFIABLE_FROM_EXACT_SOURCE_FIELDS	DELIVERED_LEAF:LEAF-QD-group1.tsv	LEAF-OUT/LEAF-QD-group1.tsv:line 5; candidate protocolSection.armsInterventionsModule.armGroups[0].label	1	0	OMP-59R5 Combination with Etoposide and Cisplatin	EXPERIMENTAL									UNKNOWN_IN_THIS_CACHE	no source-field-matched arm link and no comparator wording in the group record			NOT_ESTABLISHED_REGISTRY_JOIN_FIELDS_ABSENT_FROM_THIS_CACHE	ALL_REGISTERED_ARMS_NON_COMPARATOR_TYPED_CONDITIONAL	ASSUMES_THIS_RESULTS_GROUP_IS_A_SUBSET_OF_THE_REGISTERED_ARM_SET_MEMBERSHIP_UNPROVED		LEAF_LABEL_RESOLVES_UNIQUELY	OMP-59R5 Combination with Etoposide and Cisplatin	LEAF-OUT/LEAF-QD-group1.tsv:line 5	RETAINED_UNVERIFIED_WITH_LOCATOR		armGroups[0].label vs group_title drug token; armGroups[0].interventionNames	NEWLINE_TO_SPACE;CUT_AT_400_CHARS;TSV_WRITE_NORMALISES_TAB_AND_NEWLINE;ORIGINAL_RETRIEVABLE_ONLY_VIA_leaf_claim_locator	76	NO	NO	CONFIRMED	LEAF_WITHIN_RECORD_RELATION	OMP-59R5 Combination with Etoposide and Cisplatin	NOT_CONTROL_CONFIRMED	UNKNOWN	CHANGED_CLASS:NOT_CONTROL_ASSERTED->UNKNOWN	Cohort 6: Subjects receive OMP-59R5 15 mg/kg (administered on Day 1 of each 21-day cycle) along with etoposide 100 mg/m2 (Days 1, 2, and 3) and carboplatin AUC of 5 mg/mL•min (Day 1).	NEWLINE_TO_SPACE;CUT_AT_400_CHARS;TSV_WRITE_NORMALISES_TAB_AND_NEWLINE;ORIGINAL_RETRIEVABLE_ONLY_VIA_the cached source record	183
NCT01859741	Phase 2: Best Overall Tumor Response Based on Investigator Assessment (ITT Population)	P2: Placebo + CIS or CARB	65	2010_2013	bor	2	2	ALL_ARMS_NON_CONTROL_TYPED	EXPERIMENTAL | EXPERIMENTAL	PROPOSED	LEAF_CLAIM_NOT_VERIFIABLE_FROM_EXACT_SOURCE_FIELDS	DELIVERED_LEAF:LEAF-QD-group1.tsv	LEAF-OUT/LEAF-QD-group1.tsv:line 9; candidate protocolSection.armsInterventionsModule.armGroups[1].label	1	1	Etoposide and Cisplatin plus Placebo	EXPERIMENTAL									COMPARATOR_PROPOSED_BY_GROUP_TEXT_PLACEBO	group record states placebo/sham; no source-field-matched registry link		GROUP_TEXT_PLACEBO_OR_SHAM_WORDING	NOT_ESTABLISHED_REGISTRY_JOIN_FIELDS_ABSENT_FROM_THIS_CACHE	ALL_REGISTERED_ARMS_NON_COMPARATOR_TYPED_CONDITIONAL	ASSUMES_THIS_RESULTS_GROUP_IS_A_SUBSET_OF_THE_REGISTERED_ARM_SET_MEMBERSHIP_UNPROVED	PLACEBO_CLAIM_WITHOUT_ANY_PLACEBO_TYPED_ARM_IN_THIS_CACHE	LEAF_LABEL_RESOLVES_UNIQUELY	Etoposide and Cisplatin plus Placebo	LEAF-OUT/LEAF-QD-group1.tsv:line 9	RETAINED_UNVERIFIED_WITH_LOCATOR		armGroups[1].label vs group_title + group description	NEWLINE_TO_SPACE;CUT_AT_400_CHARS;TSV_WRITE_NORMALISES_TAB_AND_NEWLINE;ORIGINAL_RETRIEVABLE_ONLY_VIA_leaf_claim_locator	53	NO	NO	CONFIRMED	LEAF_WITHIN_RECORD_RELATION	Etoposide and Cisplatin plus Placebo	CONTESTED	CONTROL_PLACEBO_BY_GROUP_TEXT	CHANGED_CLASS:CONTESTED->COMPARATOR_PROPOSED	Placebo Arm: Active Arm: Subjects receive placebo and etoposide 100 mg/m2 and cisplatin 75 mg/m2 or carboplatin AUC 5 mg/kg \*min	NEWLINE_TO_SPACE;CUT_AT_400_CHARS;TSV_WRITE_NORMALISES_TAB_AND_NEWLINE;ORIGINAL_RETRIEVABLE_ONLY_VIA_the cached source record	129
NCT01859741	Phase 2: Best Overall Tumor Response Based on Investigator Assessment (ITT Population)	P2: OMP-59R5 15 mg/kg + ETO and CIS or CARB	61	2010_2013	bor	2	2	ALL_ARMS_NON_CONTROL_TYPED	EXPERIMENTAL | EXPERIMENTAL	PROPOSED	LEAF_CLAIM_NOT_VERIFIABLE_FROM_EXACT_SOURCE_FIELDS	DELIVERED_LEAF:LEAF-QD-group1.tsv	LEAF-OUT/LEAF-QD-group1.tsv:line 8; candidate protocolSection.armsInterventionsModule.armGroups[0].label	1	0	OMP-59R5 Combination with Etoposide and Cisplatin	EXPERIMENTAL									UNKNOWN_IN_THIS_CACHE	no source-field-matched arm link and no comparator wording in the group record			NOT_ESTABLISHED_REGISTRY_JOIN_FIELDS_ABSENT_FROM_THIS_CACHE	ALL_REGISTERED_ARMS_NON_COMPARATOR_TYPED_CONDITIONAL	ASSUMES_THIS_RESULTS_GROUP_IS_A_SUBSET_OF_THE_REGISTERED_ARM_SET_MEMBERSHIP_UNPROVED		LEAF_LABEL_RESOLVES_UNIQUELY	OMP-59R5 Combination with Etoposide and Cisplatin	LEAF-OUT/LEAF-QD-group1.tsv:line 8	RETAINED_UNVERIFIED_WITH_LOCATOR		armGroups[0].label vs group_title; group description	NEWLINE_TO_SPACE;CUT_AT_400_CHARS;TSV_WRITE_NORMALISES_TAB_AND_NEWLINE;ORIGINAL_RETRIEVABLE_ONLY_VIA_leaf_claim_locator	52	NO	NO	CONFIRMED	LEAF_WITHIN_RECORD_RELATION	OMP-59R5 Combination with Etoposide and Cisplatin	NOT_CONTROL_CONFIRMED	UNKNOWN	CHANGED_CLASS:NOT_CONTROL_ASSERTED->UNKNOWN	Active Arm: Subjects receive OMP-59R5 15 mg/kg and etoposide 100 mg/m2 and cisplatin 75 mg/m2 or carboplatin AUC 5 mg/kg \*min	NEWLINE_TO_SPACE;CUT_AT_400_CHARS;TSV_WRITE_NORMALISES_TAB_AND_NEWLINE;ORIGINAL_RETRIEVABLE_ONLY_VIA_the cached source record	126
NCT01325207	Best Response to IT Trastuzumab: Radiological, Cytological and Clinical in Treatment With Intrathecal Trastuzumab for Patients With Leptomeningeal Metastases in HER2+ Breast Cancer.	Treatment With Trastuzumab	34	2010_2013	bor	1	2	ALL_ARMS_NON_CONTROL_TYPED	EXPERIMENTAL	PROPOSED	LEAF_CLAIM_NOT_VERIFIABLE_FROM_EXACT_SOURCE_FIELDS	DELIVERED_LEAF:LEAF-QD-group0.tsv	LEAF-OUT/LEAF-QD-group0.tsv:line 39; candidate protocolSection.armsInterventionsModule.armGroups[0].label	1	0	intravenous trastuzumab infusions	EXPERIMENTAL									UNKNOWN_IN_THIS_CACHE	no source-field-matched arm link and no comparator wording in the group record			NOT_ESTABLISHED_REGISTRY_JOIN_FIELDS_ABSENT_FROM_THIS_CACHE	ALL_REGISTERED_ARMS_NON_COMPARATOR_TYPED_CONDITIONAL	ASSUMES_THIS_RESULTS_GROUP_IS_A_SUBSET_OF_THE_REGISTERED_ARM_SET_MEMBERSHIP_UNPROVED		LEAF_LABEL_RESOLVES_UNIQUELY	intravenous trastuzumab infusions	LEAF-OUT/LEAF-QD-group0.tsv:line 39	RETAINED_UNVERIFIED_WITH_LOCATOR		armGroups cardinality = 1, so the single registered arm is the only armGroupType available	NEWLINE_TO_SPACE;CUT_AT_400_CHARS;TSV_WRITE_NORMALISES_TAB_AND_NEWLINE;ORIGINAL_RETRIEVABLE_ONLY_VIA_leaf_claim_locator	90	NO	YES	CONFIRMED_TYPE_ONLY	LEAF_ARM_SET_TYPE_INVARIANT		NOT_CONTROL_BY_ARM_SET_TYPE_INVARIANT	NOT_CONTROL_SINGLE_ARM_TRIAL	CHANGED_CLASS:NOT_CONTROL_ASSERTED->UNKNOWN	Intrathecal Trastuzumab will be administered in a dose escalation design from 10mg up to 80 mg IT.  Trastuzumab: Trastuzumab will be administered twice per week for 4 weeks, then once per week for 4 weeks, and then every 2 weeks.  1 cycle = 28 days	NEWLINE_TO_SPACE;CUT_AT_400_CHARS;TSV_WRITE_NORMALISES_TAB_AND_NEWLINE;ORIGINAL_RETRIEVABLE_ONLY_VIA_the cached source record	248
NCT01325207	Best Response to IT Trastuzumab: Radiological, Cytological and Clinical in Treatment With Intrathecal Trastuzumab for Patients With Leptomeningeal Metastases in HER2+ Breast Cancer.	Cohort 5 + Phase II - Intrathecal Trastuzumab- 80 mg	26	2010_2013	bor	1	2	ALL_ARMS_NON_CONTROL_TYPED	EXPERIMENTAL	PROPOSED	LEAF_CLAIM_NOT_VERIFIABLE_FROM_EXACT_SOURCE_FIELDS	DELIVERED_LEAF:LEAF-QD-group0.tsv	LEAF-OUT/LEAF-QD-group0.tsv:line 38; candidate protocolSection.armsInterventionsModule.armGroups[0].label	1	0	intravenous trastuzumab infusions	EXPERIMENTAL									UNKNOWN_IN_THIS_CACHE	no source-field-matched arm link and no comparator wording in the group record			NOT_ESTABLISHED_REGISTRY_JOIN_FIELDS_ABSENT_FROM_THIS_CACHE	ALL_REGISTERED_ARMS_NON_COMPARATOR_TYPED_CONDITIONAL	ASSUMES_THIS_RESULTS_GROUP_IS_A_SUBSET_OF_THE_REGISTERED_ARM_SET_MEMBERSHIP_UNPROVED		LEAF_LABEL_RESOLVES_UNIQUELY	intravenous trastuzumab infusions	LEAF-OUT/LEAF-QD-group0.tsv:line 38	RETAINED_UNVERIFIED_WITH_LOCATOR		armGroups cardinality = 1, so the single registered arm is the only armGroupType available	NEWLINE_TO_SPACE;CUT_AT_400_CHARS;TSV_WRITE_NORMALISES_TAB_AND_NEWLINE;ORIGINAL_RETRIEVABLE_ONLY_VIA_leaf_claim_locator	90	NO	YES	CONFIRMED_TYPE_ONLY	LEAF_ARM_SET_TYPE_INVARIANT		NOT_CONTROL_BY_ARM_SET_TYPE_INVARIANT	NOT_CONTROL_SINGLE_ARM_TRIAL	CHANGED_CLASS:NOT_CONTROL_ASSERTED->UNKNOWN	Intrathecal Trastuzumab will be administered at the MTD determined dose of 80 mg IT.  Trastuzumab: Trastuzumab will be administered twice per week for 4 weeks, then once per week for 4 weeks, and then every 2 weeks.  1 cycle = 28 days	NEWLINE_TO_SPACE;CUT_AT_400_CHARS;TSV_WRITE_NORMALISES_TAB_AND_NEWLINE;ORIGINAL_RETRIEVABLE_ONLY_VIA_the cached source record	234
NCT01296932	Best Overall Response According to 'International Workshop on Chronic Lymphocytic Leukemia' (IWCLL) Criteria	BI 836826 1 Milligram	3	2010_2013	bor	1	9	ALL_ARMS_NON_CONTROL_TYPED	EXPERIMENTAL	PROPOSED	LEAF_CLAIM_NOT_VERIFIABLE_FROM_EXACT_SOURCE_FIELDS	DELIVERED_LEAF:LEAF-QD-group0.tsv	LEAF-OUT/LEAF-QD-group0.tsv:line 29; candidate protocolSection.armsInterventionsModule.armGroups[0].label	1	0	Patients with relapsed CLL	EXPERIMENTAL									UNKNOWN_IN_THIS_CACHE	no source-field-matched arm link and no comparator wording in the group record			NOT_ESTABLISHED_REGISTRY_JOIN_FIELDS_ABSENT_FROM_THIS_CACHE	ALL_REGISTERED_ARMS_NON_COMPARATOR_TYPED_CONDITIONAL	ASSUMES_THIS_RESULTS_GROUP_IS_A_SUBSET_OF_THE_REGISTERED_ARM_SET_MEMBERSHIP_UNPROVED		LEAF_LABEL_RESOLVES_UNIQUELY	Patients with relapsed CLL	LEAF-OUT/LEAF-QD-group0.tsv:line 29	RETAINED_UNVERIFIED_WITH_LOCATOR		armGroups cardinality = 1 (protocolSection.armsInterventionsModule.armGroups) + armGroups[0].interventionNames drug token present in group title ('BI 836826')	NEWLINE_TO_SPACE;CUT_AT_400_CHARS;TSV_WRITE_NORMALISES_TAB_AND_NEWLINE;ORIGINAL_RETRIEVABLE_ONLY_VIA_leaf_claim_locator	158	NO	YES	CONFIRMED	LEAF_WITHIN_RECORD_RELATION	Patients with relapsed CLL	NOT_CONTROL_CONFIRMED	NOT_CONTROL_SINGLE_ARM_TRIAL	CHANGED_CLASS:NOT_CONTROL_ASSERTED->UNKNOWN	Patients were administered BI 836826-1 milligram solution for infusion after dilution intravenously as one single dose within a 14-day cycle	NEWLINE_TO_SPACE;CUT_AT_400_CHARS;TSV_WRITE_NORMALISES_TAB_AND_NEWLINE;ORIGINAL_RETRIEVABLE_ONLY_VIA_the cached source record	140
NCT01296932	Best Overall Response According to 'International Workshop on Chronic Lymphocytic Leukemia' (IWCLL) Criteria	BI 836826 3 Milligram	3	2010_2013	bor	1	9	ALL_ARMS_NON_CONTROL_TYPED	EXPERIMENTAL	PROPOSED	LEAF_CLAIM_NOT_VERIFIABLE_FROM_EXACT_SOURCE_FIELDS	DELIVERED_LEAF:LEAF-QD-group0.tsv	LEAF-OUT/LEAF-QD-group0.tsv:line 33; candidate protocolSection.armsInterventionsModule.armGroups[0].label	1	0	Patients with relapsed CLL	EXPERIMENTAL									UNKNOWN_IN_THIS_CACHE	no source-field-matched arm link and no comparator wording in the group record			NOT_ESTABLISHED_REGISTRY_JOIN_FIELDS_ABSENT_FROM_THIS_CACHE	ALL_REGISTERED_ARMS_NON_COMPARATOR_TYPED_CONDITIONAL	ASSUMES_THIS_RESULTS_GROUP_IS_A_SUBSET_OF_THE_REGISTERED_ARM_SET_MEMBERSHIP_UNPROVED		LEAF_LABEL_RESOLVES_UNIQUELY	Patients with relapsed CLL	LEAF-OUT/LEAF-QD-group0.tsv:line 33	RETAINED_UNVERIFIED_WITH_LOCATOR		armGroups cardinality = 1 (protocolSection.armsInterventionsModule.armGroups) + armGroups[0].interventionNames drug token present in group title ('BI 836826')	NEWLINE_TO_SPACE;CUT_AT_400_CHARS;TSV_WRITE_NORMALISES_TAB_AND_NEWLINE;ORIGINAL_RETRIEVABLE_ONLY_VIA_leaf_claim_locator	158	NO	YES	CONFIRMED	LEAF_WITHIN_RECORD_RELATION	Patients with relapsed CLL	NOT_CONTROL_CONFIRMED	NOT_CONTROL_SINGLE_ARM_TRIAL	CHANGED_CLASS:NOT_CONTROL_ASSERTED->UNKNOWN	Patients were administered BI 836826-3 milligram solution for infusion after dilution intravenously as one single dose within a 14-day cycle	NEWLINE_TO_SPACE;CUT_AT_400_CHARS;TSV_WRITE_NORMALISES_TAB_AND_NEWLINE;ORIGINAL_RETRIEVABLE_ONLY_VIA_the cached source record	140
NCT01296932	Best Overall Response According to 'International Workshop on Chronic Lymphocytic Leukemia' (IWCLL) Criteria	BI 836826 9 Milligram	6	2010_2013	bor	1	9	ALL_ARMS_NON_CONTROL_TYPED	EXPERIMENTAL	PROPOSED	LEAF_CLAIM_NOT_VERIFIABLE_FROM_EXACT_SOURCE_FIELDS	DELIVERED_LEAF:LEAF-QD-group0.tsv	LEAF-OUT/LEAF-QD-group0.tsv:line 37; candidate protocolSection.armsInterventionsModule.armGroups[0].label	1	0	Patients with relapsed CLL	EXPERIMENTAL									UNKNOWN_IN_THIS_CACHE	no source-field-matched arm link and no comparator wording in the group record			NOT_ESTABLISHED_REGISTRY_JOIN_FIELDS_ABSENT_FROM_THIS_CACHE	ALL_REGISTERED_ARMS_NON_COMPARATOR_TYPED_CONDITIONAL	ASSUMES_THIS_RESULTS_GROUP_IS_A_SUBSET_OF_THE_REGISTERED_ARM_SET_MEMBERSHIP_UNPROVED		LEAF_LABEL_RESOLVES_UNIQUELY	Patients with relapsed CLL	LEAF-OUT/LEAF-QD-group0.tsv:line 37	RETAINED_UNVERIFIED_WITH_LOCATOR		armGroups cardinality = 1 (protocolSection.armsInterventionsModule.armGroups) + armGroups[0].interventionNames drug token present in group title ('BI 836826')	NEWLINE_TO_SPACE;CUT_AT_400_CHARS;TSV_WRITE_NORMALISES_TAB_AND_NEWLINE;ORIGINAL_RETRIEVABLE_ONLY_VIA_leaf_claim_locator	158	NO	YES	CONFIRMED	LEAF_WITHIN_RECORD_RELATION	Patients with relapsed CLL	NOT_CONTROL_CONFIRMED	NOT_CONTROL_SINGLE_ARM_TRIAL	CHANGED_CLASS:NOT_CONTROL_ASSERTED->UNKNOWN	Patients were administered BI 836826-9 milligram solution for infusion after dilution intravenously as one or two doses within the first cycle followed by single doses within all following 14-day cycles	NEWLINE_TO_SPACE;CUT_AT_400_CHARS;TSV_WRITE_NORMALISES_TAB_AND_NEWLINE;ORIGINAL_RETRIEVABLE_ONLY_VIA_the cached source record	202
NCT01296932	Best Overall Response According to 'International Workshop on Chronic Lymphocytic Leukemia' (IWCLL) Criteria	BI 836826 25 Milligram	5	2010_2013	bor	1	9	ALL_ARMS_NON_CONTROL_TYPED	EXPERIMENTAL	PROPOSED	LEAF_CLAIM_NOT_VERIFIABLE_FROM_EXACT_SOURCE_FIELDS	DELIVERED_LEAF:LEAF-QD-group0.tsv	LEAF-OUT/LEAF-QD-group0.tsv:line 32; candidate protocolSection.armsInterventionsModule.armGroups[0].label	1	0	Patients with relapsed CLL	EXPERIMENTAL									UNKNOWN_IN_THIS_CACHE	no source-field-matched arm link and no comparator wording in the group record			NOT_ESTABLISHED_REGISTRY_JOIN_FIELDS_ABSENT_FROM_THIS_CACHE	ALL_REGISTERED_ARMS_NON_COMPARATOR_TYPED_CONDITIONAL	ASSUMES_THIS_RESULTS_GROUP_IS_A_SUBSET_OF_THE_REGISTERED_ARM_SET_MEMBERSHIP_UNPROVED		LEAF_LABEL_RESOLVES_UNIQUELY	Patients with relapsed CLL	LEAF-OUT/LEAF-QD-group0.tsv:line 32	RETAINED_UNVERIFIED_WITH_LOCATOR		armGroups cardinality = 1 (protocolSection.armsInterventionsModule.armGroups) + armGroups[0].interventionNames drug token present in group title ('BI 836826')	NEWLINE_TO_SPACE;CUT_AT_400_CHARS;TSV_WRITE_NORMALISES_TAB_AND_NEWLINE;ORIGINAL_RETRIEVABLE_ONLY_VIA_leaf_claim_locator	158	NO	YES	CONFIRMED	LEAF_WITHIN_RECORD_RELATION	Patients with relapsed CLL	NOT_CONTROL_CONFIRMED	NOT_CONTROL_SINGLE_ARM_TRIAL	CHANGED_CLASS:NOT_CONTROL_ASSERTED->UNKNOWN	Patients were administered BI 836826-25 milligram solution for infusion after dilution intravenously as two doses within the first cycle followed by single doses within all following 14-day cycles	NEWLINE_TO_SPACE;CUT_AT_400_CHARS;TSV_WRITE_NORMALISES_TAB_AND_NEWLINE;ORIGINAL_RETRIEVABLE_ONLY_VIA_the cached source record	196
NCT01296932	Best Overall Response According to 'International Workshop on Chronic Lymphocytic Leukemia' (IWCLL) Criteria	BI 836826 50 Milligram	3	2010_2013	bor	1	9	ALL_ARMS_NON_CONTROL_TYPED	EXPERIMENTAL	PROPOSED	LEAF_CLAIM_NOT_VERIFIABLE_FROM_EXACT_SOURCE_FIELDS	DELIVERED_LEAF:LEAF-QD-group0.tsv	LEAF-OUT/LEAF-QD-group0.tsv:line 35; candidate protocolSection.armsInterventionsModule.armGroups[0].label	1	0	Patients with relapsed CLL	EXPERIMENTAL									UNKNOWN_IN_THIS_CACHE	no source-field-matched arm link and no comparator wording in the group record			NOT_ESTABLISHED_REGISTRY_JOIN_FIELDS_ABSENT_FROM_THIS_CACHE	ALL_REGISTERED_ARMS_NON_COMPARATOR_TYPED_CONDITIONAL	ASSUMES_THIS_RESULTS_GROUP_IS_A_SUBSET_OF_THE_REGISTERED_ARM_SET_MEMBERSHIP_UNPROVED		LEAF_LABEL_RESOLVES_UNIQUELY	Patients with relapsed CLL	LEAF-OUT/LEAF-QD-group0.tsv:line 35	RETAINED_UNVERIFIED_WITH_LOCATOR		armGroups cardinality = 1 (protocolSection.armsInterventionsModule.armGroups) + armGroups[0].interventionNames drug token present in group title ('BI 836826')	NEWLINE_TO_SPACE;CUT_AT_400_CHARS;TSV_WRITE_NORMALISES_TAB_AND_NEWLINE;ORIGINAL_RETRIEVABLE_ONLY_VIA_leaf_claim_locator	158	NO	YES	CONFIRMED	LEAF_WITHIN_RECORD_RELATION	Patients with relapsed CLL	NOT_CONTROL_CONFIRMED	NOT_CONTROL_SINGLE_ARM_TRIAL	CHANGED_CLASS:NOT_CONTROL_ASSERTED->UNKNOWN	Patients were administered BI 836826-50 milligram solution for infusion after dilution intravenously as two doses within the first cycle followed by single doses within all following 14-day cycles	NEWLINE_TO_SPACE;CUT_AT_400_CHARS;TSV_WRITE_NORMALISES_TAB_AND_NEWLINE;ORIGINAL_RETRIEVABLE_ONLY_VIA_the cached source record	196
NCT01296932	Best Overall Response According to 'International Workshop on Chronic Lymphocytic Leukemia' (IWCLL) Criteria	BI 836826 100 Milligram	3	2010_2013	bor	1	9	ALL_ARMS_NON_CONTROL_TYPED	EXPERIMENTAL	PROPOSED	LEAF_CLAIM_NOT_VERIFIABLE_FROM_EXACT_SOURCE_FIELDS	DELIVERED_LEAF:LEAF-QD-group0.tsv	LEAF-OUT/LEAF-QD-group0.tsv:line 30; candidate protocolSection.armsInterventionsModule.armGroups[0].label	1	0	Patients with relapsed CLL	EXPERIMENTAL									UNKNOWN_IN_THIS_CACHE	no source-field-matched arm link and no comparator wording in the group record			NOT_ESTABLISHED_REGISTRY_JOIN_FIELDS_ABSENT_FROM_THIS_CACHE	ALL_REGISTERED_ARMS_NON_COMPARATOR_TYPED_CONDITIONAL	ASSUMES_THIS_RESULTS_GROUP_IS_A_SUBSET_OF_THE_REGISTERED_ARM_SET_MEMBERSHIP_UNPROVED		LEAF_LABEL_RESOLVES_UNIQUELY	Patients with relapsed CLL	LEAF-OUT/LEAF-QD-group0.tsv:line 30	RETAINED_UNVERIFIED_WITH_LOCATOR		armGroups cardinality = 1 (protocolSection.armsInterventionsModule.armGroups) + armGroups[0].interventionNames drug token present in group title ('BI 836826')	NEWLINE_TO_SPACE;CUT_AT_400_CHARS;TSV_WRITE_NORMALISES_TAB_AND_NEWLINE;ORIGINAL_RETRIEVABLE_ONLY_VIA_leaf_claim_locator	158	NO	YES	CONFIRMED	LEAF_WITHIN_RECORD_RELATION	Patients with relapsed CLL	NOT_CONTROL_CONFIRMED	NOT_CONTROL_SINGLE_ARM_TRIAL	CHANGED_CLASS:NOT_CONTROL_ASSERTED->UNKNOWN	Patients were administered BI 836826-100 milligram solution for infusion after dilution intravenously as two doses within the first cycle followed by single doses within all following 14-day cycles	NEWLINE_TO_SPACE;CUT_AT_400_CHARS;TSV_WRITE_NORMALISES_TAB_AND_NEWLINE;ORIGINAL_RETRIEVABLE_ONLY_VIA_the cached source record	197
NCT01296932	Best Overall Response According to 'International Workshop on Chronic Lymphocytic Leukemia' (IWCLL) Criteria	BI 836826 200 Milligram	6	2010_2013	bor	1	9	ALL_ARMS_NON_CONTROL_TYPED	EXPERIMENTAL	PROPOSED	LEAF_CLAIM_NOT_VERIFIABLE_FROM_EXACT_SOURCE_FIELDS	DELIVERED_LEAF:LEAF-QD-group0.tsv	LEAF-OUT/LEAF-QD-group0.tsv:line 31; candidate protocolSection.armsInterventionsModule.armGroups[0].label	1	0	Patients with relapsed CLL	EXPERIMENTAL									UNKNOWN_IN_THIS_CACHE	no source-field-matched arm link and no comparator wording in the group record			NOT_ESTABLISHED_REGISTRY_JOIN_FIELDS_ABSENT_FROM_THIS_CACHE	ALL_REGISTERED_ARMS_NON_COMPARATOR_TYPED_CONDITIONAL	ASSUMES_THIS_RESULTS_GROUP_IS_A_SUBSET_OF_THE_REGISTERED_ARM_SET_MEMBERSHIP_UNPROVED		LEAF_LABEL_RESOLVES_UNIQUELY	Patients with relapsed CLL	LEAF-OUT/LEAF-QD-group0.tsv:line 31	RETAINED_UNVERIFIED_WITH_LOCATOR		armGroups cardinality = 1 (protocolSection.armsInterventionsModule.armGroups) + armGroups[0].interventionNames drug token present in group title ('BI 836826')	NEWLINE_TO_SPACE;CUT_AT_400_CHARS;TSV_WRITE_NORMALISES_TAB_AND_NEWLINE;ORIGINAL_RETRIEVABLE_ONLY_VIA_leaf_claim_locator	158	NO	YES	CONFIRMED	LEAF_WITHIN_RECORD_RELATION	Patients with relapsed CLL	NOT_CONTROL_CONFIRMED	NOT_CONTROL_SINGLE_ARM_TRIAL	CHANGED_CLASS:NOT_CONTROL_ASSERTED->UNKNOWN	Patients were administered BI 836826-200 milligram solution for infusion after dilution intravenously as two doses within the first cycle followed by single doses within all following 14-day cycles	NEWLINE_TO_SPACE;CUT_AT_400_CHARS;TSV_WRITE_NORMALISES_TAB_AND_NEWLINE;ORIGINAL_RETRIEVABLE_ONLY_VIA_the cached source record	197
NCT01296932	Best Overall Response According to 'International Workshop on Chronic Lymphocytic Leukemia' (IWCLL) Criteria	BI 836826 400 Milligram	3	2010_2013	bor	1	9	ALL_ARMS_NON_CONTROL_TYPED	EXPERIMENTAL	PROPOSED	LEAF_CLAIM_NOT_VERIFIABLE_FROM_EXACT_SOURCE_FIELDS	DELIVERED_LEAF:LEAF-QD-group0.tsv	LEAF-OUT/LEAF-QD-group0.tsv:line 34; candidate protocolSection.armsInterventionsModule.armGroups[0].label	1	0	Patients with relapsed CLL	EXPERIMENTAL									UNKNOWN_IN_THIS_CACHE	no source-field-matched arm link and no comparator wording in the group record			NOT_ESTABLISHED_REGISTRY_JOIN_FIELDS_ABSENT_FROM_THIS_CACHE	ALL_REGISTERED_ARMS_NON_COMPARATOR_TYPED_CONDITIONAL	ASSUMES_THIS_RESULTS_GROUP_IS_A_SUBSET_OF_THE_REGISTERED_ARM_SET_MEMBERSHIP_UNPROVED		LEAF_LABEL_RESOLVES_UNIQUELY	Patients with relapsed CLL	LEAF-OUT/LEAF-QD-group0.tsv:line 34	RETAINED_UNVERIFIED_WITH_LOCATOR		armGroups cardinality = 1 (protocolSection.armsInterventionsModule.armGroups) + armGroups[0].interventionNames drug token present in group title ('BI 836826')	NEWLINE_TO_SPACE;CUT_AT_400_CHARS;TSV_WRITE_NORMALISES_TAB_AND_NEWLINE;ORIGINAL_RETRIEVABLE_ONLY_VIA_leaf_claim_locator	158	NO	YES	CONFIRMED	LEAF_WITHIN_RECORD_RELATION	Patients with relapsed CLL	NOT_CONTROL_CONFIRMED	NOT_CONTROL_SINGLE_ARM_TRIAL	CHANGED_CLASS:NOT_CONTROL_ASSERTED->UNKNOWN	Patients were administered BI 836826-400 milligram solution for infusion after dilution intravenously as two doses within the first cycle followed by single doses within all following 14-day cycles	NEWLINE_TO_SPACE;CUT_AT_400_CHARS;TSV_WRITE_NORMALISES_TAB_AND_NEWLINE;ORIGINAL_RETRIEVABLE_ONLY_VIA_the cached source record	197
NCT01296932	Best Overall Response According to 'International Workshop on Chronic Lymphocytic Leukemia' (IWCLL) Criteria	BI 836826 800 Milligram	4	2010_2013	bor	1	9	ALL_ARMS_NON_CONTROL_TYPED	EXPERIMENTAL	PROPOSED	LEAF_CLAIM_NOT_VERIFIABLE_FROM_EXACT_SOURCE_FIELDS	DELIVERED_LEAF:LEAF-QD-group0.tsv	LEAF-OUT/LEAF-QD-group0.tsv:line 36; candidate protocolSection.armsInterventionsModule.armGroups[0].label	1	0	Patients with relapsed CLL	EXPERIMENTAL									UNKNOWN_IN_THIS_CACHE	no source-field-matched arm link and no comparator wording in the group record			NOT_ESTABLISHED_REGISTRY_JOIN_FIELDS_ABSENT_FROM_THIS_CACHE	ALL_REGISTERED_ARMS_NON_COMPARATOR_TYPED_CONDITIONAL	ASSUMES_THIS_RESULTS_GROUP_IS_A_SUBSET_OF_THE_REGISTERED_ARM_SET_MEMBERSHIP_UNPROVED		LEAF_LABEL_RESOLVES_UNIQUELY	Patients with relapsed CLL	LEAF-OUT/LEAF-QD-group0.tsv:line 36	RETAINED_UNVERIFIED_WITH_LOCATOR		armGroups cardinality = 1 (protocolSection.armsInterventionsModule.armGroups) + armGroups[0].interventionNames drug token present in group title ('BI 836826')	NEWLINE_TO_SPACE;CUT_AT_400_CHARS;TSV_WRITE_NORMALISES_TAB_AND_NEWLINE;ORIGINAL_RETRIEVABLE_ONLY_VIA_leaf_claim_locator	158	NO	YES	CONFIRMED	LEAF_WITHIN_RECORD_RELATION	Patients with relapsed CLL	NOT_CONTROL_CONFIRMED	NOT_CONTROL_SINGLE_ARM_TRIAL	CHANGED_CLASS:NOT_CONTROL_ASSERTED->UNKNOWN	Patients were administered BI 836826-800 milligram solution for infusion after dilution intravenously as two doses within the first cycle followed by single doses within all following 14-day cycles	NEWLINE_TO_SPACE;CUT_AT_400_CHARS;TSV_WRITE_NORMALISES_TAB_AND_NEWLINE;ORIGINAL_RETRIEVABLE_ONLY_VIA_the cached source record	197
NCT01124734	Clinical Response to High-Dose Interleukin-2 (H-D IL-2) Followed by Low Dose Temozolomide	Course 1 Cycle 1	17	2010_2013	bor	1	2	ALL_ARMS_NON_CONTROL_TYPED	EXPERIMENTAL	PROPOSED	LEAF_CLAIM_NOT_VERIFIABLE_FROM_EXACT_SOURCE_FIELDS	DELIVERED_LEAF:LEAF-QD-group0.tsv	LEAF-OUT/LEAF-QD-group0.tsv:line 27; candidate protocolSection.armsInterventionsModule.armGroups[0].label	1	0	Course 1 Cycle 1 and Cycle 2	EXPERIMENTAL									UNKNOWN_IN_THIS_CACHE	no source-field-matched arm link and no comparator wording in the group record			NOT_ESTABLISHED_REGISTRY_JOIN_FIELDS_ABSENT_FROM_THIS_CACHE	ALL_REGISTERED_ARMS_NON_COMPARATOR_TYPED_CONDITIONAL	ASSUMES_THIS_RESULTS_GROUP_IS_A_SUBSET_OF_THE_REGISTERED_ARM_SET_MEMBERSHIP_UNPROVED		LEAF_LABEL_RESOLVES_UNIQUELY	Course 1 Cycle 1 and Cycle 2	LEAF-OUT/LEAF-QD-group0.tsv:line 27	RETAINED_UNVERIFIED_WITH_LOCATOR		armGroups[0].description enumerates both group titles verbatim as its two labelled sub-cycles ('Course 1 Cycle 1:' / 'Course 1 Cycle 2:'), with matching regimens	NEWLINE_TO_SPACE;CUT_AT_400_CHARS;TSV_WRITE_NORMALISES_TAB_AND_NEWLINE;ORIGINAL_RETRIEVABLE_ONLY_VIA_leaf_claim_locator	161	NO	YES	CONFIRMED	LEAF_WITHIN_RECORD_RELATION	Course 1 Cycle 1 and Cycle 2	NOT_CONTROL_CONFIRMED	UNKNOWN_WEAK_MATCH_ONLY	CHANGED_CLASS:NOT_CONTROL_ASSERTED->UNKNOWN	This study is a single arm study. All participants received the same treatment regimen.  Participants were given High-Dose Interleukin-2 (HD IL-2) 600,000 IU/kg, up to 14 doses at 8 hour intervals.  Interleukin-2: up to a maximum of 14 doses at 600,000 IU/kg	NEWLINE_TO_SPACE;CUT_AT_400_CHARS;TSV_WRITE_NORMALISES_TAB_AND_NEWLINE;ORIGINAL_RETRIEVABLE_ONLY_VIA_the cached source record	258
NCT01124734	Clinical Response to High-Dose Interleukin-2 (H-D IL-2) Followed by Low Dose Temozolomide	Course 1 Cycle 2	16	2010_2013	bor	1	2	ALL_ARMS_NON_CONTROL_TYPED	EXPERIMENTAL	PROPOSED	LEAF_CLAIM_NOT_VERIFIABLE_FROM_EXACT_SOURCE_FIELDS	DELIVERED_LEAF:LEAF-QD-group0.tsv	LEAF-OUT/LEAF-QD-group0.tsv:line 28; candidate protocolSection.armsInterventionsModule.armGroups[0].label	1	0	Course 1 Cycle 1 and Cycle 2	EXPERIMENTAL									UNKNOWN_IN_THIS_CACHE	no source-field-matched arm link and no comparator wording in the group record			NOT_ESTABLISHED_REGISTRY_JOIN_FIELDS_ABSENT_FROM_THIS_CACHE	ALL_REGISTERED_ARMS_NON_COMPARATOR_TYPED_CONDITIONAL	ASSUMES_THIS_RESULTS_GROUP_IS_A_SUBSET_OF_THE_REGISTERED_ARM_SET_MEMBERSHIP_UNPROVED		LEAF_LABEL_RESOLVES_UNIQUELY	Course 1 Cycle 1 and Cycle 2	LEAF-OUT/LEAF-QD-group0.tsv:line 28	RETAINED_UNVERIFIED_WITH_LOCATOR		armGroups[0].description enumerates both group titles verbatim as its two labelled sub-cycles ('Course 1 Cycle 1:' / 'Course 1 Cycle 2:'), with matching regimens	NEWLINE_TO_SPACE;CUT_AT_400_CHARS;TSV_WRITE_NORMALISES_TAB_AND_NEWLINE;ORIGINAL_RETRIEVABLE_ONLY_VIA_leaf_claim_locator	161	NO	YES	CONFIRMED	LEAF_WITHIN_RECORD_RELATION	Course 1 Cycle 1 and Cycle 2	NOT_CONTROL_CONFIRMED	NOT_CONTROL_SINGLE_ARM_TRIAL	CHANGED_CLASS:NOT_CONTROL_ASSERTED->UNKNOWN	Patients will be given High-Dose Interleukin-2 (HD IL-2) 600,000 IU/kg, up to 14 doses at 8 hour intervals. On the day after discharge, patients will be given oral temozolomide at 75 mg/m2 daily for 21 days.  Interleukin-2: up to a maximum of 14 doses at 600,000 IU/kg  Temozolomide: Patients would receive temozolomide at 75 mg/m2 after discharge from receipt of the second cycle of high dose IL-2. 	NEWLINE_TO_SPACE;CUT_AT_400_CHARS;TSV_WRITE_NORMALISES_TAB_AND_NEWLINE;ORIGINAL_RETRIEVABLE_ONLY_VIA_the cached source record	522
NCT02472964	Primary Endpoint : Compare Best Overall Response Rate (ORR) (According to Response Evaluation Criteria in Solid Tumor [RECIST] 1.1 Criteria) at Week 24 of MYL-1401O Plus Taxane Versus Herceptin® Plus Taxane in the ITT1 Population	Herceptin© + Taxane	215	2010_2013	bor	2	2	MIXED_ARM_TYPES	ACTIVE_COMPARATOR | EXPERIMENTAL	SOURCE_FIELD_MATCH	TWO_AGREEING_FIELD_MATCHES:LABEL_BYTE_EXACT+DESC_BYTE_EXACT	SOURCE_RECORD	protocolSection.armsInterventionsModule.armGroups[0].label and protocolSection.armsInterventionsModule.armGroups[0].description	1	0	Herceptin© + Taxane	ACTIVE_COMPARATOR	0	Herceptin© + Taxane	ACTIVE_COMPARATOR						COMPARATOR_TYPE_INFERRED_VIA_SOURCE_FIELD_MATCH	arm 0 bound by TWO_AGREEING_FIELD_MATCHES:LABEL_BYTE_EXACT+DESC_BYTE_EXACT; registered type ACTIVE_COMPARATOR carried verbatim. The comparator TYPE is INFERRED THROUGH a computed correspondence between two source text fields; the registry does not state that this results group IS that arm, so this is not an independently validated clinical comparator	ASSUMES_TWO_AGREEING_SOURCE_FIELD_MATCHES_ARE_ARM_IDENTITY_UNPROVED		NOT_ESTABLISHED_REGISTRY_JOIN_FIELDS_ABSENT_FROM_THIS_CACHE	BOUND_ARM_REGISTERED_TYPE_IS_ACTIVE_COMPARATOR	ASSUMES_TWO_AGREEING_SOURCE_FIELD_MATCHES_ARE_ARM_IDENTITY_UNPROVED		NO_LEAF									NO	CONFIRMED	LABEL_BYTE_EXACT	Herceptin© + Taxane	CONTROL_ACTIVE_COMPARATOR_CONFIRMED	CONTROL_ACTIVE_COMPARATOR	UNCHANGED_CLASS:COMPARATOR_TYPE_INFERRED	Part 1: Herceptin© (trastuzumab) intravenously+ paclitaxel 80 mg/m2 weekly intravenously or docetaxel 75 mg/m2 intravenously once every three weeks (investigators choice) for 8 cycles then evaluate for primary endpoint.  Part 2: If SD or PR, CR at cycle 9 (week 24) proceed to Herceptin© (trastuzumab) alone once every 3 weeks until DP or subject withdrawal .	NEWLINE_TO_SPACE;CUT_AT_400_CHARS;TSV_WRITE_NORMALISES_TAB_AND_NEWLINE;ORIGINAL_RETRIEVABLE_ONLY_VIA_the cached source record	359
NCT02472964	Primary Endpoint : Compare Best Overall Response Rate (ORR) (According to Response Evaluation Criteria in Solid Tumor [RECIST] 1.1 Criteria) at Week 24 of MYL-1401O Plus Taxane Versus Herceptin® Plus Taxane in the ITT1 Population	MYL-1401O Trastuzumab + Taxane	217	2010_2013	bor	2	2	MIXED_ARM_TYPES	ACTIVE_COMPARATOR | EXPERIMENTAL	PROPOSED	LEAF_CLAIM_NOT_VERIFIABLE_FROM_EXACT_SOURCE_FIELDS	DELIVERED_LEAF:LEAF-QD-group1.tsv	LEAF-OUT/LEAF-QD-group1.tsv:line 37; candidate protocolSection.armsInterventionsModule.armGroups[1].label	1	1	MYL- 1401O + Taxane	EXPERIMENTAL									UNKNOWN_IN_THIS_CACHE	no source-field-matched arm link and no comparator wording in the group record			NOT_ESTABLISHED_REGISTRY_JOIN_FIELDS_ABSENT_FROM_THIS_CACHE	ARM_SET_TYPE_NOT_UNIFORM_NO_TYPE_STATEMENT_POSSIBLE			LEAF_LABEL_RESOLVES_UNIQUELY	MYL- 1401O + Taxane	LEAF-OUT/LEAF-QD-group1.tsv:line 37	RETAINED_UNVERIFIED_WITH_LOCATOR		armGroups[1].description reproduced near-verbatim in the group description; plus elimination (armGroups[0] already matched EXACT to the other group of the same outcome measure)	NEWLINE_TO_SPACE;CUT_AT_400_CHARS;TSV_WRITE_NORMALISES_TAB_AND_NEWLINE;ORIGINAL_RETRIEVABLE_ONLY_VIA_leaf_claim_locator	176	NO	NO	CONFIRMED	LEAF_WITHIN_RECORD_RELATION	MYL- 1401O + Taxane	NOT_CONTROL_CONFIRMED	UNKNOWN	CHANGED_CLASS:NOT_CONTROL_ASSERTED->UNKNOWN	Part 1:Myl 1401OTrastuzumab Intravenously + paclitaxel 80 mg/m2 weekly intravenously or docetaxel 75 mg/m2 intravenously once every three weeks (investigators choice) for 8 cycles then evaluate for primary endpoint.  Part 2: If SD or PR, CR at cycle 9 (week 24) proceed to Myl 1401O( Mylan Trastuzumab) alone once every 3 weeks until DP or subject withdrawal.	NEWLINE_TO_SPACE;CUT_AT_400_CHARS;TSV_WRITE_NORMALISES_TAB_AND_NEWLINE;ORIGINAL_RETRIEVABLE_ONLY_VIA_the cached source record	359
NCT01562028	Objective Response	T790M Positive	36	2010_2013	bor	1	2	ALL_ARMS_NON_CONTROL_TYPED	EXPERIMENTAL	PROPOSED	LEAF_CLAIM_NOT_VERIFIABLE_FROM_EXACT_SOURCE_FIELDS	DELIVERED_LEAF:LEAF-QD-group0.tsv	LEAF-OUT/LEAF-QD-group0.tsv:line 68; candidate protocolSection.armsInterventionsModule.armGroups[0].label	1	0	Erlotinib plus bevacizumab	EXPERIMENTAL									UNKNOWN_IN_THIS_CACHE	no source-field-matched arm link and no comparator wording in the group record			NOT_ESTABLISHED_REGISTRY_JOIN_FIELDS_ABSENT_FROM_THIS_CACHE	ALL_REGISTERED_ARMS_NON_COMPARATOR_TYPED_CONDITIONAL	ASSUMES_THIS_RESULTS_GROUP_IS_A_SUBSET_OF_THE_REGISTERED_ARM_SET_MEMBERSHIP_UNPROVED		LEAF_LABEL_RESOLVES_UNIQUELY	Erlotinib plus bevacizumab	LEAF-OUT/LEAF-QD-group0.tsv:line 68	RETAINED_UNVERIFIED_WITH_LOCATOR		armGroups[0].description regimen ('Bevacizumab: 15 mg/kg i.v. on day 1 of each 3-week cycle; Erlotinib: 150 mg p.o., daily') is reproduced in the group description; armGroups cardinality = 1	NEWLINE_TO_SPACE;CUT_AT_400_CHARS;TSV_WRITE_NORMALISES_TAB_AND_NEWLINE;ORIGINAL_RETRIEVABLE_ONLY_VIA_leaf_claim_locator	190	NO	YES	CONFIRMED	LEAF_WITHIN_RECORD_RELATION	Erlotinib plus bevacizumab	NOT_CONTROL_CONFIRMED	NOT_CONTROL_SINGLE_ARM_TRIAL	CHANGED_CLASS:NOT_CONTROL_ASSERTED->UNKNOWN	Treatment-naive patients with advanced non-small-cell lung cancer positive for an activating EGFR mutation (exon 19 deletion or L858R mutation), with T790M, treated with erlotinib (150 mg p.o., daily) and bevacizumab (15 mg/kg i.v. on day 1 of each 21 day cycle).	NEWLINE_TO_SPACE;CUT_AT_400_CHARS;TSV_WRITE_NORMALISES_TAB_AND_NEWLINE;ORIGINAL_RETRIEVABLE_ONLY_VIA_the cached source record	263
NCT01562028	Objective Response	T790M Negative	69	2010_2013	bor	1	2	ALL_ARMS_NON_CONTROL_TYPED	EXPERIMENTAL	PROPOSED	LEAF_CLAIM_NOT_VERIFIABLE_FROM_EXACT_SOURCE_FIELDS	DELIVERED_LEAF:LEAF-QD-group0.tsv	LEAF-OUT/LEAF-QD-group0.tsv:line 67; candidate protocolSection.armsInterventionsModule.armGroups[0].label	1	0	Erlotinib plus bevacizumab	EXPERIMENTAL									UNKNOWN_IN_THIS_CACHE	no source-field-matched arm link and no comparator wording in the group record			NOT_ESTABLISHED_REGISTRY_JOIN_FIELDS_ABSENT_FROM_THIS_CACHE	ALL_REGISTERED_ARMS_NON_COMPARATOR_TYPED_CONDITIONAL	ASSUMES_THIS_RESULTS_GROUP_IS_A_SUBSET_OF_THE_REGISTERED_ARM_SET_MEMBERSHIP_UNPROVED		LEAF_LABEL_RESOLVES_UNIQUELY	Erlotinib plus bevacizumab	LEAF-OUT/LEAF-QD-group0.tsv:line 67	RETAINED_UNVERIFIED_WITH_LOCATOR		armGroups[0].description regimen ('Bevacizumab: 15 mg/kg i.v. on day 1 of each 3-week cycle; Erlotinib: 150 mg p.o., daily') is reproduced in the group description; armGroups cardinality = 1	NEWLINE_TO_SPACE;CUT_AT_400_CHARS;TSV_WRITE_NORMALISES_TAB_AND_NEWLINE;ORIGINAL_RETRIEVABLE_ONLY_VIA_leaf_claim_locator	190	NO	YES	CONFIRMED	LEAF_WITHIN_RECORD_RELATION	Erlotinib plus bevacizumab	NOT_CONTROL_CONFIRMED	NOT_CONTROL_SINGLE_ARM_TRIAL	CHANGED_CLASS:NOT_CONTROL_ASSERTED->UNKNOWN	Treatment-naive patients with advanced non-small-cell lung cancer positive for an activating EGFR mutation (exon 19 deletion or L858R mutation), without T790M, treated with erlotinib (150 mg p.o., daily) and bevacizumab (15 mg/kg i.v. on day 1 of each 21 day cycle).	NEWLINE_TO_SPACE;CUT_AT_400_CHARS;TSV_WRITE_NORMALISES_TAB_AND_NEWLINE;ORIGINAL_RETRIEVABLE_ONLY_VIA_the cached source record	266
NCT01874054	Overall Best Response Rate	Brentuximab Vedotin + Bendamustine	53	2010_2013	bor	1	1	ALL_ARMS_NON_CONTROL_TYPED	EXPERIMENTAL	LABEL_MATCH	LABEL_FIELD_MATCH_ONLY:LABEL_BYTE_EXACT	SOURCE_RECORD	protocolSection.armsInterventionsModule.armGroups[0].label	1	0	Brentuximab Vedotin + Bendamustine	EXPERIMENTAL	0	Brentuximab Vedotin + Bendamustine	EXPERIMENTAL						NOT_ESTABLISHED_IN_THIS_CACHE	bound arm 0 registered type EXPERIMENTAL (verbatim). A registered type of EXPERIMENTAL/OTHER is not evidence that this group had no comparator role; no comparator evidence exists in this cache either way			NOT_ESTABLISHED_REGISTRY_JOIN_FIELDS_ABSENT_FROM_THIS_CACHE	BOUND_ARM_REGISTERED_TYPE_IS_EXPERIMENTAL	ASSUMES_LABEL_FIELD_CORRESPONDENCE_IS_ARM_IDENTITY_UNPROVED		NO_LEAF									NO	CONFIRMED	LABEL_BYTE_EXACT	Brentuximab Vedotin + Bendamustine	NOT_CONTROL_CONFIRMED	NOT_CONTROL	CHANGED_CLASS:NOT_CONTROL_ASSERTED->NOT_ESTABLISHED	brentuximab vedotin: 1.8 mg/kg on Day 1 of 3-week cycles by intravenous (IV) infusion  bendamustine: 90 mg/m\^2 on Days 1 and 2 of 3-week cycles by intravenous (IV) infusion	NEWLINE_TO_SPACE;CUT_AT_400_CHARS;TSV_WRITE_NORMALISES_TAB_AND_NEWLINE;ORIGINAL_RETRIEVABLE_ONLY_VIA_the cached source record	173
NCT01807182	Number of Participants in Each Clinical Response Category	Treatment (TIL, Combination Chemotherapy, Aldesleukin)	10	2010_2013	bor	1	1	ALL_ARMS_NON_CONTROL_TYPED	EXPERIMENTAL	LABEL_MATCH	LABEL_FIELD_MATCH_ONLY:LABEL_CASE_WS_FOLD	SOURCE_RECORD	protocolSection.armsInterventionsModule.armGroups[0].label	1	0	Treatment (TIL, combination chemotherapy, aldesleukin)	EXPERIMENTAL	0	Treatment (TIL, combination chemotherapy, aldesleukin)	EXPERIMENTAL						NOT_ESTABLISHED_IN_THIS_CACHE	bound arm 0 registered type EXPERIMENTAL (verbatim). A registered type of EXPERIMENTAL/OTHER is not evidence that this group had no comparator role; no comparator evidence exists in this cache either way			NOT_ESTABLISHED_REGISTRY_JOIN_FIELDS_ABSENT_FROM_THIS_CACHE	BOUND_ARM_REGISTERED_TYPE_IS_EXPERIMENTAL	ASSUMES_LABEL_FIELD_CORRESPONDENCE_IS_ARM_IDENTITY_UNPROVED		NO_LEAF									NO	CONFIRMED	LABEL_CASE_AND_WHITESPACE_ONLY	Treatment (TIL, combination chemotherapy, aldesleukin)	NOT_CONTROL_CONFIRMED	NOT_CONTROL	CHANGED_CLASS:NOT_CONTROL_ASSERTED->NOT_ESTABLISHED	Patients receive cyclophosphamide IV on days -7 to -6 and fludarabine phosphate IV on days -5 to -1. Patients undergo TIL infusion over 30-60 minutes on day 0 and receive aldesleukin IV every 8 hours on days 1-5 for up to a maximum of 14 doses.  Aldesleukin: Given IV  Cyclophosphamide: Given IV  Fludarabine Phosphate: Given IV  Laboratory Biomarker Analysis: Correlative studies  Therapeutic Tumor 	NEWLINE_TO_SPACE;CUT_AT_400_CHARS;TSV_WRITE_NORMALISES_TAB_AND_NEWLINE;ORIGINAL_RETRIEVABLE_ONLY_VIA_the cached source record	446
NCT01790503	Summary of Best Overall Response by Subgroups in the Modified Intent-To-Treat Population on the Recommended Phase 2 Dose	Combined 800 mg, 5 Days/Week	26	2010_2013	bor	4	1	ALL_ARMS_NON_CONTROL_TYPED	EXPERIMENTAL | EXPERIMENTAL | EXPERIMENTAL | EXPERIMENTAL	UNRESOLVED	LEAF_CLAIM_LEAF_CLAIMS_MULTIPLE_ARMS	DELIVERED_LEAF:LEAF-QD-group0.tsv	LEAF-OUT/LEAF-QD-group0.tsv:line 83	2	1|3	Phase 1b dose escalation - 800mg/day PLX3397 | Phase 2 - Recommended phase 2 dose of PLX3397	EXPERIMENTAL | EXPERIMENTAL									UNKNOWN_IN_THIS_CACHE	no source-field-matched arm link and no comparator wording in the group record			NOT_ESTABLISHED_REGISTRY_JOIN_FIELDS_ABSENT_FROM_THIS_CACHE	ALL_REGISTERED_ARMS_NON_COMPARATOR_TYPED_CONDITIONAL	ASSUMES_THIS_RESULTS_GROUP_IS_A_SUBSET_OF_THE_REGISTERED_ARM_SET_MEMBERSHIP_UNPROVED		LEAF_CLAIMS_MULTIPLE_ARMS	Phase 1b dose escalation - 800mg/day PLX3397; Phase 2 - Recommended phase 2 dose of PLX3397	LEAF-OUT/LEAF-QD-group0.tsv:line 83	NOT_VERIFIABLE_IN_THIS_CACHE		group description 'All participants in Phase 1b or 2 who received 800 mg/day PLX3397' names exactly the two arms whose armGroups[].description carries 800mg/day: armGroups[1] (Phase 1b, 800mg/day) and armGroups[3] (Phase 2 RP2D = 800mg/day)	NEWLINE_TO_SPACE;CUT_AT_400_CHARS;TSV_WRITE_NORMALISES_TAB_AND_NEWLINE;ORIGINAL_RETRIEVABLE_ONLY_VIA_leaf_claim_locator	240	NO	NO	CONFIRMED_TYPE_ONLY	LEAF_ARM_IDENTITY_NOT_BOUND_ARM_SET_TYPE_INVARIANT		NOT_CONTROL_BY_ARM_SET_TYPE_INVARIANT	UNKNOWN	CHANGED_CLASS:NOT_CONTROL_ASSERTED->UNKNOWN	All participants in Phase 1b or 2 who received 800 mg/day PLX3397 (5 days/week) during combination therapy.	NEWLINE_TO_SPACE;CUT_AT_400_CHARS;TSV_WRITE_NORMALISES_TAB_AND_NEWLINE;ORIGINAL_RETRIEVABLE_ONLY_VIA_the cached source record	107
NCT01740297	Phase 2: Best Overall Response	Phase 2: Ipilimumab	75	2010_2013	bor	3	2	MIXED_ARM_TYPES	EXPERIMENTAL | ACTIVE_COMPARATOR | EXPERIMENTAL	SOURCE_FIELD_MATCH	TWO_AGREEING_FIELD_MATCHES:LABEL_BYTE_EXACT+DESC_BYTE_EXACT	SOURCE_RECORD	protocolSection.armsInterventionsModule.armGroups[1].label and protocolSection.armsInterventionsModule.armGroups[1].description	1	1	Phase 2: Ipilimumab	ACTIVE_COMPARATOR	1	Phase 2: Ipilimumab	ACTIVE_COMPARATOR						COMPARATOR_TYPE_INFERRED_VIA_SOURCE_FIELD_MATCH	arm 1 bound by TWO_AGREEING_FIELD_MATCHES:LABEL_BYTE_EXACT+DESC_BYTE_EXACT; registered type ACTIVE_COMPARATOR carried verbatim. The comparator TYPE is INFERRED THROUGH a computed correspondence between two source text fields; the registry does not state that this results group IS that arm, so this is not an independently validated clinical comparator	ASSUMES_TWO_AGREEING_SOURCE_FIELD_MATCHES_ARE_ARM_IDENTITY_UNPROVED		NOT_ESTABLISHED_REGISTRY_JOIN_FIELDS_ABSENT_FROM_THIS_CACHE	BOUND_ARM_REGISTERED_TYPE_IS_ACTIVE_COMPARATOR	ASSUMES_TWO_AGREEING_SOURCE_FIELD_MATCHES_ARE_ARM_IDENTITY_UNPROVED		NO_LEAF									NO	CONFIRMED	LABEL_BYTE_EXACT	Phase 2: Ipilimumab	CONTROL_ACTIVE_COMPARATOR_CONFIRMED	CONTROL_ACTIVE_COMPARATOR	UNCHANGED_CLASS:COMPARATOR_TYPE_INFERRED	Participants received ipilimumab 3 mg/kg intravenously every 3 weeks for a total of 4 infusions starting at week 1.	NEWLINE_TO_SPACE;CUT_AT_400_CHARS;TSV_WRITE_NORMALISES_TAB_AND_NEWLINE;ORIGINAL_RETRIEVABLE_ONLY_VIA_the cached source record	115
NCT01740297	Phase 2: Best Overall Response	Phase 2: Talimogene Laherparepvec + Ipilimumab	88	2010_2013	bor	3	2	MIXED_ARM_TYPES	EXPERIMENTAL | ACTIVE_COMPARATOR | EXPERIMENTAL	LABEL_MATCH	LABEL_FIELD_MATCH_ONLY:LABEL_BYTE_EXACT	SOURCE_RECORD	protocolSection.armsInterventionsModule.armGroups[2].label	1	2	Phase 2: Talimogene Laherparepvec + Ipilimumab	EXPERIMENTAL	2	Phase 2: Talimogene Laherparepvec + Ipilimumab	EXPERIMENTAL						NOT_ESTABLISHED_IN_THIS_CACHE	bound arm 2 registered type EXPERIMENTAL (verbatim). A registered type of EXPERIMENTAL/OTHER is not evidence that this group had no comparator role; no comparator evidence exists in this cache either way			NOT_ESTABLISHED_REGISTRY_JOIN_FIELDS_ABSENT_FROM_THIS_CACHE	BOUND_ARM_REGISTERED_TYPE_IS_EXPERIMENTAL	ASSUMES_LABEL_FIELD_CORRESPONDENCE_IS_ARM_IDENTITY_UNPROVED		NO_LEAF									NO	CONFIRMED	LABEL_BYTE_EXACT	Phase 2: Talimogene Laherparepvec + Ipilimumab	NOT_CONTROL_CONFIRMED	NOT_CONTROL	CHANGED_CLASS:NOT_CONTROL_ASSERTED->NOT_ESTABLISHED	Participants received talimogene laherparepvec at an initial dose of 10⁶ PFU/mL injected into 1 or more skin, nodal, or subcutaneous tumors with a maximum total volume of 4 mL. Subsequent doses of talimogene laherparepvec at 10⁸ PFU/mL (up to 4 mL total) began 3 weeks after the first dose and were administered every 2 weeks until CR, all injectable tumors had disappeared, confirmed disease progres	NEWLINE_TO_SPACE;CUT_AT_400_CHARS;TSV_WRITE_NORMALISES_TAB_AND_NEWLINE;ORIGINAL_RETRIEVABLE_ONLY_VIA_the cached source record	666
NCT01746225	Best Overall Response	A: Nab-Paclitaxel 150 mg/m2 Days 1,15	81	2010_2013	bor	3	3	ALL_ARMS_NON_CONTROL_TYPED	EXPERIMENTAL | EXPERIMENTAL | EXPERIMENTAL	LABEL_MATCH	LABEL_FIELD_MATCH_ONLY:LABEL_CASE_WS_FOLD	SOURCE_RECORD	protocolSection.armsInterventionsModule.armGroups[0].label	1	0	A: nab-Paclitaxel 150 mg/m2 days 1,15	EXPERIMENTAL	0	A: nab-Paclitaxel 150 mg/m2 days 1,15	EXPERIMENTAL						NOT_ESTABLISHED_IN_THIS_CACHE	bound arm 0 registered type EXPERIMENTAL (verbatim). A registered type of EXPERIMENTAL/OTHER is not evidence that this group had no comparator role; no comparator evidence exists in this cache either way			NOT_ESTABLISHED_REGISTRY_JOIN_FIELDS_ABSENT_FROM_THIS_CACHE	BOUND_ARM_REGISTERED_TYPE_IS_EXPERIMENTAL	ASSUMES_LABEL_FIELD_CORRESPONDENCE_IS_ARM_IDENTITY_UNPROVED		NO_LEAF									NO	CONFIRMED	LABEL_CASE_AND_WHITESPACE_ONLY	A: nab-Paclitaxel 150 mg/m2 days 1,15	NOT_CONTROL_CONFIRMED	NOT_CONTROL	CHANGED_CLASS:NOT_CONTROL_ASSERTED->NOT_ESTABLISHED	Arm A: Induction\* nab-Paclitaxel 125 mg/m2 on days 1,8,15 every 28 days for 3 cycles followed by maintenance nab-Paclitaxel 150 mg/m2 administered on days 1, 15 of each 28-day cycle (total 300mg/m2 per cycle) until progression or unacceptable toxicity.  nab-Paclitaxel: Induction phase: 3 cycles of nab-Paclitaxel days 1, 8, 15. Maintenance phase with three maintenance schedules of nab-Paclitaxel (	NEWLINE_TO_SPACE;CUT_AT_400_CHARS;TSV_WRITE_NORMALISES_TAB_AND_NEWLINE;ORIGINAL_RETRIEVABLE_ONLY_VIA_the cached source record	585
NCT01746225	Best Overall Response	B: Nab-Paclitaxel 100 mg/m2 Days 1,8,15	85	2010_2013	bor	3	3	ALL_ARMS_NON_CONTROL_TYPED	EXPERIMENTAL | EXPERIMENTAL | EXPERIMENTAL	LABEL_MATCH	LABEL_FIELD_MATCH_ONLY:LABEL_CASE_WS_FOLD	SOURCE_RECORD	protocolSection.armsInterventionsModule.armGroups[1].label	1	1	B: nab-Paclitaxel 100 mg/m2 days 1,8,15	EXPERIMENTAL	1	B: nab-Paclitaxel 100 mg/m2 days 1,8,15	EXPERIMENTAL						NOT_ESTABLISHED_IN_THIS_CACHE	bound arm 1 registered type EXPERIMENTAL (verbatim). A registered type of EXPERIMENTAL/OTHER is not evidence that this group had no comparator role; no comparator evidence exists in this cache either way			NOT_ESTABLISHED_REGISTRY_JOIN_FIELDS_ABSENT_FROM_THIS_CACHE	BOUND_ARM_REGISTERED_TYPE_IS_EXPERIMENTAL	ASSUMES_LABEL_FIELD_CORRESPONDENCE_IS_ARM_IDENTITY_UNPROVED		NO_LEAF									NO	CONFIRMED	LABEL_CASE_AND_WHITESPACE_ONLY	B: nab-Paclitaxel 100 mg/m2 days 1,8,15	NOT_CONTROL_CONFIRMED	NOT_CONTROL	CHANGED_CLASS:NOT_CONTROL_ASSERTED->NOT_ESTABLISHED	Arm B: Induction\* nab-Paclitaxel 125 mg/m2 on days 1,8,15 every 28 days for 3 cycles followed by maintenance nab-Paclitaxel 100 mg/m2 administered on days 1, 8, 15 of each 28-day cycle (total 300mg/m2 per cycle) until progression or unacceptable toxicity.  nab-Paclitaxel: Induction phase: 3 cycles of nab-Paclitaxel days 1, 8, 15. Maintenance phase with three maintenance schedules of nab-Paclitaxe	NEWLINE_TO_SPACE;CUT_AT_400_CHARS;TSV_WRITE_NORMALISES_TAB_AND_NEWLINE;ORIGINAL_RETRIEVABLE_ONLY_VIA_the cached source record	588
NCT01746225	Best Overall Response	C: Nab-Paclitaxel 75 mg/m2 Days 1,8,15,22	81	2010_2013	bor	3	3	ALL_ARMS_NON_CONTROL_TYPED	EXPERIMENTAL | EXPERIMENTAL | EXPERIMENTAL	LABEL_MATCH	LABEL_FIELD_MATCH_ONLY:LABEL_CASE_WS_FOLD	SOURCE_RECORD	protocolSection.armsInterventionsModule.armGroups[2].label	1	2	C: nab-Paclitaxel 75 mg/m2 days 1,8,15,22	EXPERIMENTAL	2	C: nab-Paclitaxel 75 mg/m2 days 1,8,15,22	EXPERIMENTAL						NOT_ESTABLISHED_IN_THIS_CACHE	bound arm 2 registered type EXPERIMENTAL (verbatim). A registered type of EXPERIMENTAL/OTHER is not evidence that this group had no comparator role; no comparator evidence exists in this cache either way			NOT_ESTABLISHED_REGISTRY_JOIN_FIELDS_ABSENT_FROM_THIS_CACHE	BOUND_ARM_REGISTERED_TYPE_IS_EXPERIMENTAL	ASSUMES_LABEL_FIELD_CORRESPONDENCE_IS_ARM_IDENTITY_UNPROVED		NO_LEAF									NO	CONFIRMED	LABEL_CASE_AND_WHITESPACE_ONLY	C: nab-Paclitaxel 75 mg/m2 days 1,8,15,22	NOT_CONTROL_CONFIRMED	NOT_CONTROL	CHANGED_CLASS:NOT_CONTROL_ASSERTED->NOT_ESTABLISHED	Arm C: Induction\* nab-Paclitaxel 125 mg/m2 on days 1,8,15 every 28 days for 3 cycles followed by maintenance nab-Paclitaxel 75 mg/m2 administered on days 1, 8, 15, 22 of each 28-day cycle (total 300mg/m2 per cycle) until progression or unacceptable toxicity.  nab-Paclitaxel: Induction phase: 3 cycles of nab-Paclitaxel days 1, 8, 15. Maintenance phase with three maintenance schedules of nab-Paclit	NEWLINE_TO_SPACE;CUT_AT_400_CHARS;TSV_WRITE_NORMALISES_TAB_AND_NEWLINE;ORIGINAL_RETRIEVABLE_ONLY_VIA_the cached source record	591
NCT01356628	Response Rate (RR)	PD-0332991	19	2010_2013	bor	1	1	ALL_ARMS_NON_CONTROL_TYPED	EXPERIMENTAL	LABEL_MATCH	LABEL_FIELD_MATCH_ONLY:LABEL_BYTE_EXACT	SOURCE_RECORD	protocolSection.armsInterventionsModule.armGroups[0].label	1	0	PD-0332991	EXPERIMENTAL	0	PD-0332991	EXPERIMENTAL						NOT_ESTABLISHED_IN_THIS_CACHE	bound arm 0 registered type EXPERIMENTAL (verbatim). A registered type of EXPERIMENTAL/OTHER is not evidence that this group had no comparator role; no comparator evidence exists in this cache either way			NOT_ESTABLISHED_REGISTRY_JOIN_FIELDS_ABSENT_FROM_THIS_CACHE	BOUND_ARM_REGISTERED_TYPE_IS_EXPERIMENTAL	ASSUMES_LABEL_FIELD_CORRESPONDENCE_IS_ARM_IDENTITY_UNPROVED		NO_LEAF									NO	CONFIRMED	LABEL_BYTE_EXACT	PD-0332991	NOT_CONTROL_CONFIRMED	NOT_CONTROL	CHANGED_CLASS:NOT_CONTROL_ASSERTED->NOT_ESTABLISHED	PD-0332991 in the Treatment in Patients with Advanced Hepatocellular Carcinoma  PD-0332991: PD-0332991, 125mg, 3 cycles	NEWLINE_TO_SPACE;CUT_AT_400_CHARS;TSV_WRITE_NORMALISES_TAB_AND_NEWLINE;ORIGINAL_RETRIEVABLE_ONLY_VIA_the cached source record	119
NCT01876446	Best Response	A: Chemo Resistant	19	2010_2013	bor	1	2	ALL_ARMS_NON_CONTROL_TYPED	EXPERIMENTAL	PROPOSED	LEAF_CLAIM_NOT_VERIFIABLE_FROM_EXACT_SOURCE_FIELDS	DELIVERED_LEAF:LEAF-QD-group1.tsv	LEAF-OUT/LEAF-QD-group1.tsv:line 10; candidate protocolSection.armsInterventionsModule.armGroups[0].label	1	0	Treatment (pegylated irinotecan NKTR 102)	EXPERIMENTAL									UNKNOWN_IN_THIS_CACHE	no source-field-matched arm link and no comparator wording in the group record			NOT_ESTABLISHED_REGISTRY_JOIN_FIELDS_ABSENT_FROM_THIS_CACHE	ALL_REGISTERED_ARMS_NON_COMPARATOR_TYPED_CONDITIONAL	ASSUMES_THIS_RESULTS_GROUP_IS_A_SUBSET_OF_THE_REGISTERED_ARM_SET_MEMBERSHIP_UNPROVED		LEAF_LABEL_RESOLVES_UNIQUELY	Treatment (pegylated irinotecan NKTR 102)	LEAF-OUT/LEAF-QD-group1.tsv:line 10	RETAINED_UNVERIFIED_WITH_LOCATOR		n_arms_registered=1 (cardinality) + armGroups[0].label and .description reproduced verbatim inside group description	NEWLINE_TO_SPACE;CUT_AT_400_CHARS;TSV_WRITE_NORMALISES_TAB_AND_NEWLINE;ORIGINAL_RETRIEVABLE_ONLY_VIA_leaf_claim_locator	116	NO	YES	CONFIRMED	LEAF_WITHIN_RECORD_RELATION	Treatment (pegylated irinotecan NKTR 102)	NOT_CONTROL_CONFIRMED	NOT_CONTROL_SINGLE_ARM_TRIAL	CHANGED_CLASS:NOT_CONTROL_ASSERTED->UNKNOWN	Group A: chemo resistant - those progressing on first-line therapy \< 3 months after completion of treatment.  Treatment (pegylated irinotecan NKTR 102) Patients receive pegylated irinotecan NKTR 102 IV over 90 minutes on day 1. Courses repeat every 21 days in the absence of disease progression or unacceptable toxicity  Laboratory Biomarker Analysis: Correlative studies Pegylated Irinotecan: Given	NEWLINE_TO_SPACE;CUT_AT_400_CHARS;TSV_WRITE_NORMALISES_TAB_AND_NEWLINE;ORIGINAL_RETRIEVABLE_ONLY_VIA_the cached source record	446
NCT01876446	Best Response	B: Chemo Sensitive	16	2010_2013	bor	1	2	ALL_ARMS_NON_CONTROL_TYPED	EXPERIMENTAL	PROPOSED	LEAF_CLAIM_NOT_VERIFIABLE_FROM_EXACT_SOURCE_FIELDS	DELIVERED_LEAF:LEAF-QD-group1.tsv	LEAF-OUT/LEAF-QD-group1.tsv:line 11; candidate protocolSection.armsInterventionsModule.armGroups[0].label	1	0	Treatment (pegylated irinotecan NKTR 102)	EXPERIMENTAL									UNKNOWN_IN_THIS_CACHE	no source-field-matched arm link and no comparator wording in the group record			NOT_ESTABLISHED_REGISTRY_JOIN_FIELDS_ABSENT_FROM_THIS_CACHE	ALL_REGISTERED_ARMS_NON_COMPARATOR_TYPED_CONDITIONAL	ASSUMES_THIS_RESULTS_GROUP_IS_A_SUBSET_OF_THE_REGISTERED_ARM_SET_MEMBERSHIP_UNPROVED		LEAF_LABEL_RESOLVES_UNIQUELY	Treatment (pegylated irinotecan NKTR 102)	LEAF-OUT/LEAF-QD-group1.tsv:line 11	RETAINED_UNVERIFIED_WITH_LOCATOR		n_arms_registered=1 (cardinality) + armGroups[0].label and .description reproduced verbatim inside group description	NEWLINE_TO_SPACE;CUT_AT_400_CHARS;TSV_WRITE_NORMALISES_TAB_AND_NEWLINE;ORIGINAL_RETRIEVABLE_ONLY_VIA_leaf_claim_locator	116	NO	YES	CONFIRMED	LEAF_WITHIN_RECORD_RELATION	Treatment (pegylated irinotecan NKTR 102)	NOT_CONTROL_CONFIRMED	NOT_CONTROL_SINGLE_ARM_TRIAL	CHANGED_CLASS:NOT_CONTROL_ASSERTED->UNKNOWN	Group B: chemo sensitive - those progressing on first-line therapy ≥ 3 months after completion of treatment.  Treatment (pegylated irinotecan NKTR 102) Patients receive pegylated irinotecan NKTR 102 IV over 90 minutes on day 1. Courses repeat every 21 days in the absence of disease progression or unacceptable toxicity  Laboratory Biomarker Analysis: Correlative studies  Pegylated Irinotecan: Given	NEWLINE_TO_SPACE;CUT_AT_400_CHARS;TSV_WRITE_NORMALISES_TAB_AND_NEWLINE;ORIGINAL_RETRIEVABLE_ONLY_VIA_the cached source record	447
NCT01975519	Objective Response Rate in a Cohort of Patients With Angiosarcoma	10 mg/kg TRC105 + Pazopanib With Angiosarcoma	5	2010_2013	bor	1	1	ALL_ARMS_NON_CONTROL_TYPED	EXPERIMENTAL	PROPOSED	LEAF_CLAIM_NOT_VERIFIABLE_FROM_EXACT_SOURCE_FIELDS	DELIVERED_LEAF:LEAF-QD-group1.tsv	LEAF-OUT/LEAF-QD-group1.tsv:line 14; candidate protocolSection.armsInterventionsModule.armGroups[0].label	1	0	TRC105 and Pazopanib	EXPERIMENTAL									UNKNOWN_IN_THIS_CACHE	no source-field-matched arm link and no comparator wording in the group record			NOT_ESTABLISHED_REGISTRY_JOIN_FIELDS_ABSENT_FROM_THIS_CACHE	ALL_REGISTERED_ARMS_NON_COMPARATOR_TYPED_CONDITIONAL	ASSUMES_THIS_RESULTS_GROUP_IS_A_SUBSET_OF_THE_REGISTERED_ARM_SET_MEMBERSHIP_UNPROVED		LEAF_LABEL_RESOLVES_UNIQUELY	TRC105 and Pazopanib	LEAF-OUT/LEAF-QD-group1.tsv:line 14	RETAINED_UNVERIFIED_WITH_LOCATOR		n_arms_registered=1 (cardinality) + armGroups[0].label tokens vs group_title	NEWLINE_TO_SPACE;CUT_AT_400_CHARS;TSV_WRITE_NORMALISES_TAB_AND_NEWLINE;ORIGINAL_RETRIEVABLE_ONLY_VIA_leaf_claim_locator	76	NO	NO	CONFIRMED_TYPE_ONLY	LEAF_SOLE_REGISTERED_ARM_TYPE_ONLY		NOT_CONTROL_BY_ARM_SET_TYPE_INVARIANT	NOT_CONTROL_SINGLE_ARM_TRIAL	CHANGED_CLASS:NOT_CONTROL_ASSERTED->UNKNOWN	10 mg/kg of TRC105 in combination with standard dose pazopanib in patients with advanced soft tissue sarcoma.	NEWLINE_TO_SPACE;CUT_AT_400_CHARS;TSV_WRITE_NORMALISES_TAB_AND_NEWLINE;ORIGINAL_RETRIEVABLE_ONLY_VIA_the cached source record	109
NCT01975519	Objective Response Rate in Patients With Advanced Soft Tissue Sarcoma by RECIST 1.1	8 mg/kg TRC105 + Pazopanib	3	2010_2013	bor	1	2	ALL_ARMS_NON_CONTROL_TYPED	EXPERIMENTAL	PROPOSED	LEAF_CLAIM_NOT_VERIFIABLE_FROM_EXACT_SOURCE_FIELDS	DELIVERED_LEAF:LEAF-QD-group1.tsv	LEAF-OUT/LEAF-QD-group1.tsv:line 13; candidate protocolSection.armsInterventionsModule.armGroups[0].label	1	0	TRC105 and Pazopanib	EXPERIMENTAL									UNKNOWN_IN_THIS_CACHE	no source-field-matched arm link and no comparator wording in the group record			NOT_ESTABLISHED_REGISTRY_JOIN_FIELDS_ABSENT_FROM_THIS_CACHE	ALL_REGISTERED_ARMS_NON_COMPARATOR_TYPED_CONDITIONAL	ASSUMES_THIS_RESULTS_GROUP_IS_A_SUBSET_OF_THE_REGISTERED_ARM_SET_MEMBERSHIP_UNPROVED		LEAF_LABEL_RESOLVES_UNIQUELY	TRC105 and Pazopanib	LEAF-OUT/LEAF-QD-group1.tsv:line 13	RETAINED_UNVERIFIED_WITH_LOCATOR		n_arms_registered=1 (cardinality) + armGroups[0].label tokens vs group_title	NEWLINE_TO_SPACE;CUT_AT_400_CHARS;TSV_WRITE_NORMALISES_TAB_AND_NEWLINE;ORIGINAL_RETRIEVABLE_ONLY_VIA_leaf_claim_locator	76	NO	YES	CONFIRMED_TYPE_ONLY	LEAF_SOLE_REGISTERED_ARM_TYPE_ONLY		NOT_CONTROL_BY_ARM_SET_TYPE_INVARIANT	NOT_CONTROL_SINGLE_ARM_TRIAL	CHANGED_CLASS:NOT_CONTROL_ASSERTED->UNKNOWN	8 mg/kg of TRC105 in combination with standard dose pazopanib in patients with advanced soft tissue sarcoma.	NEWLINE_TO_SPACE;CUT_AT_400_CHARS;TSV_WRITE_NORMALISES_TAB_AND_NEWLINE;ORIGINAL_RETRIEVABLE_ONLY_VIA_the cached source record	108
NCT01975519	Objective Response Rate in Patients With Advanced Soft Tissue Sarcoma by RECIST 1.1	10 mg/kg TRC105 + Pazopanib	74	2010_2013	bor	1	2	ALL_ARMS_NON_CONTROL_TYPED	EXPERIMENTAL	PROPOSED	LEAF_CLAIM_NOT_VERIFIABLE_FROM_EXACT_SOURCE_FIELDS	DELIVERED_LEAF:LEAF-QD-group1.tsv	LEAF-OUT/LEAF-QD-group1.tsv:line 12; candidate protocolSection.armsInterventionsModule.armGroups[0].label	1	0	TRC105 and Pazopanib	EXPERIMENTAL									UNKNOWN_IN_THIS_CACHE	no source-field-matched arm link and no comparator wording in the group record			NOT_ESTABLISHED_REGISTRY_JOIN_FIELDS_ABSENT_FROM_THIS_CACHE	ALL_REGISTERED_ARMS_NON_COMPARATOR_TYPED_CONDITIONAL	ASSUMES_THIS_RESULTS_GROUP_IS_A_SUBSET_OF_THE_REGISTERED_ARM_SET_MEMBERSHIP_UNPROVED		LEAF_LABEL_RESOLVES_UNIQUELY	TRC105 and Pazopanib	LEAF-OUT/LEAF-QD-group1.tsv:line 12	RETAINED_UNVERIFIED_WITH_LOCATOR		n_arms_registered=1 (cardinality) + armGroups[0].label tokens vs group_title	NEWLINE_TO_SPACE;CUT_AT_400_CHARS;TSV_WRITE_NORMALISES_TAB_AND_NEWLINE;ORIGINAL_RETRIEVABLE_ONLY_VIA_leaf_claim_locator	76	NO	YES	CONFIRMED_TYPE_ONLY	LEAF_SOLE_REGISTERED_ARM_TYPE_ONLY		NOT_CONTROL_BY_ARM_SET_TYPE_INVARIANT	NOT_CONTROL_SINGLE_ARM_TRIAL	CHANGED_CLASS:NOT_CONTROL_ASSERTED->UNKNOWN	10 mg/kg of TRC105 in combination with standard dose pazopanib in patients with advanced soft tissue sarcoma.	NEWLINE_TO_SPACE;CUT_AT_400_CHARS;TSV_WRITE_NORMALISES_TAB_AND_NEWLINE;ORIGINAL_RETRIEVABLE_ONLY_VIA_the cached source record	109
NCT01558661	Overall Response Rate	AG-013736 (AXITINIB)	32	2010_2013	bor	1	1	ALL_ARMS_NON_CONTROL_TYPED	EXPERIMENTAL	SOURCE_FIELD_MATCH	TWO_AGREEING_FIELD_MATCHES:LABEL_BYTE_EXACT+DESC_BYTE_EXACT	SOURCE_RECORD	protocolSection.armsInterventionsModule.armGroups[0].label and protocolSection.armsInterventionsModule.armGroups[0].description	1	0	AG-013736 (AXITINIB)	EXPERIMENTAL	0	AG-013736 (AXITINIB)	EXPERIMENTAL						NOT_ESTABLISHED_IN_THIS_CACHE	bound arm 0 registered type EXPERIMENTAL (verbatim). A registered type of EXPERIMENTAL/OTHER is not evidence that this group had no comparator role; no comparator evidence exists in this cache either way			NOT_ESTABLISHED_REGISTRY_JOIN_FIELDS_ABSENT_FROM_THIS_CACHE	BOUND_ARM_REGISTERED_TYPE_IS_EXPERIMENTAL	ASSUMES_TWO_AGREEING_SOURCE_FIELD_MATCHES_ARE_ARM_IDENTITY_UNPROVED		NO_LEAF									NO	CONFIRMED	LABEL_BYTE_EXACT	AG-013736 (AXITINIB)	NOT_CONTROL_CONFIRMED	NOT_CONTROL	CHANGED_CLASS:NOT_CONTROL_ASSERTED->NOT_ESTABLISHED	This is a single-arm phase II study evaluating the clinical efficacy of axitinib in the treatment of patients with progressive, recurrent/metastatic adenoid cystic carcinoma (ACC).	NEWLINE_TO_SPACE;CUT_AT_400_CHARS;TSV_WRITE_NORMALISES_TAB_AND_NEWLINE;ORIGINAL_RETRIEVABLE_ONLY_VIA_the cached source record	180
NCT01256359	Objective Response Rate	Docetaxel and AZD6244	32	2010_2013	bor	2	2	ALL_ARMS_NON_CONTROL_TYPED	EXPERIMENTAL | EXPERIMENTAL	LABEL_MATCH	LABEL_FIELD_MATCH_ONLY:LABEL_BYTE_EXACT	SOURCE_RECORD	protocolSection.armsInterventionsModule.armGroups[0].label	1	0	Docetaxel and AZD6244	EXPERIMENTAL	0	Docetaxel and AZD6244	EXPERIMENTAL						NOT_ESTABLISHED_IN_THIS_CACHE	bound arm 0 registered type EXPERIMENTAL (verbatim). A registered type of EXPERIMENTAL/OTHER is not evidence that this group had no comparator role; no comparator evidence exists in this cache either way			NOT_ESTABLISHED_REGISTRY_JOIN_FIELDS_ABSENT_FROM_THIS_CACHE	BOUND_ARM_REGISTERED_TYPE_IS_EXPERIMENTAL	ASSUMES_LABEL_FIELD_CORRESPONDENCE_IS_ARM_IDENTITY_UNPROVED		NO_LEAF									NO	CONFIRMED	LABEL_BYTE_EXACT	Docetaxel and AZD6244	NOT_CONTROL_CONFIRMED	NOT_CONTROL	CHANGED_CLASS:NOT_CONTROL_ASSERTED->NOT_ESTABLISHED	Docetaxel with AZD6244  Docetaxel and AZD6244: Docetaxel 75mg/m2 IV and AZD6244 75mg bd daily. Docetaxel will be administered every 3 weeks for a maximum 6 cycles, but AZD6244 may be continued beyond this, until disease progression.	NEWLINE_TO_SPACE;CUT_AT_400_CHARS;TSV_WRITE_NORMALISES_TAB_AND_NEWLINE;ORIGINAL_RETRIEVABLE_ONLY_VIA_the cached source record	232
NCT01256359	Objective Response Rate	Docetaxel and Placebo	40	2010_2013	bor	2	2	ALL_ARMS_NON_CONTROL_TYPED	EXPERIMENTAL | EXPERIMENTAL	LABEL_MATCH	LABEL_FIELD_MATCH_ONLY:LABEL_BYTE_EXACT	SOURCE_RECORD	protocolSection.armsInterventionsModule.armGroups[1].label	1	1	Docetaxel and Placebo	EXPERIMENTAL	1	Docetaxel and Placebo	EXPERIMENTAL						CONTESTED	group record states placebo/no-intervention while the bound registered arm 1 'Docetaxel and Placebo' is typed EXPERIMENTAL verbatim; neither field wins and neither is discarded		GROUP_TEXT_PLACEBO_OR_SHAM_WORDING	NOT_ESTABLISHED_REGISTRY_JOIN_FIELDS_ABSENT_FROM_THIS_CACHE	BOUND_ARM_REGISTERED_TYPE_IS_EXPERIMENTAL	ASSUMES_LABEL_FIELD_CORRESPONDENCE_IS_ARM_IDENTITY_UNPROVED	PLACEBO_OR_NOINT_GROUP_TEXT_VS_NON_COMPARATOR_BOUND_TYPE	NO_LEAF									NO	CONFIRMED	LABEL_BYTE_EXACT	Docetaxel and Placebo	CONTESTED	NOT_CONTROL	UNCHANGED_CLASS:CONTESTED	Docetaxel without AZD6244  Docetaxel and placebo: Docetaxel 75mg/m2 IV and placebo given bd. Docetaxel will be administered every 3 weeks for a maximum 6 cycles, but placebo may be continued beyond this, until disease progression.	NEWLINE_TO_SPACE;CUT_AT_400_CHARS;TSV_WRITE_NORMALISES_TAB_AND_NEWLINE;ORIGINAL_RETRIEVABLE_ONLY_VIA_the cached source record	230
NCT01256359	Objective Response Rate in Patients With WT NRAS	Docetaxel and AZD6244	9	2010_2013	bor	2	2	ALL_ARMS_NON_CONTROL_TYPED	EXPERIMENTAL | EXPERIMENTAL	LABEL_MATCH	LABEL_FIELD_MATCH_ONLY:LABEL_BYTE_EXACT	SOURCE_RECORD	protocolSection.armsInterventionsModule.armGroups[0].label	1	0	Docetaxel and AZD6244	EXPERIMENTAL	0	Docetaxel and AZD6244	EXPERIMENTAL						NOT_ESTABLISHED_IN_THIS_CACHE	bound arm 0 registered type EXPERIMENTAL (verbatim). A registered type of EXPERIMENTAL/OTHER is not evidence that this group had no comparator role; no comparator evidence exists in this cache either way			NOT_ESTABLISHED_REGISTRY_JOIN_FIELDS_ABSENT_FROM_THIS_CACHE	BOUND_ARM_REGISTERED_TYPE_IS_EXPERIMENTAL	ASSUMES_LABEL_FIELD_CORRESPONDENCE_IS_ARM_IDENTITY_UNPROVED		NO_LEAF									NO	CONFIRMED	LABEL_BYTE_EXACT	Docetaxel and AZD6244	NOT_CONTROL_CONFIRMED	NOT_CONTROL	CHANGED_CLASS:NOT_CONTROL_ASSERTED->NOT_ESTABLISHED	Docetaxel with AZD6244  Docetaxel and AZD6244: Docetaxel 75mg/m2 IV and AZD6244 75mg bd daily. Docetaxel will be administered every 3 weeks for a maximum 6 cycles, but AZD6244 may be continued beyond this, until disease progression.	NEWLINE_TO_SPACE;CUT_AT_400_CHARS;TSV_WRITE_NORMALISES_TAB_AND_NEWLINE;ORIGINAL_RETRIEVABLE_ONLY_VIA_the cached source record	232
NCT01256359	Objective Response Rate in Patients With WT NRAS	Docetaxel and Placebo	14	2010_2013	bor	2	2	ALL_ARMS_NON_CONTROL_TYPED	EXPERIMENTAL | EXPERIMENTAL	LABEL_MATCH	LABEL_FIELD_MATCH_ONLY:LABEL_BYTE_EXACT	SOURCE_RECORD	protocolSection.armsInterventionsModule.armGroups[1].label	1	1	Docetaxel and Placebo	EXPERIMENTAL	1	Docetaxel and Placebo	EXPERIMENTAL						CONTESTED	group record states placebo/no-intervention while the bound registered arm 1 'Docetaxel and Placebo' is typed EXPERIMENTAL verbatim; neither field wins and neither is discarded		GROUP_TEXT_PLACEBO_OR_SHAM_WORDING	NOT_ESTABLISHED_REGISTRY_JOIN_FIELDS_ABSENT_FROM_THIS_CACHE	BOUND_ARM_REGISTERED_TYPE_IS_EXPERIMENTAL	ASSUMES_LABEL_FIELD_CORRESPONDENCE_IS_ARM_IDENTITY_UNPROVED	PLACEBO_OR_NOINT_GROUP_TEXT_VS_NON_COMPARATOR_BOUND_TYPE	NO_LEAF									NO	CONFIRMED	LABEL_BYTE_EXACT	Docetaxel and Placebo	CONTESTED	NOT_CONTROL	UNCHANGED_CLASS:CONTESTED	Docetaxel without AZD6244  Docetaxel and placebo: Docetaxel 75mg/m2 IV and placebo given bd. Docetaxel will be administered every 3 weeks for a maximum 6 cycles, but placebo may be continued beyond this, until disease progression.	NEWLINE_TO_SPACE;CUT_AT_400_CHARS;TSV_WRITE_NORMALISES_TAB_AND_NEWLINE;ORIGINAL_RETRIEVABLE_ONLY_VIA_the cached source record	230
NCT01256359	Objective Response Rate in Patients With Mutated NRAS	Docetaxel and AZD6244	16	2010_2013	bor	2	2	ALL_ARMS_NON_CONTROL_TYPED	EXPERIMENTAL | EXPERIMENTAL	LABEL_MATCH	LABEL_FIELD_MATCH_ONLY:LABEL_BYTE_EXACT	SOURCE_RECORD	protocolSection.armsInterventionsModule.armGroups[0].label	1	0	Docetaxel and AZD6244	EXPERIMENTAL	0	Docetaxel and AZD6244	EXPERIMENTAL						NOT_ESTABLISHED_IN_THIS_CACHE	bound arm 0 registered type EXPERIMENTAL (verbatim). A registered type of EXPERIMENTAL/OTHER is not evidence that this group had no comparator role; no comparator evidence exists in this cache either way			NOT_ESTABLISHED_REGISTRY_JOIN_FIELDS_ABSENT_FROM_THIS_CACHE	BOUND_ARM_REGISTERED_TYPE_IS_EXPERIMENTAL	ASSUMES_LABEL_FIELD_CORRESPONDENCE_IS_ARM_IDENTITY_UNPROVED		NO_LEAF									NO	CONFIRMED	LABEL_BYTE_EXACT	Docetaxel and AZD6244	NOT_CONTROL_CONFIRMED	NOT_CONTROL	CHANGED_CLASS:NOT_CONTROL_ASSERTED->NOT_ESTABLISHED	Docetaxel with AZD6244  Docetaxel and AZD6244: Docetaxel 75mg/m2 IV and AZD6244 75mg bd daily. Docetaxel will be administered every 3 weeks for a maximum 6 cycles, but AZD6244 may be continued beyond this, until disease progression.	NEWLINE_TO_SPACE;CUT_AT_400_CHARS;TSV_WRITE_NORMALISES_TAB_AND_NEWLINE;ORIGINAL_RETRIEVABLE_ONLY_VIA_the cached source record	232
NCT01256359	Objective Response Rate in Patients With Mutated NRAS	Docetaxel and Placebo	17	2010_2013	bor	2	2	ALL_ARMS_NON_CONTROL_TYPED	EXPERIMENTAL | EXPERIMENTAL	LABEL_MATCH	LABEL_FIELD_MATCH_ONLY:LABEL_BYTE_EXACT	SOURCE_RECORD	protocolSection.armsInterventionsModule.armGroups[1].label	1	1	Docetaxel and Placebo	EXPERIMENTAL	1	Docetaxel and Placebo	EXPERIMENTAL						CONTESTED	group record states placebo/no-intervention while the bound registered arm 1 'Docetaxel and Placebo' is typed EXPERIMENTAL verbatim; neither field wins and neither is discarded		GROUP_TEXT_PLACEBO_OR_SHAM_WORDING	NOT_ESTABLISHED_REGISTRY_JOIN_FIELDS_ABSENT_FROM_THIS_CACHE	BOUND_ARM_REGISTERED_TYPE_IS_EXPERIMENTAL	ASSUMES_LABEL_FIELD_CORRESPONDENCE_IS_ARM_IDENTITY_UNPROVED	PLACEBO_OR_NOINT_GROUP_TEXT_VS_NON_COMPARATOR_BOUND_TYPE	NO_LEAF									NO	CONFIRMED	LABEL_BYTE_EXACT	Docetaxel and Placebo	CONTESTED	NOT_CONTROL	UNCHANGED_CLASS:CONTESTED	Docetaxel without AZD6244  Docetaxel and placebo: Docetaxel 75mg/m2 IV and placebo given bd. Docetaxel will be administered every 3 weeks for a maximum 6 cycles, but placebo may be continued beyond this, until disease progression.	NEWLINE_TO_SPACE;CUT_AT_400_CHARS;TSV_WRITE_NORMALISES_TAB_AND_NEWLINE;ORIGINAL_RETRIEVABLE_ONLY_VIA_the cached source record	230
NCT01676818	Best Overall Response (BOR)	Eribulin Mesylate	30	2010_2013	bor	1	1	ALL_ARMS_NON_CONTROL_TYPED	EXPERIMENTAL	LABEL_MATCH	LABEL_FIELD_MATCH_ONLY:LABEL_CASE_WS_FOLD	SOURCE_RECORD	protocolSection.armsInterventionsModule.armGroups[0].label	1	0	Eribulin mesylate	EXPERIMENTAL	0	Eribulin mesylate	EXPERIMENTAL						NOT_ESTABLISHED_IN_THIS_CACHE	bound arm 0 registered type EXPERIMENTAL (verbatim). A registered type of EXPERIMENTAL/OTHER is not evidence that this group had no comparator role; no comparator evidence exists in this cache either way			NOT_ESTABLISHED_REGISTRY_JOIN_FIELDS_ABSENT_FROM_THIS_CACHE	BOUND_ARM_REGISTERED_TYPE_IS_EXPERIMENTAL	ASSUMES_LABEL_FIELD_CORRESPONDENCE_IS_ARM_IDENTITY_UNPROVED		NO_LEAF									NO	CONFIRMED	LABEL_CASE_AND_WHITESPACE_ONLY	Eribulin mesylate	NOT_CONTROL_CONFIRMED	NOT_CONTROL	CHANGED_CLASS:NOT_CONTROL_ASSERTED->NOT_ESTABLISHED	Eribulin mesylate 1.4 mg/m2 IV bolus over 2-5 minutes on days 1 and 8 every 21 days in the absence of disease progression or unacceptable toxicity.  eribulin mesylate: Given IV	NEWLINE_TO_SPACE;CUT_AT_400_CHARS;TSV_WRITE_NORMALISES_TAB_AND_NEWLINE;ORIGINAL_RETRIEVABLE_ONLY_VIA_the cached source record	176
NCT02762513	Best Overall Response	Axitinib	25	2014_2017	bor	1	1	ALL_ARMS_NON_CONTROL_TYPED	EXPERIMENTAL	SOURCE_FIELD_MATCH	TWO_AGREEING_FIELD_MATCHES:LABEL_BYTE_EXACT+DESC_BYTE_EXACT	SOURCE_RECORD	protocolSection.armsInterventionsModule.armGroups[0].label and protocolSection.armsInterventionsModule.armGroups[0].description	1	0	Axitinib	EXPERIMENTAL	0	Axitinib	EXPERIMENTAL						NOT_ESTABLISHED_IN_THIS_CACHE	bound arm 0 registered type EXPERIMENTAL (verbatim). A registered type of EXPERIMENTAL/OTHER is not evidence that this group had no comparator role; no comparator evidence exists in this cache either way			NOT_ESTABLISHED_REGISTRY_JOIN_FIELDS_ABSENT_FROM_THIS_CACHE	BOUND_ARM_REGISTERED_TYPE_IS_EXPERIMENTAL	ASSUMES_TWO_AGREEING_SOURCE_FIELD_MATCHES_ARE_ARM_IDENTITY_UNPROVED		NO_LEAF									NO	CONFIRMED	LABEL_BYTE_EXACT	Axitinib	NOT_CONTROL_CONFIRMED	NOT_CONTROL	CHANGED_CLASS:NOT_CONTROL_ASSERTED->NOT_ESTABLISHED	Participants will receive 5 mg of Axitinib twice a day continuously, with subsequent dose escalation to 7 mg and then 10 mg twice a day in the absence of grade 2 or worse toxicities	NEWLINE_TO_SPACE;CUT_AT_400_CHARS;TSV_WRITE_NORMALISES_TAB_AND_NEWLINE;ORIGINAL_RETRIEVABLE_ONLY_VIA_the cached source record	181
NCT02402764	Clinical Benefit Rate	Selinexor Treatment	10	2014_2017	bor	1	1	ALL_ARMS_NON_CONTROL_TYPED	EXPERIMENTAL	LABEL_MATCH	LABEL_FIELD_MATCH_ONLY:LABEL_BYTE_EXACT	SOURCE_RECORD	protocolSection.armsInterventionsModule.armGroups[0].label	1	0	Selinexor Treatment	EXPERIMENTAL	0	Selinexor Treatment	EXPERIMENTAL						NOT_ESTABLISHED_IN_THIS_CACHE	bound arm 0 registered type EXPERIMENTAL (verbatim). A registered type of EXPERIMENTAL/OTHER is not evidence that this group had no comparator role; no comparator evidence exists in this cache either way			NOT_ESTABLISHED_REGISTRY_JOIN_FIELDS_ABSENT_FROM_THIS_CACHE	BOUND_ARM_REGISTERED_TYPE_IS_EXPERIMENTAL	ASSUMES_LABEL_FIELD_CORRESPONDENCE_IS_ARM_IDENTITY_UNPROVED		NO_LEAF									NO	CONFIRMED	LABEL_BYTE_EXACT	Selinexor Treatment	NOT_CONTROL_CONFIRMED	NOT_CONTROL	CHANGED_CLASS:NOT_CONTROL_ASSERTED->NOT_ESTABLISHED	Ten patients were treated with oral selinexor 60 mg twice per week (on days 1 and 3) on a schedule of 3 weeks on and 1 week off, each four-week cycle.	NEWLINE_TO_SPACE;CUT_AT_400_CHARS;TSV_WRITE_NORMALISES_TAB_AND_NEWLINE;ORIGINAL_RETRIEVABLE_ONLY_VIA_the cached source record	150
NCT02431260	Objective Response Rate (ORR)	Part 2 / Treatment Group A: 20 MG BID INCB054329	9	2014_2017	bor	1	2	ALL_ARMS_NON_CONTROL_TYPED	EXPERIMENTAL	PROPOSED	LEAF_CLAIM_NOT_VERIFIABLE_FROM_EXACT_SOURCE_FIELDS	DELIVERED_LEAF:LEAF-QD-group1.tsv	LEAF-OUT/LEAF-QD-group1.tsv:line 36; candidate protocolSection.armsInterventionsModule.armGroups[0].label	1	0	INCB054329 Monotherapy	EXPERIMENTAL									UNKNOWN_IN_THIS_CACHE	no source-field-matched arm link and no comparator wording in the group record			NOT_ESTABLISHED_REGISTRY_JOIN_FIELDS_ABSENT_FROM_THIS_CACHE	ALL_REGISTERED_ARMS_NON_COMPARATOR_TYPED_CONDITIONAL	ASSUMES_THIS_RESULTS_GROUP_IS_A_SUBSET_OF_THE_REGISTERED_ARM_SET_MEMBERSHIP_UNPROVED		LEAF_LABEL_RESOLVES_UNIQUELY	INCB054329 Monotherapy	LEAF-OUT/LEAF-QD-group1.tsv:line 36	RETAINED_UNVERIFIED_WITH_LOCATOR		n_arms_registered=1 (cardinality) + armGroups[0].label/interventionNames vs group_title drug token	NEWLINE_TO_SPACE;CUT_AT_400_CHARS;TSV_WRITE_NORMALISES_TAB_AND_NEWLINE;ORIGINAL_RETRIEVABLE_ONLY_VIA_leaf_claim_locator	98	NO	YES	CONFIRMED	LEAF_WITHIN_RECORD_RELATION	INCB054329 Monotherapy	NOT_CONTROL_CONFIRMED	NOT_CONTROL_SINGLE_ARM_TRIAL	CHANGED_CLASS:NOT_CONTROL_ASSERTED->UNKNOWN	Part 2 / treatment group A (TGA): dose titration was to determine the feasibility of intraparticipant dose titration using Protocol-defined criteria. Treatment Group A included any advanced solid tumor or lymphoma.	NEWLINE_TO_SPACE;CUT_AT_400_CHARS;TSV_WRITE_NORMALISES_TAB_AND_NEWLINE;ORIGINAL_RETRIEVABLE_ONLY_VIA_the cached source record	214
NCT02566993	Best Antitumor Response by Independent Review Committee	Lurbinectedin/Doxorubicin	282	2014_2017	bor	3	2	MIXED_ARM_TYPES	EXPERIMENTAL | ACTIVE_COMPARATOR | ACTIVE_COMPARATOR	PROPOSED	LEAF_CLAIM_NOT_VERIFIABLE_FROM_EXACT_SOURCE_FIELDS	DELIVERED_LEAF:LEAF-QD-group1.tsv	LEAF-OUT/LEAF-QD-group1.tsv:line 55; candidate protocolSection.armsInterventionsModule.armGroups[0].label	1	0	Experimental Arm	EXPERIMENTAL									UNKNOWN_IN_THIS_CACHE	no source-field-matched arm link and no comparator wording in the group record			NOT_ESTABLISHED_REGISTRY_JOIN_FIELDS_ABSENT_FROM_THIS_CACHE	ARM_SET_TYPE_NOT_UNIFORM_NO_TYPE_STATEMENT_POSSIBLE			LEAF_LABEL_RESOLVES_UNIQUELY	Experimental Arm	LEAF-OUT/LEAF-QD-group1.tsv:line 55	RETAINED_UNVERIFIED_WITH_LOCATOR		armGroups[0].interventionNames and .description	NEWLINE_TO_SPACE;CUT_AT_400_CHARS;TSV_WRITE_NORMALISES_TAB_AND_NEWLINE;ORIGINAL_RETRIEVABLE_ONLY_VIA_leaf_claim_locator	47	NO	NO	CONFIRMED	LEAF_WITHIN_RECORD_RELATION	Experimental Arm	NOT_CONTROL_CONFIRMED	UNKNOWN	CHANGED_CLASS:NOT_CONTROL_ASSERTED->UNKNOWN	Doxorubicin: 40.0 mg/m2 i.v. on Day 1 through peripheral or central lines (according to local label), followed by, Lurbinectedin: 2.0 mg/m2 i.v. as a 1-hour infusion on Day 1 q3wk (three weeks ±48h = one treatment cycle) through peripheral or central lines. A minimum volume of 100 mL diluted in 5% glucose or 0.9% sodium chloride solution for infusion, had to be used for administration through a ce	NEWLINE_TO_SPACE;CUT_AT_400_CHARS;TSV_WRITE_NORMALISES_TAB_AND_NEWLINE;ORIGINAL_RETRIEVABLE_ONLY_VIA_the cached source record	570
NCT02566993	Best Antitumor Response by Independent Review Committee	Topotecan or Cyclophosphamide/Doxorubicin/Vincristine	259	2014_2017	bor	3	2	MIXED_ARM_TYPES	EXPERIMENTAL | ACTIVE_COMPARATOR | ACTIVE_COMPARATOR	CONTESTED	LEAF_CLAIMED_ARM_LABEL_ABSENT_FROM_THIS_RECORD	DELIVERED_LEAF:LEAF-QD-group1.tsv	LEAF-OUT/LEAF-QD-group1.tsv:line 56	0												CONTESTED	the group-arm link itself is contested: LEAF_CLAIMED_ARM_LABEL_ABSENT_FROM_THIS_RECORD		GROUP_TEXT_CONTROL_OR_COMPARATOR_WORDING	NOT_ESTABLISHED_REGISTRY_JOIN_FIELDS_ABSENT_FROM_THIS_CACHE	ARM_SET_TYPE_NOT_UNIFORM_NO_TYPE_STATEMENT_POSSIBLE		LEAF_CLAIMED_ARM_LABEL_NOT_PRESENT_IN_REGISTERED_ARMS	LEAF_LABEL_ABSENT_FROM_RECORD	Control Arm 1 + Control Arm 2	LEAF-OUT/LEAF-QD-group1.tsv:line 56	NOT_VERIFIABLE_IN_THIS_CACHE		"armGroups[1].description ""CAV (Cyclophosphamide, Doxorubicin and Vincristine)"" and armGroups[2].description ""Topotecan""; both interventionNames sets"	NEWLINE_TO_SPACE;CUT_AT_400_CHARS;TSV_WRITE_NORMALISES_TAB_AND_NEWLINE;ORIGINAL_RETRIEVABLE_ONLY_VIA_leaf_claim_locator	148	NO	NO	CANDIDATE	LEAF_ARM_IDENTITY_NOT_BOUND_TO_A_SINGLE_ARM		CONTROL_UNSPECIFIED_CANDIDATE_GROUP_TEXT_ONLY	CONTROL_UNSPECIFIED_BY_GROUP_TEXT	CHANGED_CLASS:COMPARATOR_PROPOSED->CONTESTED	If the patient was randomized to the Control Arm, the assigned treatment was based on the reported Investigator's preference between topotecan and CAV, until the first of these options had reached 55% of the target patient enrollment in this arm. Once this had occurred, patients in the Control Arm were to receive the other option.  Topotecan: i.v. daily on Days 1-5 q3wk (three weeks ±48h = one tre	NEWLINE_TO_SPACE;CUT_AT_400_CHARS;TSV_WRITE_NORMALISES_TAB_AND_NEWLINE;ORIGINAL_RETRIEVABLE_ONLY_VIA_the cached source record	1023
NCT02347917	Best Overall Response	NSCLC: BBI608 + Pem + CDDP (Phase 1 Part)	3	2014_2017	bor	1	5	ALL_ARMS_NON_CONTROL_TYPED	EXPERIMENTAL	PROPOSED	LEAF_CLAIM_NOT_VERIFIABLE_FROM_EXACT_SOURCE_FIELDS	DELIVERED_LEAF:LEAF-QD-group1.tsv	LEAF-OUT/LEAF-QD-group1.tsv:line 26; candidate protocolSection.armsInterventionsModule.armGroups[0].label	1	0	BBI608 puls pemetrexed and cisplatin	EXPERIMENTAL									UNKNOWN_IN_THIS_CACHE	no source-field-matched arm link and no comparator wording in the group record			NOT_ESTABLISHED_REGISTRY_JOIN_FIELDS_ABSENT_FROM_THIS_CACHE	ALL_REGISTERED_ARMS_NON_COMPARATOR_TYPED_CONDITIONAL	ASSUMES_THIS_RESULTS_GROUP_IS_A_SUBSET_OF_THE_REGISTERED_ARM_SET_MEMBERSHIP_UNPROVED		LEAF_LABEL_RESOLVES_UNIQUELY	BBI608 puls pemetrexed and cisplatin	LEAF-OUT/LEAF-QD-group1.tsv:line 26	RETAINED_UNVERIFIED_WITH_LOCATOR		n_arms_registered=1 (cardinality) + armGroups[0].interventionNames vs group_title tokens	NEWLINE_TO_SPACE;CUT_AT_400_CHARS;TSV_WRITE_NORMALISES_TAB_AND_NEWLINE;ORIGINAL_RETRIEVABLE_ONLY_VIA_leaf_claim_locator	88	NO	YES	CONFIRMED	LEAF_WITHIN_RECORD_RELATION	BBI608 puls pemetrexed and cisplatin	NOT_CONTROL_CONFIRMED	NOT_CONTROL_SINGLE_ARM_TRIAL	CHANGED_CLASS:NOT_CONTROL_ASSERTED->UNKNOWN	Participants orally received BBI608 (480 mg) twice daily plus intravenously received Pem (500 mg/m2) and CDDP (75 mg/m2) on Day 3 in only Cycles 1 and on Days 1 in Cycles 2 and subsequent cycles.  Premeditation with folic acid and vitamin B12 was given to reduce occurrence of serious adverse drug reactions, with reference to the package insert for Pem. Each cycle was defined as 21 days.	NEWLINE_TO_SPACE;CUT_AT_400_CHARS;TSV_WRITE_NORMALISES_TAB_AND_NEWLINE;ORIGINAL_RETRIEVABLE_ONLY_VIA_the cached source record	389
NCT02347917	Best Overall Response	MPM or NSCLC: BBI608 + Pem + CDDP (Phase 1 Part)	3	2014_2017	bor	1	5	ALL_ARMS_NON_CONTROL_TYPED	EXPERIMENTAL	PROPOSED	LEAF_CLAIM_NOT_VERIFIABLE_FROM_EXACT_SOURCE_FIELDS	DELIVERED_LEAF:LEAF-QD-group1.tsv	LEAF-OUT/LEAF-QD-group1.tsv:line 23; candidate protocolSection.armsInterventionsModule.armGroups[0].label	1	0	BBI608 puls pemetrexed and cisplatin	EXPERIMENTAL									UNKNOWN_IN_THIS_CACHE	no source-field-matched arm link and no comparator wording in the group record			NOT_ESTABLISHED_REGISTRY_JOIN_FIELDS_ABSENT_FROM_THIS_CACHE	ALL_REGISTERED_ARMS_NON_COMPARATOR_TYPED_CONDITIONAL	ASSUMES_THIS_RESULTS_GROUP_IS_A_SUBSET_OF_THE_REGISTERED_ARM_SET_MEMBERSHIP_UNPROVED		LEAF_LABEL_RESOLVES_UNIQUELY	BBI608 puls pemetrexed and cisplatin	LEAF-OUT/LEAF-QD-group1.tsv:line 23	RETAINED_UNVERIFIED_WITH_LOCATOR		n_arms_registered=1 (cardinality) + armGroups[0].interventionNames vs group_title tokens	NEWLINE_TO_SPACE;CUT_AT_400_CHARS;TSV_WRITE_NORMALISES_TAB_AND_NEWLINE;ORIGINAL_RETRIEVABLE_ONLY_VIA_leaf_claim_locator	88	NO	YES	CONFIRMED	LEAF_WITHIN_RECORD_RELATION	BBI608 puls pemetrexed and cisplatin	NOT_CONTROL_CONFIRMED	NOT_CONTROL_SINGLE_ARM_TRIAL	CHANGED_CLASS:NOT_CONTROL_ASSERTED->UNKNOWN	Participants orally received BBI608 (480 mg) twice daily plus intravenously received Pem (500 mg/m2) and CDDP (75 mg/m2) on Day 3 in only Cycles 1 and on Days 1 in Cycles 2 and subsequent cycles.  Premeditation with folic acid and vitamin B12 was given to reduce occurrence of serious adverse drug reactions, with reference to the package insert for Pem. Each cycle was defined as 21 days.	NEWLINE_TO_SPACE;CUT_AT_400_CHARS;TSV_WRITE_NORMALISES_TAB_AND_NEWLINE;ORIGINAL_RETRIEVABLE_ONLY_VIA_the cached source record	389
NCT02347917	Best Overall Response	MPM: BBI608 + Pem + CDDP (Phase 2 Part)	21	2014_2017	bor	1	5	ALL_ARMS_NON_CONTROL_TYPED	EXPERIMENTAL	PROPOSED	LEAF_CLAIM_NOT_VERIFIABLE_FROM_EXACT_SOURCE_FIELDS	DELIVERED_LEAF:LEAF-QD-group1.tsv	LEAF-OUT/LEAF-QD-group1.tsv:line 25; candidate protocolSection.armsInterventionsModule.armGroups[0].label	1	0	BBI608 puls pemetrexed and cisplatin	EXPERIMENTAL									UNKNOWN_IN_THIS_CACHE	no source-field-matched arm link and no comparator wording in the group record			NOT_ESTABLISHED_REGISTRY_JOIN_FIELDS_ABSENT_FROM_THIS_CACHE	ALL_REGISTERED_ARMS_NON_COMPARATOR_TYPED_CONDITIONAL	ASSUMES_THIS_RESULTS_GROUP_IS_A_SUBSET_OF_THE_REGISTERED_ARM_SET_MEMBERSHIP_UNPROVED		LEAF_LABEL_RESOLVES_UNIQUELY	BBI608 puls pemetrexed and cisplatin	LEAF-OUT/LEAF-QD-group1.tsv:line 25	RETAINED_UNVERIFIED_WITH_LOCATOR		n_arms_registered=1 (cardinality) + armGroups[0].interventionNames vs group_title tokens	NEWLINE_TO_SPACE;CUT_AT_400_CHARS;TSV_WRITE_NORMALISES_TAB_AND_NEWLINE;ORIGINAL_RETRIEVABLE_ONLY_VIA_leaf_claim_locator	88	NO	YES	CONFIRMED	LEAF_WITHIN_RECORD_RELATION	BBI608 puls pemetrexed and cisplatin	NOT_CONTROL_CONFIRMED	NOT_CONTROL_SINGLE_ARM_TRIAL	CHANGED_CLASS:NOT_CONTROL_ASSERTED->UNKNOWN	Participants orally received BBI608 (480 mg) twice daily plus intravenously received Pem (500 mg/m2) and CDDP (75 mg/m2) on Day 3 in only Cycles 1 and on Days 1 in Cycles 2 and subsequent cycles.  Premeditation with folic acid and vitamin B12 was given to reduce occurrence of serious adverse drug reactions, with reference to the package insert for Pem. Each cycle was defined as 21 days.	NEWLINE_TO_SPACE;CUT_AT_400_CHARS;TSV_WRITE_NORMALISES_TAB_AND_NEWLINE;ORIGINAL_RETRIEVABLE_ONLY_VIA_the cached source record	389
NCT02347917	Best Overall Response	MPM: BBI608 + Pem + CDDP (Phase 2 Part Including Participants With MPM in Phase 1 Part)	21	2014_2017	bor	1	5	ALL_ARMS_NON_CONTROL_TYPED	EXPERIMENTAL	PROPOSED	LEAF_CLAIM_NOT_VERIFIABLE_FROM_EXACT_SOURCE_FIELDS	DELIVERED_LEAF:LEAF-QD-group1.tsv	LEAF-OUT/LEAF-QD-group1.tsv:line 24; candidate protocolSection.armsInterventionsModule.armGroups[0].label	1	0	BBI608 puls pemetrexed and cisplatin	EXPERIMENTAL									UNKNOWN_IN_THIS_CACHE	no source-field-matched arm link and no comparator wording in the group record			NOT_ESTABLISHED_REGISTRY_JOIN_FIELDS_ABSENT_FROM_THIS_CACHE	ALL_REGISTERED_ARMS_NON_COMPARATOR_TYPED_CONDITIONAL	ASSUMES_THIS_RESULTS_GROUP_IS_A_SUBSET_OF_THE_REGISTERED_ARM_SET_MEMBERSHIP_UNPROVED		LEAF_LABEL_RESOLVES_UNIQUELY	BBI608 puls pemetrexed and cisplatin	LEAF-OUT/LEAF-QD-group1.tsv:line 24	RETAINED_UNVERIFIED_WITH_LOCATOR		n_arms_registered=1 (cardinality) + armGroups[0].interventionNames vs group_title tokens	NEWLINE_TO_SPACE;CUT_AT_400_CHARS;TSV_WRITE_NORMALISES_TAB_AND_NEWLINE;ORIGINAL_RETRIEVABLE_ONLY_VIA_leaf_claim_locator	88	NO	YES	CONFIRMED	LEAF_WITHIN_RECORD_RELATION	BBI608 puls pemetrexed and cisplatin	NOT_CONTROL_CONFIRMED	NOT_CONTROL_SINGLE_ARM_TRIAL	CHANGED_CLASS:NOT_CONTROL_ASSERTED->UNKNOWN	Participants orally received BBI608 (480 mg) twice daily plus intravenously received Pem (500 mg/m2) and CDDP (75 mg/m2) on Day 3 in only Cycles 1 and on Days 1 in Cycles 2 and subsequent cycles.  Premeditation with folic acid and vitamin B12 was given to reduce occurrence of serious adverse drug reactions, with reference to the package insert for Pem. Each cycle was defined as 21 days.	NEWLINE_TO_SPACE;CUT_AT_400_CHARS;TSV_WRITE_NORMALISES_TAB_AND_NEWLINE;ORIGINAL_RETRIEVABLE_ONLY_VIA_the cached source record	389
NCT03093155	Differences in Response to the Combination of Ixabepilone and Bevacizumab in Relationship to Previous Treatment With Bevacizumab and Taxanes	Ixabepilone	12	2014_2017	bor	2	2	MIXED_ARM_TYPES	ACTIVE_COMPARATOR | EXPERIMENTAL	LABEL_MATCH	LABEL_FIELD_MATCH_ONLY:LABEL_BYTE_EXACT	SOURCE_RECORD	protocolSection.armsInterventionsModule.armGroups[0].label	1	0	Ixabepilone	ACTIVE_COMPARATOR	0	Ixabepilone	ACTIVE_COMPARATOR						COMPARATOR_PROPOSED_BY_LABEL_FIELD_MATCHED_ARM_TYPE	arm 0 bound by label correspondence only (LABEL_FIELD_MATCH_ONLY:LABEL_BYTE_EXACT); registered type ACTIVE_COMPARATOR; the group-arm identity is not independently source-field-matched	ASSUMES_LABEL_FIELD_CORRESPONDENCE_IS_ARM_IDENTITY_UNPROVED		NOT_ESTABLISHED_REGISTRY_JOIN_FIELDS_ABSENT_FROM_THIS_CACHE	BOUND_ARM_REGISTERED_TYPE_IS_ACTIVE_COMPARATOR	ASSUMES_LABEL_FIELD_CORRESPONDENCE_IS_ARM_IDENTITY_UNPROVED		NO_LEAF									NO	CONFIRMED	LABEL_BYTE_EXACT	Ixabepilone	CONTROL_ACTIVE_COMPARATOR_CONFIRMED	CONTROL_ACTIVE_COMPARATOR	CHANGED_CLASS:COMPARATOR_TYPE_INFERRED->COMPARATOR_PROPOSED	Ixabepilone 20 mg/m2 days 1, 8, 15 Q 28 days  Ixabepilone: Ixabepilone will be administered at 20 mg/m2 intravenously days 1, 8, 15 of a 28-day cycle over one hour.  Treatment will continue until progression, death, or prohibitive side effects. If any patient has a complete response, patient may stop treatment after 2 additional consolidation cycles following documented complete response	NEWLINE_TO_SPACE;CUT_AT_400_CHARS;TSV_WRITE_NORMALISES_TAB_AND_NEWLINE;ORIGINAL_RETRIEVABLE_ONLY_VIA_the cached source record	390
NCT03093155	Differences in Response to the Combination of Ixabepilone and Bevacizumab in Relationship to Previous Treatment With Bevacizumab and Taxanes	Ixabepilone + Bevacizumab	10	2014_2017	bor	2	2	MIXED_ARM_TYPES	ACTIVE_COMPARATOR | EXPERIMENTAL	LABEL_MATCH	LABEL_FIELD_MATCH_ONLY:LABEL_BYTE_EXACT	SOURCE_RECORD	protocolSection.armsInterventionsModule.armGroups[1].label	1	1	Ixabepilone + Bevacizumab	EXPERIMENTAL	1	Ixabepilone + Bevacizumab	EXPERIMENTAL						NOT_ESTABLISHED_IN_THIS_CACHE	bound arm 1 registered type EXPERIMENTAL (verbatim). A registered type of EXPERIMENTAL/OTHER is not evidence that this group had no comparator role; no comparator evidence exists in this cache either way			NOT_ESTABLISHED_REGISTRY_JOIN_FIELDS_ABSENT_FROM_THIS_CACHE	BOUND_ARM_REGISTERED_TYPE_IS_EXPERIMENTAL	ASSUMES_LABEL_FIELD_CORRESPONDENCE_IS_ARM_IDENTITY_UNPROVED		NO_LEAF									NO	CONFIRMED	LABEL_BYTE_EXACT	Ixabepilone + Bevacizumab	NOT_CONTROL_CONFIRMED	NOT_CONTROL	CHANGED_CLASS:NOT_CONTROL_ASSERTED->NOT_ESTABLISHED	Ixabepilone 20 mg/m2 days 1, 8, 15  \+ Bevacizumab 10 mg/kg days 1, 15 Q 28 days  Ixabepilone: Ixabepilone will be administered at 20 mg/m2 intravenously days 1, 8, 15 of a 28-day cycle over one hour.  Treatment will continue until progression, death, or prohibitive side effects. If any patient has a complete response, patient may stop treatment after 2 additional consolidation cycles following do	NEWLINE_TO_SPACE;CUT_AT_400_CHARS;TSV_WRITE_NORMALISES_TAB_AND_NEWLINE;ORIGINAL_RETRIEVABLE_ONLY_VIA_the cached source record	1090
NCT02259582	To Compare the Investigator-assessed (RECIST) v1.1 Response Rate in the Treatment Arms.	Placebo/Placebo Arm (Arm 1)	25	2014_2017	bor	3	3	ALL_ARMS_CONTROL_TYPED	PLACEBO_COMPARATOR | ACTIVE_COMPARATOR | ACTIVE_COMPARATOR	PROPOSED	LEAF_CLAIM_NOT_VERIFIABLE_FROM_EXACT_SOURCE_FIELDS	DELIVERED_LEAF:LEAF-QD-group1.tsv	LEAF-OUT/LEAF-QD-group1.tsv:line 22; candidate protocolSection.armsInterventionsModule.armGroups[0].label	1	0	Arm 1 Pem, carbo, placebo x 4 cycles	PLACEBO_COMPARATOR									UNKNOWN_IN_THIS_CACHE	no source-field-matched arm link and no comparator wording in the group record		GROUP_TEXT_PLACEBO_OR_SHAM_WORDING;GROUP_TITLE_TREATMENT_SEQUENCE_CONTAINING_A_PLACEBO_TOKEN	NOT_ESTABLISHED_REGISTRY_JOIN_FIELDS_ABSENT_FROM_THIS_CACHE	ALL_REGISTERED_ARMS_COMPARATOR_TYPED_CONDITIONAL	ASSUMES_THIS_RESULTS_GROUP_IS_A_SUBSET_OF_THE_REGISTERED_ARM_SET_MEMBERSHIP_UNPROVED	GROUP_TITLE_IS_A_TREATMENT_SEQUENCE_CONTAINING_A_PLACEBO_TOKEN	LEAF_LABEL_RESOLVES_UNIQUELY	Arm 1 Pem, carbo, placebo x 4 cycles	LEAF-OUT/LEAF-QD-group1.tsv:line 22	RETAINED_UNVERIFIED_WITH_LOCATOR		"ordinal arm token asserted by the record itself: group_title ""(Arm 1)"" vs armGroups[0].label prefix ""Arm 1""; corroborated by group description"	NEWLINE_TO_SPACE;CUT_AT_400_CHARS;TSV_WRITE_NORMALISES_TAB_AND_NEWLINE;ORIGINAL_RETRIEVABLE_ONLY_VIA_leaf_claim_locator	142	NO	NO	CONFIRMED	LEAF_WITHIN_RECORD_RELATION	Arm 1 Pem, carbo, placebo x 4 cycles	CONTROL_PLACEBO_CONFIRMED	UNKNOWN_AMBIGUOUS_SEQUENCE_LABEL	CHANGED_CLASS:COMPARATOR_TYPE_INFERRED->UNKNOWN	Placebo plus pemetrexed and carboplatin (4 cycles), pemetrexed (4 cycles), placebo plus pemetrexed (4 cycles)	NEWLINE_TO_SPACE;CUT_AT_400_CHARS;TSV_WRITE_NORMALISES_TAB_AND_NEWLINE;ORIGINAL_RETRIEVABLE_ONLY_VIA_the cached source record	109
NCT02259582	To Compare the Investigator-assessed (RECIST) v1.1 Response Rate in the Treatment Arms.	Demcizumab/Placebo Arm (Arm 2)	28	2014_2017	bor	3	3	ALL_ARMS_CONTROL_TYPED	PLACEBO_COMPARATOR | ACTIVE_COMPARATOR | ACTIVE_COMPARATOR	PROPOSED	LEAF_CLAIM_NOT_VERIFIABLE_FROM_EXACT_SOURCE_FIELDS	DELIVERED_LEAF:LEAF-QD-group1.tsv	LEAF-OUT/LEAF-QD-group1.tsv:line 21; candidate protocolSection.armsInterventionsModule.armGroups[1].label	1	1	Arm 2 Pem, carbo x 4 cycles, one course of dem	ACTIVE_COMPARATOR									UNKNOWN_IN_THIS_CACHE	no source-field-matched arm link and no comparator wording in the group record		GROUP_TEXT_PLACEBO_OR_SHAM_WORDING;GROUP_TITLE_TREATMENT_SEQUENCE_CONTAINING_A_PLACEBO_TOKEN	NOT_ESTABLISHED_REGISTRY_JOIN_FIELDS_ABSENT_FROM_THIS_CACHE	ALL_REGISTERED_ARMS_COMPARATOR_TYPED_CONDITIONAL	ASSUMES_THIS_RESULTS_GROUP_IS_A_SUBSET_OF_THE_REGISTERED_ARM_SET_MEMBERSHIP_UNPROVED	GROUP_TITLE_IS_A_TREATMENT_SEQUENCE_CONTAINING_A_PLACEBO_TOKEN	LEAF_LABEL_RESOLVES_UNIQUELY	Arm 2 Pem, carbo x 4 cycles, one course of dem	LEAF-OUT/LEAF-QD-group1.tsv:line 21	RETAINED_UNVERIFIED_WITH_LOCATOR		"ordinal arm token: group_title ""(Arm 2)"" vs armGroups[1].label prefix ""Arm 2""; corroborated by group description"	NEWLINE_TO_SPACE;CUT_AT_400_CHARS;TSV_WRITE_NORMALISES_TAB_AND_NEWLINE;ORIGINAL_RETRIEVABLE_ONLY_VIA_leaf_claim_locator	112	NO	NO	CONFIRMED	LEAF_WITHIN_RECORD_RELATION	Arm 2 Pem, carbo x 4 cycles, one course of dem	CONTROL_ACTIVE_COMPARATOR_CONFIRMED	UNKNOWN_AMBIGUOUS_SEQUENCE_LABEL	CHANGED_CLASS:COMPARATOR_TYPE_INFERRED->UNKNOWN	Demcizumab plus pemetrexed and carboplatin (4 cycles), pemetrexed (4 cycles), placebo plus pemetrexed (4 cycles)	NEWLINE_TO_SPACE;CUT_AT_400_CHARS;TSV_WRITE_NORMALISES_TAB_AND_NEWLINE;ORIGINAL_RETRIEVABLE_ONLY_VIA_the cached source record	112
NCT02259582	To Compare the Investigator-assessed (RECIST) v1.1 Response Rate in the Treatment Arms.	Demcizumab/Demcizumab Arm (Arm 3)	26	2014_2017	bor	3	3	ALL_ARMS_CONTROL_TYPED	PLACEBO_COMPARATOR | ACTIVE_COMPARATOR | ACTIVE_COMPARATOR	PROPOSED	LEAF_CLAIM_NOT_VERIFIABLE_FROM_EXACT_SOURCE_FIELDS	DELIVERED_LEAF:LEAF-QD-group1.tsv	LEAF-OUT/LEAF-QD-group1.tsv:line 20; candidate protocolSection.armsInterventionsModule.armGroups[2].label	1	2	Arm 3 pem, carbo, dem x 4 cycles, dem retreatment	ACTIVE_COMPARATOR									UNKNOWN_IN_THIS_CACHE	no source-field-matched arm link and no comparator wording in the group record			NOT_ESTABLISHED_REGISTRY_JOIN_FIELDS_ABSENT_FROM_THIS_CACHE	ALL_REGISTERED_ARMS_COMPARATOR_TYPED_CONDITIONAL	ASSUMES_THIS_RESULTS_GROUP_IS_A_SUBSET_OF_THE_REGISTERED_ARM_SET_MEMBERSHIP_UNPROVED		LEAF_LABEL_RESOLVES_UNIQUELY	Arm 3 pem, carbo, dem x 4 cycles, dem retreatment	LEAF-OUT/LEAF-QD-group1.tsv:line 20	RETAINED_UNVERIFIED_WITH_LOCATOR		"ordinal arm token: group_title ""(Arm 3)"" vs armGroups[2].label prefix ""Arm 3""; corroborated by group description"	NEWLINE_TO_SPACE;CUT_AT_400_CHARS;TSV_WRITE_NORMALISES_TAB_AND_NEWLINE;ORIGINAL_RETRIEVABLE_ONLY_VIA_leaf_claim_locator	112	NO	NO	CONFIRMED	LEAF_WITHIN_RECORD_RELATION	Arm 3 pem, carbo, dem x 4 cycles, dem retreatment	CONTROL_ACTIVE_COMPARATOR_CONFIRMED	UNKNOWN	CHANGED_CLASS:COMPARATOR_TYPE_INFERRED->UNKNOWN	Demcizumab plus pemetrexed and carboplatin (4 cycles), pemetrexed (4 cycles), demcizumab plus pemetrexed (4 cycles)	NEWLINE_TO_SPACE;CUT_AT_400_CHARS;TSV_WRITE_NORMALISES_TAB_AND_NEWLINE;ORIGINAL_RETRIEVABLE_ONLY_VIA_the cached source record	115
NCT02679170	Number of Participants According to Treatment Response: ALK Treatment Sub-Study and ROS1 Treatment Sub-Study	ALK Treatment Sub-study	81	2014_2017	bor	1	2	ARM_TYPE_ABSENT_IN_THIS_CACHE		PROPOSED	LEAF_CLAIM_NOT_VERIFIABLE_FROM_EXACT_SOURCE_FIELDS	DELIVERED_LEAF:LEAF-QD-group2.tsv	LEAF-OUT/LEAF-QD-group2.tsv:line 36; candidate protocolSection.armsInterventionsModule.armGroups[0].label	1	0	Routine clinical practice group (NSCLC ALK+, ROS1)	ARM_TYPE_ABSENT_IN_THIS_CACHE									UNKNOWN_IN_THIS_CACHE	no source-field-matched arm link and no comparator wording in the group record			NOT_ESTABLISHED_REGISTRY_JOIN_FIELDS_ABSENT_FROM_THIS_CACHE	ARM_TYPE_ABSENT_IN_THIS_CACHE			LEAF_LABEL_RESOLVES_UNIQUELY	Routine clinical practice group (NSCLC ALK+, ROS1)	LEAF-OUT/LEAF-QD-group2.tsv:line 36	RETAINED_UNVERIFIED_WITH_LOCATOR		only one registered arm (armGroups[0], 1 of 1); group descriptions state treatment with crizotinib in routine clinical practice, matching armGroups[0].interventionNames ['Drug: Crizotinib'] and its description	NEWLINE_TO_SPACE;CUT_AT_400_CHARS;TSV_WRITE_NORMALISES_TAB_AND_NEWLINE;ORIGINAL_RETRIEVABLE_ONLY_VIA_leaf_claim_locator	209	NO	YES	CONFIRMED	LEAF_WITHIN_RECORD_RELATION	Routine clinical practice group (NSCLC ALK+, ROS1)	UNKNOWN_IN_THIS_CACHE	NOT_CONTROL_SINGLE_ARM_TRIAL	UNCHANGED_CLASS:UNKNOWN	Participants with advanced/metastatic NSCLC with confirmed ALK-positive translocation and who were treated with crizotinib in routine clinical practice retrospectively from January 2014 or prospectively during the study were included.	NEWLINE_TO_SPACE;CUT_AT_400_CHARS;TSV_WRITE_NORMALISES_TAB_AND_NEWLINE;ORIGINAL_RETRIEVABLE_ONLY_VIA_the cached source record	234
NCT02679170	Number of Participants According to Treatment Response: ALK Treatment Sub-Study and ROS1 Treatment Sub-Study	ROS1 Treatment Sub-study	45	2014_2017	bor	1	2	ARM_TYPE_ABSENT_IN_THIS_CACHE		PROPOSED	LEAF_CLAIM_NOT_VERIFIABLE_FROM_EXACT_SOURCE_FIELDS	DELIVERED_LEAF:LEAF-QD-group2.tsv	LEAF-OUT/LEAF-QD-group2.tsv:line 37; candidate protocolSection.armsInterventionsModule.armGroups[0].label	1	0	Routine clinical practice group (NSCLC ALK+, ROS1)	ARM_TYPE_ABSENT_IN_THIS_CACHE									UNKNOWN_IN_THIS_CACHE	no source-field-matched arm link and no comparator wording in the group record			NOT_ESTABLISHED_REGISTRY_JOIN_FIELDS_ABSENT_FROM_THIS_CACHE	ARM_TYPE_ABSENT_IN_THIS_CACHE			LEAF_LABEL_RESOLVES_UNIQUELY	Routine clinical practice group (NSCLC ALK+, ROS1)	LEAF-OUT/LEAF-QD-group2.tsv:line 37	RETAINED_UNVERIFIED_WITH_LOCATOR		only one registered arm (armGroups[0], 1 of 1); group descriptions state treatment with crizotinib in routine clinical practice, matching armGroups[0].interventionNames ['Drug: Crizotinib'] and its description	NEWLINE_TO_SPACE;CUT_AT_400_CHARS;TSV_WRITE_NORMALISES_TAB_AND_NEWLINE;ORIGINAL_RETRIEVABLE_ONLY_VIA_leaf_claim_locator	209	NO	YES	CONFIRMED	LEAF_WITHIN_RECORD_RELATION	Routine clinical practice group (NSCLC ALK+, ROS1)	UNKNOWN_IN_THIS_CACHE	NOT_CONTROL_SINGLE_ARM_TRIAL	UNCHANGED_CLASS:UNKNOWN	Participants with advanced/metastatic NSCLC with confirmed ROS1-positive translocation and who were treated with crizotinib in routine clinical practice on or after 08-Feb-2017 were included.	NEWLINE_TO_SPACE;CUT_AT_400_CHARS;TSV_WRITE_NORMALISES_TAB_AND_NEWLINE;ORIGINAL_RETRIEVABLE_ONLY_VIA_the cached source record	191
NCT02578641	Best Overall Response (BOR) of Subjects With Advanced Nasopharyngeal Carcinoma.	Chemo + EBV-CTL	154	2014_2017	bor	2	2	MIXED_ARM_TYPES	EXPERIMENTAL | ACTIVE_COMPARATOR	PROPOSED	LEAF_CLAIM_NOT_VERIFIABLE_FROM_EXACT_SOURCE_FIELDS	DELIVERED_LEAF:LEAF-QD-group1.tsv	LEAF-OUT/LEAF-QD-group1.tsv:line 60; candidate protocolSection.armsInterventionsModule.armGroups[0].label	1	0	Arm A	EXPERIMENTAL									UNKNOWN_IN_THIS_CACHE	no source-field-matched arm link and no comparator wording in the group record			NOT_ESTABLISHED_REGISTRY_JOIN_FIELDS_ABSENT_FROM_THIS_CACHE	ARM_SET_TYPE_NOT_UNIFORM_NO_TYPE_STATEMENT_POSSIBLE			LEAF_LABEL_RESOLVES_UNIQUELY	Arm A	LEAF-OUT/LEAF-QD-group1.tsv:line 60	RETAINED_UNVERIFIED_WITH_LOCATOR		armGroups[0].interventionNames	NEWLINE_TO_SPACE;CUT_AT_400_CHARS;TSV_WRITE_NORMALISES_TAB_AND_NEWLINE;ORIGINAL_RETRIEVABLE_ONLY_VIA_leaf_claim_locator	30	NO	NO	CONFIRMED	LEAF_WITHIN_RECORD_RELATION	Arm A	NOT_CONTROL_CONFIRMED	UNKNOWN	CHANGED_CLASS:NOT_CONTROL_ASSERTED->UNKNOWN	gemcitabine+carboplatin and EBV-CTL	NEWLINE_TO_SPACE;CUT_AT_400_CHARS;TSV_WRITE_NORMALISES_TAB_AND_NEWLINE;ORIGINAL_RETRIEVABLE_ONLY_VIA_the cached source record	35
NCT02578641	Best Overall Response (BOR) of Subjects With Advanced Nasopharyngeal Carcinoma.	Chemo Only	156	2014_2017	bor	2	2	MIXED_ARM_TYPES	EXPERIMENTAL | ACTIVE_COMPARATOR	PROPOSED	LEAF_CLAIM_NOT_VERIFIABLE_FROM_EXACT_SOURCE_FIELDS	DELIVERED_LEAF:LEAF-QD-group1.tsv	LEAF-OUT/LEAF-QD-group1.tsv:line 61; candidate protocolSection.armsInterventionsModule.armGroups[1].label	1	1	Arm B	ACTIVE_COMPARATOR									UNKNOWN_IN_THIS_CACHE	no source-field-matched arm link and no comparator wording in the group record			NOT_ESTABLISHED_REGISTRY_JOIN_FIELDS_ABSENT_FROM_THIS_CACHE	ARM_SET_TYPE_NOT_UNIFORM_NO_TYPE_STATEMENT_POSSIBLE			LEAF_LABEL_RESOLVES_UNIQUELY	Arm B	LEAF-OUT/LEAF-QD-group1.tsv:line 61	RETAINED_UNVERIFIED_WITH_LOCATOR		armGroups[1].interventionNames and .description	NEWLINE_TO_SPACE;CUT_AT_400_CHARS;TSV_WRITE_NORMALISES_TAB_AND_NEWLINE;ORIGINAL_RETRIEVABLE_ONLY_VIA_leaf_claim_locator	47	NO	NO	CONFIRMED	LEAF_WITHIN_RECORD_RELATION	Arm B	CONTROL_ACTIVE_COMPARATOR_CONFIRMED	UNKNOWN	CHANGED_CLASS:COMPARATOR_TYPE_INFERRED->UNKNOWN	gemcitabine+carboplatin	NEWLINE_TO_SPACE;CUT_AT_400_CHARS;TSV_WRITE_NORMALISES_TAB_AND_NEWLINE;ORIGINAL_RETRIEVABLE_ONLY_VIA_the cached source record	23
NCT02819843	Best Response	Intralesional TALIMOGENE LAHERPAREPVEC Without Radiotherapy	9	2014_2017	bor	2	2	ALL_ARMS_NON_CONTROL_TYPED	EXPERIMENTAL | EXPERIMENTAL	LABEL_MATCH	LABEL_FIELD_MATCH_ONLY:LABEL_CASE_WS_FOLD	SOURCE_RECORD	protocolSection.armsInterventionsModule.armGroups[1].label	1	1	Intralesional TALIMOGENE LAHERPAREPVEC without radiotherapy	EXPERIMENTAL	1	Intralesional TALIMOGENE LAHERPAREPVEC without radiotherapy	EXPERIMENTAL						NOT_ESTABLISHED_IN_THIS_CACHE	bound arm 1 registered type EXPERIMENTAL (verbatim). A registered type of EXPERIMENTAL/OTHER is not evidence that this group had no comparator role; no comparator evidence exists in this cache either way			NOT_ESTABLISHED_REGISTRY_JOIN_FIELDS_ABSENT_FROM_THIS_CACHE	BOUND_ARM_REGISTERED_TYPE_IS_EXPERIMENTAL	ASSUMES_LABEL_FIELD_CORRESPONDENCE_IS_ARM_IDENTITY_UNPROVED		NO_LEAF									NO	CONFIRMED	LABEL_CASE_AND_WHITESPACE_ONLY	Intralesional TALIMOGENE LAHERPAREPVEC without radiotherapy	NOT_CONTROL_CONFIRMED	NOT_CONTROL	CHANGED_CLASS:NOT_CONTROL_ASSERTED->NOT_ESTABLISHED	Patients will receive Talimogene Laherparepvec alone, as described above, without radiotherapy.  TALIMOGENE LAHERPAREPVEC (TVEC)	NEWLINE_TO_SPACE;CUT_AT_400_CHARS;TSV_WRITE_NORMALISES_TAB_AND_NEWLINE;ORIGINAL_RETRIEVABLE_ONLY_VIA_the cached source record	128
NCT02819843	Best Response	Intralesional TALIMOGENE LAHERPAREPVEC With Radiotherapy	10	2014_2017	bor	2	2	ALL_ARMS_NON_CONTROL_TYPED	EXPERIMENTAL | EXPERIMENTAL	LABEL_MATCH	LABEL_FIELD_MATCH_ONLY:LABEL_CASE_WS_FOLD	SOURCE_RECORD	protocolSection.armsInterventionsModule.armGroups[0].label	1	0	Intralesional TALIMOGENE LAHERPAREPVEC with radiotherapy	EXPERIMENTAL	0	Intralesional TALIMOGENE LAHERPAREPVEC with radiotherapy	EXPERIMENTAL						NOT_ESTABLISHED_IN_THIS_CACHE	bound arm 0 registered type EXPERIMENTAL (verbatim). A registered type of EXPERIMENTAL/OTHER is not evidence that this group had no comparator role; no comparator evidence exists in this cache either way			NOT_ESTABLISHED_REGISTRY_JOIN_FIELDS_ABSENT_FROM_THIS_CACHE	BOUND_ARM_REGISTERED_TYPE_IS_EXPERIMENTAL	ASSUMES_LABEL_FIELD_CORRESPONDENCE_IS_ARM_IDENTITY_UNPROVED		NO_LEAF									NO	CONFIRMED	LABEL_CASE_AND_WHITESPACE_ONLY	Intralesional TALIMOGENE LAHERPAREPVEC with radiotherapy	NOT_CONTROL_CONFIRMED	NOT_CONTROL	CHANGED_CLASS:NOT_CONTROL_ASSERTED->NOT_ESTABLISHED	Patients will receive 3 radiotherapy treatments (one treatment every 3-5 days) during weeks 3 and 4. The first treatment will occur 6 (+/- 2) hours after the Talimogene Laherparepvec administration at week 3.Talimogene Laherparepvec will be administered at weeks 0, 3, 5, 7, 9, 11, 13 and 15. The first dose of Talimogene Laherparepvec will be 10\^6 plaque forming units (PFU)/mL, followed three week	NEWLINE_TO_SPACE;CUT_AT_400_CHARS;TSV_WRITE_NORMALISES_TAB_AND_NEWLINE;ORIGINAL_RETRIEVABLE_ONLY_VIA_the cached source record	498
NCT02150967	Retrospective Analysis of Post-second-line Antineoplastic Treatment Outcomes on BOR	Cohort 1: FGFR2 Fusion/Rearrangements	55	2014_2017	bor	1	1	ALL_ARMS_NON_CONTROL_TYPED	EXPERIMENTAL	PROPOSED	LEAF_CLAIM_NOT_VERIFIABLE_FROM_EXACT_SOURCE_FIELDS	DELIVERED_LEAF:LEAF-QD-group1.tsv	LEAF-OUT/LEAF-QD-group1.tsv:line 19; candidate protocolSection.armsInterventionsModule.armGroups[0].label	1	0	BGJ398 (infigratinib)	EXPERIMENTAL									UNKNOWN_IN_THIS_CACHE	no source-field-matched arm link and no comparator wording in the group record			NOT_ESTABLISHED_REGISTRY_JOIN_FIELDS_ABSENT_FROM_THIS_CACHE	ALL_REGISTERED_ARMS_NON_COMPARATOR_TYPED_CONDITIONAL	ASSUMES_THIS_RESULTS_GROUP_IS_A_SUBSET_OF_THE_REGISTERED_ARM_SET_MEMBERSHIP_UNPROVED		LEAF_LABEL_RESOLVES_UNIQUELY	BGJ398 (infigratinib)	LEAF-OUT/LEAF-QD-group1.tsv:line 19	RETAINED_UNVERIFIED_WITH_LOCATOR		n_arms_registered=1 (cardinality) + group description drug name vs armGroups[0].label	NEWLINE_TO_SPACE;CUT_AT_400_CHARS;TSV_WRITE_NORMALISES_TAB_AND_NEWLINE;ORIGINAL_RETRIEVABLE_ONLY_VIA_leaf_claim_locator	85	NO	NO	CONFIRMED	LEAF_WITHIN_RECORD_RELATION	BGJ398 (infigratinib)	NOT_CONTROL_CONFIRMED	NOT_CONTROL_SINGLE_ARM_TRIAL	CHANGED_CLASS:NOT_CONTROL_ASSERTED->UNKNOWN	Infigratinib 125 mg once daily (3 wk on/1 wk off treatment)	NEWLINE_TO_SPACE;CUT_AT_400_CHARS;TSV_WRITE_NORMALISES_TAB_AND_NEWLINE;ORIGINAL_RETRIEVABLE_ONLY_VIA_the cached source record	59
NCT02395172	Number of Participants With Confirmed Best Overall Response (BOR) as Assessed by an Independent Endpoint Review Committee (IERC) in Full Analysis Set Population	Avelumab	338	2014_2017	bor	2	2	MIXED_ARM_TYPES	EXPERIMENTAL | ACTIVE_COMPARATOR	LABEL_MATCH	LABEL_FIELD_MATCH_ONLY:LABEL_BYTE_EXACT	SOURCE_RECORD	protocolSection.armsInterventionsModule.armGroups[0].label	1	0	Avelumab	EXPERIMENTAL	0	Avelumab	EXPERIMENTAL						NOT_ESTABLISHED_IN_THIS_CACHE	bound arm 0 registered type EXPERIMENTAL (verbatim). A registered type of EXPERIMENTAL/OTHER is not evidence that this group had no comparator role; no comparator evidence exists in this cache either way			NOT_ESTABLISHED_REGISTRY_JOIN_FIELDS_ABSENT_FROM_THIS_CACHE	BOUND_ARM_REGISTERED_TYPE_IS_EXPERIMENTAL	ASSUMES_LABEL_FIELD_CORRESPONDENCE_IS_ARM_IDENTITY_UNPROVED		NO_LEAF									NO	CONFIRMED	LABEL_BYTE_EXACT	Avelumab	NOT_CONTROL_CONFIRMED	NOT_CONTROL	CHANGED_CLASS:NOT_CONTROL_ASSERTED->NOT_ESTABLISHED	Participants received 10 milligrams per kilogram (mg/kg) of avelumab as a 1-hour intravenous infusion once every 2 weeks until confirmed disease progression, significant clinical deterioration, unacceptable toxicity, or any criterion for withdrawal from the study or Investigational Medicinal Product (IMP) as defined in the study protocol was fulfilled.	NEWLINE_TO_SPACE;CUT_AT_400_CHARS;TSV_WRITE_NORMALISES_TAB_AND_NEWLINE;ORIGINAL_RETRIEVABLE_ONLY_VIA_the cached source record	354
NCT02395172	Number of Participants With Confirmed Best Overall Response (BOR) as Assessed by an Independent Endpoint Review Committee (IERC) in Full Analysis Set Population	Docetaxel	284	2014_2017	bor	2	2	MIXED_ARM_TYPES	EXPERIMENTAL | ACTIVE_COMPARATOR	LABEL_MATCH	LABEL_FIELD_MATCH_ONLY:LABEL_BYTE_EXACT	SOURCE_RECORD	protocolSection.armsInterventionsModule.armGroups[1].label	1	1	Docetaxel	ACTIVE_COMPARATOR	1	Docetaxel	ACTIVE_COMPARATOR						COMPARATOR_PROPOSED_BY_LABEL_FIELD_MATCHED_ARM_TYPE	arm 1 bound by label correspondence only (LABEL_FIELD_MATCH_ONLY:LABEL_BYTE_EXACT); registered type ACTIVE_COMPARATOR; the group-arm identity is not independently source-field-matched	ASSUMES_LABEL_FIELD_CORRESPONDENCE_IS_ARM_IDENTITY_UNPROVED		NOT_ESTABLISHED_REGISTRY_JOIN_FIELDS_ABSENT_FROM_THIS_CACHE	BOUND_ARM_REGISTERED_TYPE_IS_ACTIVE_COMPARATOR	ASSUMES_LABEL_FIELD_CORRESPONDENCE_IS_ARM_IDENTITY_UNPROVED		NO_LEAF									NO	CONFIRMED	LABEL_BYTE_EXACT	Docetaxel	CONTROL_ACTIVE_COMPARATOR_CONFIRMED	CONTROL_ACTIVE_COMPARATOR	CHANGED_CLASS:COMPARATOR_TYPE_INFERRED->COMPARATOR_PROPOSED	Participants received 75 mg per square meter (m\^2) (per label) of docetaxel by intravenous infusion once every 3 weeks until confirmed disease progression, significant clinical deterioration, unacceptable toxicity, or any criterion for withdrawal from the study or Investigational Medicinal Product (IMP) as defined in the study protocol was fulfilled.	NEWLINE_TO_SPACE;CUT_AT_400_CHARS;TSV_WRITE_NORMALISES_TAB_AND_NEWLINE;ORIGINAL_RETRIEVABLE_ONLY_VIA_the cached source record	353
NCT02395172	Number of Participants With Confirmed Best Overall Response (BOR) as Assessed by Independent Endpoint Review Committee (IERC) in PD-L1+ Full Analysis Set Population	Avelumab	229	2014_2017	bor	2	2	MIXED_ARM_TYPES	EXPERIMENTAL | ACTIVE_COMPARATOR	LABEL_MATCH	LABEL_FIELD_MATCH_ONLY:LABEL_BYTE_EXACT	SOURCE_RECORD	protocolSection.armsInterventionsModule.armGroups[0].label	1	0	Avelumab	EXPERIMENTAL	0	Avelumab	EXPERIMENTAL						NOT_ESTABLISHED_IN_THIS_CACHE	bound arm 0 registered type EXPERIMENTAL (verbatim). A registered type of EXPERIMENTAL/OTHER is not evidence that this group had no comparator role; no comparator evidence exists in this cache either way			NOT_ESTABLISHED_REGISTRY_JOIN_FIELDS_ABSENT_FROM_THIS_CACHE	BOUND_ARM_REGISTERED_TYPE_IS_EXPERIMENTAL	ASSUMES_LABEL_FIELD_CORRESPONDENCE_IS_ARM_IDENTITY_UNPROVED		NO_LEAF									NO	CONFIRMED	LABEL_BYTE_EXACT	Avelumab	NOT_CONTROL_CONFIRMED	NOT_CONTROL	CHANGED_CLASS:NOT_CONTROL_ASSERTED->NOT_ESTABLISHED	Participants received 10 milligrams per kilogram (mg/kg) of avelumab as a 1-hour intravenous infusion once every 2 weeks until confirmed disease progression, significant clinical deterioration, unacceptable toxicity, or any criterion for withdrawal from the study or Investigational Medicinal Product (IMP) as defined in the study protocol was fulfilled.	NEWLINE_TO_SPACE;CUT_AT_400_CHARS;TSV_WRITE_NORMALISES_TAB_AND_NEWLINE;ORIGINAL_RETRIEVABLE_ONLY_VIA_the cached source record	354
NCT02395172	Number of Participants With Confirmed Best Overall Response (BOR) as Assessed by Independent Endpoint Review Committee (IERC) in PD-L1+ Full Analysis Set Population	Docetaxel	192	2014_2017	bor	2	2	MIXED_ARM_TYPES	EXPERIMENTAL | ACTIVE_COMPARATOR	LABEL_MATCH	LABEL_FIELD_MATCH_ONLY:LABEL_BYTE_EXACT	SOURCE_RECORD	protocolSection.armsInterventionsModule.armGroups[1].label	1	1	Docetaxel	ACTIVE_COMPARATOR	1	Docetaxel	ACTIVE_COMPARATOR						COMPARATOR_PROPOSED_BY_LABEL_FIELD_MATCHED_ARM_TYPE	arm 1 bound by label correspondence only (LABEL_FIELD_MATCH_ONLY:LABEL_BYTE_EXACT); registered type ACTIVE_COMPARATOR; the group-arm identity is not independently source-field-matched	ASSUMES_LABEL_FIELD_CORRESPONDENCE_IS_ARM_IDENTITY_UNPROVED		NOT_ESTABLISHED_REGISTRY_JOIN_FIELDS_ABSENT_FROM_THIS_CACHE	BOUND_ARM_REGISTERED_TYPE_IS_ACTIVE_COMPARATOR	ASSUMES_LABEL_FIELD_CORRESPONDENCE_IS_ARM_IDENTITY_UNPROVED		NO_LEAF									NO	CONFIRMED	LABEL_BYTE_EXACT	Docetaxel	CONTROL_ACTIVE_COMPARATOR_CONFIRMED	CONTROL_ACTIVE_COMPARATOR	CHANGED_CLASS:COMPARATOR_TYPE_INFERRED->COMPARATOR_PROPOSED	Participants received 75 mg per square meter (m\^2) (per label) of docetaxel by intravenous infusion once every 3 weeks until confirmed disease progression, significant clinical deterioration, unacceptable toxicity, or any criterion for withdrawal from the study or Investigational Medicinal Product (IMP) as defined in the study protocol was fulfilled.	NEWLINE_TO_SPACE;CUT_AT_400_CHARS;TSV_WRITE_NORMALISES_TAB_AND_NEWLINE;ORIGINAL_RETRIEVABLE_ONLY_VIA_the cached source record	353
NCT02644278	Part A: Number of Participants With Best Overall Response Evaluated by Response Criteria Evaluation (RECIST 1.1)	VX-984 120 mg + PLD 40 mg/m^2	2	2014_2017	bor	4	4	ALL_ARMS_NON_CONTROL_TYPED	EXPERIMENTAL | EXPERIMENTAL | EXPERIMENTAL | EXPERIMENTAL	LABEL_MATCH	LABEL_FIELD_MATCH_ONLY:LABEL_BYTE_EXACT	SOURCE_RECORD	protocolSection.armsInterventionsModule.armGroups[0].label	1	0	VX-984 120 mg + PLD 40 mg/m^2	EXPERIMENTAL	0	VX-984 120 mg + PLD 40 mg/m^2	EXPERIMENTAL						NOT_ESTABLISHED_IN_THIS_CACHE	bound arm 0 registered type EXPERIMENTAL (verbatim). A registered type of EXPERIMENTAL/OTHER is not evidence that this group had no comparator role; no comparator evidence exists in this cache either way			NOT_ESTABLISHED_REGISTRY_JOIN_FIELDS_ABSENT_FROM_THIS_CACHE	BOUND_ARM_REGISTERED_TYPE_IS_EXPERIMENTAL	ASSUMES_LABEL_FIELD_CORRESPONDENCE_IS_ARM_IDENTITY_UNPROVED		NO_LEAF									NO	CONFIRMED	LABEL_BYTE_EXACT	VX-984 120 mg + PLD 40 mg/m^2	NOT_CONTROL_CONFIRMED	NOT_CONTROL	CHANGED_CLASS:NOT_CONTROL_ASSERTED->NOT_ESTABLISHED	Participants received VX-984 orally 120 milligram (mg) once daily alone on Days -14 to -12 of a 14-day Lead-in Period, followed by VX-984 120 mg in combination with pegylated liposomal doxorubicin (PLD) 40 milligram per square meter (mg/m\^2) administered intravenous infusion, with PLD administered on Day 1 and VX-984 administered on Day 2 to Day 4 for up to six 28-day cycle or until disease progr	NEWLINE_TO_SPACE;CUT_AT_400_CHARS;TSV_WRITE_NORMALISES_TAB_AND_NEWLINE;ORIGINAL_RETRIEVABLE_ONLY_VIA_the cached source record	500
NCT02644278	Part A: Number of Participants With Best Overall Response Evaluated by Response Criteria Evaluation (RECIST 1.1)	VX-984 240 mg + PLD 40 mg/m^2	3	2014_2017	bor	4	4	ALL_ARMS_NON_CONTROL_TYPED	EXPERIMENTAL | EXPERIMENTAL | EXPERIMENTAL | EXPERIMENTAL	LABEL_MATCH	LABEL_FIELD_MATCH_ONLY:LABEL_BYTE_EXACT	SOURCE_RECORD	protocolSection.armsInterventionsModule.armGroups[1].label	1	1	VX-984 240 mg + PLD 40 mg/m^2	EXPERIMENTAL	1	VX-984 240 mg + PLD 40 mg/m^2	EXPERIMENTAL						NOT_ESTABLISHED_IN_THIS_CACHE	bound arm 1 registered type EXPERIMENTAL (verbatim). A registered type of EXPERIMENTAL/OTHER is not evidence that this group had no comparator role; no comparator evidence exists in this cache either way			NOT_ESTABLISHED_REGISTRY_JOIN_FIELDS_ABSENT_FROM_THIS_CACHE	BOUND_ARM_REGISTERED_TYPE_IS_EXPERIMENTAL	ASSUMES_LABEL_FIELD_CORRESPONDENCE_IS_ARM_IDENTITY_UNPROVED		NO_LEAF									NO	CONFIRMED	LABEL_BYTE_EXACT	VX-984 240 mg + PLD 40 mg/m^2	NOT_CONTROL_CONFIRMED	NOT_CONTROL	CHANGED_CLASS:NOT_CONTROL_ASSERTED->NOT_ESTABLISHED	Participants received VX-984 orally 240 mg orally once daily alone on Days -14 to -12 of a 14-day Lead-in Period, followed by VX-984 240 mg in combination with PLD 40 mg/m\^2 administered intravenous infusion, with PLD administered on Day 1 and VX-984 administered on Day 2 to Day 4 for up to six 28-day cycle or until disease progression unacceptable toxicities, withdrawal of consent, or until expo	NEWLINE_TO_SPACE;CUT_AT_400_CHARS;TSV_WRITE_NORMALISES_TAB_AND_NEWLINE;ORIGINAL_RETRIEVABLE_ONLY_VIA_the cached source record	433
NCT02644278	Part A: Number of Participants With Best Overall Response Evaluated by Response Criteria Evaluation (RECIST 1.1)	VX-984 480 mg + PLD 40 mg/m^2	4	2014_2017	bor	4	4	ALL_ARMS_NON_CONTROL_TYPED	EXPERIMENTAL | EXPERIMENTAL | EXPERIMENTAL | EXPERIMENTAL	LABEL_MATCH	LABEL_FIELD_MATCH_ONLY:LABEL_BYTE_EXACT	SOURCE_RECORD	protocolSection.armsInterventionsModule.armGroups[2].label	1	2	VX-984 480 mg + PLD 40 mg/m^2	EXPERIMENTAL	2	VX-984 480 mg + PLD 40 mg/m^2	EXPERIMENTAL						NOT_ESTABLISHED_IN_THIS_CACHE	bound arm 2 registered type EXPERIMENTAL (verbatim). A registered type of EXPERIMENTAL/OTHER is not evidence that this group had no comparator role; no comparator evidence exists in this cache either way			NOT_ESTABLISHED_REGISTRY_JOIN_FIELDS_ABSENT_FROM_THIS_CACHE	BOUND_ARM_REGISTERED_TYPE_IS_EXPERIMENTAL	ASSUMES_LABEL_FIELD_CORRESPONDENCE_IS_ARM_IDENTITY_UNPROVED		NO_LEAF									NO	CONFIRMED	LABEL_BYTE_EXACT	VX-984 480 mg + PLD 40 mg/m^2	NOT_CONTROL_CONFIRMED	NOT_CONTROL	CHANGED_CLASS:NOT_CONTROL_ASSERTED->NOT_ESTABLISHED	Participants received VX-984 orally 480 mg orally once daily alone on Days -14 to -12 of a 14-day Lead-in Period, followed by VX-984 480 mg in combination with PLD 40 mg/m\^2 administered intravenous infusion, with PLD administered on Day 1 and VX-984 administered on Day 2 to Day 4 for up to six 28-day cycle or until disease progression unacceptable toxicities, withdrawal of consent, or until expo	NEWLINE_TO_SPACE;CUT_AT_400_CHARS;TSV_WRITE_NORMALISES_TAB_AND_NEWLINE;ORIGINAL_RETRIEVABLE_ONLY_VIA_the cached source record	433
NCT02644278	Part A: Number of Participants With Best Overall Response Evaluated by Response Criteria Evaluation (RECIST 1.1)	VX-984 720 mg + PLD 40 mg/m^2	2	2014_2017	bor	4	4	ALL_ARMS_NON_CONTROL_TYPED	EXPERIMENTAL | EXPERIMENTAL | EXPERIMENTAL | EXPERIMENTAL	LABEL_MATCH	LABEL_FIELD_MATCH_ONLY:LABEL_BYTE_EXACT	SOURCE_RECORD	protocolSection.armsInterventionsModule.armGroups[3].label	1	3	VX-984 720 mg + PLD 40 mg/m^2	EXPERIMENTAL	3	VX-984 720 mg + PLD 40 mg/m^2	EXPERIMENTAL						NOT_ESTABLISHED_IN_THIS_CACHE	bound arm 3 registered type EXPERIMENTAL (verbatim). A registered type of EXPERIMENTAL/OTHER is not evidence that this group had no comparator role; no comparator evidence exists in this cache either way			NOT_ESTABLISHED_REGISTRY_JOIN_FIELDS_ABSENT_FROM_THIS_CACHE	BOUND_ARM_REGISTERED_TYPE_IS_EXPERIMENTAL	ASSUMES_LABEL_FIELD_CORRESPONDENCE_IS_ARM_IDENTITY_UNPROVED		NO_LEAF									NO	CONFIRMED	LABEL_BYTE_EXACT	VX-984 720 mg + PLD 40 mg/m^2	NOT_CONTROL_CONFIRMED	NOT_CONTROL	CHANGED_CLASS:NOT_CONTROL_ASSERTED->NOT_ESTABLISHED	Participants received VX-984 orally 720 mg orally once daily alone on Days -14 to -12 of a 14-day Lead-in Period, followed by VX-984 720 mg in combination with PLD 40 mg/m\^2 administered intravenous infusion, with PLD administered on Day 1 and VX-984 administered on Day 2 to Day 4 for up to six 28-day cycle or until disease progression unacceptable toxicities, withdrawal of consent, or until expo	NEWLINE_TO_SPACE;CUT_AT_400_CHARS;TSV_WRITE_NORMALISES_TAB_AND_NEWLINE;ORIGINAL_RETRIEVABLE_ONLY_VIA_the cached source record	433
NCT02041429	Best Response [Phase I]	Phase I Dose Level 0: Paclitaxel + Ruxolitiniib 10 mg	3	2014_2017	bor	4	4	ALL_ARMS_NON_CONTROL_TYPED	EXPERIMENTAL | EXPERIMENTAL | EXPERIMENTAL | EXPERIMENTAL	SOURCE_FIELD_MATCH	TWO_AGREEING_FIELD_MATCHES:LABEL_BYTE_EXACT+DESC_CASE_WS_FOLD	SOURCE_RECORD	protocolSection.armsInterventionsModule.armGroups[0].label and protocolSection.armsInterventionsModule.armGroups[0].description	1	0	Phase I Dose Level 0: Paclitaxel + Ruxolitiniib 10 mg	EXPERIMENTAL	0	Phase I Dose Level 0: Paclitaxel + Ruxolitiniib 10 mg	EXPERIMENTAL						NOT_ESTABLISHED_IN_THIS_CACHE	bound arm 0 registered type EXPERIMENTAL (verbatim). A registered type of EXPERIMENTAL/OTHER is not evidence that this group had no comparator role; no comparator evidence exists in this cache either way			NOT_ESTABLISHED_REGISTRY_JOIN_FIELDS_ABSENT_FROM_THIS_CACHE	BOUND_ARM_REGISTERED_TYPE_IS_EXPERIMENTAL	ASSUMES_TWO_AGREEING_SOURCE_FIELD_MATCHES_ARE_ARM_IDENTITY_UNPROVED		NO_LEAF									NO	CONFIRMED	LABEL_BYTE_EXACT	Phase I Dose Level 0: Paclitaxel + Ruxolitiniib 10 mg	NOT_CONTROL_CONFIRMED	NOT_CONTROL	CHANGED_CLASS:NOT_CONTROL_ASSERTED->NOT_ESTABLISHED	Paclitaxel 80 mg/m2 IV weekly + Ruxolitinib 10 mg orally twice daily for 4 cycles  1 cycle = 21 days Participants with stable disease or better will have the opportunity to continue on single agent 10 mg Ruxolitinib until disease progression, unacceptable toxicity or patient withdrawal.	NEWLINE_TO_SPACE;CUT_AT_400_CHARS;TSV_WRITE_NORMALISES_TAB_AND_NEWLINE;ORIGINAL_RETRIEVABLE_ONLY_VIA_the cached source record	287
NCT02041429	Best Response [Phase I]	Phase I Dose Level 1: Paclitaxel + Ruxolitiniib 15 mg	3	2014_2017	bor	4	4	ALL_ARMS_NON_CONTROL_TYPED	EXPERIMENTAL | EXPERIMENTAL | EXPERIMENTAL | EXPERIMENTAL	SOURCE_FIELD_MATCH	TWO_AGREEING_FIELD_MATCHES:LABEL_BYTE_EXACT+DESC_CASE_WS_FOLD	SOURCE_RECORD	protocolSection.armsInterventionsModule.armGroups[1].label and protocolSection.armsInterventionsModule.armGroups[1].description	1	1	Phase I Dose Level 1: Paclitaxel + Ruxolitiniib 15 mg	EXPERIMENTAL	1	Phase I Dose Level 1: Paclitaxel + Ruxolitiniib 15 mg	EXPERIMENTAL						NOT_ESTABLISHED_IN_THIS_CACHE	bound arm 1 registered type EXPERIMENTAL (verbatim). A registered type of EXPERIMENTAL/OTHER is not evidence that this group had no comparator role; no comparator evidence exists in this cache either way			NOT_ESTABLISHED_REGISTRY_JOIN_FIELDS_ABSENT_FROM_THIS_CACHE	BOUND_ARM_REGISTERED_TYPE_IS_EXPERIMENTAL	ASSUMES_TWO_AGREEING_SOURCE_FIELD_MATCHES_ARE_ARM_IDENTITY_UNPROVED		NO_LEAF									NO	CONFIRMED	LABEL_BYTE_EXACT	Phase I Dose Level 1: Paclitaxel + Ruxolitiniib 15 mg	NOT_CONTROL_CONFIRMED	NOT_CONTROL	CHANGED_CLASS:NOT_CONTROL_ASSERTED->NOT_ESTABLISHED	Paclitaxel 80 mg/m2 IV weekly + Ruxolitinib 15 mg orally twice daily for 4 cycles  1 cycle = 21 days Participants with stable disease or better will have the opportunity to continue on single agent 15 mg Ruxolitinib until disease progression, unacceptable toxicity or patient withdrawal.	NEWLINE_TO_SPACE;CUT_AT_400_CHARS;TSV_WRITE_NORMALISES_TAB_AND_NEWLINE;ORIGINAL_RETRIEVABLE_ONLY_VIA_the cached source record	287
NCT02041429	Best Response [Phase I]	Phase I Dose Level 2: Paclitaxel + Ruxolitiniib 20 mg	7	2014_2017	bor	4	4	ALL_ARMS_NON_CONTROL_TYPED	EXPERIMENTAL | EXPERIMENTAL | EXPERIMENTAL | EXPERIMENTAL	LABEL_MATCH	LABEL_FIELD_MATCH_ONLY:LABEL_BYTE_EXACT	SOURCE_RECORD	protocolSection.armsInterventionsModule.armGroups[2].label	1	2	Phase I Dose Level 2: Paclitaxel + Ruxolitiniib 20 mg	EXPERIMENTAL	2	Phase I Dose Level 2: Paclitaxel + Ruxolitiniib 20 mg	EXPERIMENTAL						NOT_ESTABLISHED_IN_THIS_CACHE	bound arm 2 registered type EXPERIMENTAL (verbatim). A registered type of EXPERIMENTAL/OTHER is not evidence that this group had no comparator role; no comparator evidence exists in this cache either way			NOT_ESTABLISHED_REGISTRY_JOIN_FIELDS_ABSENT_FROM_THIS_CACHE	BOUND_ARM_REGISTERED_TYPE_IS_EXPERIMENTAL	ASSUMES_LABEL_FIELD_CORRESPONDENCE_IS_ARM_IDENTITY_UNPROVED		NO_LEAF									NO	CONFIRMED	LABEL_BYTE_EXACT	Phase I Dose Level 2: Paclitaxel + Ruxolitiniib 20 mg	NOT_CONTROL_CONFIRMED	NOT_CONTROL	CHANGED_CLASS:NOT_CONTROL_ASSERTED->NOT_ESTABLISHED	Paclitaxel 80 mg/m2 IV weekly + Ruxolitinib 20 mg orally twice daily for 4 cycles  1 cycle = 21 days Participants with stable disease or better will have the opportunity to continue on single agent 20 mg Ruxolitinib until disease progression, unacceptable toxicity or patient withdrawal	NEWLINE_TO_SPACE;CUT_AT_400_CHARS;TSV_WRITE_NORMALISES_TAB_AND_NEWLINE;ORIGINAL_RETRIEVABLE_ONLY_VIA_the cached source record	286
NCT02041429	Best Response [Phase I]	Phase I Dose Level 3: Paclitaxel + Ruxolitiniib 25 mg	6	2014_2017	bor	4	4	ALL_ARMS_NON_CONTROL_TYPED	EXPERIMENTAL | EXPERIMENTAL | EXPERIMENTAL | EXPERIMENTAL	SOURCE_FIELD_MATCH	TWO_AGREEING_FIELD_MATCHES:LABEL_BYTE_EXACT+DESC_CASE_WS_FOLD	SOURCE_RECORD	protocolSection.armsInterventionsModule.armGroups[3].label and protocolSection.armsInterventionsModule.armGroups[3].description	1	3	Phase I Dose Level 3: Paclitaxel + Ruxolitiniib 25 mg	EXPERIMENTAL	3	Phase I Dose Level 3: Paclitaxel + Ruxolitiniib 25 mg	EXPERIMENTAL						NOT_ESTABLISHED_IN_THIS_CACHE	bound arm 3 registered type EXPERIMENTAL (verbatim). A registered type of EXPERIMENTAL/OTHER is not evidence that this group had no comparator role; no comparator evidence exists in this cache either way			NOT_ESTABLISHED_REGISTRY_JOIN_FIELDS_ABSENT_FROM_THIS_CACHE	BOUND_ARM_REGISTERED_TYPE_IS_EXPERIMENTAL	ASSUMES_TWO_AGREEING_SOURCE_FIELD_MATCHES_ARE_ARM_IDENTITY_UNPROVED		NO_LEAF									NO	CONFIRMED	LABEL_BYTE_EXACT	Phase I Dose Level 3: Paclitaxel + Ruxolitiniib 25 mg	NOT_CONTROL_CONFIRMED	NOT_CONTROL	CHANGED_CLASS:NOT_CONTROL_ASSERTED->NOT_ESTABLISHED	Paclitaxel 80 mg/m2 IV weekly + Ruxolitinib 25 mg orally twice daily for 4 cycles  1 cycle = 21 days Participants with stable disease or better will have the opportunity to continue on single agent 20 mg Ruxolitinib until disease progression, unacceptable toxicity or patient withdrawal.	NEWLINE_TO_SPACE;CUT_AT_400_CHARS;TSV_WRITE_NORMALISES_TAB_AND_NEWLINE;ORIGINAL_RETRIEVABLE_ONLY_VIA_the cached source record	287
NCT02625623	Best Overall Response (BOR)	Physician Choice Chemotherapy + Best Supportive Care (BSC)	129	2014_2017	bor	2	2	MIXED_ARM_TYPES	EXPERIMENTAL | ACTIVE_COMPARATOR	LABEL_MATCH	LABEL_FIELD_MATCH_ONLY:LABEL_CASE_WS_FOLD	SOURCE_RECORD	protocolSection.armsInterventionsModule.armGroups[0].label	1	0	Physician choice chemotherapy+Best Supportive Care (BSC)	EXPERIMENTAL	0	Physician choice chemotherapy+Best Supportive Care (BSC)	EXPERIMENTAL						NOT_ESTABLISHED_IN_THIS_CACHE	bound arm 0 registered type EXPERIMENTAL (verbatim). A registered type of EXPERIMENTAL/OTHER is not evidence that this group had no comparator role; no comparator evidence exists in this cache either way			NOT_ESTABLISHED_REGISTRY_JOIN_FIELDS_ABSENT_FROM_THIS_CACHE	BOUND_ARM_REGISTERED_TYPE_IS_EXPERIMENTAL	ASSUMES_LABEL_FIELD_CORRESPONDENCE_IS_ARM_IDENTITY_UNPROVED		NO_LEAF									NO	CONFIRMED	LABEL_CASE_AND_WHITESPACE_ONLY	Physician choice chemotherapy+Best Supportive Care (BSC)	NOT_CONTROL_CONFIRMED	NOT_CONTROL	CHANGED_CLASS:NOT_CONTROL_ASSERTED->NOT_ESTABLISHED	Participants received BSC plus physician's choice chemotherapy. Chemotherapy comprised of one of the following: intravenous (IV) infusion of paclitaxel at a dose of 80 milligrams per meter square (mg/m\^2) on Days 1, 8 and 15 of a 4-week treatment cycle until progressive disease or unacceptable toxicity OR irinotecan at a dose of 150 mg/m\^2 on Days 1 and 15 of a 4-week treatment cycle until progr	NEWLINE_TO_SPACE;CUT_AT_400_CHARS;TSV_WRITE_NORMALISES_TAB_AND_NEWLINE;ORIGINAL_RETRIEVABLE_ONLY_VIA_the cached source record	770
NCT02625623	Best Overall Response (BOR)	Avelumab + BSC	128	2014_2017	bor	2	2	MIXED_ARM_TYPES	EXPERIMENTAL | ACTIVE_COMPARATOR	LABEL_MATCH	LABEL_FIELD_MATCH_ONLY:LABEL_CASE_WS_FOLD	SOURCE_RECORD	protocolSection.armsInterventionsModule.armGroups[1].label	1	1	Avelumab+BSC	ACTIVE_COMPARATOR	1	Avelumab+BSC	ACTIVE_COMPARATOR						COMPARATOR_PROPOSED_BY_LABEL_FIELD_MATCHED_ARM_TYPE	arm 1 bound by label correspondence only (LABEL_FIELD_MATCH_ONLY:LABEL_CASE_WS_FOLD); registered type ACTIVE_COMPARATOR; the group-arm identity is not independently source-field-matched	ASSUMES_LABEL_FIELD_CORRESPONDENCE_IS_ARM_IDENTITY_UNPROVED		NOT_ESTABLISHED_REGISTRY_JOIN_FIELDS_ABSENT_FROM_THIS_CACHE	BOUND_ARM_REGISTERED_TYPE_IS_ACTIVE_COMPARATOR	ASSUMES_LABEL_FIELD_CORRESPONDENCE_IS_ARM_IDENTITY_UNPROVED		NO_LEAF									NO	CONFIRMED	LABEL_CASE_AND_WHITESPACE_ONLY	Avelumab+BSC	CONTROL_ACTIVE_COMPARATOR_CONFIRMED	CONTROL_ACTIVE_COMPARATOR	CHANGED_CLASS:COMPARATOR_TYPE_INFERRED->COMPARATOR_PROPOSED	Participants received avelumab as a 1-hour intravenous (IV) infusion at 10 milligram per kilogram (mg/kg) once every 2-week treatment cycle until progressive disease or unacceptable toxicity along with BSC. BSC was defined as treatment administered with the intent to maximize quality of life without a specific antineoplastic regimen and was based on investigator's discretion.	NEWLINE_TO_SPACE;CUT_AT_400_CHARS;TSV_WRITE_NORMALISES_TAB_AND_NEWLINE;ORIGINAL_RETRIEVABLE_ONLY_VIA_the cached source record	378
NCT02263508	Phase 1b: Best Overall Response (BOR)	Phase 1b: Talimogene Laherparepvec + Pembrolizumab	20	2014_2017	bor	3	1	MIXED_ARM_TYPES	EXPERIMENTAL | PLACEBO_COMPARATOR | EXPERIMENTAL	LABEL_MATCH	LABEL_FIELD_MATCH_ONLY:LABEL_BYTE_EXACT	SOURCE_RECORD	protocolSection.armsInterventionsModule.armGroups[0].label	1	0	Phase 1b: Talimogene Laherparepvec + Pembrolizumab	EXPERIMENTAL	0	Phase 1b: Talimogene Laherparepvec + Pembrolizumab	EXPERIMENTAL						NOT_ESTABLISHED_IN_THIS_CACHE	bound arm 0 registered type EXPERIMENTAL (verbatim). A registered type of EXPERIMENTAL/OTHER is not evidence that this group had no comparator role; no comparator evidence exists in this cache either way			NOT_ESTABLISHED_REGISTRY_JOIN_FIELDS_ABSENT_FROM_THIS_CACHE	BOUND_ARM_REGISTERED_TYPE_IS_EXPERIMENTAL	ASSUMES_LABEL_FIELD_CORRESPONDENCE_IS_ARM_IDENTITY_UNPROVED		NO_LEAF									NO	CONFIRMED	LABEL_BYTE_EXACT	Phase 1b: Talimogene Laherparepvec + Pembrolizumab	NOT_CONTROL_CONFIRMED	NOT_CONTROL	CHANGED_CLASS:NOT_CONTROL_ASSERTED->NOT_ESTABLISHED	Participants received talimogene laherparepvec at an initial dose of up to 4 mL 10⁶ plaque-forming units (PFU)/mL by intralesional injection on day 1 of week 1. Subsequent doses of talimogene laherparepvec at up to 4 mL of 10⁸ PFU/mL began 3 weeks after the first dose and were administered every 2 weeks until disappearance of injectable lesions, complete response (CR), confirmed disease progressio	NEWLINE_TO_SPACE;CUT_AT_400_CHARS;TSV_WRITE_NORMALISES_TAB_AND_NEWLINE;ORIGINAL_RETRIEVABLE_ONLY_VIA_the cached source record	895
NCT02263508	Phase 3: Best Overall Response Assessed Using Modified RECIST 1.1	Phase 3: Placebo + Pembrolizumab	293	2014_2017	bor	3	2	MIXED_ARM_TYPES	EXPERIMENTAL | PLACEBO_COMPARATOR | EXPERIMENTAL	SOURCE_FIELD_MATCH	TWO_AGREEING_FIELD_MATCHES:LABEL_CASE_WS_FOLD+DESC_BYTE_EXACT	SOURCE_RECORD	protocolSection.armsInterventionsModule.armGroups[1].label and protocolSection.armsInterventionsModule.armGroups[1].description	1	1	Phase 3 : Placebo + Pembrolizumab	PLACEBO_COMPARATOR	1	Phase 3 : Placebo + Pembrolizumab	PLACEBO_COMPARATOR						COMPARATOR_TYPE_INFERRED_VIA_SOURCE_FIELD_MATCH	arm 1 bound by TWO_AGREEING_FIELD_MATCHES:LABEL_CASE_WS_FOLD+DESC_BYTE_EXACT; registered type PLACEBO_COMPARATOR carried verbatim. The comparator TYPE is INFERRED THROUGH a computed correspondence between two source text fields; the registry does not state that this results group IS that arm, so this is not an independently validated clinical comparator	ASSUMES_TWO_AGREEING_SOURCE_FIELD_MATCHES_ARE_ARM_IDENTITY_UNPROVED	GROUP_TEXT_PLACEBO_OR_SHAM_WORDING	NOT_ESTABLISHED_REGISTRY_JOIN_FIELDS_ABSENT_FROM_THIS_CACHE	BOUND_ARM_REGISTERED_TYPE_IS_PLACEBO_COMPARATOR	ASSUMES_TWO_AGREEING_SOURCE_FIELD_MATCHES_ARE_ARM_IDENTITY_UNPROVED		NO_LEAF									NO	CONFIRMED	LABEL_CASE_AND_WHITESPACE_ONLY	Phase 3 : Placebo + Pembrolizumab	CONTROL_PLACEBO_CONFIRMED	CONTROL_PLACEBO	UNCHANGED_CLASS:COMPARATOR_TYPE_INFERRED	Participants received up to 4 mL placebo to talimogene laherparepvec by intralesional injection on day 1 of week 0. Subsequent doses of placebo (up to 4 mL) began 3 weeks after the first dose and were administered every 2 weeks until the fifth injection (week 9), and then synchronously with pembrolizumab thereafter every 3 weeks until disappearance of injectable lesions, complete response per modi	NEWLINE_TO_SPACE;CUT_AT_400_CHARS;TSV_WRITE_NORMALISES_TAB_AND_NEWLINE;ORIGINAL_RETRIEVABLE_ONLY_VIA_the cached source record	944
NCT02263508	Phase 3: Best Overall Response Assessed Using Modified RECIST 1.1	Phase 3: Talimogene Laherparepvec + Pembrolizumab	302	2014_2017	bor	3	2	MIXED_ARM_TYPES	EXPERIMENTAL | PLACEBO_COMPARATOR | EXPERIMENTAL	SOURCE_FIELD_MATCH	TWO_AGREEING_FIELD_MATCHES:LABEL_BYTE_EXACT+DESC_BYTE_EXACT	SOURCE_RECORD	protocolSection.armsInterventionsModule.armGroups[2].label and protocolSection.armsInterventionsModule.armGroups[2].description	1	2	Phase 3: Talimogene Laherparepvec + Pembrolizumab	EXPERIMENTAL	2	Phase 3: Talimogene Laherparepvec + Pembrolizumab	EXPERIMENTAL						NOT_ESTABLISHED_IN_THIS_CACHE	bound arm 2 registered type EXPERIMENTAL (verbatim). A registered type of EXPERIMENTAL/OTHER is not evidence that this group had no comparator role; no comparator evidence exists in this cache either way			NOT_ESTABLISHED_REGISTRY_JOIN_FIELDS_ABSENT_FROM_THIS_CACHE	BOUND_ARM_REGISTERED_TYPE_IS_EXPERIMENTAL	ASSUMES_TWO_AGREEING_SOURCE_FIELD_MATCHES_ARE_ARM_IDENTITY_UNPROVED		NO_LEAF									NO	CONFIRMED	LABEL_BYTE_EXACT	Phase 3: Talimogene Laherparepvec + Pembrolizumab	NOT_CONTROL_CONFIRMED	NOT_CONTROL	CHANGED_CLASS:NOT_CONTROL_ASSERTED->NOT_ESTABLISHED	Participants received talimogene laherparepvec at an initial dose of up to 4 mL 10⁶ PFU/mL by intralesional injection on day 1. Subsequent doses of talimogene laherparepvec at 10⁸ PFU/mL (up to 4 mL) began 3 weeks after the first dose and were administered every 2 weeks until the fifth injection of talimogene laherparepvec (week 9), and then synchronously with pembrolizumab thereafter every 3 week	NEWLINE_TO_SPACE;CUT_AT_400_CHARS;TSV_WRITE_NORMALISES_TAB_AND_NEWLINE;ORIGINAL_RETRIEVABLE_ONLY_VIA_the cached source record	896
NCT02263508	Phase 3: Best Overall Response Assessed Using Modified irRC-RECIST	Phase 3: Placebo + Pembrolizumab	251	2014_2017	bor	3	2	MIXED_ARM_TYPES	EXPERIMENTAL | PLACEBO_COMPARATOR | EXPERIMENTAL	SOURCE_FIELD_MATCH	TWO_AGREEING_FIELD_MATCHES:LABEL_CASE_WS_FOLD+DESC_BYTE_EXACT	SOURCE_RECORD	protocolSection.armsInterventionsModule.armGroups[1].label and protocolSection.armsInterventionsModule.armGroups[1].description	1	1	Phase 3 : Placebo + Pembrolizumab	PLACEBO_COMPARATOR	1	Phase 3 : Placebo + Pembrolizumab	PLACEBO_COMPARATOR						COMPARATOR_TYPE_INFERRED_VIA_SOURCE_FIELD_MATCH	arm 1 bound by TWO_AGREEING_FIELD_MATCHES:LABEL_CASE_WS_FOLD+DESC_BYTE_EXACT; registered type PLACEBO_COMPARATOR carried verbatim. The comparator TYPE is INFERRED THROUGH a computed correspondence between two source text fields; the registry does not state that this results group IS that arm, so this is not an independently validated clinical comparator	ASSUMES_TWO_AGREEING_SOURCE_FIELD_MATCHES_ARE_ARM_IDENTITY_UNPROVED	GROUP_TEXT_PLACEBO_OR_SHAM_WORDING	NOT_ESTABLISHED_REGISTRY_JOIN_FIELDS_ABSENT_FROM_THIS_CACHE	BOUND_ARM_REGISTERED_TYPE_IS_PLACEBO_COMPARATOR	ASSUMES_TWO_AGREEING_SOURCE_FIELD_MATCHES_ARE_ARM_IDENTITY_UNPROVED		NO_LEAF									NO	CONFIRMED	LABEL_CASE_AND_WHITESPACE_ONLY	Phase 3 : Placebo + Pembrolizumab	CONTROL_PLACEBO_CONFIRMED	CONTROL_PLACEBO	UNCHANGED_CLASS:COMPARATOR_TYPE_INFERRED	Participants received up to 4 mL placebo to talimogene laherparepvec by intralesional injection on day 1 of week 0. Subsequent doses of placebo (up to 4 mL) began 3 weeks after the first dose and were administered every 2 weeks until the fifth injection (week 9), and then synchronously with pembrolizumab thereafter every 3 weeks until disappearance of injectable lesions, complete response per modi	NEWLINE_TO_SPACE;CUT_AT_400_CHARS;TSV_WRITE_NORMALISES_TAB_AND_NEWLINE;ORIGINAL_RETRIEVABLE_ONLY_VIA_the cached source record	944
NCT02263508	Phase 3: Best Overall Response Assessed Using Modified irRC-RECIST	Phase 3: Talimogene Laherparepvec + Pembrolizumab	286	2014_2017	bor	3	2	MIXED_ARM_TYPES	EXPERIMENTAL | PLACEBO_COMPARATOR | EXPERIMENTAL	SOURCE_FIELD_MATCH	TWO_AGREEING_FIELD_MATCHES:LABEL_BYTE_EXACT+DESC_BYTE_EXACT	SOURCE_RECORD	protocolSection.armsInterventionsModule.armGroups[2].label and protocolSection.armsInterventionsModule.armGroups[2].description	1	2	Phase 3: Talimogene Laherparepvec + Pembrolizumab	EXPERIMENTAL	2	Phase 3: Talimogene Laherparepvec + Pembrolizumab	EXPERIMENTAL						NOT_ESTABLISHED_IN_THIS_CACHE	bound arm 2 registered type EXPERIMENTAL (verbatim). A registered type of EXPERIMENTAL/OTHER is not evidence that this group had no comparator role; no comparator evidence exists in this cache either way			NOT_ESTABLISHED_REGISTRY_JOIN_FIELDS_ABSENT_FROM_THIS_CACHE	BOUND_ARM_REGISTERED_TYPE_IS_EXPERIMENTAL	ASSUMES_TWO_AGREEING_SOURCE_FIELD_MATCHES_ARE_ARM_IDENTITY_UNPROVED		NO_LEAF									NO	CONFIRMED	LABEL_BYTE_EXACT	Phase 3: Talimogene Laherparepvec + Pembrolizumab	NOT_CONTROL_CONFIRMED	NOT_CONTROL	CHANGED_CLASS:NOT_CONTROL_ASSERTED->NOT_ESTABLISHED	Participants received talimogene laherparepvec at an initial dose of up to 4 mL 10⁶ PFU/mL by intralesional injection on day 1. Subsequent doses of talimogene laherparepvec at 10⁸ PFU/mL (up to 4 mL) began 3 weeks after the first dose and were administered every 2 weeks until the fifth injection of talimogene laherparepvec (week 9), and then synchronously with pembrolizumab thereafter every 3 week	NEWLINE_TO_SPACE;CUT_AT_400_CHARS;TSV_WRITE_NORMALISES_TAB_AND_NEWLINE;ORIGINAL_RETRIEVABLE_ONLY_VIA_the cached source record	896
NCT03088540	Best Overall Response (BOR) Per IRC	Cemiplimab	317	2014_2017	bor	2	2	MIXED_ARM_TYPES	ACTIVE_COMPARATOR | EXPERIMENTAL	LABEL_MATCH	LABEL_FIELD_MATCH_ONLY:LABEL_CASE_WS_FOLD	SOURCE_RECORD	protocolSection.armsInterventionsModule.armGroups[1].label	1	1	cemiplimab	EXPERIMENTAL	1	cemiplimab	EXPERIMENTAL						NOT_ESTABLISHED_IN_THIS_CACHE	bound arm 1 registered type EXPERIMENTAL (verbatim). A registered type of EXPERIMENTAL/OTHER is not evidence that this group had no comparator role; no comparator evidence exists in this cache either way			NOT_ESTABLISHED_REGISTRY_JOIN_FIELDS_ABSENT_FROM_THIS_CACHE	BOUND_ARM_REGISTERED_TYPE_IS_EXPERIMENTAL	ASSUMES_LABEL_FIELD_CORRESPONDENCE_IS_ARM_IDENTITY_UNPROVED		NO_LEAF									NO	CONFIRMED	LABEL_CASE_AND_WHITESPACE_ONLY	cemiplimab	NOT_CONTROL_CONFIRMED	NOT_CONTROL	CHANGED_CLASS:NOT_CONTROL_ASSERTED->NOT_ESTABLISHED	Participants received cemiplimab monotherapy	NEWLINE_TO_SPACE;CUT_AT_400_CHARS;TSV_WRITE_NORMALISES_TAB_AND_NEWLINE;ORIGINAL_RETRIEVABLE_ONLY_VIA_the cached source record	44
NCT03088540	Best Overall Response (BOR) Per IRC	Chemotherapy	307	2014_2017	bor	2	2	MIXED_ARM_TYPES	ACTIVE_COMPARATOR | EXPERIMENTAL	PROPOSED	LEAF_CLAIM_NOT_VERIFIABLE_FROM_EXACT_SOURCE_FIELDS	DELIVERED_LEAF:LEAF-QD-group2.tsv	LEAF-OUT/LEAF-QD-group2.tsv:line 116; candidate protocolSection.armsInterventionsModule.armGroups[0].label	1	0	Standard-of-care chemotherapy	ACTIVE_COMPARATOR									UNKNOWN_IN_THIS_CACHE	no source-field-matched arm link and no comparator wording in the group record			NOT_ESTABLISHED_REGISTRY_JOIN_FIELDS_ABSENT_FROM_THIS_CACHE	ARM_SET_TYPE_NOT_UNIFORM_NO_TYPE_STATEMENT_POSSIBLE			LEAF_LABEL_RESOLVES_UNIQUELY	Standard-of-care chemotherapy	LEAF-OUT/LEAF-QD-group2.tsv:line 116	RETAINED_UNVERIFIED_WITH_LOCATOR		complement of the record's own bijection: the sibling group 'Cemiplimab' matches armGroups[1] and only armGroups[0] 'Standard-of-care chemotherapy' remains; its description lists platinum doublets, matching the group description 'platinum-based doublet chemotherapy'	NEWLINE_TO_SPACE;CUT_AT_400_CHARS;TSV_WRITE_NORMALISES_TAB_AND_NEWLINE;ORIGINAL_RETRIEVABLE_ONLY_VIA_leaf_claim_locator	266	NO	NO	CONFIRMED	LEAF_WITHIN_RECORD_RELATION	Standard-of-care chemotherapy	CONTROL_ACTIVE_COMPARATOR_CONFIRMED	UNKNOWN_WEAK_MATCH_ONLY	CHANGED_CLASS:COMPARATOR_TYPE_INFERRED->UNKNOWN	Participants received platinum-based doublet chemotherapy	NEWLINE_TO_SPACE;CUT_AT_400_CHARS;TSV_WRITE_NORMALISES_TAB_AND_NEWLINE;ORIGINAL_RETRIEVABLE_ONLY_VIA_the cached source record	57
NCT02895360	Anti-tumor Activity of BAL101553 by Best Response Rate Per RECIST / RANO Criteria	Phase 1- in the FAP	19	2014_2017	bor	2	5	ALL_ARMS_NON_CONTROL_TYPED	EXPERIMENTAL | EXPERIMENTAL	PROPOSED	LEAF_CLAIM_NOT_VERIFIABLE_FROM_EXACT_SOURCE_FIELDS	DELIVERED_LEAF:LEAF-QD-group2.tsv	LEAF-OUT/LEAF-QD-group2.tsv:line 108; candidate protocolSection.armsInterventionsModule.armGroups[0].label	1	0	Phase 1	EXPERIMENTAL									UNKNOWN_IN_THIS_CACHE	no source-field-matched arm link and no comparator wording in the group record			NOT_ESTABLISHED_REGISTRY_JOIN_FIELDS_ABSENT_FROM_THIS_CACHE	ALL_REGISTERED_ARMS_NON_COMPARATOR_TYPED_CONDITIONAL	ASSUMES_THIS_RESULTS_GROUP_IS_A_SUBSET_OF_THE_REGISTERED_ARM_SET_MEMBERSHIP_UNPROVED		LEAF_LABEL_RESOLVES_UNIQUELY	Phase 1	LEAF-OUT/LEAF-QD-group2.tsv:line 108	RETAINED_UNVERIFIED_WITH_LOCATOR		armGroups[].label 'Phase 1'/'Phase 2a' matched by the group-title phase prefix, corroborated by armGroups[].description (Phase 1='Fixed 3+3 dose escalation ... advanced solid tumors'; Phase 2a='BAL101553 at MTD ...') against the group description	NEWLINE_TO_SPACE;CUT_AT_400_CHARS;TSV_WRITE_NORMALISES_TAB_AND_NEWLINE;ORIGINAL_RETRIEVABLE_ONLY_VIA_leaf_claim_locator	246	NO	NO	CONFIRMED	LEAF_WITHIN_RECORD_RELATION	Phase 1	NOT_CONTROL_CONFIRMED	UNKNOWN_WEAK_MATCH_ONLY	CHANGED_CLASS:NOT_CONTROL_ASSERTED->UNKNOWN	All dose cohorts (30 mg/m², 45 mg/m², 70 mg/m² and 90 mg/m²) of BAL101553 in patients with advanced solid tumors  BAL101553 48-hour infusion on day 1, 8, and 15 of each 28-day cycle; oral capsule daily for one week during Cycle 2	NEWLINE_TO_SPACE;CUT_AT_400_CHARS;TSV_WRITE_NORMALISES_TAB_AND_NEWLINE;ORIGINAL_RETRIEVABLE_ONLY_VIA_the cached source record	229
NCT02895360	Anti-tumor Activity of BAL101553 by Best Response Rate Per RECIST / RANO Criteria	Phase 2a - Patients With Ovarian Cancer in the FAP	11	2014_2017	bor	2	5	ALL_ARMS_NON_CONTROL_TYPED	EXPERIMENTAL | EXPERIMENTAL	PROPOSED	LEAF_CLAIM_NOT_VERIFIABLE_FROM_EXACT_SOURCE_FIELDS	DELIVERED_LEAF:LEAF-QD-group2.tsv	LEAF-OUT/LEAF-QD-group2.tsv:line 109; candidate protocolSection.armsInterventionsModule.armGroups[1].label	1	1	Phase 2a	EXPERIMENTAL									UNKNOWN_IN_THIS_CACHE	no source-field-matched arm link and no comparator wording in the group record			NOT_ESTABLISHED_REGISTRY_JOIN_FIELDS_ABSENT_FROM_THIS_CACHE	ALL_REGISTERED_ARMS_NON_COMPARATOR_TYPED_CONDITIONAL	ASSUMES_THIS_RESULTS_GROUP_IS_A_SUBSET_OF_THE_REGISTERED_ARM_SET_MEMBERSHIP_UNPROVED		LEAF_LABEL_RESOLVES_UNIQUELY	Phase 2a	LEAF-OUT/LEAF-QD-group2.tsv:line 109	RETAINED_UNVERIFIED_WITH_LOCATOR		armGroups[].label 'Phase 1'/'Phase 2a' matched by the group-title phase prefix, corroborated by armGroups[].description (Phase 1='Fixed 3+3 dose escalation ... advanced solid tumors'; Phase 2a='BAL101553 at MTD ...') against the group description	NEWLINE_TO_SPACE;CUT_AT_400_CHARS;TSV_WRITE_NORMALISES_TAB_AND_NEWLINE;ORIGINAL_RETRIEVABLE_ONLY_VIA_leaf_claim_locator	246	NO	NO	CONFIRMED	LEAF_WITHIN_RECORD_RELATION	Phase 2a	NOT_CONTROL_CONFIRMED	UNKNOWN_WEAK_MATCH_ONLY	CHANGED_CLASS:NOT_CONTROL_ASSERTED->UNKNOWN	BAL101553 at 70 mg/m² (MTD)  BAL101553 48-hour infusion on day 1, 8, and 15 of each 28-day cycle	NEWLINE_TO_SPACE;CUT_AT_400_CHARS;TSV_WRITE_NORMALISES_TAB_AND_NEWLINE;ORIGINAL_RETRIEVABLE_ONLY_VIA_the cached source record	96
NCT02895360	Anti-tumor Activity of BAL101553 by Best Response Rate Per RECIST / RANO Criteria	Phase 2a - Patients With Ovarian Cancer in the EEP	8	2014_2017	bor	2	5	ALL_ARMS_NON_CONTROL_TYPED	EXPERIMENTAL | EXPERIMENTAL	PROPOSED	LEAF_CLAIM_NOT_VERIFIABLE_FROM_EXACT_SOURCE_FIELDS	DELIVERED_LEAF:LEAF-QD-group2.tsv	LEAF-OUT/LEAF-QD-group2.tsv:line 110; candidate protocolSection.armsInterventionsModule.armGroups[1].label	1	1	Phase 2a	EXPERIMENTAL									UNKNOWN_IN_THIS_CACHE	no source-field-matched arm link and no comparator wording in the group record			NOT_ESTABLISHED_REGISTRY_JOIN_FIELDS_ABSENT_FROM_THIS_CACHE	ALL_REGISTERED_ARMS_NON_COMPARATOR_TYPED_CONDITIONAL	ASSUMES_THIS_RESULTS_GROUP_IS_A_SUBSET_OF_THE_REGISTERED_ARM_SET_MEMBERSHIP_UNPROVED		LEAF_LABEL_RESOLVES_UNIQUELY	Phase 2a	LEAF-OUT/LEAF-QD-group2.tsv:line 110	RETAINED_UNVERIFIED_WITH_LOCATOR		armGroups[].label 'Phase 1'/'Phase 2a' matched by the group-title phase prefix, corroborated by armGroups[].description (Phase 1='Fixed 3+3 dose escalation ... advanced solid tumors'; Phase 2a='BAL101553 at MTD ...') against the group description	NEWLINE_TO_SPACE;CUT_AT_400_CHARS;TSV_WRITE_NORMALISES_TAB_AND_NEWLINE;ORIGINAL_RETRIEVABLE_ONLY_VIA_leaf_claim_locator	246	NO	NO	CONFIRMED	LEAF_WITHIN_RECORD_RELATION	Phase 2a	NOT_CONTROL_CONFIRMED	UNKNOWN_WEAK_MATCH_ONLY	CHANGED_CLASS:NOT_CONTROL_ASSERTED->UNKNOWN	BAL101553 at 70 mg/m² (MTD)  BAL101553 48-hour infusion on day 1, 8, and 15 of each 28-day cycle	NEWLINE_TO_SPACE;CUT_AT_400_CHARS;TSV_WRITE_NORMALISES_TAB_AND_NEWLINE;ORIGINAL_RETRIEVABLE_ONLY_VIA_the cached source record	96
NCT02895360	Anti-tumor Activity of BAL101553 by Best Response Rate Per RECIST / RANO Criteria	Phase 2a - Patients With Recurrent Glioblastoma in the FAP	12	2014_2017	bor	2	5	ALL_ARMS_NON_CONTROL_TYPED	EXPERIMENTAL | EXPERIMENTAL	PROPOSED	LEAF_CLAIM_NOT_VERIFIABLE_FROM_EXACT_SOURCE_FIELDS	DELIVERED_LEAF:LEAF-QD-group2.tsv	LEAF-OUT/LEAF-QD-group2.tsv:line 111; candidate protocolSection.armsInterventionsModule.armGroups[1].label	1	1	Phase 2a	EXPERIMENTAL									UNKNOWN_IN_THIS_CACHE	no source-field-matched arm link and no comparator wording in the group record			NOT_ESTABLISHED_REGISTRY_JOIN_FIELDS_ABSENT_FROM_THIS_CACHE	ALL_REGISTERED_ARMS_NON_COMPARATOR_TYPED_CONDITIONAL	ASSUMES_THIS_RESULTS_GROUP_IS_A_SUBSET_OF_THE_REGISTERED_ARM_SET_MEMBERSHIP_UNPROVED		LEAF_LABEL_RESOLVES_UNIQUELY	Phase 2a	LEAF-OUT/LEAF-QD-group2.tsv:line 111	RETAINED_UNVERIFIED_WITH_LOCATOR		armGroups[].label 'Phase 1'/'Phase 2a' matched by the group-title phase prefix, corroborated by armGroups[].description (Phase 1='Fixed 3+3 dose escalation ... advanced solid tumors'; Phase 2a='BAL101553 at MTD ...') against the group description	NEWLINE_TO_SPACE;CUT_AT_400_CHARS;TSV_WRITE_NORMALISES_TAB_AND_NEWLINE;ORIGINAL_RETRIEVABLE_ONLY_VIA_leaf_claim_locator	246	NO	NO	CONFIRMED	LEAF_WITHIN_RECORD_RELATION	Phase 2a	NOT_CONTROL_CONFIRMED	UNKNOWN_WEAK_MATCH_ONLY	CHANGED_CLASS:NOT_CONTROL_ASSERTED->UNKNOWN	BAL101553 at 70 mg/m² (MTD)  BAL101553 48-hour infusion on day 1, 8, and 15 of each 28-day cycle	NEWLINE_TO_SPACE;CUT_AT_400_CHARS;TSV_WRITE_NORMALISES_TAB_AND_NEWLINE;ORIGINAL_RETRIEVABLE_ONLY_VIA_the cached source record	96
NCT02895360	Anti-tumor Activity of BAL101553 by Best Response Rate Per RECIST / RANO Criteria	Phase 2a - Patients With Recurrent Glioblastoma in the EEP	8	2014_2017	bor	2	5	ALL_ARMS_NON_CONTROL_TYPED	EXPERIMENTAL | EXPERIMENTAL	PROPOSED	LEAF_CLAIM_NOT_VERIFIABLE_FROM_EXACT_SOURCE_FIELDS	DELIVERED_LEAF:LEAF-QD-group2.tsv	LEAF-OUT/LEAF-QD-group2.tsv:line 112; candidate protocolSection.armsInterventionsModule.armGroups[1].label	1	1	Phase 2a	EXPERIMENTAL									UNKNOWN_IN_THIS_CACHE	no source-field-matched arm link and no comparator wording in the group record			NOT_ESTABLISHED_REGISTRY_JOIN_FIELDS_ABSENT_FROM_THIS_CACHE	ALL_REGISTERED_ARMS_NON_COMPARATOR_TYPED_CONDITIONAL	ASSUMES_THIS_RESULTS_GROUP_IS_A_SUBSET_OF_THE_REGISTERED_ARM_SET_MEMBERSHIP_UNPROVED		LEAF_LABEL_RESOLVES_UNIQUELY	Phase 2a	LEAF-OUT/LEAF-QD-group2.tsv:line 112	RETAINED_UNVERIFIED_WITH_LOCATOR		armGroups[].label 'Phase 1'/'Phase 2a' matched by the group-title phase prefix, corroborated by armGroups[].description (Phase 1='Fixed 3+3 dose escalation ... advanced solid tumors'; Phase 2a='BAL101553 at MTD ...') against the group description	NEWLINE_TO_SPACE;CUT_AT_400_CHARS;TSV_WRITE_NORMALISES_TAB_AND_NEWLINE;ORIGINAL_RETRIEVABLE_ONLY_VIA_leaf_claim_locator	246	NO	NO	CONFIRMED	LEAF_WITHIN_RECORD_RELATION	Phase 2a	NOT_CONTROL_CONFIRMED	UNKNOWN_WEAK_MATCH_ONLY	CHANGED_CLASS:NOT_CONTROL_ASSERTED->UNKNOWN	BAL101553 at 70 mg/m² (MTD)  BAL101553 48-hour infusion on day 1, 8, and 15 of each 28-day cycle	NEWLINE_TO_SPACE;CUT_AT_400_CHARS;TSV_WRITE_NORMALISES_TAB_AND_NEWLINE;ORIGINAL_RETRIEVABLE_ONLY_VIA_the cached source record	96
NCT02509507	Best Overall Response (BOR) Per Modified irRC-RECIST	Part 1: Monotherapy Group A	8	2014_2017	bor	2	9	ALL_ARMS_NON_CONTROL_TYPED	EXPERIMENTAL | EXPERIMENTAL	PROPOSED	LEAF_CLAIM_NOT_VERIFIABLE_FROM_EXACT_SOURCE_FIELDS	DELIVERED_LEAF:LEAF-QD-group1.tsv	LEAF-OUT/LEAF-QD-group1.tsv:line 48; candidate protocolSection.armsInterventionsModule.armGroups[0].label	1	0	Phase Ib/II Talimogene Laherparepvec	EXPERIMENTAL									UNKNOWN_IN_THIS_CACHE	no source-field-matched arm link and no comparator wording in the group record			NOT_ESTABLISHED_REGISTRY_JOIN_FIELDS_ABSENT_FROM_THIS_CACHE	ALL_REGISTERED_ARMS_NON_COMPARATOR_TYPED_CONDITIONAL	ASSUMES_THIS_RESULTS_GROUP_IS_A_SUBSET_OF_THE_REGISTERED_ARM_SET_MEMBERSHIP_UNPROVED		LEAF_LABEL_RESOLVES_UNIQUELY	Phase Ib/II Talimogene Laherparepvec	LEAF-OUT/LEAF-QD-group1.tsv:line 48	RETAINED_UNVERIFIED_WITH_LOCATOR		armGroups[0].interventionNames vs the interventions named in the group description	NEWLINE_TO_SPACE;CUT_AT_400_CHARS;TSV_WRITE_NORMALISES_TAB_AND_NEWLINE;ORIGINAL_RETRIEVABLE_ONLY_VIA_leaf_claim_locator	82	NO	NO	CONFIRMED	LEAF_WITHIN_RECORD_RELATION	Phase Ib/II Talimogene Laherparepvec	NOT_CONTROL_CONFIRMED	UNKNOWN	CHANGED_CLASS:NOT_CONTROL_ASSERTED->UNKNOWN	Participants with non-hepatocellular carcinoma (non-HCC) were administered talimogene laherparepvec by intralesional injection at an initial concentration of 10\^6 plaque forming unit (PFU)/mL in a volume of up to 4mL in Cohorts 1 \& 2 and up to a volume of 8 mL in Cohorts 3 \& 4 on Day 1 of the first 21-day cycle. The concentration of talimogene laherparepvec doses in the second and subsequent 21	NEWLINE_TO_SPACE;CUT_AT_400_CHARS;TSV_WRITE_NORMALISES_TAB_AND_NEWLINE;ORIGINAL_RETRIEVABLE_ONLY_VIA_the cached source record	473
NCT02509507	Best Overall Response (BOR) Per Modified irRC-RECIST	Part 1: Monotherapy Group B	2	2014_2017	bor	2	9	ALL_ARMS_NON_CONTROL_TYPED	EXPERIMENTAL | EXPERIMENTAL	PROPOSED	LEAF_CLAIM_NOT_VERIFIABLE_FROM_EXACT_SOURCE_FIELDS	DELIVERED_LEAF:LEAF-QD-group1.tsv	LEAF-OUT/LEAF-QD-group1.tsv:line 49; candidate protocolSection.armsInterventionsModule.armGroups[0].label	1	0	Phase Ib/II Talimogene Laherparepvec	EXPERIMENTAL									UNKNOWN_IN_THIS_CACHE	no source-field-matched arm link and no comparator wording in the group record			NOT_ESTABLISHED_REGISTRY_JOIN_FIELDS_ABSENT_FROM_THIS_CACHE	ALL_REGISTERED_ARMS_NON_COMPARATOR_TYPED_CONDITIONAL	ASSUMES_THIS_RESULTS_GROUP_IS_A_SUBSET_OF_THE_REGISTERED_ARM_SET_MEMBERSHIP_UNPROVED		LEAF_LABEL_RESOLVES_UNIQUELY	Phase Ib/II Talimogene Laherparepvec	LEAF-OUT/LEAF-QD-group1.tsv:line 49	RETAINED_UNVERIFIED_WITH_LOCATOR		armGroups[0].interventionNames vs the interventions named in the group description	NEWLINE_TO_SPACE;CUT_AT_400_CHARS;TSV_WRITE_NORMALISES_TAB_AND_NEWLINE;ORIGINAL_RETRIEVABLE_ONLY_VIA_leaf_claim_locator	82	NO	NO	CONFIRMED	LEAF_WITHIN_RECORD_RELATION	Phase Ib/II Talimogene Laherparepvec	NOT_CONTROL_CONFIRMED	UNKNOWN	CHANGED_CLASS:NOT_CONTROL_ASSERTED->UNKNOWN	Participants with hepatocellular carcinoma (HCC) were administered talimogene laherparepvec by intralesional injection at an initial concentration of 10\^6 plaque forming unit (PFU)/mL in a volume of up to 4mL in Cohorts 1 \& 2 and up to a volume of 8 mL in Cohorts 3 \& 4 on Day 1 of the first 21-day cycle. The concentration of talimogene laherparepvec doses in the second and subsequent 21-day cyc	NEWLINE_TO_SPACE;CUT_AT_400_CHARS;TSV_WRITE_NORMALISES_TAB_AND_NEWLINE;ORIGINAL_RETRIEVABLE_ONLY_VIA_the cached source record	465
NCT02509507	Best Overall Response (BOR) Per Modified irRC-RECIST	Part 1: Combination Therapy Group A	16	2014_2017	bor	2	9	ALL_ARMS_NON_CONTROL_TYPED	EXPERIMENTAL | EXPERIMENTAL	PROPOSED	LEAF_CLAIM_NOT_VERIFIABLE_FROM_EXACT_SOURCE_FIELDS	DELIVERED_LEAF:LEAF-QD-group1.tsv	LEAF-OUT/LEAF-QD-group1.tsv:line 46; candidate protocolSection.armsInterventionsModule.armGroups[1].label	1	1	Phase Ib/II Talimogene Laherparepvec + Pembrolizumab	EXPERIMENTAL									UNKNOWN_IN_THIS_CACHE	no source-field-matched arm link and no comparator wording in the group record			NOT_ESTABLISHED_REGISTRY_JOIN_FIELDS_ABSENT_FROM_THIS_CACHE	ALL_REGISTERED_ARMS_NON_COMPARATOR_TYPED_CONDITIONAL	ASSUMES_THIS_RESULTS_GROUP_IS_A_SUBSET_OF_THE_REGISTERED_ARM_SET_MEMBERSHIP_UNPROVED		LEAF_LABEL_RESOLVES_UNIQUELY	Phase Ib/II Talimogene Laherparepvec + Pembrolizumab	LEAF-OUT/LEAF-QD-group1.tsv:line 46	RETAINED_UNVERIFIED_WITH_LOCATOR		armGroups[1].interventionNames vs the interventions named in the group description	NEWLINE_TO_SPACE;CUT_AT_400_CHARS;TSV_WRITE_NORMALISES_TAB_AND_NEWLINE;ORIGINAL_RETRIEVABLE_ONLY_VIA_leaf_claim_locator	82	NO	NO	CONFIRMED	LEAF_WITHIN_RECORD_RELATION	Phase Ib/II Talimogene Laherparepvec + Pembrolizumab	NOT_CONTROL_CONFIRMED	UNKNOWN	CHANGED_CLASS:NOT_CONTROL_ASSERTED->UNKNOWN	Participants with non-hepatocellular carcinoma (non-HCC) were administered talimogene laherparepvec by intralesional injection at an initial concentration of 10\^6 plaque forming unit (PFU)/mL in a volume of up to 4mL in Cohorts 5 \& 6 on Day 1 of the first 21-day cycle. The concentration of talimogene laherparepvec doses in the second and subsequent 21-day cycles were 10\^7 (Cohort 5) or 10\^8 PF	NEWLINE_TO_SPACE;CUT_AT_400_CHARS;TSV_WRITE_NORMALISES_TAB_AND_NEWLINE;ORIGINAL_RETRIEVABLE_ONLY_VIA_the cached source record	536
NCT02509507	Best Overall Response (BOR) Per Modified irRC-RECIST	Part 1: Combination Therapy Group B	12	2014_2017	bor	2	9	ALL_ARMS_NON_CONTROL_TYPED	EXPERIMENTAL | EXPERIMENTAL	PROPOSED	LEAF_CLAIM_NOT_VERIFIABLE_FROM_EXACT_SOURCE_FIELDS	DELIVERED_LEAF:LEAF-QD-group1.tsv	LEAF-OUT/LEAF-QD-group1.tsv:line 47; candidate protocolSection.armsInterventionsModule.armGroups[1].label	1	1	Phase Ib/II Talimogene Laherparepvec + Pembrolizumab	EXPERIMENTAL									UNKNOWN_IN_THIS_CACHE	no source-field-matched arm link and no comparator wording in the group record			NOT_ESTABLISHED_REGISTRY_JOIN_FIELDS_ABSENT_FROM_THIS_CACHE	ALL_REGISTERED_ARMS_NON_COMPARATOR_TYPED_CONDITIONAL	ASSUMES_THIS_RESULTS_GROUP_IS_A_SUBSET_OF_THE_REGISTERED_ARM_SET_MEMBERSHIP_UNPROVED		LEAF_LABEL_RESOLVES_UNIQUELY	Phase Ib/II Talimogene Laherparepvec + Pembrolizumab	LEAF-OUT/LEAF-QD-group1.tsv:line 47	RETAINED_UNVERIFIED_WITH_LOCATOR		armGroups[1].interventionNames vs the interventions named in the group description	NEWLINE_TO_SPACE;CUT_AT_400_CHARS;TSV_WRITE_NORMALISES_TAB_AND_NEWLINE;ORIGINAL_RETRIEVABLE_ONLY_VIA_leaf_claim_locator	82	NO	NO	CONFIRMED	LEAF_WITHIN_RECORD_RELATION	Phase Ib/II Talimogene Laherparepvec + Pembrolizumab	NOT_CONTROL_CONFIRMED	UNKNOWN	CHANGED_CLASS:NOT_CONTROL_ASSERTED->UNKNOWN	Participants with hepatocellular carcinoma (HCC) were administered talimogene laherparepvec by intralesional injection at an initial concentration of 10\^6 plaque forming unit (PFU)/mL in a volume of up to 4mL in Cohorts 5, 6a (participants without viral hepatitis) and 6b (participants with well controlled viral hepatitis) on Day 1 of the first 21-day cycle. The concentration of talimogene laherpa	NEWLINE_TO_SPACE;CUT_AT_400_CHARS;TSV_WRITE_NORMALISES_TAB_AND_NEWLINE;ORIGINAL_RETRIEVABLE_ONLY_VIA_the cached source record	633
NCT02509507	Best Overall Response (BOR) Per Modified irRC-RECIST	Part 2: Hormone Receptor Positive Breast Cancer (HRBC)	5	2014_2017	bor	2	9	ALL_ARMS_NON_CONTROL_TYPED	EXPERIMENTAL | EXPERIMENTAL	PROPOSED	LEAF_CLAIM_NOT_VERIFIABLE_FROM_EXACT_SOURCE_FIELDS	DELIVERED_LEAF:LEAF-QD-group1.tsv	LEAF-OUT/LEAF-QD-group1.tsv:line 53; candidate protocolSection.armsInterventionsModule.armGroups[1].label	1	1	Phase Ib/II Talimogene Laherparepvec + Pembrolizumab	EXPERIMENTAL									UNKNOWN_IN_THIS_CACHE	no source-field-matched arm link and no comparator wording in the group record			NOT_ESTABLISHED_REGISTRY_JOIN_FIELDS_ABSENT_FROM_THIS_CACHE	ALL_REGISTERED_ARMS_NON_COMPARATOR_TYPED_CONDITIONAL	ASSUMES_THIS_RESULTS_GROUP_IS_A_SUBSET_OF_THE_REGISTERED_ARM_SET_MEMBERSHIP_UNPROVED		LEAF_LABEL_RESOLVES_UNIQUELY	Phase Ib/II Talimogene Laherparepvec + Pembrolizumab	LEAF-OUT/LEAF-QD-group1.tsv:line 53	RETAINED_UNVERIFIED_WITH_LOCATOR		armGroups[1].interventionNames vs the interventions named in the group description	NEWLINE_TO_SPACE;CUT_AT_400_CHARS;TSV_WRITE_NORMALISES_TAB_AND_NEWLINE;ORIGINAL_RETRIEVABLE_ONLY_VIA_leaf_claim_locator	82	NO	NO	CONFIRMED	LEAF_WITHIN_RECORD_RELATION	Phase Ib/II Talimogene Laherparepvec + Pembrolizumab	NOT_CONTROL_CONFIRMED	UNKNOWN	CHANGED_CLASS:NOT_CONTROL_ASSERTED->UNKNOWN	Participants with HRBC were administered talimogene laherparepvec by intralesional injection at the maximum tolerated concentration (MTC) and maximum tolerated volume (MTV) identified in Part 1 on Day 1 of each 21-day cycle.  Participants were also administered 200 mg of pembrolizumab on Day 1 of each 21-day cycle as an intravenous infusion.	NEWLINE_TO_SPACE;CUT_AT_400_CHARS;TSV_WRITE_NORMALISES_TAB_AND_NEWLINE;ORIGINAL_RETRIEVABLE_ONLY_VIA_the cached source record	343
NCT02509507	Best Overall Response (BOR) Per Modified irRC-RECIST	Part 2: Triple Negative Breast Cancer (TNBC)	9	2014_2017	bor	2	9	ALL_ARMS_NON_CONTROL_TYPED	EXPERIMENTAL | EXPERIMENTAL	PROPOSED	LEAF_CLAIM_NOT_VERIFIABLE_FROM_EXACT_SOURCE_FIELDS	DELIVERED_LEAF:LEAF-QD-group1.tsv	LEAF-OUT/LEAF-QD-group1.tsv:line 54; candidate protocolSection.armsInterventionsModule.armGroups[1].label	1	1	Phase Ib/II Talimogene Laherparepvec + Pembrolizumab	EXPERIMENTAL									UNKNOWN_IN_THIS_CACHE	no source-field-matched arm link and no comparator wording in the group record			NOT_ESTABLISHED_REGISTRY_JOIN_FIELDS_ABSENT_FROM_THIS_CACHE	ALL_REGISTERED_ARMS_NON_COMPARATOR_TYPED_CONDITIONAL	ASSUMES_THIS_RESULTS_GROUP_IS_A_SUBSET_OF_THE_REGISTERED_ARM_SET_MEMBERSHIP_UNPROVED		LEAF_LABEL_RESOLVES_UNIQUELY	Phase Ib/II Talimogene Laherparepvec + Pembrolizumab	LEAF-OUT/LEAF-QD-group1.tsv:line 54	RETAINED_UNVERIFIED_WITH_LOCATOR		armGroups[1].interventionNames vs the interventions named in the group description	NEWLINE_TO_SPACE;CUT_AT_400_CHARS;TSV_WRITE_NORMALISES_TAB_AND_NEWLINE;ORIGINAL_RETRIEVABLE_ONLY_VIA_leaf_claim_locator	82	NO	NO	CONFIRMED	LEAF_WITHIN_RECORD_RELATION	Phase Ib/II Talimogene Laherparepvec + Pembrolizumab	NOT_CONTROL_CONFIRMED	UNKNOWN	CHANGED_CLASS:NOT_CONTROL_ASSERTED->UNKNOWN	Participants with TNBC were administered talimogene laherparepvec by intralesional injection at the MTC and MTV identified in Part 1 on Day 1 of each 21-day cycle.  Participants were also administered 200 mg of pembrolizumab on Day 1 of each 21-day cycle as an intravenous infusion.	NEWLINE_TO_SPACE;CUT_AT_400_CHARS;TSV_WRITE_NORMALISES_TAB_AND_NEWLINE;ORIGINAL_RETRIEVABLE_ONLY_VIA_the cached source record	282
NCT02509507	Best Overall Response (BOR) Per Modified irRC-RECIST	Part 2: Cutaneous Squamous Cell Carcinoma (CSCC)	4	2014_2017	bor	2	9	ALL_ARMS_NON_CONTROL_TYPED	EXPERIMENTAL | EXPERIMENTAL	PROPOSED	LEAF_CLAIM_NOT_VERIFIABLE_FROM_EXACT_SOURCE_FIELDS	DELIVERED_LEAF:LEAF-QD-group1.tsv	LEAF-OUT/LEAF-QD-group1.tsv:line 52; candidate protocolSection.armsInterventionsModule.armGroups[1].label	1	1	Phase Ib/II Talimogene Laherparepvec + Pembrolizumab	EXPERIMENTAL									UNKNOWN_IN_THIS_CACHE	no source-field-matched arm link and no comparator wording in the group record			NOT_ESTABLISHED_REGISTRY_JOIN_FIELDS_ABSENT_FROM_THIS_CACHE	ALL_REGISTERED_ARMS_NON_COMPARATOR_TYPED_CONDITIONAL	ASSUMES_THIS_RESULTS_GROUP_IS_A_SUBSET_OF_THE_REGISTERED_ARM_SET_MEMBERSHIP_UNPROVED		LEAF_LABEL_RESOLVES_UNIQUELY	Phase Ib/II Talimogene Laherparepvec + Pembrolizumab	LEAF-OUT/LEAF-QD-group1.tsv:line 52	RETAINED_UNVERIFIED_WITH_LOCATOR		armGroups[1].interventionNames vs the interventions named in the group description	NEWLINE_TO_SPACE;CUT_AT_400_CHARS;TSV_WRITE_NORMALISES_TAB_AND_NEWLINE;ORIGINAL_RETRIEVABLE_ONLY_VIA_leaf_claim_locator	82	NO	NO	CONFIRMED	LEAF_WITHIN_RECORD_RELATION	Phase Ib/II Talimogene Laherparepvec + Pembrolizumab	NOT_CONTROL_CONFIRMED	UNKNOWN	CHANGED_CLASS:NOT_CONTROL_ASSERTED->UNKNOWN	Participants with CSCC were administered talimogene laherparepvec by intralesional injection at the MTC and MTV identified in Part 1 on Day 1 of each 21-day cycle.  Participants were also administered 200 mg of pembrolizumab on Day 1 of each 21-day cycle as an intravenous infusion.	NEWLINE_TO_SPACE;CUT_AT_400_CHARS;TSV_WRITE_NORMALISES_TAB_AND_NEWLINE;ORIGINAL_RETRIEVABLE_ONLY_VIA_the cached source record	282
NCT02509507	Best Overall Response (BOR) Per Modified irRC-RECIST	Part 2: Basal Cell Carcinoma (BCC)	3	2014_2017	bor	2	9	ALL_ARMS_NON_CONTROL_TYPED	EXPERIMENTAL | EXPERIMENTAL	PROPOSED	LEAF_CLAIM_NOT_VERIFIABLE_FROM_EXACT_SOURCE_FIELDS	DELIVERED_LEAF:LEAF-QD-group1.tsv	LEAF-OUT/LEAF-QD-group1.tsv:line 50; candidate protocolSection.armsInterventionsModule.armGroups[1].label	1	1	Phase Ib/II Talimogene Laherparepvec + Pembrolizumab	EXPERIMENTAL									UNKNOWN_IN_THIS_CACHE	no source-field-matched arm link and no comparator wording in the group record			NOT_ESTABLISHED_REGISTRY_JOIN_FIELDS_ABSENT_FROM_THIS_CACHE	ALL_REGISTERED_ARMS_NON_COMPARATOR_TYPED_CONDITIONAL	ASSUMES_THIS_RESULTS_GROUP_IS_A_SUBSET_OF_THE_REGISTERED_ARM_SET_MEMBERSHIP_UNPROVED		LEAF_LABEL_RESOLVES_UNIQUELY	Phase Ib/II Talimogene Laherparepvec + Pembrolizumab	LEAF-OUT/LEAF-QD-group1.tsv:line 50	RETAINED_UNVERIFIED_WITH_LOCATOR		armGroups[1].interventionNames vs the interventions named in the group description	NEWLINE_TO_SPACE;CUT_AT_400_CHARS;TSV_WRITE_NORMALISES_TAB_AND_NEWLINE;ORIGINAL_RETRIEVABLE_ONLY_VIA_leaf_claim_locator	82	NO	NO	CONFIRMED	LEAF_WITHIN_RECORD_RELATION	Phase Ib/II Talimogene Laherparepvec + Pembrolizumab	NOT_CONTROL_CONFIRMED	UNKNOWN	CHANGED_CLASS:NOT_CONTROL_ASSERTED->UNKNOWN	Participants with BCC were administered talimogene laherparepvec by intralesional injection at the MTC and MTV identified in Part 1 on Day 1 of each 21-day cycle.  Participants were also administered 200 mg of pembrolizumab on Day 1 of each 21-day cycle as an intravenous infusion.	NEWLINE_TO_SPACE;CUT_AT_400_CHARS;TSV_WRITE_NORMALISES_TAB_AND_NEWLINE;ORIGINAL_RETRIEVABLE_ONLY_VIA_the cached source record	281
NCT02509507	Best Overall Response (BOR) Per Modified irRC-RECIST	Part 2: Colorectal Adenocarcinoma (CRC)	4	2014_2017	bor	2	9	ALL_ARMS_NON_CONTROL_TYPED	EXPERIMENTAL | EXPERIMENTAL	PROPOSED	LEAF_CLAIM_NOT_VERIFIABLE_FROM_EXACT_SOURCE_FIELDS	DELIVERED_LEAF:LEAF-QD-group1.tsv	LEAF-OUT/LEAF-QD-group1.tsv:line 51; candidate protocolSection.armsInterventionsModule.armGroups[1].label	1	1	Phase Ib/II Talimogene Laherparepvec + Pembrolizumab	EXPERIMENTAL									UNKNOWN_IN_THIS_CACHE	no source-field-matched arm link and no comparator wording in the group record			NOT_ESTABLISHED_REGISTRY_JOIN_FIELDS_ABSENT_FROM_THIS_CACHE	ALL_REGISTERED_ARMS_NON_COMPARATOR_TYPED_CONDITIONAL	ASSUMES_THIS_RESULTS_GROUP_IS_A_SUBSET_OF_THE_REGISTERED_ARM_SET_MEMBERSHIP_UNPROVED		LEAF_LABEL_RESOLVES_UNIQUELY	Phase Ib/II Talimogene Laherparepvec + Pembrolizumab	LEAF-OUT/LEAF-QD-group1.tsv:line 51	RETAINED_UNVERIFIED_WITH_LOCATOR		armGroups[1].interventionNames vs the interventions named in the group description	NEWLINE_TO_SPACE;CUT_AT_400_CHARS;TSV_WRITE_NORMALISES_TAB_AND_NEWLINE;ORIGINAL_RETRIEVABLE_ONLY_VIA_leaf_claim_locator	82	NO	NO	CONFIRMED	LEAF_WITHIN_RECORD_RELATION	Phase Ib/II Talimogene Laherparepvec + Pembrolizumab	NOT_CONTROL_CONFIRMED	UNKNOWN	CHANGED_CLASS:NOT_CONTROL_ASSERTED->UNKNOWN	Participants with CRC were administered talimogene laherparepvec by intralesional injection at the MTC and MTV identified in Part 1 on Day 1 of each 21-day cycle.  Participants were also administered 200 mg of pembrolizumab on Day 1 of each 21-day cycle as an intravenous infusion.	NEWLINE_TO_SPACE;CUT_AT_400_CHARS;TSV_WRITE_NORMALISES_TAB_AND_NEWLINE;ORIGINAL_RETRIEVABLE_ONLY_VIA_the cached source record	281
NCT02762981	Best Response Rate in Participants With Tumor Glucocorticoid Receptor (GR) Above or Below the Median Overall Level	GR H-score Above the Overall Median	15	2014_2017	bor	1	2	ALL_ARMS_NON_CONTROL_TYPED	EXPERIMENTAL	PROPOSED	LEAF_CLAIM_NOT_VERIFIABLE_FROM_EXACT_SOURCE_FIELDS	DELIVERED_LEAF:LEAF-QD-group2.tsv	LEAF-OUT/LEAF-QD-group2.tsv:line 38; candidate protocolSection.armsInterventionsModule.armGroups[0].label	1	0	Relacorilant with nab-paclitaxel	EXPERIMENTAL									UNKNOWN_IN_THIS_CACHE	no source-field-matched arm link and no comparator wording in the group record			NOT_ESTABLISHED_REGISTRY_JOIN_FIELDS_ABSENT_FROM_THIS_CACHE	ALL_REGISTERED_ARMS_NON_COMPARATOR_TYPED_CONDITIONAL	ASSUMES_THIS_RESULTS_GROUP_IS_A_SUBSET_OF_THE_REGISTERED_ARM_SET_MEMBERSHIP_UNPROVED		LEAF_LABEL_RESOLVES_UNIQUELY	Relacorilant with nab-paclitaxel	LEAF-OUT/LEAF-QD-group2.tsv:line 38	RETAINED_UNVERIFIED_WITH_LOCATOR		only one registered arm (armGroups[0], 1 of 1); group description names relacorilant + nab-paclitaxel and the Segment I/II dosing regimens, matching armGroups[0].description	NEWLINE_TO_SPACE;CUT_AT_400_CHARS;TSV_WRITE_NORMALISES_TAB_AND_NEWLINE;ORIGINAL_RETRIEVABLE_ONLY_VIA_leaf_claim_locator	173	NO	YES	CONFIRMED	LEAF_WITHIN_RECORD_RELATION	Relacorilant with nab-paclitaxel	NOT_CONTROL_CONFIRMED	NOT_CONTROL_SINGLE_ARM_TRIAL	CHANGED_CLASS:NOT_CONTROL_ASSERTED->UNKNOWN	Participants from Segment I and Segment II who had above the overall median GR H-score at Baseline. Segment I: following lead-in, continuous dosing participants received oral relacorilant once daily, in combination with nab-paclitaxel infusions on Days 1, 8, and 15 of each 28-day cycle. Segment II following lead-in, intermittent dosing participants received oral relacorilant the day before, the da	NEWLINE_TO_SPACE;CUT_AT_400_CHARS;TSV_WRITE_NORMALISES_TAB_AND_NEWLINE;ORIGINAL_RETRIEVABLE_ONLY_VIA_the cached source record	491
NCT02762981	Best Response Rate in Participants With Tumor Glucocorticoid Receptor (GR) Above or Below the Median Overall Level	GR H-score Below the Overall Median	12	2014_2017	bor	1	2	ALL_ARMS_NON_CONTROL_TYPED	EXPERIMENTAL	PROPOSED	LEAF_CLAIM_NOT_VERIFIABLE_FROM_EXACT_SOURCE_FIELDS	DELIVERED_LEAF:LEAF-QD-group2.tsv	LEAF-OUT/LEAF-QD-group2.tsv:line 39; candidate protocolSection.armsInterventionsModule.armGroups[0].label	1	0	Relacorilant with nab-paclitaxel	EXPERIMENTAL									UNKNOWN_IN_THIS_CACHE	no source-field-matched arm link and no comparator wording in the group record			NOT_ESTABLISHED_REGISTRY_JOIN_FIELDS_ABSENT_FROM_THIS_CACHE	ALL_REGISTERED_ARMS_NON_COMPARATOR_TYPED_CONDITIONAL	ASSUMES_THIS_RESULTS_GROUP_IS_A_SUBSET_OF_THE_REGISTERED_ARM_SET_MEMBERSHIP_UNPROVED		LEAF_LABEL_RESOLVES_UNIQUELY	Relacorilant with nab-paclitaxel	LEAF-OUT/LEAF-QD-group2.tsv:line 39	RETAINED_UNVERIFIED_WITH_LOCATOR		only one registered arm (armGroups[0], 1 of 1); group description names relacorilant + nab-paclitaxel and the Segment I/II dosing regimens, matching armGroups[0].description	NEWLINE_TO_SPACE;CUT_AT_400_CHARS;TSV_WRITE_NORMALISES_TAB_AND_NEWLINE;ORIGINAL_RETRIEVABLE_ONLY_VIA_leaf_claim_locator	173	NO	YES	CONFIRMED	LEAF_WITHIN_RECORD_RELATION	Relacorilant with nab-paclitaxel	NOT_CONTROL_CONFIRMED	NOT_CONTROL_SINGLE_ARM_TRIAL	CHANGED_CLASS:NOT_CONTROL_ASSERTED->UNKNOWN	Participants from Segment I and Segment II who had below the overall median GR H-score at Baseline. Segment I: following lead-in, continuous dosing participants received oral relacorilant once daily, in combination with nab-paclitaxel infusions on Days 1, 8, and 15 of each 28-day cycle. Segment II: following lead-in, intermittent dosing participants received oral relacorilant the day before, the d	NEWLINE_TO_SPACE;CUT_AT_400_CHARS;TSV_WRITE_NORMALISES_TAB_AND_NEWLINE;ORIGINAL_RETRIEVABLE_ONLY_VIA_the cached source record	492
NCT02124772	Best Overall Response (BOR) Based on RECIST v1.1, RANO and Dombi Criteria and as Per Investigator Assessment	Part A - TMT 0.0125 mg/kg/Day	1	2014_2017	bor	13	13	ALL_ARMS_NON_CONTROL_TYPED	EXPERIMENTAL | EXPERIMENTAL | EXPERIMENTAL | EXPERIMENTAL | EXPERIMENTAL | EXPERIMENTAL | EXPERIMENTAL | EXPERIMENTAL | EXPERIMENTAL | EXPERIMENTAL | EXPERIMENTAL | EXPERIMENTAL | EXPERIMENTAL	SOURCE_FIELD_MATCH	TWO_AGREEING_FIELD_MATCHES:LABEL_CASE_WS_FOLD+DESC_BYTE_EXACT	SOURCE_RECORD	protocolSection.armsInterventionsModule.armGroups[0].label and protocolSection.armsInterventionsModule.armGroups[0].description	1	0	Part A - TMT 0.0125 mg/kg/day	EXPERIMENTAL	0	Part A - TMT 0.0125 mg/kg/day	EXPERIMENTAL						NOT_ESTABLISHED_IN_THIS_CACHE	bound arm 0 registered type EXPERIMENTAL (verbatim). A registered type of EXPERIMENTAL/OTHER is not evidence that this group had no comparator role; no comparator evidence exists in this cache either way			NOT_ESTABLISHED_REGISTRY_JOIN_FIELDS_ABSENT_FROM_THIS_CACHE	BOUND_ARM_REGISTERED_TYPE_IS_EXPERIMENTAL	ASSUMES_TWO_AGREEING_SOURCE_FIELD_MATCHES_ARE_ARM_IDENTITY_UNPROVED		NO_LEAF									NO	CONFIRMED	LABEL_CASE_AND_WHITESPACE_ONLY	Part A - TMT 0.0125 mg/kg/day	NOT_CONTROL_CONFIRMED	NOT_CONTROL	CHANGED_CLASS:NOT_CONTROL_ASSERTED->NOT_ESTABLISHED	Participants treated with trametinib 0.0125 mg/kg/day	NEWLINE_TO_SPACE;CUT_AT_400_CHARS;TSV_WRITE_NORMALISES_TAB_AND_NEWLINE;ORIGINAL_RETRIEVABLE_ONLY_VIA_the cached source record	53
NCT02124772	Best Overall Response (BOR) Based on RECIST v1.1, RANO and Dombi Criteria and as Per Investigator Assessment	Part A - TMT 0.025 mg/kg/Day	3	2014_2017	bor	13	13	ALL_ARMS_NON_CONTROL_TYPED	EXPERIMENTAL | EXPERIMENTAL | EXPERIMENTAL | EXPERIMENTAL | EXPERIMENTAL | EXPERIMENTAL | EXPERIMENTAL | EXPERIMENTAL | EXPERIMENTAL | EXPERIMENTAL | EXPERIMENTAL | EXPERIMENTAL | EXPERIMENTAL	SOURCE_FIELD_MATCH	TWO_AGREEING_FIELD_MATCHES:LABEL_CASE_WS_FOLD+DESC_BYTE_EXACT	SOURCE_RECORD	protocolSection.armsInterventionsModule.armGroups[1].label and protocolSection.armsInterventionsModule.armGroups[1].description	1	1	Part A - TMT 0.025 mg/kg/day	EXPERIMENTAL	1	Part A - TMT 0.025 mg/kg/day	EXPERIMENTAL						NOT_ESTABLISHED_IN_THIS_CACHE	bound arm 1 registered type EXPERIMENTAL (verbatim). A registered type of EXPERIMENTAL/OTHER is not evidence that this group had no comparator role; no comparator evidence exists in this cache either way			NOT_ESTABLISHED_REGISTRY_JOIN_FIELDS_ABSENT_FROM_THIS_CACHE	BOUND_ARM_REGISTERED_TYPE_IS_EXPERIMENTAL	ASSUMES_TWO_AGREEING_SOURCE_FIELD_MATCHES_ARE_ARM_IDENTITY_UNPROVED		NO_LEAF									NO	CONFIRMED	LABEL_CASE_AND_WHITESPACE_ONLY	Part A - TMT 0.025 mg/kg/day	NOT_CONTROL_CONFIRMED	NOT_CONTROL	CHANGED_CLASS:NOT_CONTROL_ASSERTED->NOT_ESTABLISHED	Participants treated with trametinib 0.025 mg/kg/day	NEWLINE_TO_SPACE;CUT_AT_400_CHARS;TSV_WRITE_NORMALISES_TAB_AND_NEWLINE;ORIGINAL_RETRIEVABLE_ONLY_VIA_the cached source record	52
NCT02124772	Best Overall Response (BOR) Based on RECIST v1.1, RANO and Dombi Criteria and as Per Investigator Assessment	Part A - TMT 0.032 mg/kg/Day	6	2014_2017	bor	13	13	ALL_ARMS_NON_CONTROL_TYPED	EXPERIMENTAL | EXPERIMENTAL | EXPERIMENTAL | EXPERIMENTAL | EXPERIMENTAL | EXPERIMENTAL | EXPERIMENTAL | EXPERIMENTAL | EXPERIMENTAL | EXPERIMENTAL | EXPERIMENTAL | EXPERIMENTAL | EXPERIMENTAL	SOURCE_FIELD_MATCH	TWO_AGREEING_FIELD_MATCHES:LABEL_CASE_WS_FOLD+DESC_BYTE_EXACT	SOURCE_RECORD	protocolSection.armsInterventionsModule.armGroups[2].label and protocolSection.armsInterventionsModule.armGroups[2].description	1	2	Part A - TMT 0.032 mg/kg/day	EXPERIMENTAL	2	Part A - TMT 0.032 mg/kg/day	EXPERIMENTAL						NOT_ESTABLISHED_IN_THIS_CACHE	bound arm 2 registered type EXPERIMENTAL (verbatim). A registered type of EXPERIMENTAL/OTHER is not evidence that this group had no comparator role; no comparator evidence exists in this cache either way			NOT_ESTABLISHED_REGISTRY_JOIN_FIELDS_ABSENT_FROM_THIS_CACHE	BOUND_ARM_REGISTERED_TYPE_IS_EXPERIMENTAL	ASSUMES_TWO_AGREEING_SOURCE_FIELD_MATCHES_ARE_ARM_IDENTITY_UNPROVED		NO_LEAF									NO	CONFIRMED	LABEL_CASE_AND_WHITESPACE_ONLY	Part A - TMT 0.032 mg/kg/day	NOT_CONTROL_CONFIRMED	NOT_CONTROL	CHANGED_CLASS:NOT_CONTROL_ASSERTED->NOT_ESTABLISHED	Participants under 6 years of age treated with trametinib 0.032 mg/kg/day	NEWLINE_TO_SPACE;CUT_AT_400_CHARS;TSV_WRITE_NORMALISES_TAB_AND_NEWLINE;ORIGINAL_RETRIEVABLE_ONLY_VIA_the cached source record	73
NCT02124772	Best Overall Response (BOR) Based on RECIST v1.1, RANO and Dombi Criteria and as Per Investigator Assessment	Part A - TMT 0.04 mg/kg/Day	4	2014_2017	bor	13	13	ALL_ARMS_NON_CONTROL_TYPED	EXPERIMENTAL | EXPERIMENTAL | EXPERIMENTAL | EXPERIMENTAL | EXPERIMENTAL | EXPERIMENTAL | EXPERIMENTAL | EXPERIMENTAL | EXPERIMENTAL | EXPERIMENTAL | EXPERIMENTAL | EXPERIMENTAL | EXPERIMENTAL	SOURCE_FIELD_MATCH	TWO_AGREEING_FIELD_MATCHES:LABEL_CASE_WS_FOLD+DESC_BYTE_EXACT	SOURCE_RECORD	protocolSection.armsInterventionsModule.armGroups[3].label and protocolSection.armsInterventionsModule.armGroups[3].description	1	3	Part A - TMT 0.04 mg/kg/day	EXPERIMENTAL	3	Part A - TMT 0.04 mg/kg/day	EXPERIMENTAL						NOT_ESTABLISHED_IN_THIS_CACHE	bound arm 3 registered type EXPERIMENTAL (verbatim). A registered type of EXPERIMENTAL/OTHER is not evidence that this group had no comparator role; no comparator evidence exists in this cache either way			NOT_ESTABLISHED_REGISTRY_JOIN_FIELDS_ABSENT_FROM_THIS_CACHE	BOUND_ARM_REGISTERED_TYPE_IS_EXPERIMENTAL	ASSUMES_TWO_AGREEING_SOURCE_FIELD_MATCHES_ARE_ARM_IDENTITY_UNPROVED		NO_LEAF									NO	CONFIRMED	LABEL_CASE_AND_WHITESPACE_ONLY	Part A - TMT 0.04 mg/kg/day	NOT_CONTROL_CONFIRMED	NOT_CONTROL	CHANGED_CLASS:NOT_CONTROL_ASSERTED->NOT_ESTABLISHED	Participants treated with trametinib 0.04 mg/kg/day	NEWLINE_TO_SPACE;CUT_AT_400_CHARS;TSV_WRITE_NORMALISES_TAB_AND_NEWLINE;ORIGINAL_RETRIEVABLE_ONLY_VIA_the cached source record	51
NCT02124772	Best Overall Response (BOR) Based on RECIST v1.1, RANO and Dombi Criteria and as Per Investigator Assessment	Part B - Neuroblastoma	7	2014_2017	bor	13	13	ALL_ARMS_NON_CONTROL_TYPED	EXPERIMENTAL | EXPERIMENTAL | EXPERIMENTAL | EXPERIMENTAL | EXPERIMENTAL | EXPERIMENTAL | EXPERIMENTAL | EXPERIMENTAL | EXPERIMENTAL | EXPERIMENTAL | EXPERIMENTAL | EXPERIMENTAL | EXPERIMENTAL	LABEL_MATCH	LABEL_FIELD_MATCH_ONLY:LABEL_BYTE_EXACT	SOURCE_RECORD	protocolSection.armsInterventionsModule.armGroups[4].label	1	4	Part B - Neuroblastoma	EXPERIMENTAL	4	Part B - Neuroblastoma	EXPERIMENTAL						NOT_ESTABLISHED_IN_THIS_CACHE	bound arm 4 registered type EXPERIMENTAL (verbatim). A registered type of EXPERIMENTAL/OTHER is not evidence that this group had no comparator role; no comparator evidence exists in this cache either way			NOT_ESTABLISHED_REGISTRY_JOIN_FIELDS_ABSENT_FROM_THIS_CACHE	BOUND_ARM_REGISTERED_TYPE_IS_EXPERIMENTAL	ASSUMES_LABEL_FIELD_CORRESPONDENCE_IS_ARM_IDENTITY_UNPROVED		NO_LEAF									NO	CONFIRMED	LABEL_BYTE_EXACT	Part B - Neuroblastoma	NOT_CONTROL_CONFIRMED	NOT_CONTROL	CHANGED_CLASS:NOT_CONTROL_ASSERTED->NOT_ESTABLISHED	Participants with refractory or relapsed neuroblastoma treated with trametinib 0.025 mg/kg/day	NEWLINE_TO_SPACE;CUT_AT_400_CHARS;TSV_WRITE_NORMALISES_TAB_AND_NEWLINE;ORIGINAL_RETRIEVABLE_ONLY_VIA_the cached source record	94
NCT02124772	Best Overall Response (BOR) Based on RECIST v1.1, RANO and Dombi Criteria and as Per Investigator Assessment	Part B - LGG Fusion	10	2014_2017	bor	13	13	ALL_ARMS_NON_CONTROL_TYPED	EXPERIMENTAL | EXPERIMENTAL | EXPERIMENTAL | EXPERIMENTAL | EXPERIMENTAL | EXPERIMENTAL | EXPERIMENTAL | EXPERIMENTAL | EXPERIMENTAL | EXPERIMENTAL | EXPERIMENTAL | EXPERIMENTAL | EXPERIMENTAL	LABEL_MATCH	LABEL_FIELD_MATCH_ONLY:LABEL_CASE_WS_FOLD	SOURCE_RECORD	protocolSection.armsInterventionsModule.armGroups[5].label	1	5	Part B - LGG fusion	EXPERIMENTAL	5	Part B - LGG fusion	EXPERIMENTAL						NOT_ESTABLISHED_IN_THIS_CACHE	bound arm 5 registered type EXPERIMENTAL (verbatim). A registered type of EXPERIMENTAL/OTHER is not evidence that this group had no comparator role; no comparator evidence exists in this cache either way			NOT_ESTABLISHED_REGISTRY_JOIN_FIELDS_ABSENT_FROM_THIS_CACHE	BOUND_ARM_REGISTERED_TYPE_IS_EXPERIMENTAL	ASSUMES_LABEL_FIELD_CORRESPONDENCE_IS_ARM_IDENTITY_UNPROVED		NO_LEAF									NO	CONFIRMED	LABEL_CASE_AND_WHITESPACE_ONLY	Part B - LGG fusion	NOT_CONTROL_CONFIRMED	NOT_CONTROL	CHANGED_CLASS:NOT_CONTROL_ASSERTED->NOT_ESTABLISHED	Participants with refractory or relapsed neuroblastoma treated with trametinib 0.025 mg/kg/day	NEWLINE_TO_SPACE;CUT_AT_400_CHARS;TSV_WRITE_NORMALISES_TAB_AND_NEWLINE;ORIGINAL_RETRIEVABLE_ONLY_VIA_the cached source record	94
NCT02124772	Best Overall Response (BOR) Based on RECIST v1.1, RANO and Dombi Criteria and as Per Investigator Assessment	Part B - NF-1 With PN	8	2014_2017	bor	13	13	ALL_ARMS_NON_CONTROL_TYPED	EXPERIMENTAL | EXPERIMENTAL | EXPERIMENTAL | EXPERIMENTAL | EXPERIMENTAL | EXPERIMENTAL | EXPERIMENTAL | EXPERIMENTAL | EXPERIMENTAL | EXPERIMENTAL | EXPERIMENTAL | EXPERIMENTAL | EXPERIMENTAL	SOURCE_FIELD_MATCH	TWO_AGREEING_FIELD_MATCHES:LABEL_CASE_WS_FOLD+DESC_BYTE_EXACT	SOURCE_RECORD	protocolSection.armsInterventionsModule.armGroups[6].label and protocolSection.armsInterventionsModule.armGroups[6].description	1	6	Part B - NF-1 with PN	EXPERIMENTAL	6	Part B - NF-1 with PN	EXPERIMENTAL						NOT_ESTABLISHED_IN_THIS_CACHE	bound arm 6 registered type EXPERIMENTAL (verbatim). A registered type of EXPERIMENTAL/OTHER is not evidence that this group had no comparator role; no comparator evidence exists in this cache either way			NOT_ESTABLISHED_REGISTRY_JOIN_FIELDS_ABSENT_FROM_THIS_CACHE	BOUND_ARM_REGISTERED_TYPE_IS_EXPERIMENTAL	ASSUMES_TWO_AGREEING_SOURCE_FIELD_MATCHES_ARE_ARM_IDENTITY_UNPROVED		NO_LEAF									NO	CONFIRMED	LABEL_CASE_AND_WHITESPACE_ONLY	Part B - NF-1 with PN	NOT_CONTROL_CONFIRMED	NOT_CONTROL	CHANGED_CLASS:NOT_CONTROL_ASSERTED->NOT_ESTABLISHED	Participants with neurofibromatosis Type -1 associated plexiform neurofibromas (NF-1 with PN) treated with trametinib 0.025 mg/kg/day	NEWLINE_TO_SPACE;CUT_AT_400_CHARS;TSV_WRITE_NORMALISES_TAB_AND_NEWLINE;ORIGINAL_RETRIEVABLE_ONLY_VIA_the cached source record	133
NCT02124772	Best Overall Response (BOR) Based on RECIST v1.1, RANO and Dombi Criteria and as Per Investigator Assessment	Part B - BRAF V600 Mutant Solid Tumor	10	2014_2017	bor	13	13	ALL_ARMS_NON_CONTROL_TYPED	EXPERIMENTAL | EXPERIMENTAL | EXPERIMENTAL | EXPERIMENTAL | EXPERIMENTAL | EXPERIMENTAL | EXPERIMENTAL | EXPERIMENTAL | EXPERIMENTAL | EXPERIMENTAL | EXPERIMENTAL | EXPERIMENTAL | EXPERIMENTAL	SOURCE_FIELD_MATCH	TWO_AGREEING_FIELD_MATCHES:LABEL_CASE_WS_FOLD+DESC_BYTE_EXACT	SOURCE_RECORD	protocolSection.armsInterventionsModule.armGroups[7].label and protocolSection.armsInterventionsModule.armGroups[7].description	1	7	Part B - BRAF V600 mutant solid tumor	EXPERIMENTAL	7	Part B - BRAF V600 mutant solid tumor	EXPERIMENTAL						NOT_ESTABLISHED_IN_THIS_CACHE	bound arm 7 registered type EXPERIMENTAL (verbatim). A registered type of EXPERIMENTAL/OTHER is not evidence that this group had no comparator role; no comparator evidence exists in this cache either way			NOT_ESTABLISHED_REGISTRY_JOIN_FIELDS_ABSENT_FROM_THIS_CACHE	BOUND_ARM_REGISTERED_TYPE_IS_EXPERIMENTAL	ASSUMES_TWO_AGREEING_SOURCE_FIELD_MATCHES_ARE_ARM_IDENTITY_UNPROVED		NO_LEAF									NO	CONFIRMED	LABEL_CASE_AND_WHITESPACE_ONLY	Part B - BRAF V600 mutant solid tumor	NOT_CONTROL_CONFIRMED	NOT_CONTROL	CHANGED_CLASS:NOT_CONTROL_ASSERTED->NOT_ESTABLISHED	Participants with BRAF V600 mutant solid tumors treated with trametinib 0.025 mg/kg/day	NEWLINE_TO_SPACE;CUT_AT_400_CHARS;TSV_WRITE_NORMALISES_TAB_AND_NEWLINE;ORIGINAL_RETRIEVABLE_ONLY_VIA_the cached source record	87
NCT02124772	Best Overall Response (BOR) Based on RECIST v1.1, RANO and Dombi Criteria and as Per Investigator Assessment	Part C - TMT 0.025 mg/kg/Day + 50% DRB RP2D	3	2014_2017	bor	13	13	ALL_ARMS_NON_CONTROL_TYPED	EXPERIMENTAL | EXPERIMENTAL | EXPERIMENTAL | EXPERIMENTAL | EXPERIMENTAL | EXPERIMENTAL | EXPERIMENTAL | EXPERIMENTAL | EXPERIMENTAL | EXPERIMENTAL | EXPERIMENTAL | EXPERIMENTAL | EXPERIMENTAL	SOURCE_FIELD_MATCH	TWO_AGREEING_FIELD_MATCHES:LABEL_CASE_WS_FOLD+DESC_BYTE_EXACT	SOURCE_RECORD	protocolSection.armsInterventionsModule.armGroups[8].label and protocolSection.armsInterventionsModule.armGroups[8].description	1	8	Part C - TMT 0.025 mg/kg/day + 50% DRB RP2D	EXPERIMENTAL	8	Part C - TMT 0.025 mg/kg/day + 50% DRB RP2D	EXPERIMENTAL						NOT_ESTABLISHED_IN_THIS_CACHE	bound arm 8 registered type EXPERIMENTAL (verbatim). A registered type of EXPERIMENTAL/OTHER is not evidence that this group had no comparator role; no comparator evidence exists in this cache either way			NOT_ESTABLISHED_REGISTRY_JOIN_FIELDS_ABSENT_FROM_THIS_CACHE	BOUND_ARM_REGISTERED_TYPE_IS_EXPERIMENTAL	ASSUMES_TWO_AGREEING_SOURCE_FIELD_MATCHES_ARE_ARM_IDENTITY_UNPROVED		NO_LEAF									NO	CONFIRMED	LABEL_CASE_AND_WHITESPACE_ONLY	Part C - TMT 0.025 mg/kg/day + 50% DRB RP2D	NOT_CONTROL_CONFIRMED	NOT_CONTROL	CHANGED_CLASS:NOT_CONTROL_ASSERTED->NOT_ESTABLISHED	Participants treated with a combination therapy of trametinib (0.025 mg/kg/day) plus 50% of the recommended phase II dose (RP2D) of dabrafenib monotherapy (2.63 mg/kg/day for \<12 years old subjects and 2.25 mg/kg/day for ≥12 years old subjects)	NEWLINE_TO_SPACE;CUT_AT_400_CHARS;TSV_WRITE_NORMALISES_TAB_AND_NEWLINE;ORIGINAL_RETRIEVABLE_ONLY_VIA_the cached source record	245
NCT02124772	Best Overall Response (BOR) Based on RECIST v1.1, RANO and Dombi Criteria and as Per Investigator Assessment	Part C - TMT 0.025 mg/kg/Day + 100% DRB RP2D	9	2014_2017	bor	13	13	ALL_ARMS_NON_CONTROL_TYPED	EXPERIMENTAL | EXPERIMENTAL | EXPERIMENTAL | EXPERIMENTAL | EXPERIMENTAL | EXPERIMENTAL | EXPERIMENTAL | EXPERIMENTAL | EXPERIMENTAL | EXPERIMENTAL | EXPERIMENTAL | EXPERIMENTAL | EXPERIMENTAL	SOURCE_FIELD_MATCH	TWO_AGREEING_FIELD_MATCHES:LABEL_CASE_WS_FOLD+DESC_BYTE_EXACT	SOURCE_RECORD	protocolSection.armsInterventionsModule.armGroups[9].label and protocolSection.armsInterventionsModule.armGroups[9].description	1	9	Part C - TMT 0.025 mg/kg/day + 100% DRB RP2D	EXPERIMENTAL	9	Part C - TMT 0.025 mg/kg/day + 100% DRB RP2D	EXPERIMENTAL						NOT_ESTABLISHED_IN_THIS_CACHE	bound arm 9 registered type EXPERIMENTAL (verbatim). A registered type of EXPERIMENTAL/OTHER is not evidence that this group had no comparator role; no comparator evidence exists in this cache either way			NOT_ESTABLISHED_REGISTRY_JOIN_FIELDS_ABSENT_FROM_THIS_CACHE	BOUND_ARM_REGISTERED_TYPE_IS_EXPERIMENTAL	ASSUMES_TWO_AGREEING_SOURCE_FIELD_MATCHES_ARE_ARM_IDENTITY_UNPROVED		NO_LEAF									NO	CONFIRMED	LABEL_CASE_AND_WHITESPACE_ONLY	Part C - TMT 0.025 mg/kg/day + 100% DRB RP2D	NOT_CONTROL_CONFIRMED	NOT_CONTROL	CHANGED_CLASS:NOT_CONTROL_ASSERTED->NOT_ESTABLISHED	Participants treated with a combination therapy of trametinib (0.025 mg/kg/day) plus 100% of the recommended phase II dose (RP2D) of dabrafenib monotherapy (5.25 mg/kg/day for \<12 years old subjects and 4.5 mg/kg/day for ≥12 years old subjects)	NEWLINE_TO_SPACE;CUT_AT_400_CHARS;TSV_WRITE_NORMALISES_TAB_AND_NEWLINE;ORIGINAL_RETRIEVABLE_ONLY_VIA_the cached source record	245
NCT02124772	Best Overall Response (BOR) Based on RECIST v1.1, RANO and Dombi Criteria and as Per Investigator Assessment	Part C - TMT 0.032 mg/kg/Day + 100% DRB RP2D	5	2014_2017	bor	13	13	ALL_ARMS_NON_CONTROL_TYPED	EXPERIMENTAL | EXPERIMENTAL | EXPERIMENTAL | EXPERIMENTAL | EXPERIMENTAL | EXPERIMENTAL | EXPERIMENTAL | EXPERIMENTAL | EXPERIMENTAL | EXPERIMENTAL | EXPERIMENTAL | EXPERIMENTAL | EXPERIMENTAL	SOURCE_FIELD_MATCH	TWO_AGREEING_FIELD_MATCHES:LABEL_CASE_WS_FOLD+DESC_BYTE_EXACT	SOURCE_RECORD	protocolSection.armsInterventionsModule.armGroups[10].label and protocolSection.armsInterventionsModule.armGroups[10].description	1	10	Part C - TMT 0.032 mg/kg/day + 100% DRB RP2D	EXPERIMENTAL	10	Part C - TMT 0.032 mg/kg/day + 100% DRB RP2D	EXPERIMENTAL						NOT_ESTABLISHED_IN_THIS_CACHE	bound arm 10 registered type EXPERIMENTAL (verbatim). A registered type of EXPERIMENTAL/OTHER is not evidence that this group had no comparator role; no comparator evidence exists in this cache either way			NOT_ESTABLISHED_REGISTRY_JOIN_FIELDS_ABSENT_FROM_THIS_CACHE	BOUND_ARM_REGISTERED_TYPE_IS_EXPERIMENTAL	ASSUMES_TWO_AGREEING_SOURCE_FIELD_MATCHES_ARE_ARM_IDENTITY_UNPROVED		NO_LEAF									NO	CONFIRMED	LABEL_CASE_AND_WHITESPACE_ONLY	Part C - TMT 0.032 mg/kg/day + 100% DRB RP2D	NOT_CONTROL_CONFIRMED	NOT_CONTROL	CHANGED_CLASS:NOT_CONTROL_ASSERTED->NOT_ESTABLISHED	Participants under 6 years of age treated with a combination therapy of trametinib (0.032 mg/kg/day) with 100% of the recommended phase II dose (RP2D) of dabrafenib monotherapy (5.25 mg/kg/day)	NEWLINE_TO_SPACE;CUT_AT_400_CHARS;TSV_WRITE_NORMALISES_TAB_AND_NEWLINE;ORIGINAL_RETRIEVABLE_ONLY_VIA_the cached source record	193
NCT02124772	Best Overall Response (BOR) Based on RECIST v1.1, RANO and Dombi Criteria and as Per Investigator Assessment	Part D - LGG	19	2014_2017	bor	13	13	ALL_ARMS_NON_CONTROL_TYPED	EXPERIMENTAL | EXPERIMENTAL | EXPERIMENTAL | EXPERIMENTAL | EXPERIMENTAL | EXPERIMENTAL | EXPERIMENTAL | EXPERIMENTAL | EXPERIMENTAL | EXPERIMENTAL | EXPERIMENTAL | EXPERIMENTAL | EXPERIMENTAL	SOURCE_FIELD_MATCH	TWO_AGREEING_FIELD_MATCHES:LABEL_BYTE_EXACT+DESC_BYTE_EXACT	SOURCE_RECORD	protocolSection.armsInterventionsModule.armGroups[11].label and protocolSection.armsInterventionsModule.armGroups[11].description	1	11	Part D - LGG	EXPERIMENTAL	11	Part D - LGG	EXPERIMENTAL						NOT_ESTABLISHED_IN_THIS_CACHE	bound arm 11 registered type EXPERIMENTAL (verbatim). A registered type of EXPERIMENTAL/OTHER is not evidence that this group had no comparator role; no comparator evidence exists in this cache either way			NOT_ESTABLISHED_REGISTRY_JOIN_FIELDS_ABSENT_FROM_THIS_CACHE	BOUND_ARM_REGISTERED_TYPE_IS_EXPERIMENTAL	ASSUMES_TWO_AGREEING_SOURCE_FIELD_MATCHES_ARE_ARM_IDENTITY_UNPROVED		NO_LEAF									NO	CONFIRMED	LABEL_BYTE_EXACT	Part D - LGG	NOT_CONTROL_CONFIRMED	NOT_CONTROL	CHANGED_CLASS:NOT_CONTROL_ASSERTED->NOT_ESTABLISHED	Participants with low grade glioma (LGG) treated with a combination therapy of trametinib (0.032 mg/kg/day for \< 6 years old subjects and 0.025 mg/kg/day for ≥ 6 years old subjects) plus 100% of the recommended phase II dose (RP2D) of dabrafenib monotherapy (5.25 mg/kg/day for \<12 years old subjects and 4.5 mg/kg/day for ≥12 years old subjects)	NEWLINE_TO_SPACE;CUT_AT_400_CHARS;TSV_WRITE_NORMALISES_TAB_AND_NEWLINE;ORIGINAL_RETRIEVABLE_ONLY_VIA_the cached source record	348
NCT02124772	Best Overall Response (BOR) Based on RECIST v1.1, RANO and Dombi Criteria and as Per Investigator Assessment	Part D - LCH	9	2014_2017	bor	13	13	ALL_ARMS_NON_CONTROL_TYPED	EXPERIMENTAL | EXPERIMENTAL | EXPERIMENTAL | EXPERIMENTAL | EXPERIMENTAL | EXPERIMENTAL | EXPERIMENTAL | EXPERIMENTAL | EXPERIMENTAL | EXPERIMENTAL | EXPERIMENTAL | EXPERIMENTAL | EXPERIMENTAL	SOURCE_FIELD_MATCH	TWO_AGREEING_FIELD_MATCHES:LABEL_BYTE_EXACT+DESC_BYTE_EXACT	SOURCE_RECORD	protocolSection.armsInterventionsModule.armGroups[12].label and protocolSection.armsInterventionsModule.armGroups[12].description	1	12	Part D - LCH	EXPERIMENTAL	12	Part D - LCH	EXPERIMENTAL						NOT_ESTABLISHED_IN_THIS_CACHE	bound arm 12 registered type EXPERIMENTAL (verbatim). A registered type of EXPERIMENTAL/OTHER is not evidence that this group had no comparator role; no comparator evidence exists in this cache either way			NOT_ESTABLISHED_REGISTRY_JOIN_FIELDS_ABSENT_FROM_THIS_CACHE	BOUND_ARM_REGISTERED_TYPE_IS_EXPERIMENTAL	ASSUMES_TWO_AGREEING_SOURCE_FIELD_MATCHES_ARE_ARM_IDENTITY_UNPROVED		NO_LEAF									NO	CONFIRMED	LABEL_BYTE_EXACT	Part D - LCH	NOT_CONTROL_CONFIRMED	NOT_CONTROL	CHANGED_CLASS:NOT_CONTROL_ASSERTED->NOT_ESTABLISHED	Participants with Langerhans cell histiocytosis (LCH) treated with a combination therapy of trametinib (0.032 mg/kg/day for \< 6 years old subjects and 0.025 mg/kg/day for ≥ 6 years old subjects) plus 100% of the recommended phase II dose (RP2D) of dabrafenib monotherapy (5.25 mg/kg/day for \<12 years old subjects and 4.5 mg/kg/day for ≥12 years old subjects)	NEWLINE_TO_SPACE;CUT_AT_400_CHARS;TSV_WRITE_NORMALISES_TAB_AND_NEWLINE;ORIGINAL_RETRIEVABLE_ONLY_VIA_the cached source record	361
NCT02421588	Overall Response Rate (ORR) by Independent Review Committee	Lurbinectedin	205	2014_2017	bor	2	2	MIXED_ARM_TYPES	EXPERIMENTAL | ACTIVE_COMPARATOR	PROPOSED	LEAF_CLAIM_NOT_VERIFIABLE_FROM_EXACT_SOURCE_FIELDS	DELIVERED_LEAF:LEAF-QD-group1.tsv	LEAF-OUT/LEAF-QD-group1.tsv:line 33; candidate protocolSection.armsInterventionsModule.armGroups[0].label	1	0	Arm A	EXPERIMENTAL									UNKNOWN_IN_THIS_CACHE	no source-field-matched arm link and no comparator wording in the group record			NOT_ESTABLISHED_REGISTRY_JOIN_FIELDS_ABSENT_FROM_THIS_CACHE	ARM_SET_TYPE_NOT_UNIFORM_NO_TYPE_STATEMENT_POSSIBLE			LEAF_LABEL_RESOLVES_UNIQUELY	Arm A	LEAF-OUT/LEAF-QD-group1.tsv:line 33	RETAINED_UNVERIFIED_WITH_LOCATOR		armGroups[0].interventionNames	NEWLINE_TO_SPACE;CUT_AT_400_CHARS;TSV_WRITE_NORMALISES_TAB_AND_NEWLINE;ORIGINAL_RETRIEVABLE_ONLY_VIA_leaf_claim_locator	30	NO	NO	CONFIRMED	LEAF_WITHIN_RECORD_RELATION	Arm A	NOT_CONTROL_CONFIRMED	UNKNOWN	CHANGED_CLASS:NOT_CONTROL_ASSERTED->UNKNOWN	3.2 mg/m2 i.v. as a 1-hour infusion on Day 1 q3wk (three weeks = one treatment cycle) through peripheral or central lines. A minimum total volume of 100 mL, diluted in 5% glucose or 0.9% sodium chloride solution for infusion, had to be used for administration through a central venous catheter; if a peripheral venous catheter was used, the minimum volume was 250 mL	NEWLINE_TO_SPACE;CUT_AT_400_CHARS;TSV_WRITE_NORMALISES_TAB_AND_NEWLINE;ORIGINAL_RETRIEVABLE_ONLY_VIA_the cached source record	366
NCT02421588	Overall Response Rate (ORR) by Independent Review Committee	Control (PLD or Topotecan)	197	2014_2017	bor	2	2	MIXED_ARM_TYPES	EXPERIMENTAL | ACTIVE_COMPARATOR	PROPOSED	LEAF_CLAIM_NOT_VERIFIABLE_FROM_EXACT_SOURCE_FIELDS	DELIVERED_LEAF:LEAF-QD-group1.tsv	LEAF-OUT/LEAF-QD-group1.tsv:line 32; candidate protocolSection.armsInterventionsModule.armGroups[1].label	1	1	Arm B	ACTIVE_COMPARATOR									COMPARATOR_PROPOSED_BY_GROUP_TEXT_UNSPECIFIED	group record says control/comparator without naming placebo; no link		GROUP_TEXT_CONTROL_OR_COMPARATOR_WORDING	NOT_ESTABLISHED_REGISTRY_JOIN_FIELDS_ABSENT_FROM_THIS_CACHE	ARM_SET_TYPE_NOT_UNIFORM_NO_TYPE_STATEMENT_POSSIBLE			LEAF_LABEL_RESOLVES_UNIQUELY	Arm B	LEAF-OUT/LEAF-QD-group1.tsv:line 32	RETAINED_UNVERIFIED_WITH_LOCATOR		armGroups[1].interventionNames	NEWLINE_TO_SPACE;CUT_AT_400_CHARS;TSV_WRITE_NORMALISES_TAB_AND_NEWLINE;ORIGINAL_RETRIEVABLE_ONLY_VIA_leaf_claim_locator	30	NO	NO	CONFIRMED	LEAF_WITHIN_RECORD_RELATION	Arm B	CONTROL_ACTIVE_COMPARATOR_CONFIRMED	CONTROL_UNSPECIFIED_BY_GROUP_TEXT	CHANGED_CLASS:COMPARATOR_TYPE_INFERRED->COMPARATOR_PROPOSED	Patients randomized to the Control arm were assigned to receive PLD if they had previously been treated with topotecan, or to receive topotecan if they had previously been treated with PLD. However, if the number of patients randomized to either PLD or topotecan reached 60% (i.e., 126 patients) of the total number of patients expected in the Control Arm, then the treatment of choice in the Control	NEWLINE_TO_SPACE;CUT_AT_400_CHARS;TSV_WRITE_NORMALISES_TAB_AND_NEWLINE;ORIGINAL_RETRIEVABLE_ONLY_VIA_the cached source record	483
NCT02421588	Overall Response Rate by Investigator's Assessment	Lurbinectedin	205	2014_2017	bor	2	2	MIXED_ARM_TYPES	EXPERIMENTAL | ACTIVE_COMPARATOR	PROPOSED	LEAF_CLAIM_NOT_VERIFIABLE_FROM_EXACT_SOURCE_FIELDS	DELIVERED_LEAF:LEAF-QD-group1.tsv	LEAF-OUT/LEAF-QD-group1.tsv:line 35; candidate protocolSection.armsInterventionsModule.armGroups[0].label	1	0	Arm A	EXPERIMENTAL									UNKNOWN_IN_THIS_CACHE	no source-field-matched arm link and no comparator wording in the group record			NOT_ESTABLISHED_REGISTRY_JOIN_FIELDS_ABSENT_FROM_THIS_CACHE	ARM_SET_TYPE_NOT_UNIFORM_NO_TYPE_STATEMENT_POSSIBLE			LEAF_LABEL_RESOLVES_UNIQUELY	Arm A	LEAF-OUT/LEAF-QD-group1.tsv:line 35	RETAINED_UNVERIFIED_WITH_LOCATOR		armGroups[0].interventionNames	NEWLINE_TO_SPACE;CUT_AT_400_CHARS;TSV_WRITE_NORMALISES_TAB_AND_NEWLINE;ORIGINAL_RETRIEVABLE_ONLY_VIA_leaf_claim_locator	30	NO	NO	CONFIRMED	LEAF_WITHIN_RECORD_RELATION	Arm A	NOT_CONTROL_CONFIRMED	UNKNOWN	CHANGED_CLASS:NOT_CONTROL_ASSERTED->UNKNOWN	3.2 mg/m2 i.v. as a 1-hour infusion on Day 1 q3wk (three weeks = one treatment cycle) through peripheral or central lines. A minimum total volume of 100 mL, diluted in 5% glucose or 0.9% sodium chloride solution for infusion, had to be used for administration through a central venous catheter; if a peripheral venous catheter was used, the minimum volume was 250 mL	NEWLINE_TO_SPACE;CUT_AT_400_CHARS;TSV_WRITE_NORMALISES_TAB_AND_NEWLINE;ORIGINAL_RETRIEVABLE_ONLY_VIA_the cached source record	366
NCT02421588	Overall Response Rate by Investigator's Assessment	Control (PLD or Topotecan)	199	2014_2017	bor	2	2	MIXED_ARM_TYPES	EXPERIMENTAL | ACTIVE_COMPARATOR	PROPOSED	LEAF_CLAIM_NOT_VERIFIABLE_FROM_EXACT_SOURCE_FIELDS	DELIVERED_LEAF:LEAF-QD-group1.tsv	LEAF-OUT/LEAF-QD-group1.tsv:line 34; candidate protocolSection.armsInterventionsModule.armGroups[1].label	1	1	Arm B	ACTIVE_COMPARATOR									COMPARATOR_PROPOSED_BY_GROUP_TEXT_UNSPECIFIED	group record says control/comparator without naming placebo; no link		GROUP_TEXT_CONTROL_OR_COMPARATOR_WORDING	NOT_ESTABLISHED_REGISTRY_JOIN_FIELDS_ABSENT_FROM_THIS_CACHE	ARM_SET_TYPE_NOT_UNIFORM_NO_TYPE_STATEMENT_POSSIBLE			LEAF_LABEL_RESOLVES_UNIQUELY	Arm B	LEAF-OUT/LEAF-QD-group1.tsv:line 34	RETAINED_UNVERIFIED_WITH_LOCATOR		armGroups[1].interventionNames	NEWLINE_TO_SPACE;CUT_AT_400_CHARS;TSV_WRITE_NORMALISES_TAB_AND_NEWLINE;ORIGINAL_RETRIEVABLE_ONLY_VIA_leaf_claim_locator	30	NO	NO	CONFIRMED	LEAF_WITHIN_RECORD_RELATION	Arm B	CONTROL_ACTIVE_COMPARATOR_CONFIRMED	CONTROL_UNSPECIFIED_BY_GROUP_TEXT	CHANGED_CLASS:COMPARATOR_TYPE_INFERRED->COMPARATOR_PROPOSED	Patients randomized to the Control arm were assigned to receive PLD if they had previously been treated with topotecan, or to receive topotecan if they had previously been treated with PLD. However, if the number of patients randomized to either PLD or topotecan reached 60% (i.e., 126 patients) of the total number of patients expected in the Control Arm, then the treatment of choice in the Control	NEWLINE_TO_SPACE;CUT_AT_400_CHARS;TSV_WRITE_NORMALISES_TAB_AND_NEWLINE;ORIGINAL_RETRIEVABLE_ONLY_VIA_the cached source record	483
NCT02421588	Best Response According to Tumor Marker Evaluation (CA-125)	Lurbinectedin	158	2014_2017	bor	2	2	MIXED_ARM_TYPES	EXPERIMENTAL | ACTIVE_COMPARATOR	PROPOSED	LEAF_CLAIM_NOT_VERIFIABLE_FROM_EXACT_SOURCE_FIELDS	DELIVERED_LEAF:LEAF-QD-group1.tsv	LEAF-OUT/LEAF-QD-group1.tsv:line 31; candidate protocolSection.armsInterventionsModule.armGroups[0].label	1	0	Arm A	EXPERIMENTAL									UNKNOWN_IN_THIS_CACHE	no source-field-matched arm link and no comparator wording in the group record			NOT_ESTABLISHED_REGISTRY_JOIN_FIELDS_ABSENT_FROM_THIS_CACHE	ARM_SET_TYPE_NOT_UNIFORM_NO_TYPE_STATEMENT_POSSIBLE			LEAF_LABEL_RESOLVES_UNIQUELY	Arm A	LEAF-OUT/LEAF-QD-group1.tsv:line 31	RETAINED_UNVERIFIED_WITH_LOCATOR		armGroups[0].interventionNames	NEWLINE_TO_SPACE;CUT_AT_400_CHARS;TSV_WRITE_NORMALISES_TAB_AND_NEWLINE;ORIGINAL_RETRIEVABLE_ONLY_VIA_leaf_claim_locator	30	NO	NO	CONFIRMED	LEAF_WITHIN_RECORD_RELATION	Arm A	NOT_CONTROL_CONFIRMED	UNKNOWN	CHANGED_CLASS:NOT_CONTROL_ASSERTED->UNKNOWN	3.2 mg/m2 i.v. as a 1-hour infusion on Day 1 q3wk (three weeks = one treatment cycle) through peripheral or central lines. A minimum total volume of 100 mL, diluted in 5% glucose or 0.9% sodium chloride solution for infusion, had to be used for administration through a central venous catheter; if a peripheral venous catheter was used, the minimum volume was 250 mL	NEWLINE_TO_SPACE;CUT_AT_400_CHARS;TSV_WRITE_NORMALISES_TAB_AND_NEWLINE;ORIGINAL_RETRIEVABLE_ONLY_VIA_the cached source record	366
NCT02421588	Best Response According to Tumor Marker Evaluation (CA-125)	Control (PLD or Topotecan)	142	2014_2017	bor	2	2	MIXED_ARM_TYPES	EXPERIMENTAL | ACTIVE_COMPARATOR	PROPOSED	LEAF_CLAIM_NOT_VERIFIABLE_FROM_EXACT_SOURCE_FIELDS	DELIVERED_LEAF:LEAF-QD-group1.tsv	LEAF-OUT/LEAF-QD-group1.tsv:line 30; candidate protocolSection.armsInterventionsModule.armGroups[1].label	1	1	Arm B	ACTIVE_COMPARATOR									COMPARATOR_PROPOSED_BY_GROUP_TEXT_UNSPECIFIED	group record says control/comparator without naming placebo; no link		GROUP_TEXT_CONTROL_OR_COMPARATOR_WORDING	NOT_ESTABLISHED_REGISTRY_JOIN_FIELDS_ABSENT_FROM_THIS_CACHE	ARM_SET_TYPE_NOT_UNIFORM_NO_TYPE_STATEMENT_POSSIBLE			LEAF_LABEL_RESOLVES_UNIQUELY	Arm B	LEAF-OUT/LEAF-QD-group1.tsv:line 30	RETAINED_UNVERIFIED_WITH_LOCATOR		armGroups[1].interventionNames	NEWLINE_TO_SPACE;CUT_AT_400_CHARS;TSV_WRITE_NORMALISES_TAB_AND_NEWLINE;ORIGINAL_RETRIEVABLE_ONLY_VIA_leaf_claim_locator	30	NO	NO	CONFIRMED	LEAF_WITHIN_RECORD_RELATION	Arm B	CONTROL_ACTIVE_COMPARATOR_CONFIRMED	CONTROL_UNSPECIFIED_BY_GROUP_TEXT	CHANGED_CLASS:COMPARATOR_TYPE_INFERRED->COMPARATOR_PROPOSED	Patients randomized to the Control arm were assigned to receive PLD if they had previously been treated with topotecan, or to receive topotecan if they had previously been treated with PLD. However, if the number of patients randomized to either PLD or topotecan reached 60% (i.e., 126 patients) of the total number of patients expected in the Control Arm, then the treatment of choice in the Control	NEWLINE_TO_SPACE;CUT_AT_400_CHARS;TSV_WRITE_NORMALISES_TAB_AND_NEWLINE;ORIGINAL_RETRIEVABLE_ONLY_VIA_the cached source record	483
NCT02271945	Number of Participants With Best Overall Response	MEDI-551 12 mg/kg and MEDI0680 2.5 mg/kg	5	2014_2017	bor	2	2	ALL_ARMS_NON_CONTROL_TYPED	EXPERIMENTAL | EXPERIMENTAL	LABEL_MATCH	LABEL_FIELD_MATCH_ONLY:LABEL_BYTE_EXACT	SOURCE_RECORD	protocolSection.armsInterventionsModule.armGroups[0].label	1	0	MEDI-551 12 mg/kg and MEDI0680 2.5 mg/kg	EXPERIMENTAL	0	MEDI-551 12 mg/kg and MEDI0680 2.5 mg/kg	EXPERIMENTAL						NOT_ESTABLISHED_IN_THIS_CACHE	bound arm 0 registered type EXPERIMENTAL (verbatim). A registered type of EXPERIMENTAL/OTHER is not evidence that this group had no comparator role; no comparator evidence exists in this cache either way			NOT_ESTABLISHED_REGISTRY_JOIN_FIELDS_ABSENT_FROM_THIS_CACHE	BOUND_ARM_REGISTERED_TYPE_IS_EXPERIMENTAL	ASSUMES_LABEL_FIELD_CORRESPONDENCE_IS_ARM_IDENTITY_UNPROVED		NO_LEAF									NO	CONFIRMED	LABEL_BYTE_EXACT	MEDI-551 12 mg/kg and MEDI0680 2.5 mg/kg	NOT_CONTROL_CONFIRMED	NOT_CONTROL	CHANGED_CLASS:NOT_CONTROL_ASSERTED->NOT_ESTABLISHED	Participants received IV infusion of MEDI-551 12 mg/kg on Days 1 and 8 of Cycle 1 and Day 1 of Cycle 2 through Cycle 13 (each cycle of 28 days) and IV infusion of MEDI0680 2.5 mg/kg on Days 2 and 15 of Cycle 1 and Days 1 and 15 of Cycle 2 through Cycle 13.	NEWLINE_TO_SPACE;CUT_AT_400_CHARS;TSV_WRITE_NORMALISES_TAB_AND_NEWLINE;ORIGINAL_RETRIEVABLE_ONLY_VIA_the cached source record	256
NCT02271945	Number of Participants With Best Overall Response	MEDI-551 12 mg/kg and MEDI0680 10 mg/kg	5	2014_2017	bor	2	2	ALL_ARMS_NON_CONTROL_TYPED	EXPERIMENTAL | EXPERIMENTAL	LABEL_MATCH	LABEL_FIELD_MATCH_ONLY:LABEL_BYTE_EXACT	SOURCE_RECORD	protocolSection.armsInterventionsModule.armGroups[1].label	1	1	MEDI-551 12 mg/kg and MEDI0680 10 mg/kg	EXPERIMENTAL	1	MEDI-551 12 mg/kg and MEDI0680 10 mg/kg	EXPERIMENTAL						NOT_ESTABLISHED_IN_THIS_CACHE	bound arm 1 registered type EXPERIMENTAL (verbatim). A registered type of EXPERIMENTAL/OTHER is not evidence that this group had no comparator role; no comparator evidence exists in this cache either way			NOT_ESTABLISHED_REGISTRY_JOIN_FIELDS_ABSENT_FROM_THIS_CACHE	BOUND_ARM_REGISTERED_TYPE_IS_EXPERIMENTAL	ASSUMES_LABEL_FIELD_CORRESPONDENCE_IS_ARM_IDENTITY_UNPROVED		NO_LEAF									NO	CONFIRMED	LABEL_BYTE_EXACT	MEDI-551 12 mg/kg and MEDI0680 10 mg/kg	NOT_CONTROL_CONFIRMED	NOT_CONTROL	CHANGED_CLASS:NOT_CONTROL_ASSERTED->NOT_ESTABLISHED	Participants received IV infusion of MEDI-551 12 mg/kg on Days 1 and 8 of Cycle 1 and Day 1 of Cycle 2 through Cycle 13 (each cycle of 28 days) and IV infusion of MEDI0680 10 mg/kg on Days 2 and 15 of Cycle 1 and Days 1 and 15 of Cycle 2 through Cycle 13.	NEWLINE_TO_SPACE;CUT_AT_400_CHARS;TSV_WRITE_NORMALISES_TAB_AND_NEWLINE;ORIGINAL_RETRIEVABLE_ONLY_VIA_the cached source record	255
NCT02567799	Rate of Progressive Disease Evaluated by the Response Evaluation Criteria in Solid Tumors (RECIST) (1.1) Criteria	BIO 300 Oral Suspension (500 mg/Day)	6	2014_2017	bor	1	3	ALL_ARMS_NON_CONTROL_TYPED	EXPERIMENTAL	PROPOSED	LEAF_CLAIM_NOT_VERIFIABLE_FROM_EXACT_SOURCE_FIELDS	DELIVERED_LEAF:LEAF-QD-group1.tsv	LEAF-OUT/LEAF-QD-group1.tsv:line 59; candidate protocolSection.armsInterventionsModule.armGroups[0].label	1	0	Single-arm	EXPERIMENTAL									UNKNOWN_IN_THIS_CACHE	no source-field-matched arm link and no comparator wording in the group record			NOT_ESTABLISHED_REGISTRY_JOIN_FIELDS_ABSENT_FROM_THIS_CACHE	ALL_REGISTERED_ARMS_NON_COMPARATOR_TYPED_CONDITIONAL	ASSUMES_THIS_RESULTS_GROUP_IS_A_SUBSET_OF_THE_REGISTERED_ARM_SET_MEMBERSHIP_UNPROVED		LEAF_LABEL_RESOLVES_UNIQUELY	Single-arm	LEAF-OUT/LEAF-QD-group1.tsv:line 59	RETAINED_UNVERIFIED_WITH_LOCATOR		n_arms_registered=1 (cardinality) + armGroups[0].description, which names the three dose levels	NEWLINE_TO_SPACE;CUT_AT_400_CHARS;TSV_WRITE_NORMALISES_TAB_AND_NEWLINE;ORIGINAL_RETRIEVABLE_ONLY_VIA_leaf_claim_locator	95	NO	YES	CONFIRMED	LEAF_WITHIN_RECORD_RELATION	Single-arm	NOT_CONTROL_CONFIRMED	NOT_CONTROL_SINGLE_ARM_TRIAL	CHANGED_CLASS:NOT_CONTROL_ASSERTED->UNKNOWN	BIO 300 Oral Suspension (500 mg/day) was given daily, 7 days/week (Week 1, day 1 through the end of concurrent chemoradiotherapy, Weeks 6-7).	NEWLINE_TO_SPACE;CUT_AT_400_CHARS;TSV_WRITE_NORMALISES_TAB_AND_NEWLINE;ORIGINAL_RETRIEVABLE_ONLY_VIA_the cached source record	141
NCT02567799	Rate of Progressive Disease Evaluated by the Response Evaluation Criteria in Solid Tumors (RECIST) (1.1) Criteria	BIO 300 Oral Suspension (1000 mg/Day)	7	2014_2017	bor	1	3	ALL_ARMS_NON_CONTROL_TYPED	EXPERIMENTAL	PROPOSED	LEAF_CLAIM_NOT_VERIFIABLE_FROM_EXACT_SOURCE_FIELDS	DELIVERED_LEAF:LEAF-QD-group1.tsv	LEAF-OUT/LEAF-QD-group1.tsv:line 57; candidate protocolSection.armsInterventionsModule.armGroups[0].label	1	0	Single-arm	EXPERIMENTAL									UNKNOWN_IN_THIS_CACHE	no source-field-matched arm link and no comparator wording in the group record			NOT_ESTABLISHED_REGISTRY_JOIN_FIELDS_ABSENT_FROM_THIS_CACHE	ALL_REGISTERED_ARMS_NON_COMPARATOR_TYPED_CONDITIONAL	ASSUMES_THIS_RESULTS_GROUP_IS_A_SUBSET_OF_THE_REGISTERED_ARM_SET_MEMBERSHIP_UNPROVED		LEAF_LABEL_RESOLVES_UNIQUELY	Single-arm	LEAF-OUT/LEAF-QD-group1.tsv:line 57	RETAINED_UNVERIFIED_WITH_LOCATOR		n_arms_registered=1 (cardinality) + armGroups[0].description, which names the three dose levels	NEWLINE_TO_SPACE;CUT_AT_400_CHARS;TSV_WRITE_NORMALISES_TAB_AND_NEWLINE;ORIGINAL_RETRIEVABLE_ONLY_VIA_leaf_claim_locator	95	NO	YES	CONFIRMED	LEAF_WITHIN_RECORD_RELATION	Single-arm	NOT_CONTROL_CONFIRMED	NOT_CONTROL_SINGLE_ARM_TRIAL	CHANGED_CLASS:NOT_CONTROL_ASSERTED->UNKNOWN	BIO 300 Oral Suspension (1000 mg/day) was given daily, 7 days/week (Week 1, day 1 through the end of concurrent chemoradiotherapy, Weeks 6-7).	NEWLINE_TO_SPACE;CUT_AT_400_CHARS;TSV_WRITE_NORMALISES_TAB_AND_NEWLINE;ORIGINAL_RETRIEVABLE_ONLY_VIA_the cached source record	142
NCT02567799	Rate of Progressive Disease Evaluated by the Response Evaluation Criteria in Solid Tumors (RECIST) (1.1) Criteria	BIO 300 Oral Suspension (1500 mg/Day)	7	2014_2017	bor	1	3	ALL_ARMS_NON_CONTROL_TYPED	EXPERIMENTAL	PROPOSED	LEAF_CLAIM_NOT_VERIFIABLE_FROM_EXACT_SOURCE_FIELDS	DELIVERED_LEAF:LEAF-QD-group1.tsv	LEAF-OUT/LEAF-QD-group1.tsv:line 58; candidate protocolSection.armsInterventionsModule.armGroups[0].label	1	0	Single-arm	EXPERIMENTAL									UNKNOWN_IN_THIS_CACHE	no source-field-matched arm link and no comparator wording in the group record			NOT_ESTABLISHED_REGISTRY_JOIN_FIELDS_ABSENT_FROM_THIS_CACHE	ALL_REGISTERED_ARMS_NON_COMPARATOR_TYPED_CONDITIONAL	ASSUMES_THIS_RESULTS_GROUP_IS_A_SUBSET_OF_THE_REGISTERED_ARM_SET_MEMBERSHIP_UNPROVED		LEAF_LABEL_RESOLVES_UNIQUELY	Single-arm	LEAF-OUT/LEAF-QD-group1.tsv:line 58	RETAINED_UNVERIFIED_WITH_LOCATOR		n_arms_registered=1 (cardinality) + armGroups[0].description, which names the three dose levels	NEWLINE_TO_SPACE;CUT_AT_400_CHARS;TSV_WRITE_NORMALISES_TAB_AND_NEWLINE;ORIGINAL_RETRIEVABLE_ONLY_VIA_leaf_claim_locator	95	NO	YES	CONFIRMED	LEAF_WITHIN_RECORD_RELATION	Single-arm	NOT_CONTROL_CONFIRMED	NOT_CONTROL_SINGLE_ARM_TRIAL	CHANGED_CLASS:NOT_CONTROL_ASSERTED->UNKNOWN	BIO 300 Oral Suspension (1500 mg/day) was given daily, 7 days/week (Week 1, day 1 through the end of concurrent chemoradiotherapy, Weeks 6-7).	NEWLINE_TO_SPACE;CUT_AT_400_CHARS;TSV_WRITE_NORMALISES_TAB_AND_NEWLINE;ORIGINAL_RETRIEVABLE_ONLY_VIA_the cached source record	142
NCT03245736	Objective Response Rate	Tisotumab Vedotin	5	2014_2017	bor	1	1	ALL_ARMS_NON_CONTROL_TYPED	EXPERIMENTAL	LABEL_MATCH	LABEL_FIELD_MATCH_ONLY:LABEL_BYTE_EXACT	SOURCE_RECORD	protocolSection.armsInterventionsModule.armGroups[0].label	1	0	Tisotumab Vedotin	EXPERIMENTAL	0	Tisotumab Vedotin	EXPERIMENTAL						NOT_ESTABLISHED_IN_THIS_CACHE	bound arm 0 registered type EXPERIMENTAL (verbatim). A registered type of EXPERIMENTAL/OTHER is not evidence that this group had no comparator role; no comparator evidence exists in this cache either way			NOT_ESTABLISHED_REGISTRY_JOIN_FIELDS_ABSENT_FROM_THIS_CACHE	BOUND_ARM_REGISTERED_TYPE_IS_EXPERIMENTAL	ASSUMES_LABEL_FIELD_CORRESPONDENCE_IS_ARM_IDENTITY_UNPROVED		NO_LEAF									NO	CONFIRMED	LABEL_BYTE_EXACT	Tisotumab Vedotin	NOT_CONTROL_CONFIRMED	NOT_CONTROL	CHANGED_CLASS:NOT_CONTROL_ASSERTED->NOT_ESTABLISHED	Tisotumab vedotin was administered as an intravenous (IV) infusion on Day 1 of each 21-day cycle (once every 3 weeks). The trial ran until the investigator determined that the participant was no longer benefiting from treatment (ie, disease progression or unacceptable toxicity had occurred), the trial was terminated by the sponsor, or the participant withdrew consent. Each participant received the	NEWLINE_TO_SPACE;CUT_AT_400_CHARS;TSV_WRITE_NORMALISES_TAB_AND_NEWLINE;ORIGINAL_RETRIEVABLE_ONLY_VIA_the cached source record	464
NCT02089334	Best Overall Response as Determined by RECIST v1.1.	125 mg/m^2 RX-0201 + Everolimus (Stage 1)	2	2014_2017	bor	1	4	ALL_ARMS_NON_CONTROL_TYPED	EXPERIMENTAL	PROPOSED	LEAF_CLAIM_NOT_VERIFIABLE_FROM_EXACT_SOURCE_FIELDS	DELIVERED_LEAF:LEAF-QD-group1.tsv	LEAF-OUT/LEAF-QD-group1.tsv:line 15; candidate protocolSection.armsInterventionsModule.armGroups[0].label	1	0	RX-0201 plus everolimus (Stage 1 & 2)	EXPERIMENTAL									UNKNOWN_IN_THIS_CACHE	no source-field-matched arm link and no comparator wording in the group record			NOT_ESTABLISHED_REGISTRY_JOIN_FIELDS_ABSENT_FROM_THIS_CACHE	ALL_REGISTERED_ARMS_NON_COMPARATOR_TYPED_CONDITIONAL	ASSUMES_THIS_RESULTS_GROUP_IS_A_SUBSET_OF_THE_REGISTERED_ARM_SET_MEMBERSHIP_UNPROVED		LEAF_LABEL_RESOLVES_UNIQUELY	RX-0201 plus everolimus (Stage 1 & 2)	LEAF-OUT/LEAF-QD-group1.tsv:line 15	RETAINED_UNVERIFIED_WITH_LOCATOR		n_arms_registered=1 (cardinality) + armGroups[0].label, which names both Stage 1 and Stage 2	NEWLINE_TO_SPACE;CUT_AT_400_CHARS;TSV_WRITE_NORMALISES_TAB_AND_NEWLINE;ORIGINAL_RETRIEVABLE_ONLY_VIA_leaf_claim_locator	92	NO	YES	CONFIRMED_TYPE_ONLY	LEAF_SOLE_REGISTERED_ARM_TYPE_ONLY		NOT_CONTROL_BY_ARM_SET_TYPE_INVARIANT	NOT_CONTROL_SINGLE_ARM_TRIAL	CHANGED_CLASS:NOT_CONTROL_ASSERTED->UNKNOWN	RX-0201 was administered as 125 mg/m\^2/day as a continuous infusion for a cycle of 21 days (14 days infused followed by 7 days off) for up to 8 cycles in Stage 1.  10 mg everolimus was taken daily for a cycle of 21 days	NEWLINE_TO_SPACE;CUT_AT_400_CHARS;TSV_WRITE_NORMALISES_TAB_AND_NEWLINE;ORIGINAL_RETRIEVABLE_ONLY_VIA_the cached source record	220
NCT02089334	Best Overall Response as Determined by RECIST v1.1.	200 mg/m^2/Day RX-0201 + Everolimus (Stage 1)	3	2014_2017	bor	1	4	ALL_ARMS_NON_CONTROL_TYPED	EXPERIMENTAL	PROPOSED	LEAF_CLAIM_NOT_VERIFIABLE_FROM_EXACT_SOURCE_FIELDS	DELIVERED_LEAF:LEAF-QD-group1.tsv	LEAF-OUT/LEAF-QD-group1.tsv:line 16; candidate protocolSection.armsInterventionsModule.armGroups[0].label	1	0	RX-0201 plus everolimus (Stage 1 & 2)	EXPERIMENTAL									UNKNOWN_IN_THIS_CACHE	no source-field-matched arm link and no comparator wording in the group record			NOT_ESTABLISHED_REGISTRY_JOIN_FIELDS_ABSENT_FROM_THIS_CACHE	ALL_REGISTERED_ARMS_NON_COMPARATOR_TYPED_CONDITIONAL	ASSUMES_THIS_RESULTS_GROUP_IS_A_SUBSET_OF_THE_REGISTERED_ARM_SET_MEMBERSHIP_UNPROVED		LEAF_LABEL_RESOLVES_UNIQUELY	RX-0201 plus everolimus (Stage 1 & 2)	LEAF-OUT/LEAF-QD-group1.tsv:line 16	RETAINED_UNVERIFIED_WITH_LOCATOR		n_arms_registered=1 (cardinality) + armGroups[0].label, which names both Stage 1 and Stage 2	NEWLINE_TO_SPACE;CUT_AT_400_CHARS;TSV_WRITE_NORMALISES_TAB_AND_NEWLINE;ORIGINAL_RETRIEVABLE_ONLY_VIA_leaf_claim_locator	92	NO	YES	CONFIRMED_TYPE_ONLY	LEAF_SOLE_REGISTERED_ARM_TYPE_ONLY		NOT_CONTROL_BY_ARM_SET_TYPE_INVARIANT	NOT_CONTROL_SINGLE_ARM_TRIAL	CHANGED_CLASS:NOT_CONTROL_ASSERTED->UNKNOWN	RX-0201 was administered as 200 mg/m\^2/day as a continuous infusion for a cycle of 21 days (14 days infused followed by 7 days off) for up to 8 cycles in Stage 1.  10 mg everolimus was taken daily for a cycle of 21 days	NEWLINE_TO_SPACE;CUT_AT_400_CHARS;TSV_WRITE_NORMALISES_TAB_AND_NEWLINE;ORIGINAL_RETRIEVABLE_ONLY_VIA_the cached source record	220
NCT02089334	Best Overall Response as Determined by RECIST v1.1.	250 mg/m^2/Day RX-0201 + Everolimus (Stage 1)	1	2014_2017	bor	1	4	ALL_ARMS_NON_CONTROL_TYPED	EXPERIMENTAL	PROPOSED	LEAF_CLAIM_NOT_VERIFIABLE_FROM_EXACT_SOURCE_FIELDS	DELIVERED_LEAF:LEAF-QD-group1.tsv	LEAF-OUT/LEAF-QD-group1.tsv:line 17; candidate protocolSection.armsInterventionsModule.armGroups[0].label	1	0	RX-0201 plus everolimus (Stage 1 & 2)	EXPERIMENTAL									UNKNOWN_IN_THIS_CACHE	no source-field-matched arm link and no comparator wording in the group record			NOT_ESTABLISHED_REGISTRY_JOIN_FIELDS_ABSENT_FROM_THIS_CACHE	ALL_REGISTERED_ARMS_NON_COMPARATOR_TYPED_CONDITIONAL	ASSUMES_THIS_RESULTS_GROUP_IS_A_SUBSET_OF_THE_REGISTERED_ARM_SET_MEMBERSHIP_UNPROVED		LEAF_LABEL_RESOLVES_UNIQUELY	RX-0201 plus everolimus (Stage 1 & 2)	LEAF-OUT/LEAF-QD-group1.tsv:line 17	RETAINED_UNVERIFIED_WITH_LOCATOR		n_arms_registered=1 (cardinality) + armGroups[0].label, which names both Stage 1 and Stage 2	NEWLINE_TO_SPACE;CUT_AT_400_CHARS;TSV_WRITE_NORMALISES_TAB_AND_NEWLINE;ORIGINAL_RETRIEVABLE_ONLY_VIA_leaf_claim_locator	92	NO	YES	CONFIRMED_TYPE_ONLY	LEAF_SOLE_REGISTERED_ARM_TYPE_ONLY		NOT_CONTROL_BY_ARM_SET_TYPE_INVARIANT	NOT_CONTROL_SINGLE_ARM_TRIAL	CHANGED_CLASS:NOT_CONTROL_ASSERTED->UNKNOWN	RX-0201 was administered as 250 mg/m\^2/day as a continuous infusion for a cycle of 21 days (14 days infused followed by 7 days off) for up to 8 cycles in Stage 1.  10 mg everolimus was taken daily for a cycle of 21 days	NEWLINE_TO_SPACE;CUT_AT_400_CHARS;TSV_WRITE_NORMALISES_TAB_AND_NEWLINE;ORIGINAL_RETRIEVABLE_ONLY_VIA_the cached source record	220
NCT02089334	Best Overall Response as Determined by RECIST v1.1.	RX-0201 Plus Everolimus (Stage 2)	8	2014_2017	bor	1	4	ALL_ARMS_NON_CONTROL_TYPED	EXPERIMENTAL	PROPOSED	LEAF_CLAIM_NOT_VERIFIABLE_FROM_EXACT_SOURCE_FIELDS	DELIVERED_LEAF:LEAF-QD-group1.tsv	LEAF-OUT/LEAF-QD-group1.tsv:line 18; candidate protocolSection.armsInterventionsModule.armGroups[0].label	1	0	RX-0201 plus everolimus (Stage 1 & 2)	EXPERIMENTAL									UNKNOWN_IN_THIS_CACHE	no source-field-matched arm link and no comparator wording in the group record			NOT_ESTABLISHED_REGISTRY_JOIN_FIELDS_ABSENT_FROM_THIS_CACHE	ALL_REGISTERED_ARMS_NON_COMPARATOR_TYPED_CONDITIONAL	ASSUMES_THIS_RESULTS_GROUP_IS_A_SUBSET_OF_THE_REGISTERED_ARM_SET_MEMBERSHIP_UNPROVED		LEAF_LABEL_RESOLVES_UNIQUELY	RX-0201 plus everolimus (Stage 1 & 2)	LEAF-OUT/LEAF-QD-group1.tsv:line 18	RETAINED_UNVERIFIED_WITH_LOCATOR		n_arms_registered=1 (cardinality) + armGroups[0].label, which names both Stage 1 and Stage 2	NEWLINE_TO_SPACE;CUT_AT_400_CHARS;TSV_WRITE_NORMALISES_TAB_AND_NEWLINE;ORIGINAL_RETRIEVABLE_ONLY_VIA_leaf_claim_locator	92	NO	YES	CONFIRMED_TYPE_ONLY	LEAF_SOLE_REGISTERED_ARM_TYPE_ONLY		NOT_CONTROL_BY_ARM_SET_TYPE_INVARIANT	NOT_CONTROL_SINGLE_ARM_TRIAL	CHANGED_CLASS:NOT_CONTROL_ASSERTED->UNKNOWN	RX-0201 was administered as 250 mg/m\^2/day as a continuous infusion for a cycle of 21 days (14 days infused followed by 7 days off) for up to 8 cycles in Stage 2 after determination of MTD in Stage 1.  10 mg everolimus was taken daily for a cycle of 21 days	NEWLINE_TO_SPACE;CUT_AT_400_CHARS;TSV_WRITE_NORMALISES_TAB_AND_NEWLINE;ORIGINAL_RETRIEVABLE_ONLY_VIA_the cached source record	258
NCT02625610	Best Overall Response (BOR) by Investigator Assessment	Chemotherapy + Best Supportive Care (BSC)	211	2014_2017	bor	2	2	ALL_ARMS_NON_CONTROL_TYPED	EXPERIMENTAL | EXPERIMENTAL	LABEL_MATCH	LABEL_FIELD_MATCH_ONLY:LABEL_BYTE_EXACT	SOURCE_RECORD	protocolSection.armsInterventionsModule.armGroups[0].label	1	0	Chemotherapy + Best Supportive Care (BSC)	EXPERIMENTAL	0	Chemotherapy + Best Supportive Care (BSC)	EXPERIMENTAL						NOT_ESTABLISHED_IN_THIS_CACHE	bound arm 0 registered type EXPERIMENTAL (verbatim). A registered type of EXPERIMENTAL/OTHER is not evidence that this group had no comparator role; no comparator evidence exists in this cache either way			NOT_ESTABLISHED_REGISTRY_JOIN_FIELDS_ABSENT_FROM_THIS_CACHE	BOUND_ARM_REGISTERED_TYPE_IS_EXPERIMENTAL	ASSUMES_LABEL_FIELD_CORRESPONDENCE_IS_ARM_IDENTITY_UNPROVED		NO_LEAF									NO	CONFIRMED	LABEL_BYTE_EXACT	Chemotherapy + Best Supportive Care (BSC)	NOT_CONTROL_CONFIRMED	NOT_CONTROL	CHANGED_CLASS:NOT_CONTROL_ASSERTED->NOT_ESTABLISHED	Oxaliplatin was administered at a dose of 85 mg per square meter (mg/m\^2) as a continuous intravenous (IV) infusion on Day 1 along with leucovorin at a dose of 200 mg/m\^2 or 400 mg/m\^2 on Day 1 followed by 5-Fluorouracil at a dose of 2600 mg/m\^2 IV continuous infusion over 24 hours on Day 1 or at 400 mg/m\^2 IV push on Day 1 and 2400 mg/m\^2 IV continuous infusion over 46-48 hours (Day 1 and 2	NEWLINE_TO_SPACE;CUT_AT_400_CHARS;TSV_WRITE_NORMALISES_TAB_AND_NEWLINE;ORIGINAL_RETRIEVABLE_ONLY_VIA_the cached source record	1289
NCT02625610	Best Overall Response (BOR) by Investigator Assessment	Avelumab	210	2014_2017	bor	2	2	ALL_ARMS_NON_CONTROL_TYPED	EXPERIMENTAL | EXPERIMENTAL	LABEL_MATCH	LABEL_FIELD_MATCH_ONLY:LABEL_BYTE_EXACT	SOURCE_RECORD	protocolSection.armsInterventionsModule.armGroups[1].label	1	1	Avelumab	EXPERIMENTAL	1	Avelumab	EXPERIMENTAL						NOT_ESTABLISHED_IN_THIS_CACHE	bound arm 1 registered type EXPERIMENTAL (verbatim). A registered type of EXPERIMENTAL/OTHER is not evidence that this group had no comparator role; no comparator evidence exists in this cache either way			NOT_ESTABLISHED_REGISTRY_JOIN_FIELDS_ABSENT_FROM_THIS_CACHE	BOUND_ARM_REGISTERED_TYPE_IS_EXPERIMENTAL	ASSUMES_LABEL_FIELD_CORRESPONDENCE_IS_ARM_IDENTITY_UNPROVED		NO_LEAF									NO	CONFIRMED	LABEL_BYTE_EXACT	Avelumab	NOT_CONTROL_CONFIRMED	NOT_CONTROL	CHANGED_CLASS:NOT_CONTROL_ASSERTED->NOT_ESTABLISHED	Oxaliplatin was administered at a dose of 85 mg per square meter (mg/m\^2) as a continuous intravenous (IV) infusion on Day 1 along with leucovorin at a dose of 200 mg/m\^2 or 400 mg/m\^2 on Day 1 followed by 5-Fluorouracil at a dose of 2600 mg/m\^2 IV continuous infusion over 24 hours on Day 1 or at 400 mg/m\^2 IV push on Day 1 and 2400 mg/m\^2 IV continuous infusion over 46-48 hours (Day 1 and 2	NEWLINE_TO_SPACE;CUT_AT_400_CHARS;TSV_WRITE_NORMALISES_TAB_AND_NEWLINE;ORIGINAL_RETRIEVABLE_ONLY_VIA_the cached source record	875
NCT03175172	Overall Response Rate (ORR)	Experimental	9	2014_2017	bor	1	1	ALL_ARMS_NON_CONTROL_TYPED	EXPERIMENTAL	LABEL_MATCH	LABEL_FIELD_MATCH_ONLY:LABEL_BYTE_EXACT	SOURCE_RECORD	protocolSection.armsInterventionsModule.armGroups[0].label	1	0	Experimental	EXPERIMENTAL	0	Experimental	EXPERIMENTAL						NOT_ESTABLISHED_IN_THIS_CACHE	bound arm 0 registered type EXPERIMENTAL (verbatim). A registered type of EXPERIMENTAL/OTHER is not evidence that this group had no comparator role; no comparator evidence exists in this cache either way			NOT_ESTABLISHED_REGISTRY_JOIN_FIELDS_ABSENT_FROM_THIS_CACHE	BOUND_ARM_REGISTERED_TYPE_IS_EXPERIMENTAL	ASSUMES_LABEL_FIELD_CORRESPONDENCE_IS_ARM_IDENTITY_UNPROVED		NO_LEAF									NO	CONFIRMED	LABEL_BYTE_EXACT	Experimental	NOT_CONTROL_CONFIRMED	NOT_CONTROL	CHANGED_CLASS:NOT_CONTROL_ASSERTED->NOT_ESTABLISHED	CRS-207 and pembrolizumab were administered in 3-week cycles. For Cycle 1, pembrolizumab (200 mg) was administered by IV infusion over 30 minutes on Day 1 and CRS-207 (starting dose 1 × 10e9 CFU) was administered by IV infusion over 1 hour on Day 2. If tolerated, pembrolizumab and CRS-207 were administered on the same day (Day 1) for subsequent cycles. After 4 cycles, pembrolizumab continued to be	NEWLINE_TO_SPACE;CUT_AT_400_CHARS;TSV_WRITE_NORMALISES_TAB_AND_NEWLINE;ORIGINAL_RETRIEVABLE_ONLY_VIA_the cached source record	532
NCT03175172	Disease Control Rate (DCR)	Experimental	9	2014_2017	bor	1	1	ALL_ARMS_NON_CONTROL_TYPED	EXPERIMENTAL	LABEL_MATCH	LABEL_FIELD_MATCH_ONLY:LABEL_BYTE_EXACT	SOURCE_RECORD	protocolSection.armsInterventionsModule.armGroups[0].label	1	0	Experimental	EXPERIMENTAL	0	Experimental	EXPERIMENTAL						NOT_ESTABLISHED_IN_THIS_CACHE	bound arm 0 registered type EXPERIMENTAL (verbatim). A registered type of EXPERIMENTAL/OTHER is not evidence that this group had no comparator role; no comparator evidence exists in this cache either way			NOT_ESTABLISHED_REGISTRY_JOIN_FIELDS_ABSENT_FROM_THIS_CACHE	BOUND_ARM_REGISTERED_TYPE_IS_EXPERIMENTAL	ASSUMES_LABEL_FIELD_CORRESPONDENCE_IS_ARM_IDENTITY_UNPROVED		NO_LEAF									NO	CONFIRMED	LABEL_BYTE_EXACT	Experimental	NOT_CONTROL_CONFIRMED	NOT_CONTROL	CHANGED_CLASS:NOT_CONTROL_ASSERTED->NOT_ESTABLISHED	CRS-207 and pembrolizumab were administered in 3-week cycles. For Cycle 1, pembrolizumab (200 mg) was administered by IV infusion over 30 minutes on Day 1 and CRS-207 (starting dose 1 × 10e9 CFU) was administered by IV infusion over 1 hour on Day 2. If tolerated, pembrolizumab and CRS-207 were administered on the same day (Day 1) for subsequent cycles. After 4 cycles, pembrolizumab continued to be	NEWLINE_TO_SPACE;CUT_AT_400_CHARS;TSV_WRITE_NORMALISES_TAB_AND_NEWLINE;ORIGINAL_RETRIEVABLE_ONLY_VIA_the cached source record	532
NCT02584829	Disease Response, as Assessed by Response Evaluation Criteria in Solid Tumors Version 1.1	Group 1 (Avelumab and MHC Class I Up-regulation)	1	2014_2017	bor	2	2	ALL_ARMS_NON_CONTROL_TYPED	EXPERIMENTAL | EXPERIMENTAL	LABEL_MATCH	LABEL_FIELD_MATCH_ONLY:LABEL_CASE_WS_FOLD	SOURCE_RECORD	protocolSection.armsInterventionsModule.armGroups[0].label	1	0	Group 1 (avelumab and MHC class I up-regulation)	EXPERIMENTAL	0	Group 1 (avelumab and MHC class I up-regulation)	EXPERIMENTAL						NOT_ESTABLISHED_IN_THIS_CACHE	bound arm 0 registered type EXPERIMENTAL (verbatim). A registered type of EXPERIMENTAL/OTHER is not evidence that this group had no comparator role; no comparator evidence exists in this cache either way			NOT_ESTABLISHED_REGISTRY_JOIN_FIELDS_ABSENT_FROM_THIS_CACHE	BOUND_ARM_REGISTERED_TYPE_IS_EXPERIMENTAL	ASSUMES_LABEL_FIELD_CORRESPONDENCE_IS_ARM_IDENTITY_UNPROVED		NO_LEAF									NO	CONFIRMED	LABEL_CASE_AND_WHITESPACE_ONLY	Group 1 (avelumab and MHC class I up-regulation)	NOT_CONTROL_CONFIRMED	NOT_CONTROL	CHANGED_CLASS:NOT_CONTROL_ASSERTED->NOT_ESTABLISHED	Patients who do not have a HLA type for which T cells can be generated or for whom T cells cannot be generated for technical issues receive avelumab intravenously (IV) over 1 hour every 2 weeks for 12 months. Within 7-10 days after completion of 1-3 doses of avelumab, patients receive MHC class I up-regulation intervention comprising either localized radiation therapy or recombinant interferon bet	NEWLINE_TO_SPACE;CUT_AT_400_CHARS;TSV_WRITE_NORMALISES_TAB_AND_NEWLINE;ORIGINAL_RETRIEVABLE_ONLY_VIA_the cached source record	608
NCT02584829	Disease Response, as Assessed by Response Evaluation Criteria in Solid Tumors Version 1.1	Group 2 (Avelumab, MHC Class I Up-regulation, T Cells)	6	2014_2017	bor	2	2	ALL_ARMS_NON_CONTROL_TYPED	EXPERIMENTAL | EXPERIMENTAL	LABEL_MATCH	LABEL_FIELD_MATCH_ONLY:LABEL_CASE_WS_FOLD	SOURCE_RECORD	protocolSection.armsInterventionsModule.armGroups[1].label	1	1	Group 2 (avelumab, MHC class I up-regulation, T cells)	EXPERIMENTAL	1	Group 2 (avelumab, MHC class I up-regulation, T cells)	EXPERIMENTAL						NOT_ESTABLISHED_IN_THIS_CACHE	bound arm 1 registered type EXPERIMENTAL (verbatim). A registered type of EXPERIMENTAL/OTHER is not evidence that this group had no comparator role; no comparator evidence exists in this cache either way			NOT_ESTABLISHED_REGISTRY_JOIN_FIELDS_ABSENT_FROM_THIS_CACHE	BOUND_ARM_REGISTERED_TYPE_IS_EXPERIMENTAL	ASSUMES_LABEL_FIELD_CORRESPONDENCE_IS_ARM_IDENTITY_UNPROVED		NO_LEAF									NO	CONFIRMED	LABEL_CASE_AND_WHITESPACE_ONLY	Group 2 (avelumab, MHC class I up-regulation, T cells)	NOT_CONTROL_CONFIRMED	NOT_CONTROL	CHANGED_CLASS:NOT_CONTROL_ASSERTED->NOT_ESTABLISHED	Patients who have an HLA type for which T cells can be generated receive avelumab IV over 1 hour every 2 weeks for 12 months. Patients also receive MHC class I up-regulation intervention as in Group 1 between 7-10 days after the first infusion of avelumab and 2-5 days before the first infusion of MCPyV TAg-specific polyclonal autologous CD8+ T cells. Patients receive two infusions of MCPyV TAg-spe	NEWLINE_TO_SPACE;CUT_AT_400_CHARS;TSV_WRITE_NORMALISES_TAB_AND_NEWLINE;ORIGINAL_RETRIEVABLE_ONLY_VIA_the cached source record	717
NCT02046733	Objective Response (OR)	Observation	62	2014_2017	bor	2	2	MIXED_ARM_TYPES	EXPERIMENTAL | NO_INTERVENTION	LABEL_MATCH	LABEL_FIELD_MATCH_ONLY:LABEL_BYTE_EXACT	SOURCE_RECORD	protocolSection.armsInterventionsModule.armGroups[1].label	1	1	Observation	NO_INTERVENTION	1	Observation	NO_INTERVENTION						COMPARATOR_PROPOSED_BY_LABEL_FIELD_MATCHED_ARM_TYPE	arm 1 bound by label correspondence only (LABEL_FIELD_MATCH_ONLY:LABEL_BYTE_EXACT); registered type NO_INTERVENTION; the group-arm identity is not independently source-field-matched	ASSUMES_LABEL_FIELD_CORRESPONDENCE_IS_ARM_IDENTITY_UNPROVED		NOT_ESTABLISHED_REGISTRY_JOIN_FIELDS_ABSENT_FROM_THIS_CACHE	BOUND_ARM_REGISTERED_TYPE_IS_NO_INTERVENTION	ASSUMES_LABEL_FIELD_CORRESPONDENCE_IS_ARM_IDENTITY_UNPROVED		NO_LEAF									NO	CONFIRMED	LABEL_BYTE_EXACT	Observation	CONTROL_NO_INTERVENTION_CONFIRMED	CONTROL_NO_INTERVENTION	CHANGED_CLASS:COMPARATOR_TYPE_INFERRED->COMPARATOR_PROPOSED	no further treatment; tumour assessment, follow-up documentation and collection of biological material will be done according to the same schedule as the experimental arm (nivolumab+ipilimumab).	NEWLINE_TO_SPACE;CUT_AT_400_CHARS;TSV_WRITE_NORMALISES_TAB_AND_NEWLINE;ORIGINAL_RETRIEVABLE_ONLY_VIA_the cached source record	194
NCT02046733	Objective Response (OR)	Nivolumab + Ipilimumab	63	2014_2017	bor	2	2	MIXED_ARM_TYPES	EXPERIMENTAL | NO_INTERVENTION	LABEL_MATCH	LABEL_FIELD_MATCH_ONLY:LABEL_BYTE_EXACT	SOURCE_RECORD	protocolSection.armsInterventionsModule.armGroups[0].label	1	0	Nivolumab + Ipilimumab	EXPERIMENTAL	0	Nivolumab + Ipilimumab	EXPERIMENTAL						NOT_ESTABLISHED_IN_THIS_CACHE	bound arm 0 registered type EXPERIMENTAL (verbatim). A registered type of EXPERIMENTAL/OTHER is not evidence that this group had no comparator role; no comparator evidence exists in this cache either way			NOT_ESTABLISHED_REGISTRY_JOIN_FIELDS_ABSENT_FROM_THIS_CACHE	BOUND_ARM_REGISTERED_TYPE_IS_EXPERIMENTAL	ASSUMES_LABEL_FIELD_CORRESPONDENCE_IS_ARM_IDENTITY_UNPROVED		NO_LEAF									NO	CONFIRMED	LABEL_BYTE_EXACT	Nivolumab + Ipilimumab	NOT_CONTROL_CONFIRMED	NOT_CONTROL	CHANGED_CLASS:NOT_CONTROL_ASSERTED->NOT_ESTABLISHED	* Induction phase to start within 6-8 weeks (42-56 days) after the start of chemotherapy cycle 4, and not more than 2 weeks (14 days) after the date of randomisation): Nivolumab at a dose of 1 mg/kg i.v. over a period of 30 minutes followed (on the same day) by Ipilimumab at a dose of 3 mg/kg i.v. over a period of 90 minutes once every 3 weeks (+/- 3 days, without dosing delay), for 4 cycles. * Ma	NEWLINE_TO_SPACE;CUT_AT_400_CHARS;TSV_WRITE_NORMALISES_TAB_AND_NEWLINE;ORIGINAL_RETRIEVABLE_ONLY_VIA_the cached source record	658
NCT02440464	Percentage of Participants With Best Response to Treatment After Randomization	Ixazomib Maintenance	5	2014_2017	bor	2	2	MIXED_ARM_TYPES	EXPERIMENTAL | PLACEBO_COMPARATOR	LABEL_MATCH	LABEL_FIELD_MATCH_ONLY:LABEL_BYTE_EXACT	SOURCE_RECORD	protocolSection.armsInterventionsModule.armGroups[0].label	1	0	Ixazomib Maintenance	EXPERIMENTAL	0	Ixazomib Maintenance	EXPERIMENTAL						NOT_ESTABLISHED_IN_THIS_CACHE	bound arm 0 registered type EXPERIMENTAL (verbatim). A registered type of EXPERIMENTAL/OTHER is not evidence that this group had no comparator role; no comparator evidence exists in this cache either way			NOT_ESTABLISHED_REGISTRY_JOIN_FIELDS_ABSENT_FROM_THIS_CACHE	BOUND_ARM_REGISTERED_TYPE_IS_EXPERIMENTAL	ASSUMES_LABEL_FIELD_CORRESPONDENCE_IS_ARM_IDENTITY_UNPROVED		NO_LEAF									NO	CONFIRMED	LABEL_BYTE_EXACT	Ixazomib Maintenance	NOT_CONTROL_CONFIRMED	NOT_CONTROL	CHANGED_CLASS:NOT_CONTROL_ASSERTED->NOT_ESTABLISHED	Allogeneic HSCT and Fludarabine/Melphalan/Bortezomib conditioning followed by Ixazomib maintenance  Allogeneic HSCT: Eligible patients with a Human Leukocyte Antigen (HLA)-matched related or unrelated donor will undergo allogeneic hematopoietic stem cell transplant at Day 0. For GVHD prophylaxis, patients will be given Tacrolimus from Day -3 until at least 6 months following initiation, at an intr	NEWLINE_TO_SPACE;CUT_AT_400_CHARS;TSV_WRITE_NORMALISES_TAB_AND_NEWLINE;ORIGINAL_RETRIEVABLE_ONLY_VIA_the cached source record	1238
NCT02440464	Percentage of Participants With Best Response to Treatment After Randomization	Placebo	3	2014_2017	bor	2	2	MIXED_ARM_TYPES	EXPERIMENTAL | PLACEBO_COMPARATOR	LABEL_MATCH	LABEL_FIELD_MATCH_ONLY:LABEL_BYTE_EXACT	SOURCE_RECORD	protocolSection.armsInterventionsModule.armGroups[1].label	1	1	Placebo	PLACEBO_COMPARATOR	1	Placebo	PLACEBO_COMPARATOR						COMPARATOR_PROPOSED_BY_LABEL_FIELD_MATCHED_ARM_TYPE	arm 1 bound by label correspondence only (LABEL_FIELD_MATCH_ONLY:LABEL_BYTE_EXACT); registered type PLACEBO_COMPARATOR; the group-arm identity is not independently source-field-matched	ASSUMES_LABEL_FIELD_CORRESPONDENCE_IS_ARM_IDENTITY_UNPROVED	GROUP_TEXT_PLACEBO_OR_SHAM_WORDING;GROUP_TEXT_CONTROL_OR_COMPARATOR_WORDING	NOT_ESTABLISHED_REGISTRY_JOIN_FIELDS_ABSENT_FROM_THIS_CACHE	BOUND_ARM_REGISTERED_TYPE_IS_PLACEBO_COMPARATOR	ASSUMES_LABEL_FIELD_CORRESPONDENCE_IS_ARM_IDENTITY_UNPROVED		NO_LEAF									NO	CONFIRMED	LABEL_BYTE_EXACT	Placebo	CONTROL_PLACEBO_CONFIRMED	CONTROL_PLACEBO	CHANGED_CLASS:COMPARATOR_TYPE_INFERRED->COMPARATOR_PROPOSED	Allogeneic HSCT and Fludarabine/Melphalan/Bortezomib conditioning followed by placebo maintenance.  Allogeneic HSCT: Eligible patients with a Human Leukocyte Antigen (HLA)-matched related or unrelated donor will undergo allogeneic hematopoietic stem cell transplant at Day 0. For GVHD prophylaxis, patients will be given Tacrolimus from Day -3 until at least 6 months following initiation, at an intr	NEWLINE_TO_SPACE;CUT_AT_400_CHARS;TSV_WRITE_NORMALISES_TAB_AND_NEWLINE;ORIGINAL_RETRIEVABLE_ONLY_VIA_the cached source record	1229
NCT02440464	Percentage of Participants With Response to Treatment	Ixazomib Maintenance	2	2014_2017	bor	2	2	MIXED_ARM_TYPES	EXPERIMENTAL | PLACEBO_COMPARATOR	LABEL_MATCH	LABEL_FIELD_MATCH_ONLY:LABEL_BYTE_EXACT	SOURCE_RECORD	protocolSection.armsInterventionsModule.armGroups[0].label	1	0	Ixazomib Maintenance	EXPERIMENTAL	0	Ixazomib Maintenance	EXPERIMENTAL						NOT_ESTABLISHED_IN_THIS_CACHE	bound arm 0 registered type EXPERIMENTAL (verbatim). A registered type of EXPERIMENTAL/OTHER is not evidence that this group had no comparator role; no comparator evidence exists in this cache either way			NOT_ESTABLISHED_REGISTRY_JOIN_FIELDS_ABSENT_FROM_THIS_CACHE	BOUND_ARM_REGISTERED_TYPE_IS_EXPERIMENTAL	ASSUMES_LABEL_FIELD_CORRESPONDENCE_IS_ARM_IDENTITY_UNPROVED		NO_LEAF									NO	CONFIRMED	LABEL_BYTE_EXACT	Ixazomib Maintenance	NOT_CONTROL_CONFIRMED	NOT_CONTROL	CHANGED_CLASS:NOT_CONTROL_ASSERTED->NOT_ESTABLISHED	Allogeneic HSCT and Fludarabine/Melphalan/Bortezomib conditioning followed by Ixazomib maintenance  Allogeneic HSCT: Eligible patients with a Human Leukocyte Antigen (HLA)-matched related or unrelated donor will undergo allogeneic hematopoietic stem cell transplant at Day 0. For GVHD prophylaxis, patients will be given Tacrolimus from Day -3 until at least 6 months following initiation, at an intr	NEWLINE_TO_SPACE;CUT_AT_400_CHARS;TSV_WRITE_NORMALISES_TAB_AND_NEWLINE;ORIGINAL_RETRIEVABLE_ONLY_VIA_the cached source record	1238
NCT02440464	Percentage of Participants With Response to Treatment	Placebo	2	2014_2017	bor	2	2	MIXED_ARM_TYPES	EXPERIMENTAL | PLACEBO_COMPARATOR	LABEL_MATCH	LABEL_FIELD_MATCH_ONLY:LABEL_BYTE_EXACT	SOURCE_RECORD	protocolSection.armsInterventionsModule.armGroups[1].label	1	1	Placebo	PLACEBO_COMPARATOR	1	Placebo	PLACEBO_COMPARATOR						COMPARATOR_PROPOSED_BY_LABEL_FIELD_MATCHED_ARM_TYPE	arm 1 bound by label correspondence only (LABEL_FIELD_MATCH_ONLY:LABEL_BYTE_EXACT); registered type PLACEBO_COMPARATOR; the group-arm identity is not independently source-field-matched	ASSUMES_LABEL_FIELD_CORRESPONDENCE_IS_ARM_IDENTITY_UNPROVED	GROUP_TEXT_PLACEBO_OR_SHAM_WORDING;GROUP_TEXT_CONTROL_OR_COMPARATOR_WORDING	NOT_ESTABLISHED_REGISTRY_JOIN_FIELDS_ABSENT_FROM_THIS_CACHE	BOUND_ARM_REGISTERED_TYPE_IS_PLACEBO_COMPARATOR	ASSUMES_LABEL_FIELD_CORRESPONDENCE_IS_ARM_IDENTITY_UNPROVED		NO_LEAF									NO	CONFIRMED	LABEL_BYTE_EXACT	Placebo	CONTROL_PLACEBO_CONFIRMED	CONTROL_PLACEBO	CHANGED_CLASS:COMPARATOR_TYPE_INFERRED->COMPARATOR_PROPOSED	Allogeneic HSCT and Fludarabine/Melphalan/Bortezomib conditioning followed by placebo maintenance.  Allogeneic HSCT: Eligible patients with a Human Leukocyte Antigen (HLA)-matched related or unrelated donor will undergo allogeneic hematopoietic stem cell transplant at Day 0. For GVHD prophylaxis, patients will be given Tacrolimus from Day -3 until at least 6 months following initiation, at an intr	NEWLINE_TO_SPACE;CUT_AT_400_CHARS;TSV_WRITE_NORMALISES_TAB_AND_NEWLINE;ORIGINAL_RETRIEVABLE_ONLY_VIA_the cached source record	1229
NCT02626000	Best Overall Confirmed Response	Talimogene Laherparepvec + Pembrolizumab	17	2014_2017	bor	1	1	ALL_ARMS_NON_CONTROL_TYPED	EXPERIMENTAL	LABEL_MATCH	LABEL_FIELD_MATCH_ONLY:LABEL_BYTE_EXACT	SOURCE_RECORD	protocolSection.armsInterventionsModule.armGroups[0].label	1	0	Talimogene Laherparepvec + Pembrolizumab	EXPERIMENTAL	0	Talimogene Laherparepvec + Pembrolizumab	EXPERIMENTAL						NOT_ESTABLISHED_IN_THIS_CACHE	bound arm 0 registered type EXPERIMENTAL (verbatim). A registered type of EXPERIMENTAL/OTHER is not evidence that this group had no comparator role; no comparator evidence exists in this cache either way			NOT_ESTABLISHED_REGISTRY_JOIN_FIELDS_ABSENT_FROM_THIS_CACHE	BOUND_ARM_REGISTERED_TYPE_IS_EXPERIMENTAL	ASSUMES_LABEL_FIELD_CORRESPONDENCE_IS_ARM_IDENTITY_UNPROVED		NO_LEAF									NO	CONFIRMED	LABEL_BYTE_EXACT	Talimogene Laherparepvec + Pembrolizumab	NOT_CONTROL_CONFIRMED	NOT_CONTROL	CHANGED_CLASS:NOT_CONTROL_ASSERTED->NOT_ESTABLISHED	Talimogene laherparepvec was administered by intralesional injection into injectable cutaneous, subcutaneous, and nodal lesions at an initial dose of 10⁶ plaque-forming units (PFU) per mL on day 1 followed by a dose of 10⁸ PFU/mL every 3 weeks (Q3W) thereafter. Pembrolizumab was administered by intravenous infusion at a dose of 200 mg Q3W.  Participants were treated until complete response, no inj	NEWLINE_TO_SPACE;CUT_AT_400_CHARS;TSV_WRITE_NORMALISES_TAB_AND_NEWLINE;ORIGINAL_RETRIEVABLE_ONLY_VIA_the cached source record	593
NCT03164616	Best Objective Response (BoR)	T + D + SoC	323	2014_2017	bor	3	3	MIXED_ARM_TYPES	EXPERIMENTAL | EXPERIMENTAL | ACTIVE_COMPARATOR	PROPOSED	LEAF_CLAIM_NOT_VERIFIABLE_FROM_EXACT_SOURCE_FIELDS	DELIVERED_LEAF:LEAF-QD-group2.tsv	LEAF-OUT/LEAF-QD-group2.tsv:line 117; candidate protocolSection.armsInterventionsModule.armGroups[0].label	1	0	Treatment Arm 1	EXPERIMENTAL									UNKNOWN_IN_THIS_CACHE	no source-field-matched arm link and no comparator wording in the group record			NOT_ESTABLISHED_REGISTRY_JOIN_FIELDS_ABSENT_FROM_THIS_CACHE	ARM_SET_TYPE_NOT_UNIFORM_NO_TYPE_STATEMENT_POSSIBLE			LEAF_LABEL_RESOLVES_UNIQUELY	Treatment Arm 1	LEAF-OUT/LEAF-QD-group2.tsv:line 117	RETAINED_UNVERIFIED_WITH_LOCATOR		armGroups[].description ('durvalumab + tremelimumab combination therapy + SoC chemotherapy' / 'durvalumab monotherapy + SoC chemotherapy' / 'SoC chemotherapy alone') read against the group description; the three results groups and three registered arms are in bijection	NEWLINE_TO_SPACE;CUT_AT_400_CHARS;TSV_WRITE_NORMALISES_TAB_AND_NEWLINE;ORIGINAL_RETRIEVABLE_ONLY_VIA_leaf_claim_locator	269	NO	NO	CONFIRMED	LEAF_WITHIN_RECORD_RELATION	Treatment Arm 1	NOT_CONTROL_CONFIRMED	UNKNOWN	CHANGED_CLASS:NOT_CONTROL_ASSERTED->UNKNOWN	During chemotherapy (combination) stage:  Patients received tremelimumab 75 mg + durvalumab 1500 mg combination therapy + SoC chemotherapy via IV infusion Q3W for 4 doses/cycles (Weeks 0, 3, 6 and 9).  The SoC chemotherapy was the Investigator's choice of one of the following regimens: abraxane + carboplatin (squamous and non-squamous patients), pemetrexed + cisplatin or carboplatin (non-squamous 	NEWLINE_TO_SPACE;CUT_AT_400_CHARS;TSV_WRITE_NORMALISES_TAB_AND_NEWLINE;ORIGINAL_RETRIEVABLE_ONLY_VIA_the cached source record	1086
NCT03164616	Best Objective Response (BoR)	D + SoC	327	2014_2017	bor	3	3	MIXED_ARM_TYPES	EXPERIMENTAL | EXPERIMENTAL | ACTIVE_COMPARATOR	PROPOSED	LEAF_CLAIM_NOT_VERIFIABLE_FROM_EXACT_SOURCE_FIELDS	DELIVERED_LEAF:LEAF-QD-group2.tsv	LEAF-OUT/LEAF-QD-group2.tsv:line 118; candidate protocolSection.armsInterventionsModule.armGroups[1].label	1	1	Treatment Arm 2	EXPERIMENTAL									UNKNOWN_IN_THIS_CACHE	no source-field-matched arm link and no comparator wording in the group record			NOT_ESTABLISHED_REGISTRY_JOIN_FIELDS_ABSENT_FROM_THIS_CACHE	ARM_SET_TYPE_NOT_UNIFORM_NO_TYPE_STATEMENT_POSSIBLE			LEAF_LABEL_RESOLVES_UNIQUELY	Treatment Arm 2	LEAF-OUT/LEAF-QD-group2.tsv:line 118	RETAINED_UNVERIFIED_WITH_LOCATOR		armGroups[].description ('durvalumab + tremelimumab combination therapy + SoC chemotherapy' / 'durvalumab monotherapy + SoC chemotherapy' / 'SoC chemotherapy alone') read against the group description; the three results groups and three registered arms are in bijection	NEWLINE_TO_SPACE;CUT_AT_400_CHARS;TSV_WRITE_NORMALISES_TAB_AND_NEWLINE;ORIGINAL_RETRIEVABLE_ONLY_VIA_leaf_claim_locator	269	NO	NO	CONFIRMED	LEAF_WITHIN_RECORD_RELATION	Treatment Arm 2	NOT_CONTROL_CONFIRMED	UNKNOWN	CHANGED_CLASS:NOT_CONTROL_ASSERTED->UNKNOWN	During chemotherapy (combination) stage:  Patients received durvalumab 1500 mg monotherapy + SoC chemotherapy via IV infusion Q3W for 4 doses/cycles (Weeks 0, 3, 6 and 9).  The SoC chemotherapy was the Investigator's choice of one of the following regimens: abraxane + carboplatin (squamous and non-squamous patients), pemetrexed + cisplatin or carboplatin (non-squamous patients only), or gemcitabin	NEWLINE_TO_SPACE;CUT_AT_400_CHARS;TSV_WRITE_NORMALISES_TAB_AND_NEWLINE;ORIGINAL_RETRIEVABLE_ONLY_VIA_the cached source record	930
NCT03164616	Best Objective Response (BoR)	SoC Alone	322	2014_2017	bor	3	3	MIXED_ARM_TYPES	EXPERIMENTAL | EXPERIMENTAL | ACTIVE_COMPARATOR	PROPOSED	LEAF_CLAIM_NOT_VERIFIABLE_FROM_EXACT_SOURCE_FIELDS	DELIVERED_LEAF:LEAF-QD-group2.tsv	LEAF-OUT/LEAF-QD-group2.tsv:line 119; candidate protocolSection.armsInterventionsModule.armGroups[2].label	1	2	Treatment Arm 3	ACTIVE_COMPARATOR									UNKNOWN_IN_THIS_CACHE	no source-field-matched arm link and no comparator wording in the group record			NOT_ESTABLISHED_REGISTRY_JOIN_FIELDS_ABSENT_FROM_THIS_CACHE	ARM_SET_TYPE_NOT_UNIFORM_NO_TYPE_STATEMENT_POSSIBLE			LEAF_LABEL_RESOLVES_UNIQUELY	Treatment Arm 3	LEAF-OUT/LEAF-QD-group2.tsv:line 119	RETAINED_UNVERIFIED_WITH_LOCATOR		armGroups[].description ('durvalumab + tremelimumab combination therapy + SoC chemotherapy' / 'durvalumab monotherapy + SoC chemotherapy' / 'SoC chemotherapy alone') read against the group description; the three results groups and three registered arms are in bijection	NEWLINE_TO_SPACE;CUT_AT_400_CHARS;TSV_WRITE_NORMALISES_TAB_AND_NEWLINE;ORIGINAL_RETRIEVABLE_ONLY_VIA_leaf_claim_locator	269	NO	NO	CONFIRMED	LEAF_WITHIN_RECORD_RELATION	Treatment Arm 3	CONTROL_ACTIVE_COMPARATOR_CONFIRMED	UNKNOWN	CHANGED_CLASS:COMPARATOR_TYPE_INFERRED->UNKNOWN	During chemotherapy (combination) stage:  Patients received SoC chemotherapy alone via IV infusion Q3W for 4 doses/cycles (Weeks 0, 3, 6 and 9). Patients could also receive SoC chemotherapy for an additional 2 cycles Q3W on Weeks 12 and 15 if clinically indicated and at the Investigator's discretion before the patient entered follow-up.  The SoC chemotherapy was the Investigator's choice of one of	NEWLINE_TO_SPACE;CUT_AT_400_CHARS;TSV_WRITE_NORMALISES_TAB_AND_NEWLINE;ORIGINAL_RETRIEVABLE_ONLY_VIA_the cached source record	946
NCT02383927	Antitumor Activity - Best Overall Response (BOR)	Cohort 1	11	2014_2017	bor	2	4	ALL_ARMS_NON_CONTROL_TYPED	EXPERIMENTAL | EXPERIMENTAL	LABEL_MATCH	LABEL_FIELD_MATCH_ONLY:LABEL_BYTE_EXACT	SOURCE_RECORD	protocolSection.armsInterventionsModule.armGroups[0].label	1	0	Cohort 1	EXPERIMENTAL	0	Cohort 1	EXPERIMENTAL						NOT_ESTABLISHED_IN_THIS_CACHE	bound arm 0 registered type EXPERIMENTAL (verbatim). A registered type of EXPERIMENTAL/OTHER is not evidence that this group had no comparator role; no comparator evidence exists in this cache either way			NOT_ESTABLISHED_REGISTRY_JOIN_FIELDS_ABSENT_FROM_THIS_CACHE	BOUND_ARM_REGISTERED_TYPE_IS_EXPERIMENTAL	ASSUMES_LABEL_FIELD_CORRESPONDENCE_IS_ARM_IDENTITY_UNPROVED		NO_LEAF									NO	CONFIRMED	LABEL_BYTE_EXACT	Cohort 1	NOT_CONTROL_CONFIRMED	NOT_CONTROL	CHANGED_CLASS:NOT_CONTROL_ASSERTED->NOT_ESTABLISHED	Subjects with thyroid cancer with HRAS mutations.  Subjects received tipifarnib as monotherapy orally BID on Days 1-7 and 15-21 of each 28-day treatment cycle.  In the absence of unacceptable tipifarnib-related emergent toxicity or disease progression, subjects could receive treatment with tipifarnib for up to 12 months at the discretion of the Investigator. Treatment beyond 12 months may have con	NEWLINE_TO_SPACE;CUT_AT_400_CHARS;TSV_WRITE_NORMALISES_TAB_AND_NEWLINE;ORIGINAL_RETRIEVABLE_ONLY_VIA_the cached source record	458
NCT02383927	Antitumor Activity - Best Overall Response (BOR)	Cohort 2/Stage 1	8	2014_2017	bor	2	4	ALL_ARMS_NON_CONTROL_TYPED	EXPERIMENTAL | EXPERIMENTAL	PROPOSED	LEAF_CLAIM_NOT_VERIFIABLE_FROM_EXACT_SOURCE_FIELDS	DELIVERED_LEAF:LEAF-QD-group1.tsv	LEAF-OUT/LEAF-QD-group1.tsv:line 27; candidate protocolSection.armsInterventionsModule.armGroups[1].label	1	1	Cohort 2	EXPERIMENTAL									UNKNOWN_IN_THIS_CACHE	no source-field-matched arm link and no comparator wording in the group record			NOT_ESTABLISHED_REGISTRY_JOIN_FIELDS_ABSENT_FROM_THIS_CACHE	ALL_REGISTERED_ARMS_NON_COMPARATOR_TYPED_CONDITIONAL	ASSUMES_THIS_RESULTS_GROUP_IS_A_SUBSET_OF_THE_REGISTERED_ARM_SET_MEMBERSHIP_UNPROVED		LEAF_LABEL_RESOLVES_UNIQUELY	Cohort 2	LEAF-OUT/LEAF-QD-group1.tsv:line 27	RETAINED_UNVERIFIED_WITH_LOCATOR		armGroups[1].label as a prefix of group_title (the record itself names the arm), plus armGroups[1].description for Stage 2	NEWLINE_TO_SPACE;CUT_AT_400_CHARS;TSV_WRITE_NORMALISES_TAB_AND_NEWLINE;ORIGINAL_RETRIEVABLE_ONLY_VIA_leaf_claim_locator	122	NO	NO	CONFIRMED	LEAF_WITHIN_RECORD_RELATION	Cohort 2	NOT_CONTROL_CONFIRMED	UNKNOWN_WEAK_MATCH_ONLY	CHANGED_CLASS:NOT_CONTROL_ASSERTED->UNKNOWN	Subjects with any solid tumour with HRAS mutation.  Subjects received tipifarnib as monotherapy orally BID on Days 1-7 and 15-21 of each 28-day treatment cycle.  In the absence of unacceptable tipifarnib-related emergent toxicity or disease progression, subjects could receive treatment with tipifarnib for up to 12 months at the discretion of the Investigator. Treatment beyond 12 months may have co	NEWLINE_TO_SPACE;CUT_AT_400_CHARS;TSV_WRITE_NORMALISES_TAB_AND_NEWLINE;ORIGINAL_RETRIEVABLE_ONLY_VIA_the cached source record	459
NCT02383927	Antitumor Activity - Best Overall Response (BOR)	Cohort 2/Stage 2	23	2014_2017	bor	2	4	ALL_ARMS_NON_CONTROL_TYPED	EXPERIMENTAL | EXPERIMENTAL	PROPOSED	LEAF_CLAIM_NOT_VERIFIABLE_FROM_EXACT_SOURCE_FIELDS	DELIVERED_LEAF:LEAF-QD-group1.tsv	LEAF-OUT/LEAF-QD-group1.tsv:line 28; candidate protocolSection.armsInterventionsModule.armGroups[1].label	1	1	Cohort 2	EXPERIMENTAL									UNKNOWN_IN_THIS_CACHE	no source-field-matched arm link and no comparator wording in the group record			NOT_ESTABLISHED_REGISTRY_JOIN_FIELDS_ABSENT_FROM_THIS_CACHE	ALL_REGISTERED_ARMS_NON_COMPARATOR_TYPED_CONDITIONAL	ASSUMES_THIS_RESULTS_GROUP_IS_A_SUBSET_OF_THE_REGISTERED_ARM_SET_MEMBERSHIP_UNPROVED		LEAF_LABEL_RESOLVES_UNIQUELY	Cohort 2	LEAF-OUT/LEAF-QD-group1.tsv:line 28	RETAINED_UNVERIFIED_WITH_LOCATOR		armGroups[1].label as a prefix of group_title (the record itself names the arm), plus armGroups[1].description for Stage 2	NEWLINE_TO_SPACE;CUT_AT_400_CHARS;TSV_WRITE_NORMALISES_TAB_AND_NEWLINE;ORIGINAL_RETRIEVABLE_ONLY_VIA_leaf_claim_locator	122	NO	NO	CONFIRMED	LEAF_WITHIN_RECORD_RELATION	Cohort 2	NOT_CONTROL_CONFIRMED	UNKNOWN_WEAK_MATCH_ONLY	CHANGED_CLASS:NOT_CONTROL_ASSERTED->UNKNOWN	Subjects with HNSCC with HRAS mutations.  Subjects received tipifarnib as monotherapy orally BID on Days 1-7 and 15-21 of each 28-day treatment cycle.  In the absence of unacceptable tipifarnib-related emergent toxicity or disease progression, subjects could receive treatment with tipifarnib for up to 12 months at the discretion of the Investigator. Treatment beyond 12 months may have continued up	NEWLINE_TO_SPACE;CUT_AT_400_CHARS;TSV_WRITE_NORMALISES_TAB_AND_NEWLINE;ORIGINAL_RETRIEVABLE_ONLY_VIA_the cached source record	449
NCT02383927	Antitumor Activity - Best Overall Response (BOR)	Cohort 3	7	2014_2017	bor	2	4	ALL_ARMS_NON_CONTROL_TYPED	EXPERIMENTAL | EXPERIMENTAL	UNKNOWN_IN_THIS_CACHE	NO_EXACT_SOURCE_RELATION_IN_THIS_CACHE	SOURCE_RECORD	protocolSection.armsInterventionsModule.armGroups[*].label/.description compared to groups[*].title/.description; no equality holds	0												UNKNOWN_IN_THIS_CACHE	no source-field-matched arm link and no comparator wording in the group record			NOT_ESTABLISHED_REGISTRY_JOIN_FIELDS_ABSENT_FROM_THIS_CACHE	ALL_REGISTERED_ARMS_NON_COMPARATOR_TYPED_CONDITIONAL	ASSUMES_THIS_RESULTS_GROUP_IS_A_SUBSET_OF_THE_REGISTERED_ARM_SET_MEMBERSHIP_UNPROVED		LEAF_CLAIMS_NO_ARM		LEAF-OUT/LEAF-QD-group1.tsv:line 29	NOT_VERIFIABLE_IN_THIS_CACHE		"checked armGroups (2 registered: ""Cohort 1"", ""Cohort 2""), their labels, descriptions and interventionNames; group description; no participantFlowModule in the cached record"	NEWLINE_TO_SPACE;CUT_AT_400_CHARS;TSV_WRITE_NORMALISES_TAB_AND_NEWLINE;ORIGINAL_RETRIEVABLE_ONLY_VIA_leaf_claim_locator	172	NO	NO	UNKNOWN_IN_THIS_CACHE	LEAF_UNJOINABLE_IN_THIS_CACHE		UNKNOWN_IN_THIS_CACHE	UNKNOWN	UNCHANGED_CLASS:UNKNOWN	Subjects with any SCC (excluding HNSCC) with HRAS mutation.  Subjects received tipifarnib as monotherapy orally BID on Days 1-7 and 15-21 of each 28-day treatment cycle.  In the absence of unacceptable tipifarnib-related emergent toxicity or disease progression, subjects could receive treatment with tipifarnib for up to 12 months at the discretion of the Investigator. Treatment beyond 12 months ma	NEWLINE_TO_SPACE;CUT_AT_400_CHARS;TSV_WRITE_NORMALISES_TAB_AND_NEWLINE;ORIGINAL_RETRIEVABLE_ONLY_VIA_the cached source record	468
NCT03146663	Best Overall Response	Arm A	22	2014_2017	bor	2	2	ALL_ARMS_NON_CONTROL_TYPED	EXPERIMENTAL | EXPERIMENTAL	SOURCE_FIELD_MATCH	TWO_AGREEING_FIELD_MATCHES:LABEL_BYTE_EXACT+DESC_BYTE_EXACT	SOURCE_RECORD	protocolSection.armsInterventionsModule.armGroups[0].label and protocolSection.armsInterventionsModule.armGroups[0].description	1	0	Arm A	EXPERIMENTAL	0	Arm A	EXPERIMENTAL						NOT_ESTABLISHED_IN_THIS_CACHE	bound arm 0 registered type EXPERIMENTAL (verbatim). A registered type of EXPERIMENTAL/OTHER is not evidence that this group had no comparator role; no comparator evidence exists in this cache either way			NOT_ESTABLISHED_REGISTRY_JOIN_FIELDS_ABSENT_FROM_THIS_CACHE	BOUND_ARM_REGISTERED_TYPE_IS_EXPERIMENTAL	ASSUMES_TWO_AGREEING_SOURCE_FIELD_MATCHES_ARE_ARM_IDENTITY_UNPROVED		NO_LEAF									NO	CONFIRMED	LABEL_BYTE_EXACT	Arm A	NOT_CONTROL_CONFIRMED	NOT_CONTROL	CHANGED_CLASS:NOT_CONTROL_ASSERTED->NOT_ESTABLISHED	NUC-1031 500 mg/m2 administered on Days 1, 8, and 15 of 28-day cycles	NEWLINE_TO_SPACE;CUT_AT_400_CHARS;TSV_WRITE_NORMALISES_TAB_AND_NEWLINE;ORIGINAL_RETRIEVABLE_ONLY_VIA_the cached source record	69
NCT03146663	Best Overall Response	Arm B	19	2014_2017	bor	2	2	ALL_ARMS_NON_CONTROL_TYPED	EXPERIMENTAL | EXPERIMENTAL	LABEL_MATCH	LABEL_FIELD_MATCH_ONLY:LABEL_BYTE_EXACT	SOURCE_RECORD	protocolSection.armsInterventionsModule.armGroups[1].label	1	1	Arm B	EXPERIMENTAL	1	Arm B	EXPERIMENTAL						NOT_ESTABLISHED_IN_THIS_CACHE	bound arm 1 registered type EXPERIMENTAL (verbatim). A registered type of EXPERIMENTAL/OTHER is not evidence that this group had no comparator role; no comparator evidence exists in this cache either way			NOT_ESTABLISHED_REGISTRY_JOIN_FIELDS_ABSENT_FROM_THIS_CACHE	BOUND_ARM_REGISTERED_TYPE_IS_EXPERIMENTAL	ASSUMES_LABEL_FIELD_CORRESPONDENCE_IS_ARM_IDENTITY_UNPROVED		NO_LEAF									NO	CONFIRMED	LABEL_BYTE_EXACT	Arm B	NOT_CONTROL_CONFIRMED	NOT_CONTROL	CHANGED_CLASS:NOT_CONTROL_ASSERTED->NOT_ESTABLISHED	NUC-1031 750 mg/m2 administered on Days 1, 8 and 15, of 28-day cycles	NEWLINE_TO_SPACE;CUT_AT_400_CHARS;TSV_WRITE_NORMALISES_TAB_AND_NEWLINE;ORIGINAL_RETRIEVABLE_ONLY_VIA_the cached source record	69
NCT03146663	Best Overall Response (in Evaluable for Response Set)	Arm A	16	2014_2017	bor	2	2	ALL_ARMS_NON_CONTROL_TYPED	EXPERIMENTAL | EXPERIMENTAL	SOURCE_FIELD_MATCH	TWO_AGREEING_FIELD_MATCHES:LABEL_BYTE_EXACT+DESC_BYTE_EXACT	SOURCE_RECORD	protocolSection.armsInterventionsModule.armGroups[0].label and protocolSection.armsInterventionsModule.armGroups[0].description	1	0	Arm A	EXPERIMENTAL	0	Arm A	EXPERIMENTAL						NOT_ESTABLISHED_IN_THIS_CACHE	bound arm 0 registered type EXPERIMENTAL (verbatim). A registered type of EXPERIMENTAL/OTHER is not evidence that this group had no comparator role; no comparator evidence exists in this cache either way			NOT_ESTABLISHED_REGISTRY_JOIN_FIELDS_ABSENT_FROM_THIS_CACHE	BOUND_ARM_REGISTERED_TYPE_IS_EXPERIMENTAL	ASSUMES_TWO_AGREEING_SOURCE_FIELD_MATCHES_ARE_ARM_IDENTITY_UNPROVED		NO_LEAF									NO	CONFIRMED	LABEL_BYTE_EXACT	Arm A	NOT_CONTROL_CONFIRMED	NOT_CONTROL	CHANGED_CLASS:NOT_CONTROL_ASSERTED->NOT_ESTABLISHED	NUC-1031 500 mg/m2 administered on Days 1, 8, and 15 of 28-day cycles	NEWLINE_TO_SPACE;CUT_AT_400_CHARS;TSV_WRITE_NORMALISES_TAB_AND_NEWLINE;ORIGINAL_RETRIEVABLE_ONLY_VIA_the cached source record	69
NCT03146663	Best Overall Response (in Evaluable for Response Set)	Arm B	5	2014_2017	bor	2	2	ALL_ARMS_NON_CONTROL_TYPED	EXPERIMENTAL | EXPERIMENTAL	SOURCE_FIELD_MATCH	TWO_AGREEING_FIELD_MATCHES:LABEL_BYTE_EXACT+DESC_BYTE_EXACT	SOURCE_RECORD	protocolSection.armsInterventionsModule.armGroups[1].label and protocolSection.armsInterventionsModule.armGroups[1].description	1	1	Arm B	EXPERIMENTAL	1	Arm B	EXPERIMENTAL						NOT_ESTABLISHED_IN_THIS_CACHE	bound arm 1 registered type EXPERIMENTAL (verbatim). A registered type of EXPERIMENTAL/OTHER is not evidence that this group had no comparator role; no comparator evidence exists in this cache either way			NOT_ESTABLISHED_REGISTRY_JOIN_FIELDS_ABSENT_FROM_THIS_CACHE	BOUND_ARM_REGISTERED_TYPE_IS_EXPERIMENTAL	ASSUMES_TWO_AGREEING_SOURCE_FIELD_MATCHES_ARE_ARM_IDENTITY_UNPROVED		NO_LEAF									NO	CONFIRMED	LABEL_BYTE_EXACT	Arm B	NOT_CONTROL_CONFIRMED	NOT_CONTROL	CHANGED_CLASS:NOT_CONTROL_ASSERTED->NOT_ESTABLISHED	NUC-1031 750 mg/m2 administered on Days 1, 8, and 15 of 28-day cycles	NEWLINE_TO_SPACE;CUT_AT_400_CHARS;TSV_WRITE_NORMALISES_TAB_AND_NEWLINE;ORIGINAL_RETRIEVABLE_ONLY_VIA_the cached source record	69
NCT02394795	Response Rate (RR) in All Participants	Group P; mFOLFOX6 + Panitumumab Combination Therapy	394	2014_2017	bor	2	2	MIXED_ARM_TYPES	EXPERIMENTAL | ACTIVE_COMPARATOR	SOURCE_FIELD_MATCH	TWO_AGREEING_FIELD_MATCHES:LABEL_CASE_WS_FOLD+DESC_BYTE_EXACT	SOURCE_RECORD	protocolSection.armsInterventionsModule.armGroups[0].label and protocolSection.armsInterventionsModule.armGroups[0].description	1	0	Group P; mFOLFOX6 + panitumumab combination therapy	EXPERIMENTAL	0	Group P; mFOLFOX6 + panitumumab combination therapy	EXPERIMENTAL						NOT_ESTABLISHED_IN_THIS_CACHE	bound arm 0 registered type EXPERIMENTAL (verbatim). A registered type of EXPERIMENTAL/OTHER is not evidence that this group had no comparator role; no comparator evidence exists in this cache either way			NOT_ESTABLISHED_REGISTRY_JOIN_FIELDS_ABSENT_FROM_THIS_CACHE	BOUND_ARM_REGISTERED_TYPE_IS_EXPERIMENTAL	ASSUMES_TWO_AGREEING_SOURCE_FIELD_MATCHES_ARE_ARM_IDENTITY_UNPROVED		NO_LEAF									NO	CONFIRMED	LABEL_CASE_AND_WHITESPACE_ONLY	Group P; mFOLFOX6 + panitumumab combination therapy	NOT_CONTROL_CONFIRMED	NOT_CONTROL	CHANGED_CLASS:NOT_CONTROL_ASSERTED->NOT_ESTABLISHED	OXA: 85 mg/m2/day 1 l-LV: 200 mg/m2/day 1 5-FU iv: 400 mg/m2/day 1 5-FU civ: 2400 mg/m2/day 1-3 panitumumab: 6 mg/kg mFOLFOX6 + panitumumab combination therapy, once every two weeks.	NEWLINE_TO_SPACE;CUT_AT_400_CHARS;TSV_WRITE_NORMALISES_TAB_AND_NEWLINE;ORIGINAL_RETRIEVABLE_ONLY_VIA_the cached source record	182
NCT02394795	Response Rate (RR) in All Participants	Group B; mFOLFOX6 + Bevacizumab Combination Therapy	397	2014_2017	bor	2	2	MIXED_ARM_TYPES	EXPERIMENTAL | ACTIVE_COMPARATOR	SOURCE_FIELD_MATCH	TWO_AGREEING_FIELD_MATCHES:LABEL_CASE_WS_FOLD+DESC_BYTE_EXACT	SOURCE_RECORD	protocolSection.armsInterventionsModule.armGroups[1].label and protocolSection.armsInterventionsModule.armGroups[1].description	1	1	Group B; mFOLFOX6 + bevacizumab combination therapy	ACTIVE_COMPARATOR	1	Group B; mFOLFOX6 + bevacizumab combination therapy	ACTIVE_COMPARATOR						COMPARATOR_TYPE_INFERRED_VIA_SOURCE_FIELD_MATCH	arm 1 bound by TWO_AGREEING_FIELD_MATCHES:LABEL_CASE_WS_FOLD+DESC_BYTE_EXACT; registered type ACTIVE_COMPARATOR carried verbatim. The comparator TYPE is INFERRED THROUGH a computed correspondence between two source text fields; the registry does not state that this results group IS that arm, so this is not an independently validated clinical comparator	ASSUMES_TWO_AGREEING_SOURCE_FIELD_MATCHES_ARE_ARM_IDENTITY_UNPROVED		NOT_ESTABLISHED_REGISTRY_JOIN_FIELDS_ABSENT_FROM_THIS_CACHE	BOUND_ARM_REGISTERED_TYPE_IS_ACTIVE_COMPARATOR	ASSUMES_TWO_AGREEING_SOURCE_FIELD_MATCHES_ARE_ARM_IDENTITY_UNPROVED		NO_LEAF									NO	CONFIRMED	LABEL_CASE_AND_WHITESPACE_ONLY	Group B; mFOLFOX6 + bevacizumab combination therapy	CONTROL_ACTIVE_COMPARATOR_CONFIRMED	CONTROL_ACTIVE_COMPARATOR	UNCHANGED_CLASS:COMPARATOR_TYPE_INFERRED	OXA: 85 mg/m2/day 1 l-LV: 200 mg/m2/day 1 5-FU iv: 400 mg/m2/day 1 5-FU civ: 2400 mg/m2/day 1-3 bevacizumab: 5 mg/kg/ mFOLFOX6 + bevacizumab combination therapy, once every two weeks.	NEWLINE_TO_SPACE;CUT_AT_400_CHARS;TSV_WRITE_NORMALISES_TAB_AND_NEWLINE;ORIGINAL_RETRIEVABLE_ONLY_VIA_the cached source record	183
NCT02825420	Best Tumor Response	Full Analysis Set	202	2014_2017	bor	0	1	NO_ARMS_REGISTERED_IN_THIS_CACHE		UNKNOWN_IN_THIS_CACHE	NO_ARM_GROUPS_REGISTERED_IN_THIS_CACHE	SOURCE_RECORD	protocolSection.armsInterventionsModule.armGroups=[] (absent)	0												UNKNOWN_IN_THIS_CACHE	zero registered arm groups: link, registry type statement and comparator role are all UNKNOWN in this cache. Any comparator wording in the results-group text is retained as unverified evidence in group_text_comparator_wording_unverified; it is not evidence that no comparator existed			NOT_ESTABLISHED_REGISTRY_JOIN_FIELDS_ABSENT_FROM_THIS_CACHE	UNKNOWN_NO_ARMS_REGISTERED_IN_THIS_CACHE			LEAF_CLAIMS_NO_ARM		LEAF-OUT/LEAF-QD-group2.tsv:line 40	NOT_VERIFIABLE_NO_REGISTERED_ARMS		armsInterventionsModule.armGroups is EMPTY (0 arms) in this record	NEWLINE_TO_SPACE;CUT_AT_400_CHARS;TSV_WRITE_NORMALISES_TAB_AND_NEWLINE;ORIGINAL_RETRIEVABLE_ONLY_VIA_leaf_claim_locator	66	NO	NO	UNKNOWN_IN_THIS_CACHE	LEAF_NO_ARM_GROUPS_IN_THIS_CACHE		UNKNOWN_IN_THIS_CACHE	NOT_CONTROL_SINGLE_ARM_TRIAL	UNCHANGED_CLASS:UNKNOWN	The full analysis set consisted of all the patients enrolled into the study and who had at least one administration of T + PLD.	NEWLINE_TO_SPACE;CUT_AT_400_CHARS;TSV_WRITE_NORMALISES_TAB_AND_NEWLINE;ORIGINAL_RETRIEVABLE_ONLY_VIA_the cached source record	127
NCT02825420	Best Response by Prior Antiangiogenic Treatment	Prior Use of Antiangiogenics	116	2014_2017	bor	0	2	NO_ARMS_REGISTERED_IN_THIS_CACHE		UNKNOWN_IN_THIS_CACHE	NO_ARM_GROUPS_REGISTERED_IN_THIS_CACHE	SOURCE_RECORD	protocolSection.armsInterventionsModule.armGroups=[] (absent)	0												UNKNOWN_IN_THIS_CACHE	zero registered arm groups: link, registry type statement and comparator role are all UNKNOWN in this cache. Any comparator wording in the results-group text is retained as unverified evidence in group_text_comparator_wording_unverified; it is not evidence that no comparator existed			NOT_ESTABLISHED_REGISTRY_JOIN_FIELDS_ABSENT_FROM_THIS_CACHE	UNKNOWN_NO_ARMS_REGISTERED_IN_THIS_CACHE			LEAF_CLAIMS_NO_ARM		LEAF-OUT/LEAF-QD-group2.tsv:line 41	NOT_VERIFIABLE_NO_REGISTERED_ARMS		armsInterventionsModule.armGroups is EMPTY (0 arms) in this record	NEWLINE_TO_SPACE;CUT_AT_400_CHARS;TSV_WRITE_NORMALISES_TAB_AND_NEWLINE;ORIGINAL_RETRIEVABLE_ONLY_VIA_leaf_claim_locator	66	NO	NO	UNKNOWN_IN_THIS_CACHE	LEAF_NO_ARM_GROUPS_IN_THIS_CACHE		UNKNOWN_IN_THIS_CACHE	NOT_CONTROL_SINGLE_ARM_TRIAL	UNCHANGED_CLASS:UNKNOWN	"Patients who used a prior Antiangiogenics defined as type of therapy reported in the CRF categorized as ""antiangiogenic"" by the investigator or prior treatment reported by the investigator being bevacizumab (or Avastin®), pazopanib, or trabananib"	NEWLINE_TO_SPACE;CUT_AT_400_CHARS;TSV_WRITE_NORMALISES_TAB_AND_NEWLINE;ORIGINAL_RETRIEVABLE_ONLY_VIA_the cached source record	246
NCT02825420	Best Response by Prior Antiangiogenic Treatment	No Prior Use of Antiangiogenics	86	2014_2017	bor	0	2	NO_ARMS_REGISTERED_IN_THIS_CACHE		UNKNOWN_IN_THIS_CACHE	NO_ARM_GROUPS_REGISTERED_IN_THIS_CACHE	SOURCE_RECORD	protocolSection.armsInterventionsModule.armGroups=[] (absent)	0												UNKNOWN_IN_THIS_CACHE	zero registered arm groups: link, registry type statement and comparator role are all UNKNOWN in this cache. Any comparator wording in the results-group text is retained as unverified evidence in group_text_comparator_wording_unverified; it is not evidence that no comparator existed			NOT_ESTABLISHED_REGISTRY_JOIN_FIELDS_ABSENT_FROM_THIS_CACHE	UNKNOWN_NO_ARMS_REGISTERED_IN_THIS_CACHE			LEAF_CLAIMS_NO_ARM		LEAF-OUT/LEAF-QD-group2.tsv:line 42	NOT_VERIFIABLE_NO_REGISTERED_ARMS		armsInterventionsModule.armGroups is EMPTY (0 arms) in this record	NEWLINE_TO_SPACE;CUT_AT_400_CHARS;TSV_WRITE_NORMALISES_TAB_AND_NEWLINE;ORIGINAL_RETRIEVABLE_ONLY_VIA_leaf_claim_locator	66	NO	NO	UNKNOWN_IN_THIS_CACHE	LEAF_NO_ARM_GROUPS_IN_THIS_CACHE		UNKNOWN_IN_THIS_CACHE	NOT_CONTROL_SINGLE_ARM_TRIAL	UNCHANGED_CLASS:UNKNOWN	"Antiangiogenics-naïve Patients. Antiangiogenics defined as type of therapy reported in the CRF categorized as ""antiangiogenic"" by the investigator or prior treatment reported by the investigator being bevacizumab (or Avastin®), pazopanib, or trabananib"	NEWLINE_TO_SPACE;CUT_AT_400_CHARS;TSV_WRITE_NORMALISES_TAB_AND_NEWLINE;ORIGINAL_RETRIEVABLE_ONLY_VIA_the cached source record	252
NCT02608268	Best Overall Response (BOR) Per RECIST v1.1	Phase I Dose Escalation: MBG453 80mg Q2W ROW	11	2014_2017	bor	10	30	ALL_ARMS_NON_CONTROL_TYPED	EXPERIMENTAL | EXPERIMENTAL | EXPERIMENTAL | EXPERIMENTAL | EXPERIMENTAL | EXPERIMENTAL | EXPERIMENTAL | EXPERIMENTAL | EXPERIMENTAL | EXPERIMENTAL	PROPOSED	LEAF_CLAIM_NOT_VERIFIABLE_FROM_EXACT_SOURCE_FIELDS	DELIVERED_LEAF:LEAF-QD-group2.tsv	LEAF-OUT/LEAF-QD-group2.tsv:line 6; candidate protocolSection.armsInterventionsModule.armGroups[0].label	1	0	Phase I Dose escalation: MBG453 Q2W ROW	EXPERIMENTAL									UNKNOWN_IN_THIS_CACHE	no source-field-matched arm link and no comparator wording in the group record			NOT_ESTABLISHED_REGISTRY_JOIN_FIELDS_ABSENT_FROM_THIS_CACHE	ALL_REGISTERED_ARMS_NON_COMPARATOR_TYPED_CONDITIONAL	ASSUMES_THIS_RESULTS_GROUP_IS_A_SUBSET_OF_THE_REGISTERED_ARM_SET_MEMBERSHIP_UNPROVED		LEAF_LABEL_RESOLVES_UNIQUELY	Phase I Dose escalation: MBG453 Q2W ROW	LEAF-OUT/LEAF-QD-group2.tsv:line 6	RETAINED_UNVERIFIED_WITH_LOCATOR		armGroups[].label after dose-token removal (group title = arm label with dose inserted); corroborated by group description = arm description with dose inserted	NEWLINE_TO_SPACE;CUT_AT_400_CHARS;TSV_WRITE_NORMALISES_TAB_AND_NEWLINE;ORIGINAL_RETRIEVABLE_ONLY_VIA_leaf_claim_locator	159	NO	NO	CONFIRMED	LEAF_WITHIN_RECORD_RELATION	Phase I Dose escalation: MBG453 Q2W ROW	NOT_CONTROL_CONFIRMED	UNKNOWN	CHANGED_CLASS:NOT_CONTROL_ASSERTED->UNKNOWN	Sabatolimab 80 mg every 2 weeks (Q2W) in Phase I Dose Escalation Part in rest of the world (ROW) patients	NEWLINE_TO_SPACE;CUT_AT_400_CHARS;TSV_WRITE_NORMALISES_TAB_AND_NEWLINE;ORIGINAL_RETRIEVABLE_ONLY_VIA_the cached source record	105
NCT02608268	Best Overall Response (BOR) Per RECIST v1.1	Phase I Dose Escalation: MBG453 240mg Q2W ROW	9	2014_2017	bor	10	30	ALL_ARMS_NON_CONTROL_TYPED	EXPERIMENTAL | EXPERIMENTAL | EXPERIMENTAL | EXPERIMENTAL | EXPERIMENTAL | EXPERIMENTAL | EXPERIMENTAL | EXPERIMENTAL | EXPERIMENTAL | EXPERIMENTAL	PROPOSED	LEAF_CLAIM_NOT_VERIFIABLE_FROM_EXACT_SOURCE_FIELDS	DELIVERED_LEAF:LEAF-QD-group2.tsv	LEAF-OUT/LEAF-QD-group2.tsv:line 7; candidate protocolSection.armsInterventionsModule.armGroups[0].label	1	0	Phase I Dose escalation: MBG453 Q2W ROW	EXPERIMENTAL									UNKNOWN_IN_THIS_CACHE	no source-field-matched arm link and no comparator wording in the group record			NOT_ESTABLISHED_REGISTRY_JOIN_FIELDS_ABSENT_FROM_THIS_CACHE	ALL_REGISTERED_ARMS_NON_COMPARATOR_TYPED_CONDITIONAL	ASSUMES_THIS_RESULTS_GROUP_IS_A_SUBSET_OF_THE_REGISTERED_ARM_SET_MEMBERSHIP_UNPROVED		LEAF_LABEL_RESOLVES_UNIQUELY	Phase I Dose escalation: MBG453 Q2W ROW	LEAF-OUT/LEAF-QD-group2.tsv:line 7	RETAINED_UNVERIFIED_WITH_LOCATOR		armGroups[].label after dose-token removal (group title = arm label with dose inserted); corroborated by group description = arm description with dose inserted	NEWLINE_TO_SPACE;CUT_AT_400_CHARS;TSV_WRITE_NORMALISES_TAB_AND_NEWLINE;ORIGINAL_RETRIEVABLE_ONLY_VIA_leaf_claim_locator	159	NO	NO	CONFIRMED	LEAF_WITHIN_RECORD_RELATION	Phase I Dose escalation: MBG453 Q2W ROW	NOT_CONTROL_CONFIRMED	UNKNOWN	CHANGED_CLASS:NOT_CONTROL_ASSERTED->UNKNOWN	Sabatolimab 240 mg Q2W in Phase I Dose Escalation Part in ROW patients	NEWLINE_TO_SPACE;CUT_AT_400_CHARS;TSV_WRITE_NORMALISES_TAB_AND_NEWLINE;ORIGINAL_RETRIEVABLE_ONLY_VIA_the cached source record	70
NCT02608268	Best Overall Response (BOR) Per RECIST v1.1	Phase I Dose Escalation: MBG453 800mg Q2W ROW	15	2014_2017	bor	10	30	ALL_ARMS_NON_CONTROL_TYPED	EXPERIMENTAL | EXPERIMENTAL | EXPERIMENTAL | EXPERIMENTAL | EXPERIMENTAL | EXPERIMENTAL | EXPERIMENTAL | EXPERIMENTAL | EXPERIMENTAL | EXPERIMENTAL	PROPOSED	LEAF_CLAIM_NOT_VERIFIABLE_FROM_EXACT_SOURCE_FIELDS	DELIVERED_LEAF:LEAF-QD-group2.tsv	LEAF-OUT/LEAF-QD-group2.tsv:line 8; candidate protocolSection.armsInterventionsModule.armGroups[0].label	1	0	Phase I Dose escalation: MBG453 Q2W ROW	EXPERIMENTAL									UNKNOWN_IN_THIS_CACHE	no source-field-matched arm link and no comparator wording in the group record			NOT_ESTABLISHED_REGISTRY_JOIN_FIELDS_ABSENT_FROM_THIS_CACHE	ALL_REGISTERED_ARMS_NON_COMPARATOR_TYPED_CONDITIONAL	ASSUMES_THIS_RESULTS_GROUP_IS_A_SUBSET_OF_THE_REGISTERED_ARM_SET_MEMBERSHIP_UNPROVED		LEAF_LABEL_RESOLVES_UNIQUELY	Phase I Dose escalation: MBG453 Q2W ROW	LEAF-OUT/LEAF-QD-group2.tsv:line 8	RETAINED_UNVERIFIED_WITH_LOCATOR		armGroups[].label after dose-token removal (group title = arm label with dose inserted); corroborated by group description = arm description with dose inserted	NEWLINE_TO_SPACE;CUT_AT_400_CHARS;TSV_WRITE_NORMALISES_TAB_AND_NEWLINE;ORIGINAL_RETRIEVABLE_ONLY_VIA_leaf_claim_locator	159	NO	NO	CONFIRMED	LEAF_WITHIN_RECORD_RELATION	Phase I Dose escalation: MBG453 Q2W ROW	NOT_CONTROL_CONFIRMED	UNKNOWN	CHANGED_CLASS:NOT_CONTROL_ASSERTED->UNKNOWN	Sabatolimab 800 mg Q2W in Phase I Dose Escalation Part in ROW patients	NEWLINE_TO_SPACE;CUT_AT_400_CHARS;TSV_WRITE_NORMALISES_TAB_AND_NEWLINE;ORIGINAL_RETRIEVABLE_ONLY_VIA_the cached source record	70
NCT02608268	Best Overall Response (BOR) Per RECIST v1.1	Phase I Dose Escalation: MBG453 1200mg Q2W ROW	5	2014_2017	bor	10	30	ALL_ARMS_NON_CONTROL_TYPED	EXPERIMENTAL | EXPERIMENTAL | EXPERIMENTAL | EXPERIMENTAL | EXPERIMENTAL | EXPERIMENTAL | EXPERIMENTAL | EXPERIMENTAL | EXPERIMENTAL | EXPERIMENTAL	PROPOSED	LEAF_CLAIM_NOT_VERIFIABLE_FROM_EXACT_SOURCE_FIELDS	DELIVERED_LEAF:LEAF-QD-group2.tsv	LEAF-OUT/LEAF-QD-group2.tsv:line 9; candidate protocolSection.armsInterventionsModule.armGroups[0].label	1	0	Phase I Dose escalation: MBG453 Q2W ROW	EXPERIMENTAL									UNKNOWN_IN_THIS_CACHE	no source-field-matched arm link and no comparator wording in the group record			NOT_ESTABLISHED_REGISTRY_JOIN_FIELDS_ABSENT_FROM_THIS_CACHE	ALL_REGISTERED_ARMS_NON_COMPARATOR_TYPED_CONDITIONAL	ASSUMES_THIS_RESULTS_GROUP_IS_A_SUBSET_OF_THE_REGISTERED_ARM_SET_MEMBERSHIP_UNPROVED		LEAF_LABEL_RESOLVES_UNIQUELY	Phase I Dose escalation: MBG453 Q2W ROW	LEAF-OUT/LEAF-QD-group2.tsv:line 9	RETAINED_UNVERIFIED_WITH_LOCATOR		armGroups[].label after dose-token removal (group title = arm label with dose inserted); corroborated by group description = arm description with dose inserted	NEWLINE_TO_SPACE;CUT_AT_400_CHARS;TSV_WRITE_NORMALISES_TAB_AND_NEWLINE;ORIGINAL_RETRIEVABLE_ONLY_VIA_leaf_claim_locator	159	NO	NO	CONFIRMED	LEAF_WITHIN_RECORD_RELATION	Phase I Dose escalation: MBG453 Q2W ROW	NOT_CONTROL_CONFIRMED	UNKNOWN	CHANGED_CLASS:NOT_CONTROL_ASSERTED->UNKNOWN	Sabatolimab 1200 mg Q2W in Phase I Dose Escalation Part in ROW patients	NEWLINE_TO_SPACE;CUT_AT_400_CHARS;TSV_WRITE_NORMALISES_TAB_AND_NEWLINE;ORIGINAL_RETRIEVABLE_ONLY_VIA_the cached source record	71
NCT02608268	Best Overall Response (BOR) Per RECIST v1.1	Phase I Dose Escalation: MBG453 80mg Q2W Japan	2	2014_2017	bor	10	30	ALL_ARMS_NON_CONTROL_TYPED	EXPERIMENTAL | EXPERIMENTAL | EXPERIMENTAL | EXPERIMENTAL | EXPERIMENTAL | EXPERIMENTAL | EXPERIMENTAL | EXPERIMENTAL | EXPERIMENTAL | EXPERIMENTAL	PROPOSED	LEAF_CLAIM_NOT_VERIFIABLE_FROM_EXACT_SOURCE_FIELDS	DELIVERED_LEAF:LEAF-QD-group2.tsv	LEAF-OUT/LEAF-QD-group2.tsv:line 10; candidate protocolSection.armsInterventionsModule.armGroups[1].label	1	1	Phase I Dose escalation: MBG453 Q2W Japan	EXPERIMENTAL									UNKNOWN_IN_THIS_CACHE	no source-field-matched arm link and no comparator wording in the group record			NOT_ESTABLISHED_REGISTRY_JOIN_FIELDS_ABSENT_FROM_THIS_CACHE	ALL_REGISTERED_ARMS_NON_COMPARATOR_TYPED_CONDITIONAL	ASSUMES_THIS_RESULTS_GROUP_IS_A_SUBSET_OF_THE_REGISTERED_ARM_SET_MEMBERSHIP_UNPROVED		LEAF_LABEL_RESOLVES_UNIQUELY	Phase I Dose escalation: MBG453 Q2W Japan	LEAF-OUT/LEAF-QD-group2.tsv:line 10	RETAINED_UNVERIFIED_WITH_LOCATOR		armGroups[].label after dose-token removal (group title = arm label with dose inserted); corroborated by group description = arm description with dose inserted	NEWLINE_TO_SPACE;CUT_AT_400_CHARS;TSV_WRITE_NORMALISES_TAB_AND_NEWLINE;ORIGINAL_RETRIEVABLE_ONLY_VIA_leaf_claim_locator	159	NO	NO	CONFIRMED	LEAF_WITHIN_RECORD_RELATION	Phase I Dose escalation: MBG453 Q2W Japan	NOT_CONTROL_CONFIRMED	UNKNOWN	CHANGED_CLASS:NOT_CONTROL_ASSERTED->UNKNOWN	Sabatolimab 80 mg Q2W in Phase I Dose Escalation Part in Japanese patients	NEWLINE_TO_SPACE;CUT_AT_400_CHARS;TSV_WRITE_NORMALISES_TAB_AND_NEWLINE;ORIGINAL_RETRIEVABLE_ONLY_VIA_the cached source record	74
NCT02608268	Best Overall Response (BOR) Per RECIST v1.1	Phase I Dose Escalation: MBG453 240mg Q2W Japan	4	2014_2017	bor	10	30	ALL_ARMS_NON_CONTROL_TYPED	EXPERIMENTAL | EXPERIMENTAL | EXPERIMENTAL | EXPERIMENTAL | EXPERIMENTAL | EXPERIMENTAL | EXPERIMENTAL | EXPERIMENTAL | EXPERIMENTAL | EXPERIMENTAL	PROPOSED	LEAF_CLAIM_NOT_VERIFIABLE_FROM_EXACT_SOURCE_FIELDS	DELIVERED_LEAF:LEAF-QD-group2.tsv	LEAF-OUT/LEAF-QD-group2.tsv:line 11; candidate protocolSection.armsInterventionsModule.armGroups[1].label	1	1	Phase I Dose escalation: MBG453 Q2W Japan	EXPERIMENTAL									UNKNOWN_IN_THIS_CACHE	no source-field-matched arm link and no comparator wording in the group record			NOT_ESTABLISHED_REGISTRY_JOIN_FIELDS_ABSENT_FROM_THIS_CACHE	ALL_REGISTERED_ARMS_NON_COMPARATOR_TYPED_CONDITIONAL	ASSUMES_THIS_RESULTS_GROUP_IS_A_SUBSET_OF_THE_REGISTERED_ARM_SET_MEMBERSHIP_UNPROVED		LEAF_LABEL_RESOLVES_UNIQUELY	Phase I Dose escalation: MBG453 Q2W Japan	LEAF-OUT/LEAF-QD-group2.tsv:line 11	RETAINED_UNVERIFIED_WITH_LOCATOR		armGroups[].label after dose-token removal (group title = arm label with dose inserted); corroborated by group description = arm description with dose inserted	NEWLINE_TO_SPACE;CUT_AT_400_CHARS;TSV_WRITE_NORMALISES_TAB_AND_NEWLINE;ORIGINAL_RETRIEVABLE_ONLY_VIA_leaf_claim_locator	159	NO	NO	CONFIRMED	LEAF_WITHIN_RECORD_RELATION	Phase I Dose escalation: MBG453 Q2W Japan	NOT_CONTROL_CONFIRMED	UNKNOWN	CHANGED_CLASS:NOT_CONTROL_ASSERTED->UNKNOWN	Sabatolimab 240 mg Q2W in Phase I Dose Escalation Part in Japanese patients	NEWLINE_TO_SPACE;CUT_AT_400_CHARS;TSV_WRITE_NORMALISES_TAB_AND_NEWLINE;ORIGINAL_RETRIEVABLE_ONLY_VIA_the cached source record	75
NCT02608268	Best Overall Response (BOR) Per RECIST v1.1	Phase I Dose Escalation: MBG453 800mg Q2W Japan	6	2014_2017	bor	10	30	ALL_ARMS_NON_CONTROL_TYPED	EXPERIMENTAL | EXPERIMENTAL | EXPERIMENTAL | EXPERIMENTAL | EXPERIMENTAL | EXPERIMENTAL | EXPERIMENTAL | EXPERIMENTAL | EXPERIMENTAL | EXPERIMENTAL	PROPOSED	LEAF_CLAIM_NOT_VERIFIABLE_FROM_EXACT_SOURCE_FIELDS	DELIVERED_LEAF:LEAF-QD-group2.tsv	LEAF-OUT/LEAF-QD-group2.tsv:line 12; candidate protocolSection.armsInterventionsModule.armGroups[1].label	1	1	Phase I Dose escalation: MBG453 Q2W Japan	EXPERIMENTAL									UNKNOWN_IN_THIS_CACHE	no source-field-matched arm link and no comparator wording in the group record			NOT_ESTABLISHED_REGISTRY_JOIN_FIELDS_ABSENT_FROM_THIS_CACHE	ALL_REGISTERED_ARMS_NON_COMPARATOR_TYPED_CONDITIONAL	ASSUMES_THIS_RESULTS_GROUP_IS_A_SUBSET_OF_THE_REGISTERED_ARM_SET_MEMBERSHIP_UNPROVED		LEAF_LABEL_RESOLVES_UNIQUELY	Phase I Dose escalation: MBG453 Q2W Japan	LEAF-OUT/LEAF-QD-group2.tsv:line 12	RETAINED_UNVERIFIED_WITH_LOCATOR		armGroups[].label after dose-token removal (group title = arm label with dose inserted); corroborated by group description = arm description with dose inserted	NEWLINE_TO_SPACE;CUT_AT_400_CHARS;TSV_WRITE_NORMALISES_TAB_AND_NEWLINE;ORIGINAL_RETRIEVABLE_ONLY_VIA_leaf_claim_locator	159	NO	NO	CONFIRMED	LEAF_WITHIN_RECORD_RELATION	Phase I Dose escalation: MBG453 Q2W Japan	NOT_CONTROL_CONFIRMED	UNKNOWN	CHANGED_CLASS:NOT_CONTROL_ASSERTED->UNKNOWN	Sabatolimab 800 mg Q2W in Phase I Dose Escalation Part in Japanese patients	NEWLINE_TO_SPACE;CUT_AT_400_CHARS;TSV_WRITE_NORMALISES_TAB_AND_NEWLINE;ORIGINAL_RETRIEVABLE_ONLY_VIA_the cached source record	75
NCT02608268	Best Overall Response (BOR) Per RECIST v1.1	Phase I Dose Escalation: MBG453 1200mg Q2W Japan	2	2014_2017	bor	10	30	ALL_ARMS_NON_CONTROL_TYPED	EXPERIMENTAL | EXPERIMENTAL | EXPERIMENTAL | EXPERIMENTAL | EXPERIMENTAL | EXPERIMENTAL | EXPERIMENTAL | EXPERIMENTAL | EXPERIMENTAL | EXPERIMENTAL	PROPOSED	LEAF_CLAIM_NOT_VERIFIABLE_FROM_EXACT_SOURCE_FIELDS	DELIVERED_LEAF:LEAF-QD-group2.tsv	LEAF-OUT/LEAF-QD-group2.tsv:line 13; candidate protocolSection.armsInterventionsModule.armGroups[1].label	1	1	Phase I Dose escalation: MBG453 Q2W Japan	EXPERIMENTAL									UNKNOWN_IN_THIS_CACHE	no source-field-matched arm link and no comparator wording in the group record			NOT_ESTABLISHED_REGISTRY_JOIN_FIELDS_ABSENT_FROM_THIS_CACHE	ALL_REGISTERED_ARMS_NON_COMPARATOR_TYPED_CONDITIONAL	ASSUMES_THIS_RESULTS_GROUP_IS_A_SUBSET_OF_THE_REGISTERED_ARM_SET_MEMBERSHIP_UNPROVED		LEAF_LABEL_RESOLVES_UNIQUELY	Phase I Dose escalation: MBG453 Q2W Japan	LEAF-OUT/LEAF-QD-group2.tsv:line 13	RETAINED_UNVERIFIED_WITH_LOCATOR		armGroups[].label after dose-token removal (group title = arm label with dose inserted); corroborated by group description = arm description with dose inserted	NEWLINE_TO_SPACE;CUT_AT_400_CHARS;TSV_WRITE_NORMALISES_TAB_AND_NEWLINE;ORIGINAL_RETRIEVABLE_ONLY_VIA_leaf_claim_locator	159	NO	NO	CONFIRMED	LEAF_WITHIN_RECORD_RELATION	Phase I Dose escalation: MBG453 Q2W Japan	NOT_CONTROL_CONFIRMED	UNKNOWN	CHANGED_CLASS:NOT_CONTROL_ASSERTED->UNKNOWN	Sabatolimab 1200 mg Q2W in Phase I Dose Escalation Part in Japanese participants	NEWLINE_TO_SPACE;CUT_AT_400_CHARS;TSV_WRITE_NORMALISES_TAB_AND_NEWLINE;ORIGINAL_RETRIEVABLE_ONLY_VIA_the cached source record	80
NCT02608268	Best Overall Response (BOR) Per RECIST v1.1	Phase I Dose Escalation: MBG453 240mg Q4W ROW	6	2014_2017	bor	10	30	ALL_ARMS_NON_CONTROL_TYPED	EXPERIMENTAL | EXPERIMENTAL | EXPERIMENTAL | EXPERIMENTAL | EXPERIMENTAL | EXPERIMENTAL | EXPERIMENTAL | EXPERIMENTAL | EXPERIMENTAL | EXPERIMENTAL	PROPOSED	LEAF_CLAIM_NOT_VERIFIABLE_FROM_EXACT_SOURCE_FIELDS	DELIVERED_LEAF:LEAF-QD-group2.tsv	LEAF-OUT/LEAF-QD-group2.tsv:line 14; candidate protocolSection.armsInterventionsModule.armGroups[2].label	1	2	Phase I Dose escalation: MBG453 Q4W ROW	EXPERIMENTAL									UNKNOWN_IN_THIS_CACHE	no source-field-matched arm link and no comparator wording in the group record			NOT_ESTABLISHED_REGISTRY_JOIN_FIELDS_ABSENT_FROM_THIS_CACHE	ALL_REGISTERED_ARMS_NON_COMPARATOR_TYPED_CONDITIONAL	ASSUMES_THIS_RESULTS_GROUP_IS_A_SUBSET_OF_THE_REGISTERED_ARM_SET_MEMBERSHIP_UNPROVED		LEAF_LABEL_RESOLVES_UNIQUELY	Phase I Dose escalation: MBG453 Q4W ROW	LEAF-OUT/LEAF-QD-group2.tsv:line 14	RETAINED_UNVERIFIED_WITH_LOCATOR		armGroups[].label after dose-token removal (group title = arm label with dose inserted); corroborated by group description = arm description with dose inserted	NEWLINE_TO_SPACE;CUT_AT_400_CHARS;TSV_WRITE_NORMALISES_TAB_AND_NEWLINE;ORIGINAL_RETRIEVABLE_ONLY_VIA_leaf_claim_locator	159	NO	NO	CONFIRMED	LEAF_WITHIN_RECORD_RELATION	Phase I Dose escalation: MBG453 Q4W ROW	NOT_CONTROL_CONFIRMED	UNKNOWN	CHANGED_CLASS:NOT_CONTROL_ASSERTED->UNKNOWN	Sabatolimab 240 mg every 4 weeks (Q4W) in Phase I Dose Escalation Part in ROW patients	NEWLINE_TO_SPACE;CUT_AT_400_CHARS;TSV_WRITE_NORMALISES_TAB_AND_NEWLINE;ORIGINAL_RETRIEVABLE_ONLY_VIA_the cached source record	86
NCT02608268	Best Overall Response (BOR) Per RECIST v1.1	Phase I Dose Escalation: MBG453 800mg Q4W ROW	5	2014_2017	bor	10	30	ALL_ARMS_NON_CONTROL_TYPED	EXPERIMENTAL | EXPERIMENTAL | EXPERIMENTAL | EXPERIMENTAL | EXPERIMENTAL | EXPERIMENTAL | EXPERIMENTAL | EXPERIMENTAL | EXPERIMENTAL | EXPERIMENTAL	PROPOSED	LEAF_CLAIM_NOT_VERIFIABLE_FROM_EXACT_SOURCE_FIELDS	DELIVERED_LEAF:LEAF-QD-group2.tsv	LEAF-OUT/LEAF-QD-group2.tsv:line 15; candidate protocolSection.armsInterventionsModule.armGroups[2].label	1	2	Phase I Dose escalation: MBG453 Q4W ROW	EXPERIMENTAL									UNKNOWN_IN_THIS_CACHE	no source-field-matched arm link and no comparator wording in the group record			NOT_ESTABLISHED_REGISTRY_JOIN_FIELDS_ABSENT_FROM_THIS_CACHE	ALL_REGISTERED_ARMS_NON_COMPARATOR_TYPED_CONDITIONAL	ASSUMES_THIS_RESULTS_GROUP_IS_A_SUBSET_OF_THE_REGISTERED_ARM_SET_MEMBERSHIP_UNPROVED		LEAF_LABEL_RESOLVES_UNIQUELY	Phase I Dose escalation: MBG453 Q4W ROW	LEAF-OUT/LEAF-QD-group2.tsv:line 15	RETAINED_UNVERIFIED_WITH_LOCATOR		armGroups[].label after dose-token removal (group title = arm label with dose inserted); corroborated by group description = arm description with dose inserted	NEWLINE_TO_SPACE;CUT_AT_400_CHARS;TSV_WRITE_NORMALISES_TAB_AND_NEWLINE;ORIGINAL_RETRIEVABLE_ONLY_VIA_leaf_claim_locator	159	NO	NO	CONFIRMED	LEAF_WITHIN_RECORD_RELATION	Phase I Dose escalation: MBG453 Q4W ROW	NOT_CONTROL_CONFIRMED	UNKNOWN	CHANGED_CLASS:NOT_CONTROL_ASSERTED->UNKNOWN	Sabatolimab 800 mg Q4W in Phase I Dose Escalation Part in ROW patients	NEWLINE_TO_SPACE;CUT_AT_400_CHARS;TSV_WRITE_NORMALISES_TAB_AND_NEWLINE;ORIGINAL_RETRIEVABLE_ONLY_VIA_the cached source record	70
NCT02608268	Best Overall Response (BOR) Per RECIST v1.1	Phase I Dose Escalation: MBG453 1200mg Q4W ROW	4	2014_2017	bor	10	30	ALL_ARMS_NON_CONTROL_TYPED	EXPERIMENTAL | EXPERIMENTAL | EXPERIMENTAL | EXPERIMENTAL | EXPERIMENTAL | EXPERIMENTAL | EXPERIMENTAL | EXPERIMENTAL | EXPERIMENTAL | EXPERIMENTAL	PROPOSED	LEAF_CLAIM_NOT_VERIFIABLE_FROM_EXACT_SOURCE_FIELDS	DELIVERED_LEAF:LEAF-QD-group2.tsv	LEAF-OUT/LEAF-QD-group2.tsv:line 16; candidate protocolSection.armsInterventionsModule.armGroups[2].label	1	2	Phase I Dose escalation: MBG453 Q4W ROW	EXPERIMENTAL									UNKNOWN_IN_THIS_CACHE	no source-field-matched arm link and no comparator wording in the group record			NOT_ESTABLISHED_REGISTRY_JOIN_FIELDS_ABSENT_FROM_THIS_CACHE	ALL_REGISTERED_ARMS_NON_COMPARATOR_TYPED_CONDITIONAL	ASSUMES_THIS_RESULTS_GROUP_IS_A_SUBSET_OF_THE_REGISTERED_ARM_SET_MEMBERSHIP_UNPROVED		LEAF_LABEL_RESOLVES_UNIQUELY	Phase I Dose escalation: MBG453 Q4W ROW	LEAF-OUT/LEAF-QD-group2.tsv:line 16	RETAINED_UNVERIFIED_WITH_LOCATOR		armGroups[].label after dose-token removal (group title = arm label with dose inserted); corroborated by group description = arm description with dose inserted	NEWLINE_TO_SPACE;CUT_AT_400_CHARS;TSV_WRITE_NORMALISES_TAB_AND_NEWLINE;ORIGINAL_RETRIEVABLE_ONLY_VIA_leaf_claim_locator	159	NO	NO	CONFIRMED	LEAF_WITHIN_RECORD_RELATION	Phase I Dose escalation: MBG453 Q4W ROW	NOT_CONTROL_CONFIRMED	UNKNOWN	CHANGED_CLASS:NOT_CONTROL_ASSERTED->UNKNOWN	Sabatolimab 1200 mg Q4W in Phase I Dose Escalation Part in ROW patients	NEWLINE_TO_SPACE;CUT_AT_400_CHARS;TSV_WRITE_NORMALISES_TAB_AND_NEWLINE;ORIGINAL_RETRIEVABLE_ONLY_VIA_the cached source record	71
NCT02608268	Best Overall Response (BOR) Per RECIST v1.1	Phase I Dose Escalation: MBG453 1200mg Q4W Japan	6	2014_2017	bor	10	30	ALL_ARMS_NON_CONTROL_TYPED	EXPERIMENTAL | EXPERIMENTAL | EXPERIMENTAL | EXPERIMENTAL | EXPERIMENTAL | EXPERIMENTAL | EXPERIMENTAL | EXPERIMENTAL | EXPERIMENTAL | EXPERIMENTAL	PROPOSED	LEAF_CLAIM_NOT_VERIFIABLE_FROM_EXACT_SOURCE_FIELDS	DELIVERED_LEAF:LEAF-QD-group2.tsv	LEAF-OUT/LEAF-QD-group2.tsv:line 17; candidate protocolSection.armsInterventionsModule.armGroups[3].label	1	3	Phase I Dose escalation: MBG453 Q4W Japan	EXPERIMENTAL									UNKNOWN_IN_THIS_CACHE	no source-field-matched arm link and no comparator wording in the group record			NOT_ESTABLISHED_REGISTRY_JOIN_FIELDS_ABSENT_FROM_THIS_CACHE	ALL_REGISTERED_ARMS_NON_COMPARATOR_TYPED_CONDITIONAL	ASSUMES_THIS_RESULTS_GROUP_IS_A_SUBSET_OF_THE_REGISTERED_ARM_SET_MEMBERSHIP_UNPROVED		LEAF_LABEL_RESOLVES_UNIQUELY	Phase I Dose escalation: MBG453 Q4W Japan	LEAF-OUT/LEAF-QD-group2.tsv:line 17	RETAINED_UNVERIFIED_WITH_LOCATOR		armGroups[].label after dose-token removal (group title = arm label with dose inserted); corroborated by group description = arm description with dose inserted	NEWLINE_TO_SPACE;CUT_AT_400_CHARS;TSV_WRITE_NORMALISES_TAB_AND_NEWLINE;ORIGINAL_RETRIEVABLE_ONLY_VIA_leaf_claim_locator	159	NO	NO	CONFIRMED	LEAF_WITHIN_RECORD_RELATION	Phase I Dose escalation: MBG453 Q4W Japan	NOT_CONTROL_CONFIRMED	UNKNOWN	CHANGED_CLASS:NOT_CONTROL_ASSERTED->UNKNOWN	Sabatolimab 1200 mg Q4W in Phase I Dose Escalation Part in Japanese patients	NEWLINE_TO_SPACE;CUT_AT_400_CHARS;TSV_WRITE_NORMALISES_TAB_AND_NEWLINE;ORIGINAL_RETRIEVABLE_ONLY_VIA_the cached source record	76
NCT02608268	Best Overall Response (BOR) Per RECIST v1.1	Phase Ib Dose Escalation: MBG453 20mg Q2W + PDR001 80mg Q2W	6	2014_2017	bor	10	30	ALL_ARMS_NON_CONTROL_TYPED	EXPERIMENTAL | EXPERIMENTAL | EXPERIMENTAL | EXPERIMENTAL | EXPERIMENTAL | EXPERIMENTAL | EXPERIMENTAL | EXPERIMENTAL | EXPERIMENTAL | EXPERIMENTAL	PROPOSED	LEAF_CLAIM_NOT_VERIFIABLE_FROM_EXACT_SOURCE_FIELDS	DELIVERED_LEAF:LEAF-QD-group2.tsv	LEAF-OUT/LEAF-QD-group2.tsv:line 18; candidate protocolSection.armsInterventionsModule.armGroups[4].label	1	4	Phase Ib Dose Escalation: MBG453 Q2W + PDR001 Q2W	EXPERIMENTAL									UNKNOWN_IN_THIS_CACHE	no source-field-matched arm link and no comparator wording in the group record			NOT_ESTABLISHED_REGISTRY_JOIN_FIELDS_ABSENT_FROM_THIS_CACHE	ALL_REGISTERED_ARMS_NON_COMPARATOR_TYPED_CONDITIONAL	ASSUMES_THIS_RESULTS_GROUP_IS_A_SUBSET_OF_THE_REGISTERED_ARM_SET_MEMBERSHIP_UNPROVED		LEAF_LABEL_RESOLVES_UNIQUELY	Phase Ib Dose Escalation: MBG453 Q2W + PDR001 Q2W	LEAF-OUT/LEAF-QD-group2.tsv:line 18	RETAINED_UNVERIFIED_WITH_LOCATOR		armGroups[].label after dose-token removal (group title = arm label with dose inserted); corroborated by group description = arm description with dose inserted	NEWLINE_TO_SPACE;CUT_AT_400_CHARS;TSV_WRITE_NORMALISES_TAB_AND_NEWLINE;ORIGINAL_RETRIEVABLE_ONLY_VIA_leaf_claim_locator	159	NO	NO	CONFIRMED	LEAF_WITHIN_RECORD_RELATION	Phase Ib Dose Escalation: MBG453 Q2W + PDR001 Q2W	NOT_CONTROL_CONFIRMED	UNKNOWN	CHANGED_CLASS:NOT_CONTROL_ASSERTED->UNKNOWN	Sabatolimab 20 mg Q2W in combination with spartalizumab 80 mg Q2W in Phase Ib Dose Escalation Part	NEWLINE_TO_SPACE;CUT_AT_400_CHARS;TSV_WRITE_NORMALISES_TAB_AND_NEWLINE;ORIGINAL_RETRIEVABLE_ONLY_VIA_the cached source record	98
NCT02608268	Best Overall Response (BOR) Per RECIST v1.1	Phase Ib Dose Escalation: MBG453 80mg Q2W + PDR001 80mg Q2W	12	2014_2017	bor	10	30	ALL_ARMS_NON_CONTROL_TYPED	EXPERIMENTAL | EXPERIMENTAL | EXPERIMENTAL | EXPERIMENTAL | EXPERIMENTAL | EXPERIMENTAL | EXPERIMENTAL | EXPERIMENTAL | EXPERIMENTAL | EXPERIMENTAL	PROPOSED	LEAF_CLAIM_NOT_VERIFIABLE_FROM_EXACT_SOURCE_FIELDS	DELIVERED_LEAF:LEAF-QD-group2.tsv	LEAF-OUT/LEAF-QD-group2.tsv:line 19; candidate protocolSection.armsInterventionsModule.armGroups[4].label	1	4	Phase Ib Dose Escalation: MBG453 Q2W + PDR001 Q2W	EXPERIMENTAL									UNKNOWN_IN_THIS_CACHE	no source-field-matched arm link and no comparator wording in the group record			NOT_ESTABLISHED_REGISTRY_JOIN_FIELDS_ABSENT_FROM_THIS_CACHE	ALL_REGISTERED_ARMS_NON_COMPARATOR_TYPED_CONDITIONAL	ASSUMES_THIS_RESULTS_GROUP_IS_A_SUBSET_OF_THE_REGISTERED_ARM_SET_MEMBERSHIP_UNPROVED		LEAF_LABEL_RESOLVES_UNIQUELY	Phase Ib Dose Escalation: MBG453 Q2W + PDR001 Q2W	LEAF-OUT/LEAF-QD-group2.tsv:line 19	RETAINED_UNVERIFIED_WITH_LOCATOR		armGroups[].label after dose-token removal (group title = arm label with dose inserted); corroborated by group description = arm description with dose inserted	NEWLINE_TO_SPACE;CUT_AT_400_CHARS;TSV_WRITE_NORMALISES_TAB_AND_NEWLINE;ORIGINAL_RETRIEVABLE_ONLY_VIA_leaf_claim_locator	159	NO	NO	CONFIRMED	LEAF_WITHIN_RECORD_RELATION	Phase Ib Dose Escalation: MBG453 Q2W + PDR001 Q2W	NOT_CONTROL_CONFIRMED	UNKNOWN	CHANGED_CLASS:NOT_CONTROL_ASSERTED->UNKNOWN	Sabatolimab 80 mg Q2W in combination with spartalizumab 80 mg Q2W in Phase Ib Dose Escalation Part	NEWLINE_TO_SPACE;CUT_AT_400_CHARS;TSV_WRITE_NORMALISES_TAB_AND_NEWLINE;ORIGINAL_RETRIEVABLE_ONLY_VIA_the cached source record	98
NCT02608268	Best Overall Response (BOR) Per RECIST v1.1	Phase Ib Dose Escalation: MBG453 240mg Q2W + PDR001 80mg Q2W	6	2014_2017	bor	10	30	ALL_ARMS_NON_CONTROL_TYPED	EXPERIMENTAL | EXPERIMENTAL | EXPERIMENTAL | EXPERIMENTAL | EXPERIMENTAL | EXPERIMENTAL | EXPERIMENTAL | EXPERIMENTAL | EXPERIMENTAL | EXPERIMENTAL	PROPOSED	LEAF_CLAIM_NOT_VERIFIABLE_FROM_EXACT_SOURCE_FIELDS	DELIVERED_LEAF:LEAF-QD-group2.tsv	LEAF-OUT/LEAF-QD-group2.tsv:line 20; candidate protocolSection.armsInterventionsModule.armGroups[4].label	1	4	Phase Ib Dose Escalation: MBG453 Q2W + PDR001 Q2W	EXPERIMENTAL									UNKNOWN_IN_THIS_CACHE	no source-field-matched arm link and no comparator wording in the group record			NOT_ESTABLISHED_REGISTRY_JOIN_FIELDS_ABSENT_FROM_THIS_CACHE	ALL_REGISTERED_ARMS_NON_COMPARATOR_TYPED_CONDITIONAL	ASSUMES_THIS_RESULTS_GROUP_IS_A_SUBSET_OF_THE_REGISTERED_ARM_SET_MEMBERSHIP_UNPROVED		LEAF_LABEL_RESOLVES_UNIQUELY	Phase Ib Dose Escalation: MBG453 Q2W + PDR001 Q2W	LEAF-OUT/LEAF-QD-group2.tsv:line 20	RETAINED_UNVERIFIED_WITH_LOCATOR		armGroups[].label after dose-token removal (group title = arm label with dose inserted); corroborated by group description = arm description with dose inserted	NEWLINE_TO_SPACE;CUT_AT_400_CHARS;TSV_WRITE_NORMALISES_TAB_AND_NEWLINE;ORIGINAL_RETRIEVABLE_ONLY_VIA_leaf_claim_locator	159	NO	NO	CONFIRMED	LEAF_WITHIN_RECORD_RELATION	Phase Ib Dose Escalation: MBG453 Q2W + PDR001 Q2W	NOT_CONTROL_CONFIRMED	UNKNOWN	CHANGED_CLASS:NOT_CONTROL_ASSERTED->UNKNOWN	Sabatolimab 240 mg Q2W in combination with spartalizumab 80 mg Q2W in Phase Ib Dose Escalation Part	NEWLINE_TO_SPACE;CUT_AT_400_CHARS;TSV_WRITE_NORMALISES_TAB_AND_NEWLINE;ORIGINAL_RETRIEVABLE_ONLY_VIA_the cached source record	99
NCT02608268	Best Overall Response (BOR) Per RECIST v1.1	Phase Ib Dose Escalation: MBG453 240mg Q2W + PDR001 240mg Q2W	5	2014_2017	bor	10	30	ALL_ARMS_NON_CONTROL_TYPED	EXPERIMENTAL | EXPERIMENTAL | EXPERIMENTAL | EXPERIMENTAL | EXPERIMENTAL | EXPERIMENTAL | EXPERIMENTAL | EXPERIMENTAL | EXPERIMENTAL | EXPERIMENTAL	PROPOSED	LEAF_CLAIM_NOT_VERIFIABLE_FROM_EXACT_SOURCE_FIELDS	DELIVERED_LEAF:LEAF-QD-group2.tsv	LEAF-OUT/LEAF-QD-group2.tsv:line 21; candidate protocolSection.armsInterventionsModule.armGroups[4].label	1	4	Phase Ib Dose Escalation: MBG453 Q2W + PDR001 Q2W	EXPERIMENTAL									UNKNOWN_IN_THIS_CACHE	no source-field-matched arm link and no comparator wording in the group record			NOT_ESTABLISHED_REGISTRY_JOIN_FIELDS_ABSENT_FROM_THIS_CACHE	ALL_REGISTERED_ARMS_NON_COMPARATOR_TYPED_CONDITIONAL	ASSUMES_THIS_RESULTS_GROUP_IS_A_SUBSET_OF_THE_REGISTERED_ARM_SET_MEMBERSHIP_UNPROVED		LEAF_LABEL_RESOLVES_UNIQUELY	Phase Ib Dose Escalation: MBG453 Q2W + PDR001 Q2W	LEAF-OUT/LEAF-QD-group2.tsv:line 21	RETAINED_UNVERIFIED_WITH_LOCATOR		armGroups[].label after dose-token removal (group title = arm label with dose inserted); corroborated by group description = arm description with dose inserted	NEWLINE_TO_SPACE;CUT_AT_400_CHARS;TSV_WRITE_NORMALISES_TAB_AND_NEWLINE;ORIGINAL_RETRIEVABLE_ONLY_VIA_leaf_claim_locator	159	NO	NO	CONFIRMED	LEAF_WITHIN_RECORD_RELATION	Phase Ib Dose Escalation: MBG453 Q2W + PDR001 Q2W	NOT_CONTROL_CONFIRMED	UNKNOWN	CHANGED_CLASS:NOT_CONTROL_ASSERTED->UNKNOWN	Sabatolimab 240 mg Q2W in combination with spartalizumab 240 mg Q2W in Phase Ib Dose Escalation Part	NEWLINE_TO_SPACE;CUT_AT_400_CHARS;TSV_WRITE_NORMALISES_TAB_AND_NEWLINE;ORIGINAL_RETRIEVABLE_ONLY_VIA_the cached source record	100
NCT02608268	Best Overall Response (BOR) Per RECIST v1.1	Phase Ib Dose Escalation: MBG453 800mg Q2W + PDR001 80mg Q2W	4	2014_2017	bor	10	30	ALL_ARMS_NON_CONTROL_TYPED	EXPERIMENTAL | EXPERIMENTAL | EXPERIMENTAL | EXPERIMENTAL | EXPERIMENTAL | EXPERIMENTAL | EXPERIMENTAL | EXPERIMENTAL | EXPERIMENTAL | EXPERIMENTAL	PROPOSED	LEAF_CLAIM_NOT_VERIFIABLE_FROM_EXACT_SOURCE_FIELDS	DELIVERED_LEAF:LEAF-QD-group2.tsv	LEAF-OUT/LEAF-QD-group2.tsv:line 22; candidate protocolSection.armsInterventionsModule.armGroups[4].label	1	4	Phase Ib Dose Escalation: MBG453 Q2W + PDR001 Q2W	EXPERIMENTAL									UNKNOWN_IN_THIS_CACHE	no source-field-matched arm link and no comparator wording in the group record			NOT_ESTABLISHED_REGISTRY_JOIN_FIELDS_ABSENT_FROM_THIS_CACHE	ALL_REGISTERED_ARMS_NON_COMPARATOR_TYPED_CONDITIONAL	ASSUMES_THIS_RESULTS_GROUP_IS_A_SUBSET_OF_THE_REGISTERED_ARM_SET_MEMBERSHIP_UNPROVED		LEAF_LABEL_RESOLVES_UNIQUELY	Phase Ib Dose Escalation: MBG453 Q2W + PDR001 Q2W	LEAF-OUT/LEAF-QD-group2.tsv:line 22	RETAINED_UNVERIFIED_WITH_LOCATOR		armGroups[].label after dose-token removal (group title = arm label with dose inserted); corroborated by group description = arm description with dose inserted	NEWLINE_TO_SPACE;CUT_AT_400_CHARS;TSV_WRITE_NORMALISES_TAB_AND_NEWLINE;ORIGINAL_RETRIEVABLE_ONLY_VIA_leaf_claim_locator	159	NO	NO	CONFIRMED	LEAF_WITHIN_RECORD_RELATION	Phase Ib Dose Escalation: MBG453 Q2W + PDR001 Q2W	NOT_CONTROL_CONFIRMED	UNKNOWN	CHANGED_CLASS:NOT_CONTROL_ASSERTED->UNKNOWN	Sabatolimab 800 mg Q2W in combination with spartalizumab 80 mg Q2W in Phase Ib Dose Escalation Part	NEWLINE_TO_SPACE;CUT_AT_400_CHARS;TSV_WRITE_NORMALISES_TAB_AND_NEWLINE;ORIGINAL_RETRIEVABLE_ONLY_VIA_the cached source record	99
NCT02608268	Best Overall Response (BOR) Per RECIST v1.1	Phase Ib Dose Escalation: MBG453 800mg Q2W + PDR001 240mg Q2W	5	2014_2017	bor	10	30	ALL_ARMS_NON_CONTROL_TYPED	EXPERIMENTAL | EXPERIMENTAL | EXPERIMENTAL | EXPERIMENTAL | EXPERIMENTAL | EXPERIMENTAL | EXPERIMENTAL | EXPERIMENTAL | EXPERIMENTAL | EXPERIMENTAL	PROPOSED	LEAF_CLAIM_NOT_VERIFIABLE_FROM_EXACT_SOURCE_FIELDS	DELIVERED_LEAF:LEAF-QD-group2.tsv	LEAF-OUT/LEAF-QD-group2.tsv:line 23; candidate protocolSection.armsInterventionsModule.armGroups[4].label	1	4	Phase Ib Dose Escalation: MBG453 Q2W + PDR001 Q2W	EXPERIMENTAL									UNKNOWN_IN_THIS_CACHE	no source-field-matched arm link and no comparator wording in the group record			NOT_ESTABLISHED_REGISTRY_JOIN_FIELDS_ABSENT_FROM_THIS_CACHE	ALL_REGISTERED_ARMS_NON_COMPARATOR_TYPED_CONDITIONAL	ASSUMES_THIS_RESULTS_GROUP_IS_A_SUBSET_OF_THE_REGISTERED_ARM_SET_MEMBERSHIP_UNPROVED		LEAF_LABEL_RESOLVES_UNIQUELY	Phase Ib Dose Escalation: MBG453 Q2W + PDR001 Q2W	LEAF-OUT/LEAF-QD-group2.tsv:line 23	RETAINED_UNVERIFIED_WITH_LOCATOR		armGroups[].label after dose-token removal (group title = arm label with dose inserted); corroborated by group description = arm description with dose inserted	NEWLINE_TO_SPACE;CUT_AT_400_CHARS;TSV_WRITE_NORMALISES_TAB_AND_NEWLINE;ORIGINAL_RETRIEVABLE_ONLY_VIA_leaf_claim_locator	159	NO	NO	CONFIRMED	LEAF_WITHIN_RECORD_RELATION	Phase Ib Dose Escalation: MBG453 Q2W + PDR001 Q2W	NOT_CONTROL_CONFIRMED	UNKNOWN	CHANGED_CLASS:NOT_CONTROL_ASSERTED->UNKNOWN	Sabatolimab 800 mg Q2W in combination with spartalizumab 240 mg Q2W in Phase Ib Dose Escalation Part	NEWLINE_TO_SPACE;CUT_AT_400_CHARS;TSV_WRITE_NORMALISES_TAB_AND_NEWLINE;ORIGINAL_RETRIEVABLE_ONLY_VIA_the cached source record	100
NCT02608268	Best Overall Response (BOR) Per RECIST v1.1	Phase Ib Dose Escalation: MBG453 80mg Q4W + PDR001 80mg Q4W	6	2014_2017	bor	10	30	ALL_ARMS_NON_CONTROL_TYPED	EXPERIMENTAL | EXPERIMENTAL | EXPERIMENTAL | EXPERIMENTAL | EXPERIMENTAL | EXPERIMENTAL | EXPERIMENTAL | EXPERIMENTAL | EXPERIMENTAL | EXPERIMENTAL	PROPOSED	LEAF_CLAIM_NOT_VERIFIABLE_FROM_EXACT_SOURCE_FIELDS	DELIVERED_LEAF:LEAF-QD-group2.tsv	LEAF-OUT/LEAF-QD-group2.tsv:line 24; candidate protocolSection.armsInterventionsModule.armGroups[5].label	1	5	Phase Ib Dose Escalation: MBG453 Q4W + PDR001 Q4W	EXPERIMENTAL									UNKNOWN_IN_THIS_CACHE	no source-field-matched arm link and no comparator wording in the group record			NOT_ESTABLISHED_REGISTRY_JOIN_FIELDS_ABSENT_FROM_THIS_CACHE	ALL_REGISTERED_ARMS_NON_COMPARATOR_TYPED_CONDITIONAL	ASSUMES_THIS_RESULTS_GROUP_IS_A_SUBSET_OF_THE_REGISTERED_ARM_SET_MEMBERSHIP_UNPROVED		LEAF_LABEL_RESOLVES_UNIQUELY	Phase Ib Dose Escalation: MBG453 Q4W + PDR001 Q4W	LEAF-OUT/LEAF-QD-group2.tsv:line 24	RETAINED_UNVERIFIED_WITH_LOCATOR		armGroups[].label after dose-token removal (group title = arm label with dose inserted); corroborated by group description = arm description with dose inserted	NEWLINE_TO_SPACE;CUT_AT_400_CHARS;TSV_WRITE_NORMALISES_TAB_AND_NEWLINE;ORIGINAL_RETRIEVABLE_ONLY_VIA_leaf_claim_locator	159	NO	NO	CONFIRMED	LEAF_WITHIN_RECORD_RELATION	Phase Ib Dose Escalation: MBG453 Q4W + PDR001 Q4W	NOT_CONTROL_CONFIRMED	UNKNOWN	CHANGED_CLASS:NOT_CONTROL_ASSERTED->UNKNOWN	Sabatolimab 80 mg Q4W in combination with spartalizumab 80 mg Q4W in Phase Ib Dose Escalation Part	NEWLINE_TO_SPACE;CUT_AT_400_CHARS;TSV_WRITE_NORMALISES_TAB_AND_NEWLINE;ORIGINAL_RETRIEVABLE_ONLY_VIA_the cached source record	98
NCT02608268	Best Overall Response (BOR) Per RECIST v1.1	Phase Ib Dose Escalation: MBG453 80mg Q4W + PDR001 400mg Q4W	2	2014_2017	bor	10	30	ALL_ARMS_NON_CONTROL_TYPED	EXPERIMENTAL | EXPERIMENTAL | EXPERIMENTAL | EXPERIMENTAL | EXPERIMENTAL | EXPERIMENTAL | EXPERIMENTAL | EXPERIMENTAL | EXPERIMENTAL | EXPERIMENTAL	PROPOSED	LEAF_CLAIM_NOT_VERIFIABLE_FROM_EXACT_SOURCE_FIELDS	DELIVERED_LEAF:LEAF-QD-group2.tsv	LEAF-OUT/LEAF-QD-group2.tsv:line 25; candidate protocolSection.armsInterventionsModule.armGroups[5].label	1	5	Phase Ib Dose Escalation: MBG453 Q4W + PDR001 Q4W	EXPERIMENTAL									UNKNOWN_IN_THIS_CACHE	no source-field-matched arm link and no comparator wording in the group record			NOT_ESTABLISHED_REGISTRY_JOIN_FIELDS_ABSENT_FROM_THIS_CACHE	ALL_REGISTERED_ARMS_NON_COMPARATOR_TYPED_CONDITIONAL	ASSUMES_THIS_RESULTS_GROUP_IS_A_SUBSET_OF_THE_REGISTERED_ARM_SET_MEMBERSHIP_UNPROVED		LEAF_LABEL_RESOLVES_UNIQUELY	Phase Ib Dose Escalation: MBG453 Q4W + PDR001 Q4W	LEAF-OUT/LEAF-QD-group2.tsv:line 25	RETAINED_UNVERIFIED_WITH_LOCATOR		armGroups[].label after dose-token removal (group title = arm label with dose inserted); corroborated by group description = arm description with dose inserted	NEWLINE_TO_SPACE;CUT_AT_400_CHARS;TSV_WRITE_NORMALISES_TAB_AND_NEWLINE;ORIGINAL_RETRIEVABLE_ONLY_VIA_leaf_claim_locator	159	NO	NO	CONFIRMED	LEAF_WITHIN_RECORD_RELATION	Phase Ib Dose Escalation: MBG453 Q4W + PDR001 Q4W	NOT_CONTROL_CONFIRMED	UNKNOWN	CHANGED_CLASS:NOT_CONTROL_ASSERTED->UNKNOWN	Sabatolimab 80 mg Q4W in combination with spartalizumab 400 mg Q4W in Phase Ib Dose Escalation Part	NEWLINE_TO_SPACE;CUT_AT_400_CHARS;TSV_WRITE_NORMALISES_TAB_AND_NEWLINE;ORIGINAL_RETRIEVABLE_ONLY_VIA_the cached source record	99
NCT02608268	Best Overall Response (BOR) Per RECIST v1.1	Phase Ib Dose Escalation: MBG453 240mg Q4W + PDR001 80mg Q4W	12	2014_2017	bor	10	30	ALL_ARMS_NON_CONTROL_TYPED	EXPERIMENTAL | EXPERIMENTAL | EXPERIMENTAL | EXPERIMENTAL | EXPERIMENTAL | EXPERIMENTAL | EXPERIMENTAL | EXPERIMENTAL | EXPERIMENTAL | EXPERIMENTAL	PROPOSED	LEAF_CLAIM_NOT_VERIFIABLE_FROM_EXACT_SOURCE_FIELDS	DELIVERED_LEAF:LEAF-QD-group2.tsv	LEAF-OUT/LEAF-QD-group2.tsv:line 26; candidate protocolSection.armsInterventionsModule.armGroups[5].label	1	5	Phase Ib Dose Escalation: MBG453 Q4W + PDR001 Q4W	EXPERIMENTAL									UNKNOWN_IN_THIS_CACHE	no source-field-matched arm link and no comparator wording in the group record			NOT_ESTABLISHED_REGISTRY_JOIN_FIELDS_ABSENT_FROM_THIS_CACHE	ALL_REGISTERED_ARMS_NON_COMPARATOR_TYPED_CONDITIONAL	ASSUMES_THIS_RESULTS_GROUP_IS_A_SUBSET_OF_THE_REGISTERED_ARM_SET_MEMBERSHIP_UNPROVED		LEAF_LABEL_RESOLVES_UNIQUELY	Phase Ib Dose Escalation: MBG453 Q4W + PDR001 Q4W	LEAF-OUT/LEAF-QD-group2.tsv:line 26	RETAINED_UNVERIFIED_WITH_LOCATOR		armGroups[].label after dose-token removal (group title = arm label with dose inserted); corroborated by group description = arm description with dose inserted	NEWLINE_TO_SPACE;CUT_AT_400_CHARS;TSV_WRITE_NORMALISES_TAB_AND_NEWLINE;ORIGINAL_RETRIEVABLE_ONLY_VIA_leaf_claim_locator	159	NO	NO	CONFIRMED	LEAF_WITHIN_RECORD_RELATION	Phase Ib Dose Escalation: MBG453 Q4W + PDR001 Q4W	NOT_CONTROL_CONFIRMED	UNKNOWN	CHANGED_CLASS:NOT_CONTROL_ASSERTED->UNKNOWN	Sabatolimab 240 mg Q4W in combination with spartalizumab 80 mg Q4W in Phase Ib Dose Escalation Part	NEWLINE_TO_SPACE;CUT_AT_400_CHARS;TSV_WRITE_NORMALISES_TAB_AND_NEWLINE;ORIGINAL_RETRIEVABLE_ONLY_VIA_the cached source record	99
NCT02608268	Best Overall Response (BOR) Per RECIST v1.1	Phase Ib Dose Escalation: MBG453 240mg Q4W + PDR001 240mg Q4W	5	2014_2017	bor	10	30	ALL_ARMS_NON_CONTROL_TYPED	EXPERIMENTAL | EXPERIMENTAL | EXPERIMENTAL | EXPERIMENTAL | EXPERIMENTAL | EXPERIMENTAL | EXPERIMENTAL | EXPERIMENTAL | EXPERIMENTAL | EXPERIMENTAL	PROPOSED	LEAF_CLAIM_NOT_VERIFIABLE_FROM_EXACT_SOURCE_FIELDS	DELIVERED_LEAF:LEAF-QD-group2.tsv	LEAF-OUT/LEAF-QD-group2.tsv:line 27; candidate protocolSection.armsInterventionsModule.armGroups[5].label	1	5	Phase Ib Dose Escalation: MBG453 Q4W + PDR001 Q4W	EXPERIMENTAL									UNKNOWN_IN_THIS_CACHE	no source-field-matched arm link and no comparator wording in the group record			NOT_ESTABLISHED_REGISTRY_JOIN_FIELDS_ABSENT_FROM_THIS_CACHE	ALL_REGISTERED_ARMS_NON_COMPARATOR_TYPED_CONDITIONAL	ASSUMES_THIS_RESULTS_GROUP_IS_A_SUBSET_OF_THE_REGISTERED_ARM_SET_MEMBERSHIP_UNPROVED		LEAF_LABEL_RESOLVES_UNIQUELY	Phase Ib Dose Escalation: MBG453 Q4W + PDR001 Q4W	LEAF-OUT/LEAF-QD-group2.tsv:line 27	RETAINED_UNVERIFIED_WITH_LOCATOR		armGroups[].label after dose-token removal (group title = arm label with dose inserted); corroborated by group description = arm description with dose inserted	NEWLINE_TO_SPACE;CUT_AT_400_CHARS;TSV_WRITE_NORMALISES_TAB_AND_NEWLINE;ORIGINAL_RETRIEVABLE_ONLY_VIA_leaf_claim_locator	159	NO	NO	CONFIRMED	LEAF_WITHIN_RECORD_RELATION	Phase Ib Dose Escalation: MBG453 Q4W + PDR001 Q4W	NOT_CONTROL_CONFIRMED	UNKNOWN	CHANGED_CLASS:NOT_CONTROL_ASSERTED->UNKNOWN	Sabatolimab 240 mg Q4W in combination with spartalizumab 240 mg Q4W in Phase Ib Dose Escalation Part	NEWLINE_TO_SPACE;CUT_AT_400_CHARS;TSV_WRITE_NORMALISES_TAB_AND_NEWLINE;ORIGINAL_RETRIEVABLE_ONLY_VIA_the cached source record	100
NCT02608268	Best Overall Response (BOR) Per RECIST v1.1	Phase Ib Dose Escalation: MBG453 240mg Q4W + PDR001 400mg Q4W	5	2014_2017	bor	10	30	ALL_ARMS_NON_CONTROL_TYPED	EXPERIMENTAL | EXPERIMENTAL | EXPERIMENTAL | EXPERIMENTAL | EXPERIMENTAL | EXPERIMENTAL | EXPERIMENTAL | EXPERIMENTAL | EXPERIMENTAL | EXPERIMENTAL	PROPOSED	LEAF_CLAIM_NOT_VERIFIABLE_FROM_EXACT_SOURCE_FIELDS	DELIVERED_LEAF:LEAF-QD-group2.tsv	LEAF-OUT/LEAF-QD-group2.tsv:line 28; candidate protocolSection.armsInterventionsModule.armGroups[5].label	1	5	Phase Ib Dose Escalation: MBG453 Q4W + PDR001 Q4W	EXPERIMENTAL									UNKNOWN_IN_THIS_CACHE	no source-field-matched arm link and no comparator wording in the group record			NOT_ESTABLISHED_REGISTRY_JOIN_FIELDS_ABSENT_FROM_THIS_CACHE	ALL_REGISTERED_ARMS_NON_COMPARATOR_TYPED_CONDITIONAL	ASSUMES_THIS_RESULTS_GROUP_IS_A_SUBSET_OF_THE_REGISTERED_ARM_SET_MEMBERSHIP_UNPROVED		LEAF_LABEL_RESOLVES_UNIQUELY	Phase Ib Dose Escalation: MBG453 Q4W + PDR001 Q4W	LEAF-OUT/LEAF-QD-group2.tsv:line 28	RETAINED_UNVERIFIED_WITH_LOCATOR		armGroups[].label after dose-token removal (group title = arm label with dose inserted); corroborated by group description = arm description with dose inserted	NEWLINE_TO_SPACE;CUT_AT_400_CHARS;TSV_WRITE_NORMALISES_TAB_AND_NEWLINE;ORIGINAL_RETRIEVABLE_ONLY_VIA_leaf_claim_locator	159	NO	NO	CONFIRMED	LEAF_WITHIN_RECORD_RELATION	Phase Ib Dose Escalation: MBG453 Q4W + PDR001 Q4W	NOT_CONTROL_CONFIRMED	UNKNOWN	CHANGED_CLASS:NOT_CONTROL_ASSERTED->UNKNOWN	Sabatolimab 240 mg Q4W in combination with spartalizumab 400 mg Q4W in Phase Ib Dose Escalation Part	NEWLINE_TO_SPACE;CUT_AT_400_CHARS;TSV_WRITE_NORMALISES_TAB_AND_NEWLINE;ORIGINAL_RETRIEVABLE_ONLY_VIA_the cached source record	100
NCT02608268	Best Overall Response (BOR) Per RECIST v1.1	Phase Ib Dose Escalation: MBG453 800mg Q4W + PDR001 400mg Q4W	6	2014_2017	bor	10	30	ALL_ARMS_NON_CONTROL_TYPED	EXPERIMENTAL | EXPERIMENTAL | EXPERIMENTAL | EXPERIMENTAL | EXPERIMENTAL | EXPERIMENTAL | EXPERIMENTAL | EXPERIMENTAL | EXPERIMENTAL | EXPERIMENTAL	PROPOSED	LEAF_CLAIM_NOT_VERIFIABLE_FROM_EXACT_SOURCE_FIELDS	DELIVERED_LEAF:LEAF-QD-group2.tsv	LEAF-OUT/LEAF-QD-group2.tsv:line 29; candidate protocolSection.armsInterventionsModule.armGroups[5].label	1	5	Phase Ib Dose Escalation: MBG453 Q4W + PDR001 Q4W	EXPERIMENTAL									UNKNOWN_IN_THIS_CACHE	no source-field-matched arm link and no comparator wording in the group record			NOT_ESTABLISHED_REGISTRY_JOIN_FIELDS_ABSENT_FROM_THIS_CACHE	ALL_REGISTERED_ARMS_NON_COMPARATOR_TYPED_CONDITIONAL	ASSUMES_THIS_RESULTS_GROUP_IS_A_SUBSET_OF_THE_REGISTERED_ARM_SET_MEMBERSHIP_UNPROVED		LEAF_LABEL_RESOLVES_UNIQUELY	Phase Ib Dose Escalation: MBG453 Q4W + PDR001 Q4W	LEAF-OUT/LEAF-QD-group2.tsv:line 29	RETAINED_UNVERIFIED_WITH_LOCATOR		armGroups[].label after dose-token removal (group title = arm label with dose inserted); corroborated by group description = arm description with dose inserted	NEWLINE_TO_SPACE;CUT_AT_400_CHARS;TSV_WRITE_NORMALISES_TAB_AND_NEWLINE;ORIGINAL_RETRIEVABLE_ONLY_VIA_leaf_claim_locator	159	NO	NO	CONFIRMED	LEAF_WITHIN_RECORD_RELATION	Phase Ib Dose Escalation: MBG453 Q4W + PDR001 Q4W	NOT_CONTROL_CONFIRMED	UNKNOWN	CHANGED_CLASS:NOT_CONTROL_ASSERTED->UNKNOWN	Sabatolimab 800 mg Q4W in combination with spartalizumab 400 mg Q4W in Phase Ib Dose Escalation Part	NEWLINE_TO_SPACE;CUT_AT_400_CHARS;TSV_WRITE_NORMALISES_TAB_AND_NEWLINE;ORIGINAL_RETRIEVABLE_ONLY_VIA_the cached source record	100
NCT02608268	Best Overall Response (BOR) Per RECIST v1.1	Phase Ib Dose Escalation: MBG453 1200mg Q4W + PDR001 400mg Q4W	4	2014_2017	bor	10	30	ALL_ARMS_NON_CONTROL_TYPED	EXPERIMENTAL | EXPERIMENTAL | EXPERIMENTAL | EXPERIMENTAL | EXPERIMENTAL | EXPERIMENTAL | EXPERIMENTAL | EXPERIMENTAL | EXPERIMENTAL | EXPERIMENTAL	PROPOSED	LEAF_CLAIM_NOT_VERIFIABLE_FROM_EXACT_SOURCE_FIELDS	DELIVERED_LEAF:LEAF-QD-group2.tsv	LEAF-OUT/LEAF-QD-group2.tsv:line 30; candidate protocolSection.armsInterventionsModule.armGroups[5].label	1	5	Phase Ib Dose Escalation: MBG453 Q4W + PDR001 Q4W	EXPERIMENTAL									UNKNOWN_IN_THIS_CACHE	no source-field-matched arm link and no comparator wording in the group record			NOT_ESTABLISHED_REGISTRY_JOIN_FIELDS_ABSENT_FROM_THIS_CACHE	ALL_REGISTERED_ARMS_NON_COMPARATOR_TYPED_CONDITIONAL	ASSUMES_THIS_RESULTS_GROUP_IS_A_SUBSET_OF_THE_REGISTERED_ARM_SET_MEMBERSHIP_UNPROVED		LEAF_LABEL_RESOLVES_UNIQUELY	Phase Ib Dose Escalation: MBG453 Q4W + PDR001 Q4W	LEAF-OUT/LEAF-QD-group2.tsv:line 30	RETAINED_UNVERIFIED_WITH_LOCATOR		armGroups[].label after dose-token removal (group title = arm label with dose inserted); corroborated by group description = arm description with dose inserted	NEWLINE_TO_SPACE;CUT_AT_400_CHARS;TSV_WRITE_NORMALISES_TAB_AND_NEWLINE;ORIGINAL_RETRIEVABLE_ONLY_VIA_leaf_claim_locator	159	NO	NO	CONFIRMED	LEAF_WITHIN_RECORD_RELATION	Phase Ib Dose Escalation: MBG453 Q4W + PDR001 Q4W	NOT_CONTROL_CONFIRMED	UNKNOWN	CHANGED_CLASS:NOT_CONTROL_ASSERTED->UNKNOWN	Sabatolimab 1200 mg Q4W in combination with spartalizumab 400 mg Q4W in Phase Ib Dose Escalation Part	NEWLINE_TO_SPACE;CUT_AT_400_CHARS;TSV_WRITE_NORMALISES_TAB_AND_NEWLINE;ORIGINAL_RETRIEVABLE_ONLY_VIA_the cached source record	101
NCT02608268	Best Overall Response (BOR) Per RECIST v1.1	Dose Ranging Part: MBG453 80mg Q4W	11	2014_2017	bor	10	30	ALL_ARMS_NON_CONTROL_TYPED	EXPERIMENTAL | EXPERIMENTAL | EXPERIMENTAL | EXPERIMENTAL | EXPERIMENTAL | EXPERIMENTAL | EXPERIMENTAL | EXPERIMENTAL | EXPERIMENTAL | EXPERIMENTAL	PROPOSED	LEAF_CLAIM_NOT_VERIFIABLE_FROM_EXACT_SOURCE_FIELDS	DELIVERED_LEAF:LEAF-QD-group2.tsv	LEAF-OUT/LEAF-QD-group2.tsv:line 31; candidate protocolSection.armsInterventionsModule.armGroups[7].label	1	7	Dose Ranging Part: MBG453 Q4W	EXPERIMENTAL									UNKNOWN_IN_THIS_CACHE	no source-field-matched arm link and no comparator wording in the group record			NOT_ESTABLISHED_REGISTRY_JOIN_FIELDS_ABSENT_FROM_THIS_CACHE	ALL_REGISTERED_ARMS_NON_COMPARATOR_TYPED_CONDITIONAL	ASSUMES_THIS_RESULTS_GROUP_IS_A_SUBSET_OF_THE_REGISTERED_ARM_SET_MEMBERSHIP_UNPROVED		LEAF_LABEL_RESOLVES_UNIQUELY	Dose Ranging Part: MBG453 Q4W	LEAF-OUT/LEAF-QD-group2.tsv:line 31	RETAINED_UNVERIFIED_WITH_LOCATOR		armGroups[].label after dose-token removal (group title = arm label with dose inserted); corroborated by group description = arm description with dose inserted	NEWLINE_TO_SPACE;CUT_AT_400_CHARS;TSV_WRITE_NORMALISES_TAB_AND_NEWLINE;ORIGINAL_RETRIEVABLE_ONLY_VIA_leaf_claim_locator	159	NO	NO	CONFIRMED	LEAF_WITHIN_RECORD_RELATION	Dose Ranging Part: MBG453 Q4W	NOT_CONTROL_CONFIRMED	UNKNOWN	CHANGED_CLASS:NOT_CONTROL_ASSERTED->UNKNOWN	Sabatolimab 80 mg Q4W in Dose Ranging Part	NEWLINE_TO_SPACE;CUT_AT_400_CHARS;TSV_WRITE_NORMALISES_TAB_AND_NEWLINE;ORIGINAL_RETRIEVABLE_ONLY_VIA_the cached source record	42
NCT02608268	Best Overall Response (BOR) Per RECIST v1.1	Dose Ranging Part: MBG453 240mg Q4W	15	2014_2017	bor	10	30	ALL_ARMS_NON_CONTROL_TYPED	EXPERIMENTAL | EXPERIMENTAL | EXPERIMENTAL | EXPERIMENTAL | EXPERIMENTAL | EXPERIMENTAL | EXPERIMENTAL | EXPERIMENTAL | EXPERIMENTAL | EXPERIMENTAL	PROPOSED	LEAF_CLAIM_NOT_VERIFIABLE_FROM_EXACT_SOURCE_FIELDS	DELIVERED_LEAF:LEAF-QD-group2.tsv	LEAF-OUT/LEAF-QD-group2.tsv:line 32; candidate protocolSection.armsInterventionsModule.armGroups[7].label	1	7	Dose Ranging Part: MBG453 Q4W	EXPERIMENTAL									UNKNOWN_IN_THIS_CACHE	no source-field-matched arm link and no comparator wording in the group record			NOT_ESTABLISHED_REGISTRY_JOIN_FIELDS_ABSENT_FROM_THIS_CACHE	ALL_REGISTERED_ARMS_NON_COMPARATOR_TYPED_CONDITIONAL	ASSUMES_THIS_RESULTS_GROUP_IS_A_SUBSET_OF_THE_REGISTERED_ARM_SET_MEMBERSHIP_UNPROVED		LEAF_LABEL_RESOLVES_UNIQUELY	Dose Ranging Part: MBG453 Q4W	LEAF-OUT/LEAF-QD-group2.tsv:line 32	RETAINED_UNVERIFIED_WITH_LOCATOR		armGroups[].label after dose-token removal (group title = arm label with dose inserted); corroborated by group description = arm description with dose inserted	NEWLINE_TO_SPACE;CUT_AT_400_CHARS;TSV_WRITE_NORMALISES_TAB_AND_NEWLINE;ORIGINAL_RETRIEVABLE_ONLY_VIA_leaf_claim_locator	159	NO	NO	CONFIRMED	LEAF_WITHIN_RECORD_RELATION	Dose Ranging Part: MBG453 Q4W	NOT_CONTROL_CONFIRMED	UNKNOWN	CHANGED_CLASS:NOT_CONTROL_ASSERTED->UNKNOWN	Sabatolimab 240 mg Q4W in Dose Ranging Part	NEWLINE_TO_SPACE;CUT_AT_400_CHARS;TSV_WRITE_NORMALISES_TAB_AND_NEWLINE;ORIGINAL_RETRIEVABLE_ONLY_VIA_the cached source record	43
NCT02608268	Best Overall Response (BOR) Per RECIST v1.1	Dose Ranging Part: MBG453 1200mg Q4W	12	2014_2017	bor	10	30	ALL_ARMS_NON_CONTROL_TYPED	EXPERIMENTAL | EXPERIMENTAL | EXPERIMENTAL | EXPERIMENTAL | EXPERIMENTAL | EXPERIMENTAL | EXPERIMENTAL | EXPERIMENTAL | EXPERIMENTAL | EXPERIMENTAL	PROPOSED	LEAF_CLAIM_NOT_VERIFIABLE_FROM_EXACT_SOURCE_FIELDS	DELIVERED_LEAF:LEAF-QD-group2.tsv	LEAF-OUT/LEAF-QD-group2.tsv:line 33; candidate protocolSection.armsInterventionsModule.armGroups[7].label	1	7	Dose Ranging Part: MBG453 Q4W	EXPERIMENTAL									UNKNOWN_IN_THIS_CACHE	no source-field-matched arm link and no comparator wording in the group record			NOT_ESTABLISHED_REGISTRY_JOIN_FIELDS_ABSENT_FROM_THIS_CACHE	ALL_REGISTERED_ARMS_NON_COMPARATOR_TYPED_CONDITIONAL	ASSUMES_THIS_RESULTS_GROUP_IS_A_SUBSET_OF_THE_REGISTERED_ARM_SET_MEMBERSHIP_UNPROVED		LEAF_LABEL_RESOLVES_UNIQUELY	Dose Ranging Part: MBG453 Q4W	LEAF-OUT/LEAF-QD-group2.tsv:line 33	RETAINED_UNVERIFIED_WITH_LOCATOR		armGroups[].label after dose-token removal (group title = arm label with dose inserted); corroborated by group description = arm description with dose inserted	NEWLINE_TO_SPACE;CUT_AT_400_CHARS;TSV_WRITE_NORMALISES_TAB_AND_NEWLINE;ORIGINAL_RETRIEVABLE_ONLY_VIA_leaf_claim_locator	159	NO	NO	CONFIRMED	LEAF_WITHIN_RECORD_RELATION	Dose Ranging Part: MBG453 Q4W	NOT_CONTROL_CONFIRMED	UNKNOWN	CHANGED_CLASS:NOT_CONTROL_ASSERTED->UNKNOWN	Sabatolimab 1200 mg Q4W in Dose Ranging Part	NEWLINE_TO_SPACE;CUT_AT_400_CHARS;TSV_WRITE_NORMALISES_TAB_AND_NEWLINE;ORIGINAL_RETRIEVABLE_ONLY_VIA_the cached source record	44
NCT02608268	Best Overall Response (BOR) Per RECIST v1.1	Phase II: MBG453 + PDR001 NSCLC	11	2014_2017	bor	10	30	ALL_ARMS_NON_CONTROL_TYPED	EXPERIMENTAL | EXPERIMENTAL | EXPERIMENTAL | EXPERIMENTAL | EXPERIMENTAL | EXPERIMENTAL | EXPERIMENTAL | EXPERIMENTAL | EXPERIMENTAL | EXPERIMENTAL	PROPOSED	LEAF_CLAIM_NOT_VERIFIABLE_FROM_EXACT_SOURCE_FIELDS	DELIVERED_LEAF:LEAF-QD-group2.tsv	LEAF-OUT/LEAF-QD-group2.tsv:line 34; candidate protocolSection.armsInterventionsModule.armGroups[8].label	1	8	Phase II: MBG453 + PDR001	EXPERIMENTAL									UNKNOWN_IN_THIS_CACHE	no source-field-matched arm link and no comparator wording in the group record			NOT_ESTABLISHED_REGISTRY_JOIN_FIELDS_ABSENT_FROM_THIS_CACHE	ALL_REGISTERED_ARMS_NON_COMPARATOR_TYPED_CONDITIONAL	ASSUMES_THIS_RESULTS_GROUP_IS_A_SUBSET_OF_THE_REGISTERED_ARM_SET_MEMBERSHIP_UNPROVED		LEAF_LABEL_RESOLVES_UNIQUELY	Phase II: MBG453 + PDR001	LEAF-OUT/LEAF-QD-group2.tsv:line 34	RETAINED_UNVERIFIED_WITH_LOCATOR		armGroups[8].label 'Phase II: MBG453 + PDR001' is the longest containment match, and the only other Phase II arm armGroups[9] 'Phase II: MBG453' carries description 'This arm was not opened for enrollment.', so it cannot hold participants	NEWLINE_TO_SPACE;CUT_AT_400_CHARS;TSV_WRITE_NORMALISES_TAB_AND_NEWLINE;ORIGINAL_RETRIEVABLE_ONLY_VIA_leaf_claim_locator	238	NO	NO	CONFIRMED	LEAF_WITHIN_RECORD_RELATION	Phase II: MBG453 + PDR001	NOT_CONTROL_CONFIRMED	UNKNOWN	CHANGED_CLASS:NOT_CONTROL_ASSERTED->UNKNOWN	Sabatolimab 800 mg Q4W in combination with spartalizumab 400 mg Q4W in non-small cell lung carcinoma (NSCLC)	NEWLINE_TO_SPACE;CUT_AT_400_CHARS;TSV_WRITE_NORMALISES_TAB_AND_NEWLINE;ORIGINAL_RETRIEVABLE_ONLY_VIA_the cached source record	108
NCT02608268	Best Overall Response (BOR) Per RECIST v1.1	Phase II: MBG453 + PDR001 Melanoma	15	2014_2017	bor	10	30	ALL_ARMS_NON_CONTROL_TYPED	EXPERIMENTAL | EXPERIMENTAL | EXPERIMENTAL | EXPERIMENTAL | EXPERIMENTAL | EXPERIMENTAL | EXPERIMENTAL | EXPERIMENTAL | EXPERIMENTAL | EXPERIMENTAL	PROPOSED	LEAF_CLAIM_NOT_VERIFIABLE_FROM_EXACT_SOURCE_FIELDS	DELIVERED_LEAF:LEAF-QD-group2.tsv	LEAF-OUT/LEAF-QD-group2.tsv:line 35; candidate protocolSection.armsInterventionsModule.armGroups[8].label	1	8	Phase II: MBG453 + PDR001	EXPERIMENTAL									UNKNOWN_IN_THIS_CACHE	no source-field-matched arm link and no comparator wording in the group record			NOT_ESTABLISHED_REGISTRY_JOIN_FIELDS_ABSENT_FROM_THIS_CACHE	ALL_REGISTERED_ARMS_NON_COMPARATOR_TYPED_CONDITIONAL	ASSUMES_THIS_RESULTS_GROUP_IS_A_SUBSET_OF_THE_REGISTERED_ARM_SET_MEMBERSHIP_UNPROVED		LEAF_LABEL_RESOLVES_UNIQUELY	Phase II: MBG453 + PDR001	LEAF-OUT/LEAF-QD-group2.tsv:line 35	RETAINED_UNVERIFIED_WITH_LOCATOR		armGroups[8].label 'Phase II: MBG453 + PDR001' is the longest containment match, and the only other Phase II arm armGroups[9] 'Phase II: MBG453' carries description 'This arm was not opened for enrollment.', so it cannot hold participants	NEWLINE_TO_SPACE;CUT_AT_400_CHARS;TSV_WRITE_NORMALISES_TAB_AND_NEWLINE;ORIGINAL_RETRIEVABLE_ONLY_VIA_leaf_claim_locator	238	NO	NO	CONFIRMED	LEAF_WITHIN_RECORD_RELATION	Phase II: MBG453 + PDR001	NOT_CONTROL_CONFIRMED	UNKNOWN	CHANGED_CLASS:NOT_CONTROL_ASSERTED->UNKNOWN	Sabatolimab 800 mg Q4W in combination with spartalizumab 400 mg Q4W in melanoma	NEWLINE_TO_SPACE;CUT_AT_400_CHARS;TSV_WRITE_NORMALISES_TAB_AND_NEWLINE;ORIGINAL_RETRIEVABLE_ONLY_VIA_the cached source record	79
NCT02829723	Phase I: Best Overall Response (BOR) With Confirmation Per RECIST v1.1	Phase I: BLZ945 150 mg 7d on/7d Off QD	4	2014_2017	bor	2	25	ALL_ARMS_NON_CONTROL_TYPED	EXPERIMENTAL | EXPERIMENTAL	PROPOSED	LEAF_CLAIM_NOT_VERIFIABLE_FROM_EXACT_SOURCE_FIELDS	DELIVERED_LEAF:LEAF-QD-group2.tsv	LEAF-OUT/LEAF-QD-group2.tsv:line 43; candidate protocolSection.armsInterventionsModule.armGroups[0].label	1	0	BLZ945 single agent	EXPERIMENTAL									UNKNOWN_IN_THIS_CACHE	no source-field-matched arm link and no comparator wording in the group record			NOT_ESTABLISHED_REGISTRY_JOIN_FIELDS_ABSENT_FROM_THIS_CACHE	ALL_REGISTERED_ARMS_NON_COMPARATOR_TYPED_CONDITIONAL	ASSUMES_THIS_RESULTS_GROUP_IS_A_SUBSET_OF_THE_REGISTERED_ARM_SET_MEMBERSHIP_UNPROVED		LEAF_LABEL_RESOLVES_UNIQUELY	BLZ945 single agent	LEAF-OUT/LEAF-QD-group2.tsv:line 43	RETAINED_UNVERIFIED_WITH_LOCATOR		armGroups[].description: [0]='BLZ945 administered as single agent' vs [1]='BLZ945 administered in combination with PDR001'; the group title/description states presence or absence of PDR001, and only 2 arms are registered	NEWLINE_TO_SPACE;CUT_AT_400_CHARS;TSV_WRITE_NORMALISES_TAB_AND_NEWLINE;ORIGINAL_RETRIEVABLE_ONLY_VIA_leaf_claim_locator	220	NO	NO	CONFIRMED	LEAF_WITHIN_RECORD_RELATION	BLZ945 single agent	NOT_CONTROL_CONFIRMED	UNKNOWN	CHANGED_CLASS:NOT_CONTROL_ASSERTED->UNKNOWN	BLZ945 150 mg once per day administered for 7 days and suspended for 7 days	NEWLINE_TO_SPACE;CUT_AT_400_CHARS;TSV_WRITE_NORMALISES_TAB_AND_NEWLINE;ORIGINAL_RETRIEVABLE_ONLY_VIA_the cached source record	75
NCT02829723	Phase I: Best Overall Response (BOR) With Confirmation Per RECIST v1.1	Phase I: BLZ945 300 mg 7d on/7d Off QD	7	2014_2017	bor	2	25	ALL_ARMS_NON_CONTROL_TYPED	EXPERIMENTAL | EXPERIMENTAL	PROPOSED	LEAF_CLAIM_NOT_VERIFIABLE_FROM_EXACT_SOURCE_FIELDS	DELIVERED_LEAF:LEAF-QD-group2.tsv	LEAF-OUT/LEAF-QD-group2.tsv:line 44; candidate protocolSection.armsInterventionsModule.armGroups[0].label	1	0	BLZ945 single agent	EXPERIMENTAL									UNKNOWN_IN_THIS_CACHE	no source-field-matched arm link and no comparator wording in the group record			NOT_ESTABLISHED_REGISTRY_JOIN_FIELDS_ABSENT_FROM_THIS_CACHE	ALL_REGISTERED_ARMS_NON_COMPARATOR_TYPED_CONDITIONAL	ASSUMES_THIS_RESULTS_GROUP_IS_A_SUBSET_OF_THE_REGISTERED_ARM_SET_MEMBERSHIP_UNPROVED		LEAF_LABEL_RESOLVES_UNIQUELY	BLZ945 single agent	LEAF-OUT/LEAF-QD-group2.tsv:line 44	RETAINED_UNVERIFIED_WITH_LOCATOR		armGroups[].description: [0]='BLZ945 administered as single agent' vs [1]='BLZ945 administered in combination with PDR001'; the group title/description states presence or absence of PDR001, and only 2 arms are registered	NEWLINE_TO_SPACE;CUT_AT_400_CHARS;TSV_WRITE_NORMALISES_TAB_AND_NEWLINE;ORIGINAL_RETRIEVABLE_ONLY_VIA_leaf_claim_locator	220	NO	NO	CONFIRMED	LEAF_WITHIN_RECORD_RELATION	BLZ945 single agent	NOT_CONTROL_CONFIRMED	UNKNOWN	CHANGED_CLASS:NOT_CONTROL_ASSERTED->UNKNOWN	BLZ945 300 mg once per day administered for 7 days and suspended for 7 days	NEWLINE_TO_SPACE;CUT_AT_400_CHARS;TSV_WRITE_NORMALISES_TAB_AND_NEWLINE;ORIGINAL_RETRIEVABLE_ONLY_VIA_the cached source record	75
NCT02829723	Phase I: Best Overall Response (BOR) With Confirmation Per RECIST v1.1	Phase I: BLZ945 300 mg Q1W QD	5	2014_2017	bor	2	25	ALL_ARMS_NON_CONTROL_TYPED	EXPERIMENTAL | EXPERIMENTAL	PROPOSED	LEAF_CLAIM_NOT_VERIFIABLE_FROM_EXACT_SOURCE_FIELDS	DELIVERED_LEAF:LEAF-QD-group2.tsv	LEAF-OUT/LEAF-QD-group2.tsv:line 45; candidate protocolSection.armsInterventionsModule.armGroups[0].label	1	0	BLZ945 single agent	EXPERIMENTAL									UNKNOWN_IN_THIS_CACHE	no source-field-matched arm link and no comparator wording in the group record			NOT_ESTABLISHED_REGISTRY_JOIN_FIELDS_ABSENT_FROM_THIS_CACHE	ALL_REGISTERED_ARMS_NON_COMPARATOR_TYPED_CONDITIONAL	ASSUMES_THIS_RESULTS_GROUP_IS_A_SUBSET_OF_THE_REGISTERED_ARM_SET_MEMBERSHIP_UNPROVED		LEAF_LABEL_RESOLVES_UNIQUELY	BLZ945 single agent	LEAF-OUT/LEAF-QD-group2.tsv:line 45	RETAINED_UNVERIFIED_WITH_LOCATOR		armGroups[].description: [0]='BLZ945 administered as single agent' vs [1]='BLZ945 administered in combination with PDR001'; the group title/description states presence or absence of PDR001, and only 2 arms are registered	NEWLINE_TO_SPACE;CUT_AT_400_CHARS;TSV_WRITE_NORMALISES_TAB_AND_NEWLINE;ORIGINAL_RETRIEVABLE_ONLY_VIA_leaf_claim_locator	220	NO	NO	CONFIRMED	LEAF_WITHIN_RECORD_RELATION	BLZ945 single agent	NOT_CONTROL_CONFIRMED	UNKNOWN	CHANGED_CLASS:NOT_CONTROL_ASSERTED->UNKNOWN	BLZ945 300 mg once per day once weekly	NEWLINE_TO_SPACE;CUT_AT_400_CHARS;TSV_WRITE_NORMALISES_TAB_AND_NEWLINE;ORIGINAL_RETRIEVABLE_ONLY_VIA_the cached source record	38
NCT02829723	Phase I: Best Overall Response (BOR) With Confirmation Per RECIST v1.1	Phase I: BLZ945 450 mg Q1W QD	4	2014_2017	bor	2	25	ALL_ARMS_NON_CONTROL_TYPED	EXPERIMENTAL | EXPERIMENTAL	PROPOSED	LEAF_CLAIM_NOT_VERIFIABLE_FROM_EXACT_SOURCE_FIELDS	DELIVERED_LEAF:LEAF-QD-group2.tsv	LEAF-OUT/LEAF-QD-group2.tsv:line 46; candidate protocolSection.armsInterventionsModule.armGroups[0].label	1	0	BLZ945 single agent	EXPERIMENTAL									UNKNOWN_IN_THIS_CACHE	no source-field-matched arm link and no comparator wording in the group record			NOT_ESTABLISHED_REGISTRY_JOIN_FIELDS_ABSENT_FROM_THIS_CACHE	ALL_REGISTERED_ARMS_NON_COMPARATOR_TYPED_CONDITIONAL	ASSUMES_THIS_RESULTS_GROUP_IS_A_SUBSET_OF_THE_REGISTERED_ARM_SET_MEMBERSHIP_UNPROVED		LEAF_LABEL_RESOLVES_UNIQUELY	BLZ945 single agent	LEAF-OUT/LEAF-QD-group2.tsv:line 46	RETAINED_UNVERIFIED_WITH_LOCATOR		armGroups[].description: [0]='BLZ945 administered as single agent' vs [1]='BLZ945 administered in combination with PDR001'; the group title/description states presence or absence of PDR001, and only 2 arms are registered	NEWLINE_TO_SPACE;CUT_AT_400_CHARS;TSV_WRITE_NORMALISES_TAB_AND_NEWLINE;ORIGINAL_RETRIEVABLE_ONLY_VIA_leaf_claim_locator	220	NO	NO	CONFIRMED	LEAF_WITHIN_RECORD_RELATION	BLZ945 single agent	NOT_CONTROL_CONFIRMED	UNKNOWN	CHANGED_CLASS:NOT_CONTROL_ASSERTED->UNKNOWN	BLZ945 450 mg once per day once weekly	NEWLINE_TO_SPACE;CUT_AT_400_CHARS;TSV_WRITE_NORMALISES_TAB_AND_NEWLINE;ORIGINAL_RETRIEVABLE_ONLY_VIA_the cached source record	38
NCT02829723	Phase I: Best Overall Response (BOR) With Confirmation Per RECIST v1.1	Phase I: BLZ945 600 mg Q1W QD	3	2014_2017	bor	2	25	ALL_ARMS_NON_CONTROL_TYPED	EXPERIMENTAL | EXPERIMENTAL	PROPOSED	LEAF_CLAIM_NOT_VERIFIABLE_FROM_EXACT_SOURCE_FIELDS	DELIVERED_LEAF:LEAF-QD-group2.tsv	LEAF-OUT/LEAF-QD-group2.tsv:line 47; candidate protocolSection.armsInterventionsModule.armGroups[0].label	1	0	BLZ945 single agent	EXPERIMENTAL									UNKNOWN_IN_THIS_CACHE	no source-field-matched arm link and no comparator wording in the group record			NOT_ESTABLISHED_REGISTRY_JOIN_FIELDS_ABSENT_FROM_THIS_CACHE	ALL_REGISTERED_ARMS_NON_COMPARATOR_TYPED_CONDITIONAL	ASSUMES_THIS_RESULTS_GROUP_IS_A_SUBSET_OF_THE_REGISTERED_ARM_SET_MEMBERSHIP_UNPROVED		LEAF_LABEL_RESOLVES_UNIQUELY	BLZ945 single agent	LEAF-OUT/LEAF-QD-group2.tsv:line 47	RETAINED_UNVERIFIED_WITH_LOCATOR		armGroups[].description: [0]='BLZ945 administered as single agent' vs [1]='BLZ945 administered in combination with PDR001'; the group title/description states presence or absence of PDR001, and only 2 arms are registered	NEWLINE_TO_SPACE;CUT_AT_400_CHARS;TSV_WRITE_NORMALISES_TAB_AND_NEWLINE;ORIGINAL_RETRIEVABLE_ONLY_VIA_leaf_claim_locator	220	NO	NO	CONFIRMED	LEAF_WITHIN_RECORD_RELATION	BLZ945 single agent	NOT_CONTROL_CONFIRMED	UNKNOWN	CHANGED_CLASS:NOT_CONTROL_ASSERTED->UNKNOWN	BLZ945 600 mg once per day once weekly	NEWLINE_TO_SPACE;CUT_AT_400_CHARS;TSV_WRITE_NORMALISES_TAB_AND_NEWLINE;ORIGINAL_RETRIEVABLE_ONLY_VIA_the cached source record	38
NCT02829723	Phase I: Best Overall Response (BOR) With Confirmation Per RECIST v1.1	Phase I: BLZ945 1000 mg Q1W QD	5	2014_2017	bor	2	25	ALL_ARMS_NON_CONTROL_TYPED	EXPERIMENTAL | EXPERIMENTAL	PROPOSED	LEAF_CLAIM_NOT_VERIFIABLE_FROM_EXACT_SOURCE_FIELDS	DELIVERED_LEAF:LEAF-QD-group2.tsv	LEAF-OUT/LEAF-QD-group2.tsv:line 48; candidate protocolSection.armsInterventionsModule.armGroups[0].label	1	0	BLZ945 single agent	EXPERIMENTAL									UNKNOWN_IN_THIS_CACHE	no source-field-matched arm link and no comparator wording in the group record			NOT_ESTABLISHED_REGISTRY_JOIN_FIELDS_ABSENT_FROM_THIS_CACHE	ALL_REGISTERED_ARMS_NON_COMPARATOR_TYPED_CONDITIONAL	ASSUMES_THIS_RESULTS_GROUP_IS_A_SUBSET_OF_THE_REGISTERED_ARM_SET_MEMBERSHIP_UNPROVED		LEAF_LABEL_RESOLVES_UNIQUELY	BLZ945 single agent	LEAF-OUT/LEAF-QD-group2.tsv:line 48	RETAINED_UNVERIFIED_WITH_LOCATOR		armGroups[].description: [0]='BLZ945 administered as single agent' vs [1]='BLZ945 administered in combination with PDR001'; the group title/description states presence or absence of PDR001, and only 2 arms are registered	NEWLINE_TO_SPACE;CUT_AT_400_CHARS;TSV_WRITE_NORMALISES_TAB_AND_NEWLINE;ORIGINAL_RETRIEVABLE_ONLY_VIA_leaf_claim_locator	220	NO	NO	CONFIRMED	LEAF_WITHIN_RECORD_RELATION	BLZ945 single agent	NOT_CONTROL_CONFIRMED	UNKNOWN	CHANGED_CLASS:NOT_CONTROL_ASSERTED->UNKNOWN	BLZ945 1000 mg once per day once weekly	NEWLINE_TO_SPACE;CUT_AT_400_CHARS;TSV_WRITE_NORMALISES_TAB_AND_NEWLINE;ORIGINAL_RETRIEVABLE_ONLY_VIA_the cached source record	39
NCT02829723	Phase I: Best Overall Response (BOR) With Confirmation Per RECIST v1.1	Phase I: BLZ945 1600 mg Q1W QD	3	2014_2017	bor	2	25	ALL_ARMS_NON_CONTROL_TYPED	EXPERIMENTAL | EXPERIMENTAL	PROPOSED	LEAF_CLAIM_NOT_VERIFIABLE_FROM_EXACT_SOURCE_FIELDS	DELIVERED_LEAF:LEAF-QD-group2.tsv	LEAF-OUT/LEAF-QD-group2.tsv:line 49; candidate protocolSection.armsInterventionsModule.armGroups[0].label	1	0	BLZ945 single agent	EXPERIMENTAL									UNKNOWN_IN_THIS_CACHE	no source-field-matched arm link and no comparator wording in the group record			NOT_ESTABLISHED_REGISTRY_JOIN_FIELDS_ABSENT_FROM_THIS_CACHE	ALL_REGISTERED_ARMS_NON_COMPARATOR_TYPED_CONDITIONAL	ASSUMES_THIS_RESULTS_GROUP_IS_A_SUBSET_OF_THE_REGISTERED_ARM_SET_MEMBERSHIP_UNPROVED		LEAF_LABEL_RESOLVES_UNIQUELY	BLZ945 single agent	LEAF-OUT/LEAF-QD-group2.tsv:line 49	RETAINED_UNVERIFIED_WITH_LOCATOR		armGroups[].description: [0]='BLZ945 administered as single agent' vs [1]='BLZ945 administered in combination with PDR001'; the group title/description states presence or absence of PDR001, and only 2 arms are registered	NEWLINE_TO_SPACE;CUT_AT_400_CHARS;TSV_WRITE_NORMALISES_TAB_AND_NEWLINE;ORIGINAL_RETRIEVABLE_ONLY_VIA_leaf_claim_locator	220	NO	NO	CONFIRMED	LEAF_WITHIN_RECORD_RELATION	BLZ945 single agent	NOT_CONTROL_CONFIRMED	UNKNOWN	CHANGED_CLASS:NOT_CONTROL_ASSERTED->UNKNOWN	BLZ945 1600 mg once per day once weekly	NEWLINE_TO_SPACE;CUT_AT_400_CHARS;TSV_WRITE_NORMALISES_TAB_AND_NEWLINE;ORIGINAL_RETRIEVABLE_ONLY_VIA_the cached source record	39
NCT02829723	Phase I: Best Overall Response (BOR) With Confirmation Per RECIST v1.1	Phase I: BLZ945 300 mg 4d on/10d Off QD	8	2014_2017	bor	2	25	ALL_ARMS_NON_CONTROL_TYPED	EXPERIMENTAL | EXPERIMENTAL	PROPOSED	LEAF_CLAIM_NOT_VERIFIABLE_FROM_EXACT_SOURCE_FIELDS	DELIVERED_LEAF:LEAF-QD-group2.tsv	LEAF-OUT/LEAF-QD-group2.tsv:line 50; candidate protocolSection.armsInterventionsModule.armGroups[0].label	1	0	BLZ945 single agent	EXPERIMENTAL									UNKNOWN_IN_THIS_CACHE	no source-field-matched arm link and no comparator wording in the group record			NOT_ESTABLISHED_REGISTRY_JOIN_FIELDS_ABSENT_FROM_THIS_CACHE	ALL_REGISTERED_ARMS_NON_COMPARATOR_TYPED_CONDITIONAL	ASSUMES_THIS_RESULTS_GROUP_IS_A_SUBSET_OF_THE_REGISTERED_ARM_SET_MEMBERSHIP_UNPROVED		LEAF_LABEL_RESOLVES_UNIQUELY	BLZ945 single agent	LEAF-OUT/LEAF-QD-group2.tsv:line 50	RETAINED_UNVERIFIED_WITH_LOCATOR		armGroups[].description: [0]='BLZ945 administered as single agent' vs [1]='BLZ945 administered in combination with PDR001'; the group title/description states presence or absence of PDR001, and only 2 arms are registered	NEWLINE_TO_SPACE;CUT_AT_400_CHARS;TSV_WRITE_NORMALISES_TAB_AND_NEWLINE;ORIGINAL_RETRIEVABLE_ONLY_VIA_leaf_claim_locator	220	NO	NO	CONFIRMED	LEAF_WITHIN_RECORD_RELATION	BLZ945 single agent	NOT_CONTROL_CONFIRMED	UNKNOWN	CHANGED_CLASS:NOT_CONTROL_ASSERTED->UNKNOWN	BLZ945 300 mg once per day administered for 4 days and suspended for 10 days	NEWLINE_TO_SPACE;CUT_AT_400_CHARS;TSV_WRITE_NORMALISES_TAB_AND_NEWLINE;ORIGINAL_RETRIEVABLE_ONLY_VIA_the cached source record	76
NCT02829723	Phase I: Best Overall Response (BOR) With Confirmation Per RECIST v1.1	Phase I: BLZ945 600 mg 4d on/10d Off QD	7	2014_2017	bor	2	25	ALL_ARMS_NON_CONTROL_TYPED	EXPERIMENTAL | EXPERIMENTAL	PROPOSED	LEAF_CLAIM_NOT_VERIFIABLE_FROM_EXACT_SOURCE_FIELDS	DELIVERED_LEAF:LEAF-QD-group2.tsv	LEAF-OUT/LEAF-QD-group2.tsv:line 51; candidate protocolSection.armsInterventionsModule.armGroups[0].label	1	0	BLZ945 single agent	EXPERIMENTAL									UNKNOWN_IN_THIS_CACHE	no source-field-matched arm link and no comparator wording in the group record			NOT_ESTABLISHED_REGISTRY_JOIN_FIELDS_ABSENT_FROM_THIS_CACHE	ALL_REGISTERED_ARMS_NON_COMPARATOR_TYPED_CONDITIONAL	ASSUMES_THIS_RESULTS_GROUP_IS_A_SUBSET_OF_THE_REGISTERED_ARM_SET_MEMBERSHIP_UNPROVED		LEAF_LABEL_RESOLVES_UNIQUELY	BLZ945 single agent	LEAF-OUT/LEAF-QD-group2.tsv:line 51	RETAINED_UNVERIFIED_WITH_LOCATOR		armGroups[].description: [0]='BLZ945 administered as single agent' vs [1]='BLZ945 administered in combination with PDR001'; the group title/description states presence or absence of PDR001, and only 2 arms are registered	NEWLINE_TO_SPACE;CUT_AT_400_CHARS;TSV_WRITE_NORMALISES_TAB_AND_NEWLINE;ORIGINAL_RETRIEVABLE_ONLY_VIA_leaf_claim_locator	220	NO	NO	CONFIRMED	LEAF_WITHIN_RECORD_RELATION	BLZ945 single agent	NOT_CONTROL_CONFIRMED	UNKNOWN	CHANGED_CLASS:NOT_CONTROL_ASSERTED->UNKNOWN	BLZ945 600 mg once per day administered for 4 days and suspended for 10 days	NEWLINE_TO_SPACE;CUT_AT_400_CHARS;TSV_WRITE_NORMALISES_TAB_AND_NEWLINE;ORIGINAL_RETRIEVABLE_ONLY_VIA_the cached source record	76
NCT02829723	Phase I: Best Overall Response (BOR) With Confirmation Per RECIST v1.1	Phase I: BLZ945 800 mg 4d on/10d Off QD	5	2014_2017	bor	2	25	ALL_ARMS_NON_CONTROL_TYPED	EXPERIMENTAL | EXPERIMENTAL	PROPOSED	LEAF_CLAIM_NOT_VERIFIABLE_FROM_EXACT_SOURCE_FIELDS	DELIVERED_LEAF:LEAF-QD-group2.tsv	LEAF-OUT/LEAF-QD-group2.tsv:line 52; candidate protocolSection.armsInterventionsModule.armGroups[0].label	1	0	BLZ945 single agent	EXPERIMENTAL									UNKNOWN_IN_THIS_CACHE	no source-field-matched arm link and no comparator wording in the group record			NOT_ESTABLISHED_REGISTRY_JOIN_FIELDS_ABSENT_FROM_THIS_CACHE	ALL_REGISTERED_ARMS_NON_COMPARATOR_TYPED_CONDITIONAL	ASSUMES_THIS_RESULTS_GROUP_IS_A_SUBSET_OF_THE_REGISTERED_ARM_SET_MEMBERSHIP_UNPROVED		LEAF_LABEL_RESOLVES_UNIQUELY	BLZ945 single agent	LEAF-OUT/LEAF-QD-group2.tsv:line 52	RETAINED_UNVERIFIED_WITH_LOCATOR		armGroups[].description: [0]='BLZ945 administered as single agent' vs [1]='BLZ945 administered in combination with PDR001'; the group title/description states presence or absence of PDR001, and only 2 arms are registered	NEWLINE_TO_SPACE;CUT_AT_400_CHARS;TSV_WRITE_NORMALISES_TAB_AND_NEWLINE;ORIGINAL_RETRIEVABLE_ONLY_VIA_leaf_claim_locator	220	NO	NO	CONFIRMED	LEAF_WITHIN_RECORD_RELATION	BLZ945 single agent	NOT_CONTROL_CONFIRMED	UNKNOWN	CHANGED_CLASS:NOT_CONTROL_ASSERTED->UNKNOWN	BLZ945 800 mg once per day administered for 4 days and suspended for 10 days	NEWLINE_TO_SPACE;CUT_AT_400_CHARS;TSV_WRITE_NORMALISES_TAB_AND_NEWLINE;ORIGINAL_RETRIEVABLE_ONLY_VIA_the cached source record	76
NCT02829723	Phase I: Best Overall Response (BOR) With Confirmation Per RECIST v1.1	Phase I: BLZ945 1200 mg 4d on/10d Off QD	6	2014_2017	bor	2	25	ALL_ARMS_NON_CONTROL_TYPED	EXPERIMENTAL | EXPERIMENTAL	PROPOSED	LEAF_CLAIM_NOT_VERIFIABLE_FROM_EXACT_SOURCE_FIELDS	DELIVERED_LEAF:LEAF-QD-group2.tsv	LEAF-OUT/LEAF-QD-group2.tsv:line 53; candidate protocolSection.armsInterventionsModule.armGroups[0].label	1	0	BLZ945 single agent	EXPERIMENTAL									UNKNOWN_IN_THIS_CACHE	no source-field-matched arm link and no comparator wording in the group record			NOT_ESTABLISHED_REGISTRY_JOIN_FIELDS_ABSENT_FROM_THIS_CACHE	ALL_REGISTERED_ARMS_NON_COMPARATOR_TYPED_CONDITIONAL	ASSUMES_THIS_RESULTS_GROUP_IS_A_SUBSET_OF_THE_REGISTERED_ARM_SET_MEMBERSHIP_UNPROVED		LEAF_LABEL_RESOLVES_UNIQUELY	BLZ945 single agent	LEAF-OUT/LEAF-QD-group2.tsv:line 53	RETAINED_UNVERIFIED_WITH_LOCATOR		armGroups[].description: [0]='BLZ945 administered as single agent' vs [1]='BLZ945 administered in combination with PDR001'; the group title/description states presence or absence of PDR001, and only 2 arms are registered	NEWLINE_TO_SPACE;CUT_AT_400_CHARS;TSV_WRITE_NORMALISES_TAB_AND_NEWLINE;ORIGINAL_RETRIEVABLE_ONLY_VIA_leaf_claim_locator	220	NO	NO	CONFIRMED	LEAF_WITHIN_RECORD_RELATION	BLZ945 single agent	NOT_CONTROL_CONFIRMED	UNKNOWN	CHANGED_CLASS:NOT_CONTROL_ASSERTED->UNKNOWN	BLZ945 1200 mg once per day administered for 4 days and suspended for 10 days	NEWLINE_TO_SPACE;CUT_AT_400_CHARS;TSV_WRITE_NORMALISES_TAB_AND_NEWLINE;ORIGINAL_RETRIEVABLE_ONLY_VIA_the cached source record	77
NCT02829723	Phase I: Best Overall Response (BOR) With Confirmation Per RECIST v1.1	Phase I: BLZ945 600 mg Q1W BID	1	2014_2017	bor	2	25	ALL_ARMS_NON_CONTROL_TYPED	EXPERIMENTAL | EXPERIMENTAL	PROPOSED	LEAF_CLAIM_NOT_VERIFIABLE_FROM_EXACT_SOURCE_FIELDS	DELIVERED_LEAF:LEAF-QD-group2.tsv	LEAF-OUT/LEAF-QD-group2.tsv:line 54; candidate protocolSection.armsInterventionsModule.armGroups[0].label	1	0	BLZ945 single agent	EXPERIMENTAL									UNKNOWN_IN_THIS_CACHE	no source-field-matched arm link and no comparator wording in the group record			NOT_ESTABLISHED_REGISTRY_JOIN_FIELDS_ABSENT_FROM_THIS_CACHE	ALL_REGISTERED_ARMS_NON_COMPARATOR_TYPED_CONDITIONAL	ASSUMES_THIS_RESULTS_GROUP_IS_A_SUBSET_OF_THE_REGISTERED_ARM_SET_MEMBERSHIP_UNPROVED		LEAF_LABEL_RESOLVES_UNIQUELY	BLZ945 single agent	LEAF-OUT/LEAF-QD-group2.tsv:line 54	RETAINED_UNVERIFIED_WITH_LOCATOR		armGroups[].description: [0]='BLZ945 administered as single agent' vs [1]='BLZ945 administered in combination with PDR001'; the group title/description states presence or absence of PDR001, and only 2 arms are registered	NEWLINE_TO_SPACE;CUT_AT_400_CHARS;TSV_WRITE_NORMALISES_TAB_AND_NEWLINE;ORIGINAL_RETRIEVABLE_ONLY_VIA_leaf_claim_locator	220	NO	NO	CONFIRMED	LEAF_WITHIN_RECORD_RELATION	BLZ945 single agent	NOT_CONTROL_CONFIRMED	UNKNOWN	CHANGED_CLASS:NOT_CONTROL_ASSERTED->UNKNOWN	BLZ945 600 mg twice per day once weekly	NEWLINE_TO_SPACE;CUT_AT_400_CHARS;TSV_WRITE_NORMALISES_TAB_AND_NEWLINE;ORIGINAL_RETRIEVABLE_ONLY_VIA_the cached source record	39
NCT02829723	Phase I: Best Overall Response (BOR) With Confirmation Per RECIST v1.1	Phase I: BLZ945 600 mg 4d on/10d Off BID	3	2014_2017	bor	2	25	ALL_ARMS_NON_CONTROL_TYPED	EXPERIMENTAL | EXPERIMENTAL	PROPOSED	LEAF_CLAIM_NOT_VERIFIABLE_FROM_EXACT_SOURCE_FIELDS	DELIVERED_LEAF:LEAF-QD-group2.tsv	LEAF-OUT/LEAF-QD-group2.tsv:line 55; candidate protocolSection.armsInterventionsModule.armGroups[0].label	1	0	BLZ945 single agent	EXPERIMENTAL									UNKNOWN_IN_THIS_CACHE	no source-field-matched arm link and no comparator wording in the group record			NOT_ESTABLISHED_REGISTRY_JOIN_FIELDS_ABSENT_FROM_THIS_CACHE	ALL_REGISTERED_ARMS_NON_COMPARATOR_TYPED_CONDITIONAL	ASSUMES_THIS_RESULTS_GROUP_IS_A_SUBSET_OF_THE_REGISTERED_ARM_SET_MEMBERSHIP_UNPROVED		LEAF_LABEL_RESOLVES_UNIQUELY	BLZ945 single agent	LEAF-OUT/LEAF-QD-group2.tsv:line 55	RETAINED_UNVERIFIED_WITH_LOCATOR		armGroups[].description: [0]='BLZ945 administered as single agent' vs [1]='BLZ945 administered in combination with PDR001'; the group title/description states presence or absence of PDR001, and only 2 arms are registered	NEWLINE_TO_SPACE;CUT_AT_400_CHARS;TSV_WRITE_NORMALISES_TAB_AND_NEWLINE;ORIGINAL_RETRIEVABLE_ONLY_VIA_leaf_claim_locator	220	NO	NO	CONFIRMED	LEAF_WITHIN_RECORD_RELATION	BLZ945 single agent	NOT_CONTROL_CONFIRMED	UNKNOWN	CHANGED_CLASS:NOT_CONTROL_ASSERTED->UNKNOWN	BLZ945 600 mg twice per day administered for 4 days and suspended for 10 days	NEWLINE_TO_SPACE;CUT_AT_400_CHARS;TSV_WRITE_NORMALISES_TAB_AND_NEWLINE;ORIGINAL_RETRIEVABLE_ONLY_VIA_the cached source record	77
NCT02829723	Phase I: Best Overall Response (BOR) With Confirmation Per RECIST v1.1	Phase I: BLZ945 150 mg Q1W QD + PDR001 400 mg Q4W	4	2014_2017	bor	2	25	ALL_ARMS_NON_CONTROL_TYPED	EXPERIMENTAL | EXPERIMENTAL	PROPOSED	LEAF_CLAIM_NOT_VERIFIABLE_FROM_EXACT_SOURCE_FIELDS	DELIVERED_LEAF:LEAF-QD-group2.tsv	LEAF-OUT/LEAF-QD-group2.tsv:line 56; candidate protocolSection.armsInterventionsModule.armGroups[1].label	1	1	BLZ945 + PDR001	EXPERIMENTAL									UNKNOWN_IN_THIS_CACHE	no source-field-matched arm link and no comparator wording in the group record			NOT_ESTABLISHED_REGISTRY_JOIN_FIELDS_ABSENT_FROM_THIS_CACHE	ALL_REGISTERED_ARMS_NON_COMPARATOR_TYPED_CONDITIONAL	ASSUMES_THIS_RESULTS_GROUP_IS_A_SUBSET_OF_THE_REGISTERED_ARM_SET_MEMBERSHIP_UNPROVED		LEAF_LABEL_RESOLVES_UNIQUELY	BLZ945 + PDR001	LEAF-OUT/LEAF-QD-group2.tsv:line 56	RETAINED_UNVERIFIED_WITH_LOCATOR		armGroups[].description: [0]='BLZ945 administered as single agent' vs [1]='BLZ945 administered in combination with PDR001'; the group title/description states presence or absence of PDR001, and only 2 arms are registered	NEWLINE_TO_SPACE;CUT_AT_400_CHARS;TSV_WRITE_NORMALISES_TAB_AND_NEWLINE;ORIGINAL_RETRIEVABLE_ONLY_VIA_leaf_claim_locator	220	NO	NO	CONFIRMED	LEAF_WITHIN_RECORD_RELATION	BLZ945 + PDR001	NOT_CONTROL_CONFIRMED	UNKNOWN	CHANGED_CLASS:NOT_CONTROL_ASSERTED->UNKNOWN	BLZ945 150 mg once per day once weekly in combination with PDR001 400 mg every 4 weeks	NEWLINE_TO_SPACE;CUT_AT_400_CHARS;TSV_WRITE_NORMALISES_TAB_AND_NEWLINE;ORIGINAL_RETRIEVABLE_ONLY_VIA_the cached source record	86
NCT02829723	Phase I: Best Overall Response (BOR) With Confirmation Per RECIST v1.1	Phase I: BLZ945 300 mg Q1W QD + PDR001 400 mg Q4W	5	2014_2017	bor	2	25	ALL_ARMS_NON_CONTROL_TYPED	EXPERIMENTAL | EXPERIMENTAL	PROPOSED	LEAF_CLAIM_NOT_VERIFIABLE_FROM_EXACT_SOURCE_FIELDS	DELIVERED_LEAF:LEAF-QD-group2.tsv	LEAF-OUT/LEAF-QD-group2.tsv:line 57; candidate protocolSection.armsInterventionsModule.armGroups[1].label	1	1	BLZ945 + PDR001	EXPERIMENTAL									UNKNOWN_IN_THIS_CACHE	no source-field-matched arm link and no comparator wording in the group record			NOT_ESTABLISHED_REGISTRY_JOIN_FIELDS_ABSENT_FROM_THIS_CACHE	ALL_REGISTERED_ARMS_NON_COMPARATOR_TYPED_CONDITIONAL	ASSUMES_THIS_RESULTS_GROUP_IS_A_SUBSET_OF_THE_REGISTERED_ARM_SET_MEMBERSHIP_UNPROVED		LEAF_LABEL_RESOLVES_UNIQUELY	BLZ945 + PDR001	LEAF-OUT/LEAF-QD-group2.tsv:line 57	RETAINED_UNVERIFIED_WITH_LOCATOR		armGroups[].description: [0]='BLZ945 administered as single agent' vs [1]='BLZ945 administered in combination with PDR001'; the group title/description states presence or absence of PDR001, and only 2 arms are registered	NEWLINE_TO_SPACE;CUT_AT_400_CHARS;TSV_WRITE_NORMALISES_TAB_AND_NEWLINE;ORIGINAL_RETRIEVABLE_ONLY_VIA_leaf_claim_locator	220	NO	NO	CONFIRMED	LEAF_WITHIN_RECORD_RELATION	BLZ945 + PDR001	NOT_CONTROL_CONFIRMED	UNKNOWN	CHANGED_CLASS:NOT_CONTROL_ASSERTED->UNKNOWN	BLZ945 300 mg once per day once weekly in combination with PDR001 400 mg every 4 weeks	NEWLINE_TO_SPACE;CUT_AT_400_CHARS;TSV_WRITE_NORMALISES_TAB_AND_NEWLINE;ORIGINAL_RETRIEVABLE_ONLY_VIA_the cached source record	86
NCT02829723	Phase I: Best Overall Response (BOR) With Confirmation Per RECIST v1.1	Phase I: BLZ945 600 mg Q1W QD + PDR001 400 mg Q4W	7	2014_2017	bor	2	25	ALL_ARMS_NON_CONTROL_TYPED	EXPERIMENTAL | EXPERIMENTAL	PROPOSED	LEAF_CLAIM_NOT_VERIFIABLE_FROM_EXACT_SOURCE_FIELDS	DELIVERED_LEAF:LEAF-QD-group2.tsv	LEAF-OUT/LEAF-QD-group2.tsv:line 58; candidate protocolSection.armsInterventionsModule.armGroups[1].label	1	1	BLZ945 + PDR001	EXPERIMENTAL									UNKNOWN_IN_THIS_CACHE	no source-field-matched arm link and no comparator wording in the group record			NOT_ESTABLISHED_REGISTRY_JOIN_FIELDS_ABSENT_FROM_THIS_CACHE	ALL_REGISTERED_ARMS_NON_COMPARATOR_TYPED_CONDITIONAL	ASSUMES_THIS_RESULTS_GROUP_IS_A_SUBSET_OF_THE_REGISTERED_ARM_SET_MEMBERSHIP_UNPROVED		LEAF_LABEL_RESOLVES_UNIQUELY	BLZ945 + PDR001	LEAF-OUT/LEAF-QD-group2.tsv:line 58	RETAINED_UNVERIFIED_WITH_LOCATOR		armGroups[].description: [0]='BLZ945 administered as single agent' vs [1]='BLZ945 administered in combination with PDR001'; the group title/description states presence or absence of PDR001, and only 2 arms are registered	NEWLINE_TO_SPACE;CUT_AT_400_CHARS;TSV_WRITE_NORMALISES_TAB_AND_NEWLINE;ORIGINAL_RETRIEVABLE_ONLY_VIA_leaf_claim_locator	220	NO	NO	CONFIRMED	LEAF_WITHIN_RECORD_RELATION	BLZ945 + PDR001	NOT_CONTROL_CONFIRMED	UNKNOWN	CHANGED_CLASS:NOT_CONTROL_ASSERTED->UNKNOWN	BLZ945 600 mg once per day once weekly in combination with PDR001 400 mg every 4 weeks	NEWLINE_TO_SPACE;CUT_AT_400_CHARS;TSV_WRITE_NORMALISES_TAB_AND_NEWLINE;ORIGINAL_RETRIEVABLE_ONLY_VIA_the cached source record	86
NCT02829723	Phase I: Best Overall Response (BOR) With Confirmation Per RECIST v1.1	Phase I: BLZ945 1000 mg Q1W QD + PDR001 400 mg Q4W	4	2014_2017	bor	2	25	ALL_ARMS_NON_CONTROL_TYPED	EXPERIMENTAL | EXPERIMENTAL	PROPOSED	LEAF_CLAIM_NOT_VERIFIABLE_FROM_EXACT_SOURCE_FIELDS	DELIVERED_LEAF:LEAF-QD-group2.tsv	LEAF-OUT/LEAF-QD-group2.tsv:line 59; candidate protocolSection.armsInterventionsModule.armGroups[1].label	1	1	BLZ945 + PDR001	EXPERIMENTAL									UNKNOWN_IN_THIS_CACHE	no source-field-matched arm link and no comparator wording in the group record			NOT_ESTABLISHED_REGISTRY_JOIN_FIELDS_ABSENT_FROM_THIS_CACHE	ALL_REGISTERED_ARMS_NON_COMPARATOR_TYPED_CONDITIONAL	ASSUMES_THIS_RESULTS_GROUP_IS_A_SUBSET_OF_THE_REGISTERED_ARM_SET_MEMBERSHIP_UNPROVED		LEAF_LABEL_RESOLVES_UNIQUELY	BLZ945 + PDR001	LEAF-OUT/LEAF-QD-group2.tsv:line 59	RETAINED_UNVERIFIED_WITH_LOCATOR		armGroups[].description: [0]='BLZ945 administered as single agent' vs [1]='BLZ945 administered in combination with PDR001'; the group title/description states presence or absence of PDR001, and only 2 arms are registered	NEWLINE_TO_SPACE;CUT_AT_400_CHARS;TSV_WRITE_NORMALISES_TAB_AND_NEWLINE;ORIGINAL_RETRIEVABLE_ONLY_VIA_leaf_claim_locator	220	NO	NO	CONFIRMED	LEAF_WITHIN_RECORD_RELATION	BLZ945 + PDR001	NOT_CONTROL_CONFIRMED	UNKNOWN	CHANGED_CLASS:NOT_CONTROL_ASSERTED->UNKNOWN	BLZ945 1000 mg once per day once weekly in combination with PDR001 400 mg every 4 weeks	NEWLINE_TO_SPACE;CUT_AT_400_CHARS;TSV_WRITE_NORMALISES_TAB_AND_NEWLINE;ORIGINAL_RETRIEVABLE_ONLY_VIA_the cached source record	87
NCT02829723	Phase I: Best Overall Response (BOR) With Confirmation Per RECIST v1.1	Phase I: BLZ945 1400 mg Q1W QD + PDR001 400 mg Q4W	5	2014_2017	bor	2	25	ALL_ARMS_NON_CONTROL_TYPED	EXPERIMENTAL | EXPERIMENTAL	PROPOSED	LEAF_CLAIM_NOT_VERIFIABLE_FROM_EXACT_SOURCE_FIELDS	DELIVERED_LEAF:LEAF-QD-group2.tsv	LEAF-OUT/LEAF-QD-group2.tsv:line 60; candidate protocolSection.armsInterventionsModule.armGroups[1].label	1	1	BLZ945 + PDR001	EXPERIMENTAL									UNKNOWN_IN_THIS_CACHE	no source-field-matched arm link and no comparator wording in the group record			NOT_ESTABLISHED_REGISTRY_JOIN_FIELDS_ABSENT_FROM_THIS_CACHE	ALL_REGISTERED_ARMS_NON_COMPARATOR_TYPED_CONDITIONAL	ASSUMES_THIS_RESULTS_GROUP_IS_A_SUBSET_OF_THE_REGISTERED_ARM_SET_MEMBERSHIP_UNPROVED		LEAF_LABEL_RESOLVES_UNIQUELY	BLZ945 + PDR001	LEAF-OUT/LEAF-QD-group2.tsv:line 60	RETAINED_UNVERIFIED_WITH_LOCATOR		armGroups[].description: [0]='BLZ945 administered as single agent' vs [1]='BLZ945 administered in combination with PDR001'; the group title/description states presence or absence of PDR001, and only 2 arms are registered	NEWLINE_TO_SPACE;CUT_AT_400_CHARS;TSV_WRITE_NORMALISES_TAB_AND_NEWLINE;ORIGINAL_RETRIEVABLE_ONLY_VIA_leaf_claim_locator	220	NO	NO	CONFIRMED	LEAF_WITHIN_RECORD_RELATION	BLZ945 + PDR001	NOT_CONTROL_CONFIRMED	UNKNOWN	CHANGED_CLASS:NOT_CONTROL_ASSERTED->UNKNOWN	BLZ945 1400 mg once per day once weekly in combination with PDR001 400 mg every 4 weeks	NEWLINE_TO_SPACE;CUT_AT_400_CHARS;TSV_WRITE_NORMALISES_TAB_AND_NEWLINE;ORIGINAL_RETRIEVABLE_ONLY_VIA_the cached source record	87
NCT02829723	Phase I: Best Overall Response (BOR) With Confirmation Per RECIST v1.1	Phase I: BLZ945 300 mg 4d on/10d Off QD + PDR001 400 mg Q4W	3	2014_2017	bor	2	25	ALL_ARMS_NON_CONTROL_TYPED	EXPERIMENTAL | EXPERIMENTAL	PROPOSED	LEAF_CLAIM_NOT_VERIFIABLE_FROM_EXACT_SOURCE_FIELDS	DELIVERED_LEAF:LEAF-QD-group2.tsv	LEAF-OUT/LEAF-QD-group2.tsv:line 61; candidate protocolSection.armsInterventionsModule.armGroups[1].label	1	1	BLZ945 + PDR001	EXPERIMENTAL									UNKNOWN_IN_THIS_CACHE	no source-field-matched arm link and no comparator wording in the group record			NOT_ESTABLISHED_REGISTRY_JOIN_FIELDS_ABSENT_FROM_THIS_CACHE	ALL_REGISTERED_ARMS_NON_COMPARATOR_TYPED_CONDITIONAL	ASSUMES_THIS_RESULTS_GROUP_IS_A_SUBSET_OF_THE_REGISTERED_ARM_SET_MEMBERSHIP_UNPROVED		LEAF_LABEL_RESOLVES_UNIQUELY	BLZ945 + PDR001	LEAF-OUT/LEAF-QD-group2.tsv:line 61	RETAINED_UNVERIFIED_WITH_LOCATOR		armGroups[].description: [0]='BLZ945 administered as single agent' vs [1]='BLZ945 administered in combination with PDR001'; the group title/description states presence or absence of PDR001, and only 2 arms are registered	NEWLINE_TO_SPACE;CUT_AT_400_CHARS;TSV_WRITE_NORMALISES_TAB_AND_NEWLINE;ORIGINAL_RETRIEVABLE_ONLY_VIA_leaf_claim_locator	220	NO	NO	CONFIRMED	LEAF_WITHIN_RECORD_RELATION	BLZ945 + PDR001	NOT_CONTROL_CONFIRMED	UNKNOWN	CHANGED_CLASS:NOT_CONTROL_ASSERTED->UNKNOWN	BLZ945 300 mg once per day administered for 4 days and suspended for 10 days in combination with PDR001 400 mg every 4 weeks	NEWLINE_TO_SPACE;CUT_AT_400_CHARS;TSV_WRITE_NORMALISES_TAB_AND_NEWLINE;ORIGINAL_RETRIEVABLE_ONLY_VIA_the cached source record	124
NCT02829723	Phase I: Best Overall Response (BOR) With Confirmation Per RECIST v1.1	Phase I: BLZ945 450 mg 4d on/10d Off QD + PDR001 400 mg Q4W	5	2014_2017	bor	2	25	ALL_ARMS_NON_CONTROL_TYPED	EXPERIMENTAL | EXPERIMENTAL	PROPOSED	LEAF_CLAIM_NOT_VERIFIABLE_FROM_EXACT_SOURCE_FIELDS	DELIVERED_LEAF:LEAF-QD-group2.tsv	LEAF-OUT/LEAF-QD-group2.tsv:line 62; candidate protocolSection.armsInterventionsModule.armGroups[1].label	1	1	BLZ945 + PDR001	EXPERIMENTAL									UNKNOWN_IN_THIS_CACHE	no source-field-matched arm link and no comparator wording in the group record			NOT_ESTABLISHED_REGISTRY_JOIN_FIELDS_ABSENT_FROM_THIS_CACHE	ALL_REGISTERED_ARMS_NON_COMPARATOR_TYPED_CONDITIONAL	ASSUMES_THIS_RESULTS_GROUP_IS_A_SUBSET_OF_THE_REGISTERED_ARM_SET_MEMBERSHIP_UNPROVED		LEAF_LABEL_RESOLVES_UNIQUELY	BLZ945 + PDR001	LEAF-OUT/LEAF-QD-group2.tsv:line 62	RETAINED_UNVERIFIED_WITH_LOCATOR		armGroups[].description: [0]='BLZ945 administered as single agent' vs [1]='BLZ945 administered in combination with PDR001'; the group title/description states presence or absence of PDR001, and only 2 arms are registered	NEWLINE_TO_SPACE;CUT_AT_400_CHARS;TSV_WRITE_NORMALISES_TAB_AND_NEWLINE;ORIGINAL_RETRIEVABLE_ONLY_VIA_leaf_claim_locator	220	NO	NO	CONFIRMED	LEAF_WITHIN_RECORD_RELATION	BLZ945 + PDR001	NOT_CONTROL_CONFIRMED	UNKNOWN	CHANGED_CLASS:NOT_CONTROL_ASSERTED->UNKNOWN	BLZ945 450 mg once per day administered for 4 days and suspended for 10 days in combination with PDR001 400 mg every 4 weeks	NEWLINE_TO_SPACE;CUT_AT_400_CHARS;TSV_WRITE_NORMALISES_TAB_AND_NEWLINE;ORIGINAL_RETRIEVABLE_ONLY_VIA_the cached source record	124
NCT02829723	Phase I: Best Overall Response (BOR) With Confirmation Per RECIST v1.1	Phase I: BLZ945 700 mg 4d on/10d Off QD + PDR001 400 mg Q4W	4	2014_2017	bor	2	25	ALL_ARMS_NON_CONTROL_TYPED	EXPERIMENTAL | EXPERIMENTAL	PROPOSED	LEAF_CLAIM_NOT_VERIFIABLE_FROM_EXACT_SOURCE_FIELDS	DELIVERED_LEAF:LEAF-QD-group2.tsv	LEAF-OUT/LEAF-QD-group2.tsv:line 63; candidate protocolSection.armsInterventionsModule.armGroups[1].label	1	1	BLZ945 + PDR001	EXPERIMENTAL									UNKNOWN_IN_THIS_CACHE	no source-field-matched arm link and no comparator wording in the group record			NOT_ESTABLISHED_REGISTRY_JOIN_FIELDS_ABSENT_FROM_THIS_CACHE	ALL_REGISTERED_ARMS_NON_COMPARATOR_TYPED_CONDITIONAL	ASSUMES_THIS_RESULTS_GROUP_IS_A_SUBSET_OF_THE_REGISTERED_ARM_SET_MEMBERSHIP_UNPROVED		LEAF_LABEL_RESOLVES_UNIQUELY	BLZ945 + PDR001	LEAF-OUT/LEAF-QD-group2.tsv:line 63	RETAINED_UNVERIFIED_WITH_LOCATOR		armGroups[].description: [0]='BLZ945 administered as single agent' vs [1]='BLZ945 administered in combination with PDR001'; the group title/description states presence or absence of PDR001, and only 2 arms are registered	NEWLINE_TO_SPACE;CUT_AT_400_CHARS;TSV_WRITE_NORMALISES_TAB_AND_NEWLINE;ORIGINAL_RETRIEVABLE_ONLY_VIA_leaf_claim_locator	220	NO	NO	CONFIRMED	LEAF_WITHIN_RECORD_RELATION	BLZ945 + PDR001	NOT_CONTROL_CONFIRMED	UNKNOWN	CHANGED_CLASS:NOT_CONTROL_ASSERTED->UNKNOWN	BLZ945 700 mg once per day administered for 4 days and suspended for 10 days in combination with PDR001 400 mg every 4 weeks	NEWLINE_TO_SPACE;CUT_AT_400_CHARS;TSV_WRITE_NORMALISES_TAB_AND_NEWLINE;ORIGINAL_RETRIEVABLE_ONLY_VIA_the cached source record	124
NCT02829723	Phase I: Best Overall Response (BOR) With Confirmation Per RECIST v1.1	Phase I: BLZ945 1200 mg 4d on/10d Off QD + PDR001 400 mg Q4W	2	2014_2017	bor	2	25	ALL_ARMS_NON_CONTROL_TYPED	EXPERIMENTAL | EXPERIMENTAL	PROPOSED	LEAF_CLAIM_NOT_VERIFIABLE_FROM_EXACT_SOURCE_FIELDS	DELIVERED_LEAF:LEAF-QD-group2.tsv	LEAF-OUT/LEAF-QD-group2.tsv:line 64; candidate protocolSection.armsInterventionsModule.armGroups[1].label	1	1	BLZ945 + PDR001	EXPERIMENTAL									UNKNOWN_IN_THIS_CACHE	no source-field-matched arm link and no comparator wording in the group record			NOT_ESTABLISHED_REGISTRY_JOIN_FIELDS_ABSENT_FROM_THIS_CACHE	ALL_REGISTERED_ARMS_NON_COMPARATOR_TYPED_CONDITIONAL	ASSUMES_THIS_RESULTS_GROUP_IS_A_SUBSET_OF_THE_REGISTERED_ARM_SET_MEMBERSHIP_UNPROVED		LEAF_LABEL_RESOLVES_UNIQUELY	BLZ945 + PDR001	LEAF-OUT/LEAF-QD-group2.tsv:line 64	RETAINED_UNVERIFIED_WITH_LOCATOR		armGroups[].description: [0]='BLZ945 administered as single agent' vs [1]='BLZ945 administered in combination with PDR001'; the group title/description states presence or absence of PDR001, and only 2 arms are registered	NEWLINE_TO_SPACE;CUT_AT_400_CHARS;TSV_WRITE_NORMALISES_TAB_AND_NEWLINE;ORIGINAL_RETRIEVABLE_ONLY_VIA_leaf_claim_locator	220	NO	NO	CONFIRMED	LEAF_WITHIN_RECORD_RELATION	BLZ945 + PDR001	NOT_CONTROL_CONFIRMED	UNKNOWN	CHANGED_CLASS:NOT_CONTROL_ASSERTED->UNKNOWN	BLZ945 1200 mg once per day administered for 4 days and suspended for 10 days in combination with PDR001 400 mg every 4 weeks	NEWLINE_TO_SPACE;CUT_AT_400_CHARS;TSV_WRITE_NORMALISES_TAB_AND_NEWLINE;ORIGINAL_RETRIEVABLE_ONLY_VIA_the cached source record	125
NCT02829723	Phase I: Best Overall Response (BOR) With Confirmation Per RECIST v1.1	Phase I: BLZ945 600 mg Q1W BID + PDR001 400 mg Q4W	5	2014_2017	bor	2	25	ALL_ARMS_NON_CONTROL_TYPED	EXPERIMENTAL | EXPERIMENTAL	PROPOSED	LEAF_CLAIM_NOT_VERIFIABLE_FROM_EXACT_SOURCE_FIELDS	DELIVERED_LEAF:LEAF-QD-group2.tsv	LEAF-OUT/LEAF-QD-group2.tsv:line 65; candidate protocolSection.armsInterventionsModule.armGroups[1].label	1	1	BLZ945 + PDR001	EXPERIMENTAL									UNKNOWN_IN_THIS_CACHE	no source-field-matched arm link and no comparator wording in the group record			NOT_ESTABLISHED_REGISTRY_JOIN_FIELDS_ABSENT_FROM_THIS_CACHE	ALL_REGISTERED_ARMS_NON_COMPARATOR_TYPED_CONDITIONAL	ASSUMES_THIS_RESULTS_GROUP_IS_A_SUBSET_OF_THE_REGISTERED_ARM_SET_MEMBERSHIP_UNPROVED		LEAF_LABEL_RESOLVES_UNIQUELY	BLZ945 + PDR001	LEAF-OUT/LEAF-QD-group2.tsv:line 65	RETAINED_UNVERIFIED_WITH_LOCATOR		armGroups[].description: [0]='BLZ945 administered as single agent' vs [1]='BLZ945 administered in combination with PDR001'; the group title/description states presence or absence of PDR001, and only 2 arms are registered	NEWLINE_TO_SPACE;CUT_AT_400_CHARS;TSV_WRITE_NORMALISES_TAB_AND_NEWLINE;ORIGINAL_RETRIEVABLE_ONLY_VIA_leaf_claim_locator	220	NO	NO	CONFIRMED	LEAF_WITHIN_RECORD_RELATION	BLZ945 + PDR001	NOT_CONTROL_CONFIRMED	UNKNOWN	CHANGED_CLASS:NOT_CONTROL_ASSERTED->UNKNOWN	BLZ945 600 mg twice per day once weekly in combination with PDR001 400 mg every 4 weeks	NEWLINE_TO_SPACE;CUT_AT_400_CHARS;TSV_WRITE_NORMALISES_TAB_AND_NEWLINE;ORIGINAL_RETRIEVABLE_ONLY_VIA_the cached source record	87
NCT02829723	Phase I: Best Overall Response (BOR) With Confirmation Per RECIST v1.1	Phase I: BLZ945 800 mg Q1W BID + PDR001 400 mg Q4W	3	2014_2017	bor	2	25	ALL_ARMS_NON_CONTROL_TYPED	EXPERIMENTAL | EXPERIMENTAL	PROPOSED	LEAF_CLAIM_NOT_VERIFIABLE_FROM_EXACT_SOURCE_FIELDS	DELIVERED_LEAF:LEAF-QD-group2.tsv	LEAF-OUT/LEAF-QD-group2.tsv:line 66; candidate protocolSection.armsInterventionsModule.armGroups[1].label	1	1	BLZ945 + PDR001	EXPERIMENTAL									UNKNOWN_IN_THIS_CACHE	no source-field-matched arm link and no comparator wording in the group record			NOT_ESTABLISHED_REGISTRY_JOIN_FIELDS_ABSENT_FROM_THIS_CACHE	ALL_REGISTERED_ARMS_NON_COMPARATOR_TYPED_CONDITIONAL	ASSUMES_THIS_RESULTS_GROUP_IS_A_SUBSET_OF_THE_REGISTERED_ARM_SET_MEMBERSHIP_UNPROVED		LEAF_LABEL_RESOLVES_UNIQUELY	BLZ945 + PDR001	LEAF-OUT/LEAF-QD-group2.tsv:line 66	RETAINED_UNVERIFIED_WITH_LOCATOR		armGroups[].description: [0]='BLZ945 administered as single agent' vs [1]='BLZ945 administered in combination with PDR001'; the group title/description states presence or absence of PDR001, and only 2 arms are registered	NEWLINE_TO_SPACE;CUT_AT_400_CHARS;TSV_WRITE_NORMALISES_TAB_AND_NEWLINE;ORIGINAL_RETRIEVABLE_ONLY_VIA_leaf_claim_locator	220	NO	NO	CONFIRMED	LEAF_WITHIN_RECORD_RELATION	BLZ945 + PDR001	NOT_CONTROL_CONFIRMED	UNKNOWN	CHANGED_CLASS:NOT_CONTROL_ASSERTED->UNKNOWN	BLZ945 800 mg twice per day once weekly in combination with PDR001 400 mg every 4 weeks	NEWLINE_TO_SPACE;CUT_AT_400_CHARS;TSV_WRITE_NORMALISES_TAB_AND_NEWLINE;ORIGINAL_RETRIEVABLE_ONLY_VIA_the cached source record	87
NCT02829723	Phase I: Best Overall Response (BOR) With Confirmation Per irRC	Phase I: BLZ945 150 mg 7d on/7d Off QD	4	2014_2017	bor	2	25	ALL_ARMS_NON_CONTROL_TYPED	EXPERIMENTAL | EXPERIMENTAL	PROPOSED	LEAF_CLAIM_NOT_VERIFIABLE_FROM_EXACT_SOURCE_FIELDS	DELIVERED_LEAF:LEAF-QD-group2.tsv	LEAF-OUT/LEAF-QD-group2.tsv:line 67; candidate protocolSection.armsInterventionsModule.armGroups[0].label	1	0	BLZ945 single agent	EXPERIMENTAL									UNKNOWN_IN_THIS_CACHE	no source-field-matched arm link and no comparator wording in the group record			NOT_ESTABLISHED_REGISTRY_JOIN_FIELDS_ABSENT_FROM_THIS_CACHE	ALL_REGISTERED_ARMS_NON_COMPARATOR_TYPED_CONDITIONAL	ASSUMES_THIS_RESULTS_GROUP_IS_A_SUBSET_OF_THE_REGISTERED_ARM_SET_MEMBERSHIP_UNPROVED		LEAF_LABEL_RESOLVES_UNIQUELY	BLZ945 single agent	LEAF-OUT/LEAF-QD-group2.tsv:line 67	RETAINED_UNVERIFIED_WITH_LOCATOR		armGroups[].description: [0]='BLZ945 administered as single agent' vs [1]='BLZ945 administered in combination with PDR001'; the group title/description states presence or absence of PDR001, and only 2 arms are registered	NEWLINE_TO_SPACE;CUT_AT_400_CHARS;TSV_WRITE_NORMALISES_TAB_AND_NEWLINE;ORIGINAL_RETRIEVABLE_ONLY_VIA_leaf_claim_locator	220	NO	NO	CONFIRMED	LEAF_WITHIN_RECORD_RELATION	BLZ945 single agent	NOT_CONTROL_CONFIRMED	UNKNOWN	CHANGED_CLASS:NOT_CONTROL_ASSERTED->UNKNOWN	BLZ945 150 mg once per day administered for 7 days and suspended for 7 days	NEWLINE_TO_SPACE;CUT_AT_400_CHARS;TSV_WRITE_NORMALISES_TAB_AND_NEWLINE;ORIGINAL_RETRIEVABLE_ONLY_VIA_the cached source record	75
NCT02829723	Phase I: Best Overall Response (BOR) With Confirmation Per irRC	Phase I: BLZ945 300 mg 7d on/7d Off QD	7	2014_2017	bor	2	25	ALL_ARMS_NON_CONTROL_TYPED	EXPERIMENTAL | EXPERIMENTAL	PROPOSED	LEAF_CLAIM_NOT_VERIFIABLE_FROM_EXACT_SOURCE_FIELDS	DELIVERED_LEAF:LEAF-QD-group2.tsv	LEAF-OUT/LEAF-QD-group2.tsv:line 68; candidate protocolSection.armsInterventionsModule.armGroups[0].label	1	0	BLZ945 single agent	EXPERIMENTAL									UNKNOWN_IN_THIS_CACHE	no source-field-matched arm link and no comparator wording in the group record			NOT_ESTABLISHED_REGISTRY_JOIN_FIELDS_ABSENT_FROM_THIS_CACHE	ALL_REGISTERED_ARMS_NON_COMPARATOR_TYPED_CONDITIONAL	ASSUMES_THIS_RESULTS_GROUP_IS_A_SUBSET_OF_THE_REGISTERED_ARM_SET_MEMBERSHIP_UNPROVED		LEAF_LABEL_RESOLVES_UNIQUELY	BLZ945 single agent	LEAF-OUT/LEAF-QD-group2.tsv:line 68	RETAINED_UNVERIFIED_WITH_LOCATOR		armGroups[].description: [0]='BLZ945 administered as single agent' vs [1]='BLZ945 administered in combination with PDR001'; the group title/description states presence or absence of PDR001, and only 2 arms are registered	NEWLINE_TO_SPACE;CUT_AT_400_CHARS;TSV_WRITE_NORMALISES_TAB_AND_NEWLINE;ORIGINAL_RETRIEVABLE_ONLY_VIA_leaf_claim_locator	220	NO	NO	CONFIRMED	LEAF_WITHIN_RECORD_RELATION	BLZ945 single agent	NOT_CONTROL_CONFIRMED	UNKNOWN	CHANGED_CLASS:NOT_CONTROL_ASSERTED->UNKNOWN	BLZ945 300 mg once per day administered for 7 days and suspended for 7 days	NEWLINE_TO_SPACE;CUT_AT_400_CHARS;TSV_WRITE_NORMALISES_TAB_AND_NEWLINE;ORIGINAL_RETRIEVABLE_ONLY_VIA_the cached source record	75
NCT02829723	Phase I: Best Overall Response (BOR) With Confirmation Per irRC	Phase I: BLZ945 300 mg Q1W QD	5	2014_2017	bor	2	25	ALL_ARMS_NON_CONTROL_TYPED	EXPERIMENTAL | EXPERIMENTAL	PROPOSED	LEAF_CLAIM_NOT_VERIFIABLE_FROM_EXACT_SOURCE_FIELDS	DELIVERED_LEAF:LEAF-QD-group2.tsv	LEAF-OUT/LEAF-QD-group2.tsv:line 69; candidate protocolSection.armsInterventionsModule.armGroups[0].label	1	0	BLZ945 single agent	EXPERIMENTAL									UNKNOWN_IN_THIS_CACHE	no source-field-matched arm link and no comparator wording in the group record			NOT_ESTABLISHED_REGISTRY_JOIN_FIELDS_ABSENT_FROM_THIS_CACHE	ALL_REGISTERED_ARMS_NON_COMPARATOR_TYPED_CONDITIONAL	ASSUMES_THIS_RESULTS_GROUP_IS_A_SUBSET_OF_THE_REGISTERED_ARM_SET_MEMBERSHIP_UNPROVED		LEAF_LABEL_RESOLVES_UNIQUELY	BLZ945 single agent	LEAF-OUT/LEAF-QD-group2.tsv:line 69	RETAINED_UNVERIFIED_WITH_LOCATOR		armGroups[].description: [0]='BLZ945 administered as single agent' vs [1]='BLZ945 administered in combination with PDR001'; the group title/description states presence or absence of PDR001, and only 2 arms are registered	NEWLINE_TO_SPACE;CUT_AT_400_CHARS;TSV_WRITE_NORMALISES_TAB_AND_NEWLINE;ORIGINAL_RETRIEVABLE_ONLY_VIA_leaf_claim_locator	220	NO	NO	CONFIRMED	LEAF_WITHIN_RECORD_RELATION	BLZ945 single agent	NOT_CONTROL_CONFIRMED	UNKNOWN	CHANGED_CLASS:NOT_CONTROL_ASSERTED->UNKNOWN	BLZ945 300 mg once per day once weekly	NEWLINE_TO_SPACE;CUT_AT_400_CHARS;TSV_WRITE_NORMALISES_TAB_AND_NEWLINE;ORIGINAL_RETRIEVABLE_ONLY_VIA_the cached source record	38
NCT02829723	Phase I: Best Overall Response (BOR) With Confirmation Per irRC	Phase I: BLZ945 450 mg Q1W QD	4	2014_2017	bor	2	25	ALL_ARMS_NON_CONTROL_TYPED	EXPERIMENTAL | EXPERIMENTAL	PROPOSED	LEAF_CLAIM_NOT_VERIFIABLE_FROM_EXACT_SOURCE_FIELDS	DELIVERED_LEAF:LEAF-QD-group2.tsv	LEAF-OUT/LEAF-QD-group2.tsv:line 70; candidate protocolSection.armsInterventionsModule.armGroups[0].label	1	0	BLZ945 single agent	EXPERIMENTAL									UNKNOWN_IN_THIS_CACHE	no source-field-matched arm link and no comparator wording in the group record			NOT_ESTABLISHED_REGISTRY_JOIN_FIELDS_ABSENT_FROM_THIS_CACHE	ALL_REGISTERED_ARMS_NON_COMPARATOR_TYPED_CONDITIONAL	ASSUMES_THIS_RESULTS_GROUP_IS_A_SUBSET_OF_THE_REGISTERED_ARM_SET_MEMBERSHIP_UNPROVED		LEAF_LABEL_RESOLVES_UNIQUELY	BLZ945 single agent	LEAF-OUT/LEAF-QD-group2.tsv:line 70	RETAINED_UNVERIFIED_WITH_LOCATOR		armGroups[].description: [0]='BLZ945 administered as single agent' vs [1]='BLZ945 administered in combination with PDR001'; the group title/description states presence or absence of PDR001, and only 2 arms are registered	NEWLINE_TO_SPACE;CUT_AT_400_CHARS;TSV_WRITE_NORMALISES_TAB_AND_NEWLINE;ORIGINAL_RETRIEVABLE_ONLY_VIA_leaf_claim_locator	220	NO	NO	CONFIRMED	LEAF_WITHIN_RECORD_RELATION	BLZ945 single agent	NOT_CONTROL_CONFIRMED	UNKNOWN	CHANGED_CLASS:NOT_CONTROL_ASSERTED->UNKNOWN	BLZ945 450 mg once per day once weekly	NEWLINE_TO_SPACE;CUT_AT_400_CHARS;TSV_WRITE_NORMALISES_TAB_AND_NEWLINE;ORIGINAL_RETRIEVABLE_ONLY_VIA_the cached source record	38
NCT02829723	Phase I: Best Overall Response (BOR) With Confirmation Per irRC	Phase I: BLZ945 600 mg Q1W QD	3	2014_2017	bor	2	25	ALL_ARMS_NON_CONTROL_TYPED	EXPERIMENTAL | EXPERIMENTAL	PROPOSED	LEAF_CLAIM_NOT_VERIFIABLE_FROM_EXACT_SOURCE_FIELDS	DELIVERED_LEAF:LEAF-QD-group2.tsv	LEAF-OUT/LEAF-QD-group2.tsv:line 71; candidate protocolSection.armsInterventionsModule.armGroups[0].label	1	0	BLZ945 single agent	EXPERIMENTAL									UNKNOWN_IN_THIS_CACHE	no source-field-matched arm link and no comparator wording in the group record			NOT_ESTABLISHED_REGISTRY_JOIN_FIELDS_ABSENT_FROM_THIS_CACHE	ALL_REGISTERED_ARMS_NON_COMPARATOR_TYPED_CONDITIONAL	ASSUMES_THIS_RESULTS_GROUP_IS_A_SUBSET_OF_THE_REGISTERED_ARM_SET_MEMBERSHIP_UNPROVED		LEAF_LABEL_RESOLVES_UNIQUELY	BLZ945 single agent	LEAF-OUT/LEAF-QD-group2.tsv:line 71	RETAINED_UNVERIFIED_WITH_LOCATOR		armGroups[].description: [0]='BLZ945 administered as single agent' vs [1]='BLZ945 administered in combination with PDR001'; the group title/description states presence or absence of PDR001, and only 2 arms are registered	NEWLINE_TO_SPACE;CUT_AT_400_CHARS;TSV_WRITE_NORMALISES_TAB_AND_NEWLINE;ORIGINAL_RETRIEVABLE_ONLY_VIA_leaf_claim_locator	220	NO	NO	CONFIRMED	LEAF_WITHIN_RECORD_RELATION	BLZ945 single agent	NOT_CONTROL_CONFIRMED	UNKNOWN	CHANGED_CLASS:NOT_CONTROL_ASSERTED->UNKNOWN	BLZ945 600 mg once per day once weekly	NEWLINE_TO_SPACE;CUT_AT_400_CHARS;TSV_WRITE_NORMALISES_TAB_AND_NEWLINE;ORIGINAL_RETRIEVABLE_ONLY_VIA_the cached source record	38
NCT02829723	Phase I: Best Overall Response (BOR) With Confirmation Per irRC	Phase I: BLZ945 1000 mg Q1W QD	5	2014_2017	bor	2	25	ALL_ARMS_NON_CONTROL_TYPED	EXPERIMENTAL | EXPERIMENTAL	PROPOSED	LEAF_CLAIM_NOT_VERIFIABLE_FROM_EXACT_SOURCE_FIELDS	DELIVERED_LEAF:LEAF-QD-group2.tsv	LEAF-OUT/LEAF-QD-group2.tsv:line 72; candidate protocolSection.armsInterventionsModule.armGroups[0].label	1	0	BLZ945 single agent	EXPERIMENTAL									UNKNOWN_IN_THIS_CACHE	no source-field-matched arm link and no comparator wording in the group record			NOT_ESTABLISHED_REGISTRY_JOIN_FIELDS_ABSENT_FROM_THIS_CACHE	ALL_REGISTERED_ARMS_NON_COMPARATOR_TYPED_CONDITIONAL	ASSUMES_THIS_RESULTS_GROUP_IS_A_SUBSET_OF_THE_REGISTERED_ARM_SET_MEMBERSHIP_UNPROVED		LEAF_LABEL_RESOLVES_UNIQUELY	BLZ945 single agent	LEAF-OUT/LEAF-QD-group2.tsv:line 72	RETAINED_UNVERIFIED_WITH_LOCATOR		armGroups[].description: [0]='BLZ945 administered as single agent' vs [1]='BLZ945 administered in combination with PDR001'; the group title/description states presence or absence of PDR001, and only 2 arms are registered	NEWLINE_TO_SPACE;CUT_AT_400_CHARS;TSV_WRITE_NORMALISES_TAB_AND_NEWLINE;ORIGINAL_RETRIEVABLE_ONLY_VIA_leaf_claim_locator	220	NO	NO	CONFIRMED	LEAF_WITHIN_RECORD_RELATION	BLZ945 single agent	NOT_CONTROL_CONFIRMED	UNKNOWN	CHANGED_CLASS:NOT_CONTROL_ASSERTED->UNKNOWN	BLZ945 1000 mg once per day once weekly	NEWLINE_TO_SPACE;CUT_AT_400_CHARS;TSV_WRITE_NORMALISES_TAB_AND_NEWLINE;ORIGINAL_RETRIEVABLE_ONLY_VIA_the cached source record	39
NCT02829723	Phase I: Best Overall Response (BOR) With Confirmation Per irRC	Phase I: BLZ945 1600 mg Q1W QD	3	2014_2017	bor	2	25	ALL_ARMS_NON_CONTROL_TYPED	EXPERIMENTAL | EXPERIMENTAL	PROPOSED	LEAF_CLAIM_NOT_VERIFIABLE_FROM_EXACT_SOURCE_FIELDS	DELIVERED_LEAF:LEAF-QD-group2.tsv	LEAF-OUT/LEAF-QD-group2.tsv:line 73; candidate protocolSection.armsInterventionsModule.armGroups[0].label	1	0	BLZ945 single agent	EXPERIMENTAL									UNKNOWN_IN_THIS_CACHE	no source-field-matched arm link and no comparator wording in the group record			NOT_ESTABLISHED_REGISTRY_JOIN_FIELDS_ABSENT_FROM_THIS_CACHE	ALL_REGISTERED_ARMS_NON_COMPARATOR_TYPED_CONDITIONAL	ASSUMES_THIS_RESULTS_GROUP_IS_A_SUBSET_OF_THE_REGISTERED_ARM_SET_MEMBERSHIP_UNPROVED		LEAF_LABEL_RESOLVES_UNIQUELY	BLZ945 single agent	LEAF-OUT/LEAF-QD-group2.tsv:line 73	RETAINED_UNVERIFIED_WITH_LOCATOR		armGroups[].description: [0]='BLZ945 administered as single agent' vs [1]='BLZ945 administered in combination with PDR001'; the group title/description states presence or absence of PDR001, and only 2 arms are registered	NEWLINE_TO_SPACE;CUT_AT_400_CHARS;TSV_WRITE_NORMALISES_TAB_AND_NEWLINE;ORIGINAL_RETRIEVABLE_ONLY_VIA_leaf_claim_locator	220	NO	NO	CONFIRMED	LEAF_WITHIN_RECORD_RELATION	BLZ945 single agent	NOT_CONTROL_CONFIRMED	UNKNOWN	CHANGED_CLASS:NOT_CONTROL_ASSERTED->UNKNOWN	BLZ945 1600 mg once per day once weekly	NEWLINE_TO_SPACE;CUT_AT_400_CHARS;TSV_WRITE_NORMALISES_TAB_AND_NEWLINE;ORIGINAL_RETRIEVABLE_ONLY_VIA_the cached source record	39
NCT02829723	Phase I: Best Overall Response (BOR) With Confirmation Per irRC	Phase I: BLZ945 300 mg 4d on/10d Off QD	8	2014_2017	bor	2	25	ALL_ARMS_NON_CONTROL_TYPED	EXPERIMENTAL | EXPERIMENTAL	PROPOSED	LEAF_CLAIM_NOT_VERIFIABLE_FROM_EXACT_SOURCE_FIELDS	DELIVERED_LEAF:LEAF-QD-group2.tsv	LEAF-OUT/LEAF-QD-group2.tsv:line 74; candidate protocolSection.armsInterventionsModule.armGroups[0].label	1	0	BLZ945 single agent	EXPERIMENTAL									UNKNOWN_IN_THIS_CACHE	no source-field-matched arm link and no comparator wording in the group record			NOT_ESTABLISHED_REGISTRY_JOIN_FIELDS_ABSENT_FROM_THIS_CACHE	ALL_REGISTERED_ARMS_NON_COMPARATOR_TYPED_CONDITIONAL	ASSUMES_THIS_RESULTS_GROUP_IS_A_SUBSET_OF_THE_REGISTERED_ARM_SET_MEMBERSHIP_UNPROVED		LEAF_LABEL_RESOLVES_UNIQUELY	BLZ945 single agent	LEAF-OUT/LEAF-QD-group2.tsv:line 74	RETAINED_UNVERIFIED_WITH_LOCATOR		armGroups[].description: [0]='BLZ945 administered as single agent' vs [1]='BLZ945 administered in combination with PDR001'; the group title/description states presence or absence of PDR001, and only 2 arms are registered	NEWLINE_TO_SPACE;CUT_AT_400_CHARS;TSV_WRITE_NORMALISES_TAB_AND_NEWLINE;ORIGINAL_RETRIEVABLE_ONLY_VIA_leaf_claim_locator	220	NO	NO	CONFIRMED	LEAF_WITHIN_RECORD_RELATION	BLZ945 single agent	NOT_CONTROL_CONFIRMED	UNKNOWN	CHANGED_CLASS:NOT_CONTROL_ASSERTED->UNKNOWN	BLZ945 300 mg once per day administered for 4 days and suspended for 10 days	NEWLINE_TO_SPACE;CUT_AT_400_CHARS;TSV_WRITE_NORMALISES_TAB_AND_NEWLINE;ORIGINAL_RETRIEVABLE_ONLY_VIA_the cached source record	76
NCT02829723	Phase I: Best Overall Response (BOR) With Confirmation Per irRC	Phase I: BLZ945 600 mg 4d on/10d Off QD	7	2014_2017	bor	2	25	ALL_ARMS_NON_CONTROL_TYPED	EXPERIMENTAL | EXPERIMENTAL	PROPOSED	LEAF_CLAIM_NOT_VERIFIABLE_FROM_EXACT_SOURCE_FIELDS	DELIVERED_LEAF:LEAF-QD-group2.tsv	LEAF-OUT/LEAF-QD-group2.tsv:line 75; candidate protocolSection.armsInterventionsModule.armGroups[0].label	1	0	BLZ945 single agent	EXPERIMENTAL									UNKNOWN_IN_THIS_CACHE	no source-field-matched arm link and no comparator wording in the group record			NOT_ESTABLISHED_REGISTRY_JOIN_FIELDS_ABSENT_FROM_THIS_CACHE	ALL_REGISTERED_ARMS_NON_COMPARATOR_TYPED_CONDITIONAL	ASSUMES_THIS_RESULTS_GROUP_IS_A_SUBSET_OF_THE_REGISTERED_ARM_SET_MEMBERSHIP_UNPROVED		LEAF_LABEL_RESOLVES_UNIQUELY	BLZ945 single agent	LEAF-OUT/LEAF-QD-group2.tsv:line 75	RETAINED_UNVERIFIED_WITH_LOCATOR		armGroups[].description: [0]='BLZ945 administered as single agent' vs [1]='BLZ945 administered in combination with PDR001'; the group title/description states presence or absence of PDR001, and only 2 arms are registered	NEWLINE_TO_SPACE;CUT_AT_400_CHARS;TSV_WRITE_NORMALISES_TAB_AND_NEWLINE;ORIGINAL_RETRIEVABLE_ONLY_VIA_leaf_claim_locator	220	NO	NO	CONFIRMED	LEAF_WITHIN_RECORD_RELATION	BLZ945 single agent	NOT_CONTROL_CONFIRMED	UNKNOWN	CHANGED_CLASS:NOT_CONTROL_ASSERTED->UNKNOWN	BLZ945 600 mg once per day administered for 4 days and suspended for 10 days	NEWLINE_TO_SPACE;CUT_AT_400_CHARS;TSV_WRITE_NORMALISES_TAB_AND_NEWLINE;ORIGINAL_RETRIEVABLE_ONLY_VIA_the cached source record	76
NCT02829723	Phase I: Best Overall Response (BOR) With Confirmation Per irRC	Phase I: BLZ945 800 mg 4d on/10d Off QD	5	2014_2017	bor	2	25	ALL_ARMS_NON_CONTROL_TYPED	EXPERIMENTAL | EXPERIMENTAL	PROPOSED	LEAF_CLAIM_NOT_VERIFIABLE_FROM_EXACT_SOURCE_FIELDS	DELIVERED_LEAF:LEAF-QD-group2.tsv	LEAF-OUT/LEAF-QD-group2.tsv:line 76; candidate protocolSection.armsInterventionsModule.armGroups[0].label	1	0	BLZ945 single agent	EXPERIMENTAL									UNKNOWN_IN_THIS_CACHE	no source-field-matched arm link and no comparator wording in the group record			NOT_ESTABLISHED_REGISTRY_JOIN_FIELDS_ABSENT_FROM_THIS_CACHE	ALL_REGISTERED_ARMS_NON_COMPARATOR_TYPED_CONDITIONAL	ASSUMES_THIS_RESULTS_GROUP_IS_A_SUBSET_OF_THE_REGISTERED_ARM_SET_MEMBERSHIP_UNPROVED		LEAF_LABEL_RESOLVES_UNIQUELY	BLZ945 single agent	LEAF-OUT/LEAF-QD-group2.tsv:line 76	RETAINED_UNVERIFIED_WITH_LOCATOR		armGroups[].description: [0]='BLZ945 administered as single agent' vs [1]='BLZ945 administered in combination with PDR001'; the group title/description states presence or absence of PDR001, and only 2 arms are registered	NEWLINE_TO_SPACE;CUT_AT_400_CHARS;TSV_WRITE_NORMALISES_TAB_AND_NEWLINE;ORIGINAL_RETRIEVABLE_ONLY_VIA_leaf_claim_locator	220	NO	NO	CONFIRMED	LEAF_WITHIN_RECORD_RELATION	BLZ945 single agent	NOT_CONTROL_CONFIRMED	UNKNOWN	CHANGED_CLASS:NOT_CONTROL_ASSERTED->UNKNOWN	BLZ945 800 mg once per day administered for 4 days and suspended for 10 days	NEWLINE_TO_SPACE;CUT_AT_400_CHARS;TSV_WRITE_NORMALISES_TAB_AND_NEWLINE;ORIGINAL_RETRIEVABLE_ONLY_VIA_the cached source record	76
NCT02829723	Phase I: Best Overall Response (BOR) With Confirmation Per irRC	Phase I: BLZ945 1200 mg 4d on/10d Off QD	6	2014_2017	bor	2	25	ALL_ARMS_NON_CONTROL_TYPED	EXPERIMENTAL | EXPERIMENTAL	PROPOSED	LEAF_CLAIM_NOT_VERIFIABLE_FROM_EXACT_SOURCE_FIELDS	DELIVERED_LEAF:LEAF-QD-group2.tsv	LEAF-OUT/LEAF-QD-group2.tsv:line 77; candidate protocolSection.armsInterventionsModule.armGroups[0].label	1	0	BLZ945 single agent	EXPERIMENTAL									UNKNOWN_IN_THIS_CACHE	no source-field-matched arm link and no comparator wording in the group record			NOT_ESTABLISHED_REGISTRY_JOIN_FIELDS_ABSENT_FROM_THIS_CACHE	ALL_REGISTERED_ARMS_NON_COMPARATOR_TYPED_CONDITIONAL	ASSUMES_THIS_RESULTS_GROUP_IS_A_SUBSET_OF_THE_REGISTERED_ARM_SET_MEMBERSHIP_UNPROVED		LEAF_LABEL_RESOLVES_UNIQUELY	BLZ945 single agent	LEAF-OUT/LEAF-QD-group2.tsv:line 77	RETAINED_UNVERIFIED_WITH_LOCATOR		armGroups[].description: [0]='BLZ945 administered as single agent' vs [1]='BLZ945 administered in combination with PDR001'; the group title/description states presence or absence of PDR001, and only 2 arms are registered	NEWLINE_TO_SPACE;CUT_AT_400_CHARS;TSV_WRITE_NORMALISES_TAB_AND_NEWLINE;ORIGINAL_RETRIEVABLE_ONLY_VIA_leaf_claim_locator	220	NO	NO	CONFIRMED	LEAF_WITHIN_RECORD_RELATION	BLZ945 single agent	NOT_CONTROL_CONFIRMED	UNKNOWN	CHANGED_CLASS:NOT_CONTROL_ASSERTED->UNKNOWN	BLZ945 1200 mg once per day administered for 4 days and suspended for 10 days	NEWLINE_TO_SPACE;CUT_AT_400_CHARS;TSV_WRITE_NORMALISES_TAB_AND_NEWLINE;ORIGINAL_RETRIEVABLE_ONLY_VIA_the cached source record	77
NCT02829723	Phase I: Best Overall Response (BOR) With Confirmation Per irRC	Phase I: BLZ945 600 mg Q1W BID	1	2014_2017	bor	2	25	ALL_ARMS_NON_CONTROL_TYPED	EXPERIMENTAL | EXPERIMENTAL	PROPOSED	LEAF_CLAIM_NOT_VERIFIABLE_FROM_EXACT_SOURCE_FIELDS	DELIVERED_LEAF:LEAF-QD-group2.tsv	LEAF-OUT/LEAF-QD-group2.tsv:line 78; candidate protocolSection.armsInterventionsModule.armGroups[0].label	1	0	BLZ945 single agent	EXPERIMENTAL									UNKNOWN_IN_THIS_CACHE	no source-field-matched arm link and no comparator wording in the group record			NOT_ESTABLISHED_REGISTRY_JOIN_FIELDS_ABSENT_FROM_THIS_CACHE	ALL_REGISTERED_ARMS_NON_COMPARATOR_TYPED_CONDITIONAL	ASSUMES_THIS_RESULTS_GROUP_IS_A_SUBSET_OF_THE_REGISTERED_ARM_SET_MEMBERSHIP_UNPROVED		LEAF_LABEL_RESOLVES_UNIQUELY	BLZ945 single agent	LEAF-OUT/LEAF-QD-group2.tsv:line 78	RETAINED_UNVERIFIED_WITH_LOCATOR		armGroups[].description: [0]='BLZ945 administered as single agent' vs [1]='BLZ945 administered in combination with PDR001'; the group title/description states presence or absence of PDR001, and only 2 arms are registered	NEWLINE_TO_SPACE;CUT_AT_400_CHARS;TSV_WRITE_NORMALISES_TAB_AND_NEWLINE;ORIGINAL_RETRIEVABLE_ONLY_VIA_leaf_claim_locator	220	NO	NO	CONFIRMED	LEAF_WITHIN_RECORD_RELATION	BLZ945 single agent	NOT_CONTROL_CONFIRMED	UNKNOWN	CHANGED_CLASS:NOT_CONTROL_ASSERTED->UNKNOWN	BLZ945 600 mg twice per day once weekly	NEWLINE_TO_SPACE;CUT_AT_400_CHARS;TSV_WRITE_NORMALISES_TAB_AND_NEWLINE;ORIGINAL_RETRIEVABLE_ONLY_VIA_the cached source record	39
NCT02829723	Phase I: Best Overall Response (BOR) With Confirmation Per irRC	Phase I: BLZ945 600 mg 4d on/10d Off BID	3	2014_2017	bor	2	25	ALL_ARMS_NON_CONTROL_TYPED	EXPERIMENTAL | EXPERIMENTAL	PROPOSED	LEAF_CLAIM_NOT_VERIFIABLE_FROM_EXACT_SOURCE_FIELDS	DELIVERED_LEAF:LEAF-QD-group2.tsv	LEAF-OUT/LEAF-QD-group2.tsv:line 79; candidate protocolSection.armsInterventionsModule.armGroups[0].label	1	0	BLZ945 single agent	EXPERIMENTAL									UNKNOWN_IN_THIS_CACHE	no source-field-matched arm link and no comparator wording in the group record			NOT_ESTABLISHED_REGISTRY_JOIN_FIELDS_ABSENT_FROM_THIS_CACHE	ALL_REGISTERED_ARMS_NON_COMPARATOR_TYPED_CONDITIONAL	ASSUMES_THIS_RESULTS_GROUP_IS_A_SUBSET_OF_THE_REGISTERED_ARM_SET_MEMBERSHIP_UNPROVED		LEAF_LABEL_RESOLVES_UNIQUELY	BLZ945 single agent	LEAF-OUT/LEAF-QD-group2.tsv:line 79	RETAINED_UNVERIFIED_WITH_LOCATOR		armGroups[].description: [0]='BLZ945 administered as single agent' vs [1]='BLZ945 administered in combination with PDR001'; the group title/description states presence or absence of PDR001, and only 2 arms are registered	NEWLINE_TO_SPACE;CUT_AT_400_CHARS;TSV_WRITE_NORMALISES_TAB_AND_NEWLINE;ORIGINAL_RETRIEVABLE_ONLY_VIA_leaf_claim_locator	220	NO	NO	CONFIRMED	LEAF_WITHIN_RECORD_RELATION	BLZ945 single agent	NOT_CONTROL_CONFIRMED	UNKNOWN	CHANGED_CLASS:NOT_CONTROL_ASSERTED->UNKNOWN	BLZ945 600 mg twice per day administered for 4 days and suspended for 10 days	NEWLINE_TO_SPACE;CUT_AT_400_CHARS;TSV_WRITE_NORMALISES_TAB_AND_NEWLINE;ORIGINAL_RETRIEVABLE_ONLY_VIA_the cached source record	77
NCT02829723	Phase I: Best Overall Response (BOR) With Confirmation Per irRC	Phase I: BLZ945 150 mg Q1W QD + PDR001 400 mg Q4W	4	2014_2017	bor	2	25	ALL_ARMS_NON_CONTROL_TYPED	EXPERIMENTAL | EXPERIMENTAL	PROPOSED	LEAF_CLAIM_NOT_VERIFIABLE_FROM_EXACT_SOURCE_FIELDS	DELIVERED_LEAF:LEAF-QD-group2.tsv	LEAF-OUT/LEAF-QD-group2.tsv:line 80; candidate protocolSection.armsInterventionsModule.armGroups[1].label	1	1	BLZ945 + PDR001	EXPERIMENTAL									UNKNOWN_IN_THIS_CACHE	no source-field-matched arm link and no comparator wording in the group record			NOT_ESTABLISHED_REGISTRY_JOIN_FIELDS_ABSENT_FROM_THIS_CACHE	ALL_REGISTERED_ARMS_NON_COMPARATOR_TYPED_CONDITIONAL	ASSUMES_THIS_RESULTS_GROUP_IS_A_SUBSET_OF_THE_REGISTERED_ARM_SET_MEMBERSHIP_UNPROVED		LEAF_LABEL_RESOLVES_UNIQUELY	BLZ945 + PDR001	LEAF-OUT/LEAF-QD-group2.tsv:line 80	RETAINED_UNVERIFIED_WITH_LOCATOR		armGroups[].description: [0]='BLZ945 administered as single agent' vs [1]='BLZ945 administered in combination with PDR001'; the group title/description states presence or absence of PDR001, and only 2 arms are registered	NEWLINE_TO_SPACE;CUT_AT_400_CHARS;TSV_WRITE_NORMALISES_TAB_AND_NEWLINE;ORIGINAL_RETRIEVABLE_ONLY_VIA_leaf_claim_locator	220	NO	NO	CONFIRMED	LEAF_WITHIN_RECORD_RELATION	BLZ945 + PDR001	NOT_CONTROL_CONFIRMED	UNKNOWN	CHANGED_CLASS:NOT_CONTROL_ASSERTED->UNKNOWN	BLZ945 150 mg once per day once weekly in combination with PDR001 400 mg every 4 weeks	NEWLINE_TO_SPACE;CUT_AT_400_CHARS;TSV_WRITE_NORMALISES_TAB_AND_NEWLINE;ORIGINAL_RETRIEVABLE_ONLY_VIA_the cached source record	86
NCT02829723	Phase I: Best Overall Response (BOR) With Confirmation Per irRC	Phase I: BLZ945 300 mg Q1W QD + PDR001 400 mg Q4W	5	2014_2017	bor	2	25	ALL_ARMS_NON_CONTROL_TYPED	EXPERIMENTAL | EXPERIMENTAL	PROPOSED	LEAF_CLAIM_NOT_VERIFIABLE_FROM_EXACT_SOURCE_FIELDS	DELIVERED_LEAF:LEAF-QD-group2.tsv	LEAF-OUT/LEAF-QD-group2.tsv:line 81; candidate protocolSection.armsInterventionsModule.armGroups[1].label	1	1	BLZ945 + PDR001	EXPERIMENTAL									UNKNOWN_IN_THIS_CACHE	no source-field-matched arm link and no comparator wording in the group record			NOT_ESTABLISHED_REGISTRY_JOIN_FIELDS_ABSENT_FROM_THIS_CACHE	ALL_REGISTERED_ARMS_NON_COMPARATOR_TYPED_CONDITIONAL	ASSUMES_THIS_RESULTS_GROUP_IS_A_SUBSET_OF_THE_REGISTERED_ARM_SET_MEMBERSHIP_UNPROVED		LEAF_LABEL_RESOLVES_UNIQUELY	BLZ945 + PDR001	LEAF-OUT/LEAF-QD-group2.tsv:line 81	RETAINED_UNVERIFIED_WITH_LOCATOR		armGroups[].description: [0]='BLZ945 administered as single agent' vs [1]='BLZ945 administered in combination with PDR001'; the group title/description states presence or absence of PDR001, and only 2 arms are registered	NEWLINE_TO_SPACE;CUT_AT_400_CHARS;TSV_WRITE_NORMALISES_TAB_AND_NEWLINE;ORIGINAL_RETRIEVABLE_ONLY_VIA_leaf_claim_locator	220	NO	NO	CONFIRMED	LEAF_WITHIN_RECORD_RELATION	BLZ945 + PDR001	NOT_CONTROL_CONFIRMED	UNKNOWN	CHANGED_CLASS:NOT_CONTROL_ASSERTED->UNKNOWN	BLZ945 300 mg once per day once weekly in combination with PDR001 400 mg every 4 weeks	NEWLINE_TO_SPACE;CUT_AT_400_CHARS;TSV_WRITE_NORMALISES_TAB_AND_NEWLINE;ORIGINAL_RETRIEVABLE_ONLY_VIA_the cached source record	86
NCT02829723	Phase I: Best Overall Response (BOR) With Confirmation Per irRC	Phase I: BLZ945 600 mg Q1W QD + PDR001 400 mg Q4W	7	2014_2017	bor	2	25	ALL_ARMS_NON_CONTROL_TYPED	EXPERIMENTAL | EXPERIMENTAL	PROPOSED	LEAF_CLAIM_NOT_VERIFIABLE_FROM_EXACT_SOURCE_FIELDS	DELIVERED_LEAF:LEAF-QD-group2.tsv	LEAF-OUT/LEAF-QD-group2.tsv:line 82; candidate protocolSection.armsInterventionsModule.armGroups[1].label	1	1	BLZ945 + PDR001	EXPERIMENTAL									UNKNOWN_IN_THIS_CACHE	no source-field-matched arm link and no comparator wording in the group record			NOT_ESTABLISHED_REGISTRY_JOIN_FIELDS_ABSENT_FROM_THIS_CACHE	ALL_REGISTERED_ARMS_NON_COMPARATOR_TYPED_CONDITIONAL	ASSUMES_THIS_RESULTS_GROUP_IS_A_SUBSET_OF_THE_REGISTERED_ARM_SET_MEMBERSHIP_UNPROVED		LEAF_LABEL_RESOLVES_UNIQUELY	BLZ945 + PDR001	LEAF-OUT/LEAF-QD-group2.tsv:line 82	RETAINED_UNVERIFIED_WITH_LOCATOR		armGroups[].description: [0]='BLZ945 administered as single agent' vs [1]='BLZ945 administered in combination with PDR001'; the group title/description states presence or absence of PDR001, and only 2 arms are registered	NEWLINE_TO_SPACE;CUT_AT_400_CHARS;TSV_WRITE_NORMALISES_TAB_AND_NEWLINE;ORIGINAL_RETRIEVABLE_ONLY_VIA_leaf_claim_locator	220	NO	NO	CONFIRMED	LEAF_WITHIN_RECORD_RELATION	BLZ945 + PDR001	NOT_CONTROL_CONFIRMED	UNKNOWN	CHANGED_CLASS:NOT_CONTROL_ASSERTED->UNKNOWN	BLZ945 600 mg once per day once weekly in combination with PDR001 400 mg every 4 weeks	NEWLINE_TO_SPACE;CUT_AT_400_CHARS;TSV_WRITE_NORMALISES_TAB_AND_NEWLINE;ORIGINAL_RETRIEVABLE_ONLY_VIA_the cached source record	86
NCT02829723	Phase I: Best Overall Response (BOR) With Confirmation Per irRC	Phase I: BLZ945 1000 mg Q1W QD + PDR001 400 mg Q4W	4	2014_2017	bor	2	25	ALL_ARMS_NON_CONTROL_TYPED	EXPERIMENTAL | EXPERIMENTAL	PROPOSED	LEAF_CLAIM_NOT_VERIFIABLE_FROM_EXACT_SOURCE_FIELDS	DELIVERED_LEAF:LEAF-QD-group2.tsv	LEAF-OUT/LEAF-QD-group2.tsv:line 83; candidate protocolSection.armsInterventionsModule.armGroups[1].label	1	1	BLZ945 + PDR001	EXPERIMENTAL									UNKNOWN_IN_THIS_CACHE	no source-field-matched arm link and no comparator wording in the group record			NOT_ESTABLISHED_REGISTRY_JOIN_FIELDS_ABSENT_FROM_THIS_CACHE	ALL_REGISTERED_ARMS_NON_COMPARATOR_TYPED_CONDITIONAL	ASSUMES_THIS_RESULTS_GROUP_IS_A_SUBSET_OF_THE_REGISTERED_ARM_SET_MEMBERSHIP_UNPROVED		LEAF_LABEL_RESOLVES_UNIQUELY	BLZ945 + PDR001	LEAF-OUT/LEAF-QD-group2.tsv:line 83	RETAINED_UNVERIFIED_WITH_LOCATOR		armGroups[].description: [0]='BLZ945 administered as single agent' vs [1]='BLZ945 administered in combination with PDR001'; the group title/description states presence or absence of PDR001, and only 2 arms are registered	NEWLINE_TO_SPACE;CUT_AT_400_CHARS;TSV_WRITE_NORMALISES_TAB_AND_NEWLINE;ORIGINAL_RETRIEVABLE_ONLY_VIA_leaf_claim_locator	220	NO	NO	CONFIRMED	LEAF_WITHIN_RECORD_RELATION	BLZ945 + PDR001	NOT_CONTROL_CONFIRMED	UNKNOWN	CHANGED_CLASS:NOT_CONTROL_ASSERTED->UNKNOWN	BLZ945 1000 mg once per day once weekly in combination with PDR001 400 mg every 4 weeks	NEWLINE_TO_SPACE;CUT_AT_400_CHARS;TSV_WRITE_NORMALISES_TAB_AND_NEWLINE;ORIGINAL_RETRIEVABLE_ONLY_VIA_the cached source record	87
NCT02829723	Phase I: Best Overall Response (BOR) With Confirmation Per irRC	Phase I: BLZ945 1400 mg Q1W QD + PDR001 400 mg Q4W	5	2014_2017	bor	2	25	ALL_ARMS_NON_CONTROL_TYPED	EXPERIMENTAL | EXPERIMENTAL	PROPOSED	LEAF_CLAIM_NOT_VERIFIABLE_FROM_EXACT_SOURCE_FIELDS	DELIVERED_LEAF:LEAF-QD-group2.tsv	LEAF-OUT/LEAF-QD-group2.tsv:line 84; candidate protocolSection.armsInterventionsModule.armGroups[1].label	1	1	BLZ945 + PDR001	EXPERIMENTAL									UNKNOWN_IN_THIS_CACHE	no source-field-matched arm link and no comparator wording in the group record			NOT_ESTABLISHED_REGISTRY_JOIN_FIELDS_ABSENT_FROM_THIS_CACHE	ALL_REGISTERED_ARMS_NON_COMPARATOR_TYPED_CONDITIONAL	ASSUMES_THIS_RESULTS_GROUP_IS_A_SUBSET_OF_THE_REGISTERED_ARM_SET_MEMBERSHIP_UNPROVED		LEAF_LABEL_RESOLVES_UNIQUELY	BLZ945 + PDR001	LEAF-OUT/LEAF-QD-group2.tsv:line 84	RETAINED_UNVERIFIED_WITH_LOCATOR		armGroups[].description: [0]='BLZ945 administered as single agent' vs [1]='BLZ945 administered in combination with PDR001'; the group title/description states presence or absence of PDR001, and only 2 arms are registered	NEWLINE_TO_SPACE;CUT_AT_400_CHARS;TSV_WRITE_NORMALISES_TAB_AND_NEWLINE;ORIGINAL_RETRIEVABLE_ONLY_VIA_leaf_claim_locator	220	NO	NO	CONFIRMED	LEAF_WITHIN_RECORD_RELATION	BLZ945 + PDR001	NOT_CONTROL_CONFIRMED	UNKNOWN	CHANGED_CLASS:NOT_CONTROL_ASSERTED->UNKNOWN	BLZ945 1400 mg once per day once weekly in combination with PDR001 400 mg every 4 weeks	NEWLINE_TO_SPACE;CUT_AT_400_CHARS;TSV_WRITE_NORMALISES_TAB_AND_NEWLINE;ORIGINAL_RETRIEVABLE_ONLY_VIA_the cached source record	87
NCT02829723	Phase I: Best Overall Response (BOR) With Confirmation Per irRC	Phase I: BLZ945 300 mg 4d on/10d Off QD + PDR001 400 mg Q4W	3	2014_2017	bor	2	25	ALL_ARMS_NON_CONTROL_TYPED	EXPERIMENTAL | EXPERIMENTAL	PROPOSED	LEAF_CLAIM_NOT_VERIFIABLE_FROM_EXACT_SOURCE_FIELDS	DELIVERED_LEAF:LEAF-QD-group2.tsv	LEAF-OUT/LEAF-QD-group2.tsv:line 85; candidate protocolSection.armsInterventionsModule.armGroups[1].label	1	1	BLZ945 + PDR001	EXPERIMENTAL									UNKNOWN_IN_THIS_CACHE	no source-field-matched arm link and no comparator wording in the group record			NOT_ESTABLISHED_REGISTRY_JOIN_FIELDS_ABSENT_FROM_THIS_CACHE	ALL_REGISTERED_ARMS_NON_COMPARATOR_TYPED_CONDITIONAL	ASSUMES_THIS_RESULTS_GROUP_IS_A_SUBSET_OF_THE_REGISTERED_ARM_SET_MEMBERSHIP_UNPROVED		LEAF_LABEL_RESOLVES_UNIQUELY	BLZ945 + PDR001	LEAF-OUT/LEAF-QD-group2.tsv:line 85	RETAINED_UNVERIFIED_WITH_LOCATOR		armGroups[].description: [0]='BLZ945 administered as single agent' vs [1]='BLZ945 administered in combination with PDR001'; the group title/description states presence or absence of PDR001, and only 2 arms are registered	NEWLINE_TO_SPACE;CUT_AT_400_CHARS;TSV_WRITE_NORMALISES_TAB_AND_NEWLINE;ORIGINAL_RETRIEVABLE_ONLY_VIA_leaf_claim_locator	220	NO	NO	CONFIRMED	LEAF_WITHIN_RECORD_RELATION	BLZ945 + PDR001	NOT_CONTROL_CONFIRMED	UNKNOWN	CHANGED_CLASS:NOT_CONTROL_ASSERTED->UNKNOWN	BLZ945 300 mg once per day administered for 4 days and suspended for 10 days in combination with PDR001 400 mg every 4 weeks	NEWLINE_TO_SPACE;CUT_AT_400_CHARS;TSV_WRITE_NORMALISES_TAB_AND_NEWLINE;ORIGINAL_RETRIEVABLE_ONLY_VIA_the cached source record	124
NCT02829723	Phase I: Best Overall Response (BOR) With Confirmation Per irRC	Phase I: BLZ945 450 mg 4d on/10d Off QD + PDR001 400 mg Q4W	5	2014_2017	bor	2	25	ALL_ARMS_NON_CONTROL_TYPED	EXPERIMENTAL | EXPERIMENTAL	PROPOSED	LEAF_CLAIM_NOT_VERIFIABLE_FROM_EXACT_SOURCE_FIELDS	DELIVERED_LEAF:LEAF-QD-group2.tsv	LEAF-OUT/LEAF-QD-group2.tsv:line 86; candidate protocolSection.armsInterventionsModule.armGroups[1].label	1	1	BLZ945 + PDR001	EXPERIMENTAL									UNKNOWN_IN_THIS_CACHE	no source-field-matched arm link and no comparator wording in the group record			NOT_ESTABLISHED_REGISTRY_JOIN_FIELDS_ABSENT_FROM_THIS_CACHE	ALL_REGISTERED_ARMS_NON_COMPARATOR_TYPED_CONDITIONAL	ASSUMES_THIS_RESULTS_GROUP_IS_A_SUBSET_OF_THE_REGISTERED_ARM_SET_MEMBERSHIP_UNPROVED		LEAF_LABEL_RESOLVES_UNIQUELY	BLZ945 + PDR001	LEAF-OUT/LEAF-QD-group2.tsv:line 86	RETAINED_UNVERIFIED_WITH_LOCATOR		armGroups[].description: [0]='BLZ945 administered as single agent' vs [1]='BLZ945 administered in combination with PDR001'; the group title/description states presence or absence of PDR001, and only 2 arms are registered	NEWLINE_TO_SPACE;CUT_AT_400_CHARS;TSV_WRITE_NORMALISES_TAB_AND_NEWLINE;ORIGINAL_RETRIEVABLE_ONLY_VIA_leaf_claim_locator	220	NO	NO	CONFIRMED	LEAF_WITHIN_RECORD_RELATION	BLZ945 + PDR001	NOT_CONTROL_CONFIRMED	UNKNOWN	CHANGED_CLASS:NOT_CONTROL_ASSERTED->UNKNOWN	BLZ945 450 mg once per day administered for 4 days and suspended for 10 days in combination with PDR001 400 mg every 4 weeks	NEWLINE_TO_SPACE;CUT_AT_400_CHARS;TSV_WRITE_NORMALISES_TAB_AND_NEWLINE;ORIGINAL_RETRIEVABLE_ONLY_VIA_the cached source record	124
NCT02829723	Phase I: Best Overall Response (BOR) With Confirmation Per irRC	Phase I: BLZ945 700 mg 4d on/10d Off QD + PDR001 400 mg Q4W	4	2014_2017	bor	2	25	ALL_ARMS_NON_CONTROL_TYPED	EXPERIMENTAL | EXPERIMENTAL	PROPOSED	LEAF_CLAIM_NOT_VERIFIABLE_FROM_EXACT_SOURCE_FIELDS	DELIVERED_LEAF:LEAF-QD-group2.tsv	LEAF-OUT/LEAF-QD-group2.tsv:line 87; candidate protocolSection.armsInterventionsModule.armGroups[1].label	1	1	BLZ945 + PDR001	EXPERIMENTAL									UNKNOWN_IN_THIS_CACHE	no source-field-matched arm link and no comparator wording in the group record			NOT_ESTABLISHED_REGISTRY_JOIN_FIELDS_ABSENT_FROM_THIS_CACHE	ALL_REGISTERED_ARMS_NON_COMPARATOR_TYPED_CONDITIONAL	ASSUMES_THIS_RESULTS_GROUP_IS_A_SUBSET_OF_THE_REGISTERED_ARM_SET_MEMBERSHIP_UNPROVED		LEAF_LABEL_RESOLVES_UNIQUELY	BLZ945 + PDR001	LEAF-OUT/LEAF-QD-group2.tsv:line 87	RETAINED_UNVERIFIED_WITH_LOCATOR		armGroups[].description: [0]='BLZ945 administered as single agent' vs [1]='BLZ945 administered in combination with PDR001'; the group title/description states presence or absence of PDR001, and only 2 arms are registered	NEWLINE_TO_SPACE;CUT_AT_400_CHARS;TSV_WRITE_NORMALISES_TAB_AND_NEWLINE;ORIGINAL_RETRIEVABLE_ONLY_VIA_leaf_claim_locator	220	NO	NO	CONFIRMED	LEAF_WITHIN_RECORD_RELATION	BLZ945 + PDR001	NOT_CONTROL_CONFIRMED	UNKNOWN	CHANGED_CLASS:NOT_CONTROL_ASSERTED->UNKNOWN	BLZ945 700 mg once per day administered for 4 days and suspended for 10 days in combination with PDR001 400 mg every 4 weeks	NEWLINE_TO_SPACE;CUT_AT_400_CHARS;TSV_WRITE_NORMALISES_TAB_AND_NEWLINE;ORIGINAL_RETRIEVABLE_ONLY_VIA_the cached source record	124
NCT02829723	Phase I: Best Overall Response (BOR) With Confirmation Per irRC	Phase I: BLZ945 1200 mg 4d on/10d Off QD + PDR001 400 mg Q4W	2	2014_2017	bor	2	25	ALL_ARMS_NON_CONTROL_TYPED	EXPERIMENTAL | EXPERIMENTAL	PROPOSED	LEAF_CLAIM_NOT_VERIFIABLE_FROM_EXACT_SOURCE_FIELDS	DELIVERED_LEAF:LEAF-QD-group2.tsv	LEAF-OUT/LEAF-QD-group2.tsv:line 88; candidate protocolSection.armsInterventionsModule.armGroups[1].label	1	1	BLZ945 + PDR001	EXPERIMENTAL									UNKNOWN_IN_THIS_CACHE	no source-field-matched arm link and no comparator wording in the group record			NOT_ESTABLISHED_REGISTRY_JOIN_FIELDS_ABSENT_FROM_THIS_CACHE	ALL_REGISTERED_ARMS_NON_COMPARATOR_TYPED_CONDITIONAL	ASSUMES_THIS_RESULTS_GROUP_IS_A_SUBSET_OF_THE_REGISTERED_ARM_SET_MEMBERSHIP_UNPROVED		LEAF_LABEL_RESOLVES_UNIQUELY	BLZ945 + PDR001	LEAF-OUT/LEAF-QD-group2.tsv:line 88	RETAINED_UNVERIFIED_WITH_LOCATOR		armGroups[].description: [0]='BLZ945 administered as single agent' vs [1]='BLZ945 administered in combination with PDR001'; the group title/description states presence or absence of PDR001, and only 2 arms are registered	NEWLINE_TO_SPACE;CUT_AT_400_CHARS;TSV_WRITE_NORMALISES_TAB_AND_NEWLINE;ORIGINAL_RETRIEVABLE_ONLY_VIA_leaf_claim_locator	220	NO	NO	CONFIRMED	LEAF_WITHIN_RECORD_RELATION	BLZ945 + PDR001	NOT_CONTROL_CONFIRMED	UNKNOWN	CHANGED_CLASS:NOT_CONTROL_ASSERTED->UNKNOWN	BLZ945 1200 mg once per day administered for 4 days and suspended for 10 days in combination with PDR001 400 mg every 4 weeks	NEWLINE_TO_SPACE;CUT_AT_400_CHARS;TSV_WRITE_NORMALISES_TAB_AND_NEWLINE;ORIGINAL_RETRIEVABLE_ONLY_VIA_the cached source record	125
NCT02829723	Phase I: Best Overall Response (BOR) With Confirmation Per irRC	Phase I: BLZ945 600 mg Q1W BID + PDR001 400 mg Q4W	5	2014_2017	bor	2	25	ALL_ARMS_NON_CONTROL_TYPED	EXPERIMENTAL | EXPERIMENTAL	PROPOSED	LEAF_CLAIM_NOT_VERIFIABLE_FROM_EXACT_SOURCE_FIELDS	DELIVERED_LEAF:LEAF-QD-group2.tsv	LEAF-OUT/LEAF-QD-group2.tsv:line 89; candidate protocolSection.armsInterventionsModule.armGroups[1].label	1	1	BLZ945 + PDR001	EXPERIMENTAL									UNKNOWN_IN_THIS_CACHE	no source-field-matched arm link and no comparator wording in the group record			NOT_ESTABLISHED_REGISTRY_JOIN_FIELDS_ABSENT_FROM_THIS_CACHE	ALL_REGISTERED_ARMS_NON_COMPARATOR_TYPED_CONDITIONAL	ASSUMES_THIS_RESULTS_GROUP_IS_A_SUBSET_OF_THE_REGISTERED_ARM_SET_MEMBERSHIP_UNPROVED		LEAF_LABEL_RESOLVES_UNIQUELY	BLZ945 + PDR001	LEAF-OUT/LEAF-QD-group2.tsv:line 89	RETAINED_UNVERIFIED_WITH_LOCATOR		armGroups[].description: [0]='BLZ945 administered as single agent' vs [1]='BLZ945 administered in combination with PDR001'; the group title/description states presence or absence of PDR001, and only 2 arms are registered	NEWLINE_TO_SPACE;CUT_AT_400_CHARS;TSV_WRITE_NORMALISES_TAB_AND_NEWLINE;ORIGINAL_RETRIEVABLE_ONLY_VIA_leaf_claim_locator	220	NO	NO	CONFIRMED	LEAF_WITHIN_RECORD_RELATION	BLZ945 + PDR001	NOT_CONTROL_CONFIRMED	UNKNOWN	CHANGED_CLASS:NOT_CONTROL_ASSERTED->UNKNOWN	BLZ945 600 mg twice per day once weekly in combination with PDR001 400 mg every 4 weeks	NEWLINE_TO_SPACE;CUT_AT_400_CHARS;TSV_WRITE_NORMALISES_TAB_AND_NEWLINE;ORIGINAL_RETRIEVABLE_ONLY_VIA_the cached source record	87
NCT02829723	Phase I: Best Overall Response (BOR) With Confirmation Per irRC	Phase I: BLZ945 800 mg Q1W BID + PDR001 400 mg Q4W	3	2014_2017	bor	2	25	ALL_ARMS_NON_CONTROL_TYPED	EXPERIMENTAL | EXPERIMENTAL	PROPOSED	LEAF_CLAIM_NOT_VERIFIABLE_FROM_EXACT_SOURCE_FIELDS	DELIVERED_LEAF:LEAF-QD-group2.tsv	LEAF-OUT/LEAF-QD-group2.tsv:line 90; candidate protocolSection.armsInterventionsModule.armGroups[1].label	1	1	BLZ945 + PDR001	EXPERIMENTAL									UNKNOWN_IN_THIS_CACHE	no source-field-matched arm link and no comparator wording in the group record			NOT_ESTABLISHED_REGISTRY_JOIN_FIELDS_ABSENT_FROM_THIS_CACHE	ALL_REGISTERED_ARMS_NON_COMPARATOR_TYPED_CONDITIONAL	ASSUMES_THIS_RESULTS_GROUP_IS_A_SUBSET_OF_THE_REGISTERED_ARM_SET_MEMBERSHIP_UNPROVED		LEAF_LABEL_RESOLVES_UNIQUELY	BLZ945 + PDR001	LEAF-OUT/LEAF-QD-group2.tsv:line 90	RETAINED_UNVERIFIED_WITH_LOCATOR		armGroups[].description: [0]='BLZ945 administered as single agent' vs [1]='BLZ945 administered in combination with PDR001'; the group title/description states presence or absence of PDR001, and only 2 arms are registered	NEWLINE_TO_SPACE;CUT_AT_400_CHARS;TSV_WRITE_NORMALISES_TAB_AND_NEWLINE;ORIGINAL_RETRIEVABLE_ONLY_VIA_leaf_claim_locator	220	NO	NO	CONFIRMED	LEAF_WITHIN_RECORD_RELATION	BLZ945 + PDR001	NOT_CONTROL_CONFIRMED	UNKNOWN	CHANGED_CLASS:NOT_CONTROL_ASSERTED->UNKNOWN	BLZ945 800 mg twice per day once weekly in combination with PDR001 400 mg every 4 weeks	NEWLINE_TO_SPACE;CUT_AT_400_CHARS;TSV_WRITE_NORMALISES_TAB_AND_NEWLINE;ORIGINAL_RETRIEVABLE_ONLY_VIA_the cached source record	87
NCT02829723	Phase I and II: Best Overall Response (BOR) (Sustained) Per RANO	Phase I: BLZ945 600 mg 4d on/10d Off QD	1	2014_2017	bor	2	27	ALL_ARMS_NON_CONTROL_TYPED	EXPERIMENTAL | EXPERIMENTAL	PROPOSED	LEAF_CLAIM_NOT_VERIFIABLE_FROM_EXACT_SOURCE_FIELDS	DELIVERED_LEAF:LEAF-QD-group2.tsv	LEAF-OUT/LEAF-QD-group2.tsv:line 91; candidate protocolSection.armsInterventionsModule.armGroups[0].label	1	0	BLZ945 single agent	EXPERIMENTAL									UNKNOWN_IN_THIS_CACHE	no source-field-matched arm link and no comparator wording in the group record			NOT_ESTABLISHED_REGISTRY_JOIN_FIELDS_ABSENT_FROM_THIS_CACHE	ALL_REGISTERED_ARMS_NON_COMPARATOR_TYPED_CONDITIONAL	ASSUMES_THIS_RESULTS_GROUP_IS_A_SUBSET_OF_THE_REGISTERED_ARM_SET_MEMBERSHIP_UNPROVED		LEAF_LABEL_RESOLVES_UNIQUELY	BLZ945 single agent	LEAF-OUT/LEAF-QD-group2.tsv:line 91	RETAINED_UNVERIFIED_WITH_LOCATOR		armGroups[].description: [0]='BLZ945 administered as single agent' vs [1]='BLZ945 administered in combination with PDR001'; the group title/description states presence or absence of PDR001, and only 2 arms are registered	NEWLINE_TO_SPACE;CUT_AT_400_CHARS;TSV_WRITE_NORMALISES_TAB_AND_NEWLINE;ORIGINAL_RETRIEVABLE_ONLY_VIA_leaf_claim_locator	220	NO	NO	CONFIRMED	LEAF_WITHIN_RECORD_RELATION	BLZ945 single agent	NOT_CONTROL_CONFIRMED	UNKNOWN	CHANGED_CLASS:NOT_CONTROL_ASSERTED->UNKNOWN	BLZ945 600 mg once per day administered for 4 days and suspended for 10 days	NEWLINE_TO_SPACE;CUT_AT_400_CHARS;TSV_WRITE_NORMALISES_TAB_AND_NEWLINE;ORIGINAL_RETRIEVABLE_ONLY_VIA_the cached source record	76
NCT02829723	Phase I and II: Best Overall Response (BOR) (Sustained) Per RANO	Phase I: BLZ945 1200 mg 4d on/10d Off QD	1	2014_2017	bor	2	27	ALL_ARMS_NON_CONTROL_TYPED	EXPERIMENTAL | EXPERIMENTAL	PROPOSED	LEAF_CLAIM_NOT_VERIFIABLE_FROM_EXACT_SOURCE_FIELDS	DELIVERED_LEAF:LEAF-QD-group2.tsv	LEAF-OUT/LEAF-QD-group2.tsv:line 92; candidate protocolSection.armsInterventionsModule.armGroups[0].label	1	0	BLZ945 single agent	EXPERIMENTAL									UNKNOWN_IN_THIS_CACHE	no source-field-matched arm link and no comparator wording in the group record			NOT_ESTABLISHED_REGISTRY_JOIN_FIELDS_ABSENT_FROM_THIS_CACHE	ALL_REGISTERED_ARMS_NON_COMPARATOR_TYPED_CONDITIONAL	ASSUMES_THIS_RESULTS_GROUP_IS_A_SUBSET_OF_THE_REGISTERED_ARM_SET_MEMBERSHIP_UNPROVED		LEAF_LABEL_RESOLVES_UNIQUELY	BLZ945 single agent	LEAF-OUT/LEAF-QD-group2.tsv:line 92	RETAINED_UNVERIFIED_WITH_LOCATOR		armGroups[].description: [0]='BLZ945 administered as single agent' vs [1]='BLZ945 administered in combination with PDR001'; the group title/description states presence or absence of PDR001, and only 2 arms are registered	NEWLINE_TO_SPACE;CUT_AT_400_CHARS;TSV_WRITE_NORMALISES_TAB_AND_NEWLINE;ORIGINAL_RETRIEVABLE_ONLY_VIA_leaf_claim_locator	220	NO	NO	CONFIRMED	LEAF_WITHIN_RECORD_RELATION	BLZ945 single agent	NOT_CONTROL_CONFIRMED	UNKNOWN	CHANGED_CLASS:NOT_CONTROL_ASSERTED->UNKNOWN	BLZ945 1200 mg once per day administered for 4 days and suspended for 10 days	NEWLINE_TO_SPACE;CUT_AT_400_CHARS;TSV_WRITE_NORMALISES_TAB_AND_NEWLINE;ORIGINAL_RETRIEVABLE_ONLY_VIA_the cached source record	77
NCT02829723	Phase I and II: Best Overall Response (BOR) (Sustained) Per RANO	Phase I: BLZ945 600 mg Q1W BID	3	2014_2017	bor	2	27	ALL_ARMS_NON_CONTROL_TYPED	EXPERIMENTAL | EXPERIMENTAL	PROPOSED	LEAF_CLAIM_NOT_VERIFIABLE_FROM_EXACT_SOURCE_FIELDS	DELIVERED_LEAF:LEAF-QD-group2.tsv	LEAF-OUT/LEAF-QD-group2.tsv:line 93; candidate protocolSection.armsInterventionsModule.armGroups[0].label	1	0	BLZ945 single agent	EXPERIMENTAL									UNKNOWN_IN_THIS_CACHE	no source-field-matched arm link and no comparator wording in the group record			NOT_ESTABLISHED_REGISTRY_JOIN_FIELDS_ABSENT_FROM_THIS_CACHE	ALL_REGISTERED_ARMS_NON_COMPARATOR_TYPED_CONDITIONAL	ASSUMES_THIS_RESULTS_GROUP_IS_A_SUBSET_OF_THE_REGISTERED_ARM_SET_MEMBERSHIP_UNPROVED		LEAF_LABEL_RESOLVES_UNIQUELY	BLZ945 single agent	LEAF-OUT/LEAF-QD-group2.tsv:line 93	RETAINED_UNVERIFIED_WITH_LOCATOR		armGroups[].description: [0]='BLZ945 administered as single agent' vs [1]='BLZ945 administered in combination with PDR001'; the group title/description states presence or absence of PDR001, and only 2 arms are registered	NEWLINE_TO_SPACE;CUT_AT_400_CHARS;TSV_WRITE_NORMALISES_TAB_AND_NEWLINE;ORIGINAL_RETRIEVABLE_ONLY_VIA_leaf_claim_locator	220	NO	NO	CONFIRMED	LEAF_WITHIN_RECORD_RELATION	BLZ945 single agent	NOT_CONTROL_CONFIRMED	UNKNOWN	CHANGED_CLASS:NOT_CONTROL_ASSERTED->UNKNOWN	BLZ945 600 mg twice per day once weekly	NEWLINE_TO_SPACE;CUT_AT_400_CHARS;TSV_WRITE_NORMALISES_TAB_AND_NEWLINE;ORIGINAL_RETRIEVABLE_ONLY_VIA_the cached source record	39
NCT02829723	Phase I and II: Best Overall Response (BOR) (Sustained) Per RANO	Phase I: BLZ945 600 mg 4d on/10d Off BID	2	2014_2017	bor	2	27	ALL_ARMS_NON_CONTROL_TYPED	EXPERIMENTAL | EXPERIMENTAL	PROPOSED	LEAF_CLAIM_NOT_VERIFIABLE_FROM_EXACT_SOURCE_FIELDS	DELIVERED_LEAF:LEAF-QD-group2.tsv	LEAF-OUT/LEAF-QD-group2.tsv:line 94; candidate protocolSection.armsInterventionsModule.armGroups[0].label	1	0	BLZ945 single agent	EXPERIMENTAL									UNKNOWN_IN_THIS_CACHE	no source-field-matched arm link and no comparator wording in the group record			NOT_ESTABLISHED_REGISTRY_JOIN_FIELDS_ABSENT_FROM_THIS_CACHE	ALL_REGISTERED_ARMS_NON_COMPARATOR_TYPED_CONDITIONAL	ASSUMES_THIS_RESULTS_GROUP_IS_A_SUBSET_OF_THE_REGISTERED_ARM_SET_MEMBERSHIP_UNPROVED		LEAF_LABEL_RESOLVES_UNIQUELY	BLZ945 single agent	LEAF-OUT/LEAF-QD-group2.tsv:line 94	RETAINED_UNVERIFIED_WITH_LOCATOR		armGroups[].description: [0]='BLZ945 administered as single agent' vs [1]='BLZ945 administered in combination with PDR001'; the group title/description states presence or absence of PDR001, and only 2 arms are registered	NEWLINE_TO_SPACE;CUT_AT_400_CHARS;TSV_WRITE_NORMALISES_TAB_AND_NEWLINE;ORIGINAL_RETRIEVABLE_ONLY_VIA_leaf_claim_locator	220	NO	NO	CONFIRMED	LEAF_WITHIN_RECORD_RELATION	BLZ945 single agent	NOT_CONTROL_CONFIRMED	UNKNOWN	CHANGED_CLASS:NOT_CONTROL_ASSERTED->UNKNOWN	BLZ945 600 mg twice per day administered for 4 days and suspended for 10 days	NEWLINE_TO_SPACE;CUT_AT_400_CHARS;TSV_WRITE_NORMALISES_TAB_AND_NEWLINE;ORIGINAL_RETRIEVABLE_ONLY_VIA_the cached source record	77
NCT02829723	Phase I and II: Best Overall Response (BOR) (Sustained) Per RANO	Phase I: BLZ945 300 mg 4d on/10d Off QD + PDR001 400 mg Q4W	1	2014_2017	bor	2	27	ALL_ARMS_NON_CONTROL_TYPED	EXPERIMENTAL | EXPERIMENTAL	PROPOSED	LEAF_CLAIM_NOT_VERIFIABLE_FROM_EXACT_SOURCE_FIELDS	DELIVERED_LEAF:LEAF-QD-group2.tsv	LEAF-OUT/LEAF-QD-group2.tsv:line 95; candidate protocolSection.armsInterventionsModule.armGroups[1].label	1	1	BLZ945 + PDR001	EXPERIMENTAL									UNKNOWN_IN_THIS_CACHE	no source-field-matched arm link and no comparator wording in the group record			NOT_ESTABLISHED_REGISTRY_JOIN_FIELDS_ABSENT_FROM_THIS_CACHE	ALL_REGISTERED_ARMS_NON_COMPARATOR_TYPED_CONDITIONAL	ASSUMES_THIS_RESULTS_GROUP_IS_A_SUBSET_OF_THE_REGISTERED_ARM_SET_MEMBERSHIP_UNPROVED		LEAF_LABEL_RESOLVES_UNIQUELY	BLZ945 + PDR001	LEAF-OUT/LEAF-QD-group2.tsv:line 95	RETAINED_UNVERIFIED_WITH_LOCATOR		armGroups[].description: [0]='BLZ945 administered as single agent' vs [1]='BLZ945 administered in combination with PDR001'; the group title/description states presence or absence of PDR001, and only 2 arms are registered	NEWLINE_TO_SPACE;CUT_AT_400_CHARS;TSV_WRITE_NORMALISES_TAB_AND_NEWLINE;ORIGINAL_RETRIEVABLE_ONLY_VIA_leaf_claim_locator	220	NO	NO	CONFIRMED	LEAF_WITHIN_RECORD_RELATION	BLZ945 + PDR001	NOT_CONTROL_CONFIRMED	UNKNOWN	CHANGED_CLASS:NOT_CONTROL_ASSERTED->UNKNOWN	BLZ945 300 mg once per day administered for 4 days and suspended for 10 days in combination with PDR001 400 mg every 4 weeks	NEWLINE_TO_SPACE;CUT_AT_400_CHARS;TSV_WRITE_NORMALISES_TAB_AND_NEWLINE;ORIGINAL_RETRIEVABLE_ONLY_VIA_the cached source record	124
NCT02829723	Phase I and II: Best Overall Response (BOR) (Sustained) Per RANO	Phase I: BLZ945 450 mg 4d on/10d Off QD + PDR001 400 mg Q4W	2	2014_2017	bor	2	27	ALL_ARMS_NON_CONTROL_TYPED	EXPERIMENTAL | EXPERIMENTAL	PROPOSED	LEAF_CLAIM_NOT_VERIFIABLE_FROM_EXACT_SOURCE_FIELDS	DELIVERED_LEAF:LEAF-QD-group2.tsv	LEAF-OUT/LEAF-QD-group2.tsv:line 96; candidate protocolSection.armsInterventionsModule.armGroups[1].label	1	1	BLZ945 + PDR001	EXPERIMENTAL									UNKNOWN_IN_THIS_CACHE	no source-field-matched arm link and no comparator wording in the group record			NOT_ESTABLISHED_REGISTRY_JOIN_FIELDS_ABSENT_FROM_THIS_CACHE	ALL_REGISTERED_ARMS_NON_COMPARATOR_TYPED_CONDITIONAL	ASSUMES_THIS_RESULTS_GROUP_IS_A_SUBSET_OF_THE_REGISTERED_ARM_SET_MEMBERSHIP_UNPROVED		LEAF_LABEL_RESOLVES_UNIQUELY	BLZ945 + PDR001	LEAF-OUT/LEAF-QD-group2.tsv:line 96	RETAINED_UNVERIFIED_WITH_LOCATOR		armGroups[].description: [0]='BLZ945 administered as single agent' vs [1]='BLZ945 administered in combination with PDR001'; the group title/description states presence or absence of PDR001, and only 2 arms are registered	NEWLINE_TO_SPACE;CUT_AT_400_CHARS;TSV_WRITE_NORMALISES_TAB_AND_NEWLINE;ORIGINAL_RETRIEVABLE_ONLY_VIA_leaf_claim_locator	220	NO	NO	CONFIRMED	LEAF_WITHIN_RECORD_RELATION	BLZ945 + PDR001	NOT_CONTROL_CONFIRMED	UNKNOWN	CHANGED_CLASS:NOT_CONTROL_ASSERTED->UNKNOWN	BLZ945 450 mg once per day administered for 4 days and suspended for 10 days in combination with PDR001 400 mg every 4 weeks	NEWLINE_TO_SPACE;CUT_AT_400_CHARS;TSV_WRITE_NORMALISES_TAB_AND_NEWLINE;ORIGINAL_RETRIEVABLE_ONLY_VIA_the cached source record	124
NCT02829723	Phase I and II: Best Overall Response (BOR) (Sustained) Per RANO	Phase I: BLZ945 800 mg Q1W BID + PDR001 400 mg Q4W	1	2014_2017	bor	2	27	ALL_ARMS_NON_CONTROL_TYPED	EXPERIMENTAL | EXPERIMENTAL	PROPOSED	LEAF_CLAIM_NOT_VERIFIABLE_FROM_EXACT_SOURCE_FIELDS	DELIVERED_LEAF:LEAF-QD-group2.tsv	LEAF-OUT/LEAF-QD-group2.tsv:line 97; candidate protocolSection.armsInterventionsModule.armGroups[1].label	1	1	BLZ945 + PDR001	EXPERIMENTAL									UNKNOWN_IN_THIS_CACHE	no source-field-matched arm link and no comparator wording in the group record			NOT_ESTABLISHED_REGISTRY_JOIN_FIELDS_ABSENT_FROM_THIS_CACHE	ALL_REGISTERED_ARMS_NON_COMPARATOR_TYPED_CONDITIONAL	ASSUMES_THIS_RESULTS_GROUP_IS_A_SUBSET_OF_THE_REGISTERED_ARM_SET_MEMBERSHIP_UNPROVED		LEAF_LABEL_RESOLVES_UNIQUELY	BLZ945 + PDR001	LEAF-OUT/LEAF-QD-group2.tsv:line 97	RETAINED_UNVERIFIED_WITH_LOCATOR		armGroups[].description: [0]='BLZ945 administered as single agent' vs [1]='BLZ945 administered in combination with PDR001'; the group title/description states presence or absence of PDR001, and only 2 arms are registered	NEWLINE_TO_SPACE;CUT_AT_400_CHARS;TSV_WRITE_NORMALISES_TAB_AND_NEWLINE;ORIGINAL_RETRIEVABLE_ONLY_VIA_leaf_claim_locator	220	NO	NO	CONFIRMED	LEAF_WITHIN_RECORD_RELATION	BLZ945 + PDR001	NOT_CONTROL_CONFIRMED	UNKNOWN	CHANGED_CLASS:NOT_CONTROL_ASSERTED->UNKNOWN	BLZ945 800 mg twice per day once weekly in combination with PDR001 400 mg every 4 weeks	NEWLINE_TO_SPACE;CUT_AT_400_CHARS;TSV_WRITE_NORMALISES_TAB_AND_NEWLINE;ORIGINAL_RETRIEVABLE_ONLY_VIA_the cached source record	87
NCT02829723	Phase I and II: Best Overall Response (BOR) (Sustained) Per RANO	Phase II: BLZ945 1200 mg 4d on/10d Off QD	10	2014_2017	bor	2	27	ALL_ARMS_NON_CONTROL_TYPED	EXPERIMENTAL | EXPERIMENTAL	PROPOSED	LEAF_CLAIM_NOT_VERIFIABLE_FROM_EXACT_SOURCE_FIELDS	DELIVERED_LEAF:LEAF-QD-group2.tsv	LEAF-OUT/LEAF-QD-group2.tsv:line 98; candidate protocolSection.armsInterventionsModule.armGroups[0].label	1	0	BLZ945 single agent	EXPERIMENTAL									UNKNOWN_IN_THIS_CACHE	no source-field-matched arm link and no comparator wording in the group record			NOT_ESTABLISHED_REGISTRY_JOIN_FIELDS_ABSENT_FROM_THIS_CACHE	ALL_REGISTERED_ARMS_NON_COMPARATOR_TYPED_CONDITIONAL	ASSUMES_THIS_RESULTS_GROUP_IS_A_SUBSET_OF_THE_REGISTERED_ARM_SET_MEMBERSHIP_UNPROVED		LEAF_LABEL_RESOLVES_UNIQUELY	BLZ945 single agent	LEAF-OUT/LEAF-QD-group2.tsv:line 98	RETAINED_UNVERIFIED_WITH_LOCATOR		armGroups[].description: [0]='BLZ945 administered as single agent' vs [1]='BLZ945 administered in combination with PDR001'; the group title/description states presence or absence of PDR001, and only 2 arms are registered	NEWLINE_TO_SPACE;CUT_AT_400_CHARS;TSV_WRITE_NORMALISES_TAB_AND_NEWLINE;ORIGINAL_RETRIEVABLE_ONLY_VIA_leaf_claim_locator	220	NO	NO	CONFIRMED	LEAF_WITHIN_RECORD_RELATION	BLZ945 single agent	NOT_CONTROL_CONFIRMED	UNKNOWN	CHANGED_CLASS:NOT_CONTROL_ASSERTED->UNKNOWN	BLZ945 1200 mg once per day administered for 4 days and suspended for 10 days	NEWLINE_TO_SPACE;CUT_AT_400_CHARS;TSV_WRITE_NORMALISES_TAB_AND_NEWLINE;ORIGINAL_RETRIEVABLE_ONLY_VIA_the cached source record	77
NCT02829723	Phase I and II: Best Overall Response (BOR) (Sustained) Per RANO	Phase II: BLZ945 700 mg 4d on/10d Off QD + PDR001 400 mg Q4W	6	2014_2017	bor	2	27	ALL_ARMS_NON_CONTROL_TYPED	EXPERIMENTAL | EXPERIMENTAL	PROPOSED	LEAF_CLAIM_NOT_VERIFIABLE_FROM_EXACT_SOURCE_FIELDS	DELIVERED_LEAF:LEAF-QD-group2.tsv	LEAF-OUT/LEAF-QD-group2.tsv:line 99; candidate protocolSection.armsInterventionsModule.armGroups[1].label	1	1	BLZ945 + PDR001	EXPERIMENTAL									UNKNOWN_IN_THIS_CACHE	no source-field-matched arm link and no comparator wording in the group record			NOT_ESTABLISHED_REGISTRY_JOIN_FIELDS_ABSENT_FROM_THIS_CACHE	ALL_REGISTERED_ARMS_NON_COMPARATOR_TYPED_CONDITIONAL	ASSUMES_THIS_RESULTS_GROUP_IS_A_SUBSET_OF_THE_REGISTERED_ARM_SET_MEMBERSHIP_UNPROVED		LEAF_LABEL_RESOLVES_UNIQUELY	BLZ945 + PDR001	LEAF-OUT/LEAF-QD-group2.tsv:line 99	RETAINED_UNVERIFIED_WITH_LOCATOR		armGroups[].description: [0]='BLZ945 administered as single agent' vs [1]='BLZ945 administered in combination with PDR001'; the group title/description states presence or absence of PDR001, and only 2 arms are registered	NEWLINE_TO_SPACE;CUT_AT_400_CHARS;TSV_WRITE_NORMALISES_TAB_AND_NEWLINE;ORIGINAL_RETRIEVABLE_ONLY_VIA_leaf_claim_locator	220	NO	NO	CONFIRMED	LEAF_WITHIN_RECORD_RELATION	BLZ945 + PDR001	NOT_CONTROL_CONFIRMED	UNKNOWN	CHANGED_CLASS:NOT_CONTROL_ASSERTED->UNKNOWN	BLZ945 700 mg once per day administered for 4 days and suspended for 10 days in combination with PDR001 400 mg every 4 weeks	NEWLINE_TO_SPACE;CUT_AT_400_CHARS;TSV_WRITE_NORMALISES_TAB_AND_NEWLINE;ORIGINAL_RETRIEVABLE_ONLY_VIA_the cached source record	124
NCT02829723	Phase I and II: Best Overall Response (BOR) (Sustained) Per iRANO	Phase I: BLZ945 1200 mg 4d on/10d Off QD	1	2014_2017	bor	2	27	ALL_ARMS_NON_CONTROL_TYPED	EXPERIMENTAL | EXPERIMENTAL	PROPOSED	LEAF_CLAIM_NOT_VERIFIABLE_FROM_EXACT_SOURCE_FIELDS	DELIVERED_LEAF:LEAF-QD-group2.tsv	LEAF-OUT/LEAF-QD-group2.tsv:line 100; candidate protocolSection.armsInterventionsModule.armGroups[0].label	1	0	BLZ945 single agent	EXPERIMENTAL									UNKNOWN_IN_THIS_CACHE	no source-field-matched arm link and no comparator wording in the group record			NOT_ESTABLISHED_REGISTRY_JOIN_FIELDS_ABSENT_FROM_THIS_CACHE	ALL_REGISTERED_ARMS_NON_COMPARATOR_TYPED_CONDITIONAL	ASSUMES_THIS_RESULTS_GROUP_IS_A_SUBSET_OF_THE_REGISTERED_ARM_SET_MEMBERSHIP_UNPROVED		LEAF_LABEL_RESOLVES_UNIQUELY	BLZ945 single agent	LEAF-OUT/LEAF-QD-group2.tsv:line 100	RETAINED_UNVERIFIED_WITH_LOCATOR		armGroups[].description: [0]='BLZ945 administered as single agent' vs [1]='BLZ945 administered in combination with PDR001'; the group title/description states presence or absence of PDR001, and only 2 arms are registered	NEWLINE_TO_SPACE;CUT_AT_400_CHARS;TSV_WRITE_NORMALISES_TAB_AND_NEWLINE;ORIGINAL_RETRIEVABLE_ONLY_VIA_leaf_claim_locator	220	NO	NO	CONFIRMED	LEAF_WITHIN_RECORD_RELATION	BLZ945 single agent	NOT_CONTROL_CONFIRMED	UNKNOWN	CHANGED_CLASS:NOT_CONTROL_ASSERTED->UNKNOWN	BLZ945 1200 mg once per day administered for 4 days and suspended for 10 days	NEWLINE_TO_SPACE;CUT_AT_400_CHARS;TSV_WRITE_NORMALISES_TAB_AND_NEWLINE;ORIGINAL_RETRIEVABLE_ONLY_VIA_the cached source record	77
NCT02829723	Phase I and II: Best Overall Response (BOR) (Sustained) Per iRANO	Phase I: BLZ945 600 mg Q1W BID	2	2014_2017	bor	2	27	ALL_ARMS_NON_CONTROL_TYPED	EXPERIMENTAL | EXPERIMENTAL	PROPOSED	LEAF_CLAIM_NOT_VERIFIABLE_FROM_EXACT_SOURCE_FIELDS	DELIVERED_LEAF:LEAF-QD-group2.tsv	LEAF-OUT/LEAF-QD-group2.tsv:line 101; candidate protocolSection.armsInterventionsModule.armGroups[0].label	1	0	BLZ945 single agent	EXPERIMENTAL									UNKNOWN_IN_THIS_CACHE	no source-field-matched arm link and no comparator wording in the group record			NOT_ESTABLISHED_REGISTRY_JOIN_FIELDS_ABSENT_FROM_THIS_CACHE	ALL_REGISTERED_ARMS_NON_COMPARATOR_TYPED_CONDITIONAL	ASSUMES_THIS_RESULTS_GROUP_IS_A_SUBSET_OF_THE_REGISTERED_ARM_SET_MEMBERSHIP_UNPROVED		LEAF_LABEL_RESOLVES_UNIQUELY	BLZ945 single agent	LEAF-OUT/LEAF-QD-group2.tsv:line 101	RETAINED_UNVERIFIED_WITH_LOCATOR		armGroups[].description: [0]='BLZ945 administered as single agent' vs [1]='BLZ945 administered in combination with PDR001'; the group title/description states presence or absence of PDR001, and only 2 arms are registered	NEWLINE_TO_SPACE;CUT_AT_400_CHARS;TSV_WRITE_NORMALISES_TAB_AND_NEWLINE;ORIGINAL_RETRIEVABLE_ONLY_VIA_leaf_claim_locator	220	NO	NO	CONFIRMED	LEAF_WITHIN_RECORD_RELATION	BLZ945 single agent	NOT_CONTROL_CONFIRMED	UNKNOWN	CHANGED_CLASS:NOT_CONTROL_ASSERTED->UNKNOWN	BLZ945 600 mg twice per day once weekly	NEWLINE_TO_SPACE;CUT_AT_400_CHARS;TSV_WRITE_NORMALISES_TAB_AND_NEWLINE;ORIGINAL_RETRIEVABLE_ONLY_VIA_the cached source record	39
NCT02829723	Phase I and II: Best Overall Response (BOR) (Sustained) Per iRANO	Phase I: BLZ945 600 mg 4d on/10d Off BID	1	2014_2017	bor	2	27	ALL_ARMS_NON_CONTROL_TYPED	EXPERIMENTAL | EXPERIMENTAL	PROPOSED	LEAF_CLAIM_NOT_VERIFIABLE_FROM_EXACT_SOURCE_FIELDS	DELIVERED_LEAF:LEAF-QD-group2.tsv	LEAF-OUT/LEAF-QD-group2.tsv:line 102; candidate protocolSection.armsInterventionsModule.armGroups[0].label	1	0	BLZ945 single agent	EXPERIMENTAL									UNKNOWN_IN_THIS_CACHE	no source-field-matched arm link and no comparator wording in the group record			NOT_ESTABLISHED_REGISTRY_JOIN_FIELDS_ABSENT_FROM_THIS_CACHE	ALL_REGISTERED_ARMS_NON_COMPARATOR_TYPED_CONDITIONAL	ASSUMES_THIS_RESULTS_GROUP_IS_A_SUBSET_OF_THE_REGISTERED_ARM_SET_MEMBERSHIP_UNPROVED		LEAF_LABEL_RESOLVES_UNIQUELY	BLZ945 single agent	LEAF-OUT/LEAF-QD-group2.tsv:line 102	RETAINED_UNVERIFIED_WITH_LOCATOR		armGroups[].description: [0]='BLZ945 administered as single agent' vs [1]='BLZ945 administered in combination with PDR001'; the group title/description states presence or absence of PDR001, and only 2 arms are registered	NEWLINE_TO_SPACE;CUT_AT_400_CHARS;TSV_WRITE_NORMALISES_TAB_AND_NEWLINE;ORIGINAL_RETRIEVABLE_ONLY_VIA_leaf_claim_locator	220	NO	NO	CONFIRMED	LEAF_WITHIN_RECORD_RELATION	BLZ945 single agent	NOT_CONTROL_CONFIRMED	UNKNOWN	CHANGED_CLASS:NOT_CONTROL_ASSERTED->UNKNOWN	BLZ945 600 mg twice per day administered for 4 days and suspended for 10 days	NEWLINE_TO_SPACE;CUT_AT_400_CHARS;TSV_WRITE_NORMALISES_TAB_AND_NEWLINE;ORIGINAL_RETRIEVABLE_ONLY_VIA_the cached source record	77
NCT02829723	Phase I and II: Best Overall Response (BOR) (Sustained) Per iRANO	Phase I: BLZ945 300 mg 4d on/10d Off QD + PDR001 400 mg Q4W	1	2014_2017	bor	2	27	ALL_ARMS_NON_CONTROL_TYPED	EXPERIMENTAL | EXPERIMENTAL	PROPOSED	LEAF_CLAIM_NOT_VERIFIABLE_FROM_EXACT_SOURCE_FIELDS	DELIVERED_LEAF:LEAF-QD-group2.tsv	LEAF-OUT/LEAF-QD-group2.tsv:line 103; candidate protocolSection.armsInterventionsModule.armGroups[1].label	1	1	BLZ945 + PDR001	EXPERIMENTAL									UNKNOWN_IN_THIS_CACHE	no source-field-matched arm link and no comparator wording in the group record			NOT_ESTABLISHED_REGISTRY_JOIN_FIELDS_ABSENT_FROM_THIS_CACHE	ALL_REGISTERED_ARMS_NON_COMPARATOR_TYPED_CONDITIONAL	ASSUMES_THIS_RESULTS_GROUP_IS_A_SUBSET_OF_THE_REGISTERED_ARM_SET_MEMBERSHIP_UNPROVED		LEAF_LABEL_RESOLVES_UNIQUELY	BLZ945 + PDR001	LEAF-OUT/LEAF-QD-group2.tsv:line 103	RETAINED_UNVERIFIED_WITH_LOCATOR		armGroups[].description: [0]='BLZ945 administered as single agent' vs [1]='BLZ945 administered in combination with PDR001'; the group title/description states presence or absence of PDR001, and only 2 arms are registered	NEWLINE_TO_SPACE;CUT_AT_400_CHARS;TSV_WRITE_NORMALISES_TAB_AND_NEWLINE;ORIGINAL_RETRIEVABLE_ONLY_VIA_leaf_claim_locator	220	NO	NO	CONFIRMED	LEAF_WITHIN_RECORD_RELATION	BLZ945 + PDR001	NOT_CONTROL_CONFIRMED	UNKNOWN	CHANGED_CLASS:NOT_CONTROL_ASSERTED->UNKNOWN	BLZ945 300 mg once per day administered for 4 days and suspended for 10 days in combination with PDR001 400 mg every 4 weeks	NEWLINE_TO_SPACE;CUT_AT_400_CHARS;TSV_WRITE_NORMALISES_TAB_AND_NEWLINE;ORIGINAL_RETRIEVABLE_ONLY_VIA_the cached source record	124
NCT02829723	Phase I and II: Best Overall Response (BOR) (Sustained) Per iRANO	Phase I: BLZ945 450 mg 4d on/10d Off QD + PDR001 400 mg Q4W	2	2014_2017	bor	2	27	ALL_ARMS_NON_CONTROL_TYPED	EXPERIMENTAL | EXPERIMENTAL	PROPOSED	LEAF_CLAIM_NOT_VERIFIABLE_FROM_EXACT_SOURCE_FIELDS	DELIVERED_LEAF:LEAF-QD-group2.tsv	LEAF-OUT/LEAF-QD-group2.tsv:line 104; candidate protocolSection.armsInterventionsModule.armGroups[1].label	1	1	BLZ945 + PDR001	EXPERIMENTAL									UNKNOWN_IN_THIS_CACHE	no source-field-matched arm link and no comparator wording in the group record			NOT_ESTABLISHED_REGISTRY_JOIN_FIELDS_ABSENT_FROM_THIS_CACHE	ALL_REGISTERED_ARMS_NON_COMPARATOR_TYPED_CONDITIONAL	ASSUMES_THIS_RESULTS_GROUP_IS_A_SUBSET_OF_THE_REGISTERED_ARM_SET_MEMBERSHIP_UNPROVED		LEAF_LABEL_RESOLVES_UNIQUELY	BLZ945 + PDR001	LEAF-OUT/LEAF-QD-group2.tsv:line 104	RETAINED_UNVERIFIED_WITH_LOCATOR		armGroups[].description: [0]='BLZ945 administered as single agent' vs [1]='BLZ945 administered in combination with PDR001'; the group title/description states presence or absence of PDR001, and only 2 arms are registered	NEWLINE_TO_SPACE;CUT_AT_400_CHARS;TSV_WRITE_NORMALISES_TAB_AND_NEWLINE;ORIGINAL_RETRIEVABLE_ONLY_VIA_leaf_claim_locator	220	NO	NO	CONFIRMED	LEAF_WITHIN_RECORD_RELATION	BLZ945 + PDR001	NOT_CONTROL_CONFIRMED	UNKNOWN	CHANGED_CLASS:NOT_CONTROL_ASSERTED->UNKNOWN	BLZ945 450 mg once per day administered for 4 days and suspended for 10 days in combination with PDR001 400 mg every 4 weeks	NEWLINE_TO_SPACE;CUT_AT_400_CHARS;TSV_WRITE_NORMALISES_TAB_AND_NEWLINE;ORIGINAL_RETRIEVABLE_ONLY_VIA_the cached source record	124
NCT02829723	Phase I and II: Best Overall Response (BOR) (Sustained) Per iRANO	Phase II: BLZ945 1200 mg 4d on/10d Off QD	6	2014_2017	bor	2	27	ALL_ARMS_NON_CONTROL_TYPED	EXPERIMENTAL | EXPERIMENTAL	PROPOSED	LEAF_CLAIM_NOT_VERIFIABLE_FROM_EXACT_SOURCE_FIELDS	DELIVERED_LEAF:LEAF-QD-group2.tsv	LEAF-OUT/LEAF-QD-group2.tsv:line 105; candidate protocolSection.armsInterventionsModule.armGroups[0].label	1	0	BLZ945 single agent	EXPERIMENTAL									UNKNOWN_IN_THIS_CACHE	no source-field-matched arm link and no comparator wording in the group record			NOT_ESTABLISHED_REGISTRY_JOIN_FIELDS_ABSENT_FROM_THIS_CACHE	ALL_REGISTERED_ARMS_NON_COMPARATOR_TYPED_CONDITIONAL	ASSUMES_THIS_RESULTS_GROUP_IS_A_SUBSET_OF_THE_REGISTERED_ARM_SET_MEMBERSHIP_UNPROVED		LEAF_LABEL_RESOLVES_UNIQUELY	BLZ945 single agent	LEAF-OUT/LEAF-QD-group2.tsv:line 105	RETAINED_UNVERIFIED_WITH_LOCATOR		armGroups[].description: [0]='BLZ945 administered as single agent' vs [1]='BLZ945 administered in combination with PDR001'; the group title/description states presence or absence of PDR001, and only 2 arms are registered	NEWLINE_TO_SPACE;CUT_AT_400_CHARS;TSV_WRITE_NORMALISES_TAB_AND_NEWLINE;ORIGINAL_RETRIEVABLE_ONLY_VIA_leaf_claim_locator	220	NO	NO	CONFIRMED	LEAF_WITHIN_RECORD_RELATION	BLZ945 single agent	NOT_CONTROL_CONFIRMED	UNKNOWN	CHANGED_CLASS:NOT_CONTROL_ASSERTED->UNKNOWN	BLZ945 1200 mg once per day administered for 4 days and suspended for 10 days	NEWLINE_TO_SPACE;CUT_AT_400_CHARS;TSV_WRITE_NORMALISES_TAB_AND_NEWLINE;ORIGINAL_RETRIEVABLE_ONLY_VIA_the cached source record	77
NCT02829723	Phase I and II: Best Overall Response (BOR) (Sustained) Per iRANO	Phase II: BLZ945 700 mg 4d on/10d Off QD + PDR001 400 mg Q4W	5	2014_2017	bor	2	27	ALL_ARMS_NON_CONTROL_TYPED	EXPERIMENTAL | EXPERIMENTAL	PROPOSED	LEAF_CLAIM_NOT_VERIFIABLE_FROM_EXACT_SOURCE_FIELDS	DELIVERED_LEAF:LEAF-QD-group2.tsv	LEAF-OUT/LEAF-QD-group2.tsv:line 106; candidate protocolSection.armsInterventionsModule.armGroups[1].label	1	1	BLZ945 + PDR001	EXPERIMENTAL									UNKNOWN_IN_THIS_CACHE	no source-field-matched arm link and no comparator wording in the group record			NOT_ESTABLISHED_REGISTRY_JOIN_FIELDS_ABSENT_FROM_THIS_CACHE	ALL_REGISTERED_ARMS_NON_COMPARATOR_TYPED_CONDITIONAL	ASSUMES_THIS_RESULTS_GROUP_IS_A_SUBSET_OF_THE_REGISTERED_ARM_SET_MEMBERSHIP_UNPROVED		LEAF_LABEL_RESOLVES_UNIQUELY	BLZ945 + PDR001	LEAF-OUT/LEAF-QD-group2.tsv:line 106	RETAINED_UNVERIFIED_WITH_LOCATOR		armGroups[].description: [0]='BLZ945 administered as single agent' vs [1]='BLZ945 administered in combination with PDR001'; the group title/description states presence or absence of PDR001, and only 2 arms are registered	NEWLINE_TO_SPACE;CUT_AT_400_CHARS;TSV_WRITE_NORMALISES_TAB_AND_NEWLINE;ORIGINAL_RETRIEVABLE_ONLY_VIA_leaf_claim_locator	220	NO	NO	CONFIRMED	LEAF_WITHIN_RECORD_RELATION	BLZ945 + PDR001	NOT_CONTROL_CONFIRMED	UNKNOWN	CHANGED_CLASS:NOT_CONTROL_ASSERTED->UNKNOWN	BLZ945 700 mg once per day administered for 4 days and suspended for 10 days in combination with PDR001 400 mg every 4 weeks	NEWLINE_TO_SPACE;CUT_AT_400_CHARS;TSV_WRITE_NORMALISES_TAB_AND_NEWLINE;ORIGINAL_RETRIEVABLE_ONLY_VIA_the cached source record	124
NCT02829723	Phase I: Best Overall Response (BOR) Per Guidelines for Efficacy Evaluation in Lymphoma Studies	Phase I: BLZ945 700 mg 4d on/10d Off QD + PDR001 400 mg Q4W	2	2014_2017	bor	2	25	ALL_ARMS_NON_CONTROL_TYPED	EXPERIMENTAL | EXPERIMENTAL	PROPOSED	LEAF_CLAIM_NOT_VERIFIABLE_FROM_EXACT_SOURCE_FIELDS	DELIVERED_LEAF:LEAF-QD-group2.tsv	LEAF-OUT/LEAF-QD-group2.tsv:line 107; candidate protocolSection.armsInterventionsModule.armGroups[1].label	1	1	BLZ945 + PDR001	EXPERIMENTAL									UNKNOWN_IN_THIS_CACHE	no source-field-matched arm link and no comparator wording in the group record			NOT_ESTABLISHED_REGISTRY_JOIN_FIELDS_ABSENT_FROM_THIS_CACHE	ALL_REGISTERED_ARMS_NON_COMPARATOR_TYPED_CONDITIONAL	ASSUMES_THIS_RESULTS_GROUP_IS_A_SUBSET_OF_THE_REGISTERED_ARM_SET_MEMBERSHIP_UNPROVED		LEAF_LABEL_RESOLVES_UNIQUELY	BLZ945 + PDR001	LEAF-OUT/LEAF-QD-group2.tsv:line 107	RETAINED_UNVERIFIED_WITH_LOCATOR		armGroups[].description: [0]='BLZ945 administered as single agent' vs [1]='BLZ945 administered in combination with PDR001'; the group title/description states presence or absence of PDR001, and only 2 arms are registered	NEWLINE_TO_SPACE;CUT_AT_400_CHARS;TSV_WRITE_NORMALISES_TAB_AND_NEWLINE;ORIGINAL_RETRIEVABLE_ONLY_VIA_leaf_claim_locator	220	NO	NO	CONFIRMED	LEAF_WITHIN_RECORD_RELATION	BLZ945 + PDR001	NOT_CONTROL_CONFIRMED	UNKNOWN	CHANGED_CLASS:NOT_CONTROL_ASSERTED->UNKNOWN	BLZ945 700 mg once per day administered for 4 days and suspended for 10 days in combination with PDR001 400 mg every 4 weeks	NEWLINE_TO_SPACE;CUT_AT_400_CHARS;TSV_WRITE_NORMALISES_TAB_AND_NEWLINE;ORIGINAL_RETRIEVABLE_ONLY_VIA_the cached source record	124
NCT02759588	Evaluation of Tumor Response to Treatment for Participants Enrolled in the Phase 1b Portion of This Study	Phase 1b - Cohort 1	2	2014_2017	bor	4	2	ALL_ARMS_NON_CONTROL_TYPED	EXPERIMENTAL | EXPERIMENTAL | EXPERIMENTAL | EXPERIMENTAL	LABEL_MATCH	LABEL_FIELD_MATCH_ONLY:LABEL_BYTE_EXACT	SOURCE_RECORD	protocolSection.armsInterventionsModule.armGroups[0].label	1	0	Phase 1b - Cohort 1	EXPERIMENTAL	0	Phase 1b - Cohort 1	EXPERIMENTAL						NOT_ESTABLISHED_IN_THIS_CACHE	bound arm 0 registered type EXPERIMENTAL (verbatim). A registered type of EXPERIMENTAL/OTHER is not evidence that this group had no comparator role; no comparator evidence exists in this cache either way			NOT_ESTABLISHED_REGISTRY_JOIN_FIELDS_ABSENT_FROM_THIS_CACHE	BOUND_ARM_REGISTERED_TYPE_IS_EXPERIMENTAL	ASSUMES_LABEL_FIELD_CORRESPONDENCE_IS_ARM_IDENTITY_UNPROVED		NO_LEAF									NO	CONFIRMED	LABEL_BYTE_EXACT	Phase 1b - Cohort 1	NOT_CONTROL_CONFIRMED	NOT_CONTROL	CHANGED_CLASS:NOT_CONTROL_ASSERTED->NOT_ESTABLISHED	Participants received 2 consecutive days of IP infusions of Olvi-Vec at 3 x 10e9 pfu and received chemotherapy with or without bevacizumab.	NEWLINE_TO_SPACE;CUT_AT_400_CHARS;TSV_WRITE_NORMALISES_TAB_AND_NEWLINE;ORIGINAL_RETRIEVABLE_ONLY_VIA_the cached source record	139
NCT02759588	Evaluation of Tumor Response to Treatment for Participants Enrolled in the Phase 1b Portion of This Study	Phase 1b - Cohort 2	1	2014_2017	bor	4	2	ALL_ARMS_NON_CONTROL_TYPED	EXPERIMENTAL | EXPERIMENTAL | EXPERIMENTAL | EXPERIMENTAL	LABEL_MATCH	LABEL_FIELD_MATCH_ONLY:LABEL_BYTE_EXACT	SOURCE_RECORD	protocolSection.armsInterventionsModule.armGroups[1].label	1	1	Phase 1b - Cohort 2	EXPERIMENTAL	1	Phase 1b - Cohort 2	EXPERIMENTAL						NOT_ESTABLISHED_IN_THIS_CACHE	bound arm 1 registered type EXPERIMENTAL (verbatim). A registered type of EXPERIMENTAL/OTHER is not evidence that this group had no comparator role; no comparator evidence exists in this cache either way			NOT_ESTABLISHED_REGISTRY_JOIN_FIELDS_ABSENT_FROM_THIS_CACHE	BOUND_ARM_REGISTERED_TYPE_IS_EXPERIMENTAL	ASSUMES_LABEL_FIELD_CORRESPONDENCE_IS_ARM_IDENTITY_UNPROVED		NO_LEAF									NO	CONFIRMED	LABEL_BYTE_EXACT	Phase 1b - Cohort 2	NOT_CONTROL_CONFIRMED	NOT_CONTROL	CHANGED_CLASS:NOT_CONTROL_ASSERTED->NOT_ESTABLISHED	Participants received 2 consecutive days of IP infusions of Olvi-Vec at 1 x 10e10 pfu and received chemotherapy with or without bevacizumab.	NEWLINE_TO_SPACE;CUT_AT_400_CHARS;TSV_WRITE_NORMALISES_TAB_AND_NEWLINE;ORIGINAL_RETRIEVABLE_ONLY_VIA_the cached source record	140
NCT02212015	Response Rate (RR)	Pazopanib + Paclitaxel	25	2014_2017	bor	1	1	ALL_ARMS_NON_CONTROL_TYPED	EXPERIMENTAL	LABEL_MATCH	LABEL_FIELD_MATCH_ONLY:LABEL_BYTE_EXACT	SOURCE_RECORD	protocolSection.armsInterventionsModule.armGroups[0].label	1	0	Pazopanib + Paclitaxel	EXPERIMENTAL	0	Pazopanib + Paclitaxel	EXPERIMENTAL						NOT_ESTABLISHED_IN_THIS_CACHE	bound arm 0 registered type EXPERIMENTAL (verbatim). A registered type of EXPERIMENTAL/OTHER is not evidence that this group had no comparator role; no comparator evidence exists in this cache either way			NOT_ESTABLISHED_REGISTRY_JOIN_FIELDS_ABSENT_FROM_THIS_CACHE	BOUND_ARM_REGISTERED_TYPE_IS_EXPERIMENTAL	ASSUMES_LABEL_FIELD_CORRESPONDENCE_IS_ARM_IDENTITY_UNPROVED		NO_LEAF									NO	CONFIRMED	LABEL_BYTE_EXACT	Pazopanib + Paclitaxel	NOT_CONTROL_CONFIRMED	NOT_CONTROL	CHANGED_CLASS:NOT_CONTROL_ASSERTED->NOT_ESTABLISHED	Paclitaxel administered every 28 days at day 1, day 8 and day 15 as a 2h intravenous infusion in a dose of 70mg/m2 in combination with pazopanib in a daily oral dose of 800mg (2x400mg) in the treatment of patients with advanced or metastatic angiosarcoma.	NEWLINE_TO_SPACE;CUT_AT_400_CHARS;TSV_WRITE_NORMALISES_TAB_AND_NEWLINE;ORIGINAL_RETRIEVABLE_ONLY_VIA_the cached source record	255
NCT02212015	Response Rate (RR), Subgroup1 Analysis	Pazopanib + Paclitaxel	7	2014_2017	bor	1	1	ALL_ARMS_NON_CONTROL_TYPED	EXPERIMENTAL	LABEL_MATCH	LABEL_FIELD_MATCH_ONLY:LABEL_BYTE_EXACT	SOURCE_RECORD	protocolSection.armsInterventionsModule.armGroups[0].label	1	0	Pazopanib + Paclitaxel	EXPERIMENTAL	0	Pazopanib + Paclitaxel	EXPERIMENTAL						NOT_ESTABLISHED_IN_THIS_CACHE	bound arm 0 registered type EXPERIMENTAL (verbatim). A registered type of EXPERIMENTAL/OTHER is not evidence that this group had no comparator role; no comparator evidence exists in this cache either way			NOT_ESTABLISHED_REGISTRY_JOIN_FIELDS_ABSENT_FROM_THIS_CACHE	BOUND_ARM_REGISTERED_TYPE_IS_EXPERIMENTAL	ASSUMES_LABEL_FIELD_CORRESPONDENCE_IS_ARM_IDENTITY_UNPROVED		NO_LEAF									NO	CONFIRMED	LABEL_BYTE_EXACT	Pazopanib + Paclitaxel	NOT_CONTROL_CONFIRMED	NOT_CONTROL	CHANGED_CLASS:NOT_CONTROL_ASSERTED->NOT_ESTABLISHED	Paclitaxel i.v. infusion over 6 cycles, administered on day 1, day 8, day 15 of every cycle with a dosage of 70mg/m2 in combination with Pazopanib taken orally with a dosage of 800mg daily/once per day in the treatment of patients with advanced or metastatic angiosarcoma.	NEWLINE_TO_SPACE;CUT_AT_400_CHARS;TSV_WRITE_NORMALISES_TAB_AND_NEWLINE;ORIGINAL_RETRIEVABLE_ONLY_VIA_the cached source record	272
NCT02212015	Response Rate (RR), Subgroup 2 Analysis	Pazopanib + Paclitaxel	12	2014_2017	bor	1	1	ALL_ARMS_NON_CONTROL_TYPED	EXPERIMENTAL	LABEL_MATCH	LABEL_FIELD_MATCH_ONLY:LABEL_BYTE_EXACT	SOURCE_RECORD	protocolSection.armsInterventionsModule.armGroups[0].label	1	0	Pazopanib + Paclitaxel	EXPERIMENTAL	0	Pazopanib + Paclitaxel	EXPERIMENTAL						NOT_ESTABLISHED_IN_THIS_CACHE	bound arm 0 registered type EXPERIMENTAL (verbatim). A registered type of EXPERIMENTAL/OTHER is not evidence that this group had no comparator role; no comparator evidence exists in this cache either way			NOT_ESTABLISHED_REGISTRY_JOIN_FIELDS_ABSENT_FROM_THIS_CACHE	BOUND_ARM_REGISTERED_TYPE_IS_EXPERIMENTAL	ASSUMES_LABEL_FIELD_CORRESPONDENCE_IS_ARM_IDENTITY_UNPROVED		NO_LEAF									NO	CONFIRMED	LABEL_BYTE_EXACT	Pazopanib + Paclitaxel	NOT_CONTROL_CONFIRMED	NOT_CONTROL	CHANGED_CLASS:NOT_CONTROL_ASSERTED->NOT_ESTABLISHED	Paclitaxel i.v. infusion over 6 cycles, administered on day 1, day 8, day 15 of every cycle with a dosage of 70mg/m2 in combination with Pazopanib taken orally with a dosage of 800mg daily/once per day in the treatment of patients with advanced or metastatic angiosarcoma.	NEWLINE_TO_SPACE;CUT_AT_400_CHARS;TSV_WRITE_NORMALISES_TAB_AND_NEWLINE;ORIGINAL_RETRIEVABLE_ONLY_VIA_the cached source record	272
NCT02879162	Objective Response Rate Measured by RECIST Version 1.1	Durvalumab + Tremelimumab	128	2014_2017	bor	1	1	ALL_ARMS_NON_CONTROL_TYPED	EXPERIMENTAL	LABEL_MATCH	LABEL_FIELD_MATCH_ONLY:LABEL_BYTE_EXACT	SOURCE_RECORD	protocolSection.armsInterventionsModule.armGroups[0].label	1	0	Durvalumab + Tremelimumab	EXPERIMENTAL	0	Durvalumab + Tremelimumab	EXPERIMENTAL						NOT_ESTABLISHED_IN_THIS_CACHE	bound arm 0 registered type EXPERIMENTAL (verbatim). A registered type of EXPERIMENTAL/OTHER is not evidence that this group had no comparator role; no comparator evidence exists in this cache either way			NOT_ESTABLISHED_REGISTRY_JOIN_FIELDS_ABSENT_FROM_THIS_CACHE	BOUND_ARM_REGISTERED_TYPE_IS_EXPERIMENTAL	ASSUMES_LABEL_FIELD_CORRESPONDENCE_IS_ARM_IDENTITY_UNPROVED		NO_LEAF									NO	CONFIRMED	LABEL_BYTE_EXACT	Durvalumab + Tremelimumab	NOT_CONTROL_CONFIRMED	NOT_CONTROL	CHANGED_CLASS:NOT_CONTROL_ASSERTED->NOT_ESTABLISHED	Durvalumab 1500 mg IV 60 min Day 1 every 4 weeks Tremelimumab 75 mg IV 60 min Day 1, cycles 1-4  Durvalumab  Tremelimumab	NEWLINE_TO_SPACE;CUT_AT_400_CHARS;TSV_WRITE_NORMALISES_TAB_AND_NEWLINE;ORIGINAL_RETRIEVABLE_ONLY_VIA_the cached source record	121
NCT03122548	Objective Response Rate (ORR)	CRS-207 + Pembrolizumab	3	2014_2017	bor	1	1	ALL_ARMS_NON_CONTROL_TYPED	EXPERIMENTAL	LABEL_MATCH	LABEL_FIELD_MATCH_ONLY:LABEL_BYTE_EXACT	SOURCE_RECORD	protocolSection.armsInterventionsModule.armGroups[0].label	1	0	CRS-207 + Pembrolizumab	EXPERIMENTAL	0	CRS-207 + Pembrolizumab	EXPERIMENTAL						NOT_ESTABLISHED_IN_THIS_CACHE	bound arm 0 registered type EXPERIMENTAL (verbatim). A registered type of EXPERIMENTAL/OTHER is not evidence that this group had no comparator role; no comparator evidence exists in this cache either way			NOT_ESTABLISHED_REGISTRY_JOIN_FIELDS_ABSENT_FROM_THIS_CACHE	BOUND_ARM_REGISTERED_TYPE_IS_EXPERIMENTAL	ASSUMES_LABEL_FIELD_CORRESPONDENCE_IS_ARM_IDENTITY_UNPROVED		NO_LEAF									NO	CONFIRMED	LABEL_BYTE_EXACT	CRS-207 + Pembrolizumab	NOT_CONTROL_CONFIRMED	NOT_CONTROL	CHANGED_CLASS:NOT_CONTROL_ASSERTED->NOT_ESTABLISHED	Treatment cycle is once every 3 weeks. Pembrolizumab: 200 mg administered by IV infusion on Day 1 of each 3-week cycle. CRS-207: 1×10e9 CFU administered by IV infusion on Day 2 of Cycle 1, Day 1 of Cycles 2, 3, 4, and Day 1 every 6 weeks thereafter (every other cycle).	NEWLINE_TO_SPACE;CUT_AT_400_CHARS;TSV_WRITE_NORMALISES_TAB_AND_NEWLINE;ORIGINAL_RETRIEVABLE_ONLY_VIA_the cached source record	269
NCT02277093	Overall Response Rate (ORR)	Pacritinib	7	2014_2017	bor	1	1	ALL_ARMS_NON_CONTROL_TYPED	EXPERIMENTAL	SOURCE_FIELD_MATCH	TWO_AGREEING_FIELD_MATCHES:LABEL_BYTE_EXACT+DESC_BYTE_EXACT	SOURCE_RECORD	protocolSection.armsInterventionsModule.armGroups[0].label and protocolSection.armsInterventionsModule.armGroups[0].description	1	0	Pacritinib	EXPERIMENTAL	0	Pacritinib	EXPERIMENTAL						NOT_ESTABLISHED_IN_THIS_CACHE	bound arm 0 registered type EXPERIMENTAL (verbatim). A registered type of EXPERIMENTAL/OTHER is not evidence that this group had no comparator role; no comparator evidence exists in this cache either way			NOT_ESTABLISHED_REGISTRY_JOIN_FIELDS_ABSENT_FROM_THIS_CACHE	BOUND_ARM_REGISTERED_TYPE_IS_EXPERIMENTAL	ASSUMES_TWO_AGREEING_SOURCE_FIELD_MATCHES_ARE_ARM_IDENTITY_UNPROVED		NO_LEAF									NO	CONFIRMED	LABEL_BYTE_EXACT	Pacritinib	NOT_CONTROL_CONFIRMED	NOT_CONTROL	CHANGED_CLASS:NOT_CONTROL_ASSERTED->NOT_ESTABLISHED	* Pacritinib is an oral drug which will be taken on an outpatient basis daily on a 28-day cycle at a dose of 200 mg twice a day (BID) * Pacritinib should be take at approximately the same times every day with a glass of water, with or without food	NEWLINE_TO_SPACE;CUT_AT_400_CHARS;TSV_WRITE_NORMALISES_TAB_AND_NEWLINE;ORIGINAL_RETRIEVABLE_ONLY_VIA_the cached source record	247
NCT03225105	Number of Participants With Best Overall Response (BOR) According to Response Evaluation Criteria in Solid Tumors (RECIST) Version 1.1	M3541 50 mg + RT	3	2014_2017	bor	4	4	ALL_ARMS_NON_CONTROL_TYPED	EXPERIMENTAL | EXPERIMENTAL | EXPERIMENTAL | EXPERIMENTAL	SOURCE_FIELD_MATCH	TWO_AGREEING_FIELD_MATCHES:LABEL_BYTE_EXACT+DESC_BYTE_EXACT	SOURCE_RECORD	protocolSection.armsInterventionsModule.armGroups[0].label and protocolSection.armsInterventionsModule.armGroups[0].description	1	0	M3541 50 mg + RT	EXPERIMENTAL	0	M3541 50 mg + RT	EXPERIMENTAL						NOT_ESTABLISHED_IN_THIS_CACHE	bound arm 0 registered type EXPERIMENTAL (verbatim). A registered type of EXPERIMENTAL/OTHER is not evidence that this group had no comparator role; no comparator evidence exists in this cache either way			NOT_ESTABLISHED_REGISTRY_JOIN_FIELDS_ABSENT_FROM_THIS_CACHE	BOUND_ARM_REGISTERED_TYPE_IS_EXPERIMENTAL	ASSUMES_TWO_AGREEING_SOURCE_FIELD_MATCHES_ARE_ARM_IDENTITY_UNPROVED		NO_LEAF									NO	CONFIRMED	LABEL_BYTE_EXACT	M3541 50 mg + RT	NOT_CONTROL_CONFIRMED	NOT_CONTROL	CHANGED_CLASS:NOT_CONTROL_ASSERTED->NOT_ESTABLISHED	Participants received 50 milligrams (mg) M3541 orally once per fraction day (FD) in combination with palliative radiotherapy (RT) administered in fraction of 30 Gray (Gy) given in 10 fractions of 3 Gy/FD on FD 1 to FD 10, for 2 consecutive calendar weeks (ie, Monday through Friday, with the intervening Saturday and Sunday as M3541 / RT holidays).	NEWLINE_TO_SPACE;CUT_AT_400_CHARS;TSV_WRITE_NORMALISES_TAB_AND_NEWLINE;ORIGINAL_RETRIEVABLE_ONLY_VIA_the cached source record	348
NCT03225105	Number of Participants With Best Overall Response (BOR) According to Response Evaluation Criteria in Solid Tumors (RECIST) Version 1.1	M3541 100 mg + RT	4	2014_2017	bor	4	4	ALL_ARMS_NON_CONTROL_TYPED	EXPERIMENTAL | EXPERIMENTAL | EXPERIMENTAL | EXPERIMENTAL	SOURCE_FIELD_MATCH	TWO_AGREEING_FIELD_MATCHES:LABEL_BYTE_EXACT+DESC_BYTE_EXACT	SOURCE_RECORD	protocolSection.armsInterventionsModule.armGroups[1].label and protocolSection.armsInterventionsModule.armGroups[1].description	1	1	M3541 100 mg + RT	EXPERIMENTAL	1	M3541 100 mg + RT	EXPERIMENTAL						NOT_ESTABLISHED_IN_THIS_CACHE	bound arm 1 registered type EXPERIMENTAL (verbatim). A registered type of EXPERIMENTAL/OTHER is not evidence that this group had no comparator role; no comparator evidence exists in this cache either way			NOT_ESTABLISHED_REGISTRY_JOIN_FIELDS_ABSENT_FROM_THIS_CACHE	BOUND_ARM_REGISTERED_TYPE_IS_EXPERIMENTAL	ASSUMES_TWO_AGREEING_SOURCE_FIELD_MATCHES_ARE_ARM_IDENTITY_UNPROVED		NO_LEAF									NO	CONFIRMED	LABEL_BYTE_EXACT	M3541 100 mg + RT	NOT_CONTROL_CONFIRMED	NOT_CONTROL	CHANGED_CLASS:NOT_CONTROL_ASSERTED->NOT_ESTABLISHED	Participants received 100 mg M3541 orally once per FD in combination with palliative RT administered in fraction of 30 Gray (Gy) given in 10 fractions of 3 Gy/FD on FD 1 to FD 10 for 2 consecutive calendar weeks (ie, Monday through Friday, with the intervening Saturday and Sunday as M3541 / RT holidays).	NEWLINE_TO_SPACE;CUT_AT_400_CHARS;TSV_WRITE_NORMALISES_TAB_AND_NEWLINE;ORIGINAL_RETRIEVABLE_ONLY_VIA_the cached source record	305
NCT03225105	Number of Participants With Best Overall Response (BOR) According to Response Evaluation Criteria in Solid Tumors (RECIST) Version 1.1	M3541 200 mg + RT	5	2014_2017	bor	4	4	ALL_ARMS_NON_CONTROL_TYPED	EXPERIMENTAL | EXPERIMENTAL | EXPERIMENTAL | EXPERIMENTAL	SOURCE_FIELD_MATCH	TWO_AGREEING_FIELD_MATCHES:LABEL_BYTE_EXACT+DESC_BYTE_EXACT	SOURCE_RECORD	protocolSection.armsInterventionsModule.armGroups[2].label and protocolSection.armsInterventionsModule.armGroups[2].description	1	2	M3541 200 mg + RT	EXPERIMENTAL	2	M3541 200 mg + RT	EXPERIMENTAL						NOT_ESTABLISHED_IN_THIS_CACHE	bound arm 2 registered type EXPERIMENTAL (verbatim). A registered type of EXPERIMENTAL/OTHER is not evidence that this group had no comparator role; no comparator evidence exists in this cache either way			NOT_ESTABLISHED_REGISTRY_JOIN_FIELDS_ABSENT_FROM_THIS_CACHE	BOUND_ARM_REGISTERED_TYPE_IS_EXPERIMENTAL	ASSUMES_TWO_AGREEING_SOURCE_FIELD_MATCHES_ARE_ARM_IDENTITY_UNPROVED		NO_LEAF									NO	CONFIRMED	LABEL_BYTE_EXACT	M3541 200 mg + RT	NOT_CONTROL_CONFIRMED	NOT_CONTROL	CHANGED_CLASS:NOT_CONTROL_ASSERTED->NOT_ESTABLISHED	Participants received 200 mg M3541 orally once per FD in combination with palliative RT administered in fraction of 30 Gray (Gy) given in 10 fractions of 3 Gy/FD on FD 1 to FD 10 for 2 consecutive calendar weeks (ie, Monday through Friday, with the intervening Saturday and Sunday as M3541 / RT holidays).	NEWLINE_TO_SPACE;CUT_AT_400_CHARS;TSV_WRITE_NORMALISES_TAB_AND_NEWLINE;ORIGINAL_RETRIEVABLE_ONLY_VIA_the cached source record	305
NCT03225105	Number of Participants With Best Overall Response (BOR) According to Response Evaluation Criteria in Solid Tumors (RECIST) Version 1.1	M3541 300 mg + RT	3	2014_2017	bor	4	4	ALL_ARMS_NON_CONTROL_TYPED	EXPERIMENTAL | EXPERIMENTAL | EXPERIMENTAL | EXPERIMENTAL	SOURCE_FIELD_MATCH	TWO_AGREEING_FIELD_MATCHES:LABEL_BYTE_EXACT+DESC_BYTE_EXACT	SOURCE_RECORD	protocolSection.armsInterventionsModule.armGroups[3].label and protocolSection.armsInterventionsModule.armGroups[3].description	1	3	M3541 300 mg + RT	EXPERIMENTAL	3	M3541 300 mg + RT	EXPERIMENTAL						NOT_ESTABLISHED_IN_THIS_CACHE	bound arm 3 registered type EXPERIMENTAL (verbatim). A registered type of EXPERIMENTAL/OTHER is not evidence that this group had no comparator role; no comparator evidence exists in this cache either way			NOT_ESTABLISHED_REGISTRY_JOIN_FIELDS_ABSENT_FROM_THIS_CACHE	BOUND_ARM_REGISTERED_TYPE_IS_EXPERIMENTAL	ASSUMES_TWO_AGREEING_SOURCE_FIELD_MATCHES_ARE_ARM_IDENTITY_UNPROVED		NO_LEAF									NO	CONFIRMED	LABEL_BYTE_EXACT	M3541 300 mg + RT	NOT_CONTROL_CONFIRMED	NOT_CONTROL	CHANGED_CLASS:NOT_CONTROL_ASSERTED->NOT_ESTABLISHED	Participants received 300 mg M3541 orally once per FD in combination with palliative RT administered in fraction of 30 Gray (Gy) given in 10 fractions of 3 Gy/FD on FD 1 to FD 10 for 2 consecutive calendar weeks (ie, Monday through Friday, with the intervening Saturday and Sunday as M3541 / RT holidays).	NEWLINE_TO_SPACE;CUT_AT_400_CHARS;TSV_WRITE_NORMALISES_TAB_AND_NEWLINE;ORIGINAL_RETRIEVABLE_ONLY_VIA_the cached source record	305
NCT02083653	Best Overall Response (OR) According to the Response Evaluation Criteria In Solid Tumors Version 1.1 (RECIST v1.1)	Arm A: Sym004 (12 mg/kg)	78	2014_2017	bor	3	3	MIXED_ARM_TYPES	EXPERIMENTAL | EXPERIMENTAL | ACTIVE_COMPARATOR	LABEL_MATCH	LABEL_FIELD_MATCH_ONLY:LABEL_BYTE_EXACT	SOURCE_RECORD	protocolSection.armsInterventionsModule.armGroups[0].label	1	0	Arm A: Sym004 (12 mg/kg)	EXPERIMENTAL	0	Arm A: Sym004 (12 mg/kg)	EXPERIMENTAL						NOT_ESTABLISHED_IN_THIS_CACHE	bound arm 0 registered type EXPERIMENTAL (verbatim). A registered type of EXPERIMENTAL/OTHER is not evidence that this group had no comparator role; no comparator evidence exists in this cache either way			NOT_ESTABLISHED_REGISTRY_JOIN_FIELDS_ABSENT_FROM_THIS_CACHE	BOUND_ARM_REGISTERED_TYPE_IS_EXPERIMENTAL	ASSUMES_LABEL_FIELD_CORRESPONDENCE_IS_ARM_IDENTITY_UNPROVED		NO_LEAF									NO	CONFIRMED	LABEL_BYTE_EXACT	Arm A: Sym004 (12 mg/kg)	NOT_CONTROL_CONFIRMED	NOT_CONTROL	CHANGED_CLASS:NOT_CONTROL_ASSERTED->NOT_ESTABLISHED	Sym004 will be administered as an intravenous infusion at a dose of 12 milligrams per kilogram (mg/kg) weekly until unacceptable toxicity, disease progression, or consent withdrawal.  Sym004 (12 mg/kg): Sym004 is a 1:1 mixture of two mAbs (futuximab and modotuximab) which bind to two non-overlapping epitopes of the EGFR.	NEWLINE_TO_SPACE;CUT_AT_400_CHARS;TSV_WRITE_NORMALISES_TAB_AND_NEWLINE;ORIGINAL_RETRIEVABLE_ONLY_VIA_the cached source record	322
NCT02083653	Best Overall Response (OR) According to the Response Evaluation Criteria In Solid Tumors Version 1.1 (RECIST v1.1)	Arm B: Sym004 (9/6 mg/kg)	83	2014_2017	bor	3	3	MIXED_ARM_TYPES	EXPERIMENTAL | EXPERIMENTAL | ACTIVE_COMPARATOR	LABEL_MATCH	LABEL_FIELD_MATCH_ONLY:LABEL_BYTE_EXACT	SOURCE_RECORD	protocolSection.armsInterventionsModule.armGroups[1].label	1	1	Arm B: Sym004 (9/6 mg/kg)	EXPERIMENTAL	1	Arm B: Sym004 (9/6 mg/kg)	EXPERIMENTAL						NOT_ESTABLISHED_IN_THIS_CACHE	bound arm 1 registered type EXPERIMENTAL (verbatim). A registered type of EXPERIMENTAL/OTHER is not evidence that this group had no comparator role; no comparator evidence exists in this cache either way			NOT_ESTABLISHED_REGISTRY_JOIN_FIELDS_ABSENT_FROM_THIS_CACHE	BOUND_ARM_REGISTERED_TYPE_IS_EXPERIMENTAL	ASSUMES_LABEL_FIELD_CORRESPONDENCE_IS_ARM_IDENTITY_UNPROVED		NO_LEAF									NO	CONFIRMED	LABEL_BYTE_EXACT	Arm B: Sym004 (9/6 mg/kg)	NOT_CONTROL_CONFIRMED	NOT_CONTROL	CHANGED_CLASS:NOT_CONTROL_ASSERTED->NOT_ESTABLISHED	Sym004 will be administered as an intravenous infusion at a loading dose of 9 mg/kg followed by 6 mg/kg weekly until unacceptable toxicity, disease progression, or consent withdrawal.  Sym004 (9/6 mg/kg): Sym004 is a 1:1 mixture of two mAbs (futuximab and modotuximab) which bind to two non-overlapping epitopes of the EGFR.	NEWLINE_TO_SPACE;CUT_AT_400_CHARS;TSV_WRITE_NORMALISES_TAB_AND_NEWLINE;ORIGINAL_RETRIEVABLE_ONLY_VIA_the cached source record	324
NCT02083653	Best Overall Response (OR) According to the Response Evaluation Criteria In Solid Tumors Version 1.1 (RECIST v1.1)	Arm C: Investigator's Choice	70	2014_2017	bor	3	3	MIXED_ARM_TYPES	EXPERIMENTAL | EXPERIMENTAL | ACTIVE_COMPARATOR	LABEL_MATCH	LABEL_FIELD_MATCH_ONLY:LABEL_BYTE_EXACT	SOURCE_RECORD	protocolSection.armsInterventionsModule.armGroups[2].label	1	2	Arm C: Investigator's Choice	ACTIVE_COMPARATOR	2	Arm C: Investigator's Choice	ACTIVE_COMPARATOR						COMPARATOR_PROPOSED_BY_LABEL_FIELD_MATCHED_ARM_TYPE	arm 2 bound by label correspondence only (LABEL_FIELD_MATCH_ONLY:LABEL_BYTE_EXACT); registered type ACTIVE_COMPARATOR; the group-arm identity is not independently source-field-matched	ASSUMES_LABEL_FIELD_CORRESPONDENCE_IS_ARM_IDENTITY_UNPROVED		NOT_ESTABLISHED_REGISTRY_JOIN_FIELDS_ABSENT_FROM_THIS_CACHE	BOUND_ARM_REGISTERED_TYPE_IS_ACTIVE_COMPARATOR	ASSUMES_LABEL_FIELD_CORRESPONDENCE_IS_ARM_IDENTITY_UNPROVED		NO_LEAF									NO	CONFIRMED	LABEL_BYTE_EXACT	Arm C: Investigator's Choice	CONTROL_ACTIVE_COMPARATOR_CONFIRMED	CONTROL_ACTIVE_COMPARATOR	CHANGED_CLASS:COMPARATOR_TYPE_INFERRED->COMPARATOR_PROPOSED	Best supportive care (BSC) or Fluorouracil (5-FU) or Capecitabine will be given as per Investigator's discretion.  Best Supportive Care (BSC): BSC is the best palliative care as per Investigator's discretion, excluding antineoplastic agents. BSC may include, but is not limited to, antibiotics, analgesics, antiemetics, blood transfusions, and nutritional support.  Fluorouracil (5-FU): 5-FU will be 	NEWLINE_TO_SPACE;CUT_AT_400_CHARS;TSV_WRITE_NORMALISES_TAB_AND_NEWLINE;ORIGINAL_RETRIEVABLE_ONLY_VIA_the cached source record	659
NCT02658097	Number of Patients With Each Response as Measured by RECIST 1.1	Single Fraction Radiation Therapy (SFRT) + Pembrolizumab	11	2014_2017	bor	1	1	ALL_ARMS_NON_CONTROL_TYPED	EXPERIMENTAL	LABEL_MATCH	LABEL_FIELD_MATCH_ONLY:LABEL_CASE_WS_FOLD	SOURCE_RECORD	protocolSection.armsInterventionsModule.armGroups[0].label	1	0	Single Fraction Radiation Therapy (SFRT) + pembrolizumab	EXPERIMENTAL	0	Single Fraction Radiation Therapy (SFRT) + pembrolizumab	EXPERIMENTAL						NOT_ESTABLISHED_IN_THIS_CACHE	bound arm 0 registered type EXPERIMENTAL (verbatim). A registered type of EXPERIMENTAL/OTHER is not evidence that this group had no comparator role; no comparator evidence exists in this cache either way			NOT_ESTABLISHED_REGISTRY_JOIN_FIELDS_ABSENT_FROM_THIS_CACHE	BOUND_ARM_REGISTERED_TYPE_IS_EXPERIMENTAL	ASSUMES_LABEL_FIELD_CORRESPONDENCE_IS_ARM_IDENTITY_UNPROVED		NO_LEAF									NO	CONFIRMED	LABEL_CASE_AND_WHITESPACE_ONLY	Single Fraction Radiation Therapy (SFRT) + pembrolizumab	NOT_CONTROL_CONFIRMED	NOT_CONTROL	CHANGED_CLASS:NOT_CONTROL_ASSERTED->NOT_ESTABLISHED	200mg Pembrolizumab by IV infusion on day 1 of each 3 week cycle. 8Gy will be given in a single fraction on the first day of treatment  Pembrolizumab: 200mg Pembrolizumab by IV infusion  Single Fraction Radiation Therapy: 8Gy radiation therapy will be given in a single fraction on the first day of treatment	NEWLINE_TO_SPACE;CUT_AT_400_CHARS;TSV_WRITE_NORMALISES_TAB_AND_NEWLINE;ORIGINAL_RETRIEVABLE_ONLY_VIA_the cached source record	308
NCT02994953	Part B: Number of Participants With Confirmed Best Overall Response (BOR) Assessed by Investigator Using Response Evaluation Criteria in Solid Tumors (RECIST) Version 1.1	Part B Cohort 1: UC Cohort Stage 1 Combination Therapy (Experimental)	15	2014_2017	bor	6	1	ALL_ARMS_NON_CONTROL_TYPED	EXPERIMENTAL | EXPERIMENTAL | EXPERIMENTAL | EXPERIMENTAL | EXPERIMENTAL | EXPERIMENTAL	SOURCE_FIELD_MATCH	DESCRIPTION_FIELD_MATCH_ONLY:DESC_BYTE_EXACT	SOURCE_RECORD	protocolSection.armsInterventionsModule.armGroups[5].description	1	5	Part B Cohort 1: UC Cohort Stage 1 combination therapy	EXPERIMENTAL	5	Part B Cohort 1: UC Cohort Stage 1 combination therapy	EXPERIMENTAL						NOT_ESTABLISHED_IN_THIS_CACHE	bound arm 5 registered type EXPERIMENTAL (verbatim). A registered type of EXPERIMENTAL/OTHER is not evidence that this group had no comparator role; no comparator evidence exists in this cache either way			NOT_ESTABLISHED_REGISTRY_JOIN_FIELDS_ABSENT_FROM_THIS_CACHE	BOUND_ARM_REGISTERED_TYPE_IS_EXPERIMENTAL	ASSUMES_TWO_AGREEING_SOURCE_FIELD_MATCHES_ARE_ARM_IDENTITY_UNPROVED		LEAF_LABEL_RESOLVES_UNIQUELY	Part B Cohort 1: UC Cohort Stage 1 combination therapy	LEAF-OUT/LEAF-QD-group2.tsv:line 115	LEAF_CLAIM_AGREES_WITH_SOURCE_RELATION		armGroups[5].label 'Part B Cohort 1: UC Cohort Stage 1 combination therapy' equals the group title minus the trailing '(Experimental)' and case, and armGroups[5].description is reproduced verbatim as the group description	NEWLINE_TO_SPACE;CUT_AT_400_CHARS;TSV_WRITE_NORMALISES_TAB_AND_NEWLINE;ORIGINAL_RETRIEVABLE_ONLY_VIA_leaf_claim_locator	221	NO	NO	CONFIRMED	LEAF_WITHIN_RECORD_RELATION	Part B Cohort 1: UC Cohort Stage 1 combination therapy	NOT_CONTROL_CONFIRMED	UNKNOWN_WEAK_MATCH_ONLY	CHANGED_CLASS:NOT_CONTROL_ASSERTED->NOT_ESTABLISHED	Participants in the expansion cohorts received M9241 at dose of 16.8 mcg/kg SC injection at time (up to -20 minutes) relative to the start of avelumab infusion (time 0), once every 4 weeks on Day 1 in combination with Avelumab 800 mg IV infusion once weekly for the first 12 weeks, then 800 mg once every 2 weeks of each cycle (Each cycle=28 days) determined as the RP2D in the escalation part of the	NEWLINE_TO_SPACE;CUT_AT_400_CHARS;TSV_WRITE_NORMALISES_TAB_AND_NEWLINE;ORIGINAL_RETRIEVABLE_ONLY_VIA_the cached source record	407
NCT02994953	Part A: Number of Participants With Confirmed Best Overall Response (BOR) According to Response Evaluation Criteria in Solid Tumors Version 1.1	Part A Cohort 1: M9241 4 mcg/kg + Avelumab 10 mg/kg	8	2014_2017	bor	6	5	ALL_ARMS_NON_CONTROL_TYPED	EXPERIMENTAL | EXPERIMENTAL | EXPERIMENTAL | EXPERIMENTAL | EXPERIMENTAL | EXPERIMENTAL	LABEL_MATCH	LABEL_FIELD_MATCH_ONLY:LABEL_BYTE_EXACT	SOURCE_RECORD	protocolSection.armsInterventionsModule.armGroups[0].label	1	0	Part A Cohort 1: M9241 4 mcg/kg + Avelumab 10 mg/kg	EXPERIMENTAL	0	Part A Cohort 1: M9241 4 mcg/kg + Avelumab 10 mg/kg	EXPERIMENTAL						NOT_ESTABLISHED_IN_THIS_CACHE	bound arm 0 registered type EXPERIMENTAL (verbatim). A registered type of EXPERIMENTAL/OTHER is not evidence that this group had no comparator role; no comparator evidence exists in this cache either way			NOT_ESTABLISHED_REGISTRY_JOIN_FIELDS_ABSENT_FROM_THIS_CACHE	BOUND_ARM_REGISTERED_TYPE_IS_EXPERIMENTAL	ASSUMES_LABEL_FIELD_CORRESPONDENCE_IS_ARM_IDENTITY_UNPROVED		NO_LEAF									NO	CONFIRMED	LABEL_BYTE_EXACT	Part A Cohort 1: M9241 4 mcg/kg + Avelumab 10 mg/kg	NOT_CONTROL_CONFIRMED	NOT_CONTROL	CHANGED_CLASS:NOT_CONTROL_ASSERTED->NOT_ESTABLISHED	Participants received subcutaneous (SC) injection of M9241 at a dose of 4 micrograms per kilogram (mcg/kg) once every 4 week on Day 1 in combination with IV infusion of Avelumab 10 milligrams per kg (mg/kg) once every 2 weeks on Day 1 and 15 of each cycle (each cycle is of 28 days) until any criterion for treatment discontinuation were met	NEWLINE_TO_SPACE;CUT_AT_400_CHARS;TSV_WRITE_NORMALISES_TAB_AND_NEWLINE;ORIGINAL_RETRIEVABLE_ONLY_VIA_the cached source record	341
NCT02994953	Part A: Number of Participants With Confirmed Best Overall Response (BOR) According to Response Evaluation Criteria in Solid Tumors Version 1.1	Part A Cohort 2: M9241 8 mcg/kg + Avelumab 10 mg/kg	6	2014_2017	bor	6	5	ALL_ARMS_NON_CONTROL_TYPED	EXPERIMENTAL | EXPERIMENTAL | EXPERIMENTAL | EXPERIMENTAL | EXPERIMENTAL | EXPERIMENTAL	LABEL_MATCH	LABEL_FIELD_MATCH_ONLY:LABEL_BYTE_EXACT	SOURCE_RECORD	protocolSection.armsInterventionsModule.armGroups[1].label	1	1	Part A Cohort 2: M9241 8 mcg/kg + Avelumab 10 mg/kg	EXPERIMENTAL	1	Part A Cohort 2: M9241 8 mcg/kg + Avelumab 10 mg/kg	EXPERIMENTAL						NOT_ESTABLISHED_IN_THIS_CACHE	bound arm 1 registered type EXPERIMENTAL (verbatim). A registered type of EXPERIMENTAL/OTHER is not evidence that this group had no comparator role; no comparator evidence exists in this cache either way			NOT_ESTABLISHED_REGISTRY_JOIN_FIELDS_ABSENT_FROM_THIS_CACHE	BOUND_ARM_REGISTERED_TYPE_IS_EXPERIMENTAL	ASSUMES_LABEL_FIELD_CORRESPONDENCE_IS_ARM_IDENTITY_UNPROVED		NO_LEAF									NO	CONFIRMED	LABEL_BYTE_EXACT	Part A Cohort 2: M9241 8 mcg/kg + Avelumab 10 mg/kg	NOT_CONTROL_CONFIRMED	NOT_CONTROL	CHANGED_CLASS:NOT_CONTROL_ASSERTED->NOT_ESTABLISHED	Participants received SC injection of M9241 at a dose of 8 mcg/kg once every 4 week on Day 1 in combination with IV infusion of Avelumab 10 mg/kg once every 2 weeks on Day 1 and 15 of each cycle (each cycle is of 28 days) until any criterion for treatment discontinuation were met	NEWLINE_TO_SPACE;CUT_AT_400_CHARS;TSV_WRITE_NORMALISES_TAB_AND_NEWLINE;ORIGINAL_RETRIEVABLE_ONLY_VIA_the cached source record	280
NCT02994953	Part A: Number of Participants With Confirmed Best Overall Response (BOR) According to Response Evaluation Criteria in Solid Tumors Version 1.1	Part A Cohort 3: M9241 12 mcg/kg + Avelumab 10 mg/kg	6	2014_2017	bor	6	5	ALL_ARMS_NON_CONTROL_TYPED	EXPERIMENTAL | EXPERIMENTAL | EXPERIMENTAL | EXPERIMENTAL | EXPERIMENTAL | EXPERIMENTAL	LABEL_MATCH	LABEL_FIELD_MATCH_ONLY:LABEL_BYTE_EXACT	SOURCE_RECORD	protocolSection.armsInterventionsModule.armGroups[2].label	1	2	Part A Cohort 3: M9241 12 mcg/kg + Avelumab 10 mg/kg	EXPERIMENTAL	2	Part A Cohort 3: M9241 12 mcg/kg + Avelumab 10 mg/kg	EXPERIMENTAL						NOT_ESTABLISHED_IN_THIS_CACHE	bound arm 2 registered type EXPERIMENTAL (verbatim). A registered type of EXPERIMENTAL/OTHER is not evidence that this group had no comparator role; no comparator evidence exists in this cache either way			NOT_ESTABLISHED_REGISTRY_JOIN_FIELDS_ABSENT_FROM_THIS_CACHE	BOUND_ARM_REGISTERED_TYPE_IS_EXPERIMENTAL	ASSUMES_LABEL_FIELD_CORRESPONDENCE_IS_ARM_IDENTITY_UNPROVED		NO_LEAF									NO	CONFIRMED	LABEL_BYTE_EXACT	Part A Cohort 3: M9241 12 mcg/kg + Avelumab 10 mg/kg	NOT_CONTROL_CONFIRMED	NOT_CONTROL	CHANGED_CLASS:NOT_CONTROL_ASSERTED->NOT_ESTABLISHED	Participants received SC injection of M9241 at a dose of 12 mcg/kg once every 4 week on Day 1 in combination with IV infusion of Avelumab 10 mg/kg once every 2 weeks on Day 1 and 15 of each cycle (each cycle is of 28 days) until any criterion for treatment discontinuation were met	NEWLINE_TO_SPACE;CUT_AT_400_CHARS;TSV_WRITE_NORMALISES_TAB_AND_NEWLINE;ORIGINAL_RETRIEVABLE_ONLY_VIA_the cached source record	281
NCT02994953	Part A: Number of Participants With Confirmed Best Overall Response (BOR) According to Response Evaluation Criteria in Solid Tumors Version 1.1	Part A Cohort 4: M9241 16.8 mcg/kg +Avelumab 10 mg/kg	4	2014_2017	bor	6	5	ALL_ARMS_NON_CONTROL_TYPED	EXPERIMENTAL | EXPERIMENTAL | EXPERIMENTAL | EXPERIMENTAL | EXPERIMENTAL | EXPERIMENTAL	SOURCE_FIELD_MATCH	TWO_AGREEING_FIELD_MATCHES:LABEL_BYTE_EXACT+DESC_BYTE_EXACT	SOURCE_RECORD	protocolSection.armsInterventionsModule.armGroups[3].label and protocolSection.armsInterventionsModule.armGroups[3].description	1	3	Part A Cohort 4: M9241 16.8 mcg/kg +Avelumab 10 mg/kg	EXPERIMENTAL	3	Part A Cohort 4: M9241 16.8 mcg/kg +Avelumab 10 mg/kg	EXPERIMENTAL						NOT_ESTABLISHED_IN_THIS_CACHE	bound arm 3 registered type EXPERIMENTAL (verbatim). A registered type of EXPERIMENTAL/OTHER is not evidence that this group had no comparator role; no comparator evidence exists in this cache either way			NOT_ESTABLISHED_REGISTRY_JOIN_FIELDS_ABSENT_FROM_THIS_CACHE	BOUND_ARM_REGISTERED_TYPE_IS_EXPERIMENTAL	ASSUMES_TWO_AGREEING_SOURCE_FIELD_MATCHES_ARE_ARM_IDENTITY_UNPROVED		NO_LEAF									NO	CONFIRMED	LABEL_BYTE_EXACT	Part A Cohort 4: M9241 16.8 mcg/kg +Avelumab 10 mg/kg	NOT_CONTROL_CONFIRMED	NOT_CONTROL	CHANGED_CLASS:NOT_CONTROL_ASSERTED->NOT_ESTABLISHED	Participants received M9241 at a dose of 16.8 mcg/kg SC injection at time (up to -20 minutes) relative to the start of avelumab infusion (time 0), once every 4 weeks, on Day 1 in combination with Avelumab 10 mg/kg IV infusion every 2 weeks on Day 1 and 15 of each cycle (Each cycle=28 days) until any criterion for treatment discontinuation were met.	NEWLINE_TO_SPACE;CUT_AT_400_CHARS;TSV_WRITE_NORMALISES_TAB_AND_NEWLINE;ORIGINAL_RETRIEVABLE_ONLY_VIA_the cached source record	350
NCT02994953	Part A: Number of Participants With Confirmed Best Overall Response (BOR) According to Response Evaluation Criteria in Solid Tumors Version 1.1	Part A Cohort 5: M9241 16.8 mcg/kg + Avelumab 800 mg	7	2014_2017	bor	6	5	ALL_ARMS_NON_CONTROL_TYPED	EXPERIMENTAL | EXPERIMENTAL | EXPERIMENTAL | EXPERIMENTAL | EXPERIMENTAL | EXPERIMENTAL	LABEL_MATCH	LABEL_FIELD_MATCH_ONLY:LABEL_BYTE_EXACT	SOURCE_RECORD	protocolSection.armsInterventionsModule.armGroups[4].label	1	4	Part A Cohort 5: M9241 16.8 mcg/kg + Avelumab 800 mg	EXPERIMENTAL	4	Part A Cohort 5: M9241 16.8 mcg/kg + Avelumab 800 mg	EXPERIMENTAL						NOT_ESTABLISHED_IN_THIS_CACHE	bound arm 4 registered type EXPERIMENTAL (verbatim). A registered type of EXPERIMENTAL/OTHER is not evidence that this group had no comparator role; no comparator evidence exists in this cache either way			NOT_ESTABLISHED_REGISTRY_JOIN_FIELDS_ABSENT_FROM_THIS_CACHE	BOUND_ARM_REGISTERED_TYPE_IS_EXPERIMENTAL	ASSUMES_LABEL_FIELD_CORRESPONDENCE_IS_ARM_IDENTITY_UNPROVED		NO_LEAF									NO	CONFIRMED	LABEL_BYTE_EXACT	Part A Cohort 5: M9241 16.8 mcg/kg + Avelumab 800 mg	NOT_CONTROL_CONFIRMED	NOT_CONTROL	CHANGED_CLASS:NOT_CONTROL_ASSERTED->NOT_ESTABLISHED	Participants received IV infusion of avelumab at dose of 800 mg once weekly for the first 12 weeks in combination with SC injection of M9241, 16.8 mcg/kg once every 4 weeks, then avelumab at 800 mg IV infusion once every 2 weeks in combination with M9241 at dose of 16.8 mcg/kg SC injection once every 4 weeks until criteria for treatment discontinuation were met	NEWLINE_TO_SPACE;CUT_AT_400_CHARS;TSV_WRITE_NORMALISES_TAB_AND_NEWLINE;ORIGINAL_RETRIEVABLE_ONLY_VIA_the cached source record	363
NCT02536794	Response in Patients With Metastatic HER2 Negative Breast Cancer Treated With Durvalumab in Combination With Tremelimumab	Treatment (MEDI4736, Tremelimumab)	27	2014_2017	bor	1	1	ALL_ARMS_NON_CONTROL_TYPED	EXPERIMENTAL	LABEL_MATCH	LABEL_FIELD_MATCH_ONLY:LABEL_CASE_WS_FOLD	SOURCE_RECORD	protocolSection.armsInterventionsModule.armGroups[0].label	1	0	Treatment (MEDI4736, tremelimumab)	EXPERIMENTAL	0	Treatment (MEDI4736, tremelimumab)	EXPERIMENTAL						NOT_ESTABLISHED_IN_THIS_CACHE	bound arm 0 registered type EXPERIMENTAL (verbatim). A registered type of EXPERIMENTAL/OTHER is not evidence that this group had no comparator role; no comparator evidence exists in this cache either way			NOT_ESTABLISHED_REGISTRY_JOIN_FIELDS_ABSENT_FROM_THIS_CACHE	BOUND_ARM_REGISTERED_TYPE_IS_EXPERIMENTAL	ASSUMES_LABEL_FIELD_CORRESPONDENCE_IS_ARM_IDENTITY_UNPROVED		NO_LEAF									NO	CONFIRMED	LABEL_CASE_AND_WHITESPACE_ONLY	Treatment (MEDI4736, tremelimumab)	NOT_CONTROL_CONFIRMED	NOT_CONTROL	CHANGED_CLASS:NOT_CONTROL_ASSERTED->NOT_ESTABLISHED	Patients receive anti-B7H1 monoclonal antibody MEDI4736 IV over 1 hour and tremelimumab IV over 1 hour on day 1. Treatment repeats every 28 days for 4 courses in the absence of disease progression or unacceptable toxicity. Four weeks after the last combination dose, patients continue to receive anti-B7H1 monoclonal antibody MEDI4736 every 2 weeks for up to 18 additional doses in the absence of dis	NEWLINE_TO_SPACE;CUT_AT_400_CHARS;TSV_WRITE_NORMALISES_TAB_AND_NEWLINE;ORIGINAL_RETRIEVABLE_ONLY_VIA_the cached source record	759
NCT03480646	Efficacy: Best Responses by Treatment Group	Phase 1b Dose Escalation: CPI-1205 400mg BID +Cobi+Enza	5	2014_2017	bor	8	9	MIXED_ARM_TYPES	EXPERIMENTAL | EXPERIMENTAL | EXPERIMENTAL | EXPERIMENTAL | EXPERIMENTAL | ACTIVE_COMPARATOR | EXPERIMENTAL | EXPERIMENTAL	LABEL_MATCH	LABEL_FIELD_MATCH_ONLY:LABEL_CASE_WS_FOLD	SOURCE_RECORD	protocolSection.armsInterventionsModule.armGroups[0].label	1	0	Phase 1b Dose Escalation: CPI-1205 400 mg BID + Cobi + Enza	EXPERIMENTAL	0	Phase 1b Dose Escalation: CPI-1205 400 mg BID + Cobi + Enza	EXPERIMENTAL						NOT_ESTABLISHED_IN_THIS_CACHE	bound arm 0 registered type EXPERIMENTAL (verbatim). A registered type of EXPERIMENTAL/OTHER is not evidence that this group had no comparator role; no comparator evidence exists in this cache either way			NOT_ESTABLISHED_REGISTRY_JOIN_FIELDS_ABSENT_FROM_THIS_CACHE	BOUND_ARM_REGISTERED_TYPE_IS_EXPERIMENTAL	ASSUMES_LABEL_FIELD_CORRESPONDENCE_IS_ARM_IDENTITY_UNPROVED		LEAF_LABEL_RESOLVES_UNIQUELY	Phase 1b Dose Escalation: CPI-1205 400 mg BID + Cobi + Enza	LEAF-OUT/LEAF-QD-group2.tsv:line 137	LEAF_CLAIM_AGREES_WITH_SOURCE_RELATION		armGroups[].label after dose-token removal	NEWLINE_TO_SPACE;CUT_AT_400_CHARS;TSV_WRITE_NORMALISES_TAB_AND_NEWLINE;ORIGINAL_RETRIEVABLE_ONLY_VIA_leaf_claim_locator	42	NO	NO	CONFIRMED	LABEL_CASE_AND_WHITESPACE_ONLY	Phase 1b Dose Escalation: CPI-1205 400 mg BID + Cobi + Enza	NOT_CONTROL_CONFIRMED	UNKNOWN	CHANGED_CLASS:NOT_CONTROL_ASSERTED->NOT_ESTABLISHED	CPI-1205 Combination with Enzalutamide Drug: CPI-1205 PO 400mg BID OR Drug: CPI-1205 400mg BID/Cobicistat 150mg PO BID + Drug: Enzalutamide 160mg PO QD (28-day cycles) CPI-1205: CPI-1205 PO TID (either 400mg BID or 800mg TID during Phase 1 dose escalation study and at RP2D for Phase 2) Cobicistat: Cobicistat 150mg PO BID Enzalutamide: Enzalutamide 160mg PO QD	NEWLINE_TO_SPACE;CUT_AT_400_CHARS;TSV_WRITE_NORMALISES_TAB_AND_NEWLINE;ORIGINAL_RETRIEVABLE_ONLY_VIA_the cached source record	361
NCT03480646	Efficacy: Best Responses by Treatment Group	Phase 1b Dose Escalation: CPI-1205 400mg BID +Cobi+Abi/Pred	6	2014_2017	bor	8	9	MIXED_ARM_TYPES	EXPERIMENTAL | EXPERIMENTAL | EXPERIMENTAL | EXPERIMENTAL | EXPERIMENTAL | ACTIVE_COMPARATOR | EXPERIMENTAL | EXPERIMENTAL	LABEL_MATCH	LABEL_FIELD_MATCH_ONLY:LABEL_CASE_WS_FOLD	SOURCE_RECORD	protocolSection.armsInterventionsModule.armGroups[1].label	1	1	Phase 1b Dose Escalation: CPI-1205 400 mg BID + Cobi+ Abi/Pred	EXPERIMENTAL	1	Phase 1b Dose Escalation: CPI-1205 400 mg BID + Cobi+ Abi/Pred	EXPERIMENTAL						NOT_ESTABLISHED_IN_THIS_CACHE	bound arm 1 registered type EXPERIMENTAL (verbatim). A registered type of EXPERIMENTAL/OTHER is not evidence that this group had no comparator role; no comparator evidence exists in this cache either way			NOT_ESTABLISHED_REGISTRY_JOIN_FIELDS_ABSENT_FROM_THIS_CACHE	BOUND_ARM_REGISTERED_TYPE_IS_EXPERIMENTAL	ASSUMES_LABEL_FIELD_CORRESPONDENCE_IS_ARM_IDENTITY_UNPROVED		LEAF_LABEL_RESOLVES_UNIQUELY	Phase 1b Dose Escalation: CPI-1205 400 mg BID + Cobi+ Abi/Pred	LEAF-OUT/LEAF-QD-group2.tsv:line 138	LEAF_CLAIM_AGREES_WITH_SOURCE_RELATION		armGroups[].label after dose-token removal	NEWLINE_TO_SPACE;CUT_AT_400_CHARS;TSV_WRITE_NORMALISES_TAB_AND_NEWLINE;ORIGINAL_RETRIEVABLE_ONLY_VIA_leaf_claim_locator	42	NO	NO	CONFIRMED	LABEL_CASE_AND_WHITESPACE_ONLY	Phase 1b Dose Escalation: CPI-1205 400 mg BID + Cobi+ Abi/Pred	NOT_CONTROL_CONFIRMED	UNKNOWN	CHANGED_CLASS:NOT_CONTROL_ASSERTED->NOT_ESTABLISHED	CPI-1205 Combination with Abiraterone/Prednisone Drug: CPI-1205 PO 400mg BID OR Drug: CPI-1205 400mg BID/Cobicistat 150mg PO BID + Drug: Abiraterone 1000mg PO QD and 5mg Prednisone PO BID (28-day cycles) CPI-1205: CPI-1205 PO TID (either 400mg BID or 800mg TID during Phase 1 dose escalation study and at RP2D for Phase 2) Cobicistat: Cobicistat 150mg PO BID Abiraterone: Abiraterone 1000mg PO QD Pre	NEWLINE_TO_SPACE;CUT_AT_400_CHARS;TSV_WRITE_NORMALISES_TAB_AND_NEWLINE;ORIGINAL_RETRIEVABLE_ONLY_VIA_the cached source record	430
NCT03480646	Efficacy: Best Responses by Treatment Group	Phase 1b Dose Escalation: CPI-1205 800mg TID +Enza	9	2014_2017	bor	8	9	MIXED_ARM_TYPES	EXPERIMENTAL | EXPERIMENTAL | EXPERIMENTAL | EXPERIMENTAL | EXPERIMENTAL | ACTIVE_COMPARATOR | EXPERIMENTAL | EXPERIMENTAL	LABEL_MATCH	LABEL_FIELD_MATCH_ONLY:LABEL_CASE_WS_FOLD	SOURCE_RECORD	protocolSection.armsInterventionsModule.armGroups[2].label	1	2	Phase 1b Dose Escalation: CPI-1205 800 mg TID + Enza	EXPERIMENTAL	2	Phase 1b Dose Escalation: CPI-1205 800 mg TID + Enza	EXPERIMENTAL						NOT_ESTABLISHED_IN_THIS_CACHE	bound arm 2 registered type EXPERIMENTAL (verbatim). A registered type of EXPERIMENTAL/OTHER is not evidence that this group had no comparator role; no comparator evidence exists in this cache either way			NOT_ESTABLISHED_REGISTRY_JOIN_FIELDS_ABSENT_FROM_THIS_CACHE	BOUND_ARM_REGISTERED_TYPE_IS_EXPERIMENTAL	ASSUMES_LABEL_FIELD_CORRESPONDENCE_IS_ARM_IDENTITY_UNPROVED		LEAF_LABEL_RESOLVES_UNIQUELY	Phase 1b Dose Escalation: CPI-1205 800 mg TID + Enza	LEAF-OUT/LEAF-QD-group2.tsv:line 139	LEAF_CLAIM_AGREES_WITH_SOURCE_RELATION		armGroups[].label after dose-token removal	NEWLINE_TO_SPACE;CUT_AT_400_CHARS;TSV_WRITE_NORMALISES_TAB_AND_NEWLINE;ORIGINAL_RETRIEVABLE_ONLY_VIA_leaf_claim_locator	42	NO	NO	CONFIRMED	LABEL_CASE_AND_WHITESPACE_ONLY	Phase 1b Dose Escalation: CPI-1205 800 mg TID + Enza	NOT_CONTROL_CONFIRMED	UNKNOWN	CHANGED_CLASS:NOT_CONTROL_ASSERTED->NOT_ESTABLISHED	CPI-1205 Combination with Enzalutamide Drug: CPI-1205 PO 800mg TID OR Drug: CPI-1205 800mg TID/Cobicistat 150mg PO BID + Drug: Enzalutamide 160mg PO QD (28-day cycles) CPI-1205: CPI-1205 PO TID (either 400mg BID or 800mg TID during Phase 1 dose escalation study and at RP2D for Phase 2) Cobicistat: Cobicistat 150mg PO BID Enzalutamide: Enzalutamide 160mg PO QD	NEWLINE_TO_SPACE;CUT_AT_400_CHARS;TSV_WRITE_NORMALISES_TAB_AND_NEWLINE;ORIGINAL_RETRIEVABLE_ONLY_VIA_the cached source record	361
NCT03480646	Efficacy: Best Responses by Treatment Group	Phase 1b Dose Escalation: CPI-1205 800mg TID +Abi/Pred	8	2014_2017	bor	8	9	MIXED_ARM_TYPES	EXPERIMENTAL | EXPERIMENTAL | EXPERIMENTAL | EXPERIMENTAL | EXPERIMENTAL | ACTIVE_COMPARATOR | EXPERIMENTAL | EXPERIMENTAL	LABEL_MATCH	LABEL_FIELD_MATCH_ONLY:LABEL_CASE_WS_FOLD	SOURCE_RECORD	protocolSection.armsInterventionsModule.armGroups[3].label	1	3	Phase 1b Dose Escalation: CPI-1205 800 mg TID + Abi/Pred	EXPERIMENTAL	3	Phase 1b Dose Escalation: CPI-1205 800 mg TID + Abi/Pred	EXPERIMENTAL						NOT_ESTABLISHED_IN_THIS_CACHE	bound arm 3 registered type EXPERIMENTAL (verbatim). A registered type of EXPERIMENTAL/OTHER is not evidence that this group had no comparator role; no comparator evidence exists in this cache either way			NOT_ESTABLISHED_REGISTRY_JOIN_FIELDS_ABSENT_FROM_THIS_CACHE	BOUND_ARM_REGISTERED_TYPE_IS_EXPERIMENTAL	ASSUMES_LABEL_FIELD_CORRESPONDENCE_IS_ARM_IDENTITY_UNPROVED		LEAF_LABEL_RESOLVES_UNIQUELY	Phase 1b Dose Escalation: CPI-1205 800 mg TID + Abi/Pred	LEAF-OUT/LEAF-QD-group2.tsv:line 140	LEAF_CLAIM_AGREES_WITH_SOURCE_RELATION		armGroups[].label after dose-token removal	NEWLINE_TO_SPACE;CUT_AT_400_CHARS;TSV_WRITE_NORMALISES_TAB_AND_NEWLINE;ORIGINAL_RETRIEVABLE_ONLY_VIA_leaf_claim_locator	42	NO	NO	CONFIRMED	LABEL_CASE_AND_WHITESPACE_ONLY	Phase 1b Dose Escalation: CPI-1205 800 mg TID + Abi/Pred	NOT_CONTROL_CONFIRMED	UNKNOWN	CHANGED_CLASS:NOT_CONTROL_ASSERTED->NOT_ESTABLISHED	CPI-1205 Combination with Abiraterone/Prednisone Drug: CPI-1205 PO 800mg TID OR Drug: CPI-1205 800mg TID/Cobicistat 150mg PO BID + Drug: Abiraterone 1000mg PO QD and 5mg Prednisone PO BID (28-day cycles) CPI-1205: CPI-1205 PO TID (either 400mg BID or 800mg TID during Phase 1 dose escalation study and at RP2D for Phase 2) Cobicistat: Cobicistat 150mg PO BID Abiraterone: Abiraterone 1000mg PO QD Pre	NEWLINE_TO_SPACE;CUT_AT_400_CHARS;TSV_WRITE_NORMALISES_TAB_AND_NEWLINE;ORIGINAL_RETRIEVABLE_ONLY_VIA_the cached source record	430
NCT03480646	Efficacy: Best Responses by Treatment Group	Phase 1b HPEC [Heavily Pre-treated Expansion Cohort] CPI-1205 800mg TID +Enza	22	2014_2017	bor	8	9	MIXED_ARM_TYPES	EXPERIMENTAL | EXPERIMENTAL | EXPERIMENTAL | EXPERIMENTAL | EXPERIMENTAL | ACTIVE_COMPARATOR | EXPERIMENTAL | EXPERIMENTAL	PROPOSED	LEAF_CLAIM_NOT_VERIFIABLE_FROM_EXACT_SOURCE_FIELDS	DELIVERED_LEAF:LEAF-QD-group2.tsv	LEAF-OUT/LEAF-QD-group2.tsv:line 141; candidate protocolSection.armsInterventionsModule.armGroups[4].label	1	4	Phase 1b HPEC: CPI-1205 800 mg TID + Enza	EXPERIMENTAL									UNKNOWN_IN_THIS_CACHE	no source-field-matched arm link and no comparator wording in the group record			NOT_ESTABLISHED_REGISTRY_JOIN_FIELDS_ABSENT_FROM_THIS_CACHE	ARM_SET_TYPE_NOT_UNIFORM_NO_TYPE_STATEMENT_POSSIBLE			LEAF_LABEL_RESOLVES_UNIQUELY	Phase 1b HPEC: CPI-1205 800 mg TID + Enza	LEAF-OUT/LEAF-QD-group2.tsv:line 141	RETAINED_UNVERIFIED_WITH_LOCATOR		armGroups[4].label 'Phase 1b HPEC: CPI-1205 800 mg TID + Enza' — the only arm carrying the HPEC token	NEWLINE_TO_SPACE;CUT_AT_400_CHARS;TSV_WRITE_NORMALISES_TAB_AND_NEWLINE;ORIGINAL_RETRIEVABLE_ONLY_VIA_leaf_claim_locator	101	NO	NO	CANDIDATE	LEAF_LABEL_STRING_ONLY_NOT_CONFIRMED		UNKNOWN_IN_THIS_CACHE	UNKNOWN	UNCHANGED_CLASS:UNKNOWN	CPI-1205 Combination with Enzalutamide Drug: CPI-1205 PO 800mg TID OR Drug: CPI-1205 800mg TID/Cobicistat 150mg PO BID + Drug: Enzalutamide 160mg PO QD (28-day cycles) CPI-1205: CPI-1205 PO TID (either 400mg BID or 800mg TID during Phase 1 dose escalation study and at RP2D for Phase 2) Cobicistat: Cobicistat 150mg PO BID Enzalutamide: Enzalutamide 160mg PO QD	NEWLINE_TO_SPACE;CUT_AT_400_CHARS;TSV_WRITE_NORMALISES_TAB_AND_NEWLINE;ORIGINAL_RETRIEVABLE_ONLY_VIA_the cached source record	361
NCT03480646	Efficacy: Best Responses by Treatment Group	Phase 2 Randomized Enza Contro	34	2014_2017	bor	8	9	MIXED_ARM_TYPES	EXPERIMENTAL | EXPERIMENTAL | EXPERIMENTAL | EXPERIMENTAL | EXPERIMENTAL | ACTIVE_COMPARATOR | EXPERIMENTAL | EXPERIMENTAL	PROPOSED	LEAF_CLAIM_NOT_VERIFIABLE_FROM_EXACT_SOURCE_FIELDS	DELIVERED_LEAF:LEAF-QD-group2.tsv	LEAF-OUT/LEAF-QD-group2.tsv:line 142; candidate protocolSection.armsInterventionsModule.armGroups[5].label	1	5	Phase 2 Randomized Controlled Group: Enza	ACTIVE_COMPARATOR									COMPARATOR_PROPOSED_BY_GROUP_TEXT_UNSPECIFIED	group record says control/comparator without naming placebo; no link		GROUP_TEXT_CONTROL_OR_COMPARATOR_WORDING	NOT_ESTABLISHED_REGISTRY_JOIN_FIELDS_ABSENT_FROM_THIS_CACHE	ARM_SET_TYPE_NOT_UNIFORM_NO_TYPE_STATEMENT_POSSIBLE			LEAF_LABEL_RESOLVES_UNIQUELY	Phase 2 Randomized Controlled Group: Enza	LEAF-OUT/LEAF-QD-group2.tsv:line 142	RETAINED_UNVERIFIED_WITH_LOCATOR		armGroups[5].label 'Phase 2 Randomized Controlled Group: Enza', description 'Drug: Enzalutamide 160mg PO QD (28-day cycles)' reproduced in the group description 'Enzalutamide Control ... Enzalutamide 160mg PO QD'	NEWLINE_TO_SPACE;CUT_AT_400_CHARS;TSV_WRITE_NORMALISES_TAB_AND_NEWLINE;ORIGINAL_RETRIEVABLE_ONLY_VIA_leaf_claim_locator	212	NO	NO	CONFIRMED	LEAF_WITHIN_RECORD_RELATION	Phase 2 Randomized Controlled Group: Enza	CONTROL_ACTIVE_COMPARATOR_CONFIRMED	CONTROL_UNSPECIFIED_BY_GROUP_TEXT	CHANGED_CLASS:COMPARATOR_TYPE_INFERRED->COMPARATOR_PROPOSED	Enzalutamide Control Drug: Enzalutamide 160mg PO QD (28-day cycles) Enzalutamide: Enzalutamide 160mg PO QD	NEWLINE_TO_SPACE;CUT_AT_400_CHARS;TSV_WRITE_NORMALISES_TAB_AND_NEWLINE;ORIGINAL_RETRIEVABLE_ONLY_VIA_the cached source record	106
NCT03480646	Efficacy: Best Responses by Treatment Group	Phase 2 Randomized Combination With Enza	34	2014_2017	bor	8	9	MIXED_ARM_TYPES	EXPERIMENTAL | EXPERIMENTAL | EXPERIMENTAL | EXPERIMENTAL | EXPERIMENTAL | ACTIVE_COMPARATOR | EXPERIMENTAL | EXPERIMENTAL	PROPOSED	LEAF_CLAIM_NOT_VERIFIABLE_FROM_EXACT_SOURCE_FIELDS	DELIVERED_LEAF:LEAF-QD-group2.tsv	LEAF-OUT/LEAF-QD-group2.tsv:line 143; candidate protocolSection.armsInterventionsModule.armGroups[6].label	1	6	Phase 2 Randomized at RP2D: CPI-1205 800 mg TID + Enza	EXPERIMENTAL									UNKNOWN_IN_THIS_CACHE	no source-field-matched arm link and no comparator wording in the group record			NOT_ESTABLISHED_REGISTRY_JOIN_FIELDS_ABSENT_FROM_THIS_CACHE	ARM_SET_TYPE_NOT_UNIFORM_NO_TYPE_STATEMENT_POSSIBLE			LEAF_LABEL_RESOLVES_UNIQUELY	Phase 2 Randomized at RP2D: CPI-1205 800 mg TID + Enza	LEAF-OUT/LEAF-QD-group2.tsv:line 143	RETAINED_UNVERIFIED_WITH_LOCATOR		armGroups[6].description 'CPI-1205 (at Recommended Phase 2 Dose [RP2D]) in combination with Drug: Enzalutamide 160 mg PO QD' reproduced in the group description	NEWLINE_TO_SPACE;CUT_AT_400_CHARS;TSV_WRITE_NORMALISES_TAB_AND_NEWLINE;ORIGINAL_RETRIEVABLE_ONLY_VIA_leaf_claim_locator	160	NO	NO	CONFIRMED	LEAF_WITHIN_RECORD_RELATION	Phase 2 Randomized at RP2D: CPI-1205 800 mg TID + Enza	NOT_CONTROL_CONFIRMED	UNKNOWN	CHANGED_CLASS:NOT_CONTROL_ASSERTED->UNKNOWN	CPI-1205 (at RP2D) Combination with Enzalutamide Drug: CPI-1205 (with or without cobicistat) at RP2D + Drug: Enzalutamide 160mg PO QD CPI-1205: CPI-1205 PO TID (either 400mg BID or 800mg TID during Phase 1 dose escalation study and at RP2D for Phase 2) Cobicistat: Cobicistat 150mg PO BID Enzalutamide: Enzalutamide 160mg PO QD	NEWLINE_TO_SPACE;CUT_AT_400_CHARS;TSV_WRITE_NORMALISES_TAB_AND_NEWLINE;ORIGINAL_RETRIEVABLE_ONLY_VIA_the cached source record	327
NCT03480646	Efficacy: Best Responses by Treatment Group	Phase 2 Randomized Crossover Period	5	2014_2017	bor	8	9	MIXED_ARM_TYPES	EXPERIMENTAL | EXPERIMENTAL | EXPERIMENTAL | EXPERIMENTAL | EXPERIMENTAL | ACTIVE_COMPARATOR | EXPERIMENTAL | EXPERIMENTAL	UNKNOWN_IN_THIS_CACHE	NO_EXACT_SOURCE_RELATION_IN_THIS_CACHE	SOURCE_RECORD	protocolSection.armsInterventionsModule.armGroups[*].label/.description compared to groups[*].title/.description; no equality holds	0												UNKNOWN_IN_THIS_CACHE	no source-field-matched arm link and no comparator wording in the group record			NOT_ESTABLISHED_REGISTRY_JOIN_FIELDS_ABSENT_FROM_THIS_CACHE	ARM_SET_TYPE_NOT_UNIFORM_NO_TYPE_STATEMENT_POSSIBLE			LEAF_CLAIMS_NO_ARM		LEAF-OUT/LEAF-QD-group2.tsv:line 144	NOT_VERIFIABLE_IN_THIS_CACHE		armGroups[] — no crossover arm is registered	NEWLINE_TO_SPACE;CUT_AT_400_CHARS;TSV_WRITE_NORMALISES_TAB_AND_NEWLINE;ORIGINAL_RETRIEVABLE_ONLY_VIA_leaf_claim_locator	44	NO	NO	UNRESOLVED	LEAF_ARMS_MUTUALLY_INDISTINGUISHABLE		UNKNOWN_IN_THIS_CACHE	UNKNOWN	UNCHANGED_CLASS:UNKNOWN	CPI-1205 800 mg TID (RP2D) combination with Enzalutamide 160 mg PO QD	NEWLINE_TO_SPACE;CUT_AT_400_CHARS;TSV_WRITE_NORMALISES_TAB_AND_NEWLINE;ORIGINAL_RETRIEVABLE_ONLY_VIA_the cached source record	69
NCT03480646	Efficacy: Best Responses by Treatment Group	Phase 2 Single Arm CPI-1205 +Abi/Pred	26	2014_2017	bor	8	9	MIXED_ARM_TYPES	EXPERIMENTAL | EXPERIMENTAL | EXPERIMENTAL | EXPERIMENTAL | EXPERIMENTAL | ACTIVE_COMPARATOR | EXPERIMENTAL | EXPERIMENTAL	PROPOSED	LEAF_CLAIM_NOT_VERIFIABLE_FROM_EXACT_SOURCE_FIELDS	DELIVERED_LEAF:LEAF-QD-group2.tsv	LEAF-OUT/LEAF-QD-group2.tsv:line 145; candidate protocolSection.armsInterventionsModule.armGroups[7].label	1	7	Phase 2 Single Arm at RP2D: CPI-1205 800 mg TID + Abi/Pred	EXPERIMENTAL									UNKNOWN_IN_THIS_CACHE	no source-field-matched arm link and no comparator wording in the group record			NOT_ESTABLISHED_REGISTRY_JOIN_FIELDS_ABSENT_FROM_THIS_CACHE	ARM_SET_TYPE_NOT_UNIFORM_NO_TYPE_STATEMENT_POSSIBLE			LEAF_LABEL_RESOLVES_UNIQUELY	Phase 2 Single Arm at RP2D: CPI-1205 800 mg TID + Abi/Pred	LEAF-OUT/LEAF-QD-group2.tsv:line 145	RETAINED_UNVERIFIED_WITH_LOCATOR		armGroups[7].label 'Phase 2 Single Arm at RP2D: CPI-1205 800 mg TID + Abi/Pred' — the only arm carrying the 'Single Arm' token with Abi/Pred	NEWLINE_TO_SPACE;CUT_AT_400_CHARS;TSV_WRITE_NORMALISES_TAB_AND_NEWLINE;ORIGINAL_RETRIEVABLE_ONLY_VIA_leaf_claim_locator	140	NO	NO	CANDIDATE	LEAF_LABEL_STRING_ONLY_NOT_CONFIRMED		UNKNOWN_IN_THIS_CACHE	UNKNOWN	UNCHANGED_CLASS:UNKNOWN	CPI-1205 (at RP2D) Combination with Abiraterone/Prednisone Drug: CPI-1205 (with or without cobicistat) at RP2D + Drug: Abiraterone 1000mg PO QD and Prednisone 5mg PO BID (28-day cycles) CPI-1205: CPI-1205 PO TID (either 400mg BID or 800mg TID during Phase 1 dose escalation study and at RP2D for Phase 2) Cobicistat: Cobicistat 150mg PO BID Abiraterone: Abiraterone 1000mg PO QD Prednisone: Prednison	NEWLINE_TO_SPACE;CUT_AT_400_CHARS;TSV_WRITE_NORMALISES_TAB_AND_NEWLINE;ORIGINAL_RETRIEVABLE_ONLY_VIA_the cached source record	412
NCT02475213	Best Overall Response (RECIST 1.1)	Cohort 1	5	2014_2017	bor	8	10	ALL_ARMS_NON_CONTROL_TYPED	EXPERIMENTAL | EXPERIMENTAL | EXPERIMENTAL | EXPERIMENTAL | EXPERIMENTAL | EXPERIMENTAL | EXPERIMENTAL | EXPERIMENTAL	LABEL_MATCH	LABEL_FIELD_MATCH_ONLY:LABEL_BYTE_EXACT	SOURCE_RECORD	protocolSection.armsInterventionsModule.armGroups[0].label	1	0	Cohort 1	EXPERIMENTAL	0	Cohort 1	EXPERIMENTAL						NOT_ESTABLISHED_IN_THIS_CACHE	bound arm 0 registered type EXPERIMENTAL (verbatim). A registered type of EXPERIMENTAL/OTHER is not evidence that this group had no comparator role; no comparator evidence exists in this cache either way			NOT_ESTABLISHED_REGISTRY_JOIN_FIELDS_ABSENT_FROM_THIS_CACHE	BOUND_ARM_REGISTERED_TYPE_IS_EXPERIMENTAL	ASSUMES_LABEL_FIELD_CORRESPONDENCE_IS_ARM_IDENTITY_UNPROVED		NO_LEAF									NO	CONFIRMED	LABEL_BYTE_EXACT	Cohort 1	NOT_CONTROL_CONFIRMED	NOT_CONTROL	CHANGED_CLASS:NOT_CONTROL_ASSERTED->NOT_ESTABLISHED	enoblituzumab 3 mg/kg IV weekly for up to 51 doses and pembrolizumab 2 mg/kg IV every 3 weeks for up to 17 doses	NEWLINE_TO_SPACE;CUT_AT_400_CHARS;TSV_WRITE_NORMALISES_TAB_AND_NEWLINE;ORIGINAL_RETRIEVABLE_ONLY_VIA_the cached source record	112
NCT02475213	Best Overall Response (RECIST 1.1)	Cohort 2	3	2014_2017	bor	8	10	ALL_ARMS_NON_CONTROL_TYPED	EXPERIMENTAL | EXPERIMENTAL | EXPERIMENTAL | EXPERIMENTAL | EXPERIMENTAL | EXPERIMENTAL | EXPERIMENTAL | EXPERIMENTAL	LABEL_MATCH	LABEL_FIELD_MATCH_ONLY:LABEL_BYTE_EXACT	SOURCE_RECORD	protocolSection.armsInterventionsModule.armGroups[1].label	1	1	Cohort 2	EXPERIMENTAL	1	Cohort 2	EXPERIMENTAL						NOT_ESTABLISHED_IN_THIS_CACHE	bound arm 1 registered type EXPERIMENTAL (verbatim). A registered type of EXPERIMENTAL/OTHER is not evidence that this group had no comparator role; no comparator evidence exists in this cache either way			NOT_ESTABLISHED_REGISTRY_JOIN_FIELDS_ABSENT_FROM_THIS_CACHE	BOUND_ARM_REGISTERED_TYPE_IS_EXPERIMENTAL	ASSUMES_LABEL_FIELD_CORRESPONDENCE_IS_ARM_IDENTITY_UNPROVED		NO_LEAF									NO	CONFIRMED	LABEL_BYTE_EXACT	Cohort 2	NOT_CONTROL_CONFIRMED	NOT_CONTROL	CHANGED_CLASS:NOT_CONTROL_ASSERTED->NOT_ESTABLISHED	enoblituzumab 10 mg/kg IV weekly for up to 51 doses and pembrolizumab 2 mg/kg IV every 3 weeks for up to 17 doses	NEWLINE_TO_SPACE;CUT_AT_400_CHARS;TSV_WRITE_NORMALISES_TAB_AND_NEWLINE;ORIGINAL_RETRIEVABLE_ONLY_VIA_the cached source record	113
NCT02475213	Best Overall Response (RECIST 1.1)	Cohort 3	3	2014_2017	bor	8	10	ALL_ARMS_NON_CONTROL_TYPED	EXPERIMENTAL | EXPERIMENTAL | EXPERIMENTAL | EXPERIMENTAL | EXPERIMENTAL | EXPERIMENTAL | EXPERIMENTAL | EXPERIMENTAL	LABEL_MATCH	LABEL_FIELD_MATCH_ONLY:LABEL_BYTE_EXACT	SOURCE_RECORD	protocolSection.armsInterventionsModule.armGroups[2].label	1	2	Cohort 3	EXPERIMENTAL	2	Cohort 3	EXPERIMENTAL						NOT_ESTABLISHED_IN_THIS_CACHE	bound arm 2 registered type EXPERIMENTAL (verbatim). A registered type of EXPERIMENTAL/OTHER is not evidence that this group had no comparator role; no comparator evidence exists in this cache either way			NOT_ESTABLISHED_REGISTRY_JOIN_FIELDS_ABSENT_FROM_THIS_CACHE	BOUND_ARM_REGISTERED_TYPE_IS_EXPERIMENTAL	ASSUMES_LABEL_FIELD_CORRESPONDENCE_IS_ARM_IDENTITY_UNPROVED		NO_LEAF									NO	CONFIRMED	LABEL_BYTE_EXACT	Cohort 3	NOT_CONTROL_CONFIRMED	NOT_CONTROL	CHANGED_CLASS:NOT_CONTROL_ASSERTED->NOT_ESTABLISHED	enoblituzumab 15 mg/kg IV weekly for up to 51 doses and pembrolizumab 2 mg/kg IV every 3 weeks for up to 17 doses	NEWLINE_TO_SPACE;CUT_AT_400_CHARS;TSV_WRITE_NORMALISES_TAB_AND_NEWLINE;ORIGINAL_RETRIEVABLE_ONLY_VIA_the cached source record	113
NCT02475213	Best Overall Response (RECIST 1.1)	Melanoma Cohort	15	2014_2017	bor	8	10	ALL_ARMS_NON_CONTROL_TYPED	EXPERIMENTAL | EXPERIMENTAL | EXPERIMENTAL | EXPERIMENTAL | EXPERIMENTAL | EXPERIMENTAL | EXPERIMENTAL | EXPERIMENTAL	LABEL_MATCH	LABEL_FIELD_MATCH_ONLY:LABEL_BYTE_EXACT	SOURCE_RECORD	protocolSection.armsInterventionsModule.armGroups[4].label	1	4	Melanoma Cohort	EXPERIMENTAL	4	Melanoma Cohort	EXPERIMENTAL						NOT_ESTABLISHED_IN_THIS_CACHE	bound arm 4 registered type EXPERIMENTAL (verbatim). A registered type of EXPERIMENTAL/OTHER is not evidence that this group had no comparator role; no comparator evidence exists in this cache either way			NOT_ESTABLISHED_REGISTRY_JOIN_FIELDS_ABSENT_FROM_THIS_CACHE	BOUND_ARM_REGISTERED_TYPE_IS_EXPERIMENTAL	ASSUMES_LABEL_FIELD_CORRESPONDENCE_IS_ARM_IDENTITY_UNPROVED		NO_LEAF									NO	CONFIRMED	LABEL_BYTE_EXACT	Melanoma Cohort	NOT_CONTROL_CONFIRMED	NOT_CONTROL	CHANGED_CLASS:NOT_CONTROL_ASSERTED->NOT_ESTABLISHED	enoblituzumab 15 mg/kg IV weekly for up to 51 doses and pembrolizumab 2 mg/kg IV every 3 weeks for up to 17 doses	NEWLINE_TO_SPACE;CUT_AT_400_CHARS;TSV_WRITE_NORMALISES_TAB_AND_NEWLINE;ORIGINAL_RETRIEVABLE_ONLY_VIA_the cached source record	113
NCT02475213	Best Overall Response (RECIST 1.1)	Urothelial Cancer Cohort	17	2014_2017	bor	8	10	ALL_ARMS_NON_CONTROL_TYPED	EXPERIMENTAL | EXPERIMENTAL | EXPERIMENTAL | EXPERIMENTAL | EXPERIMENTAL | EXPERIMENTAL | EXPERIMENTAL | EXPERIMENTAL	LABEL_MATCH	LABEL_FIELD_MATCH_ONLY:LABEL_BYTE_EXACT	SOURCE_RECORD	protocolSection.armsInterventionsModule.armGroups[5].label	1	5	Urothelial Cancer Cohort	EXPERIMENTAL	5	Urothelial Cancer Cohort	EXPERIMENTAL						NOT_ESTABLISHED_IN_THIS_CACHE	bound arm 5 registered type EXPERIMENTAL (verbatim). A registered type of EXPERIMENTAL/OTHER is not evidence that this group had no comparator role; no comparator evidence exists in this cache either way			NOT_ESTABLISHED_REGISTRY_JOIN_FIELDS_ABSENT_FROM_THIS_CACHE	BOUND_ARM_REGISTERED_TYPE_IS_EXPERIMENTAL	ASSUMES_LABEL_FIELD_CORRESPONDENCE_IS_ARM_IDENTITY_UNPROVED		NO_LEAF									NO	CONFIRMED	LABEL_BYTE_EXACT	Urothelial Cancer Cohort	NOT_CONTROL_CONFIRMED	NOT_CONTROL	CHANGED_CLASS:NOT_CONTROL_ASSERTED->NOT_ESTABLISHED	enoblituzumab 15 mg/kg IV weekly for up to 51 doses and pembrolizumab 2 mg/kg IV every 3 weeks for up to 17 doses	NEWLINE_TO_SPACE;CUT_AT_400_CHARS;TSV_WRITE_NORMALISES_TAB_AND_NEWLINE;ORIGINAL_RETRIEVABLE_ONLY_VIA_the cached source record	113
NCT02475213	Best Overall Response (RECIST 1.1)	NSCLC Cohort: PD1/PDL1 Naïve	15	2014_2017	bor	8	10	ALL_ARMS_NON_CONTROL_TYPED	EXPERIMENTAL | EXPERIMENTAL | EXPERIMENTAL | EXPERIMENTAL | EXPERIMENTAL | EXPERIMENTAL | EXPERIMENTAL | EXPERIMENTAL	PROPOSED	LEAF_CLAIM_NOT_VERIFIABLE_FROM_EXACT_SOURCE_FIELDS	DELIVERED_LEAF:LEAF-QD-group1.tsv	LEAF-OUT/LEAF-QD-group1.tsv:line 39; candidate protocolSection.armsInterventionsModule.armGroups[6].label	1	6	Non-small Cell Cancer (NSCLC) Cohort	EXPERIMENTAL									UNKNOWN_IN_THIS_CACHE	no source-field-matched arm link and no comparator wording in the group record			NOT_ESTABLISHED_REGISTRY_JOIN_FIELDS_ABSENT_FROM_THIS_CACHE	ALL_REGISTERED_ARMS_NON_COMPARATOR_TYPED_CONDITIONAL	ASSUMES_THIS_RESULTS_GROUP_IS_A_SUBSET_OF_THE_REGISTERED_ARM_SET_MEMBERSHIP_UNPROVED		LEAF_LABEL_RESOLVES_UNIQUELY	Non-small Cell Cancer (NSCLC) Cohort	LEAF-OUT/LEAF-QD-group1.tsv:line 39	RETAINED_UNVERIFIED_WITH_LOCATOR		armGroups[6].label acronym vs group_title prefix; armGroups[6].description vs group description	NEWLINE_TO_SPACE;CUT_AT_400_CHARS;TSV_WRITE_NORMALISES_TAB_AND_NEWLINE;ORIGINAL_RETRIEVABLE_ONLY_VIA_leaf_claim_locator	95	NO	NO	CONFIRMED	LEAF_WITHIN_RECORD_RELATION	Non-small Cell Cancer (NSCLC) Cohort	NOT_CONTROL_CONFIRMED	UNKNOWN	CHANGED_CLASS:NOT_CONTROL_ASSERTED->UNKNOWN	enoblituzumab 15 mg/kg IV weekly for up to 51 doses and pembrolizumab 2 mg/kg IV every 3 weeks for up to 17 doses	NEWLINE_TO_SPACE;CUT_AT_400_CHARS;TSV_WRITE_NORMALISES_TAB_AND_NEWLINE;ORIGINAL_RETRIEVABLE_ONLY_VIA_the cached source record	113
NCT02475213	Best Overall Response (RECIST 1.1)	NSCLC Cohort: PD1/PDL1 Experienced	19	2014_2017	bor	8	10	ALL_ARMS_NON_CONTROL_TYPED	EXPERIMENTAL | EXPERIMENTAL | EXPERIMENTAL | EXPERIMENTAL | EXPERIMENTAL | EXPERIMENTAL | EXPERIMENTAL | EXPERIMENTAL	PROPOSED	LEAF_CLAIM_NOT_VERIFIABLE_FROM_EXACT_SOURCE_FIELDS	DELIVERED_LEAF:LEAF-QD-group1.tsv	LEAF-OUT/LEAF-QD-group1.tsv:line 38; candidate protocolSection.armsInterventionsModule.armGroups[6].label	1	6	Non-small Cell Cancer (NSCLC) Cohort	EXPERIMENTAL									UNKNOWN_IN_THIS_CACHE	no source-field-matched arm link and no comparator wording in the group record			NOT_ESTABLISHED_REGISTRY_JOIN_FIELDS_ABSENT_FROM_THIS_CACHE	ALL_REGISTERED_ARMS_NON_COMPARATOR_TYPED_CONDITIONAL	ASSUMES_THIS_RESULTS_GROUP_IS_A_SUBSET_OF_THE_REGISTERED_ARM_SET_MEMBERSHIP_UNPROVED		LEAF_LABEL_RESOLVES_UNIQUELY	Non-small Cell Cancer (NSCLC) Cohort	LEAF-OUT/LEAF-QD-group1.tsv:line 38	RETAINED_UNVERIFIED_WITH_LOCATOR		armGroups[6].label acronym vs group_title prefix; armGroups[6].description vs group description	NEWLINE_TO_SPACE;CUT_AT_400_CHARS;TSV_WRITE_NORMALISES_TAB_AND_NEWLINE;ORIGINAL_RETRIEVABLE_ONLY_VIA_leaf_claim_locator	95	NO	NO	CONFIRMED	LEAF_WITHIN_RECORD_RELATION	Non-small Cell Cancer (NSCLC) Cohort	NOT_CONTROL_CONFIRMED	UNKNOWN	CHANGED_CLASS:NOT_CONTROL_ASSERTED->UNKNOWN	enoblituzumab 15 mg/kg IV weekly for up to 51 doses and pembrolizumab 2 mg/kg every 3 weeks for up to 17 doses	NEWLINE_TO_SPACE;CUT_AT_400_CHARS;TSV_WRITE_NORMALISES_TAB_AND_NEWLINE;ORIGINAL_RETRIEVABLE_ONLY_VIA_the cached source record	110
NCT02475213	Best Overall Response (RECIST 1.1)	SCCHN Cohort: PD1/PDL1 Naïve	16	2014_2017	bor	8	10	ALL_ARMS_NON_CONTROL_TYPED	EXPERIMENTAL | EXPERIMENTAL | EXPERIMENTAL | EXPERIMENTAL | EXPERIMENTAL | EXPERIMENTAL | EXPERIMENTAL | EXPERIMENTAL	PROPOSED	LEAF_CLAIM_NOT_VERIFIABLE_FROM_EXACT_SOURCE_FIELDS	DELIVERED_LEAF:LEAF-QD-group1.tsv	LEAF-OUT/LEAF-QD-group1.tsv:line 41; candidate protocolSection.armsInterventionsModule.armGroups[7].label	1	7	Squamous Cell Cancer of Head and Neck (SCCHN) Cohort	EXPERIMENTAL									UNKNOWN_IN_THIS_CACHE	no source-field-matched arm link and no comparator wording in the group record			NOT_ESTABLISHED_REGISTRY_JOIN_FIELDS_ABSENT_FROM_THIS_CACHE	ALL_REGISTERED_ARMS_NON_COMPARATOR_TYPED_CONDITIONAL	ASSUMES_THIS_RESULTS_GROUP_IS_A_SUBSET_OF_THE_REGISTERED_ARM_SET_MEMBERSHIP_UNPROVED		LEAF_LABEL_RESOLVES_UNIQUELY	Squamous Cell Cancer of Head and Neck (SCCHN) Cohort	LEAF-OUT/LEAF-QD-group1.tsv:line 41	RETAINED_UNVERIFIED_WITH_LOCATOR		armGroups[7].label acronym vs group_title prefix; armGroups[7].description vs group description	NEWLINE_TO_SPACE;CUT_AT_400_CHARS;TSV_WRITE_NORMALISES_TAB_AND_NEWLINE;ORIGINAL_RETRIEVABLE_ONLY_VIA_leaf_claim_locator	95	NO	NO	CONFIRMED	LEAF_WITHIN_RECORD_RELATION	Squamous Cell Cancer of Head and Neck (SCCHN) Cohort	NOT_CONTROL_CONFIRMED	UNKNOWN	CHANGED_CLASS:NOT_CONTROL_ASSERTED->UNKNOWN	enoblituzumab 15 mg/kg IV weekly for up to 51 doses and pembrolizumab 2 mg/kg IV every 3 weeks for up to 17 doses	NEWLINE_TO_SPACE;CUT_AT_400_CHARS;TSV_WRITE_NORMALISES_TAB_AND_NEWLINE;ORIGINAL_RETRIEVABLE_ONLY_VIA_the cached source record	113
NCT02475213	Best Overall Response (RECIST 1.1)	SCCHN Cohort: PD1/PDL1 Experienced	19	2014_2017	bor	8	10	ALL_ARMS_NON_CONTROL_TYPED	EXPERIMENTAL | EXPERIMENTAL | EXPERIMENTAL | EXPERIMENTAL | EXPERIMENTAL | EXPERIMENTAL | EXPERIMENTAL | EXPERIMENTAL	PROPOSED	LEAF_CLAIM_NOT_VERIFIABLE_FROM_EXACT_SOURCE_FIELDS	DELIVERED_LEAF:LEAF-QD-group1.tsv	LEAF-OUT/LEAF-QD-group1.tsv:line 40; candidate protocolSection.armsInterventionsModule.armGroups[7].label	1	7	Squamous Cell Cancer of Head and Neck (SCCHN) Cohort	EXPERIMENTAL									UNKNOWN_IN_THIS_CACHE	no source-field-matched arm link and no comparator wording in the group record			NOT_ESTABLISHED_REGISTRY_JOIN_FIELDS_ABSENT_FROM_THIS_CACHE	ALL_REGISTERED_ARMS_NON_COMPARATOR_TYPED_CONDITIONAL	ASSUMES_THIS_RESULTS_GROUP_IS_A_SUBSET_OF_THE_REGISTERED_ARM_SET_MEMBERSHIP_UNPROVED		LEAF_LABEL_RESOLVES_UNIQUELY	Squamous Cell Cancer of Head and Neck (SCCHN) Cohort	LEAF-OUT/LEAF-QD-group1.tsv:line 40	RETAINED_UNVERIFIED_WITH_LOCATOR		armGroups[7].label acronym vs group_title prefix; armGroups[7].description vs group description	NEWLINE_TO_SPACE;CUT_AT_400_CHARS;TSV_WRITE_NORMALISES_TAB_AND_NEWLINE;ORIGINAL_RETRIEVABLE_ONLY_VIA_leaf_claim_locator	95	NO	NO	CONFIRMED	LEAF_WITHIN_RECORD_RELATION	Squamous Cell Cancer of Head and Neck (SCCHN) Cohort	NOT_CONTROL_CONFIRMED	UNKNOWN	CHANGED_CLASS:NOT_CONTROL_ASSERTED->UNKNOWN	enoblituzumab 15 mg/kg IV weekly for up to 51 doses and pembrolizumab 2 mg/kg IV every 3 weeks for up to 17 doses	NEWLINE_TO_SPACE;CUT_AT_400_CHARS;TSV_WRITE_NORMALISES_TAB_AND_NEWLINE;ORIGINAL_RETRIEVABLE_ONLY_VIA_the cached source record	113
NCT02475213	Best Overall Response (RECIST 1.1)	Cohort 4	12	2014_2017	bor	8	10	ALL_ARMS_NON_CONTROL_TYPED	EXPERIMENTAL | EXPERIMENTAL | EXPERIMENTAL | EXPERIMENTAL | EXPERIMENTAL | EXPERIMENTAL | EXPERIMENTAL | EXPERIMENTAL	LABEL_MATCH	LABEL_FIELD_MATCH_ONLY:LABEL_BYTE_EXACT	SOURCE_RECORD	protocolSection.armsInterventionsModule.armGroups[3].label	1	3	Cohort 4	EXPERIMENTAL	3	Cohort 4	EXPERIMENTAL						NOT_ESTABLISHED_IN_THIS_CACHE	bound arm 3 registered type EXPERIMENTAL (verbatim). A registered type of EXPERIMENTAL/OTHER is not evidence that this group had no comparator role; no comparator evidence exists in this cache either way			NOT_ESTABLISHED_REGISTRY_JOIN_FIELDS_ABSENT_FROM_THIS_CACHE	BOUND_ARM_REGISTERED_TYPE_IS_EXPERIMENTAL	ASSUMES_LABEL_FIELD_CORRESPONDENCE_IS_ARM_IDENTITY_UNPROVED		NO_LEAF									NO	CONFIRMED	LABEL_BYTE_EXACT	Cohort 4	NOT_CONTROL_CONFIRMED	NOT_CONTROL	CHANGED_CLASS:NOT_CONTROL_ASSERTED->NOT_ESTABLISHED	enoblituzumab 15 mg/kg IV and retifanlimab 375 mg IV every three weeks up to 17 doses.	NEWLINE_TO_SPACE;CUT_AT_400_CHARS;TSV_WRITE_NORMALISES_TAB_AND_NEWLINE;ORIGINAL_RETRIEVABLE_ONLY_VIA_the cached source record	86
NCT02475213	Best Overall Response (irRECIST 1.1)	Cohort 1	5	2014_2017	bor	8	10	ALL_ARMS_NON_CONTROL_TYPED	EXPERIMENTAL | EXPERIMENTAL | EXPERIMENTAL | EXPERIMENTAL | EXPERIMENTAL | EXPERIMENTAL | EXPERIMENTAL | EXPERIMENTAL	LABEL_MATCH	LABEL_FIELD_MATCH_ONLY:LABEL_BYTE_EXACT	SOURCE_RECORD	protocolSection.armsInterventionsModule.armGroups[0].label	1	0	Cohort 1	EXPERIMENTAL	0	Cohort 1	EXPERIMENTAL						NOT_ESTABLISHED_IN_THIS_CACHE	bound arm 0 registered type EXPERIMENTAL (verbatim). A registered type of EXPERIMENTAL/OTHER is not evidence that this group had no comparator role; no comparator evidence exists in this cache either way			NOT_ESTABLISHED_REGISTRY_JOIN_FIELDS_ABSENT_FROM_THIS_CACHE	BOUND_ARM_REGISTERED_TYPE_IS_EXPERIMENTAL	ASSUMES_LABEL_FIELD_CORRESPONDENCE_IS_ARM_IDENTITY_UNPROVED		NO_LEAF									NO	CONFIRMED	LABEL_BYTE_EXACT	Cohort 1	NOT_CONTROL_CONFIRMED	NOT_CONTROL	CHANGED_CLASS:NOT_CONTROL_ASSERTED->NOT_ESTABLISHED	enoblituzumab 3 mg/kg IV weekly for up to 51 doses and pembrolizumab 2 mg/kg IV every 3 weeks for up to 17 doses	NEWLINE_TO_SPACE;CUT_AT_400_CHARS;TSV_WRITE_NORMALISES_TAB_AND_NEWLINE;ORIGINAL_RETRIEVABLE_ONLY_VIA_the cached source record	112
NCT02475213	Best Overall Response (irRECIST 1.1)	Cohort 2	3	2014_2017	bor	8	10	ALL_ARMS_NON_CONTROL_TYPED	EXPERIMENTAL | EXPERIMENTAL | EXPERIMENTAL | EXPERIMENTAL | EXPERIMENTAL | EXPERIMENTAL | EXPERIMENTAL | EXPERIMENTAL	LABEL_MATCH	LABEL_FIELD_MATCH_ONLY:LABEL_BYTE_EXACT	SOURCE_RECORD	protocolSection.armsInterventionsModule.armGroups[1].label	1	1	Cohort 2	EXPERIMENTAL	1	Cohort 2	EXPERIMENTAL						NOT_ESTABLISHED_IN_THIS_CACHE	bound arm 1 registered type EXPERIMENTAL (verbatim). A registered type of EXPERIMENTAL/OTHER is not evidence that this group had no comparator role; no comparator evidence exists in this cache either way			NOT_ESTABLISHED_REGISTRY_JOIN_FIELDS_ABSENT_FROM_THIS_CACHE	BOUND_ARM_REGISTERED_TYPE_IS_EXPERIMENTAL	ASSUMES_LABEL_FIELD_CORRESPONDENCE_IS_ARM_IDENTITY_UNPROVED		NO_LEAF									NO	CONFIRMED	LABEL_BYTE_EXACT	Cohort 2	NOT_CONTROL_CONFIRMED	NOT_CONTROL	CHANGED_CLASS:NOT_CONTROL_ASSERTED->NOT_ESTABLISHED	enoblituzumab 10 mg/kg IV weekly for up to 51 doses and pembrolizumab 2 mg/kg IV every 3 weeks for up to 17 doses	NEWLINE_TO_SPACE;CUT_AT_400_CHARS;TSV_WRITE_NORMALISES_TAB_AND_NEWLINE;ORIGINAL_RETRIEVABLE_ONLY_VIA_the cached source record	113
NCT02475213	Best Overall Response (irRECIST 1.1)	Cohort 3	3	2014_2017	bor	8	10	ALL_ARMS_NON_CONTROL_TYPED	EXPERIMENTAL | EXPERIMENTAL | EXPERIMENTAL | EXPERIMENTAL | EXPERIMENTAL | EXPERIMENTAL | EXPERIMENTAL | EXPERIMENTAL	LABEL_MATCH	LABEL_FIELD_MATCH_ONLY:LABEL_BYTE_EXACT	SOURCE_RECORD	protocolSection.armsInterventionsModule.armGroups[2].label	1	2	Cohort 3	EXPERIMENTAL	2	Cohort 3	EXPERIMENTAL						NOT_ESTABLISHED_IN_THIS_CACHE	bound arm 2 registered type EXPERIMENTAL (verbatim). A registered type of EXPERIMENTAL/OTHER is not evidence that this group had no comparator role; no comparator evidence exists in this cache either way			NOT_ESTABLISHED_REGISTRY_JOIN_FIELDS_ABSENT_FROM_THIS_CACHE	BOUND_ARM_REGISTERED_TYPE_IS_EXPERIMENTAL	ASSUMES_LABEL_FIELD_CORRESPONDENCE_IS_ARM_IDENTITY_UNPROVED		NO_LEAF									NO	CONFIRMED	LABEL_BYTE_EXACT	Cohort 3	NOT_CONTROL_CONFIRMED	NOT_CONTROL	CHANGED_CLASS:NOT_CONTROL_ASSERTED->NOT_ESTABLISHED	enoblituzumab 15 mg/kg IV weekly for up to 51 doses and pembrolizumab 2 mg/kg IV every 3 weeks for up to 17 doses	NEWLINE_TO_SPACE;CUT_AT_400_CHARS;TSV_WRITE_NORMALISES_TAB_AND_NEWLINE;ORIGINAL_RETRIEVABLE_ONLY_VIA_the cached source record	113
NCT02475213	Best Overall Response (irRECIST 1.1)	Melanoma Cohort	15	2014_2017	bor	8	10	ALL_ARMS_NON_CONTROL_TYPED	EXPERIMENTAL | EXPERIMENTAL | EXPERIMENTAL | EXPERIMENTAL | EXPERIMENTAL | EXPERIMENTAL | EXPERIMENTAL | EXPERIMENTAL	LABEL_MATCH	LABEL_FIELD_MATCH_ONLY:LABEL_BYTE_EXACT	SOURCE_RECORD	protocolSection.armsInterventionsModule.armGroups[4].label	1	4	Melanoma Cohort	EXPERIMENTAL	4	Melanoma Cohort	EXPERIMENTAL						NOT_ESTABLISHED_IN_THIS_CACHE	bound arm 4 registered type EXPERIMENTAL (verbatim). A registered type of EXPERIMENTAL/OTHER is not evidence that this group had no comparator role; no comparator evidence exists in this cache either way			NOT_ESTABLISHED_REGISTRY_JOIN_FIELDS_ABSENT_FROM_THIS_CACHE	BOUND_ARM_REGISTERED_TYPE_IS_EXPERIMENTAL	ASSUMES_LABEL_FIELD_CORRESPONDENCE_IS_ARM_IDENTITY_UNPROVED		NO_LEAF									NO	CONFIRMED	LABEL_BYTE_EXACT	Melanoma Cohort	NOT_CONTROL_CONFIRMED	NOT_CONTROL	CHANGED_CLASS:NOT_CONTROL_ASSERTED->NOT_ESTABLISHED	enoblituzumab 15 mg/kg IV weekly for up to 51 doses and pembrolizumab 2 mg/kg IV every 3 weeks for up to 17 doses	NEWLINE_TO_SPACE;CUT_AT_400_CHARS;TSV_WRITE_NORMALISES_TAB_AND_NEWLINE;ORIGINAL_RETRIEVABLE_ONLY_VIA_the cached source record	113
NCT02475213	Best Overall Response (irRECIST 1.1)	Urothelial Cancer Cohort	17	2014_2017	bor	8	10	ALL_ARMS_NON_CONTROL_TYPED	EXPERIMENTAL | EXPERIMENTAL | EXPERIMENTAL | EXPERIMENTAL | EXPERIMENTAL | EXPERIMENTAL | EXPERIMENTAL | EXPERIMENTAL	LABEL_MATCH	LABEL_FIELD_MATCH_ONLY:LABEL_BYTE_EXACT	SOURCE_RECORD	protocolSection.armsInterventionsModule.armGroups[5].label	1	5	Urothelial Cancer Cohort	EXPERIMENTAL	5	Urothelial Cancer Cohort	EXPERIMENTAL						NOT_ESTABLISHED_IN_THIS_CACHE	bound arm 5 registered type EXPERIMENTAL (verbatim). A registered type of EXPERIMENTAL/OTHER is not evidence that this group had no comparator role; no comparator evidence exists in this cache either way			NOT_ESTABLISHED_REGISTRY_JOIN_FIELDS_ABSENT_FROM_THIS_CACHE	BOUND_ARM_REGISTERED_TYPE_IS_EXPERIMENTAL	ASSUMES_LABEL_FIELD_CORRESPONDENCE_IS_ARM_IDENTITY_UNPROVED		NO_LEAF									NO	CONFIRMED	LABEL_BYTE_EXACT	Urothelial Cancer Cohort	NOT_CONTROL_CONFIRMED	NOT_CONTROL	CHANGED_CLASS:NOT_CONTROL_ASSERTED->NOT_ESTABLISHED	enoblituzumab 15 mg/kg IV weekly for up to 51 doses and pembrolizumab 2 mg/kg IV every 3 weeks for up to 17 doses	NEWLINE_TO_SPACE;CUT_AT_400_CHARS;TSV_WRITE_NORMALISES_TAB_AND_NEWLINE;ORIGINAL_RETRIEVABLE_ONLY_VIA_the cached source record	113
NCT02475213	Best Overall Response (irRECIST 1.1)	NSCLC Cohort: PD1/PDL1 Naïve	15	2014_2017	bor	8	10	ALL_ARMS_NON_CONTROL_TYPED	EXPERIMENTAL | EXPERIMENTAL | EXPERIMENTAL | EXPERIMENTAL | EXPERIMENTAL | EXPERIMENTAL | EXPERIMENTAL | EXPERIMENTAL	PROPOSED	LEAF_CLAIM_NOT_VERIFIABLE_FROM_EXACT_SOURCE_FIELDS	DELIVERED_LEAF:LEAF-QD-group1.tsv	LEAF-OUT/LEAF-QD-group1.tsv:line 43; candidate protocolSection.armsInterventionsModule.armGroups[6].label	1	6	Non-small Cell Cancer (NSCLC) Cohort	EXPERIMENTAL									UNKNOWN_IN_THIS_CACHE	no source-field-matched arm link and no comparator wording in the group record			NOT_ESTABLISHED_REGISTRY_JOIN_FIELDS_ABSENT_FROM_THIS_CACHE	ALL_REGISTERED_ARMS_NON_COMPARATOR_TYPED_CONDITIONAL	ASSUMES_THIS_RESULTS_GROUP_IS_A_SUBSET_OF_THE_REGISTERED_ARM_SET_MEMBERSHIP_UNPROVED		LEAF_LABEL_RESOLVES_UNIQUELY	Non-small Cell Cancer (NSCLC) Cohort	LEAF-OUT/LEAF-QD-group1.tsv:line 43	RETAINED_UNVERIFIED_WITH_LOCATOR		armGroups[6].label acronym vs group_title prefix; armGroups[6].description vs group description	NEWLINE_TO_SPACE;CUT_AT_400_CHARS;TSV_WRITE_NORMALISES_TAB_AND_NEWLINE;ORIGINAL_RETRIEVABLE_ONLY_VIA_leaf_claim_locator	95	NO	NO	CONFIRMED	LEAF_WITHIN_RECORD_RELATION	Non-small Cell Cancer (NSCLC) Cohort	NOT_CONTROL_CONFIRMED	UNKNOWN	CHANGED_CLASS:NOT_CONTROL_ASSERTED->UNKNOWN	enoblituzumab 15 mg/kg IV weekly for up to 51 doses and pembrolizumab 2 mg/kg IV every 3 weeks for up to 17 doses	NEWLINE_TO_SPACE;CUT_AT_400_CHARS;TSV_WRITE_NORMALISES_TAB_AND_NEWLINE;ORIGINAL_RETRIEVABLE_ONLY_VIA_the cached source record	113
NCT02475213	Best Overall Response (irRECIST 1.1)	NSCLC Cohort: PD1/PDL1 Experienced	19	2014_2017	bor	8	10	ALL_ARMS_NON_CONTROL_TYPED	EXPERIMENTAL | EXPERIMENTAL | EXPERIMENTAL | EXPERIMENTAL | EXPERIMENTAL | EXPERIMENTAL | EXPERIMENTAL | EXPERIMENTAL	PROPOSED	LEAF_CLAIM_NOT_VERIFIABLE_FROM_EXACT_SOURCE_FIELDS	DELIVERED_LEAF:LEAF-QD-group1.tsv	LEAF-OUT/LEAF-QD-group1.tsv:line 42; candidate protocolSection.armsInterventionsModule.armGroups[6].label	1	6	Non-small Cell Cancer (NSCLC) Cohort	EXPERIMENTAL									UNKNOWN_IN_THIS_CACHE	no source-field-matched arm link and no comparator wording in the group record			NOT_ESTABLISHED_REGISTRY_JOIN_FIELDS_ABSENT_FROM_THIS_CACHE	ALL_REGISTERED_ARMS_NON_COMPARATOR_TYPED_CONDITIONAL	ASSUMES_THIS_RESULTS_GROUP_IS_A_SUBSET_OF_THE_REGISTERED_ARM_SET_MEMBERSHIP_UNPROVED		LEAF_LABEL_RESOLVES_UNIQUELY	Non-small Cell Cancer (NSCLC) Cohort	LEAF-OUT/LEAF-QD-group1.tsv:line 42	RETAINED_UNVERIFIED_WITH_LOCATOR		armGroups[6].label acronym vs group_title prefix; armGroups[6].description vs group description	NEWLINE_TO_SPACE;CUT_AT_400_CHARS;TSV_WRITE_NORMALISES_TAB_AND_NEWLINE;ORIGINAL_RETRIEVABLE_ONLY_VIA_leaf_claim_locator	95	NO	NO	CONFIRMED	LEAF_WITHIN_RECORD_RELATION	Non-small Cell Cancer (NSCLC) Cohort	NOT_CONTROL_CONFIRMED	UNKNOWN	CHANGED_CLASS:NOT_CONTROL_ASSERTED->UNKNOWN	enoblituzumab 15 mg/kg IV weekly for up to 51 doses and pembrolizumab 2 mg/kg IV every 3 weeks for up to 17 doses	NEWLINE_TO_SPACE;CUT_AT_400_CHARS;TSV_WRITE_NORMALISES_TAB_AND_NEWLINE;ORIGINAL_RETRIEVABLE_ONLY_VIA_the cached source record	113
NCT02475213	Best Overall Response (irRECIST 1.1)	SCCHN Cohort: PD1/PDL1 Naïve	16	2014_2017	bor	8	10	ALL_ARMS_NON_CONTROL_TYPED	EXPERIMENTAL | EXPERIMENTAL | EXPERIMENTAL | EXPERIMENTAL | EXPERIMENTAL | EXPERIMENTAL | EXPERIMENTAL | EXPERIMENTAL	PROPOSED	LEAF_CLAIM_NOT_VERIFIABLE_FROM_EXACT_SOURCE_FIELDS	DELIVERED_LEAF:LEAF-QD-group1.tsv	LEAF-OUT/LEAF-QD-group1.tsv:line 45; candidate protocolSection.armsInterventionsModule.armGroups[7].label	1	7	Squamous Cell Cancer of Head and Neck (SCCHN) Cohort	EXPERIMENTAL									UNKNOWN_IN_THIS_CACHE	no source-field-matched arm link and no comparator wording in the group record			NOT_ESTABLISHED_REGISTRY_JOIN_FIELDS_ABSENT_FROM_THIS_CACHE	ALL_REGISTERED_ARMS_NON_COMPARATOR_TYPED_CONDITIONAL	ASSUMES_THIS_RESULTS_GROUP_IS_A_SUBSET_OF_THE_REGISTERED_ARM_SET_MEMBERSHIP_UNPROVED		LEAF_LABEL_RESOLVES_UNIQUELY	Squamous Cell Cancer of Head and Neck (SCCHN) Cohort	LEAF-OUT/LEAF-QD-group1.tsv:line 45	RETAINED_UNVERIFIED_WITH_LOCATOR		armGroups[7].label acronym vs group_title prefix; armGroups[7].description vs group description	NEWLINE_TO_SPACE;CUT_AT_400_CHARS;TSV_WRITE_NORMALISES_TAB_AND_NEWLINE;ORIGINAL_RETRIEVABLE_ONLY_VIA_leaf_claim_locator	95	NO	NO	CONFIRMED	LEAF_WITHIN_RECORD_RELATION	Squamous Cell Cancer of Head and Neck (SCCHN) Cohort	NOT_CONTROL_CONFIRMED	UNKNOWN	CHANGED_CLASS:NOT_CONTROL_ASSERTED->UNKNOWN	enoblituzumab 15 mg/kg IV weekly for up to 51 doses and pembrolizumab 2 mg/kg IV every 3 weeks for up to 17 doses	NEWLINE_TO_SPACE;CUT_AT_400_CHARS;TSV_WRITE_NORMALISES_TAB_AND_NEWLINE;ORIGINAL_RETRIEVABLE_ONLY_VIA_the cached source record	113
NCT02475213	Best Overall Response (irRECIST 1.1)	SCCHN Cohort: PD1/PDL1 Experienced	19	2014_2017	bor	8	10	ALL_ARMS_NON_CONTROL_TYPED	EXPERIMENTAL | EXPERIMENTAL | EXPERIMENTAL | EXPERIMENTAL | EXPERIMENTAL | EXPERIMENTAL | EXPERIMENTAL | EXPERIMENTAL	PROPOSED	LEAF_CLAIM_NOT_VERIFIABLE_FROM_EXACT_SOURCE_FIELDS	DELIVERED_LEAF:LEAF-QD-group1.tsv	LEAF-OUT/LEAF-QD-group1.tsv:line 44; candidate protocolSection.armsInterventionsModule.armGroups[7].label	1	7	Squamous Cell Cancer of Head and Neck (SCCHN) Cohort	EXPERIMENTAL									UNKNOWN_IN_THIS_CACHE	no source-field-matched arm link and no comparator wording in the group record			NOT_ESTABLISHED_REGISTRY_JOIN_FIELDS_ABSENT_FROM_THIS_CACHE	ALL_REGISTERED_ARMS_NON_COMPARATOR_TYPED_CONDITIONAL	ASSUMES_THIS_RESULTS_GROUP_IS_A_SUBSET_OF_THE_REGISTERED_ARM_SET_MEMBERSHIP_UNPROVED		LEAF_LABEL_RESOLVES_UNIQUELY	Squamous Cell Cancer of Head and Neck (SCCHN) Cohort	LEAF-OUT/LEAF-QD-group1.tsv:line 44	RETAINED_UNVERIFIED_WITH_LOCATOR		armGroups[7].label acronym vs group_title prefix; armGroups[7].description vs group description	NEWLINE_TO_SPACE;CUT_AT_400_CHARS;TSV_WRITE_NORMALISES_TAB_AND_NEWLINE;ORIGINAL_RETRIEVABLE_ONLY_VIA_leaf_claim_locator	95	NO	NO	CONFIRMED	LEAF_WITHIN_RECORD_RELATION	Squamous Cell Cancer of Head and Neck (SCCHN) Cohort	NOT_CONTROL_CONFIRMED	UNKNOWN	CHANGED_CLASS:NOT_CONTROL_ASSERTED->UNKNOWN	enoblituzumab 15 mg/kg IV weekly for up to 51 doses and pembrolizumab 2 mg/kg IV every 3 weeks for up to 17 doses	NEWLINE_TO_SPACE;CUT_AT_400_CHARS;TSV_WRITE_NORMALISES_TAB_AND_NEWLINE;ORIGINAL_RETRIEVABLE_ONLY_VIA_the cached source record	113
NCT02475213	Best Overall Response (irRECIST 1.1)	Cohort 4	12	2014_2017	bor	8	10	ALL_ARMS_NON_CONTROL_TYPED	EXPERIMENTAL | EXPERIMENTAL | EXPERIMENTAL | EXPERIMENTAL | EXPERIMENTAL | EXPERIMENTAL | EXPERIMENTAL | EXPERIMENTAL	LABEL_MATCH	LABEL_FIELD_MATCH_ONLY:LABEL_BYTE_EXACT	SOURCE_RECORD	protocolSection.armsInterventionsModule.armGroups[3].label	1	3	Cohort 4	EXPERIMENTAL	3	Cohort 4	EXPERIMENTAL						NOT_ESTABLISHED_IN_THIS_CACHE	bound arm 3 registered type EXPERIMENTAL (verbatim). A registered type of EXPERIMENTAL/OTHER is not evidence that this group had no comparator role; no comparator evidence exists in this cache either way			NOT_ESTABLISHED_REGISTRY_JOIN_FIELDS_ABSENT_FROM_THIS_CACHE	BOUND_ARM_REGISTERED_TYPE_IS_EXPERIMENTAL	ASSUMES_LABEL_FIELD_CORRESPONDENCE_IS_ARM_IDENTITY_UNPROVED		NO_LEAF									NO	CONFIRMED	LABEL_BYTE_EXACT	Cohort 4	NOT_CONTROL_CONFIRMED	NOT_CONTROL	CHANGED_CLASS:NOT_CONTROL_ASSERTED->NOT_ESTABLISHED	enoblituzumab 15 mg/kg IV and retifanlimab 375 mg IV every three weeks up to 17 doses.	NEWLINE_TO_SPACE;CUT_AT_400_CHARS;TSV_WRITE_NORMALISES_TAB_AND_NEWLINE;ORIGINAL_RETRIEVABLE_ONLY_VIA_the cached source record	86
NCT02336165	Number of Subjects With Best Overall Response	Cohort A	40	2014_2017	bor	5	5	ALL_ARMS_NON_CONTROL_TYPED	EXPERIMENTAL | EXPERIMENTAL | EXPERIMENTAL | EXPERIMENTAL | EXPERIMENTAL	LABEL_MATCH	LABEL_FIELD_MATCH_ONLY:LABEL_BYTE_EXACT	SOURCE_RECORD	protocolSection.armsInterventionsModule.armGroups[0].label	1	0	Cohort A	EXPERIMENTAL	0	Cohort A	EXPERIMENTAL						NOT_ESTABLISHED_IN_THIS_CACHE	bound arm 0 registered type EXPERIMENTAL (verbatim). A registered type of EXPERIMENTAL/OTHER is not evidence that this group had no comparator role; no comparator evidence exists in this cache either way			NOT_ESTABLISHED_REGISTRY_JOIN_FIELDS_ABSENT_FROM_THIS_CACHE	BOUND_ARM_REGISTERED_TYPE_IS_EXPERIMENTAL	ASSUMES_LABEL_FIELD_CORRESPONDENCE_IS_ARM_IDENTITY_UNPROVED		NO_LEAF									NO	CONFIRMED	LABEL_BYTE_EXACT	Cohort A	NOT_CONTROL_CONFIRMED	NOT_CONTROL	CHANGED_CLASS:NOT_CONTROL_ASSERTED->NOT_ESTABLISHED	Subjects with newly diagnosed unmethlyated MGMT GBM receive durvalumab (10 mg/kg IV Q2W) + standard radiotherapy (2 Gy/day x 5 days per week, for a total of 60 Gy over 30 fractions per local guidelines). On days when radiotherapy and durvalumab overlap, radiotherapy is administered first followed by durvalumab.	NEWLINE_TO_SPACE;CUT_AT_400_CHARS;TSV_WRITE_NORMALISES_TAB_AND_NEWLINE;ORIGINAL_RETRIEVABLE_ONLY_VIA_the cached source record	312
NCT02336165	Number of Subjects With Best Overall Response	Cohort B	31	2014_2017	bor	5	5	ALL_ARMS_NON_CONTROL_TYPED	EXPERIMENTAL | EXPERIMENTAL | EXPERIMENTAL | EXPERIMENTAL | EXPERIMENTAL	LABEL_MATCH	LABEL_FIELD_MATCH_ONLY:LABEL_BYTE_EXACT	SOURCE_RECORD	protocolSection.armsInterventionsModule.armGroups[1].label	1	1	Cohort B	EXPERIMENTAL	1	Cohort B	EXPERIMENTAL						NOT_ESTABLISHED_IN_THIS_CACHE	bound arm 1 registered type EXPERIMENTAL (verbatim). A registered type of EXPERIMENTAL/OTHER is not evidence that this group had no comparator role; no comparator evidence exists in this cache either way			NOT_ESTABLISHED_REGISTRY_JOIN_FIELDS_ABSENT_FROM_THIS_CACHE	BOUND_ARM_REGISTERED_TYPE_IS_EXPERIMENTAL	ASSUMES_LABEL_FIELD_CORRESPONDENCE_IS_ARM_IDENTITY_UNPROVED		NO_LEAF									NO	CONFIRMED	LABEL_BYTE_EXACT	Cohort B	NOT_CONTROL_CONFIRMED	NOT_CONTROL	CHANGED_CLASS:NOT_CONTROL_ASSERTED->NOT_ESTABLISHED	Bevacizumab-naïve subjects with recurrent GBM receive durvalumab (10 mg/kg IV Q2W) as monotherapy.	NEWLINE_TO_SPACE;CUT_AT_400_CHARS;TSV_WRITE_NORMALISES_TAB_AND_NEWLINE;ORIGINAL_RETRIEVABLE_ONLY_VIA_the cached source record	98
NCT02336165	Number of Subjects With Best Overall Response	Cohort B2	33	2014_2017	bor	5	5	ALL_ARMS_NON_CONTROL_TYPED	EXPERIMENTAL | EXPERIMENTAL | EXPERIMENTAL | EXPERIMENTAL | EXPERIMENTAL	LABEL_MATCH	LABEL_FIELD_MATCH_ONLY:LABEL_BYTE_EXACT	SOURCE_RECORD	protocolSection.armsInterventionsModule.armGroups[2].label	1	2	Cohort B2	EXPERIMENTAL	2	Cohort B2	EXPERIMENTAL						NOT_ESTABLISHED_IN_THIS_CACHE	bound arm 2 registered type EXPERIMENTAL (verbatim). A registered type of EXPERIMENTAL/OTHER is not evidence that this group had no comparator role; no comparator evidence exists in this cache either way			NOT_ESTABLISHED_REGISTRY_JOIN_FIELDS_ABSENT_FROM_THIS_CACHE	BOUND_ARM_REGISTERED_TYPE_IS_EXPERIMENTAL	ASSUMES_LABEL_FIELD_CORRESPONDENCE_IS_ARM_IDENTITY_UNPROVED		NO_LEAF									NO	CONFIRMED	LABEL_BYTE_EXACT	Cohort B2	NOT_CONTROL_CONFIRMED	NOT_CONTROL	CHANGED_CLASS:NOT_CONTROL_ASSERTED->NOT_ESTABLISHED	Bevacizumab-naïve subjects with recurrent GBM receive durvalumab (10 mg/kg IV Q2W) + bevacizumab (10 mg/kg IV Q2W).  Durvalumab is administered first followed by a 1-hour observation period, after which, bevacizumab is infused.	NEWLINE_TO_SPACE;CUT_AT_400_CHARS;TSV_WRITE_NORMALISES_TAB_AND_NEWLINE;ORIGINAL_RETRIEVABLE_ONLY_VIA_the cached source record	227
NCT02336165	Number of Subjects With Best Overall Response	Cohort B3	32	2014_2017	bor	5	5	ALL_ARMS_NON_CONTROL_TYPED	EXPERIMENTAL | EXPERIMENTAL | EXPERIMENTAL | EXPERIMENTAL | EXPERIMENTAL	LABEL_MATCH	LABEL_FIELD_MATCH_ONLY:LABEL_BYTE_EXACT	SOURCE_RECORD	protocolSection.armsInterventionsModule.armGroups[3].label	1	3	Cohort B3	EXPERIMENTAL	3	Cohort B3	EXPERIMENTAL						NOT_ESTABLISHED_IN_THIS_CACHE	bound arm 3 registered type EXPERIMENTAL (verbatim). A registered type of EXPERIMENTAL/OTHER is not evidence that this group had no comparator role; no comparator evidence exists in this cache either way			NOT_ESTABLISHED_REGISTRY_JOIN_FIELDS_ABSENT_FROM_THIS_CACHE	BOUND_ARM_REGISTERED_TYPE_IS_EXPERIMENTAL	ASSUMES_LABEL_FIELD_CORRESPONDENCE_IS_ARM_IDENTITY_UNPROVED		NO_LEAF									NO	CONFIRMED	LABEL_BYTE_EXACT	Cohort B3	NOT_CONTROL_CONFIRMED	NOT_CONTROL	CHANGED_CLASS:NOT_CONTROL_ASSERTED->NOT_ESTABLISHED	Bevacizumab-naïve subjects with recurrent GBM receive durvalumab (10 mg/kg IV Q2W) + bevacizumab (3 mg/kg IV Q2W).  Durvalumab is administered first followed by a 1-hour observation period, after which, bevacizumab is infused.	NEWLINE_TO_SPACE;CUT_AT_400_CHARS;TSV_WRITE_NORMALISES_TAB_AND_NEWLINE;ORIGINAL_RETRIEVABLE_ONLY_VIA_the cached source record	226
NCT02336165	Number of Subjects With Best Overall Response	Cohort C	20	2014_2017	bor	5	5	ALL_ARMS_NON_CONTROL_TYPED	EXPERIMENTAL | EXPERIMENTAL | EXPERIMENTAL | EXPERIMENTAL | EXPERIMENTAL	LABEL_MATCH	LABEL_FIELD_MATCH_ONLY:LABEL_BYTE_EXACT	SOURCE_RECORD	protocolSection.armsInterventionsModule.armGroups[4].label	1	4	Cohort C	EXPERIMENTAL	4	Cohort C	EXPERIMENTAL						NOT_ESTABLISHED_IN_THIS_CACHE	bound arm 4 registered type EXPERIMENTAL (verbatim). A registered type of EXPERIMENTAL/OTHER is not evidence that this group had no comparator role; no comparator evidence exists in this cache either way			NOT_ESTABLISHED_REGISTRY_JOIN_FIELDS_ABSENT_FROM_THIS_CACHE	BOUND_ARM_REGISTERED_TYPE_IS_EXPERIMENTAL	ASSUMES_LABEL_FIELD_CORRESPONDENCE_IS_ARM_IDENTITY_UNPROVED		NO_LEAF									NO	CONFIRMED	LABEL_BYTE_EXACT	Cohort C	NOT_CONTROL_CONFIRMED	NOT_CONTROL	CHANGED_CLASS:NOT_CONTROL_ASSERTED->NOT_ESTABLISHED	Bevacizumab-refractory subjects with recurrent GBM receive durvalumab (10 mg/kg IV Q2W) + continued bevacizumab (10 mg/kg IV Q2W).  Durvalumab is administered first followed by a 1-hour observation period, after which, bevacizumab is infused.	NEWLINE_TO_SPACE;CUT_AT_400_CHARS;TSV_WRITE_NORMALISES_TAB_AND_NEWLINE;ORIGINAL_RETRIEVABLE_ONLY_VIA_the cached source record	242
NCT02593786	Best Overall Response (BOR)	Cohort A: Nivolumab 3 mg/kg Q2W	14	2014_2017	bor	2	4	ALL_ARMS_NON_CONTROL_TYPED	EXPERIMENTAL | EXPERIMENTAL	UNKNOWN_IN_THIS_CACHE	NO_EXACT_SOURCE_RELATION_IN_THIS_CACHE	SOURCE_RECORD	protocolSection.armsInterventionsModule.armGroups[*].label/.description compared to groups[*].title/.description; no equality holds	0												UNKNOWN_IN_THIS_CACHE	no source-field-matched arm link and no comparator wording in the group record			NOT_ESTABLISHED_REGISTRY_JOIN_FIELDS_ABSENT_FROM_THIS_CACHE	ALL_REGISTERED_ARMS_NON_COMPARATOR_TYPED_CONDITIONAL	ASSUMES_THIS_RESULTS_GROUP_IS_A_SUBSET_OF_THE_REGISTERED_ARM_SET_MEMBERSHIP_UNPROVED		LEAF_CLAIMS_NO_ARM		LEAF-OUT/LEAF-QD-group2.tsv:line 2	NOT_VERIFIABLE_IN_THIS_CACHE		armGroups labels/descriptions/interventionNames	NEWLINE_TO_SPACE;CUT_AT_400_CHARS;TSV_WRITE_NORMALISES_TAB_AND_NEWLINE;ORIGINAL_RETRIEVABLE_ONLY_VIA_leaf_claim_locator	47	NO	NO	UNRESOLVED	LEAF_ARMS_MUTUALLY_INDISTINGUISHABLE		UNKNOWN_IN_THIS_CACHE	UNKNOWN	UNCHANGED_CLASS:UNKNOWN	Participants receive nivolumab (3 mg/kg) administered as 4 doses in each 8-week treatment cycle at Days 1, 15, 29 and 43.	NEWLINE_TO_SPACE;CUT_AT_400_CHARS;TSV_WRITE_NORMALISES_TAB_AND_NEWLINE;ORIGINAL_RETRIEVABLE_ONLY_VIA_the cached source record	121
NCT02593786	Best Overall Response (BOR)	Cohort B: Nivolumab 240 mg Q2W	19	2014_2017	bor	2	4	ALL_ARMS_NON_CONTROL_TYPED	EXPERIMENTAL | EXPERIMENTAL	UNKNOWN_IN_THIS_CACHE	NO_EXACT_SOURCE_RELATION_IN_THIS_CACHE	SOURCE_RECORD	protocolSection.armsInterventionsModule.armGroups[*].label/.description compared to groups[*].title/.description; no equality holds	0												UNKNOWN_IN_THIS_CACHE	no source-field-matched arm link and no comparator wording in the group record			NOT_ESTABLISHED_REGISTRY_JOIN_FIELDS_ABSENT_FROM_THIS_CACHE	ALL_REGISTERED_ARMS_NON_COMPARATOR_TYPED_CONDITIONAL	ASSUMES_THIS_RESULTS_GROUP_IS_A_SUBSET_OF_THE_REGISTERED_ARM_SET_MEMBERSHIP_UNPROVED		LEAF_CLAIMS_NO_ARM		LEAF-OUT/LEAF-QD-group2.tsv:line 3	NOT_VERIFIABLE_IN_THIS_CACHE		armGroups labels/descriptions/interventionNames	NEWLINE_TO_SPACE;CUT_AT_400_CHARS;TSV_WRITE_NORMALISES_TAB_AND_NEWLINE;ORIGINAL_RETRIEVABLE_ONLY_VIA_leaf_claim_locator	47	NO	NO	UNRESOLVED	LEAF_ARMS_MUTUALLY_INDISTINGUISHABLE		UNKNOWN_IN_THIS_CACHE	UNKNOWN	UNCHANGED_CLASS:UNKNOWN	Participants receive a flat dose of nivolumab (240 mg) administered as 4 doses in each 8-week treatment cycle at Days 1, 15, 29 and 43.	NEWLINE_TO_SPACE;CUT_AT_400_CHARS;TSV_WRITE_NORMALISES_TAB_AND_NEWLINE;ORIGINAL_RETRIEVABLE_ONLY_VIA_the cached source record	135
NCT02593786	Best Overall Response (BOR)	Cohort C: Nivolumab 360 mg Q3W	11	2014_2017	bor	2	4	ALL_ARMS_NON_CONTROL_TYPED	EXPERIMENTAL | EXPERIMENTAL	UNKNOWN_IN_THIS_CACHE	NO_EXACT_SOURCE_RELATION_IN_THIS_CACHE	SOURCE_RECORD	protocolSection.armsInterventionsModule.armGroups[*].label/.description compared to groups[*].title/.description; no equality holds	0												UNKNOWN_IN_THIS_CACHE	no source-field-matched arm link and no comparator wording in the group record			NOT_ESTABLISHED_REGISTRY_JOIN_FIELDS_ABSENT_FROM_THIS_CACHE	ALL_REGISTERED_ARMS_NON_COMPARATOR_TYPED_CONDITIONAL	ASSUMES_THIS_RESULTS_GROUP_IS_A_SUBSET_OF_THE_REGISTERED_ARM_SET_MEMBERSHIP_UNPROVED		LEAF_CLAIMS_NO_ARM		LEAF-OUT/LEAF-QD-group2.tsv:line 4	NOT_VERIFIABLE_IN_THIS_CACHE		armGroups labels/descriptions/interventionNames	NEWLINE_TO_SPACE;CUT_AT_400_CHARS;TSV_WRITE_NORMALISES_TAB_AND_NEWLINE;ORIGINAL_RETRIEVABLE_ONLY_VIA_leaf_claim_locator	47	NO	NO	UNRESOLVED	LEAF_ARMS_MUTUALLY_INDISTINGUISHABLE		UNKNOWN_IN_THIS_CACHE	UNKNOWN	UNCHANGED_CLASS:UNKNOWN	Participants receive a flat dose of nivolumab (360 mg) administered as one dose in each 3-week treatment cycle.	NEWLINE_TO_SPACE;CUT_AT_400_CHARS;TSV_WRITE_NORMALISES_TAB_AND_NEWLINE;ORIGINAL_RETRIEVABLE_ONLY_VIA_the cached source record	111
NCT02593786	Best Overall Response (BOR)	Cohort D: Nivolumab 480 mg Q4W	12	2014_2017	bor	2	4	ALL_ARMS_NON_CONTROL_TYPED	EXPERIMENTAL | EXPERIMENTAL	UNKNOWN_IN_THIS_CACHE	NO_EXACT_SOURCE_RELATION_IN_THIS_CACHE	SOURCE_RECORD	protocolSection.armsInterventionsModule.armGroups[*].label/.description compared to groups[*].title/.description; no equality holds	0												UNKNOWN_IN_THIS_CACHE	no source-field-matched arm link and no comparator wording in the group record			NOT_ESTABLISHED_REGISTRY_JOIN_FIELDS_ABSENT_FROM_THIS_CACHE	ALL_REGISTERED_ARMS_NON_COMPARATOR_TYPED_CONDITIONAL	ASSUMES_THIS_RESULTS_GROUP_IS_A_SUBSET_OF_THE_REGISTERED_ARM_SET_MEMBERSHIP_UNPROVED		LEAF_CLAIMS_NO_ARM		LEAF-OUT/LEAF-QD-group2.tsv:line 5	NOT_VERIFIABLE_IN_THIS_CACHE		armGroups labels/descriptions/interventionNames	NEWLINE_TO_SPACE;CUT_AT_400_CHARS;TSV_WRITE_NORMALISES_TAB_AND_NEWLINE;ORIGINAL_RETRIEVABLE_ONLY_VIA_leaf_claim_locator	47	NO	NO	UNRESOLVED	LEAF_ARMS_MUTUALLY_INDISTINGUISHABLE		UNKNOWN_IN_THIS_CACHE	UNKNOWN	UNCHANGED_CLASS:UNKNOWN	Participants receive a flat dose of nivolumab (480 mg) in each 4-week treatment cycle	NEWLINE_TO_SPACE;CUT_AT_400_CHARS;TSV_WRITE_NORMALISES_TAB_AND_NEWLINE;ORIGINAL_RETRIEVABLE_ONLY_VIA_the cached source record	85
NCT02795429	Phase Ib and Phase II: Best Overall Response (BOR) Per RECIST v1.1	Phase Ib: Capmatinib 200 mg BID + Spartalizumab 300 mg Q3W	6	2014_2017	bor	5	5	ALL_ARMS_NON_CONTROL_TYPED	EXPERIMENTAL | EXPERIMENTAL | EXPERIMENTAL | EXPERIMENTAL | EXPERIMENTAL	SOURCE_FIELD_MATCH	TWO_AGREEING_FIELD_MATCHES:LABEL_BYTE_EXACT+DESC_BYTE_EXACT	SOURCE_RECORD	protocolSection.armsInterventionsModule.armGroups[0].label and protocolSection.armsInterventionsModule.armGroups[0].description	1	0	Phase Ib: Capmatinib 200 mg BID + Spartalizumab 300 mg Q3W	EXPERIMENTAL	0	Phase Ib: Capmatinib 200 mg BID + Spartalizumab 300 mg Q3W	EXPERIMENTAL						NOT_ESTABLISHED_IN_THIS_CACHE	bound arm 0 registered type EXPERIMENTAL (verbatim). A registered type of EXPERIMENTAL/OTHER is not evidence that this group had no comparator role; no comparator evidence exists in this cache either way			NOT_ESTABLISHED_REGISTRY_JOIN_FIELDS_ABSENT_FROM_THIS_CACHE	BOUND_ARM_REGISTERED_TYPE_IS_EXPERIMENTAL	ASSUMES_TWO_AGREEING_SOURCE_FIELD_MATCHES_ARE_ARM_IDENTITY_UNPROVED		NO_LEAF									NO	CONFIRMED	LABEL_BYTE_EXACT	Phase Ib: Capmatinib 200 mg BID + Spartalizumab 300 mg Q3W	NOT_CONTROL_CONFIRMED	NOT_CONTROL	CHANGED_CLASS:NOT_CONTROL_ASSERTED->NOT_ESTABLISHED	Capmatinib 200 mg administered orally on a continuous twice daily (BID) dosing schedule in combination with spartalizumab 300 mg administered intravenously once every 3 weeks (Q3W) in Phase Ib	NEWLINE_TO_SPACE;CUT_AT_400_CHARS;TSV_WRITE_NORMALISES_TAB_AND_NEWLINE;ORIGINAL_RETRIEVABLE_ONLY_VIA_the cached source record	192
NCT02795429	Phase Ib and Phase II: Best Overall Response (BOR) Per RECIST v1.1	Phase Ib: Capmatinib 300 mg BID + Spartalizumab 300 mg Q3W	9	2014_2017	bor	5	5	ALL_ARMS_NON_CONTROL_TYPED	EXPERIMENTAL | EXPERIMENTAL | EXPERIMENTAL | EXPERIMENTAL | EXPERIMENTAL	SOURCE_FIELD_MATCH	TWO_AGREEING_FIELD_MATCHES:LABEL_BYTE_EXACT+DESC_BYTE_EXACT	SOURCE_RECORD	protocolSection.armsInterventionsModule.armGroups[1].label and protocolSection.armsInterventionsModule.armGroups[1].description	1	1	Phase Ib: Capmatinib 300 mg BID + Spartalizumab 300 mg Q3W	EXPERIMENTAL	1	Phase Ib: Capmatinib 300 mg BID + Spartalizumab 300 mg Q3W	EXPERIMENTAL						NOT_ESTABLISHED_IN_THIS_CACHE	bound arm 1 registered type EXPERIMENTAL (verbatim). A registered type of EXPERIMENTAL/OTHER is not evidence that this group had no comparator role; no comparator evidence exists in this cache either way			NOT_ESTABLISHED_REGISTRY_JOIN_FIELDS_ABSENT_FROM_THIS_CACHE	BOUND_ARM_REGISTERED_TYPE_IS_EXPERIMENTAL	ASSUMES_TWO_AGREEING_SOURCE_FIELD_MATCHES_ARE_ARM_IDENTITY_UNPROVED		NO_LEAF									NO	CONFIRMED	LABEL_BYTE_EXACT	Phase Ib: Capmatinib 300 mg BID + Spartalizumab 300 mg Q3W	NOT_CONTROL_CONFIRMED	NOT_CONTROL	CHANGED_CLASS:NOT_CONTROL_ASSERTED->NOT_ESTABLISHED	Capmatinib 300 mg administered orally on a continuous twice daily (BID) dosing schedule in combination with spartalizumab 300 mg administered intravenously once every 3 weeks (Q3W) in Phase Ib	NEWLINE_TO_SPACE;CUT_AT_400_CHARS;TSV_WRITE_NORMALISES_TAB_AND_NEWLINE;ORIGINAL_RETRIEVABLE_ONLY_VIA_the cached source record	192
NCT02795429	Phase Ib and Phase II: Best Overall Response (BOR) Per RECIST v1.1	Phase Ib: Capmatinib 400 mg BID + Spartalizumab 300 mg Q3W	11	2014_2017	bor	5	5	ALL_ARMS_NON_CONTROL_TYPED	EXPERIMENTAL | EXPERIMENTAL | EXPERIMENTAL | EXPERIMENTAL | EXPERIMENTAL	SOURCE_FIELD_MATCH	TWO_AGREEING_FIELD_MATCHES:LABEL_BYTE_EXACT+DESC_BYTE_EXACT	SOURCE_RECORD	protocolSection.armsInterventionsModule.armGroups[2].label and protocolSection.armsInterventionsModule.armGroups[2].description	1	2	Phase Ib: Capmatinib 400 mg BID + Spartalizumab 300 mg Q3W	EXPERIMENTAL	2	Phase Ib: Capmatinib 400 mg BID + Spartalizumab 300 mg Q3W	EXPERIMENTAL						NOT_ESTABLISHED_IN_THIS_CACHE	bound arm 2 registered type EXPERIMENTAL (verbatim). A registered type of EXPERIMENTAL/OTHER is not evidence that this group had no comparator role; no comparator evidence exists in this cache either way			NOT_ESTABLISHED_REGISTRY_JOIN_FIELDS_ABSENT_FROM_THIS_CACHE	BOUND_ARM_REGISTERED_TYPE_IS_EXPERIMENTAL	ASSUMES_TWO_AGREEING_SOURCE_FIELD_MATCHES_ARE_ARM_IDENTITY_UNPROVED		NO_LEAF									NO	CONFIRMED	LABEL_BYTE_EXACT	Phase Ib: Capmatinib 400 mg BID + Spartalizumab 300 mg Q3W	NOT_CONTROL_CONFIRMED	NOT_CONTROL	CHANGED_CLASS:NOT_CONTROL_ASSERTED->NOT_ESTABLISHED	Capmatinib 400 mg administered orally on a continuous twice daily (BID) dosing schedule in combination with spartalizumab 300 mg administered intravenously once every 3 weeks (Q3W) in Phase Ib	NEWLINE_TO_SPACE;CUT_AT_400_CHARS;TSV_WRITE_NORMALISES_TAB_AND_NEWLINE;ORIGINAL_RETRIEVABLE_ONLY_VIA_the cached source record	192
NCT02795429	Phase Ib and Phase II: Best Overall Response (BOR) Per RECIST v1.1	Phase II: Capmatinib 400 mg BID + Spartalizumab 300 mg Q3W	28	2014_2017	bor	5	5	ALL_ARMS_NON_CONTROL_TYPED	EXPERIMENTAL | EXPERIMENTAL | EXPERIMENTAL | EXPERIMENTAL | EXPERIMENTAL	SOURCE_FIELD_MATCH	TWO_AGREEING_FIELD_MATCHES:LABEL_BYTE_EXACT+DESC_BYTE_EXACT	SOURCE_RECORD	protocolSection.armsInterventionsModule.armGroups[3].label and protocolSection.armsInterventionsModule.armGroups[3].description	1	3	Phase II: Capmatinib 400 mg BID + Spartalizumab 300 mg Q3W	EXPERIMENTAL	3	Phase II: Capmatinib 400 mg BID + Spartalizumab 300 mg Q3W	EXPERIMENTAL						NOT_ESTABLISHED_IN_THIS_CACHE	bound arm 3 registered type EXPERIMENTAL (verbatim). A registered type of EXPERIMENTAL/OTHER is not evidence that this group had no comparator role; no comparator evidence exists in this cache either way			NOT_ESTABLISHED_REGISTRY_JOIN_FIELDS_ABSENT_FROM_THIS_CACHE	BOUND_ARM_REGISTERED_TYPE_IS_EXPERIMENTAL	ASSUMES_TWO_AGREEING_SOURCE_FIELD_MATCHES_ARE_ARM_IDENTITY_UNPROVED		NO_LEAF									NO	CONFIRMED	LABEL_BYTE_EXACT	Phase II: Capmatinib 400 mg BID + Spartalizumab 300 mg Q3W	NOT_CONTROL_CONFIRMED	NOT_CONTROL	CHANGED_CLASS:NOT_CONTROL_ASSERTED->NOT_ESTABLISHED	Capmatinib 400 mg administered orally on a continuous twice daily (BID) dosing schedule in combination with spartalizumab 300 mg administered intravenously once every 3 weeks (Q3W) in Phase II	NEWLINE_TO_SPACE;CUT_AT_400_CHARS;TSV_WRITE_NORMALISES_TAB_AND_NEWLINE;ORIGINAL_RETRIEVABLE_ONLY_VIA_the cached source record	192
NCT02795429	Phase Ib and Phase II: Best Overall Response (BOR) Per RECIST v1.1	Phase II: Spartalizumab 300 mg Q3W	27	2014_2017	bor	5	5	ALL_ARMS_NON_CONTROL_TYPED	EXPERIMENTAL | EXPERIMENTAL | EXPERIMENTAL | EXPERIMENTAL | EXPERIMENTAL	SOURCE_FIELD_MATCH	TWO_AGREEING_FIELD_MATCHES:LABEL_BYTE_EXACT+DESC_BYTE_EXACT	SOURCE_RECORD	protocolSection.armsInterventionsModule.armGroups[4].label and protocolSection.armsInterventionsModule.armGroups[4].description	1	4	Phase II: Spartalizumab 300 mg Q3W	EXPERIMENTAL	4	Phase II: Spartalizumab 300 mg Q3W	EXPERIMENTAL						NOT_ESTABLISHED_IN_THIS_CACHE	bound arm 4 registered type EXPERIMENTAL (verbatim). A registered type of EXPERIMENTAL/OTHER is not evidence that this group had no comparator role; no comparator evidence exists in this cache either way			NOT_ESTABLISHED_REGISTRY_JOIN_FIELDS_ABSENT_FROM_THIS_CACHE	BOUND_ARM_REGISTERED_TYPE_IS_EXPERIMENTAL	ASSUMES_TWO_AGREEING_SOURCE_FIELD_MATCHES_ARE_ARM_IDENTITY_UNPROVED		NO_LEAF									NO	CONFIRMED	LABEL_BYTE_EXACT	Phase II: Spartalizumab 300 mg Q3W	NOT_CONTROL_CONFIRMED	NOT_CONTROL	CHANGED_CLASS:NOT_CONTROL_ASSERTED->NOT_ESTABLISHED	Spartalizumab 300 mg administered intravenously once every 3 weeks (Q3W) in Phase II	NEWLINE_TO_SPACE;CUT_AT_400_CHARS;TSV_WRITE_NORMALISES_TAB_AND_NEWLINE;ORIGINAL_RETRIEVABLE_ONLY_VIA_the cached source record	84
NCT02644967	Phase 2: Number of Participants With Objective Response Rate (ORR) Using RECIST v1.1	Phase 2, 8 mg Tilso/Ipi	49	2014_2017	bor	1	1	ALL_ARMS_NON_CONTROL_TYPED	EXPERIMENTAL	LABEL_MATCH	LABEL_FIELD_MATCH_ONLY:LABEL_BYTE_EXACT	SOURCE_RECORD	protocolSection.armsInterventionsModule.armGroups[0].label	1	0	Phase 2, 8 mg Tilso/Ipi	EXPERIMENTAL	0	Phase 2, 8 mg Tilso/Ipi	EXPERIMENTAL						NOT_ESTABLISHED_IN_THIS_CACHE	bound arm 0 registered type EXPERIMENTAL (verbatim). A registered type of EXPERIMENTAL/OTHER is not evidence that this group had no comparator role; no comparator evidence exists in this cache either way			NOT_ESTABLISHED_REGISTRY_JOIN_FIELDS_ABSENT_FROM_THIS_CACHE	BOUND_ARM_REGISTERED_TYPE_IS_EXPERIMENTAL	ASSUMES_LABEL_FIELD_CORRESPONDENCE_IS_ARM_IDENTITY_UNPROVED		NO_LEAF									NO	CONFIRMED	LABEL_BYTE_EXACT	Phase 2, 8 mg Tilso/Ipi	NOT_CONTROL_CONFIRMED	NOT_CONTROL	CHANGED_CLASS:NOT_CONTROL_ASSERTED->NOT_ESTABLISHED	Arm/Group includes 9 participants rolled over from Phase 1 8mg Tilso/Ipi  IMO-2125 (tilso) intratumoral injection plus ipilimumab (ipi)  IMO-2125 (tilso): Drug: IMO-2125 (tilso) (8 mg as the RP2D) Intratumoral injection administered as 9 doses on Weeks 1, 2, 3, 5, 8, 11, 17, 23, and 29.  Ipilimumab (ipi): 4 doses administered intravenously at a dose of 3 mg/kg over 90 minutes on Weeks 2, 5, 8, and	NEWLINE_TO_SPACE;CUT_AT_400_CHARS;TSV_WRITE_NORMALISES_TAB_AND_NEWLINE;ORIGINAL_RETRIEVABLE_ONLY_VIA_the cached source record	404
NCT02575807	Phase 2: Objective Response Rate (ORR)	Phase 2: CRS-207/Pembro/IDO	1	2014_2017	bor	5	2	ALL_ARMS_NON_CONTROL_TYPED	EXPERIMENTAL | EXPERIMENTAL | EXPERIMENTAL | EXPERIMENTAL | EXPERIMENTAL	LABEL_MATCH	LABEL_FIELD_MATCH_ONLY:LABEL_BYTE_EXACT	SOURCE_RECORD	protocolSection.armsInterventionsModule.armGroups[3].label	1	3	Phase 2: CRS-207/Pembro/IDO	EXPERIMENTAL	3	Phase 2: CRS-207/Pembro/IDO	EXPERIMENTAL						NOT_ESTABLISHED_IN_THIS_CACHE	bound arm 3 registered type EXPERIMENTAL (verbatim). A registered type of EXPERIMENTAL/OTHER is not evidence that this group had no comparator role; no comparator evidence exists in this cache either way			NOT_ESTABLISHED_REGISTRY_JOIN_FIELDS_ABSENT_FROM_THIS_CACHE	BOUND_ARM_REGISTERED_TYPE_IS_EXPERIMENTAL	ASSUMES_LABEL_FIELD_CORRESPONDENCE_IS_ARM_IDENTITY_UNPROVED		NO_LEAF									NO	CONFIRMED	LABEL_BYTE_EXACT	Phase 2: CRS-207/Pembro/IDO	NOT_CONTROL_CONFIRMED	NOT_CONTROL	CHANGED_CLASS:NOT_CONTROL_ASSERTED->NOT_ESTABLISHED	CRS-207 and pembro administered in 3-week cycles, IDO administered BID.  * CRS-207 (1 x 10e9 CFU) administered by IV infusion. For Cycle 1 through Cycle 6, CRS-207 administered on Day 2 of each cycle. After 6 cycles, CRS-207 administered on Day 2 once every 6 weeks (every other cycle). * Pembro (200 mg) administered by IV infusion on Day 1 in 3-week cycles. * IDO (300 mg) administered PO BID, star	NEWLINE_TO_SPACE;CUT_AT_400_CHARS;TSV_WRITE_NORMALISES_TAB_AND_NEWLINE;ORIGINAL_RETRIEVABLE_ONLY_VIA_the cached source record	451
NCT02575807	Phase 2: Objective Response Rate (ORR)	Phase 2: CRS-207/Pembro	2	2014_2017	bor	5	2	ALL_ARMS_NON_CONTROL_TYPED	EXPERIMENTAL | EXPERIMENTAL | EXPERIMENTAL | EXPERIMENTAL | EXPERIMENTAL	SOURCE_FIELD_MATCH	TWO_AGREEING_FIELD_MATCHES:LABEL_BYTE_EXACT+DESC_BYTE_EXACT	SOURCE_RECORD	protocolSection.armsInterventionsModule.armGroups[4].label and protocolSection.armsInterventionsModule.armGroups[4].description	1	4	Phase 2: CRS-207/Pembro	EXPERIMENTAL	4	Phase 2: CRS-207/Pembro	EXPERIMENTAL						NOT_ESTABLISHED_IN_THIS_CACHE	bound arm 4 registered type EXPERIMENTAL (verbatim). A registered type of EXPERIMENTAL/OTHER is not evidence that this group had no comparator role; no comparator evidence exists in this cache either way			NOT_ESTABLISHED_REGISTRY_JOIN_FIELDS_ABSENT_FROM_THIS_CACHE	BOUND_ARM_REGISTERED_TYPE_IS_EXPERIMENTAL	ASSUMES_TWO_AGREEING_SOURCE_FIELD_MATCHES_ARE_ARM_IDENTITY_UNPROVED		NO_LEAF									NO	CONFIRMED	LABEL_BYTE_EXACT	Phase 2: CRS-207/Pembro	NOT_CONTROL_CONFIRMED	NOT_CONTROL	CHANGED_CLASS:NOT_CONTROL_ASSERTED->NOT_ESTABLISHED	CRS-207 and pembro administered in 3-week cycles.  * CRS-207 (1 x 10e9 CFU) administered by IV infusion. For Cycle 1 through Cycle 6, CRS-207 administered on Day 2 of each cycle. After 6 cycles, CRS-207 administered on Day 2 once every 6 weeks (every other cycle). * Pembro (200 mg) administered by IV infusion on Day 1 in 3-week cycles.	NEWLINE_TO_SPACE;CUT_AT_400_CHARS;TSV_WRITE_NORMALISES_TAB_AND_NEWLINE;ORIGINAL_RETRIEVABLE_ONLY_VIA_the cached source record	337
NCT02575807	Phase 1: Objective Response Rate (ORR) by mRECIST	Phase 1: CRS-207	8	2014_2017	bor	5	3	ALL_ARMS_NON_CONTROL_TYPED	EXPERIMENTAL | EXPERIMENTAL | EXPERIMENTAL | EXPERIMENTAL | EXPERIMENTAL	LABEL_MATCH	LABEL_FIELD_MATCH_ONLY:LABEL_BYTE_EXACT	SOURCE_RECORD	protocolSection.armsInterventionsModule.armGroups[0].label	1	0	Phase 1: CRS-207	EXPERIMENTAL	0	Phase 1: CRS-207	EXPERIMENTAL						NOT_ESTABLISHED_IN_THIS_CACHE	bound arm 0 registered type EXPERIMENTAL (verbatim). A registered type of EXPERIMENTAL/OTHER is not evidence that this group had no comparator role; no comparator evidence exists in this cache either way			NOT_ESTABLISHED_REGISTRY_JOIN_FIELDS_ABSENT_FROM_THIS_CACHE	BOUND_ARM_REGISTERED_TYPE_IS_EXPERIMENTAL	ASSUMES_LABEL_FIELD_CORRESPONDENCE_IS_ARM_IDENTITY_UNPROVED		NO_LEAF									NO	CONFIRMED	LABEL_BYTE_EXACT	Phase 1: CRS-207	NOT_CONTROL_CONFIRMED	NOT_CONTROL	CHANGED_CLASS:NOT_CONTROL_ASSERTED->NOT_ESTABLISHED	CRS-207 administered in 3-week cycles.  \* CRS-207 (1 x 10e9 CFU) administered by IV infusion. For Cycle 1 through Cycle 6, CRS-207 will be administered on Day 1 of each cycle. After 6 cycles, CRS-207 will be administered on Day 1 once every 6 weeks (every other cycle).	NEWLINE_TO_SPACE;CUT_AT_400_CHARS;TSV_WRITE_NORMALISES_TAB_AND_NEWLINE;ORIGINAL_RETRIEVABLE_ONLY_VIA_the cached source record	270
NCT02575807	Phase 1: Objective Response Rate (ORR) by mRECIST	Phase 1: CRS-207/IDO 100 mg	4	2014_2017	bor	5	3	ALL_ARMS_NON_CONTROL_TYPED	EXPERIMENTAL | EXPERIMENTAL | EXPERIMENTAL | EXPERIMENTAL | EXPERIMENTAL	LABEL_MATCH	LABEL_FIELD_MATCH_ONLY:LABEL_BYTE_EXACT	SOURCE_RECORD	protocolSection.armsInterventionsModule.armGroups[1].label	1	1	Phase 1: CRS-207/IDO 100 mg	EXPERIMENTAL	1	Phase 1: CRS-207/IDO 100 mg	EXPERIMENTAL						NOT_ESTABLISHED_IN_THIS_CACHE	bound arm 1 registered type EXPERIMENTAL (verbatim). A registered type of EXPERIMENTAL/OTHER is not evidence that this group had no comparator role; no comparator evidence exists in this cache either way			NOT_ESTABLISHED_REGISTRY_JOIN_FIELDS_ABSENT_FROM_THIS_CACHE	BOUND_ARM_REGISTERED_TYPE_IS_EXPERIMENTAL	ASSUMES_LABEL_FIELD_CORRESPONDENCE_IS_ARM_IDENTITY_UNPROVED		NO_LEAF									NO	CONFIRMED	LABEL_BYTE_EXACT	Phase 1: CRS-207/IDO 100 mg	NOT_CONTROL_CONFIRMED	NOT_CONTROL	CHANGED_CLASS:NOT_CONTROL_ASSERTED->NOT_ESTABLISHED	CRS-207 administered in 3-week cycles, IDO administered BID.  * CRS-207 (1 x 10e9 CFU) administered by IV infusion. For Cycle 1 through Cycle 6, CRS-207 administered on Day 1 of each cycle. After 6 cycles, CRS-207 administered on Day 1 once every 6 weeks (every other cycle). * IDO (100 mg) administered PO BID, starting on Day 2 of the first CRS-207 treatment cycle.	NEWLINE_TO_SPACE;CUT_AT_400_CHARS;TSV_WRITE_NORMALISES_TAB_AND_NEWLINE;ORIGINAL_RETRIEVABLE_ONLY_VIA_the cached source record	367
NCT02575807	Phase 1: Objective Response Rate (ORR) by mRECIST	Phase 1: CRS-207/IDO 300 mg	10	2014_2017	bor	5	3	ALL_ARMS_NON_CONTROL_TYPED	EXPERIMENTAL | EXPERIMENTAL | EXPERIMENTAL | EXPERIMENTAL | EXPERIMENTAL	SOURCE_FIELD_MATCH	TWO_AGREEING_FIELD_MATCHES:LABEL_BYTE_EXACT+DESC_BYTE_EXACT	SOURCE_RECORD	protocolSection.armsInterventionsModule.armGroups[2].label and protocolSection.armsInterventionsModule.armGroups[2].description	1	2	Phase 1: CRS-207/IDO 300 mg	EXPERIMENTAL	2	Phase 1: CRS-207/IDO 300 mg	EXPERIMENTAL						NOT_ESTABLISHED_IN_THIS_CACHE	bound arm 2 registered type EXPERIMENTAL (verbatim). A registered type of EXPERIMENTAL/OTHER is not evidence that this group had no comparator role; no comparator evidence exists in this cache either way			NOT_ESTABLISHED_REGISTRY_JOIN_FIELDS_ABSENT_FROM_THIS_CACHE	BOUND_ARM_REGISTERED_TYPE_IS_EXPERIMENTAL	ASSUMES_TWO_AGREEING_SOURCE_FIELD_MATCHES_ARE_ARM_IDENTITY_UNPROVED		NO_LEAF									NO	CONFIRMED	LABEL_BYTE_EXACT	Phase 1: CRS-207/IDO 300 mg	NOT_CONTROL_CONFIRMED	NOT_CONTROL	CHANGED_CLASS:NOT_CONTROL_ASSERTED->NOT_ESTABLISHED	CRS-207 administered in 3-week cycles, IDO administered BID.  * CRS-207 (1 x 10e9 CFU) administered by IV infusion. For Cycle 1 through Cycle 6, CRS-207 administered on Day 1 of each cycle. After 6 cycles, CRS-207 administered on Day 1 once every 6 weeks (every other cycle). * IDO (300 mg) administered PO BID, starting on Day 2 of the first CRS-207 treatment cycle.	NEWLINE_TO_SPACE;CUT_AT_400_CHARS;TSV_WRITE_NORMALISES_TAB_AND_NEWLINE;ORIGINAL_RETRIEVABLE_ONLY_VIA_the cached source record	367
NCT03894540	Best Overall Response (BOR) in Part A	IPN60090 20 mg	1	2018_2021	bor	4	6	ALL_ARMS_NON_CONTROL_TYPED	EXPERIMENTAL | EXPERIMENTAL | EXPERIMENTAL | EXPERIMENTAL	PROPOSED	LEAF_CLAIM_NOT_VERIFIABLE_FROM_EXACT_SOURCE_FIELDS	DELIVERED_LEAF:LEAF-QD-group3.tsv	LEAF-OUT/LEAF-QD-group3.tsv:line 46; candidate protocolSection.armsInterventionsModule.armGroups[0].label	1	0	IPN60090	EXPERIMENTAL									UNKNOWN_IN_THIS_CACHE	no source-field-matched arm link and no comparator wording in the group record			NOT_ESTABLISHED_REGISTRY_JOIN_FIELDS_ABSENT_FROM_THIS_CACHE	ALL_REGISTERED_ARMS_NON_COMPARATOR_TYPED_CONDITIONAL	ASSUMES_THIS_RESULTS_GROUP_IS_A_SUBSET_OF_THE_REGISTERED_ARM_SET_MEMBERSHIP_UNPROVED		LEAF_LABEL_RESOLVES_UNIQUELY	IPN60090	LEAF-OUT/LEAF-QD-group3.tsv:line 46	RETAINED_UNVERIFIED_WITH_LOCATOR		armGroups[0].description 'Part 1: Dose escalation of IPN60090 ... BID oral dose'; group descriptions state IPN60090 BID monotherapy in Part A with no pembrolizumab/paclitaxel, excluding armGroups[1]/[2], and repeated-cycle dosing excludes the single-dose food-effect armGroups[3]	NEWLINE_TO_SPACE;CUT_AT_400_CHARS;TSV_WRITE_NORMALISES_TAB_AND_NEWLINE;ORIGINAL_RETRIEVABLE_ONLY_VIA_leaf_claim_locator	279	NO	NO	CONFIRMED	LEAF_WITHIN_RECORD_RELATION	IPN60090	NOT_CONTROL_CONFIRMED	UNKNOWN_WEAK_MATCH_ONLY	CHANGED_CLASS:NOT_CONTROL_ASSERTED->UNKNOWN	Participants received IPN60090 20 mg capsules orally BID up to Cycle 7 in Part A of the study.	NEWLINE_TO_SPACE;CUT_AT_400_CHARS;TSV_WRITE_NORMALISES_TAB_AND_NEWLINE;ORIGINAL_RETRIEVABLE_ONLY_VIA_the cached source record	94
NCT03894540	Best Overall Response (BOR) in Part A	IPN60090 40 mg	1	2018_2021	bor	4	6	ALL_ARMS_NON_CONTROL_TYPED	EXPERIMENTAL | EXPERIMENTAL | EXPERIMENTAL | EXPERIMENTAL	PROPOSED	LEAF_CLAIM_NOT_VERIFIABLE_FROM_EXACT_SOURCE_FIELDS	DELIVERED_LEAF:LEAF-QD-group3.tsv	LEAF-OUT/LEAF-QD-group3.tsv:line 48; candidate protocolSection.armsInterventionsModule.armGroups[0].label	1	0	IPN60090	EXPERIMENTAL									UNKNOWN_IN_THIS_CACHE	no source-field-matched arm link and no comparator wording in the group record			NOT_ESTABLISHED_REGISTRY_JOIN_FIELDS_ABSENT_FROM_THIS_CACHE	ALL_REGISTERED_ARMS_NON_COMPARATOR_TYPED_CONDITIONAL	ASSUMES_THIS_RESULTS_GROUP_IS_A_SUBSET_OF_THE_REGISTERED_ARM_SET_MEMBERSHIP_UNPROVED		LEAF_LABEL_RESOLVES_UNIQUELY	IPN60090	LEAF-OUT/LEAF-QD-group3.tsv:line 48	RETAINED_UNVERIFIED_WITH_LOCATOR		armGroups[0].description 'Part 1: Dose escalation of IPN60090 ... BID oral dose'; group descriptions state IPN60090 BID monotherapy in Part A with no pembrolizumab/paclitaxel, excluding armGroups[1]/[2], and repeated-cycle dosing excludes the single-dose food-effect armGroups[3]	NEWLINE_TO_SPACE;CUT_AT_400_CHARS;TSV_WRITE_NORMALISES_TAB_AND_NEWLINE;ORIGINAL_RETRIEVABLE_ONLY_VIA_leaf_claim_locator	279	NO	NO	CONFIRMED	LEAF_WITHIN_RECORD_RELATION	IPN60090	NOT_CONTROL_CONFIRMED	UNKNOWN_WEAK_MATCH_ONLY	CHANGED_CLASS:NOT_CONTROL_ASSERTED->UNKNOWN	Participants received IPN60090 40 mg capsules orally BID up to Cycle 2 in Part A of the study.	NEWLINE_TO_SPACE;CUT_AT_400_CHARS;TSV_WRITE_NORMALISES_TAB_AND_NEWLINE;ORIGINAL_RETRIEVABLE_ONLY_VIA_the cached source record	94
NCT03894540	Best Overall Response (BOR) in Part A	IPN60090 80 mg	1	2018_2021	bor	4	6	ALL_ARMS_NON_CONTROL_TYPED	EXPERIMENTAL | EXPERIMENTAL | EXPERIMENTAL | EXPERIMENTAL	PROPOSED	LEAF_CLAIM_NOT_VERIFIABLE_FROM_EXACT_SOURCE_FIELDS	DELIVERED_LEAF:LEAF-QD-group3.tsv	LEAF-OUT/LEAF-QD-group3.tsv:line 49; candidate protocolSection.armsInterventionsModule.armGroups[0].label	1	0	IPN60090	EXPERIMENTAL									UNKNOWN_IN_THIS_CACHE	no source-field-matched arm link and no comparator wording in the group record			NOT_ESTABLISHED_REGISTRY_JOIN_FIELDS_ABSENT_FROM_THIS_CACHE	ALL_REGISTERED_ARMS_NON_COMPARATOR_TYPED_CONDITIONAL	ASSUMES_THIS_RESULTS_GROUP_IS_A_SUBSET_OF_THE_REGISTERED_ARM_SET_MEMBERSHIP_UNPROVED		LEAF_LABEL_RESOLVES_UNIQUELY	IPN60090	LEAF-OUT/LEAF-QD-group3.tsv:line 49	RETAINED_UNVERIFIED_WITH_LOCATOR		armGroups[0].description 'Part 1: Dose escalation of IPN60090 ... BID oral dose'; group descriptions state IPN60090 BID monotherapy in Part A with no pembrolizumab/paclitaxel, excluding armGroups[1]/[2], and repeated-cycle dosing excludes the single-dose food-effect armGroups[3]	NEWLINE_TO_SPACE;CUT_AT_400_CHARS;TSV_WRITE_NORMALISES_TAB_AND_NEWLINE;ORIGINAL_RETRIEVABLE_ONLY_VIA_leaf_claim_locator	279	NO	NO	CONFIRMED	LEAF_WITHIN_RECORD_RELATION	IPN60090	NOT_CONTROL_CONFIRMED	UNKNOWN_WEAK_MATCH_ONLY	CHANGED_CLASS:NOT_CONTROL_ASSERTED->UNKNOWN	Participants received IPN60090 80 mg capsules orally BID up to Cycle 5 in Part A of the study.	NEWLINE_TO_SPACE;CUT_AT_400_CHARS;TSV_WRITE_NORMALISES_TAB_AND_NEWLINE;ORIGINAL_RETRIEVABLE_ONLY_VIA_the cached source record	94
NCT03894540	Best Overall Response (BOR) in Part A	IPN60090 120 mg	4	2018_2021	bor	4	6	ALL_ARMS_NON_CONTROL_TYPED	EXPERIMENTAL | EXPERIMENTAL | EXPERIMENTAL | EXPERIMENTAL	PROPOSED	LEAF_CLAIM_NOT_VERIFIABLE_FROM_EXACT_SOURCE_FIELDS	DELIVERED_LEAF:LEAF-QD-group3.tsv	LEAF-OUT/LEAF-QD-group3.tsv:line 44; candidate protocolSection.armsInterventionsModule.armGroups[0].label	1	0	IPN60090	EXPERIMENTAL									UNKNOWN_IN_THIS_CACHE	no source-field-matched arm link and no comparator wording in the group record			NOT_ESTABLISHED_REGISTRY_JOIN_FIELDS_ABSENT_FROM_THIS_CACHE	ALL_REGISTERED_ARMS_NON_COMPARATOR_TYPED_CONDITIONAL	ASSUMES_THIS_RESULTS_GROUP_IS_A_SUBSET_OF_THE_REGISTERED_ARM_SET_MEMBERSHIP_UNPROVED		LEAF_LABEL_RESOLVES_UNIQUELY	IPN60090	LEAF-OUT/LEAF-QD-group3.tsv:line 44	RETAINED_UNVERIFIED_WITH_LOCATOR		armGroups[0].description 'Part 1: Dose escalation of IPN60090 ... BID oral dose'; group descriptions state IPN60090 BID monotherapy in Part A with no pembrolizumab/paclitaxel, excluding armGroups[1]/[2], and repeated-cycle dosing excludes the single-dose food-effect armGroups[3]	NEWLINE_TO_SPACE;CUT_AT_400_CHARS;TSV_WRITE_NORMALISES_TAB_AND_NEWLINE;ORIGINAL_RETRIEVABLE_ONLY_VIA_leaf_claim_locator	279	NO	NO	CONFIRMED	LEAF_WITHIN_RECORD_RELATION	IPN60090	NOT_CONTROL_CONFIRMED	UNKNOWN_WEAK_MATCH_ONLY	CHANGED_CLASS:NOT_CONTROL_ASSERTED->UNKNOWN	Participants received IPN60090 120 mg capsules orally BID up to Cycle 9 in Part A of the study.	NEWLINE_TO_SPACE;CUT_AT_400_CHARS;TSV_WRITE_NORMALISES_TAB_AND_NEWLINE;ORIGINAL_RETRIEVABLE_ONLY_VIA_the cached source record	95
NCT03894540	Best Overall Response (BOR) in Part A	IPN60090 180 mg	11	2018_2021	bor	4	6	ALL_ARMS_NON_CONTROL_TYPED	EXPERIMENTAL | EXPERIMENTAL | EXPERIMENTAL | EXPERIMENTAL	PROPOSED	LEAF_CLAIM_NOT_VERIFIABLE_FROM_EXACT_SOURCE_FIELDS	DELIVERED_LEAF:LEAF-QD-group3.tsv	LEAF-OUT/LEAF-QD-group3.tsv:line 45; candidate protocolSection.armsInterventionsModule.armGroups[0].label	1	0	IPN60090	EXPERIMENTAL									UNKNOWN_IN_THIS_CACHE	no source-field-matched arm link and no comparator wording in the group record			NOT_ESTABLISHED_REGISTRY_JOIN_FIELDS_ABSENT_FROM_THIS_CACHE	ALL_REGISTERED_ARMS_NON_COMPARATOR_TYPED_CONDITIONAL	ASSUMES_THIS_RESULTS_GROUP_IS_A_SUBSET_OF_THE_REGISTERED_ARM_SET_MEMBERSHIP_UNPROVED		LEAF_LABEL_RESOLVES_UNIQUELY	IPN60090	LEAF-OUT/LEAF-QD-group3.tsv:line 45	RETAINED_UNVERIFIED_WITH_LOCATOR		armGroups[0].description 'Part 1: Dose escalation of IPN60090 ... BID oral dose'; group descriptions state IPN60090 BID monotherapy in Part A with no pembrolizumab/paclitaxel, excluding armGroups[1]/[2], and repeated-cycle dosing excludes the single-dose food-effect armGroups[3]	NEWLINE_TO_SPACE;CUT_AT_400_CHARS;TSV_WRITE_NORMALISES_TAB_AND_NEWLINE;ORIGINAL_RETRIEVABLE_ONLY_VIA_leaf_claim_locator	279	NO	NO	CONFIRMED	LEAF_WITHIN_RECORD_RELATION	IPN60090	NOT_CONTROL_CONFIRMED	UNKNOWN_WEAK_MATCH_ONLY	CHANGED_CLASS:NOT_CONTROL_ASSERTED->UNKNOWN	Participants received IPN60090 180 mg capsules orally BID up to Cycle 9 in Part A of the study.	NEWLINE_TO_SPACE;CUT_AT_400_CHARS;TSV_WRITE_NORMALISES_TAB_AND_NEWLINE;ORIGINAL_RETRIEVABLE_ONLY_VIA_the cached source record	95
NCT03894540	Best Overall Response (BOR) in Part A	IPN60090 240 mg	4	2018_2021	bor	4	6	ALL_ARMS_NON_CONTROL_TYPED	EXPERIMENTAL | EXPERIMENTAL | EXPERIMENTAL | EXPERIMENTAL	PROPOSED	LEAF_CLAIM_NOT_VERIFIABLE_FROM_EXACT_SOURCE_FIELDS	DELIVERED_LEAF:LEAF-QD-group3.tsv	LEAF-OUT/LEAF-QD-group3.tsv:line 47; candidate protocolSection.armsInterventionsModule.armGroups[0].label	1	0	IPN60090	EXPERIMENTAL									UNKNOWN_IN_THIS_CACHE	no source-field-matched arm link and no comparator wording in the group record			NOT_ESTABLISHED_REGISTRY_JOIN_FIELDS_ABSENT_FROM_THIS_CACHE	ALL_REGISTERED_ARMS_NON_COMPARATOR_TYPED_CONDITIONAL	ASSUMES_THIS_RESULTS_GROUP_IS_A_SUBSET_OF_THE_REGISTERED_ARM_SET_MEMBERSHIP_UNPROVED		LEAF_LABEL_RESOLVES_UNIQUELY	IPN60090	LEAF-OUT/LEAF-QD-group3.tsv:line 47	RETAINED_UNVERIFIED_WITH_LOCATOR		armGroups[0].description 'Part 1: Dose escalation of IPN60090 ... BID oral dose'; group descriptions state IPN60090 BID monotherapy in Part A with no pembrolizumab/paclitaxel, excluding armGroups[1]/[2], and repeated-cycle dosing excludes the single-dose food-effect armGroups[3]	NEWLINE_TO_SPACE;CUT_AT_400_CHARS;TSV_WRITE_NORMALISES_TAB_AND_NEWLINE;ORIGINAL_RETRIEVABLE_ONLY_VIA_leaf_claim_locator	279	NO	NO	CONFIRMED	LEAF_WITHIN_RECORD_RELATION	IPN60090	NOT_CONTROL_CONFIRMED	UNKNOWN_WEAK_MATCH_ONLY	CHANGED_CLASS:NOT_CONTROL_ASSERTED->UNKNOWN	Participants received IPN60090 240 mg capsules orally BID up to Cycle 4 in Part A of the study.	NEWLINE_TO_SPACE;CUT_AT_400_CHARS;TSV_WRITE_NORMALISES_TAB_AND_NEWLINE;ORIGINAL_RETRIEVABLE_ONLY_VIA_the cached source record	95
NCT03679754	Tumor Objective Response Rate (ORR)	Ad-RTS-hIL-12 + Veledimex	35	2018_2021	bor	1	1	ALL_ARMS_NON_CONTROL_TYPED	EXPERIMENTAL	LABEL_MATCH	LABEL_FIELD_MATCH_ONLY:LABEL_CASE_WS_FOLD	SOURCE_RECORD	protocolSection.armsInterventionsModule.armGroups[0].label	1	0	Ad-RTS-hIL-12 + veledimex	EXPERIMENTAL	0	Ad-RTS-hIL-12 + veledimex	EXPERIMENTAL						NOT_ESTABLISHED_IN_THIS_CACHE	bound arm 0 registered type EXPERIMENTAL (verbatim). A registered type of EXPERIMENTAL/OTHER is not evidence that this group had no comparator role; no comparator evidence exists in this cache either way			NOT_ESTABLISHED_REGISTRY_JOIN_FIELDS_ABSENT_FROM_THIS_CACHE	BOUND_ARM_REGISTERED_TYPE_IS_EXPERIMENTAL	ASSUMES_LABEL_FIELD_CORRESPONDENCE_IS_ARM_IDENTITY_UNPROVED		NO_LEAF									NO	CONFIRMED	LABEL_CASE_AND_WHITESPACE_ONLY	Ad-RTS-hIL-12 + veledimex	NOT_CONTROL_CONFIRMED	NOT_CONTROL	CHANGED_CLASS:NOT_CONTROL_ASSERTED->NOT_ESTABLISHED	Intratumoral Ad-RTS-hIL-12 and oral veledimex  Ad-RTS-hIL-12:  \- intratumoral injection of Ad-RTS-hIL-12  veledimex: - 20mg/day  \- 15 oral daily doses of veledimex	NEWLINE_TO_SPACE;CUT_AT_400_CHARS;TSV_WRITE_NORMALISES_TAB_AND_NEWLINE;ORIGINAL_RETRIEVABLE_ONLY_VIA_the cached source record	165
NCT04099641	Objective Response Rate (ORR)	Group 1 (CPI Naïve)	55	2018_2021	bor	1	2	ALL_ARMS_NON_CONTROL_TYPED	EXPERIMENTAL	PROPOSED	LEAF_CLAIM_NOT_VERIFIABLE_FROM_EXACT_SOURCE_FIELDS	DELIVERED_LEAF:LEAF-QD-group3.tsv	LEAF-OUT/LEAF-QD-group3.tsv:line 60; candidate protocolSection.armsInterventionsModule.armGroups[0].label	1	0	bavituximab and pembrolizumab	EXPERIMENTAL									UNKNOWN_IN_THIS_CACHE	no source-field-matched arm link and no comparator wording in the group record			NOT_ESTABLISHED_REGISTRY_JOIN_FIELDS_ABSENT_FROM_THIS_CACHE	ALL_REGISTERED_ARMS_NON_COMPARATOR_TYPED_CONDITIONAL	ASSUMES_THIS_RESULTS_GROUP_IS_A_SUBSET_OF_THE_REGISTERED_ARM_SET_MEMBERSHIP_UNPROVED		LEAF_LABEL_RESOLVES_UNIQUELY	bavituximab and pembrolizumab	LEAF-OUT/LEAF-QD-group3.tsv:line 60	RETAINED_UNVERIFIED_WITH_LOCATOR		sole registered arm; group description 'bavituximab at 3 mg/kg ... pembrolizumab at 200 mg' reproduces armGroups[0].description verbatim in substance	NEWLINE_TO_SPACE;CUT_AT_400_CHARS;TSV_WRITE_NORMALISES_TAB_AND_NEWLINE;ORIGINAL_RETRIEVABLE_ONLY_VIA_leaf_claim_locator	149	NO	YES	CONFIRMED	LEAF_WITHIN_RECORD_RELATION	bavituximab and pembrolizumab	NOT_CONTROL_CONFIRMED	NOT_CONTROL_SINGLE_ARM_TRIAL	CHANGED_CLASS:NOT_CONTROL_ASSERTED->UNKNOWN	Group 1 participants had progressed on standard chemotherapy and were naïve to CPI therapy.  Participants received bavituximab at 3 mg/kg on Days 1, 8, and 15 of a 3-week cycle through IV infusion. Participants received pembrolizumab at 200 mg on Day 1 of a 3-week cycle through IV infusion.	NEWLINE_TO_SPACE;CUT_AT_400_CHARS;TSV_WRITE_NORMALISES_TAB_AND_NEWLINE;ORIGINAL_RETRIEVABLE_ONLY_VIA_the cached source record	291
NCT04099641	Objective Response Rate (ORR)	Group 2 (CPI Relapse)	18	2018_2021	bor	1	2	ALL_ARMS_NON_CONTROL_TYPED	EXPERIMENTAL	PROPOSED	LEAF_CLAIM_NOT_VERIFIABLE_FROM_EXACT_SOURCE_FIELDS	DELIVERED_LEAF:LEAF-QD-group3.tsv	LEAF-OUT/LEAF-QD-group3.tsv:line 61; candidate protocolSection.armsInterventionsModule.armGroups[0].label	1	0	bavituximab and pembrolizumab	EXPERIMENTAL									UNKNOWN_IN_THIS_CACHE	no source-field-matched arm link and no comparator wording in the group record			NOT_ESTABLISHED_REGISTRY_JOIN_FIELDS_ABSENT_FROM_THIS_CACHE	ALL_REGISTERED_ARMS_NON_COMPARATOR_TYPED_CONDITIONAL	ASSUMES_THIS_RESULTS_GROUP_IS_A_SUBSET_OF_THE_REGISTERED_ARM_SET_MEMBERSHIP_UNPROVED		LEAF_LABEL_RESOLVES_UNIQUELY	bavituximab and pembrolizumab	LEAF-OUT/LEAF-QD-group3.tsv:line 61	RETAINED_UNVERIFIED_WITH_LOCATOR		sole registered arm; group description 'bavituximab at 3 mg/kg ... pembrolizumab at 200 mg' reproduces armGroups[0].description verbatim in substance	NEWLINE_TO_SPACE;CUT_AT_400_CHARS;TSV_WRITE_NORMALISES_TAB_AND_NEWLINE;ORIGINAL_RETRIEVABLE_ONLY_VIA_leaf_claim_locator	149	NO	YES	CONFIRMED	LEAF_WITHIN_RECORD_RELATION	bavituximab and pembrolizumab	NOT_CONTROL_CONFIRMED	NOT_CONTROL_SINGLE_ARM_TRIAL	CHANGED_CLASS:NOT_CONTROL_ASSERTED->UNKNOWN	Group 2 participants had achieved SD or better and then subsequently progressed following treatment with CPI either alone or in combination with chemotherapy.  Participants received bavituximab at 3 mg/kg on Days 1, 8, and 15 of a 3-week cycle through IV infusion. Participants received pembrolizumab at 200 mg on Day 1 of a 3-week cycle through IV infusion.	NEWLINE_TO_SPACE;CUT_AT_400_CHARS;TSV_WRITE_NORMALISES_TAB_AND_NEWLINE;ORIGINAL_RETRIEVABLE_ONLY_VIA_the cached source record	358
NCT03256344	Best Overall Response (BOR)	Talimogene Laherparepvec With Atezolizumab: Triple Negative Breast Cancer (TNBC)	5	2018_2021	bor	2	2	ALL_ARMS_NON_CONTROL_TYPED	EXPERIMENTAL | EXPERIMENTAL	LABEL_MATCH	LABEL_FIELD_MATCH_ONLY:LABEL_CASE_WS_FOLD	SOURCE_RECORD	protocolSection.armsInterventionsModule.armGroups[0].label	1	0	Talimogene Laherparepvec with Atezolizumab: Triple Negative Breast Cancer (TNBC)	EXPERIMENTAL	0	Talimogene Laherparepvec with Atezolizumab: Triple Negative Breast Cancer (TNBC)	EXPERIMENTAL						NOT_ESTABLISHED_IN_THIS_CACHE	bound arm 0 registered type EXPERIMENTAL (verbatim). A registered type of EXPERIMENTAL/OTHER is not evidence that this group had no comparator role; no comparator evidence exists in this cache either way			NOT_ESTABLISHED_REGISTRY_JOIN_FIELDS_ABSENT_FROM_THIS_CACHE	BOUND_ARM_REGISTERED_TYPE_IS_EXPERIMENTAL	ASSUMES_LABEL_FIELD_CORRESPONDENCE_IS_ARM_IDENTITY_UNPROVED		NO_LEAF									NO	CONFIRMED	LABEL_CASE_AND_WHITESPACE_ONLY	Talimogene Laherparepvec with Atezolizumab: Triple Negative Breast Cancer (TNBC)	NOT_CONTROL_CONFIRMED	NOT_CONTROL	CHANGED_CLASS:NOT_CONTROL_ASSERTED->NOT_ESTABLISHED	Participants with TNBC with liver metastases were administered intrahepatic injection of talimogene laherparepvec into liver metastases via guided injection (either ultrasound or computerized tomography) on Day 1 of each cycle for a maximum of 12 cycles, where each cycle was 21 days. Participants were administered 10\^6 plaque-forming units/milliliter (PFU/mL) on Day 1 of Cycle 1 and 10\^8 PFU/mL 	NEWLINE_TO_SPACE;CUT_AT_400_CHARS;TSV_WRITE_NORMALISES_TAB_AND_NEWLINE;ORIGINAL_RETRIEVABLE_ONLY_VIA_the cached source record	541
NCT03256344	Best Overall Response (BOR)	Talimogene Laherparepvec With Atezolizumab: Colorectal Cancer (CRC)	5	2018_2021	bor	2	2	ALL_ARMS_NON_CONTROL_TYPED	EXPERIMENTAL | EXPERIMENTAL	LABEL_MATCH	LABEL_FIELD_MATCH_ONLY:LABEL_CASE_WS_FOLD	SOURCE_RECORD	protocolSection.armsInterventionsModule.armGroups[1].label	1	1	Talimogene Laherparepvec with Atezolizumab: Colorectal Cancer (CRC)	EXPERIMENTAL	1	Talimogene Laherparepvec with Atezolizumab: Colorectal Cancer (CRC)	EXPERIMENTAL						NOT_ESTABLISHED_IN_THIS_CACHE	bound arm 1 registered type EXPERIMENTAL (verbatim). A registered type of EXPERIMENTAL/OTHER is not evidence that this group had no comparator role; no comparator evidence exists in this cache either way			NOT_ESTABLISHED_REGISTRY_JOIN_FIELDS_ABSENT_FROM_THIS_CACHE	BOUND_ARM_REGISTERED_TYPE_IS_EXPERIMENTAL	ASSUMES_LABEL_FIELD_CORRESPONDENCE_IS_ARM_IDENTITY_UNPROVED		NO_LEAF									NO	CONFIRMED	LABEL_CASE_AND_WHITESPACE_ONLY	Talimogene Laherparepvec with Atezolizumab: Colorectal Cancer (CRC)	NOT_CONTROL_CONFIRMED	NOT_CONTROL	CHANGED_CLASS:NOT_CONTROL_ASSERTED->NOT_ESTABLISHED	Participants with CRC with liver metastases were administered intrahepatic injection of talimogene laherparepvec into liver metastases via guided injection (either ultrasound or computerized tomography) on Day 1 of each cycle for a maximum of 12 cycles, where each cycle was 21 days. Participants were administered 10\^6 PFU/mL on Day 1 of Cycle 1 and 10\^8 PFU/mL on Day 1 of each cycle thereafter. 	NEWLINE_TO_SPACE;CUT_AT_400_CHARS;TSV_WRITE_NORMALISES_TAB_AND_NEWLINE;ORIGINAL_RETRIEVABLE_ONLY_VIA_the cached source record	506
NCT04306900	Best Response (BOR)	Cohort 1 - Safety Lead-in (TTX-030 + Budigalimab + mFOLFOX6)	6	2018_2021	bor	8	11	ALL_ARMS_NON_CONTROL_TYPED	EXPERIMENTAL | EXPERIMENTAL | EXPERIMENTAL | EXPERIMENTAL | EXPERIMENTAL | EXPERIMENTAL | EXPERIMENTAL | EXPERIMENTAL	PROPOSED	LEAF_CLAIM_NOT_VERIFIABLE_FROM_EXACT_SOURCE_FIELDS	DELIVERED_LEAF:LEAF-QD-group3.tsv	LEAF-OUT/LEAF-QD-group3.tsv:line 62; candidate protocolSection.armsInterventionsModule.armGroups[0].label	1	0	Combo 1	EXPERIMENTAL									UNKNOWN_IN_THIS_CACHE	no source-field-matched arm link and no comparator wording in the group record			NOT_ESTABLISHED_REGISTRY_JOIN_FIELDS_ABSENT_FROM_THIS_CACHE	ALL_REGISTERED_ARMS_NON_COMPARATOR_TYPED_CONDITIONAL	ASSUMES_THIS_RESULTS_GROUP_IS_A_SUBSET_OF_THE_REGISTERED_ARM_SET_MEMBERSHIP_UNPROVED		LEAF_LABEL_RESOLVES_UNIQUELY	Combo 1	LEAF-OUT/LEAF-QD-group3.tsv:line 62	RETAINED_UNVERIFIED_WITH_LOCATOR		armGroups[0].interventionNames / .description regimen composition	NEWLINE_TO_SPACE;CUT_AT_400_CHARS;TSV_WRITE_NORMALISES_TAB_AND_NEWLINE;ORIGINAL_RETRIEVABLE_ONLY_VIA_leaf_claim_locator	65	NO	NO	CONFIRMED	LEAF_WITHIN_RECORD_RELATION	Combo 1	NOT_CONTROL_CONFIRMED	UNKNOWN	CHANGED_CLASS:NOT_CONTROL_ASSERTED->UNKNOWN	Participants in Cohort 1 were administered IV TTX-030 at a loading dose of 40 mg/kg 7 days before Cycle 1 Day 1 followed by treatment with 20 mg/kg Q2W on Days 1 and 15, plus budigalimab at a dose of 500 mg (Q4W) on Day 1 plus mFOLFOX6 over 48 hours (Q2W) on Day 1 and 15 of each 28-day cycle.	NEWLINE_TO_SPACE;CUT_AT_400_CHARS;TSV_WRITE_NORMALISES_TAB_AND_NEWLINE;ORIGINAL_RETRIEVABLE_ONLY_VIA_the cached source record	293
NCT04306900	Best Response (BOR)	Cohort 3B - Gastric (TTX-030 + Budigalimab + mFOLFOX6)	39	2018_2021	bor	8	11	ALL_ARMS_NON_CONTROL_TYPED	EXPERIMENTAL | EXPERIMENTAL | EXPERIMENTAL | EXPERIMENTAL | EXPERIMENTAL | EXPERIMENTAL | EXPERIMENTAL | EXPERIMENTAL	PROPOSED	LEAF_CLAIM_NOT_VERIFIABLE_FROM_EXACT_SOURCE_FIELDS	DELIVERED_LEAF:LEAF-QD-group3.tsv	LEAF-OUT/LEAF-QD-group3.tsv:line 68; candidate protocolSection.armsInterventionsModule.armGroups[0].label	1	0	Combo 1	EXPERIMENTAL									UNKNOWN_IN_THIS_CACHE	no source-field-matched arm link and no comparator wording in the group record			NOT_ESTABLISHED_REGISTRY_JOIN_FIELDS_ABSENT_FROM_THIS_CACHE	ALL_REGISTERED_ARMS_NON_COMPARATOR_TYPED_CONDITIONAL	ASSUMES_THIS_RESULTS_GROUP_IS_A_SUBSET_OF_THE_REGISTERED_ARM_SET_MEMBERSHIP_UNPROVED		LEAF_LABEL_RESOLVES_UNIQUELY	Combo 1	LEAF-OUT/LEAF-QD-group3.tsv:line 68	RETAINED_UNVERIFIED_WITH_LOCATOR		armGroups[0].interventionNames / .description regimen composition	NEWLINE_TO_SPACE;CUT_AT_400_CHARS;TSV_WRITE_NORMALISES_TAB_AND_NEWLINE;ORIGINAL_RETRIEVABLE_ONLY_VIA_leaf_claim_locator	65	NO	NO	CONFIRMED	LEAF_WITHIN_RECORD_RELATION	Combo 1	NOT_CONTROL_CONFIRMED	UNKNOWN	CHANGED_CLASS:NOT_CONTROL_ASSERTED->UNKNOWN	Participants in Cohort 3B were administered IV TTX-030 at a loading dose of 40 mg/kg 7 days before Cycle 1 Day 1 followed by treatment with 20 mg/kg Q2W on Days 1 and 15, plus budigalimab at a dose of 500 mg (Q4W) on Day 1 plus mFOLFOX6 over 48 hours (Q2W) on Day 1 and 15 of each 28-day cycle.	NEWLINE_TO_SPACE;CUT_AT_400_CHARS;TSV_WRITE_NORMALISES_TAB_AND_NEWLINE;ORIGINAL_RETRIEVABLE_ONLY_VIA_the cached source record	294
NCT04306900	Best Response (BOR)	Cohort 12 - Gastric (Budigalimab + mFOLFOX6)	23	2018_2021	bor	8	11	ALL_ARMS_NON_CONTROL_TYPED	EXPERIMENTAL | EXPERIMENTAL | EXPERIMENTAL | EXPERIMENTAL | EXPERIMENTAL | EXPERIMENTAL | EXPERIMENTAL | EXPERIMENTAL	PROPOSED	LEAF_CLAIM_NOT_VERIFIABLE_FROM_EXACT_SOURCE_FIELDS	DELIVERED_LEAF:LEAF-QD-group3.tsv	LEAF-OUT/LEAF-QD-group3.tsv:line 65; candidate protocolSection.armsInterventionsModule.armGroups[7].label	1	7	Combo 8	EXPERIMENTAL									UNKNOWN_IN_THIS_CACHE	no source-field-matched arm link and no comparator wording in the group record			NOT_ESTABLISHED_REGISTRY_JOIN_FIELDS_ABSENT_FROM_THIS_CACHE	ALL_REGISTERED_ARMS_NON_COMPARATOR_TYPED_CONDITIONAL	ASSUMES_THIS_RESULTS_GROUP_IS_A_SUBSET_OF_THE_REGISTERED_ARM_SET_MEMBERSHIP_UNPROVED		LEAF_LABEL_RESOLVES_UNIQUELY	Combo 8	LEAF-OUT/LEAF-QD-group3.tsv:line 65	RETAINED_UNVERIFIED_WITH_LOCATOR		armGroups[7].interventionNames / .description regimen composition	NEWLINE_TO_SPACE;CUT_AT_400_CHARS;TSV_WRITE_NORMALISES_TAB_AND_NEWLINE;ORIGINAL_RETRIEVABLE_ONLY_VIA_leaf_claim_locator	65	NO	NO	CONFIRMED	LEAF_WITHIN_RECORD_RELATION	Combo 8	NOT_CONTROL_CONFIRMED	UNKNOWN	CHANGED_CLASS:NOT_CONTROL_ASSERTED->UNKNOWN	Participants in Cohort 12 were administered IV budigalimab at a dose of 500 mg (Q4W) on Day 1 plus mFOLFOX6 over 48 hours (Q2W) on Day 1 and 15 of each 28-day cycle.	NEWLINE_TO_SPACE;CUT_AT_400_CHARS;TSV_WRITE_NORMALISES_TAB_AND_NEWLINE;ORIGINAL_RETRIEVABLE_ONLY_VIA_the cached source record	165
NCT04306900	Best Response (BOR)	Cohort 3A - Gastric (TTX-030 + mFOLFOX6)	4	2018_2021	bor	8	11	ALL_ARMS_NON_CONTROL_TYPED	EXPERIMENTAL | EXPERIMENTAL | EXPERIMENTAL | EXPERIMENTAL | EXPERIMENTAL | EXPERIMENTAL | EXPERIMENTAL | EXPERIMENTAL	PROPOSED	LEAF_CLAIM_NOT_VERIFIABLE_FROM_EXACT_SOURCE_FIELDS	DELIVERED_LEAF:LEAF-QD-group3.tsv	LEAF-OUT/LEAF-QD-group3.tsv:line 67; candidate protocolSection.armsInterventionsModule.armGroups[2].label	1	2	Combo 3	EXPERIMENTAL									UNKNOWN_IN_THIS_CACHE	no source-field-matched arm link and no comparator wording in the group record			NOT_ESTABLISHED_REGISTRY_JOIN_FIELDS_ABSENT_FROM_THIS_CACHE	ALL_REGISTERED_ARMS_NON_COMPARATOR_TYPED_CONDITIONAL	ASSUMES_THIS_RESULTS_GROUP_IS_A_SUBSET_OF_THE_REGISTERED_ARM_SET_MEMBERSHIP_UNPROVED		LEAF_LABEL_RESOLVES_UNIQUELY	Combo 3	LEAF-OUT/LEAF-QD-group3.tsv:line 67	RETAINED_UNVERIFIED_WITH_LOCATOR		armGroups[2].interventionNames / .description regimen composition	NEWLINE_TO_SPACE;CUT_AT_400_CHARS;TSV_WRITE_NORMALISES_TAB_AND_NEWLINE;ORIGINAL_RETRIEVABLE_ONLY_VIA_leaf_claim_locator	65	NO	NO	CONFIRMED	LEAF_WITHIN_RECORD_RELATION	Combo 3	NOT_CONTROL_CONFIRMED	UNKNOWN	CHANGED_CLASS:NOT_CONTROL_ASSERTED->UNKNOWN	Participants in Cohort 3A were administered IV TTX-030 at a loading dose of 40 mg/kg 7 days before Cycle 1 Day 1 followed by treatment with 20 mg/kg Q2W on Days 1 and 15 plus mFOLFOX6 over 48 hours (Q2W) on Day 1 and 15 of each 28-day cycle.	NEWLINE_TO_SPACE;CUT_AT_400_CHARS;TSV_WRITE_NORMALISES_TAB_AND_NEWLINE;ORIGINAL_RETRIEVABLE_ONLY_VIA_the cached source record	241
NCT04306900	Best Response (BOR)	Cohort 2 - mCRPC (TTX-030 + Budigalimab + Docetaxel)	7	2018_2021	bor	8	11	ALL_ARMS_NON_CONTROL_TYPED	EXPERIMENTAL | EXPERIMENTAL | EXPERIMENTAL | EXPERIMENTAL | EXPERIMENTAL | EXPERIMENTAL | EXPERIMENTAL | EXPERIMENTAL	PROPOSED	LEAF_CLAIM_NOT_VERIFIABLE_FROM_EXACT_SOURCE_FIELDS	DELIVERED_LEAF:LEAF-QD-group3.tsv	LEAF-OUT/LEAF-QD-group3.tsv:line 66; candidate protocolSection.armsInterventionsModule.armGroups[1].label	1	1	Combo 2	EXPERIMENTAL									UNKNOWN_IN_THIS_CACHE	no source-field-matched arm link and no comparator wording in the group record			NOT_ESTABLISHED_REGISTRY_JOIN_FIELDS_ABSENT_FROM_THIS_CACHE	ALL_REGISTERED_ARMS_NON_COMPARATOR_TYPED_CONDITIONAL	ASSUMES_THIS_RESULTS_GROUP_IS_A_SUBSET_OF_THE_REGISTERED_ARM_SET_MEMBERSHIP_UNPROVED		LEAF_LABEL_RESOLVES_UNIQUELY	Combo 2	LEAF-OUT/LEAF-QD-group3.tsv:line 66	RETAINED_UNVERIFIED_WITH_LOCATOR		armGroups[1].interventionNames / .description regimen composition	NEWLINE_TO_SPACE;CUT_AT_400_CHARS;TSV_WRITE_NORMALISES_TAB_AND_NEWLINE;ORIGINAL_RETRIEVABLE_ONLY_VIA_leaf_claim_locator	65	NO	NO	CONFIRMED	LEAF_WITHIN_RECORD_RELATION	Combo 2	NOT_CONTROL_CONFIRMED	UNKNOWN	CHANGED_CLASS:NOT_CONTROL_ASSERTED->UNKNOWN	Participants in Safety Lead-in Cohort 2 were administered IV TTX-030 at a loading dose of 40 mg/kg 7 days before Cycle 1 Day 1 followed by treatment with 30 mg/kg Q3W plus budigalimab 375mg Q3W plus docetaxel at a dose of 75 mg/m2 Q3W on Day 1 of each 21-day treatment cycle.	NEWLINE_TO_SPACE;CUT_AT_400_CHARS;TSV_WRITE_NORMALISES_TAB_AND_NEWLINE;ORIGINAL_RETRIEVABLE_ONLY_VIA_the cached source record	275
NCT04306900	Best Response (BOR)	Cohort 9 - Pancreatic (TTX-030 + Budigalimab + Gemcitabine + Nab-Paclitaxel)	25	2018_2021	bor	8	11	ALL_ARMS_NON_CONTROL_TYPED	EXPERIMENTAL | EXPERIMENTAL | EXPERIMENTAL | EXPERIMENTAL | EXPERIMENTAL | EXPERIMENTAL | EXPERIMENTAL | EXPERIMENTAL	PROPOSED	LEAF_CLAIM_NOT_VERIFIABLE_FROM_EXACT_SOURCE_FIELDS	DELIVERED_LEAF:LEAF-QD-group3.tsv	LEAF-OUT/LEAF-QD-group3.tsv:line 72; candidate protocolSection.armsInterventionsModule.armGroups[5].label	1	5	Combo 6	EXPERIMENTAL									UNKNOWN_IN_THIS_CACHE	no source-field-matched arm link and no comparator wording in the group record			NOT_ESTABLISHED_REGISTRY_JOIN_FIELDS_ABSENT_FROM_THIS_CACHE	ALL_REGISTERED_ARMS_NON_COMPARATOR_TYPED_CONDITIONAL	ASSUMES_THIS_RESULTS_GROUP_IS_A_SUBSET_OF_THE_REGISTERED_ARM_SET_MEMBERSHIP_UNPROVED		LEAF_LABEL_RESOLVES_UNIQUELY	Combo 6	LEAF-OUT/LEAF-QD-group3.tsv:line 72	RETAINED_UNVERIFIED_WITH_LOCATOR		armGroups[5].interventionNames / .description regimen composition	NEWLINE_TO_SPACE;CUT_AT_400_CHARS;TSV_WRITE_NORMALISES_TAB_AND_NEWLINE;ORIGINAL_RETRIEVABLE_ONLY_VIA_leaf_claim_locator	65	NO	NO	CONFIRMED	LEAF_WITHIN_RECORD_RELATION	Combo 6	NOT_CONTROL_CONFIRMED	UNKNOWN	CHANGED_CLASS:NOT_CONTROL_ASSERTED->UNKNOWN	Participants in Cohort 9 were administered IV TTX-030 at a loading dose of 40 mg/kg 7 days before Cycle 1 Day 1 followed by treatment with 20 mg/kg Q2W on Days 1 and 15 plus budigalimab at a dose of 500 mg (Q4W) on Day 1 plus gemcitabine 1000 mg/m2 + nab-paclitaxel 125 mg/m2 on Days 1, 8, and 15 each 28-day cycle.	NEWLINE_TO_SPACE;CUT_AT_400_CHARS;TSV_WRITE_NORMALISES_TAB_AND_NEWLINE;ORIGINAL_RETRIEVABLE_ONLY_VIA_the cached source record	315
NCT04306900	Best Response (BOR)	Cohort 11 - Pancreatic (TTX-030 + Gemcitabine + Nab-Paclitaxel)	17	2018_2021	bor	8	11	ALL_ARMS_NON_CONTROL_TYPED	EXPERIMENTAL | EXPERIMENTAL | EXPERIMENTAL | EXPERIMENTAL | EXPERIMENTAL | EXPERIMENTAL | EXPERIMENTAL | EXPERIMENTAL	PROPOSED	LEAF_CLAIM_NOT_VERIFIABLE_FROM_EXACT_SOURCE_FIELDS	DELIVERED_LEAF:LEAF-QD-group3.tsv	LEAF-OUT/LEAF-QD-group3.tsv:line 64; candidate protocolSection.armsInterventionsModule.armGroups[6].label	1	6	Combo 7	EXPERIMENTAL									UNKNOWN_IN_THIS_CACHE	no source-field-matched arm link and no comparator wording in the group record			NOT_ESTABLISHED_REGISTRY_JOIN_FIELDS_ABSENT_FROM_THIS_CACHE	ALL_REGISTERED_ARMS_NON_COMPARATOR_TYPED_CONDITIONAL	ASSUMES_THIS_RESULTS_GROUP_IS_A_SUBSET_OF_THE_REGISTERED_ARM_SET_MEMBERSHIP_UNPROVED		LEAF_LABEL_RESOLVES_UNIQUELY	Combo 7	LEAF-OUT/LEAF-QD-group3.tsv:line 64	RETAINED_UNVERIFIED_WITH_LOCATOR		armGroups[6].interventionNames / .description regimen composition	NEWLINE_TO_SPACE;CUT_AT_400_CHARS;TSV_WRITE_NORMALISES_TAB_AND_NEWLINE;ORIGINAL_RETRIEVABLE_ONLY_VIA_leaf_claim_locator	65	NO	NO	CONFIRMED	LEAF_WITHIN_RECORD_RELATION	Combo 7	NOT_CONTROL_CONFIRMED	UNKNOWN	CHANGED_CLASS:NOT_CONTROL_ASSERTED->UNKNOWN	Participants in Cohort 11 were administered IV TTX-030 at a loading dose of 40 mg/kg 7 days before Cycle 1 Day 1 followed by treatment with 20 mg/kg Q2W on Days 1 and 15 plus gemcitabine 1000 mg/m2 + nab-paclitaxel 125 mg/m2 on Days 1, 8, and 15 each 28-day cycle.	NEWLINE_TO_SPACE;CUT_AT_400_CHARS;TSV_WRITE_NORMALISES_TAB_AND_NEWLINE;ORIGINAL_RETRIEVABLE_ONLY_VIA_the cached source record	264
NCT04306900	Best Response (BOR)	Cohort 4 - CRC (TTX-030 + Budigalimab)	11	2018_2021	bor	8	11	ALL_ARMS_NON_CONTROL_TYPED	EXPERIMENTAL | EXPERIMENTAL | EXPERIMENTAL | EXPERIMENTAL | EXPERIMENTAL | EXPERIMENTAL | EXPERIMENTAL | EXPERIMENTAL	PROPOSED	LEAF_CLAIM_NOT_VERIFIABLE_FROM_EXACT_SOURCE_FIELDS	DELIVERED_LEAF:LEAF-QD-group3.tsv	LEAF-OUT/LEAF-QD-group3.tsv:line 69; candidate protocolSection.armsInterventionsModule.armGroups[4].label	1	4	Combo 5	EXPERIMENTAL									UNKNOWN_IN_THIS_CACHE	no source-field-matched arm link and no comparator wording in the group record			NOT_ESTABLISHED_REGISTRY_JOIN_FIELDS_ABSENT_FROM_THIS_CACHE	ALL_REGISTERED_ARMS_NON_COMPARATOR_TYPED_CONDITIONAL	ASSUMES_THIS_RESULTS_GROUP_IS_A_SUBSET_OF_THE_REGISTERED_ARM_SET_MEMBERSHIP_UNPROVED		LEAF_LABEL_RESOLVES_UNIQUELY	Combo 5	LEAF-OUT/LEAF-QD-group3.tsv:line 69	RETAINED_UNVERIFIED_WITH_LOCATOR		armGroups[4].interventionNames / .description regimen composition	NEWLINE_TO_SPACE;CUT_AT_400_CHARS;TSV_WRITE_NORMALISES_TAB_AND_NEWLINE;ORIGINAL_RETRIEVABLE_ONLY_VIA_leaf_claim_locator	65	NO	NO	CONFIRMED	LEAF_WITHIN_RECORD_RELATION	Combo 5	NOT_CONTROL_CONFIRMED	UNKNOWN	CHANGED_CLASS:NOT_CONTROL_ASSERTED->UNKNOWN	Participants in Cohort 4 were administered IV TTX-030 at a loading dose of 40 mg/kg 7 days before Cycle 1 Day 1 followed by treatment with 30 mg/kg Q3W plus budigalimab at a dose of 375 mg Q3W on Day 1 of each 21-day treatment cycle.	NEWLINE_TO_SPACE;CUT_AT_400_CHARS;TSV_WRITE_NORMALISES_TAB_AND_NEWLINE;ORIGINAL_RETRIEVABLE_ONLY_VIA_the cached source record	233
NCT04306900	Best Response (BOR)	Cohort 6 - HNSCC (TTX-030 + Budigalimab)	4	2018_2021	bor	8	11	ALL_ARMS_NON_CONTROL_TYPED	EXPERIMENTAL | EXPERIMENTAL | EXPERIMENTAL | EXPERIMENTAL | EXPERIMENTAL | EXPERIMENTAL | EXPERIMENTAL | EXPERIMENTAL	PROPOSED	LEAF_CLAIM_NOT_VERIFIABLE_FROM_EXACT_SOURCE_FIELDS	DELIVERED_LEAF:LEAF-QD-group3.tsv	LEAF-OUT/LEAF-QD-group3.tsv:line 70; candidate protocolSection.armsInterventionsModule.armGroups[4].label	1	4	Combo 5	EXPERIMENTAL									UNKNOWN_IN_THIS_CACHE	no source-field-matched arm link and no comparator wording in the group record			NOT_ESTABLISHED_REGISTRY_JOIN_FIELDS_ABSENT_FROM_THIS_CACHE	ALL_REGISTERED_ARMS_NON_COMPARATOR_TYPED_CONDITIONAL	ASSUMES_THIS_RESULTS_GROUP_IS_A_SUBSET_OF_THE_REGISTERED_ARM_SET_MEMBERSHIP_UNPROVED		LEAF_LABEL_RESOLVES_UNIQUELY	Combo 5	LEAF-OUT/LEAF-QD-group3.tsv:line 70	RETAINED_UNVERIFIED_WITH_LOCATOR		armGroups[4].interventionNames / .description regimen composition	NEWLINE_TO_SPACE;CUT_AT_400_CHARS;TSV_WRITE_NORMALISES_TAB_AND_NEWLINE;ORIGINAL_RETRIEVABLE_ONLY_VIA_leaf_claim_locator	65	NO	NO	CONFIRMED	LEAF_WITHIN_RECORD_RELATION	Combo 5	NOT_CONTROL_CONFIRMED	UNKNOWN	CHANGED_CLASS:NOT_CONTROL_ASSERTED->UNKNOWN	Participants in Cohort 6 were administered IV TTX-030 at a loading dose of 40 mg/kg 7 days before Cycle 1 Day 1 followed by treatment with 30 mg/kg Q3W plus budigalimab at a dose of 375 mg Q3W on Day 1 of each 21-day treatment cycle.	NEWLINE_TO_SPACE;CUT_AT_400_CHARS;TSV_WRITE_NORMALISES_TAB_AND_NEWLINE;ORIGINAL_RETRIEVABLE_ONLY_VIA_the cached source record	233
NCT04306900	Best Response (BOR)	Cohort 8 - GEC (TTX-030 + Budigalimab)	18	2018_2021	bor	8	11	ALL_ARMS_NON_CONTROL_TYPED	EXPERIMENTAL | EXPERIMENTAL | EXPERIMENTAL | EXPERIMENTAL | EXPERIMENTAL | EXPERIMENTAL | EXPERIMENTAL | EXPERIMENTAL	PROPOSED	LEAF_CLAIM_NOT_VERIFIABLE_FROM_EXACT_SOURCE_FIELDS	DELIVERED_LEAF:LEAF-QD-group3.tsv	LEAF-OUT/LEAF-QD-group3.tsv:line 71; candidate protocolSection.armsInterventionsModule.armGroups[4].label	1	4	Combo 5	EXPERIMENTAL									UNKNOWN_IN_THIS_CACHE	no source-field-matched arm link and no comparator wording in the group record			NOT_ESTABLISHED_REGISTRY_JOIN_FIELDS_ABSENT_FROM_THIS_CACHE	ALL_REGISTERED_ARMS_NON_COMPARATOR_TYPED_CONDITIONAL	ASSUMES_THIS_RESULTS_GROUP_IS_A_SUBSET_OF_THE_REGISTERED_ARM_SET_MEMBERSHIP_UNPROVED		LEAF_LABEL_RESOLVES_UNIQUELY	Combo 5	LEAF-OUT/LEAF-QD-group3.tsv:line 71	RETAINED_UNVERIFIED_WITH_LOCATOR		armGroups[4].interventionNames / .description regimen composition	NEWLINE_TO_SPACE;CUT_AT_400_CHARS;TSV_WRITE_NORMALISES_TAB_AND_NEWLINE;ORIGINAL_RETRIEVABLE_ONLY_VIA_leaf_claim_locator	65	NO	NO	CONFIRMED	LEAF_WITHIN_RECORD_RELATION	Combo 5	NOT_CONTROL_CONFIRMED	UNKNOWN	CHANGED_CLASS:NOT_CONTROL_ASSERTED->UNKNOWN	Participants in Cohort 8 were administered IV TTX-030 at a loading dose of 40 mg/kg 7 days before Cycle 1 Day 1 followed by treatment with 30 mg/kg Q3W plus budigalimab at a dose of 375 mg Q3W on Day 1 of each 21-day treatment cycle.	NEWLINE_TO_SPACE;CUT_AT_400_CHARS;TSV_WRITE_NORMALISES_TAB_AND_NEWLINE;ORIGINAL_RETRIEVABLE_ONLY_VIA_the cached source record	233
NCT04306900	Best Response (BOR)	Cohort 10 - UCC (TTX-030 + Pembrolizumab)	8	2018_2021	bor	8	11	ALL_ARMS_NON_CONTROL_TYPED	EXPERIMENTAL | EXPERIMENTAL | EXPERIMENTAL | EXPERIMENTAL | EXPERIMENTAL | EXPERIMENTAL | EXPERIMENTAL | EXPERIMENTAL	PROPOSED	LEAF_CLAIM_NOT_VERIFIABLE_FROM_EXACT_SOURCE_FIELDS	DELIVERED_LEAF:LEAF-QD-group3.tsv	LEAF-OUT/LEAF-QD-group3.tsv:line 63; candidate protocolSection.armsInterventionsModule.armGroups[3].label	1	3	Combo 4	EXPERIMENTAL									UNKNOWN_IN_THIS_CACHE	no source-field-matched arm link and no comparator wording in the group record			NOT_ESTABLISHED_REGISTRY_JOIN_FIELDS_ABSENT_FROM_THIS_CACHE	ALL_REGISTERED_ARMS_NON_COMPARATOR_TYPED_CONDITIONAL	ASSUMES_THIS_RESULTS_GROUP_IS_A_SUBSET_OF_THE_REGISTERED_ARM_SET_MEMBERSHIP_UNPROVED		LEAF_LABEL_RESOLVES_UNIQUELY	Combo 4	LEAF-OUT/LEAF-QD-group3.tsv:line 63	RETAINED_UNVERIFIED_WITH_LOCATOR		armGroups[3].interventionNames / .description regimen composition	NEWLINE_TO_SPACE;CUT_AT_400_CHARS;TSV_WRITE_NORMALISES_TAB_AND_NEWLINE;ORIGINAL_RETRIEVABLE_ONLY_VIA_leaf_claim_locator	65	NO	NO	CONFIRMED	LEAF_WITHIN_RECORD_RELATION	Combo 4	NOT_CONTROL_CONFIRMED	UNKNOWN	CHANGED_CLASS:NOT_CONTROL_ASSERTED->UNKNOWN	Participants in Cohort 10 were administered IV TTX-030 at a loading dose of 40 mg/kg 7 days before Cycle 1 Day 1 followed by treatment with 30 mg/kg Q3W plus pembrolizumab at a dose of 200 mg Q3W on Day 1 of each 21-day treatment cycle.	NEWLINE_TO_SPACE;CUT_AT_400_CHARS;TSV_WRITE_NORMALISES_TAB_AND_NEWLINE;ORIGINAL_RETRIEVABLE_ONLY_VIA_the cached source record	236
NCT04539327	Objective Response Rate (ORR)	Rucaparib - Treatment	19	2018_2021	bor	0	1	NO_ARMS_REGISTERED_IN_THIS_CACHE		UNKNOWN_IN_THIS_CACHE	NO_ARM_GROUPS_REGISTERED_IN_THIS_CACHE	SOURCE_RECORD	protocolSection.armsInterventionsModule.armGroups=[] (absent)	0												UNKNOWN_IN_THIS_CACHE	zero registered arm groups: link, registry type statement and comparator role are all UNKNOWN in this cache. Any comparator wording in the results-group text is retained as unverified evidence in group_text_comparator_wording_unverified; it is not evidence that no comparator existed			NOT_ESTABLISHED_REGISTRY_JOIN_FIELDS_ABSENT_FROM_THIS_CACHE	UNKNOWN_NO_ARMS_REGISTERED_IN_THIS_CACHE			LEAF_CLAIMS_NO_ARM		LEAF-OUT/LEAF-QD-group3.tsv:line 74	NOT_VERIFIABLE_NO_REGISTERED_ARMS		protocolSection.armsInterventionsModule is an empty object: zero armGroups exist	NEWLINE_TO_SPACE;CUT_AT_400_CHARS;TSV_WRITE_NORMALISES_TAB_AND_NEWLINE;ORIGINAL_RETRIEVABLE_ONLY_VIA_leaf_claim_locator	80	NO	NO	UNKNOWN_IN_THIS_CACHE	LEAF_NO_ARM_GROUPS_IN_THIS_CACHE		UNKNOWN_IN_THIS_CACHE	NOT_CONTROL_SINGLE_ARM_TRIAL	UNCHANGED_CLASS:UNKNOWN	The population will include all patients who received at least one dose of rucaparib as part of the RAP in GEICO-associated hospitals. The sample size will be based on the accrual rate of the RAP and the date of rucaparib launch in Spain.  Studied patients were the ones recruited between July 2020 and February 2021  Inclusion criteria:  1. Written informed consent must be signed by all patients pa	NEWLINE_TO_SPACE;CUT_AT_400_CHARS;TSV_WRITE_NORMALISES_TAB_AND_NEWLINE;ORIGINAL_RETRIEVABLE_ONLY_VIA_the cached source record	1249
NCT03829501	Best Overall Response (BOR) Per RECIST 1.1	Alomfilimab 0.8 mg	4	2018_2021	bor	4	23	ALL_ARMS_NON_CONTROL_TYPED	EXPERIMENTAL | EXPERIMENTAL | EXPERIMENTAL | EXPERIMENTAL	PROPOSED	LEAF_CLAIM_NOT_VERIFIABLE_FROM_EXACT_SOURCE_FIELDS	DELIVERED_LEAF:LEAF-QD-group3.tsv	LEAF-OUT/LEAF-QD-group3.tsv:line 18; candidate protocolSection.armsInterventionsModule.armGroups[0].label	1	0	Phase 1: Alomfilimab Monotherapy	EXPERIMENTAL									UNKNOWN_IN_THIS_CACHE	no source-field-matched arm link and no comparator wording in the group record			NOT_ESTABLISHED_REGISTRY_JOIN_FIELDS_ABSENT_FROM_THIS_CACHE	ALL_REGISTERED_ARMS_NON_COMPARATOR_TYPED_CONDITIONAL	ASSUMES_THIS_RESULTS_GROUP_IS_A_SUBSET_OF_THE_REGISTERED_ARM_SET_MEMBERSHIP_UNPROVED		LEAF_LABEL_RESOLVES_UNIQUELY	Phase 1: Alomfilimab Monotherapy	LEAF-OUT/LEAF-QD-group3.tsv:line 18	RETAINED_UNVERIFIED_WITH_LOCATOR		armGroups[0].description 'alomfilimab 0.8 to 240 mg as a single agent' covers this dose	NEWLINE_TO_SPACE;CUT_AT_400_CHARS;TSV_WRITE_NORMALISES_TAB_AND_NEWLINE;ORIGINAL_RETRIEVABLE_ONLY_VIA_leaf_claim_locator	87	NO	NO	CONFIRMED	LEAF_WITHIN_RECORD_RELATION	Phase 1: Alomfilimab Monotherapy	NOT_CONTROL_CONFIRMED	UNKNOWN	CHANGED_CLASS:NOT_CONTROL_ASSERTED->UNKNOWN	Participants received alomfilimab 0.8 mg as a single agent via IV infusion Q3W. The participants continued treatment with alomfilimab within this clinical study, as long as they continued to derive benefit from treatment, until the participant experienced unacceptable toxicity or confirmed PD per iRECIST.	NEWLINE_TO_SPACE;CUT_AT_400_CHARS;TSV_WRITE_NORMALISES_TAB_AND_NEWLINE;ORIGINAL_RETRIEVABLE_ONLY_VIA_the cached source record	306
NCT03829501	Best Overall Response (BOR) Per RECIST 1.1	Alomfilimab 2.4 mg	3	2018_2021	bor	4	23	ALL_ARMS_NON_CONTROL_TYPED	EXPERIMENTAL | EXPERIMENTAL | EXPERIMENTAL | EXPERIMENTAL	PROPOSED	LEAF_CLAIM_NOT_VERIFIABLE_FROM_EXACT_SOURCE_FIELDS	DELIVERED_LEAF:LEAF-QD-group3.tsv	LEAF-OUT/LEAF-QD-group3.tsv:line 20; candidate protocolSection.armsInterventionsModule.armGroups[0].label	1	0	Phase 1: Alomfilimab Monotherapy	EXPERIMENTAL									UNKNOWN_IN_THIS_CACHE	no source-field-matched arm link and no comparator wording in the group record			NOT_ESTABLISHED_REGISTRY_JOIN_FIELDS_ABSENT_FROM_THIS_CACHE	ALL_REGISTERED_ARMS_NON_COMPARATOR_TYPED_CONDITIONAL	ASSUMES_THIS_RESULTS_GROUP_IS_A_SUBSET_OF_THE_REGISTERED_ARM_SET_MEMBERSHIP_UNPROVED		LEAF_LABEL_RESOLVES_UNIQUELY	Phase 1: Alomfilimab Monotherapy	LEAF-OUT/LEAF-QD-group3.tsv:line 20	RETAINED_UNVERIFIED_WITH_LOCATOR		armGroups[0].description 'alomfilimab 0.8 to 240 mg as a single agent' covers this dose	NEWLINE_TO_SPACE;CUT_AT_400_CHARS;TSV_WRITE_NORMALISES_TAB_AND_NEWLINE;ORIGINAL_RETRIEVABLE_ONLY_VIA_leaf_claim_locator	87	NO	NO	CONFIRMED	LEAF_WITHIN_RECORD_RELATION	Phase 1: Alomfilimab Monotherapy	NOT_CONTROL_CONFIRMED	UNKNOWN	CHANGED_CLASS:NOT_CONTROL_ASSERTED->UNKNOWN	Participants received alomfilimab 2.4 mg as a single agent via IV infusion Q3W. The participants continued treatment with alomfilimab within this clinical study, as long as they continued to derive benefit from treatment, until the participant experienced unacceptable toxicity or confirmed PD per iRECIST.	NEWLINE_TO_SPACE;CUT_AT_400_CHARS;TSV_WRITE_NORMALISES_TAB_AND_NEWLINE;ORIGINAL_RETRIEVABLE_ONLY_VIA_the cached source record	306
NCT03829501	Best Overall Response (BOR) Per RECIST 1.1	Alomfilimab 8 mg	9	2018_2021	bor	4	23	ALL_ARMS_NON_CONTROL_TYPED	EXPERIMENTAL | EXPERIMENTAL | EXPERIMENTAL | EXPERIMENTAL	PROPOSED	LEAF_CLAIM_NOT_VERIFIABLE_FROM_EXACT_SOURCE_FIELDS	DELIVERED_LEAF:LEAF-QD-group3.tsv	LEAF-OUT/LEAF-QD-group3.tsv:line 31; candidate protocolSection.armsInterventionsModule.armGroups[0].label	1	0	Phase 1: Alomfilimab Monotherapy	EXPERIMENTAL									UNKNOWN_IN_THIS_CACHE	no source-field-matched arm link and no comparator wording in the group record			NOT_ESTABLISHED_REGISTRY_JOIN_FIELDS_ABSENT_FROM_THIS_CACHE	ALL_REGISTERED_ARMS_NON_COMPARATOR_TYPED_CONDITIONAL	ASSUMES_THIS_RESULTS_GROUP_IS_A_SUBSET_OF_THE_REGISTERED_ARM_SET_MEMBERSHIP_UNPROVED		LEAF_LABEL_RESOLVES_UNIQUELY	Phase 1: Alomfilimab Monotherapy	LEAF-OUT/LEAF-QD-group3.tsv:line 31	RETAINED_UNVERIFIED_WITH_LOCATOR		armGroups[0].description 'alomfilimab 0.8 to 240 mg as a single agent' covers this dose	NEWLINE_TO_SPACE;CUT_AT_400_CHARS;TSV_WRITE_NORMALISES_TAB_AND_NEWLINE;ORIGINAL_RETRIEVABLE_ONLY_VIA_leaf_claim_locator	87	NO	NO	CONFIRMED	LEAF_WITHIN_RECORD_RELATION	Phase 1: Alomfilimab Monotherapy	NOT_CONTROL_CONFIRMED	UNKNOWN	CHANGED_CLASS:NOT_CONTROL_ASSERTED->UNKNOWN	Participants received alomfilimab 8 mg as a single agent via IV infusion Q3W. The participants continued treatment with alomfilimab within this clinical study, as long as they continued to derive benefit from treatment, until the participant experienced unacceptable toxicity or confirmed PD per iRECIST.	NEWLINE_TO_SPACE;CUT_AT_400_CHARS;TSV_WRITE_NORMALISES_TAB_AND_NEWLINE;ORIGINAL_RETRIEVABLE_ONLY_VIA_the cached source record	304
NCT03829501	Best Overall Response (BOR) Per RECIST 1.1	Alomfilimab 24 mg	5	2018_2021	bor	4	23	ALL_ARMS_NON_CONTROL_TYPED	EXPERIMENTAL | EXPERIMENTAL | EXPERIMENTAL | EXPERIMENTAL	PROPOSED	LEAF_CLAIM_NOT_VERIFIABLE_FROM_EXACT_SOURCE_FIELDS	DELIVERED_LEAF:LEAF-QD-group3.tsv	LEAF-OUT/LEAF-QD-group3.tsv:line 26; candidate protocolSection.armsInterventionsModule.armGroups[0].label	1	0	Phase 1: Alomfilimab Monotherapy	EXPERIMENTAL									UNKNOWN_IN_THIS_CACHE	no source-field-matched arm link and no comparator wording in the group record			NOT_ESTABLISHED_REGISTRY_JOIN_FIELDS_ABSENT_FROM_THIS_CACHE	ALL_REGISTERED_ARMS_NON_COMPARATOR_TYPED_CONDITIONAL	ASSUMES_THIS_RESULTS_GROUP_IS_A_SUBSET_OF_THE_REGISTERED_ARM_SET_MEMBERSHIP_UNPROVED		LEAF_LABEL_RESOLVES_UNIQUELY	Phase 1: Alomfilimab Monotherapy	LEAF-OUT/LEAF-QD-group3.tsv:line 26	RETAINED_UNVERIFIED_WITH_LOCATOR		armGroups[0].description 'alomfilimab 0.8 to 240 mg as a single agent' covers this dose	NEWLINE_TO_SPACE;CUT_AT_400_CHARS;TSV_WRITE_NORMALISES_TAB_AND_NEWLINE;ORIGINAL_RETRIEVABLE_ONLY_VIA_leaf_claim_locator	87	NO	NO	CONFIRMED	LEAF_WITHIN_RECORD_RELATION	Phase 1: Alomfilimab Monotherapy	NOT_CONTROL_CONFIRMED	UNKNOWN	CHANGED_CLASS:NOT_CONTROL_ASSERTED->UNKNOWN	Participants received alomfilimab 24 mg as a single agent via IV infusion Q3W. The participants continued treatment with alomfilimab within this clinical study, as long as they continued to derive benefit from treatment, until the participant experienced unacceptable toxicity or confirmed PD per iRECIST.	NEWLINE_TO_SPACE;CUT_AT_400_CHARS;TSV_WRITE_NORMALISES_TAB_AND_NEWLINE;ORIGINAL_RETRIEVABLE_ONLY_VIA_the cached source record	305
NCT03829501	Best Overall Response (BOR) Per RECIST 1.1	Alomfilimab 80 mg	6	2018_2021	bor	4	23	ALL_ARMS_NON_CONTROL_TYPED	EXPERIMENTAL | EXPERIMENTAL | EXPERIMENTAL | EXPERIMENTAL	PROPOSED	LEAF_CLAIM_NOT_VERIFIABLE_FROM_EXACT_SOURCE_FIELDS	DELIVERED_LEAF:LEAF-QD-group3.tsv	LEAF-OUT/LEAF-QD-group3.tsv:line 39; candidate protocolSection.armsInterventionsModule.armGroups[0].label	1	0	Phase 1: Alomfilimab Monotherapy	EXPERIMENTAL									UNKNOWN_IN_THIS_CACHE	no source-field-matched arm link and no comparator wording in the group record			NOT_ESTABLISHED_REGISTRY_JOIN_FIELDS_ABSENT_FROM_THIS_CACHE	ALL_REGISTERED_ARMS_NON_COMPARATOR_TYPED_CONDITIONAL	ASSUMES_THIS_RESULTS_GROUP_IS_A_SUBSET_OF_THE_REGISTERED_ARM_SET_MEMBERSHIP_UNPROVED		LEAF_LABEL_RESOLVES_UNIQUELY	Phase 1: Alomfilimab Monotherapy	LEAF-OUT/LEAF-QD-group3.tsv:line 39	RETAINED_UNVERIFIED_WITH_LOCATOR		armGroups[0].description 'alomfilimab 0.8 to 240 mg as a single agent' covers this dose	NEWLINE_TO_SPACE;CUT_AT_400_CHARS;TSV_WRITE_NORMALISES_TAB_AND_NEWLINE;ORIGINAL_RETRIEVABLE_ONLY_VIA_leaf_claim_locator	87	NO	NO	CONFIRMED	LEAF_WITHIN_RECORD_RELATION	Phase 1: Alomfilimab Monotherapy	NOT_CONTROL_CONFIRMED	UNKNOWN	CHANGED_CLASS:NOT_CONTROL_ASSERTED->UNKNOWN	Participants received alomfilimab 80 mg as a single agent via IV infusion Q3W. The participants continued treatment with alomfilimab within this clinical study, as long as they continued to derive benefit from treatment, until the participant experienced unacceptable toxicity or confirmed PD per iRECIST.	NEWLINE_TO_SPACE;CUT_AT_400_CHARS;TSV_WRITE_NORMALISES_TAB_AND_NEWLINE;ORIGINAL_RETRIEVABLE_ONLY_VIA_the cached source record	305
NCT03829501	Best Overall Response (BOR) Per RECIST 1.1	Alomfilimab 240 mg	5	2018_2021	bor	4	23	ALL_ARMS_NON_CONTROL_TYPED	EXPERIMENTAL | EXPERIMENTAL | EXPERIMENTAL | EXPERIMENTAL	PROPOSED	LEAF_CLAIM_NOT_VERIFIABLE_FROM_EXACT_SOURCE_FIELDS	DELIVERED_LEAF:LEAF-QD-group3.tsv	LEAF-OUT/LEAF-QD-group3.tsv:line 30; candidate protocolSection.armsInterventionsModule.armGroups[0].label	1	0	Phase 1: Alomfilimab Monotherapy	EXPERIMENTAL									UNKNOWN_IN_THIS_CACHE	no source-field-matched arm link and no comparator wording in the group record			NOT_ESTABLISHED_REGISTRY_JOIN_FIELDS_ABSENT_FROM_THIS_CACHE	ALL_REGISTERED_ARMS_NON_COMPARATOR_TYPED_CONDITIONAL	ASSUMES_THIS_RESULTS_GROUP_IS_A_SUBSET_OF_THE_REGISTERED_ARM_SET_MEMBERSHIP_UNPROVED		LEAF_LABEL_RESOLVES_UNIQUELY	Phase 1: Alomfilimab Monotherapy	LEAF-OUT/LEAF-QD-group3.tsv:line 30	RETAINED_UNVERIFIED_WITH_LOCATOR		armGroups[0].description 'alomfilimab 0.8 to 240 mg as a single agent' covers this dose	NEWLINE_TO_SPACE;CUT_AT_400_CHARS;TSV_WRITE_NORMALISES_TAB_AND_NEWLINE;ORIGINAL_RETRIEVABLE_ONLY_VIA_leaf_claim_locator	87	NO	NO	CONFIRMED	LEAF_WITHIN_RECORD_RELATION	Phase 1: Alomfilimab Monotherapy	NOT_CONTROL_CONFIRMED	UNKNOWN	CHANGED_CLASS:NOT_CONTROL_ASSERTED->UNKNOWN	Participants received alomfilimab 240 mg as a single agent via IV infusion Q3W. The participants continued treatment with alomfilimab within this clinical study, as long as they continued to derive benefit from treatment, until the participant experienced unacceptable toxicity or confirmed PD per iRECIST.	NEWLINE_TO_SPACE;CUT_AT_400_CHARS;TSV_WRITE_NORMALISES_TAB_AND_NEWLINE;ORIGINAL_RETRIEVABLE_ONLY_VIA_the cached source record	306
NCT03829501	Best Overall Response (BOR) Per RECIST 1.1	Alomfilimab 0.8 mg + Atezolizumab	4	2018_2021	bor	4	23	ALL_ARMS_NON_CONTROL_TYPED	EXPERIMENTAL | EXPERIMENTAL | EXPERIMENTAL | EXPERIMENTAL	PROPOSED	LEAF_CLAIM_NOT_VERIFIABLE_FROM_EXACT_SOURCE_FIELDS	DELIVERED_LEAF:LEAF-QD-group3.tsv	LEAF-OUT/LEAF-QD-group3.tsv:line 19; candidate protocolSection.armsInterventionsModule.armGroups[1].label	1	1	Phase 1: Alomfilimab + Atezolizumab Combination Therapy	EXPERIMENTAL									UNKNOWN_IN_THIS_CACHE	no source-field-matched arm link and no comparator wording in the group record			NOT_ESTABLISHED_REGISTRY_JOIN_FIELDS_ABSENT_FROM_THIS_CACHE	ALL_REGISTERED_ARMS_NON_COMPARATOR_TYPED_CONDITIONAL	ASSUMES_THIS_RESULTS_GROUP_IS_A_SUBSET_OF_THE_REGISTERED_ARM_SET_MEMBERSHIP_UNPROVED		LEAF_LABEL_RESOLVES_UNIQUELY	Phase 1: Alomfilimab + Atezolizumab Combination Therapy	LEAF-OUT/LEAF-QD-group3.tsv:line 19	RETAINED_UNVERIFIED_WITH_LOCATOR		armGroups[1].interventionNames ['Drug: Alomfilimab','Drug: Atezolizumab']; sole Phase 1 combination arm	NEWLINE_TO_SPACE;CUT_AT_400_CHARS;TSV_WRITE_NORMALISES_TAB_AND_NEWLINE;ORIGINAL_RETRIEVABLE_ONLY_VIA_leaf_claim_locator	103	NO	NO	CONFIRMED	LEAF_WITHIN_RECORD_RELATION	Phase 1: Alomfilimab + Atezolizumab Combination Therapy	NOT_CONTROL_CONFIRMED	UNKNOWN	CHANGED_CLASS:NOT_CONTROL_ASSERTED->UNKNOWN	Participants received alomfilimab 0.8 mg in combination with atezolizumab 1200 mg via IV infusion Q3W. The participants continued treatment with alomfilimab in combination with atezolizumab within this clinical study, as long as they continued to derive benefit from treatment, until the participant experienced unacceptable toxicity or confirmed PD per iRECIST.	NEWLINE_TO_SPACE;CUT_AT_400_CHARS;TSV_WRITE_NORMALISES_TAB_AND_NEWLINE;ORIGINAL_RETRIEVABLE_ONLY_VIA_the cached source record	362
NCT03829501	Best Overall Response (BOR) Per RECIST 1.1	Alomfilimab 2.4 mg + Atezolizumab	36	2018_2021	bor	4	23	ALL_ARMS_NON_CONTROL_TYPED	EXPERIMENTAL | EXPERIMENTAL | EXPERIMENTAL | EXPERIMENTAL	PROPOSED	LEAF_CLAIM_NOT_VERIFIABLE_FROM_EXACT_SOURCE_FIELDS	DELIVERED_LEAF:LEAF-QD-group3.tsv	LEAF-OUT/LEAF-QD-group3.tsv:line 21; candidate protocolSection.armsInterventionsModule.armGroups[1].label	1	1	Phase 1: Alomfilimab + Atezolizumab Combination Therapy	EXPERIMENTAL									UNKNOWN_IN_THIS_CACHE	no source-field-matched arm link and no comparator wording in the group record			NOT_ESTABLISHED_REGISTRY_JOIN_FIELDS_ABSENT_FROM_THIS_CACHE	ALL_REGISTERED_ARMS_NON_COMPARATOR_TYPED_CONDITIONAL	ASSUMES_THIS_RESULTS_GROUP_IS_A_SUBSET_OF_THE_REGISTERED_ARM_SET_MEMBERSHIP_UNPROVED		LEAF_LABEL_RESOLVES_UNIQUELY	Phase 1: Alomfilimab + Atezolizumab Combination Therapy	LEAF-OUT/LEAF-QD-group3.tsv:line 21	RETAINED_UNVERIFIED_WITH_LOCATOR		armGroups[1].interventionNames ['Drug: Alomfilimab','Drug: Atezolizumab']; sole Phase 1 combination arm	NEWLINE_TO_SPACE;CUT_AT_400_CHARS;TSV_WRITE_NORMALISES_TAB_AND_NEWLINE;ORIGINAL_RETRIEVABLE_ONLY_VIA_leaf_claim_locator	103	NO	NO	CONFIRMED	LEAF_WITHIN_RECORD_RELATION	Phase 1: Alomfilimab + Atezolizumab Combination Therapy	NOT_CONTROL_CONFIRMED	UNKNOWN	CHANGED_CLASS:NOT_CONTROL_ASSERTED->UNKNOWN	Participants received alomfilimab 2.4 mg in combination with atezolizumab 1200 mg via IV infusion Q3W. The participants continued treatment with alomfilimab in combination with atezolizumab within this clinical study, as long as they continued to derive benefit from treatment, until the participant experienced unacceptable toxicity or confirmed PD per iRECIST.	NEWLINE_TO_SPACE;CUT_AT_400_CHARS;TSV_WRITE_NORMALISES_TAB_AND_NEWLINE;ORIGINAL_RETRIEVABLE_ONLY_VIA_the cached source record	362
NCT03829501	Best Overall Response (BOR) Per RECIST 1.1	Alomfilimab 8 mg + Atezolizumab	32	2018_2021	bor	4	23	ALL_ARMS_NON_CONTROL_TYPED	EXPERIMENTAL | EXPERIMENTAL | EXPERIMENTAL | EXPERIMENTAL	PROPOSED	LEAF_CLAIM_NOT_VERIFIABLE_FROM_EXACT_SOURCE_FIELDS	DELIVERED_LEAF:LEAF-QD-group3.tsv	LEAF-OUT/LEAF-QD-group3.tsv:line 32; candidate protocolSection.armsInterventionsModule.armGroups[1].label	1	1	Phase 1: Alomfilimab + Atezolizumab Combination Therapy	EXPERIMENTAL									UNKNOWN_IN_THIS_CACHE	no source-field-matched arm link and no comparator wording in the group record			NOT_ESTABLISHED_REGISTRY_JOIN_FIELDS_ABSENT_FROM_THIS_CACHE	ALL_REGISTERED_ARMS_NON_COMPARATOR_TYPED_CONDITIONAL	ASSUMES_THIS_RESULTS_GROUP_IS_A_SUBSET_OF_THE_REGISTERED_ARM_SET_MEMBERSHIP_UNPROVED		LEAF_LABEL_RESOLVES_UNIQUELY	Phase 1: Alomfilimab + Atezolizumab Combination Therapy	LEAF-OUT/LEAF-QD-group3.tsv:line 32	RETAINED_UNVERIFIED_WITH_LOCATOR		armGroups[1].interventionNames ['Drug: Alomfilimab','Drug: Atezolizumab']; sole Phase 1 combination arm	NEWLINE_TO_SPACE;CUT_AT_400_CHARS;TSV_WRITE_NORMALISES_TAB_AND_NEWLINE;ORIGINAL_RETRIEVABLE_ONLY_VIA_leaf_claim_locator	103	NO	NO	CONFIRMED	LEAF_WITHIN_RECORD_RELATION	Phase 1: Alomfilimab + Atezolizumab Combination Therapy	NOT_CONTROL_CONFIRMED	UNKNOWN	CHANGED_CLASS:NOT_CONTROL_ASSERTED->UNKNOWN	Participants received alomfilimab 8 mg in combination with atezolizumab 1200 mg via IV infusion Q3W. The participants continued treatment with alomfilimab in combination with atezolizumab within this clinical study, as long as they continued to derive benefit from treatment, until the participant experienced unacceptable toxicity or confirmed PD per iRECIST.	NEWLINE_TO_SPACE;CUT_AT_400_CHARS;TSV_WRITE_NORMALISES_TAB_AND_NEWLINE;ORIGINAL_RETRIEVABLE_ONLY_VIA_the cached source record	360
NCT03829501	Best Overall Response (BOR) Per RECIST 1.1	Alomfilimab 24 mg + Atezolizumab	9	2018_2021	bor	4	23	ALL_ARMS_NON_CONTROL_TYPED	EXPERIMENTAL | EXPERIMENTAL | EXPERIMENTAL | EXPERIMENTAL	PROPOSED	LEAF_CLAIM_NOT_VERIFIABLE_FROM_EXACT_SOURCE_FIELDS	DELIVERED_LEAF:LEAF-QD-group3.tsv	LEAF-OUT/LEAF-QD-group3.tsv:line 27; candidate protocolSection.armsInterventionsModule.armGroups[1].label	1	1	Phase 1: Alomfilimab + Atezolizumab Combination Therapy	EXPERIMENTAL									UNKNOWN_IN_THIS_CACHE	no source-field-matched arm link and no comparator wording in the group record			NOT_ESTABLISHED_REGISTRY_JOIN_FIELDS_ABSENT_FROM_THIS_CACHE	ALL_REGISTERED_ARMS_NON_COMPARATOR_TYPED_CONDITIONAL	ASSUMES_THIS_RESULTS_GROUP_IS_A_SUBSET_OF_THE_REGISTERED_ARM_SET_MEMBERSHIP_UNPROVED		LEAF_LABEL_RESOLVES_UNIQUELY	Phase 1: Alomfilimab + Atezolizumab Combination Therapy	LEAF-OUT/LEAF-QD-group3.tsv:line 27	RETAINED_UNVERIFIED_WITH_LOCATOR		armGroups[1].interventionNames ['Drug: Alomfilimab','Drug: Atezolizumab']; sole Phase 1 combination arm	NEWLINE_TO_SPACE;CUT_AT_400_CHARS;TSV_WRITE_NORMALISES_TAB_AND_NEWLINE;ORIGINAL_RETRIEVABLE_ONLY_VIA_leaf_claim_locator	103	NO	NO	CONFIRMED	LEAF_WITHIN_RECORD_RELATION	Phase 1: Alomfilimab + Atezolizumab Combination Therapy	NOT_CONTROL_CONFIRMED	UNKNOWN	CHANGED_CLASS:NOT_CONTROL_ASSERTED->UNKNOWN	Participants received alomfilimab 24 mg in combination with atezolizumab 1200 mg via IV infusion Q3W. The participants continued treatment with alomfilimab in combination with atezolizumab within this clinical study, as long as they continued to derive benefit from treatment, until the participant experienced unacceptable toxicity or confirmed PD per iRECIST.	NEWLINE_TO_SPACE;CUT_AT_400_CHARS;TSV_WRITE_NORMALISES_TAB_AND_NEWLINE;ORIGINAL_RETRIEVABLE_ONLY_VIA_the cached source record	361
NCT03829501	Best Overall Response (BOR) Per RECIST 1.1	Alomfilimab 80 mg + Atezolizumab	6	2018_2021	bor	4	23	ALL_ARMS_NON_CONTROL_TYPED	EXPERIMENTAL | EXPERIMENTAL | EXPERIMENTAL | EXPERIMENTAL	PROPOSED	LEAF_CLAIM_NOT_VERIFIABLE_FROM_EXACT_SOURCE_FIELDS	DELIVERED_LEAF:LEAF-QD-group3.tsv	LEAF-OUT/LEAF-QD-group3.tsv:line 40; candidate protocolSection.armsInterventionsModule.armGroups[1].label	1	1	Phase 1: Alomfilimab + Atezolizumab Combination Therapy	EXPERIMENTAL									UNKNOWN_IN_THIS_CACHE	no source-field-matched arm link and no comparator wording in the group record			NOT_ESTABLISHED_REGISTRY_JOIN_FIELDS_ABSENT_FROM_THIS_CACHE	ALL_REGISTERED_ARMS_NON_COMPARATOR_TYPED_CONDITIONAL	ASSUMES_THIS_RESULTS_GROUP_IS_A_SUBSET_OF_THE_REGISTERED_ARM_SET_MEMBERSHIP_UNPROVED		LEAF_LABEL_RESOLVES_UNIQUELY	Phase 1: Alomfilimab + Atezolizumab Combination Therapy	LEAF-OUT/LEAF-QD-group3.tsv:line 40	RETAINED_UNVERIFIED_WITH_LOCATOR		armGroups[1].interventionNames ['Drug: Alomfilimab','Drug: Atezolizumab']; sole Phase 1 combination arm	NEWLINE_TO_SPACE;CUT_AT_400_CHARS;TSV_WRITE_NORMALISES_TAB_AND_NEWLINE;ORIGINAL_RETRIEVABLE_ONLY_VIA_leaf_claim_locator	103	NO	NO	CONFIRMED	LEAF_WITHIN_RECORD_RELATION	Phase 1: Alomfilimab + Atezolizumab Combination Therapy	NOT_CONTROL_CONFIRMED	UNKNOWN	CHANGED_CLASS:NOT_CONTROL_ASSERTED->UNKNOWN	Participants received alomfilimab 80 mg in combination with atezolizumab 1200 mg via IV infusion Q3W. The participants continued treatment with alomfilimab in combination with atezolizumab within this clinical study, as long as they continued to derive benefit from treatment, until the participant experienced unacceptable toxicity or confirmed PD per iRECIST.	NEWLINE_TO_SPACE;CUT_AT_400_CHARS;TSV_WRITE_NORMALISES_TAB_AND_NEWLINE;ORIGINAL_RETRIEVABLE_ONLY_VIA_the cached source record	361
NCT03829501	Best Overall Response (BOR) Per RECIST 1.1	Alomfilimab 2.4 mg + Atezolizumab in Anti-PD-(L)1 Naïve Pancreatic Cancer	15	2018_2021	bor	4	23	ALL_ARMS_NON_CONTROL_TYPED	EXPERIMENTAL | EXPERIMENTAL | EXPERIMENTAL | EXPERIMENTAL	PROPOSED	LEAF_CLAIM_NOT_VERIFIABLE_FROM_EXACT_SOURCE_FIELDS	DELIVERED_LEAF:LEAF-QD-group3.tsv	LEAF-OUT/LEAF-QD-group3.tsv:line 22; candidate protocolSection.armsInterventionsModule.armGroups[2].label	1	2	Phase 2: Alomfilimab + Atezolizumab in Anti-PD-(L)1 Naïve Participants	EXPERIMENTAL									UNKNOWN_IN_THIS_CACHE	no source-field-matched arm link and no comparator wording in the group record			NOT_ESTABLISHED_REGISTRY_JOIN_FIELDS_ABSENT_FROM_THIS_CACHE	ALL_REGISTERED_ARMS_NON_COMPARATOR_TYPED_CONDITIONAL	ASSUMES_THIS_RESULTS_GROUP_IS_A_SUBSET_OF_THE_REGISTERED_ARM_SET_MEMBERSHIP_UNPROVED		LEAF_LABEL_RESOLVES_UNIQUELY	Phase 2: Alomfilimab + Atezolizumab in Anti-PD-(L)1 Naïve Participants	LEAF-OUT/LEAF-QD-group3.tsv:line 22	RETAINED_UNVERIFIED_WITH_LOCATOR		armGroups[2].description names 'Anti-PD-(L)1 naïve' and pancreatic/TNBC/HNSCC	NEWLINE_TO_SPACE;CUT_AT_400_CHARS;TSV_WRITE_NORMALISES_TAB_AND_NEWLINE;ORIGINAL_RETRIEVABLE_ONLY_VIA_leaf_claim_locator	77	NO	NO	CONFIRMED	LEAF_WITHIN_RECORD_RELATION	Phase 2: Alomfilimab + Atezolizumab in Anti-PD-(L)1 Naïve Participants	NOT_CONTROL_CONFIRMED	UNKNOWN	CHANGED_CLASS:NOT_CONTROL_ASSERTED->UNKNOWN	Anti-PD-(L)1 naïve participants with pancreatic cancer received alomfilimab 2.4 mg in combination with atezolizumab 1200 mg via IV infusion Q3W. The participants continued treatment with alomfilimab in combination with atezolizumab within this clinical study, as long as they continued to derive benefit from treatment, until the participant experienced unacceptable toxicity or confirmed PD per iREC	NEWLINE_TO_SPACE;CUT_AT_400_CHARS;TSV_WRITE_NORMALISES_TAB_AND_NEWLINE;ORIGINAL_RETRIEVABLE_ONLY_VIA_the cached source record	404
NCT03829501	Best Overall Response (BOR) Per RECIST 1.1	Alomfilimab 8 mg + Atezolizumab in Anti-PD-(L)1 Naïve Pancreatic Cancer	11	2018_2021	bor	4	23	ALL_ARMS_NON_CONTROL_TYPED	EXPERIMENTAL | EXPERIMENTAL | EXPERIMENTAL | EXPERIMENTAL	PROPOSED	LEAF_CLAIM_NOT_VERIFIABLE_FROM_EXACT_SOURCE_FIELDS	DELIVERED_LEAF:LEAF-QD-group3.tsv	LEAF-OUT/LEAF-QD-group3.tsv:line 34; candidate protocolSection.armsInterventionsModule.armGroups[2].label	1	2	Phase 2: Alomfilimab + Atezolizumab in Anti-PD-(L)1 Naïve Participants	EXPERIMENTAL									UNKNOWN_IN_THIS_CACHE	no source-field-matched arm link and no comparator wording in the group record			NOT_ESTABLISHED_REGISTRY_JOIN_FIELDS_ABSENT_FROM_THIS_CACHE	ALL_REGISTERED_ARMS_NON_COMPARATOR_TYPED_CONDITIONAL	ASSUMES_THIS_RESULTS_GROUP_IS_A_SUBSET_OF_THE_REGISTERED_ARM_SET_MEMBERSHIP_UNPROVED		LEAF_LABEL_RESOLVES_UNIQUELY	Phase 2: Alomfilimab + Atezolizumab in Anti-PD-(L)1 Naïve Participants	LEAF-OUT/LEAF-QD-group3.tsv:line 34	RETAINED_UNVERIFIED_WITH_LOCATOR		armGroups[2].description names 'Anti-PD-(L)1 naïve' and pancreatic/TNBC/HNSCC	NEWLINE_TO_SPACE;CUT_AT_400_CHARS;TSV_WRITE_NORMALISES_TAB_AND_NEWLINE;ORIGINAL_RETRIEVABLE_ONLY_VIA_leaf_claim_locator	77	NO	NO	CONFIRMED	LEAF_WITHIN_RECORD_RELATION	Phase 2: Alomfilimab + Atezolizumab in Anti-PD-(L)1 Naïve Participants	NOT_CONTROL_CONFIRMED	UNKNOWN	CHANGED_CLASS:NOT_CONTROL_ASSERTED->UNKNOWN	Anti-PD-(L)1 naïve participants with pancreatic cancer received alomfilimab 8 mg in combination with atezolizumab 1200 mg via IV infusion Q3W. The participants continued treatment with alomfilimab in combination with atezolizumab within this clinical study, as long as they continued to derive benefit from treatment, until the participant experienced unacceptable toxicity or confirmed PD per iRECIS	NEWLINE_TO_SPACE;CUT_AT_400_CHARS;TSV_WRITE_NORMALISES_TAB_AND_NEWLINE;ORIGINAL_RETRIEVABLE_ONLY_VIA_the cached source record	402
NCT03829501	Best Overall Response (BOR) Per RECIST 1.1	Alomfilimab 2.4 mg + Atezolizumab in Anti-PD-(L)1 Naïve Triple Negative BC	6	2018_2021	bor	4	23	ALL_ARMS_NON_CONTROL_TYPED	EXPERIMENTAL | EXPERIMENTAL | EXPERIMENTAL | EXPERIMENTAL	PROPOSED	LEAF_CLAIM_NOT_VERIFIABLE_FROM_EXACT_SOURCE_FIELDS	DELIVERED_LEAF:LEAF-QD-group3.tsv	LEAF-OUT/LEAF-QD-group3.tsv:line 23; candidate protocolSection.armsInterventionsModule.armGroups[2].label	1	2	Phase 2: Alomfilimab + Atezolizumab in Anti-PD-(L)1 Naïve Participants	EXPERIMENTAL									UNKNOWN_IN_THIS_CACHE	no source-field-matched arm link and no comparator wording in the group record			NOT_ESTABLISHED_REGISTRY_JOIN_FIELDS_ABSENT_FROM_THIS_CACHE	ALL_REGISTERED_ARMS_NON_COMPARATOR_TYPED_CONDITIONAL	ASSUMES_THIS_RESULTS_GROUP_IS_A_SUBSET_OF_THE_REGISTERED_ARM_SET_MEMBERSHIP_UNPROVED		LEAF_LABEL_RESOLVES_UNIQUELY	Phase 2: Alomfilimab + Atezolizumab in Anti-PD-(L)1 Naïve Participants	LEAF-OUT/LEAF-QD-group3.tsv:line 23	RETAINED_UNVERIFIED_WITH_LOCATOR		armGroups[2].description names 'Anti-PD-(L)1 naïve' and pancreatic/TNBC/HNSCC	NEWLINE_TO_SPACE;CUT_AT_400_CHARS;TSV_WRITE_NORMALISES_TAB_AND_NEWLINE;ORIGINAL_RETRIEVABLE_ONLY_VIA_leaf_claim_locator	77	NO	NO	CONFIRMED	LEAF_WITHIN_RECORD_RELATION	Phase 2: Alomfilimab + Atezolizumab in Anti-PD-(L)1 Naïve Participants	NOT_CONTROL_CONFIRMED	UNKNOWN	CHANGED_CLASS:NOT_CONTROL_ASSERTED->UNKNOWN	Anti-PD-(L)1 naïve participants with triple negative BC received alomfilimab 2.4 mg in combination with atezolizumab 1200 mg via IV infusion Q3W. The participants continued treatment with alomfilimab in combination with atezolizumab within this clinical study, as long as they continued to derive benefit from treatment, until the participant experienced unacceptable toxicity or confirmed PD per iRE	NEWLINE_TO_SPACE;CUT_AT_400_CHARS;TSV_WRITE_NORMALISES_TAB_AND_NEWLINE;ORIGINAL_RETRIEVABLE_ONLY_VIA_the cached source record	405
NCT03829501	Best Overall Response (BOR) Per RECIST 1.1	Alomfilimab 8 mg + Atezolizumab in Anti-PD-(L)1 Naïve Triple Negative BC	13	2018_2021	bor	4	23	ALL_ARMS_NON_CONTROL_TYPED	EXPERIMENTAL | EXPERIMENTAL | EXPERIMENTAL | EXPERIMENTAL	PROPOSED	LEAF_CLAIM_NOT_VERIFIABLE_FROM_EXACT_SOURCE_FIELDS	DELIVERED_LEAF:LEAF-QD-group3.tsv	LEAF-OUT/LEAF-QD-group3.tsv:line 35; candidate protocolSection.armsInterventionsModule.armGroups[2].label	1	2	Phase 2: Alomfilimab + Atezolizumab in Anti-PD-(L)1 Naïve Participants	EXPERIMENTAL									UNKNOWN_IN_THIS_CACHE	no source-field-matched arm link and no comparator wording in the group record			NOT_ESTABLISHED_REGISTRY_JOIN_FIELDS_ABSENT_FROM_THIS_CACHE	ALL_REGISTERED_ARMS_NON_COMPARATOR_TYPED_CONDITIONAL	ASSUMES_THIS_RESULTS_GROUP_IS_A_SUBSET_OF_THE_REGISTERED_ARM_SET_MEMBERSHIP_UNPROVED		LEAF_LABEL_RESOLVES_UNIQUELY	Phase 2: Alomfilimab + Atezolizumab in Anti-PD-(L)1 Naïve Participants	LEAF-OUT/LEAF-QD-group3.tsv:line 35	RETAINED_UNVERIFIED_WITH_LOCATOR		armGroups[2].description names 'Anti-PD-(L)1 naïve' and pancreatic/TNBC/HNSCC	NEWLINE_TO_SPACE;CUT_AT_400_CHARS;TSV_WRITE_NORMALISES_TAB_AND_NEWLINE;ORIGINAL_RETRIEVABLE_ONLY_VIA_leaf_claim_locator	77	NO	NO	CONFIRMED	LEAF_WITHIN_RECORD_RELATION	Phase 2: Alomfilimab + Atezolizumab in Anti-PD-(L)1 Naïve Participants	NOT_CONTROL_CONFIRMED	UNKNOWN	CHANGED_CLASS:NOT_CONTROL_ASSERTED->UNKNOWN	Anti-PD-(L)1 naïve participants with triple negative BC received alomfilimab 8 mg in combination with atezolizumab 1200 mg via IV infusion Q3W. The participants continued treatment with alomfilimab in combination with atezolizumab within this clinical study, as long as they continued to derive benefit from treatment, until the participant experienced unacceptable toxicity or confirmed PD per iRECI	NEWLINE_TO_SPACE;CUT_AT_400_CHARS;TSV_WRITE_NORMALISES_TAB_AND_NEWLINE;ORIGINAL_RETRIEVABLE_ONLY_VIA_the cached source record	403
NCT03829501	Best Overall Response (BOR) Per RECIST 1.1	Alomfilimab 8 mg + Atezolizumab in Anti-PD-(L)1 Naïve HNSCC	4	2018_2021	bor	4	23	ALL_ARMS_NON_CONTROL_TYPED	EXPERIMENTAL | EXPERIMENTAL | EXPERIMENTAL | EXPERIMENTAL	PROPOSED	LEAF_CLAIM_NOT_VERIFIABLE_FROM_EXACT_SOURCE_FIELDS	DELIVERED_LEAF:LEAF-QD-group3.tsv	LEAF-OUT/LEAF-QD-group3.tsv:line 33; candidate protocolSection.armsInterventionsModule.armGroups[2].label	1	2	Phase 2: Alomfilimab + Atezolizumab in Anti-PD-(L)1 Naïve Participants	EXPERIMENTAL									UNKNOWN_IN_THIS_CACHE	no source-field-matched arm link and no comparator wording in the group record			NOT_ESTABLISHED_REGISTRY_JOIN_FIELDS_ABSENT_FROM_THIS_CACHE	ALL_REGISTERED_ARMS_NON_COMPARATOR_TYPED_CONDITIONAL	ASSUMES_THIS_RESULTS_GROUP_IS_A_SUBSET_OF_THE_REGISTERED_ARM_SET_MEMBERSHIP_UNPROVED		LEAF_LABEL_RESOLVES_UNIQUELY	Phase 2: Alomfilimab + Atezolizumab in Anti-PD-(L)1 Naïve Participants	LEAF-OUT/LEAF-QD-group3.tsv:line 33	RETAINED_UNVERIFIED_WITH_LOCATOR		armGroups[2].description names 'Anti-PD-(L)1 naïve' and pancreatic/TNBC/HNSCC	NEWLINE_TO_SPACE;CUT_AT_400_CHARS;TSV_WRITE_NORMALISES_TAB_AND_NEWLINE;ORIGINAL_RETRIEVABLE_ONLY_VIA_leaf_claim_locator	77	NO	NO	CONFIRMED	LEAF_WITHIN_RECORD_RELATION	Phase 2: Alomfilimab + Atezolizumab in Anti-PD-(L)1 Naïve Participants	NOT_CONTROL_CONFIRMED	UNKNOWN	CHANGED_CLASS:NOT_CONTROL_ASSERTED->UNKNOWN	Anti-PD-(L)1 naïve participants with HNSCC received alomfilimab 8 mg in combination with atezolizumab 1200 mg via IV infusion Q3W. The participants continued treatment with alomfilimab in combination with atezolizumab within this clinical study, as long as they continued to derive benefit from treatment, until the participant experienced unacceptable toxicity or confirmed PD per iRECIST.	NEWLINE_TO_SPACE;CUT_AT_400_CHARS;TSV_WRITE_NORMALISES_TAB_AND_NEWLINE;ORIGINAL_RETRIEVABLE_ONLY_VIA_the cached source record	390
NCT03829501	Best Overall Response (BOR) Per RECIST 1.1	Alomfilimab 24 mg + Atezolizumab in Anti-PD-(L)1 Naïve HNSCC	3	2018_2021	bor	4	23	ALL_ARMS_NON_CONTROL_TYPED	EXPERIMENTAL | EXPERIMENTAL | EXPERIMENTAL | EXPERIMENTAL	PROPOSED	LEAF_CLAIM_NOT_VERIFIABLE_FROM_EXACT_SOURCE_FIELDS	DELIVERED_LEAF:LEAF-QD-group3.tsv	LEAF-OUT/LEAF-QD-group3.tsv:line 28; candidate protocolSection.armsInterventionsModule.armGroups[2].label	1	2	Phase 2: Alomfilimab + Atezolizumab in Anti-PD-(L)1 Naïve Participants	EXPERIMENTAL									UNKNOWN_IN_THIS_CACHE	no source-field-matched arm link and no comparator wording in the group record			NOT_ESTABLISHED_REGISTRY_JOIN_FIELDS_ABSENT_FROM_THIS_CACHE	ALL_REGISTERED_ARMS_NON_COMPARATOR_TYPED_CONDITIONAL	ASSUMES_THIS_RESULTS_GROUP_IS_A_SUBSET_OF_THE_REGISTERED_ARM_SET_MEMBERSHIP_UNPROVED		LEAF_LABEL_RESOLVES_UNIQUELY	Phase 2: Alomfilimab + Atezolizumab in Anti-PD-(L)1 Naïve Participants	LEAF-OUT/LEAF-QD-group3.tsv:line 28	RETAINED_UNVERIFIED_WITH_LOCATOR		armGroups[2].description names 'Anti-PD-(L)1 naïve' and pancreatic/TNBC/HNSCC	NEWLINE_TO_SPACE;CUT_AT_400_CHARS;TSV_WRITE_NORMALISES_TAB_AND_NEWLINE;ORIGINAL_RETRIEVABLE_ONLY_VIA_leaf_claim_locator	77	NO	NO	CONFIRMED	LEAF_WITHIN_RECORD_RELATION	Phase 2: Alomfilimab + Atezolizumab in Anti-PD-(L)1 Naïve Participants	NOT_CONTROL_CONFIRMED	UNKNOWN	CHANGED_CLASS:NOT_CONTROL_ASSERTED->UNKNOWN	Anti-PD-(L)1 naïve participants with HNSCC received alomfilimab 24 mg in combination with atezolizumab 1200 mg via IV infusion Q3W. The participants continued treatment with alomfilimab in combination with atezolizumab within this clinical study, as long as they continued to derive benefit from treatment, until the participant experienced unacceptable toxicity or confirmed PD per iRECIST.	NEWLINE_TO_SPACE;CUT_AT_400_CHARS;TSV_WRITE_NORMALISES_TAB_AND_NEWLINE;ORIGINAL_RETRIEVABLE_ONLY_VIA_the cached source record	391
NCT03829501	Best Overall Response (BOR) Per RECIST 1.1	Alomfilimab 2.4 mg + Atezolizumab in Anti-PD-(L)1 Pre-treated Pancreatic Cancer	1	2018_2021	bor	4	23	ALL_ARMS_NON_CONTROL_TYPED	EXPERIMENTAL | EXPERIMENTAL | EXPERIMENTAL | EXPERIMENTAL	PROPOSED	LEAF_CLAIM_NOT_VERIFIABLE_FROM_EXACT_SOURCE_FIELDS	DELIVERED_LEAF:LEAF-QD-group3.tsv	LEAF-OUT/LEAF-QD-group3.tsv:line 24; candidate protocolSection.armsInterventionsModule.armGroups[3].label	1	3	Phase 2: Alomfilimab + Atezolizumab in Pre-treated Participants	EXPERIMENTAL									UNKNOWN_IN_THIS_CACHE	no source-field-matched arm link and no comparator wording in the group record			NOT_ESTABLISHED_REGISTRY_JOIN_FIELDS_ABSENT_FROM_THIS_CACHE	ALL_REGISTERED_ARMS_NON_COMPARATOR_TYPED_CONDITIONAL	ASSUMES_THIS_RESULTS_GROUP_IS_A_SUBSET_OF_THE_REGISTERED_ARM_SET_MEMBERSHIP_UNPROVED		LEAF_LABEL_RESOLVES_UNIQUELY	Phase 2: Alomfilimab + Atezolizumab in Pre-treated Participants	LEAF-OUT/LEAF-QD-group3.tsv:line 24	RETAINED_UNVERIFIED_WITH_LOCATOR		armGroups[3].description names 'Pre-treated' and pancreatic/TNBC/HNSCC	NEWLINE_TO_SPACE;CUT_AT_400_CHARS;TSV_WRITE_NORMALISES_TAB_AND_NEWLINE;ORIGINAL_RETRIEVABLE_ONLY_VIA_leaf_claim_locator	70	NO	NO	CONFIRMED	LEAF_WITHIN_RECORD_RELATION	Phase 2: Alomfilimab + Atezolizumab in Pre-treated Participants	NOT_CONTROL_CONFIRMED	UNKNOWN	CHANGED_CLASS:NOT_CONTROL_ASSERTED->UNKNOWN	Participants with pre-treated pancreatic cancer received alomfilimab 2.4 mg in combination with atezolizumab 1200 mg via IV infusion Q3W. The participants continued treatment with alomfilimab in combination with atezolizumab within this clinical study, as long as they continued to derive benefit from treatment, until the participant experienced unacceptable toxicity or confirmed PD per iRECIST.	NEWLINE_TO_SPACE;CUT_AT_400_CHARS;TSV_WRITE_NORMALISES_TAB_AND_NEWLINE;ORIGINAL_RETRIEVABLE_ONLY_VIA_the cached source record	397
NCT03829501	Best Overall Response (BOR) Per RECIST 1.1	Alomfilimab 8 mg + Atezolizumab in Anti-PD-(L)1 Pre-treated Pancreatic Cancer	1	2018_2021	bor	4	23	ALL_ARMS_NON_CONTROL_TYPED	EXPERIMENTAL | EXPERIMENTAL | EXPERIMENTAL | EXPERIMENTAL	PROPOSED	LEAF_CLAIM_NOT_VERIFIABLE_FROM_EXACT_SOURCE_FIELDS	DELIVERED_LEAF:LEAF-QD-group3.tsv	LEAF-OUT/LEAF-QD-group3.tsv:line 37; candidate protocolSection.armsInterventionsModule.armGroups[3].label	1	3	Phase 2: Alomfilimab + Atezolizumab in Pre-treated Participants	EXPERIMENTAL									UNKNOWN_IN_THIS_CACHE	no source-field-matched arm link and no comparator wording in the group record			NOT_ESTABLISHED_REGISTRY_JOIN_FIELDS_ABSENT_FROM_THIS_CACHE	ALL_REGISTERED_ARMS_NON_COMPARATOR_TYPED_CONDITIONAL	ASSUMES_THIS_RESULTS_GROUP_IS_A_SUBSET_OF_THE_REGISTERED_ARM_SET_MEMBERSHIP_UNPROVED		LEAF_LABEL_RESOLVES_UNIQUELY	Phase 2: Alomfilimab + Atezolizumab in Pre-treated Participants	LEAF-OUT/LEAF-QD-group3.tsv:line 37	RETAINED_UNVERIFIED_WITH_LOCATOR		armGroups[3].description names 'Pre-treated' and pancreatic/TNBC/HNSCC	NEWLINE_TO_SPACE;CUT_AT_400_CHARS;TSV_WRITE_NORMALISES_TAB_AND_NEWLINE;ORIGINAL_RETRIEVABLE_ONLY_VIA_leaf_claim_locator	70	NO	NO	CONFIRMED	LEAF_WITHIN_RECORD_RELATION	Phase 2: Alomfilimab + Atezolizumab in Pre-treated Participants	NOT_CONTROL_CONFIRMED	UNKNOWN	CHANGED_CLASS:NOT_CONTROL_ASSERTED->UNKNOWN	Participants with pre-treated pancreatic cancer received alomfilimab 8 mg in combination with atezolizumab 1200 mg via IV infusion Q3W. The participants continued treatment with alomfilimab in combination with atezolizumab within this clinical study, as long as they continued to derive benefit from treatment, until the participant experienced unacceptable toxicity or confirmed PD per iRECIST.	NEWLINE_TO_SPACE;CUT_AT_400_CHARS;TSV_WRITE_NORMALISES_TAB_AND_NEWLINE;ORIGINAL_RETRIEVABLE_ONLY_VIA_the cached source record	395
NCT03829501	Best Overall Response (BOR) Per RECIST 1.1	Alomfilimab 2.4 mg + Atezolizumab in Anti-PD-(L)1 Pre-treated Triple Negative BC	1	2018_2021	bor	4	23	ALL_ARMS_NON_CONTROL_TYPED	EXPERIMENTAL | EXPERIMENTAL | EXPERIMENTAL | EXPERIMENTAL	PROPOSED	LEAF_CLAIM_NOT_VERIFIABLE_FROM_EXACT_SOURCE_FIELDS	DELIVERED_LEAF:LEAF-QD-group3.tsv	LEAF-OUT/LEAF-QD-group3.tsv:line 25; candidate protocolSection.armsInterventionsModule.armGroups[3].label	1	3	Phase 2: Alomfilimab + Atezolizumab in Pre-treated Participants	EXPERIMENTAL									UNKNOWN_IN_THIS_CACHE	no source-field-matched arm link and no comparator wording in the group record			NOT_ESTABLISHED_REGISTRY_JOIN_FIELDS_ABSENT_FROM_THIS_CACHE	ALL_REGISTERED_ARMS_NON_COMPARATOR_TYPED_CONDITIONAL	ASSUMES_THIS_RESULTS_GROUP_IS_A_SUBSET_OF_THE_REGISTERED_ARM_SET_MEMBERSHIP_UNPROVED		LEAF_LABEL_RESOLVES_UNIQUELY	Phase 2: Alomfilimab + Atezolizumab in Pre-treated Participants	LEAF-OUT/LEAF-QD-group3.tsv:line 25	RETAINED_UNVERIFIED_WITH_LOCATOR		armGroups[3].description names 'Pre-treated' and pancreatic/TNBC/HNSCC	NEWLINE_TO_SPACE;CUT_AT_400_CHARS;TSV_WRITE_NORMALISES_TAB_AND_NEWLINE;ORIGINAL_RETRIEVABLE_ONLY_VIA_leaf_claim_locator	70	NO	NO	CONFIRMED	LEAF_WITHIN_RECORD_RELATION	Phase 2: Alomfilimab + Atezolizumab in Pre-treated Participants	NOT_CONTROL_CONFIRMED	UNKNOWN	CHANGED_CLASS:NOT_CONTROL_ASSERTED->UNKNOWN	Participants with pre-treated triple negative BC received alomfilimab 2.4 mg in combination with atezolizumab 1200 mg via IV infusion Q3W. The participants continued treatment with alomfilimab in combination with atezolizumab within this clinical study, as long as they continued to derive benefit from treatment, until the participant experienced unacceptable toxicity or confirmed PD per iRECIST.	NEWLINE_TO_SPACE;CUT_AT_400_CHARS;TSV_WRITE_NORMALISES_TAB_AND_NEWLINE;ORIGINAL_RETRIEVABLE_ONLY_VIA_the cached source record	398
NCT03829501	Best Overall Response (BOR) Per RECIST 1.1	Alomfilimab 8 mg + Atezolizumab in Anti-PD-(L)1 Pre-treated Triple Negative BC	5	2018_2021	bor	4	23	ALL_ARMS_NON_CONTROL_TYPED	EXPERIMENTAL | EXPERIMENTAL | EXPERIMENTAL | EXPERIMENTAL	PROPOSED	LEAF_CLAIM_NOT_VERIFIABLE_FROM_EXACT_SOURCE_FIELDS	DELIVERED_LEAF:LEAF-QD-group3.tsv	LEAF-OUT/LEAF-QD-group3.tsv:line 38; candidate protocolSection.armsInterventionsModule.armGroups[3].label	1	3	Phase 2: Alomfilimab + Atezolizumab in Pre-treated Participants	EXPERIMENTAL									UNKNOWN_IN_THIS_CACHE	no source-field-matched arm link and no comparator wording in the group record			NOT_ESTABLISHED_REGISTRY_JOIN_FIELDS_ABSENT_FROM_THIS_CACHE	ALL_REGISTERED_ARMS_NON_COMPARATOR_TYPED_CONDITIONAL	ASSUMES_THIS_RESULTS_GROUP_IS_A_SUBSET_OF_THE_REGISTERED_ARM_SET_MEMBERSHIP_UNPROVED		LEAF_LABEL_RESOLVES_UNIQUELY	Phase 2: Alomfilimab + Atezolizumab in Pre-treated Participants	LEAF-OUT/LEAF-QD-group3.tsv:line 38	RETAINED_UNVERIFIED_WITH_LOCATOR		armGroups[3].description names 'Pre-treated' and pancreatic/TNBC/HNSCC	NEWLINE_TO_SPACE;CUT_AT_400_CHARS;TSV_WRITE_NORMALISES_TAB_AND_NEWLINE;ORIGINAL_RETRIEVABLE_ONLY_VIA_leaf_claim_locator	70	NO	NO	CONFIRMED	LEAF_WITHIN_RECORD_RELATION	Phase 2: Alomfilimab + Atezolizumab in Pre-treated Participants	NOT_CONTROL_CONFIRMED	UNKNOWN	CHANGED_CLASS:NOT_CONTROL_ASSERTED->UNKNOWN	Participants with pre-treated triple negative BC received alomfilimab 8 mg in combination with atezolizumab 1200 mg via IV infusion Q3W. The participants continued treatment with alomfilimab in combination with atezolizumab within this clinical study, as long as they continued to derive benefit from treatment, until the participant experienced unacceptable toxicity or confirmed PD per iRECIST.	NEWLINE_TO_SPACE;CUT_AT_400_CHARS;TSV_WRITE_NORMALISES_TAB_AND_NEWLINE;ORIGINAL_RETRIEVABLE_ONLY_VIA_the cached source record	396
NCT03829501	Best Overall Response (BOR) Per RECIST 1.1	Alomfilimab 8 mg + Atezolizumab in Anti-PD-(L)1 Pre-treated HNSCC	3	2018_2021	bor	4	23	ALL_ARMS_NON_CONTROL_TYPED	EXPERIMENTAL | EXPERIMENTAL | EXPERIMENTAL | EXPERIMENTAL	PROPOSED	LEAF_CLAIM_NOT_VERIFIABLE_FROM_EXACT_SOURCE_FIELDS	DELIVERED_LEAF:LEAF-QD-group3.tsv	LEAF-OUT/LEAF-QD-group3.tsv:line 36; candidate protocolSection.armsInterventionsModule.armGroups[3].label	1	3	Phase 2: Alomfilimab + Atezolizumab in Pre-treated Participants	EXPERIMENTAL									UNKNOWN_IN_THIS_CACHE	no source-field-matched arm link and no comparator wording in the group record			NOT_ESTABLISHED_REGISTRY_JOIN_FIELDS_ABSENT_FROM_THIS_CACHE	ALL_REGISTERED_ARMS_NON_COMPARATOR_TYPED_CONDITIONAL	ASSUMES_THIS_RESULTS_GROUP_IS_A_SUBSET_OF_THE_REGISTERED_ARM_SET_MEMBERSHIP_UNPROVED		LEAF_LABEL_RESOLVES_UNIQUELY	Phase 2: Alomfilimab + Atezolizumab in Pre-treated Participants	LEAF-OUT/LEAF-QD-group3.tsv:line 36	RETAINED_UNVERIFIED_WITH_LOCATOR		armGroups[3].description names 'Pre-treated' and pancreatic/TNBC/HNSCC	NEWLINE_TO_SPACE;CUT_AT_400_CHARS;TSV_WRITE_NORMALISES_TAB_AND_NEWLINE;ORIGINAL_RETRIEVABLE_ONLY_VIA_leaf_claim_locator	70	NO	NO	CONFIRMED	LEAF_WITHIN_RECORD_RELATION	Phase 2: Alomfilimab + Atezolizumab in Pre-treated Participants	NOT_CONTROL_CONFIRMED	UNKNOWN	CHANGED_CLASS:NOT_CONTROL_ASSERTED->UNKNOWN	Participants with pre-treated HNSCC received alomfilimab 8 mg in combination with atezolizumab 1200 mg via IV infusion Q3W. The participants continued treatment with alomfilimab in combination with atezolizumab within this clinical study, as long as they continued to derive benefit from treatment, until the participant experienced unacceptable toxicity or confirmed PD per iRECIST.	NEWLINE_TO_SPACE;CUT_AT_400_CHARS;TSV_WRITE_NORMALISES_TAB_AND_NEWLINE;ORIGINAL_RETRIEVABLE_ONLY_VIA_the cached source record	383
NCT03829501	Best Overall Response (BOR) Per RECIST 1.1	Alomfilimab 24 mg + Atezolizumab in Anti-PD-(L)1 Pre-treated HNSCC	7	2018_2021	bor	4	23	ALL_ARMS_NON_CONTROL_TYPED	EXPERIMENTAL | EXPERIMENTAL | EXPERIMENTAL | EXPERIMENTAL	PROPOSED	LEAF_CLAIM_NOT_VERIFIABLE_FROM_EXACT_SOURCE_FIELDS	DELIVERED_LEAF:LEAF-QD-group3.tsv	LEAF-OUT/LEAF-QD-group3.tsv:line 29; candidate protocolSection.armsInterventionsModule.armGroups[3].label	1	3	Phase 2: Alomfilimab + Atezolizumab in Pre-treated Participants	EXPERIMENTAL									UNKNOWN_IN_THIS_CACHE	no source-field-matched arm link and no comparator wording in the group record			NOT_ESTABLISHED_REGISTRY_JOIN_FIELDS_ABSENT_FROM_THIS_CACHE	ALL_REGISTERED_ARMS_NON_COMPARATOR_TYPED_CONDITIONAL	ASSUMES_THIS_RESULTS_GROUP_IS_A_SUBSET_OF_THE_REGISTERED_ARM_SET_MEMBERSHIP_UNPROVED		LEAF_LABEL_RESOLVES_UNIQUELY	Phase 2: Alomfilimab + Atezolizumab in Pre-treated Participants	LEAF-OUT/LEAF-QD-group3.tsv:line 29	RETAINED_UNVERIFIED_WITH_LOCATOR		armGroups[3].description names 'Pre-treated' and pancreatic/TNBC/HNSCC	NEWLINE_TO_SPACE;CUT_AT_400_CHARS;TSV_WRITE_NORMALISES_TAB_AND_NEWLINE;ORIGINAL_RETRIEVABLE_ONLY_VIA_leaf_claim_locator	70	NO	NO	CONFIRMED	LEAF_WITHIN_RECORD_RELATION	Phase 2: Alomfilimab + Atezolizumab in Pre-treated Participants	NOT_CONTROL_CONFIRMED	UNKNOWN	CHANGED_CLASS:NOT_CONTROL_ASSERTED->UNKNOWN	Participants with pre-treated HNSCC received alomfilimab 24 mg in combination with atezolizumab 1200 mg via IV infusion Q3W. The participants continued treatment with alomfilimab in combination with atezolizumab within this clinical study, as long as they continued to derive benefit from treatment, until the participant experienced unacceptable toxicity or confirmed PD per iRECIST.	NEWLINE_TO_SPACE;CUT_AT_400_CHARS;TSV_WRITE_NORMALISES_TAB_AND_NEWLINE;ORIGINAL_RETRIEVABLE_ONLY_VIA_the cached source record	384
NCT04753658	Number of Participants With Best Overall Response Based on HCP Reported Objective Response	Lorlatinib	14	2018_2021	bor	1	1	ARM_TYPE_ABSENT_IN_THIS_CACHE		PROPOSED	LEAF_CLAIM_NOT_VERIFIABLE_FROM_EXACT_SOURCE_FIELDS	DELIVERED_LEAF:LEAF-QD-group3.tsv	LEAF-OUT/LEAF-QD-group3.tsv:line 75; candidate protocolSection.armsInterventionsModule.armGroups[0].label	1	0	Pediatric Neuroblastoma Patients Treated with Lorlatinib	ARM_TYPE_ABSENT_IN_THIS_CACHE									UNKNOWN_IN_THIS_CACHE	no source-field-matched arm link and no comparator wording in the group record			NOT_ESTABLISHED_REGISTRY_JOIN_FIELDS_ABSENT_FROM_THIS_CACHE	ARM_TYPE_ABSENT_IN_THIS_CACHE			LEAF_LABEL_RESOLVES_UNIQUELY	Pediatric Neuroblastoma Patients Treated with Lorlatinib	LEAF-OUT/LEAF-QD-group3.tsv:line 75	RETAINED_UNVERIFIED_WITH_LOCATOR		sole registered arm; armGroups[0].interventionNames ['Drug: lorlatinib'] matches the group title and description	NEWLINE_TO_SPACE;CUT_AT_400_CHARS;TSV_WRITE_NORMALISES_TAB_AND_NEWLINE;ORIGINAL_RETRIEVABLE_ONLY_VIA_leaf_claim_locator	112	NO	NO	CONFIRMED	LEAF_WITHIN_RECORD_RELATION	Pediatric Neuroblastoma Patients Treated with Lorlatinib	UNKNOWN_IN_THIS_CACHE	UNKNOWN_WEAK_MATCH_ONLY	UNCHANGED_CLASS:UNKNOWN	Participants with ALK-aberrant neuroblastoma who initiated treatment with lorlatinib as part of an expanded access program were included. Data was collected on a continual basis until discontinuation of treatment with lorlatinib, death, loss to follow-up or end of study, whichever occurred first.	NEWLINE_TO_SPACE;CUT_AT_400_CHARS;TSV_WRITE_NORMALISES_TAB_AND_NEWLINE;ORIGINAL_RETRIEVABLE_ONLY_VIA_the cached source record	297
NCT03455829	Best Overall Tumor Response	Part 1: Cohort 1 Lerociclib at 200 mg QD	5	2018_2021	bor	5	5	ALL_ARMS_NON_CONTROL_TYPED	EXPERIMENTAL | EXPERIMENTAL | EXPERIMENTAL | EXPERIMENTAL | EXPERIMENTAL	PROPOSED	LEAF_CLAIM_NOT_VERIFIABLE_FROM_EXACT_SOURCE_FIELDS	DELIVERED_LEAF:LEAF-QD-group2.tsv	LEAF-OUT/LEAF-QD-group2.tsv:line 132; candidate protocolSection.armsInterventionsModule.armGroups[0].label	1	0	Part 1: Cohort 1 G1T38 + Osimertinib	EXPERIMENTAL									UNKNOWN_IN_THIS_CACHE	no source-field-matched arm link and no comparator wording in the group record			NOT_ESTABLISHED_REGISTRY_JOIN_FIELDS_ABSENT_FROM_THIS_CACHE	ALL_REGISTERED_ARMS_NON_COMPARATOR_TYPED_CONDITIONAL	ASSUMES_THIS_RESULTS_GROUP_IS_A_SUBSET_OF_THE_REGISTERED_ARM_SET_MEMBERSHIP_UNPROVED		LEAF_LABEL_RESOLVES_UNIQUELY	Part 1: Cohort 1 G1T38 + Osimertinib	LEAF-OUT/LEAF-QD-group2.tsv:line 132	RETAINED_UNVERIFIED_WITH_LOCATOR		armGroups[].label 'Part 1: Cohort N G1T38 + Osimertinib' matched on the shared 'Part 1: Cohort N' prefix; corroborated by the group description naming G1T38/lerociclib + osimertinib, matching armGroups[].interventionNames ['Drug: G1T38','Drug: Osimertinib']	NEWLINE_TO_SPACE;CUT_AT_400_CHARS;TSV_WRITE_NORMALISES_TAB_AND_NEWLINE;ORIGINAL_RETRIEVABLE_ONLY_VIA_leaf_claim_locator	257	NO	NO	CONFIRMED	LEAF_WITHIN_RECORD_RELATION	Part 1: Cohort 1 G1T38 + Osimertinib	NOT_CONTROL_CONFIRMED	UNKNOWN	CHANGED_CLASS:NOT_CONTROL_ASSERTED->UNKNOWN	Part 1: G1T38/Lerociclib at 200 mg once daily (QD) orally + Osimertinib 80 mg once daily (QD) orally	NEWLINE_TO_SPACE;CUT_AT_400_CHARS;TSV_WRITE_NORMALISES_TAB_AND_NEWLINE;ORIGINAL_RETRIEVABLE_ONLY_VIA_the cached source record	100
NCT03455829	Best Overall Tumor Response	Part 1: Cohort 2 Lerociclib at 300 mg QD	6	2018_2021	bor	5	5	ALL_ARMS_NON_CONTROL_TYPED	EXPERIMENTAL | EXPERIMENTAL | EXPERIMENTAL | EXPERIMENTAL | EXPERIMENTAL	PROPOSED	LEAF_CLAIM_NOT_VERIFIABLE_FROM_EXACT_SOURCE_FIELDS	DELIVERED_LEAF:LEAF-QD-group2.tsv	LEAF-OUT/LEAF-QD-group2.tsv:line 133; candidate protocolSection.armsInterventionsModule.armGroups[1].label	1	1	Part 1: Cohort 2 G1T38 + Osimertinib	EXPERIMENTAL									UNKNOWN_IN_THIS_CACHE	no source-field-matched arm link and no comparator wording in the group record			NOT_ESTABLISHED_REGISTRY_JOIN_FIELDS_ABSENT_FROM_THIS_CACHE	ALL_REGISTERED_ARMS_NON_COMPARATOR_TYPED_CONDITIONAL	ASSUMES_THIS_RESULTS_GROUP_IS_A_SUBSET_OF_THE_REGISTERED_ARM_SET_MEMBERSHIP_UNPROVED		LEAF_LABEL_RESOLVES_UNIQUELY	Part 1: Cohort 2 G1T38 + Osimertinib	LEAF-OUT/LEAF-QD-group2.tsv:line 133	RETAINED_UNVERIFIED_WITH_LOCATOR		armGroups[].label 'Part 1: Cohort N G1T38 + Osimertinib' matched on the shared 'Part 1: Cohort N' prefix; corroborated by the group description naming G1T38/lerociclib + osimertinib, matching armGroups[].interventionNames ['Drug: G1T38','Drug: Osimertinib']	NEWLINE_TO_SPACE;CUT_AT_400_CHARS;TSV_WRITE_NORMALISES_TAB_AND_NEWLINE;ORIGINAL_RETRIEVABLE_ONLY_VIA_leaf_claim_locator	257	NO	NO	CONFIRMED	LEAF_WITHIN_RECORD_RELATION	Part 1: Cohort 2 G1T38 + Osimertinib	NOT_CONTROL_CONFIRMED	UNKNOWN	CHANGED_CLASS:NOT_CONTROL_ASSERTED->UNKNOWN	Part 1: G1T38/Lerociclib at 300 mg once daily (QD) orally + Osimertinib 80 mg once daily (QD) orally	NEWLINE_TO_SPACE;CUT_AT_400_CHARS;TSV_WRITE_NORMALISES_TAB_AND_NEWLINE;ORIGINAL_RETRIEVABLE_ONLY_VIA_the cached source record	100
NCT03455829	Best Overall Tumor Response	Part 1: Cohort 3 Lerociclib at 400 mg QD	4	2018_2021	bor	5	5	ALL_ARMS_NON_CONTROL_TYPED	EXPERIMENTAL | EXPERIMENTAL | EXPERIMENTAL | EXPERIMENTAL | EXPERIMENTAL	PROPOSED	LEAF_CLAIM_NOT_VERIFIABLE_FROM_EXACT_SOURCE_FIELDS	DELIVERED_LEAF:LEAF-QD-group2.tsv	LEAF-OUT/LEAF-QD-group2.tsv:line 134; candidate protocolSection.armsInterventionsModule.armGroups[2].label	1	2	Part 1: Cohort 3 G1T38 + Osimertinib	EXPERIMENTAL									UNKNOWN_IN_THIS_CACHE	no source-field-matched arm link and no comparator wording in the group record			NOT_ESTABLISHED_REGISTRY_JOIN_FIELDS_ABSENT_FROM_THIS_CACHE	ALL_REGISTERED_ARMS_NON_COMPARATOR_TYPED_CONDITIONAL	ASSUMES_THIS_RESULTS_GROUP_IS_A_SUBSET_OF_THE_REGISTERED_ARM_SET_MEMBERSHIP_UNPROVED		LEAF_LABEL_RESOLVES_UNIQUELY	Part 1: Cohort 3 G1T38 + Osimertinib	LEAF-OUT/LEAF-QD-group2.tsv:line 134	RETAINED_UNVERIFIED_WITH_LOCATOR		armGroups[].label 'Part 1: Cohort N G1T38 + Osimertinib' matched on the shared 'Part 1: Cohort N' prefix; corroborated by the group description naming G1T38/lerociclib + osimertinib, matching armGroups[].interventionNames ['Drug: G1T38','Drug: Osimertinib']	NEWLINE_TO_SPACE;CUT_AT_400_CHARS;TSV_WRITE_NORMALISES_TAB_AND_NEWLINE;ORIGINAL_RETRIEVABLE_ONLY_VIA_leaf_claim_locator	257	NO	NO	CONFIRMED	LEAF_WITHIN_RECORD_RELATION	Part 1: Cohort 3 G1T38 + Osimertinib	NOT_CONTROL_CONFIRMED	UNKNOWN	CHANGED_CLASS:NOT_CONTROL_ASSERTED->UNKNOWN	Part 1: G1T38/Lerociclib at 400 mg once daily (QD) orally + Osimertinib 80 mg once daily (QD) orally	NEWLINE_TO_SPACE;CUT_AT_400_CHARS;TSV_WRITE_NORMALISES_TAB_AND_NEWLINE;ORIGINAL_RETRIEVABLE_ONLY_VIA_the cached source record	100
NCT03455829	Best Overall Tumor Response	Part 1: Cohort 4 Lerociclib at 150 mg BID	6	2018_2021	bor	5	5	ALL_ARMS_NON_CONTROL_TYPED	EXPERIMENTAL | EXPERIMENTAL | EXPERIMENTAL | EXPERIMENTAL | EXPERIMENTAL	PROPOSED	LEAF_CLAIM_NOT_VERIFIABLE_FROM_EXACT_SOURCE_FIELDS	DELIVERED_LEAF:LEAF-QD-group2.tsv	LEAF-OUT/LEAF-QD-group2.tsv:line 135; candidate protocolSection.armsInterventionsModule.armGroups[3].label	1	3	Part 1: Cohort 4 G1T38 + Osimertinib	EXPERIMENTAL									UNKNOWN_IN_THIS_CACHE	no source-field-matched arm link and no comparator wording in the group record			NOT_ESTABLISHED_REGISTRY_JOIN_FIELDS_ABSENT_FROM_THIS_CACHE	ALL_REGISTERED_ARMS_NON_COMPARATOR_TYPED_CONDITIONAL	ASSUMES_THIS_RESULTS_GROUP_IS_A_SUBSET_OF_THE_REGISTERED_ARM_SET_MEMBERSHIP_UNPROVED		LEAF_LABEL_RESOLVES_UNIQUELY	Part 1: Cohort 4 G1T38 + Osimertinib	LEAF-OUT/LEAF-QD-group2.tsv:line 135	RETAINED_UNVERIFIED_WITH_LOCATOR		armGroups[].label 'Part 1: Cohort N G1T38 + Osimertinib' matched on the shared 'Part 1: Cohort N' prefix; corroborated by the group description naming G1T38/lerociclib + osimertinib, matching armGroups[].interventionNames ['Drug: G1T38','Drug: Osimertinib']	NEWLINE_TO_SPACE;CUT_AT_400_CHARS;TSV_WRITE_NORMALISES_TAB_AND_NEWLINE;ORIGINAL_RETRIEVABLE_ONLY_VIA_leaf_claim_locator	257	NO	NO	CONFIRMED	LEAF_WITHIN_RECORD_RELATION	Part 1: Cohort 4 G1T38 + Osimertinib	NOT_CONTROL_CONFIRMED	UNKNOWN	CHANGED_CLASS:NOT_CONTROL_ASSERTED->UNKNOWN	Part 1: G1T38/Lerociclib at 150 mg twice daily (BID) orally + Osimertinib 80 mg once daily (QD) orally	NEWLINE_TO_SPACE;CUT_AT_400_CHARS;TSV_WRITE_NORMALISES_TAB_AND_NEWLINE;ORIGINAL_RETRIEVABLE_ONLY_VIA_the cached source record	102
NCT03455829	Best Overall Tumor Response	Part 1: Cohort 5 Lerociclib at 200 mg BID	4	2018_2021	bor	5	5	ALL_ARMS_NON_CONTROL_TYPED	EXPERIMENTAL | EXPERIMENTAL | EXPERIMENTAL | EXPERIMENTAL | EXPERIMENTAL	PROPOSED	LEAF_CLAIM_NOT_VERIFIABLE_FROM_EXACT_SOURCE_FIELDS	DELIVERED_LEAF:LEAF-QD-group2.tsv	LEAF-OUT/LEAF-QD-group2.tsv:line 136; candidate protocolSection.armsInterventionsModule.armGroups[4].label	1	4	Part 1: Cohort 5 G1T38 + Osimertinib	EXPERIMENTAL									UNKNOWN_IN_THIS_CACHE	no source-field-matched arm link and no comparator wording in the group record			NOT_ESTABLISHED_REGISTRY_JOIN_FIELDS_ABSENT_FROM_THIS_CACHE	ALL_REGISTERED_ARMS_NON_COMPARATOR_TYPED_CONDITIONAL	ASSUMES_THIS_RESULTS_GROUP_IS_A_SUBSET_OF_THE_REGISTERED_ARM_SET_MEMBERSHIP_UNPROVED		LEAF_LABEL_RESOLVES_UNIQUELY	Part 1: Cohort 5 G1T38 + Osimertinib	LEAF-OUT/LEAF-QD-group2.tsv:line 136	RETAINED_UNVERIFIED_WITH_LOCATOR		armGroups[].label 'Part 1: Cohort N G1T38 + Osimertinib' matched on the shared 'Part 1: Cohort N' prefix; corroborated by the group description naming G1T38/lerociclib + osimertinib, matching armGroups[].interventionNames ['Drug: G1T38','Drug: Osimertinib']	NEWLINE_TO_SPACE;CUT_AT_400_CHARS;TSV_WRITE_NORMALISES_TAB_AND_NEWLINE;ORIGINAL_RETRIEVABLE_ONLY_VIA_leaf_claim_locator	257	NO	NO	CONFIRMED	LEAF_WITHIN_RECORD_RELATION	Part 1: Cohort 5 G1T38 + Osimertinib	NOT_CONTROL_CONFIRMED	UNKNOWN	CHANGED_CLASS:NOT_CONTROL_ASSERTED->UNKNOWN	Part 1: G1T38/Lerociclib at 200 mg twice daily (BID) orally + Osimertinib 80 mg once daily (QD) orally	NEWLINE_TO_SPACE;CUT_AT_400_CHARS;TSV_WRITE_NORMALISES_TAB_AND_NEWLINE;ORIGINAL_RETRIEVABLE_ONLY_VIA_the cached source record	102
NCT04329949	Best Overall Response (BOR)	Relacorilant With Nab-paclitaxel	30	2018_2021	bor	1	1	ALL_ARMS_NON_CONTROL_TYPED	EXPERIMENTAL	LABEL_MATCH	LABEL_FIELD_MATCH_ONLY:LABEL_CASE_WS_FOLD	SOURCE_RECORD	protocolSection.armsInterventionsModule.armGroups[0].label	1	0	Relacorilant with nab-paclitaxel	EXPERIMENTAL	0	Relacorilant with nab-paclitaxel	EXPERIMENTAL						NOT_ESTABLISHED_IN_THIS_CACHE	bound arm 0 registered type EXPERIMENTAL (verbatim). A registered type of EXPERIMENTAL/OTHER is not evidence that this group had no comparator role; no comparator evidence exists in this cache either way			NOT_ESTABLISHED_REGISTRY_JOIN_FIELDS_ABSENT_FROM_THIS_CACHE	BOUND_ARM_REGISTERED_TYPE_IS_EXPERIMENTAL	ASSUMES_LABEL_FIELD_CORRESPONDENCE_IS_ARM_IDENTITY_UNPROVED		NO_LEAF									NO	CONFIRMED	LABEL_CASE_AND_WHITESPACE_ONLY	Relacorilant with nab-paclitaxel	NOT_CONTROL_CONFIRMED	NOT_CONTROL	CHANGED_CLASS:NOT_CONTROL_ASSERTED->NOT_ESTABLISHED	Patients were treated with relacorilant, administered orally, once daily in combination with nab-paclitaxel on Days 1, 8, and 15 of each 28-day cycle.  Relacorilant, 100 mg and 25 mg: Relacorilant was supplied as capsules for oral dosing.  Nab-paclitaxel: Nab-paclitaxel was administered as IV infusion over 30 minutes on Days 1, 8, and 15 of each 28-day cycle.	NEWLINE_TO_SPACE;CUT_AT_400_CHARS;TSV_WRITE_NORMALISES_TAB_AND_NEWLINE;ORIGINAL_RETRIEVABLE_ONLY_VIA_the cached source record	361
NCT03965689	Number of Participants With an Overall Response	Treatment (Paclitaxel, Carboplatin, Pevonedistat)	23	2018_2021	bor	1	1	ALL_ARMS_NON_CONTROL_TYPED	EXPERIMENTAL	SOURCE_FIELD_MATCH	TWO_AGREEING_FIELD_MATCHES:LABEL_CASE_WS_FOLD+DESC_BYTE_EXACT	SOURCE_RECORD	protocolSection.armsInterventionsModule.armGroups[0].label and protocolSection.armsInterventionsModule.armGroups[0].description	1	0	Treatment (paclitaxel, carboplatin, pevonedistat)	EXPERIMENTAL	0	Treatment (paclitaxel, carboplatin, pevonedistat)	EXPERIMENTAL						NOT_ESTABLISHED_IN_THIS_CACHE	bound arm 0 registered type EXPERIMENTAL (verbatim). A registered type of EXPERIMENTAL/OTHER is not evidence that this group had no comparator role; no comparator evidence exists in this cache either way			NOT_ESTABLISHED_REGISTRY_JOIN_FIELDS_ABSENT_FROM_THIS_CACHE	BOUND_ARM_REGISTERED_TYPE_IS_EXPERIMENTAL	ASSUMES_TWO_AGREEING_SOURCE_FIELD_MATCHES_ARE_ARM_IDENTITY_UNPROVED		NO_LEAF									NO	CONFIRMED	LABEL_CASE_AND_WHITESPACE_ONLY	Treatment (paclitaxel, carboplatin, pevonedistat)	NOT_CONTROL_CONFIRMED	NOT_CONTROL	CHANGED_CLASS:NOT_CONTROL_ASSERTED->NOT_ESTABLISHED	Patients receive paclitaxel IV over 3 hours on day 1, carboplatin IV over 30-60 minutes on day 1, and pevonedistat IV over 1 hour on days 1, 3, and 5. Treatment repeats every 21 days for at least 4 cycles in the absence of disease progression or unacceptable toxicity.	NEWLINE_TO_SPACE;CUT_AT_400_CHARS;TSV_WRITE_NORMALISES_TAB_AND_NEWLINE;ORIGINAL_RETRIEVABLE_ONLY_VIA_the cached source record	268
NCT03451825	Number of Participants With Confirmed Best Overall Response (BOR) as Per Response Evaluation Criteria in Solid Tumors (RECIST Version 1.1) and as Adjudicated by the Investigator	Avelumab 10 Miligram Per Kilogram (mg/kg)	5	2018_2021	bor	2	2	ALL_ARMS_NON_CONTROL_TYPED	EXPERIMENTAL | EXPERIMENTAL	UNKNOWN_IN_THIS_CACHE	NO_EXACT_SOURCE_RELATION_IN_THIS_CACHE	SOURCE_RECORD	protocolSection.armsInterventionsModule.armGroups[*].label/.description compared to groups[*].title/.description; no equality holds	0												UNKNOWN_IN_THIS_CACHE	no source-field-matched arm link and no comparator wording in the group record			NOT_ESTABLISHED_REGISTRY_JOIN_FIELDS_ABSENT_FROM_THIS_CACHE	ALL_REGISTERED_ARMS_NON_COMPARATOR_TYPED_CONDITIONAL	ASSUMES_THIS_RESULTS_GROUP_IS_A_SUBSET_OF_THE_REGISTERED_ARM_SET_MEMBERSHIP_UNPROVED		NO_LEAF									NO	UNKNOWN_IN_THIS_CACHE	NO_LABEL_RELATION_IN_THIS_CACHE		UNKNOWN_IN_THIS_CACHE	NOT_CONTROL	UNCHANGED_CLASS:UNKNOWN	Participants received an intravenous infusion of avelumab 10mg/kg intervention (IV) once every 2 weeks until confirmed progression, death, unacceptable toxicity, or any criterion for withdrawal occurred.	NEWLINE_TO_SPACE;CUT_AT_400_CHARS;TSV_WRITE_NORMALISES_TAB_AND_NEWLINE;ORIGINAL_RETRIEVABLE_ONLY_VIA_the cached source record	203
NCT03451825	Number of Participants With Confirmed Best Overall Response (BOR) as Per Response Evaluation Criteria in Solid Tumors (RECIST Version 1.1) and as Adjudicated by the Investigator	Avelumab 20 mg/kg	13	2018_2021	bor	2	2	ALL_ARMS_NON_CONTROL_TYPED	EXPERIMENTAL | EXPERIMENTAL	LABEL_MATCH	LABEL_FIELD_MATCH_ONLY:LABEL_CASE_WS_FOLD	SOURCE_RECORD	protocolSection.armsInterventionsModule.armGroups[1].label	1	1	Avelumab 20mg/kg	EXPERIMENTAL	1	Avelumab 20mg/kg	EXPERIMENTAL						NOT_ESTABLISHED_IN_THIS_CACHE	bound arm 1 registered type EXPERIMENTAL (verbatim). A registered type of EXPERIMENTAL/OTHER is not evidence that this group had no comparator role; no comparator evidence exists in this cache either way			NOT_ESTABLISHED_REGISTRY_JOIN_FIELDS_ABSENT_FROM_THIS_CACHE	BOUND_ARM_REGISTERED_TYPE_IS_EXPERIMENTAL	ASSUMES_LABEL_FIELD_CORRESPONDENCE_IS_ARM_IDENTITY_UNPROVED		LEAF_LABEL_RESOLVES_UNIQUELY	Avelumab 20mg/kg	LEAF-OUT/LEAF-QD-group2.tsv:line 131	LEAF_CLAIM_AGREES_WITH_SOURCE_RELATION		armGroups[1].label 'Avelumab 20mg/kg' differs from the group title 'Avelumab 20 mg/kg' by one space only; corroborated by complement (the sibling group matched armGroups[0] NORMALIZED in Job 3's own map) and by the group description dose	NEWLINE_TO_SPACE;CUT_AT_400_CHARS;TSV_WRITE_NORMALISES_TAB_AND_NEWLINE;ORIGINAL_RETRIEVABLE_ONLY_VIA_leaf_claim_locator	237	NO	NO	CONFIRMED	LABEL_CASE_AND_WHITESPACE_ONLY	Avelumab 20mg/kg	NOT_CONTROL_CONFIRMED	UNKNOWN	CHANGED_CLASS:NOT_CONTROL_ASSERTED->NOT_ESTABLISHED	Participants received an intravenous infusion of avelumab 20 mg/kg IV once every 2 weeks until confirmed progression, death, unacceptable toxicity, or any criterion for withdrawal occurred.	NEWLINE_TO_SPACE;CUT_AT_400_CHARS;TSV_WRITE_NORMALISES_TAB_AND_NEWLINE;ORIGINAL_RETRIEVABLE_ONLY_VIA_the cached source record	189
NCT03711188	Best Overall Response (BOR) Using RECIST 1.1	Cohort A	11	2018_2021	bor	1	2	ALL_ARMS_NON_CONTROL_TYPED	EXPERIMENTAL	PROPOSED	LEAF_CLAIM_NOT_VERIFIABLE_FROM_EXACT_SOURCE_FIELDS	DELIVERED_LEAF:LEAF-QD-group3.tsv	LEAF-OUT/LEAF-QD-group3.tsv:line 5; candidate protocolSection.armsInterventionsModule.armGroups[0].label	1	0	IMM-101 (and nivolumab or ipilimumab)	EXPERIMENTAL									UNKNOWN_IN_THIS_CACHE	no source-field-matched arm link and no comparator wording in the group record			NOT_ESTABLISHED_REGISTRY_JOIN_FIELDS_ABSENT_FROM_THIS_CACHE	ALL_REGISTERED_ARMS_NON_COMPARATOR_TYPED_CONDITIONAL	ASSUMES_THIS_RESULTS_GROUP_IS_A_SUBSET_OF_THE_REGISTERED_ARM_SET_MEMBERSHIP_UNPROVED		LEAF_LABEL_RESOLVES_UNIQUELY	IMM-101 (and nivolumab or ipilimumab)	LEAF-OUT/LEAF-QD-group3.tsv:line 5	RETAINED_UNVERIFIED_WITH_LOCATOR		armGroups[0].description (names 'cohort A' and 'cohort B' verbatim); sole registered arm	NEWLINE_TO_SPACE;CUT_AT_400_CHARS;TSV_WRITE_NORMALISES_TAB_AND_NEWLINE;ORIGINAL_RETRIEVABLE_ONLY_VIA_leaf_claim_locator	88	NO	YES	CONFIRMED	LEAF_WITHIN_RECORD_RELATION	IMM-101 (and nivolumab or ipilimumab)	NOT_CONTROL_CONFIRMED	NOT_CONTROL_SINGLE_ARM_TRIAL	CHANGED_CLASS:NOT_CONTROL_ASSERTED->UNKNOWN	Patients in cohort A were treatment-naive and were required to have had a tumour sample (archived tissue in the last 3 months or newly obtained biopsy) that was adequate for PD-L1 assessment prior to enrolment.  These 11 patients received IMM-101 in addition to Nivolumab.	NEWLINE_TO_SPACE;CUT_AT_400_CHARS;TSV_WRITE_NORMALISES_TAB_AND_NEWLINE;ORIGINAL_RETRIEVABLE_ONLY_VIA_the cached source record	272
NCT03711188	Best Overall Response (BOR) Using RECIST 1.1	Cohort B	5	2018_2021	bor	1	2	ALL_ARMS_NON_CONTROL_TYPED	EXPERIMENTAL	PROPOSED	LEAF_CLAIM_NOT_VERIFIABLE_FROM_EXACT_SOURCE_FIELDS	DELIVERED_LEAF:LEAF-QD-group3.tsv	LEAF-OUT/LEAF-QD-group3.tsv:line 6; candidate protocolSection.armsInterventionsModule.armGroups[0].label	1	0	IMM-101 (and nivolumab or ipilimumab)	EXPERIMENTAL									UNKNOWN_IN_THIS_CACHE	no source-field-matched arm link and no comparator wording in the group record			NOT_ESTABLISHED_REGISTRY_JOIN_FIELDS_ABSENT_FROM_THIS_CACHE	ALL_REGISTERED_ARMS_NON_COMPARATOR_TYPED_CONDITIONAL	ASSUMES_THIS_RESULTS_GROUP_IS_A_SUBSET_OF_THE_REGISTERED_ARM_SET_MEMBERSHIP_UNPROVED		LEAF_LABEL_RESOLVES_UNIQUELY	IMM-101 (and nivolumab or ipilimumab)	LEAF-OUT/LEAF-QD-group3.tsv:line 6	RETAINED_UNVERIFIED_WITH_LOCATOR		armGroups[0].description (names 'cohort A' and 'cohort B' verbatim); sole registered arm	NEWLINE_TO_SPACE;CUT_AT_400_CHARS;TSV_WRITE_NORMALISES_TAB_AND_NEWLINE;ORIGINAL_RETRIEVABLE_ONLY_VIA_leaf_claim_locator	88	NO	YES	CONFIRMED	LEAF_WITHIN_RECORD_RELATION	IMM-101 (and nivolumab or ipilimumab)	NOT_CONTROL_CONFIRMED	NOT_CONTROL_SINGLE_ARM_TRIAL	CHANGED_CLASS:NOT_CONTROL_ASSERTED->UNKNOWN	Patients in cohort B were either currently on (or had previously received) treatment with an anti-PD-1 therapy (monotherapy or in combination) for advanced melanoma and had progressive disease by RECIST 1.1 after at least 3 doses of anti-PD-1 given as monotherapy or at least 2 doses of anti-PD-1 given in combination regimes and had not received any therapy since for advanced melanoma.	NEWLINE_TO_SPACE;CUT_AT_400_CHARS;TSV_WRITE_NORMALISES_TAB_AND_NEWLINE;ORIGINAL_RETRIEVABLE_ONLY_VIA_the cached source record	387
NCT04099888	Best Overall Response (BOR)	PCI Treatment in Conjunction With Standard of Care (SoC)	19	2018_2021	bor	2	2	MIXED_ARM_TYPES	EXPERIMENTAL | ACTIVE_COMPARATOR	LABEL_MATCH	LABEL_FIELD_MATCH_ONLY:LABEL_CASE_WS_FOLD	SOURCE_RECORD	protocolSection.armsInterventionsModule.armGroups[0].label	1	0	PCI treatment in conjunction with Standard of Care (SoC)	EXPERIMENTAL	0	PCI treatment in conjunction with Standard of Care (SoC)	EXPERIMENTAL						NOT_ESTABLISHED_IN_THIS_CACHE	bound arm 0 registered type EXPERIMENTAL (verbatim). A registered type of EXPERIMENTAL/OTHER is not evidence that this group had no comparator role; no comparator evidence exists in this cache either way			NOT_ESTABLISHED_REGISTRY_JOIN_FIELDS_ABSENT_FROM_THIS_CACHE	BOUND_ARM_REGISTERED_TYPE_IS_EXPERIMENTAL	ASSUMES_LABEL_FIELD_CORRESPONDENCE_IS_ARM_IDENTITY_UNPROVED		NO_LEAF									NO	CONFIRMED	LABEL_CASE_AND_WHITESPACE_ONLY	PCI treatment in conjunction with Standard of Care (SoC)	NOT_CONTROL_CONFIRMED	NOT_CONTROL	CHANGED_CLASS:NOT_CONTROL_ASSERTED->NOT_ESTABLISHED	Arm A: Fimaporfin-induced photochemical internalisation (PCI) of gemcitabine complemented by gemcitabine/cisplatin chemotherapy  Fimaporfin and Gemcitabine: PCI treatment consists of IV administration of Amphinex solution for injection (investigational product) at 0.22 mg/kg dose of fimaporfin, followed 4 days later by a standard dose of gemcitabine infusion (1000 mg/m²) and intraluminal laser lig	NEWLINE_TO_SPACE;CUT_AT_400_CHARS;TSV_WRITE_NORMALISES_TAB_AND_NEWLINE;ORIGINAL_RETRIEVABLE_ONLY_VIA_the cached source record	577
NCT04099888	Best Overall Response (BOR)	Standard of Care (SoC)	15	2018_2021	bor	2	2	MIXED_ARM_TYPES	EXPERIMENTAL | ACTIVE_COMPARATOR	LABEL_MATCH	LABEL_FIELD_MATCH_ONLY:LABEL_BYTE_EXACT	SOURCE_RECORD	protocolSection.armsInterventionsModule.armGroups[1].label	1	1	Standard of Care (SoC)	ACTIVE_COMPARATOR	1	Standard of Care (SoC)	ACTIVE_COMPARATOR						COMPARATOR_PROPOSED_BY_LABEL_FIELD_MATCHED_ARM_TYPE	arm 1 bound by label correspondence only (LABEL_FIELD_MATCH_ONLY:LABEL_BYTE_EXACT); registered type ACTIVE_COMPARATOR; the group-arm identity is not independently source-field-matched	ASSUMES_LABEL_FIELD_CORRESPONDENCE_IS_ARM_IDENTITY_UNPROVED		NOT_ESTABLISHED_REGISTRY_JOIN_FIELDS_ABSENT_FROM_THIS_CACHE	BOUND_ARM_REGISTERED_TYPE_IS_ACTIVE_COMPARATOR	ASSUMES_LABEL_FIELD_CORRESPONDENCE_IS_ARM_IDENTITY_UNPROVED		NO_LEAF									NO	CONFIRMED	LABEL_BYTE_EXACT	Standard of Care (SoC)	CONTROL_ACTIVE_COMPARATOR_CONFIRMED	CONTROL_ACTIVE_COMPARATOR	CHANGED_CLASS:COMPARATOR_TYPE_INFERRED->COMPARATOR_PROPOSED	Arm B: Gemcitabine/cisplatin chemotherapy  Gemcitabine/Cisplatin chemotherapy: Up to 8 cycles of gemcitabine/cisplatin combination chemotherapy will be administered.	NEWLINE_TO_SPACE;CUT_AT_400_CHARS;TSV_WRITE_NORMALISES_TAB_AND_NEWLINE;ORIGINAL_RETRIEVABLE_ONLY_VIA_the cached source record	165
NCT04764474	Number of Patients With Best Overall Response (BOR)	Cohort 1: HMPL-306 Dose Level 1	1	2018_2021	bor	1	8	ALL_ARMS_NON_CONTROL_TYPED	EXPERIMENTAL	PROPOSED	LEAF_CLAIM_NOT_VERIFIABLE_FROM_EXACT_SOURCE_FIELDS	DELIVERED_LEAF:LEAF-QD-group3.tsv	LEAF-OUT/LEAF-QD-group3.tsv:line 76; candidate protocolSection.armsInterventionsModule.armGroups[0].label	1	0	Treatment	EXPERIMENTAL									UNKNOWN_IN_THIS_CACHE	no source-field-matched arm link and no comparator wording in the group record			NOT_ESTABLISHED_REGISTRY_JOIN_FIELDS_ABSENT_FROM_THIS_CACHE	ALL_REGISTERED_ARMS_NON_COMPARATOR_TYPED_CONDITIONAL	ASSUMES_THIS_RESULTS_GROUP_IS_A_SUBSET_OF_THE_REGISTERED_ARM_SET_MEMBERSHIP_UNPROVED		LEAF_LABEL_RESOLVES_UNIQUELY	Treatment	LEAF-OUT/LEAF-QD-group3.tsv:line 76	RETAINED_UNVERIFIED_WITH_LOCATOR		sole registered arm; armGroups[0].description 'All patients will be administered HMPL-306 orally QD' covers every dose-level cohort	NEWLINE_TO_SPACE;CUT_AT_400_CHARS;TSV_WRITE_NORMALISES_TAB_AND_NEWLINE;ORIGINAL_RETRIEVABLE_ONLY_VIA_leaf_claim_locator	131	NO	YES	CONFIRMED	LEAF_WITHIN_RECORD_RELATION	Treatment	NOT_CONTROL_CONFIRMED	NOT_CONTROL_SINGLE_ARM_TRIAL	CHANGED_CLASS:NOT_CONTROL_ASSERTED->UNKNOWN	Patients received HMPL-306 Dose Level 1 tablet orally once on Day 1 of the PK week (7 days prior to Cycle 1 Day 1) (applicable for dose escalation part) and then QD from Cycle 1 Day 1 until PD, death, intolerable toxicity, withdrawal of consent, lost to follow-up, meeting conditions for treatment discontinuation specified in protocol, or end of study, whichever came first. Each cycle duration was 	NEWLINE_TO_SPACE;CUT_AT_400_CHARS;TSV_WRITE_NORMALISES_TAB_AND_NEWLINE;ORIGINAL_RETRIEVABLE_ONLY_VIA_the cached source record	408
NCT04764474	Number of Patients With Best Overall Response (BOR)	Cohort 2: HMPL-306 Dose Level 2	1	2018_2021	bor	1	8	ALL_ARMS_NON_CONTROL_TYPED	EXPERIMENTAL	PROPOSED	LEAF_CLAIM_NOT_VERIFIABLE_FROM_EXACT_SOURCE_FIELDS	DELIVERED_LEAF:LEAF-QD-group3.tsv	LEAF-OUT/LEAF-QD-group3.tsv:line 77; candidate protocolSection.armsInterventionsModule.armGroups[0].label	1	0	Treatment	EXPERIMENTAL									UNKNOWN_IN_THIS_CACHE	no source-field-matched arm link and no comparator wording in the group record			NOT_ESTABLISHED_REGISTRY_JOIN_FIELDS_ABSENT_FROM_THIS_CACHE	ALL_REGISTERED_ARMS_NON_COMPARATOR_TYPED_CONDITIONAL	ASSUMES_THIS_RESULTS_GROUP_IS_A_SUBSET_OF_THE_REGISTERED_ARM_SET_MEMBERSHIP_UNPROVED		LEAF_LABEL_RESOLVES_UNIQUELY	Treatment	LEAF-OUT/LEAF-QD-group3.tsv:line 77	RETAINED_UNVERIFIED_WITH_LOCATOR		sole registered arm; armGroups[0].description 'All patients will be administered HMPL-306 orally QD' covers every dose-level cohort	NEWLINE_TO_SPACE;CUT_AT_400_CHARS;TSV_WRITE_NORMALISES_TAB_AND_NEWLINE;ORIGINAL_RETRIEVABLE_ONLY_VIA_leaf_claim_locator	131	NO	YES	CONFIRMED	LEAF_WITHIN_RECORD_RELATION	Treatment	NOT_CONTROL_CONFIRMED	NOT_CONTROL_SINGLE_ARM_TRIAL	CHANGED_CLASS:NOT_CONTROL_ASSERTED->UNKNOWN	Patients received HMPL-306 Dose Level 2 tablet orally once on Day 1 of the PK week (7 days prior to Cycle 1 Day 1) (applicable for dose escalation part) and then QD from Cycle 1 Day 1 until PD, death, intolerable toxicity, withdrawal of consent, lost to follow-up, meeting conditions for treatment discontinuation specified in protocol, or end of study, whichever came first. Each cycle duration was 	NEWLINE_TO_SPACE;CUT_AT_400_CHARS;TSV_WRITE_NORMALISES_TAB_AND_NEWLINE;ORIGINAL_RETRIEVABLE_ONLY_VIA_the cached source record	408
NCT04764474	Number of Patients With Best Overall Response (BOR)	Cohort 3: HMPL-306 Dose Level 3	7	2018_2021	bor	1	8	ALL_ARMS_NON_CONTROL_TYPED	EXPERIMENTAL	PROPOSED	LEAF_CLAIM_NOT_VERIFIABLE_FROM_EXACT_SOURCE_FIELDS	DELIVERED_LEAF:LEAF-QD-group3.tsv	LEAF-OUT/LEAF-QD-group3.tsv:line 78; candidate protocolSection.armsInterventionsModule.armGroups[0].label	1	0	Treatment	EXPERIMENTAL									UNKNOWN_IN_THIS_CACHE	no source-field-matched arm link and no comparator wording in the group record			NOT_ESTABLISHED_REGISTRY_JOIN_FIELDS_ABSENT_FROM_THIS_CACHE	ALL_REGISTERED_ARMS_NON_COMPARATOR_TYPED_CONDITIONAL	ASSUMES_THIS_RESULTS_GROUP_IS_A_SUBSET_OF_THE_REGISTERED_ARM_SET_MEMBERSHIP_UNPROVED		LEAF_LABEL_RESOLVES_UNIQUELY	Treatment	LEAF-OUT/LEAF-QD-group3.tsv:line 78	RETAINED_UNVERIFIED_WITH_LOCATOR		sole registered arm; armGroups[0].description 'All patients will be administered HMPL-306 orally QD' covers every dose-level cohort	NEWLINE_TO_SPACE;CUT_AT_400_CHARS;TSV_WRITE_NORMALISES_TAB_AND_NEWLINE;ORIGINAL_RETRIEVABLE_ONLY_VIA_leaf_claim_locator	131	NO	YES	CONFIRMED	LEAF_WITHIN_RECORD_RELATION	Treatment	NOT_CONTROL_CONFIRMED	NOT_CONTROL_SINGLE_ARM_TRIAL	CHANGED_CLASS:NOT_CONTROL_ASSERTED->UNKNOWN	Patients received HMPL-306 Dose Level 3 tablet orally once on Day 1 of the PK week (7 days prior to Cycle 1 Day 1) (applicable for dose escalation part) and then QD from Cycle 1 Day 1 until PD, death, intolerable toxicity, withdrawal of consent, lost to follow-up, meeting conditions for treatment discontinuation specified in protocol, or end of study, whichever came first. Each cycle duration was 	NEWLINE_TO_SPACE;CUT_AT_400_CHARS;TSV_WRITE_NORMALISES_TAB_AND_NEWLINE;ORIGINAL_RETRIEVABLE_ONLY_VIA_the cached source record	408
NCT04764474	Number of Patients With Best Overall Response (BOR)	Cohort 4: HMPL-306 Dose Level 4	2	2018_2021	bor	1	8	ALL_ARMS_NON_CONTROL_TYPED	EXPERIMENTAL	PROPOSED	LEAF_CLAIM_NOT_VERIFIABLE_FROM_EXACT_SOURCE_FIELDS	DELIVERED_LEAF:LEAF-QD-group3.tsv	LEAF-OUT/LEAF-QD-group3.tsv:line 79; candidate protocolSection.armsInterventionsModule.armGroups[0].label	1	0	Treatment	EXPERIMENTAL									UNKNOWN_IN_THIS_CACHE	no source-field-matched arm link and no comparator wording in the group record			NOT_ESTABLISHED_REGISTRY_JOIN_FIELDS_ABSENT_FROM_THIS_CACHE	ALL_REGISTERED_ARMS_NON_COMPARATOR_TYPED_CONDITIONAL	ASSUMES_THIS_RESULTS_GROUP_IS_A_SUBSET_OF_THE_REGISTERED_ARM_SET_MEMBERSHIP_UNPROVED		LEAF_LABEL_RESOLVES_UNIQUELY	Treatment	LEAF-OUT/LEAF-QD-group3.tsv:line 79	RETAINED_UNVERIFIED_WITH_LOCATOR		sole registered arm; armGroups[0].description 'All patients will be administered HMPL-306 orally QD' covers every dose-level cohort	NEWLINE_TO_SPACE;CUT_AT_400_CHARS;TSV_WRITE_NORMALISES_TAB_AND_NEWLINE;ORIGINAL_RETRIEVABLE_ONLY_VIA_leaf_claim_locator	131	NO	YES	CONFIRMED	LEAF_WITHIN_RECORD_RELATION	Treatment	NOT_CONTROL_CONFIRMED	NOT_CONTROL_SINGLE_ARM_TRIAL	CHANGED_CLASS:NOT_CONTROL_ASSERTED->UNKNOWN	Patients received HMPL-306 Dose Level 4 tablet orally once on Day 1 of the PK week (7 days prior to Cycle 1 Day 1) (applicable for dose escalation part) and then QD from Cycle 1 Day 1 until PD, death, intolerable toxicity, withdrawal of consent, lost to follow-up, meeting conditions for treatment discontinuation specified in protocol, or end of study, whichever came first. Each cycle duration was 	NEWLINE_TO_SPACE;CUT_AT_400_CHARS;TSV_WRITE_NORMALISES_TAB_AND_NEWLINE;ORIGINAL_RETRIEVABLE_ONLY_VIA_the cached source record	408
NCT04764474	Number of Patients With Best Overall Response (BOR)	Cohort 5: HMPL-306 Dose Level 5	2	2018_2021	bor	1	8	ALL_ARMS_NON_CONTROL_TYPED	EXPERIMENTAL	PROPOSED	LEAF_CLAIM_NOT_VERIFIABLE_FROM_EXACT_SOURCE_FIELDS	DELIVERED_LEAF:LEAF-QD-group3.tsv	LEAF-OUT/LEAF-QD-group3.tsv:line 80; candidate protocolSection.armsInterventionsModule.armGroups[0].label	1	0	Treatment	EXPERIMENTAL									UNKNOWN_IN_THIS_CACHE	no source-field-matched arm link and no comparator wording in the group record			NOT_ESTABLISHED_REGISTRY_JOIN_FIELDS_ABSENT_FROM_THIS_CACHE	ALL_REGISTERED_ARMS_NON_COMPARATOR_TYPED_CONDITIONAL	ASSUMES_THIS_RESULTS_GROUP_IS_A_SUBSET_OF_THE_REGISTERED_ARM_SET_MEMBERSHIP_UNPROVED		LEAF_LABEL_RESOLVES_UNIQUELY	Treatment	LEAF-OUT/LEAF-QD-group3.tsv:line 80	RETAINED_UNVERIFIED_WITH_LOCATOR		sole registered arm; armGroups[0].description 'All patients will be administered HMPL-306 orally QD' covers every dose-level cohort	NEWLINE_TO_SPACE;CUT_AT_400_CHARS;TSV_WRITE_NORMALISES_TAB_AND_NEWLINE;ORIGINAL_RETRIEVABLE_ONLY_VIA_leaf_claim_locator	131	NO	YES	CONFIRMED	LEAF_WITHIN_RECORD_RELATION	Treatment	NOT_CONTROL_CONFIRMED	NOT_CONTROL_SINGLE_ARM_TRIAL	CHANGED_CLASS:NOT_CONTROL_ASSERTED->UNKNOWN	Patients received HMPL-306 Dose Level 5 tablet orally once on Day 1 of the PK week (7 days prior to Cycle 1 Day 1) (applicable for dose escalation part) and then QD from Cycle 1 Day 1 until PD, death, intolerable toxicity, withdrawal of consent, lost to follow-up, meeting conditions for treatment discontinuation specified in protocol, or end of study, whichever came first. Each cycle duration was 	NEWLINE_TO_SPACE;CUT_AT_400_CHARS;TSV_WRITE_NORMALISES_TAB_AND_NEWLINE;ORIGINAL_RETRIEVABLE_ONLY_VIA_the cached source record	408
NCT04764474	Number of Patients With Best Overall Response (BOR)	Cohort 6: HMPL-306 Dose Level 6	3	2018_2021	bor	1	8	ALL_ARMS_NON_CONTROL_TYPED	EXPERIMENTAL	PROPOSED	LEAF_CLAIM_NOT_VERIFIABLE_FROM_EXACT_SOURCE_FIELDS	DELIVERED_LEAF:LEAF-QD-group3.tsv	LEAF-OUT/LEAF-QD-group3.tsv:line 81; candidate protocolSection.armsInterventionsModule.armGroups[0].label	1	0	Treatment	EXPERIMENTAL									UNKNOWN_IN_THIS_CACHE	no source-field-matched arm link and no comparator wording in the group record			NOT_ESTABLISHED_REGISTRY_JOIN_FIELDS_ABSENT_FROM_THIS_CACHE	ALL_REGISTERED_ARMS_NON_COMPARATOR_TYPED_CONDITIONAL	ASSUMES_THIS_RESULTS_GROUP_IS_A_SUBSET_OF_THE_REGISTERED_ARM_SET_MEMBERSHIP_UNPROVED		LEAF_LABEL_RESOLVES_UNIQUELY	Treatment	LEAF-OUT/LEAF-QD-group3.tsv:line 81	RETAINED_UNVERIFIED_WITH_LOCATOR		sole registered arm; armGroups[0].description 'All patients will be administered HMPL-306 orally QD' covers every dose-level cohort	NEWLINE_TO_SPACE;CUT_AT_400_CHARS;TSV_WRITE_NORMALISES_TAB_AND_NEWLINE;ORIGINAL_RETRIEVABLE_ONLY_VIA_leaf_claim_locator	131	NO	YES	CONFIRMED	LEAF_WITHIN_RECORD_RELATION	Treatment	NOT_CONTROL_CONFIRMED	NOT_CONTROL_SINGLE_ARM_TRIAL	CHANGED_CLASS:NOT_CONTROL_ASSERTED->UNKNOWN	Patients received HMPL-306 Dose Level 6 tablet orally once on Day 1 of the PK week (7 days prior to Cycle 1 Day 1) (applicable for dose escalation part) and then QD from Cycle 1 Day 1 until PD, death, intolerable toxicity, withdrawal of consent, lost to follow-up, meeting conditions for treatment discontinuation specified in protocol, or end of study, whichever came first. Each cycle duration was 	NEWLINE_TO_SPACE;CUT_AT_400_CHARS;TSV_WRITE_NORMALISES_TAB_AND_NEWLINE;ORIGINAL_RETRIEVABLE_ONLY_VIA_the cached source record	408
NCT04764474	Number of Patients With Best Overall Response (BOR)	Cohort 7: HMPL-306 Dose Level 7	2	2018_2021	bor	1	8	ALL_ARMS_NON_CONTROL_TYPED	EXPERIMENTAL	PROPOSED	LEAF_CLAIM_NOT_VERIFIABLE_FROM_EXACT_SOURCE_FIELDS	DELIVERED_LEAF:LEAF-QD-group3.tsv	LEAF-OUT/LEAF-QD-group3.tsv:line 82; candidate protocolSection.armsInterventionsModule.armGroups[0].label	1	0	Treatment	EXPERIMENTAL									UNKNOWN_IN_THIS_CACHE	no source-field-matched arm link and no comparator wording in the group record			NOT_ESTABLISHED_REGISTRY_JOIN_FIELDS_ABSENT_FROM_THIS_CACHE	ALL_REGISTERED_ARMS_NON_COMPARATOR_TYPED_CONDITIONAL	ASSUMES_THIS_RESULTS_GROUP_IS_A_SUBSET_OF_THE_REGISTERED_ARM_SET_MEMBERSHIP_UNPROVED		LEAF_LABEL_RESOLVES_UNIQUELY	Treatment	LEAF-OUT/LEAF-QD-group3.tsv:line 82	RETAINED_UNVERIFIED_WITH_LOCATOR		sole registered arm; armGroups[0].description 'All patients will be administered HMPL-306 orally QD' covers every dose-level cohort	NEWLINE_TO_SPACE;CUT_AT_400_CHARS;TSV_WRITE_NORMALISES_TAB_AND_NEWLINE;ORIGINAL_RETRIEVABLE_ONLY_VIA_leaf_claim_locator	131	NO	YES	CONFIRMED	LEAF_WITHIN_RECORD_RELATION	Treatment	NOT_CONTROL_CONFIRMED	NOT_CONTROL_SINGLE_ARM_TRIAL	CHANGED_CLASS:NOT_CONTROL_ASSERTED->UNKNOWN	Patients received HMPL-306 Dose Level 7 tablet orally once on Day 1 of the PK week (7 days prior to Cycle 1 Day 1) (applicable for dose escalation part) and then QD from Cycle 1 Day 1 until PD, death, intolerable toxicity, withdrawal of consent, lost to follow-up, meeting conditions for treatment discontinuation specified in protocol, or end of study, whichever came first. Each cycle duration was 	NEWLINE_TO_SPACE;CUT_AT_400_CHARS;TSV_WRITE_NORMALISES_TAB_AND_NEWLINE;ORIGINAL_RETRIEVABLE_ONLY_VIA_the cached source record	408
NCT04764474	Number of Patients With Best Overall Response (BOR)	Cohort 8: HMPL-306 Dose Level 8	5	2018_2021	bor	1	8	ALL_ARMS_NON_CONTROL_TYPED	EXPERIMENTAL	PROPOSED	LEAF_CLAIM_NOT_VERIFIABLE_FROM_EXACT_SOURCE_FIELDS	DELIVERED_LEAF:LEAF-QD-group3.tsv	LEAF-OUT/LEAF-QD-group3.tsv:line 83; candidate protocolSection.armsInterventionsModule.armGroups[0].label	1	0	Treatment	EXPERIMENTAL									UNKNOWN_IN_THIS_CACHE	no source-field-matched arm link and no comparator wording in the group record			NOT_ESTABLISHED_REGISTRY_JOIN_FIELDS_ABSENT_FROM_THIS_CACHE	ALL_REGISTERED_ARMS_NON_COMPARATOR_TYPED_CONDITIONAL	ASSUMES_THIS_RESULTS_GROUP_IS_A_SUBSET_OF_THE_REGISTERED_ARM_SET_MEMBERSHIP_UNPROVED		LEAF_LABEL_RESOLVES_UNIQUELY	Treatment	LEAF-OUT/LEAF-QD-group3.tsv:line 83	RETAINED_UNVERIFIED_WITH_LOCATOR		sole registered arm; armGroups[0].description 'All patients will be administered HMPL-306 orally QD' covers every dose-level cohort	NEWLINE_TO_SPACE;CUT_AT_400_CHARS;TSV_WRITE_NORMALISES_TAB_AND_NEWLINE;ORIGINAL_RETRIEVABLE_ONLY_VIA_leaf_claim_locator	131	NO	YES	CONFIRMED	LEAF_WITHIN_RECORD_RELATION	Treatment	NOT_CONTROL_CONFIRMED	NOT_CONTROL_SINGLE_ARM_TRIAL	CHANGED_CLASS:NOT_CONTROL_ASSERTED->UNKNOWN	Patients received HMPL-306 Dose Level 8 tablet orally once on Day 1 of the PK week (7 days prior to Cycle 1 Day 1) (applicable for dose escalation part) and then QD from Cycle 1 Day 1 until PD, death, intolerable toxicity, withdrawal of consent, lost to follow-up, meeting conditions for treatment discontinuation specified in protocol, or end of study, whichever came first. Each cycle duration was 	NEWLINE_TO_SPACE;CUT_AT_400_CHARS;TSV_WRITE_NORMALISES_TAB_AND_NEWLINE;ORIGINAL_RETRIEVABLE_ONLY_VIA_the cached source record	408
NCT03445533	Summary of Independent Reviewer-Assessed Objective Response Rate (ORR) by RECIST v1.1	Arm A: Ipilimumab	176	2018_2021	bor	2	2	ALL_ARMS_NON_CONTROL_TYPED	EXPERIMENTAL | EXPERIMENTAL	LABEL_MATCH	LABEL_FIELD_MATCH_ONLY:LABEL_CASE_WS_FOLD	SOURCE_RECORD	protocolSection.armsInterventionsModule.armGroups[0].label	1	0	Arm A: ipilimumab	EXPERIMENTAL	0	Arm A: ipilimumab	EXPERIMENTAL						NOT_ESTABLISHED_IN_THIS_CACHE	bound arm 0 registered type EXPERIMENTAL (verbatim). A registered type of EXPERIMENTAL/OTHER is not evidence that this group had no comparator role; no comparator evidence exists in this cache either way			NOT_ESTABLISHED_REGISTRY_JOIN_FIELDS_ABSENT_FROM_THIS_CACHE	BOUND_ARM_REGISTERED_TYPE_IS_EXPERIMENTAL	ASSUMES_LABEL_FIELD_CORRESPONDENCE_IS_ARM_IDENTITY_UNPROVED		NO_LEAF									NO	CONFIRMED	LABEL_CASE_AND_WHITESPACE_ONLY	Arm A: ipilimumab	NOT_CONTROL_CONFIRMED	NOT_CONTROL	CHANGED_CLASS:NOT_CONTROL_ASSERTED->NOT_ESTABLISHED	ipilimumab 3 mg/kg intravenous  Ipilimumab: Arm A: 4 doses administered intravenously at a dose of 3 mg/kg over 90 minutes on Weeks 1, 4, 7, and 10.	NEWLINE_TO_SPACE;CUT_AT_400_CHARS;TSV_WRITE_NORMALISES_TAB_AND_NEWLINE;ORIGINAL_RETRIEVABLE_ONLY_VIA_the cached source record	148
NCT03445533	Summary of Independent Reviewer-Assessed Objective Response Rate (ORR) by RECIST v1.1	Arm B: IMO-2125 Plus Ipilimumab	171	2018_2021	bor	2	2	ALL_ARMS_NON_CONTROL_TYPED	EXPERIMENTAL | EXPERIMENTAL	LABEL_MATCH	LABEL_FIELD_MATCH_ONLY:LABEL_CASE_WS_FOLD	SOURCE_RECORD	protocolSection.armsInterventionsModule.armGroups[1].label	1	1	Arm B: IMO-2125 plus ipilimumab	EXPERIMENTAL	1	Arm B: IMO-2125 plus ipilimumab	EXPERIMENTAL						NOT_ESTABLISHED_IN_THIS_CACHE	bound arm 1 registered type EXPERIMENTAL (verbatim). A registered type of EXPERIMENTAL/OTHER is not evidence that this group had no comparator role; no comparator evidence exists in this cache either way			NOT_ESTABLISHED_REGISTRY_JOIN_FIELDS_ABSENT_FROM_THIS_CACHE	BOUND_ARM_REGISTERED_TYPE_IS_EXPERIMENTAL	ASSUMES_LABEL_FIELD_CORRESPONDENCE_IS_ARM_IDENTITY_UNPROVED		NO_LEAF									NO	CONFIRMED	LABEL_CASE_AND_WHITESPACE_ONLY	Arm B: IMO-2125 plus ipilimumab	NOT_CONTROL_CONFIRMED	NOT_CONTROL	CHANGED_CLASS:NOT_CONTROL_ASSERTED->NOT_ESTABLISHED	IMO-2125 by intratumoral injection plus ipilimumab 3 mg/kg intravenous  Tilsotolimod with Ipilimumab: IMO-2125 intratumoral injection administered as 9 doses on Weeks 1, 2, 3, 5, 8, 11, 16, 20, and 24. WITH (Arm B): Ipilimumab administered as 4 doses on Weeks 2, 5, 8, and 11. in combination with tilsotolimod	NEWLINE_TO_SPACE;CUT_AT_400_CHARS;TSV_WRITE_NORMALISES_TAB_AND_NEWLINE;ORIGINAL_RETRIEVABLE_ONLY_VIA_the cached source record	309
NCT02913430	Best Overall Response (BOR)	Fulvestrant + Palbociclib	5	2018_2021	bor	2	2	ALL_ARMS_CONTROL_TYPED	ACTIVE_COMPARATOR | ACTIVE_COMPARATOR	PROPOSED	LEAF_CLAIM_NOT_VERIFIABLE_FROM_EXACT_SOURCE_FIELDS	DELIVERED_LEAF:LEAF-QD-group2.tsv	LEAF-OUT/LEAF-QD-group2.tsv:line 113; candidate protocolSection.armsInterventionsModule.armGroups[0].label	1	0	Arm A	ACTIVE_COMPARATOR									UNKNOWN_IN_THIS_CACHE	no source-field-matched arm link and no comparator wording in the group record			NOT_ESTABLISHED_REGISTRY_JOIN_FIELDS_ABSENT_FROM_THIS_CACHE	ALL_REGISTERED_ARMS_COMPARATOR_TYPED_CONDITIONAL	ASSUMES_THIS_RESULTS_GROUP_IS_A_SUBSET_OF_THE_REGISTERED_ARM_SET_MEMBERSHIP_UNPROVED		LEAF_LABEL_RESOLVES_UNIQUELY	Arm A	LEAF-OUT/LEAF-QD-group2.tsv:line 113	RETAINED_UNVERIFIED_WITH_LOCATOR		armGroups[].interventionNames (['Drug: Fulvestrant','Drug: Palbociclib'] vs ['Drug: Tamoxifen','Drug: Palbociclib']) plus armGroups[].description dose text, both reproduced verbatim in the group description	NEWLINE_TO_SPACE;CUT_AT_400_CHARS;TSV_WRITE_NORMALISES_TAB_AND_NEWLINE;ORIGINAL_RETRIEVABLE_ONLY_VIA_leaf_claim_locator	206	NO	NO	CONFIRMED	LEAF_WITHIN_RECORD_RELATION	Arm A	CONTROL_ACTIVE_COMPARATOR_CONFIRMED	UNKNOWN	CHANGED_CLASS:COMPARATOR_TYPE_INFERRED->UNKNOWN	Fulvestrant: 500mg IM Q28 days  Palbociclib: 125mg/day PO on a 21 days on/7 days off schedule	NEWLINE_TO_SPACE;CUT_AT_400_CHARS;TSV_WRITE_NORMALISES_TAB_AND_NEWLINE;ORIGINAL_RETRIEVABLE_ONLY_VIA_the cached source record	93
NCT02913430	Best Overall Response (BOR)	Tamoxifen + Palbociclib	2	2018_2021	bor	2	2	ALL_ARMS_CONTROL_TYPED	ACTIVE_COMPARATOR | ACTIVE_COMPARATOR	PROPOSED	LEAF_CLAIM_NOT_VERIFIABLE_FROM_EXACT_SOURCE_FIELDS	DELIVERED_LEAF:LEAF-QD-group2.tsv	LEAF-OUT/LEAF-QD-group2.tsv:line 114; candidate protocolSection.armsInterventionsModule.armGroups[1].label	1	1	Arm B	ACTIVE_COMPARATOR									UNKNOWN_IN_THIS_CACHE	no source-field-matched arm link and no comparator wording in the group record			NOT_ESTABLISHED_REGISTRY_JOIN_FIELDS_ABSENT_FROM_THIS_CACHE	ALL_REGISTERED_ARMS_COMPARATOR_TYPED_CONDITIONAL	ASSUMES_THIS_RESULTS_GROUP_IS_A_SUBSET_OF_THE_REGISTERED_ARM_SET_MEMBERSHIP_UNPROVED		LEAF_LABEL_RESOLVES_UNIQUELY	Arm B	LEAF-OUT/LEAF-QD-group2.tsv:line 114	RETAINED_UNVERIFIED_WITH_LOCATOR		armGroups[].interventionNames (['Drug: Fulvestrant','Drug: Palbociclib'] vs ['Drug: Tamoxifen','Drug: Palbociclib']) plus armGroups[].description dose text, both reproduced verbatim in the group description	NEWLINE_TO_SPACE;CUT_AT_400_CHARS;TSV_WRITE_NORMALISES_TAB_AND_NEWLINE;ORIGINAL_RETRIEVABLE_ONLY_VIA_leaf_claim_locator	206	NO	NO	CONFIRMED	LEAF_WITHIN_RECORD_RELATION	Arm B	CONTROL_ACTIVE_COMPARATOR_CONFIRMED	UNKNOWN	CHANGED_CLASS:COMPARATOR_TYPE_INFERRED->UNKNOWN	Tamoxifen: 20mg PO Q-daily  Palbociclib: 125mg/day PO on a 21 days on/7 days off schedule	NEWLINE_TO_SPACE;CUT_AT_400_CHARS;TSV_WRITE_NORMALISES_TAB_AND_NEWLINE;ORIGINAL_RETRIEVABLE_ONLY_VIA_the cached source record	89
NCT04313504	Overall Response	Niraparib & Dostarlimab	10	2018_2021	bor	1	1	ALL_ARMS_NON_CONTROL_TYPED	EXPERIMENTAL	LABEL_MATCH	LABEL_FIELD_MATCH_ONLY:LABEL_BYTE_EXACT	SOURCE_RECORD	protocolSection.armsInterventionsModule.armGroups[0].label	1	0	Niraparib & Dostarlimab	EXPERIMENTAL	0	Niraparib & Dostarlimab	EXPERIMENTAL						NOT_ESTABLISHED_IN_THIS_CACHE	bound arm 0 registered type EXPERIMENTAL (verbatim). A registered type of EXPERIMENTAL/OTHER is not evidence that this group had no comparator role; no comparator evidence exists in this cache either way			NOT_ESTABLISHED_REGISTRY_JOIN_FIELDS_ABSENT_FROM_THIS_CACHE	BOUND_ARM_REGISTERED_TYPE_IS_EXPERIMENTAL	ASSUMES_LABEL_FIELD_CORRESPONDENCE_IS_ARM_IDENTITY_UNPROVED		NO_LEAF									NO	CONFIRMED	LABEL_BYTE_EXACT	Niraparib & Dostarlimab	NOT_CONTROL_CONFIRMED	NOT_CONTROL	CHANGED_CLASS:NOT_CONTROL_ASSERTED->NOT_ESTABLISHED	Niraparib starting on Day 0. Niraparib will be administered as continuous daily dose, orally 200 or 300 mg.  Dostarlimab IV administered via a 30-minute infusion on Day 1 of every 21 day cycle. 500mg for first 4 doses followed by 1000 mg every 6 weeks.  Niraparib: Niraparib \& Dostarlimab combination  Dostarlimab: Niraparib \& Dostarlimab combination	NEWLINE_TO_SPACE;CUT_AT_400_CHARS;TSV_WRITE_NORMALISES_TAB_AND_NEWLINE;ORIGINAL_RETRIEVABLE_ONLY_VIA_the cached source record	352
NCT03724890	Part A: Number of Participants With Confirmed Best Overall Response (BOR) as Assessed by Response Evaluation Criteria in Solid Tumors Version 1.1 (RECIST v1.1)	Part A: M3814 100 mg BID + Avelumab 800 mg Q2W	4	2018_2021	bor	3	5	ALL_ARMS_NON_CONTROL_TYPED	EXPERIMENTAL | EXPERIMENTAL | EXPERIMENTAL	PROPOSED	LEAF_CLAIM_NOT_VERIFIABLE_FROM_EXACT_SOURCE_FIELDS	DELIVERED_LEAF:LEAF-QD-group3.tsv	LEAF-OUT/LEAF-QD-group3.tsv:line 7; candidate protocolSection.armsInterventionsModule.armGroups[0].label	1	0	Part A: M3814 + Avelumab	EXPERIMENTAL									UNKNOWN_IN_THIS_CACHE	no source-field-matched arm link and no comparator wording in the group record			NOT_ESTABLISHED_REGISTRY_JOIN_FIELDS_ABSENT_FROM_THIS_CACHE	ALL_REGISTERED_ARMS_NON_COMPARATOR_TYPED_CONDITIONAL	ASSUMES_THIS_RESULTS_GROUP_IS_A_SUBSET_OF_THE_REGISTERED_ARM_SET_MEMBERSHIP_UNPROVED		LEAF_LABEL_RESOLVES_UNIQUELY	Part A: M3814 + Avelumab	LEAF-OUT/LEAF-QD-group3.tsv:line 7	RETAINED_UNVERIFIED_WITH_LOCATOR		armGroups[0].label 'Part' token shared with group title prefix	NEWLINE_TO_SPACE;CUT_AT_400_CHARS;TSV_WRITE_NORMALISES_TAB_AND_NEWLINE;ORIGINAL_RETRIEVABLE_ONLY_VIA_leaf_claim_locator	62	NO	NO	CANDIDATE	LEAF_LABEL_STRING_ONLY_NOT_CONFIRMED		UNKNOWN_IN_THIS_CACHE	UNKNOWN	UNCHANGED_CLASS:UNKNOWN	Participants received 100 milligrams (mg) of M3814 orally twice daily (BID) along with 800 mg of Avelumab once every 2 weeks (Q2W) from Day 1 until progressive disease (PD) or unacceptable toxicity. M3814 will be administered without food.	NEWLINE_TO_SPACE;CUT_AT_400_CHARS;TSV_WRITE_NORMALISES_TAB_AND_NEWLINE;ORIGINAL_RETRIEVABLE_ONLY_VIA_the cached source record	239
NCT03724890	Part A: Number of Participants With Confirmed Best Overall Response (BOR) as Assessed by Response Evaluation Criteria in Solid Tumors Version 1.1 (RECIST v1.1)	Part A: M3814 200 mg BID + Avelumab 800 mg Q2W	8	2018_2021	bor	3	5	ALL_ARMS_NON_CONTROL_TYPED	EXPERIMENTAL | EXPERIMENTAL | EXPERIMENTAL	PROPOSED	LEAF_CLAIM_NOT_VERIFIABLE_FROM_EXACT_SOURCE_FIELDS	DELIVERED_LEAF:LEAF-QD-group3.tsv	LEAF-OUT/LEAF-QD-group3.tsv:line 8; candidate protocolSection.armsInterventionsModule.armGroups[0].label	1	0	Part A: M3814 + Avelumab	EXPERIMENTAL									UNKNOWN_IN_THIS_CACHE	no source-field-matched arm link and no comparator wording in the group record			NOT_ESTABLISHED_REGISTRY_JOIN_FIELDS_ABSENT_FROM_THIS_CACHE	ALL_REGISTERED_ARMS_NON_COMPARATOR_TYPED_CONDITIONAL	ASSUMES_THIS_RESULTS_GROUP_IS_A_SUBSET_OF_THE_REGISTERED_ARM_SET_MEMBERSHIP_UNPROVED		LEAF_LABEL_RESOLVES_UNIQUELY	Part A: M3814 + Avelumab	LEAF-OUT/LEAF-QD-group3.tsv:line 8	RETAINED_UNVERIFIED_WITH_LOCATOR		armGroups[0].label 'Part' token shared with group title prefix	NEWLINE_TO_SPACE;CUT_AT_400_CHARS;TSV_WRITE_NORMALISES_TAB_AND_NEWLINE;ORIGINAL_RETRIEVABLE_ONLY_VIA_leaf_claim_locator	62	NO	NO	CANDIDATE	LEAF_LABEL_STRING_ONLY_NOT_CONFIRMED		UNKNOWN_IN_THIS_CACHE	UNKNOWN	UNCHANGED_CLASS:UNKNOWN	Participants received 200 mg of M3814 orally BID along with 800 mg of Avelumab Q2W from Day 1 until PD or unacceptable toxicity. M3814 will be administered without food.	NEWLINE_TO_SPACE;CUT_AT_400_CHARS;TSV_WRITE_NORMALISES_TAB_AND_NEWLINE;ORIGINAL_RETRIEVABLE_ONLY_VIA_the cached source record	169
NCT03724890	Part A: Number of Participants With Confirmed Best Overall Response (BOR) as Assessed by Response Evaluation Criteria in Solid Tumors Version 1.1 (RECIST v1.1)	Part A: M3814 250 mg BID + Avelumab 800 mg Q2W	1	2018_2021	bor	3	5	ALL_ARMS_NON_CONTROL_TYPED	EXPERIMENTAL | EXPERIMENTAL | EXPERIMENTAL	PROPOSED	LEAF_CLAIM_NOT_VERIFIABLE_FROM_EXACT_SOURCE_FIELDS	DELIVERED_LEAF:LEAF-QD-group3.tsv	LEAF-OUT/LEAF-QD-group3.tsv:line 9; candidate protocolSection.armsInterventionsModule.armGroups[0].label	1	0	Part A: M3814 + Avelumab	EXPERIMENTAL									UNKNOWN_IN_THIS_CACHE	no source-field-matched arm link and no comparator wording in the group record			NOT_ESTABLISHED_REGISTRY_JOIN_FIELDS_ABSENT_FROM_THIS_CACHE	ALL_REGISTERED_ARMS_NON_COMPARATOR_TYPED_CONDITIONAL	ASSUMES_THIS_RESULTS_GROUP_IS_A_SUBSET_OF_THE_REGISTERED_ARM_SET_MEMBERSHIP_UNPROVED		LEAF_LABEL_RESOLVES_UNIQUELY	Part A: M3814 + Avelumab	LEAF-OUT/LEAF-QD-group3.tsv:line 9	RETAINED_UNVERIFIED_WITH_LOCATOR		armGroups[0].label 'Part' token shared with group title prefix	NEWLINE_TO_SPACE;CUT_AT_400_CHARS;TSV_WRITE_NORMALISES_TAB_AND_NEWLINE;ORIGINAL_RETRIEVABLE_ONLY_VIA_leaf_claim_locator	62	NO	NO	CANDIDATE	LEAF_LABEL_STRING_ONLY_NOT_CONFIRMED		UNKNOWN_IN_THIS_CACHE	UNKNOWN	UNCHANGED_CLASS:UNKNOWN	Participants received 250 mg of M3814 orally BID along with 800 mg of Avelumab Q2W from Day 1 until PD or unacceptable toxicity. M3814 will be administered without food.	NEWLINE_TO_SPACE;CUT_AT_400_CHARS;TSV_WRITE_NORMALISES_TAB_AND_NEWLINE;ORIGINAL_RETRIEVABLE_ONLY_VIA_the cached source record	169
NCT03724890	Part A: Number of Participants With Confirmed Best Overall Response (BOR) as Assessed by Response Evaluation Criteria in Solid Tumors Version 1.1 (RECIST v1.1)	Part A: M3814 300 mg BID + Avelumab 800 mg Q2W	2	2018_2021	bor	3	5	ALL_ARMS_NON_CONTROL_TYPED	EXPERIMENTAL | EXPERIMENTAL | EXPERIMENTAL	PROPOSED	LEAF_CLAIM_NOT_VERIFIABLE_FROM_EXACT_SOURCE_FIELDS	DELIVERED_LEAF:LEAF-QD-group3.tsv	LEAF-OUT/LEAF-QD-group3.tsv:line 10; candidate protocolSection.armsInterventionsModule.armGroups[0].label	1	0	Part A: M3814 + Avelumab	EXPERIMENTAL									UNKNOWN_IN_THIS_CACHE	no source-field-matched arm link and no comparator wording in the group record			NOT_ESTABLISHED_REGISTRY_JOIN_FIELDS_ABSENT_FROM_THIS_CACHE	ALL_REGISTERED_ARMS_NON_COMPARATOR_TYPED_CONDITIONAL	ASSUMES_THIS_RESULTS_GROUP_IS_A_SUBSET_OF_THE_REGISTERED_ARM_SET_MEMBERSHIP_UNPROVED		LEAF_LABEL_RESOLVES_UNIQUELY	Part A: M3814 + Avelumab	LEAF-OUT/LEAF-QD-group3.tsv:line 10	RETAINED_UNVERIFIED_WITH_LOCATOR		armGroups[0].label 'Part' token shared with group title prefix	NEWLINE_TO_SPACE;CUT_AT_400_CHARS;TSV_WRITE_NORMALISES_TAB_AND_NEWLINE;ORIGINAL_RETRIEVABLE_ONLY_VIA_leaf_claim_locator	62	NO	NO	CANDIDATE	LEAF_LABEL_STRING_ONLY_NOT_CONFIRMED		UNKNOWN_IN_THIS_CACHE	UNKNOWN	UNCHANGED_CLASS:UNKNOWN	Participants received 300 mg of M3814 orally BID along with 800 mg of Avelumab Q2W from Day 1 until PD or unacceptable toxicity. M3814 will be administered without food.	NEWLINE_TO_SPACE;CUT_AT_400_CHARS;TSV_WRITE_NORMALISES_TAB_AND_NEWLINE;ORIGINAL_RETRIEVABLE_ONLY_VIA_the cached source record	169
NCT03724890	Part A: Number of Participants With Confirmed Best Overall Response (BOR) as Assessed by Response Evaluation Criteria in Solid Tumors Version 1.1 (RECIST v1.1)	Part A: M3814 400 mg BID + Avelumab 800 mg Q2W	2	2018_2021	bor	3	5	ALL_ARMS_NON_CONTROL_TYPED	EXPERIMENTAL | EXPERIMENTAL | EXPERIMENTAL	PROPOSED	LEAF_CLAIM_NOT_VERIFIABLE_FROM_EXACT_SOURCE_FIELDS	DELIVERED_LEAF:LEAF-QD-group3.tsv	LEAF-OUT/LEAF-QD-group3.tsv:line 11; candidate protocolSection.armsInterventionsModule.armGroups[0].label	1	0	Part A: M3814 + Avelumab	EXPERIMENTAL									UNKNOWN_IN_THIS_CACHE	no source-field-matched arm link and no comparator wording in the group record			NOT_ESTABLISHED_REGISTRY_JOIN_FIELDS_ABSENT_FROM_THIS_CACHE	ALL_REGISTERED_ARMS_NON_COMPARATOR_TYPED_CONDITIONAL	ASSUMES_THIS_RESULTS_GROUP_IS_A_SUBSET_OF_THE_REGISTERED_ARM_SET_MEMBERSHIP_UNPROVED		LEAF_LABEL_RESOLVES_UNIQUELY	Part A: M3814 + Avelumab	LEAF-OUT/LEAF-QD-group3.tsv:line 11	RETAINED_UNVERIFIED_WITH_LOCATOR		armGroups[0].label 'Part' token shared with group title prefix	NEWLINE_TO_SPACE;CUT_AT_400_CHARS;TSV_WRITE_NORMALISES_TAB_AND_NEWLINE;ORIGINAL_RETRIEVABLE_ONLY_VIA_leaf_claim_locator	62	NO	NO	CANDIDATE	LEAF_LABEL_STRING_ONLY_NOT_CONFIRMED		UNKNOWN_IN_THIS_CACHE	UNKNOWN	UNCHANGED_CLASS:UNKNOWN	Participants received 400 mg of M3814 orally BID along with 800 mg of Avelumab Q2W from Day 1 until PD or unacceptable toxicity. M3814 will be administered without food.	NEWLINE_TO_SPACE;CUT_AT_400_CHARS;TSV_WRITE_NORMALISES_TAB_AND_NEWLINE;ORIGINAL_RETRIEVABLE_ONLY_VIA_the cached source record	169
NCT03724890	Part B: Number of Participants With Confirmed Best Overall Response (BOR) as Assessed by Response Evaluation Criteria in Solid Tumors Version 1.1 (RECIST v1.1)	Part B: M3814 100 mg BID + Avelumab 800 mg Q2W + RT	3	2018_2021	bor	3	4	ALL_ARMS_NON_CONTROL_TYPED	EXPERIMENTAL | EXPERIMENTAL | EXPERIMENTAL	PROPOSED	LEAF_CLAIM_NOT_VERIFIABLE_FROM_EXACT_SOURCE_FIELDS	DELIVERED_LEAF:LEAF-QD-group3.tsv	LEAF-OUT/LEAF-QD-group3.tsv:line 12; candidate protocolSection.armsInterventionsModule.armGroups[1].label	1	1	Part B: M3814 + Avelumab + Radiotherapy (RT)	EXPERIMENTAL									UNKNOWN_IN_THIS_CACHE	no source-field-matched arm link and no comparator wording in the group record			NOT_ESTABLISHED_REGISTRY_JOIN_FIELDS_ABSENT_FROM_THIS_CACHE	ALL_REGISTERED_ARMS_NON_COMPARATOR_TYPED_CONDITIONAL	ASSUMES_THIS_RESULTS_GROUP_IS_A_SUBSET_OF_THE_REGISTERED_ARM_SET_MEMBERSHIP_UNPROVED		LEAF_LABEL_RESOLVES_UNIQUELY	Part B: M3814 + Avelumab + Radiotherapy (RT)	LEAF-OUT/LEAF-QD-group3.tsv:line 12	RETAINED_UNVERIFIED_WITH_LOCATOR		armGroups[1].label 'Part' token shared with group title prefix; group description names radiotherapy, present only in armGroups[1].interventionNames	NEWLINE_TO_SPACE;CUT_AT_400_CHARS;TSV_WRITE_NORMALISES_TAB_AND_NEWLINE;ORIGINAL_RETRIEVABLE_ONLY_VIA_leaf_claim_locator	148	NO	NO	CONFIRMED	LEAF_WITHIN_RECORD_RELATION	Part B: M3814 + Avelumab + Radiotherapy (RT)	NOT_CONTROL_CONFIRMED	UNKNOWN	CHANGED_CLASS:NOT_CONTROL_ASSERTED->UNKNOWN	Participants received 100 mg of M3814 along with radiotherapy (RT) at 3 grays (Gy) once daily (QD) starting on Day 1 for 5 days per week for 2 weeks in combination with intravenous infusion of Avelumab at a dose of 800 mg Q2W starting from Day 1 until PD or unacceptable toxicity. M3814 will be administered without food.	NEWLINE_TO_SPACE;CUT_AT_400_CHARS;TSV_WRITE_NORMALISES_TAB_AND_NEWLINE;ORIGINAL_RETRIEVABLE_ONLY_VIA_the cached source record	321
NCT03724890	Part B: Number of Participants With Confirmed Best Overall Response (BOR) as Assessed by Response Evaluation Criteria in Solid Tumors Version 1.1 (RECIST v1.1)	Part B: M3814 150 mg BID +Avelumab 800 mg Q2W + RT	3	2018_2021	bor	3	4	ALL_ARMS_NON_CONTROL_TYPED	EXPERIMENTAL | EXPERIMENTAL | EXPERIMENTAL	PROPOSED	LEAF_CLAIM_NOT_VERIFIABLE_FROM_EXACT_SOURCE_FIELDS	DELIVERED_LEAF:LEAF-QD-group3.tsv	LEAF-OUT/LEAF-QD-group3.tsv:line 13; candidate protocolSection.armsInterventionsModule.armGroups[1].label	1	1	Part B: M3814 + Avelumab + Radiotherapy (RT)	EXPERIMENTAL									UNKNOWN_IN_THIS_CACHE	no source-field-matched arm link and no comparator wording in the group record			NOT_ESTABLISHED_REGISTRY_JOIN_FIELDS_ABSENT_FROM_THIS_CACHE	ALL_REGISTERED_ARMS_NON_COMPARATOR_TYPED_CONDITIONAL	ASSUMES_THIS_RESULTS_GROUP_IS_A_SUBSET_OF_THE_REGISTERED_ARM_SET_MEMBERSHIP_UNPROVED		LEAF_LABEL_RESOLVES_UNIQUELY	Part B: M3814 + Avelumab + Radiotherapy (RT)	LEAF-OUT/LEAF-QD-group3.tsv:line 13	RETAINED_UNVERIFIED_WITH_LOCATOR		armGroups[1].label 'Part' token shared with group title prefix; group description names radiotherapy, present only in armGroups[1].interventionNames	NEWLINE_TO_SPACE;CUT_AT_400_CHARS;TSV_WRITE_NORMALISES_TAB_AND_NEWLINE;ORIGINAL_RETRIEVABLE_ONLY_VIA_leaf_claim_locator	148	NO	NO	CONFIRMED	LEAF_WITHIN_RECORD_RELATION	Part B: M3814 + Avelumab + Radiotherapy (RT)	NOT_CONTROL_CONFIRMED	UNKNOWN	CHANGED_CLASS:NOT_CONTROL_ASSERTED->UNKNOWN	Participants received 150 mg of M3814 along with RT at 3 Gy QD starting on Day 1 for 5 days per week for 2 weeks in combination with intravenous infusion of Avelumab at a dose of 800 mg Q2W starting from Day 1 until PD or unacceptable toxicity. M3814 will be administered without food.	NEWLINE_TO_SPACE;CUT_AT_400_CHARS;TSV_WRITE_NORMALISES_TAB_AND_NEWLINE;ORIGINAL_RETRIEVABLE_ONLY_VIA_the cached source record	285
NCT03724890	Part B: Number of Participants With Confirmed Best Overall Response (BOR) as Assessed by Response Evaluation Criteria in Solid Tumors Version 1.1 (RECIST v1.1)	Part B: M3814 200 mg BID + Avelumab 800 mg Q2W + RT	3	2018_2021	bor	3	4	ALL_ARMS_NON_CONTROL_TYPED	EXPERIMENTAL | EXPERIMENTAL | EXPERIMENTAL	PROPOSED	LEAF_CLAIM_NOT_VERIFIABLE_FROM_EXACT_SOURCE_FIELDS	DELIVERED_LEAF:LEAF-QD-group3.tsv	LEAF-OUT/LEAF-QD-group3.tsv:line 14; candidate protocolSection.armsInterventionsModule.armGroups[1].label	1	1	Part B: M3814 + Avelumab + Radiotherapy (RT)	EXPERIMENTAL									UNKNOWN_IN_THIS_CACHE	no source-field-matched arm link and no comparator wording in the group record			NOT_ESTABLISHED_REGISTRY_JOIN_FIELDS_ABSENT_FROM_THIS_CACHE	ALL_REGISTERED_ARMS_NON_COMPARATOR_TYPED_CONDITIONAL	ASSUMES_THIS_RESULTS_GROUP_IS_A_SUBSET_OF_THE_REGISTERED_ARM_SET_MEMBERSHIP_UNPROVED		LEAF_LABEL_RESOLVES_UNIQUELY	Part B: M3814 + Avelumab + Radiotherapy (RT)	LEAF-OUT/LEAF-QD-group3.tsv:line 14	RETAINED_UNVERIFIED_WITH_LOCATOR		armGroups[1].label 'Part' token shared with group title prefix; group description names radiotherapy, present only in armGroups[1].interventionNames	NEWLINE_TO_SPACE;CUT_AT_400_CHARS;TSV_WRITE_NORMALISES_TAB_AND_NEWLINE;ORIGINAL_RETRIEVABLE_ONLY_VIA_leaf_claim_locator	148	NO	NO	CONFIRMED	LEAF_WITHIN_RECORD_RELATION	Part B: M3814 + Avelumab + Radiotherapy (RT)	NOT_CONTROL_CONFIRMED	UNKNOWN	CHANGED_CLASS:NOT_CONTROL_ASSERTED->UNKNOWN	Participants received 200 mg of M3814 along with RT at 3 Gy QD starting on Day 1 for 5 days per week for 2 weeks in combination with intravenous infusion of Avelumab at a dose of 800 mg Q2W starting from Day 1 until PD or unacceptable toxicity. M3814 will be administered without food.	NEWLINE_TO_SPACE;CUT_AT_400_CHARS;TSV_WRITE_NORMALISES_TAB_AND_NEWLINE;ORIGINAL_RETRIEVABLE_ONLY_VIA_the cached source record	285
NCT03724890	Part B: Number of Participants With Confirmed Best Overall Response (BOR) as Assessed by Response Evaluation Criteria in Solid Tumors Version 1.1 (RECIST v1.1)	Part B: M3814 250 mg BID + Avelumab 800 mg Q2W + RT	5	2018_2021	bor	3	4	ALL_ARMS_NON_CONTROL_TYPED	EXPERIMENTAL | EXPERIMENTAL | EXPERIMENTAL	PROPOSED	LEAF_CLAIM_NOT_VERIFIABLE_FROM_EXACT_SOURCE_FIELDS	DELIVERED_LEAF:LEAF-QD-group3.tsv	LEAF-OUT/LEAF-QD-group3.tsv:line 15; candidate protocolSection.armsInterventionsModule.armGroups[1].label	1	1	Part B: M3814 + Avelumab + Radiotherapy (RT)	EXPERIMENTAL									UNKNOWN_IN_THIS_CACHE	no source-field-matched arm link and no comparator wording in the group record			NOT_ESTABLISHED_REGISTRY_JOIN_FIELDS_ABSENT_FROM_THIS_CACHE	ALL_REGISTERED_ARMS_NON_COMPARATOR_TYPED_CONDITIONAL	ASSUMES_THIS_RESULTS_GROUP_IS_A_SUBSET_OF_THE_REGISTERED_ARM_SET_MEMBERSHIP_UNPROVED		LEAF_LABEL_RESOLVES_UNIQUELY	Part B: M3814 + Avelumab + Radiotherapy (RT)	LEAF-OUT/LEAF-QD-group3.tsv:line 15	RETAINED_UNVERIFIED_WITH_LOCATOR		armGroups[1].label 'Part' token shared with group title prefix; group description names radiotherapy, present only in armGroups[1].interventionNames	NEWLINE_TO_SPACE;CUT_AT_400_CHARS;TSV_WRITE_NORMALISES_TAB_AND_NEWLINE;ORIGINAL_RETRIEVABLE_ONLY_VIA_leaf_claim_locator	148	NO	NO	CONFIRMED	LEAF_WITHIN_RECORD_RELATION	Part B: M3814 + Avelumab + Radiotherapy (RT)	NOT_CONTROL_CONFIRMED	UNKNOWN	CHANGED_CLASS:NOT_CONTROL_ASSERTED->UNKNOWN	Participants received 250 mg of M3814 along with RT at 3 Gy QD starting on Day 1 for 5 days per week for 2 weeks in combination with intravenous infusion of Avelumab at a dose of 800 mg Q2W starting from Day 1 until PD or unacceptable toxicity. M3814 will be administered without food.	NEWLINE_TO_SPACE;CUT_AT_400_CHARS;TSV_WRITE_NORMALISES_TAB_AND_NEWLINE;ORIGINAL_RETRIEVABLE_ONLY_VIA_the cached source record	285
NCT03724890	Part FE: Number of Participants With Confirmed Best Overall Response (BOR) as Assessed by Response Evaluation Criteria in Solid Tumors Version 1.1 (RECIST v1.1)	Part Food Effect: M3814 100 mg BID + Avelumab 800 mg Q2W	3	2018_2021	bor	3	2	ALL_ARMS_NON_CONTROL_TYPED	EXPERIMENTAL | EXPERIMENTAL | EXPERIMENTAL	PROPOSED	LEAF_CLAIM_NOT_VERIFIABLE_FROM_EXACT_SOURCE_FIELDS	DELIVERED_LEAF:LEAF-QD-group3.tsv	LEAF-OUT/LEAF-QD-group3.tsv:line 16; candidate protocolSection.armsInterventionsModule.armGroups[2].label	1	2	Part FE: M3814 + Avelumab (fasted/fed state)	EXPERIMENTAL									UNKNOWN_IN_THIS_CACHE	no source-field-matched arm link and no comparator wording in the group record			NOT_ESTABLISHED_REGISTRY_JOIN_FIELDS_ABSENT_FROM_THIS_CACHE	ALL_REGISTERED_ARMS_NON_COMPARATOR_TYPED_CONDITIONAL	ASSUMES_THIS_RESULTS_GROUP_IS_A_SUBSET_OF_THE_REGISTERED_ARM_SET_MEMBERSHIP_UNPROVED		LEAF_LABEL_RESOLVES_UNIQUELY	Part FE: M3814 + Avelumab (fasted/fed state)	LEAF-OUT/LEAF-QD-group3.tsv:line 16	RETAINED_UNVERIFIED_WITH_LOCATOR		armGroups[2].label 'Part' token shared with group title prefix; group description names fasted/fed, matching armGroups[2].label '(fasted/fed state)'	NEWLINE_TO_SPACE;CUT_AT_400_CHARS;TSV_WRITE_NORMALISES_TAB_AND_NEWLINE;ORIGINAL_RETRIEVABLE_ONLY_VIA_leaf_claim_locator	148	NO	NO	CONFIRMED	LEAF_WITHIN_RECORD_RELATION	Part FE: M3814 + Avelumab (fasted/fed state)	NOT_CONTROL_CONFIRMED	UNKNOWN	CHANGED_CLASS:NOT_CONTROL_ASSERTED->UNKNOWN	Participants were administered 100 mg M3814 tablet orally BID in combination with i.v of avelumab at a dose of 800 mg Q2W throughout the whole study under fasted condition with the exception of fed condition on Day 1 and Day 22. The summary statistics for demographics, safety and efficacy is based on dose level but not fast/fed condition which is not fit for purpose.	NEWLINE_TO_SPACE;CUT_AT_400_CHARS;TSV_WRITE_NORMALISES_TAB_AND_NEWLINE;ORIGINAL_RETRIEVABLE_ONLY_VIA_the cached source record	369
NCT03724890	Part FE: Number of Participants With Confirmed Best Overall Response (BOR) as Assessed by Response Evaluation Criteria in Solid Tumors Version 1.1 (RECIST v1.1)	Part Food Effect: M3814 200 mg BID + Avelumab 800 mg Q2W	3	2018_2021	bor	3	2	ALL_ARMS_NON_CONTROL_TYPED	EXPERIMENTAL | EXPERIMENTAL | EXPERIMENTAL	PROPOSED	LEAF_CLAIM_NOT_VERIFIABLE_FROM_EXACT_SOURCE_FIELDS	DELIVERED_LEAF:LEAF-QD-group3.tsv	LEAF-OUT/LEAF-QD-group3.tsv:line 17; candidate protocolSection.armsInterventionsModule.armGroups[2].label	1	2	Part FE: M3814 + Avelumab (fasted/fed state)	EXPERIMENTAL									UNKNOWN_IN_THIS_CACHE	no source-field-matched arm link and no comparator wording in the group record			NOT_ESTABLISHED_REGISTRY_JOIN_FIELDS_ABSENT_FROM_THIS_CACHE	ALL_REGISTERED_ARMS_NON_COMPARATOR_TYPED_CONDITIONAL	ASSUMES_THIS_RESULTS_GROUP_IS_A_SUBSET_OF_THE_REGISTERED_ARM_SET_MEMBERSHIP_UNPROVED		LEAF_LABEL_RESOLVES_UNIQUELY	Part FE: M3814 + Avelumab (fasted/fed state)	LEAF-OUT/LEAF-QD-group3.tsv:line 17	RETAINED_UNVERIFIED_WITH_LOCATOR		armGroups[2].label 'Part' token shared with group title prefix; group description names fasted/fed, matching armGroups[2].label '(fasted/fed state)'	NEWLINE_TO_SPACE;CUT_AT_400_CHARS;TSV_WRITE_NORMALISES_TAB_AND_NEWLINE;ORIGINAL_RETRIEVABLE_ONLY_VIA_leaf_claim_locator	148	NO	NO	CONFIRMED	LEAF_WITHIN_RECORD_RELATION	Part FE: M3814 + Avelumab (fasted/fed state)	NOT_CONTROL_CONFIRMED	UNKNOWN	CHANGED_CLASS:NOT_CONTROL_ASSERTED->UNKNOWN	Participants were administered 200 mg M3814 tablet orally BID in combination with i.v of avelumab at a dose of 800 mg Q2W throughout the whole study under fasted condition with the exception of fed condition on Day 1 and Day 22. The summary statistics for demographics, safety and efficacy is based on dose level but not fast/fed condition which is not fit for purpose.	NEWLINE_TO_SPACE;CUT_AT_400_CHARS;TSV_WRITE_NORMALISES_TAB_AND_NEWLINE;ORIGINAL_RETRIEVABLE_ONLY_VIA_the cached source record	369
NCT03409614	Part 1: Best Overall Response (BOR) Per IRC	Part 1: Cemiplimab + Chemotherapy	89	2018_2021	bor	5	3	ALL_ARMS_NON_CONTROL_TYPED	OTHER | EXPERIMENTAL | EXPERIMENTAL | EXPERIMENTAL | EXPERIMENTAL	PROPOSED	LEAF_CLAIM_NOT_VERIFIABLE_FROM_EXACT_SOURCE_FIELDS	DELIVERED_LEAF:LEAF-QD-group2.tsv	LEAF-OUT/LEAF-QD-group2.tsv:line 126; candidate protocolSection.armsInterventionsModule.armGroups[1].label	1	1	REGN2810+Chemo Part 1	EXPERIMENTAL									UNKNOWN_IN_THIS_CACHE	no source-field-matched arm link and no comparator wording in the group record			NOT_ESTABLISHED_REGISTRY_JOIN_FIELDS_ABSENT_FROM_THIS_CACHE	ALL_REGISTERED_ARMS_NON_COMPARATOR_TYPED_CONDITIONAL	ASSUMES_THIS_RESULTS_GROUP_IS_A_SUBSET_OF_THE_REGISTERED_ARM_SET_MEMBERSHIP_UNPROVED		LEAF_LABEL_RESOLVES_UNIQUELY	REGN2810+Chemo Part 1	LEAF-OUT/LEAF-QD-group2.tsv:line 126	RETAINED_UNVERIFIED_WITH_LOCATOR		armGroups[1].description 'Part 1: REGN2810+chemo'; the record partitions both its arms and its outcome-measure titles into Part 1 (3 arms, 3 groups) and Part 2 (2 arms, 2 groups), giving a bijection within each part	NEWLINE_TO_SPACE;CUT_AT_400_CHARS;TSV_WRITE_NORMALISES_TAB_AND_NEWLINE;ORIGINAL_RETRIEVABLE_ONLY_VIA_leaf_claim_locator	215	NO	NO	CONFIRMED	LEAF_WITHIN_RECORD_RELATION	REGN2810+Chemo Part 1	NOT_CONTROL_CONFIRMED	UNKNOWN_WEAK_MATCH_ONLY	CHANGED_CLASS:NOT_CONTROL_ASSERTED->UNKNOWN	Participants received cemiplimab plus platinum-based doublet chemotherapy	NEWLINE_TO_SPACE;CUT_AT_400_CHARS;TSV_WRITE_NORMALISES_TAB_AND_NEWLINE;ORIGINAL_RETRIEVABLE_ONLY_VIA_the cached source record	73
NCT03409614	Part 1: Best Overall Response (BOR) Per IRC	Part 1: Cemiplimab+AbbrevChemo+Ipilimumab	99	2018_2021	bor	5	3	ALL_ARMS_NON_CONTROL_TYPED	OTHER | EXPERIMENTAL | EXPERIMENTAL | EXPERIMENTAL | EXPERIMENTAL	PROPOSED	LEAF_CLAIM_NOT_VERIFIABLE_FROM_EXACT_SOURCE_FIELDS	DELIVERED_LEAF:LEAF-QD-group2.tsv	LEAF-OUT/LEAF-QD-group2.tsv:line 127; candidate protocolSection.armsInterventionsModule.armGroups[2].label	1	2	REGN2810+AbbrevChemo+ipi	EXPERIMENTAL									UNKNOWN_IN_THIS_CACHE	no source-field-matched arm link and no comparator wording in the group record			NOT_ESTABLISHED_REGISTRY_JOIN_FIELDS_ABSENT_FROM_THIS_CACHE	ALL_REGISTERED_ARMS_NON_COMPARATOR_TYPED_CONDITIONAL	ASSUMES_THIS_RESULTS_GROUP_IS_A_SUBSET_OF_THE_REGISTERED_ARM_SET_MEMBERSHIP_UNPROVED		LEAF_LABEL_RESOLVES_UNIQUELY	REGN2810+AbbrevChemo+ipi	LEAF-OUT/LEAF-QD-group2.tsv:line 127	RETAINED_UNVERIFIED_WITH_LOCATOR		armGroups[2].description 'Part 1: REGN2810+abbrev chemo+ipi' (unique on the abbrev-chemo + ipilimumab tokens); the record partitions both its arms and its outcome-measure titles into Part 1 (3 arms, 3 groups) and Part 2 (2 arms, 2 groups), giving a bijection within each part	NEWLINE_TO_SPACE;CUT_AT_400_CHARS;TSV_WRITE_NORMALISES_TAB_AND_NEWLINE;ORIGINAL_RETRIEVABLE_ONLY_VIA_leaf_claim_locator	275	NO	NO	CONFIRMED	LEAF_WITHIN_RECORD_RELATION	REGN2810+AbbrevChemo+ipi	NOT_CONTROL_CONFIRMED	UNKNOWN_WEAK_MATCH_ONLY	CHANGED_CLASS:NOT_CONTROL_ASSERTED->UNKNOWN	Participants received cemiplimab plus platinum-based doublet chemotherapy and ipilimumab	NEWLINE_TO_SPACE;CUT_AT_400_CHARS;TSV_WRITE_NORMALISES_TAB_AND_NEWLINE;ORIGINAL_RETRIEVABLE_ONLY_VIA_the cached source record	88
NCT03409614	Part 1: Best Overall Response (BOR) Per IRC	Part 1: Chemotherapy	89	2018_2021	bor	5	3	ALL_ARMS_NON_CONTROL_TYPED	OTHER | EXPERIMENTAL | EXPERIMENTAL | EXPERIMENTAL | EXPERIMENTAL	PROPOSED	LEAF_CLAIM_NOT_VERIFIABLE_FROM_EXACT_SOURCE_FIELDS	DELIVERED_LEAF:LEAF-QD-group2.tsv	LEAF-OUT/LEAF-QD-group2.tsv:line 128; candidate protocolSection.armsInterventionsModule.armGroups[0].label	1	0	Chemo	OTHER									UNKNOWN_IN_THIS_CACHE	no source-field-matched arm link and no comparator wording in the group record			NOT_ESTABLISHED_REGISTRY_JOIN_FIELDS_ABSENT_FROM_THIS_CACHE	ALL_REGISTERED_ARMS_NON_COMPARATOR_TYPED_CONDITIONAL	ASSUMES_THIS_RESULTS_GROUP_IS_A_SUBSET_OF_THE_REGISTERED_ARM_SET_MEMBERSHIP_UNPROVED		LEAF_LABEL_RESOLVES_UNIQUELY	Chemo	LEAF-OUT/LEAF-QD-group2.tsv:line 128	RETAINED_UNVERIFIED_WITH_LOCATOR		armGroups[0].label 'Chemo', description 'Part 1: Chemotherapy'; the record partitions both its arms and its outcome-measure titles into Part 1 (3 arms, 3 groups) and Part 2 (2 arms, 2 groups), giving a bijection within each part	NEWLINE_TO_SPACE;CUT_AT_400_CHARS;TSV_WRITE_NORMALISES_TAB_AND_NEWLINE;ORIGINAL_RETRIEVABLE_ONLY_VIA_leaf_claim_locator	228	NO	NO	CONFIRMED	LEAF_WITHIN_RECORD_RELATION	Chemo	NOT_CONTROL_CONFIRMED	UNKNOWN_WEAK_MATCH_ONLY	CHANGED_CLASS:NOT_CONTROL_ASSERTED->UNKNOWN	Participants received platinum-based doublet chemotherapy	NEWLINE_TO_SPACE;CUT_AT_400_CHARS;TSV_WRITE_NORMALISES_TAB_AND_NEWLINE;ORIGINAL_RETRIEVABLE_ONLY_VIA_the cached source record	57
NCT03409614	Part 2: BOR Per IRC	Part 2: Cemiplimab + Chemotherapy	279	2018_2021	bor	5	2	ALL_ARMS_NON_CONTROL_TYPED	OTHER | EXPERIMENTAL | EXPERIMENTAL | EXPERIMENTAL | EXPERIMENTAL	PROPOSED	LEAF_CLAIM_NOT_VERIFIABLE_FROM_EXACT_SOURCE_FIELDS	DELIVERED_LEAF:LEAF-QD-group2.tsv	LEAF-OUT/LEAF-QD-group2.tsv:line 129; candidate protocolSection.armsInterventionsModule.armGroups[4].label	1	4	REGN2810+Chemo Part 2	EXPERIMENTAL									UNKNOWN_IN_THIS_CACHE	no source-field-matched arm link and no comparator wording in the group record			NOT_ESTABLISHED_REGISTRY_JOIN_FIELDS_ABSENT_FROM_THIS_CACHE	ALL_REGISTERED_ARMS_NON_COMPARATOR_TYPED_CONDITIONAL	ASSUMES_THIS_RESULTS_GROUP_IS_A_SUBSET_OF_THE_REGISTERED_ARM_SET_MEMBERSHIP_UNPROVED		LEAF_LABEL_RESOLVES_UNIQUELY	REGN2810+Chemo Part 2	LEAF-OUT/LEAF-QD-group2.tsv:line 129	RETAINED_UNVERIFIED_WITH_LOCATOR		armGroups[4].description 'Part 2: REGN2810+chemo'; the record partitions both its arms and its outcome-measure titles into Part 1 (3 arms, 3 groups) and Part 2 (2 arms, 2 groups), giving a bijection within each part	NEWLINE_TO_SPACE;CUT_AT_400_CHARS;TSV_WRITE_NORMALISES_TAB_AND_NEWLINE;ORIGINAL_RETRIEVABLE_ONLY_VIA_leaf_claim_locator	215	NO	NO	CONFIRMED	LEAF_WITHIN_RECORD_RELATION	REGN2810+Chemo Part 2	NOT_CONTROL_CONFIRMED	UNKNOWN_WEAK_MATCH_ONLY	CHANGED_CLASS:NOT_CONTROL_ASSERTED->UNKNOWN	Participants received cemiplimab plus platinum-based doublet chemotherapy	NEWLINE_TO_SPACE;CUT_AT_400_CHARS;TSV_WRITE_NORMALISES_TAB_AND_NEWLINE;ORIGINAL_RETRIEVABLE_ONLY_VIA_the cached source record	73
NCT03409614	Part 2: BOR Per IRC	Part 2: Placebo + Chemotherapy	133	2018_2021	bor	5	2	ALL_ARMS_NON_CONTROL_TYPED	OTHER | EXPERIMENTAL | EXPERIMENTAL | EXPERIMENTAL | EXPERIMENTAL	PROPOSED	LEAF_CLAIM_NOT_VERIFIABLE_FROM_EXACT_SOURCE_FIELDS	DELIVERED_LEAF:LEAF-QD-group2.tsv	LEAF-OUT/LEAF-QD-group2.tsv:line 130; candidate protocolSection.armsInterventionsModule.armGroups[3].label	1	3	Placebo+Chemo	EXPERIMENTAL									COMPARATOR_PROPOSED_BY_GROUP_TEXT_PLACEBO	group record states placebo/sham; no source-field-matched registry link		GROUP_TEXT_PLACEBO_OR_SHAM_WORDING	NOT_ESTABLISHED_REGISTRY_JOIN_FIELDS_ABSENT_FROM_THIS_CACHE	ALL_REGISTERED_ARMS_NON_COMPARATOR_TYPED_CONDITIONAL	ASSUMES_THIS_RESULTS_GROUP_IS_A_SUBSET_OF_THE_REGISTERED_ARM_SET_MEMBERSHIP_UNPROVED	PLACEBO_CLAIM_WITHOUT_ANY_PLACEBO_TYPED_ARM_IN_THIS_CACHE	LEAF_LABEL_RESOLVES_UNIQUELY	Placebo+Chemo	LEAF-OUT/LEAF-QD-group2.tsv:line 130	RETAINED_UNVERIFIED_WITH_LOCATOR		armGroups[3].label 'Placebo+Chemo', description 'Part 2: Placebo plus chemo'; the record partitions both its arms and its outcome-measure titles into Part 1 (3 arms, 3 groups) and Part 2 (2 arms, 2 groups), giving a bijection within each part	NEWLINE_TO_SPACE;CUT_AT_400_CHARS;TSV_WRITE_NORMALISES_TAB_AND_NEWLINE;ORIGINAL_RETRIEVABLE_ONLY_VIA_leaf_claim_locator	242	NO	NO	CONFIRMED	LEAF_WITHIN_RECORD_RELATION	Placebo+Chemo	CONTESTED	CONTROL_PLACEBO_BY_GROUP_TEXT	CHANGED_CLASS:CONTESTED->COMPARATOR_PROPOSED	Placebo matching cemiplimab plus platinum-based doublet chemotherapy	NEWLINE_TO_SPACE;CUT_AT_400_CHARS;TSV_WRITE_NORMALISES_TAB_AND_NEWLINE;ORIGINAL_RETRIEVABLE_ONLY_VIA_the cached source record	68
NCT03750786	Overall Response Rate	Group A	231	2018_2021	bor	2	2	MIXED_ARM_TYPES	EXPERIMENTAL | ACTIVE_COMPARATOR	LABEL_MATCH	LABEL_FIELD_MATCH_ONLY:LABEL_BYTE_EXACT	SOURCE_RECORD	protocolSection.armsInterventionsModule.armGroups[0].label	1	0	Group A	EXPERIMENTAL	0	Group A	EXPERIMENTAL						NOT_ESTABLISHED_IN_THIS_CACHE	bound arm 0 registered type EXPERIMENTAL (verbatim). A registered type of EXPERIMENTAL/OTHER is not evidence that this group had no comparator role; no comparator evidence exists in this cache either way			NOT_ESTABLISHED_REGISTRY_JOIN_FIELDS_ABSENT_FROM_THIS_CACHE	BOUND_ARM_REGISTERED_TYPE_IS_EXPERIMENTAL	ASSUMES_LABEL_FIELD_CORRESPONDENCE_IS_ARM_IDENTITY_UNPROVED		NO_LEAF									NO	CONFIRMED	LABEL_BYTE_EXACT	Group A	NOT_CONTROL_CONFIRMED	NOT_CONTROL	CHANGED_CLASS:NOT_CONTROL_ASSERTED->NOT_ESTABLISHED	ARFOX (Arfolitixorin and 5-FU and Oxaliplatin) and Bevacizumab  Arfolitixorin: Arfolitixorin and 5-FU and Oxaliplatin and Bevacizumab	NEWLINE_TO_SPACE;CUT_AT_400_CHARS;TSV_WRITE_NORMALISES_TAB_AND_NEWLINE;ORIGINAL_RETRIEVABLE_ONLY_VIA_the cached source record	133
NCT03750786	Overall Response Rate	Group B	218	2018_2021	bor	2	2	MIXED_ARM_TYPES	EXPERIMENTAL | ACTIVE_COMPARATOR	LABEL_MATCH	LABEL_FIELD_MATCH_ONLY:LABEL_BYTE_EXACT	SOURCE_RECORD	protocolSection.armsInterventionsModule.armGroups[1].label	1	1	Group B	ACTIVE_COMPARATOR	1	Group B	ACTIVE_COMPARATOR						COMPARATOR_PROPOSED_BY_LABEL_FIELD_MATCHED_ARM_TYPE	arm 1 bound by label correspondence only (LABEL_FIELD_MATCH_ONLY:LABEL_BYTE_EXACT); registered type ACTIVE_COMPARATOR; the group-arm identity is not independently source-field-matched	ASSUMES_LABEL_FIELD_CORRESPONDENCE_IS_ARM_IDENTITY_UNPROVED		NOT_ESTABLISHED_REGISTRY_JOIN_FIELDS_ABSENT_FROM_THIS_CACHE	BOUND_ARM_REGISTERED_TYPE_IS_ACTIVE_COMPARATOR	ASSUMES_LABEL_FIELD_CORRESPONDENCE_IS_ARM_IDENTITY_UNPROVED		NO_LEAF									NO	CONFIRMED	LABEL_BYTE_EXACT	Group B	CONTROL_ACTIVE_COMPARATOR_CONFIRMED	CONTROL_ACTIVE_COMPARATOR	CHANGED_CLASS:COMPARATOR_TYPE_INFERRED->COMPARATOR_PROPOSED	mFOLFOX-6 (Leucovorin and 5-FU and Oxaliplatin) and Bevacizumab  Leucovorin: Leucovorin and 5-FU and Oxaliplatin and Bevacizumab	NEWLINE_TO_SPACE;CUT_AT_400_CHARS;TSV_WRITE_NORMALISES_TAB_AND_NEWLINE;ORIGINAL_RETRIEVABLE_ONLY_VIA_the cached source record	128
NCT04387071	Disease Control Rate	Treatment (CMP-001, INCAGN01949)	2	2018_2021	bor	7	1	ALL_ARMS_NON_CONTROL_TYPED	EXPERIMENTAL | EXPERIMENTAL | EXPERIMENTAL | EXPERIMENTAL | EXPERIMENTAL | EXPERIMENTAL | EXPERIMENTAL	UNRESOLVED	LEAF_CLAIM_LEAF_CLAIMS_MULTIPLE_ARMS	DELIVERED_LEAF:LEAF-QD-group3.tsv	LEAF-OUT/LEAF-QD-group3.tsv:line 73	7	0|1|2|3|4|5|6	Dose Level 1 (CMP-001, INCAGN01949) | Dose Level -1 (CMP-001, INCAGN01949) | Dose Level 2 (CMP-001, INCAGN01949) | Dose Level 3 (CMP-001, INCAGN01949) | Dose Level 4 (CMP-001, INCAGN01949 | Dose Level 5 (CMP-001, INCAGN01949) | Dose Level 6 (CMP-001, INCAGN01949)	EXPERIMENTAL | EXPERIMENTAL | EXPERIMENTAL | EXPERIMENTAL | EXPERIMENTAL | EXPERIMENTAL | EXPERIMENTAL									UNKNOWN_IN_THIS_CACHE	no source-field-matched arm link and no comparator wording in the group record			NOT_ESTABLISHED_REGISTRY_JOIN_FIELDS_ABSENT_FROM_THIS_CACHE	ALL_REGISTERED_ARMS_NON_COMPARATOR_TYPED_CONDITIONAL	ASSUMES_THIS_RESULTS_GROUP_IS_A_SUBSET_OF_THE_REGISTERED_ARM_SET_MEMBERSHIP_UNPROVED		LEAF_CLAIMS_MULTIPLE_ARMS	Dose Level 1 (CMP-001, INCAGN01949)|Dose Level -1 (CMP-001, INCAGN01949)|Dose Level 2 (CMP-001, INCAGN01949)|Dose Level 3 (CMP-001, INCAGN01949)|Dose Level 4 (CMP-001, INCAGN01949|Dose Level 5 (CMP-001, INCAGN01949)|Dose Level 6 (CMP-001, INCAGN01949)	LEAF-OUT/LEAF-QD-group3.tsv:line 73	NOT_VERIFIABLE_IN_THIS_CACHE		armGroups[*].type: all 7 registered dose-level arms are EXPERIMENTAL	NEWLINE_TO_SPACE;CUT_AT_400_CHARS;TSV_WRITE_NORMALISES_TAB_AND_NEWLINE;ORIGINAL_RETRIEVABLE_ONLY_VIA_leaf_claim_locator	68	NO	NO	CONFIRMED_TYPE_ONLY	LEAF_ARM_SET_TYPE_INVARIANT		NOT_CONTROL_BY_ARM_SET_TYPE_INVARIANT	UNKNOWN	CHANGED_CLASS:NOT_CONTROL_ASSERTED->UNKNOWN	Patients receive CMP-001 SC on day 1 of weeks 1 and 2 and IT on day 1 of weeks 3-6 in the absence of disease progression or unacceptable toxicity. Patients also receive INCAGN01949 IT on day 1 of weeks 3-6 in the absence of disease progression or unacceptable toxicity.  Agonistic Anti-OX40 Monoclonal Antibody INCAGN01949: Given IT  VLP-encapsulated TLR9 Agonist CMP-001: Given SC and IT	NEWLINE_TO_SPACE;CUT_AT_400_CHARS;TSV_WRITE_NORMALISES_TAB_AND_NEWLINE;ORIGINAL_RETRIEVABLE_ONLY_VIA_the cached source record	388
NCT03386357	Response Rate According to RECIST	A (Pembrolizumab+RT)	47	2018_2021	bor	2	2	MIXED_ARM_TYPES	EXPERIMENTAL | ACTIVE_COMPARATOR	LABEL_MATCH	LABEL_FIELD_MATCH_ONLY:LABEL_CASE_WS_FOLD	SOURCE_RECORD	protocolSection.armsInterventionsModule.armGroups[0].label	1	0	A (pembrolizumab+RT)	EXPERIMENTAL	0	A (pembrolizumab+RT)	EXPERIMENTAL						NOT_ESTABLISHED_IN_THIS_CACHE	bound arm 0 registered type EXPERIMENTAL (verbatim). A registered type of EXPERIMENTAL/OTHER is not evidence that this group had no comparator role; no comparator evidence exists in this cache either way			NOT_ESTABLISHED_REGISTRY_JOIN_FIELDS_ABSENT_FROM_THIS_CACHE	BOUND_ARM_REGISTERED_TYPE_IS_EXPERIMENTAL	ASSUMES_LABEL_FIELD_CORRESPONDENCE_IS_ARM_IDENTITY_UNPROVED		NO_LEAF									NO	CONFIRMED	LABEL_CASE_AND_WHITESPACE_ONLY	A (pembrolizumab+RT)	NOT_CONTROL_CONFIRMED	NOT_CONTROL	CHANGED_CLASS:NOT_CONTROL_ASSERTED->NOT_ESTABLISHED	Pembrolizumab (200mg absolute, q3w) combined with radiotherapy (12x3Gy) of one, two or three metastases.  A (pembrolizumab+RT): Pembrolizumab (200mg absolute, q3w) combined with radiotherapy (12x3Gy) of one, two or three metastases. Only metastases that perspectively require radiotherapy will be treated. The irradiated tumor volume must be at least 10cm³. Radiotherapy of brain metastases is not al	NEWLINE_TO_SPACE;CUT_AT_400_CHARS;TSV_WRITE_NORMALISES_TAB_AND_NEWLINE;ORIGINAL_RETRIEVABLE_ONLY_VIA_the cached source record	406
NCT03386357	Response Rate According to RECIST	B (Pembrolizumab)	46	2018_2021	bor	2	2	MIXED_ARM_TYPES	EXPERIMENTAL | ACTIVE_COMPARATOR	LABEL_MATCH	LABEL_FIELD_MATCH_ONLY:LABEL_CASE_WS_FOLD	SOURCE_RECORD	protocolSection.armsInterventionsModule.armGroups[1].label	1	1	B (pembrolizumab)	ACTIVE_COMPARATOR	1	B (pembrolizumab)	ACTIVE_COMPARATOR						COMPARATOR_PROPOSED_BY_LABEL_FIELD_MATCHED_ARM_TYPE	arm 1 bound by label correspondence only (LABEL_FIELD_MATCH_ONLY:LABEL_CASE_WS_FOLD); registered type ACTIVE_COMPARATOR; the group-arm identity is not independently source-field-matched	ASSUMES_LABEL_FIELD_CORRESPONDENCE_IS_ARM_IDENTITY_UNPROVED		NOT_ESTABLISHED_REGISTRY_JOIN_FIELDS_ABSENT_FROM_THIS_CACHE	BOUND_ARM_REGISTERED_TYPE_IS_ACTIVE_COMPARATOR	ASSUMES_LABEL_FIELD_CORRESPONDENCE_IS_ARM_IDENTITY_UNPROVED		NO_LEAF									NO	CONFIRMED	LABEL_CASE_AND_WHITESPACE_ONLY	B (pembrolizumab)	CONTROL_ACTIVE_COMPARATOR_CONFIRMED	CONTROL_ACTIVE_COMPARATOR	CHANGED_CLASS:COMPARATOR_TYPE_INFERRED->COMPARATOR_PROPOSED	Pembrolizumab (200mg absolute, q3w) without radiotherapy  B (pembrolizumab): Pembrolizumab (200mg absolute, q3w)	NEWLINE_TO_SPACE;CUT_AT_400_CHARS;TSV_WRITE_NORMALISES_TAB_AND_NEWLINE;ORIGINAL_RETRIEVABLE_ONLY_VIA_the cached source record	112
NCT03854227	Part 2: Number of Participants With Best Overall Response (BOR) Based on Investigator Assessment (RECIST, Version 1.1)	Part 2A: [2L+ Non-small Cell Lung Cancer (NSCLC)] PF-06939999 6mg QD	9	2018_2021	bor	6	3	ALL_ARMS_NON_CONTROL_TYPED	EXPERIMENTAL | EXPERIMENTAL | EXPERIMENTAL | EXPERIMENTAL | EXPERIMENTAL | EXPERIMENTAL	PROPOSED	LEAF_CLAIM_NOT_VERIFIABLE_FROM_EXACT_SOURCE_FIELDS	DELIVERED_LEAF:LEAF-QD-group3.tsv	LEAF-OUT/LEAF-QD-group3.tsv:line 41; candidate protocolSection.armsInterventionsModule.armGroups[1].label	1	1	Non small cell lung cancer monotherapy	EXPERIMENTAL									UNKNOWN_IN_THIS_CACHE	no source-field-matched arm link and no comparator wording in the group record			NOT_ESTABLISHED_REGISTRY_JOIN_FIELDS_ABSENT_FROM_THIS_CACHE	ALL_REGISTERED_ARMS_NON_COMPARATOR_TYPED_CONDITIONAL	ASSUMES_THIS_RESULTS_GROUP_IS_A_SUBSET_OF_THE_REGISTERED_ARM_SET_MEMBERSHIP_UNPROVED		LEAF_LABEL_RESOLVES_UNIQUELY	Non small cell lung cancer monotherapy	LEAF-OUT/LEAF-QD-group3.tsv:line 41	RETAINED_UNVERIFIED_WITH_LOCATOR		armGroups[1] tumour-type label matches the group-title tumour type; group description states 6 mg QD with no docetaxel, excluding armGroups[4]/[5] (PF-06939999 + docetaxel)	NEWLINE_TO_SPACE;CUT_AT_400_CHARS;TSV_WRITE_NORMALISES_TAB_AND_NEWLINE;ORIGINAL_RETRIEVABLE_ONLY_VIA_leaf_claim_locator	172	NO	NO	CONFIRMED	LEAF_WITHIN_RECORD_RELATION	Non small cell lung cancer monotherapy	NOT_CONTROL_CONFIRMED	UNKNOWN	CHANGED_CLASS:NOT_CONTROL_ASSERTED->UNKNOWN	Part 2 is dose expansion part. Participants with NSCLC who had progressed after at least 1 line of checkpoint inhibitors and 1 line of platinum based chemotherapy (2L+) received PF-06939999 6 mg QD in 28-day cycles up to 2 years or until disease progression.	NEWLINE_TO_SPACE;CUT_AT_400_CHARS;TSV_WRITE_NORMALISES_TAB_AND_NEWLINE;ORIGINAL_RETRIEVABLE_ONLY_VIA_the cached source record	258
NCT03854227	Part 2: Number of Participants With Best Overall Response (BOR) Based on Investigator Assessment (RECIST, Version 1.1)	Part 2B: (2L+ Urothelial Carcinoma) PF-06939999 6mg QD	2	2018_2021	bor	6	3	ALL_ARMS_NON_CONTROL_TYPED	EXPERIMENTAL | EXPERIMENTAL | EXPERIMENTAL | EXPERIMENTAL | EXPERIMENTAL | EXPERIMENTAL	PROPOSED	LEAF_CLAIM_NOT_VERIFIABLE_FROM_EXACT_SOURCE_FIELDS	DELIVERED_LEAF:LEAF-QD-group3.tsv	LEAF-OUT/LEAF-QD-group3.tsv:line 42; candidate protocolSection.armsInterventionsModule.armGroups[2].label	1	2	Urothelial carcinoma	EXPERIMENTAL									UNKNOWN_IN_THIS_CACHE	no source-field-matched arm link and no comparator wording in the group record			NOT_ESTABLISHED_REGISTRY_JOIN_FIELDS_ABSENT_FROM_THIS_CACHE	ALL_REGISTERED_ARMS_NON_COMPARATOR_TYPED_CONDITIONAL	ASSUMES_THIS_RESULTS_GROUP_IS_A_SUBSET_OF_THE_REGISTERED_ARM_SET_MEMBERSHIP_UNPROVED		LEAF_LABEL_RESOLVES_UNIQUELY	Urothelial carcinoma	LEAF-OUT/LEAF-QD-group3.tsv:line 42	RETAINED_UNVERIFIED_WITH_LOCATOR		armGroups[2] tumour-type label matches the group-title tumour type	NEWLINE_TO_SPACE;CUT_AT_400_CHARS;TSV_WRITE_NORMALISES_TAB_AND_NEWLINE;ORIGINAL_RETRIEVABLE_ONLY_VIA_leaf_claim_locator	66	NO	NO	CANDIDATE	LEAF_LABEL_STRING_ONLY_NOT_CONFIRMED		UNKNOWN_IN_THIS_CACHE	UNKNOWN_WEAK_MATCH_ONLY	UNCHANGED_CLASS:UNKNOWN	Participants with urothelial carcinoma who had progressed after at least 1 line of standard of care systemic chemotherapy (cisplatin/carboplatin+ Gemcitabine; or methotrexate/vinblastine sulfate/doxorubicin hydrochloride/cisplatin \[MVAC\]) and checkpoint inhibitor (2L+) received PF-06939999 6 mg QD in 28-day cycles up to 2 years or until disease progression.	NEWLINE_TO_SPACE;CUT_AT_400_CHARS;TSV_WRITE_NORMALISES_TAB_AND_NEWLINE;ORIGINAL_RETRIEVABLE_ONLY_VIA_the cached source record	361
NCT03854227	Part 2: Number of Participants With Best Overall Response (BOR) Based on Investigator Assessment (RECIST, Version 1.1)	Part 2C: [2L+ Head and Neck Squamous Cell Carcinoma (HNSCC)] PF-06939999 6mg QD	8	2018_2021	bor	6	3	ALL_ARMS_NON_CONTROL_TYPED	EXPERIMENTAL | EXPERIMENTAL | EXPERIMENTAL | EXPERIMENTAL | EXPERIMENTAL | EXPERIMENTAL	PROPOSED	LEAF_CLAIM_NOT_VERIFIABLE_FROM_EXACT_SOURCE_FIELDS	DELIVERED_LEAF:LEAF-QD-group3.tsv	LEAF-OUT/LEAF-QD-group3.tsv:line 43; candidate protocolSection.armsInterventionsModule.armGroups[3].label	1	3	Head and neck squamous cell carcinoma	EXPERIMENTAL									UNKNOWN_IN_THIS_CACHE	no source-field-matched arm link and no comparator wording in the group record			NOT_ESTABLISHED_REGISTRY_JOIN_FIELDS_ABSENT_FROM_THIS_CACHE	ALL_REGISTERED_ARMS_NON_COMPARATOR_TYPED_CONDITIONAL	ASSUMES_THIS_RESULTS_GROUP_IS_A_SUBSET_OF_THE_REGISTERED_ARM_SET_MEMBERSHIP_UNPROVED		LEAF_LABEL_RESOLVES_UNIQUELY	Head and neck squamous cell carcinoma	LEAF-OUT/LEAF-QD-group3.tsv:line 43	RETAINED_UNVERIFIED_WITH_LOCATOR		armGroups[3] tumour-type label matches the group-title tumour type	NEWLINE_TO_SPACE;CUT_AT_400_CHARS;TSV_WRITE_NORMALISES_TAB_AND_NEWLINE;ORIGINAL_RETRIEVABLE_ONLY_VIA_leaf_claim_locator	66	NO	NO	CANDIDATE	LEAF_LABEL_STRING_ONLY_NOT_CONFIRMED		UNKNOWN_IN_THIS_CACHE	UNKNOWN_WEAK_MATCH_ONLY	UNCHANGED_CLASS:UNKNOWN	Participants with HNSCC who had progressed after at least 1 line of standard of care systemic chemotherapy and 1 line of checkpoint inhibitor (2L+) received PF-06939999 6 mg QD in 28-day cycles up to 2 years or until disease progression.	NEWLINE_TO_SPACE;CUT_AT_400_CHARS;TSV_WRITE_NORMALISES_TAB_AND_NEWLINE;ORIGINAL_RETRIEVABLE_ONLY_VIA_the cached source record	237
NCT04044768	Best Overall Response (BOR) (Cohort 1)	Synovial Sarcoma	44	2018_2021	bor	1	2	ALL_ARMS_NON_CONTROL_TYPED	EXPERIMENTAL	PROPOSED	LEAF_CLAIM_NOT_VERIFIABLE_FROM_EXACT_SOURCE_FIELDS	DELIVERED_LEAF:LEAF-QD-group3.tsv	LEAF-OUT/LEAF-QD-group3.tsv:line 59; candidate protocolSection.armsInterventionsModule.armGroups[0].label	1	0	Autologous genetically modified afamitresgene autoleucel (previously ADP-A2M4) SPEAR™ T cells	EXPERIMENTAL									UNKNOWN_IN_THIS_CACHE	no source-field-matched arm link and no comparator wording in the group record			NOT_ESTABLISHED_REGISTRY_JOIN_FIELDS_ABSENT_FROM_THIS_CACHE	ALL_REGISTERED_ARMS_NON_COMPARATOR_TYPED_CONDITIONAL	ASSUMES_THIS_RESULTS_GROUP_IS_A_SUBSET_OF_THE_REGISTERED_ARM_SET_MEMBERSHIP_UNPROVED		LEAF_LABEL_RESOLVES_UNIQUELY	Autologous genetically modified afamitresgene autoleucel (previously ADP-A2M4) SPEAR™ T cells	LEAF-OUT/LEAF-QD-group3.tsv:line 59	RETAINED_UNVERIFIED_WITH_LOCATOR		sole registered arm; group description names 'afamitresgene autoleucel as a single infusion', matching armGroups[0].interventionNames	NEWLINE_TO_SPACE;CUT_AT_400_CHARS;TSV_WRITE_NORMALISES_TAB_AND_NEWLINE;ORIGINAL_RETRIEVABLE_ONLY_VIA_leaf_claim_locator	133	NO	YES	CONFIRMED	LEAF_WITHIN_RECORD_RELATION	Autologous genetically modified afamitresgene autoleucel (previously ADP-A2M4) SPEAR™ T cells	NOT_CONTROL_CONFIRMED	NOT_CONTROL_SINGLE_ARM_TRIAL	CHANGED_CLASS:NOT_CONTROL_ASSERTED->UNKNOWN	Eligible participants with metastatic or inoperable (advanced) synovial sarcoma received afamitresgene autoleucel as a single infusion in Cohort 1 (as of data cut off)	NEWLINE_TO_SPACE;CUT_AT_400_CHARS;TSV_WRITE_NORMALISES_TAB_AND_NEWLINE;ORIGINAL_RETRIEVABLE_ONLY_VIA_the cached source record	167
NCT04044768	Best Overall Response (BOR) (Cohort 1)	MRCLS	8	2018_2021	bor	1	2	ALL_ARMS_NON_CONTROL_TYPED	EXPERIMENTAL	PROPOSED	LEAF_CLAIM_NOT_VERIFIABLE_FROM_EXACT_SOURCE_FIELDS	DELIVERED_LEAF:LEAF-QD-group3.tsv	LEAF-OUT/LEAF-QD-group3.tsv:line 58; candidate protocolSection.armsInterventionsModule.armGroups[0].label	1	0	Autologous genetically modified afamitresgene autoleucel (previously ADP-A2M4) SPEAR™ T cells	EXPERIMENTAL									UNKNOWN_IN_THIS_CACHE	no source-field-matched arm link and no comparator wording in the group record			NOT_ESTABLISHED_REGISTRY_JOIN_FIELDS_ABSENT_FROM_THIS_CACHE	ALL_REGISTERED_ARMS_NON_COMPARATOR_TYPED_CONDITIONAL	ASSUMES_THIS_RESULTS_GROUP_IS_A_SUBSET_OF_THE_REGISTERED_ARM_SET_MEMBERSHIP_UNPROVED		LEAF_LABEL_RESOLVES_UNIQUELY	Autologous genetically modified afamitresgene autoleucel (previously ADP-A2M4) SPEAR™ T cells	LEAF-OUT/LEAF-QD-group3.tsv:line 58	RETAINED_UNVERIFIED_WITH_LOCATOR		sole registered arm; group description names 'afamitresgene autoleucel as a single infusion', matching armGroups[0].interventionNames	NEWLINE_TO_SPACE;CUT_AT_400_CHARS;TSV_WRITE_NORMALISES_TAB_AND_NEWLINE;ORIGINAL_RETRIEVABLE_ONLY_VIA_leaf_claim_locator	133	NO	YES	CONFIRMED	LEAF_WITHIN_RECORD_RELATION	Autologous genetically modified afamitresgene autoleucel (previously ADP-A2M4) SPEAR™ T cells	NOT_CONTROL_CONFIRMED	NOT_CONTROL_SINGLE_ARM_TRIAL	CHANGED_CLASS:NOT_CONTROL_ASSERTED->UNKNOWN	Eligible participants with metastatic or inoperable (advanced) MRCLS received afamitresgene autoleucel as a single infusion in Cohort 1 (as of data cut off)	NEWLINE_TO_SPACE;CUT_AT_400_CHARS;TSV_WRITE_NORMALISES_TAB_AND_NEWLINE;ORIGINAL_RETRIEVABLE_ONLY_VIA_the cached source record	156
NCT03609359	Objective Response Rate (ORR)	Lenvatinib + Pembrolizumab	29	2018_2021	bor	1	1	ALL_ARMS_NON_CONTROL_TYPED	EXPERIMENTAL	LABEL_MATCH	LABEL_FIELD_MATCH_ONLY:LABEL_BYTE_EXACT	SOURCE_RECORD	protocolSection.armsInterventionsModule.armGroups[0].label	1	0	Lenvatinib + Pembrolizumab	EXPERIMENTAL	0	Lenvatinib + Pembrolizumab	EXPERIMENTAL						NOT_ESTABLISHED_IN_THIS_CACHE	bound arm 0 registered type EXPERIMENTAL (verbatim). A registered type of EXPERIMENTAL/OTHER is not evidence that this group had no comparator role; no comparator evidence exists in this cache either way			NOT_ESTABLISHED_REGISTRY_JOIN_FIELDS_ABSENT_FROM_THIS_CACHE	BOUND_ARM_REGISTERED_TYPE_IS_EXPERIMENTAL	ASSUMES_LABEL_FIELD_CORRESPONDENCE_IS_ARM_IDENTITY_UNPROVED		NO_LEAF									NO	CONFIRMED	LABEL_BYTE_EXACT	Lenvatinib + Pembrolizumab	NOT_CONTROL_CONFIRMED	NOT_CONTROL	CHANGED_CLASS:NOT_CONTROL_ASSERTED->NOT_ESTABLISHED	Lenvatinib and Pembrolizumab will be administrated simultaneously for advanced gastric cancer patients.  Lenvatinib: Lenvatinib will be administered with water orally once a day (with or without food) in 21-day cycles at approximately the same time each day. On Day 1 of each cycle, in case concomitantly administered, it will be administered approximately within 1 hour after completion of pembroliz	NEWLINE_TO_SPACE;CUT_AT_400_CHARS;TSV_WRITE_NORMALISES_TAB_AND_NEWLINE;ORIGINAL_RETRIEVABLE_ONLY_VIA_the cached source record	576
NCT03761914	Overall Response Rate (ORR) - Best Overall Response	Ovarian Cancer (OvC)	16	2018_2021	bor	5	2	ALL_ARMS_NON_CONTROL_TYPED	EXPERIMENTAL | EXPERIMENTAL | EXPERIMENTAL | EXPERIMENTAL | EXPERIMENTAL	LABEL_MATCH	LABEL_FIELD_MATCH_ONLY:LABEL_BYTE_EXACT	SOURCE_RECORD	protocolSection.armsInterventionsModule.armGroups[1].label	1	1	Ovarian Cancer (OvC)	EXPERIMENTAL	1	Ovarian Cancer (OvC)	EXPERIMENTAL						NOT_ESTABLISHED_IN_THIS_CACHE	bound arm 1 registered type EXPERIMENTAL (verbatim). A registered type of EXPERIMENTAL/OTHER is not evidence that this group had no comparator role; no comparator evidence exists in this cache either way			NOT_ESTABLISHED_REGISTRY_JOIN_FIELDS_ABSENT_FROM_THIS_CACHE	BOUND_ARM_REGISTERED_TYPE_IS_EXPERIMENTAL	ASSUMES_LABEL_FIELD_CORRESPONDENCE_IS_ARM_IDENTITY_UNPROVED		NO_LEAF									NO	CONFIRMED	LABEL_BYTE_EXACT	Ovarian Cancer (OvC)	NOT_CONTROL_CONFIRMED	NOT_CONTROL	CHANGED_CLASS:NOT_CONTROL_ASSERTED->NOT_ESTABLISHED	* Metastatic platinum-resistant or refractory OvC previously treated with ≥1 line of prior platinum-containing therapy * Galinpepimut-S + Montanide + GM-CSF + pembrolizumab	NEWLINE_TO_SPACE;CUT_AT_400_CHARS;TSV_WRITE_NORMALISES_TAB_AND_NEWLINE;ORIGINAL_RETRIEVABLE_ONLY_VIA_the cached source record	172
NCT04208958	Best Overall Response	VE800 combination treatment with nivolumab	19	2018_2021	bor	1	1	ALL_ARMS_NON_CONTROL_TYPED	EXPERIMENTAL	LABEL_MATCH	LABEL_FIELD_MATCH_ONLY:LABEL_BYTE_EXACT	SOURCE_RECORD	protocolSection.armsInterventionsModule.armGroups[0].label	1	0	VE800 combination treatment with nivolumab	EXPERIMENTAL	0	VE800 combination treatment with nivolumab	EXPERIMENTAL						NOT_ESTABLISHED_IN_THIS_CACHE	bound arm 0 registered type EXPERIMENTAL (verbatim). A registered type of EXPERIMENTAL/OTHER is not evidence that this group had no comparator role; no comparator evidence exists in this cache either way			NOT_ESTABLISHED_REGISTRY_JOIN_FIELDS_ABSENT_FROM_THIS_CACHE	BOUND_ARM_REGISTERED_TYPE_IS_EXPERIMENTAL	ASSUMES_LABEL_FIELD_CORRESPONDENCE_IS_ARM_IDENTITY_UNPROVED		NO_LEAF									NO	CONFIRMED	LABEL_BYTE_EXACT	VE800 combination treatment with nivolumab	NOT_CONTROL_CONFIRMED	NOT_CONTROL	CHANGED_CLASS:NOT_CONTROL_ASSERTED->NOT_ESTABLISHED	Subjects received 5 days of oral vancomycin, followed by daily VE800 in combination with Nivolumab every 4 weeks.  VE800: VE800 is a PO LBP consisting of 11 distinct nonpathogenic, nontoxigenic, commensal bacterial strains manufactured under GMP conditions. These strains were selected for their ability to induce an immune response.  Nivolumab: Nivolumab is an approved medication that blocks antibo	NEWLINE_TO_SPACE;CUT_AT_400_CHARS;TSV_WRITE_NORMALISES_TAB_AND_NEWLINE;ORIGINAL_RETRIEVABLE_ONLY_VIA_the cached source record	523
NCT03415854	Best Overall Response (BOR)	Paricalcitol (Zemplar)	14	2018_2021	bor	1	1	ALL_ARMS_NON_CONTROL_TYPED	EXPERIMENTAL	LABEL_MATCH	LABEL_FIELD_MATCH_ONLY:LABEL_BYTE_EXACT	SOURCE_RECORD	protocolSection.armsInterventionsModule.armGroups[0].label	1	0	Paricalcitol (Zemplar)	EXPERIMENTAL	0	Paricalcitol (Zemplar)	EXPERIMENTAL						NOT_ESTABLISHED_IN_THIS_CACHE	bound arm 0 registered type EXPERIMENTAL (verbatim). A registered type of EXPERIMENTAL/OTHER is not evidence that this group had no comparator role; no comparator evidence exists in this cache either way			NOT_ESTABLISHED_REGISTRY_JOIN_FIELDS_ABSENT_FROM_THIS_CACHE	BOUND_ARM_REGISTERED_TYPE_IS_EXPERIMENTAL	ASSUMES_LABEL_FIELD_CORRESPONDENCE_IS_ARM_IDENTITY_UNPROVED		NO_LEAF									NO	CONFIRMED	LABEL_BYTE_EXACT	Paricalcitol (Zemplar)	NOT_CONTROL_CONFIRMED	NOT_CONTROL	CHANGED_CLASS:NOT_CONTROL_ASSERTED->NOT_ESTABLISHED	Participants will be treated with the regimen according to the study protocol. Participants will complete 3 cycles (cycle is 21 days) and then will be evaluated for CA19-9 normalization and undergo imaging to determine response, if any.  Paricalcitol (Zemplar): combination therapy	NEWLINE_TO_SPACE;CUT_AT_400_CHARS;TSV_WRITE_NORMALISES_TAB_AND_NEWLINE;ORIGINAL_RETRIEVABLE_ONLY_VIA_the cached source record	281
NCT04639245	Best Overall Response	Treatment (FH-MagIC TCR-T Cells, Atezolizumab)	1	2018_2021	bor	1	1	ALL_ARMS_NON_CONTROL_TYPED	EXPERIMENTAL	LABEL_MATCH	LABEL_FIELD_MATCH_ONLY:LABEL_CASE_WS_FOLD	SOURCE_RECORD	protocolSection.armsInterventionsModule.armGroups[0].label	1	0	Treatment (FH-MagIC TCR-T cells, atezolizumab)	EXPERIMENTAL	0	Treatment (FH-MagIC TCR-T cells, atezolizumab)	EXPERIMENTAL						NOT_ESTABLISHED_IN_THIS_CACHE	bound arm 0 registered type EXPERIMENTAL (verbatim). A registered type of EXPERIMENTAL/OTHER is not evidence that this group had no comparator role; no comparator evidence exists in this cache either way			NOT_ESTABLISHED_REGISTRY_JOIN_FIELDS_ABSENT_FROM_THIS_CACHE	BOUND_ARM_REGISTERED_TYPE_IS_EXPERIMENTAL	ASSUMES_LABEL_FIELD_CORRESPONDENCE_IS_ARM_IDENTITY_UNPROVED		NO_LEAF									NO	CONFIRMED	LABEL_CASE_AND_WHITESPACE_ONLY	Treatment (FH-MagIC TCR-T cells, atezolizumab)	NOT_CONTROL_CONFIRMED	NOT_CONTROL	CHANGED_CLASS:NOT_CONTROL_ASSERTED->NOT_ESTABLISHED	LYMPHODEPLETION: Patients receive cyclophosphamide IV and fludarabine IV on days -4, -3, and -2 before each T-cell infusion.  T-CELL INFUSION: Patients receive FH-MagIC TCR-T cells IV over 15-20 minutes. Six to twelve weeks after first T-cell infusion, patients with progressive disease and non-persisting transgenic TCR T cells may receive a second T-cell infusion.  In the Phase 2 portion of the st	NEWLINE_TO_SPACE;CUT_AT_400_CHARS;TSV_WRITE_NORMALISES_TAB_AND_NEWLINE;ORIGINAL_RETRIEVABLE_ONLY_VIA_the cached source record	899
NCT04634825	Best Overall Response (BOR)	Retifanlimab Cohort	38	2018_2021	bor	2	2	ALL_ARMS_NON_CONTROL_TYPED	EXPERIMENTAL | EXPERIMENTAL	SOURCE_FIELD_MATCH	TWO_AGREEING_FIELD_MATCHES:LABEL_BYTE_EXACT+DESC_BYTE_EXACT	SOURCE_RECORD	protocolSection.armsInterventionsModule.armGroups[0].label and protocolSection.armsInterventionsModule.armGroups[0].description	1	0	Retifanlimab Cohort	EXPERIMENTAL	0	Retifanlimab Cohort	EXPERIMENTAL						NOT_ESTABLISHED_IN_THIS_CACHE	bound arm 0 registered type EXPERIMENTAL (verbatim). A registered type of EXPERIMENTAL/OTHER is not evidence that this group had no comparator role; no comparator evidence exists in this cache either way			NOT_ESTABLISHED_REGISTRY_JOIN_FIELDS_ABSENT_FROM_THIS_CACHE	BOUND_ARM_REGISTERED_TYPE_IS_EXPERIMENTAL	ASSUMES_TWO_AGREEING_SOURCE_FIELD_MATCHES_ARE_ARM_IDENTITY_UNPROVED		NO_LEAF									NO	CONFIRMED	LABEL_BYTE_EXACT	Retifanlimab Cohort	NOT_CONTROL_CONFIRMED	NOT_CONTROL	CHANGED_CLASS:NOT_CONTROL_ASSERTED->NOT_ESTABLISHED	Enoblituzumab 15 mg/kg every 3 weeks plus retifanlimab 375 mg every 3 weeks for up to 35 cycles	NEWLINE_TO_SPACE;CUT_AT_400_CHARS;TSV_WRITE_NORMALISES_TAB_AND_NEWLINE;ORIGINAL_RETRIEVABLE_ONLY_VIA_the cached source record	95
NCT04634825	Best Overall Response (BOR)	Tebotelimab Cohort	9	2018_2021	bor	2	2	ALL_ARMS_NON_CONTROL_TYPED	EXPERIMENTAL | EXPERIMENTAL	SOURCE_FIELD_MATCH	TWO_AGREEING_FIELD_MATCHES:LABEL_BYTE_EXACT+DESC_BYTE_EXACT	SOURCE_RECORD	protocolSection.armsInterventionsModule.armGroups[1].label and protocolSection.armsInterventionsModule.armGroups[1].description	1	1	Tebotelimab Cohort	EXPERIMENTAL	1	Tebotelimab Cohort	EXPERIMENTAL						NOT_ESTABLISHED_IN_THIS_CACHE	bound arm 1 registered type EXPERIMENTAL (verbatim). A registered type of EXPERIMENTAL/OTHER is not evidence that this group had no comparator role; no comparator evidence exists in this cache either way			NOT_ESTABLISHED_REGISTRY_JOIN_FIELDS_ABSENT_FROM_THIS_CACHE	BOUND_ARM_REGISTERED_TYPE_IS_EXPERIMENTAL	ASSUMES_TWO_AGREEING_SOURCE_FIELD_MATCHES_ARE_ARM_IDENTITY_UNPROVED		NO_LEAF									NO	CONFIRMED	LABEL_BYTE_EXACT	Tebotelimab Cohort	NOT_CONTROL_CONFIRMED	NOT_CONTROL	CHANGED_CLASS:NOT_CONTROL_ASSERTED->NOT_ESTABLISHED	Enoblituzumab 15 mg/kg every 3 weeks plus tebotelimab 600 mg every 3 weeks for up to 35 cycles	NEWLINE_TO_SPACE;CUT_AT_400_CHARS;TSV_WRITE_NORMALISES_TAB_AND_NEWLINE;ORIGINAL_RETRIEVABLE_ONLY_VIA_the cached source record	94
NCT04020185	Best Overall Response	Monotherapy 100 μg	4	2018_2021	bor	5	8	ALL_ARMS_NON_CONTROL_TYPED	EXPERIMENTAL | EXPERIMENTAL | EXPERIMENTAL | EXPERIMENTAL | EXPERIMENTAL	UNRESOLVED	LEAF_CLAIM_LEAF_CLAIMS_MULTIPLE_ARMS	DELIVERED_LEAF:LEAF-QD-group3.tsv	LEAF-OUT/LEAF-QD-group3.tsv:line 53	2	0|2	Ph I Monotherapy | Ph II Monotherapy (Arm A)	EXPERIMENTAL | EXPERIMENTAL									UNKNOWN_IN_THIS_CACHE	no source-field-matched arm link and no comparator wording in the group record			NOT_ESTABLISHED_REGISTRY_JOIN_FIELDS_ABSENT_FROM_THIS_CACHE	ALL_REGISTERED_ARMS_NON_COMPARATOR_TYPED_CONDITIONAL	ASSUMES_THIS_RESULTS_GROUP_IS_A_SUBSET_OF_THE_REGISTERED_ARM_SET_MEMBERSHIP_UNPROVED		LEAF_CLAIMS_MULTIPLE_ARMS	Ph I Monotherapy|Ph II Monotherapy (Arm A)	LEAF-OUT/LEAF-QD-group3.tsv:line 53	NOT_VERIFIABLE_IN_THIS_CACHE		group description is IMSA101 intratumoral alone with no ICI, matching armGroups[0]/[2] (monotherapy) and excluding armGroups[1]/[3]/[4]	NEWLINE_TO_SPACE;CUT_AT_400_CHARS;TSV_WRITE_NORMALISES_TAB_AND_NEWLINE;ORIGINAL_RETRIEVABLE_ONLY_VIA_leaf_claim_locator	135	NO	NO	CONFIRMED_TYPE_ONLY	LEAF_ARM_IDENTITY_NOT_BOUND_ARM_SET_TYPE_INVARIANT		NOT_CONTROL_BY_ARM_SET_TYPE_INVARIANT	UNKNOWN	CHANGED_CLASS:NOT_CONTROL_ASSERTED->UNKNOWN	100 μg of IMSA101 injected intra-tumorally weekly on Day 1 for the first 3 week cycles of Cycle 1, and then every 2 weeks during Cycles 2 and beyond.	NEWLINE_TO_SPACE;CUT_AT_400_CHARS;TSV_WRITE_NORMALISES_TAB_AND_NEWLINE;ORIGINAL_RETRIEVABLE_ONLY_VIA_the cached source record	149
NCT04020185	Best Overall Response	Monotherapy 200 μg	3	2018_2021	bor	5	8	ALL_ARMS_NON_CONTROL_TYPED	EXPERIMENTAL | EXPERIMENTAL | EXPERIMENTAL | EXPERIMENTAL | EXPERIMENTAL	UNRESOLVED	LEAF_CLAIM_LEAF_CLAIMS_MULTIPLE_ARMS	DELIVERED_LEAF:LEAF-QD-group3.tsv	LEAF-OUT/LEAF-QD-group3.tsv:line 55	2	0|2	Ph I Monotherapy | Ph II Monotherapy (Arm A)	EXPERIMENTAL | EXPERIMENTAL									UNKNOWN_IN_THIS_CACHE	no source-field-matched arm link and no comparator wording in the group record			NOT_ESTABLISHED_REGISTRY_JOIN_FIELDS_ABSENT_FROM_THIS_CACHE	ALL_REGISTERED_ARMS_NON_COMPARATOR_TYPED_CONDITIONAL	ASSUMES_THIS_RESULTS_GROUP_IS_A_SUBSET_OF_THE_REGISTERED_ARM_SET_MEMBERSHIP_UNPROVED		LEAF_CLAIMS_MULTIPLE_ARMS	Ph I Monotherapy|Ph II Monotherapy (Arm A)	LEAF-OUT/LEAF-QD-group3.tsv:line 55	NOT_VERIFIABLE_IN_THIS_CACHE		group description is IMSA101 intratumoral alone with no ICI, matching armGroups[0]/[2] (monotherapy) and excluding armGroups[1]/[3]/[4]	NEWLINE_TO_SPACE;CUT_AT_400_CHARS;TSV_WRITE_NORMALISES_TAB_AND_NEWLINE;ORIGINAL_RETRIEVABLE_ONLY_VIA_leaf_claim_locator	135	NO	NO	CONFIRMED_TYPE_ONLY	LEAF_ARM_IDENTITY_NOT_BOUND_ARM_SET_TYPE_INVARIANT		NOT_CONTROL_BY_ARM_SET_TYPE_INVARIANT	UNKNOWN	CHANGED_CLASS:NOT_CONTROL_ASSERTED->UNKNOWN	200 μg of IMSA101 injected intra-tumorally weekly on Day 1 for the first 3 week cycles of Cycle 1, and then every 2 weeks during Cycles 2 and beyond.	NEWLINE_TO_SPACE;CUT_AT_400_CHARS;TSV_WRITE_NORMALISES_TAB_AND_NEWLINE;ORIGINAL_RETRIEVABLE_ONLY_VIA_the cached source record	149
NCT04020185	Best Overall Response	Monotherapy 400 μg	3	2018_2021	bor	5	8	ALL_ARMS_NON_CONTROL_TYPED	EXPERIMENTAL | EXPERIMENTAL | EXPERIMENTAL | EXPERIMENTAL | EXPERIMENTAL	UNRESOLVED	LEAF_CLAIM_LEAF_CLAIMS_MULTIPLE_ARMS	DELIVERED_LEAF:LEAF-QD-group3.tsv	LEAF-OUT/LEAF-QD-group3.tsv:line 56	2	0|2	Ph I Monotherapy | Ph II Monotherapy (Arm A)	EXPERIMENTAL | EXPERIMENTAL									UNKNOWN_IN_THIS_CACHE	no source-field-matched arm link and no comparator wording in the group record			NOT_ESTABLISHED_REGISTRY_JOIN_FIELDS_ABSENT_FROM_THIS_CACHE	ALL_REGISTERED_ARMS_NON_COMPARATOR_TYPED_CONDITIONAL	ASSUMES_THIS_RESULTS_GROUP_IS_A_SUBSET_OF_THE_REGISTERED_ARM_SET_MEMBERSHIP_UNPROVED		LEAF_CLAIMS_MULTIPLE_ARMS	Ph I Monotherapy|Ph II Monotherapy (Arm A)	LEAF-OUT/LEAF-QD-group3.tsv:line 56	NOT_VERIFIABLE_IN_THIS_CACHE		group description is IMSA101 intratumoral alone with no ICI, matching armGroups[0]/[2] (monotherapy) and excluding armGroups[1]/[3]/[4]	NEWLINE_TO_SPACE;CUT_AT_400_CHARS;TSV_WRITE_NORMALISES_TAB_AND_NEWLINE;ORIGINAL_RETRIEVABLE_ONLY_VIA_leaf_claim_locator	135	NO	NO	CONFIRMED_TYPE_ONLY	LEAF_ARM_IDENTITY_NOT_BOUND_ARM_SET_TYPE_INVARIANT		NOT_CONTROL_BY_ARM_SET_TYPE_INVARIANT	UNKNOWN	CHANGED_CLASS:NOT_CONTROL_ASSERTED->UNKNOWN	400 μg of IMSA101 injected intra-tumorally weekly on Day 1 for the first 3 week cycles of Cycle 1, and then every 2 weeks during Cycles 2 and beyond.	NEWLINE_TO_SPACE;CUT_AT_400_CHARS;TSV_WRITE_NORMALISES_TAB_AND_NEWLINE;ORIGINAL_RETRIEVABLE_ONLY_VIA_the cached source record	149
NCT04020185	Best Overall Response	Monotherapy 800 μg	2	2018_2021	bor	5	8	ALL_ARMS_NON_CONTROL_TYPED	EXPERIMENTAL | EXPERIMENTAL | EXPERIMENTAL | EXPERIMENTAL | EXPERIMENTAL	UNRESOLVED	LEAF_CLAIM_LEAF_CLAIMS_MULTIPLE_ARMS	DELIVERED_LEAF:LEAF-QD-group3.tsv	LEAF-OUT/LEAF-QD-group3.tsv:line 57	2	0|2	Ph I Monotherapy | Ph II Monotherapy (Arm A)	EXPERIMENTAL | EXPERIMENTAL									UNKNOWN_IN_THIS_CACHE	no source-field-matched arm link and no comparator wording in the group record			NOT_ESTABLISHED_REGISTRY_JOIN_FIELDS_ABSENT_FROM_THIS_CACHE	ALL_REGISTERED_ARMS_NON_COMPARATOR_TYPED_CONDITIONAL	ASSUMES_THIS_RESULTS_GROUP_IS_A_SUBSET_OF_THE_REGISTERED_ARM_SET_MEMBERSHIP_UNPROVED		LEAF_CLAIMS_MULTIPLE_ARMS	Ph I Monotherapy|Ph II Monotherapy (Arm A)	LEAF-OUT/LEAF-QD-group3.tsv:line 57	NOT_VERIFIABLE_IN_THIS_CACHE		group description is IMSA101 intratumoral alone with no ICI, matching armGroups[0]/[2] (monotherapy) and excluding armGroups[1]/[3]/[4]	NEWLINE_TO_SPACE;CUT_AT_400_CHARS;TSV_WRITE_NORMALISES_TAB_AND_NEWLINE;ORIGINAL_RETRIEVABLE_ONLY_VIA_leaf_claim_locator	135	NO	NO	CONFIRMED_TYPE_ONLY	LEAF_ARM_IDENTITY_NOT_BOUND_ARM_SET_TYPE_INVARIANT		NOT_CONTROL_BY_ARM_SET_TYPE_INVARIANT	UNKNOWN	CHANGED_CLASS:NOT_CONTROL_ASSERTED->UNKNOWN	800 μg of IMSA101 injected intra-tumorally weekly on Day 1 for the first 3 week cycles of Cycle 1, and then every 2 weeks during Cycles 2 and beyond.	NEWLINE_TO_SPACE;CUT_AT_400_CHARS;TSV_WRITE_NORMALISES_TAB_AND_NEWLINE;ORIGINAL_RETRIEVABLE_ONLY_VIA_the cached source record	149
NCT04020185	Best Overall Response	Monotherapy 1200 μg	6	2018_2021	bor	5	8	ALL_ARMS_NON_CONTROL_TYPED	EXPERIMENTAL | EXPERIMENTAL | EXPERIMENTAL | EXPERIMENTAL | EXPERIMENTAL	UNRESOLVED	LEAF_CLAIM_LEAF_CLAIMS_MULTIPLE_ARMS	DELIVERED_LEAF:LEAF-QD-group3.tsv	LEAF-OUT/LEAF-QD-group3.tsv:line 54	2	0|2	Ph I Monotherapy | Ph II Monotherapy (Arm A)	EXPERIMENTAL | EXPERIMENTAL									UNKNOWN_IN_THIS_CACHE	no source-field-matched arm link and no comparator wording in the group record			NOT_ESTABLISHED_REGISTRY_JOIN_FIELDS_ABSENT_FROM_THIS_CACHE	ALL_REGISTERED_ARMS_NON_COMPARATOR_TYPED_CONDITIONAL	ASSUMES_THIS_RESULTS_GROUP_IS_A_SUBSET_OF_THE_REGISTERED_ARM_SET_MEMBERSHIP_UNPROVED		LEAF_CLAIMS_MULTIPLE_ARMS	Ph I Monotherapy|Ph II Monotherapy (Arm A)	LEAF-OUT/LEAF-QD-group3.tsv:line 54	NOT_VERIFIABLE_IN_THIS_CACHE		group description is IMSA101 intratumoral alone with no ICI, matching armGroups[0]/[2] (monotherapy) and excluding armGroups[1]/[3]/[4]	NEWLINE_TO_SPACE;CUT_AT_400_CHARS;TSV_WRITE_NORMALISES_TAB_AND_NEWLINE;ORIGINAL_RETRIEVABLE_ONLY_VIA_leaf_claim_locator	135	NO	NO	CONFIRMED_TYPE_ONLY	LEAF_ARM_IDENTITY_NOT_BOUND_ARM_SET_TYPE_INVARIANT		NOT_CONTROL_BY_ARM_SET_TYPE_INVARIANT	UNKNOWN	CHANGED_CLASS:NOT_CONTROL_ASSERTED->UNKNOWN	1200 μg of IMSA101 injected intra-tumorally weekly on Day 1 for the first 3 week cycles of Cycle 1, and then every 2 weeks during Cycles 2 and beyond.	NEWLINE_TO_SPACE;CUT_AT_400_CHARS;TSV_WRITE_NORMALISES_TAB_AND_NEWLINE;ORIGINAL_RETRIEVABLE_ONLY_VIA_the cached source record	150
NCT04020185	Best Overall Response	Combination Therapy 800 μg	4	2018_2021	bor	5	8	ALL_ARMS_NON_CONTROL_TYPED	EXPERIMENTAL | EXPERIMENTAL | EXPERIMENTAL | EXPERIMENTAL | EXPERIMENTAL	UNRESOLVED	LEAF_CLAIM_LEAF_CLAIMS_MULTIPLE_ARMS	DELIVERED_LEAF:LEAF-QD-group3.tsv	LEAF-OUT/LEAF-QD-group3.tsv:line 52	3	1|3|4	Ph I Combination Therapy | Ph II Combination Therapy (Arm B) | Ph II Combination Therapy (Arm C)	EXPERIMENTAL | EXPERIMENTAL | EXPERIMENTAL									UNKNOWN_IN_THIS_CACHE	no source-field-matched arm link and no comparator wording in the group record			NOT_ESTABLISHED_REGISTRY_JOIN_FIELDS_ABSENT_FROM_THIS_CACHE	ALL_REGISTERED_ARMS_NON_COMPARATOR_TYPED_CONDITIONAL	ASSUMES_THIS_RESULTS_GROUP_IS_A_SUBSET_OF_THE_REGISTERED_ARM_SET_MEMBERSHIP_UNPROVED		LEAF_CLAIMS_MULTIPLE_ARMS	Ph I Combination Therapy|Ph II Combination Therapy (Arm B)|Ph II Combination Therapy (Arm C)	LEAF-OUT/LEAF-QD-group3.tsv:line 52	NOT_VERIFIABLE_IN_THIS_CACHE		group description 'Plus an ICI administered as per product label' matches armGroups[1]/[3]/[4] interventionNames (ICI / IO therapy); armGroups[0]/[2] are monotherapy	NEWLINE_TO_SPACE;CUT_AT_400_CHARS;TSV_WRITE_NORMALISES_TAB_AND_NEWLINE;ORIGINAL_RETRIEVABLE_ONLY_VIA_leaf_claim_locator	165	NO	NO	CONFIRMED_TYPE_ONLY	LEAF_ARM_IDENTITY_NOT_BOUND_ARM_SET_TYPE_INVARIANT		NOT_CONTROL_BY_ARM_SET_TYPE_INVARIANT	UNKNOWN	CHANGED_CLASS:NOT_CONTROL_ASSERTED->UNKNOWN	800 μg of IMSA101 injected intra-tumorally weekly on Day 1 for the first 3 week cycles of Cycle 1, and then every 2 weeks during Cycles 2 and beyond.  Plus an ICI administered as per product label.	NEWLINE_TO_SPACE;CUT_AT_400_CHARS;TSV_WRITE_NORMALISES_TAB_AND_NEWLINE;ORIGINAL_RETRIEVABLE_ONLY_VIA_the cached source record	197
NCT04020185	Best Overall Response	Combination Therapy 1200 μg	5	2018_2021	bor	5	8	ALL_ARMS_NON_CONTROL_TYPED	EXPERIMENTAL | EXPERIMENTAL | EXPERIMENTAL | EXPERIMENTAL | EXPERIMENTAL	UNRESOLVED	LEAF_CLAIM_LEAF_CLAIMS_MULTIPLE_ARMS	DELIVERED_LEAF:LEAF-QD-group3.tsv	LEAF-OUT/LEAF-QD-group3.tsv:line 50	3	1|3|4	Ph I Combination Therapy | Ph II Combination Therapy (Arm B) | Ph II Combination Therapy (Arm C)	EXPERIMENTAL | EXPERIMENTAL | EXPERIMENTAL									UNKNOWN_IN_THIS_CACHE	no source-field-matched arm link and no comparator wording in the group record			NOT_ESTABLISHED_REGISTRY_JOIN_FIELDS_ABSENT_FROM_THIS_CACHE	ALL_REGISTERED_ARMS_NON_COMPARATOR_TYPED_CONDITIONAL	ASSUMES_THIS_RESULTS_GROUP_IS_A_SUBSET_OF_THE_REGISTERED_ARM_SET_MEMBERSHIP_UNPROVED		LEAF_CLAIMS_MULTIPLE_ARMS	Ph I Combination Therapy|Ph II Combination Therapy (Arm B)|Ph II Combination Therapy (Arm C)	LEAF-OUT/LEAF-QD-group3.tsv:line 50	NOT_VERIFIABLE_IN_THIS_CACHE		group description 'Plus an ICI administered as per product label' matches armGroups[1]/[3]/[4] interventionNames (ICI / IO therapy); armGroups[0]/[2] are monotherapy	NEWLINE_TO_SPACE;CUT_AT_400_CHARS;TSV_WRITE_NORMALISES_TAB_AND_NEWLINE;ORIGINAL_RETRIEVABLE_ONLY_VIA_leaf_claim_locator	165	NO	NO	CONFIRMED_TYPE_ONLY	LEAF_ARM_IDENTITY_NOT_BOUND_ARM_SET_TYPE_INVARIANT		NOT_CONTROL_BY_ARM_SET_TYPE_INVARIANT	UNKNOWN	CHANGED_CLASS:NOT_CONTROL_ASSERTED->UNKNOWN	1200 μg of IMSA101 injected intra-tumorally weekly on Day 1 for the first 3 week cycles of Cycle 1, and then every 2 weeks during Cycles 2 and beyond.  Plus an ICI administered as per product label.	NEWLINE_TO_SPACE;CUT_AT_400_CHARS;TSV_WRITE_NORMALISES_TAB_AND_NEWLINE;ORIGINAL_RETRIEVABLE_ONLY_VIA_the cached source record	198
NCT04020185	Best Overall Response	Combination Therapy 2400 μg	4	2018_2021	bor	5	8	ALL_ARMS_NON_CONTROL_TYPED	EXPERIMENTAL | EXPERIMENTAL | EXPERIMENTAL | EXPERIMENTAL | EXPERIMENTAL	UNRESOLVED	LEAF_CLAIM_LEAF_CLAIMS_MULTIPLE_ARMS	DELIVERED_LEAF:LEAF-QD-group3.tsv	LEAF-OUT/LEAF-QD-group3.tsv:line 51	3	1|3|4	Ph I Combination Therapy | Ph II Combination Therapy (Arm B) | Ph II Combination Therapy (Arm C)	EXPERIMENTAL | EXPERIMENTAL | EXPERIMENTAL									UNKNOWN_IN_THIS_CACHE	no source-field-matched arm link and no comparator wording in the group record			NOT_ESTABLISHED_REGISTRY_JOIN_FIELDS_ABSENT_FROM_THIS_CACHE	ALL_REGISTERED_ARMS_NON_COMPARATOR_TYPED_CONDITIONAL	ASSUMES_THIS_RESULTS_GROUP_IS_A_SUBSET_OF_THE_REGISTERED_ARM_SET_MEMBERSHIP_UNPROVED		LEAF_CLAIMS_MULTIPLE_ARMS	Ph I Combination Therapy|Ph II Combination Therapy (Arm B)|Ph II Combination Therapy (Arm C)	LEAF-OUT/LEAF-QD-group3.tsv:line 51	NOT_VERIFIABLE_IN_THIS_CACHE		group description 'Plus an ICI administered as per product label' matches armGroups[1]/[3]/[4] interventionNames (ICI / IO therapy); armGroups[0]/[2] are monotherapy	NEWLINE_TO_SPACE;CUT_AT_400_CHARS;TSV_WRITE_NORMALISES_TAB_AND_NEWLINE;ORIGINAL_RETRIEVABLE_ONLY_VIA_leaf_claim_locator	165	NO	NO	CONFIRMED_TYPE_ONLY	LEAF_ARM_IDENTITY_NOT_BOUND_ARM_SET_TYPE_INVARIANT		NOT_CONTROL_BY_ARM_SET_TYPE_INVARIANT	UNKNOWN	CHANGED_CLASS:NOT_CONTROL_ASSERTED->UNKNOWN	2400 μg of IMSA101 injected intra-tumorally weekly on Day 1 for the first 3 week cycles of Cycle 1, and then every 2 weeks during Cycles 2 and beyond.  Plus an ICI administered as per product label.	NEWLINE_TO_SPACE;CUT_AT_400_CHARS;TSV_WRITE_NORMALISES_TAB_AND_NEWLINE;ORIGINAL_RETRIEVABLE_ONLY_VIA_the cached source record	198
NCT04753216	Overall Best Response	Treatment (Bevacizumab, Irinotecan Sucrosofate)	2	2018_2021	bor	1	1	ALL_ARMS_NON_CONTROL_TYPED	EXPERIMENTAL	LABEL_MATCH	LABEL_FIELD_MATCH_ONLY:LABEL_CASE_WS_FOLD	SOURCE_RECORD	protocolSection.armsInterventionsModule.armGroups[0].label	1	0	Treatment (bevacizumab, irinotecan sucrosofate)	EXPERIMENTAL	0	Treatment (bevacizumab, irinotecan sucrosofate)	EXPERIMENTAL						NOT_ESTABLISHED_IN_THIS_CACHE	bound arm 0 registered type EXPERIMENTAL (verbatim). A registered type of EXPERIMENTAL/OTHER is not evidence that this group had no comparator role; no comparator evidence exists in this cache either way			NOT_ESTABLISHED_REGISTRY_JOIN_FIELDS_ABSENT_FROM_THIS_CACHE	BOUND_ARM_REGISTERED_TYPE_IS_EXPERIMENTAL	ASSUMES_LABEL_FIELD_CORRESPONDENCE_IS_ARM_IDENTITY_UNPROVED		NO_LEAF									NO	CONFIRMED	LABEL_CASE_AND_WHITESPACE_ONLY	Treatment (bevacizumab, irinotecan sucrosofate)	NOT_CONTROL_CONFIRMED	NOT_CONTROL	CHANGED_CLASS:NOT_CONTROL_ASSERTED->NOT_ESTABLISHED	Patients receive bevacizumab IV and irinotecan sucrosofate IV over 90 minutes on days 1 and 15. Cycles repeat every 28 days in the absence of disease progression or unacceptable toxicity.  Bevacizumab: Given IV  Irinotecan Sucrosofate: Given IV	NEWLINE_TO_SPACE;CUT_AT_400_CHARS;TSV_WRITE_NORMALISES_TAB_AND_NEWLINE;ORIGINAL_RETRIEVABLE_ONLY_VIA_the cached source record	244
NCT04649060	Best Response	Arm A (Melflufen+Dexamethasone+Daratumumab)	16	2018_2021	bor	2	2	MIXED_ARM_TYPES	EXPERIMENTAL | ACTIVE_COMPARATOR	SOURCE_FIELD_MATCH	TWO_AGREEING_FIELD_MATCHES:LABEL_CASE_WS_FOLD+DESC_BYTE_EXACT	SOURCE_RECORD	protocolSection.armsInterventionsModule.armGroups[0].label and protocolSection.armsInterventionsModule.armGroups[0].description	1	0	Arm A (melflufen+dexamethasone+daratumumab)	EXPERIMENTAL	0	Arm A (melflufen+dexamethasone+daratumumab)	EXPERIMENTAL						NOT_ESTABLISHED_IN_THIS_CACHE	bound arm 0 registered type EXPERIMENTAL (verbatim). A registered type of EXPERIMENTAL/OTHER is not evidence that this group had no comparator role; no comparator evidence exists in this cache either way			NOT_ESTABLISHED_REGISTRY_JOIN_FIELDS_ABSENT_FROM_THIS_CACHE	BOUND_ARM_REGISTERED_TYPE_IS_EXPERIMENTAL	ASSUMES_TWO_AGREEING_SOURCE_FIELD_MATCHES_ARE_ARM_IDENTITY_UNPROVED		NO_LEAF									NO	CONFIRMED	LABEL_CASE_AND_WHITESPACE_ONLY	Arm A (melflufen+dexamethasone+daratumumab)	NOT_CONTROL_CONFIRMED	NOT_CONTROL	CHANGED_CLASS:NOT_CONTROL_ASSERTED->NOT_ESTABLISHED	Treatment was given in 28-day cycles in an outpatient treatment setting.  * Melflufen 30 mg intravenous (i.v.) infusion on Day 1 of each cycle * Dexamethasone 40 mg per oral (p.o.) weekly (20 mg p.o. weekly if ≥75 years) * Daratumumab 1800 mg subcutaneously (s.c.) on Days 1, 8, 15, and 22 in Cycles 1 and 2, on Days 1 and 15 in Cycles 3 to 6, and on Day 1 from Cycle 7	NEWLINE_TO_SPACE;CUT_AT_400_CHARS;TSV_WRITE_NORMALISES_TAB_AND_NEWLINE;ORIGINAL_RETRIEVABLE_ONLY_VIA_the cached source record	369
NCT04649060	Best Response	Arm B (Daratumumab)	15	2018_2021	bor	2	2	MIXED_ARM_TYPES	EXPERIMENTAL | ACTIVE_COMPARATOR	SOURCE_FIELD_MATCH	TWO_AGREEING_FIELD_MATCHES:LABEL_CASE_WS_FOLD+DESC_BYTE_EXACT	SOURCE_RECORD	protocolSection.armsInterventionsModule.armGroups[1].label and protocolSection.armsInterventionsModule.armGroups[1].description	1	1	Arm B (daratumumab)	ACTIVE_COMPARATOR	1	Arm B (daratumumab)	ACTIVE_COMPARATOR						COMPARATOR_TYPE_INFERRED_VIA_SOURCE_FIELD_MATCH	arm 1 bound by TWO_AGREEING_FIELD_MATCHES:LABEL_CASE_WS_FOLD+DESC_BYTE_EXACT; registered type ACTIVE_COMPARATOR carried verbatim. The comparator TYPE is INFERRED THROUGH a computed correspondence between two source text fields; the registry does not state that this results group IS that arm, so this is not an independently validated clinical comparator	ASSUMES_TWO_AGREEING_SOURCE_FIELD_MATCHES_ARE_ARM_IDENTITY_UNPROVED		NOT_ESTABLISHED_REGISTRY_JOIN_FIELDS_ABSENT_FROM_THIS_CACHE	BOUND_ARM_REGISTERED_TYPE_IS_ACTIVE_COMPARATOR	ASSUMES_TWO_AGREEING_SOURCE_FIELD_MATCHES_ARE_ARM_IDENTITY_UNPROVED		NO_LEAF									NO	CONFIRMED	LABEL_CASE_AND_WHITESPACE_ONLY	Arm B (daratumumab)	CONTROL_ACTIVE_COMPARATOR_CONFIRMED	CONTROL_ACTIVE_COMPARATOR	UNCHANGED_CLASS:COMPARATOR_TYPE_INFERRED	Treatment was given in 28-day cycles in an outpatient treatment setting.  • Daratumumab 1800 mg s.c. on Days 1, 8, 15, and 22 in Cycles 1 and 2, on Days 1 and 15 in Cycles 3 to 6, and on Day 1 from Cycle 7	NEWLINE_TO_SPACE;CUT_AT_400_CHARS;TSV_WRITE_NORMALISES_TAB_AND_NEWLINE;ORIGINAL_RETRIEVABLE_ONLY_VIA_the cached source record	205
NCT03212274	Overall Response Rate	Cohort 1A-Glioma Naïve to IDH I	15	2018_2021	bor	1	6	ALL_ARMS_NON_CONTROL_TYPED	EXPERIMENTAL	PROPOSED	LEAF_CLAIM_NOT_VERIFIABLE_FROM_EXACT_SOURCE_FIELDS	DELIVERED_LEAF:LEAF-QD-group2.tsv	LEAF-OUT/LEAF-QD-group2.tsv:line 120; candidate protocolSection.armsInterventionsModule.armGroups[0].label	1	0	Treatment (olaparib)	EXPERIMENTAL									UNKNOWN_IN_THIS_CACHE	no source-field-matched arm link and no comparator wording in the group record			NOT_ESTABLISHED_REGISTRY_JOIN_FIELDS_ABSENT_FROM_THIS_CACHE	ALL_REGISTERED_ARMS_NON_COMPARATOR_TYPED_CONDITIONAL	ASSUMES_THIS_RESULTS_GROUP_IS_A_SUBSET_OF_THE_REGISTERED_ARM_SET_MEMBERSHIP_UNPROVED		LEAF_LABEL_RESOLVES_UNIQUELY	Treatment (olaparib)	LEAF-OUT/LEAF-QD-group2.tsv:line 120	RETAINED_UNVERIFIED_WITH_LOCATOR		only one registered arm (armGroups[0] 'Treatment (olaparib)', 1 of 1)	NEWLINE_TO_SPACE;CUT_AT_400_CHARS;TSV_WRITE_NORMALISES_TAB_AND_NEWLINE;ORIGINAL_RETRIEVABLE_ONLY_VIA_leaf_claim_locator	69	NO	YES	CONFIRMED_TYPE_ONLY	LEAF_SOLE_REGISTERED_ARM_TYPE_ONLY		NOT_CONTROL_BY_ARM_SET_TYPE_INVARIANT	NOT_CONTROL_SINGLE_ARM_TRIAL	CHANGED_CLASS:NOT_CONTROL_ASSERTED->UNKNOWN	Cohort 1A-Glioma Naïve to IDH I	NEWLINE_TO_SPACE;CUT_AT_400_CHARS;TSV_WRITE_NORMALISES_TAB_AND_NEWLINE;ORIGINAL_RETRIEVABLE_ONLY_VIA_the cached source record	31
NCT03212274	Overall Response Rate	Cohort 1B- Glioma Pretreated	13	2018_2021	bor	1	6	ALL_ARMS_NON_CONTROL_TYPED	EXPERIMENTAL	PROPOSED	LEAF_CLAIM_NOT_VERIFIABLE_FROM_EXACT_SOURCE_FIELDS	DELIVERED_LEAF:LEAF-QD-group2.tsv	LEAF-OUT/LEAF-QD-group2.tsv:line 121; candidate protocolSection.armsInterventionsModule.armGroups[0].label	1	0	Treatment (olaparib)	EXPERIMENTAL									UNKNOWN_IN_THIS_CACHE	no source-field-matched arm link and no comparator wording in the group record			NOT_ESTABLISHED_REGISTRY_JOIN_FIELDS_ABSENT_FROM_THIS_CACHE	ALL_REGISTERED_ARMS_NON_COMPARATOR_TYPED_CONDITIONAL	ASSUMES_THIS_RESULTS_GROUP_IS_A_SUBSET_OF_THE_REGISTERED_ARM_SET_MEMBERSHIP_UNPROVED		LEAF_LABEL_RESOLVES_UNIQUELY	Treatment (olaparib)	LEAF-OUT/LEAF-QD-group2.tsv:line 121	RETAINED_UNVERIFIED_WITH_LOCATOR		only one registered arm (armGroups[0] 'Treatment (olaparib)', 1 of 1)	NEWLINE_TO_SPACE;CUT_AT_400_CHARS;TSV_WRITE_NORMALISES_TAB_AND_NEWLINE;ORIGINAL_RETRIEVABLE_ONLY_VIA_leaf_claim_locator	69	NO	YES	CONFIRMED_TYPE_ONLY	LEAF_SOLE_REGISTERED_ARM_TYPE_ONLY		NOT_CONTROL_BY_ARM_SET_TYPE_INVARIANT	NOT_CONTROL_SINGLE_ARM_TRIAL	CHANGED_CLASS:NOT_CONTROL_ASSERTED->UNKNOWN	Cohort 1B- Glioma Pretreated	NEWLINE_TO_SPACE;CUT_AT_400_CHARS;TSV_WRITE_NORMALISES_TAB_AND_NEWLINE;ORIGINAL_RETRIEVABLE_ONLY_VIA_the cached source record	28
NCT03212274	Overall Response Rate	Cohort 2A- Cholangio Naive	15	2018_2021	bor	1	6	ALL_ARMS_NON_CONTROL_TYPED	EXPERIMENTAL	PROPOSED	LEAF_CLAIM_NOT_VERIFIABLE_FROM_EXACT_SOURCE_FIELDS	DELIVERED_LEAF:LEAF-QD-group2.tsv	LEAF-OUT/LEAF-QD-group2.tsv:line 122; candidate protocolSection.armsInterventionsModule.armGroups[0].label	1	0	Treatment (olaparib)	EXPERIMENTAL									UNKNOWN_IN_THIS_CACHE	no source-field-matched arm link and no comparator wording in the group record			NOT_ESTABLISHED_REGISTRY_JOIN_FIELDS_ABSENT_FROM_THIS_CACHE	ALL_REGISTERED_ARMS_NON_COMPARATOR_TYPED_CONDITIONAL	ASSUMES_THIS_RESULTS_GROUP_IS_A_SUBSET_OF_THE_REGISTERED_ARM_SET_MEMBERSHIP_UNPROVED		LEAF_LABEL_RESOLVES_UNIQUELY	Treatment (olaparib)	LEAF-OUT/LEAF-QD-group2.tsv:line 122	RETAINED_UNVERIFIED_WITH_LOCATOR		only one registered arm (armGroups[0] 'Treatment (olaparib)', 1 of 1)	NEWLINE_TO_SPACE;CUT_AT_400_CHARS;TSV_WRITE_NORMALISES_TAB_AND_NEWLINE;ORIGINAL_RETRIEVABLE_ONLY_VIA_leaf_claim_locator	69	NO	YES	CONFIRMED_TYPE_ONLY	LEAF_SOLE_REGISTERED_ARM_TYPE_ONLY		NOT_CONTROL_BY_ARM_SET_TYPE_INVARIANT	NOT_CONTROL_SINGLE_ARM_TRIAL	CHANGED_CLASS:NOT_CONTROL_ASSERTED->UNKNOWN	Cohort 2A- Cholangio Naive	NEWLINE_TO_SPACE;CUT_AT_400_CHARS;TSV_WRITE_NORMALISES_TAB_AND_NEWLINE;ORIGINAL_RETRIEVABLE_ONLY_VIA_the cached source record	26
NCT03212274	Overall Response Rate	Cohort 2B-Cholangio- Pretreated	12	2018_2021	bor	1	6	ALL_ARMS_NON_CONTROL_TYPED	EXPERIMENTAL	PROPOSED	LEAF_CLAIM_NOT_VERIFIABLE_FROM_EXACT_SOURCE_FIELDS	DELIVERED_LEAF:LEAF-QD-group2.tsv	LEAF-OUT/LEAF-QD-group2.tsv:line 123; candidate protocolSection.armsInterventionsModule.armGroups[0].label	1	0	Treatment (olaparib)	EXPERIMENTAL									UNKNOWN_IN_THIS_CACHE	no source-field-matched arm link and no comparator wording in the group record			NOT_ESTABLISHED_REGISTRY_JOIN_FIELDS_ABSENT_FROM_THIS_CACHE	ALL_REGISTERED_ARMS_NON_COMPARATOR_TYPED_CONDITIONAL	ASSUMES_THIS_RESULTS_GROUP_IS_A_SUBSET_OF_THE_REGISTERED_ARM_SET_MEMBERSHIP_UNPROVED		LEAF_LABEL_RESOLVES_UNIQUELY	Treatment (olaparib)	LEAF-OUT/LEAF-QD-group2.tsv:line 123	RETAINED_UNVERIFIED_WITH_LOCATOR		only one registered arm (armGroups[0] 'Treatment (olaparib)', 1 of 1)	NEWLINE_TO_SPACE;CUT_AT_400_CHARS;TSV_WRITE_NORMALISES_TAB_AND_NEWLINE;ORIGINAL_RETRIEVABLE_ONLY_VIA_leaf_claim_locator	69	NO	YES	CONFIRMED_TYPE_ONLY	LEAF_SOLE_REGISTERED_ARM_TYPE_ONLY		NOT_CONTROL_BY_ARM_SET_TYPE_INVARIANT	NOT_CONTROL_SINGLE_ARM_TRIAL	CHANGED_CLASS:NOT_CONTROL_ASSERTED->UNKNOWN	Cohort 2B-Cholangio- Pretreated	NEWLINE_TO_SPACE;CUT_AT_400_CHARS;TSV_WRITE_NORMALISES_TAB_AND_NEWLINE;ORIGINAL_RETRIEVABLE_ONLY_VIA_the cached source record	31
NCT03212274	Overall Response Rate	Cohort 3A Other -Naive	22	2018_2021	bor	1	6	ALL_ARMS_NON_CONTROL_TYPED	EXPERIMENTAL	PROPOSED	LEAF_CLAIM_NOT_VERIFIABLE_FROM_EXACT_SOURCE_FIELDS	DELIVERED_LEAF:LEAF-QD-group2.tsv	LEAF-OUT/LEAF-QD-group2.tsv:line 124; candidate protocolSection.armsInterventionsModule.armGroups[0].label	1	0	Treatment (olaparib)	EXPERIMENTAL									UNKNOWN_IN_THIS_CACHE	no source-field-matched arm link and no comparator wording in the group record			NOT_ESTABLISHED_REGISTRY_JOIN_FIELDS_ABSENT_FROM_THIS_CACHE	ALL_REGISTERED_ARMS_NON_COMPARATOR_TYPED_CONDITIONAL	ASSUMES_THIS_RESULTS_GROUP_IS_A_SUBSET_OF_THE_REGISTERED_ARM_SET_MEMBERSHIP_UNPROVED		LEAF_LABEL_RESOLVES_UNIQUELY	Treatment (olaparib)	LEAF-OUT/LEAF-QD-group2.tsv:line 124	RETAINED_UNVERIFIED_WITH_LOCATOR		only one registered arm (armGroups[0] 'Treatment (olaparib)', 1 of 1)	NEWLINE_TO_SPACE;CUT_AT_400_CHARS;TSV_WRITE_NORMALISES_TAB_AND_NEWLINE;ORIGINAL_RETRIEVABLE_ONLY_VIA_leaf_claim_locator	69	NO	YES	CONFIRMED_TYPE_ONLY	LEAF_SOLE_REGISTERED_ARM_TYPE_ONLY		NOT_CONTROL_BY_ARM_SET_TYPE_INVARIANT	NOT_CONTROL_SINGLE_ARM_TRIAL	CHANGED_CLASS:NOT_CONTROL_ASSERTED->UNKNOWN	Cohort 3A Other -Naive	NEWLINE_TO_SPACE;CUT_AT_400_CHARS;TSV_WRITE_NORMALISES_TAB_AND_NEWLINE;ORIGINAL_RETRIEVABLE_ONLY_VIA_the cached source record	22
NCT03212274	Overall Response Rate	Cohort 3B Other -Pretreated	1	2018_2021	bor	1	6	ALL_ARMS_NON_CONTROL_TYPED	EXPERIMENTAL	PROPOSED	LEAF_CLAIM_NOT_VERIFIABLE_FROM_EXACT_SOURCE_FIELDS	DELIVERED_LEAF:LEAF-QD-group2.tsv	LEAF-OUT/LEAF-QD-group2.tsv:line 125; candidate protocolSection.armsInterventionsModule.armGroups[0].label	1	0	Treatment (olaparib)	EXPERIMENTAL									UNKNOWN_IN_THIS_CACHE	no source-field-matched arm link and no comparator wording in the group record			NOT_ESTABLISHED_REGISTRY_JOIN_FIELDS_ABSENT_FROM_THIS_CACHE	ALL_REGISTERED_ARMS_NON_COMPARATOR_TYPED_CONDITIONAL	ASSUMES_THIS_RESULTS_GROUP_IS_A_SUBSET_OF_THE_REGISTERED_ARM_SET_MEMBERSHIP_UNPROVED		LEAF_LABEL_RESOLVES_UNIQUELY	Treatment (olaparib)	LEAF-OUT/LEAF-QD-group2.tsv:line 125	RETAINED_UNVERIFIED_WITH_LOCATOR		only one registered arm (armGroups[0] 'Treatment (olaparib)', 1 of 1)	NEWLINE_TO_SPACE;CUT_AT_400_CHARS;TSV_WRITE_NORMALISES_TAB_AND_NEWLINE;ORIGINAL_RETRIEVABLE_ONLY_VIA_leaf_claim_locator	69	NO	YES	CONFIRMED_TYPE_ONLY	LEAF_SOLE_REGISTERED_ARM_TYPE_ONLY		NOT_CONTROL_BY_ARM_SET_TYPE_INVARIANT	NOT_CONTROL_SINGLE_ARM_TRIAL	CHANGED_CLASS:NOT_CONTROL_ASSERTED->UNKNOWN	Cohort 3B Other -Pretreated	NEWLINE_TO_SPACE;CUT_AT_400_CHARS;TSV_WRITE_NORMALISES_TAB_AND_NEWLINE;ORIGINAL_RETRIEVABLE_ONLY_VIA_the cached source record	27
NCT04068181	BOR Per Modified RECIST v1.1	Cohort 1 - Locally Recurrent/Metastatic - Primary Resistance	19	2018_2021	bor	4	4	ALL_ARMS_NON_CONTROL_TYPED	EXPERIMENTAL | EXPERIMENTAL | EXPERIMENTAL | EXPERIMENTAL	LABEL_MATCH	LABEL_FIELD_MATCH_ONLY:LABEL_BYTE_EXACT	SOURCE_RECORD	protocolSection.armsInterventionsModule.armGroups[0].label	1	0	Cohort 1 - Locally Recurrent/Metastatic - Primary Resistance	EXPERIMENTAL	0	Cohort 1 - Locally Recurrent/Metastatic - Primary Resistance	EXPERIMENTAL						NOT_ESTABLISHED_IN_THIS_CACHE	bound arm 0 registered type EXPERIMENTAL (verbatim). A registered type of EXPERIMENTAL/OTHER is not evidence that this group had no comparator role; no comparator evidence exists in this cache either way			NOT_ESTABLISHED_REGISTRY_JOIN_FIELDS_ABSENT_FROM_THIS_CACHE	BOUND_ARM_REGISTERED_TYPE_IS_EXPERIMENTAL	ASSUMES_LABEL_FIELD_CORRESPONDENCE_IS_ARM_IDENTITY_UNPROVED		NO_LEAF									NO	CONFIRMED	LABEL_BYTE_EXACT	Cohort 1 - Locally Recurrent/Metastatic - Primary Resistance	NOT_CONTROL_CONFIRMED	NOT_CONTROL	CHANGED_CLASS:NOT_CONTROL_ASSERTED->NOT_ESTABLISHED	Included participants who received anti-PD-1 therapy in the locally recurrent/metastatic setting and experienced a best overall response of disease progression or stable disease prior to confirmed disease progression.  Participants received talimogene laherparepvec at an initial dose of up to 4.0 mL of 10\^6 plaque-forming units (PFU)/mL by intralesional injection into injectable cutaneous, subcut	NEWLINE_TO_SPACE;CUT_AT_400_CHARS;TSV_WRITE_NORMALISES_TAB_AND_NEWLINE;ORIGINAL_RETRIEVABLE_ONLY_VIA_the cached source record	673
NCT04068181	BOR Per Modified RECIST v1.1	Cohort 2 - Locally Recurrent/Metastatic - Acquired Resistance	10	2018_2021	bor	4	4	ALL_ARMS_NON_CONTROL_TYPED	EXPERIMENTAL | EXPERIMENTAL | EXPERIMENTAL | EXPERIMENTAL	LABEL_MATCH	LABEL_FIELD_MATCH_ONLY:LABEL_BYTE_EXACT	SOURCE_RECORD	protocolSection.armsInterventionsModule.armGroups[1].label	1	1	Cohort 2 - Locally Recurrent/Metastatic - Acquired Resistance	EXPERIMENTAL	1	Cohort 2 - Locally Recurrent/Metastatic - Acquired Resistance	EXPERIMENTAL						NOT_ESTABLISHED_IN_THIS_CACHE	bound arm 1 registered type EXPERIMENTAL (verbatim). A registered type of EXPERIMENTAL/OTHER is not evidence that this group had no comparator role; no comparator evidence exists in this cache either way			NOT_ESTABLISHED_REGISTRY_JOIN_FIELDS_ABSENT_FROM_THIS_CACHE	BOUND_ARM_REGISTERED_TYPE_IS_EXPERIMENTAL	ASSUMES_LABEL_FIELD_CORRESPONDENCE_IS_ARM_IDENTITY_UNPROVED		NO_LEAF									NO	CONFIRMED	LABEL_BYTE_EXACT	Cohort 2 - Locally Recurrent/Metastatic - Acquired Resistance	NOT_CONTROL_CONFIRMED	NOT_CONTROL	CHANGED_CLASS:NOT_CONTROL_ASSERTED->NOT_ESTABLISHED	Included participants who received anti-PD-1 therapy in the locally recurrent/metastatic setting and experienced confirmed disease progression following a complete or partial response on anti-PD-1 therapy.  Participants received talimogene laherparepvec at an initial dose of up to 4.0 mL of 10\^6 PFU/mL by intralesional injection into injectable cutaneous, subcutaneous and nodal legions on Day 1. 	NEWLINE_TO_SPACE;CUT_AT_400_CHARS;TSV_WRITE_NORMALISES_TAB_AND_NEWLINE;ORIGINAL_RETRIEVABLE_ONLY_VIA_the cached source record	624
NCT04068181	BOR Per Modified RECIST v1.1	Cohort 3 - Adjuvant Setting - Disease Free Interval < 6 Months	15	2018_2021	bor	4	4	ALL_ARMS_NON_CONTROL_TYPED	EXPERIMENTAL | EXPERIMENTAL | EXPERIMENTAL | EXPERIMENTAL	LABEL_MATCH	LABEL_FIELD_MATCH_ONLY:LABEL_CASE_WS_FOLD	SOURCE_RECORD	protocolSection.armsInterventionsModule.armGroups[2].label	1	2	Cohort 3 - Adjuvant Setting -Disease Free Interval < 6 months	EXPERIMENTAL	2	Cohort 3 - Adjuvant Setting -Disease Free Interval < 6 months	EXPERIMENTAL						NOT_ESTABLISHED_IN_THIS_CACHE	bound arm 2 registered type EXPERIMENTAL (verbatim). A registered type of EXPERIMENTAL/OTHER is not evidence that this group had no comparator role; no comparator evidence exists in this cache either way			NOT_ESTABLISHED_REGISTRY_JOIN_FIELDS_ABSENT_FROM_THIS_CACHE	BOUND_ARM_REGISTERED_TYPE_IS_EXPERIMENTAL	ASSUMES_LABEL_FIELD_CORRESPONDENCE_IS_ARM_IDENTITY_UNPROVED		NO_LEAF									NO	CONFIRMED	LABEL_CASE_AND_WHITESPACE_ONLY	Cohort 3 - Adjuvant Setting -Disease Free Interval < 6 months	NOT_CONTROL_CONFIRMED	NOT_CONTROL	CHANGED_CLASS:NOT_CONTROL_ASSERTED->NOT_ESTABLISHED	Included participants who received anti-PD-1 therapy in the adjuvant setting and experienced confirmed disease progression following a disease-free interval of \< 6 months after starting the adjuvant anti-PD-1 therapy.  Participants received talimogene laherparepvec at an initial dose of up to 4.0 mL of 10\^6 PFU/mL by intralesional injection into injectable cutaneous, subcutaneous and nodal legio	NEWLINE_TO_SPACE;CUT_AT_400_CHARS;TSV_WRITE_NORMALISES_TAB_AND_NEWLINE;ORIGINAL_RETRIEVABLE_ONLY_VIA_the cached source record	637
NCT04068181	BOR Per Modified RECIST v1.1	Cohort 4 - Adjuvant Setting - Disease Free Interval ≥ 6 Months	14	2018_2021	bor	4	4	ALL_ARMS_NON_CONTROL_TYPED	EXPERIMENTAL | EXPERIMENTAL | EXPERIMENTAL | EXPERIMENTAL	LABEL_MATCH	LABEL_FIELD_MATCH_ONLY:LABEL_CASE_WS_FOLD	SOURCE_RECORD	protocolSection.armsInterventionsModule.armGroups[3].label	1	3	Cohort 4 - Adjuvant Setting -Disease Free Interval ≥ 6 months	EXPERIMENTAL	3	Cohort 4 - Adjuvant Setting -Disease Free Interval ≥ 6 months	EXPERIMENTAL						NOT_ESTABLISHED_IN_THIS_CACHE	bound arm 3 registered type EXPERIMENTAL (verbatim). A registered type of EXPERIMENTAL/OTHER is not evidence that this group had no comparator role; no comparator evidence exists in this cache either way			NOT_ESTABLISHED_REGISTRY_JOIN_FIELDS_ABSENT_FROM_THIS_CACHE	BOUND_ARM_REGISTERED_TYPE_IS_EXPERIMENTAL	ASSUMES_LABEL_FIELD_CORRESPONDENCE_IS_ARM_IDENTITY_UNPROVED		NO_LEAF									NO	CONFIRMED	LABEL_CASE_AND_WHITESPACE_ONLY	Cohort 4 - Adjuvant Setting -Disease Free Interval ≥ 6 months	NOT_CONTROL_CONFIRMED	NOT_CONTROL	CHANGED_CLASS:NOT_CONTROL_ASSERTED->NOT_ESTABLISHED	Included participants who received anti PD-1 therapy in the adjuvant setting and experienced confirmed disease progression following a disease-free interval of ≥ 6 months after starting the adjuvant PD-1 inhibitor.  Participants received talimogene laherparepvec at an initial dose of up to 4.0 mL of 10\^6 PFU/mL by intralesional injection into injectable cutaneous, subcutaneous and nodal legions o	NEWLINE_TO_SPACE;CUT_AT_400_CHARS;TSV_WRITE_NORMALISES_TAB_AND_NEWLINE;ORIGINAL_RETRIEVABLE_ONLY_VIA_the cached source record	633
NCT03671564	Number of Participants With Best Response Following Administration of Milademetan in Participants With Relapsed or Refractory Acute Myeloid Leukemia	Milademetan (90 mg/Day)	2	2018_2021	bor	3	3	ALL_ARMS_NON_CONTROL_TYPED	EXPERIMENTAL | EXPERIMENTAL | EXPERIMENTAL	SOURCE_FIELD_MATCH	TWO_AGREEING_FIELD_MATCHES:LABEL_BYTE_EXACT+DESC_BYTE_EXACT	SOURCE_RECORD	protocolSection.armsInterventionsModule.armGroups[0].label and protocolSection.armsInterventionsModule.armGroups[0].description	1	0	Milademetan (90 mg/Day)	EXPERIMENTAL	0	Milademetan (90 mg/Day)	EXPERIMENTAL						NOT_ESTABLISHED_IN_THIS_CACHE	bound arm 0 registered type EXPERIMENTAL (verbatim). A registered type of EXPERIMENTAL/OTHER is not evidence that this group had no comparator role; no comparator evidence exists in this cache either way			NOT_ESTABLISHED_REGISTRY_JOIN_FIELDS_ABSENT_FROM_THIS_CACHE	BOUND_ARM_REGISTERED_TYPE_IS_EXPERIMENTAL	ASSUMES_TWO_AGREEING_SOURCE_FIELD_MATCHES_ARE_ARM_IDENTITY_UNPROVED		NO_LEAF									NO	CONFIRMED	LABEL_BYTE_EXACT	Milademetan (90 mg/Day)	NOT_CONTROL_CONFIRMED	NOT_CONTROL	CHANGED_CLASS:NOT_CONTROL_ASSERTED->NOT_ESTABLISHED	Participants who received milademetan 90 mg daily (QD) Day 1 - 14 followed by 14-day rest in a 28-day cycle.	NEWLINE_TO_SPACE;CUT_AT_400_CHARS;TSV_WRITE_NORMALISES_TAB_AND_NEWLINE;ORIGINAL_RETRIEVABLE_ONLY_VIA_the cached source record	108
NCT03671564	Number of Participants With Best Response Following Administration of Milademetan in Participants With Relapsed or Refractory Acute Myeloid Leukemia	Milademetan (120 mg/Day)	1	2018_2021	bor	3	3	ALL_ARMS_NON_CONTROL_TYPED	EXPERIMENTAL | EXPERIMENTAL | EXPERIMENTAL	SOURCE_FIELD_MATCH	TWO_AGREEING_FIELD_MATCHES:LABEL_BYTE_EXACT+DESC_BYTE_EXACT	SOURCE_RECORD	protocolSection.armsInterventionsModule.armGroups[1].label and protocolSection.armsInterventionsModule.armGroups[1].description	1	1	Milademetan (120 mg/Day)	EXPERIMENTAL	1	Milademetan (120 mg/Day)	EXPERIMENTAL						NOT_ESTABLISHED_IN_THIS_CACHE	bound arm 1 registered type EXPERIMENTAL (verbatim). A registered type of EXPERIMENTAL/OTHER is not evidence that this group had no comparator role; no comparator evidence exists in this cache either way			NOT_ESTABLISHED_REGISTRY_JOIN_FIELDS_ABSENT_FROM_THIS_CACHE	BOUND_ARM_REGISTERED_TYPE_IS_EXPERIMENTAL	ASSUMES_TWO_AGREEING_SOURCE_FIELD_MATCHES_ARE_ARM_IDENTITY_UNPROVED		NO_LEAF									NO	CONFIRMED	LABEL_BYTE_EXACT	Milademetan (120 mg/Day)	NOT_CONTROL_CONFIRMED	NOT_CONTROL	CHANGED_CLASS:NOT_CONTROL_ASSERTED->NOT_ESTABLISHED	Participants who received milademetan 120 mg daily (QD) Day 1 - 14 followed by 14-day rest in a 28-day cycle.	NEWLINE_TO_SPACE;CUT_AT_400_CHARS;TSV_WRITE_NORMALISES_TAB_AND_NEWLINE;ORIGINAL_RETRIEVABLE_ONLY_VIA_the cached source record	109
NCT03573947	Estimate the Overall Response Rate With the Study Combination.	nivolumab, ipilimumab and paclitaxel	46	2018_2021	bor	1	1	ALL_ARMS_NON_CONTROL_TYPED	EXPERIMENTAL	LABEL_MATCH	LABEL_FIELD_MATCH_ONLY:LABEL_BYTE_EXACT	SOURCE_RECORD	protocolSection.armsInterventionsModule.armGroups[0].label	1	0	nivolumab, ipilimumab and paclitaxel	EXPERIMENTAL	0	nivolumab, ipilimumab and paclitaxel	EXPERIMENTAL						NOT_ESTABLISHED_IN_THIS_CACHE	bound arm 0 registered type EXPERIMENTAL (verbatim). A registered type of EXPERIMENTAL/OTHER is not evidence that this group had no comparator role; no comparator evidence exists in this cache either way			NOT_ESTABLISHED_REGISTRY_JOIN_FIELDS_ABSENT_FROM_THIS_CACHE	BOUND_ARM_REGISTERED_TYPE_IS_EXPERIMENTAL	ASSUMES_LABEL_FIELD_CORRESPONDENCE_IS_ARM_IDENTITY_UNPROVED		NO_LEAF									NO	CONFIRMED	LABEL_BYTE_EXACT	nivolumab, ipilimumab and paclitaxel	NOT_CONTROL_CONFIRMED	NOT_CONTROL	CHANGED_CLASS:NOT_CONTROL_ASSERTED->NOT_ESTABLISHED	patients will be treated with nivolumab and ipilimumab in combination with weekly paclitaxel days 1 and 8 every 21 days until they experience unacceptable drug-related toxicity, disease progression or 24 months.  The dosing regimen will be: nivolumab 360 mg every 3 weeks, ipilimumab 1 mg/kg every 6 weeks, and paclitaxel 80 mg/m2 on days 1 and 8 of 1 21 day treatment cycle. Paclitaxel would be stop	NEWLINE_TO_SPACE;CUT_AT_400_CHARS;TSV_WRITE_NORMALISES_TAB_AND_NEWLINE;ORIGINAL_RETRIEVABLE_ONLY_VIA_the cached source record	613
NCT05323656	Overall Response Rate (ORR)	Setanaxib 1600 mg and Pembrolizumab 200 mg	26	2022_2026	bor	2	2	MIXED_ARM_TYPES	EXPERIMENTAL | ACTIVE_COMPARATOR	LABEL_MATCH	LABEL_FIELD_MATCH_ONLY:LABEL_BYTE_EXACT	SOURCE_RECORD	protocolSection.armsInterventionsModule.armGroups[0].label	1	0	Setanaxib 1600 mg and Pembrolizumab 200 mg	EXPERIMENTAL	0	Setanaxib 1600 mg and Pembrolizumab 200 mg	EXPERIMENTAL						NOT_ESTABLISHED_IN_THIS_CACHE	bound arm 0 registered type EXPERIMENTAL (verbatim). A registered type of EXPERIMENTAL/OTHER is not evidence that this group had no comparator role; no comparator evidence exists in this cache either way			NOT_ESTABLISHED_REGISTRY_JOIN_FIELDS_ABSENT_FROM_THIS_CACHE	BOUND_ARM_REGISTERED_TYPE_IS_EXPERIMENTAL	ASSUMES_LABEL_FIELD_CORRESPONDENCE_IS_ARM_IDENTITY_UNPROVED		NO_LEAF									NO	CONFIRMED	LABEL_BYTE_EXACT	Setanaxib 1600 mg and Pembrolizumab 200 mg	NOT_CONTROL_CONFIRMED	NOT_CONTROL	CHANGED_CLASS:NOT_CONTROL_ASSERTED->NOT_ESTABLISHED	Participants will be administered setanaxib at a dose of 1600 mg/day for the up to 24-month double-blind treatment period.  Participants will also be administered Pembrolizumab 200 mg intravenously every 3 weeks.  Setanaxib: Oral tablets, 400 mg per tablet  Pembrolizumab: 200 mg IV infusion	NEWLINE_TO_SPACE;CUT_AT_400_CHARS;TSV_WRITE_NORMALISES_TAB_AND_NEWLINE;ORIGINAL_RETRIEVABLE_ONLY_VIA_the cached source record	291
NCT05323656	Overall Response Rate (ORR)	Placebo and Pembrolizumab 200 mg	28	2022_2026	bor	2	2	MIXED_ARM_TYPES	EXPERIMENTAL | ACTIVE_COMPARATOR	LABEL_MATCH	LABEL_FIELD_MATCH_ONLY:LABEL_BYTE_EXACT	SOURCE_RECORD	protocolSection.armsInterventionsModule.armGroups[1].label	1	1	Placebo and Pembrolizumab 200 mg	ACTIVE_COMPARATOR	1	Placebo and Pembrolizumab 200 mg	ACTIVE_COMPARATOR						COMPARATOR_PROPOSED_BY_LABEL_FIELD_MATCHED_ARM_TYPE	arm 1 bound by label correspondence only (LABEL_FIELD_MATCH_ONLY:LABEL_BYTE_EXACT); registered type ACTIVE_COMPARATOR; the group-arm identity is not independently source-field-matched	ASSUMES_LABEL_FIELD_CORRESPONDENCE_IS_ARM_IDENTITY_UNPROVED	GROUP_TEXT_PLACEBO_OR_SHAM_WORDING	NOT_ESTABLISHED_REGISTRY_JOIN_FIELDS_ABSENT_FROM_THIS_CACHE	BOUND_ARM_REGISTERED_TYPE_IS_ACTIVE_COMPARATOR	ASSUMES_LABEL_FIELD_CORRESPONDENCE_IS_ARM_IDENTITY_UNPROVED		NO_LEAF									NO	CONFIRMED	LABEL_BYTE_EXACT	Placebo and Pembrolizumab 200 mg	CONTROL_ACTIVE_COMPARATOR_CONFIRMED	CONTROL_ACTIVE_COMPARATOR	CHANGED_CLASS:COMPARATOR_TYPE_INFERRED->COMPARATOR_PROPOSED	Participants will be administered placebo for the up to 24-month double-blind treatment period.  Participants will also be administered Pembrolizumab 200 mg intravenously every 3 weeks.  Placebo: Oral tablets  Pembrolizumab: 200 mg IV infusion	NEWLINE_TO_SPACE;CUT_AT_400_CHARS;TSV_WRITE_NORMALISES_TAB_AND_NEWLINE;ORIGINAL_RETRIEVABLE_ONLY_VIA_the cached source record	243
NCT04268277	Response Rate	Rituximab & Pembrolizumab	22	2022_2026	bor	1	1	ALL_ARMS_NON_CONTROL_TYPED	EXPERIMENTAL	SOURCE_FIELD_MATCH	TWO_AGREEING_FIELD_MATCHES:LABEL_BYTE_EXACT+DESC_BYTE_EXACT	SOURCE_RECORD	protocolSection.armsInterventionsModule.armGroups[0].label and protocolSection.armsInterventionsModule.armGroups[0].description	1	0	Rituximab & Pembrolizumab	EXPERIMENTAL	0	Rituximab & Pembrolizumab	EXPERIMENTAL						NOT_ESTABLISHED_IN_THIS_CACHE	bound arm 0 registered type EXPERIMENTAL (verbatim). A registered type of EXPERIMENTAL/OTHER is not evidence that this group had no comparator role; no comparator evidence exists in this cache either way			NOT_ESTABLISHED_REGISTRY_JOIN_FIELDS_ABSENT_FROM_THIS_CACHE	BOUND_ARM_REGISTERED_TYPE_IS_EXPERIMENTAL	ASSUMES_TWO_AGREEING_SOURCE_FIELD_MATCHES_ARE_ARM_IDENTITY_UNPROVED		NO_LEAF									NO	CONFIRMED	LABEL_BYTE_EXACT	Rituximab & Pembrolizumab	NOT_CONTROL_CONFIRMED	NOT_CONTROL	CHANGED_CLASS:NOT_CONTROL_ASSERTED->NOT_ESTABLISHED	Cycle 1 (21 days cycle):  Rituximab: 375 mg/m2 day 1, 8, 15 Pembrolizumab: 200 mg IV fixed dose day 2  Cycle 2-18 (21 days cycle) or until progression or non-tolerable toxicity:  Rituximab: 375 mg/m2 day 1 every second cycle Pembrolizumab: 200 mg IV fixed dose day 1	NEWLINE_TO_SPACE;CUT_AT_400_CHARS;TSV_WRITE_NORMALISES_TAB_AND_NEWLINE;ORIGINAL_RETRIEVABLE_ONLY_VIA_the cached source record	266
NCT01744249	Objective Response Rate (ORR) (Investigator Assessment)	Axitinib + Sandostatin LAR	118	2010_2013	placebo	2	2	MIXED_ARM_TYPES	EXPERIMENTAL | PLACEBO_COMPARATOR	SOURCE_FIELD_MATCH	TWO_AGREEING_FIELD_MATCHES:LABEL_BYTE_EXACT+DESC_BYTE_EXACT	SOURCE_RECORD	protocolSection.armsInterventionsModule.armGroups[0].label and protocolSection.armsInterventionsModule.armGroups[0].description	1	0	Axitinib + Sandostatin LAR	EXPERIMENTAL	0	Axitinib + Sandostatin LAR	EXPERIMENTAL						NOT_ESTABLISHED_IN_THIS_CACHE	bound arm 0 registered type EXPERIMENTAL (verbatim). A registered type of EXPERIMENTAL/OTHER is not evidence that this group had no comparator role; no comparator evidence exists in this cache either way			NOT_ESTABLISHED_REGISTRY_JOIN_FIELDS_ABSENT_FROM_THIS_CACHE	BOUND_ARM_REGISTERED_TYPE_IS_EXPERIMENTAL	ASSUMES_TWO_AGREEING_SOURCE_FIELD_MATCHES_ARE_ARM_IDENTITY_UNPROVED		NO_LEAF									NO	CONFIRMED	LABEL_BYTE_EXACT	Axitinib + Sandostatin LAR	NOT_CONTROL_CONFIRMED	NOT_CONTROL	CHANGED_CLASS:NOT_CONTROL_ASSERTED->NOT_ESTABLISHED	Axitinib 5 mg BID + Sandostatin LAR 30mg/28 days	NEWLINE_TO_SPACE;CUT_AT_400_CHARS;TSV_WRITE_NORMALISES_TAB_AND_NEWLINE;ORIGINAL_RETRIEVABLE_ONLY_VIA_the cached source record	48
NCT01744249	Objective Response Rate (ORR) (Investigator Assessment)	Placebo + Sandostatin LAR	127	2010_2013	placebo	2	2	MIXED_ARM_TYPES	EXPERIMENTAL | PLACEBO_COMPARATOR	SOURCE_FIELD_MATCH	TWO_AGREEING_FIELD_MATCHES:LABEL_BYTE_EXACT+DESC_BYTE_EXACT	SOURCE_RECORD	protocolSection.armsInterventionsModule.armGroups[1].label and protocolSection.armsInterventionsModule.armGroups[1].description	1	1	Placebo + Sandostatin LAR	PLACEBO_COMPARATOR	1	Placebo + Sandostatin LAR	PLACEBO_COMPARATOR						COMPARATOR_TYPE_INFERRED_VIA_SOURCE_FIELD_MATCH	arm 1 bound by TWO_AGREEING_FIELD_MATCHES:LABEL_BYTE_EXACT+DESC_BYTE_EXACT; registered type PLACEBO_COMPARATOR carried verbatim. The comparator TYPE is INFERRED THROUGH a computed correspondence between two source text fields; the registry does not state that this results group IS that arm, so this is not an independently validated clinical comparator	ASSUMES_TWO_AGREEING_SOURCE_FIELD_MATCHES_ARE_ARM_IDENTITY_UNPROVED	GROUP_TEXT_PLACEBO_OR_SHAM_WORDING	NOT_ESTABLISHED_REGISTRY_JOIN_FIELDS_ABSENT_FROM_THIS_CACHE	BOUND_ARM_REGISTERED_TYPE_IS_PLACEBO_COMPARATOR	ASSUMES_TWO_AGREEING_SOURCE_FIELD_MATCHES_ARE_ARM_IDENTITY_UNPROVED		NO_LEAF									NO	CONFIRMED	LABEL_BYTE_EXACT	Placebo + Sandostatin LAR	CONTROL_PLACEBO_CONFIRMED	CONTROL_PLACEBO	UNCHANGED_CLASS:COMPARATOR_TYPE_INFERRED	Placebo BID + Sandostatin LAR 30mg/28 days	NEWLINE_TO_SPACE;CUT_AT_400_CHARS;TSV_WRITE_NORMALISES_TAB_AND_NEWLINE;ORIGINAL_RETRIEVABLE_ONLY_VIA_the cached source record	42
NCT01744249	Objective Response Rate (ORR) (Central Blinded Assessment)	Axitinib + Sandostatin LAR	114	2010_2013	placebo	2	2	MIXED_ARM_TYPES	EXPERIMENTAL | PLACEBO_COMPARATOR	SOURCE_FIELD_MATCH	TWO_AGREEING_FIELD_MATCHES:LABEL_BYTE_EXACT+DESC_BYTE_EXACT	SOURCE_RECORD	protocolSection.armsInterventionsModule.armGroups[0].label and protocolSection.armsInterventionsModule.armGroups[0].description	1	0	Axitinib + Sandostatin LAR	EXPERIMENTAL	0	Axitinib + Sandostatin LAR	EXPERIMENTAL						NOT_ESTABLISHED_IN_THIS_CACHE	bound arm 0 registered type EXPERIMENTAL (verbatim). A registered type of EXPERIMENTAL/OTHER is not evidence that this group had no comparator role; no comparator evidence exists in this cache either way			NOT_ESTABLISHED_REGISTRY_JOIN_FIELDS_ABSENT_FROM_THIS_CACHE	BOUND_ARM_REGISTERED_TYPE_IS_EXPERIMENTAL	ASSUMES_TWO_AGREEING_SOURCE_FIELD_MATCHES_ARE_ARM_IDENTITY_UNPROVED		NO_LEAF									NO	CONFIRMED	LABEL_BYTE_EXACT	Axitinib + Sandostatin LAR	NOT_CONTROL_CONFIRMED	NOT_CONTROL	CHANGED_CLASS:NOT_CONTROL_ASSERTED->NOT_ESTABLISHED	Axitinib 5 mg BID + Sandostatin LAR 30mg/28 days	NEWLINE_TO_SPACE;CUT_AT_400_CHARS;TSV_WRITE_NORMALISES_TAB_AND_NEWLINE;ORIGINAL_RETRIEVABLE_ONLY_VIA_the cached source record	48
NCT01744249	Objective Response Rate (ORR) (Central Blinded Assessment)	Placebo + Sandostatin LAR	125	2010_2013	placebo	2	2	MIXED_ARM_TYPES	EXPERIMENTAL | PLACEBO_COMPARATOR	SOURCE_FIELD_MATCH	TWO_AGREEING_FIELD_MATCHES:LABEL_BYTE_EXACT+DESC_BYTE_EXACT	SOURCE_RECORD	protocolSection.armsInterventionsModule.armGroups[1].label and protocolSection.armsInterventionsModule.armGroups[1].description	1	1	Placebo + Sandostatin LAR	PLACEBO_COMPARATOR	1	Placebo + Sandostatin LAR	PLACEBO_COMPARATOR						COMPARATOR_TYPE_INFERRED_VIA_SOURCE_FIELD_MATCH	arm 1 bound by TWO_AGREEING_FIELD_MATCHES:LABEL_BYTE_EXACT+DESC_BYTE_EXACT; registered type PLACEBO_COMPARATOR carried verbatim. The comparator TYPE is INFERRED THROUGH a computed correspondence between two source text fields; the registry does not state that this results group IS that arm, so this is not an independently validated clinical comparator	ASSUMES_TWO_AGREEING_SOURCE_FIELD_MATCHES_ARE_ARM_IDENTITY_UNPROVED	GROUP_TEXT_PLACEBO_OR_SHAM_WORDING	NOT_ESTABLISHED_REGISTRY_JOIN_FIELDS_ABSENT_FROM_THIS_CACHE	BOUND_ARM_REGISTERED_TYPE_IS_PLACEBO_COMPARATOR	ASSUMES_TWO_AGREEING_SOURCE_FIELD_MATCHES_ARE_ARM_IDENTITY_UNPROVED		NO_LEAF									NO	CONFIRMED	LABEL_BYTE_EXACT	Placebo + Sandostatin LAR	CONTROL_PLACEBO_CONFIRMED	CONTROL_PLACEBO	UNCHANGED_CLASS:COMPARATOR_TYPE_INFERRED	Placebo BID + Sandostatin LAR 30mg/28 days	NEWLINE_TO_SPACE;CUT_AT_400_CHARS;TSV_WRITE_NORMALISES_TAB_AND_NEWLINE;ORIGINAL_RETRIEVABLE_ONLY_VIA_the cached source record	42
NCT02204982	Overall Response Rate (ORR)	Duvelisib + Rituximab	5	2014_2017	placebo	2	2	MIXED_ARM_TYPES	EXPERIMENTAL | PLACEBO_COMPARATOR	LABEL_MATCH	LABEL_FIELD_MATCH_ONLY:LABEL_BYTE_EXACT	SOURCE_RECORD	protocolSection.armsInterventionsModule.armGroups[0].label	1	0	Duvelisib + Rituximab	EXPERIMENTAL	0	Duvelisib + Rituximab	EXPERIMENTAL						NOT_ESTABLISHED_IN_THIS_CACHE	bound arm 0 registered type EXPERIMENTAL (verbatim). A registered type of EXPERIMENTAL/OTHER is not evidence that this group had no comparator role; no comparator evidence exists in this cache either way			NOT_ESTABLISHED_REGISTRY_JOIN_FIELDS_ABSENT_FROM_THIS_CACHE	BOUND_ARM_REGISTERED_TYPE_IS_EXPERIMENTAL	ASSUMES_LABEL_FIELD_CORRESPONDENCE_IS_ARM_IDENTITY_UNPROVED		NO_LEAF									NO	CONFIRMED	LABEL_BYTE_EXACT	Duvelisib + Rituximab	NOT_CONTROL_CONFIRMED	NOT_CONTROL	CHANGED_CLASS:NOT_CONTROL_ASSERTED->NOT_ESTABLISHED	Duvelisib is administered orally and supplied as 5 mg and 25 mg formulated capsules.  Rituximab is administered as an intravenous (IV) infusion and is supplied in single-use vials at two strengths, 100 mg and 500 mg.  Duvelisib: duvelisib (25 mg BID) administered orally in 28-day continuous treatment cycles  Rituximab: IV infusion of rituximab (375 mg/m2) once weekly for 4 weeks during Cycle 1, th	NEWLINE_TO_SPACE;CUT_AT_400_CHARS;TSV_WRITE_NORMALISES_TAB_AND_NEWLINE;ORIGINAL_RETRIEVABLE_ONLY_VIA_the cached source record	443
NCT02204982	Overall Response Rate (ORR)	Placebo + Rituximab	6	2014_2017	placebo	2	2	MIXED_ARM_TYPES	EXPERIMENTAL | PLACEBO_COMPARATOR	LABEL_MATCH	LABEL_FIELD_MATCH_ONLY:LABEL_BYTE_EXACT	SOURCE_RECORD	protocolSection.armsInterventionsModule.armGroups[1].label	1	1	Placebo + Rituximab	PLACEBO_COMPARATOR	1	Placebo + Rituximab	PLACEBO_COMPARATOR						COMPARATOR_PROPOSED_BY_LABEL_FIELD_MATCHED_ARM_TYPE	arm 1 bound by label correspondence only (LABEL_FIELD_MATCH_ONLY:LABEL_BYTE_EXACT); registered type PLACEBO_COMPARATOR; the group-arm identity is not independently source-field-matched	ASSUMES_LABEL_FIELD_CORRESPONDENCE_IS_ARM_IDENTITY_UNPROVED	GROUP_TEXT_PLACEBO_OR_SHAM_WORDING	NOT_ESTABLISHED_REGISTRY_JOIN_FIELDS_ABSENT_FROM_THIS_CACHE	BOUND_ARM_REGISTERED_TYPE_IS_PLACEBO_COMPARATOR	ASSUMES_LABEL_FIELD_CORRESPONDENCE_IS_ARM_IDENTITY_UNPROVED		NO_LEAF									NO	CONFIRMED	LABEL_BYTE_EXACT	Placebo + Rituximab	CONTROL_PLACEBO_CONFIRMED	CONTROL_PLACEBO	CHANGED_CLASS:COMPARATOR_TYPE_INFERRED->COMPARATOR_PROPOSED	Placebo is administered orally and supplied as formulated capsules to match the active 5 mg and 25 mg capsules.  Rituximab is administered as an intravenous (IV) infusion and is supplied in single-use vials at two strengths, 100 mg and 500 mg.  Placebo: Matching Placebo (25 mg BID) administered orally in 28-day continuous treatment cycles.  Rituximab: IV infusion of rituximab (375 mg/m2) once week	NEWLINE_TO_SPACE;CUT_AT_400_CHARS;TSV_WRITE_NORMALISES_TAB_AND_NEWLINE;ORIGINAL_RETRIEVABLE_ONLY_VIA_the cached source record	476
