2026-10-02T11:35:45.3815616Z Current runner version: '2.337.0'
2026-10-02T11:35:45.3840507Z ##[group]Runner Image Provisioner
2026-10-02T11:35:45.3841657Z Hosted Compute Agent
2026-10-02T11:35:45.3842380Z Version: 20260901.588
2026-10-02T11:35:45.3843038Z Commit: f88ec8081b781fac6c440065ac7ff9e710ce3d0b
2026-10-02T11:35:45.3843828Z Build Date: 2026-09-01T19:56:44Z
2026-10-02T11:35:45.3844599Z Worker ID: {d2528b79-aa3c-4d0f-826c-f3c8ae0c4624}
2026-10-02T11:35:45.3845367Z Azure Region: centralus
2026-10-02T11:35:45.3846089Z ##[endgroup]
2026-10-02T11:35:45.3847850Z ##[group]Operating System
2026-10-02T11:35:45.3848569Z Ubuntu
2026-10-02T11:35:45.3849181Z 24.04.5
2026-10-02T11:35:45.3849718Z LTS
2026-10-02T11:35:45.3850627Z ##[endgroup]
2026-10-02T11:35:45.3851398Z ##[group]Runner Image
2026-10-02T11:35:45.3852231Z Image: ubuntu-24.04
2026-10-02T11:35:45.3852951Z Version: 20260927.320.1
2026-10-02T11:35:45.3854234Z Included Software: https://github.com/actions/runner-images/blob/ubuntu24/20260927.320/images/ubuntu/Ubuntu2404-Readme.md
2026-10-02T11:35:45.3855856Z Image Release: https://github.com/actions/runner-images/releases/tag/ubuntu24%2F20260927.320
2026-10-02T11:35:45.3856849Z ##[endgroup]
2026-10-02T11:35:45.3858121Z ##[group]GITHUB_TOKEN Permissions
2026-10-02T11:35:45.3860333Z Contents: read
2026-10-02T11:35:45.3861367Z Metadata: read
2026-10-02T11:35:45.3862012Z ##[endgroup]
2026-10-02T11:35:45.3865173Z Secret source: Actions
2026-10-02T11:35:45.3866151Z Cache mode: write
2026-10-02T11:35:45.3867196Z Prepare workflow directory
2026-10-02T11:35:45.4207129Z Prepare all required actions
2026-10-02T11:35:45.4255693Z Getting action download info
2026-10-02T11:35:45.7279891Z Download action repository 'actions/checkout@v4' (SHA:11d5960a326750d5838078e36cf38b85af677262)
2026-10-02T11:35:45.8102632Z Download action repository 'actions/setup-python@v5' (SHA:a26af69be951a213d495a4c3e4e4022e16d87065)
2026-10-02T11:35:45.9915433Z Complete job name: offline
2026-10-02T11:35:46.0675760Z ##[group]Run actions/checkout@v4
2026-10-02T11:35:46.0676649Z with:
2026-10-02T11:35:46.0677109Z   fetch-depth: 8
2026-10-02T11:35:46.0677592Z   persist-credentials: false
2026-10-02T11:35:46.0678134Z   repository: trimcrae/Rare-cancers
2026-10-02T11:35:46.0682250Z   token: ***
2026-10-02T11:35:46.0682695Z   ssh-strict: true
2026-10-02T11:35:46.0683138Z   ssh-user: git
2026-10-02T11:35:46.0683568Z   clean: true
2026-10-02T11:35:46.0684021Z   sparse-checkout-cone-mode: true
2026-10-02T11:35:46.0684550Z   fetch-tags: false
2026-10-02T11:35:46.0685019Z   show-progress: true
2026-10-02T11:35:46.0685476Z   lfs: false
2026-10-02T11:35:46.0685897Z   submodules: false
2026-10-02T11:35:46.0686353Z   set-safe-directory: true
2026-10-02T11:35:46.0686871Z   allow-unsafe-pr-checkout: false
2026-10-02T11:35:46.0687612Z ##[endgroup]
2026-10-02T11:35:46.1700741Z Syncing repository: trimcrae/Rare-cancers
2026-10-02T11:35:46.1703515Z ##[group]Getting Git version info
2026-10-02T11:35:46.1704935Z Working directory is '/home/runner/work/Rare-cancers/Rare-cancers'
2026-10-02T11:35:46.1706652Z [command]/usr/bin/git version
2026-10-02T11:35:46.1754824Z git version 2.55.0
2026-10-02T11:35:46.1774584Z ##[endgroup]
2026-10-02T11:35:46.1789889Z Temporarily overriding HOME='/home/runner/work/_temp/8980f129-60bf-457d-b8cd-deb72fd4a82a' before making global git config changes
2026-10-02T11:35:46.1792482Z Adding repository directory to the temporary git global config as a safe directory
2026-10-02T11:35:46.1795552Z [command]/usr/bin/git config --global --add safe.directory /home/runner/work/Rare-cancers/Rare-cancers
2026-10-02T11:35:46.1852995Z Deleting the contents of '/home/runner/work/Rare-cancers/Rare-cancers'
2026-10-02T11:35:46.1856159Z ##[group]Initializing the repository
2026-10-02T11:35:46.1861289Z [command]/usr/bin/git init /home/runner/work/Rare-cancers/Rare-cancers
2026-10-02T11:35:46.1938849Z hint: Using 'master' as the name for the initial branch. This default branch name
2026-10-02T11:35:46.1940445Z hint: will change to "main" in Git 3.0. To configure the initial branch name
2026-10-02T11:35:46.1942478Z hint: to use in all of your new repositories, which will suppress this warning,
2026-10-02T11:35:46.1943654Z hint: call:
2026-10-02T11:35:46.1944304Z hint:
2026-10-02T11:35:46.1945076Z hint: 	git config --global init.defaultBranch <name>
2026-10-02T11:35:46.1946043Z hint:
2026-10-02T11:35:46.1946953Z hint: Names commonly chosen instead of 'master' are 'main', 'trunk' and
2026-10-02T11:35:46.1948431Z hint: 'development'. The just-created branch can be renamed via this command:
2026-10-02T11:35:46.1949653Z hint:
2026-10-02T11:35:46.1950321Z hint: 	git branch -m <name>
2026-10-02T11:35:46.1951487Z hint:
2026-10-02T11:35:46.1952522Z hint: Disable this message with "git config set advice.defaultBranchName false"
2026-10-02T11:35:46.1954179Z Initialized empty Git repository in /home/runner/work/Rare-cancers/Rare-cancers/.git/
2026-10-02T11:35:46.1962671Z [command]/usr/bin/git remote add origin https://github.com/trimcrae/Rare-cancers
2026-10-02T11:35:46.2002316Z ##[endgroup]
2026-10-02T11:35:46.2003609Z ##[group]Disabling automatic garbage collection
2026-10-02T11:35:46.2009723Z [command]/usr/bin/git config --local gc.auto 0
2026-10-02T11:35:46.2037409Z ##[endgroup]
2026-10-02T11:35:46.2045655Z ##[group]Setting up auth
2026-10-02T11:35:46.2046564Z [command]/usr/bin/git config --local --name-only --get-regexp core\.sshCommand
2026-10-02T11:35:46.2078605Z [command]/usr/bin/git submodule foreach --recursive sh -c "git config --local --name-only --get-regexp 'core\.sshCommand' && git config --local --unset-all 'core.sshCommand' || :"
2026-10-02T11:35:46.2432613Z [command]/usr/bin/git config --local --name-only --get-regexp http\.https\:\/\/github\.com\/\.extraheader
2026-10-02T11:35:46.2464071Z [command]/usr/bin/git submodule foreach --recursive sh -c "git config --local --name-only --get-regexp 'http\.https\:\/\/github\.com\/\.extraheader' && git config --local --unset-all 'http.https://github.com/.extraheader' || :"
2026-10-02T11:35:46.2714056Z [command]/usr/bin/git config --local --name-only --get-regexp ^includeIf\.gitdir:
2026-10-02T11:35:46.2752667Z [command]/usr/bin/git submodule foreach --recursive git config --local --show-origin --name-only --get-regexp remote.origin.url
2026-10-02T11:35:46.2989513Z [command]/usr/bin/git config --local http.https://github.com/.extraheader AUTHORIZATION: basic ***
2026-10-02T11:35:46.3032410Z ##[endgroup]
2026-10-02T11:35:46.3033360Z ##[group]Fetching the repository
2026-10-02T11:35:46.3042269Z [command]/usr/bin/git -c protocol.version=2 fetch --no-tags --prune --no-recurse-submodules --depth=8 origin +a8dc6075be2dc782954d10982b43cea554a4c3a0:refs/remotes/origin/codex/usage-sprint-2026-10-01-ci-terminal-verdict
2026-10-02T11:35:55.2184739Z From https://github.com/trimcrae/Rare-cancers
2026-10-02T11:35:55.2187093Z  * [new ref]         a8dc6075be2dc782954d10982b43cea554a4c3a0 -> origin/codex/usage-sprint-2026-10-01-ci-terminal-verdict
2026-10-02T11:35:55.2192027Z ##[endgroup]
2026-10-02T11:35:55.2193622Z ##[group]Determining the checkout info
2026-10-02T11:35:55.2195428Z ##[endgroup]
2026-10-02T11:35:55.2199585Z [command]/usr/bin/git sparse-checkout disable
2026-10-02T11:35:55.2252112Z [command]/usr/bin/git config --local --unset-all extensions.worktreeConfig
2026-10-02T11:35:55.2286845Z ##[group]Checking out the ref
2026-10-02T11:35:55.2291921Z [command]/usr/bin/git checkout --progress --force -B codex/usage-sprint-2026-10-01-ci-terminal-verdict refs/remotes/origin/codex/usage-sprint-2026-10-01-ci-terminal-verdict
2026-10-02T11:35:56.2574908Z Updating files:  29% (2453/8421)
2026-10-02T11:35:56.2732882Z Updating files:  30% (2527/8421)
2026-10-02T11:35:56.2785991Z Updating files:  31% (2611/8421)
2026-10-02T11:35:56.2917808Z Updating files:  32% (2695/8421)
2026-10-02T11:35:56.3068865Z Updating files:  33% (2779/8421)
2026-10-02T11:35:56.3239996Z Updating files:  34% (2864/8421)
2026-10-02T11:35:56.4009751Z Updating files:  35% (2948/8421)
2026-10-02T11:35:56.4511455Z Updating files:  36% (3032/8421)
2026-10-02T11:35:56.4624199Z Updating files:  37% (3116/8421)
2026-10-02T11:35:56.4725792Z Updating files:  38% (3200/8421)
2026-10-02T11:35:56.4857516Z Updating files:  39% (3285/8421)
2026-10-02T11:35:56.4936866Z Updating files:  40% (3369/8421)
2026-10-02T11:35:56.5032836Z Updating files:  41% (3453/8421)
2026-10-02T11:35:56.5156334Z Updating files:  42% (3537/8421)
2026-10-02T11:35:56.5264928Z Updating files:  43% (3622/8421)
2026-10-02T11:35:56.5339006Z Updating files:  44% (3706/8421)
2026-10-02T11:35:56.5421906Z Updating files:  45% (3790/8421)
2026-10-02T11:35:56.5501340Z Updating files:  46% (3874/8421)
2026-10-02T11:35:56.5574999Z Updating files:  47% (3958/8421)
2026-10-02T11:35:56.5677002Z Updating files:  48% (4043/8421)
2026-10-02T11:35:56.5834671Z Updating files:  49% (4127/8421)
2026-10-02T11:35:56.5970804Z Updating files:  50% (4211/8421)
2026-10-02T11:35:56.6111932Z Updating files:  51% (4295/8421)
2026-10-02T11:35:56.6152604Z Updating files:  52% (4379/8421)
2026-10-02T11:35:56.6913863Z Updating files:  53% (4464/8421)
2026-10-02T11:35:56.7914483Z Updating files:  54% (4548/8421)
2026-10-02T11:35:56.8671644Z Updating files:  55% (4632/8421)
2026-10-02T11:35:56.9356836Z Updating files:  56% (4716/8421)
2026-10-02T11:35:56.9493277Z Updating files:  57% (4800/8421)
2026-10-02T11:35:57.0119298Z Updating files:  58% (4885/8421)
2026-10-02T11:35:57.1020584Z Updating files:  59% (4969/8421)
2026-10-02T11:35:57.1715498Z Updating files:  60% (5053/8421)
2026-10-02T11:35:57.1751746Z Updating files:  61% (5137/8421)
2026-10-02T11:35:57.1787570Z Updating files:  62% (5222/8421)
2026-10-02T11:35:57.1829200Z Updating files:  63% (5306/8421)
2026-10-02T11:35:57.1871937Z Updating files:  64% (5390/8421)
2026-10-02T11:35:57.1903324Z Updating files:  65% (5474/8421)
2026-10-02T11:35:57.1938827Z Updating files:  66% (5558/8421)
2026-10-02T11:35:57.1972920Z Updating files:  67% (5643/8421)
2026-10-02T11:35:57.2005256Z Updating files:  68% (5727/8421)
2026-10-02T11:35:57.2037688Z Updating files:  69% (5811/8421)
2026-10-02T11:35:57.2081806Z Updating files:  70% (5895/8421)
2026-10-02T11:35:57.2113435Z Updating files:  71% (5979/8421)
2026-10-02T11:35:57.2145011Z Updating files:  72% (6064/8421)
2026-10-02T11:35:57.2181576Z Updating files:  73% (6148/8421)
2026-10-02T11:35:57.2229243Z Updating files:  74% (6232/8421)
2026-10-02T11:35:57.2272996Z Updating files:  75% (6316/8421)
2026-10-02T11:35:57.2316140Z Updating files:  76% (6400/8421)
2026-10-02T11:35:57.2348000Z Updating files:  77% (6485/8421)
2026-10-02T11:35:57.2379968Z Updating files:  78% (6569/8421)
2026-10-02T11:35:57.2408949Z Updating files:  79% (6653/8421)
2026-10-02T11:35:57.2431871Z Updating files:  79% (6728/8421)
2026-10-02T11:35:57.2471918Z Updating files:  80% (6737/8421)
2026-10-02T11:35:57.2507456Z Updating files:  81% (6822/8421)
2026-10-02T11:35:57.2553803Z Updating files:  82% (6906/8421)
2026-10-02T11:35:57.2599231Z Updating files:  83% (6990/8421)
2026-10-02T11:35:57.2641671Z Updating files:  84% (7074/8421)
2026-10-02T11:35:57.2675343Z Updating files:  85% (7158/8421)
2026-10-02T11:35:57.2708945Z Updating files:  86% (7243/8421)
2026-10-02T11:35:57.2742043Z Updating files:  87% (7327/8421)
2026-10-02T11:35:57.2774998Z Updating files:  88% (7411/8421)
2026-10-02T11:35:57.2807818Z Updating files:  89% (7495/8421)
2026-10-02T11:35:57.2842888Z Updating files:  90% (7579/8421)
2026-10-02T11:35:57.2875106Z Updating files:  91% (7664/8421)
2026-10-02T11:35:57.2907854Z Updating files:  92% (7748/8421)
2026-10-02T11:35:57.2940156Z Updating files:  93% (7832/8421)
2026-10-02T11:35:57.2972687Z Updating files:  94% (7916/8421)
2026-10-02T11:35:57.3005541Z Updating files:  95% (8000/8421)
2026-10-02T11:35:57.3057223Z Updating files:  96% (8085/8421)
2026-10-02T11:35:57.3199245Z Updating files:  97% (8169/8421)
2026-10-02T11:35:57.3349778Z Updating files:  98% (8253/8421)
2026-10-02T11:35:57.3444204Z Updating files:  99% (8337/8421)
2026-10-02T11:35:57.3444907Z Updating files: 100% (8421/8421)
2026-10-02T11:35:57.3445393Z Updating files: 100% (8421/8421), done.
2026-10-02T11:35:57.3536658Z Switched to a new branch 'codex/usage-sprint-2026-10-01-ci-terminal-verdict'
2026-10-02T11:35:57.3542287Z branch 'codex/usage-sprint-2026-10-01-ci-terminal-verdict' set up to track 'origin/codex/usage-sprint-2026-10-01-ci-terminal-verdict'.
2026-10-02T11:35:57.3620551Z ##[endgroup]
2026-10-02T11:35:57.3677806Z [command]/usr/bin/git log -1 --format=%H
2026-10-02T11:35:57.3707162Z a8dc6075be2dc782954d10982b43cea554a4c3a0
2026-10-02T11:35:57.3726283Z ##[group]Removing auth
2026-10-02T11:35:57.3726875Z [command]/usr/bin/git config --local --name-only --get-regexp core\.sshCommand
2026-10-02T11:35:57.3759084Z [command]/usr/bin/git submodule foreach --recursive sh -c "git config --local --name-only --get-regexp 'core\.sshCommand' && git config --local --unset-all 'core.sshCommand' || :"
2026-10-02T11:35:57.4011275Z [command]/usr/bin/git config --local --name-only --get-regexp http\.https\:\/\/github\.com\/\.extraheader
2026-10-02T11:35:57.4118514Z http.https://github.com/.extraheader
2026-10-02T11:35:57.4136377Z [command]/usr/bin/git config --local --unset-all http.https://github.com/.extraheader
2026-10-02T11:35:57.4207533Z [command]/usr/bin/git submodule foreach --recursive sh -c "git config --local --name-only --get-regexp 'http\.https\:\/\/github\.com\/\.extraheader' && git config --local --unset-all 'http.https://github.com/.extraheader' || :"
2026-10-02T11:35:57.4477722Z [command]/usr/bin/git config --local --name-only --get-regexp ^includeIf\.gitdir:
2026-10-02T11:35:57.4514654Z [command]/usr/bin/git submodule foreach --recursive git config --local --show-origin --name-only --get-regexp remote.origin.url
2026-10-02T11:35:57.4761830Z ##[endgroup]
2026-10-02T11:35:57.5328597Z ##[group]Run actions/setup-python@v5
2026-10-02T11:35:57.5328882Z with:
2026-10-02T11:35:57.5329091Z   python-version: 3.11
2026-10-02T11:35:57.5329342Z   check-latest: false
2026-10-02T11:35:57.5331961Z   token: ***
2026-10-02T11:35:57.5332183Z   update-environment: true
2026-10-02T11:35:57.5332440Z   allow-prereleases: false
2026-10-02T11:35:57.5332679Z   freethreaded: false
2026-10-02T11:35:57.5332915Z ##[endgroup]
2026-10-02T11:35:57.6645367Z ##[group]Installed versions
2026-10-02T11:35:57.6736977Z (node:2374) [DEP0040] DeprecationWarning: The `punycode` module is deprecated. Please use a userland alternative instead.
2026-10-02T11:35:57.6737665Z (Use `node --trace-deprecation ...` to show where the warning was created)
2026-10-02T11:35:57.6738500Z Successfully set up CPython (3.11.16)
2026-10-02T11:35:57.6739245Z ##[endgroup]
2026-10-02T11:35:57.6925351Z ##[group]Run git rev-parse HEAD
2026-10-02T11:35:57.6925725Z [36;1mgit rev-parse HEAD[0m
2026-10-02T11:35:57.6926004Z [36;1mpython3 --version[0m
2026-10-02T11:35:57.7186544Z shell: /usr/bin/bash -e {0}
2026-10-02T11:35:57.7186847Z env:
2026-10-02T11:35:57.7187150Z   pythonLocation: /opt/hostedtoolcache/Python/3.11.16/x64
2026-10-02T11:35:57.7187606Z   PKG_CONFIG_PATH: /opt/hostedtoolcache/Python/3.11.16/x64/lib/pkgconfig
2026-10-02T11:35:57.7188052Z   Python_ROOT_DIR: /opt/hostedtoolcache/Python/3.11.16/x64
2026-10-02T11:35:57.7188485Z   Python2_ROOT_DIR: /opt/hostedtoolcache/Python/3.11.16/x64
2026-10-02T11:35:57.7188864Z   Python3_ROOT_DIR: /opt/hostedtoolcache/Python/3.11.16/x64
2026-10-02T11:35:57.7189249Z   LD_LIBRARY_PATH: /opt/hostedtoolcache/Python/3.11.16/x64/lib
2026-10-02T11:35:57.7189580Z ##[endgroup]
2026-10-02T11:35:57.7324780Z a8dc6075be2dc782954d10982b43cea554a4c3a0
2026-10-02T11:35:57.7398493Z Python 3.11.16
2026-10-02T11:35:57.7436923Z ##[group]Run python3 -m unittest discover -s research/autonomy/tests -p test_ci_terminal_verdict.py -v
2026-10-02T11:35:57.7437657Z [36;1mpython3 -m unittest discover -s research/autonomy/tests -p test_ci_terminal_verdict.py -v[0m
2026-10-02T11:35:57.7438358Z [36;1mpython3 -m py_compile research/autonomy/await_ci.py research/autonomy/tests/test_ci_terminal_verdict.py[0m
2026-10-02T11:35:57.7505891Z shell: /usr/bin/bash -e {0}
2026-10-02T11:35:57.7506167Z env:
2026-10-02T11:35:57.7506448Z   pythonLocation: /opt/hostedtoolcache/Python/3.11.16/x64
2026-10-02T11:35:57.7506911Z   PKG_CONFIG_PATH: /opt/hostedtoolcache/Python/3.11.16/x64/lib/pkgconfig
2026-10-02T11:35:57.7507560Z   Python_ROOT_DIR: /opt/hostedtoolcache/Python/3.11.16/x64
2026-10-02T11:35:57.7507940Z   Python2_ROOT_DIR: /opt/hostedtoolcache/Python/3.11.16/x64
2026-10-02T11:35:57.7508314Z   Python3_ROOT_DIR: /opt/hostedtoolcache/Python/3.11.16/x64
2026-10-02T11:35:57.7508726Z   LD_LIBRARY_PATH: /opt/hostedtoolcache/Python/3.11.16/x64/lib
2026-10-02T11:35:57.7509053Z ##[endgroup]
2026-10-02T11:35:57.9462551Z test_exact_original_cancelled_false_green_witness (test_ci_terminal_verdict.TerminalVerdictTests.test_exact_original_cancelled_false_green_witness) ... ok
2026-10-02T11:35:57.9464286Z test_minimum_inventory_count_remains_enforced (test_ci_terminal_verdict.TerminalVerdictTests.test_minimum_inventory_count_remains_enforced) ... ok
2026-10-02T11:35:57.9465668Z test_mixed_pending_and_red_keeps_existing_waiting_behavior (test_ci_terminal_verdict.TerminalVerdictTests.test_mixed_pending_and_red_keeps_existing_waiting_behavior) ... ok
2026-10-02T11:35:57.9468465Z test_pending_or_missing_inventory_has_no_green_verdict (test_ci_terminal_verdict.TerminalVerdictTests.test_pending_or_missing_inventory_has_no_green_verdict) ... ok
2026-10-02T11:35:57.9472547Z test_positive_and_terminal_single_inventory_verdicts (test_ci_terminal_verdict.TerminalVerdictTests.test_positive_and_terminal_single_inventory_verdicts) ... ok
2026-10-02T11:35:57.9476034Z test_positive_runs_cannot_hide_terminal_nonverdicts (test_ci_terminal_verdict.TerminalVerdictTests.test_positive_runs_cannot_hide_terminal_nonverdicts) ... ok
2026-10-02T11:35:57.9479826Z test_red_precedence_is_preserved (test_ci_terminal_verdict.TerminalVerdictTests.test_red_precedence_is_preserved) ... ok
2026-10-02T11:35:57.9481527Z test_waiting_ends_with_the_observed_terminal_verdict (test_ci_terminal_verdict.TerminalVerdictTests.test_waiting_ends_with_the_observed_terminal_verdict) ... ok
2026-10-02T11:35:57.9482489Z 
2026-10-02T11:35:57.9482734Z ----------------------------------------------------------------------
2026-10-02T11:35:57.9483231Z Ran 8 tests in 0.007s
2026-10-02T11:35:57.9483380Z 
2026-10-02T11:35:57.9483476Z OK
2026-10-02T11:35:57.9484150Z PINNED_BASELINE_FALSE_GREEN base=184e6aff659180492f4df94ed46a222849ab1b7c blob=121bb8798debff50e207a14e50aa5aae162f3d0e conclusion=cancelled exit=0; mocked API/time, no HTTP
2026-10-02T11:35:58.0027103Z ##[group]Run python3 -m pip install uv pytest pytest-xdist numpy scipy pymbar rdkit pyyaml boto3 jsonschema biopython pdfminer.six pypdf pdfplumber matplotlib netCDF4 cffi
2026-10-02T11:35:58.0028281Z [36;1mpython3 -m pip install uv pytest pytest-xdist numpy scipy pymbar rdkit pyyaml boto3 jsonschema biopython pdfminer.six pypdf pdfplumber matplotlib netCDF4 cffi[0m
2026-10-02T11:35:58.0101225Z shell: /usr/bin/bash -e {0}
2026-10-02T11:35:58.0101495Z env:
2026-10-02T11:35:58.0101775Z   pythonLocation: /opt/hostedtoolcache/Python/3.11.16/x64
2026-10-02T11:35:58.0102219Z   PKG_CONFIG_PATH: /opt/hostedtoolcache/Python/3.11.16/x64/lib/pkgconfig
2026-10-02T11:35:58.0102660Z   Python_ROOT_DIR: /opt/hostedtoolcache/Python/3.11.16/x64
2026-10-02T11:35:58.0103043Z   Python2_ROOT_DIR: /opt/hostedtoolcache/Python/3.11.16/x64
2026-10-02T11:35:58.0103433Z   Python3_ROOT_DIR: /opt/hostedtoolcache/Python/3.11.16/x64
2026-10-02T11:35:58.0103846Z   LD_LIBRARY_PATH: /opt/hostedtoolcache/Python/3.11.16/x64/lib
2026-10-02T11:35:58.0104178Z ##[endgroup]
2026-10-02T11:35:58.9580010Z Collecting uv
2026-10-02T11:35:59.0396812Z   Downloading uv-0.12.22-py3-none-manylinux_2_17_x86_64.manylinux2014_x86_64.whl.metadata (11 kB)
2026-10-02T11:35:59.0841853Z Collecting pytest
2026-10-02T11:35:59.0998364Z   Downloading pytest-9.1.1-py3-none-any.whl.metadata (7.6 kB)
2026-10-02T11:35:59.1245313Z Collecting pytest-xdist
2026-10-02T11:35:59.1399969Z   Downloading pytest_xdist-3.8.0-py3-none-any.whl.metadata (3.0 kB)
2026-10-02T11:35:59.3521273Z Collecting numpy
2026-10-02T11:35:59.3678128Z   Downloading numpy-2.4.6-cp311-cp311-manylinux_2_27_x86_64.manylinux_2_28_x86_64.whl.metadata (6.6 kB)
2026-10-02T11:35:59.4880936Z Collecting scipy
2026-10-02T11:35:59.5037556Z   Downloading scipy-1.17.1-cp311-cp311-manylinux_2_27_x86_64.manylinux_2_28_x86_64.whl.metadata (62 kB)
2026-10-02T11:35:59.5687896Z Collecting pymbar
2026-10-02T11:35:59.5849558Z   Downloading pymbar-4.0.3-py3-none-any.whl.metadata (1.2 kB)
2026-10-02T11:35:59.6404154Z Collecting rdkit
2026-10-02T11:35:59.6566936Z   Downloading rdkit-2026.3.6-cp311-cp311-manylinux_2_28_x86_64.whl.metadata (3.8 kB)
2026-10-02T11:35:59.6939704Z Collecting pyyaml
2026-10-02T11:35:59.7097733Z   Downloading pyyaml-6.0.3-cp311-cp311-manylinux2014_x86_64.manylinux_2_17_x86_64.manylinux_2_28_x86_64.whl.metadata (2.4 kB)
2026-10-02T11:35:59.9688413Z Collecting boto3
2026-10-02T11:35:59.9846468Z   Downloading boto3-1.43.107-py3-none-any.whl.metadata (6.6 kB)
2026-10-02T11:36:00.0109165Z Collecting jsonschema
2026-10-02T11:36:00.0267048Z   Downloading jsonschema-4.26.0-py3-none-any.whl.metadata (7.6 kB)
2026-10-02T11:36:00.0671881Z Collecting biopython
2026-10-02T11:36:00.0834394Z   Downloading biopython-1.88-cp311-cp311-manylinux2014_x86_64.manylinux_2_17_x86_64.manylinux_2_28_x86_64.whl.metadata (13 kB)
2026-10-02T11:36:00.1032216Z Collecting pdfminer.six
2026-10-02T11:36:00.1187332Z   Downloading pdfminer_six-20260107-py3-none-any.whl.metadata (4.3 kB)
2026-10-02T11:36:00.1475876Z Collecting pypdf
2026-10-02T11:36:00.1665467Z   Downloading pypdf-6.19.0-py3-none-any.whl.metadata (7.5 kB)
2026-10-02T11:36:00.1885505Z Collecting pdfplumber
2026-10-02T11:36:00.2041803Z   Downloading pdfplumber-0.11.10-py3-none-any.whl.metadata (43 kB)
2026-10-02T11:36:00.3301947Z Collecting matplotlib
2026-10-02T11:36:00.3459523Z   Downloading matplotlib-3.11.2-cp311-cp311-manylinux2014_x86_64.manylinux_2_17_x86_64.whl.metadata (80 kB)
2026-10-02T11:36:00.4190016Z Collecting netCDF4
2026-10-02T11:36:00.4345812Z   Downloading netcdf4-1.7.4-cp311-cp311-manylinux_2_27_x86_64.manylinux_2_28_x86_64.whl.metadata (2.1 kB)
2026-10-02T11:36:00.5317840Z Collecting cffi
2026-10-02T11:36:00.5474838Z   Downloading cffi-2.1.1-cp311-cp311-manylinux2014_x86_64.manylinux_2_17_x86_64.whl.metadata (2.5 kB)
2026-10-02T11:36:00.5648474Z Collecting iniconfig>=1.0.1 (from pytest)
2026-10-02T11:36:00.5802714Z   Downloading iniconfig-2.3.0-py3-none-any.whl.metadata (2.5 kB)
2026-10-02T11:36:00.6002703Z Collecting packaging>=22 (from pytest)
2026-10-02T11:36:00.6159419Z   Downloading packaging-26.3-py3-none-any.whl.metadata (3.5 kB)
2026-10-02T11:36:00.6331965Z Collecting pluggy<2,>=1.5 (from pytest)
2026-10-02T11:36:00.6484147Z   Downloading pluggy-1.6.0-py3-none-any.whl.metadata (4.8 kB)
2026-10-02T11:36:00.6710416Z Collecting pygments>=2.7.2 (from pytest)
2026-10-02T11:36:00.6863953Z   Downloading pygments-2.21.0-py3-none-any.whl.metadata (2.5 kB)
2026-10-02T11:36:00.7276346Z Collecting execnet>=2.1 (from pytest-xdist)
2026-10-02T11:36:00.7428891Z   Downloading execnet-2.1.2-py3-none-any.whl.metadata (2.9 kB)
2026-10-02T11:36:00.8112721Z Collecting numexpr (from pymbar)
2026-10-02T11:36:00.8273261Z   Downloading numexpr-2.14.2-cp311-cp311-manylinux_2_27_x86_64.manylinux_2_28_x86_64.whl.metadata (9.0 kB)
2026-10-02T11:36:00.9797178Z Collecting Pillow (from rdkit)
2026-10-02T11:36:00.9951902Z   Downloading pillow-12.3.0-cp311-cp311-manylinux_2_27_x86_64.manylinux_2_28_x86_64.whl.metadata (9.1 kB)
2026-10-02T11:36:01.2252687Z Collecting botocore<1.44.0,>=1.43.107 (from boto3)
2026-10-02T11:36:01.2409114Z   Downloading botocore-1.43.107-py3-none-any.whl.metadata (5.6 kB)
2026-10-02T11:36:01.2591871Z Collecting jmespath<2.0.0,>=0.7.1 (from boto3)
2026-10-02T11:36:01.2744960Z   Downloading jmespath-1.1.0-py3-none-any.whl.metadata (7.6 kB)
2026-10-02T11:36:01.2954172Z Collecting s3transfer<0.20.0,>=0.19.0 (from boto3)
2026-10-02T11:36:01.3108968Z   Downloading s3transfer-0.19.2-py3-none-any.whl.metadata (1.7 kB)
2026-10-02T11:36:01.3301951Z Collecting python-dateutil<3.0.0,>=2.1 (from botocore<1.44.0,>=1.43.107->boto3)
2026-10-02T11:36:01.3457732Z   Downloading python_dateutil-2.9.0.post0-py2.py3-none-any.whl.metadata (8.4 kB)
2026-10-02T11:36:01.3710978Z Collecting urllib3!=2.2.0,<3,>=1.25.4 (from botocore<1.44.0,>=1.43.107->boto3)
2026-10-02T11:36:01.3867900Z   Downloading urllib3-2.8.0-py3-none-any.whl.metadata (7.4 kB)
2026-10-02T11:36:01.4069357Z Collecting six>=1.5 (from python-dateutil<3.0.0,>=2.1->botocore<1.44.0,>=1.43.107->boto3)
2026-10-02T11:36:01.4223139Z   Downloading six-1.17.0-py2.py3-none-any.whl.metadata (1.7 kB)
2026-10-02T11:36:01.4587007Z Collecting attrs>=22.2.0 (from jsonschema)
2026-10-02T11:36:01.4741254Z   Downloading attrs-26.1.0-py3-none-any.whl.metadata (8.8 kB)
2026-10-02T11:36:01.4927976Z Collecting jsonschema-specifications>=2023.03.6 (from jsonschema)
2026-10-02T11:36:01.5085951Z   Downloading jsonschema_specifications-2025.9.1-py3-none-any.whl.metadata (2.9 kB)
2026-10-02T11:36:01.5376427Z Collecting referencing>=0.28.4 (from jsonschema)
2026-10-02T11:36:01.5530845Z   Downloading referencing-0.37.0-py3-none-any.whl.metadata (2.8 kB)
2026-10-02T11:36:01.8019347Z Collecting rpds-py>=0.25.0 (from jsonschema)
2026-10-02T11:36:01.8176665Z   Downloading rpds_py-2026.6.3-cp311-cp311-manylinux_2_17_x86_64.manylinux2014_x86_64.whl.metadata (4.1 kB)
2026-10-02T11:36:02.8292624Z Collecting charset-normalizer>=2.0.0 (from pdfminer.six)
2026-10-02T11:36:02.8449058Z   Downloading charset_normalizer-3.5.2-cp311-cp311-manylinux2014_x86_64.manylinux_2_17_x86_64.manylinux_2_28_x86_64.whl.metadata (46 kB)
2026-10-02T11:36:03.0068416Z Collecting cryptography>=36.0.0 (from pdfminer.six)
2026-10-02T11:36:03.0225002Z   Downloading cryptography-50.0.2-cp311-abi3-manylinux_2_34_x86_64.whl.metadata (4.4 kB)
2026-10-02T11:36:03.1146611Z Collecting pypdfium2>=5.9.0 (from pdfplumber)
2026-10-02T11:36:03.1302539Z   Downloading pypdfium2-5.13.0-py3-none-manylinux_2_17_x86_64.manylinux2014_x86_64.whl.metadata (66 kB)
2026-10-02T11:36:03.3410181Z Collecting contourpy>=1.0.1 (from matplotlib)
2026-10-02T11:36:03.3566956Z   Downloading contourpy-1.3.3-cp311-cp311-manylinux_2_27_x86_64.manylinux_2_28_x86_64.whl.metadata (5.5 kB)
2026-10-02T11:36:03.4465501Z Collecting cycler>=0.10 (from matplotlib)
2026-10-02T11:36:03.4621385Z   Downloading cycler-0.12.1-py3-none-any.whl.metadata (3.8 kB)
2026-10-02T11:36:04.0592290Z Collecting fonttools>=4.28.2 (from matplotlib)
2026-10-02T11:36:04.0752209Z   Downloading fonttools-4.66.1-cp311-cp311-manylinux2014_x86_64.manylinux_2_17_x86_64.whl.metadata (130 kB)
2026-10-02T11:36:04.1503035Z Collecting kiwisolver>=1.3.1 (from matplotlib)
2026-10-02T11:36:04.1662878Z   Downloading kiwisolver-1.5.1-cp311-cp311-manylinux2014_x86_64.manylinux_2_17_x86_64.whl.metadata (5.2 kB)
2026-10-02T11:36:04.1957292Z Collecting pyparsing>=3 (from matplotlib)
2026-10-02T11:36:04.2114736Z   Downloading pyparsing-3.3.3-py3-none-any.whl.metadata (5.9 kB)
2026-10-02T11:36:04.2573588Z Collecting cftime (from netCDF4)
2026-10-02T11:36:04.2731521Z   Downloading cftime-1.6.6-cp311-abi3-manylinux1_x86_64.manylinux_2_28_x86_64.manylinux_2_5_x86_64.whl.metadata (8.7 kB)
2026-10-02T11:36:04.2953207Z Collecting certifi (from netCDF4)
2026-10-02T11:36:04.3109523Z   Downloading certifi-2026.7.22-py3-none-any.whl.metadata (2.5 kB)
2026-10-02T11:36:04.3304932Z Collecting pycparser (from cffi)
2026-10-02T11:36:04.3458689Z   Downloading pycparser-3.0-py3-none-any.whl.metadata (8.2 kB)
2026-10-02T11:36:04.3763632Z Collecting typing-extensions>=4.4.0 (from referencing>=0.28.4->jsonschema)
2026-10-02T11:36:04.3921942Z   Downloading typing_extensions-4.16.0-py3-none-any.whl.metadata (3.3 kB)
2026-10-02T11:36:04.4180486Z Downloading uv-0.12.22-py3-none-manylinux_2_17_x86_64.manylinux2014_x86_64.whl (20.6 MB)
2026-10-02T11:36:04.5878227Z    ━━━━━━━━━━━━━━━━━━━━━━━━━━━━━━━━━━━━━━━━ 20.6/20.6 MB 132.3 MB/s  0:00:00
2026-10-02T11:36:04.6037166Z Downloading pytest-9.1.1-py3-none-any.whl (386 kB)
2026-10-02T11:36:04.6218048Z Downloading pluggy-1.6.0-py3-none-any.whl (20 kB)
2026-10-02T11:36:04.6387202Z Downloading pytest_xdist-3.8.0-py3-none-any.whl (46 kB)
2026-10-02T11:36:04.6564586Z Downloading numpy-2.4.6-cp311-cp311-manylinux_2_27_x86_64.manylinux_2_28_x86_64.whl (16.9 MB)
2026-10-02T11:36:04.7104044Z    ━━━━━━━━━━━━━━━━━━━━━━━━━━━━━━━━━━━━━━━━ 16.9/16.9 MB 339.1 MB/s  0:00:00
2026-10-02T11:36:04.7264871Z Downloading scipy-1.17.1-cp311-cp311-manylinux_2_27_x86_64.manylinux_2_28_x86_64.whl (35.3 MB)
2026-10-02T11:36:04.8416595Z    ━━━━━━━━━━━━━━━━━━━━━━━━━━━━━━━━━━━━━━━━ 35.3/35.3 MB 312.9 MB/s  0:00:00
2026-10-02T11:36:04.8581721Z Downloading pymbar-4.0.3-py3-none-any.whl (107 kB)
2026-10-02T11:36:04.8775877Z Downloading rdkit-2026.3.6-cp311-cp311-manylinux_2_28_x86_64.whl (38.2 MB)
2026-10-02T11:36:05.0180482Z    ━━━━━━━━━━━━━━━━━━━━━━━━━━━━━━━━━━━━━━━━ 38.2/38.2 MB 275.2 MB/s  0:00:00
2026-10-02T11:36:05.0340631Z Downloading pyyaml-6.0.3-cp311-cp311-manylinux2014_x86_64.manylinux_2_17_x86_64.manylinux_2_28_x86_64.whl (806 kB)
2026-10-02T11:36:05.0393588Z    ━━━━━━━━━━━━━━━━━━━━━━━━━━━━━━━━━━━━━━━━ 806.6/806.6 kB 174.7 MB/s  0:00:00
2026-10-02T11:36:05.0554874Z Downloading boto3-1.43.107-py3-none-any.whl (140 kB)
2026-10-02T11:36:05.0733339Z Downloading botocore-1.43.107-py3-none-any.whl (16.0 MB)
2026-10-02T11:36:05.1248851Z    ━━━━━━━━━━━━━━━━━━━━━━━━━━━━━━━━━━━━━━━━ 16.0/16.0 MB 334.7 MB/s  0:00:00
2026-10-02T11:36:05.1406556Z Downloading jmespath-1.1.0-py3-none-any.whl (20 kB)
2026-10-02T11:36:05.1599081Z Downloading python_dateutil-2.9.0.post0-py2.py3-none-any.whl (229 kB)
2026-10-02T11:36:05.1774632Z Downloading s3transfer-0.19.2-py3-none-any.whl (90 kB)
2026-10-02T11:36:05.1945254Z Downloading urllib3-2.8.0-py3-none-any.whl (135 kB)
2026-10-02T11:36:05.2119487Z Downloading jsonschema-4.26.0-py3-none-any.whl (90 kB)
2026-10-02T11:36:05.2317483Z Downloading biopython-1.88-cp311-cp311-manylinux2014_x86_64.manylinux_2_17_x86_64.manylinux_2_28_x86_64.whl (3.2 MB)
2026-10-02T11:36:05.2468833Z    ━━━━━━━━━━━━━━━━━━━━━━━━━━━━━━━━━━━━━━━━ 3.2/3.2 MB 227.7 MB/s  0:00:00
2026-10-02T11:36:05.2628508Z Downloading pdfminer_six-20260107-py3-none-any.whl (6.6 MB)
2026-10-02T11:36:05.2853564Z    ━━━━━━━━━━━━━━━━━━━━━━━━━━━━━━━━━━━━━━━━ 6.6/6.6 MB 322.3 MB/s  0:00:00
2026-10-02T11:36:05.3011562Z Downloading pypdf-6.19.0-py3-none-any.whl (395 kB)
2026-10-02T11:36:05.3192520Z Downloading pdfplumber-0.11.10-py3-none-any.whl (60 kB)
2026-10-02T11:36:05.3372771Z Downloading matplotlib-3.11.2-cp311-cp311-manylinux2014_x86_64.manylinux_2_17_x86_64.whl (9.9 MB)
2026-10-02T11:36:05.3706079Z    ━━━━━━━━━━━━━━━━━━━━━━━━━━━━━━━━━━━━━━━━ 9.9/9.9 MB 314.2 MB/s  0:00:00
2026-10-02T11:36:05.3900908Z Downloading netcdf4-1.7.4-cp311-cp311-manylinux_2_27_x86_64.manylinux_2_28_x86_64.whl (10.4 MB)
2026-10-02T11:36:05.4360935Z    ━━━━━━━━━━━━━━━━━━━━━━━━━━━━━━━━━━━━━━━━ 10.4/10.4 MB 231.7 MB/s  0:00:00
2026-10-02T11:36:05.4515432Z Downloading cffi-2.1.1-cp311-cp311-manylinux2014_x86_64.manylinux_2_17_x86_64.whl (217 kB)
2026-10-02T11:36:05.4689113Z Downloading attrs-26.1.0-py3-none-any.whl (67 kB)
2026-10-02T11:36:05.4862058Z Downloading charset_normalizer-3.5.2-cp311-cp311-manylinux2014_x86_64.manylinux_2_17_x86_64.manylinux_2_28_x86_64.whl (269 kB)
2026-10-02T11:36:05.5038532Z Downloading contourpy-1.3.3-cp311-cp311-manylinux_2_27_x86_64.manylinux_2_28_x86_64.whl (355 kB)
2026-10-02T11:36:05.5214841Z Downloading cryptography-50.0.2-cp311-abi3-manylinux_2_34_x86_64.whl (4.8 MB)
2026-10-02T11:36:05.5355227Z    ━━━━━━━━━━━━━━━━━━━━━━━━━━━━━━━━━━━━━━━━ 4.8/4.8 MB 380.8 MB/s  0:00:00
2026-10-02T11:36:05.5510562Z Downloading cycler-0.12.1-py3-none-any.whl (8.3 kB)
2026-10-02T11:36:05.5681738Z Downloading execnet-2.1.2-py3-none-any.whl (40 kB)
2026-10-02T11:36:05.5854222Z Downloading fonttools-4.66.1-cp311-cp311-manylinux2014_x86_64.manylinux_2_17_x86_64.whl (5.4 MB)
2026-10-02T11:36:05.6100966Z    ━━━━━━━━━━━━━━━━━━━━━━━━━━━━━━━━━━━━━━━━ 5.4/5.4 MB 231.6 MB/s  0:00:00
2026-10-02T11:36:05.6255944Z Downloading iniconfig-2.3.0-py3-none-any.whl (7.5 kB)
2026-10-02T11:36:05.6425736Z Downloading jsonschema_specifications-2025.9.1-py3-none-any.whl (18 kB)
2026-10-02T11:36:05.6637861Z Downloading kiwisolver-1.5.1-cp311-cp311-manylinux2014_x86_64.manylinux_2_17_x86_64.whl (1.4 MB)
2026-10-02T11:36:05.6728229Z    ━━━━━━━━━━━━━━━━━━━━━━━━━━━━━━━━━━━━━━━━ 1.4/1.4 MB 241.1 MB/s  0:00:00
2026-10-02T11:36:05.6880495Z Downloading packaging-26.3-py3-none-any.whl (129 kB)
2026-10-02T11:36:05.7054783Z Downloading pillow-12.3.0-cp311-cp311-manylinux_2_27_x86_64.manylinux_2_28_x86_64.whl (6.9 MB)
2026-10-02T11:36:05.7255503Z    ━━━━━━━━━━━━━━━━━━━━━━━━━━━━━━━━━━━━━━━━ 6.9/6.9 MB 374.0 MB/s  0:00:00
2026-10-02T11:36:05.7410753Z Downloading pygments-2.21.0-py3-none-any.whl (1.3 MB)
2026-10-02T11:36:05.7480454Z    ━━━━━━━━━━━━━━━━━━━━━━━━━━━━━━━━━━━━━━━━ 1.3/1.3 MB 261.3 MB/s  0:00:00
2026-10-02T11:36:05.7633037Z Downloading pyparsing-3.3.3-py3-none-any.whl (126 kB)
2026-10-02T11:36:05.7803768Z Downloading pypdfium2-5.13.0-py3-none-manylinux_2_17_x86_64.manylinux2014_x86_64.whl (3.7 MB)
2026-10-02T11:36:05.7915149Z    ━━━━━━━━━━━━━━━━━━━━━━━━━━━━━━━━━━━━━━━━ 3.7/3.7 MB 378.5 MB/s  0:00:00
2026-10-02T11:36:05.8068521Z Downloading referencing-0.37.0-py3-none-any.whl (26 kB)
2026-10-02T11:36:05.8242297Z Downloading rpds_py-2026.6.3-cp311-cp311-manylinux_2_17_x86_64.manylinux2014_x86_64.whl (371 kB)
2026-10-02T11:36:05.8419710Z Downloading six-1.17.0-py2.py3-none-any.whl (11 kB)
2026-10-02T11:36:05.8590360Z Downloading typing_extensions-4.16.0-py3-none-any.whl (45 kB)
2026-10-02T11:36:05.8761911Z Downloading certifi-2026.7.22-py3-none-any.whl (136 kB)
2026-10-02T11:36:05.8976467Z Downloading cftime-1.6.6-cp311-abi3-manylinux1_x86_64.manylinux_2_28_x86_64.manylinux_2_5_x86_64.whl (1.7 MB)
2026-10-02T11:36:05.9048653Z    ━━━━━━━━━━━━━━━━━━━━━━━━━━━━━━━━━━━━━━━━ 1.7/1.7 MB 267.4 MB/s  0:00:00
2026-10-02T11:36:05.9228142Z Downloading numexpr-2.14.2-cp311-cp311-manylinux_2_27_x86_64.manylinux_2_28_x86_64.whl (443 kB)
2026-10-02T11:36:05.9407768Z Downloading pycparser-3.0-py3-none-any.whl (48 kB)
2026-10-02T11:36:06.3673425Z Installing collected packages: uv, urllib3, typing-extensions, six, rpds-py, pyyaml, pypdfium2, pypdf, pyparsing, pygments, pycparser, pluggy, Pillow, packaging, numpy, kiwisolver, jmespath, iniconfig, fonttools, execnet, cycler, charset-normalizer, certifi, attrs, scipy, referencing, rdkit, python-dateutil, pytest, numexpr, contourpy, cftime, cffi, biopython, pytest-xdist, pymbar, netCDF4, matplotlib, jsonschema-specifications, cryptography, botocore, s3transfer, pdfminer.six, jsonschema, pdfplumber, boto3
2026-10-02T11:36:20.2085473Z 
2026-10-02T11:36:20.2110892Z Successfully installed Pillow-12.3.0 attrs-26.1.0 biopython-1.88 boto3-1.43.107 botocore-1.43.107 certifi-2026.7.22 cffi-2.1.1 cftime-1.6.6 charset-normalizer-3.5.2 contourpy-1.3.3 cryptography-50.0.2 cycler-0.12.1 execnet-2.1.2 fonttools-4.66.1 iniconfig-2.3.0 jmespath-1.1.0 jsonschema-4.26.0 jsonschema-specifications-2025.9.1 kiwisolver-1.5.1 matplotlib-3.11.2 netCDF4-1.7.4 numexpr-2.14.2 numpy-2.4.6 packaging-26.3 pdfminer.six-20260107 pdfplumber-0.11.10 pluggy-1.6.0 pycparser-3.0 pygments-2.21.0 pymbar-4.0.3 pyparsing-3.3.3 pypdf-6.19.0 pypdfium2-5.13.0 pytest-9.1.1 pytest-xdist-3.8.0 python-dateutil-2.9.0.post0 pyyaml-6.0.3 rdkit-2026.3.6 referencing-0.37.0 rpds-py-2026.6.3 s3transfer-0.19.2 scipy-1.17.1 six-1.17.0 typing-extensions-4.16.0 urllib3-2.8.0 uv-0.12.22
2026-10-02T11:36:20.4320818Z ##[group]Run python3 -m pytest research/autonomy/tests/test_an_error_body_is_the_diagnosis.py -v --tb=short -p no:cacheprovider
2026-10-02T11:36:20.4322112Z [36;1mpython3 -m pytest research/autonomy/tests/test_an_error_body_is_the_diagnosis.py -v --tb=short -p no:cacheprovider[0m
2026-10-02T11:36:20.4394686Z shell: /usr/bin/bash -e {0}
2026-10-02T11:36:20.4394961Z env:
2026-10-02T11:36:20.4395238Z   pythonLocation: /opt/hostedtoolcache/Python/3.11.16/x64
2026-10-02T11:36:20.4395694Z   PKG_CONFIG_PATH: /opt/hostedtoolcache/Python/3.11.16/x64/lib/pkgconfig
2026-10-02T11:36:20.4396140Z   Python_ROOT_DIR: /opt/hostedtoolcache/Python/3.11.16/x64
2026-10-02T11:36:20.4396526Z   Python2_ROOT_DIR: /opt/hostedtoolcache/Python/3.11.16/x64
2026-10-02T11:36:20.4396911Z   Python3_ROOT_DIR: /opt/hostedtoolcache/Python/3.11.16/x64
2026-10-02T11:36:20.4397285Z   LD_LIBRARY_PATH: /opt/hostedtoolcache/Python/3.11.16/x64/lib
2026-10-02T11:36:20.4397632Z ##[endgroup]
2026-10-02T11:36:21.3700138Z ============================= test session starts ==============================
2026-10-02T11:36:21.3700792Z platform linux -- Python 3.11.16, pytest-9.1.1, pluggy-1.6.0 -- /opt/hostedtoolcache/Python/3.11.16/x64/bin/python3
2026-10-02T11:36:21.3701612Z rootdir: /home/runner/work/Rare-cancers/Rare-cancers
2026-10-02T11:36:21.3701941Z plugins: xdist-3.8.0
2026-10-02T11:36:21.4167099Z collecting ... collected 15 items
2026-10-02T11:36:21.4167394Z 
2026-10-02T11:36:21.4175359Z research/autonomy/tests/test_an_error_body_is_the_diagnosis.py::test_the_helper_exists_and_is_used_by_both_instruments PASSED [  6%]
2026-10-02T11:36:21.4181778Z research/autonomy/tests/test_an_error_body_is_the_diagnosis.py::test_a_non_http_exception_still_describes_itself PASSED [ 13%]
2026-10-02T11:36:21.4188869Z research/autonomy/tests/test_an_error_body_is_the_diagnosis.py::test_the_servers_own_explanation_survives_the_handler PASSED [ 20%]
2026-10-02T11:36:21.4195720Z research/autonomy/tests/test_an_error_body_is_the_diagnosis.py::test_two_different_400s_do_not_render_identically PASSED [ 26%]
2026-10-02T11:36:21.4202040Z research/autonomy/tests/test_an_error_body_is_the_diagnosis.py::test_an_empty_body_says_so_rather_than_going_quiet PASSED [ 33%]
2026-10-02T11:36:21.4208153Z research/autonomy/tests/test_an_error_body_is_the_diagnosis.py::test_a_long_body_is_marked_truncated_and_never_silently_cut PASSED [ 40%]
2026-10-02T11:36:21.4214620Z research/autonomy/tests/test_an_error_body_is_the_diagnosis.py::test_the_body_is_read_exactly_once_and_the_second_read_is_honest PASSED [ 46%]
2026-10-02T11:36:21.4221229Z research/autonomy/tests/test_an_error_body_is_the_diagnosis.py::test_a_rate_limited_403_names_the_reset PASSED [ 53%]
2026-10-02T11:36:21.4227300Z research/autonomy/tests/test_an_error_body_is_the_diagnosis.py::test_a_permission_403_does_not_claim_a_rate_limit PASSED [ 60%]
2026-10-02T11:36:21.4243966Z research/autonomy/tests/test_an_error_body_is_the_diagnosis.py::test_an_http_error_can_NEVER_make_the_poller_report_green PASSED [ 66%]
2026-10-02T11:36:21.4254487Z research/autonomy/tests/test_an_error_body_is_the_diagnosis.py::test_the_poll_line_carries_the_body_not_just_the_exception_class PASSED [ 73%]
2026-10-02T11:36:21.4274830Z research/autonomy/tests/test_an_error_body_is_the_diagnosis.py::test_a_deterministic_status_is_refused_now_not_eight_polls_later PASSED [ 80%]
2026-10-02T11:36:21.4276028Z research/autonomy/tests/test_an_error_body_is_the_diagnosis.py::test_a_transient_status_is_still_retried PASSED [ 86%]
2026-10-02T11:36:21.4310850Z research/autonomy/tests/test_an_error_body_is_the_diagnosis.py::test_the_gate_reader_writes_nothing_and_says_why PASSED [ 93%]
2026-10-02T11:36:21.4579066Z research/autonomy/tests/test_an_error_body_is_the_diagnosis.py::test_the_gate_reader_still_fails_closed_on_a_bodiless_error PASSED [100%]
2026-10-02T11:36:21.4579917Z 
2026-10-02T11:36:21.4580155Z ============================== 15 passed in 0.08s ==============================
2026-10-02T11:36:21.4857395Z ##[group]Run python3 systems/systems_check.py --check
2026-10-02T11:36:21.4857799Z [36;1mpython3 systems/systems_check.py --check[0m
2026-10-02T11:36:21.4927086Z shell: /usr/bin/bash -e {0}
2026-10-02T11:36:21.4927357Z env:
2026-10-02T11:36:21.4927638Z   pythonLocation: /opt/hostedtoolcache/Python/3.11.16/x64
2026-10-02T11:36:21.4928081Z   PKG_CONFIG_PATH: /opt/hostedtoolcache/Python/3.11.16/x64/lib/pkgconfig
2026-10-02T11:36:21.4928514Z   Python_ROOT_DIR: /opt/hostedtoolcache/Python/3.11.16/x64
2026-10-02T11:36:21.4928894Z   Python2_ROOT_DIR: /opt/hostedtoolcache/Python/3.11.16/x64
2026-10-02T11:36:21.4929290Z   Python3_ROOT_DIR: /opt/hostedtoolcache/Python/3.11.16/x64
2026-10-02T11:36:21.4929672Z   LD_LIBRARY_PATH: /opt/hostedtoolcache/Python/3.11.16/x64/lib
2026-10-02T11:36:21.4929999Z ##[endgroup]
2026-10-02T11:36:31.9935506Z INFO  [B6]  33 publication endpoint(s) for 83 routes: 30 with a document, 3 unwritten
2026-10-02T11:36:31.9937979Z INFO  [B7]  237 document(s) declare level L3 and are the endpoint of no route — expected, most are memos, plans and red-teams rather than deliverables: claim-audit-stratified-2026-08-28.md, DECISION.md, README.md, s22-round-2026-09-02-seat-brief.md…
2026-10-02T11:36:31.9939822Z INFO  [Q3]  R4 has no instrument -- no instrument can be built here -- CLAUDE.md §5, no wet lab
2026-10-02T11:36:31.9940559Z INFO  [Q3]  R16 has no instrument -- not this paper's question, by its own claim ceiling
2026-10-02T11:36:31.9942027Z INFO  [D11]  hierarchy census (documents, by declared `level`): L0 8 · L1 4 · L3 263 · L4 97 · L5 3 · cross-cutting 10 · «absent» 33 · — 41 — and 14 L1 strategies, 83 L2 routes, 32 L4 instruments, 115 L5 items in the graph
2026-10-02T11:36:31.9943123Z INFO  [K0]  relative links checked: 5626 (+1013 anchors), broken: 0 — no grandfather list exists; a broken link is an error
2026-10-02T11:36:31.9944337Z INFO  [K1]  `valb-triangle-chem.json` is absent and LANE-9 derives `withdrawn`; all 2 document(s) naming it record the withdrawal (research/manuscripts/degrader/valb-closure-triangle-pregate-2026-07-25.md, systems/MAINTENANCE.md). Closed, not pending
2026-10-02T11:36:31.9945943Z WARN  [X4]  relations.json declares `modalities.parent` as an asserted edge and no row in modalities.json carries it — either the edge was removed and this entry is stale, or it is derived and mis-declared
2026-10-02T11:36:31.9946991Z WARN  [L4]  routes/RT-DNAPK is new in the graph and absent from the legacy registry (expected while the legacy file is still hand-maintained)
2026-10-02T11:36:31.9947879Z WARN  [L4]  routes/RT-DIAGNOSTIC-PATHWAY is new in the graph and absent from the legacy registry (expected while the legacy file is still hand-maintained)
2026-10-02T11:36:31.9948812Z WARN  [L4]  routes/RT-POPULATION-REGISTRY is new in the graph and absent from the legacy registry (expected while the legacy file is still hand-maintained)
2026-10-02T11:36:31.9949702Z WARN  [L4]  routes/RT-ALK-HIT is new in the graph and absent from the legacy registry (expected while the legacy file is still hand-maintained)
2026-10-02T11:36:31.9950585Z WARN  [L4]  routes/RT-VACCINE-COMBINATION is new in the graph and absent from the legacy registry (expected while the legacy file is still hand-maintained)
2026-10-02T11:36:31.9952148Z WARN  [L4]  routes/RT-TXN-CDK is new in the graph and absent from the legacy registry (expected while the legacy file is still hand-maintained)
2026-10-02T11:36:31.9953075Z WARN  [L4]  routes/RT-MODALITY-CENSUS is new in the graph and absent from the legacy registry (expected while the legacy file is still hand-maintained)
2026-10-02T11:36:31.9953972Z WARN  [L4]  routes/RT-MATRIX-ADDRESS is new in the graph and absent from the legacy registry (expected while the legacy file is still hand-maintained)
2026-10-02T11:36:31.9954851Z WARN  [L4]  routes/RT-CHAPERONE is new in the graph and absent from the legacy registry (expected while the legacy file is still hand-maintained)
2026-10-02T11:36:31.9956208Z WARN  [L4]  routes/RT-APOPTOSIS-DEP is new in the graph and absent from the legacy registry (expected while the legacy file is still hand-maintained)
2026-10-02T11:36:31.9957306Z WARN  [L4]  routes/RT-RESPIRATORY-FAILURE is new in the graph and absent from the legacy registry (expected while the legacy file is still hand-maintained)
2026-10-02T11:36:31.9958196Z WARN  [L4]  routes/RT-MDM2 is new in the graph and absent from the legacy registry (expected while the legacy file is still hand-maintained)
2026-10-02T11:36:31.9959064Z WARN  [L4]  routes/RT-SURGICAL-QUALITY is new in the graph and absent from the legacy registry (expected while the legacy file is still hand-maintained)
2026-10-02T11:36:31.9959950Z WARN  [L4]  routes/RT-IPD-SURVIVAL is new in the graph and absent from the legacy registry (expected while the legacy file is still hand-maintained)
2026-10-02T11:36:31.9960821Z WARN  [L4]  routes/RT-TREATMENT-HARM is new in the graph and absent from the legacy registry (expected while the legacy file is still hand-maintained)
2026-10-02T11:36:31.9961999Z WARN  [L4]  routes/RT-EZH2 is new in the graph and absent from the legacy registry (expected while the legacy file is still hand-maintained)
2026-10-02T11:36:31.9962818Z WARN  [L4]  routes/RT-NR2F1 is new in the graph and absent from the legacy registry (expected while the legacy file is still hand-maintained)
2026-10-02T11:36:31.9963661Z WARN  [L4]  routes/RT-RT-INTENSIFY is new in the graph and absent from the legacy registry (expected while the legacy file is still hand-maintained)
2026-10-02T11:36:31.9964564Z WARN  [L4]  routes/RT-COMPETING-MORTALITY is new in the graph and absent from the legacy registry (expected while the legacy file is still hand-maintained)
2026-10-02T11:36:31.9965475Z WARN  [L4]  routes/RT-FUSION-OUTPUT is new in the graph and absent from the legacy registry (expected while the legacy file is still hand-maintained)
2026-10-02T11:36:31.9966374Z WARN  [L4]  routes/RT-METASTASECTOMY is new in the graph and absent from the legacy registry (expected while the legacy file is still hand-maintained)
2026-10-02T11:36:31.9967248Z WARN  [L4]  routes/RT-ARGININE is new in the graph and absent from the legacy registry (expected while the legacy file is still hand-maintained)
2026-10-02T11:36:31.9968117Z WARN  [L4]  routes/RT-HORMONE-PARTNER is new in the graph and absent from the legacy registry (expected while the legacy file is still hand-maintained)
2026-10-02T11:36:31.9968994Z WARN  [L4]  routes/RT-VTE-PROPHYLAXIS is new in the graph and absent from the legacy registry (expected while the legacy file is still hand-maintained)
2026-10-02T11:36:31.9969858Z WARN  [L4]  routes/RT-RISK-MODEL is new in the graph and absent from the legacy registry (expected while the legacy file is still hand-maintained)
2026-10-02T11:36:31.9970708Z WARN  [L4]  routes/RT-HOST-FACTOR is new in the graph and absent from the legacy registry (expected while the legacy file is still hand-maintained)
2026-10-02T11:36:31.9971668Z WARN  [L4]  routes/RT-SCHEDULING is new in the graph and absent from the legacy registry (expected while the legacy file is still hand-maintained)
2026-10-02T11:36:31.9972574Z WARN  [L4]  routes/RT-ENDPOINT-CHOICE is new in the graph and absent from the legacy registry (expected while the legacy file is still hand-maintained)
2026-10-02T11:36:31.9973421Z WARN  [L4]  routes/RT-POLQ is new in the graph and absent from the legacy registry (expected while the legacy file is still hand-maintained)
2026-10-02T11:36:31.9974265Z WARN  [L4]  routes/RT-HYPOXIA-PRODRUG is new in the graph and absent from the legacy registry (expected while the legacy file is still hand-maintained)
2026-10-02T11:36:31.9975156Z WARN  [L4]  routes/RT-EARLY-PALLIATIVE is new in the graph and absent from the legacy registry (expected while the legacy file is still hand-maintained)
2026-10-02T11:36:31.9976024Z WARN  [L4]  routes/RT-TRIAL-REACH is new in the graph and absent from the legacy registry (expected while the legacy file is still hand-maintained)
2026-10-02T11:36:31.9977046Z WARN  [L4]  routes/RT-IMMUNOCYTOKINE is new in the graph and absent from the legacy registry (expected while the legacy file is still hand-maintained)
2026-10-02T11:36:31.9978036Z WARN  [L4]  routes/RT-MTAP-PRMT5 is new in the graph and absent from the legacy registry (expected while the legacy file is still hand-maintained)
2026-10-02T11:36:31.9978885Z WARN  [L4]  routes/RT-SURVEILLANCE is new in the graph and absent from the legacy registry (expected while the legacy file is still hand-maintained)
2026-10-02T11:36:31.9979751Z WARN  [L4]  routes/RT-PARTNER-STRAT is new in the graph and absent from the legacy registry (expected while the legacy file is still hand-maintained)
2026-10-02T11:36:31.9980576Z WARN  [L4]  routes/RT-SGK1 is new in the graph and absent from the legacy registry (expected while the legacy file is still hand-maintained)
2026-10-02T11:36:31.9981572Z WARN  [L4]  routes/RT-SEQUENCING is new in the graph and absent from the legacy registry (expected while the legacy file is still hand-maintained)
2026-10-02T11:36:31.9982416Z WARN  [L4]  routes/RT-RET is new in the graph and absent from the legacy registry (expected while the legacy file is still hand-maintained)
2026-10-02T11:36:31.9983231Z WARN  [L4]  routes/RT-MDT-LUNG is new in the graph and absent from the legacy registry (expected while the legacy file is still hand-maintained)
2026-10-02T11:36:31.9984086Z WARN  [L4]  routes/RT-LIMB-PERFUSION is new in the graph and absent from the legacy registry (expected while the legacy file is still hand-maintained)
2026-10-02T11:36:31.9984967Z WARN  [L4]  routes/RT-MATRIX-SYNTHESIS is new in the graph and absent from the legacy registry (expected while the legacy file is still hand-maintained)
2026-10-02T11:36:31.9985854Z WARN  [L4]  routes/RT-LUNG-DIRECTED is new in the graph and absent from the legacy registry (expected while the legacy file is still hand-maintained)
2026-10-02T11:36:31.9986828Z WARN  [L4]  blockers/BLK-NO-FIELD-ATTENTION-MEASUREMENT is new in the graph and absent from the legacy registry (expected while the legacy file is still hand-maintained)
2026-10-02T11:36:31.9987796Z WARN  [L4]  blockers/BLK-REGISTRY-DUA is new in the graph and absent from the legacy registry (expected while the legacy file is still hand-maintained)
2026-10-02T11:36:31.9988711Z WARN  [L4]  blockers/BLK-TCIP-INTERFACE-FLOOR is new in the graph and absent from the legacy registry (expected while the legacy file is still hand-maintained)
2026-10-02T11:36:31.9989687Z WARN  [L4]  blockers/BLK-NO-CURATED-CLINICAL-DATA is new in the graph and absent from the legacy registry (expected while the legacy file is still hand-maintained)
2026-10-02T11:36:31.9990695Z WARN  [B5]  RT-MDT-LUNG is ready and its endpoint PUB-LOCOREGIONAL is outlined — nothing blocks this paper except writing it
2026-10-02T11:36:31.9991657Z WARN  [B5]  RT-IPD-SURVIVAL is ready and its endpoint PUB-IPD-SURVIVAL is unwritten — nothing blocks this paper except writing it
2026-10-02T11:36:31.9992572Z WARN  [B5]  RT-SURGICAL-QUALITY is ready and its endpoint PUB-CARE-DELIVERY is unwritten — nothing blocks this paper except writing it
2026-10-02T11:36:31.9993475Z WARN  [B5]  RT-SURVEILLANCE is ready and its endpoint PUB-CARE-DELIVERY is unwritten — nothing blocks this paper except writing it
2026-10-02T11:36:31.9994357Z WARN  [B5]  RT-METASTASECTOMY is ready and its endpoint PUB-CARE-DELIVERY is unwritten — nothing blocks this paper except writing it
2026-10-02T11:36:31.9995239Z WARN  [B5]  RT-RISK-MODEL is ready and its endpoint PUB-CARE-DELIVERY is unwritten — nothing blocks this paper except writing it
2026-10-02T11:36:31.9995965Z WARN  [B3]  BLK-NO-FIELD-ATTENTION-MEASUREMENT holds down no route -- it may be retired or mis-scoped
2026-10-02T11:36:31.9997016Z WARN  [Q4]  R1 has instruments but NONE has returned a usable answer -- V13 (its control FAILED), V14 (it has NO control), V15 (its control was MIXED -- partly, which is not a pass). That is a different and more actionable failure than having none
2026-10-02T11:36:31.9998344Z WARN  [Q4]  R2 has instruments but NONE has returned a usable answer -- V13 (its control FAILED). That is a different and more actionable failure than having none
2026-10-02T11:36:31.9999491Z WARN  [Q4]  R5 has instruments but NONE has returned a usable answer -- V3 (its control was INCONCLUSIVE), V22 (it has NO control). That is a different and more actionable failure than having none
2026-10-02T11:36:32.0001344Z WARN  [Q3]  R6 has NO instrument at all -- nothing built yet, and it could be built in this program. ΔG_open is computable — a per-paralogue opening free energy — and nothing has been built for it. `authorization: needs_decision` because it is a GPU spend, not because the method is missing.
2026-10-02T11:36:32.0002974Z WARN  [Q4]  R8 has instruments but NONE has returned a usable answer -- V17 (its control FAILED), INS-MONOVALENT-REACH (it inherits limits it cannot clear). That is a different and more actionable failure than having none
2026-10-02T11:36:32.0004088Z WARN  [Q4]  R12 has instruments but NONE has returned a usable answer -- V18 (it has NO control). That is a different and more actionable failure than having none
2026-10-02T11:36:32.0005065Z WARN  [Q4]  R13 has instruments but NONE has returned a usable answer -- INS-FUSION-COFOLD (it has NO control). That is a different and more actionable failure than having none
2026-10-02T11:36:32.0006035Z WARN  [Q4]  R14 has instruments but NONE has returned a usable answer -- V21 (its control FAILED). That is a different and more actionable failure than having none
2026-10-02T11:36:32.0007128Z WARN  [Q4]  R15 has instruments but NONE has returned a usable answer -- V17 (its control FAILED), V19 (its control was MIXED -- partly, which is not a pass). That is a different and more actionable failure than having none
2026-10-02T11:36:32.0008477Z WARN  [X4]  TECH-FE-CRYPTIC-POCKET has 1 UNGRADED scan signal(s) — a human must read them and either promote to `evidence` or mark graded; the scan deliberately cannot change `current_state` itself
2026-10-02T11:36:32.0009775Z WARN  [X4]  TECH-EMC-EXPRESSION-DATA has 5 UNGRADED scan signal(s) — a human must read them and either promote to `evidence` or mark graded; the scan deliberately cannot change `current_state` itself
2026-10-02T11:36:32.0011145Z WARN  [X4]  TECH-EMC-MODEL-ACCESS has 1 UNGRADED scan signal(s) — a human must read them and either promote to `evidence` or mark graded; the scan deliberately cannot change `current_state` itself
2026-10-02T11:36:32.0012433Z WARN  [X4]  TECH-CHEAP-ENSEMBLE has 7 UNGRADED scan signal(s) — a human must read them and either promote to `evidence` or mark graded; the scan deliberately cannot change `current_state` itself
2026-10-02T11:36:32.0013683Z WARN  [X4]  TECH-POSE-CONVERGENCE has 55 UNGRADED scan signal(s) — a human must read them and either promote to `evidence` or mark graded; the scan deliberately cannot change `current_state` itself
2026-10-02T11:36:32.0014931Z WARN  [X4]  TECH-COFOLD-ASSEMBLY has 6 UNGRADED scan signal(s) — a human must read them and either promote to `evidence` or mark graded; the scan deliberately cannot change `current_state` itself
2026-10-02T11:36:32.0016196Z WARN  [X4]  TECH-EXPOSURE-CRITERION has 22 UNGRADED scan signal(s) — a human must read them and either promote to `evidence` or mark graded; the scan deliberately cannot change `current_state` itself
2026-10-02T11:36:32.0017446Z WARN  [X4]  TECH-OLIGO-DELIVERY has 15 UNGRADED scan signal(s) — a human must read them and either promote to `evidence` or mark graded; the scan deliberately cannot change `current_state` itself
2026-10-02T11:36:32.0018680Z WARN  [X4]  TECH-CHARGE-CHANGE-FEP has 1 UNGRADED scan signal(s) — a human must read them and either promote to `evidence` or mark graded; the scan deliberately cannot change `current_state` itself
2026-10-02T11:36:32.0019919Z WARN  [X4]  TECH-GLUE-DESIGN has 7 UNGRADED scan signal(s) — a human must read them and either promote to `evidence` or mark graded; the scan deliberately cannot change `current_state` itself
2026-10-02T11:36:32.0021396Z WARN  [X4]  TECH-TERNARY-ALCHEMY has 1 UNGRADED scan signal(s) — a human must read them and either promote to `evidence` or mark graded; the scan deliberately cannot change `current_state` itself
2026-10-02T11:36:32.0022870Z WARN  [X4]  TECH-ANTITARGET-PROTOCOL has 18 UNGRADED scan signal(s) — a human must read them and either promote to `evidence` or mark graded; the scan deliberately cannot change `current_state` itself
2026-10-02T11:36:32.0024123Z WARN  [X4]  TECH-ATOM-MAPPER has 1 UNGRADED scan signal(s) — a human must read them and either promote to `evidence` or mark graded; the scan deliberately cannot change `current_state` itself
2026-10-02T11:36:32.0025394Z WARN  [X4]  TECH-RXR-HETERODIMER-REPORT has 9 UNGRADED scan signal(s) — a human must read them and either promote to `evidence` or mark graded; the scan deliberately cannot change `current_state` itself
2026-10-02T11:36:32.0026670Z WARN  [X4]  TECH-VIRTUAL-CELL has 17 UNGRADED scan signal(s) — a human must read them and either promote to `evidence` or mark graded; the scan deliberately cannot change `current_state` itself
2026-10-02T11:36:32.0027908Z WARN  [X4]  TECH-CLOUD-WET-LAB has 2 UNGRADED scan signal(s) — a human must read them and either promote to `evidence` or mark graded; the scan deliberately cannot change `current_state` itself
2026-10-02T11:36:32.0029150Z WARN  [X4]  TECH-AUTONOMOUS-AGENT has 61 UNGRADED scan signal(s) — a human must read them and either promote to `evidence` or mark graded; the scan deliberately cannot change `current_state` itself
2026-10-02T11:36:32.0030424Z WARN  [X4]  TECH-ASO-SPECIFICITY-MODEL has 30 UNGRADED scan signal(s) — a human must read them and either promote to `evidence` or mark graded; the scan deliberately cannot change `current_state` itself
2026-10-02T11:36:32.0031795Z WARN  [X4]  TECH-JUNCTION-PMHC has 23 UNGRADED scan signal(s) — a human must read them and either promote to `evidence` or mark graded; the scan deliberately cannot change `current_state` itself
2026-10-02T11:36:32.0033121Z WARN  [X4]  TECH-JUNCTION-CLINICAL-PRECEDENT has 52 UNGRADED scan signal(s) — a human must read them and either promote to `evidence` or mark graded; the scan deliberately cannot change `current_state` itself
2026-10-02T11:36:32.0034455Z WARN  [X4]  TECH-CONDENSATE-RESOLUTION has 40 UNGRADED scan signal(s) — a human must read them and either promote to `evidence` or mark graded; the scan deliberately cannot change `current_state` itself
2026-10-02T11:36:32.0036349Z WARN  [D5]  164 document(s) carry `last_verified: unverified` — nobody has confirmed their content is still true. This is honest, not a defect; the count is meant to fall. ⭐ **1 of them are LOAD-BEARING** — pinned or named by the project instructions, so something reads them today: research/manuscripts/dependency/emc-atr-vulnerability-assessment.md
2026-10-02T11:36:32.0038052Z WARN  [L5]  1 object at L5 is cited by no route, instrument, lane or claim — reachable in [the evidence base](views/L5-evidence-base.md) but by no path DOWN the hierarchy: OBJ-RES-C166
2026-10-02T11:36:32.0039260Z WARN  [L5]  1 evidence item at L5 is cited by no route, instrument, lane or claim — reachable in [the evidence base](views/L5-evidence-base.md) but by no path DOWN the hierarchy: EV-LI-GONG-2026
2026-10-02T11:36:32.0040873Z WARN  [L5]  4 artifacts at L5 are cited by no route, instrument, lane or claim — reachable in [the evidence base](views/L5-evidence-base.md) but by no path DOWN the hierarchy: ART-ATM-STATUS-ATRI, ART-GSE28866-TUMOUR-VS-NORMAL, ART-PUBLISHED-WARHEAD-REGISTRY, ART-WETLAB-CONTRACTING-COSTS
2026-10-02T11:36:32.0042583Z WARN  [B9]  12 trigger(s) claim a blocker their technology does not unblock. Each is either a missing technology edge or an over-claiming trigger; the count is the finding and is meant to fall
2026-10-02T11:36:32.0043201Z 
2026-10-02T11:36:32.0043494Z systems_check: 620 objects across 15 collections · 0 ERROR · 90 WARN · 7 INFO
2026-10-02T11:36:32.0165309Z ##[group]Run ./scripts/preflight.sh
2026-10-02T11:36:32.0165653Z [36;1m./scripts/preflight.sh[0m
2026-10-02T11:36:32.0233020Z shell: /usr/bin/bash -e {0}
2026-10-02T11:36:32.0233487Z env:
2026-10-02T11:36:32.0233770Z   pythonLocation: /opt/hostedtoolcache/Python/3.11.16/x64
2026-10-02T11:36:32.0234214Z   PKG_CONFIG_PATH: /opt/hostedtoolcache/Python/3.11.16/x64/lib/pkgconfig
2026-10-02T11:36:32.0234638Z   Python_ROOT_DIR: /opt/hostedtoolcache/Python/3.11.16/x64
2026-10-02T11:36:32.0235020Z   Python2_ROOT_DIR: /opt/hostedtoolcache/Python/3.11.16/x64
2026-10-02T11:36:32.0235398Z   Python3_ROOT_DIR: /opt/hostedtoolcache/Python/3.11.16/x64
2026-10-02T11:36:32.0235781Z   LD_LIBRARY_PATH: /opt/hostedtoolcache/Python/3.11.16/x64/lib
2026-10-02T11:36:32.0236117Z ##[endgroup]
2026-10-02T11:36:32.0481498Z dev-setup: core.hooksPath -> .githooks (both push guards armed)
2026-10-02T11:36:36.1186326Z dev-setup: deepening the ledger history — the clocks could see back 6 h against a 336 h window; git now reaches 671 h.
2026-10-02T11:36:41.7591938Z dev-setup: a system binary the artifact chain needs is missing: ghostscript libreoffice-writer
2026-10-02T11:36:41.7592854Z dev-setup: installing.
2026-10-02T11:36:41.7593415Z == system python3 (systems_check.py, the linters and the node-free gates run here) ==
2026-10-02T11:36:43.8895729Z == the pytest tool venv (every test import resolves here, NOT in the system interpreter) ==
2026-10-02T11:36:44.4061987Z Resolved 45 packages in 465ms
2026-10-02T11:36:44.4624768Z Downloading numpy (16.1MiB)
2026-10-02T11:36:44.4625598Z Downloading pygments (1.2MiB)
2026-10-02T11:36:44.4632001Z Downloading matplotlib (9.4MiB)
2026-10-02T11:36:44.4632489Z Downloading cryptography (4.5MiB)
2026-10-02T11:36:44.4632954Z Downloading pdfminer-six (6.3MiB)
2026-10-02T11:36:44.4633445Z Downloading pypdfium2 (3.6MiB)
2026-10-02T11:36:44.4634608Z Downloading botocore (15.3MiB)
2026-10-02T11:36:44.4639068Z Downloading fonttools (5.2MiB)
2026-10-02T11:36:44.4650932Z Downloading pillow (6.6MiB)
2026-10-02T11:36:44.4653855Z Downloading kiwisolver (1.4MiB)
2026-10-02T11:36:44.4657812Z Downloading scipy (33.7MiB)
2026-10-02T11:36:44.4659323Z Downloading rdkit (36.4MiB)
2026-10-02T11:36:44.4662312Z Downloading biopython (3.1MiB)
2026-10-02T11:36:44.4664518Z Downloading netcdf4 (9.9MiB)
2026-10-02T11:36:44.4666580Z Downloading cftime (1.6MiB)
2026-10-02T11:36:44.6354793Z  Downloaded pygments
2026-10-02T11:36:44.6526840Z  Downloaded kiwisolver
2026-10-02T11:36:44.6702218Z  Downloaded cftime
2026-10-02T11:36:44.7566080Z  Downloaded biopython
2026-10-02T11:36:44.7699397Z  Downloaded pypdfium2
2026-10-02T11:36:44.8230618Z  Downloaded cryptography
2026-10-02T11:36:44.8436338Z  Downloaded fonttools
2026-10-02T11:36:44.8818586Z  Downloaded pdfminer-six
2026-10-02T11:36:44.8842130Z  Downloaded pillow
2026-10-02T11:36:44.9575756Z  Downloaded matplotlib
2026-10-02T11:36:44.9721739Z  Downloaded netcdf4
2026-10-02T11:36:45.0492114Z  Downloaded botocore
2026-10-02T11:36:45.0552564Z  Downloaded numpy
2026-10-02T11:36:45.2213911Z  Downloaded scipy
2026-10-02T11:36:45.2793059Z  Downloaded rdkit
2026-10-02T11:36:45.2794449Z Prepared 45 packages in 871ms
2026-10-02T11:36:45.3899885Z Installed 45 packages in 110ms
2026-10-02T11:36:45.3900362Z  + attrs==26.1.0
2026-10-02T11:36:45.3900701Z  + biopython==1.88
2026-10-02T11:36:45.3901185Z  + boto3==1.43.107
2026-10-02T11:36:45.3901500Z  + botocore==1.43.107
2026-10-02T11:36:45.3901841Z  + certifi==2026.7.22
2026-10-02T11:36:45.3904239Z  + cffi==2.1.1
2026-10-02T11:36:45.3904573Z  + cftime==1.6.6
2026-10-02T11:36:45.3904921Z  + charset-normalizer==3.5.2
2026-10-02T11:36:45.3905304Z  + contourpy==1.3.3
2026-10-02T11:36:45.3905643Z  + cryptography==50.0.2
2026-10-02T11:36:45.3905974Z  + cycler==0.12.1
2026-10-02T11:36:45.3906269Z  + execnet==2.1.2
2026-10-02T11:36:45.3906573Z  + fonttools==4.66.1
2026-10-02T11:36:45.3906883Z  + iniconfig==2.3.0
2026-10-02T11:36:45.3907186Z  + jmespath==1.1.0
2026-10-02T11:36:45.3907492Z  + jsonschema==4.26.0
2026-10-02T11:36:45.3908497Z  + jsonschema-specifications==2025.9.1
2026-10-02T11:36:45.3908942Z  + kiwisolver==1.5.1
2026-10-02T11:36:45.3909279Z  + matplotlib==3.11.2
2026-10-02T11:36:45.3909821Z  + netcdf4==1.7.4
2026-10-02T11:36:45.3910118Z  + numexpr==2.14.2
2026-10-02T11:36:45.3910415Z  + numpy==2.4.6
2026-10-02T11:36:45.3910713Z  + packaging==26.3
2026-10-02T11:36:45.3911193Z  + pdfminer-six==20260107
2026-10-02T11:36:45.3911548Z  + pdfplumber==0.11.10
2026-10-02T11:36:45.3911865Z  + pillow==12.3.0
2026-10-02T11:36:45.3912164Z  + pluggy==1.6.0
2026-10-02T11:36:45.3912460Z  + pycparser==3.0
2026-10-02T11:36:45.3912768Z  + pygments==2.21.0
2026-10-02T11:36:45.3913067Z  + pymbar==4.0.3
2026-10-02T11:36:45.3913369Z  + pyparsing==3.3.3
2026-10-02T11:36:45.3913669Z  + pypdf==6.19.0
2026-10-02T11:36:45.3913965Z  + pypdfium2==5.13.0
2026-10-02T11:36:45.3914275Z  + pytest==9.1.1
2026-10-02T11:36:45.3914577Z  + pytest-xdist==3.8.0
2026-10-02T11:36:45.3914920Z  + python-dateutil==2.9.0.post0
2026-10-02T11:36:45.3915293Z  + pyyaml==6.0.3
2026-10-02T11:36:45.3915592Z  + rdkit==2026.3.6
2026-10-02T11:36:45.3915954Z  + referencing==0.37.0
2026-10-02T11:36:45.3916499Z  + rpds-py==2026.6.3
2026-10-02T11:36:45.3916840Z  + s3transfer==0.19.2
2026-10-02T11:36:45.3917245Z  + scipy==1.17.1
2026-10-02T11:36:45.3917686Z  + six==1.17.0
2026-10-02T11:36:45.3918190Z  + typing-extensions==4.16.0
2026-10-02T11:36:45.3918556Z  + urllib3==2.8.0
2026-10-02T11:36:45.3933142Z Installed 2 executables: py.test, pytest
2026-10-02T11:36:46.7562929Z 
2026-10-02T11:36:46.7563662Z == ghostscript (figures/svg_to_print_formats.py: EPS + CMYK TIFF; no other offline path) ==
2026-10-02T11:36:53.3503664Z    installed: 10.02.1
2026-10-02T11:36:53.3504280Z 
2026-10-02T11:36:53.3504763Z == libreoffice-writer (build_submission_docx.py / build_submission_parts.py: the .docx chain) ==
2026-10-02T11:37:11.8123250Z    installed: the Writer filters are present; .docx builds locally
2026-10-02T11:37:11.8123745Z 
2026-10-02T11:37:11.8124312Z == git hooks (core.hooksPath armed above the --if-needed exit; both push guards run) ==
2026-10-02T11:37:11.8142425Z    OK: .githooks
2026-10-02T11:37:11.8142633Z 
2026-10-02T11:37:11.8143380Z DEV SETUP OK — ./scripts/preflight.sh should now measure the repository rather than the sandbox.
2026-10-02T11:37:11.9531276Z -- interpreter --
2026-10-02T11:37:11.9531869Z    pytest: python3 -m pytest (sees the repository's dependencies)
2026-10-02T11:37:11.9722534Z    OK   every probed package imports
2026-10-02T11:37:12.1972507Z == lint_consistency ==
2026-10-02T11:37:14.5363928Z lint_consistency: 0 ERROR across 29 target file(s)
2026-10-02T11:37:14.5419607Z    OK
2026-10-02T11:37:14.5420152Z == systems model (invariants, pointers, view drift) ==
2026-10-02T11:37:25.0721335Z    OK
2026-10-02T11:37:25.0737839Z == EMC systems map (disputed identities, claim artifacts, view drift) ==
2026-10-02T11:37:26.7794868Z    OK
2026-10-02T11:37:26.7795306Z == claim strength (R1-R5: selectivity, efficacy, safety, window, readiness) ==
2026-10-02T11:37:29.3964528Z    OK
2026-10-02T11:37:29.3965187Z == changed prose (a qualifier dropped by an edit) ==
2026-10-02T11:37:29.4269729Z lint_changed_prose: 0 changed passage(s) over the working tree
2026-10-02T11:37:29.4270150Z    OK
2026-10-02T11:37:29.4310447Z == citation provenance and publication type (every prose identifier traces to a fetch or to the ledger; every claim of TYPE agrees with PubMed) ==
2026-10-02T11:38:20.8096984Z lint_citations: 1206 prose identifier(s), 106 unanchored, 239 in ledger (known_absent_upstream=1, unverified_at_baseline=143, verified=95)
2026-10-02T11:38:20.8100485Z lint_citation_types: ADVISORY (exit code unaffected) research/modalities/nr4a3-druggability-reconciliation.md:69 cites a paper PubMed types as a Retracted Publication — [PubMed: 40646688 Orphan nuclear receptor transcription factors as drug target (Transcription 2025) types=['Journal Article', 'Review', 'Research Support, N.I.H., Extramural', 'Retracted Publication'] doi=https://doi.org/10.1080/21541264.2025.2521766]
2026-10-02T11:38:20.8103757Z lint_citation_types: 26 type claim(s) checked against 13 cached record(s), 0 error(s), 1 retraction advisory(ies)
2026-10-02T11:38:20.8108622Z lint_citation_types: RETRACTION (advisory, exit code unaffected) DOI 10.1080/21541264.2025.2521766 is cited in research/autonomy/sprint-2026-09-01/S27-RETRACTIONS.md, research/manuscripts/degrader/nr4a3-degrader-paper.md, research/modalities/nr4a3-druggability-reconciliation.md and PubMed types it ['Journal Article', 'Review', 'Research Support, N.I.H., Extramural', 'Retracted Publication']; ACKNOWLEDGED — see the `acknowledged` row for this file in research/manuscripts/citation-retraction-sweep.json — [PubMed: 40646688 Orphan nuclear receptor transcription factors as drug target (Transcription 2025) doi=https://doi.org/10.1080/21541264.2025.2521766]
2026-10-02T11:38:20.8113341Z lint_citation_types: RETRACTION (advisory, exit code unaffected) DOI 10.1155/2022/2896049 is cited in research/autonomy/sprint-2026-09-01/S27-RETRACTIONS.md, research/manuscripts/no-wet-lab-publication-archetypes.md and PubMed types it ['Journal Article', 'Retracted Publication']; ACKNOWLEDGED — see the `acknowledged` row for this file in research/manuscripts/citation-retraction-sweep.json — [PubMed: 36062197 Network Pharmacology, Molecular Docking, and Experimental Va (Oxid Med Cell Longev 2022) doi=https://doi.org/10.1155/2022/2896049]
2026-10-02T11:38:20.8117603Z lint_citation_types: RETRACTION (advisory, exit code unaffected) PMCID PMC12263127 is cited in research/autonomy/sprint-2026-09-01/S27-RETRACTIONS.md, research/manuscripts/degrader/nr4a3-degrader-paper.md, research/modalities/nr4a3-druggability-reconciliation.md and PubMed types it ['Journal Article', 'Review', 'Research Support, N.I.H., Extramural', 'Retracted Publication']; ACKNOWLEDGED — see the `acknowledged` row for this file in research/manuscripts/citation-retraction-sweep.json — [PubMed: 40646688 Orphan nuclear receptor transcription factors as drug target (Transcription 2025) doi=https://doi.org/10.1080/21541264.2025.2521766]
2026-10-02T11:38:20.8121892Z lint_citation_types: RETRACTION (advisory, exit code unaffected) PMCID PMC9428684 is cited in research/autonomy/sprint-2026-09-01/S27-RETRACTIONS.md, research/manuscripts/no-wet-lab-publication-archetypes.md and PubMed types it ['Journal Article', 'Retracted Publication']; ACKNOWLEDGED — see the `acknowledged` row for this file in research/manuscripts/citation-retraction-sweep.json — [PubMed: 36062197 Network Pharmacology, Molecular Docking, and Experimental Va (Oxid Med Cell Longev 2022) doi=https://doi.org/10.1155/2022/2896049]
2026-10-02T11:38:20.8125418Z lint_citation_types: RETRACTION (advisory, exit code unaffected) PMID 36062197 is cited in research/manuscripts/no-wet-lab-publication-archetypes.md and PubMed types it ['Journal Article', 'Retracted Publication']; ACKNOWLEDGED — see the `acknowledged` row for this file in research/manuscripts/citation-retraction-sweep.json — [PubMed: 36062197 Network Pharmacology, Molecular Docking, and Experimental Va (Oxid Med Cell Longev 2022) doi=https://doi.org/10.1155/2022/2896049]
2026-10-02T11:38:20.8129154Z lint_citation_types: RETRACTION (advisory, exit code unaffected) PMID 40646688 is cited in research/manuscripts/degrader/nr4a3-degrader-paper.md, research/modalities/nr4a3-druggability-reconciliation.md and PubMed types it ['Journal Article', 'Review', 'Research Support, N.I.H., Extramural', 'Retracted Publication']; ACKNOWLEDGED — see the `acknowledged` row for this file in research/manuscripts/citation-retraction-sweep.json — [PubMed: 40646688 Orphan nuclear receptor transcription factors as drug target (Transcription 2025) doi=https://doi.org/10.1080/21541264.2025.2521766]
2026-10-02T11:38:20.8132133Z lint_citation_types: NOT SWEPT (advisory) ARXIV 2609.00077 in research/method-watch-preprint-pipeline.md has no row in research/manuscripts/citation-retraction-sweep.json — its retraction status is UNKNOWN, which is not the same as clean.
2026-10-02T11:38:20.8133983Z lint_citation_types: NOT SWEPT (advisory) ARXIV 2609.00365 in research/method-watch-preprint-pipeline.md has no row in research/manuscripts/citation-retraction-sweep.json — its retraction status is UNKNOWN, which is not the same as clean.
2026-10-02T11:38:20.8136005Z lint_citation_types: NOT SWEPT (advisory) ARXIV 2609.01357 in research/IDEAS.md, research/method-watch-preprint-pipeline.md, research/method-watch-trigger-scan.md has no row in research/manuscripts/citation-retraction-sweep.json — its retraction status is UNKNOWN, which is not the same as clean.
2026-10-02T11:38:20.8137921Z lint_citation_types: NOT SWEPT (advisory) ARXIV 2609.04170 in research/IDEAS.md, research/method-watch-preprint-pipeline.md has no row in research/manuscripts/citation-retraction-sweep.json — its retraction status is UNKNOWN, which is not the same as clean.
2026-10-02T11:38:20.8139863Z lint_citation_types: NOT SWEPT (advisory) ARXIV 2609.04432 in research/IDEAS.md, research/method-watch-preprint-pipeline.md, research/method-watch-trigger-scan.md has no row in research/manuscripts/citation-retraction-sweep.json — its retraction status is UNKNOWN, which is not the same as clean.
2026-10-02T11:38:20.8142078Z lint_citation_types: NOT SWEPT (advisory) ARXIV 2609.04564 in research/IDEAS.md, research/method-watch-preprint-pipeline.md has no row in research/manuscripts/citation-retraction-sweep.json — its retraction status is UNKNOWN, which is not the same as clean.
2026-10-02T11:38:20.8143915Z lint_citation_types: NOT SWEPT (advisory) ARXIV 2609.06366 in research/IDEAS.md, research/method-watch-preprint-pipeline.md has no row in research/manuscripts/citation-retraction-sweep.json — its retraction status is UNKNOWN, which is not the same as clean.
2026-10-02T11:38:20.8145842Z lint_citation_types: NOT SWEPT (advisory) ARXIV 2609.10922 in research/IDEAS.md, research/method-watch-preprint-pipeline.md, research/method-watch-trigger-scan.md has no row in research/manuscripts/citation-retraction-sweep.json — its retraction status is UNKNOWN, which is not the same as clean.
2026-10-02T11:38:20.8147804Z lint_citation_types: NOT SWEPT (advisory) DOI 10.1001/jamaoncol.2019.6584 in research/literature/emc-census-2026-09-12/REPORT.md has no row in research/manuscripts/citation-retraction-sweep.json — its retraction status is UNKNOWN, which is not the same as clean.
2026-10-02T11:38:20.8149570Z lint_citation_types: NOT SWEPT (advisory) DOI 10.1002/cam4.2991 in research/literature/emc-census-2026-09-12/REPORT.md has no row in research/manuscripts/citation-retraction-sweep.json — its retraction status is UNKNOWN, which is not the same as clean.
2026-10-02T11:38:20.8151478Z lint_citation_types: NOT SWEPT (advisory) DOI 10.1002/cncr.28728 in research/literature/emc-census-2026-09-12/REPORT.md has no row in research/manuscripts/citation-retraction-sweep.json — its retraction status is UNKNOWN, which is not the same as clean.
2026-10-02T11:38:20.8153451Z lint_citation_types: NOT SWEPT (advisory) DOI 10.1002/cncr.32084 in research/manuscripts/surface-targets/emc-surface-target-landscape-review-response-2026-08-10.md has no row in research/manuscripts/citation-retraction-sweep.json — its retraction status is UNKNOWN, which is not the same as clean.
2026-10-02T11:38:20.8155397Z lint_citation_types: NOT SWEPT (advisory) DOI 10.1002/gcc.20478 in research/modalities/fus-ddit3-prefix-comparison.md has no row in research/manuscripts/citation-retraction-sweep.json — its retraction status is UNKNOWN, which is not the same as clean.
2026-10-02T11:38:20.8157599Z lint_citation_types: NOT SWEPT (advisory) DOI 10.1007/s00428-023-03606-6 in research/autonomy/atlas-hofvander-validation-2026-09-06/draft/manuscript.md, research/manuscripts/surface-targets/emc-tissue-rna-prioritization.md has no row in research/manuscripts/citation-retraction-sweep.json — its retraction status is UNKNOWN, which is not the same as clean.
2026-10-02T11:38:20.8159901Z lint_citation_types: NOT SWEPT (advisory) DOI 10.1007/s12032-017-1030-2 in research/literature/emc-census-2026-09-12/REPORT.md has no row in research/manuscripts/citation-retraction-sweep.json — its retraction status is UNKNOWN, which is not the same as clean.
2026-10-02T11:38:20.8162088Z lint_citation_types: NOT SWEPT (advisory) DOI 10.1016/j.jbc.2022.102434 in research/manuscripts/mtap-prmt5/emc-mtap-prmt5-hypothesis-review-response-2026-08-10.md has no row in research/manuscripts/citation-retraction-sweep.json — its retraction status is UNKNOWN, which is not the same as clean.
2026-10-02T11:38:20.8164869Z lint_citation_types: NOT SWEPT (advisory) DOI 10.1016/j.modpat.2024.100464 in research/autonomy/atlas-hofvander-validation-2026-09-06/draft/manuscript.md, research/autonomy/atlas-sample-organ-2026-09-06/report.md, research/manuscripts/surface-targets/emc-tissue-rna-prioritization.md has no row in research/manuscripts/citation-retraction-sweep.json — its retraction status is UNKNOWN, which is not the same as clean.
2026-10-02T11:38:20.8167192Z lint_citation_types: NOT SWEPT (advisory) DOI 10.1021/acs.jcim.6c01824 in research/method-watch.md has no row in research/manuscripts/citation-retraction-sweep.json — its retraction status is UNKNOWN, which is not the same as clean.
2026-10-02T11:38:20.8169122Z lint_citation_types: NOT SWEPT (advisory) DOI 10.1038/bjc.2016.214 in research/manuscripts/surface-targets/emc-surface-target-landscape-review-response-2026-08-10.md has no row in research/manuscripts/citation-retraction-sweep.json — its retraction status is UNKNOWN, which is not the same as clean.
2026-10-02T11:38:20.8171257Z lint_citation_types: NOT SWEPT (advisory) DOI 10.1038/nature09472 in research/autonomy/cysteine-source-qualification-20260919/NOTE.md has no row in research/manuscripts/citation-retraction-sweep.json — its retraction status is UNKNOWN, which is not the same as clean.
2026-10-02T11:38:20.8173074Z lint_citation_types: NOT SWEPT (advisory) DOI 10.1054/modi00100099 in research/literature/emc-census-2026-09-12/REPORT.md has no row in research/manuscripts/citation-retraction-sweep.json — its retraction status is UNKNOWN, which is not the same as clean.
2026-10-02T11:38:20.8174867Z lint_citation_types: NOT SWEPT (advisory) DOI 10.1093/ajcp/aqw162.013 in research/literature/emc-census-2026-09-12/REPORT.md has no row in research/manuscripts/citation-retraction-sweep.json — its retraction status is UNKNOWN, which is not the same as clean.
2026-10-02T11:38:20.8176643Z lint_citation_types: NOT SWEPT (advisory) DOI 10.1093/jscr/rjaa503 in research/literature/emc-census-2026-09-12/REPORT.md has no row in research/manuscripts/citation-retraction-sweep.json — its retraction status is UNKNOWN, which is not the same as clean.
2026-10-02T11:38:20.8178427Z lint_citation_types: NOT SWEPT (advisory) DOI 10.1101/2025.07.21.665972 in research/autonomy/cofactor-source-read-20260919/VERDICT.md has no row in research/manuscripts/citation-retraction-sweep.json — its retraction status is UNKNOWN, which is not the same as clean.
2026-10-02T11:38:20.8180631Z lint_citation_types: NOT SWEPT (advisory) DOI 10.1126/science.aal3321 in research/autonomy/atlas-hofvander-validation-2026-09-06/draft/manuscript.md, research/manuscripts/surface-targets/emc-tissue-rna-prioritization.md has no row in research/manuscripts/citation-retraction-sweep.json — its retraction status is UNKNOWN, which is not the same as clean.
2026-10-02T11:38:20.8183010Z lint_citation_types: NOT SWEPT (advisory) DOI 10.1136/jitc-2024-SITC2024.0170 in research/literature/emc-census-2026-09-12/REPORT.md has no row in research/manuscripts/citation-retraction-sweep.json — its retraction status is UNKNOWN, which is not the same as clean.
2026-10-02T11:38:20.8184797Z lint_citation_types: NOT SWEPT (advisory) DOI 10.1155/2019/3158590 in research/literature/emc-census-2026-09-12/REPORT.md has no row in research/manuscripts/citation-retraction-sweep.json — its retraction status is UNKNOWN, which is not the same as clean.
2026-10-02T11:38:20.8186722Z lint_citation_types: NOT SWEPT (advisory) DOI 10.1155/2020/2684746 in research/literature/emc-census-2026-09-12/REPORT.md has no row in research/manuscripts/citation-retraction-sweep.json — its retraction status is UNKNOWN, which is not the same as clean.
2026-10-02T11:38:20.8189252Z lint_citation_types: NOT SWEPT (advisory) DOI 10.1158/1078-0432.CCR-25-3740 in research/autonomy/atlas-hofvander-validation-2026-09-06/draft/manuscript.md, research/autonomy/atlas-hofvander-validation-2026-09-06/protocol.md, research/manuscripts/surface-targets/emc-tissue-rna-prioritization.md has no row in research/manuscripts/citation-retraction-sweep.json — its retraction status is UNKNOWN, which is not the same as clean.
2026-10-02T11:38:20.8192287Z lint_citation_types: NOT SWEPT (advisory) DOI 10.1158/1078-0432.ccr-21-3656 in research/manuscripts/surface-targets/emc-surface-target-landscape-review-response-2026-08-10.md has no row in research/manuscripts/citation-retraction-sweep.json — its retraction status is UNKNOWN, which is not the same as clean.
2026-10-02T11:38:20.8194290Z lint_citation_types: NOT SWEPT (advisory) DOI 10.1158/1541-7786.MCR-26-0310 in research/literature/emc-census-2026-09-12/REPORT.md has no row in research/manuscripts/citation-retraction-sweep.json — its retraction status is UNKNOWN, which is not the same as clean.
2026-10-02T11:38:20.8196065Z lint_citation_types: NOT SWEPT (advisory) DOI 10.1158/2767-9764.CRC-26-0142 in research/literature/emc-census-2026-09-12/REPORT.md has no row in research/manuscripts/citation-retraction-sweep.json — its retraction status is UNKNOWN, which is not the same as clean.
2026-10-02T11:38:20.8197851Z lint_citation_types: NOT SWEPT (advisory) DOI 10.1186/s13014-022-02166-4 in research/literature/emc-census-2026-09-12/REPORT.md has no row in research/manuscripts/citation-retraction-sweep.json — its retraction status is UNKNOWN, which is not the same as clean.
2026-10-02T11:38:20.8199614Z lint_citation_types: NOT SWEPT (advisory) DOI 10.1186/s13569-020-00150-8 in research/literature/emc-census-2026-09-12/REPORT.md has no row in research/manuscripts/citation-retraction-sweep.json — its retraction status is UNKNOWN, which is not the same as clean.
2026-10-02T11:38:20.8201593Z lint_citation_types: NOT SWEPT (advisory) DOI 10.1634/theoncologist.2016-0064 in research/literature/emc-census-2026-09-12/REPORT.md has no row in research/manuscripts/citation-retraction-sweep.json — its retraction status is UNKNOWN, which is not the same as clean.
2026-10-02T11:38:20.8203438Z lint_citation_types: NOT SWEPT (advisory) DOI 10.1634/theoncologist.2017-0344 in research/literature/emc-census-2026-09-12/REPORT.md has no row in research/manuscripts/citation-retraction-sweep.json — its retraction status is UNKNOWN, which is not the same as clean.
2026-10-02T11:38:20.8206455Z lint_citation_types: NOT SWEPT (advisory) DOI 10.21203/rs.3.rs-10959636/v1 in research/manuscripts/surface-targets/emc-tissue-rna-prioritization-cover-letter.md, research/manuscripts/surface-targets/emc-tissue-rna-prioritization-si.md, research/manuscripts/surface-targets/emc-tissue-rna-prioritization.md, research/release-candidates/PUB-SURFACE-TARGETS/2026-09-09-cancer-genetics/independent-review/report.md has no row in research/manuscripts/citation-retraction-sweep.json — its retraction status is UNKNOWN, which is not the same as clean.
2026-10-02T11:38:20.8209223Z lint_citation_types: NOT SWEPT (advisory) DOI 10.21203/rs.3.rs-1898999/v1 in research/literature/emc-census-2026-09-12/REPORT.md has no row in research/manuscripts/citation-retraction-sweep.json — its retraction status is UNKNOWN, which is not the same as clean.
2026-10-02T11:38:20.8211268Z lint_citation_types: NOT SWEPT (advisory) DOI 10.2147/CMAR.S253201 in research/literature/emc-census-2026-09-12/REPORT.md has no row in research/manuscripts/citation-retraction-sweep.json — its retraction status is UNKNOWN, which is not the same as clean.
2026-10-02T11:38:20.8213474Z lint_citation_types: NOT SWEPT (advisory) DOI 10.32388/VL3LJR.2 in research/manuscripts/aso/fusion-junction-aso-cover-letter.md, research/release-candidates/PUB-ASO/2026-09-04/submission/cover-letter.md has no row in research/manuscripts/citation-retraction-sweep.json — its retraction status is UNKNOWN, which is not the same as clean.
2026-10-02T11:38:20.8215706Z lint_citation_types: NOT SWEPT (advisory) DOI 10.3390/cancers13051053 in research/literature/emc-census-2026-09-12/REPORT.md has no row in research/manuscripts/citation-retraction-sweep.json — its retraction status is UNKNOWN, which is not the same as clean.
2026-10-02T11:38:20.8217609Z lint_citation_types: NOT SWEPT (advisory) DOI 10.5114/jcb.2022.115161 in research/literature/emc-census-2026-09-12/REPORT.md has no row in research/manuscripts/citation-retraction-sweep.json — its retraction status is UNKNOWN, which is not the same as clean.
2026-10-02T11:38:20.8219353Z lint_citation_types: NOT SWEPT (advisory) DOI 10.52768/2379-1039/2159 in research/literature/emc-census-2026-09-12/REPORT.md has no row in research/manuscripts/citation-retraction-sweep.json — its retraction status is UNKNOWN, which is not the same as clean.
2026-10-02T11:38:20.8221904Z lint_citation_types: NOT SWEPT (advisory) DOI 10.5281/zenodo.17866629 in research/autonomy/atlas-hofvander-validation-2026-09-06/draft/manuscript.md, research/autonomy/atlas-hofvander-validation-2026-09-06/protocol.md, research/manuscripts/surface-targets/emc-tissue-rna-prioritization.md has no row in research/manuscripts/citation-retraction-sweep.json — its retraction status is UNKNOWN, which is not the same as clean.
2026-10-02T11:38:20.8224221Z lint_citation_types: NOT SWEPT (advisory) DOI 10.5603/ocp.108816 in research/literature/emc-census-2026-09-12/REPORT.md has no row in research/manuscripts/citation-retraction-sweep.json — its retraction status is UNKNOWN, which is not the same as clean.
2026-10-02T11:38:20.8225851Z lint_citation_types: NOT SWEPT (advisory) DOI 10.64898/2026.02.07.704601 in research/method-watch.md has no row in research/manuscripts/citation-retraction-sweep.json — its retraction status is UNKNOWN, which is not the same as clean.
2026-10-02T11:38:20.8227504Z lint_citation_types: NOT SWEPT (advisory) DOI 10.7759/cureus.432 in research/literature/emc-census-2026-09-12/REPORT.md has no row in research/manuscripts/citation-retraction-sweep.json — its retraction status is UNKNOWN, which is not the same as clean.
2026-10-02T11:38:20.8229361Z lint_citation_types: NOT SWEPT (advisory) GEO GSM600928 in research/autonomy/atlas-hofvander-validation-2026-09-06/amendment-replication-2026-09-06.md has no row in research/manuscripts/citation-retraction-sweep.json — its retraction status is UNKNOWN, which is not the same as clean.
2026-10-02T11:38:20.8231353Z lint_citation_types: NOT SWEPT (advisory) GEO GSM600935 in research/modalities/surface-address-sensitivity.md has no row in research/manuscripts/citation-retraction-sweep.json — its retraction status is UNKNOWN, which is not the same as clean.
2026-10-02T11:38:20.8233124Z lint_citation_types: NOT SWEPT (advisory) GEO GSM600937 in research/modalities/surface-address-sensitivity.md has no row in research/manuscripts/citation-retraction-sweep.json — its retraction status is UNKNOWN, which is not the same as clean.
2026-10-02T11:38:20.8234811Z lint_citation_types: NOT SWEPT (advisory) GEO GSM600938 in research/modalities/surface-address-sensitivity.md has no row in research/manuscripts/citation-retraction-sweep.json — its retraction status is UNKNOWN, which is not the same as clean.
2026-10-02T11:38:20.8236660Z lint_citation_types: NOT SWEPT (advisory) GEO GSM600940 in research/autonomy/atlas-hofvander-validation-2026-09-06/amendment-replication-2026-09-06.md has no row in research/manuscripts/citation-retraction-sweep.json — its retraction status is UNKNOWN, which is not the same as clean.
2026-10-02T11:38:20.8238625Z lint_citation_types: NOT SWEPT (advisory) GEO GSM600957 in research/autonomy/atlas-hofvander-validation-2026-09-06/amendment-replication-2026-09-06.md has no row in research/manuscripts/citation-retraction-sweep.json — its retraction status is UNKNOWN, which is not the same as clean.
2026-10-02T11:38:20.8240769Z lint_citation_types: NOT SWEPT (advisory) GEO GSM600963 in research/autonomy/atlas-hofvander-validation-2026-09-06/amendment-replication-2026-09-06.md has no row in research/manuscripts/citation-retraction-sweep.json — its retraction status is UNKNOWN, which is not the same as clean.
2026-10-02T11:38:20.8243023Z lint_citation_types: NOT SWEPT (advisory) GEO GSM89883 in research/manuscripts/mtap-prmt5/emc-mtap-prmt5-decline-review-statistics-2026-08-10.md has no row in research/manuscripts/citation-retraction-sweep.json — its retraction status is UNKNOWN, which is not the same as clean.
2026-10-02T11:38:20.8245173Z lint_citation_types: NOT SWEPT (advisory) GEO GSM89924 in research/manuscripts/mtap-prmt5/emc-mtap-prmt5-decline-review-statistics-2026-08-10.md has no row in research/manuscripts/citation-retraction-sweep.json — its retraction status is UNKNOWN, which is not the same as clean.
2026-10-02T11:38:20.8247133Z lint_citation_types: NOT SWEPT (advisory) GEO GSM91381 in research/manuscripts/mtap-prmt5/emc-mtap-prmt5-decline-review-statistics-2026-08-10.md has no row in research/manuscripts/citation-retraction-sweep.json — its retraction status is UNKNOWN, which is not the same as clean.
2026-10-02T11:38:20.8248977Z lint_citation_types: NOT SWEPT (advisory) GEO GSM91397 in research/modalities/surface-address-sensitivity.md has no row in research/manuscripts/citation-retraction-sweep.json — its retraction status is UNKNOWN, which is not the same as clean.
2026-10-02T11:38:20.8251198Z lint_citation_types: NOT SWEPT (advisory) GEO GSM91405 in research/manuscripts/mtap-prmt5/emc-mtap-prmt5-decline-review-statistics-2026-08-10.md, research/modalities/surface-address-sensitivity.md has no row in research/manuscripts/citation-retraction-sweep.json — its retraction status is UNKNOWN, which is not the same as clean.
2026-10-02T11:38:20.8253420Z lint_citation_types: NOT SWEPT (advisory) GEO GSM98495 in research/manuscripts/mtap-prmt5/emc-mtap-prmt5-decline-review-statistics-2026-08-10.md has no row in research/manuscripts/citation-retraction-sweep.json — its retraction status is UNKNOWN, which is not the same as clean.
2026-10-02T11:38:20.8256120Z lint_citation_types: NOT SWEPT (advisory) GEO GSM98499 in research/manuscripts/mtap-prmt5/emc-mtap-prmt5-decline-review-response-2026-08-10.md has no row in research/manuscripts/citation-retraction-sweep.json — its retraction status is UNKNOWN, which is not the same as clean.
2026-10-02T11:38:20.8258077Z lint_citation_types: NOT SWEPT (advisory) GEO GSM98510 in research/modalities/surface-address-sensitivity.md has no row in research/manuscripts/citation-retraction-sweep.json — its retraction status is UNKNOWN, which is not the same as clean.
2026-10-02T11:38:20.8259893Z lint_citation_types: NOT SWEPT (advisory) GEO GSM98513 in research/manuscripts/mtap-prmt5/emc-mtap-prmt5-decline-review-statistics-2026-08-10.md has no row in research/manuscripts/citation-retraction-sweep.json — its retraction status is UNKNOWN, which is not the same as clean.
2026-10-02T11:38:20.8261808Z lint_citation_types: NOT SWEPT (advisory) NCT NCT00642941 in research/literature/emc-census-2026-09-12/REPORT.md has no row in research/manuscripts/citation-retraction-sweep.json — its retraction status is UNKNOWN, which is not the same as clean.
2026-10-02T11:38:20.8263521Z lint_citation_types: NOT SWEPT (advisory) PMCID PMC12660641 in research/literature/emc-census-2026-09-12/REPORT.md has no row in research/manuscripts/citation-retraction-sweep.json — its retraction status is UNKNOWN, which is not the same as clean.
2026-10-02T11:38:20.8265560Z lint_citation_types: NOT SWEPT (advisory) PMCID PMC13133608 in research/autonomy/atlas-hofvander-validation-2026-09-06/protocol.md, research/autonomy/atlas-hofvander-validation-2026-09-06/result.md has no row in research/manuscripts/citation-retraction-sweep.json — its retraction status is UNKNOWN, which is not the same as clean.
2026-10-02T11:38:20.8267498Z lint_citation_types: NOT SWEPT (advisory) PMCID PMC13361612 in research/method-watch-trigger-scan.md has no row in research/manuscripts/citation-retraction-sweep.json — its retraction status is UNKNOWN, which is not the same as clean.
2026-10-02T11:38:20.8271455Z lint_citation_types: NOT SWEPT (advisory) PMCID PMC13367449 in research/method-watch-trigger-scan.md has no row in research/manuscripts/citation-retraction-sweep.json — its retraction status is UNKNOWN, which is not the same as clean.
2026-10-02T11:38:20.8274304Z lint_citation_types: NOT SWEPT (advisory) PMCID PMC13371081 in research/method-watch-trigger-scan.md has no row in research/manuscripts/citation-retraction-sweep.json — its retraction status is UNKNOWN, which is not the same as clean.
2026-10-02T11:38:20.8276932Z lint_citation_types: NOT SWEPT (advisory) PMCID PMC13371367 in research/method-watch-trigger-scan.md has no row in research/manuscripts/citation-retraction-sweep.json — its retraction status is UNKNOWN, which is not the same as clean.
2026-10-02T11:38:20.8278821Z lint_citation_types: NOT SWEPT (advisory) PMCID PMC13375461 in research/method-watch-trigger-scan.md has no row in research/manuscripts/citation-retraction-sweep.json — its retraction status is UNKNOWN, which is not the same as clean.
2026-10-02T11:38:20.8280479Z lint_citation_types: NOT SWEPT (advisory) PMCID PMC13417341 in research/method-watch-trigger-scan.md has no row in research/manuscripts/citation-retraction-sweep.json — its retraction status is UNKNOWN, which is not the same as clean.
2026-10-02T11:38:20.8282319Z lint_citation_types: NOT SWEPT (advisory) PMCID PMC13476259 in research/method-watch-trigger-scan.md has no row in research/manuscripts/citation-retraction-sweep.json — its retraction status is UNKNOWN, which is not the same as clean.
2026-10-02T11:38:20.8283894Z lint_citation_types: NOT SWEPT (advisory) PMCID PMC13477581 in research/method-watch-trigger-scan.md has no row in research/manuscripts/citation-retraction-sweep.json — its retraction status is UNKNOWN, which is not the same as clean.
2026-10-02T11:38:20.8285469Z lint_citation_types: NOT SWEPT (advisory) PMCID PMC13502255 in research/method-watch-trigger-scan.md has no row in research/manuscripts/citation-retraction-sweep.json — its retraction status is UNKNOWN, which is not the same as clean.
2026-10-02T11:38:20.8287034Z lint_citation_types: NOT SWEPT (advisory) PMCID PMC13521186 in research/method-watch-trigger-scan.md has no row in research/manuscripts/citation-retraction-sweep.json — its retraction status is UNKNOWN, which is not the same as clean.
2026-10-02T11:38:20.8288605Z lint_citation_types: NOT SWEPT (advisory) PMCID PMC13523640 in research/method-watch-trigger-scan.md has no row in research/manuscripts/citation-retraction-sweep.json — its retraction status is UNKNOWN, which is not the same as clean.
2026-10-02T11:38:20.8290174Z lint_citation_types: NOT SWEPT (advisory) PMCID PMC13555175 in research/method-watch-trigger-scan.md has no row in research/manuscripts/citation-retraction-sweep.json — its retraction status is UNKNOWN, which is not the same as clean.
2026-10-02T11:38:20.8291900Z lint_citation_types: NOT SWEPT (advisory) PMCID PMC13557715 in research/method-watch-trigger-scan.md has no row in research/manuscripts/citation-retraction-sweep.json — its retraction status is UNKNOWN, which is not the same as clean.
2026-10-02T11:38:20.8293559Z lint_citation_types: NOT SWEPT (advisory) PMCID PMC13565411 in research/IDEAS.md, research/method-watch-trigger-scan.md has no row in research/manuscripts/citation-retraction-sweep.json — its retraction status is UNKNOWN, which is not the same as clean.
2026-10-02T11:38:20.8295206Z lint_citation_types: NOT SWEPT (advisory) PMCID PMC13567386 in research/method-watch-trigger-scan.md has no row in research/manuscripts/citation-retraction-sweep.json — its retraction status is UNKNOWN, which is not the same as clean.
2026-10-02T11:38:20.8296860Z lint_citation_types: NOT SWEPT (advisory) PMCID PMC13573717 in research/IDEAS.md, research/method-watch-trigger-scan.md has no row in research/manuscripts/citation-retraction-sweep.json — its retraction status is UNKNOWN, which is not the same as clean.
2026-10-02T11:38:20.8298884Z lint_citation_types: NOT SWEPT (advisory) PMCID PMC13575427 in research/IDEAS.md has no row in research/manuscripts/citation-retraction-sweep.json — its retraction status is UNKNOWN, which is not the same as clean.
2026-10-02T11:38:20.8300430Z lint_citation_types: NOT SWEPT (advisory) PMCID PMC13576945 in research/IDEAS.md has no row in research/manuscripts/citation-retraction-sweep.json — its retraction status is UNKNOWN, which is not the same as clean.
2026-10-02T11:38:20.8302359Z lint_citation_types: NOT SWEPT (advisory) PMCID PMC13577264 in research/IDEAS.md, research/method-watch-trigger-scan.md has no row in research/manuscripts/citation-retraction-sweep.json — its retraction status is UNKNOWN, which is not the same as clean.
2026-10-02T11:38:20.8304122Z lint_citation_types: NOT SWEPT (advisory) PMCID PMC13577702 in research/IDEAS.md, research/method-watch-trigger-scan.md has no row in research/manuscripts/citation-retraction-sweep.json — its retraction status is UNKNOWN, which is not the same as clean.
2026-10-02T11:38:20.8305886Z lint_citation_types: NOT SWEPT (advisory) PMCID PMC13580205 in research/IDEAS.md, research/method-watch-trigger-scan.md has no row in research/manuscripts/citation-retraction-sweep.json — its retraction status is UNKNOWN, which is not the same as clean.
2026-10-02T11:38:20.8307547Z lint_citation_types: NOT SWEPT (advisory) PMCID PMC13580551 in research/method-watch-trigger-scan.md has no row in research/manuscripts/citation-retraction-sweep.json — its retraction status is UNKNOWN, which is not the same as clean.
2026-10-02T11:38:20.8309069Z lint_citation_types: NOT SWEPT (advisory) PMCID PMC13583061 in research/IDEAS.md has no row in research/manuscripts/citation-retraction-sweep.json — its retraction status is UNKNOWN, which is not the same as clean.
2026-10-02T11:38:20.8310664Z lint_citation_types: NOT SWEPT (advisory) PMCID PMC13594704 in research/IDEAS.md, research/method-watch-trigger-scan.md has no row in research/manuscripts/citation-retraction-sweep.json — its retraction status is UNKNOWN, which is not the same as clean.
2026-10-02T11:38:20.8312857Z lint_citation_types: NOT SWEPT (advisory) PMCID PMC4985356 in research/manuscripts/surface-targets/emc-surface-target-landscape-review-response-2026-08-10.md has no row in research/manuscripts/citation-retraction-sweep.json — its retraction status is UNKNOWN, which is not the same as clean.
2026-10-02T11:38:20.8314980Z lint_citation_types: NOT SWEPT (advisory) PMCID PMC6618088 in research/manuscripts/surface-targets/emc-surface-target-landscape-review-response-2026-08-10.md has no row in research/manuscripts/citation-retraction-sweep.json — its retraction status is UNKNOWN, which is not the same as clean.
2026-10-02T11:38:20.8316856Z lint_citation_types: NOT SWEPT (advisory) PMCID PMC8451045 in research/literature/emc-census-2026-09-12/REPORT.md has no row in research/manuscripts/citation-retraction-sweep.json — its retraction status is UNKNOWN, which is not the same as clean.
2026-10-02T11:38:20.8318756Z lint_citation_types: NOT SWEPT (advisory) PMCID PMC9365353 in research/manuscripts/surface-targets/emc-surface-target-landscape-review-response-2026-08-10.md has no row in research/manuscripts/citation-retraction-sweep.json — its retraction status is UNKNOWN, which is not the same as clean.
2026-10-02T11:38:20.8320592Z lint_citation_types: NOT SWEPT (advisory) PMID 13042781 in research/literature/emc-census-2026-09-12/REPORT.md has no row in research/manuscripts/citation-retraction-sweep.json — its retraction status is UNKNOWN, which is not the same as clean.
2026-10-02T11:38:20.8322694Z lint_citation_types: NOT SWEPT (advisory) PMID 16199517 in research/manuscripts/fusion-output/nr4a3-fusion-transcriptional-output-review-response-2026-08-10.md has no row in research/manuscripts/citation-retraction-sweep.json — its retraction status is UNKNOWN, which is not the same as clean.
2026-10-02T11:38:20.8325001Z lint_citation_types: NOT SWEPT (advisory) PMID 17182697 in research/manuscripts/fusion-output/nr4a3-fusion-transcriptional-output-review-response-2026-08-10.md has no row in research/manuscripts/citation-retraction-sweep.json — its retraction status is UNKNOWN, which is not the same as clean.
2026-10-02T11:38:20.8326892Z lint_citation_types: NOT SWEPT (advisory) PMID 17302560 in research/literature/emc-census-2026-09-12/REPORT.md has no row in research/manuscripts/citation-retraction-sweep.json — its retraction status is UNKNOWN, which is not the same as clean.
2026-10-02T11:38:20.8328956Z lint_citation_types: NOT SWEPT (advisory) PMID 17303618 in research/manuscripts/fusion-output/nr4a3-fusion-transcriptional-output-review-response-2026-08-10.md has no row in research/manuscripts/citation-retraction-sweep.json — its retraction status is UNKNOWN, which is not the same as clean.
2026-10-02T11:38:20.8331291Z lint_citation_types: NOT SWEPT (advisory) PMID 17647282 in research/autonomy/evidence-fus-ddit3-2026-09-05/README.md, research/modalities/fus-ddit3-prefix-comparison.md has no row in research/manuscripts/citation-retraction-sweep.json — its retraction status is UNKNOWN, which is not the same as clean.
2026-10-02T11:38:20.8333261Z lint_citation_types: NOT SWEPT (advisory) PMID 18676850 in research/autonomy/sprint-2026-09-01/S55-TWO-BLIND-ROUTES.md has no row in research/manuscripts/citation-retraction-sweep.json — its retraction status is UNKNOWN, which is not the same as clean.
2026-10-02T11:38:20.8335223Z lint_citation_types: NOT SWEPT (advisory) PMID 19847166 in research/manuscripts/fusion-output/nr4a3-fusion-transcriptional-output-review-response-2026-08-10.md has no row in research/manuscripts/citation-retraction-sweep.json — its retraction status is UNKNOWN, which is not the same as clean.
2026-10-02T11:38:20.8337292Z lint_citation_types: NOT SWEPT (advisory) PMID 20048385 in research/manuscripts/fusion-output/nr4a3-fusion-transcriptional-output-review-response-2026-08-10.md has no row in research/manuscripts/citation-retraction-sweep.json — its retraction status is UNKNOWN, which is not the same as clean.
2026-10-02T11:38:20.8339355Z lint_citation_types: NOT SWEPT (advisory) PMID 20287819 in research/manuscripts/fusion-output/nr4a3-fusion-transcriptional-output-review-response-2026-08-10.md has no row in research/manuscripts/citation-retraction-sweep.json — its retraction status is UNKNOWN, which is not the same as clean.
2026-10-02T11:38:20.8341581Z lint_citation_types: NOT SWEPT (advisory) PMID 20610611 in research/manuscripts/fusion-output/nr4a3-fusion-transcriptional-output-review-response-2026-08-10.md has no row in research/manuscripts/citation-retraction-sweep.json — its retraction status is UNKNOWN, which is not the same as clean.
2026-10-02T11:38:20.8343858Z lint_citation_types: NOT SWEPT (advisory) PMID 20818875 in research/manuscripts/emc-mortality-mechanisms-paper.md, research/manuscripts/emc-mortality-mechanisms.md, systems/views/L5-evidence-base.md has no row in research/manuscripts/citation-retraction-sweep.json — its retraction status is UNKNOWN, which is not the same as clean.
2026-10-02T11:38:20.8346133Z lint_citation_types: NOT SWEPT (advisory) PMID 21044043 in research/manuscripts/fusion-output/nr4a3-fusion-transcriptional-output-review-response-2026-08-10.md has no row in research/manuscripts/citation-retraction-sweep.json — its retraction status is UNKNOWN, which is not the same as clean.
2026-10-02T11:38:20.8348084Z lint_citation_types: NOT SWEPT (advisory) PMID 21085121 in research/autonomy/cysteine-source-qualification-20260919/NOTE.md has no row in research/manuscripts/citation-retraction-sweep.json — its retraction status is UNKNOWN, which is not the same as clean.
2026-10-02T11:38:20.8350026Z lint_citation_types: NOT SWEPT (advisory) PMID 22638577 in research/manuscripts/fusion-output/nr4a3-fusion-transcriptional-output-review-response-2026-08-10.md has no row in research/manuscripts/citation-retraction-sweep.json — its retraction status is UNKNOWN, which is not the same as clean.
2026-10-02T11:38:20.8352144Z lint_citation_types: NOT SWEPT (advisory) PMID 23115670 in systems/views/L2-rt-treatment-harm.md has no row in research/manuscripts/citation-retraction-sweep.json — its retraction status is UNKNOWN, which is not the same as clean.
2026-10-02T11:38:20.8354256Z lint_citation_types: NOT SWEPT (advisory) PMID 23323831 in research/manuscripts/fusion-output/nr4a3-fusion-transcriptional-output-review-response-2026-08-10.md has no row in research/manuscripts/citation-retraction-sweep.json — its retraction status is UNKNOWN, which is not the same as clean.
2026-10-02T11:38:20.8357488Z lint_citation_types: NOT SWEPT (advisory) PMID 26434451 in research/literature/emc-census-2026-09-12/REPORT.md has no row in research/manuscripts/citation-retraction-sweep.json — its retraction status is UNKNOWN, which is not the same as clean.
2026-10-02T11:38:20.8359969Z lint_citation_types: NOT SWEPT (advisory) PMID 26869290 in research/literature/emc-census-2026-09-12/REPORT.md has no row in research/manuscripts/citation-retraction-sweep.json — its retraction status is UNKNOWN, which is not the same as clean.
2026-10-02T11:38:20.8362127Z lint_citation_types: NOT SWEPT (advisory) PMID 27124452 in research/manuscripts/fusion-output/nr4a3-fusion-transcriptional-output-review-response-2026-08-10.md has no row in research/manuscripts/citation-retraction-sweep.json — its retraction status is UNKNOWN, which is not the same as clean.
2026-10-02T11:38:20.8364243Z lint_citation_types: NOT SWEPT (advisory) PMID 30400809 in research/manuscripts/fusion-output/nr4a3-fusion-transcriptional-output-review-response-2026-08-10.md has no row in research/manuscripts/citation-retraction-sweep.json — its retraction status is UNKNOWN, which is not the same as clean.
2026-10-02T11:38:20.8366042Z lint_citation_types: NOT SWEPT (advisory) PMID 30511879 in systems/views/L5-evidence-base.md has no row in research/manuscripts/citation-retraction-sweep.json — its retraction status is UNKNOWN, which is not the same as clean.
2026-10-02T11:38:20.8367590Z lint_citation_types: NOT SWEPT (advisory) PMID 30786186 in systems/views/L5-evidence-base.md has no row in research/manuscripts/citation-retraction-sweep.json — its retraction status is UNKNOWN, which is not the same as clean.
2026-10-02T11:38:20.8369122Z lint_citation_types: NOT SWEPT (advisory) PMID 31417269 in systems/views/L5-evidence-base.md has no row in research/manuscripts/citation-retraction-sweep.json — its retraction status is UNKNOWN, which is not the same as clean.
2026-10-02T11:38:20.8370960Z lint_citation_types: NOT SWEPT (advisory) PMID 32026945 in research/manuscripts/fusion-output/nr4a3-fusion-transcriptional-output-review-response-2026-08-10.md has no row in research/manuscripts/citation-retraction-sweep.json — its retraction status is UNKNOWN, which is not the same as clean.
2026-10-02T11:38:20.8373361Z lint_citation_types: NOT SWEPT (advisory) PMID 32953543 in research/manuscripts/emc-mortality-mechanisms-paper.md, research/manuscripts/emc-mortality-mechanisms.md, systems/views/L5-evidence-base.md has no row in research/manuscripts/citation-retraction-sweep.json — its retraction status is UNKNOWN, which is not the same as clean.
2026-10-02T11:38:20.8375514Z lint_citation_types: NOT SWEPT (advisory) PMID 37119813 in research/autonomy/cysteine-source-qualification-20260919/NOTE.md has no row in research/manuscripts/citation-retraction-sweep.json — its retraction status is UNKNOWN, which is not the same as clean.
2026-10-02T11:38:20.8377381Z lint_citation_types: NOT SWEPT (advisory) PMID 37477762 in research/release-candidates/PUB-SURFACE-TARGETS/2026-09-06/ultra-review/report.md has no row in research/manuscripts/citation-retraction-sweep.json — its retraction status is UNKNOWN, which is not the same as clean.
2026-10-02T11:38:20.8379508Z lint_citation_types: NOT SWEPT (advisory) PMID 37781179 in research/manuscripts/emc-mortality-mechanisms-paper.md, research/manuscripts/emc-mortality-mechanisms.md, systems/views/L5-evidence-base.md has no row in research/manuscripts/citation-retraction-sweep.json — its retraction status is UNKNOWN, which is not the same as clean.
2026-10-02T11:38:20.8382410Z lint_citation_types: NOT SWEPT (advisory) PMID 38447752 in research/autonomy/atlas-sample-organ-2026-09-06/report.md, research/autonomy/portfolio-2026-09-05/recommendation.md, research/release-candidates/PUB-SURFACE-TARGETS/2026-09-06/ultra-review/report.md has no row in research/manuscripts/citation-retraction-sweep.json — its retraction status is UNKNOWN, which is not the same as clean.
2026-10-02T11:38:20.8385076Z lint_citation_types: NOT SWEPT (advisory) PMID 38558247 in research/manuscripts/emc-mortality-mechanisms-paper.md, research/manuscripts/emc-mortality-mechanisms.md, systems/views/L5-evidence-base.md has no row in research/manuscripts/citation-retraction-sweep.json — its retraction status is UNKNOWN, which is not the same as clean.
2026-10-02T11:38:20.8387018Z lint_citation_types: NOT SWEPT (advisory) PMID 41799218 in systems/views/L2-rt-vte-prophylaxis.md has no row in research/manuscripts/citation-retraction-sweep.json — its retraction status is UNKNOWN, which is not the same as clean.
2026-10-02T11:38:20.8388695Z lint_citation_types: retraction sweep (2026-09-01) — 1206 prose identifier(s): 842 checked against PubMed, 6 retracted, 238 outside PubMed's reach (arXiv/NCT/GEO/preprint, meeting-abstract, dataset and PDB DOIs — UNKNOWN, not clean), 126 NOT SWEPT.
2026-10-02T11:38:20.8389589Z    OK
2026-10-02T11:38:20.8389895Z == manuscript prose style (journal register, not repository register) ==
2026-10-02T11:38:21.2171532Z    OK
2026-10-02T11:38:21.2172200Z == readability screen (ADVISORY: where to look, not whether the prose is good) ==
2026-10-02T11:38:21.5444844Z    document                                             sent  mean  p90  max  >60w  FKGL  caution/1kw
2026-10-02T11:38:21.5445716Z    response-endpoint-indolent-tumours.md                 320  18.8   35   53     0  11.4         12.3
2026-10-02T11:38:21.5446313Z    emc-mtap-prmt5-hypothesis.md                          273  21.7   38   58     0  12.5         12.7
2026-10-02T11:38:21.5446852Z    emc-mtap-prmt5-hypothesis-SI.md                        88  22.8   38  134     1  11.9         10.0
2026-10-02T11:38:21.5447403Z    emc-atr-collaborator-package.md                       356  20.6   41   57     0  11.8         11.2
2026-10-02T11:38:21.5447911Z    repurposing-hypotheses.md                             265  20.7   37   64     1  14.7          8.2
2026-10-02T11:38:21.5448431Z    emc-surface-target-landscape.md                       304  20.9   38   59     0  13.3          8.2
2026-10-02T11:38:21.5448952Z    emc-surface-target-landscape-si.md                    160  18.3   35   49     0  12.2         12.3
2026-10-02T11:38:21.5449533Z    fusion-junction-aso-supplementary-information.md       98  22.6   45  103     3  12.0          7.7
2026-10-02T11:38:21.5450127Z    fusion-junction-aso-journal-article.md                181  24.4   44   54     0  13.1          9.7
2026-10-02T11:38:21.5450676Z    fusion-junction-aso-journal-tables.md                  13  22.6   38   47     0  12.7         10.2
2026-10-02T11:38:21.5451650Z    fusion-junction-aso-journal-references.md              79  14.9   25   54     0  10.9          0.9
2026-10-02T11:38:21.5452522Z    emc-vaccine-development-path.md                       742  23.8   43   87     3  12.9         11.6
2026-10-02T11:38:21.5453342Z    emc-trial-reachability.md                             116  22.2   40   51     0  12.2         12.8
2026-10-02T11:38:21.5453938Z    
2026-10-02T11:38:21.5455424Z    ⚠ This is a SCREEN. It says where to look. Whether the prose is good is decided by reading it — see the `scientific-writing` skill.
2026-10-02T11:38:21.5456365Z == parser guard (every registered parser can still find its input) ==
2026-10-02T11:38:21.5805732Z    OK
2026-10-02T11:38:21.5806196Z == validate (EMC clinical registry evidence contract) ==
2026-10-02T11:38:21.7026533Z    OK
2026-10-02T11:38:21.7026944Z == generated deposit artifacts reproduce from their generators ==
2026-10-02T11:38:48.2867931Z    OK   submission tables
2026-10-02T11:38:48.2927002Z    OK   claim coverage census
2026-10-02T11:38:48.2987043Z    OK   submission references
2026-10-02T11:38:48.3046354Z    OK   submission metrics
2026-10-02T11:38:48.3106404Z    OK   canonical sequence file
2026-10-02T11:38:48.3164853Z    OK   journal article tables
2026-10-02T11:38:48.3222567Z    OK   offtarget duplex energy
2026-10-02T11:38:48.3281577Z    OK   submission packet
2026-10-02T11:38:48.3340645Z    OK   vaccine-path manuscript tables
2026-10-02T11:38:48.3399463Z    OK   archive manifest
2026-10-02T11:38:48.3458154Z    OK   declared deposit drift
2026-10-02T11:38:48.3517893Z    OK   condensate CALVADOS findings
2026-10-02T11:38:48.3577071Z    OK   ATR HRD sarcoma series
2026-10-02T11:38:48.3636067Z    OK   single-slot artifact identity
2026-10-02T11:38:48.3695484Z    OK   instrument census
2026-10-02T11:38:48.3755298Z    OK   reopening-trigger registry join
2026-10-02T11:38:48.3814293Z    OK   literature citation debt
2026-10-02T11:38:48.3873706Z    OK   news-match queue
2026-10-02T11:38:48.3898303Z == cycle receipts record the fan-out width the cap is checked against ==
2026-10-02T11:38:48.4314698Z       pre-schema (< CYC-0023), width not readable by the cap check, grandfathered: CYC-0000-BOOTSTRAP ((no width recorded)), CYC-0001 ((no width recorded)), CYC-0002 ((no width recorded)), CYC-0003 ((no width recorded)), CYC-0005 ((no width recorded)), CYC-0007 ((no width recorded)), CYC-0009 ((no width recorded)), CYC-0011 (concurrent_max/dispatched), CYC-0012 (concurrent_max/dispatched), CYC-0013 (concurrent_max/dispatched), CYC-0014 (concurrent_max/dispatched), CYC-0015 ((no width recorded)), CYC-0016 (concurrent_max/dispatched), CYC-0018 (dispatched), CYC-0019 (concurrent_max/dispatched), CYC-0020 (launched), CYC-0021 (launched), CYC-0022 (launched)
2026-10-02T11:38:48.4317111Z       107 governed receipt(s), 0 failure(s), 0 unreadable
2026-10-02T11:38:48.4317451Z    OK
2026-10-02T11:38:48.4323352Z == pytest (pure-logic suites) == SKIPPED -- PREFLIGHT_TESTS=1 runs them; tests.yml runs all
2026-10-02T11:38:48.4324106Z    four directories in full on every push and is the authority (trimcrae, 2026-09-02).
2026-10-02T11:38:48.4325071Z == unverified-output residue in the documents that go out (model meta-comments, placeholders) ==
2026-10-02T11:38:49.4335976Z    lint_submission_residue: 38 outgoing document(s), 5 finding(s), 5 baselined, 0 new, 0 stale baseline row(s)
2026-10-02T11:38:49.4337884Z    lint_submission_residue: hallucinated references are gate 6's trigger and remain PARTIAL — 5 named gaps in UNCOVERED_BY_LINT_CITATIONS.
2026-10-02T11:38:49.4338858Z    OK
2026-10-02T11:38:49.4339372Z == the cycle contract names every receipt field the receipt-schema gate requires ==
2026-10-02T11:38:49.4798725Z       required by the gate, and named by the contract: `route_advanced`, `subagents`, `subagents.max_concurrent`, `ccr_session_id`, `ended_utc`
2026-10-02T11:38:49.4799917Z       5 required field path(s), 6 key constant(s), 7743 chars of contract read, 0 disagreement(s)
2026-10-02T11:38:49.4800609Z    OK
2026-10-02T11:38:49.4801215Z == what each test tier costs, against the budget somebody set for it ==
2026-10-02T11:38:51.4328611Z    ok    commit-loop             1500/1500  test function(s) in 109 file(s)
2026-10-02T11:38:51.4329382Z    ok    modalities              7259/7500  test function(s) in 436 file(s)
2026-10-02T11:38:51.4330015Z    ok    paper-guards             988/1000  test function(s) in 114 file(s)
2026-10-02T11:38:51.4387469Z == every route's derived ledger id is frozen, not counted ==
2026-10-02T11:38:51.5053605Z    83 route→id bindings, frozen and agreeing with the ledger
2026-10-02T11:38:51.5054316Z    OK
2026-10-02T11:38:51.5326357Z PINNED_SHA=a8dc6075be2dc782954d10982b43cea554a4c3a0
2026-10-02T11:38:51.5328580Z 
2026-10-02T11:38:51.5328942Z PREFLIGHT OK (fast gates only (doc + artifact linters))
2026-10-02T11:38:51.5329983Z              ⛔ NO TEST SUITE THIS RUN DID NOT NAME ABOVE HAS PASSED. tests.yml runs all
2026-10-02T11:38:51.5330965Z              four directories in full on every push, with the real dependencies, and is
2026-10-02T11:38:51.5332041Z              the authority for anything not listed.
2026-10-02T11:38:51.5332874Z              PREFLIGHT_TESTS=1 adds the manuscripts suite and the pure-logic ones,
2026-10-02T11:38:51.5333334Z              PREFLIGHT_MODALITIES=1 the modalities suite,
2026-10-02T11:38:51.5333876Z              PREFLIGHT_FULL=1 everything — the only tier publish_bar clause 2 accepts.
2026-10-02T11:38:51.6523406Z ##[group]Run git status --short
2026-10-02T11:38:51.6523736Z [36;1mgit status --short[0m
2026-10-02T11:38:51.6523984Z [36;1mgit diff --exit-code[0m
2026-10-02T11:38:51.6590701Z shell: /usr/bin/bash -e {0}
2026-10-02T11:38:51.6590958Z env:
2026-10-02T11:38:51.6591371Z   pythonLocation: /opt/hostedtoolcache/Python/3.11.16/x64
2026-10-02T11:38:51.6591827Z   PKG_CONFIG_PATH: /opt/hostedtoolcache/Python/3.11.16/x64/lib/pkgconfig
2026-10-02T11:38:51.6592249Z   Python_ROOT_DIR: /opt/hostedtoolcache/Python/3.11.16/x64
2026-10-02T11:38:51.6592621Z   Python2_ROOT_DIR: /opt/hostedtoolcache/Python/3.11.16/x64
2026-10-02T11:38:51.6592995Z   Python3_ROOT_DIR: /opt/hostedtoolcache/Python/3.11.16/x64
2026-10-02T11:38:51.6593370Z   LD_LIBRARY_PATH: /opt/hostedtoolcache/Python/3.11.16/x64/lib
2026-10-02T11:38:51.6593690Z ##[endgroup]
2026-10-02T11:38:51.7145680Z Post job cleanup.
2026-10-02T11:38:51.8376054Z (node:5440) [DEP0040] DeprecationWarning: The `punycode` module is deprecated. Please use a userland alternative instead.
2026-10-02T11:38:51.8376851Z (Use `node --trace-deprecation ...` to show where the warning was created)
2026-10-02T11:38:51.8559925Z Post job cleanup.
2026-10-02T11:38:51.9453772Z [command]/usr/bin/git version
2026-10-02T11:38:51.9486873Z git version 2.55.0
2026-10-02T11:38:51.9525129Z Temporarily overriding HOME='/home/runner/work/_temp/4753c947-6485-419f-af7e-0d7aada1201f' before making global git config changes
2026-10-02T11:38:51.9526507Z Adding repository directory to the temporary git global config as a safe directory
2026-10-02T11:38:51.9530243Z [command]/usr/bin/git config --global --add safe.directory /home/runner/work/Rare-cancers/Rare-cancers
2026-10-02T11:38:51.9569580Z [command]/usr/bin/git config --local --name-only --get-regexp core\.sshCommand
2026-10-02T11:38:51.9605539Z [command]/usr/bin/git submodule foreach --recursive sh -c "git config --local --name-only --get-regexp 'core\.sshCommand' && git config --local --unset-all 'core.sshCommand' || :"
2026-10-02T11:38:51.9886801Z [command]/usr/bin/git config --local --name-only --get-regexp http\.https\:\/\/github\.com\/\.extraheader
2026-10-02T11:38:51.9924059Z [command]/usr/bin/git submodule foreach --recursive sh -c "git config --local --name-only --get-regexp 'http\.https\:\/\/github\.com\/\.extraheader' && git config --local --unset-all 'http.https://github.com/.extraheader' || :"
2026-10-02T11:38:52.0211713Z [command]/usr/bin/git config --local --name-only --get-regexp ^includeIf\.gitdir:
2026-10-02T11:38:52.0249505Z [command]/usr/bin/git submodule foreach --recursive git config --local --show-origin --name-only --get-regexp remote.origin.url
2026-10-02T11:38:52.0682229Z Cleaning up orphan processes
2026-10-02T11:38:52.0999103Z ##[warning]Node.js 20 is deprecated. The following actions target Node.js 20 but are being forced to run on Node.js 24: actions/checkout@v4, actions/setup-python@v5. For more information see: https://github.blog/changelog/2025-09-19-deprecation-of-node-20-on-github-actions-runners/
