2026-10-02T11:21:25.4446135Z Current runner version: '2.337.0'
2026-10-02T11:21:25.4469970Z ##[group]Runner Image Provisioner
2026-10-02T11:21:25.4470962Z Hosted Compute Agent
2026-10-02T11:21:25.4471549Z Version: 20260901.588
2026-10-02T11:21:25.4472227Z Commit: f88ec8081b781fac6c440065ac7ff9e710ce3d0b
2026-10-02T11:21:25.4472972Z Build Date: 2026-09-01T19:56:44Z
2026-10-02T11:21:25.4473972Z Worker ID: {b769e5be-c33c-4266-92cf-f81bd0563bac}
2026-10-02T11:21:25.4474750Z Azure Region: westus
2026-10-02T11:21:25.4475352Z ##[endgroup]
2026-10-02T11:21:25.4477032Z ##[group]Operating System
2026-10-02T11:21:25.4477688Z Ubuntu
2026-10-02T11:21:25.4478240Z 24.04.5
2026-10-02T11:21:25.4478860Z LTS
2026-10-02T11:21:25.4479374Z ##[endgroup]
2026-10-02T11:21:25.4480231Z ##[group]Runner Image
2026-10-02T11:21:25.4480932Z Image: ubuntu-24.04
2026-10-02T11:21:25.4481529Z Version: 20260927.320.1
2026-10-02T11:21:25.4482812Z Included Software: https://github.com/actions/runner-images/blob/ubuntu24/20260927.320/images/ubuntu/Ubuntu2404-Readme.md
2026-10-02T11:21:25.4484583Z Image Release: https://github.com/actions/runner-images/releases/tag/ubuntu24%2F20260927.320
2026-10-02T11:21:25.4485632Z ##[endgroup]
2026-10-02T11:21:25.4486749Z ##[group]GITHUB_TOKEN Permissions
2026-10-02T11:21:25.4488932Z Contents: read
2026-10-02T11:21:25.4489572Z Metadata: read
2026-10-02T11:21:25.4490198Z ##[endgroup]
2026-10-02T11:21:25.4492228Z Secret source: Actions
2026-10-02T11:21:25.4493474Z Cache mode: write
2026-10-02T11:21:25.4494205Z Prepare workflow directory
2026-10-02T11:21:25.4825855Z Prepare all required actions
2026-10-02T11:21:25.4872686Z Getting action download info
2026-10-02T11:21:25.8668746Z Download action repository 'actions/checkout@v4' (SHA:11d5960a326750d5838078e36cf38b85af677262)
2026-10-02T11:21:25.9875452Z Download action repository 'actions/setup-python@v5' (SHA:a26af69be951a213d495a4c3e4e4022e16d87065)
2026-10-02T11:21:26.1648597Z Complete job name: offline
2026-10-02T11:21:26.2419643Z ##[group]Run actions/checkout@v4
2026-10-02T11:21:26.2420853Z with:
2026-10-02T11:21:26.2421307Z   fetch-depth: 8
2026-10-02T11:21:26.2421762Z   persist-credentials: false
2026-10-02T11:21:26.2422284Z   repository: trimcrae/Rare-cancers
2026-10-02T11:21:26.2426321Z   token: ***
2026-10-02T11:21:26.2426750Z   ssh-strict: true
2026-10-02T11:21:26.2427176Z   ssh-user: git
2026-10-02T11:21:26.2427588Z   clean: true
2026-10-02T11:21:26.2428023Z   sparse-checkout-cone-mode: true
2026-10-02T11:21:26.2428533Z   fetch-tags: false
2026-10-02T11:21:26.2428967Z   show-progress: true
2026-10-02T11:21:26.2429400Z   lfs: false
2026-10-02T11:21:26.2429810Z   submodules: false
2026-10-02T11:21:26.2430251Z   set-safe-directory: true
2026-10-02T11:21:26.2430739Z   allow-unsafe-pr-checkout: false
2026-10-02T11:21:26.2431614Z ##[endgroup]
2026-10-02T11:21:26.3454365Z Syncing repository: trimcrae/Rare-cancers
2026-10-02T11:21:26.3456167Z ##[group]Getting Git version info
2026-10-02T11:21:26.3457007Z Working directory is '/home/runner/work/Rare-cancers/Rare-cancers'
2026-10-02T11:21:26.3458082Z [command]/usr/bin/git version
2026-10-02T11:21:26.3541662Z git version 2.55.0
2026-10-02T11:21:26.3569831Z ##[endgroup]
2026-10-02T11:21:26.3587675Z Temporarily overriding HOME='/home/runner/work/_temp/8d6a7e22-5d6f-4d7f-bbfd-b200a31cb63d' before making global git config changes
2026-10-02T11:21:26.3589452Z Adding repository directory to the temporary git global config as a safe directory
2026-10-02T11:21:26.3593901Z [command]/usr/bin/git config --global --add safe.directory /home/runner/work/Rare-cancers/Rare-cancers
2026-10-02T11:21:26.3652136Z Deleting the contents of '/home/runner/work/Rare-cancers/Rare-cancers'
2026-10-02T11:21:26.3657345Z ##[group]Initializing the repository
2026-10-02T11:21:26.3661759Z [command]/usr/bin/git init /home/runner/work/Rare-cancers/Rare-cancers
2026-10-02T11:21:26.3796590Z hint: Using 'master' as the name for the initial branch. This default branch name
2026-10-02T11:21:26.3798621Z hint: will change to "main" in Git 3.0. To configure the initial branch name
2026-10-02T11:21:26.3800595Z hint: to use in all of your new repositories, which will suppress this warning,
2026-10-02T11:21:26.3801944Z hint: call:
2026-10-02T11:21:26.3802648Z hint:
2026-10-02T11:21:26.3805347Z hint: 	git config --global init.defaultBranch <name>
2026-10-02T11:21:26.3806403Z hint:
2026-10-02T11:21:26.3807308Z hint: Names commonly chosen instead of 'master' are 'main', 'trunk' and
2026-10-02T11:21:26.3808578Z hint: 'development'. The just-created branch can be renamed via this command:
2026-10-02T11:21:26.3809315Z hint:
2026-10-02T11:21:26.3809722Z hint: 	git branch -m <name>
2026-10-02T11:21:26.3810195Z hint:
2026-10-02T11:21:26.3810824Z hint: Disable this message with "git config set advice.defaultBranchName false"
2026-10-02T11:21:26.3812088Z Initialized empty Git repository in /home/runner/work/Rare-cancers/Rare-cancers/.git/
2026-10-02T11:21:26.3814670Z [command]/usr/bin/git remote add origin https://github.com/trimcrae/Rare-cancers
2026-10-02T11:21:26.3868836Z ##[endgroup]
2026-10-02T11:21:26.3869628Z ##[group]Disabling automatic garbage collection
2026-10-02T11:21:26.3873455Z [command]/usr/bin/git config --local gc.auto 0
2026-10-02T11:21:26.3905137Z ##[endgroup]
2026-10-02T11:21:26.3905866Z ##[group]Setting up auth
2026-10-02T11:21:26.3912859Z [command]/usr/bin/git config --local --name-only --get-regexp core\.sshCommand
2026-10-02T11:21:26.3946584Z [command]/usr/bin/git submodule foreach --recursive sh -c "git config --local --name-only --get-regexp 'core\.sshCommand' && git config --local --unset-all 'core.sshCommand' || :"
2026-10-02T11:21:26.4377412Z [command]/usr/bin/git config --local --name-only --get-regexp http\.https\:\/\/github\.com\/\.extraheader
2026-10-02T11:21:26.4417963Z [command]/usr/bin/git submodule foreach --recursive sh -c "git config --local --name-only --get-regexp 'http\.https\:\/\/github\.com\/\.extraheader' && git config --local --unset-all 'http.https://github.com/.extraheader' || :"
2026-10-02T11:21:26.4641933Z [command]/usr/bin/git config --local --name-only --get-regexp ^includeIf\.gitdir:
2026-10-02T11:21:26.4679032Z [command]/usr/bin/git submodule foreach --recursive git config --local --show-origin --name-only --get-regexp remote.origin.url
2026-10-02T11:21:26.4901903Z [command]/usr/bin/git config --local http.https://github.com/.extraheader AUTHORIZATION: basic ***
2026-10-02T11:21:26.4941838Z ##[endgroup]
2026-10-02T11:21:26.4943501Z ##[group]Fetching the repository
2026-10-02T11:21:26.4953990Z [command]/usr/bin/git -c protocol.version=2 fetch --no-tags --prune --no-recurse-submodules --depth=8 origin +f957a685941d23c28b07fa974502c2fc9c939f6e:refs/remotes/origin/codex/usage-sprint-2026-10-01-ci-terminal-verdict
2026-10-02T11:21:36.0559898Z From https://github.com/trimcrae/Rare-cancers
2026-10-02T11:21:36.0562872Z  * [new ref]         f957a685941d23c28b07fa974502c2fc9c939f6e -> origin/codex/usage-sprint-2026-10-01-ci-terminal-verdict
2026-10-02T11:21:36.0569018Z ##[endgroup]
2026-10-02T11:21:36.0571056Z ##[group]Determining the checkout info
2026-10-02T11:21:36.0573590Z ##[endgroup]
2026-10-02T11:21:36.0577355Z [command]/usr/bin/git sparse-checkout disable
2026-10-02T11:21:36.0636495Z [command]/usr/bin/git config --local --unset-all extensions.worktreeConfig
2026-10-02T11:21:36.0671008Z ##[group]Checking out the ref
2026-10-02T11:21:36.0676679Z [command]/usr/bin/git checkout --progress --force -B codex/usage-sprint-2026-10-01-ci-terminal-verdict refs/remotes/origin/codex/usage-sprint-2026-10-01-ci-terminal-verdict
2026-10-02T11:21:37.1465260Z Updating files:  35% (2975/8421)
2026-10-02T11:21:37.1926662Z Updating files:  36% (3032/8421)
2026-10-02T11:21:37.2032994Z Updating files:  37% (3116/8421)
2026-10-02T11:21:37.2129761Z Updating files:  38% (3200/8421)
2026-10-02T11:21:37.2254171Z Updating files:  39% (3285/8421)
2026-10-02T11:21:37.2331457Z Updating files:  40% (3369/8421)
2026-10-02T11:21:37.2421882Z Updating files:  41% (3453/8421)
2026-10-02T11:21:37.2539782Z Updating files:  42% (3537/8421)
2026-10-02T11:21:37.2642716Z Updating files:  43% (3622/8421)
2026-10-02T11:21:37.2714924Z Updating files:  44% (3706/8421)
2026-10-02T11:21:37.2794643Z Updating files:  45% (3790/8421)
2026-10-02T11:21:37.2871138Z Updating files:  46% (3874/8421)
2026-10-02T11:21:37.2941955Z Updating files:  47% (3958/8421)
2026-10-02T11:21:37.3039147Z Updating files:  48% (4043/8421)
2026-10-02T11:21:37.3184992Z Updating files:  49% (4127/8421)
2026-10-02T11:21:37.3312891Z Updating files:  50% (4211/8421)
2026-10-02T11:21:37.3446164Z Updating files:  51% (4295/8421)
2026-10-02T11:21:37.3487153Z Updating files:  52% (4379/8421)
2026-10-02T11:21:37.4166217Z Updating files:  53% (4464/8421)
2026-10-02T11:21:37.5136128Z Updating files:  54% (4548/8421)
2026-10-02T11:21:37.5850688Z Updating files:  55% (4632/8421)
2026-10-02T11:21:37.6469338Z Updating files:  56% (4716/8421)
2026-10-02T11:21:37.6603939Z Updating files:  57% (4800/8421)
2026-10-02T11:21:37.7173900Z Updating files:  58% (4885/8421)
2026-10-02T11:21:37.7995780Z Updating files:  59% (4969/8421)
2026-10-02T11:21:37.8618666Z Updating files:  60% (5053/8421)
2026-10-02T11:21:37.8654053Z Updating files:  61% (5137/8421)
2026-10-02T11:21:37.8708684Z Updating files:  62% (5222/8421)
2026-10-02T11:21:37.8737493Z Updating files:  63% (5306/8421)
2026-10-02T11:21:37.8778789Z Updating files:  64% (5390/8421)
2026-10-02T11:21:37.8813027Z Updating files:  65% (5474/8421)
2026-10-02T11:21:37.8862797Z Updating files:  66% (5558/8421)
2026-10-02T11:21:37.8901998Z Updating files:  67% (5643/8421)
2026-10-02T11:21:37.8957247Z Updating files:  68% (5727/8421)
2026-10-02T11:21:37.8993592Z Updating files:  69% (5811/8421)
2026-10-02T11:21:37.9033057Z Updating files:  70% (5895/8421)
2026-10-02T11:21:37.9068287Z Updating files:  71% (5979/8421)
2026-10-02T11:21:37.9102270Z Updating files:  72% (6064/8421)
2026-10-02T11:21:37.9137326Z Updating files:  73% (6148/8421)
2026-10-02T11:21:37.9172129Z Updating files:  74% (6232/8421)
2026-10-02T11:21:37.9206488Z Updating files:  75% (6316/8421)
2026-10-02T11:21:37.9241380Z Updating files:  76% (6400/8421)
2026-10-02T11:21:37.9275411Z Updating files:  77% (6485/8421)
2026-10-02T11:21:37.9308404Z Updating files:  78% (6569/8421)
2026-10-02T11:21:37.9342416Z Updating files:  79% (6653/8421)
2026-10-02T11:21:37.9376859Z Updating files:  80% (6737/8421)
2026-10-02T11:21:37.9410236Z Updating files:  81% (6822/8421)
2026-10-02T11:21:37.9443695Z Updating files:  82% (6906/8421)
2026-10-02T11:21:37.9477931Z Updating files:  83% (6990/8421)
2026-10-02T11:21:37.9511219Z Updating files:  84% (7074/8421)
2026-10-02T11:21:37.9546371Z Updating files:  85% (7158/8421)
2026-10-02T11:21:37.9580522Z Updating files:  86% (7243/8421)
2026-10-02T11:21:37.9615402Z Updating files:  87% (7327/8421)
2026-10-02T11:21:37.9649512Z Updating files:  88% (7411/8421)
2026-10-02T11:21:37.9683963Z Updating files:  89% (7495/8421)
2026-10-02T11:21:37.9719763Z Updating files:  90% (7579/8421)
2026-10-02T11:21:37.9753028Z Updating files:  91% (7664/8421)
2026-10-02T11:21:37.9787398Z Updating files:  92% (7748/8421)
2026-10-02T11:21:37.9820637Z Updating files:  93% (7832/8421)
2026-10-02T11:21:37.9855196Z Updating files:  94% (7916/8421)
2026-10-02T11:21:37.9889863Z Updating files:  95% (8000/8421)
2026-10-02T11:21:37.9939899Z Updating files:  96% (8085/8421)
2026-10-02T11:21:38.0098268Z Updating files:  97% (8169/8421)
2026-10-02T11:21:38.0257282Z Updating files:  98% (8253/8421)
2026-10-02T11:21:38.0353191Z Updating files:  99% (8337/8421)
2026-10-02T11:21:38.0354032Z Updating files: 100% (8421/8421)
2026-10-02T11:21:38.0354622Z Updating files: 100% (8421/8421), done.
2026-10-02T11:21:38.1794576Z Switched to a new branch 'codex/usage-sprint-2026-10-01-ci-terminal-verdict'
2026-10-02T11:21:38.1801185Z branch 'codex/usage-sprint-2026-10-01-ci-terminal-verdict' set up to track 'origin/codex/usage-sprint-2026-10-01-ci-terminal-verdict'.
2026-10-02T11:21:38.1870261Z ##[endgroup]
2026-10-02T11:21:38.1919962Z [command]/usr/bin/git log -1 --format=%H
2026-10-02T11:21:38.1956534Z f957a685941d23c28b07fa974502c2fc9c939f6e
2026-10-02T11:21:38.1969408Z ##[group]Removing auth
2026-10-02T11:21:38.1975866Z [command]/usr/bin/git config --local --name-only --get-regexp core\.sshCommand
2026-10-02T11:21:38.2011627Z [command]/usr/bin/git submodule foreach --recursive sh -c "git config --local --name-only --get-regexp 'core\.sshCommand' && git config --local --unset-all 'core.sshCommand' || :"
2026-10-02T11:21:38.2247461Z [command]/usr/bin/git config --local --name-only --get-regexp http\.https\:\/\/github\.com\/\.extraheader
2026-10-02T11:21:38.2276399Z http.https://github.com/.extraheader
2026-10-02T11:21:38.2283731Z [command]/usr/bin/git config --local --unset-all http.https://github.com/.extraheader
2026-10-02T11:21:38.2318140Z [command]/usr/bin/git submodule foreach --recursive sh -c "git config --local --name-only --get-regexp 'http\.https\:\/\/github\.com\/\.extraheader' && git config --local --unset-all 'http.https://github.com/.extraheader' || :"
2026-10-02T11:21:38.2547134Z [command]/usr/bin/git config --local --name-only --get-regexp ^includeIf\.gitdir:
2026-10-02T11:21:38.2581106Z [command]/usr/bin/git submodule foreach --recursive git config --local --show-origin --name-only --get-regexp remote.origin.url
2026-10-02T11:21:38.2806652Z ##[endgroup]
2026-10-02T11:21:38.3113881Z ##[group]Run actions/setup-python@v5
2026-10-02T11:21:38.3114204Z with:
2026-10-02T11:21:38.3114414Z   python-version: 3.11
2026-10-02T11:21:38.3114660Z   check-latest: false
2026-10-02T11:21:38.3117239Z   token: ***
2026-10-02T11:21:38.3117465Z   update-environment: true
2026-10-02T11:21:38.3117722Z   allow-prereleases: false
2026-10-02T11:21:38.3117965Z   freethreaded: false
2026-10-02T11:21:38.3118187Z ##[endgroup]
2026-10-02T11:21:38.4403812Z ##[group]Installed versions
2026-10-02T11:21:38.4540701Z (node:2362) [DEP0040] DeprecationWarning: The `punycode` module is deprecated. Please use a userland alternative instead.
2026-10-02T11:21:38.4542033Z (Use `node --trace-deprecation ...` to show where the warning was created)
2026-10-02T11:21:38.4542826Z Successfully set up CPython (3.11.16)
2026-10-02T11:21:38.4543968Z ##[endgroup]
2026-10-02T11:21:38.4725510Z ##[group]Run git rev-parse HEAD
2026-10-02T11:21:38.4726036Z [36;1mgit rev-parse HEAD[0m
2026-10-02T11:21:38.4726467Z [36;1mpython3 --version[0m
2026-10-02T11:21:38.5199566Z shell: /usr/bin/bash -e {0}
2026-10-02T11:21:38.5199926Z env:
2026-10-02T11:21:38.5200288Z   pythonLocation: /opt/hostedtoolcache/Python/3.11.16/x64
2026-10-02T11:21:38.5200889Z   PKG_CONFIG_PATH: /opt/hostedtoolcache/Python/3.11.16/x64/lib/pkgconfig
2026-10-02T11:21:38.5201472Z   Python_ROOT_DIR: /opt/hostedtoolcache/Python/3.11.16/x64
2026-10-02T11:21:38.5201986Z   Python2_ROOT_DIR: /opt/hostedtoolcache/Python/3.11.16/x64
2026-10-02T11:21:38.5202508Z   Python3_ROOT_DIR: /opt/hostedtoolcache/Python/3.11.16/x64
2026-10-02T11:21:38.5203026Z   LD_LIBRARY_PATH: /opt/hostedtoolcache/Python/3.11.16/x64/lib
2026-10-02T11:21:38.5203623Z ##[endgroup]
2026-10-02T11:21:38.5329990Z f957a685941d23c28b07fa974502c2fc9c939f6e
2026-10-02T11:21:38.6814608Z Python 3.11.16
2026-10-02T11:21:38.6859159Z ##[group]Run python3 -m unittest discover -s research/autonomy/tests -p test_ci_terminal_verdict.py -v
2026-10-02T11:21:38.6859983Z [36;1mpython3 -m unittest discover -s research/autonomy/tests -p test_ci_terminal_verdict.py -v[0m
2026-10-02T11:21:38.6860717Z [36;1mpython3 -m py_compile research/autonomy/await_ci.py research/autonomy/tests/test_ci_terminal_verdict.py[0m
2026-10-02T11:21:38.6921528Z shell: /usr/bin/bash -e {0}
2026-10-02T11:21:38.6921798Z env:
2026-10-02T11:21:38.6922087Z   pythonLocation: /opt/hostedtoolcache/Python/3.11.16/x64
2026-10-02T11:21:38.6922560Z   PKG_CONFIG_PATH: /opt/hostedtoolcache/Python/3.11.16/x64/lib/pkgconfig
2026-10-02T11:21:38.6923008Z   Python_ROOT_DIR: /opt/hostedtoolcache/Python/3.11.16/x64
2026-10-02T11:21:38.6923642Z   Python2_ROOT_DIR: /opt/hostedtoolcache/Python/3.11.16/x64
2026-10-02T11:21:38.6924054Z   Python3_ROOT_DIR: /opt/hostedtoolcache/Python/3.11.16/x64
2026-10-02T11:21:38.6924492Z   LD_LIBRARY_PATH: /opt/hostedtoolcache/Python/3.11.16/x64/lib
2026-10-02T11:21:38.6925009Z ##[endgroup]
2026-10-02T11:21:39.6251624Z test_current_success_and_neutral_controls (test_ci_terminal_verdict.TerminalVerdictTests.test_current_success_and_neutral_controls) ... ok
2026-10-02T11:21:39.6291184Z test_empty_or_missing_inventory_is_not_green (test_ci_terminal_verdict.TerminalVerdictTests.test_empty_or_missing_inventory_is_not_green) ... ok
2026-10-02T11:21:39.6338179Z test_exact_original_cancelled_false_green_witness (test_ci_terminal_verdict.TerminalVerdictTests.test_exact_original_cancelled_false_green_witness) ... ok
2026-10-02T11:21:39.6340273Z test_minimum_inventory_count_remains_enforced (test_ci_terminal_verdict.TerminalVerdictTests.test_minimum_inventory_count_remains_enforced) ... ok
2026-10-02T11:21:39.6342480Z test_mixed_pending_and_red_keeps_existing_waiting_behavior (test_ci_terminal_verdict.TerminalVerdictTests.test_mixed_pending_and_red_keeps_existing_waiting_behavior) ... ok
2026-10-02T11:21:39.6345014Z test_multiple_cancelled_and_skipped_runs_are_unknown (test_ci_terminal_verdict.TerminalVerdictTests.test_multiple_cancelled_and_skipped_runs_are_unknown) ... ok
2026-10-02T11:21:39.6347172Z test_neutral_does_not_hide_cancelled_or_skipped (test_ci_terminal_verdict.TerminalVerdictTests.test_neutral_does_not_hide_cancelled_or_skipped) ... ok
2026-10-02T11:21:39.6349136Z test_quiet_still_reports_terminal_unknown (test_ci_terminal_verdict.TerminalVerdictTests.test_quiet_still_reports_terminal_unknown) ... ok
2026-10-02T11:21:39.6354134Z test_red_precedence_is_preserved (test_ci_terminal_verdict.TerminalVerdictTests.test_red_precedence_is_preserved) ... ok
2026-10-02T11:21:39.6359084Z test_success_does_not_hide_a_terminal_no_verdict (test_ci_terminal_verdict.TerminalVerdictTests.test_success_does_not_hide_a_terminal_no_verdict) ... ok
2026-10-02T11:21:39.6361197Z test_terminal_no_verdict_is_unknown (test_ci_terminal_verdict.TerminalVerdictTests.test_terminal_no_verdict_is_unknown) ... ok
2026-10-02T11:21:39.6363277Z test_terminal_unknown_after_wait_is_not_green (test_ci_terminal_verdict.TerminalVerdictTests.test_terminal_unknown_after_wait_is_not_green) ... ok
2026-10-02T11:21:39.6366499Z test_unfinished_statuses_and_null_conclusion_wait_then_timeout (test_ci_terminal_verdict.TerminalVerdictTests.test_unfinished_statuses_and_null_conclusion_wait_then_timeout) ... ok
2026-10-02T11:21:39.6368592Z test_waiting_can_then_reach_a_measured_success (test_ci_terminal_verdict.TerminalVerdictTests.test_waiting_can_then_reach_a_measured_success) ... ok
2026-10-02T11:21:39.6369594Z 
2026-10-02T11:21:39.6369830Z ----------------------------------------------------------------------
2026-10-02T11:21:39.6370392Z Ran 14 tests in 0.012s
2026-10-02T11:21:39.6370609Z 
2026-10-02T11:21:39.6370724Z OK
2026-10-02T11:21:39.6371871Z PINNED_BASELINE_FALSE_GREEN base=184e6aff659180492f4df94ed46a222849ab1b7c blob=121bb8798debff50e207a14e50aa5aae162f3d0e conclusion=cancelled exit=0; mocked API/time, no HTTP
2026-10-02T11:21:39.6934656Z ##[group]Run python3 -m pip install uv pytest pytest-xdist numpy scipy pymbar rdkit pyyaml boto3 jsonschema biopython pdfminer.six pypdf pdfplumber matplotlib netCDF4 cffi
2026-10-02T11:21:39.6935944Z [36;1mpython3 -m pip install uv pytest pytest-xdist numpy scipy pymbar rdkit pyyaml boto3 jsonschema biopython pdfminer.six pypdf pdfplumber matplotlib netCDF4 cffi[0m
2026-10-02T11:21:39.7003252Z shell: /usr/bin/bash -e {0}
2026-10-02T11:21:39.7003553Z env:
2026-10-02T11:21:39.7003840Z   pythonLocation: /opt/hostedtoolcache/Python/3.11.16/x64
2026-10-02T11:21:39.7004334Z   PKG_CONFIG_PATH: /opt/hostedtoolcache/Python/3.11.16/x64/lib/pkgconfig
2026-10-02T11:21:39.7004817Z   Python_ROOT_DIR: /opt/hostedtoolcache/Python/3.11.16/x64
2026-10-02T11:21:39.7005235Z   Python2_ROOT_DIR: /opt/hostedtoolcache/Python/3.11.16/x64
2026-10-02T11:21:39.7005651Z   Python3_ROOT_DIR: /opt/hostedtoolcache/Python/3.11.16/x64
2026-10-02T11:21:39.7006113Z   LD_LIBRARY_PATH: /opt/hostedtoolcache/Python/3.11.16/x64/lib
2026-10-02T11:21:39.7006465Z ##[endgroup]
2026-10-02T11:21:42.8504028Z Collecting uv
2026-10-02T11:21:42.8971563Z   Downloading uv-0.12.22-py3-none-manylinux_2_17_x86_64.manylinux2014_x86_64.whl.metadata (11 kB)
2026-10-02T11:21:42.9269306Z Collecting pytest
2026-10-02T11:21:42.9299857Z   Downloading pytest-9.1.1-py3-none-any.whl.metadata (7.6 kB)
2026-10-02T11:21:42.9471922Z Collecting pytest-xdist
2026-10-02T11:21:42.9503045Z   Downloading pytest_xdist-3.8.0-py3-none-any.whl.metadata (3.0 kB)
2026-10-02T11:21:43.1580901Z Collecting numpy
2026-10-02T11:21:43.1616370Z   Downloading numpy-2.4.6-cp311-cp311-manylinux_2_27_x86_64.manylinux_2_28_x86_64.whl.metadata (6.6 kB)
2026-10-02T11:21:43.3079499Z Collecting scipy
2026-10-02T11:21:43.3111679Z   Downloading scipy-1.17.1-cp311-cp311-manylinux_2_27_x86_64.manylinux_2_28_x86_64.whl.metadata (62 kB)
2026-10-02T11:21:43.4754271Z Collecting pymbar
2026-10-02T11:21:43.4829237Z   Downloading pymbar-4.0.3-py3-none-any.whl.metadata (1.2 kB)
2026-10-02T11:21:43.5441453Z Collecting rdkit
2026-10-02T11:21:43.5480162Z   Downloading rdkit-2026.3.6-cp311-cp311-manylinux_2_28_x86_64.whl.metadata (3.8 kB)
2026-10-02T11:21:43.5851993Z Collecting pyyaml
2026-10-02T11:21:43.5882908Z   Downloading pyyaml-6.0.3-cp311-cp311-manylinux2014_x86_64.manylinux_2_17_x86_64.manylinux_2_28_x86_64.whl.metadata (2.4 kB)
2026-10-02T11:21:43.8380839Z Collecting boto3
2026-10-02T11:21:43.8412807Z   Downloading boto3-1.43.107-py3-none-any.whl.metadata (6.6 kB)
2026-10-02T11:21:43.8608562Z Collecting jsonschema
2026-10-02T11:21:43.8636434Z   Downloading jsonschema-4.26.0-py3-none-any.whl.metadata (7.6 kB)
2026-10-02T11:21:43.8986246Z Collecting biopython
2026-10-02T11:21:43.9027338Z   Downloading biopython-1.88-cp311-cp311-manylinux2014_x86_64.manylinux_2_17_x86_64.manylinux_2_28_x86_64.whl.metadata (13 kB)
2026-10-02T11:21:43.9147970Z Collecting pdfminer.six
2026-10-02T11:21:43.9175949Z   Downloading pdfminer_six-20260107-py3-none-any.whl.metadata (4.3 kB)
2026-10-02T11:21:43.9380899Z Collecting pypdf
2026-10-02T11:21:43.9407613Z   Downloading pypdf-6.19.0-py3-none-any.whl.metadata (7.5 kB)
2026-10-02T11:21:43.9580326Z Collecting pdfplumber
2026-10-02T11:21:43.9607494Z   Downloading pdfplumber-0.11.10-py3-none-any.whl.metadata (43 kB)
2026-10-02T11:21:44.0866576Z Collecting matplotlib
2026-10-02T11:21:44.0898988Z   Downloading matplotlib-3.11.2-cp311-cp311-manylinux2014_x86_64.manylinux_2_17_x86_64.whl.metadata (80 kB)
2026-10-02T11:21:44.1542020Z Collecting netCDF4
2026-10-02T11:21:44.1570268Z   Downloading netcdf4-1.7.4-cp311-cp311-manylinux_2_27_x86_64.manylinux_2_28_x86_64.whl.metadata (2.1 kB)
2026-10-02T11:21:44.2471008Z Collecting cffi
2026-10-02T11:21:44.2499053Z   Downloading cffi-2.1.1-cp311-cp311-manylinux2014_x86_64.manylinux_2_17_x86_64.whl.metadata (2.5 kB)
2026-10-02T11:21:44.2607909Z Collecting iniconfig>=1.0.1 (from pytest)
2026-10-02T11:21:44.2635259Z   Downloading iniconfig-2.3.0-py3-none-any.whl.metadata (2.5 kB)
2026-10-02T11:21:44.2780782Z Collecting packaging>=22 (from pytest)
2026-10-02T11:21:44.2808504Z   Downloading packaging-26.3-py3-none-any.whl.metadata (3.5 kB)
2026-10-02T11:21:44.2919454Z Collecting pluggy<2,>=1.5 (from pytest)
2026-10-02T11:21:44.2946245Z   Downloading pluggy-1.6.0-py3-none-any.whl.metadata (4.8 kB)
2026-10-02T11:21:44.3104514Z Collecting pygments>=2.7.2 (from pytest)
2026-10-02T11:21:44.3130420Z   Downloading pygments-2.21.0-py3-none-any.whl.metadata (2.5 kB)
2026-10-02T11:21:44.3490204Z Collecting execnet>=2.1 (from pytest-xdist)
2026-10-02T11:21:44.3520373Z   Downloading execnet-2.1.2-py3-none-any.whl.metadata (2.9 kB)
2026-10-02T11:21:44.4166634Z Collecting numexpr (from pymbar)
2026-10-02T11:21:44.4214311Z   Downloading numexpr-2.14.2-cp311-cp311-manylinux_2_27_x86_64.manylinux_2_28_x86_64.whl.metadata (9.0 kB)
2026-10-02T11:21:44.5685131Z Collecting Pillow (from rdkit)
2026-10-02T11:21:44.5713365Z   Downloading pillow-12.3.0-cp311-cp311-manylinux_2_27_x86_64.manylinux_2_28_x86_64.whl.metadata (9.1 kB)
2026-10-02T11:21:44.7934571Z Collecting botocore<1.44.0,>=1.43.107 (from boto3)
2026-10-02T11:21:44.7964240Z   Downloading botocore-1.43.107-py3-none-any.whl.metadata (5.6 kB)
2026-10-02T11:21:44.8074406Z Collecting jmespath<2.0.0,>=0.7.1 (from boto3)
2026-10-02T11:21:44.8103341Z   Downloading jmespath-1.1.0-py3-none-any.whl.metadata (7.6 kB)
2026-10-02T11:21:44.8247007Z Collecting s3transfer<0.20.0,>=0.19.0 (from boto3)
2026-10-02T11:21:44.8276416Z   Downloading s3transfer-0.19.2-py3-none-any.whl.metadata (1.7 kB)
2026-10-02T11:21:44.8405355Z Collecting python-dateutil<3.0.0,>=2.1 (from botocore<1.44.0,>=1.43.107->boto3)
2026-10-02T11:21:44.8441665Z   Downloading python_dateutil-2.9.0.post0-py2.py3-none-any.whl.metadata (8.4 kB)
2026-10-02T11:21:44.8633114Z Collecting urllib3!=2.2.0,<3,>=1.25.4 (from botocore<1.44.0,>=1.43.107->boto3)
2026-10-02T11:21:44.8661523Z   Downloading urllib3-2.8.0-py3-none-any.whl.metadata (7.4 kB)
2026-10-02T11:21:44.8792017Z Collecting six>=1.5 (from python-dateutil<3.0.0,>=2.1->botocore<1.44.0,>=1.43.107->boto3)
2026-10-02T11:21:44.8819293Z   Downloading six-1.17.0-py2.py3-none-any.whl.metadata (1.7 kB)
2026-10-02T11:21:44.9089742Z Collecting attrs>=22.2.0 (from jsonschema)
2026-10-02T11:21:44.9117493Z   Downloading attrs-26.1.0-py3-none-any.whl.metadata (8.8 kB)
2026-10-02T11:21:44.9226208Z Collecting jsonschema-specifications>=2023.03.6 (from jsonschema)
2026-10-02T11:21:44.9256563Z   Downloading jsonschema_specifications-2025.9.1-py3-none-any.whl.metadata (2.9 kB)
2026-10-02T11:21:44.9437950Z Collecting referencing>=0.28.4 (from jsonschema)
2026-10-02T11:21:44.9468775Z   Downloading referencing-0.37.0-py3-none-any.whl.metadata (2.8 kB)
2026-10-02T11:21:45.1765122Z Collecting rpds-py>=0.25.0 (from jsonschema)
2026-10-02T11:21:45.1797606Z   Downloading rpds_py-2026.6.3-cp311-cp311-manylinux_2_17_x86_64.manylinux2014_x86_64.whl.metadata (4.1 kB)
2026-10-02T11:21:45.3247538Z Collecting charset-normalizer>=2.0.0 (from pdfminer.six)
2026-10-02T11:21:45.3278562Z   Downloading charset_normalizer-3.5.2-cp311-cp311-manylinux2014_x86_64.manylinux_2_17_x86_64.manylinux_2_28_x86_64.whl.metadata (46 kB)
2026-10-02T11:21:45.4935741Z Collecting cryptography>=36.0.0 (from pdfminer.six)
2026-10-02T11:21:45.4966496Z   Downloading cryptography-50.0.2-cp311-abi3-manylinux_2_34_x86_64.whl.metadata (4.4 kB)
2026-10-02T11:21:45.5718107Z Collecting pypdfium2>=5.9.0 (from pdfplumber)
2026-10-02T11:21:45.5747138Z   Downloading pypdfium2-5.13.0-py3-none-manylinux_2_17_x86_64.manylinux2014_x86_64.whl.metadata (66 kB)
2026-10-02T11:21:45.6337354Z Collecting contourpy>=1.0.1 (from matplotlib)
2026-10-02T11:21:45.6366445Z   Downloading contourpy-1.3.3-cp311-cp311-manylinux_2_27_x86_64.manylinux_2_28_x86_64.whl.metadata (5.5 kB)
2026-10-02T11:21:45.6473225Z Collecting cycler>=0.10 (from matplotlib)
2026-10-02T11:21:45.6517737Z   Downloading cycler-0.12.1-py3-none-any.whl.metadata (3.8 kB)
2026-10-02T11:21:45.8221573Z Collecting fonttools>=4.28.2 (from matplotlib)
2026-10-02T11:21:45.8258727Z   Downloading fonttools-4.66.1-cp311-cp311-manylinux2014_x86_64.manylinux_2_17_x86_64.whl.metadata (130 kB)
2026-10-02T11:21:45.8958527Z Collecting kiwisolver>=1.3.1 (from matplotlib)
2026-10-02T11:21:45.8986759Z   Downloading kiwisolver-1.5.1-cp311-cp311-manylinux2014_x86_64.manylinux_2_17_x86_64.whl.metadata (5.2 kB)
2026-10-02T11:21:45.9222283Z Collecting pyparsing>=3 (from matplotlib)
2026-10-02T11:21:45.9250335Z   Downloading pyparsing-3.3.3-py3-none-any.whl.metadata (5.9 kB)
2026-10-02T11:21:45.9676730Z Collecting cftime (from netCDF4)
2026-10-02T11:21:45.9704940Z   Downloading cftime-1.6.6-cp311-abi3-manylinux1_x86_64.manylinux_2_28_x86_64.manylinux_2_5_x86_64.whl.metadata (8.7 kB)
2026-10-02T11:21:45.9865705Z Collecting certifi (from netCDF4)
2026-10-02T11:21:45.9893119Z   Downloading certifi-2026.7.22-py3-none-any.whl.metadata (2.5 kB)
2026-10-02T11:21:46.0011835Z Collecting pycparser (from cffi)
2026-10-02T11:21:46.0040883Z   Downloading pycparser-3.0-py3-none-any.whl.metadata (8.2 kB)
2026-10-02T11:21:46.0278161Z Collecting typing-extensions>=4.4.0 (from referencing>=0.28.4->jsonschema)
2026-10-02T11:21:46.0304995Z   Downloading typing_extensions-4.16.0-py3-none-any.whl.metadata (3.3 kB)
2026-10-02T11:21:46.0440364Z Downloading uv-0.12.22-py3-none-manylinux_2_17_x86_64.manylinux2014_x86_64.whl (20.6 MB)
2026-10-02T11:21:46.1176476Z    ━━━━━━━━━━━━━━━━━━━━━━━━━━━━━━━━━━━━━━━━ 20.6/20.6 MB 291.4 MB/s  0:00:00
2026-10-02T11:21:46.1212034Z Downloading pytest-9.1.1-py3-none-any.whl (386 kB)
2026-10-02T11:21:46.1270275Z Downloading pluggy-1.6.0-py3-none-any.whl (20 kB)
2026-10-02T11:21:46.1317439Z Downloading pytest_xdist-3.8.0-py3-none-any.whl (46 kB)
2026-10-02T11:21:46.1374389Z Downloading numpy-2.4.6-cp311-cp311-manylinux_2_27_x86_64.manylinux_2_28_x86_64.whl (16.9 MB)
2026-10-02T11:21:46.1901166Z    ━━━━━━━━━━━━━━━━━━━━━━━━━━━━━━━━━━━━━━━━ 16.9/16.9 MB 332.7 MB/s  0:00:00
2026-10-02T11:21:46.1958076Z Downloading scipy-1.17.1-cp311-cp311-manylinux_2_27_x86_64.manylinux_2_28_x86_64.whl (35.3 MB)
2026-10-02T11:21:46.3084495Z    ━━━━━━━━━━━━━━━━━━━━━━━━━━━━━━━━━━━━━━━━ 35.3/35.3 MB 319.1 MB/s  0:00:00
2026-10-02T11:21:46.3126296Z Downloading pymbar-4.0.3-py3-none-any.whl (107 kB)
2026-10-02T11:21:46.3193146Z Downloading rdkit-2026.3.6-cp311-cp311-manylinux_2_28_x86_64.whl (38.2 MB)
2026-10-02T11:21:46.4985057Z    ━━━━━━━━━━━━━━━━━━━━━━━━━━━━━━━━━━━━━━━━ 38.2/38.2 MB 214.5 MB/s  0:00:00
2026-10-02T11:21:46.5018030Z Downloading pyyaml-6.0.3-cp311-cp311-manylinux2014_x86_64.manylinux_2_17_x86_64.manylinux_2_28_x86_64.whl (806 kB)
2026-10-02T11:21:46.5069345Z    ━━━━━━━━━━━━━━━━━━━━━━━━━━━━━━━━━━━━━━━━ 806.6/806.6 kB 182.8 MB/s  0:00:00
2026-10-02T11:21:46.5098603Z Downloading boto3-1.43.107-py3-none-any.whl (140 kB)
2026-10-02T11:21:46.5147720Z Downloading botocore-1.43.107-py3-none-any.whl (16.0 MB)
2026-10-02T11:21:46.5637886Z    ━━━━━━━━━━━━━━━━━━━━━━━━━━━━━━━━━━━━━━━━ 16.0/16.0 MB 339.1 MB/s  0:00:00
2026-10-02T11:21:46.5668409Z Downloading jmespath-1.1.0-py3-none-any.whl (20 kB)
2026-10-02T11:21:46.5726764Z Downloading python_dateutil-2.9.0.post0-py2.py3-none-any.whl (229 kB)
2026-10-02T11:21:46.5775882Z Downloading s3transfer-0.19.2-py3-none-any.whl (90 kB)
2026-10-02T11:21:46.5821126Z Downloading urllib3-2.8.0-py3-none-any.whl (135 kB)
2026-10-02T11:21:46.5870479Z Downloading jsonschema-4.26.0-py3-none-any.whl (90 kB)
2026-10-02T11:21:46.5929374Z Downloading biopython-1.88-cp311-cp311-manylinux2014_x86_64.manylinux_2_17_x86_64.manylinux_2_28_x86_64.whl (3.2 MB)
2026-10-02T11:21:46.6078789Z    ━━━━━━━━━━━━━━━━━━━━━━━━━━━━━━━━━━━━━━━━ 3.2/3.2 MB 234.1 MB/s  0:00:00
2026-10-02T11:21:46.6107113Z Downloading pdfminer_six-20260107-py3-none-any.whl (6.6 MB)
2026-10-02T11:21:46.6327107Z    ━━━━━━━━━━━━━━━━━━━━━━━━━━━━━━━━━━━━━━━━ 6.6/6.6 MB 321.4 MB/s  0:00:00
2026-10-02T11:21:46.6357538Z Downloading pypdf-6.19.0-py3-none-any.whl (395 kB)
2026-10-02T11:21:46.6410450Z Downloading pdfplumber-0.11.10-py3-none-any.whl (60 kB)
2026-10-02T11:21:46.6455176Z Downloading matplotlib-3.11.2-cp311-cp311-manylinux2014_x86_64.manylinux_2_17_x86_64.whl (9.9 MB)
2026-10-02T11:21:46.6959933Z    ━━━━━━━━━━━━━━━━━━━━━━━━━━━━━━━━━━━━━━━━ 9.9/9.9 MB 212.3 MB/s  0:00:00
2026-10-02T11:21:46.6989741Z Downloading netcdf4-1.7.4-cp311-cp311-manylinux_2_27_x86_64.manylinux_2_28_x86_64.whl (10.4 MB)
2026-10-02T11:21:46.7510101Z    ━━━━━━━━━━━━━━━━━━━━━━━━━━━━━━━━━━━━━━━━ 10.4/10.4 MB 204.1 MB/s  0:00:00
2026-10-02T11:21:46.7542197Z Downloading cffi-2.1.1-cp311-cp311-manylinux2014_x86_64.manylinux_2_17_x86_64.whl (217 kB)
2026-10-02T11:21:46.7591445Z Downloading attrs-26.1.0-py3-none-any.whl (67 kB)
2026-10-02T11:21:46.7640886Z Downloading charset_normalizer-3.5.2-cp311-cp311-manylinux2014_x86_64.manylinux_2_17_x86_64.manylinux_2_28_x86_64.whl (269 kB)
2026-10-02T11:21:46.7689630Z Downloading contourpy-1.3.3-cp311-cp311-manylinux_2_27_x86_64.manylinux_2_28_x86_64.whl (355 kB)
2026-10-02T11:21:46.7760021Z Downloading cryptography-50.0.2-cp311-abi3-manylinux_2_34_x86_64.whl (4.8 MB)
2026-10-02T11:21:46.7913270Z    ━━━━━━━━━━━━━━━━━━━━━━━━━━━━━━━━━━━━━━━━ 4.8/4.8 MB 341.8 MB/s  0:00:00
2026-10-02T11:21:46.7941761Z Downloading cycler-0.12.1-py3-none-any.whl (8.3 kB)
2026-10-02T11:21:46.7986540Z Downloading execnet-2.1.2-py3-none-any.whl (40 kB)
2026-10-02T11:21:46.8030589Z Downloading fonttools-4.66.1-cp311-cp311-manylinux2014_x86_64.manylinux_2_17_x86_64.whl (5.4 MB)
2026-10-02T11:21:46.8332407Z    ━━━━━━━━━━━━━━━━━━━━━━━━━━━━━━━━━━━━━━━━ 5.4/5.4 MB 206.0 MB/s  0:00:00
2026-10-02T11:21:46.8360079Z Downloading iniconfig-2.3.0-py3-none-any.whl (7.5 kB)
2026-10-02T11:21:46.8405784Z Downloading jsonschema_specifications-2025.9.1-py3-none-any.whl (18 kB)
2026-10-02T11:21:46.8458270Z Downloading kiwisolver-1.5.1-cp311-cp311-manylinux2014_x86_64.manylinux_2_17_x86_64.whl (1.4 MB)
2026-10-02T11:21:46.8523607Z    ━━━━━━━━━━━━━━━━━━━━━━━━━━━━━━━━━━━━━━━━ 1.4/1.4 MB 263.6 MB/s  0:00:00
2026-10-02T11:21:46.8551895Z Downloading packaging-26.3-py3-none-any.whl (129 kB)
2026-10-02T11:21:46.8601418Z Downloading pillow-12.3.0-cp311-cp311-manylinux_2_27_x86_64.manylinux_2_28_x86_64.whl (6.9 MB)
2026-10-02T11:21:46.8821273Z    ━━━━━━━━━━━━━━━━━━━━━━━━━━━━━━━━━━━━━━━━ 6.9/6.9 MB 340.6 MB/s  0:00:00
2026-10-02T11:21:46.8851376Z Downloading pygments-2.21.0-py3-none-any.whl (1.3 MB)
2026-10-02T11:21:46.8922201Z    ━━━━━━━━━━━━━━━━━━━━━━━━━━━━━━━━━━━━━━━━ 1.3/1.3 MB 261.2 MB/s  0:00:00
2026-10-02T11:21:46.8950764Z Downloading pyparsing-3.3.3-py3-none-any.whl (126 kB)
2026-10-02T11:21:46.8999264Z Downloading pypdfium2-5.13.0-py3-none-manylinux_2_17_x86_64.manylinux2014_x86_64.whl (3.7 MB)
2026-10-02T11:21:46.9123545Z    ━━━━━━━━━━━━━━━━━━━━━━━━━━━━━━━━━━━━━━━━ 3.7/3.7 MB 344.0 MB/s  0:00:00
2026-10-02T11:21:46.9158157Z Downloading referencing-0.37.0-py3-none-any.whl (26 kB)
2026-10-02T11:21:46.9211380Z Downloading rpds_py-2026.6.3-cp311-cp311-manylinux_2_17_x86_64.manylinux2014_x86_64.whl (371 kB)
2026-10-02T11:21:46.9262680Z Downloading six-1.17.0-py2.py3-none-any.whl (11 kB)
2026-10-02T11:21:46.9307794Z Downloading typing_extensions-4.16.0-py3-none-any.whl (45 kB)
2026-10-02T11:21:46.9354211Z Downloading certifi-2026.7.22-py3-none-any.whl (136 kB)
2026-10-02T11:21:46.9411062Z Downloading cftime-1.6.6-cp311-abi3-manylinux1_x86_64.manylinux_2_28_x86_64.manylinux_2_5_x86_64.whl (1.7 MB)
2026-10-02T11:21:46.9494684Z    ━━━━━━━━━━━━━━━━━━━━━━━━━━━━━━━━━━━━━━━━ 1.7/1.7 MB 227.7 MB/s  0:00:00
2026-10-02T11:21:46.9571937Z Downloading numexpr-2.14.2-cp311-cp311-manylinux_2_27_x86_64.manylinux_2_28_x86_64.whl (443 kB)
2026-10-02T11:21:46.9625446Z Downloading pycparser-3.0-py3-none-any.whl (48 kB)
2026-10-02T11:21:47.4722494Z Installing collected packages: uv, urllib3, typing-extensions, six, rpds-py, pyyaml, pypdfium2, pypdf, pyparsing, pygments, pycparser, pluggy, Pillow, packaging, numpy, kiwisolver, jmespath, iniconfig, fonttools, execnet, cycler, charset-normalizer, certifi, attrs, scipy, referencing, rdkit, python-dateutil, pytest, numexpr, contourpy, cftime, cffi, biopython, pytest-xdist, pymbar, netCDF4, matplotlib, jsonschema-specifications, cryptography, botocore, s3transfer, pdfminer.six, jsonschema, pdfplumber, boto3
2026-10-02T11:22:00.7997290Z 
2026-10-02T11:22:00.8022351Z Successfully installed Pillow-12.3.0 attrs-26.1.0 biopython-1.88 boto3-1.43.107 botocore-1.43.107 certifi-2026.7.22 cffi-2.1.1 cftime-1.6.6 charset-normalizer-3.5.2 contourpy-1.3.3 cryptography-50.0.2 cycler-0.12.1 execnet-2.1.2 fonttools-4.66.1 iniconfig-2.3.0 jmespath-1.1.0 jsonschema-4.26.0 jsonschema-specifications-2025.9.1 kiwisolver-1.5.1 matplotlib-3.11.2 netCDF4-1.7.4 numexpr-2.14.2 numpy-2.4.6 packaging-26.3 pdfminer.six-20260107 pdfplumber-0.11.10 pluggy-1.6.0 pycparser-3.0 pygments-2.21.0 pymbar-4.0.3 pyparsing-3.3.3 pypdf-6.19.0 pypdfium2-5.13.0 pytest-9.1.1 pytest-xdist-3.8.0 python-dateutil-2.9.0.post0 pyyaml-6.0.3 rdkit-2026.3.6 referencing-0.37.0 rpds-py-2026.6.3 s3transfer-0.19.2 scipy-1.17.1 six-1.17.0 typing-extensions-4.16.0 urllib3-2.8.0 uv-0.12.22
2026-10-02T11:22:01.0117404Z ##[group]Run python3 -m pytest research/autonomy/tests/test_an_error_body_is_the_diagnosis.py -v --tb=short -p no:cacheprovider
2026-10-02T11:22:01.0118371Z [36;1mpython3 -m pytest research/autonomy/tests/test_an_error_body_is_the_diagnosis.py -v --tb=short -p no:cacheprovider[0m
2026-10-02T11:22:01.0183995Z shell: /usr/bin/bash -e {0}
2026-10-02T11:22:01.0184267Z env:
2026-10-02T11:22:01.0184555Z   pythonLocation: /opt/hostedtoolcache/Python/3.11.16/x64
2026-10-02T11:22:01.0185042Z   PKG_CONFIG_PATH: /opt/hostedtoolcache/Python/3.11.16/x64/lib/pkgconfig
2026-10-02T11:22:01.0185509Z   Python_ROOT_DIR: /opt/hostedtoolcache/Python/3.11.16/x64
2026-10-02T11:22:01.0185918Z   Python2_ROOT_DIR: /opt/hostedtoolcache/Python/3.11.16/x64
2026-10-02T11:22:01.0186336Z   Python3_ROOT_DIR: /opt/hostedtoolcache/Python/3.11.16/x64
2026-10-02T11:22:01.0186759Z   LD_LIBRARY_PATH: /opt/hostedtoolcache/Python/3.11.16/x64/lib
2026-10-02T11:22:01.0187115Z ##[endgroup]
2026-10-02T11:22:01.6492262Z ============================= test session starts ==============================
2026-10-02T11:22:01.6493641Z platform linux -- Python 3.11.16, pytest-9.1.1, pluggy-1.6.0 -- /opt/hostedtoolcache/Python/3.11.16/x64/bin/python3
2026-10-02T11:22:01.6494712Z rootdir: /home/runner/work/Rare-cancers/Rare-cancers
2026-10-02T11:22:01.6495327Z plugins: xdist-3.8.0
2026-10-02T11:22:01.7001779Z collecting ... collected 15 items
2026-10-02T11:22:01.7002239Z 
2026-10-02T11:22:01.7010969Z research/autonomy/tests/test_an_error_body_is_the_diagnosis.py::test_the_helper_exists_and_is_used_by_both_instruments PASSED [  6%]
2026-10-02T11:22:01.7018568Z research/autonomy/tests/test_an_error_body_is_the_diagnosis.py::test_a_non_http_exception_still_describes_itself PASSED [ 13%]
2026-10-02T11:22:01.7026673Z research/autonomy/tests/test_an_error_body_is_the_diagnosis.py::test_the_servers_own_explanation_survives_the_handler PASSED [ 20%]
2026-10-02T11:22:01.7034486Z research/autonomy/tests/test_an_error_body_is_the_diagnosis.py::test_two_different_400s_do_not_render_identically PASSED [ 26%]
2026-10-02T11:22:01.7041585Z research/autonomy/tests/test_an_error_body_is_the_diagnosis.py::test_an_empty_body_says_so_rather_than_going_quiet PASSED [ 33%]
2026-10-02T11:22:01.7048990Z research/autonomy/tests/test_an_error_body_is_the_diagnosis.py::test_a_long_body_is_marked_truncated_and_never_silently_cut PASSED [ 40%]
2026-10-02T11:22:01.7056457Z research/autonomy/tests/test_an_error_body_is_the_diagnosis.py::test_the_body_is_read_exactly_once_and_the_second_read_is_honest PASSED [ 46%]
2026-10-02T11:22:01.7063757Z research/autonomy/tests/test_an_error_body_is_the_diagnosis.py::test_a_rate_limited_403_names_the_reset PASSED [ 53%]
2026-10-02T11:22:01.7070835Z research/autonomy/tests/test_an_error_body_is_the_diagnosis.py::test_a_permission_403_does_not_claim_a_rate_limit PASSED [ 60%]
2026-10-02T11:22:01.7089490Z research/autonomy/tests/test_an_error_body_is_the_diagnosis.py::test_an_http_error_can_NEVER_make_the_poller_report_green PASSED [ 66%]
2026-10-02T11:22:01.7100778Z research/autonomy/tests/test_an_error_body_is_the_diagnosis.py::test_the_poll_line_carries_the_body_not_just_the_exception_class PASSED [ 73%]
2026-10-02T11:22:01.7111774Z research/autonomy/tests/test_an_error_body_is_the_diagnosis.py::test_a_deterministic_status_is_refused_now_not_eight_polls_later PASSED [ 80%]
2026-10-02T11:22:01.7122607Z research/autonomy/tests/test_an_error_body_is_the_diagnosis.py::test_a_transient_status_is_still_retried PASSED [ 86%]
2026-10-02T11:22:01.7158877Z research/autonomy/tests/test_an_error_body_is_the_diagnosis.py::test_the_gate_reader_writes_nothing_and_says_why PASSED [ 93%]
2026-10-02T11:22:01.7415206Z research/autonomy/tests/test_an_error_body_is_the_diagnosis.py::test_the_gate_reader_still_fails_closed_on_a_bodiless_error PASSED [100%]
2026-10-02T11:22:01.7415890Z 
2026-10-02T11:22:01.7416077Z ============================== 15 passed in 0.08s ==============================
2026-10-02T11:22:01.7676405Z ##[group]Run ./scripts/preflight.sh
2026-10-02T11:22:01.7676767Z [36;1m./scripts/preflight.sh[0m
2026-10-02T11:22:01.7740517Z shell: /usr/bin/bash -e {0}
2026-10-02T11:22:01.7740787Z env:
2026-10-02T11:22:01.7741066Z   pythonLocation: /opt/hostedtoolcache/Python/3.11.16/x64
2026-10-02T11:22:01.7741540Z   PKG_CONFIG_PATH: /opt/hostedtoolcache/Python/3.11.16/x64/lib/pkgconfig
2026-10-02T11:22:01.7742016Z   Python_ROOT_DIR: /opt/hostedtoolcache/Python/3.11.16/x64
2026-10-02T11:22:01.7742415Z   Python2_ROOT_DIR: /opt/hostedtoolcache/Python/3.11.16/x64
2026-10-02T11:22:01.7742816Z   Python3_ROOT_DIR: /opt/hostedtoolcache/Python/3.11.16/x64
2026-10-02T11:22:01.7743591Z   LD_LIBRARY_PATH: /opt/hostedtoolcache/Python/3.11.16/x64/lib
2026-10-02T11:22:01.7743930Z ##[endgroup]
2026-10-02T11:22:01.7971540Z dev-setup: core.hooksPath -> .githooks (both push guards armed)
2026-10-02T11:22:05.1931082Z dev-setup: deepening the ledger history — the clocks could see back 5 h against a 336 h window; git now reaches 671 h.
2026-10-02T11:22:10.3812955Z dev-setup: a system binary the artifact chain needs is missing: ghostscript libreoffice-writer
2026-10-02T11:22:10.3814078Z dev-setup: installing.
2026-10-02T11:22:10.3814817Z == system python3 (systems_check.py, the linters and the node-free gates run here) ==
2026-10-02T11:22:12.2871390Z == the pytest tool venv (every test import resolves here, NOT in the system interpreter) ==
2026-10-02T11:22:12.5459458Z Resolved 45 packages in 210ms
2026-10-02T11:22:12.5669247Z Downloading pypdfium2 (3.6MiB)
2026-10-02T11:22:12.5674481Z Downloading cryptography (4.5MiB)
2026-10-02T11:22:12.5675271Z Downloading kiwisolver (1.4MiB)
2026-10-02T11:22:12.5676119Z Downloading pygments (1.2MiB)
2026-10-02T11:22:12.5758628Z Downloading fonttools (5.2MiB)
2026-10-02T11:22:12.5759417Z Downloading scipy (33.7MiB)
2026-10-02T11:22:12.5760196Z Downloading botocore (15.3MiB)
2026-10-02T11:22:12.5762678Z Downloading pdfminer-six (6.3MiB)
2026-10-02T11:22:12.5769578Z Downloading numpy (16.1MiB)
2026-10-02T11:22:12.5771172Z Downloading matplotlib (9.4MiB)
2026-10-02T11:22:12.5773584Z Downloading pillow (6.6MiB)
2026-10-02T11:22:12.5775743Z Downloading cftime (1.6MiB)
2026-10-02T11:22:12.5778497Z Downloading rdkit (36.4MiB)
2026-10-02T11:22:12.5781394Z Downloading biopython (3.1MiB)
2026-10-02T11:22:12.5787290Z Downloading netcdf4 (9.9MiB)
2026-10-02T11:22:12.7326530Z  Downloaded pygments
2026-10-02T11:22:12.7413962Z  Downloaded kiwisolver
2026-10-02T11:22:12.7528533Z  Downloaded cftime
2026-10-02T11:22:12.8393502Z  Downloaded pypdfium2
2026-10-02T11:22:12.8492086Z  Downloaded biopython
2026-10-02T11:22:12.8987636Z  Downloaded cryptography
2026-10-02T11:22:12.9319585Z  Downloaded pdfminer-six
2026-10-02T11:22:12.9346256Z  Downloaded fonttools
2026-10-02T11:22:12.9474032Z  Downloaded pillow
2026-10-02T11:22:13.0125690Z  Downloaded netcdf4
2026-10-02T11:22:13.0374722Z  Downloaded matplotlib
2026-10-02T11:22:13.1044162Z  Downloaded botocore
2026-10-02T11:22:13.1323507Z  Downloaded numpy
2026-10-02T11:22:13.2382417Z  Downloaded scipy
2026-10-02T11:22:13.3312042Z  Downloaded rdkit
2026-10-02T11:22:13.3314167Z Prepared 45 packages in 784ms
2026-10-02T11:22:13.4441088Z Installed 45 packages in 112ms
2026-10-02T11:22:13.4442131Z  + attrs==26.1.0
2026-10-02T11:22:13.4442597Z  + biopython==1.88
2026-10-02T11:22:13.4443021Z  + boto3==1.43.107
2026-10-02T11:22:13.4443657Z  + botocore==1.43.107
2026-10-02T11:22:13.4444421Z  + certifi==2026.7.22
2026-10-02T11:22:13.4444846Z  + cffi==2.1.1
2026-10-02T11:22:13.4445244Z  + cftime==1.6.6
2026-10-02T11:22:13.4445789Z  + charset-normalizer==3.5.2
2026-10-02T11:22:13.4446364Z  + contourpy==1.3.3
2026-10-02T11:22:13.4446895Z  + cryptography==50.0.2
2026-10-02T11:22:13.4447356Z  + cycler==0.12.1
2026-10-02T11:22:13.4447759Z  + execnet==2.1.2
2026-10-02T11:22:13.4448166Z  + fonttools==4.66.1
2026-10-02T11:22:13.4448588Z  + iniconfig==2.3.0
2026-10-02T11:22:13.4449000Z  + jmespath==1.1.0
2026-10-02T11:22:13.4449405Z  + jsonschema==4.26.0
2026-10-02T11:22:13.4450158Z  + jsonschema-specifications==2025.9.1
2026-10-02T11:22:13.4450730Z  + kiwisolver==1.5.1
2026-10-02T11:22:13.4451164Z  + matplotlib==3.11.2
2026-10-02T11:22:13.4451587Z  + netcdf4==1.7.4
2026-10-02T11:22:13.4451993Z  + numexpr==2.14.2
2026-10-02T11:22:13.4452389Z  + numpy==2.4.6
2026-10-02T11:22:13.4452806Z  + packaging==26.3
2026-10-02T11:22:13.4453471Z  + pdfminer-six==20260107
2026-10-02T11:22:13.4453964Z  + pdfplumber==0.11.10
2026-10-02T11:22:13.4454409Z  + pillow==12.3.0
2026-10-02T11:22:13.4454815Z  + pluggy==1.6.0
2026-10-02T11:22:13.4455220Z  + pycparser==3.0
2026-10-02T11:22:13.4455639Z  + pygments==2.21.0
2026-10-02T11:22:13.4456070Z  + pymbar==4.0.3
2026-10-02T11:22:13.4456497Z  + pyparsing==3.3.3
2026-10-02T11:22:13.4456903Z  + pypdf==6.19.0
2026-10-02T11:22:13.4457316Z  + pypdfium2==5.13.0
2026-10-02T11:22:13.4457729Z  + pytest==9.1.1
2026-10-02T11:22:13.4458134Z  + pytest-xdist==3.8.0
2026-10-02T11:22:13.4458620Z  + python-dateutil==2.9.0.post0
2026-10-02T11:22:13.4459121Z  + pyyaml==6.0.3
2026-10-02T11:22:13.4459493Z  + rdkit==2026.3.6
2026-10-02T11:22:13.4459809Z  + referencing==0.37.0
2026-10-02T11:22:13.4460143Z  + rpds-py==2026.6.3
2026-10-02T11:22:13.4460468Z  + s3transfer==0.19.2
2026-10-02T11:22:13.4460786Z  + scipy==1.17.1
2026-10-02T11:22:13.4461082Z  + six==1.17.0
2026-10-02T11:22:13.4461414Z  + typing-extensions==4.16.0
2026-10-02T11:22:13.4461790Z  + urllib3==2.8.0
2026-10-02T11:22:13.4475140Z Installed 2 executables: py.test, pytest
2026-10-02T11:22:14.8192951Z 
2026-10-02T11:22:14.8194142Z == ghostscript (figures/svg_to_print_formats.py: EPS + CMYK TIFF; no other offline path) ==
2026-10-02T11:22:24.2390994Z    installed: 10.02.1
2026-10-02T11:22:24.2391584Z 
2026-10-02T11:22:24.2392321Z == libreoffice-writer (build_submission_docx.py / build_submission_parts.py: the .docx chain) ==
2026-10-02T11:22:46.9335554Z    installed: the Writer filters are present; .docx builds locally
2026-10-02T11:22:46.9336108Z 
2026-10-02T11:22:46.9336417Z == git hooks (core.hooksPath armed above the --if-needed exit; both push guards run) ==
2026-10-02T11:22:46.9355123Z    OK: .githooks
2026-10-02T11:22:46.9355373Z 
2026-10-02T11:22:46.9356228Z DEV SETUP OK — ./scripts/preflight.sh should now measure the repository rather than the sandbox.
2026-10-02T11:22:47.0702200Z -- interpreter --
2026-10-02T11:22:47.0703383Z    pytest: python3 -m pytest (sees the repository's dependencies)
2026-10-02T11:22:47.0882187Z    OK   every probed package imports
2026-10-02T11:22:47.3724355Z == lint_consistency ==
2026-10-02T11:22:49.8001448Z lint_consistency: 0 ERROR across 29 target file(s)
2026-10-02T11:22:49.8058254Z    OK
2026-10-02T11:22:49.8059065Z == systems model (invariants, pointers, view drift) ==
2026-10-02T11:23:00.1140727Z    FAILED -- rerun 'python3 systems/systems_check.py --check' to see why
2026-10-02T11:23:00.1171473Z == EMC systems map (disputed identities, claim artifacts, view drift) ==
2026-10-02T11:23:01.6947643Z    OK
2026-10-02T11:23:01.6948371Z == claim strength (R1-R5: selectivity, efficacy, safety, window, readiness) ==
2026-10-02T11:23:04.3046307Z    OK
2026-10-02T11:23:04.3046814Z == changed prose (a qualifier dropped by an edit) ==
2026-10-02T11:23:04.3336240Z lint_changed_prose: 0 changed passage(s) over the working tree
2026-10-02T11:23:04.3336635Z    OK
2026-10-02T11:23:04.3374187Z == citation provenance and publication type (every prose identifier traces to a fetch or to the ledger; every claim of TYPE agrees with PubMed) ==
2026-10-02T11:23:53.1776624Z lint_citations: 1206 prose identifier(s), 106 unanchored, 239 in ledger (known_absent_upstream=1, unverified_at_baseline=143, verified=95)
2026-10-02T11:23:53.1780077Z lint_citation_types: ADVISORY (exit code unaffected) research/modalities/nr4a3-druggability-reconciliation.md:69 cites a paper PubMed types as a Retracted Publication — [PubMed: 40646688 Orphan nuclear receptor transcription factors as drug target (Transcription 2025) types=['Journal Article', 'Review', 'Research Support, N.I.H., Extramural', 'Retracted Publication'] doi=https://doi.org/10.1080/21541264.2025.2521766]
2026-10-02T11:23:53.1782468Z lint_citation_types: 26 type claim(s) checked against 13 cached record(s), 0 error(s), 1 retraction advisory(ies)
2026-10-02T11:23:53.1787337Z lint_citation_types: RETRACTION (advisory, exit code unaffected) DOI 10.1080/21541264.2025.2521766 is cited in research/autonomy/sprint-2026-09-01/S27-RETRACTIONS.md, research/manuscripts/degrader/nr4a3-degrader-paper.md, research/modalities/nr4a3-druggability-reconciliation.md and PubMed types it ['Journal Article', 'Review', 'Research Support, N.I.H., Extramural', 'Retracted Publication']; ACKNOWLEDGED — see the `acknowledged` row for this file in research/manuscripts/citation-retraction-sweep.json — [PubMed: 40646688 Orphan nuclear receptor transcription factors as drug target (Transcription 2025) doi=https://doi.org/10.1080/21541264.2025.2521766]
2026-10-02T11:23:53.1793239Z lint_citation_types: RETRACTION (advisory, exit code unaffected) DOI 10.1155/2022/2896049 is cited in research/autonomy/sprint-2026-09-01/S27-RETRACTIONS.md, research/manuscripts/no-wet-lab-publication-archetypes.md and PubMed types it ['Journal Article', 'Retracted Publication']; ACKNOWLEDGED — see the `acknowledged` row for this file in research/manuscripts/citation-retraction-sweep.json — [PubMed: 36062197 Network Pharmacology, Molecular Docking, and Experimental Va (Oxid Med Cell Longev 2022) doi=https://doi.org/10.1155/2022/2896049]
2026-10-02T11:23:53.1797977Z lint_citation_types: RETRACTION (advisory, exit code unaffected) PMCID PMC12263127 is cited in research/autonomy/sprint-2026-09-01/S27-RETRACTIONS.md, research/manuscripts/degrader/nr4a3-degrader-paper.md, research/modalities/nr4a3-druggability-reconciliation.md and PubMed types it ['Journal Article', 'Review', 'Research Support, N.I.H., Extramural', 'Retracted Publication']; ACKNOWLEDGED — see the `acknowledged` row for this file in research/manuscripts/citation-retraction-sweep.json — [PubMed: 40646688 Orphan nuclear receptor transcription factors as drug target (Transcription 2025) doi=https://doi.org/10.1080/21541264.2025.2521766]
2026-10-02T11:23:53.1802496Z lint_citation_types: RETRACTION (advisory, exit code unaffected) PMCID PMC9428684 is cited in research/autonomy/sprint-2026-09-01/S27-RETRACTIONS.md, research/manuscripts/no-wet-lab-publication-archetypes.md and PubMed types it ['Journal Article', 'Retracted Publication']; ACKNOWLEDGED — see the `acknowledged` row for this file in research/manuscripts/citation-retraction-sweep.json — [PubMed: 36062197 Network Pharmacology, Molecular Docking, and Experimental Va (Oxid Med Cell Longev 2022) doi=https://doi.org/10.1155/2022/2896049]
2026-10-02T11:23:53.1806587Z lint_citation_types: RETRACTION (advisory, exit code unaffected) PMID 36062197 is cited in research/manuscripts/no-wet-lab-publication-archetypes.md and PubMed types it ['Journal Article', 'Retracted Publication']; ACKNOWLEDGED — see the `acknowledged` row for this file in research/manuscripts/citation-retraction-sweep.json — [PubMed: 36062197 Network Pharmacology, Molecular Docking, and Experimental Va (Oxid Med Cell Longev 2022) doi=https://doi.org/10.1155/2022/2896049]
2026-10-02T11:23:53.1816093Z lint_citation_types: RETRACTION (advisory, exit code unaffected) PMID 40646688 is cited in research/manuscripts/degrader/nr4a3-degrader-paper.md, research/modalities/nr4a3-druggability-reconciliation.md and PubMed types it ['Journal Article', 'Review', 'Research Support, N.I.H., Extramural', 'Retracted Publication']; ACKNOWLEDGED — see the `acknowledged` row for this file in research/manuscripts/citation-retraction-sweep.json — [PubMed: 40646688 Orphan nuclear receptor transcription factors as drug target (Transcription 2025) doi=https://doi.org/10.1080/21541264.2025.2521766]
2026-10-02T11:23:53.1822086Z lint_citation_types: NOT SWEPT (advisory) ARXIV 2609.00077 in research/method-watch-preprint-pipeline.md has no row in research/manuscripts/citation-retraction-sweep.json — its retraction status is UNKNOWN, which is not the same as clean.
2026-10-02T11:23:53.1824793Z lint_citation_types: NOT SWEPT (advisory) ARXIV 2609.00365 in research/method-watch-preprint-pipeline.md has no row in research/manuscripts/citation-retraction-sweep.json — its retraction status is UNKNOWN, which is not the same as clean.
2026-10-02T11:23:53.1827058Z lint_citation_types: NOT SWEPT (advisory) ARXIV 2609.01357 in research/IDEAS.md, research/method-watch-preprint-pipeline.md, research/method-watch-trigger-scan.md has no row in research/manuscripts/citation-retraction-sweep.json — its retraction status is UNKNOWN, which is not the same as clean.
2026-10-02T11:23:53.1829193Z lint_citation_types: NOT SWEPT (advisory) ARXIV 2609.04170 in research/IDEAS.md, research/method-watch-preprint-pipeline.md has no row in research/manuscripts/citation-retraction-sweep.json — its retraction status is UNKNOWN, which is not the same as clean.
2026-10-02T11:23:53.1831353Z lint_citation_types: NOT SWEPT (advisory) ARXIV 2609.04432 in research/IDEAS.md, research/method-watch-preprint-pipeline.md, research/method-watch-trigger-scan.md has no row in research/manuscripts/citation-retraction-sweep.json — its retraction status is UNKNOWN, which is not the same as clean.
2026-10-02T11:23:53.1833786Z lint_citation_types: NOT SWEPT (advisory) ARXIV 2609.04564 in research/IDEAS.md, research/method-watch-preprint-pipeline.md has no row in research/manuscripts/citation-retraction-sweep.json — its retraction status is UNKNOWN, which is not the same as clean.
2026-10-02T11:23:53.1835858Z lint_citation_types: NOT SWEPT (advisory) ARXIV 2609.06366 in research/IDEAS.md, research/method-watch-preprint-pipeline.md has no row in research/manuscripts/citation-retraction-sweep.json — its retraction status is UNKNOWN, which is not the same as clean.
2026-10-02T11:23:53.1838003Z lint_citation_types: NOT SWEPT (advisory) ARXIV 2609.10922 in research/IDEAS.md, research/method-watch-preprint-pipeline.md, research/method-watch-trigger-scan.md has no row in research/manuscripts/citation-retraction-sweep.json — its retraction status is UNKNOWN, which is not the same as clean.
2026-10-02T11:23:53.1840145Z lint_citation_types: NOT SWEPT (advisory) DOI 10.1001/jamaoncol.2019.6584 in research/literature/emc-census-2026-09-12/REPORT.md has no row in research/manuscripts/citation-retraction-sweep.json — its retraction status is UNKNOWN, which is not the same as clean.
2026-10-02T11:23:53.1842064Z lint_citation_types: NOT SWEPT (advisory) DOI 10.1002/cam4.2991 in research/literature/emc-census-2026-09-12/REPORT.md has no row in research/manuscripts/citation-retraction-sweep.json — its retraction status is UNKNOWN, which is not the same as clean.
2026-10-02T11:23:53.1844232Z lint_citation_types: NOT SWEPT (advisory) DOI 10.1002/cncr.28728 in research/literature/emc-census-2026-09-12/REPORT.md has no row in research/manuscripts/citation-retraction-sweep.json — its retraction status is UNKNOWN, which is not the same as clean.
2026-10-02T11:23:53.1846393Z lint_citation_types: NOT SWEPT (advisory) DOI 10.1002/cncr.32084 in research/manuscripts/surface-targets/emc-surface-target-landscape-review-response-2026-08-10.md has no row in research/manuscripts/citation-retraction-sweep.json — its retraction status is UNKNOWN, which is not the same as clean.
2026-10-02T11:23:53.1848531Z lint_citation_types: NOT SWEPT (advisory) DOI 10.1002/gcc.20478 in research/modalities/fus-ddit3-prefix-comparison.md has no row in research/manuscripts/citation-retraction-sweep.json — its retraction status is UNKNOWN, which is not the same as clean.
2026-10-02T11:23:53.1851106Z lint_citation_types: NOT SWEPT (advisory) DOI 10.1007/s00428-023-03606-6 in research/autonomy/atlas-hofvander-validation-2026-09-06/draft/manuscript.md, research/manuscripts/surface-targets/emc-tissue-rna-prioritization.md has no row in research/manuscripts/citation-retraction-sweep.json — its retraction status is UNKNOWN, which is not the same as clean.
2026-10-02T11:23:53.1853788Z lint_citation_types: NOT SWEPT (advisory) DOI 10.1007/s12032-017-1030-2 in research/literature/emc-census-2026-09-12/REPORT.md has no row in research/manuscripts/citation-retraction-sweep.json — its retraction status is UNKNOWN, which is not the same as clean.
2026-10-02T11:23:53.1855955Z lint_citation_types: NOT SWEPT (advisory) DOI 10.1016/j.jbc.2022.102434 in research/manuscripts/mtap-prmt5/emc-mtap-prmt5-hypothesis-review-response-2026-08-10.md has no row in research/manuscripts/citation-retraction-sweep.json — its retraction status is UNKNOWN, which is not the same as clean.
2026-10-02T11:23:53.1858761Z lint_citation_types: NOT SWEPT (advisory) DOI 10.1016/j.modpat.2024.100464 in research/autonomy/atlas-hofvander-validation-2026-09-06/draft/manuscript.md, research/autonomy/atlas-sample-organ-2026-09-06/report.md, research/manuscripts/surface-targets/emc-tissue-rna-prioritization.md has no row in research/manuscripts/citation-retraction-sweep.json — its retraction status is UNKNOWN, which is not the same as clean.
2026-10-02T11:23:53.1861222Z lint_citation_types: NOT SWEPT (advisory) DOI 10.1021/acs.jcim.6c01824 in research/method-watch.md has no row in research/manuscripts/citation-retraction-sweep.json — its retraction status is UNKNOWN, which is not the same as clean.
2026-10-02T11:23:53.1863527Z lint_citation_types: NOT SWEPT (advisory) DOI 10.1038/bjc.2016.214 in research/manuscripts/surface-targets/emc-surface-target-landscape-review-response-2026-08-10.md has no row in research/manuscripts/citation-retraction-sweep.json — its retraction status is UNKNOWN, which is not the same as clean.
2026-10-02T11:23:53.1865749Z lint_citation_types: NOT SWEPT (advisory) DOI 10.1038/nature09472 in research/autonomy/cysteine-source-qualification-20260919/NOTE.md has no row in research/manuscripts/citation-retraction-sweep.json — its retraction status is UNKNOWN, which is not the same as clean.
2026-10-02T11:23:53.1867738Z lint_citation_types: NOT SWEPT (advisory) DOI 10.1054/modi00100099 in research/literature/emc-census-2026-09-12/REPORT.md has no row in research/manuscripts/citation-retraction-sweep.json — its retraction status is UNKNOWN, which is not the same as clean.
2026-10-02T11:23:53.1869657Z lint_citation_types: NOT SWEPT (advisory) DOI 10.1093/ajcp/aqw162.013 in research/literature/emc-census-2026-09-12/REPORT.md has no row in research/manuscripts/citation-retraction-sweep.json — its retraction status is UNKNOWN, which is not the same as clean.
2026-10-02T11:23:53.1871566Z lint_citation_types: NOT SWEPT (advisory) DOI 10.1093/jscr/rjaa503 in research/literature/emc-census-2026-09-12/REPORT.md has no row in research/manuscripts/citation-retraction-sweep.json — its retraction status is UNKNOWN, which is not the same as clean.
2026-10-02T11:23:53.1873786Z lint_citation_types: NOT SWEPT (advisory) DOI 10.1101/2025.07.21.665972 in research/autonomy/cofactor-source-read-20260919/VERDICT.md has no row in research/manuscripts/citation-retraction-sweep.json — its retraction status is UNKNOWN, which is not the same as clean.
2026-10-02T11:23:53.1876237Z lint_citation_types: NOT SWEPT (advisory) DOI 10.1126/science.aal3321 in research/autonomy/atlas-hofvander-validation-2026-09-06/draft/manuscript.md, research/manuscripts/surface-targets/emc-tissue-rna-prioritization.md has no row in research/manuscripts/citation-retraction-sweep.json — its retraction status is UNKNOWN, which is not the same as clean.
2026-10-02T11:23:53.1878622Z lint_citation_types: NOT SWEPT (advisory) DOI 10.1136/jitc-2024-SITC2024.0170 in research/literature/emc-census-2026-09-12/REPORT.md has no row in research/manuscripts/citation-retraction-sweep.json — its retraction status is UNKNOWN, which is not the same as clean.
2026-10-02T11:23:53.1880738Z lint_citation_types: NOT SWEPT (advisory) DOI 10.1155/2019/3158590 in research/literature/emc-census-2026-09-12/REPORT.md has no row in research/manuscripts/citation-retraction-sweep.json — its retraction status is UNKNOWN, which is not the same as clean.
2026-10-02T11:23:53.1882756Z lint_citation_types: NOT SWEPT (advisory) DOI 10.1155/2020/2684746 in research/literature/emc-census-2026-09-12/REPORT.md has no row in research/manuscripts/citation-retraction-sweep.json — its retraction status is UNKNOWN, which is not the same as clean.
2026-10-02T11:23:53.1885786Z lint_citation_types: NOT SWEPT (advisory) DOI 10.1158/1078-0432.CCR-25-3740 in research/autonomy/atlas-hofvander-validation-2026-09-06/draft/manuscript.md, research/autonomy/atlas-hofvander-validation-2026-09-06/protocol.md, research/manuscripts/surface-targets/emc-tissue-rna-prioritization.md has no row in research/manuscripts/citation-retraction-sweep.json — its retraction status is UNKNOWN, which is not the same as clean.
2026-10-02T11:23:53.1888658Z lint_citation_types: NOT SWEPT (advisory) DOI 10.1158/1078-0432.ccr-21-3656 in research/manuscripts/surface-targets/emc-surface-target-landscape-review-response-2026-08-10.md has no row in research/manuscripts/citation-retraction-sweep.json — its retraction status is UNKNOWN, which is not the same as clean.
2026-10-02T11:23:53.1890837Z lint_citation_types: NOT SWEPT (advisory) DOI 10.1158/1541-7786.MCR-26-0310 in research/literature/emc-census-2026-09-12/REPORT.md has no row in research/manuscripts/citation-retraction-sweep.json — its retraction status is UNKNOWN, which is not the same as clean.
2026-10-02T11:23:53.1892837Z lint_citation_types: NOT SWEPT (advisory) DOI 10.1158/2767-9764.CRC-26-0142 in research/literature/emc-census-2026-09-12/REPORT.md has no row in research/manuscripts/citation-retraction-sweep.json — its retraction status is UNKNOWN, which is not the same as clean.
2026-10-02T11:23:53.1895043Z lint_citation_types: NOT SWEPT (advisory) DOI 10.1186/s13014-022-02166-4 in research/literature/emc-census-2026-09-12/REPORT.md has no row in research/manuscripts/citation-retraction-sweep.json — its retraction status is UNKNOWN, which is not the same as clean.
2026-10-02T11:23:53.1896991Z lint_citation_types: NOT SWEPT (advisory) DOI 10.1186/s13569-020-00150-8 in research/literature/emc-census-2026-09-12/REPORT.md has no row in research/manuscripts/citation-retraction-sweep.json — its retraction status is UNKNOWN, which is not the same as clean.
2026-10-02T11:23:53.1898971Z lint_citation_types: NOT SWEPT (advisory) DOI 10.1634/theoncologist.2016-0064 in research/literature/emc-census-2026-09-12/REPORT.md has no row in research/manuscripts/citation-retraction-sweep.json — its retraction status is UNKNOWN, which is not the same as clean.
2026-10-02T11:23:53.1900981Z lint_citation_types: NOT SWEPT (advisory) DOI 10.1634/theoncologist.2017-0344 in research/literature/emc-census-2026-09-12/REPORT.md has no row in research/manuscripts/citation-retraction-sweep.json — its retraction status is UNKNOWN, which is not the same as clean.
2026-10-02T11:23:53.1904374Z lint_citation_types: NOT SWEPT (advisory) DOI 10.21203/rs.3.rs-10959636/v1 in research/manuscripts/surface-targets/emc-tissue-rna-prioritization-cover-letter.md, research/manuscripts/surface-targets/emc-tissue-rna-prioritization-si.md, research/manuscripts/surface-targets/emc-tissue-rna-prioritization.md, research/release-candidates/PUB-SURFACE-TARGETS/2026-09-09-cancer-genetics/independent-review/report.md has no row in research/manuscripts/citation-retraction-sweep.json — its retraction status is UNKNOWN, which is not the same as clean.
2026-10-02T11:23:53.1907456Z lint_citation_types: NOT SWEPT (advisory) DOI 10.21203/rs.3.rs-1898999/v1 in research/literature/emc-census-2026-09-12/REPORT.md has no row in research/manuscripts/citation-retraction-sweep.json — its retraction status is UNKNOWN, which is not the same as clean.
2026-10-02T11:23:53.1909576Z lint_citation_types: NOT SWEPT (advisory) DOI 10.2147/CMAR.S253201 in research/literature/emc-census-2026-09-12/REPORT.md has no row in research/manuscripts/citation-retraction-sweep.json — its retraction status is UNKNOWN, which is not the same as clean.
2026-10-02T11:23:53.1911987Z lint_citation_types: NOT SWEPT (advisory) DOI 10.32388/VL3LJR.2 in research/manuscripts/aso/fusion-junction-aso-cover-letter.md, research/release-candidates/PUB-ASO/2026-09-04/submission/cover-letter.md has no row in research/manuscripts/citation-retraction-sweep.json — its retraction status is UNKNOWN, which is not the same as clean.
2026-10-02T11:23:53.1914607Z lint_citation_types: NOT SWEPT (advisory) DOI 10.3390/cancers13051053 in research/literature/emc-census-2026-09-12/REPORT.md has no row in research/manuscripts/citation-retraction-sweep.json — its retraction status is UNKNOWN, which is not the same as clean.
2026-10-02T11:23:53.1916540Z lint_citation_types: NOT SWEPT (advisory) DOI 10.5114/jcb.2022.115161 in research/literature/emc-census-2026-09-12/REPORT.md has no row in research/manuscripts/citation-retraction-sweep.json — its retraction status is UNKNOWN, which is not the same as clean.
2026-10-02T11:23:53.1918468Z lint_citation_types: NOT SWEPT (advisory) DOI 10.52768/2379-1039/2159 in research/literature/emc-census-2026-09-12/REPORT.md has no row in research/manuscripts/citation-retraction-sweep.json — its retraction status is UNKNOWN, which is not the same as clean.
2026-10-02T11:23:53.1921889Z lint_citation_types: NOT SWEPT (advisory) DOI 10.5281/zenodo.17866629 in research/autonomy/atlas-hofvander-validation-2026-09-06/draft/manuscript.md, research/autonomy/atlas-hofvander-validation-2026-09-06/protocol.md, research/manuscripts/surface-targets/emc-tissue-rna-prioritization.md has no row in research/manuscripts/citation-retraction-sweep.json — its retraction status is UNKNOWN, which is not the same as clean.
2026-10-02T11:23:53.1924661Z lint_citation_types: NOT SWEPT (advisory) DOI 10.5603/ocp.108816 in research/literature/emc-census-2026-09-12/REPORT.md has no row in research/manuscripts/citation-retraction-sweep.json — its retraction status is UNKNOWN, which is not the same as clean.
2026-10-02T11:23:53.1926466Z lint_citation_types: NOT SWEPT (advisory) DOI 10.64898/2026.02.07.704601 in research/method-watch.md has no row in research/manuscripts/citation-retraction-sweep.json — its retraction status is UNKNOWN, which is not the same as clean.
2026-10-02T11:23:53.1928296Z lint_citation_types: NOT SWEPT (advisory) DOI 10.7759/cureus.432 in research/literature/emc-census-2026-09-12/REPORT.md has no row in research/manuscripts/citation-retraction-sweep.json — its retraction status is UNKNOWN, which is not the same as clean.
2026-10-02T11:23:53.1930328Z lint_citation_types: NOT SWEPT (advisory) GEO GSM600928 in research/autonomy/atlas-hofvander-validation-2026-09-06/amendment-replication-2026-09-06.md has no row in research/manuscripts/citation-retraction-sweep.json — its retraction status is UNKNOWN, which is not the same as clean.
2026-10-02T11:23:53.1932335Z lint_citation_types: NOT SWEPT (advisory) GEO GSM600935 in research/modalities/surface-address-sensitivity.md has no row in research/manuscripts/citation-retraction-sweep.json — its retraction status is UNKNOWN, which is not the same as clean.
2026-10-02T11:23:53.1934306Z lint_citation_types: NOT SWEPT (advisory) GEO GSM600937 in research/modalities/surface-address-sensitivity.md has no row in research/manuscripts/citation-retraction-sweep.json — its retraction status is UNKNOWN, which is not the same as clean.
2026-10-02T11:23:53.1936140Z lint_citation_types: NOT SWEPT (advisory) GEO GSM600938 in research/modalities/surface-address-sensitivity.md has no row in research/manuscripts/citation-retraction-sweep.json — its retraction status is UNKNOWN, which is not the same as clean.
2026-10-02T11:23:53.1938206Z lint_citation_types: NOT SWEPT (advisory) GEO GSM600940 in research/autonomy/atlas-hofvander-validation-2026-09-06/amendment-replication-2026-09-06.md has no row in research/manuscripts/citation-retraction-sweep.json — its retraction status is UNKNOWN, which is not the same as clean.
2026-10-02T11:23:53.1940645Z lint_citation_types: NOT SWEPT (advisory) GEO GSM600957 in research/autonomy/atlas-hofvander-validation-2026-09-06/amendment-replication-2026-09-06.md has no row in research/manuscripts/citation-retraction-sweep.json — its retraction status is UNKNOWN, which is not the same as clean.
2026-10-02T11:23:53.1942927Z lint_citation_types: NOT SWEPT (advisory) GEO GSM600963 in research/autonomy/atlas-hofvander-validation-2026-09-06/amendment-replication-2026-09-06.md has no row in research/manuscripts/citation-retraction-sweep.json — its retraction status is UNKNOWN, which is not the same as clean.
2026-10-02T11:23:53.1945387Z lint_citation_types: NOT SWEPT (advisory) GEO GSM89883 in research/manuscripts/mtap-prmt5/emc-mtap-prmt5-decline-review-statistics-2026-08-10.md has no row in research/manuscripts/citation-retraction-sweep.json — its retraction status is UNKNOWN, which is not the same as clean.
2026-10-02T11:23:53.1947572Z lint_citation_types: NOT SWEPT (advisory) GEO GSM89924 in research/manuscripts/mtap-prmt5/emc-mtap-prmt5-decline-review-statistics-2026-08-10.md has no row in research/manuscripts/citation-retraction-sweep.json — its retraction status is UNKNOWN, which is not the same as clean.
2026-10-02T11:23:53.1949775Z lint_citation_types: NOT SWEPT (advisory) GEO GSM91381 in research/manuscripts/mtap-prmt5/emc-mtap-prmt5-decline-review-statistics-2026-08-10.md has no row in research/manuscripts/citation-retraction-sweep.json — its retraction status is UNKNOWN, which is not the same as clean.
2026-10-02T11:23:53.1951828Z lint_citation_types: NOT SWEPT (advisory) GEO GSM91397 in research/modalities/surface-address-sensitivity.md has no row in research/manuscripts/citation-retraction-sweep.json — its retraction status is UNKNOWN, which is not the same as clean.
2026-10-02T11:23:53.1954418Z lint_citation_types: NOT SWEPT (advisory) GEO GSM91405 in research/manuscripts/mtap-prmt5/emc-mtap-prmt5-decline-review-statistics-2026-08-10.md, research/modalities/surface-address-sensitivity.md has no row in research/manuscripts/citation-retraction-sweep.json — its retraction status is UNKNOWN, which is not the same as clean.
2026-10-02T11:23:53.1956814Z lint_citation_types: NOT SWEPT (advisory) GEO GSM98495 in research/manuscripts/mtap-prmt5/emc-mtap-prmt5-decline-review-statistics-2026-08-10.md has no row in research/manuscripts/citation-retraction-sweep.json — its retraction status is UNKNOWN, which is not the same as clean.
2026-10-02T11:23:53.1958950Z lint_citation_types: NOT SWEPT (advisory) GEO GSM98499 in research/manuscripts/mtap-prmt5/emc-mtap-prmt5-decline-review-response-2026-08-10.md has no row in research/manuscripts/citation-retraction-sweep.json — its retraction status is UNKNOWN, which is not the same as clean.
2026-10-02T11:23:53.1960969Z lint_citation_types: NOT SWEPT (advisory) GEO GSM98510 in research/modalities/surface-address-sensitivity.md has no row in research/manuscripts/citation-retraction-sweep.json — its retraction status is UNKNOWN, which is not the same as clean.
2026-10-02T11:23:53.1963005Z lint_citation_types: NOT SWEPT (advisory) GEO GSM98513 in research/manuscripts/mtap-prmt5/emc-mtap-prmt5-decline-review-statistics-2026-08-10.md has no row in research/manuscripts/citation-retraction-sweep.json — its retraction status is UNKNOWN, which is not the same as clean.
2026-10-02T11:23:53.1965279Z lint_citation_types: NOT SWEPT (advisory) NCT NCT00642941 in research/literature/emc-census-2026-09-12/REPORT.md has no row in research/manuscripts/citation-retraction-sweep.json — its retraction status is UNKNOWN, which is not the same as clean.
2026-10-02T11:23:53.1967151Z lint_citation_types: NOT SWEPT (advisory) PMCID PMC12660641 in research/literature/emc-census-2026-09-12/REPORT.md has no row in research/manuscripts/citation-retraction-sweep.json — its retraction status is UNKNOWN, which is not the same as clean.
2026-10-02T11:23:53.1969562Z lint_citation_types: NOT SWEPT (advisory) PMCID PMC13133608 in research/autonomy/atlas-hofvander-validation-2026-09-06/protocol.md, research/autonomy/atlas-hofvander-validation-2026-09-06/result.md has no row in research/manuscripts/citation-retraction-sweep.json — its retraction status is UNKNOWN, which is not the same as clean.
2026-10-02T11:23:53.1971849Z lint_citation_types: NOT SWEPT (advisory) PMCID PMC13361612 in research/method-watch-trigger-scan.md has no row in research/manuscripts/citation-retraction-sweep.json — its retraction status is UNKNOWN, which is not the same as clean.
2026-10-02T11:23:53.1973795Z lint_citation_types: NOT SWEPT (advisory) PMCID PMC13367449 in research/method-watch-trigger-scan.md has no row in research/manuscripts/citation-retraction-sweep.json — its retraction status is UNKNOWN, which is not the same as clean.
2026-10-02T11:23:53.1975586Z lint_citation_types: NOT SWEPT (advisory) PMCID PMC13371081 in research/method-watch-trigger-scan.md has no row in research/manuscripts/citation-retraction-sweep.json — its retraction status is UNKNOWN, which is not the same as clean.
2026-10-02T11:23:53.1977352Z lint_citation_types: NOT SWEPT (advisory) PMCID PMC13371367 in research/method-watch-trigger-scan.md has no row in research/manuscripts/citation-retraction-sweep.json — its retraction status is UNKNOWN, which is not the same as clean.
2026-10-02T11:23:53.1979110Z lint_citation_types: NOT SWEPT (advisory) PMCID PMC13375461 in research/method-watch-trigger-scan.md has no row in research/manuscripts/citation-retraction-sweep.json — its retraction status is UNKNOWN, which is not the same as clean.
2026-10-02T11:23:53.1980876Z lint_citation_types: NOT SWEPT (advisory) PMCID PMC13417341 in research/method-watch-trigger-scan.md has no row in research/manuscripts/citation-retraction-sweep.json — its retraction status is UNKNOWN, which is not the same as clean.
2026-10-02T11:23:53.1982652Z lint_citation_types: NOT SWEPT (advisory) PMCID PMC13476259 in research/method-watch-trigger-scan.md has no row in research/manuscripts/citation-retraction-sweep.json — its retraction status is UNKNOWN, which is not the same as clean.
2026-10-02T11:23:53.1984586Z lint_citation_types: NOT SWEPT (advisory) PMCID PMC13477581 in research/method-watch-trigger-scan.md has no row in research/manuscripts/citation-retraction-sweep.json — its retraction status is UNKNOWN, which is not the same as clean.
2026-10-02T11:23:53.1986392Z lint_citation_types: NOT SWEPT (advisory) PMCID PMC13502255 in research/method-watch-trigger-scan.md has no row in research/manuscripts/citation-retraction-sweep.json — its retraction status is UNKNOWN, which is not the same as clean.
2026-10-02T11:23:53.1988166Z lint_citation_types: NOT SWEPT (advisory) PMCID PMC13521186 in research/method-watch-trigger-scan.md has no row in research/manuscripts/citation-retraction-sweep.json — its retraction status is UNKNOWN, which is not the same as clean.
2026-10-02T11:23:53.1989974Z lint_citation_types: NOT SWEPT (advisory) PMCID PMC13523640 in research/method-watch-trigger-scan.md has no row in research/manuscripts/citation-retraction-sweep.json — its retraction status is UNKNOWN, which is not the same as clean.
2026-10-02T11:23:53.1991776Z lint_citation_types: NOT SWEPT (advisory) PMCID PMC13555175 in research/method-watch-trigger-scan.md has no row in research/manuscripts/citation-retraction-sweep.json — its retraction status is UNKNOWN, which is not the same as clean.
2026-10-02T11:23:53.1993846Z lint_citation_types: NOT SWEPT (advisory) PMCID PMC13557715 in research/method-watch-trigger-scan.md has no row in research/manuscripts/citation-retraction-sweep.json — its retraction status is UNKNOWN, which is not the same as clean.
2026-10-02T11:23:53.1995713Z lint_citation_types: NOT SWEPT (advisory) PMCID PMC13565411 in research/IDEAS.md, research/method-watch-trigger-scan.md has no row in research/manuscripts/citation-retraction-sweep.json — its retraction status is UNKNOWN, which is not the same as clean.
2026-10-02T11:23:53.1997700Z lint_citation_types: NOT SWEPT (advisory) PMCID PMC13567386 in research/method-watch-trigger-scan.md has no row in research/manuscripts/citation-retraction-sweep.json — its retraction status is UNKNOWN, which is not the same as clean.
2026-10-02T11:23:53.1999531Z lint_citation_types: NOT SWEPT (advisory) PMCID PMC13573717 in research/IDEAS.md, research/method-watch-trigger-scan.md has no row in research/manuscripts/citation-retraction-sweep.json — its retraction status is UNKNOWN, which is not the same as clean.
2026-10-02T11:23:53.2001370Z lint_citation_types: NOT SWEPT (advisory) PMCID PMC13575427 in research/IDEAS.md has no row in research/manuscripts/citation-retraction-sweep.json — its retraction status is UNKNOWN, which is not the same as clean.
2026-10-02T11:23:53.2002971Z lint_citation_types: NOT SWEPT (advisory) PMCID PMC13576945 in research/IDEAS.md has no row in research/manuscripts/citation-retraction-sweep.json — its retraction status is UNKNOWN, which is not the same as clean.
2026-10-02T11:23:53.2005008Z lint_citation_types: NOT SWEPT (advisory) PMCID PMC13577264 in research/IDEAS.md, research/method-watch-trigger-scan.md has no row in research/manuscripts/citation-retraction-sweep.json — its retraction status is UNKNOWN, which is not the same as clean.
2026-10-02T11:23:53.2006919Z lint_citation_types: NOT SWEPT (advisory) PMCID PMC13577702 in research/IDEAS.md, research/method-watch-trigger-scan.md has no row in research/manuscripts/citation-retraction-sweep.json — its retraction status is UNKNOWN, which is not the same as clean.
2026-10-02T11:23:53.2008857Z lint_citation_types: NOT SWEPT (advisory) PMCID PMC13580205 in research/IDEAS.md, research/method-watch-trigger-scan.md has no row in research/manuscripts/citation-retraction-sweep.json — its retraction status is UNKNOWN, which is not the same as clean.
2026-10-02T11:23:53.2010670Z lint_citation_types: NOT SWEPT (advisory) PMCID PMC13580551 in research/method-watch-trigger-scan.md has no row in research/manuscripts/citation-retraction-sweep.json — its retraction status is UNKNOWN, which is not the same as clean.
2026-10-02T11:23:53.2012346Z lint_citation_types: NOT SWEPT (advisory) PMCID PMC13583061 in research/IDEAS.md has no row in research/manuscripts/citation-retraction-sweep.json — its retraction status is UNKNOWN, which is not the same as clean.
2026-10-02T11:23:53.2014222Z lint_citation_types: NOT SWEPT (advisory) PMCID PMC13594704 in research/IDEAS.md, research/method-watch-trigger-scan.md has no row in research/manuscripts/citation-retraction-sweep.json — its retraction status is UNKNOWN, which is not the same as clean.
2026-10-02T11:23:53.2016324Z lint_citation_types: NOT SWEPT (advisory) PMCID PMC4985356 in research/manuscripts/surface-targets/emc-surface-target-landscape-review-response-2026-08-10.md has no row in research/manuscripts/citation-retraction-sweep.json — its retraction status is UNKNOWN, which is not the same as clean.
2026-10-02T11:23:53.2018581Z lint_citation_types: NOT SWEPT (advisory) PMCID PMC6618088 in research/manuscripts/surface-targets/emc-surface-target-landscape-review-response-2026-08-10.md has no row in research/manuscripts/citation-retraction-sweep.json — its retraction status is UNKNOWN, which is not the same as clean.
2026-10-02T11:23:53.2020632Z lint_citation_types: NOT SWEPT (advisory) PMCID PMC8451045 in research/literature/emc-census-2026-09-12/REPORT.md has no row in research/manuscripts/citation-retraction-sweep.json — its retraction status is UNKNOWN, which is not the same as clean.
2026-10-02T11:23:53.2022701Z lint_citation_types: NOT SWEPT (advisory) PMCID PMC9365353 in research/manuscripts/surface-targets/emc-surface-target-landscape-review-response-2026-08-10.md has no row in research/manuscripts/citation-retraction-sweep.json — its retraction status is UNKNOWN, which is not the same as clean.
2026-10-02T11:23:53.2024993Z lint_citation_types: NOT SWEPT (advisory) PMID 13042781 in research/literature/emc-census-2026-09-12/REPORT.md has no row in research/manuscripts/citation-retraction-sweep.json — its retraction status is UNKNOWN, which is not the same as clean.
2026-10-02T11:23:53.2027225Z lint_citation_types: NOT SWEPT (advisory) PMID 16199517 in research/manuscripts/fusion-output/nr4a3-fusion-transcriptional-output-review-response-2026-08-10.md has no row in research/manuscripts/citation-retraction-sweep.json — its retraction status is UNKNOWN, which is not the same as clean.
2026-10-02T11:23:53.2029693Z lint_citation_types: NOT SWEPT (advisory) PMID 17182697 in research/manuscripts/fusion-output/nr4a3-fusion-transcriptional-output-review-response-2026-08-10.md has no row in research/manuscripts/citation-retraction-sweep.json — its retraction status is UNKNOWN, which is not the same as clean.
2026-10-02T11:23:53.2031744Z lint_citation_types: NOT SWEPT (advisory) PMID 17302560 in research/literature/emc-census-2026-09-12/REPORT.md has no row in research/manuscripts/citation-retraction-sweep.json — its retraction status is UNKNOWN, which is not the same as clean.
2026-10-02T11:23:53.2034701Z lint_citation_types: NOT SWEPT (advisory) PMID 17303618 in research/manuscripts/fusion-output/nr4a3-fusion-transcriptional-output-review-response-2026-08-10.md has no row in research/manuscripts/citation-retraction-sweep.json — its retraction status is UNKNOWN, which is not the same as clean.
2026-10-02T11:23:53.2037913Z lint_citation_types: NOT SWEPT (advisory) PMID 17647282 in research/autonomy/evidence-fus-ddit3-2026-09-05/README.md, research/modalities/fus-ddit3-prefix-comparison.md has no row in research/manuscripts/citation-retraction-sweep.json — its retraction status is UNKNOWN, which is not the same as clean.
2026-10-02T11:23:53.2040054Z lint_citation_types: NOT SWEPT (advisory) PMID 18676850 in research/autonomy/sprint-2026-09-01/S55-TWO-BLIND-ROUTES.md has no row in research/manuscripts/citation-retraction-sweep.json — its retraction status is UNKNOWN, which is not the same as clean.
2026-10-02T11:23:53.2042156Z lint_citation_types: NOT SWEPT (advisory) PMID 19847166 in research/manuscripts/fusion-output/nr4a3-fusion-transcriptional-output-review-response-2026-08-10.md has no row in research/manuscripts/citation-retraction-sweep.json — its retraction status is UNKNOWN, which is not the same as clean.
2026-10-02T11:23:53.2044817Z lint_citation_types: NOT SWEPT (advisory) PMID 20048385 in research/manuscripts/fusion-output/nr4a3-fusion-transcriptional-output-review-response-2026-08-10.md has no row in research/manuscripts/citation-retraction-sweep.json — its retraction status is UNKNOWN, which is not the same as clean.
2026-10-02T11:23:53.2047158Z lint_citation_types: NOT SWEPT (advisory) PMID 20287819 in research/manuscripts/fusion-output/nr4a3-fusion-transcriptional-output-review-response-2026-08-10.md has no row in research/manuscripts/citation-retraction-sweep.json — its retraction status is UNKNOWN, which is not the same as clean.
2026-10-02T11:23:53.2049480Z lint_citation_types: NOT SWEPT (advisory) PMID 20610611 in research/manuscripts/fusion-output/nr4a3-fusion-transcriptional-output-review-response-2026-08-10.md has no row in research/manuscripts/citation-retraction-sweep.json — its retraction status is UNKNOWN, which is not the same as clean.
2026-10-02T11:23:53.2051946Z lint_citation_types: NOT SWEPT (advisory) PMID 20818875 in research/manuscripts/emc-mortality-mechanisms-paper.md, research/manuscripts/emc-mortality-mechanisms.md, systems/views/L5-evidence-base.md has no row in research/manuscripts/citation-retraction-sweep.json — its retraction status is UNKNOWN, which is not the same as clean.
2026-10-02T11:23:53.2054500Z lint_citation_types: NOT SWEPT (advisory) PMID 21044043 in research/manuscripts/fusion-output/nr4a3-fusion-transcriptional-output-review-response-2026-08-10.md has no row in research/manuscripts/citation-retraction-sweep.json — its retraction status is UNKNOWN, which is not the same as clean.
2026-10-02T11:23:53.2056596Z lint_citation_types: NOT SWEPT (advisory) PMID 21085121 in research/autonomy/cysteine-source-qualification-20260919/NOTE.md has no row in research/manuscripts/citation-retraction-sweep.json — its retraction status is UNKNOWN, which is not the same as clean.
2026-10-02T11:23:53.2058899Z lint_citation_types: NOT SWEPT (advisory) PMID 22638577 in research/manuscripts/fusion-output/nr4a3-fusion-transcriptional-output-review-response-2026-08-10.md has no row in research/manuscripts/citation-retraction-sweep.json — its retraction status is UNKNOWN, which is not the same as clean.
2026-10-02T11:23:53.2060989Z lint_citation_types: NOT SWEPT (advisory) PMID 23115670 in systems/views/L2-rt-treatment-harm.md has no row in research/manuscripts/citation-retraction-sweep.json — its retraction status is UNKNOWN, which is not the same as clean.
2026-10-02T11:23:53.2063024Z lint_citation_types: NOT SWEPT (advisory) PMID 23323831 in research/manuscripts/fusion-output/nr4a3-fusion-transcriptional-output-review-response-2026-08-10.md has no row in research/manuscripts/citation-retraction-sweep.json — its retraction status is UNKNOWN, which is not the same as clean.
2026-10-02T11:23:53.2065188Z lint_citation_types: NOT SWEPT (advisory) PMID 26434451 in research/literature/emc-census-2026-09-12/REPORT.md has no row in research/manuscripts/citation-retraction-sweep.json — its retraction status is UNKNOWN, which is not the same as clean.
2026-10-02T11:23:53.2067000Z lint_citation_types: NOT SWEPT (advisory) PMID 26869290 in research/literature/emc-census-2026-09-12/REPORT.md has no row in research/manuscripts/citation-retraction-sweep.json — its retraction status is UNKNOWN, which is not the same as clean.
2026-10-02T11:23:53.2069072Z lint_citation_types: NOT SWEPT (advisory) PMID 27124452 in research/manuscripts/fusion-output/nr4a3-fusion-transcriptional-output-review-response-2026-08-10.md has no row in research/manuscripts/citation-retraction-sweep.json — its retraction status is UNKNOWN, which is not the same as clean.
2026-10-02T11:23:53.2071368Z lint_citation_types: NOT SWEPT (advisory) PMID 30400809 in research/manuscripts/fusion-output/nr4a3-fusion-transcriptional-output-review-response-2026-08-10.md has no row in research/manuscripts/citation-retraction-sweep.json — its retraction status is UNKNOWN, which is not the same as clean.
2026-10-02T11:23:53.2073575Z lint_citation_types: NOT SWEPT (advisory) PMID 30511879 in systems/views/L5-evidence-base.md has no row in research/manuscripts/citation-retraction-sweep.json — its retraction status is UNKNOWN, which is not the same as clean.
2026-10-02T11:23:53.2075353Z lint_citation_types: NOT SWEPT (advisory) PMID 30786186 in systems/views/L5-evidence-base.md has no row in research/manuscripts/citation-retraction-sweep.json — its retraction status is UNKNOWN, which is not the same as clean.
2026-10-02T11:23:53.2077048Z lint_citation_types: NOT SWEPT (advisory) PMID 31417269 in systems/views/L5-evidence-base.md has no row in research/manuscripts/citation-retraction-sweep.json — its retraction status is UNKNOWN, which is not the same as clean.
2026-10-02T11:23:53.2079051Z lint_citation_types: NOT SWEPT (advisory) PMID 32026945 in research/manuscripts/fusion-output/nr4a3-fusion-transcriptional-output-review-response-2026-08-10.md has no row in research/manuscripts/citation-retraction-sweep.json — its retraction status is UNKNOWN, which is not the same as clean.
2026-10-02T11:23:53.2081490Z lint_citation_types: NOT SWEPT (advisory) PMID 32953543 in research/manuscripts/emc-mortality-mechanisms-paper.md, research/manuscripts/emc-mortality-mechanisms.md, systems/views/L5-evidence-base.md has no row in research/manuscripts/citation-retraction-sweep.json — its retraction status is UNKNOWN, which is not the same as clean.
2026-10-02T11:23:53.2083943Z lint_citation_types: NOT SWEPT (advisory) PMID 37119813 in research/autonomy/cysteine-source-qualification-20260919/NOTE.md has no row in research/manuscripts/citation-retraction-sweep.json — its retraction status is UNKNOWN, which is not the same as clean.
2026-10-02T11:23:53.2085965Z lint_citation_types: NOT SWEPT (advisory) PMID 37477762 in research/release-candidates/PUB-SURFACE-TARGETS/2026-09-06/ultra-review/report.md has no row in research/manuscripts/citation-retraction-sweep.json — its retraction status is UNKNOWN, which is not the same as clean.
2026-10-02T11:23:53.2088439Z lint_citation_types: NOT SWEPT (advisory) PMID 37781179 in research/manuscripts/emc-mortality-mechanisms-paper.md, research/manuscripts/emc-mortality-mechanisms.md, systems/views/L5-evidence-base.md has no row in research/manuscripts/citation-retraction-sweep.json — its retraction status is UNKNOWN, which is not the same as clean.
2026-10-02T11:23:53.2091327Z lint_citation_types: NOT SWEPT (advisory) PMID 38447752 in research/autonomy/atlas-sample-organ-2026-09-06/report.md, research/autonomy/portfolio-2026-09-05/recommendation.md, research/release-candidates/PUB-SURFACE-TARGETS/2026-09-06/ultra-review/report.md has no row in research/manuscripts/citation-retraction-sweep.json — its retraction status is UNKNOWN, which is not the same as clean.
2026-10-02T11:23:53.2094210Z lint_citation_types: NOT SWEPT (advisory) PMID 38558247 in research/manuscripts/emc-mortality-mechanisms-paper.md, research/manuscripts/emc-mortality-mechanisms.md, systems/views/L5-evidence-base.md has no row in research/manuscripts/citation-retraction-sweep.json — its retraction status is UNKNOWN, which is not the same as clean.
2026-10-02T11:23:53.2096327Z lint_citation_types: NOT SWEPT (advisory) PMID 41799218 in systems/views/L2-rt-vte-prophylaxis.md has no row in research/manuscripts/citation-retraction-sweep.json — its retraction status is UNKNOWN, which is not the same as clean.
2026-10-02T11:23:53.2098124Z lint_citation_types: retraction sweep (2026-09-01) — 1206 prose identifier(s): 842 checked against PubMed, 6 retracted, 238 outside PubMed's reach (arXiv/NCT/GEO/preprint, meeting-abstract, dataset and PDB DOIs — UNKNOWN, not clean), 126 NOT SWEPT.
2026-10-02T11:23:53.2099072Z    OK
2026-10-02T11:23:53.2099376Z == manuscript prose style (journal register, not repository register) ==
2026-10-02T11:23:53.5757937Z    OK
2026-10-02T11:23:53.5758589Z == readability screen (ADVISORY: where to look, not whether the prose is good) ==
2026-10-02T11:23:53.9043657Z    document                                             sent  mean  p90  max  >60w  FKGL  caution/1kw
2026-10-02T11:23:53.9044970Z    response-endpoint-indolent-tumours.md                 320  18.8   35   53     0  11.4         12.3
2026-10-02T11:23:53.9045952Z    emc-mtap-prmt5-hypothesis.md                          273  21.7   38   58     0  12.5         12.7
2026-10-02T11:23:53.9046708Z    emc-mtap-prmt5-hypothesis-SI.md                        88  22.8   38  134     1  11.9         10.0
2026-10-02T11:23:53.9047430Z    emc-atr-collaborator-package.md                       356  20.6   41   57     0  11.8         11.2
2026-10-02T11:23:53.9048114Z    repurposing-hypotheses.md                             265  20.7   37   64     1  14.7          8.2
2026-10-02T11:23:53.9048784Z    emc-surface-target-landscape.md                       304  20.9   38   59     0  13.3          8.2
2026-10-02T11:23:53.9049488Z    emc-surface-target-landscape-si.md                    160  18.3   35   49     0  12.2         12.3
2026-10-02T11:23:53.9050265Z    fusion-junction-aso-supplementary-information.md       98  22.6   45  103     3  12.0          7.7
2026-10-02T11:23:53.9051057Z    fusion-junction-aso-journal-article.md                181  24.4   44   54     0  13.1          9.7
2026-10-02T11:23:53.9051802Z    fusion-junction-aso-journal-tables.md                  13  22.6   38   47     0  12.7         10.2
2026-10-02T11:23:53.9052566Z    fusion-junction-aso-journal-references.md              79  14.9   25   54     0  10.9          0.9
2026-10-02T11:23:53.9053579Z    emc-vaccine-development-path.md                       742  23.8   43   87     3  12.9         11.6
2026-10-02T11:23:53.9054261Z    emc-trial-reachability.md                             116  22.2   40   51     0  12.2         12.8
2026-10-02T11:23:53.9054964Z    
2026-10-02T11:23:53.9056126Z    ⚠ This is a SCREEN. It says where to look. Whether the prose is good is decided by reading it — see the `scientific-writing` skill.
2026-10-02T11:23:53.9057280Z == parser guard (every registered parser can still find its input) ==
2026-10-02T11:23:53.9381523Z    OK
2026-10-02T11:23:53.9382001Z == validate (EMC clinical registry evidence contract) ==
2026-10-02T11:23:54.1525074Z    OK
2026-10-02T11:23:54.1525715Z == generated deposit artifacts reproduce from their generators ==
2026-10-02T11:24:23.0389099Z    OK   submission tables
2026-10-02T11:24:23.0445347Z    OK   claim coverage census
2026-10-02T11:24:23.0501219Z    OK   submission references
2026-10-02T11:24:23.0557522Z    OK   submission metrics
2026-10-02T11:24:23.0615171Z    OK   canonical sequence file
2026-10-02T11:24:23.0671019Z    OK   journal article tables
2026-10-02T11:24:23.0728090Z    OK   offtarget duplex energy
2026-10-02T11:24:23.0783818Z    OK   submission packet
2026-10-02T11:24:23.0838526Z    OK   vaccine-path manuscript tables
2026-10-02T11:24:23.0893659Z    OK   archive manifest
2026-10-02T11:24:23.0948420Z    OK   declared deposit drift
2026-10-02T11:24:23.1002884Z    OK   condensate CALVADOS findings
2026-10-02T11:24:23.1059969Z    OK   ATR HRD sarcoma series
2026-10-02T11:24:23.1115741Z    OK   single-slot artifact identity
2026-10-02T11:24:23.1170519Z    OK   instrument census
2026-10-02T11:24:23.1225278Z    OK   reopening-trigger registry join
2026-10-02T11:24:23.1280760Z    OK   literature citation debt
2026-10-02T11:24:23.1335325Z    OK   news-match queue
2026-10-02T11:24:23.1404637Z == cycle receipts record the fan-out width the cap is checked against ==
2026-10-02T11:24:23.1806295Z       pre-schema (< CYC-0023), width not readable by the cap check, grandfathered: CYC-0000-BOOTSTRAP ((no width recorded)), CYC-0001 ((no width recorded)), CYC-0002 ((no width recorded)), CYC-0003 ((no width recorded)), CYC-0005 ((no width recorded)), CYC-0007 ((no width recorded)), CYC-0009 ((no width recorded)), CYC-0011 (concurrent_max/dispatched), CYC-0012 (concurrent_max/dispatched), CYC-0013 (concurrent_max/dispatched), CYC-0014 (concurrent_max/dispatched), CYC-0015 ((no width recorded)), CYC-0016 (concurrent_max/dispatched), CYC-0018 (dispatched), CYC-0019 (concurrent_max/dispatched), CYC-0020 (launched), CYC-0021 (launched), CYC-0022 (launched)
2026-10-02T11:24:23.1808697Z       107 governed receipt(s), 0 failure(s), 0 unreadable
2026-10-02T11:24:23.1809023Z    OK
2026-10-02T11:24:23.1814711Z == pytest (pure-logic suites) == SKIPPED -- PREFLIGHT_TESTS=1 runs them; tests.yml runs all
2026-10-02T11:24:23.1815693Z    four directories in full on every push and is the authority (trimcrae, 2026-09-02).
2026-10-02T11:24:23.1816820Z == unverified-output residue in the documents that go out (model meta-comments, placeholders) ==
2026-10-02T11:24:24.0854820Z    lint_submission_residue: 38 outgoing document(s), 5 finding(s), 5 baselined, 0 new, 0 stale baseline row(s)
2026-10-02T11:24:24.0856615Z    lint_submission_residue: hallucinated references are gate 6's trigger and remain PARTIAL — 5 named gaps in UNCOVERED_BY_LINT_CITATIONS.
2026-10-02T11:24:24.0857741Z    OK
2026-10-02T11:24:24.0858205Z == the cycle contract names every receipt field the receipt-schema gate requires ==
2026-10-02T11:24:24.1292784Z       required by the gate, and named by the contract: `route_advanced`, `subagents`, `subagents.max_concurrent`, `ccr_session_id`, `ended_utc`
2026-10-02T11:24:24.1293829Z       5 required field path(s), 6 key constant(s), 7743 chars of contract read, 0 disagreement(s)
2026-10-02T11:24:24.1294793Z    OK
2026-10-02T11:24:24.1295382Z == what each test tier costs, against the budget somebody set for it ==
2026-10-02T11:24:26.0914763Z 
2026-10-02T11:24:26.0943529Z ##[error]tier 'commit-loop' is at 1506 test function(s) against a budget of 1500. Adding a test is free; adding this one changes what every run of that tier costs. Either it belongs in a cheaper tier, or something in the tier has stopped earning its place, or the ceiling is genuinely wrong — raise it in scripts/tier-budgets.json WITH the measurement that justifies it, and declare it. Budget's stated reason: The pure-logic suites. At 1,277 functions on 2026-09-02, against a ceiling that leaves ~10 % of headroom for guards a real incident demands. ⛔ THESE ARE NOW OPT-IN (PREFLIGHT_TESTS=1) and out of both the default loop and any paper tier, so the ceiling protects CI's time and the opt-in run's, not the commit loop's. It is kept tight anyway: this is the tier that grew 789 -> 1,119 without anyone deciding to, and none of it is about a manuscript.
2026-10-02T11:24:26.0954488Z    OVER  commit-loop             1506/1500  test function(s) in 109 file(s)
2026-10-02T11:24:26.0955200Z    ok    modalities              7259/7500  test function(s) in 436 file(s)
2026-10-02T11:24:26.0955674Z    ok    paper-guards             988/1000  test function(s) in 114 file(s)
2026-10-02T11:24:26.0969618Z    ⛔ a tier is over its budget -- see scripts/tier-budgets.json for how to answer that,
2026-10-02T11:24:26.0970590Z       and note that raising the ceiling is the LAST of the three options it lists.
2026-10-02T11:24:26.0971453Z == every route's derived ledger id is frozen, not counted ==
2026-10-02T11:24:26.1588946Z    83 route→id bindings, frozen and agreeing with the ledger
2026-10-02T11:24:26.1589852Z    OK
2026-10-02T11:24:26.1836253Z PINNED_SHA=f957a685941d23c28b07fa974502c2fc9c939f6e
2026-10-02T11:24:26.1837677Z 
2026-10-02T11:24:26.1837908Z PREFLIGHT FAILED -- do not commit.
2026-10-02T11:24:26.3326674Z ##[error]Process completed with exit code 1.
2026-10-02T11:24:26.3378968Z ##[group]Run git status --short
2026-10-02T11:24:26.3379482Z [36;1mgit status --short[0m
2026-10-02T11:24:26.3379894Z [36;1mgit diff --exit-code[0m
2026-10-02T11:24:26.3458679Z shell: /usr/bin/bash -e {0}
2026-10-02T11:24:26.3458951Z env:
2026-10-02T11:24:26.3459239Z   pythonLocation: /opt/hostedtoolcache/Python/3.11.16/x64
2026-10-02T11:24:26.3459701Z   PKG_CONFIG_PATH: /opt/hostedtoolcache/Python/3.11.16/x64/lib/pkgconfig
2026-10-02T11:24:26.3460151Z   Python_ROOT_DIR: /opt/hostedtoolcache/Python/3.11.16/x64
2026-10-02T11:24:26.3460576Z   Python2_ROOT_DIR: /opt/hostedtoolcache/Python/3.11.16/x64
2026-10-02T11:24:26.3460979Z   Python3_ROOT_DIR: /opt/hostedtoolcache/Python/3.11.16/x64
2026-10-02T11:24:26.3461379Z   LD_LIBRARY_PATH: /opt/hostedtoolcache/Python/3.11.16/x64/lib
2026-10-02T11:24:26.3461715Z ##[endgroup]
2026-10-02T11:24:26.4005962Z Post job cleanup.
2026-10-02T11:24:26.4908129Z [command]/usr/bin/git version
2026-10-02T11:24:26.4960536Z git version 2.55.0
2026-10-02T11:24:26.5011192Z Temporarily overriding HOME='/home/runner/work/_temp/635ba99a-1754-4f44-9581-446bebce5e41' before making global git config changes
2026-10-02T11:24:26.5012732Z Adding repository directory to the temporary git global config as a safe directory
2026-10-02T11:24:26.5018104Z [command]/usr/bin/git config --global --add safe.directory /home/runner/work/Rare-cancers/Rare-cancers
2026-10-02T11:24:26.5057824Z [command]/usr/bin/git config --local --name-only --get-regexp core\.sshCommand
2026-10-02T11:24:26.5094042Z [command]/usr/bin/git submodule foreach --recursive sh -c "git config --local --name-only --get-regexp 'core\.sshCommand' && git config --local --unset-all 'core.sshCommand' || :"
2026-10-02T11:24:26.5371797Z [command]/usr/bin/git config --local --name-only --get-regexp http\.https\:\/\/github\.com\/\.extraheader
2026-10-02T11:24:26.5446137Z [command]/usr/bin/git submodule foreach --recursive sh -c "git config --local --name-only --get-regexp 'http\.https\:\/\/github\.com\/\.extraheader' && git config --local --unset-all 'http.https://github.com/.extraheader' || :"
2026-10-02T11:24:26.5703963Z [command]/usr/bin/git config --local --name-only --get-regexp ^includeIf\.gitdir:
2026-10-02T11:24:26.5731239Z [command]/usr/bin/git submodule foreach --recursive git config --local --show-origin --name-only --get-regexp remote.origin.url
2026-10-02T11:24:26.6149651Z Cleaning up orphan processes
2026-10-02T11:24:26.6547167Z ##[warning]Node.js 20 is deprecated. The following actions target Node.js 20 but are being forced to run on Node.js 24: actions/checkout@v4, actions/setup-python@v5. For more information see: https://github.blog/changelog/2025-09-19-deprecation-of-node-20-on-github-actions-runners/
