nct	om_title	group_title	evaluable_n	era	family	trial_conditions	n_trial_conditions	n_disease_keys	n_disease_keys_lenient	disease_status	disease_specificity	attributed_key	disease_value	disease_basis	trial_phases	phase_status	phase_value	phase_group_hint	registry_arm_label	registry_arm_type	arm_match_quality	n_arms_registered	registry_has_control_arm	control_status	control_basis	control_flag	producer_control_arm_candidate	group_description	registry_arm_description
NCT00066222	Tumor Response	Radiation Therapy + Chemotherapy	68	1999_2009	bor	Lung Cancer	1	1	1	TRIAL_SINGLE	BROAD_CATEGORY_ONLY	lung	Lung Cancer	trial lists exactly one condition	PHASE2	TRIAL_SINGLE	PHASE2		Radiation Therapy + Chemotherapy	EXPERIMENTAL	EXACT	1	False	NOT_CONTROL	registry arm 'Radiation Therapy + Chemotherapy' type=EXPERIMENTAL (EXACT match)		False	Accelerated high dose thoracic RT with concurrent cisplatin/etoposide chemotherapy, followed by 2 cycles of adjuvant cisplatin/etoposide chemotherapy	Accelerated high dose thoracic radiation therapy (RT) with concurrent cisplatin/etoposide chemotherapy, followed by 2 cycles of adjuvant cisplatin/etoposide chemotherapy
NCT00183820	Tumor Response	Paclitaxel, Gemcitabine, and Oxaliplatin	29	1999_2009	bor	Testicular Cancer ; Germ Cell Neoplasm	2	2	2	MIXED	UNASSIGNABLE			2 distinct disease keys at trial level, no single-disease group evidence	PHASE2	TRIAL_SINGLE	PHASE2		paclitaxel, gemcitabine, and oxaliplatin	EXPERIMENTAL	NORMALIZED	1	False	NOT_CONTROL	registry arm 'paclitaxel, gemcitabine, and oxaliplatin' type=EXPERIMENTAL (NORMALIZED match)		False	paclitaxel, gemcitabine, and oxaliplatin:  1. Paclitaxel 170 mg/m2 IV d 1 14 days 2. Gemcitabine 800 mg/m2 IV d 1 14 days 3. Oxaliplatin 100 mg/m2 IV d 1 14 days	
NCT00298896	Best Overall Response	SNS-595	47	1999_2009	bor	Carcinoma, Small Cell ; Small Cell Lung Cancer	2	2	2	MIXED	UNASSIGNABLE			2 distinct disease keys at trial level, no single-disease group evidence	PHASE2	TRIAL_SINGLE	PHASE2		SNS-595	EXPERIMENTAL	EXACT	1	False	NOT_CONTROL	registry arm 'SNS-595' type=EXPERIMENTAL (EXACT match)		False	SNS-595; 48 mg/m2 administered IV once every 21 days for up to 6 cycles.	SNS-595; 48 mg/m2 administered IV once every 21 days for up to 6 cycles.
NCT00301067	Tumor Response	Temozolomide and Calcitriol (Cohort 1-3+Expansion)	20	1999_2009	bor	Metastatic Melanoma	1	1	1	TRIAL_SINGLE	NAMES_A_TUMOUR_TYPE	melanoma	Metastatic Melanoma	trial lists exactly one condition	PHASE1/PHASE2	MIXED	PHASE1/PHASE2				NONE	4	False	UNKNOWN	no strong arm match (NONE) and no control language in the group record		False	Temozolomide dose of 150 mg/m2 will be administered orally on days 2-8 and 16-22 every cycle where 1 cycle equals 28 days.  Calcitriol dose of 0.2, 0.3, or 0.5 mcg/kg will be administered orally on days 1 and 15 every cycle where 1 cycle equals 28 days.  Calcitriol: The patient will receive calcitriol in capsule form by mouth on Days 1 and 15 of every cycle  Temozolomide: The patient will receive 	
NCT00389805	Number of Participants With Response to Therapy as Measured by RECIST (Phase I)	Arm A	15	1999_2009	bor	Lung Cancer ; Unspecified Adult Solid Tumor, Protocol Specific	2	2	2	MIXED	UNASSIGNABLE			2 distinct disease keys at trial level, no single-disease group evidence	PHASE1/PHASE2	MIXED	PHASE1/PHASE2	Phase I			NONE	0	False	NOT_CONTROL_SINGLE_ARM_TRIAL	trial registers 0 arm group(s)		False	Pemetrexed on day 1 and bortezomib days 1, 4, 8, and 11 every 21 days	
NCT00389805	Number of Participants With Response to Therapy as Measured by RECIST (Phase I)	Arm B	12	1999_2009	bor	Lung Cancer ; Unspecified Adult Solid Tumor, Protocol Specific	2	2	2	MIXED	UNASSIGNABLE			2 distinct disease keys at trial level, no single-disease group evidence	PHASE1/PHASE2	MIXED	PHASE1/PHASE2	Phase I			NONE	0	False	NOT_CONTROL_SINGLE_ARM_TRIAL	trial registers 0 arm group(s)		False	Pemetrexed on day 1 and bortezomib days 1 and 8 every 21 days	
NCT00600340	Best Overall Response (ITT Population)	Bevacizumab Plus Capecitabine	261	1999_2009	bor	Metastatic Breast Cancer	1	1	1	TRIAL_SINGLE	NAMES_A_TUMOUR_TYPE	breast	Metastatic Breast Cancer	trial lists exactly one condition	PHASE3	TRIAL_SINGLE	PHASE3				NONE	2	True	UNKNOWN	no strong arm match (NONE) and no control language in the group record		False	Bevacizumab 15 mg/kg i.v., day 1, every 3 weeks, Capecitabine 1000 mg/m² twice-daily, days 1-14, every 3 weeks	
NCT00600340	Best Overall Response (ITT Population)	Bevacizumab Plus Paclitaxel	270	1999_2009	bor	Metastatic Breast Cancer	1	1	1	TRIAL_SINGLE	NAMES_A_TUMOUR_TYPE	breast	Metastatic Breast Cancer	trial lists exactly one condition	PHASE3	TRIAL_SINGLE	PHASE3				NONE	2	True	UNKNOWN	no strong arm match (NONE) and no control language in the group record		False	Bevacizumab 10 mg/kg intravenous (i.v.), days 1 and 15, every 4 weeks, Paclitaxel 90 mg/m2, days 1, 8 and 15, every 4 weeks	
NCT00600340	Best Overall Response (PP Population)	Bevacizumab Plus Capecitabine	249	1999_2009	bor	Metastatic Breast Cancer	1	1	1	TRIAL_SINGLE	NAMES_A_TUMOUR_TYPE	breast	Metastatic Breast Cancer	trial lists exactly one condition	PHASE3	TRIAL_SINGLE	PHASE3				NONE	2	True	UNKNOWN	no strong arm match (NONE) and no control language in the group record		False	Bevacizumab 15 mg/kg i.v., day 1, every 3 weeks, Capecitabine 1000 mg/m² twice-daily, days 1-14, every 3 weeks	
NCT00600340	Best Overall Response (PP Population)	Bevacizumab Plus Paclitaxel	255	1999_2009	bor	Metastatic Breast Cancer	1	1	1	TRIAL_SINGLE	NAMES_A_TUMOUR_TYPE	breast	Metastatic Breast Cancer	trial lists exactly one condition	PHASE3	TRIAL_SINGLE	PHASE3				NONE	2	True	UNKNOWN	no strong arm match (NONE) and no control language in the group record		False	Bevacizumab 10 mg/kg intravenous (i.v.), days 1 and 15, every 4 weeks, Paclitaxel 90 mg/m2, days 1, 8 and 15, every 4 weeks	
NCT00600340	Unconfirmed Best Overall Response (ITT Population)	Bevacizumab Plus Capecitabine	261	1999_2009	bor	Metastatic Breast Cancer	1	1	1	TRIAL_SINGLE	NAMES_A_TUMOUR_TYPE	breast	Metastatic Breast Cancer	trial lists exactly one condition	PHASE3	TRIAL_SINGLE	PHASE3				NONE	2	True	UNKNOWN	no strong arm match (NONE) and no control language in the group record		False	Bevacizumab 15 mg/kg i.v., day 1, every 3 weeks, Capecitabine 1000 mg/m² twice-daily, days 1-14, every 3 weeks	
NCT00600340	Unconfirmed Best Overall Response (ITT Population)	Bevacizumab Plus Paclitaxel	270	1999_2009	bor	Metastatic Breast Cancer	1	1	1	TRIAL_SINGLE	NAMES_A_TUMOUR_TYPE	breast	Metastatic Breast Cancer	trial lists exactly one condition	PHASE3	TRIAL_SINGLE	PHASE3				NONE	2	True	UNKNOWN	no strong arm match (NONE) and no control language in the group record		False	Bevacizumab 10 mg/kg intravenous (i.v.), days 1 and 15, every 4 weeks, Paclitaxel 90 mg/m2, days 1, 8 and 15, every 4 weeks	
NCT00600340	Unconfirmed Best Overall Response (PP Population)	Bevacizumab Plus Capecitabine	249	1999_2009	bor	Metastatic Breast Cancer	1	1	1	TRIAL_SINGLE	NAMES_A_TUMOUR_TYPE	breast	Metastatic Breast Cancer	trial lists exactly one condition	PHASE3	TRIAL_SINGLE	PHASE3				NONE	2	True	UNKNOWN	no strong arm match (NONE) and no control language in the group record		False	Bevacizumab 15 mg/kg i.v., day 1, every 3 weeks, Capecitabine 1000 mg/m² twice-daily, days 1-14, every 3 weeks	
NCT00600340	Unconfirmed Best Overall Response (PP Population)	Bevacizumab Plus Paclitaxel	255	1999_2009	bor	Metastatic Breast Cancer	1	1	1	TRIAL_SINGLE	NAMES_A_TUMOUR_TYPE	breast	Metastatic Breast Cancer	trial lists exactly one condition	PHASE3	TRIAL_SINGLE	PHASE3				NONE	2	True	UNKNOWN	no strong arm match (NONE) and no control language in the group record		False	Bevacizumab 10 mg/kg intravenous (i.v.), days 1 and 15, every 4 weeks, Paclitaxel 90 mg/m2, days 1, 8 and 15, every 4 weeks	
NCT00601003	Best Radiological Response in Participants Using the RECIST Criteria	Nifurtimox	76	1999_2009	bor	Neuroblastoma ; Medulloblastoma	2	2	2	MIXED	UNASSIGNABLE			2 distinct disease keys at trial level, no single-disease group evidence	PHASE2	TRIAL_SINGLE	PHASE2		Nifurtimox	EXPERIMENTAL	EXACT	1	False	NOT_CONTROL	registry arm 'Nifurtimox' type=EXPERIMENTAL (EXACT match)		False	Nifurtimox: 30mg/kg/day PO divided into TID dosing q day  Cyclophosphamide: 250 mg/m2/dose in normal saline, IV, infused over 30 minutes on days 1-5 of each cycle.  Topotecan: 0.75mg/m2/dose, in normal saline, IV, infused over 30 minutes on days 1-5 of each cycle.	
NCT00654238	To Determine the Efficacy (Best Response) of BAY 43-9006 (Objective Response Rate and Stable Disease) in Patients With Metastatic Thyroid Carcinoma.	Sorafenib	1	1999_2009	bor	Metastatic Differentiated Thyroid Cancer ; Metastatic Poorly Differentiated Thyroid Cancer ; Metastatic Anaplastic Thyroid Cancer ; Metastatic Medullary Thyroid Cancer	4	4	4	MIXED	UNASSIGNABLE			4 distinct disease keys at trial level, no single-disease group evidence	PHASE2	TRIAL_SINGLE	PHASE2				NONE	1	False	NOT_CONTROL_SINGLE_ARM_TRIAL	trial registers 1 arm group(s)		False	This is a single arm study.  sorafenib: 400mg PO BID daily	
NCT00756509	Proportion of Participants With Best Overall Response at Month 6 (Core Phase) Determined According to the RECIST v1.0.	Nilotinib	41	1999_2009	bor	Gastrointestinal Stromal Tumors	1	1	1	TRIAL_SINGLE	NAMES_A_TUMOUR_TYPE	gastrointestinal stromal	Gastrointestinal Stromal Tumors	trial lists exactly one condition	PHASE4	TRIAL_SINGLE	PHASE4		nilotinib	EXPERIMENTAL	NORMALIZED	1	False	NOT_CONTROL	registry arm 'nilotinib' type=EXPERIMENTAL (NORMALIZED match)		False	Participants who received 400 mg bid of nilotinib	nilotinib
NCT00836888	Best Overall Response	ONO-4538 10mg/kg Cohorts	6	1999_2009	bor	Malignant Solid Tumor	1	1	1	TRIAL_SINGLE	NOT_A_DISEASE_UMBRELLA	solid	Malignant Solid Tumor	trial lists exactly one condition	PHASE1	TRIAL_SINGLE	PHASE1		Cohort	EXPERIMENTAL	CONTAINMENT	1	False	UNKNOWN_WEAK_MATCH_ONLY	only a substring match to registry arm 'Cohort' (type=EXPERIMENTAL); not group-supported		False	Administer ONO-4538 10mg/kg as an intravenous infusion over ≥1 hour	
NCT00836888	Best Overall Response	ONO-4538 1mg/kg Cohorts	3	1999_2009	bor	Malignant Solid Tumor	1	1	1	TRIAL_SINGLE	NOT_A_DISEASE_UMBRELLA	solid	Malignant Solid Tumor	trial lists exactly one condition	PHASE1	TRIAL_SINGLE	PHASE1		Cohort	EXPERIMENTAL	CONTAINMENT	1	False	UNKNOWN_WEAK_MATCH_ONLY	only a substring match to registry arm 'Cohort' (type=EXPERIMENTAL); not group-supported		False	Administer ONO-4538 1mg/kg as an intravenous infusion over ≥1 hour	
NCT00836888	Best Overall Response	ONO-4538 20mg/kg Cohorts	3	1999_2009	bor	Malignant Solid Tumor	1	1	1	TRIAL_SINGLE	NOT_A_DISEASE_UMBRELLA	solid	Malignant Solid Tumor	trial lists exactly one condition	PHASE1	TRIAL_SINGLE	PHASE1		Cohort	EXPERIMENTAL	CONTAINMENT	1	False	UNKNOWN_WEAK_MATCH_ONLY	only a substring match to registry arm 'Cohort' (type=EXPERIMENTAL); not group-supported		False	Administer ONO-4538 20mg/kg as an intravenous infusion over ≥1 hour	
NCT00836888	Best Overall Response	ONO-4538 3mg/kg Cohorts	5	1999_2009	bor	Malignant Solid Tumor	1	1	1	TRIAL_SINGLE	NOT_A_DISEASE_UMBRELLA	solid	Malignant Solid Tumor	trial lists exactly one condition	PHASE1	TRIAL_SINGLE	PHASE1		Cohort	EXPERIMENTAL	CONTAINMENT	1	False	UNKNOWN_WEAK_MATCH_ONLY	only a substring match to registry arm 'Cohort' (type=EXPERIMENTAL); not group-supported		False	Administer ONO-4538 3mg/kg as an intravenous infusion over ≥1 hour	
NCT00858117	Best Response in Patients Treated With Alemtuzumab and Rituximab Combination Assessed by NCI-WG 1996 Criteria With Lymphadenopathy and Organomegaly Measured During Physical Examination	Alemtuzumab and Rituximab	30	1999_2009	bor	Leukemia	1	1	1	TRIAL_SINGLE	BROAD_CATEGORY_ONLY	leukemia	Leukemia	trial lists exactly one condition	PHASE2	TRIAL_SINGLE	PHASE2		Alemtuzumab and Rituximab	EXPERIMENTAL	EXACT	1	False	NOT_CONTROL	registry arm 'Alemtuzumab and Rituximab' type=EXPERIMENTAL (EXACT match)		False	Administration of Alemtuzumab combined with Rituximab to test the feasibility of combining these two monoclonal antibodies as a first line therapy in patients with B-cell chronic lymphocytic leukemia.  Alemtuzumab: Alemtuzumab administered subcutaneously 30mg per day, 3 days per week for 18 weeks  Rituximab: Rituximab administered intravenously at 375mg/m2 every 2 weeks (starting week 3) for 18 we	Administration of Alemtuzumab combined with Rituximab to test the feasibility of combining these two monoclonal antibodies as a first line therapy in patients with B-cell chronic lymphocytic leukemia.
NCT00858117	Best Response in Patients Treated With Alemtuzumab and Rituximab Combination Assessed by NCI-WG 1996 Criteria With Measurements of the Lymph Nodes and Spleen Size by CT Scans	Alemtuzumab and Rituximab	30	1999_2009	bor	Leukemia	1	1	1	TRIAL_SINGLE	BROAD_CATEGORY_ONLY	leukemia	Leukemia	trial lists exactly one condition	PHASE2	TRIAL_SINGLE	PHASE2		Alemtuzumab and Rituximab	EXPERIMENTAL	EXACT	1	False	NOT_CONTROL	registry arm 'Alemtuzumab and Rituximab' type=EXPERIMENTAL (EXACT match)		False	Administration of Alemtuzumab combined with Rituximab to test the feasibility of combining these two monoclonal antibodies as a first line therapy in patients with B-cell chronic lymphocytic leukemia.  Alemtuzumab: Alemtuzumab administered subcutaneously 30mg per day, 3 days per week for 18 weeks  Rituximab: Rituximab administered intravenously at 375mg/m2 every 2 weeks (starting week 3) for 18 we	Administration of Alemtuzumab combined with Rituximab to test the feasibility of combining these two monoclonal antibodies as a first line therapy in patients with B-cell chronic lymphocytic leukemia.
NCT00876993	Best Response of Children With Recurrent or Refractory Central Nervous System Tumors With This Combination of Chemotherapy Agents.	Cohort 1 - Dose Level 1	4	1999_2009	bor	Central Nervous System Tumors	1	1	1	TRIAL_SINGLE	BROAD_CATEGORY_ONLY	central nervous system	Central Nervous System Tumors	trial lists exactly one condition	PHASE1	TRIAL_SINGLE	PHASE1		Dose Level 1	EXPERIMENTAL	CONTAINMENT	5	False	UNKNOWN_WEAK_MATCH_ONLY	only a substring match to registry arm 'Dose Level 1' (type=EXPERIMENTAL); not group-supported		False	Bevacizmuab 10 mg/kg IV days 1 and 15 Irinotecan 125 mg/m\^2 IV days 1 and 15 Temozolomide 125 mg/m\^2 PO days 1-5 28 day cycle	Bevacizmuab 10 mg/kg IV Irinotecan 125 mg/m\^2 IV Temozolomide 125 mg/m\^2 PO
NCT00876993	Best Response of Children With Recurrent or Refractory Central Nervous System Tumors With This Combination of Chemotherapy Agents.	Cohort 2 - Dose Level 0	6	1999_2009	bor	Central Nervous System Tumors	1	1	1	TRIAL_SINGLE	BROAD_CATEGORY_ONLY	central nervous system	Central Nervous System Tumors	trial lists exactly one condition	PHASE1	TRIAL_SINGLE	PHASE1		Dose Level 0	EXPERIMENTAL	CONTAINMENT	5	False	UNKNOWN_WEAK_MATCH_ONLY	only a substring match to registry arm 'Dose Level 0' (type=EXPERIMENTAL); not group-supported		False	Bevacizmuab 10 mg/kg IV days 1 and 15 Irinotecan 125 mg/m\^2 IV days 1 and 15 Temozolomide 75 mg/m\^2 PO days 1-5 28 day cycle	Bevacizmuab 10 mg/kg IV Irinotecan 125 mg/m\^2 IV Temozolomide 75 mg/m\^2 PO
NCT00876993	Best Response of Children With Recurrent or Refractory Central Nervous System Tumors With This Combination of Chemotherapy Agents.	Cohort 3 - Dose Level 1	3	1999_2009	bor	Central Nervous System Tumors	1	1	1	TRIAL_SINGLE	BROAD_CATEGORY_ONLY	central nervous system	Central Nervous System Tumors	trial lists exactly one condition	PHASE1	TRIAL_SINGLE	PHASE1		Dose Level 1	EXPERIMENTAL	CONTAINMENT	5	False	UNKNOWN_WEAK_MATCH_ONLY	only a substring match to registry arm 'Dose Level 1' (type=EXPERIMENTAL); not group-supported		False	Bevacizmuab 10 mg/kg IV days 1 and 15 Irinotecan 125 mg/m\^2 IV days 1 and 15 Temozolomide 125 mg/m\^2 PO days 1-5 28 day cycle	Bevacizmuab 10 mg/kg IV Irinotecan 125 mg/m\^2 IV Temozolomide 125 mg/m\^2 PO
NCT00876993	Best Response of Children With Recurrent or Refractory Central Nervous System Tumors With This Combination of Chemotherapy Agents.	Cohort 4 - Dose Level 2	5	1999_2009	bor	Central Nervous System Tumors	1	1	1	TRIAL_SINGLE	BROAD_CATEGORY_ONLY	central nervous system	Central Nervous System Tumors	trial lists exactly one condition	PHASE1	TRIAL_SINGLE	PHASE1		Dose Level 2	EXPERIMENTAL	CONTAINMENT	5	False	UNKNOWN_WEAK_MATCH_ONLY	only a substring match to registry arm 'Dose Level 2' (type=EXPERIMENTAL); not group-supported		False	Bevacizmuab 10 mg/kg IV days 1 and 15 Irinotecan 125 mg/m\^2 IV days 1 and 15 Temozolomide 175 mg/m\^2 PO days 1-5 28 day cycle	Bevacizmuab 10 mg/kg IV Irinotecan 125 mg/m\^2 IV Temozolomide 175 mg/m\^2 PO
NCT00876993	Best Response of Children With Recurrent or Refractory Central Nervous System Tumors With This Combination of Chemotherapy Agents.	Cohort 5 - Dose Level 1	3	1999_2009	bor	Central Nervous System Tumors	1	1	1	TRIAL_SINGLE	BROAD_CATEGORY_ONLY	central nervous system	Central Nervous System Tumors	trial lists exactly one condition	PHASE1	TRIAL_SINGLE	PHASE1		Dose Level 1	EXPERIMENTAL	CONTAINMENT	5	False	UNKNOWN_WEAK_MATCH_ONLY	only a substring match to registry arm 'Dose Level 1' (type=EXPERIMENTAL); not group-supported		False	Bevacizmuab 10 mg/kg IV days 1 and 15 Irinotecan 125 mg/m\^2 IV days 1 and 15 Temozolomide 125 mg/m\^2 PO days 1-5 28 day cycle	Bevacizmuab 10 mg/kg IV Irinotecan 125 mg/m\^2 IV Temozolomide 125 mg/m\^2 PO
NCT00942162	Best Overall Response (BOR) by GS	GSK2132231A GS+ Group	57	1999_2009	bor	Melanoma	1	1	1	TRIAL_SINGLE	NAMES_A_TUMOUR_TYPE	melanoma	Melanoma	trial lists exactly one condition	PHASE2	TRIAL_SINGLE	PHASE2		GSK2132231A GS+ Group	EXPERIMENTAL	EXACT	3	False	NOT_CONTROL	registry arm 'GSK2132231A GS+ Group' type=EXPERIMENTAL (EXACT match)		False	Patients with the pre-specified gene signature (GS), who received intramuscularly up to 24 doses of MAGE-A3 ASCI (the study product), in 4 cycles. Gene-signature sub-grouping was based on patients having a potentially predictive gene signature, as assessed at screening.	Patients with the pre-specified gene signature (GS), who received intramuscularly up to 24 doses of MAGE-A3 ASCI (the study product), in 4 cycles. Gene-signature sub-grouping was based on patients having a potentially predictive gene signature, as assessed at screening.
NCT00942162	Best Overall Response (BOR) by GS	GSK2132231A GS- Group	45	1999_2009	bor	Melanoma	1	1	1	TRIAL_SINGLE	NAMES_A_TUMOUR_TYPE	melanoma	Melanoma	trial lists exactly one condition	PHASE2	TRIAL_SINGLE	PHASE2		GSK2132231A GS- Group	EXPERIMENTAL	EXACT	3	False	NOT_CONTROL	registry arm 'GSK2132231A GS- Group' type=EXPERIMENTAL (EXACT match)		False	Patients without the pre-specified gene signature (GS), planned to receive intramuscularly up to 24 doses of MAGE-A3 ASCI (the study product), in 4 cycles. Gene-signature sub-grouping was based on patients having a potentially predictive gene signature, as assessed at screening.	Patients without the pre-specified gene signature (GS), planned to receive intramuscularly up to 24 doses of MAGE-A3 ASCI (the study product), in 4 cycles. Gene-signature sub-grouping was based on patients having a potentially predictive gene signature, as assessed at screening.
NCT00942162	Best Overall Response (BOR) by GS	GSK2132231A GS-unknown Group	2	1999_2009	bor	Melanoma	1	1	1	TRIAL_SINGLE	NAMES_A_TUMOUR_TYPE	melanoma	Melanoma	trial lists exactly one condition	PHASE2	TRIAL_SINGLE	PHASE2		GSK2132231A GS-unknown Group	EXPERIMENTAL	EXACT	3	False	NOT_CONTROL	registry arm 'GSK2132231A GS-unknown Group' type=EXPERIMENTAL (EXACT match)		False	Patients with unknown gene signature (GS), planned to receive intramuscularly up to 24 doses of MAGE\_A3 ASCI (the study product), in 4 cycles. Gene-signature sub-grouping was based on patients having a potentially predictive gene signature, as assessed at screening.	Patients with unknown gene signature (GS), planned to receive intramuscularly up to 24 doses of MAGE\_A3 ASCI (the study product), in 4 cycles. Gene-signature sub-grouping was based on patients having a potentially predictive gene signature, as assessed at screening.
NCT00946153	Phase 1: Best Overall Response (BOR) of Lenvatinib by Investigator Assessment	Phase 1: Group 1: Lenvatinib: 12 mg	5	1999_2009	bor	Hepatocellular Carcinoma	1	1	1	TRIAL_SINGLE	NAMES_A_TUMOUR_TYPE	hepatocellular	Hepatocellular Carcinoma	trial lists exactly one condition	PHASE1/PHASE2	MIXED	PHASE1/PHASE2	Phase 1	Lenvatinib	EXPERIMENTAL	CONTAINMENT	1	False	UNKNOWN_WEAK_MATCH_ONLY	only a substring match to registry arm 'Lenvatinib' (type=EXPERIMENTAL); not group-supported		False	Participants with CP scores of 5 or 6 received a starting dose of 12 mg (three 4 mg tablets) lenvatinib orally QD in a 28-day treatment cycle in the dose-escalation scheme (group 1) on an empty stomach or at least 1 hour after eating until the tolerated dose was achieved.	
NCT00946153	Phase 1: Best Overall Response (BOR) of Lenvatinib by Investigator Assessment	Phase 1: Group 2: Lenvatinib: 12 mg	5	1999_2009	bor	Hepatocellular Carcinoma	1	1	1	TRIAL_SINGLE	NAMES_A_TUMOUR_TYPE	hepatocellular	Hepatocellular Carcinoma	trial lists exactly one condition	PHASE1/PHASE2	MIXED	PHASE1/PHASE2	Phase 1	Lenvatinib	EXPERIMENTAL	CONTAINMENT	1	False	UNKNOWN_WEAK_MATCH_ONLY	only a substring match to registry arm 'Lenvatinib' (type=EXPERIMENTAL); not group-supported		False	Participants with CP scores of 7 or 8 received 12 mg (three 4 mg tablets) lenvatinib orally QD in a 28-day treatment cycle in the dose-determination scheme (group 2) on an empty stomach or at least 1 hour after eating.	
NCT00946153	Phase 1: Best Overall Response (BOR) of Lenvatinib by Investigator Assessment	Phase 1: Group 2: Lenvatinib: 8 mg	6	1999_2009	bor	Hepatocellular Carcinoma	1	1	1	TRIAL_SINGLE	NAMES_A_TUMOUR_TYPE	hepatocellular	Hepatocellular Carcinoma	trial lists exactly one condition	PHASE1/PHASE2	MIXED	PHASE1/PHASE2	Phase 1	Lenvatinib	EXPERIMENTAL	CONTAINMENT	1	False	UNKNOWN_WEAK_MATCH_ONLY	only a substring match to registry arm 'Lenvatinib' (type=EXPERIMENTAL); not group-supported		False	Participants with CP scores of 7 or 8 received 8 mg (two 4 mg tablets) lenvatinib orally QD in a 28-day treatment cycle which was the lowest dose at which tolerability was confirmed in group1, was used as the starting dose in the dose-determination scheme (group 2) on an empty stomach or at least 1 hour after eating.	
NCT00946153	Phase 1: Best Overall Response (BOR) of Lenvatinib by Investigator Assessment	Phase 1: Group1: Lenvatinib: 16 mg	3	1999_2009	bor	Hepatocellular Carcinoma	1	1	1	TRIAL_SINGLE	NAMES_A_TUMOUR_TYPE	hepatocellular	Hepatocellular Carcinoma	trial lists exactly one condition	PHASE1/PHASE2	MIXED	PHASE1/PHASE2	Phase 1	Lenvatinib	EXPERIMENTAL	CONTAINMENT	1	False	UNKNOWN_WEAK_MATCH_ONLY	only a substring match to registry arm 'Lenvatinib' (type=EXPERIMENTAL); not group-supported		False	Participants with CP scores of 5 or 6 received 16 mg (four 4 mg tablets) lenvatinib orally QD in a 28-day treatment cycle in the dose-escalation scheme (group 1) on an empty stomach or at least 1 hour after eating.	
NCT01648764	Number of Participants With Best Overall Response (BOR)	100 mg LY - Arm A Dose Escalation	5	1999_2009	bor	Malignant Solid Tumor ; Solid Tumor ; Metastatic Tumor	3	2	2	GROUP_SPECIFIC	NOT_A_DISEASE_UMBRELLA	solid	Malignant Solid Tumor	group/arm/outcome text names exactly one of the trial conditions	PHASE1	TRIAL_SINGLE	PHASE1	Dose Escalation			NONE	2	False	UNKNOWN	no strong arm match (NONE) and no control language in the group record		False	100 mg LY2334737 administered orally every other day for 21 days followed by 7 days without study drug (28-day treatment cycle). Participants could have received additional treatment cycles until discontinuation criterion was met.	
NCT01648764	Number of Participants With Best Overall Response (BOR)	40 mg LY - Arm A Dose Escalation	3	1999_2009	bor	Malignant Solid Tumor ; Solid Tumor ; Metastatic Tumor	3	2	2	GROUP_SPECIFIC	NOT_A_DISEASE_UMBRELLA	solid	Malignant Solid Tumor	group/arm/outcome text names exactly one of the trial conditions	PHASE1	TRIAL_SINGLE	PHASE1	Dose Escalation			NONE	2	False	UNKNOWN	no strong arm match (NONE) and no control language in the group record		False	40 milligrams (mg) LY2334737 (LY) administered orally every other day for 21 days followed by 7 days without study drug (28-day treatment cycle). Participants could have received additional treatment cycles until discontinuation criterion was met.	
NCT01648764	Number of Participants With Best Overall Response (BOR)	40 mg LY - Arm B Dose Escalation	3	1999_2009	bor	Malignant Solid Tumor ; Solid Tumor ; Metastatic Tumor	3	2	2	GROUP_SPECIFIC	NOT_A_DISEASE_UMBRELLA	solid	Malignant Solid Tumor	group/arm/outcome text names exactly one of the trial conditions	PHASE1	TRIAL_SINGLE	PHASE1	Dose Escalation			NONE	2	False	UNKNOWN	no strong arm match (NONE) and no control language in the group record		False	40 mg LY2334737 administered orally every day for 7 days followed by 7 days without study drug then repeated (28-day treatment cycle). Participants could have received additional treatment cycles until discontinuation criterion was met.	
NCT01648764	Number of Participants With Best Overall Response (BOR)	50 mg LY - Arm A Dose Escalation	3	1999_2009	bor	Malignant Solid Tumor ; Solid Tumor ; Metastatic Tumor	3	2	2	GROUP_SPECIFIC	NOT_A_DISEASE_UMBRELLA	solid	Malignant Solid Tumor	group/arm/outcome text names exactly one of the trial conditions	PHASE1	TRIAL_SINGLE	PHASE1	Dose Escalation			NONE	2	False	UNKNOWN	no strong arm match (NONE) and no control language in the group record		False	50 mg LY2334737 administered orally every other day for 21 days followed by 7 days without study drug (28-day treatment cycle). Participants could have received additional treatment cycles until discontinuation criterion was met.	
NCT01648764	Number of Participants With Best Overall Response (BOR)	50 mg LY - Arm B Dose Escalation	3	1999_2009	bor	Malignant Solid Tumor ; Solid Tumor ; Metastatic Tumor	3	2	2	GROUP_SPECIFIC	NOT_A_DISEASE_UMBRELLA	solid	Malignant Solid Tumor	group/arm/outcome text names exactly one of the trial conditions	PHASE1	TRIAL_SINGLE	PHASE1	Dose Escalation			NONE	2	False	UNKNOWN	no strong arm match (NONE) and no control language in the group record		False	50 mg LY2334737 administered orally every day for 7 days followed by 7 days without study drug then repeated (28-day treatment cycle). Participants could have received additional treatment cycles until discontinuation criterion was met.	
NCT01648764	Number of Participants With Best Overall Response (BOR)	60 mg LY - Arm A Dose Escalation	3	1999_2009	bor	Malignant Solid Tumor ; Solid Tumor ; Metastatic Tumor	3	2	2	GROUP_SPECIFIC	NOT_A_DISEASE_UMBRELLA	solid	Malignant Solid Tumor	group/arm/outcome text names exactly one of the trial conditions	PHASE1	TRIAL_SINGLE	PHASE1	Dose Escalation			NONE	2	False	UNKNOWN	no strong arm match (NONE) and no control language in the group record		False	60 mg LY2334737 administered orally every other day for 21 days followed by 7 days without study drug (28-day treatment cycle). Participants could have received additional treatment cycles until discontinuation criterion was met.	
NCT01648764	Number of Participants With Best Overall Response (BOR)	60 mg LY - Arm B Dose Escalation	5	1999_2009	bor	Malignant Solid Tumor ; Solid Tumor ; Metastatic Tumor	3	2	2	GROUP_SPECIFIC	NOT_A_DISEASE_UMBRELLA	solid	Malignant Solid Tumor	group/arm/outcome text names exactly one of the trial conditions	PHASE1	TRIAL_SINGLE	PHASE1	Dose Escalation			NONE	2	False	UNKNOWN	no strong arm match (NONE) and no control language in the group record		False	60 mg LY2334737 administered orally every day for 7 days followed by 7 days without study drug then repeated (28-day treatment cycle). Participants could have received additional treatment cycles until discontinuation criterion was met.	
NCT01648764	Number of Participants With Best Overall Response (BOR)	70 mg LY - Arm A Dose Escalation	3	1999_2009	bor	Malignant Solid Tumor ; Solid Tumor ; Metastatic Tumor	3	2	2	GROUP_SPECIFIC	NOT_A_DISEASE_UMBRELLA	solid	Malignant Solid Tumor	group/arm/outcome text names exactly one of the trial conditions	PHASE1	TRIAL_SINGLE	PHASE1	Dose Escalation			NONE	2	False	UNKNOWN	no strong arm match (NONE) and no control language in the group record		False	70 mg LY2334737 administered orally every other day for 21 days followed by 7 days without study drug (28-day treatment cycle). Participants could have received additional treatment cycles until discontinuation criterion was met.	
NCT01648764	Number of Participants With Best Overall Response (BOR)	70 mg LY - Arm B Dose Escalation	3	1999_2009	bor	Malignant Solid Tumor ; Solid Tumor ; Metastatic Tumor	3	2	2	GROUP_SPECIFIC	NOT_A_DISEASE_UMBRELLA	solid	Malignant Solid Tumor	group/arm/outcome text names exactly one of the trial conditions	PHASE1	TRIAL_SINGLE	PHASE1	Dose Escalation			NONE	2	False	UNKNOWN	no strong arm match (NONE) and no control language in the group record		False	70 mg LY2334737 administered orally every day for 7 days followed by 7 days without study drug then repeated (28-day treatment cycle). Participants could have received additional treatment cycles until discontinuation criterion was met.	
NCT01648764	Number of Participants With Best Overall Response (BOR)	80 mg LY - Arm A Dose Escalation	3	1999_2009	bor	Malignant Solid Tumor ; Solid Tumor ; Metastatic Tumor	3	2	2	GROUP_SPECIFIC	NOT_A_DISEASE_UMBRELLA	solid	Malignant Solid Tumor	group/arm/outcome text names exactly one of the trial conditions	PHASE1	TRIAL_SINGLE	PHASE1	Dose Escalation			NONE	2	False	UNKNOWN	no strong arm match (NONE) and no control language in the group record		False	80 mg LY2334737 administered orally every other day for 21 days followed by 7 days without study drug (28-day treatment cycle). Participants could have received additional treatment cycles until discontinuation criterion was met.	
NCT01648764	Number of Participants With Best Overall Response (BOR)	80 mg LY - Arm B Dose Escalation	3	1999_2009	bor	Malignant Solid Tumor ; Solid Tumor ; Metastatic Tumor	3	2	2	GROUP_SPECIFIC	NOT_A_DISEASE_UMBRELLA	solid	Malignant Solid Tumor	group/arm/outcome text names exactly one of the trial conditions	PHASE1	TRIAL_SINGLE	PHASE1	Dose Escalation			NONE	2	False	UNKNOWN	no strong arm match (NONE) and no control language in the group record		False	80 mg LY2334737 administered orally every day for 7 days followed by 7 days without study drug then repeated (28-day treatment cycle). Participants could have received additional treatment cycles until discontinuation criterion was met.	
NCT01648764	Number of Participants With Best Overall Response (BOR)	90 mg LY - Arm A Dose Confirmation	10	1999_2009	bor	Malignant Solid Tumor ; Solid Tumor ; Metastatic Tumor	3	2	2	GROUP_SPECIFIC	NOT_A_DISEASE_UMBRELLA	solid	Malignant Solid Tumor	group/arm/outcome text names exactly one of the trial conditions	PHASE1	TRIAL_SINGLE	PHASE1				NONE	2	False	UNKNOWN	no strong arm match (NONE) and no control language in the group record		False	90 mg LY2334737 administered orally every other day for 21 days followed by 7 days without study drug (28-day treatment cycle). Participants could have received additional treatment cycles until discontinuation criterion was met.	
NCT01648764	Number of Participants With Best Overall Response (BOR)	90 mg LY - Arm A Dose Escalation	2	1999_2009	bor	Malignant Solid Tumor ; Solid Tumor ; Metastatic Tumor	3	2	2	GROUP_SPECIFIC	NOT_A_DISEASE_UMBRELLA	solid	Malignant Solid Tumor	group/arm/outcome text names exactly one of the trial conditions	PHASE1	TRIAL_SINGLE	PHASE1	Dose Escalation			NONE	2	False	UNKNOWN	no strong arm match (NONE) and no control language in the group record		False	90 mg LY2334737 administered orally every other day for 21 days followed by 7 days without study drug (28-day treatment cycle). Participants could have received additional treatment cycles until discontinuation criterion was met.	
NCT01648764	Number of Participants With Best Overall Response (BOR)	90 mg LY - Arm B Dose Escalation	4	1999_2009	bor	Malignant Solid Tumor ; Solid Tumor ; Metastatic Tumor	3	2	2	GROUP_SPECIFIC	NOT_A_DISEASE_UMBRELLA	solid	Malignant Solid Tumor	group/arm/outcome text names exactly one of the trial conditions	PHASE1	TRIAL_SINGLE	PHASE1	Dose Escalation			NONE	2	False	UNKNOWN	no strong arm match (NONE) and no control language in the group record		False	90 mg LY2334737 administered orally every day for 7 days followed by 7 days without study drug then repeated (28-day treatment cycle). Participants could have received additional treatment cycles until discontinuation criterion was met.	
NCT01124734	Clinical Response to High-Dose Interleukin-2 (H-D IL-2) Followed by Low Dose Temozolomide	Course 1 Cycle 1	17	2010_2013	bor	Malignant Melanoma	1	1	1	TRIAL_SINGLE	NAMES_A_TUMOUR_TYPE	melanoma	Malignant Melanoma	trial lists exactly one condition	PHASE2	TRIAL_SINGLE	PHASE2		Course 1 Cycle 1 and Cycle 2	EXPERIMENTAL	CONTAINMENT	1	False	UNKNOWN_WEAK_MATCH_ONLY	only a substring match to registry arm 'Course 1 Cycle 1 and Cycle 2' (type=EXPERIMENTAL); not group-supported		False	This study is a single arm study. All participants received the same treatment regimen.  Participants were given High-Dose Interleukin-2 (HD IL-2) 600,000 IU/kg, up to 14 doses at 8 hour intervals.  Interleukin-2: up to a maximum of 14 doses at 600,000 IU/kg	Course 1 Cycle 1: Participants will be given high-dose Interleukin-2 (HD IL-2) 600,000 IU/kg, up to 14 doses at 8 hour intervals.  Course 1 Cycle 2: Participants will be given high-dose Interleukin-2 (HD IL-2) 600,000 IU/kg, up to 14 doses at 8 hour intervals. On the day after discharge, patients will be given oral temozolomide at 75 mg/m2 daily for 21 days.
NCT01124734	Clinical Response to High-Dose Interleukin-2 (H-D IL-2) Followed by Low Dose Temozolomide	Course 1 Cycle 2	16	2010_2013	bor	Malignant Melanoma	1	1	1	TRIAL_SINGLE	NAMES_A_TUMOUR_TYPE	melanoma	Malignant Melanoma	trial lists exactly one condition	PHASE2	TRIAL_SINGLE	PHASE2				NONE	1	False	NOT_CONTROL_SINGLE_ARM_TRIAL	trial registers 1 arm group(s)		False	Patients will be given High-Dose Interleukin-2 (HD IL-2) 600,000 IU/kg, up to 14 doses at 8 hour intervals. On the day after discharge, patients will be given oral temozolomide at 75 mg/m2 daily for 21 days.  Interleukin-2: up to a maximum of 14 doses at 600,000 IU/kg  Temozolomide: Patients would receive temozolomide at 75 mg/m2 after discharge from receipt of the second cycle of high dose IL-2. 	
NCT01188876	Best Overall Response	Carboplatin/Pralatrexate	48	2010_2013	bor	Ovarian Cancer ; Fallopian Tube Cancer ; Peritoneal Cancer	3	3	3	MIXED	UNASSIGNABLE			3 distinct disease keys at trial level, no single-disease group evidence	PHASE1/PHASE2	MIXED	PHASE1/PHASE2		Carboplatin/Pralatrexate	EXPERIMENTAL	EXACT	1	False	NOT_CONTROL	registry arm 'Carboplatin/Pralatrexate' type=EXPERIMENTAL (EXACT match)		False	carboplatin: Given intravenously on Day 1 of each 28-day cycle  pralatrexate: Given intravenously on Day 1 and Day 15 of each 28-day cycle.	
NCT01256359	Objective Response Rate	Docetaxel and AZD6244	32	2010_2013	bor	Melanoma	1	1	1	TRIAL_SINGLE	NAMES_A_TUMOUR_TYPE	melanoma	Melanoma	trial lists exactly one condition	PHASE2	TRIAL_SINGLE	PHASE2		Docetaxel and AZD6244	EXPERIMENTAL	EXACT	2	False	NOT_CONTROL	registry arm 'Docetaxel and AZD6244' type=EXPERIMENTAL (EXACT match)		False	Docetaxel with AZD6244  Docetaxel and AZD6244: Docetaxel 75mg/m2 IV and AZD6244 75mg bd daily. Docetaxel will be administered every 3 weeks for a maximum 6 cycles, but AZD6244 may be continued beyond this, until disease progression.	Docetaxel with AZD6244
NCT01256359	Objective Response Rate	Docetaxel and Placebo	40	2010_2013	bor	Melanoma	1	1	1	TRIAL_SINGLE	NAMES_A_TUMOUR_TYPE	melanoma	Melanoma	trial lists exactly one condition	PHASE2	TRIAL_SINGLE	PHASE2		Docetaxel and Placebo	EXPERIMENTAL	EXACT	2	False	NOT_CONTROL	registry arm 'Docetaxel and Placebo' type=EXPERIMENTAL (EXACT match)		True	Docetaxel without AZD6244  Docetaxel and placebo: Docetaxel 75mg/m2 IV and placebo given bd. Docetaxel will be administered every 3 weeks for a maximum 6 cycles, but placebo may be continued beyond this, until disease progression.	Docetaxel without AZD6244
NCT01256359	Objective Response Rate in Patients With Mutated NRAS	Docetaxel and AZD6244	16	2010_2013	bor	Melanoma	1	1	1	TRIAL_SINGLE	NAMES_A_TUMOUR_TYPE	melanoma	Melanoma	trial lists exactly one condition	PHASE2	TRIAL_SINGLE	PHASE2		Docetaxel and AZD6244	EXPERIMENTAL	EXACT	2	False	NOT_CONTROL	registry arm 'Docetaxel and AZD6244' type=EXPERIMENTAL (EXACT match)		False	Docetaxel with AZD6244  Docetaxel and AZD6244: Docetaxel 75mg/m2 IV and AZD6244 75mg bd daily. Docetaxel will be administered every 3 weeks for a maximum 6 cycles, but AZD6244 may be continued beyond this, until disease progression.	Docetaxel with AZD6244
NCT01256359	Objective Response Rate in Patients With Mutated NRAS	Docetaxel and Placebo	17	2010_2013	bor	Melanoma	1	1	1	TRIAL_SINGLE	NAMES_A_TUMOUR_TYPE	melanoma	Melanoma	trial lists exactly one condition	PHASE2	TRIAL_SINGLE	PHASE2		Docetaxel and Placebo	EXPERIMENTAL	EXACT	2	False	NOT_CONTROL	registry arm 'Docetaxel and Placebo' type=EXPERIMENTAL (EXACT match)		True	Docetaxel without AZD6244  Docetaxel and placebo: Docetaxel 75mg/m2 IV and placebo given bd. Docetaxel will be administered every 3 weeks for a maximum 6 cycles, but placebo may be continued beyond this, until disease progression.	Docetaxel without AZD6244
NCT01256359	Objective Response Rate in Patients With WT NRAS	Docetaxel and AZD6244	9	2010_2013	bor	Melanoma	1	1	1	TRIAL_SINGLE	NAMES_A_TUMOUR_TYPE	melanoma	Melanoma	trial lists exactly one condition	PHASE2	TRIAL_SINGLE	PHASE2		Docetaxel and AZD6244	EXPERIMENTAL	EXACT	2	False	NOT_CONTROL	registry arm 'Docetaxel and AZD6244' type=EXPERIMENTAL (EXACT match)		False	Docetaxel with AZD6244  Docetaxel and AZD6244: Docetaxel 75mg/m2 IV and AZD6244 75mg bd daily. Docetaxel will be administered every 3 weeks for a maximum 6 cycles, but AZD6244 may be continued beyond this, until disease progression.	Docetaxel with AZD6244
NCT01256359	Objective Response Rate in Patients With WT NRAS	Docetaxel and Placebo	14	2010_2013	bor	Melanoma	1	1	1	TRIAL_SINGLE	NAMES_A_TUMOUR_TYPE	melanoma	Melanoma	trial lists exactly one condition	PHASE2	TRIAL_SINGLE	PHASE2		Docetaxel and Placebo	EXPERIMENTAL	EXACT	2	False	NOT_CONTROL	registry arm 'Docetaxel and Placebo' type=EXPERIMENTAL (EXACT match)		True	Docetaxel without AZD6244  Docetaxel and placebo: Docetaxel 75mg/m2 IV and placebo given bd. Docetaxel will be administered every 3 weeks for a maximum 6 cycles, but placebo may be continued beyond this, until disease progression.	Docetaxel without AZD6244
NCT01296932	Best Overall Response According to 'International Workshop on Chronic Lymphocytic Leukemia' (IWCLL) Criteria	BI 836826 1 Milligram	3	2010_2013	bor	Leukemia, Lymphocytic, Chronic, B-Cell	1	1	1	TRIAL_SINGLE	NAMES_A_TUMOUR_TYPE	leukemia lymphocytic chronic b cell	Leukemia, Lymphocytic, Chronic, B-Cell	trial lists exactly one condition	PHASE1	TRIAL_SINGLE	PHASE1				NONE	1	False	NOT_CONTROL_SINGLE_ARM_TRIAL	trial registers 1 arm group(s)		False	Patients were administered BI 836826-1 milligram solution for infusion after dilution intravenously as one single dose within a 14-day cycle	
NCT01296932	Best Overall Response According to 'International Workshop on Chronic Lymphocytic Leukemia' (IWCLL) Criteria	BI 836826 100 Milligram	3	2010_2013	bor	Leukemia, Lymphocytic, Chronic, B-Cell	1	1	1	TRIAL_SINGLE	NAMES_A_TUMOUR_TYPE	leukemia lymphocytic chronic b cell	Leukemia, Lymphocytic, Chronic, B-Cell	trial lists exactly one condition	PHASE1	TRIAL_SINGLE	PHASE1				NONE	1	False	NOT_CONTROL_SINGLE_ARM_TRIAL	trial registers 1 arm group(s)		False	Patients were administered BI 836826-100 milligram solution for infusion after dilution intravenously as two doses within the first cycle followed by single doses within all following 14-day cycles	
NCT01296932	Best Overall Response According to 'International Workshop on Chronic Lymphocytic Leukemia' (IWCLL) Criteria	BI 836826 200 Milligram	6	2010_2013	bor	Leukemia, Lymphocytic, Chronic, B-Cell	1	1	1	TRIAL_SINGLE	NAMES_A_TUMOUR_TYPE	leukemia lymphocytic chronic b cell	Leukemia, Lymphocytic, Chronic, B-Cell	trial lists exactly one condition	PHASE1	TRIAL_SINGLE	PHASE1				NONE	1	False	NOT_CONTROL_SINGLE_ARM_TRIAL	trial registers 1 arm group(s)		False	Patients were administered BI 836826-200 milligram solution for infusion after dilution intravenously as two doses within the first cycle followed by single doses within all following 14-day cycles	
NCT01296932	Best Overall Response According to 'International Workshop on Chronic Lymphocytic Leukemia' (IWCLL) Criteria	BI 836826 25 Milligram	5	2010_2013	bor	Leukemia, Lymphocytic, Chronic, B-Cell	1	1	1	TRIAL_SINGLE	NAMES_A_TUMOUR_TYPE	leukemia lymphocytic chronic b cell	Leukemia, Lymphocytic, Chronic, B-Cell	trial lists exactly one condition	PHASE1	TRIAL_SINGLE	PHASE1				NONE	1	False	NOT_CONTROL_SINGLE_ARM_TRIAL	trial registers 1 arm group(s)		False	Patients were administered BI 836826-25 milligram solution for infusion after dilution intravenously as two doses within the first cycle followed by single doses within all following 14-day cycles	
NCT01296932	Best Overall Response According to 'International Workshop on Chronic Lymphocytic Leukemia' (IWCLL) Criteria	BI 836826 3 Milligram	3	2010_2013	bor	Leukemia, Lymphocytic, Chronic, B-Cell	1	1	1	TRIAL_SINGLE	NAMES_A_TUMOUR_TYPE	leukemia lymphocytic chronic b cell	Leukemia, Lymphocytic, Chronic, B-Cell	trial lists exactly one condition	PHASE1	TRIAL_SINGLE	PHASE1				NONE	1	False	NOT_CONTROL_SINGLE_ARM_TRIAL	trial registers 1 arm group(s)		False	Patients were administered BI 836826-3 milligram solution for infusion after dilution intravenously as one single dose within a 14-day cycle	
NCT01296932	Best Overall Response According to 'International Workshop on Chronic Lymphocytic Leukemia' (IWCLL) Criteria	BI 836826 400 Milligram	3	2010_2013	bor	Leukemia, Lymphocytic, Chronic, B-Cell	1	1	1	TRIAL_SINGLE	NAMES_A_TUMOUR_TYPE	leukemia lymphocytic chronic b cell	Leukemia, Lymphocytic, Chronic, B-Cell	trial lists exactly one condition	PHASE1	TRIAL_SINGLE	PHASE1				NONE	1	False	NOT_CONTROL_SINGLE_ARM_TRIAL	trial registers 1 arm group(s)		False	Patients were administered BI 836826-400 milligram solution for infusion after dilution intravenously as two doses within the first cycle followed by single doses within all following 14-day cycles	
NCT01296932	Best Overall Response According to 'International Workshop on Chronic Lymphocytic Leukemia' (IWCLL) Criteria	BI 836826 50 Milligram	3	2010_2013	bor	Leukemia, Lymphocytic, Chronic, B-Cell	1	1	1	TRIAL_SINGLE	NAMES_A_TUMOUR_TYPE	leukemia lymphocytic chronic b cell	Leukemia, Lymphocytic, Chronic, B-Cell	trial lists exactly one condition	PHASE1	TRIAL_SINGLE	PHASE1				NONE	1	False	NOT_CONTROL_SINGLE_ARM_TRIAL	trial registers 1 arm group(s)		False	Patients were administered BI 836826-50 milligram solution for infusion after dilution intravenously as two doses within the first cycle followed by single doses within all following 14-day cycles	
NCT01296932	Best Overall Response According to 'International Workshop on Chronic Lymphocytic Leukemia' (IWCLL) Criteria	BI 836826 800 Milligram	4	2010_2013	bor	Leukemia, Lymphocytic, Chronic, B-Cell	1	1	1	TRIAL_SINGLE	NAMES_A_TUMOUR_TYPE	leukemia lymphocytic chronic b cell	Leukemia, Lymphocytic, Chronic, B-Cell	trial lists exactly one condition	PHASE1	TRIAL_SINGLE	PHASE1				NONE	1	False	NOT_CONTROL_SINGLE_ARM_TRIAL	trial registers 1 arm group(s)		False	Patients were administered BI 836826-800 milligram solution for infusion after dilution intravenously as two doses within the first cycle followed by single doses within all following 14-day cycles	
NCT01296932	Best Overall Response According to 'International Workshop on Chronic Lymphocytic Leukemia' (IWCLL) Criteria	BI 836826 9 Milligram	6	2010_2013	bor	Leukemia, Lymphocytic, Chronic, B-Cell	1	1	1	TRIAL_SINGLE	NAMES_A_TUMOUR_TYPE	leukemia lymphocytic chronic b cell	Leukemia, Lymphocytic, Chronic, B-Cell	trial lists exactly one condition	PHASE1	TRIAL_SINGLE	PHASE1				NONE	1	False	NOT_CONTROL_SINGLE_ARM_TRIAL	trial registers 1 arm group(s)		False	Patients were administered BI 836826-9 milligram solution for infusion after dilution intravenously as one or two doses within the first cycle followed by single doses within all following 14-day cycles	
NCT01325207	Best Response to IT Trastuzumab: Radiological, Cytological and Clinical in Treatment With Intrathecal Trastuzumab for Patients With Leptomeningeal Metastases in HER2+ Breast Cancer.	Cohort 5 + Phase II - Intrathecal Trastuzumab- 80 mg	26	2010_2013	bor	Breast Cancer	1	1	1	TRIAL_SINGLE	NAMES_A_TUMOUR_TYPE	breast	Breast Cancer	trial lists exactly one condition	PHASE1/PHASE2	MIXED	PHASE1/PHASE2	Phase II			NONE	1	False	NOT_CONTROL_SINGLE_ARM_TRIAL	trial registers 1 arm group(s)		False	Intrathecal Trastuzumab will be administered at the MTD determined dose of 80 mg IT.  Trastuzumab: Trastuzumab will be administered twice per week for 4 weeks, then once per week for 4 weeks, and then every 2 weeks.  1 cycle = 28 days	
NCT01325207	Best Response to IT Trastuzumab: Radiological, Cytological and Clinical in Treatment With Intrathecal Trastuzumab for Patients With Leptomeningeal Metastases in HER2+ Breast Cancer.	Treatment With Trastuzumab	34	2010_2013	bor	Breast Cancer	1	1	1	TRIAL_SINGLE	NAMES_A_TUMOUR_TYPE	breast	Breast Cancer	trial lists exactly one condition	PHASE1/PHASE2	MIXED	PHASE1/PHASE2	dose escalation			NONE	1	False	NOT_CONTROL_SINGLE_ARM_TRIAL	trial registers 1 arm group(s)		False	Intrathecal Trastuzumab will be administered in a dose escalation design from 10mg up to 80 mg IT.  Trastuzumab: Trastuzumab will be administered twice per week for 4 weeks, then once per week for 4 weeks, and then every 2 weeks.  1 cycle = 28 days	
NCT01327612	Best Overall Response	20050118: Ganitumab 20 mg/kg	2	2010_2013	bor	Advanced Solid Tumors ; Carcinoid ; Colorectal Cancer ; Locally Advanced ; Lymphoma ; Metastatic Cancer ; Non-Small Cell Lung Cancer ; Sarcoma ; Solid Tumors	9	8	8	MIXED	UNASSIGNABLE			8 distinct disease keys at trial level, no single-disease group evidence	PHASE2	TRIAL_SINGLE	PHASE2				NONE	4	False	UNKNOWN	no strong arm match (NONE) and no control language in the group record		False	Ganitumab 20 mg/kg once every 4 weeks by intravenous infusion.	
NCT01327612	Best Overall Response	20050171: Conatumumab 0.45 mg/kg	1	2010_2013	bor	Advanced Solid Tumors ; Carcinoid ; Colorectal Cancer ; Locally Advanced ; Lymphoma ; Metastatic Cancer ; Non-Small Cell Lung Cancer ; Sarcoma ; Solid Tumors	9	8	8	MIXED	UNASSIGNABLE			8 distinct disease keys at trial level, no single-disease group evidence	PHASE2	TRIAL_SINGLE	PHASE2				NONE	4	False	UNKNOWN	no strong arm match (NONE) and no control language in the group record		False	Conatumumab 0.45 mg/kg every 2 weeks by intravenous infusion.	
NCT01327612	Best Overall Response	20060295: Conatumumab 3 mg/kg	1	2010_2013	bor	Advanced Solid Tumors ; Carcinoid ; Colorectal Cancer ; Locally Advanced ; Lymphoma ; Metastatic Cancer ; Non-Small Cell Lung Cancer ; Sarcoma ; Solid Tumors	9	8	8	MIXED	UNASSIGNABLE			8 distinct disease keys at trial level, no single-disease group evidence	PHASE2	TRIAL_SINGLE	PHASE2				NONE	4	False	UNKNOWN	no strong arm match (NONE) and no control language in the group record		False	Conatumumab 3 mg/kg every 3 weeks by intravenous infusion.	
NCT01327612	Best Overall Response	20060340: Conatumumab 5 mg/kg	1	2010_2013	bor	Advanced Solid Tumors ; Carcinoid ; Colorectal Cancer ; Locally Advanced ; Lymphoma ; Metastatic Cancer ; Non-Small Cell Lung Cancer ; Sarcoma ; Solid Tumors	9	8	8	MIXED	UNASSIGNABLE			8 distinct disease keys at trial level, no single-disease group evidence	PHASE2	TRIAL_SINGLE	PHASE2				NONE	4	False	UNKNOWN	no strong arm match (NONE) and no control language in the group record		False	Conatumumab 5 mg/kg once every 3 weeks by intravenous infusion.	
NCT01327612	Best Overall Response	20060464: Conatumumab 10 mg/kg + mFOLFOX6 ± Bevacizumab	3	2010_2013	bor	Advanced Solid Tumors ; Carcinoid ; Colorectal Cancer ; Locally Advanced ; Lymphoma ; Metastatic Cancer ; Non-Small Cell Lung Cancer ; Sarcoma ; Solid Tumors	9	8	8	MIXED	UNASSIGNABLE			8 distinct disease keys at trial level, no single-disease group evidence	PHASE2	TRIAL_SINGLE	PHASE2				NONE	4	False	UNKNOWN	no strong arm match (NONE) and no control language in the group record		False	Conatumumab 10 mg/kg once every 2 weeks by intravenous infusion in addition to modified FOLFOX6 chemotherapy, with or without bevacizumab 5 mg/kg once every 2 weeks.	
NCT01327612	Best Overall Response	20060464: Conatumumab 2 mg/kg + mFOLFOX6 + Bevacizumab	2	2010_2013	bor	Advanced Solid Tumors ; Carcinoid ; Colorectal Cancer ; Locally Advanced ; Lymphoma ; Metastatic Cancer ; Non-Small Cell Lung Cancer ; Sarcoma ; Solid Tumors	9	8	8	MIXED	UNASSIGNABLE			8 distinct disease keys at trial level, no single-disease group evidence	PHASE2	TRIAL_SINGLE	PHASE2				NONE	4	False	UNKNOWN	no strong arm match (NONE) and no control language in the group record		False	Conatumumab 2 mg/kg once every 2 weeks by intravenous infusion in addition to modified FOLFOX6 chemotherapy and bevacizumab 5 mg/kg once every 2 weeks.	
NCT01327612	Best Overall Response	20070411: Conatumumab 15 mg/kg + Ganitumab 18 mg/kg	2	2010_2013	bor	Advanced Solid Tumors ; Carcinoid ; Colorectal Cancer ; Locally Advanced ; Lymphoma ; Metastatic Cancer ; Non-Small Cell Lung Cancer ; Sarcoma ; Solid Tumors	9	8	8	MIXED	UNASSIGNABLE			8 distinct disease keys at trial level, no single-disease group evidence	PHASE2	TRIAL_SINGLE	PHASE2				NONE	4	False	UNKNOWN	no strong arm match (NONE) and no control language in the group record		False	Conatumumab 15 mg/kg + ganitumab 18 mg/kg once every 3 weeks by intravenous infusion.	
NCT01356628	Response Rate (RR)	PD-0332991	19	2010_2013	bor	Advanced Hepatocellular Carcinoma ; HCC ; Liver Cancer	3	3	3	GROUP_SPECIFIC	NAMES_A_TUMOUR_TYPE	hepatocellular	Advanced Hepatocellular Carcinoma	group/arm/outcome text names exactly one of the trial conditions	PHASE2	TRIAL_SINGLE	PHASE2		PD-0332991	EXPERIMENTAL	EXACT	1	False	NOT_CONTROL	registry arm 'PD-0332991' type=EXPERIMENTAL (EXACT match)		False	PD-0332991 in the Treatment in Patients with Advanced Hepatocellular Carcinoma  PD-0332991: PD-0332991, 125mg, 3 cycles	PD-0332991 in the Treatment in Patients with Advanced Hepatocellular Carcinoma
NCT01403948	Best Overall Response Based on All Assessment	BI 836826 1 mg iv (Caucasian Patients)	1	2010_2013	bor	Lymphoma, Non-Hodgkin	1	1	1	TRIAL_SINGLE	NAMES_A_TUMOUR_TYPE	lymphoma non hodgkin	Lymphoma, Non-Hodgkin	trial lists exactly one condition	PHASE1	TRIAL_SINGLE	PHASE1				NONE	1	False	NOT_CONTROL_SINGLE_ARM_TRIAL	trial registers 1 arm group(s)		False	BI 836826 1 milligram (mg) was administered as an intravenous (iv) infusion anytime in day (preferably morning hours) in caucasian patients with relapsed or refractory non-hodgkin lymphoma of B cell origin.  Each course was to comprise 4 administrations at weekly intervals, followed by 27 days of observation after last administration. The duration of the 2 first courses was 7 weeks each and the du	
NCT01403948	Best Overall Response Based on All Assessment	BI 836826 100 mg iv (Caucasian Patients)	5	2010_2013	bor	Lymphoma, Non-Hodgkin	1	1	1	TRIAL_SINGLE	NAMES_A_TUMOUR_TYPE	lymphoma non hodgkin	Lymphoma, Non-Hodgkin	trial lists exactly one condition	PHASE1	TRIAL_SINGLE	PHASE1				NONE	1	False	NOT_CONTROL_SINGLE_ARM_TRIAL	trial registers 1 arm group(s)		False	BI 836826 100 mg was administered as an intravenous infusion anytime in day (preferably morning hours) in caucasian patients with relapsed or refractory non-hodgkin lymphoma of B cell origin.  Each course was to comprise 4 administrations at weekly intervals, followed by 27 days of observation after last administration. The duration of the 2 first courses was 7 weeks each and the duration of the 3	
NCT01403948	Best Overall Response Based on All Assessment	BI 836826 100 mg iv (Korean Patients)	4	2010_2013	bor	Lymphoma, Non-Hodgkin	1	1	1	TRIAL_SINGLE	NAMES_A_TUMOUR_TYPE	lymphoma non hodgkin	Lymphoma, Non-Hodgkin	trial lists exactly one condition	PHASE1	TRIAL_SINGLE	PHASE1				NONE	1	False	NOT_CONTROL_SINGLE_ARM_TRIAL	trial registers 1 arm group(s)		False	BI 836826 100 mg was administered as an intravenous infusion anytime in day (preferably morning hours) in korean patients with relapsed or refractory non-hodgkin lymphoma of B cell origin.  Each course was to comprise 4 administrations at weekly intervals, followed by 27 days of observation after last administration. The duration of the 2 first courses was 7 weeks each and the duration of the 3rd 	
NCT01403948	Best Overall Response Based on All Assessment	BI 836826 150 mg iv (Caucasian Patients)	5	2010_2013	bor	Lymphoma, Non-Hodgkin	1	1	1	TRIAL_SINGLE	NAMES_A_TUMOUR_TYPE	lymphoma non hodgkin	Lymphoma, Non-Hodgkin	trial lists exactly one condition	PHASE1	TRIAL_SINGLE	PHASE1				NONE	1	False	NOT_CONTROL_SINGLE_ARM_TRIAL	trial registers 1 arm group(s)		False	BI 836826 150 mg was administered as an intravenous infusion anytime in day (preferably morning hours) in caucasian patients with relapsed or refractory non-hodgkin lymphoma of B cell origin.  Each course was to comprise 4 administrations at weekly intervals, followed by 27 days of observation after last administration. The duration of the 2 first courses was 7 weeks each and the duration of the 3	
NCT01403948	Best Overall Response Based on All Assessment	BI 836826 200 mg iv (Caucasian Patients)	6	2010_2013	bor	Lymphoma, Non-Hodgkin	1	1	1	TRIAL_SINGLE	NAMES_A_TUMOUR_TYPE	lymphoma non hodgkin	Lymphoma, Non-Hodgkin	trial lists exactly one condition	PHASE1	TRIAL_SINGLE	PHASE1				NONE	1	False	NOT_CONTROL_SINGLE_ARM_TRIAL	trial registers 1 arm group(s)		False	BI 836826 200 mg was administered as an intravenous infusion anytime in day (preferably morning hours) in caucasian patients with relapsed or refractory non-hodgkin lymphoma of B cell origin.  Each course was to comprise 4 administrations at weekly intervals, followed by 27 days of observation after last administration. The duration of the 2 first courses was 7 weeks each and the duration of the 3	
NCT01403948	Best Overall Response Based on All Assessment	BI 836826 25 mg iv (Caucasian Patients)	4	2010_2013	bor	Lymphoma, Non-Hodgkin	1	1	1	TRIAL_SINGLE	NAMES_A_TUMOUR_TYPE	lymphoma non hodgkin	Lymphoma, Non-Hodgkin	trial lists exactly one condition	PHASE1	TRIAL_SINGLE	PHASE1				NONE	1	False	NOT_CONTROL_SINGLE_ARM_TRIAL	trial registers 1 arm group(s)		False	BI 836826 25 mg was administered as an intravenous infusion anytime in day (preferably morning hours) in caucasian patients with relapsed or refractory non-hodgkin lymphoma of B cell origin.  Each course was to comprise 4 administrations at weekly intervals, followed by 27 days of observation after last administration. The duration of the 2 first courses was 7 weeks each and the duration of the 3r	
NCT01403948	Best Overall Response Based on All Assessment	BI 836826 3 mg iv (Caucasian Patients)	3	2010_2013	bor	Lymphoma, Non-Hodgkin	1	1	1	TRIAL_SINGLE	NAMES_A_TUMOUR_TYPE	lymphoma non hodgkin	Lymphoma, Non-Hodgkin	trial lists exactly one condition	PHASE1	TRIAL_SINGLE	PHASE1				NONE	1	False	NOT_CONTROL_SINGLE_ARM_TRIAL	trial registers 1 arm group(s)		False	BI 836826 3 mg was administered as an intravenous infusion anytime in day (preferably morning hours) in caucasian patients with relapsed or refractory non-hodgkin lymphoma of B cell origin.  Each course was to comprise 4 administrations at weekly intervals, followed by 27 days of observation after last administration. The duration of the 2 first courses was 7 weeks each and the duration of the 3rd	
NCT01403948	Best Overall Response Based on All Assessment	BI 836826 50 mg iv (Caucasian Patients)	5	2010_2013	bor	Lymphoma, Non-Hodgkin	1	1	1	TRIAL_SINGLE	NAMES_A_TUMOUR_TYPE	lymphoma non hodgkin	Lymphoma, Non-Hodgkin	trial lists exactly one condition	PHASE1	TRIAL_SINGLE	PHASE1				NONE	1	False	NOT_CONTROL_SINGLE_ARM_TRIAL	trial registers 1 arm group(s)		False	BI 836826 50 mg was administered as an intravenous infusion anytime in day (preferably morning hours) in caucasian patients with relapsed or refractory non-hodgkin lymphoma of B cell origin.  Each course was to comprise 4 administrations at weekly intervals, followed by 27 days of observation after last administration. The duration of the 2 first courses was 7 weeks each and the duration of the 3r	
NCT01403948	Best Overall Response Based on All Assessment	BI 836826 50mg iv (Korean Patients)	6	2010_2013	bor	Lymphoma, Non-Hodgkin	1	1	1	TRIAL_SINGLE	NAMES_A_TUMOUR_TYPE	lymphoma non hodgkin	Lymphoma, Non-Hodgkin	trial lists exactly one condition	PHASE1	TRIAL_SINGLE	PHASE1				NONE	1	False	NOT_CONTROL_SINGLE_ARM_TRIAL	trial registers 1 arm group(s)		False	BI 836826 50 mg was administered as an intravenous infusion anytime in day (preferably morning hours) in korean patients with relapsed or refractory non-hodgkin lymphoma of B cell origin.  Each course was to comprise 4 administrations at weekly intervals, followed by 27 days of observation after last administration. The duration of the 2 first courses was 7 weeks each and the duration of the 3rd c	
NCT01403948	Best Overall Response Based on All Assessment	BI 836826 9 mg iv (Caucasian Patients)	3	2010_2013	bor	Lymphoma, Non-Hodgkin	1	1	1	TRIAL_SINGLE	NAMES_A_TUMOUR_TYPE	lymphoma non hodgkin	Lymphoma, Non-Hodgkin	trial lists exactly one condition	PHASE1	TRIAL_SINGLE	PHASE1				NONE	1	False	NOT_CONTROL_SINGLE_ARM_TRIAL	trial registers 1 arm group(s)		False	BI 836826 9 mg was administered as an intravenous infusion anytime in day (preferably morning hours) in caucasian patients with relapsed or refractory non-hodgkin lymphoma of B cell origin.  Each course was to comprise 4 administrations at weekly intervals, followed by 27 days of observation after last administration. The duration of the 2 first courses was 7 weeks each and the duration of the 3rd	
NCT01403948	Best Overall Response Based on Imaging Data	BI 836826 1 mg iv (Caucasian Patients)	1	2010_2013	bor	Lymphoma, Non-Hodgkin	1	1	1	TRIAL_SINGLE	NAMES_A_TUMOUR_TYPE	lymphoma non hodgkin	Lymphoma, Non-Hodgkin	trial lists exactly one condition	PHASE1	TRIAL_SINGLE	PHASE1				NONE	1	False	NOT_CONTROL_SINGLE_ARM_TRIAL	trial registers 1 arm group(s)		False	BI 836826 1 milligram (mg) was administered as an intravenous (iv) infusion anytime in day (preferably morning hours) in caucasian patients with relapsed or refractory non-hodgkin lymphoma of B cell origin.  Each course was to comprise 4 administrations at weekly intervals, followed by 27 days of observation after last administration. The duration of the 2 first courses was 7 weeks each and the du	
NCT01403948	Best Overall Response Based on Imaging Data	BI 836826 100 mg iv (Caucasian Patients)	5	2010_2013	bor	Lymphoma, Non-Hodgkin	1	1	1	TRIAL_SINGLE	NAMES_A_TUMOUR_TYPE	lymphoma non hodgkin	Lymphoma, Non-Hodgkin	trial lists exactly one condition	PHASE1	TRIAL_SINGLE	PHASE1				NONE	1	False	NOT_CONTROL_SINGLE_ARM_TRIAL	trial registers 1 arm group(s)		False	BI 836826 100 mg was administered as an intravenous infusion anytime in day (preferably morning hours) in caucasian patients with relapsed or refractory non-hodgkin lymphoma of B cell origin.  Each course was to comprise 4 administrations at weekly intervals, followed by 27 days of observation after last administration. The duration of the 2 first courses was 7 weeks each and the duration of the 3	
NCT01403948	Best Overall Response Based on Imaging Data	BI 836826 100 mg iv (Korean Patients)	4	2010_2013	bor	Lymphoma, Non-Hodgkin	1	1	1	TRIAL_SINGLE	NAMES_A_TUMOUR_TYPE	lymphoma non hodgkin	Lymphoma, Non-Hodgkin	trial lists exactly one condition	PHASE1	TRIAL_SINGLE	PHASE1				NONE	1	False	NOT_CONTROL_SINGLE_ARM_TRIAL	trial registers 1 arm group(s)		False	BI 836826 100 mg was administered as an intravenous infusion anytime in day (preferably morning hours) in korean patients with relapsed or refractory non-hodgkin lymphoma of B cell origin.  Each course was to comprise 4 administrations at weekly intervals, followed by 27 days of observation after last administration. The duration of the 2 first courses was 7 weeks each and the duration of the 3rd 	
NCT01403948	Best Overall Response Based on Imaging Data	BI 836826 150 mg iv (Caucasian Patients)	5	2010_2013	bor	Lymphoma, Non-Hodgkin	1	1	1	TRIAL_SINGLE	NAMES_A_TUMOUR_TYPE	lymphoma non hodgkin	Lymphoma, Non-Hodgkin	trial lists exactly one condition	PHASE1	TRIAL_SINGLE	PHASE1				NONE	1	False	NOT_CONTROL_SINGLE_ARM_TRIAL	trial registers 1 arm group(s)		False	BI 836826 150 mg was administered as an intravenous infusion anytime in day (preferably morning hours) in caucasian patients with relapsed or refractory non-hodgkin lymphoma of B cell origin.  Each course was to comprise 4 administrations at weekly intervals, followed by 27 days of observation after last administration. The duration of the 2 first courses was 7 weeks each and the duration of the 3	
NCT01403948	Best Overall Response Based on Imaging Data	BI 836826 200 mg iv (Caucasian Patients)	6	2010_2013	bor	Lymphoma, Non-Hodgkin	1	1	1	TRIAL_SINGLE	NAMES_A_TUMOUR_TYPE	lymphoma non hodgkin	Lymphoma, Non-Hodgkin	trial lists exactly one condition	PHASE1	TRIAL_SINGLE	PHASE1				NONE	1	False	NOT_CONTROL_SINGLE_ARM_TRIAL	trial registers 1 arm group(s)		False	BI 836826 200 mg was administered as an intravenous infusion anytime in day (preferably morning hours) in caucasian patients with relapsed or refractory non-hodgkin lymphoma of B cell origin.  Each course was to comprise 4 administrations at weekly intervals, followed by 27 days of observation after last administration. The duration of the 2 first courses was 7 weeks each and the duration of the 3	
NCT01403948	Best Overall Response Based on Imaging Data	BI 836826 25 mg iv (Caucasian Patients)	4	2010_2013	bor	Lymphoma, Non-Hodgkin	1	1	1	TRIAL_SINGLE	NAMES_A_TUMOUR_TYPE	lymphoma non hodgkin	Lymphoma, Non-Hodgkin	trial lists exactly one condition	PHASE1	TRIAL_SINGLE	PHASE1				NONE	1	False	NOT_CONTROL_SINGLE_ARM_TRIAL	trial registers 1 arm group(s)		False	BI 836826 25 mg was administered as an intravenous infusion anytime in day (preferably morning hours) in caucasian patients with relapsed or refractory non-hodgkin lymphoma of B cell origin.  Each course was to comprise 4 administrations at weekly intervals, followed by 27 days of observation after last administration. The duration of the 2 first courses was 7 weeks each and the duration of the 3r	
NCT01403948	Best Overall Response Based on Imaging Data	BI 836826 3 mg iv (Caucasian Patients)	3	2010_2013	bor	Lymphoma, Non-Hodgkin	1	1	1	TRIAL_SINGLE	NAMES_A_TUMOUR_TYPE	lymphoma non hodgkin	Lymphoma, Non-Hodgkin	trial lists exactly one condition	PHASE1	TRIAL_SINGLE	PHASE1				NONE	1	False	NOT_CONTROL_SINGLE_ARM_TRIAL	trial registers 1 arm group(s)		False	BI 836826 3 mg was administered as an intravenous infusion anytime in day (preferably morning hours) in caucasian patients with relapsed or refractory non-hodgkin lymphoma of B cell origin.  Each course was to comprise 4 administrations at weekly intervals, followed by 27 days of observation after last administration. The duration of the 2 first courses was 7 weeks each and the duration of the 3rd	
NCT01403948	Best Overall Response Based on Imaging Data	BI 836826 50 mg iv (Caucasian Patients)	5	2010_2013	bor	Lymphoma, Non-Hodgkin	1	1	1	TRIAL_SINGLE	NAMES_A_TUMOUR_TYPE	lymphoma non hodgkin	Lymphoma, Non-Hodgkin	trial lists exactly one condition	PHASE1	TRIAL_SINGLE	PHASE1				NONE	1	False	NOT_CONTROL_SINGLE_ARM_TRIAL	trial registers 1 arm group(s)		False	BI 836826 50 mg was administered as an intravenous infusion anytime in day (preferably morning hours) in caucasian patients with relapsed or refractory non-hodgkin lymphoma of B cell origin.  Each course was to comprise 4 administrations at weekly intervals, followed by 27 days of observation after last administration. The duration of the 2 first courses was 7 weeks each and the duration of the 3r	
NCT01403948	Best Overall Response Based on Imaging Data	BI 836826 50mg iv (Korean Patients)	6	2010_2013	bor	Lymphoma, Non-Hodgkin	1	1	1	TRIAL_SINGLE	NAMES_A_TUMOUR_TYPE	lymphoma non hodgkin	Lymphoma, Non-Hodgkin	trial lists exactly one condition	PHASE1	TRIAL_SINGLE	PHASE1				NONE	1	False	NOT_CONTROL_SINGLE_ARM_TRIAL	trial registers 1 arm group(s)		False	BI 836826 50 mg was administered as an intravenous infusion anytime in day (preferably morning hours) in korean patients with relapsed or refractory non-hodgkin lymphoma of B cell origin.  Each course was to comprise 4 administrations at weekly intervals, followed by 27 days of observation after last administration. The duration of the 2 first courses was 7 weeks each and the duration of the 3rd c	
NCT01403948	Best Overall Response Based on Imaging Data	BI 836826 9 mg iv (Caucasian Patients)	3	2010_2013	bor	Lymphoma, Non-Hodgkin	1	1	1	TRIAL_SINGLE	NAMES_A_TUMOUR_TYPE	lymphoma non hodgkin	Lymphoma, Non-Hodgkin	trial lists exactly one condition	PHASE1	TRIAL_SINGLE	PHASE1				NONE	1	False	NOT_CONTROL_SINGLE_ARM_TRIAL	trial registers 1 arm group(s)		False	BI 836826 9 mg was administered as an intravenous infusion anytime in day (preferably morning hours) in caucasian patients with relapsed or refractory non-hodgkin lymphoma of B cell origin.  Each course was to comprise 4 administrations at weekly intervals, followed by 27 days of observation after last administration. The duration of the 2 first courses was 7 weeks each and the duration of the 3rd	
NCT01478321	Response of Patients With Recurrent High Grade Malignant Gliomas Treated With Concurrent Radiation, Temozolomide, and Bevacizumab Followed by Adjuvant Temozolomide and Bevacizumab	Treatment (Radiation, Chemotherapy, Monoclonal Antibody)	50	2010_2013	bor	Adult Anaplastic Astrocytoma ; Adult Anaplastic Ependymoma ; Adult Anaplastic Oligodendroglioma ; Adult Giant Cell Glioblastoma ; Adult Glioblastoma	5	5	5	MIXED	UNASSIGNABLE			5 distinct disease keys at trial level, no single-disease group evidence	PHASE2	TRIAL_SINGLE	PHASE2		Treatment (radiation, chemotherapy, monoclonal antibody)	EXPERIMENTAL	NORMALIZED	1	False	NOT_CONTROL	registry arm 'Treatment (radiation, chemotherapy, monoclonal antibody)' type=EXPERIMENTAL (NORMALIZED match)		False	CONCURRENT THERAPY: Patients undergo hypofractionated radiation therapy 5 days a week beginning on Day 0. Patients also receive temozolomide PO QD and bevacizumab IV over 30-90 minutes once every 2 weeks beginning on Days -3 to 0. Treatment continues for 5 weeks in the absence of disease progression or unacceptable toxicity.  ADJUVANT THERAPY: Beginning 2 weeks after completion of radiation therap	CONCURRENT THERAPY: Patients undergo hypofractionated radiation therapy 5 days a week beginning on day 0. Patients also receive temozolomide PO QD and bevacizumab IV over 30-90 minutes once every 2 weeks beginning on days -3 to 0. Treatment continues for 5 weeks in the absence of disease progression or unacceptable toxicity.  ADJUVANT THERAPY: Beginning 2 weeks after completion of radiation therap
NCT01524991	Best Overall Response Rate	Treatment	36	2010_2013	bor	Urothelial Carcinoma	1	1	1	TRIAL_SINGLE	NAMES_A_TUMOUR_TYPE	urothelial	Urothelial Carcinoma	trial lists exactly one condition	PHASE2	TRIAL_SINGLE	PHASE2		Treatment	EXPERIMENTAL	EXACT	1	False	NOT_CONTROL	registry arm 'Treatment' type=EXPERIMENTAL (EXACT match)		False	Gemcitabine 1000 mg/m2 Days 1 \& 8 Cisplatin 70 mg/m2 Day 1 Ipilimumab 10 mg/kg Day 1 (start cycle 3)  Gemcitabine: Gemcitabine 1000 mg/m2 Days 1 \& 8 (all cycles)  Cisplatin: Cisplatin 70 mg/m2 Day 1 (all cycles)  Ipilimumab: Ipilimumab 10 mg/kg Day 1 (start cycle 3)	Gemcitabine 1000 mg/m2 Days 1 \& 8 Cisplatin 70 mg/m2 Day 1 Ipilimumab 10 mg/kg Day 1 (start cycle 3)
NCT01558661	Overall Response Rate	AG-013736 (AXITINIB)	32	2010_2013	bor	Adenoid Cystic Carcinoma	1	1	1	TRIAL_SINGLE	NAMES_A_TUMOUR_TYPE	adenoid cystic	Adenoid Cystic Carcinoma	trial lists exactly one condition	PHASE2	TRIAL_SINGLE	PHASE2	phase II	AG-013736 (AXITINIB)	EXPERIMENTAL	EXACT	1	False	NOT_CONTROL	registry arm 'AG-013736 (AXITINIB)' type=EXPERIMENTAL (EXACT match)		False	This is a single-arm phase II study evaluating the clinical efficacy of axitinib in the treatment of patients with progressive, recurrent/metastatic adenoid cystic carcinoma (ACC).	This is a single-arm phase II study evaluating the clinical efficacy of axitinib in the treatment of patients with progressive, recurrent/metastatic adenoid cystic carcinoma (ACC).
NCT01562028	Objective Response	T790M Negative	69	2010_2013	bor	Lung Cancer	1	1	1	TRIAL_SINGLE	BROAD_CATEGORY_ONLY	lung	Lung Cancer	trial lists exactly one condition	PHASE2	TRIAL_SINGLE	PHASE2				NONE	1	False	NOT_CONTROL_SINGLE_ARM_TRIAL	trial registers 1 arm group(s)		False	Treatment-naive patients with advanced non-small-cell lung cancer positive for an activating EGFR mutation (exon 19 deletion or L858R mutation), without T790M, treated with erlotinib (150 mg p.o., daily) and bevacizumab (15 mg/kg i.v. on day 1 of each 21 day cycle).	
NCT01562028	Objective Response	T790M Positive	36	2010_2013	bor	Lung Cancer	1	1	1	TRIAL_SINGLE	BROAD_CATEGORY_ONLY	lung	Lung Cancer	trial lists exactly one condition	PHASE2	TRIAL_SINGLE	PHASE2				NONE	1	False	NOT_CONTROL_SINGLE_ARM_TRIAL	trial registers 1 arm group(s)		False	Treatment-naive patients with advanced non-small-cell lung cancer positive for an activating EGFR mutation (exon 19 deletion or L858R mutation), with T790M, treated with erlotinib (150 mg p.o., daily) and bevacizumab (15 mg/kg i.v. on day 1 of each 21 day cycle).	
NCT01676818	Best Overall Response (BOR)	Eribulin Mesylate	30	2010_2013	bor	Recurrent Cervical Cancer ; Stage IIIA Cervical Cancer ; Stage IIIB Cervical Cancer ; Stage IVA Cervical Cancer ; Stage IVB Cervical Cancer	5	1	1	TRIAL_SINGLE_AFTER_COLLAPSE	NAMES_A_TUMOUR_TYPE	cervical	Recurrent Cervical Cancer	trial conditions collapse to one disease key: Recurrent Cervical Cancer ; Stage IIIA Cervical Cancer ; Stage IIIB Cervical Cancer ; Stage IVA Cervical Cancer ; Stage IVB Cervical Cancer	PHASE2	TRIAL_SINGLE	PHASE2		Eribulin mesylate	EXPERIMENTAL	NORMALIZED	1	False	NOT_CONTROL	registry arm 'Eribulin mesylate' type=EXPERIMENTAL (NORMALIZED match)		False	Eribulin mesylate 1.4 mg/m2 IV bolus over 2-5 minutes on days 1 and 8 every 21 days in the absence of disease progression or unacceptable toxicity.  eribulin mesylate: Given IV	Eribulin mesylate 1.4 mg/m2 IV bolus over 2-5 minutes on days 1 and 8 every 21 days in the absence of disease progression or unacceptable toxicity.
NCT01740297	Phase 2: Best Overall Response	Phase 2: Ipilimumab	75	2010_2013	bor	Melanoma	1	1	1	TRIAL_SINGLE	NAMES_A_TUMOUR_TYPE	melanoma	Melanoma	trial lists exactly one condition	PHASE1/PHASE2	MIXED	PHASE1/PHASE2	Phase 2	Phase 2: Ipilimumab	ACTIVE_COMPARATOR	EXACT	3	True	CONTROL_ACTIVE_COMPARATOR	registry arm 'Phase 2: Ipilimumab' type=ACTIVE_COMPARATOR (EXACT match)		False	Participants received ipilimumab 3 mg/kg intravenously every 3 weeks for a total of 4 infusions starting at week 1.	Participants received ipilimumab 3 mg/kg intravenously every 3 weeks for a total of 4 infusions starting at week 1.
NCT01740297	Phase 2: Best Overall Response	Phase 2: Talimogene Laherparepvec + Ipilimumab	88	2010_2013	bor	Melanoma	1	1	1	TRIAL_SINGLE	NAMES_A_TUMOUR_TYPE	melanoma	Melanoma	trial lists exactly one condition	PHASE1/PHASE2	MIXED	PHASE1/PHASE2	Phase 2	Phase 2: Talimogene Laherparepvec + Ipilimumab	EXPERIMENTAL	EXACT	3	True	NOT_CONTROL	registry arm 'Phase 2: Talimogene Laherparepvec + Ipilimumab' type=EXPERIMENTAL (EXACT match)		False	Participants received talimogene laherparepvec at an initial dose of 10⁶ PFU/mL injected into 1 or more skin, nodal, or subcutaneous tumors with a maximum total volume of 4 mL. Subsequent doses of talimogene laherparepvec at 10⁸ PFU/mL (up to 4 mL total) began 3 weeks after the first dose and were administered every 2 weeks until CR, all injectable tumors had disappeared, confirmed disease progres	Participants received talimogene laherparepvec at an initial dose of 10⁶ PFU/mL injected into 1 or more skin, nodal, or subcutaneous tumors. Subsequent doses of talimogene laherparepvec at 10⁸ PFU/mL began 3 weeks after the first dose and were administered every 2 weeks until CR, all injectable tumors had disappeared, confirmed disease progression per the modified irRC, or intolerance of study tre
NCT01744249	Objective Response Rate (ORR) (Central Blinded Assessment)	Axitinib + Sandostatin LAR	114	2010_2013	placebo	Neuroendocrine Tumors ; Advanced Cancer	2	2	2	MIXED	UNASSIGNABLE			2 distinct disease keys at trial level, no single-disease group evidence	PHASE2/PHASE3	MIXED	PHASE2/PHASE3		Axitinib + Sandostatin LAR	EXPERIMENTAL	EXACT	2	True	NOT_CONTROL	registry arm 'Axitinib + Sandostatin LAR' type=EXPERIMENTAL (EXACT match)		False	Axitinib 5 mg BID + Sandostatin LAR 30mg/28 days	Axitinib 5 mg BID + Sandostatin LAR 30mg/28 days
NCT01744249	Objective Response Rate (ORR) (Central Blinded Assessment)	Placebo + Sandostatin LAR	125	2010_2013	placebo	Neuroendocrine Tumors ; Advanced Cancer	2	2	2	MIXED	UNASSIGNABLE			2 distinct disease keys at trial level, no single-disease group evidence	PHASE2/PHASE3	MIXED	PHASE2/PHASE3		Placebo + Sandostatin LAR	PLACEBO_COMPARATOR	EXACT	2	True	CONTROL_PLACEBO	registry arm 'Placebo + Sandostatin LAR' type=PLACEBO_COMPARATOR (EXACT match)		True	Placebo BID + Sandostatin LAR 30mg/28 days	Placebo BID + Sandostatin LAR 30mg/28 days
NCT01744249	Objective Response Rate (ORR) (Investigator Assessment)	Axitinib + Sandostatin LAR	118	2010_2013	placebo	Neuroendocrine Tumors ; Advanced Cancer	2	2	2	MIXED	UNASSIGNABLE			2 distinct disease keys at trial level, no single-disease group evidence	PHASE2/PHASE3	MIXED	PHASE2/PHASE3		Axitinib + Sandostatin LAR	EXPERIMENTAL	EXACT	2	True	NOT_CONTROL	registry arm 'Axitinib + Sandostatin LAR' type=EXPERIMENTAL (EXACT match)		False	Axitinib 5 mg BID + Sandostatin LAR 30mg/28 days	Axitinib 5 mg BID + Sandostatin LAR 30mg/28 days
NCT01744249	Objective Response Rate (ORR) (Investigator Assessment)	Placebo + Sandostatin LAR	127	2010_2013	placebo	Neuroendocrine Tumors ; Advanced Cancer	2	2	2	MIXED	UNASSIGNABLE			2 distinct disease keys at trial level, no single-disease group evidence	PHASE2/PHASE3	MIXED	PHASE2/PHASE3		Placebo + Sandostatin LAR	PLACEBO_COMPARATOR	EXACT	2	True	CONTROL_PLACEBO	registry arm 'Placebo + Sandostatin LAR' type=PLACEBO_COMPARATOR (EXACT match)		True	Placebo BID + Sandostatin LAR 30mg/28 days	Placebo BID + Sandostatin LAR 30mg/28 days
NCT01746225	Best Overall Response	A: Nab-Paclitaxel 150 mg/m2 Days 1,15	81	2010_2013	bor	Metastatic Breastcancer	1	1	1	TRIAL_SINGLE	NAMES_A_TUMOUR_TYPE	breastcancer	Metastatic Breastcancer	trial lists exactly one condition	PHASE2	TRIAL_SINGLE	PHASE2		A: nab-Paclitaxel 150 mg/m2 days 1,15	EXPERIMENTAL	NORMALIZED	3	False	NOT_CONTROL	registry arm 'A: nab-Paclitaxel 150 mg/m2 days 1,15' type=EXPERIMENTAL (NORMALIZED match)		False	Arm A: Induction\* nab-Paclitaxel 125 mg/m2 on days 1,8,15 every 28 days for 3 cycles followed by maintenance nab-Paclitaxel 150 mg/m2 administered on days 1, 15 of each 28-day cycle (total 300mg/m2 per cycle) until progression or unacceptable toxicity.  nab-Paclitaxel: Induction phase: 3 cycles of nab-Paclitaxel days 1, 8, 15. Maintenance phase with three maintenance schedules of nab-Paclitaxel (	Arm A: Induction\* nab-Paclitaxel 125 mg/m2 on days 1,8,15 every 28 days for 3 cycles followed by maintenance nab-Paclitaxel 150 mg/m2 administered on days 1, 15 of each 28-day cycle (total 300mg/m2 per cycle) until progression or unacceptable toxicity.  \*Following Amendment 1, the dose in the induction phase dose in all three arms was reduced to 125 mg/m² from 150 mg/m².
NCT01746225	Best Overall Response	B: Nab-Paclitaxel 100 mg/m2 Days 1,8,15	85	2010_2013	bor	Metastatic Breastcancer	1	1	1	TRIAL_SINGLE	NAMES_A_TUMOUR_TYPE	breastcancer	Metastatic Breastcancer	trial lists exactly one condition	PHASE2	TRIAL_SINGLE	PHASE2		B: nab-Paclitaxel 100 mg/m2 days 1,8,15	EXPERIMENTAL	NORMALIZED	3	False	NOT_CONTROL	registry arm 'B: nab-Paclitaxel 100 mg/m2 days 1,8,15' type=EXPERIMENTAL (NORMALIZED match)		False	Arm B: Induction\* nab-Paclitaxel 125 mg/m2 on days 1,8,15 every 28 days for 3 cycles followed by maintenance nab-Paclitaxel 100 mg/m2 administered on days 1, 8, 15 of each 28-day cycle (total 300mg/m2 per cycle) until progression or unacceptable toxicity.  nab-Paclitaxel: Induction phase: 3 cycles of nab-Paclitaxel days 1, 8, 15. Maintenance phase with three maintenance schedules of nab-Paclitaxe	Arm B: Induction\* nab-Paclitaxel 125 mg/m2 on days 1,8,15 every 28 days for 3 cycles followed by maintenance nab-Paclitaxel 100 mg/m2 administered on days 1, 8, 15 of each 28-day cycle (total 300mg/m2 per cycle) until progression or unacceptable toxicity.  \*Following Amendment 1, the dose in the induction phase dose in all three arms was reduced to 125 mg/m² from 150 mg/m².
NCT01746225	Best Overall Response	C: Nab-Paclitaxel 75 mg/m2 Days 1,8,15,22	81	2010_2013	bor	Metastatic Breastcancer	1	1	1	TRIAL_SINGLE	NAMES_A_TUMOUR_TYPE	breastcancer	Metastatic Breastcancer	trial lists exactly one condition	PHASE2	TRIAL_SINGLE	PHASE2		C: nab-Paclitaxel 75 mg/m2 days 1,8,15,22	EXPERIMENTAL	NORMALIZED	3	False	NOT_CONTROL	registry arm 'C: nab-Paclitaxel 75 mg/m2 days 1,8,15,22' type=EXPERIMENTAL (NORMALIZED match)		False	Arm C: Induction\* nab-Paclitaxel 125 mg/m2 on days 1,8,15 every 28 days for 3 cycles followed by maintenance nab-Paclitaxel 75 mg/m2 administered on days 1, 8, 15, 22 of each 28-day cycle (total 300mg/m2 per cycle) until progression or unacceptable toxicity.  nab-Paclitaxel: Induction phase: 3 cycles of nab-Paclitaxel days 1, 8, 15. Maintenance phase with three maintenance schedules of nab-Paclit	Arm C: Induction\* nab-Paclitaxel 125 mg/m2 on days 1,8,15 every 28 days for 3 cycles followed by maintenance nab-Paclitaxel 75 mg/m2 administered on days 1, 8, 15, 22 of each 28-day cycle (total 300mg/m2 per cycle) until progression or unacceptable toxicity.  \*Following Amendment 1, the dose in the induction phase dose in all three arms was reduced to 125 mg/m² from 150 mg/m².
NCT01790503	Summary of Best Overall Response by Subgroups in the Modified Intent-To-Treat Population on the Recommended Phase 2 Dose	Combined 800 mg, 5 Days/Week	26	2010_2013	bor	Patients With Newly Diagnosed Glioblastoma	1	1	1	TRIAL_SINGLE	NAMES_A_TUMOUR_TYPE	patients with glioblastoma	Patients With Newly Diagnosed Glioblastoma	trial lists exactly one condition	PHASE1/PHASE2	MIXED	PHASE1/PHASE2	Phase 2			NONE	4	False	UNKNOWN	no strong arm match (NONE) and no control language in the group record		False	All participants in Phase 1b or 2 who received 800 mg/day PLX3397 (5 days/week) during combination therapy.	
NCT01796171	Part A, Phase IIa	100/20 With FL	9	2010_2013	bor	Non-Hodgkin Lymphoma ; Follicular Lymphoma	2	2	2	GROUP_SPECIFIC	NAMES_A_TUMOUR_TYPE	follicular lymphoma	Follicular Lymphoma	group/arm/outcome text names exactly one of the trial conditions	PHASE1/PHASE2	MIXED	PHASE1/PHASE2	Part A			NONE	13	False	UNKNOWN	no strong arm match (NONE) and no control language in the group record		False	Participants in the PPS in Phase IIa with follicular lymphoma who received 20 MBq/kg Betalutin and 100 mg/m2 lilotomab	
NCT01796171	Part A, Phase IIa	40/15 With FL	18	2010_2013	bor	Non-Hodgkin Lymphoma ; Follicular Lymphoma	2	2	2	GROUP_SPECIFIC	NAMES_A_TUMOUR_TYPE	follicular lymphoma	Follicular Lymphoma	group/arm/outcome text names exactly one of the trial conditions	PHASE1/PHASE2	MIXED	PHASE1/PHASE2	Part A			NONE	13	False	UNKNOWN	no strong arm match (NONE) and no control language in the group record		False	Participants in the PPS in Phase IIa with follicular lymphoma who received 15 MBq/kg Betalutin and 40 mg lilotomab	
NCT01807182	Number of Participants in Each Clinical Response Category	Treatment (TIL, Combination Chemotherapy, Aldesleukin)	10	2010_2013	bor	Stage III Cutaneous Melanoma AJCC v7 ; Stage IIIA Cutaneous Melanoma AJCC v7 ; Stage IIIB Cutaneous Melanoma AJCC v7 ; Stage IIIC Cutaneous Melanoma AJCC v7 ; Stage IV Cutaneous Melanoma AJCC v6 and v7 ; Metastatic Melanoma	6	4	4	MIXED	UNASSIGNABLE			4 distinct disease keys at trial level, no single-disease group evidence	PHASE2	TRIAL_SINGLE	PHASE2		Treatment (TIL, combination chemotherapy, aldesleukin)	EXPERIMENTAL	NORMALIZED	1	False	NOT_CONTROL	registry arm 'Treatment (TIL, combination chemotherapy, aldesleukin)' type=EXPERIMENTAL (NORMALIZED match)		False	Patients receive cyclophosphamide IV on days -7 to -6 and fludarabine phosphate IV on days -5 to -1. Patients undergo TIL infusion over 30-60 minutes on day 0 and receive aldesleukin IV every 8 hours on days 1-5 for up to a maximum of 14 doses.  Aldesleukin: Given IV  Cyclophosphamide: Given IV  Fludarabine Phosphate: Given IV  Laboratory Biomarker Analysis: Correlative studies  Therapeutic Tumor 	Patients receive cyclophosphamide IV on days -7 to -6 and fludarabine phosphate IV on days -5 to -1. Patients undergo TIL infusion over 30-60 minutes on day 0 and receive aldesleukin IV every 8 hours on days 1-5 for up to a maximum of 14 doses.
NCT01832727	Best Overall Response in Phase 2 as Assessed by Investigator	Phase 2 300 mg 2/7 Schedule	13	2010_2013	bor	Multiple Myeloma	1	1	1	TRIAL_SINGLE	NAMES_A_TUMOUR_TYPE	multiple myeloma	Multiple Myeloma	trial lists exactly one condition	PHASE1/PHASE2	MIXED	PHASE1/PHASE2	Phase 2	Phase 2 300 mg 2/7 Schedule	EXPERIMENTAL	EXACT	9	False	NOT_CONTROL	registry arm 'Phase 2 300 mg 2/7 Schedule' type=EXPERIMENTAL (EXACT match)		False	The Cohort Safety Review Committee (CSRC) determined this dose as the recommended phase 2 dose (RP2D). Oprozomib 300 mg once daily on Days 1, 2, 8, and 9 of a 14-day treatment cycle in combination with 20 mg dexamethasone once daily on Days 1, 2, 8, and 9 of a 14-day cycle. Treatment was administered in 14-day cycles until disease progression, unacceptable toxicity, or study treatment discontinuat	The Cohort Safety Review Committee (CSRC) determined this dose as the recommended phase 2 dose (RP2D). Oprozomib 300 mg once daily on Days 1, 2, 8, and 9 of a 14-day treatment cycle in combination with 20 mg dexamethasone once daily on Days 1, 2, 8, and 9 of a 14-day cycle. Treatment was administered in 14-day cycles until disease progression, unacceptable toxicity, or study treatment discontinuat
NCT01853644	Overall Best Response of Patients With Platinum-resistant Ovarian Cancer to Treatment With Single Agent Tivozanib	Treatment (Tivozanib)	24	2010_2013	bor	Recurrent Epithelial Ovarian Cancer ; Recurrent Fallopian Tube Cancer ; Recurrent Primary Peritoneal Cancer	3	3	3	MIXED	UNASSIGNABLE			3 distinct disease keys at trial level, no single-disease group evidence	PHASE2	TRIAL_SINGLE	PHASE2		Treatment (Tivozanib)	EXPERIMENTAL	EXACT	1	False	NOT_CONTROL	registry arm 'Treatment (Tivozanib)' type=EXPERIMENTAL (EXACT match)		False	Tivozanib 1.5mg orally given daily for 3 weeks with one week off to complete a 4 week cycle until disease progression or adverse effects prohibit further therapy  Tivozanib: 1.5 mg Given PO (orally)days 1-21 or every 28 day cycle	Tivozanib 1.5mg orally given daily for 3 weeks with one week off to complete a 4 week cycle until disease progression or adverse effects prohibit further therapy
NCT01859741	Phase 1b: Overall Response (Response Evaluable Population)	P1B: OMP-59R5 10 mg/kg + ETO + CIS	5	2010_2013	bor	Stage IV Small Cell Lung Cancer	1	1	1	TRIAL_SINGLE	NAMES_A_TUMOUR_TYPE	small cell lung	Stage IV Small Cell Lung Cancer	trial lists exactly one condition	PHASE1/PHASE2	MIXED	PHASE1/PHASE2				NONE	2	False	UNKNOWN	no strong arm match (NONE) and no control language in the group record		False	Cohort 3: Subjects receive OMP-59R5 10 mg/kg (administered on Day 1 of each 21-day cycle) along with etoposide 100 mg/m2 (Days 1, 2, and 3 and cisplatin 80 mg/m2 on Day 1).	
NCT01859741	Phase 1b: Overall Response (Response Evaluable Population)	P1B: OMP-59R5 12.5 mg/kg + ETO + CIS	3	2010_2013	bor	Stage IV Small Cell Lung Cancer	1	1	1	TRIAL_SINGLE	NAMES_A_TUMOUR_TYPE	small cell lung	Stage IV Small Cell Lung Cancer	trial lists exactly one condition	PHASE1/PHASE2	MIXED	PHASE1/PHASE2				NONE	2	False	UNKNOWN	no strong arm match (NONE) and no control language in the group record		False	Cohort 4: Subjects receive OMP-59R5 12.5 mg/kg (administered on Day 1 of each 21-day cycle) along with etoposide 100 mg/m2 (Days 1, 2, and 3) and cisplatin 80 mg/m2 (Day 1).	
NCT01859741	Phase 1b: Overall Response (Response Evaluable Population)	P1B: OMP-59R5 15 mg/kg + ETO + CIS	6	2010_2013	bor	Stage IV Small Cell Lung Cancer	1	1	1	TRIAL_SINGLE	NAMES_A_TUMOUR_TYPE	small cell lung	Stage IV Small Cell Lung Cancer	trial lists exactly one condition	PHASE1/PHASE2	MIXED	PHASE1/PHASE2				NONE	2	False	UNKNOWN	no strong arm match (NONE) and no control language in the group record		False	Cohort 5: Subjects receive OMP-59R5 15 mg/kg (administered on Day 1 of each 21-day cycle) along with etoposide 100 mg/m2 (Days 1, 2, and 3) and cisplatin 80 mg/m2 (Day 1).	
NCT01859741	Phase 1b: Overall Response (Response Evaluable Population)	P1B: OMP-59R5 15mg/kg + ETO + CARB	6	2010_2013	bor	Stage IV Small Cell Lung Cancer	1	1	1	TRIAL_SINGLE	NAMES_A_TUMOUR_TYPE	small cell lung	Stage IV Small Cell Lung Cancer	trial lists exactly one condition	PHASE1/PHASE2	MIXED	PHASE1/PHASE2				NONE	2	False	UNKNOWN	no strong arm match (NONE) and no control language in the group record		False	Cohort 6: Subjects receive OMP-59R5 15 mg/kg (administered on Day 1 of each 21-day cycle) along with etoposide 100 mg/m2 (Days 1, 2, and 3) and carboplatin AUC of 5 mg/mL•min (Day 1).	
NCT01859741	Phase 1b: Overall Response (Response Evaluable Population)	P1B: OMP-59R5 5mg/kg + ETO + CIS	3	2010_2013	bor	Stage IV Small Cell Lung Cancer	1	1	1	TRIAL_SINGLE	NAMES_A_TUMOUR_TYPE	small cell lung	Stage IV Small Cell Lung Cancer	trial lists exactly one condition	PHASE1/PHASE2	MIXED	PHASE1/PHASE2				NONE	2	False	UNKNOWN	no strong arm match (NONE) and no control language in the group record		False	Cohort 1: Subjects receive OMP-59R5 5 mg/kg (administered on Day 1 of each 21-day cycle) along with etoposide 100 mg/m2 (Days 1, 2, and 3) and cisplatin 80 mg/m2 (Day 1).	
NCT01859741	Phase 1b: Overall Response (Response Evaluable Population)	P1B: OMP-59R5 7.5 mg/kg + ETO + CIS	3	2010_2013	bor	Stage IV Small Cell Lung Cancer	1	1	1	TRIAL_SINGLE	NAMES_A_TUMOUR_TYPE	small cell lung	Stage IV Small Cell Lung Cancer	trial lists exactly one condition	PHASE1/PHASE2	MIXED	PHASE1/PHASE2				NONE	2	False	UNKNOWN	no strong arm match (NONE) and no control language in the group record		False	Cohort 2: Subjects receive OMP-59R5 7.5 mg/kg (administered on Day 1 of each 21-day cycle) along with etoposide 100 mg/m2 (Days 1, 2, and 3) and cisplatin 80 mg/m2 (Day 1).	
NCT01859741	Phase 2: Best Overall Tumor Response Based on Investigator Assessment (ITT Population)	P2: OMP-59R5 15 mg/kg + ETO and CIS or CARB	61	2010_2013	bor	Stage IV Small Cell Lung Cancer	1	1	1	TRIAL_SINGLE	NAMES_A_TUMOUR_TYPE	small cell lung	Stage IV Small Cell Lung Cancer	trial lists exactly one condition	PHASE1/PHASE2	MIXED	PHASE1/PHASE2	Phase 2			NONE	2	False	UNKNOWN	no strong arm match (NONE) and no control language in the group record		False	Active Arm: Subjects receive OMP-59R5 15 mg/kg and etoposide 100 mg/m2 and cisplatin 75 mg/m2 or carboplatin AUC 5 mg/kg \*min	
NCT01859741	Phase 2: Best Overall Tumor Response Based on Investigator Assessment (ITT Population)	P2: Placebo + CIS or CARB	65	2010_2013	bor	Stage IV Small Cell Lung Cancer	1	1	1	TRIAL_SINGLE	NAMES_A_TUMOUR_TYPE	small cell lung	Stage IV Small Cell Lung Cancer	trial lists exactly one condition	PHASE1/PHASE2	MIXED	PHASE1/PHASE2	Phase 2			NONE	2	False	CONTROL_PLACEBO_BY_GROUP_TEXT	results group title/description states placebo or sham; registry arm not strongly matched	PLACEBO_CLAIM_WITHOUT_PLACEBO_ARM_IN_REGISTRY	True	Placebo Arm: Active Arm: Subjects receive placebo and etoposide 100 mg/m2 and cisplatin 75 mg/m2 or carboplatin AUC 5 mg/kg \*min	
NCT01874054	Overall Best Response Rate	Brentuximab Vedotin + Bendamustine	53	2010_2013	bor	Hodgkin Disease	1	1	1	TRIAL_SINGLE	NAMES_A_TUMOUR_TYPE	hodgkin	Hodgkin Disease	trial lists exactly one condition	PHASE1/PHASE2	MIXED	PHASE1/PHASE2		Brentuximab Vedotin + Bendamustine	EXPERIMENTAL	EXACT	1	False	NOT_CONTROL	registry arm 'Brentuximab Vedotin + Bendamustine' type=EXPERIMENTAL (EXACT match)		False	brentuximab vedotin: 1.8 mg/kg on Day 1 of 3-week cycles by intravenous (IV) infusion  bendamustine: 90 mg/m\^2 on Days 1 and 2 of 3-week cycles by intravenous (IV) infusion	Brentuximab vedotin 1.8 mg/kg every 3 weeks for up to 16 cycles by IV infusion and bendamustine 90 mg/m2 on Days 1 and 2 every 3 weeks by IV infusion for up to 6 cycles
NCT01876446	Best Response	A: Chemo Resistant	19	2010_2013	bor	Recurrent Small Cell Lung Carcinoma	1	1	1	TRIAL_SINGLE	NAMES_A_TUMOUR_TYPE	small cell lung	Recurrent Small Cell Lung Carcinoma	trial lists exactly one condition	PHASE2	TRIAL_SINGLE	PHASE2				NONE	1	False	NOT_CONTROL_SINGLE_ARM_TRIAL	trial registers 1 arm group(s)		False	Group A: chemo resistant - those progressing on first-line therapy \< 3 months after completion of treatment.  Treatment (pegylated irinotecan NKTR 102) Patients receive pegylated irinotecan NKTR 102 IV over 90 minutes on day 1. Courses repeat every 21 days in the absence of disease progression or unacceptable toxicity  Laboratory Biomarker Analysis: Correlative studies Pegylated Irinotecan: Given	
NCT01876446	Best Response	B: Chemo Sensitive	16	2010_2013	bor	Recurrent Small Cell Lung Carcinoma	1	1	1	TRIAL_SINGLE	NAMES_A_TUMOUR_TYPE	small cell lung	Recurrent Small Cell Lung Carcinoma	trial lists exactly one condition	PHASE2	TRIAL_SINGLE	PHASE2				NONE	1	False	NOT_CONTROL_SINGLE_ARM_TRIAL	trial registers 1 arm group(s)		False	Group B: chemo sensitive - those progressing on first-line therapy ≥ 3 months after completion of treatment.  Treatment (pegylated irinotecan NKTR 102) Patients receive pegylated irinotecan NKTR 102 IV over 90 minutes on day 1. Courses repeat every 21 days in the absence of disease progression or unacceptable toxicity  Laboratory Biomarker Analysis: Correlative studies  Pegylated Irinotecan: Given	
NCT01975519	Objective Response Rate in Patients With Advanced Soft Tissue Sarcoma by RECIST 1.1	10 mg/kg TRC105 + Pazopanib	74	2010_2013	bor	Advanced Soft Tissue Sarcoma	1	1	1	TRIAL_SINGLE	NAMES_A_TUMOUR_TYPE	soft tissue sarcoma	Advanced Soft Tissue Sarcoma	trial lists exactly one condition	PHASE1/PHASE2	MIXED	PHASE1/PHASE2	phase 1			NONE	1	False	NOT_CONTROL_SINGLE_ARM_TRIAL	trial registers 1 arm group(s)		False	10 mg/kg of TRC105 in combination with standard dose pazopanib in patients with advanced soft tissue sarcoma.	
NCT01975519	Objective Response Rate in Patients With Advanced Soft Tissue Sarcoma by RECIST 1.1	8 mg/kg TRC105 + Pazopanib	3	2010_2013	bor	Advanced Soft Tissue Sarcoma	1	1	1	TRIAL_SINGLE	NAMES_A_TUMOUR_TYPE	soft tissue sarcoma	Advanced Soft Tissue Sarcoma	trial lists exactly one condition	PHASE1/PHASE2	MIXED	PHASE1/PHASE2	phase 1			NONE	1	False	NOT_CONTROL_SINGLE_ARM_TRIAL	trial registers 1 arm group(s)		False	8 mg/kg of TRC105 in combination with standard dose pazopanib in patients with advanced soft tissue sarcoma.	
NCT01975519	Objective Response Rate in a Cohort of Patients With Angiosarcoma	10 mg/kg TRC105 + Pazopanib With Angiosarcoma	5	2010_2013	bor	Advanced Soft Tissue Sarcoma	1	1	1	TRIAL_SINGLE	NAMES_A_TUMOUR_TYPE	soft tissue sarcoma	Advanced Soft Tissue Sarcoma	trial lists exactly one condition	PHASE1/PHASE2	MIXED	PHASE1/PHASE2	phase 2			NONE	1	False	NOT_CONTROL_SINGLE_ARM_TRIAL	trial registers 1 arm group(s)		False	10 mg/kg of TRC105 in combination with standard dose pazopanib in patients with advanced soft tissue sarcoma.	
NCT02472964	Primary Endpoint : Compare Best Overall Response Rate (ORR) (According to Response Evaluation Criteria in Solid Tumor [RECIST] 1.1 Criteria) at Week 24 of MYL-1401O Plus Taxane Versus Herceptin® Plus Taxane in the ITT1 Population	Herceptin© + Taxane	215	2010_2013	bor	Breast Cancer	1	1	1	TRIAL_SINGLE	NAMES_A_TUMOUR_TYPE	breast	Breast Cancer	trial lists exactly one condition	PHASE3	TRIAL_SINGLE	PHASE3	Part 1	Herceptin© + Taxane	ACTIVE_COMPARATOR	EXACT	2	True	CONTROL_ACTIVE_COMPARATOR	registry arm 'Herceptin© + Taxane' type=ACTIVE_COMPARATOR (EXACT match)		False	Part 1: Herceptin© (trastuzumab) intravenously+ paclitaxel 80 mg/m2 weekly intravenously or docetaxel 75 mg/m2 intravenously once every three weeks (investigators choice) for 8 cycles then evaluate for primary endpoint.  Part 2: If SD or PR, CR at cycle 9 (week 24) proceed to Herceptin© (trastuzumab) alone once every 3 weeks until DP or subject withdrawal .	Part 1: Herceptin© (trastuzumab) intravenously+ paclitaxel 80 mg/m2 weekly intravenously or docetaxel 75 mg/m2 intravenously once every three weeks (investigators choice) for 8 cycles then evaluate for primary endpoint.  Part 2: If SD or PR, CR at cycle 9 (week 24) proceed to Herceptin© (trastuzumab) alone once every 3 weeks until DP or subject withdrawal .
NCT02472964	Primary Endpoint : Compare Best Overall Response Rate (ORR) (According to Response Evaluation Criteria in Solid Tumor [RECIST] 1.1 Criteria) at Week 24 of MYL-1401O Plus Taxane Versus Herceptin® Plus Taxane in the ITT1 Population	MYL-1401O Trastuzumab + Taxane	217	2010_2013	bor	Breast Cancer	1	1	1	TRIAL_SINGLE	NAMES_A_TUMOUR_TYPE	breast	Breast Cancer	trial lists exactly one condition	PHASE3	TRIAL_SINGLE	PHASE3	Part 1			NONE	2	True	UNKNOWN	no strong arm match (NONE) and no control language in the group record		False	Part 1:Myl 1401OTrastuzumab Intravenously + paclitaxel 80 mg/m2 weekly intravenously or docetaxel 75 mg/m2 intravenously once every three weeks (investigators choice) for 8 cycles then evaluate for primary endpoint.  Part 2: If SD or PR, CR at cycle 9 (week 24) proceed to Myl 1401O( Mylan Trastuzumab) alone once every 3 weeks until DP or subject withdrawal.	
NCT02041429	Best Response [Phase I]	Phase I Dose Level 0: Paclitaxel + Ruxolitiniib 10 mg	3	2014_2017	bor	Recurrent Breast Cancer ; Metastatic Breast Cancer	2	1	1	TRIAL_SINGLE_AFTER_COLLAPSE	NAMES_A_TUMOUR_TYPE	breast	Recurrent Breast Cancer	trial conditions collapse to one disease key: Recurrent Breast Cancer ; Metastatic Breast Cancer	PHASE1/PHASE2	MIXED	PHASE1/PHASE2	Phase I	Phase I Dose Level 0: Paclitaxel + Ruxolitiniib 10 mg	EXPERIMENTAL	EXACT	4	False	NOT_CONTROL	registry arm 'Phase I Dose Level 0: Paclitaxel + Ruxolitiniib 10 mg' type=EXPERIMENTAL (EXACT match)		False	Paclitaxel 80 mg/m2 IV weekly + Ruxolitinib 10 mg orally twice daily for 4 cycles  1 cycle = 21 days Participants with stable disease or better will have the opportunity to continue on single agent 10 mg Ruxolitinib until disease progression, unacceptable toxicity or patient withdrawal.	Paclitaxel 80 mg/m2 IV weekly + Ruxolitinib 10 mg orally twice daily for 4 cycles  1 cycle = 21 days  Participants with stable disease or better will have the opportunity to continue on single agent 10 mg Ruxolitinib until disease progression, unacceptable toxicity or patient withdrawal.
NCT02041429	Best Response [Phase I]	Phase I Dose Level 1: Paclitaxel + Ruxolitiniib 15 mg	3	2014_2017	bor	Recurrent Breast Cancer ; Metastatic Breast Cancer	2	1	1	TRIAL_SINGLE_AFTER_COLLAPSE	NAMES_A_TUMOUR_TYPE	breast	Recurrent Breast Cancer	trial conditions collapse to one disease key: Recurrent Breast Cancer ; Metastatic Breast Cancer	PHASE1/PHASE2	MIXED	PHASE1/PHASE2	Phase I	Phase I Dose Level 1: Paclitaxel + Ruxolitiniib 15 mg	EXPERIMENTAL	EXACT	4	False	NOT_CONTROL	registry arm 'Phase I Dose Level 1: Paclitaxel + Ruxolitiniib 15 mg' type=EXPERIMENTAL (EXACT match)		False	Paclitaxel 80 mg/m2 IV weekly + Ruxolitinib 15 mg orally twice daily for 4 cycles  1 cycle = 21 days Participants with stable disease or better will have the opportunity to continue on single agent 15 mg Ruxolitinib until disease progression, unacceptable toxicity or patient withdrawal.	Paclitaxel 80 mg/m2 IV weekly + Ruxolitinib 15 mg orally twice daily for 4 cycles  1 cycle = 21 days  Participants with stable disease or better will have the opportunity to continue on single agent 15 mg Ruxolitinib until disease progression, unacceptable toxicity or patient withdrawal.
NCT02041429	Best Response [Phase I]	Phase I Dose Level 2: Paclitaxel + Ruxolitiniib 20 mg	7	2014_2017	bor	Recurrent Breast Cancer ; Metastatic Breast Cancer	2	1	1	TRIAL_SINGLE_AFTER_COLLAPSE	NAMES_A_TUMOUR_TYPE	breast	Recurrent Breast Cancer	trial conditions collapse to one disease key: Recurrent Breast Cancer ; Metastatic Breast Cancer	PHASE1/PHASE2	MIXED	PHASE1/PHASE2	Phase I	Phase I Dose Level 2: Paclitaxel + Ruxolitiniib 20 mg	EXPERIMENTAL	EXACT	4	False	NOT_CONTROL	registry arm 'Phase I Dose Level 2: Paclitaxel + Ruxolitiniib 20 mg' type=EXPERIMENTAL (EXACT match)		False	Paclitaxel 80 mg/m2 IV weekly + Ruxolitinib 20 mg orally twice daily for 4 cycles  1 cycle = 21 days Participants with stable disease or better will have the opportunity to continue on single agent 20 mg Ruxolitinib until disease progression, unacceptable toxicity or patient withdrawal	Paclitaxel 80 mg/m2 IV weekly + Ruxolitinib 20 mg orally twice daily for 4 cycles  1 cycle = 21 days  Participants with stable disease or better will have the opportunity to continue on single agent 20 mg Ruxolitinib until disease progression, unacceptable toxicity or patient withdrawal.
NCT02041429	Best Response [Phase I]	Phase I Dose Level 3: Paclitaxel + Ruxolitiniib 25 mg	6	2014_2017	bor	Recurrent Breast Cancer ; Metastatic Breast Cancer	2	1	1	TRIAL_SINGLE_AFTER_COLLAPSE	NAMES_A_TUMOUR_TYPE	breast	Recurrent Breast Cancer	trial conditions collapse to one disease key: Recurrent Breast Cancer ; Metastatic Breast Cancer	PHASE1/PHASE2	MIXED	PHASE1/PHASE2	Phase I	Phase I Dose Level 3: Paclitaxel + Ruxolitiniib 25 mg	EXPERIMENTAL	EXACT	4	False	NOT_CONTROL	registry arm 'Phase I Dose Level 3: Paclitaxel + Ruxolitiniib 25 mg' type=EXPERIMENTAL (EXACT match)		False	Paclitaxel 80 mg/m2 IV weekly + Ruxolitinib 25 mg orally twice daily for 4 cycles  1 cycle = 21 days Participants with stable disease or better will have the opportunity to continue on single agent 20 mg Ruxolitinib until disease progression, unacceptable toxicity or patient withdrawal.	Paclitaxel 80 mg/m2 IV weekly + Ruxolitinib 25 mg orally twice daily for 4 cycles  1 cycle = 21 days  Participants with stable disease or better will have the opportunity to continue on single agent 20 mg Ruxolitinib until disease progression, unacceptable toxicity or patient withdrawal.
NCT02046733	Objective Response (OR)	Nivolumab + Ipilimumab	63	2014_2017	bor	Limited Stage Small Cell Lung Cancer ; Small Cell Lung Cancer	2	2	2	MIXED	UNASSIGNABLE			2 distinct disease keys at trial level, no single-disease group evidence	PHASE2	TRIAL_SINGLE	PHASE2		Nivolumab + Ipilimumab	EXPERIMENTAL	EXACT	2	True	NOT_CONTROL	registry arm 'Nivolumab + Ipilimumab' type=EXPERIMENTAL (EXACT match)		False	* Induction phase to start within 6-8 weeks (42-56 days) after the start of chemotherapy cycle 4, and not more than 2 weeks (14 days) after the date of randomisation): Nivolumab at a dose of 1 mg/kg i.v. over a period of 30 minutes followed (on the same day) by Ipilimumab at a dose of 3 mg/kg i.v. over a period of 90 minutes once every 3 weeks (+/- 3 days, without dosing delay), for 4 cycles. * Ma	\- Induction: Nivolumab at a dose of 1 mg/kg i.v. followed (on the same day) by Ipilimumab at a dose of 3 mg/kg i.v. once every 3 weeks, 4 cycles  \- Maintenance: Nivolumab 240 mg i.v. once every 2 weeks, for a maximum of 12 months from start of maintenance
NCT02046733	Objective Response (OR)	Observation	62	2014_2017	bor	Limited Stage Small Cell Lung Cancer ; Small Cell Lung Cancer	2	2	2	MIXED	UNASSIGNABLE			2 distinct disease keys at trial level, no single-disease group evidence	PHASE2	TRIAL_SINGLE	PHASE2		Observation	NO_INTERVENTION	EXACT	2	True	CONTROL_NO_INTERVENTION	registry arm 'Observation' type=NO_INTERVENTION (EXACT match)		True	no further treatment; tumour assessment, follow-up documentation and collection of biological material will be done according to the same schedule as the experimental arm (nivolumab+ipilimumab).	no further treatment; tumour assessment, follow-up documentation and collection of biological material will be done according to the same schedule as Arm 1.
NCT02083653	Best Overall Response (OR) According to the Response Evaluation Criteria In Solid Tumors Version 1.1 (RECIST v1.1)	Arm A: Sym004 (12 mg/kg)	78	2014_2017	bor	Metastatic Colorectal Cancer	1	1	1	TRIAL_SINGLE	NAMES_A_TUMOUR_TYPE	colorectal	Metastatic Colorectal Cancer	trial lists exactly one condition	PHASE2	TRIAL_SINGLE	PHASE2		Arm A: Sym004 (12 mg/kg)	EXPERIMENTAL	EXACT	3	True	NOT_CONTROL	registry arm 'Arm A: Sym004 (12 mg/kg)' type=EXPERIMENTAL (EXACT match)		False	Sym004 will be administered as an intravenous infusion at a dose of 12 milligrams per kilogram (mg/kg) weekly until unacceptable toxicity, disease progression, or consent withdrawal.  Sym004 (12 mg/kg): Sym004 is a 1:1 mixture of two mAbs (futuximab and modotuximab) which bind to two non-overlapping epitopes of the EGFR.	Sym004 will be administered as an intravenous infusion at a dose of 12 milligrams per kilogram (mg/kg) weekly until unacceptable toxicity, disease progression, or consent withdrawal.
NCT02083653	Best Overall Response (OR) According to the Response Evaluation Criteria In Solid Tumors Version 1.1 (RECIST v1.1)	Arm B: Sym004 (9/6 mg/kg)	83	2014_2017	bor	Metastatic Colorectal Cancer	1	1	1	TRIAL_SINGLE	NAMES_A_TUMOUR_TYPE	colorectal	Metastatic Colorectal Cancer	trial lists exactly one condition	PHASE2	TRIAL_SINGLE	PHASE2		Arm B: Sym004 (9/6 mg/kg)	EXPERIMENTAL	EXACT	3	True	NOT_CONTROL	registry arm 'Arm B: Sym004 (9/6 mg/kg)' type=EXPERIMENTAL (EXACT match)		False	Sym004 will be administered as an intravenous infusion at a loading dose of 9 mg/kg followed by 6 mg/kg weekly until unacceptable toxicity, disease progression, or consent withdrawal.  Sym004 (9/6 mg/kg): Sym004 is a 1:1 mixture of two mAbs (futuximab and modotuximab) which bind to two non-overlapping epitopes of the EGFR.	Sym004 will be administered as an intravenous infusion at a loading dose of 9 mg/kg followed by 6 mg/kg weekly until unacceptable toxicity, disease progression, or consent withdrawal.
NCT02083653	Best Overall Response (OR) According to the Response Evaluation Criteria In Solid Tumors Version 1.1 (RECIST v1.1)	Arm C: Investigator's Choice	70	2014_2017	bor	Metastatic Colorectal Cancer	1	1	1	TRIAL_SINGLE	NAMES_A_TUMOUR_TYPE	colorectal	Metastatic Colorectal Cancer	trial lists exactly one condition	PHASE2	TRIAL_SINGLE	PHASE2		Arm C: Investigator's Choice	ACTIVE_COMPARATOR	EXACT	3	True	CONTROL_ACTIVE_COMPARATOR	registry arm 'Arm C: Investigator's Choice' type=ACTIVE_COMPARATOR (EXACT match)		False	Best supportive care (BSC) or Fluorouracil (5-FU) or Capecitabine will be given as per Investigator's discretion.  Best Supportive Care (BSC): BSC is the best palliative care as per Investigator's discretion, excluding antineoplastic agents. BSC may include, but is not limited to, antibiotics, analgesics, antiemetics, blood transfusions, and nutritional support.  Fluorouracil (5-FU): 5-FU will be 	Best supportive care (BSC) or Fluorouracil (5-FU) or Capecitabine will be given as per Investigator's discretion.
NCT02089334	Best Overall Response as Determined by RECIST v1.1.	125 mg/m^2 RX-0201 + Everolimus (Stage 1)	2	2014_2017	bor	Metastatic Renal Cell Cancer	1	1	1	TRIAL_SINGLE	NAMES_A_TUMOUR_TYPE	renal cell	Metastatic Renal Cell Cancer	trial lists exactly one condition	PHASE1/PHASE2	MIXED	PHASE1/PHASE2				NONE	1	False	NOT_CONTROL_SINGLE_ARM_TRIAL	trial registers 1 arm group(s)		False	RX-0201 was administered as 125 mg/m\^2/day as a continuous infusion for a cycle of 21 days (14 days infused followed by 7 days off) for up to 8 cycles in Stage 1.  10 mg everolimus was taken daily for a cycle of 21 days	
NCT02089334	Best Overall Response as Determined by RECIST v1.1.	200 mg/m^2/Day RX-0201 + Everolimus (Stage 1)	3	2014_2017	bor	Metastatic Renal Cell Cancer	1	1	1	TRIAL_SINGLE	NAMES_A_TUMOUR_TYPE	renal cell	Metastatic Renal Cell Cancer	trial lists exactly one condition	PHASE1/PHASE2	MIXED	PHASE1/PHASE2				NONE	1	False	NOT_CONTROL_SINGLE_ARM_TRIAL	trial registers 1 arm group(s)		False	RX-0201 was administered as 200 mg/m\^2/day as a continuous infusion for a cycle of 21 days (14 days infused followed by 7 days off) for up to 8 cycles in Stage 1.  10 mg everolimus was taken daily for a cycle of 21 days	
NCT02089334	Best Overall Response as Determined by RECIST v1.1.	250 mg/m^2/Day RX-0201 + Everolimus (Stage 1)	1	2014_2017	bor	Metastatic Renal Cell Cancer	1	1	1	TRIAL_SINGLE	NAMES_A_TUMOUR_TYPE	renal cell	Metastatic Renal Cell Cancer	trial lists exactly one condition	PHASE1/PHASE2	MIXED	PHASE1/PHASE2				NONE	1	False	NOT_CONTROL_SINGLE_ARM_TRIAL	trial registers 1 arm group(s)		False	RX-0201 was administered as 250 mg/m\^2/day as a continuous infusion for a cycle of 21 days (14 days infused followed by 7 days off) for up to 8 cycles in Stage 1.  10 mg everolimus was taken daily for a cycle of 21 days	
NCT02089334	Best Overall Response as Determined by RECIST v1.1.	RX-0201 Plus Everolimus (Stage 2)	8	2014_2017	bor	Metastatic Renal Cell Cancer	1	1	1	TRIAL_SINGLE	NAMES_A_TUMOUR_TYPE	renal cell	Metastatic Renal Cell Cancer	trial lists exactly one condition	PHASE1/PHASE2	MIXED	PHASE1/PHASE2				NONE	1	False	NOT_CONTROL_SINGLE_ARM_TRIAL	trial registers 1 arm group(s)		False	RX-0201 was administered as 250 mg/m\^2/day as a continuous infusion for a cycle of 21 days (14 days infused followed by 7 days off) for up to 8 cycles in Stage 2 after determination of MTD in Stage 1.  10 mg everolimus was taken daily for a cycle of 21 days	
NCT02124772	Best Overall Response (BOR) Based on RECIST v1.1, RANO and Dombi Criteria and as Per Investigator Assessment	Part A - TMT 0.0125 mg/kg/Day	1	2014_2017	bor	Cancer	1	1	1	TRIAL_SINGLE	NOT_A_DISEASE_UMBRELLA	cancer	Cancer	trial lists exactly one condition	PHASE1/PHASE2	MIXED	PHASE1/PHASE2	Part A	Part A - TMT 0.0125 mg/kg/day	EXPERIMENTAL	NORMALIZED	13	False	NOT_CONTROL	registry arm 'Part A - TMT 0.0125 mg/kg/day' type=EXPERIMENTAL (NORMALIZED match)		False	Participants treated with trametinib 0.0125 mg/kg/day	Participants treated with trametinib 0.0125 mg/kg/day
NCT02124772	Best Overall Response (BOR) Based on RECIST v1.1, RANO and Dombi Criteria and as Per Investigator Assessment	Part A - TMT 0.025 mg/kg/Day	3	2014_2017	bor	Cancer	1	1	1	TRIAL_SINGLE	NOT_A_DISEASE_UMBRELLA	cancer	Cancer	trial lists exactly one condition	PHASE1/PHASE2	MIXED	PHASE1/PHASE2	Part A	Part A - TMT 0.025 mg/kg/day	EXPERIMENTAL	NORMALIZED	13	False	NOT_CONTROL	registry arm 'Part A - TMT 0.025 mg/kg/day' type=EXPERIMENTAL (NORMALIZED match)		False	Participants treated with trametinib 0.025 mg/kg/day	Participants treated with trametinib 0.025 mg/kg/day
NCT02124772	Best Overall Response (BOR) Based on RECIST v1.1, RANO and Dombi Criteria and as Per Investigator Assessment	Part A - TMT 0.032 mg/kg/Day	6	2014_2017	bor	Cancer	1	1	1	TRIAL_SINGLE	NOT_A_DISEASE_UMBRELLA	cancer	Cancer	trial lists exactly one condition	PHASE1/PHASE2	MIXED	PHASE1/PHASE2	Part A	Part A - TMT 0.032 mg/kg/day	EXPERIMENTAL	NORMALIZED	13	False	NOT_CONTROL	registry arm 'Part A - TMT 0.032 mg/kg/day' type=EXPERIMENTAL (NORMALIZED match)		False	Participants under 6 years of age treated with trametinib 0.032 mg/kg/day	Participants under 6 years of age treated with trametinib 0.032 mg/kg/day
NCT02124772	Best Overall Response (BOR) Based on RECIST v1.1, RANO and Dombi Criteria and as Per Investigator Assessment	Part A - TMT 0.04 mg/kg/Day	4	2014_2017	bor	Cancer	1	1	1	TRIAL_SINGLE	NOT_A_DISEASE_UMBRELLA	cancer	Cancer	trial lists exactly one condition	PHASE1/PHASE2	MIXED	PHASE1/PHASE2	Part A	Part A - TMT 0.04 mg/kg/day	EXPERIMENTAL	NORMALIZED	13	False	NOT_CONTROL	registry arm 'Part A - TMT 0.04 mg/kg/day' type=EXPERIMENTAL (NORMALIZED match)		False	Participants treated with trametinib 0.04 mg/kg/day	Participants treated with trametinib 0.04 mg/kg/day
NCT02124772	Best Overall Response (BOR) Based on RECIST v1.1, RANO and Dombi Criteria and as Per Investigator Assessment	Part B - BRAF V600 Mutant Solid Tumor	10	2014_2017	bor	Cancer	1	1	1	TRIAL_SINGLE	NOT_A_DISEASE_UMBRELLA	cancer	Cancer	trial lists exactly one condition	PHASE1/PHASE2	MIXED	PHASE1/PHASE2	Part B	Part B - BRAF V600 mutant solid tumor	EXPERIMENTAL	NORMALIZED	13	False	NOT_CONTROL	registry arm 'Part B - BRAF V600 mutant solid tumor' type=EXPERIMENTAL (NORMALIZED match)		False	Participants with BRAF V600 mutant solid tumors treated with trametinib 0.025 mg/kg/day	Participants with BRAF V600 mutant solid tumors treated with trametinib 0.025 mg/kg/day
NCT02124772	Best Overall Response (BOR) Based on RECIST v1.1, RANO and Dombi Criteria and as Per Investigator Assessment	Part B - LGG Fusion	10	2014_2017	bor	Cancer	1	1	1	TRIAL_SINGLE	NOT_A_DISEASE_UMBRELLA	cancer	Cancer	trial lists exactly one condition	PHASE1/PHASE2	MIXED	PHASE1/PHASE2	Part B	Part B - LGG fusion	EXPERIMENTAL	NORMALIZED	13	False	NOT_CONTROL	registry arm 'Part B - LGG fusion' type=EXPERIMENTAL (NORMALIZED match)		False	Participants with refractory or relapsed neuroblastoma treated with trametinib 0.025 mg/kg/day	Participants with refractory or relapsed neuroblastoma treated with trametinib 0.025 mg/kg/day
NCT02124772	Best Overall Response (BOR) Based on RECIST v1.1, RANO and Dombi Criteria and as Per Investigator Assessment	Part B - NF-1 With PN	8	2014_2017	bor	Cancer	1	1	1	TRIAL_SINGLE	NOT_A_DISEASE_UMBRELLA	cancer	Cancer	trial lists exactly one condition	PHASE1/PHASE2	MIXED	PHASE1/PHASE2	Part B	Part B - NF-1 with PN	EXPERIMENTAL	NORMALIZED	13	False	NOT_CONTROL	registry arm 'Part B - NF-1 with PN' type=EXPERIMENTAL (NORMALIZED match)		False	Participants with neurofibromatosis Type -1 associated plexiform neurofibromas (NF-1 with PN) treated with trametinib 0.025 mg/kg/day	Participants with neurofibromatosis Type -1 associated plexiform neurofibromas (NF-1 with PN) treated with trametinib 0.025 mg/kg/day
NCT02124772	Best Overall Response (BOR) Based on RECIST v1.1, RANO and Dombi Criteria and as Per Investigator Assessment	Part B - Neuroblastoma	7	2014_2017	bor	Cancer	1	1	1	TRIAL_SINGLE	NOT_A_DISEASE_UMBRELLA	cancer	Cancer	trial lists exactly one condition	PHASE1/PHASE2	MIXED	PHASE1/PHASE2	Part B	Part B - Neuroblastoma	EXPERIMENTAL	EXACT	13	False	NOT_CONTROL	registry arm 'Part B - Neuroblastoma' type=EXPERIMENTAL (EXACT match)		False	Participants with refractory or relapsed neuroblastoma treated with trametinib 0.025 mg/kg/day	Participants with refractory or relapsed neuroblastoma treated with trametinib 0.025 mg/kg/day
NCT02124772	Best Overall Response (BOR) Based on RECIST v1.1, RANO and Dombi Criteria and as Per Investigator Assessment	Part C - TMT 0.025 mg/kg/Day + 100% DRB RP2D	9	2014_2017	bor	Cancer	1	1	1	TRIAL_SINGLE	NOT_A_DISEASE_UMBRELLA	cancer	Cancer	trial lists exactly one condition	PHASE1/PHASE2	MIXED	PHASE1/PHASE2	phase II	Part C - TMT 0.025 mg/kg/day + 100% DRB RP2D	EXPERIMENTAL	NORMALIZED	13	False	NOT_CONTROL	registry arm 'Part C - TMT 0.025 mg/kg/day + 100% DRB RP2D' type=EXPERIMENTAL (NORMALIZED match)		False	Participants treated with a combination therapy of trametinib (0.025 mg/kg/day) plus 100% of the recommended phase II dose (RP2D) of dabrafenib monotherapy (5.25 mg/kg/day for \<12 years old subjects and 4.5 mg/kg/day for ≥12 years old subjects)	Participants treated with a combination therapy of trametinib (0.025 mg/kg/day) plus 100% of the recommended phase II dose (RP2D) of dabrafenib monotherapy (5.25 mg/kg/day for \<12 years old subjects and 4.5 mg/kg/day for ≥12 years old subjects)
NCT02124772	Best Overall Response (BOR) Based on RECIST v1.1, RANO and Dombi Criteria and as Per Investigator Assessment	Part C - TMT 0.025 mg/kg/Day + 50% DRB RP2D	3	2014_2017	bor	Cancer	1	1	1	TRIAL_SINGLE	NOT_A_DISEASE_UMBRELLA	cancer	Cancer	trial lists exactly one condition	PHASE1/PHASE2	MIXED	PHASE1/PHASE2	phase II	Part C - TMT 0.025 mg/kg/day + 50% DRB RP2D	EXPERIMENTAL	NORMALIZED	13	False	NOT_CONTROL	registry arm 'Part C - TMT 0.025 mg/kg/day + 50% DRB RP2D' type=EXPERIMENTAL (NORMALIZED match)		False	Participants treated with a combination therapy of trametinib (0.025 mg/kg/day) plus 50% of the recommended phase II dose (RP2D) of dabrafenib monotherapy (2.63 mg/kg/day for \<12 years old subjects and 2.25 mg/kg/day for ≥12 years old subjects)	Participants treated with a combination therapy of trametinib (0.025 mg/kg/day) plus 50% of the recommended phase II dose (RP2D) of dabrafenib monotherapy (2.63 mg/kg/day for \<12 years old subjects and 2.25 mg/kg/day for ≥12 years old subjects)
NCT02124772	Best Overall Response (BOR) Based on RECIST v1.1, RANO and Dombi Criteria and as Per Investigator Assessment	Part C - TMT 0.032 mg/kg/Day + 100% DRB RP2D	5	2014_2017	bor	Cancer	1	1	1	TRIAL_SINGLE	NOT_A_DISEASE_UMBRELLA	cancer	Cancer	trial lists exactly one condition	PHASE1/PHASE2	MIXED	PHASE1/PHASE2	phase II	Part C - TMT 0.032 mg/kg/day + 100% DRB RP2D	EXPERIMENTAL	NORMALIZED	13	False	NOT_CONTROL	registry arm 'Part C - TMT 0.032 mg/kg/day + 100% DRB RP2D' type=EXPERIMENTAL (NORMALIZED match)		False	Participants under 6 years of age treated with a combination therapy of trametinib (0.032 mg/kg/day) with 100% of the recommended phase II dose (RP2D) of dabrafenib monotherapy (5.25 mg/kg/day)	Participants under 6 years of age treated with a combination therapy of trametinib (0.032 mg/kg/day) with 100% of the recommended phase II dose (RP2D) of dabrafenib monotherapy (5.25 mg/kg/day)
NCT02124772	Best Overall Response (BOR) Based on RECIST v1.1, RANO and Dombi Criteria and as Per Investigator Assessment	Part D - LCH	9	2014_2017	bor	Cancer	1	1	1	TRIAL_SINGLE	NOT_A_DISEASE_UMBRELLA	cancer	Cancer	trial lists exactly one condition	PHASE1/PHASE2	MIXED	PHASE1/PHASE2	phase II	Part D - LCH	EXPERIMENTAL	EXACT	13	False	NOT_CONTROL	registry arm 'Part D - LCH' type=EXPERIMENTAL (EXACT match)		False	Participants with Langerhans cell histiocytosis (LCH) treated with a combination therapy of trametinib (0.032 mg/kg/day for \< 6 years old subjects and 0.025 mg/kg/day for ≥ 6 years old subjects) plus 100% of the recommended phase II dose (RP2D) of dabrafenib monotherapy (5.25 mg/kg/day for \<12 years old subjects and 4.5 mg/kg/day for ≥12 years old subjects)	Participants with Langerhans cell histiocytosis (LCH) treated with a combination therapy of trametinib (0.032 mg/kg/day for \< 6 years old subjects and 0.025 mg/kg/day for ≥ 6 years old subjects) plus 100% of the recommended phase II dose (RP2D) of dabrafenib monotherapy (5.25 mg/kg/day for \<12 years old subjects and 4.5 mg/kg/day for ≥12 years old subjects)
NCT02124772	Best Overall Response (BOR) Based on RECIST v1.1, RANO and Dombi Criteria and as Per Investigator Assessment	Part D - LGG	19	2014_2017	bor	Cancer	1	1	1	TRIAL_SINGLE	NOT_A_DISEASE_UMBRELLA	cancer	Cancer	trial lists exactly one condition	PHASE1/PHASE2	MIXED	PHASE1/PHASE2	phase II	Part D - LGG	EXPERIMENTAL	EXACT	13	False	NOT_CONTROL	registry arm 'Part D - LGG' type=EXPERIMENTAL (EXACT match)		False	Participants with low grade glioma (LGG) treated with a combination therapy of trametinib (0.032 mg/kg/day for \< 6 years old subjects and 0.025 mg/kg/day for ≥ 6 years old subjects) plus 100% of the recommended phase II dose (RP2D) of dabrafenib monotherapy (5.25 mg/kg/day for \<12 years old subjects and 4.5 mg/kg/day for ≥12 years old subjects)	Participants with low grade glioma (LGG) treated with a combination therapy of trametinib (0.032 mg/kg/day for \< 6 years old subjects and 0.025 mg/kg/day for ≥ 6 years old subjects) plus 100% of the recommended phase II dose (RP2D) of dabrafenib monotherapy (5.25 mg/kg/day for \<12 years old subjects and 4.5 mg/kg/day for ≥12 years old subjects)
NCT02150967	Retrospective Analysis of Post-second-line Antineoplastic Treatment Outcomes on BOR	Cohort 1: FGFR2 Fusion/Rearrangements	55	2014_2017	bor	Advanced Cholangiocarcinoma ; FGFR2 Gene Mutation	2	2	2	MIXED	UNASSIGNABLE			2 distinct disease keys at trial level, no single-disease group evidence	PHASE2	TRIAL_SINGLE	PHASE2				NONE	1	False	NOT_CONTROL_SINGLE_ARM_TRIAL	trial registers 1 arm group(s)		False	Infigratinib 125 mg once daily (3 wk on/1 wk off treatment)	
NCT02204982	Overall Response Rate (ORR)	Duvelisib + Rituximab	5	2014_2017	placebo	Follicular Lymphoma	1	1	1	TRIAL_SINGLE	NAMES_A_TUMOUR_TYPE	follicular lymphoma	Follicular Lymphoma	trial lists exactly one condition	PHASE3	TRIAL_SINGLE	PHASE3		Duvelisib + Rituximab	EXPERIMENTAL	EXACT	2	True	NOT_CONTROL	registry arm 'Duvelisib + Rituximab' type=EXPERIMENTAL (EXACT match)		False	Duvelisib is administered orally and supplied as 5 mg and 25 mg formulated capsules.  Rituximab is administered as an intravenous (IV) infusion and is supplied in single-use vials at two strengths, 100 mg and 500 mg.  Duvelisib: duvelisib (25 mg BID) administered orally in 28-day continuous treatment cycles  Rituximab: IV infusion of rituximab (375 mg/m2) once weekly for 4 weeks during Cycle 1, th	Duvelisib is administered orally and supplied as 5 mg and 25 mg formulated capsules.  Rituximab is administered as an intravenous (IV) infusion and is supplied in single-use vials at two strengths, 100 mg and 500 mg.
NCT02204982	Overall Response Rate (ORR)	Placebo + Rituximab	6	2014_2017	placebo	Follicular Lymphoma	1	1	1	TRIAL_SINGLE	NAMES_A_TUMOUR_TYPE	follicular lymphoma	Follicular Lymphoma	trial lists exactly one condition	PHASE3	TRIAL_SINGLE	PHASE3		Placebo + Rituximab	PLACEBO_COMPARATOR	EXACT	2	True	CONTROL_PLACEBO	registry arm 'Placebo + Rituximab' type=PLACEBO_COMPARATOR (EXACT match)		True	Placebo is administered orally and supplied as formulated capsules to match the active 5 mg and 25 mg capsules.  Rituximab is administered as an intravenous (IV) infusion and is supplied in single-use vials at two strengths, 100 mg and 500 mg.  Placebo: Matching Placebo (25 mg BID) administered orally in 28-day continuous treatment cycles.  Rituximab: IV infusion of rituximab (375 mg/m2) once week	Placebo is administered orally and supplied as formulated capsules to match the active 5 mg and 25 mg capsules.  Rituximab is administered as an intravenous (IV) infusion and is supplied in single-use vials at two strengths, 100 mg and 500 mg.
NCT02212015	Response Rate (RR)	Pazopanib + Paclitaxel	25	2014_2017	bor	Angiosarcoma	1	1	1	TRIAL_SINGLE	NAMES_A_TUMOUR_TYPE	angiosarcoma	Angiosarcoma	trial lists exactly one condition	PHASE2	TRIAL_SINGLE	PHASE2		Pazopanib + Paclitaxel	EXPERIMENTAL	EXACT	1	False	NOT_CONTROL	registry arm 'Pazopanib + Paclitaxel' type=EXPERIMENTAL (EXACT match)		False	Paclitaxel administered every 28 days at day 1, day 8 and day 15 as a 2h intravenous infusion in a dose of 70mg/m2 in combination with pazopanib in a daily oral dose of 800mg (2x400mg) in the treatment of patients with advanced or metastatic angiosarcoma.	Paclitaxel administered every 28 days at day 1, day 8 and day 15 as a 2h intravenous infusion in a dose of 70mg/m2 in combination with pazopanib in a daily oral dose of 800mg (2x400mg)
NCT02212015	Response Rate (RR), Subgroup 2 Analysis	Pazopanib + Paclitaxel	12	2014_2017	bor	Angiosarcoma	1	1	1	TRIAL_SINGLE	NAMES_A_TUMOUR_TYPE	angiosarcoma	Angiosarcoma	trial lists exactly one condition	PHASE2	TRIAL_SINGLE	PHASE2		Pazopanib + Paclitaxel	EXPERIMENTAL	EXACT	1	False	NOT_CONTROL	registry arm 'Pazopanib + Paclitaxel' type=EXPERIMENTAL (EXACT match)		False	Paclitaxel i.v. infusion over 6 cycles, administered on day 1, day 8, day 15 of every cycle with a dosage of 70mg/m2 in combination with Pazopanib taken orally with a dosage of 800mg daily/once per day in the treatment of patients with advanced or metastatic angiosarcoma.	Paclitaxel administered every 28 days at day 1, day 8 and day 15 as a 2h intravenous infusion in a dose of 70mg/m2 in combination with pazopanib in a daily oral dose of 800mg (2x400mg)
NCT02212015	Response Rate (RR), Subgroup1 Analysis	Pazopanib + Paclitaxel	7	2014_2017	bor	Angiosarcoma	1	1	1	TRIAL_SINGLE	NAMES_A_TUMOUR_TYPE	angiosarcoma	Angiosarcoma	trial lists exactly one condition	PHASE2	TRIAL_SINGLE	PHASE2		Pazopanib + Paclitaxel	EXPERIMENTAL	EXACT	1	False	NOT_CONTROL	registry arm 'Pazopanib + Paclitaxel' type=EXPERIMENTAL (EXACT match)		False	Paclitaxel i.v. infusion over 6 cycles, administered on day 1, day 8, day 15 of every cycle with a dosage of 70mg/m2 in combination with Pazopanib taken orally with a dosage of 800mg daily/once per day in the treatment of patients with advanced or metastatic angiosarcoma.	Paclitaxel administered every 28 days at day 1, day 8 and day 15 as a 2h intravenous infusion in a dose of 70mg/m2 in combination with pazopanib in a daily oral dose of 800mg (2x400mg)
NCT02259582	To Compare the Investigator-assessed (RECIST) v1.1 Response Rate in the Treatment Arms.	Demcizumab/Demcizumab Arm (Arm 3)	26	2014_2017	bor	Nonsquamous Nonsmall Cell Neoplasm of Lung	1	1	1	TRIAL_SINGLE	NAMES_A_TUMOUR_TYPE	nonsquamous nonsmall cell of lung	Nonsquamous Nonsmall Cell Neoplasm of Lung	trial lists exactly one condition	PHASE2	TRIAL_SINGLE	PHASE2				NONE	3	True	UNKNOWN	no strong arm match (NONE) and no control language in the group record		False	Demcizumab plus pemetrexed and carboplatin (4 cycles), pemetrexed (4 cycles), demcizumab plus pemetrexed (4 cycles)	
NCT02259582	To Compare the Investigator-assessed (RECIST) v1.1 Response Rate in the Treatment Arms.	Demcizumab/Placebo Arm (Arm 2)	28	2014_2017	bor	Nonsquamous Nonsmall Cell Neoplasm of Lung	1	1	1	TRIAL_SINGLE	NAMES_A_TUMOUR_TYPE	nonsquamous nonsmall cell of lung	Nonsquamous Nonsmall Cell Neoplasm of Lung	trial lists exactly one condition	PHASE2	TRIAL_SINGLE	PHASE2				NONE	3	True	UNKNOWN_AMBIGUOUS_SEQUENCE_LABEL	group title names a treatment sequence ending in placebo; it is not evidence that this group is the placebo control arm		True	Demcizumab plus pemetrexed and carboplatin (4 cycles), pemetrexed (4 cycles), placebo plus pemetrexed (4 cycles)	
NCT02259582	To Compare the Investigator-assessed (RECIST) v1.1 Response Rate in the Treatment Arms.	Placebo/Placebo Arm (Arm 1)	25	2014_2017	bor	Nonsquamous Nonsmall Cell Neoplasm of Lung	1	1	1	TRIAL_SINGLE	NAMES_A_TUMOUR_TYPE	nonsquamous nonsmall cell of lung	Nonsquamous Nonsmall Cell Neoplasm of Lung	trial lists exactly one condition	PHASE2	TRIAL_SINGLE	PHASE2				NONE	3	True	UNKNOWN_AMBIGUOUS_SEQUENCE_LABEL	group title names a treatment sequence ending in placebo; it is not evidence that this group is the placebo control arm		True	Placebo plus pemetrexed and carboplatin (4 cycles), pemetrexed (4 cycles), placebo plus pemetrexed (4 cycles)	
NCT02263508	Phase 1b: Best Overall Response (BOR)	Phase 1b: Talimogene Laherparepvec + Pembrolizumab	20	2014_2017	bor	Melanoma	1	1	1	TRIAL_SINGLE	NAMES_A_TUMOUR_TYPE	melanoma	Melanoma	trial lists exactly one condition	PHASE3	TRIAL_SINGLE	PHASE3		Phase 1b: Talimogene Laherparepvec + Pembrolizumab	EXPERIMENTAL	EXACT	3	True	NOT_CONTROL	registry arm 'Phase 1b: Talimogene Laherparepvec + Pembrolizumab' type=EXPERIMENTAL (EXACT match)		False	Participants received talimogene laherparepvec at an initial dose of up to 4 mL 10⁶ plaque-forming units (PFU)/mL by intralesional injection on day 1 of week 1. Subsequent doses of talimogene laherparepvec at up to 4 mL of 10⁸ PFU/mL began 3 weeks after the first dose and were administered every 2 weeks until disappearance of injectable lesions, complete response (CR), confirmed disease progressio	Participants received talimogene laherparepvec at an initial dose of up to 4 mL 10⁶ plaque-forming units (PFU)/mL by intralesional injection. Subsequent doses of talimogene laherparepvec at up to 4 mL of 10⁸ PFU/mL began 3 weeks after the first dose and were administered every 2 weeks until disappearance of injectable lesions, complete response (CR), confirmed disease progression (PD) per modified
NCT02263508	Phase 3: Best Overall Response Assessed Using Modified RECIST 1.1	Phase 3: Placebo + Pembrolizumab	293	2014_2017	bor	Melanoma	1	1	1	TRIAL_SINGLE	NAMES_A_TUMOUR_TYPE	melanoma	Melanoma	trial lists exactly one condition	PHASE3	TRIAL_SINGLE	PHASE3	Phase 3	Phase 3 : Placebo + Pembrolizumab	PLACEBO_COMPARATOR	NORMALIZED	3	True	CONTROL_PLACEBO	registry arm 'Phase 3 : Placebo + Pembrolizumab' type=PLACEBO_COMPARATOR (NORMALIZED match)		True	Participants received up to 4 mL placebo to talimogene laherparepvec by intralesional injection on day 1 of week 0. Subsequent doses of placebo (up to 4 mL) began 3 weeks after the first dose and were administered every 2 weeks until the fifth injection (week 9), and then synchronously with pembrolizumab thereafter every 3 weeks until disappearance of injectable lesions, complete response per modi	Participants received up to 4 mL placebo to talimogene laherparepvec by intralesional injection on day 1 of week 0. Subsequent doses of placebo (up to 4 mL) began 3 weeks after the first dose and were administered every 2 weeks until the fifth injection (week 9), and then synchronously with pembrolizumab thereafter every 3 weeks until disappearance of injectable lesions, complete response per modi
NCT02263508	Phase 3: Best Overall Response Assessed Using Modified RECIST 1.1	Phase 3: Talimogene Laherparepvec + Pembrolizumab	302	2014_2017	bor	Melanoma	1	1	1	TRIAL_SINGLE	NAMES_A_TUMOUR_TYPE	melanoma	Melanoma	trial lists exactly one condition	PHASE3	TRIAL_SINGLE	PHASE3	Phase 3	Phase 3: Talimogene Laherparepvec + Pembrolizumab	EXPERIMENTAL	EXACT	3	True	NOT_CONTROL	registry arm 'Phase 3: Talimogene Laherparepvec + Pembrolizumab' type=EXPERIMENTAL (EXACT match)		False	Participants received talimogene laherparepvec at an initial dose of up to 4 mL 10⁶ PFU/mL by intralesional injection on day 1. Subsequent doses of talimogene laherparepvec at 10⁸ PFU/mL (up to 4 mL) began 3 weeks after the first dose and were administered every 2 weeks until the fifth injection of talimogene laherparepvec (week 9), and then synchronously with pembrolizumab thereafter every 3 week	Participants received talimogene laherparepvec at an initial dose of up to 4 mL 10⁶ PFU/mL by intralesional injection on day 1. Subsequent doses of talimogene laherparepvec at 10⁸ PFU/mL (up to 4 mL) began 3 weeks after the first dose and were administered every 2 weeks until the fifth injection of talimogene laherparepvec (week 9), and then synchronously with pembrolizumab thereafter every 3 week
NCT02263508	Phase 3: Best Overall Response Assessed Using Modified irRC-RECIST	Phase 3: Placebo + Pembrolizumab	251	2014_2017	bor	Melanoma	1	1	1	TRIAL_SINGLE	NAMES_A_TUMOUR_TYPE	melanoma	Melanoma	trial lists exactly one condition	PHASE3	TRIAL_SINGLE	PHASE3	Phase 3	Phase 3 : Placebo + Pembrolizumab	PLACEBO_COMPARATOR	NORMALIZED	3	True	CONTROL_PLACEBO	registry arm 'Phase 3 : Placebo + Pembrolizumab' type=PLACEBO_COMPARATOR (NORMALIZED match)		True	Participants received up to 4 mL placebo to talimogene laherparepvec by intralesional injection on day 1 of week 0. Subsequent doses of placebo (up to 4 mL) began 3 weeks after the first dose and were administered every 2 weeks until the fifth injection (week 9), and then synchronously with pembrolizumab thereafter every 3 weeks until disappearance of injectable lesions, complete response per modi	Participants received up to 4 mL placebo to talimogene laherparepvec by intralesional injection on day 1 of week 0. Subsequent doses of placebo (up to 4 mL) began 3 weeks after the first dose and were administered every 2 weeks until the fifth injection (week 9), and then synchronously with pembrolizumab thereafter every 3 weeks until disappearance of injectable lesions, complete response per modi
NCT02263508	Phase 3: Best Overall Response Assessed Using Modified irRC-RECIST	Phase 3: Talimogene Laherparepvec + Pembrolizumab	286	2014_2017	bor	Melanoma	1	1	1	TRIAL_SINGLE	NAMES_A_TUMOUR_TYPE	melanoma	Melanoma	trial lists exactly one condition	PHASE3	TRIAL_SINGLE	PHASE3	Phase 3	Phase 3: Talimogene Laherparepvec + Pembrolizumab	EXPERIMENTAL	EXACT	3	True	NOT_CONTROL	registry arm 'Phase 3: Talimogene Laherparepvec + Pembrolizumab' type=EXPERIMENTAL (EXACT match)		False	Participants received talimogene laherparepvec at an initial dose of up to 4 mL 10⁶ PFU/mL by intralesional injection on day 1. Subsequent doses of talimogene laherparepvec at 10⁸ PFU/mL (up to 4 mL) began 3 weeks after the first dose and were administered every 2 weeks until the fifth injection of talimogene laherparepvec (week 9), and then synchronously with pembrolizumab thereafter every 3 week	Participants received talimogene laherparepvec at an initial dose of up to 4 mL 10⁶ PFU/mL by intralesional injection on day 1. Subsequent doses of talimogene laherparepvec at 10⁸ PFU/mL (up to 4 mL) began 3 weeks after the first dose and were administered every 2 weeks until the fifth injection of talimogene laherparepvec (week 9), and then synchronously with pembrolizumab thereafter every 3 week
NCT02271945	Number of Participants With Best Overall Response	MEDI-551 12 mg/kg and MEDI0680 10 mg/kg	5	2014_2017	bor	Relapsed/Refractory Aggressive B-cell Lymphomas	1	1	1	TRIAL_SINGLE	NAMES_A_TUMOUR_TYPE	aggressive b cell lymphomas	Relapsed/Refractory Aggressive B-cell Lymphomas	trial lists exactly one condition	PHASE1/PHASE2	MIXED	PHASE1/PHASE2		MEDI-551 12 mg/kg and MEDI0680 10 mg/kg	EXPERIMENTAL	EXACT	2	False	NOT_CONTROL	registry arm 'MEDI-551 12 mg/kg and MEDI0680 10 mg/kg' type=EXPERIMENTAL (EXACT match)		False	Participants received IV infusion of MEDI-551 12 mg/kg on Days 1 and 8 of Cycle 1 and Day 1 of Cycle 2 through Cycle 13 (each cycle of 28 days) and IV infusion of MEDI0680 10 mg/kg on Days 2 and 15 of Cycle 1 and Days 1 and 15 of Cycle 2 through Cycle 13.	Participants will receive IV infusion of MEDI-551 12 mg/kg on Days 1 and 8 of Cycle 1 and Day 1 of Cycle 2 through Cycle 13 (each cycle of 28 days) and IV infusion of MEDI0680 10 mg/kg on Days 2 and 15 of Cycle 1 and Days 1 and 15 of Cycle 2 through Cycle 13.
NCT02271945	Number of Participants With Best Overall Response	MEDI-551 12 mg/kg and MEDI0680 2.5 mg/kg	5	2014_2017	bor	Relapsed/Refractory Aggressive B-cell Lymphomas	1	1	1	TRIAL_SINGLE	NAMES_A_TUMOUR_TYPE	aggressive b cell lymphomas	Relapsed/Refractory Aggressive B-cell Lymphomas	trial lists exactly one condition	PHASE1/PHASE2	MIXED	PHASE1/PHASE2		MEDI-551 12 mg/kg and MEDI0680 2.5 mg/kg	EXPERIMENTAL	EXACT	2	False	NOT_CONTROL	registry arm 'MEDI-551 12 mg/kg and MEDI0680 2.5 mg/kg' type=EXPERIMENTAL (EXACT match)		False	Participants received IV infusion of MEDI-551 12 mg/kg on Days 1 and 8 of Cycle 1 and Day 1 of Cycle 2 through Cycle 13 (each cycle of 28 days) and IV infusion of MEDI0680 2.5 mg/kg on Days 2 and 15 of Cycle 1 and Days 1 and 15 of Cycle 2 through Cycle 13.	Participants will receive intravenous (IV) infusion of MEDI-551 12 mg/kg on Days 1 and 8 of Cycle 1 and Day 1 of Cycle 2 through Cycle 13 (each cycle of 28 days) and IV infusion of MEDI0680 2.5 mg/kg on Days 2 and 15 of Cycle 1 and Days 1 and 15 of Cycle 2 through Cycle 13.
NCT02277093	Overall Response Rate (ORR)	Pacritinib	7	2014_2017	bor	Colorectal Cancer	1	1	1	TRIAL_SINGLE	NAMES_A_TUMOUR_TYPE	colorectal	Colorectal Cancer	trial lists exactly one condition	PHASE2	TRIAL_SINGLE	PHASE2		Pacritinib	EXPERIMENTAL	EXACT	1	False	NOT_CONTROL	registry arm 'Pacritinib' type=EXPERIMENTAL (EXACT match)		False	* Pacritinib is an oral drug which will be taken on an outpatient basis daily on a 28-day cycle at a dose of 200 mg twice a day (BID) * Pacritinib should be take at approximately the same times every day with a glass of water, with or without food	* Pacritinib is an oral drug which will be taken on an outpatient basis daily on a 28-day cycle at a dose of 200 mg twice a day (BID) * Pacritinib should be take at approximately the same times every day with a glass of water, with or without food
NCT02336165	Number of Subjects With Best Overall Response	Cohort A	40	2014_2017	bor	Glioblastoma	1	1	1	TRIAL_SINGLE	NAMES_A_TUMOUR_TYPE	glioblastoma	Glioblastoma	trial lists exactly one condition	PHASE2	TRIAL_SINGLE	PHASE2		Cohort A	EXPERIMENTAL	EXACT	5	False	NOT_CONTROL	registry arm 'Cohort A' type=EXPERIMENTAL (EXACT match)		False	Subjects with newly diagnosed unmethlyated MGMT GBM receive durvalumab (10 mg/kg IV Q2W) + standard radiotherapy (2 Gy/day x 5 days per week, for a total of 60 Gy over 30 fractions per local guidelines). On days when radiotherapy and durvalumab overlap, radiotherapy is administered first followed by durvalumab.	Subjects with newly diagnosed unmethylated MGMT GBM receive durvalumab (10 mg/kg Q2W) + standard radiotherapy.
NCT02336165	Number of Subjects With Best Overall Response	Cohort B	31	2014_2017	bor	Glioblastoma	1	1	1	TRIAL_SINGLE	NAMES_A_TUMOUR_TYPE	glioblastoma	Glioblastoma	trial lists exactly one condition	PHASE2	TRIAL_SINGLE	PHASE2		Cohort B	EXPERIMENTAL	EXACT	5	False	NOT_CONTROL	registry arm 'Cohort B' type=EXPERIMENTAL (EXACT match)		False	Bevacizumab-naïve subjects with recurrent GBM receive durvalumab (10 mg/kg IV Q2W) as monotherapy.	Bevacizumab-naïve subjects with recurrent GBM receive durvalumab (10 mg/kg Q2W) as monotherapy.
NCT02336165	Number of Subjects With Best Overall Response	Cohort B2	33	2014_2017	bor	Glioblastoma	1	1	1	TRIAL_SINGLE	NAMES_A_TUMOUR_TYPE	glioblastoma	Glioblastoma	trial lists exactly one condition	PHASE2	TRIAL_SINGLE	PHASE2		Cohort B2	EXPERIMENTAL	EXACT	5	False	NOT_CONTROL	registry arm 'Cohort B2' type=EXPERIMENTAL (EXACT match)		False	Bevacizumab-naïve subjects with recurrent GBM receive durvalumab (10 mg/kg IV Q2W) + bevacizumab (10 mg/kg IV Q2W).  Durvalumab is administered first followed by a 1-hour observation period, after which, bevacizumab is infused.	Bevacizumab-naïve subjects with recurrent GBM receive durvalumab (10 mg/kg Q2W) + bevacizumab (10 mg/kg Q2W).
NCT02336165	Number of Subjects With Best Overall Response	Cohort B3	32	2014_2017	bor	Glioblastoma	1	1	1	TRIAL_SINGLE	NAMES_A_TUMOUR_TYPE	glioblastoma	Glioblastoma	trial lists exactly one condition	PHASE2	TRIAL_SINGLE	PHASE2		Cohort B3	EXPERIMENTAL	EXACT	5	False	NOT_CONTROL	registry arm 'Cohort B3' type=EXPERIMENTAL (EXACT match)		False	Bevacizumab-naïve subjects with recurrent GBM receive durvalumab (10 mg/kg IV Q2W) + bevacizumab (3 mg/kg IV Q2W).  Durvalumab is administered first followed by a 1-hour observation period, after which, bevacizumab is infused.	Bevacizumab-naïve subjects with recurrent GBM receive durvalumab (10 mg/kg Q2W) + bevacizumab (3 mg/kg Q2W).
NCT02336165	Number of Subjects With Best Overall Response	Cohort C	20	2014_2017	bor	Glioblastoma	1	1	1	TRIAL_SINGLE	NAMES_A_TUMOUR_TYPE	glioblastoma	Glioblastoma	trial lists exactly one condition	PHASE2	TRIAL_SINGLE	PHASE2		Cohort C	EXPERIMENTAL	EXACT	5	False	NOT_CONTROL	registry arm 'Cohort C' type=EXPERIMENTAL (EXACT match)		False	Bevacizumab-refractory subjects with recurrent GBM receive durvalumab (10 mg/kg IV Q2W) + continued bevacizumab (10 mg/kg IV Q2W).  Durvalumab is administered first followed by a 1-hour observation period, after which, bevacizumab is infused.	Bevacizumab-refractory subjects with recurrent GBM receive durvalumab (10 mg/kg Q2W) + continued bevacizumab (10 mg/kg Q2W).
NCT02347917	Best Overall Response	MPM or NSCLC: BBI608 + Pem + CDDP (Phase 1 Part)	3	2014_2017	bor	Malignant Pleural Mesothelioma ; Non-Small Cell Lung Cancer	2	2	2	MIXED	UNASSIGNABLE			2 distinct disease keys at trial level, no single-disease group evidence	PHASE1/PHASE2	MIXED	PHASE1/PHASE2	Phase 1			NONE	1	False	NOT_CONTROL_SINGLE_ARM_TRIAL	trial registers 1 arm group(s)		False	Participants orally received BBI608 (480 mg) twice daily plus intravenously received Pem (500 mg/m2) and CDDP (75 mg/m2) on Day 3 in only Cycles 1 and on Days 1 in Cycles 2 and subsequent cycles.  Premeditation with folic acid and vitamin B12 was given to reduce occurrence of serious adverse drug reactions, with reference to the package insert for Pem. Each cycle was defined as 21 days.	
NCT02347917	Best Overall Response	MPM: BBI608 + Pem + CDDP (Phase 2 Part Including Participants With MPM in Phase 1 Part)	21	2014_2017	bor	Malignant Pleural Mesothelioma ; Non-Small Cell Lung Cancer	2	2	2	MIXED	UNASSIGNABLE			2 distinct disease keys at trial level, no single-disease group evidence	PHASE1/PHASE2	MIXED	PHASE1/PHASE2	Phase 2			NONE	1	False	NOT_CONTROL_SINGLE_ARM_TRIAL	trial registers 1 arm group(s)		False	Participants orally received BBI608 (480 mg) twice daily plus intravenously received Pem (500 mg/m2) and CDDP (75 mg/m2) on Day 3 in only Cycles 1 and on Days 1 in Cycles 2 and subsequent cycles.  Premeditation with folic acid and vitamin B12 was given to reduce occurrence of serious adverse drug reactions, with reference to the package insert for Pem. Each cycle was defined as 21 days.	
NCT02347917	Best Overall Response	MPM: BBI608 + Pem + CDDP (Phase 2 Part)	21	2014_2017	bor	Malignant Pleural Mesothelioma ; Non-Small Cell Lung Cancer	2	2	2	MIXED	UNASSIGNABLE			2 distinct disease keys at trial level, no single-disease group evidence	PHASE1/PHASE2	MIXED	PHASE1/PHASE2	Phase 2			NONE	1	False	NOT_CONTROL_SINGLE_ARM_TRIAL	trial registers 1 arm group(s)		False	Participants orally received BBI608 (480 mg) twice daily plus intravenously received Pem (500 mg/m2) and CDDP (75 mg/m2) on Day 3 in only Cycles 1 and on Days 1 in Cycles 2 and subsequent cycles.  Premeditation with folic acid and vitamin B12 was given to reduce occurrence of serious adverse drug reactions, with reference to the package insert for Pem. Each cycle was defined as 21 days.	
NCT02347917	Best Overall Response	NSCLC: BBI608 + Pem + CDDP (Phase 1 Part)	3	2014_2017	bor	Malignant Pleural Mesothelioma ; Non-Small Cell Lung Cancer	2	2	2	MIXED	UNASSIGNABLE			2 distinct disease keys at trial level, no single-disease group evidence	PHASE1/PHASE2	MIXED	PHASE1/PHASE2	Phase 1			NONE	1	False	NOT_CONTROL_SINGLE_ARM_TRIAL	trial registers 1 arm group(s)		False	Participants orally received BBI608 (480 mg) twice daily plus intravenously received Pem (500 mg/m2) and CDDP (75 mg/m2) on Day 3 in only Cycles 1 and on Days 1 in Cycles 2 and subsequent cycles.  Premeditation with folic acid and vitamin B12 was given to reduce occurrence of serious adverse drug reactions, with reference to the package insert for Pem. Each cycle was defined as 21 days.	
NCT02383927	Antitumor Activity - Best Overall Response (BOR)	Cohort 1	11	2014_2017	bor	Thyroid Cancer ; Squamous Cell Carcinoma Head and Neck Cancer (HNSCC) ; HRAS Mutant Tumor ; Other Squamous Cell Carcinoma (SCC) With HRAS Mutant Tumor	4	4	4	GROUP_SPECIFIC	NAMES_A_TUMOUR_TYPE	thyroid	Thyroid Cancer	group/arm/outcome text names exactly one of the trial conditions	PHASE2	TRIAL_SINGLE	PHASE2		Cohort 1	EXPERIMENTAL	EXACT	2	False	NOT_CONTROL	registry arm 'Cohort 1' type=EXPERIMENTAL (EXACT match)		False	Subjects with thyroid cancer with HRAS mutations.  Subjects received tipifarnib as monotherapy orally BID on Days 1-7 and 15-21 of each 28-day treatment cycle.  In the absence of unacceptable tipifarnib-related emergent toxicity or disease progression, subjects could receive treatment with tipifarnib for up to 12 months at the discretion of the Investigator. Treatment beyond 12 months may have con	Thyroid Cancer
NCT02383927	Antitumor Activity - Best Overall Response (BOR)	Cohort 2/Stage 1	8	2014_2017	bor	Thyroid Cancer ; Squamous Cell Carcinoma Head and Neck Cancer (HNSCC) ; HRAS Mutant Tumor ; Other Squamous Cell Carcinoma (SCC) With HRAS Mutant Tumor	4	4	4	MIXED	UNASSIGNABLE			4 distinct disease keys at trial level, no single-disease group evidence	PHASE2	TRIAL_SINGLE	PHASE2		Cohort 2	EXPERIMENTAL	CONTAINMENT	2	False	UNKNOWN_WEAK_MATCH_ONLY	only a substring match to registry arm 'Cohort 2' (type=EXPERIMENTAL); not group-supported		False	Subjects with any solid tumour with HRAS mutation.  Subjects received tipifarnib as monotherapy orally BID on Days 1-7 and 15-21 of each 28-day treatment cycle.  In the absence of unacceptable tipifarnib-related emergent toxicity or disease progression, subjects could receive treatment with tipifarnib for up to 12 months at the discretion of the Investigator. Treatment beyond 12 months may have co	Squamous Head and Neck Cancer
NCT02383927	Antitumor Activity - Best Overall Response (BOR)	Cohort 2/Stage 2	23	2014_2017	bor	Thyroid Cancer ; Squamous Cell Carcinoma Head and Neck Cancer (HNSCC) ; HRAS Mutant Tumor ; Other Squamous Cell Carcinoma (SCC) With HRAS Mutant Tumor	4	4	4	MIXED	UNASSIGNABLE			4 distinct disease keys at trial level, no single-disease group evidence	PHASE2	TRIAL_SINGLE	PHASE2		Cohort 2	EXPERIMENTAL	CONTAINMENT	2	False	UNKNOWN_WEAK_MATCH_ONLY	only a substring match to registry arm 'Cohort 2' (type=EXPERIMENTAL); not group-supported		False	Subjects with HNSCC with HRAS mutations.  Subjects received tipifarnib as monotherapy orally BID on Days 1-7 and 15-21 of each 28-day treatment cycle.  In the absence of unacceptable tipifarnib-related emergent toxicity or disease progression, subjects could receive treatment with tipifarnib for up to 12 months at the discretion of the Investigator. Treatment beyond 12 months may have continued up	Squamous Head and Neck Cancer
NCT02383927	Antitumor Activity - Best Overall Response (BOR)	Cohort 3	7	2014_2017	bor	Thyroid Cancer ; Squamous Cell Carcinoma Head and Neck Cancer (HNSCC) ; HRAS Mutant Tumor ; Other Squamous Cell Carcinoma (SCC) With HRAS Mutant Tumor	4	4	4	MIXED	UNASSIGNABLE			4 distinct disease keys at trial level, no single-disease group evidence	PHASE2	TRIAL_SINGLE	PHASE2				NONE	2	False	UNKNOWN	no strong arm match (NONE) and no control language in the group record		False	Subjects with any SCC (excluding HNSCC) with HRAS mutation.  Subjects received tipifarnib as monotherapy orally BID on Days 1-7 and 15-21 of each 28-day treatment cycle.  In the absence of unacceptable tipifarnib-related emergent toxicity or disease progression, subjects could receive treatment with tipifarnib for up to 12 months at the discretion of the Investigator. Treatment beyond 12 months ma	
NCT02394795	Response Rate (RR) in All Participants	Group B; mFOLFOX6 + Bevacizumab Combination Therapy	397	2014_2017	bor	Colorectal Cancer	1	1	1	TRIAL_SINGLE	NAMES_A_TUMOUR_TYPE	colorectal	Colorectal Cancer	trial lists exactly one condition	PHASE3	TRIAL_SINGLE	PHASE3		Group B; mFOLFOX6 + bevacizumab combination therapy	ACTIVE_COMPARATOR	NORMALIZED	2	True	CONTROL_ACTIVE_COMPARATOR	registry arm 'Group B; mFOLFOX6 + bevacizumab combination therapy' type=ACTIVE_COMPARATOR (NORMALIZED match)		False	OXA: 85 mg/m2/day 1 l-LV: 200 mg/m2/day 1 5-FU iv: 400 mg/m2/day 1 5-FU civ: 2400 mg/m2/day 1-3 bevacizumab: 5 mg/kg/ mFOLFOX6 + bevacizumab combination therapy, once every two weeks.	OXA: 85 mg/m2/day 1 l-LV: 200 mg/m2/day 1 5-FU iv: 400 mg/m2/day 1 5-FU civ: 2400 mg/m2/day 1-3 bevacizumab: 5 mg/kg/ mFOLFOX6 + bevacizumab combination therapy, once every two weeks.
NCT02394795	Response Rate (RR) in All Participants	Group P; mFOLFOX6 + Panitumumab Combination Therapy	394	2014_2017	bor	Colorectal Cancer	1	1	1	TRIAL_SINGLE	NAMES_A_TUMOUR_TYPE	colorectal	Colorectal Cancer	trial lists exactly one condition	PHASE3	TRIAL_SINGLE	PHASE3		Group P; mFOLFOX6 + panitumumab combination therapy	EXPERIMENTAL	NORMALIZED	2	True	NOT_CONTROL	registry arm 'Group P; mFOLFOX6 + panitumumab combination therapy' type=EXPERIMENTAL (NORMALIZED match)		False	OXA: 85 mg/m2/day 1 l-LV: 200 mg/m2/day 1 5-FU iv: 400 mg/m2/day 1 5-FU civ: 2400 mg/m2/day 1-3 panitumumab: 6 mg/kg mFOLFOX6 + panitumumab combination therapy, once every two weeks.	OXA: 85 mg/m2/day 1 l-LV: 200 mg/m2/day 1 5-FU iv: 400 mg/m2/day 1 5-FU civ: 2400 mg/m2/day 1-3 panitumumab: 6 mg/kg mFOLFOX6 + panitumumab combination therapy, once every two weeks.
NCT02395172	Number of Participants With Confirmed Best Overall Response (BOR) as Assessed by Independent Endpoint Review Committee (IERC) in PD-L1+ Full Analysis Set Population	Avelumab	229	2014_2017	bor	Carcinoma, Non-Small-Cell Lung	1	1	1	TRIAL_SINGLE	NAMES_A_TUMOUR_TYPE	non small cell lung	Carcinoma, Non-Small-Cell Lung	trial lists exactly one condition	PHASE3	TRIAL_SINGLE	PHASE3		Avelumab	EXPERIMENTAL	EXACT	2	True	NOT_CONTROL	registry arm 'Avelumab' type=EXPERIMENTAL (EXACT match)		False	Participants received 10 milligrams per kilogram (mg/kg) of avelumab as a 1-hour intravenous infusion once every 2 weeks until confirmed disease progression, significant clinical deterioration, unacceptable toxicity, or any criterion for withdrawal from the study or Investigational Medicinal Product (IMP) as defined in the study protocol was fulfilled.	
NCT02395172	Number of Participants With Confirmed Best Overall Response (BOR) as Assessed by Independent Endpoint Review Committee (IERC) in PD-L1+ Full Analysis Set Population	Docetaxel	192	2014_2017	bor	Carcinoma, Non-Small-Cell Lung	1	1	1	TRIAL_SINGLE	NAMES_A_TUMOUR_TYPE	non small cell lung	Carcinoma, Non-Small-Cell Lung	trial lists exactly one condition	PHASE3	TRIAL_SINGLE	PHASE3		Docetaxel	ACTIVE_COMPARATOR	EXACT	2	True	CONTROL_ACTIVE_COMPARATOR	registry arm 'Docetaxel' type=ACTIVE_COMPARATOR (EXACT match)		False	Participants received 75 mg per square meter (m\^2) (per label) of docetaxel by intravenous infusion once every 3 weeks until confirmed disease progression, significant clinical deterioration, unacceptable toxicity, or any criterion for withdrawal from the study or Investigational Medicinal Product (IMP) as defined in the study protocol was fulfilled.	
NCT02395172	Number of Participants With Confirmed Best Overall Response (BOR) as Assessed by an Independent Endpoint Review Committee (IERC) in Full Analysis Set Population	Avelumab	338	2014_2017	bor	Carcinoma, Non-Small-Cell Lung	1	1	1	TRIAL_SINGLE	NAMES_A_TUMOUR_TYPE	non small cell lung	Carcinoma, Non-Small-Cell Lung	trial lists exactly one condition	PHASE3	TRIAL_SINGLE	PHASE3		Avelumab	EXPERIMENTAL	EXACT	2	True	NOT_CONTROL	registry arm 'Avelumab' type=EXPERIMENTAL (EXACT match)		False	Participants received 10 milligrams per kilogram (mg/kg) of avelumab as a 1-hour intravenous infusion once every 2 weeks until confirmed disease progression, significant clinical deterioration, unacceptable toxicity, or any criterion for withdrawal from the study or Investigational Medicinal Product (IMP) as defined in the study protocol was fulfilled.	
NCT02395172	Number of Participants With Confirmed Best Overall Response (BOR) as Assessed by an Independent Endpoint Review Committee (IERC) in Full Analysis Set Population	Docetaxel	284	2014_2017	bor	Carcinoma, Non-Small-Cell Lung	1	1	1	TRIAL_SINGLE	NAMES_A_TUMOUR_TYPE	non small cell lung	Carcinoma, Non-Small-Cell Lung	trial lists exactly one condition	PHASE3	TRIAL_SINGLE	PHASE3		Docetaxel	ACTIVE_COMPARATOR	EXACT	2	True	CONTROL_ACTIVE_COMPARATOR	registry arm 'Docetaxel' type=ACTIVE_COMPARATOR (EXACT match)		False	Participants received 75 mg per square meter (m\^2) (per label) of docetaxel by intravenous infusion once every 3 weeks until confirmed disease progression, significant clinical deterioration, unacceptable toxicity, or any criterion for withdrawal from the study or Investigational Medicinal Product (IMP) as defined in the study protocol was fulfilled.	
NCT02402764	Clinical Benefit Rate	Selinexor Treatment	10	2014_2017	bor	Breast Cancer	1	1	1	TRIAL_SINGLE	NAMES_A_TUMOUR_TYPE	breast	Breast Cancer	trial lists exactly one condition	PHASE2	TRIAL_SINGLE	PHASE2		Selinexor Treatment	EXPERIMENTAL	EXACT	1	False	NOT_CONTROL	registry arm 'Selinexor Treatment' type=EXPERIMENTAL (EXACT match)		False	Ten patients were treated with oral selinexor 60 mg twice per week (on days 1 and 3) on a schedule of 3 weeks on and 1 week off, each four-week cycle.	Screening period (which may last up to 28 days), followed by Selinexor treatment for qualified participants.  During the treatment period, participants will undergo physical examination every 2 weeks until Cycle 6 Day 1 (C6D1), and then every 4 weeks and assessment of tumor response every 8 weeks.  Participants will be treated until progression of disease or the development of unacceptable toxicit
NCT02421588	Best Response According to Tumor Marker Evaluation (CA-125)	Control (PLD or Topotecan)	142	2014_2017	bor	Ovarian Cancer	1	1	1	TRIAL_SINGLE	NAMES_A_TUMOUR_TYPE	ovarian	Ovarian Cancer	trial lists exactly one condition	PHASE3	TRIAL_SINGLE	PHASE3				NONE	2	True	CONTROL_UNSPECIFIED_BY_GROUP_TEXT	results group text says control/comparator/standard of care without naming placebo		False	Patients randomized to the Control arm were assigned to receive PLD if they had previously been treated with topotecan, or to receive topotecan if they had previously been treated with PLD. However, if the number of patients randomized to either PLD or topotecan reached 60% (i.e., 126 patients) of the total number of patients expected in the Control Arm, then the treatment of choice in the Control	
NCT02421588	Best Response According to Tumor Marker Evaluation (CA-125)	Lurbinectedin	158	2014_2017	bor	Ovarian Cancer	1	1	1	TRIAL_SINGLE	NAMES_A_TUMOUR_TYPE	ovarian	Ovarian Cancer	trial lists exactly one condition	PHASE3	TRIAL_SINGLE	PHASE3				NONE	2	True	UNKNOWN	no strong arm match (NONE) and no control language in the group record		False	3.2 mg/m2 i.v. as a 1-hour infusion on Day 1 q3wk (three weeks = one treatment cycle) through peripheral or central lines. A minimum total volume of 100 mL, diluted in 5% glucose or 0.9% sodium chloride solution for infusion, had to be used for administration through a central venous catheter; if a peripheral venous catheter was used, the minimum volume was 250 mL	
NCT02421588	Overall Response Rate (ORR) by Independent Review Committee	Control (PLD or Topotecan)	197	2014_2017	bor	Ovarian Cancer	1	1	1	TRIAL_SINGLE	NAMES_A_TUMOUR_TYPE	ovarian	Ovarian Cancer	trial lists exactly one condition	PHASE3	TRIAL_SINGLE	PHASE3				NONE	2	True	CONTROL_UNSPECIFIED_BY_GROUP_TEXT	results group text says control/comparator/standard of care without naming placebo		False	Patients randomized to the Control arm were assigned to receive PLD if they had previously been treated with topotecan, or to receive topotecan if they had previously been treated with PLD. However, if the number of patients randomized to either PLD or topotecan reached 60% (i.e., 126 patients) of the total number of patients expected in the Control Arm, then the treatment of choice in the Control	
NCT02421588	Overall Response Rate (ORR) by Independent Review Committee	Lurbinectedin	205	2014_2017	bor	Ovarian Cancer	1	1	1	TRIAL_SINGLE	NAMES_A_TUMOUR_TYPE	ovarian	Ovarian Cancer	trial lists exactly one condition	PHASE3	TRIAL_SINGLE	PHASE3				NONE	2	True	UNKNOWN	no strong arm match (NONE) and no control language in the group record		False	3.2 mg/m2 i.v. as a 1-hour infusion on Day 1 q3wk (three weeks = one treatment cycle) through peripheral or central lines. A minimum total volume of 100 mL, diluted in 5% glucose or 0.9% sodium chloride solution for infusion, had to be used for administration through a central venous catheter; if a peripheral venous catheter was used, the minimum volume was 250 mL	
NCT02421588	Overall Response Rate by Investigator's Assessment	Control (PLD or Topotecan)	199	2014_2017	bor	Ovarian Cancer	1	1	1	TRIAL_SINGLE	NAMES_A_TUMOUR_TYPE	ovarian	Ovarian Cancer	trial lists exactly one condition	PHASE3	TRIAL_SINGLE	PHASE3				NONE	2	True	CONTROL_UNSPECIFIED_BY_GROUP_TEXT	results group text says control/comparator/standard of care without naming placebo		False	Patients randomized to the Control arm were assigned to receive PLD if they had previously been treated with topotecan, or to receive topotecan if they had previously been treated with PLD. However, if the number of patients randomized to either PLD or topotecan reached 60% (i.e., 126 patients) of the total number of patients expected in the Control Arm, then the treatment of choice in the Control	
NCT02421588	Overall Response Rate by Investigator's Assessment	Lurbinectedin	205	2014_2017	bor	Ovarian Cancer	1	1	1	TRIAL_SINGLE	NAMES_A_TUMOUR_TYPE	ovarian	Ovarian Cancer	trial lists exactly one condition	PHASE3	TRIAL_SINGLE	PHASE3				NONE	2	True	UNKNOWN	no strong arm match (NONE) and no control language in the group record		False	3.2 mg/m2 i.v. as a 1-hour infusion on Day 1 q3wk (three weeks = one treatment cycle) through peripheral or central lines. A minimum total volume of 100 mL, diluted in 5% glucose or 0.9% sodium chloride solution for infusion, had to be used for administration through a central venous catheter; if a peripheral venous catheter was used, the minimum volume was 250 mL	
NCT02431260	Objective Response Rate (ORR)	Part 2 / Treatment Group A: 20 MG BID INCB054329	9	2014_2017	bor	Solid Tumors and Hematologic Malignancy	1	1	1	TRIAL_SINGLE	NAMES_A_TUMOUR_TYPE	solid and hematologic	Solid Tumors and Hematologic Malignancy	trial lists exactly one condition	PHASE1/PHASE2	MIXED	PHASE1/PHASE2	Part 2			NONE	1	False	NOT_CONTROL_SINGLE_ARM_TRIAL	trial registers 1 arm group(s)		False	Part 2 / treatment group A (TGA): dose titration was to determine the feasibility of intraparticipant dose titration using Protocol-defined criteria. Treatment Group A included any advanced solid tumor or lymphoma.	
NCT02440464	Percentage of Participants With Best Response to Treatment After Randomization	Ixazomib Maintenance	5	2014_2017	bor	Multiple Myeloma	1	1	1	TRIAL_SINGLE	NAMES_A_TUMOUR_TYPE	multiple myeloma	Multiple Myeloma	trial lists exactly one condition	PHASE2	TRIAL_SINGLE	PHASE2		Ixazomib Maintenance	EXPERIMENTAL	EXACT	2	True	NOT_CONTROL	registry arm 'Ixazomib Maintenance' type=EXPERIMENTAL (EXACT match)		False	Allogeneic HSCT and Fludarabine/Melphalan/Bortezomib conditioning followed by Ixazomib maintenance  Allogeneic HSCT: Eligible patients with a Human Leukocyte Antigen (HLA)-matched related or unrelated donor will undergo allogeneic hematopoietic stem cell transplant at Day 0. For GVHD prophylaxis, patients will be given Tacrolimus from Day -3 until at least 6 months following initiation, at an intr	Allogeneic HSCT and Fludarabine/Melphalan/Bortezomib conditioning followed by Ixazomib maintenance
NCT02440464	Percentage of Participants With Best Response to Treatment After Randomization	Placebo	3	2014_2017	bor	Multiple Myeloma	1	1	1	TRIAL_SINGLE	NAMES_A_TUMOUR_TYPE	multiple myeloma	Multiple Myeloma	trial lists exactly one condition	PHASE2	TRIAL_SINGLE	PHASE2		Placebo	PLACEBO_COMPARATOR	EXACT	2	True	CONTROL_PLACEBO	registry arm 'Placebo' type=PLACEBO_COMPARATOR (EXACT match)		True	Allogeneic HSCT and Fludarabine/Melphalan/Bortezomib conditioning followed by placebo maintenance.  Allogeneic HSCT: Eligible patients with a Human Leukocyte Antigen (HLA)-matched related or unrelated donor will undergo allogeneic hematopoietic stem cell transplant at Day 0. For GVHD prophylaxis, patients will be given Tacrolimus from Day -3 until at least 6 months following initiation, at an intr	Allogeneic HSCT and Fludarabine/Melphalan/Bortezomib conditioning followed by placebo maintenance.
NCT02440464	Percentage of Participants With Response to Treatment	Ixazomib Maintenance	2	2014_2017	bor	Multiple Myeloma	1	1	1	TRIAL_SINGLE	NAMES_A_TUMOUR_TYPE	multiple myeloma	Multiple Myeloma	trial lists exactly one condition	PHASE2	TRIAL_SINGLE	PHASE2		Ixazomib Maintenance	EXPERIMENTAL	EXACT	2	True	NOT_CONTROL	registry arm 'Ixazomib Maintenance' type=EXPERIMENTAL (EXACT match)		False	Allogeneic HSCT and Fludarabine/Melphalan/Bortezomib conditioning followed by Ixazomib maintenance  Allogeneic HSCT: Eligible patients with a Human Leukocyte Antigen (HLA)-matched related or unrelated donor will undergo allogeneic hematopoietic stem cell transplant at Day 0. For GVHD prophylaxis, patients will be given Tacrolimus from Day -3 until at least 6 months following initiation, at an intr	Allogeneic HSCT and Fludarabine/Melphalan/Bortezomib conditioning followed by Ixazomib maintenance
NCT02440464	Percentage of Participants With Response to Treatment	Placebo	2	2014_2017	bor	Multiple Myeloma	1	1	1	TRIAL_SINGLE	NAMES_A_TUMOUR_TYPE	multiple myeloma	Multiple Myeloma	trial lists exactly one condition	PHASE2	TRIAL_SINGLE	PHASE2		Placebo	PLACEBO_COMPARATOR	EXACT	2	True	CONTROL_PLACEBO	registry arm 'Placebo' type=PLACEBO_COMPARATOR (EXACT match)		True	Allogeneic HSCT and Fludarabine/Melphalan/Bortezomib conditioning followed by placebo maintenance.  Allogeneic HSCT: Eligible patients with a Human Leukocyte Antigen (HLA)-matched related or unrelated donor will undergo allogeneic hematopoietic stem cell transplant at Day 0. For GVHD prophylaxis, patients will be given Tacrolimus from Day -3 until at least 6 months following initiation, at an intr	Allogeneic HSCT and Fludarabine/Melphalan/Bortezomib conditioning followed by placebo maintenance.
NCT02475213	Best Overall Response (RECIST 1.1)	Cohort 1	5	2014_2017	bor	Melanoma ; Head and Neck Cancer ; Non Small Cell Lung Cancer ; Urothelial Carcinoma	4	4	4	MIXED	UNASSIGNABLE			4 distinct disease keys at trial level, no single-disease group evidence	PHASE1	TRIAL_SINGLE	PHASE1		Cohort 1	EXPERIMENTAL	EXACT	8	False	NOT_CONTROL	registry arm 'Cohort 1' type=EXPERIMENTAL (EXACT match)		False	enoblituzumab 3 mg/kg IV weekly for up to 51 doses and pembrolizumab 2 mg/kg IV every 3 weeks for up to 17 doses	Enoblituzumab 3 mg/kg IV weekly plus pembrolizumab 2 mg/kg IV every 3 weeks
NCT02475213	Best Overall Response (RECIST 1.1)	Cohort 2	3	2014_2017	bor	Melanoma ; Head and Neck Cancer ; Non Small Cell Lung Cancer ; Urothelial Carcinoma	4	4	4	MIXED	UNASSIGNABLE			4 distinct disease keys at trial level, no single-disease group evidence	PHASE1	TRIAL_SINGLE	PHASE1		Cohort 2	EXPERIMENTAL	EXACT	8	False	NOT_CONTROL	registry arm 'Cohort 2' type=EXPERIMENTAL (EXACT match)		False	enoblituzumab 10 mg/kg IV weekly for up to 51 doses and pembrolizumab 2 mg/kg IV every 3 weeks for up to 17 doses	Enoblituzumab 10 mg/kg IV weekly plus pembrolizumab 2 mg/kg IV every 3 weeks
NCT02475213	Best Overall Response (RECIST 1.1)	Cohort 3	3	2014_2017	bor	Melanoma ; Head and Neck Cancer ; Non Small Cell Lung Cancer ; Urothelial Carcinoma	4	4	4	MIXED	UNASSIGNABLE			4 distinct disease keys at trial level, no single-disease group evidence	PHASE1	TRIAL_SINGLE	PHASE1		Cohort 3	EXPERIMENTAL	EXACT	8	False	NOT_CONTROL	registry arm 'Cohort 3' type=EXPERIMENTAL (EXACT match)		False	enoblituzumab 15 mg/kg IV weekly for up to 51 doses and pembrolizumab 2 mg/kg IV every 3 weeks for up to 17 doses	Enoblituzumab 15 mg/kg IV weekly plus pembrolizumab 2 mg/kg IV every 3 weeks
NCT02475213	Best Overall Response (RECIST 1.1)	Cohort 4	12	2014_2017	bor	Melanoma ; Head and Neck Cancer ; Non Small Cell Lung Cancer ; Urothelial Carcinoma	4	4	4	MIXED	UNASSIGNABLE			4 distinct disease keys at trial level, no single-disease group evidence	PHASE1	TRIAL_SINGLE	PHASE1		Cohort 4	EXPERIMENTAL	EXACT	8	False	NOT_CONTROL	registry arm 'Cohort 4' type=EXPERIMENTAL (EXACT match)		False	enoblituzumab 15 mg/kg IV and retifanlimab 375 mg IV every three weeks up to 17 doses.	Enoblituzumab 15 mg/kg IV plus retifanlimab 375 mg IV every 3 weeks
NCT02475213	Best Overall Response (RECIST 1.1)	Melanoma Cohort	15	2014_2017	bor	Melanoma ; Head and Neck Cancer ; Non Small Cell Lung Cancer ; Urothelial Carcinoma	4	4	4	GROUP_SPECIFIC	NAMES_A_TUMOUR_TYPE	melanoma	Melanoma	group/arm/outcome text names exactly one of the trial conditions	PHASE1	TRIAL_SINGLE	PHASE1		Melanoma Cohort	EXPERIMENTAL	EXACT	8	False	NOT_CONTROL	registry arm 'Melanoma Cohort' type=EXPERIMENTAL (EXACT match)		False	enoblituzumab 15 mg/kg IV weekly for up to 51 doses and pembrolizumab 2 mg/kg IV every 3 weeks for up to 17 doses	Enoblituzumab 15 mg/kg IV weekly plus pembrolizumab 2 mg/kg IV every 3 weeks
NCT02475213	Best Overall Response (RECIST 1.1)	NSCLC Cohort: PD1/PDL1 Experienced	19	2014_2017	bor	Melanoma ; Head and Neck Cancer ; Non Small Cell Lung Cancer ; Urothelial Carcinoma	4	4	4	MIXED	UNASSIGNABLE			4 distinct disease keys at trial level, no single-disease group evidence	PHASE1	TRIAL_SINGLE	PHASE1				NONE	8	False	UNKNOWN	no strong arm match (NONE) and no control language in the group record		False	enoblituzumab 15 mg/kg IV weekly for up to 51 doses and pembrolizumab 2 mg/kg every 3 weeks for up to 17 doses	
NCT02475213	Best Overall Response (RECIST 1.1)	NSCLC Cohort: PD1/PDL1 Naïve	15	2014_2017	bor	Melanoma ; Head and Neck Cancer ; Non Small Cell Lung Cancer ; Urothelial Carcinoma	4	4	4	MIXED	UNASSIGNABLE			4 distinct disease keys at trial level, no single-disease group evidence	PHASE1	TRIAL_SINGLE	PHASE1				NONE	8	False	UNKNOWN	no strong arm match (NONE) and no control language in the group record		False	enoblituzumab 15 mg/kg IV weekly for up to 51 doses and pembrolizumab 2 mg/kg IV every 3 weeks for up to 17 doses	
NCT02475213	Best Overall Response (RECIST 1.1)	SCCHN Cohort: PD1/PDL1 Experienced	19	2014_2017	bor	Melanoma ; Head and Neck Cancer ; Non Small Cell Lung Cancer ; Urothelial Carcinoma	4	4	4	MIXED	UNASSIGNABLE			4 distinct disease keys at trial level, no single-disease group evidence	PHASE1	TRIAL_SINGLE	PHASE1				NONE	8	False	UNKNOWN	no strong arm match (NONE) and no control language in the group record		False	enoblituzumab 15 mg/kg IV weekly for up to 51 doses and pembrolizumab 2 mg/kg IV every 3 weeks for up to 17 doses	
NCT02475213	Best Overall Response (RECIST 1.1)	SCCHN Cohort: PD1/PDL1 Naïve	16	2014_2017	bor	Melanoma ; Head and Neck Cancer ; Non Small Cell Lung Cancer ; Urothelial Carcinoma	4	4	4	MIXED	UNASSIGNABLE			4 distinct disease keys at trial level, no single-disease group evidence	PHASE1	TRIAL_SINGLE	PHASE1				NONE	8	False	UNKNOWN	no strong arm match (NONE) and no control language in the group record		False	enoblituzumab 15 mg/kg IV weekly for up to 51 doses and pembrolizumab 2 mg/kg IV every 3 weeks for up to 17 doses	
NCT02475213	Best Overall Response (RECIST 1.1)	Urothelial Cancer Cohort	17	2014_2017	bor	Melanoma ; Head and Neck Cancer ; Non Small Cell Lung Cancer ; Urothelial Carcinoma	4	4	4	GROUP_SPECIFIC	NAMES_A_TUMOUR_TYPE	urothelial	Urothelial Carcinoma	group/arm/outcome text names exactly one of the trial conditions	PHASE1	TRIAL_SINGLE	PHASE1		Urothelial Cancer Cohort	EXPERIMENTAL	EXACT	8	False	NOT_CONTROL	registry arm 'Urothelial Cancer Cohort' type=EXPERIMENTAL (EXACT match)		False	enoblituzumab 15 mg/kg IV weekly for up to 51 doses and pembrolizumab 2 mg/kg IV every 3 weeks for up to 17 doses	Enoblituzumab 15 mg/kg IV weekly plus pembrolizumab 2 mg/kg IV every 3 weeks
NCT02475213	Best Overall Response (irRECIST 1.1)	Cohort 1	5	2014_2017	bor	Melanoma ; Head and Neck Cancer ; Non Small Cell Lung Cancer ; Urothelial Carcinoma	4	4	4	MIXED	UNASSIGNABLE			4 distinct disease keys at trial level, no single-disease group evidence	PHASE1	TRIAL_SINGLE	PHASE1		Cohort 1	EXPERIMENTAL	EXACT	8	False	NOT_CONTROL	registry arm 'Cohort 1' type=EXPERIMENTAL (EXACT match)		False	enoblituzumab 3 mg/kg IV weekly for up to 51 doses and pembrolizumab 2 mg/kg IV every 3 weeks for up to 17 doses	Enoblituzumab 3 mg/kg IV weekly plus pembrolizumab 2 mg/kg IV every 3 weeks
NCT02475213	Best Overall Response (irRECIST 1.1)	Cohort 2	3	2014_2017	bor	Melanoma ; Head and Neck Cancer ; Non Small Cell Lung Cancer ; Urothelial Carcinoma	4	4	4	MIXED	UNASSIGNABLE			4 distinct disease keys at trial level, no single-disease group evidence	PHASE1	TRIAL_SINGLE	PHASE1		Cohort 2	EXPERIMENTAL	EXACT	8	False	NOT_CONTROL	registry arm 'Cohort 2' type=EXPERIMENTAL (EXACT match)		False	enoblituzumab 10 mg/kg IV weekly for up to 51 doses and pembrolizumab 2 mg/kg IV every 3 weeks for up to 17 doses	Enoblituzumab 10 mg/kg IV weekly plus pembrolizumab 2 mg/kg IV every 3 weeks
NCT02475213	Best Overall Response (irRECIST 1.1)	Cohort 3	3	2014_2017	bor	Melanoma ; Head and Neck Cancer ; Non Small Cell Lung Cancer ; Urothelial Carcinoma	4	4	4	MIXED	UNASSIGNABLE			4 distinct disease keys at trial level, no single-disease group evidence	PHASE1	TRIAL_SINGLE	PHASE1		Cohort 3	EXPERIMENTAL	EXACT	8	False	NOT_CONTROL	registry arm 'Cohort 3' type=EXPERIMENTAL (EXACT match)		False	enoblituzumab 15 mg/kg IV weekly for up to 51 doses and pembrolizumab 2 mg/kg IV every 3 weeks for up to 17 doses	Enoblituzumab 15 mg/kg IV weekly plus pembrolizumab 2 mg/kg IV every 3 weeks
NCT02475213	Best Overall Response (irRECIST 1.1)	Cohort 4	12	2014_2017	bor	Melanoma ; Head and Neck Cancer ; Non Small Cell Lung Cancer ; Urothelial Carcinoma	4	4	4	MIXED	UNASSIGNABLE			4 distinct disease keys at trial level, no single-disease group evidence	PHASE1	TRIAL_SINGLE	PHASE1		Cohort 4	EXPERIMENTAL	EXACT	8	False	NOT_CONTROL	registry arm 'Cohort 4' type=EXPERIMENTAL (EXACT match)		False	enoblituzumab 15 mg/kg IV and retifanlimab 375 mg IV every three weeks up to 17 doses.	Enoblituzumab 15 mg/kg IV plus retifanlimab 375 mg IV every 3 weeks
NCT02475213	Best Overall Response (irRECIST 1.1)	Melanoma Cohort	15	2014_2017	bor	Melanoma ; Head and Neck Cancer ; Non Small Cell Lung Cancer ; Urothelial Carcinoma	4	4	4	GROUP_SPECIFIC	NAMES_A_TUMOUR_TYPE	melanoma	Melanoma	group/arm/outcome text names exactly one of the trial conditions	PHASE1	TRIAL_SINGLE	PHASE1		Melanoma Cohort	EXPERIMENTAL	EXACT	8	False	NOT_CONTROL	registry arm 'Melanoma Cohort' type=EXPERIMENTAL (EXACT match)		False	enoblituzumab 15 mg/kg IV weekly for up to 51 doses and pembrolizumab 2 mg/kg IV every 3 weeks for up to 17 doses	Enoblituzumab 15 mg/kg IV weekly plus pembrolizumab 2 mg/kg IV every 3 weeks
NCT02475213	Best Overall Response (irRECIST 1.1)	NSCLC Cohort: PD1/PDL1 Experienced	19	2014_2017	bor	Melanoma ; Head and Neck Cancer ; Non Small Cell Lung Cancer ; Urothelial Carcinoma	4	4	4	MIXED	UNASSIGNABLE			4 distinct disease keys at trial level, no single-disease group evidence	PHASE1	TRIAL_SINGLE	PHASE1				NONE	8	False	UNKNOWN	no strong arm match (NONE) and no control language in the group record		False	enoblituzumab 15 mg/kg IV weekly for up to 51 doses and pembrolizumab 2 mg/kg IV every 3 weeks for up to 17 doses	
NCT02475213	Best Overall Response (irRECIST 1.1)	NSCLC Cohort: PD1/PDL1 Naïve	15	2014_2017	bor	Melanoma ; Head and Neck Cancer ; Non Small Cell Lung Cancer ; Urothelial Carcinoma	4	4	4	MIXED	UNASSIGNABLE			4 distinct disease keys at trial level, no single-disease group evidence	PHASE1	TRIAL_SINGLE	PHASE1				NONE	8	False	UNKNOWN	no strong arm match (NONE) and no control language in the group record		False	enoblituzumab 15 mg/kg IV weekly for up to 51 doses and pembrolizumab 2 mg/kg IV every 3 weeks for up to 17 doses	
NCT02475213	Best Overall Response (irRECIST 1.1)	SCCHN Cohort: PD1/PDL1 Experienced	19	2014_2017	bor	Melanoma ; Head and Neck Cancer ; Non Small Cell Lung Cancer ; Urothelial Carcinoma	4	4	4	MIXED	UNASSIGNABLE			4 distinct disease keys at trial level, no single-disease group evidence	PHASE1	TRIAL_SINGLE	PHASE1				NONE	8	False	UNKNOWN	no strong arm match (NONE) and no control language in the group record		False	enoblituzumab 15 mg/kg IV weekly for up to 51 doses and pembrolizumab 2 mg/kg IV every 3 weeks for up to 17 doses	
NCT02475213	Best Overall Response (irRECIST 1.1)	SCCHN Cohort: PD1/PDL1 Naïve	16	2014_2017	bor	Melanoma ; Head and Neck Cancer ; Non Small Cell Lung Cancer ; Urothelial Carcinoma	4	4	4	MIXED	UNASSIGNABLE			4 distinct disease keys at trial level, no single-disease group evidence	PHASE1	TRIAL_SINGLE	PHASE1				NONE	8	False	UNKNOWN	no strong arm match (NONE) and no control language in the group record		False	enoblituzumab 15 mg/kg IV weekly for up to 51 doses and pembrolizumab 2 mg/kg IV every 3 weeks for up to 17 doses	
NCT02475213	Best Overall Response (irRECIST 1.1)	Urothelial Cancer Cohort	17	2014_2017	bor	Melanoma ; Head and Neck Cancer ; Non Small Cell Lung Cancer ; Urothelial Carcinoma	4	4	4	GROUP_SPECIFIC	NAMES_A_TUMOUR_TYPE	urothelial	Urothelial Carcinoma	group/arm/outcome text names exactly one of the trial conditions	PHASE1	TRIAL_SINGLE	PHASE1		Urothelial Cancer Cohort	EXPERIMENTAL	EXACT	8	False	NOT_CONTROL	registry arm 'Urothelial Cancer Cohort' type=EXPERIMENTAL (EXACT match)		False	enoblituzumab 15 mg/kg IV weekly for up to 51 doses and pembrolizumab 2 mg/kg IV every 3 weeks for up to 17 doses	Enoblituzumab 15 mg/kg IV weekly plus pembrolizumab 2 mg/kg IV every 3 weeks
NCT02509507	Best Overall Response (BOR) Per Modified irRC-RECIST	Part 1: Combination Therapy Group A	16	2014_2017	bor	Hepatocellular Carcinoma ; Liver Metastases ; Cutaneous or Subcutaneous Lymph Node ; Liver Tumors	4	4	4	GROUP_SPECIFIC	NAMES_A_TUMOUR_TYPE	hepatocellular	Hepatocellular Carcinoma	group/arm/outcome text names exactly one of the trial conditions	PHASE1/PHASE2	MIXED	PHASE1/PHASE2	Part 1			NONE	2	False	UNKNOWN	no strong arm match (NONE) and no control language in the group record		False	Participants with non-hepatocellular carcinoma (non-HCC) were administered talimogene laherparepvec by intralesional injection at an initial concentration of 10\^6 plaque forming unit (PFU)/mL in a volume of up to 4mL in Cohorts 5 \& 6 on Day 1 of the first 21-day cycle. The concentration of talimogene laherparepvec doses in the second and subsequent 21-day cycles were 10\^7 (Cohort 5) or 10\^8 PF	
NCT02509507	Best Overall Response (BOR) Per Modified irRC-RECIST	Part 1: Combination Therapy Group B	12	2014_2017	bor	Hepatocellular Carcinoma ; Liver Metastases ; Cutaneous or Subcutaneous Lymph Node ; Liver Tumors	4	4	4	GROUP_SPECIFIC	NAMES_A_TUMOUR_TYPE	hepatocellular	Hepatocellular Carcinoma	group/arm/outcome text names exactly one of the trial conditions	PHASE1/PHASE2	MIXED	PHASE1/PHASE2	Part 1			NONE	2	False	UNKNOWN	no strong arm match (NONE) and no control language in the group record		False	Participants with hepatocellular carcinoma (HCC) were administered talimogene laherparepvec by intralesional injection at an initial concentration of 10\^6 plaque forming unit (PFU)/mL in a volume of up to 4mL in Cohorts 5, 6a (participants without viral hepatitis) and 6b (participants with well controlled viral hepatitis) on Day 1 of the first 21-day cycle. The concentration of talimogene laherpa	
NCT02509507	Best Overall Response (BOR) Per Modified irRC-RECIST	Part 1: Monotherapy Group A	8	2014_2017	bor	Hepatocellular Carcinoma ; Liver Metastases ; Cutaneous or Subcutaneous Lymph Node ; Liver Tumors	4	4	4	GROUP_SPECIFIC	NAMES_A_TUMOUR_TYPE	hepatocellular	Hepatocellular Carcinoma	group/arm/outcome text names exactly one of the trial conditions	PHASE1/PHASE2	MIXED	PHASE1/PHASE2	Part 1			NONE	2	False	UNKNOWN	no strong arm match (NONE) and no control language in the group record		False	Participants with non-hepatocellular carcinoma (non-HCC) were administered talimogene laherparepvec by intralesional injection at an initial concentration of 10\^6 plaque forming unit (PFU)/mL in a volume of up to 4mL in Cohorts 1 \& 2 and up to a volume of 8 mL in Cohorts 3 \& 4 on Day 1 of the first 21-day cycle. The concentration of talimogene laherparepvec doses in the second and subsequent 21	
NCT02509507	Best Overall Response (BOR) Per Modified irRC-RECIST	Part 1: Monotherapy Group B	2	2014_2017	bor	Hepatocellular Carcinoma ; Liver Metastases ; Cutaneous or Subcutaneous Lymph Node ; Liver Tumors	4	4	4	GROUP_SPECIFIC	NAMES_A_TUMOUR_TYPE	hepatocellular	Hepatocellular Carcinoma	group/arm/outcome text names exactly one of the trial conditions	PHASE1/PHASE2	MIXED	PHASE1/PHASE2	Part 1			NONE	2	False	UNKNOWN	no strong arm match (NONE) and no control language in the group record		False	Participants with hepatocellular carcinoma (HCC) were administered talimogene laherparepvec by intralesional injection at an initial concentration of 10\^6 plaque forming unit (PFU)/mL in a volume of up to 4mL in Cohorts 1 \& 2 and up to a volume of 8 mL in Cohorts 3 \& 4 on Day 1 of the first 21-day cycle. The concentration of talimogene laherparepvec doses in the second and subsequent 21-day cyc	
NCT02509507	Best Overall Response (BOR) Per Modified irRC-RECIST	Part 2: Basal Cell Carcinoma (BCC)	3	2014_2017	bor	Hepatocellular Carcinoma ; Liver Metastases ; Cutaneous or Subcutaneous Lymph Node ; Liver Tumors	4	4	4	MIXED	UNASSIGNABLE			4 distinct disease keys at trial level, no single-disease group evidence	PHASE1/PHASE2	MIXED	PHASE1/PHASE2	Part 2			NONE	2	False	UNKNOWN	no strong arm match (NONE) and no control language in the group record		False	Participants with BCC were administered talimogene laherparepvec by intralesional injection at the MTC and MTV identified in Part 1 on Day 1 of each 21-day cycle.  Participants were also administered 200 mg of pembrolizumab on Day 1 of each 21-day cycle as an intravenous infusion.	
NCT02509507	Best Overall Response (BOR) Per Modified irRC-RECIST	Part 2: Colorectal Adenocarcinoma (CRC)	4	2014_2017	bor	Hepatocellular Carcinoma ; Liver Metastases ; Cutaneous or Subcutaneous Lymph Node ; Liver Tumors	4	4	4	MIXED	UNASSIGNABLE			4 distinct disease keys at trial level, no single-disease group evidence	PHASE1/PHASE2	MIXED	PHASE1/PHASE2	Part 2			NONE	2	False	UNKNOWN	no strong arm match (NONE) and no control language in the group record		False	Participants with CRC were administered talimogene laherparepvec by intralesional injection at the MTC and MTV identified in Part 1 on Day 1 of each 21-day cycle.  Participants were also administered 200 mg of pembrolizumab on Day 1 of each 21-day cycle as an intravenous infusion.	
NCT02509507	Best Overall Response (BOR) Per Modified irRC-RECIST	Part 2: Cutaneous Squamous Cell Carcinoma (CSCC)	4	2014_2017	bor	Hepatocellular Carcinoma ; Liver Metastases ; Cutaneous or Subcutaneous Lymph Node ; Liver Tumors	4	4	4	MIXED	UNASSIGNABLE			4 distinct disease keys at trial level, no single-disease group evidence	PHASE1/PHASE2	MIXED	PHASE1/PHASE2	Part 2			NONE	2	False	UNKNOWN	no strong arm match (NONE) and no control language in the group record		False	Participants with CSCC were administered talimogene laherparepvec by intralesional injection at the MTC and MTV identified in Part 1 on Day 1 of each 21-day cycle.  Participants were also administered 200 mg of pembrolizumab on Day 1 of each 21-day cycle as an intravenous infusion.	
NCT02509507	Best Overall Response (BOR) Per Modified irRC-RECIST	Part 2: Hormone Receptor Positive Breast Cancer (HRBC)	5	2014_2017	bor	Hepatocellular Carcinoma ; Liver Metastases ; Cutaneous or Subcutaneous Lymph Node ; Liver Tumors	4	4	4	MIXED	UNASSIGNABLE			4 distinct disease keys at trial level, no single-disease group evidence	PHASE1/PHASE2	MIXED	PHASE1/PHASE2	Part 2			NONE	2	False	UNKNOWN	no strong arm match (NONE) and no control language in the group record		False	Participants with HRBC were administered talimogene laherparepvec by intralesional injection at the maximum tolerated concentration (MTC) and maximum tolerated volume (MTV) identified in Part 1 on Day 1 of each 21-day cycle.  Participants were also administered 200 mg of pembrolizumab on Day 1 of each 21-day cycle as an intravenous infusion.	
NCT02509507	Best Overall Response (BOR) Per Modified irRC-RECIST	Part 2: Triple Negative Breast Cancer (TNBC)	9	2014_2017	bor	Hepatocellular Carcinoma ; Liver Metastases ; Cutaneous or Subcutaneous Lymph Node ; Liver Tumors	4	4	4	MIXED	UNASSIGNABLE			4 distinct disease keys at trial level, no single-disease group evidence	PHASE1/PHASE2	MIXED	PHASE1/PHASE2	Part 2			NONE	2	False	UNKNOWN	no strong arm match (NONE) and no control language in the group record		False	Participants with TNBC were administered talimogene laherparepvec by intralesional injection at the MTC and MTV identified in Part 1 on Day 1 of each 21-day cycle.  Participants were also administered 200 mg of pembrolizumab on Day 1 of each 21-day cycle as an intravenous infusion.	
NCT02536794	Response in Patients With Metastatic HER2 Negative Breast Cancer Treated With Durvalumab in Combination With Tremelimumab	Treatment (MEDI4736, Tremelimumab)	27	2014_2017	bor	Estrogen Receptor Negative ; Estrogen Receptor Positive ; HER2/Neu Negative ; Recurrent Breast Carcinoma ; Stage IV Breast Cancer	5	4	4	GROUP_SPECIFIC	NAMES_A_TUMOUR_TYPE	breast	Recurrent Breast Carcinoma	group/arm/outcome text names exactly one of the trial conditions	PHASE2	TRIAL_SINGLE	PHASE2		Treatment (MEDI4736, tremelimumab)	EXPERIMENTAL	NORMALIZED	1	False	NOT_CONTROL	registry arm 'Treatment (MEDI4736, tremelimumab)' type=EXPERIMENTAL (NORMALIZED match)		False	Patients receive anti-B7H1 monoclonal antibody MEDI4736 IV over 1 hour and tremelimumab IV over 1 hour on day 1. Treatment repeats every 28 days for 4 courses in the absence of disease progression or unacceptable toxicity. Four weeks after the last combination dose, patients continue to receive anti-B7H1 monoclonal antibody MEDI4736 every 2 weeks for up to 18 additional doses in the absence of dis	Patients receive anti-B7H1 monoclonal antibody MEDI4736 IV over 1 hour and tremelimumab IV over 1 hour on day 1. Treatment repeats every 28 days for 4 courses in the absence of disease progression or unacceptable toxicity. Four weeks after the last combination dose, patients continue to receive anti-B7H1 monoclonal antibody MEDI4736 every 2 weeks for up to 18 additional doses in the absence of dis
NCT02566993	Best Antitumor Response by Independent Review Committee	Lurbinectedin/Doxorubicin	282	2014_2017	bor	Small-cell Lung Cancer	1	1	1	TRIAL_SINGLE	NAMES_A_TUMOUR_TYPE	small cell lung	Small-cell Lung Cancer	trial lists exactly one condition	PHASE3	TRIAL_SINGLE	PHASE3				NONE	3	True	UNKNOWN	no strong arm match (NONE) and no control language in the group record		False	Doxorubicin: 40.0 mg/m2 i.v. on Day 1 through peripheral or central lines (according to local label), followed by, Lurbinectedin: 2.0 mg/m2 i.v. as a 1-hour infusion on Day 1 q3wk (three weeks ±48h = one treatment cycle) through peripheral or central lines. A minimum volume of 100 mL diluted in 5% glucose or 0.9% sodium chloride solution for infusion, had to be used for administration through a ce	
NCT02566993	Best Antitumor Response by Independent Review Committee	Topotecan or Cyclophosphamide/Doxorubicin/Vincristine	259	2014_2017	bor	Small-cell Lung Cancer	1	1	1	TRIAL_SINGLE	NAMES_A_TUMOUR_TYPE	small cell lung	Small-cell Lung Cancer	trial lists exactly one condition	PHASE3	TRIAL_SINGLE	PHASE3				NONE	3	True	CONTROL_UNSPECIFIED_BY_GROUP_TEXT	results group text says control/comparator/standard of care without naming placebo		False	If the patient was randomized to the Control Arm, the assigned treatment was based on the reported Investigator's preference between topotecan and CAV, until the first of these options had reached 55% of the target patient enrollment in this arm. Once this had occurred, patients in the Control Arm were to receive the other option.  Topotecan: i.v. daily on Days 1-5 q3wk (three weeks ±48h = one tre	
NCT02567799	Rate of Progressive Disease Evaluated by the Response Evaluation Criteria in Solid Tumors (RECIST) (1.1) Criteria	BIO 300 Oral Suspension (1000 mg/Day)	7	2014_2017	bor	Carcinoma, Non-Small-Cell Lung	1	1	1	TRIAL_SINGLE	NAMES_A_TUMOUR_TYPE	non small cell lung	Carcinoma, Non-Small-Cell Lung	trial lists exactly one condition	PHASE1/PHASE2	MIXED	PHASE1/PHASE2				NONE	1	False	NOT_CONTROL_SINGLE_ARM_TRIAL	trial registers 1 arm group(s)		False	BIO 300 Oral Suspension (1000 mg/day) was given daily, 7 days/week (Week 1, day 1 through the end of concurrent chemoradiotherapy, Weeks 6-7).	
NCT02567799	Rate of Progressive Disease Evaluated by the Response Evaluation Criteria in Solid Tumors (RECIST) (1.1) Criteria	BIO 300 Oral Suspension (1500 mg/Day)	7	2014_2017	bor	Carcinoma, Non-Small-Cell Lung	1	1	1	TRIAL_SINGLE	NAMES_A_TUMOUR_TYPE	non small cell lung	Carcinoma, Non-Small-Cell Lung	trial lists exactly one condition	PHASE1/PHASE2	MIXED	PHASE1/PHASE2				NONE	1	False	NOT_CONTROL_SINGLE_ARM_TRIAL	trial registers 1 arm group(s)		False	BIO 300 Oral Suspension (1500 mg/day) was given daily, 7 days/week (Week 1, day 1 through the end of concurrent chemoradiotherapy, Weeks 6-7).	
NCT02567799	Rate of Progressive Disease Evaluated by the Response Evaluation Criteria in Solid Tumors (RECIST) (1.1) Criteria	BIO 300 Oral Suspension (500 mg/Day)	6	2014_2017	bor	Carcinoma, Non-Small-Cell Lung	1	1	1	TRIAL_SINGLE	NAMES_A_TUMOUR_TYPE	non small cell lung	Carcinoma, Non-Small-Cell Lung	trial lists exactly one condition	PHASE1/PHASE2	MIXED	PHASE1/PHASE2				NONE	1	False	NOT_CONTROL_SINGLE_ARM_TRIAL	trial registers 1 arm group(s)		False	BIO 300 Oral Suspension (500 mg/day) was given daily, 7 days/week (Week 1, day 1 through the end of concurrent chemoradiotherapy, Weeks 6-7).	
NCT02575807	Phase 1: Objective Response Rate (ORR) by mRECIST	Phase 1: CRS-207	8	2014_2017	bor	Platinum-resistant Ovarian Cancer ; Platinum-resistant Fallopian Cancer ; Platinum-resistant Peritoneal Cancer	3	3	3	MIXED	UNASSIGNABLE			3 distinct disease keys at trial level, no single-disease group evidence	PHASE1/PHASE2	MIXED	PHASE1/PHASE2	Phase 1	Phase 1: CRS-207	EXPERIMENTAL	EXACT	5	False	NOT_CONTROL	registry arm 'Phase 1: CRS-207' type=EXPERIMENTAL (EXACT match)		False	CRS-207 administered in 3-week cycles.  \* CRS-207 (1 x 10e9 CFU) administered by IV infusion. For Cycle 1 through Cycle 6, CRS-207 will be administered on Day 1 of each cycle. After 6 cycles, CRS-207 will be administered on Day 1 once every 6 weeks (every other cycle).	CRS-207 administered in 3-week cycles.  \* CRS-207 (1 x 10e9 colony forming units \[CFU\]) administered by intravenous (IV) infusion. For Cycle 1 through Cycle 6, CRS-207 will be administered on Day 1 of each cycle. After 6 cycles, CRS-207 will be administered on Day 1 once every 6 weeks (every other cycle).
NCT02575807	Phase 1: Objective Response Rate (ORR) by mRECIST	Phase 1: CRS-207/IDO 100 mg	4	2014_2017	bor	Platinum-resistant Ovarian Cancer ; Platinum-resistant Fallopian Cancer ; Platinum-resistant Peritoneal Cancer	3	3	3	MIXED	UNASSIGNABLE			3 distinct disease keys at trial level, no single-disease group evidence	PHASE1/PHASE2	MIXED	PHASE1/PHASE2	Phase 1	Phase 1: CRS-207/IDO 100 mg	EXPERIMENTAL	EXACT	5	False	NOT_CONTROL	registry arm 'Phase 1: CRS-207/IDO 100 mg' type=EXPERIMENTAL (EXACT match)		False	CRS-207 administered in 3-week cycles, IDO administered BID.  * CRS-207 (1 x 10e9 CFU) administered by IV infusion. For Cycle 1 through Cycle 6, CRS-207 administered on Day 1 of each cycle. After 6 cycles, CRS-207 administered on Day 1 once every 6 weeks (every other cycle). * IDO (100 mg) administered PO BID, starting on Day 2 of the first CRS-207 treatment cycle.	CRS-207 administered in 3-week cycles, IDO administered twice daily (BID).  * CRS-207 (1 x 10e9 CFU) administered by IV infusion. For Cycle 1 through Cycle 6, CRS-207 administered on Day 1 of each cycle. After 6 cycles, CRS-207 administered on Day 1 once every 6 weeks (every other cycle). * IDO (100 milligrams \[mg\]) administered by mouth (PO) BID, starting on Day 2 of the first CRS-207 treatment
NCT02575807	Phase 1: Objective Response Rate (ORR) by mRECIST	Phase 1: CRS-207/IDO 300 mg	10	2014_2017	bor	Platinum-resistant Ovarian Cancer ; Platinum-resistant Fallopian Cancer ; Platinum-resistant Peritoneal Cancer	3	3	3	MIXED	UNASSIGNABLE			3 distinct disease keys at trial level, no single-disease group evidence	PHASE1/PHASE2	MIXED	PHASE1/PHASE2	Phase 1	Phase 1: CRS-207/IDO 300 mg	EXPERIMENTAL	EXACT	5	False	NOT_CONTROL	registry arm 'Phase 1: CRS-207/IDO 300 mg' type=EXPERIMENTAL (EXACT match)		False	CRS-207 administered in 3-week cycles, IDO administered BID.  * CRS-207 (1 x 10e9 CFU) administered by IV infusion. For Cycle 1 through Cycle 6, CRS-207 administered on Day 1 of each cycle. After 6 cycles, CRS-207 administered on Day 1 once every 6 weeks (every other cycle). * IDO (300 mg) administered PO BID, starting on Day 2 of the first CRS-207 treatment cycle.	CRS-207 administered in 3-week cycles, IDO administered BID.  * CRS-207 (1 x 10e9 CFU) administered by IV infusion. For Cycle 1 through Cycle 6, CRS-207 administered on Day 1 of each cycle. After 6 cycles, CRS-207 administered on Day 1 once every 6 weeks (every other cycle). * IDO (300 mg) administered PO BID, starting on Day 2 of the first CRS-207 treatment cycle.
NCT02575807	Phase 2: Objective Response Rate (ORR)	Phase 2: CRS-207/Pembro	2	2014_2017	bor	Platinum-resistant Ovarian Cancer ; Platinum-resistant Fallopian Cancer ; Platinum-resistant Peritoneal Cancer	3	3	3	MIXED	UNASSIGNABLE			3 distinct disease keys at trial level, no single-disease group evidence	PHASE1/PHASE2	MIXED	PHASE1/PHASE2	Phase 2	Phase 2: CRS-207/Pembro	EXPERIMENTAL	EXACT	5	False	NOT_CONTROL	registry arm 'Phase 2: CRS-207/Pembro' type=EXPERIMENTAL (EXACT match)		False	CRS-207 and pembro administered in 3-week cycles.  * CRS-207 (1 x 10e9 CFU) administered by IV infusion. For Cycle 1 through Cycle 6, CRS-207 administered on Day 2 of each cycle. After 6 cycles, CRS-207 administered on Day 2 once every 6 weeks (every other cycle). * Pembro (200 mg) administered by IV infusion on Day 1 in 3-week cycles.	CRS-207 and pembro administered in 3-week cycles.  * CRS-207 (1 x 10e9 CFU) administered by IV infusion. For Cycle 1 through Cycle 6, CRS-207 administered on Day 2 of each cycle. After 6 cycles, CRS-207 administered on Day 2 once every 6 weeks (every other cycle). * Pembro (200 mg) administered by IV infusion on Day 1 in 3-week cycles.
NCT02575807	Phase 2: Objective Response Rate (ORR)	Phase 2: CRS-207/Pembro/IDO	1	2014_2017	bor	Platinum-resistant Ovarian Cancer ; Platinum-resistant Fallopian Cancer ; Platinum-resistant Peritoneal Cancer	3	3	3	MIXED	UNASSIGNABLE			3 distinct disease keys at trial level, no single-disease group evidence	PHASE1/PHASE2	MIXED	PHASE1/PHASE2	Phase 2	Phase 2: CRS-207/Pembro/IDO	EXPERIMENTAL	EXACT	5	False	NOT_CONTROL	registry arm 'Phase 2: CRS-207/Pembro/IDO' type=EXPERIMENTAL (EXACT match)		False	CRS-207 and pembro administered in 3-week cycles, IDO administered BID.  * CRS-207 (1 x 10e9 CFU) administered by IV infusion. For Cycle 1 through Cycle 6, CRS-207 administered on Day 2 of each cycle. After 6 cycles, CRS-207 administered on Day 2 once every 6 weeks (every other cycle). * Pembro (200 mg) administered by IV infusion on Day 1 in 3-week cycles. * IDO (300 mg) administered PO BID, star	CRS-207 and pembrolizumab (pembro) administered in 3-week cycles, IDO administered BID.  * CRS-207 (1 x 10e9 CFU) administered by IV infusion. For Cycle 1 through Cycle 6, CRS-207 administered on Day 2 of each cycle. After 6 cycles, CRS-207 administered on Day 2 once every 6 weeks (every other cycle). * Pembro (200 mg) administered by IV infusion on Day 1 in 3-week cycles. * IDO (300 mg) administe
NCT02578641	Best Overall Response (BOR) of Subjects With Advanced Nasopharyngeal Carcinoma.	Chemo + EBV-CTL	154	2014_2017	bor	Nasopharyngeal Carcinoma	1	1	1	TRIAL_SINGLE	NAMES_A_TUMOUR_TYPE	nasopharyngeal	Nasopharyngeal Carcinoma	trial lists exactly one condition	PHASE3	TRIAL_SINGLE	PHASE3				NONE	2	True	UNKNOWN	no strong arm match (NONE) and no control language in the group record		False	gemcitabine+carboplatin and EBV-CTL	
NCT02578641	Best Overall Response (BOR) of Subjects With Advanced Nasopharyngeal Carcinoma.	Chemo Only	156	2014_2017	bor	Nasopharyngeal Carcinoma	1	1	1	TRIAL_SINGLE	NAMES_A_TUMOUR_TYPE	nasopharyngeal	Nasopharyngeal Carcinoma	trial lists exactly one condition	PHASE3	TRIAL_SINGLE	PHASE3				NONE	2	True	UNKNOWN	no strong arm match (NONE) and no control language in the group record		False	gemcitabine+carboplatin	
NCT02584829	Disease Response, as Assessed by Response Evaluation Criteria in Solid Tumors Version 1.1	Group 1 (Avelumab and MHC Class I Up-regulation)	1	2014_2017	bor	Merkel Cell Polyomavirus Infection ; Stage IV Merkel Cell Carcinoma AJCC v7	2	2	2	MIXED	UNASSIGNABLE			2 distinct disease keys at trial level, no single-disease group evidence	PHASE1/PHASE2	MIXED	PHASE1/PHASE2		Group 1 (avelumab and MHC class I up-regulation)	EXPERIMENTAL	NORMALIZED	2	False	NOT_CONTROL	registry arm 'Group 1 (avelumab and MHC class I up-regulation)' type=EXPERIMENTAL (NORMALIZED match)		False	Patients who do not have a HLA type for which T cells can be generated or for whom T cells cannot be generated for technical issues receive avelumab intravenously (IV) over 1 hour every 2 weeks for 12 months. Within 7-10 days after completion of 1-3 doses of avelumab, patients receive MHC class I up-regulation intervention comprising either localized radiation therapy or recombinant interferon bet	Patients who do not have a HLA type for which T cells can be generated or for whom T cells cannot be generated for technical issues receive avelumab intravenously (IV) over 1 hour every 2 weeks for 12 months. Within 7-10 days after completion of 1-3 doses of avelumab, patients receive MHC class I up-regulation intervention comprising either localized radiation therapy or recombinant interferon bet
NCT02584829	Disease Response, as Assessed by Response Evaluation Criteria in Solid Tumors Version 1.1	Group 2 (Avelumab, MHC Class I Up-regulation, T Cells)	6	2014_2017	bor	Merkel Cell Polyomavirus Infection ; Stage IV Merkel Cell Carcinoma AJCC v7	2	2	2	MIXED	UNASSIGNABLE			2 distinct disease keys at trial level, no single-disease group evidence	PHASE1/PHASE2	MIXED	PHASE1/PHASE2		Group 2 (avelumab, MHC class I up-regulation, T cells)	EXPERIMENTAL	NORMALIZED	2	False	NOT_CONTROL	registry arm 'Group 2 (avelumab, MHC class I up-regulation, T cells)' type=EXPERIMENTAL (NORMALIZED match)		False	Patients who have an HLA type for which T cells can be generated receive avelumab IV over 1 hour every 2 weeks for 12 months. Patients also receive MHC class I up-regulation intervention as in Group 1 between 7-10 days after the first infusion of avelumab and 2-5 days before the first infusion of MCPyV TAg-specific polyclonal autologous CD8+ T cells. Patients receive two infusions of MCPyV TAg-spe	Patients who have an HLA type for which T cells can be generated receive avelumab IV over 1 hour every 2 weeks for 12 months. Patients also receive MHC class I up-regulation intervention as in Group 1 between 7-10 days after the first infusion of avelumab and 2-5 days before the first infusion of MCPyV TAg-specific polyclonal autologous CD8+ T cells. Patients receive two infusions of MCPyV TAg-spe
NCT02593786	Best Overall Response (BOR)	Cohort A: Nivolumab 3 mg/kg Q2W	14	2014_2017	bor	Solid Tumors	1	1	1	TRIAL_SINGLE	NOT_A_DISEASE_UMBRELLA	solid	Solid Tumors	trial lists exactly one condition	PHASE1/PHASE2	MIXED	PHASE1/PHASE2				NONE	2	False	UNKNOWN	no strong arm match (NONE) and no control language in the group record		False	Participants receive nivolumab (3 mg/kg) administered as 4 doses in each 8-week treatment cycle at Days 1, 15, 29 and 43.	
NCT02593786	Best Overall Response (BOR)	Cohort B: Nivolumab 240 mg Q2W	19	2014_2017	bor	Solid Tumors	1	1	1	TRIAL_SINGLE	NOT_A_DISEASE_UMBRELLA	solid	Solid Tumors	trial lists exactly one condition	PHASE1/PHASE2	MIXED	PHASE1/PHASE2				NONE	2	False	UNKNOWN	no strong arm match (NONE) and no control language in the group record		False	Participants receive a flat dose of nivolumab (240 mg) administered as 4 doses in each 8-week treatment cycle at Days 1, 15, 29 and 43.	
NCT02593786	Best Overall Response (BOR)	Cohort C: Nivolumab 360 mg Q3W	11	2014_2017	bor	Solid Tumors	1	1	1	TRIAL_SINGLE	NOT_A_DISEASE_UMBRELLA	solid	Solid Tumors	trial lists exactly one condition	PHASE1/PHASE2	MIXED	PHASE1/PHASE2				NONE	2	False	UNKNOWN	no strong arm match (NONE) and no control language in the group record		False	Participants receive a flat dose of nivolumab (360 mg) administered as one dose in each 3-week treatment cycle.	
NCT02593786	Best Overall Response (BOR)	Cohort D: Nivolumab 480 mg Q4W	12	2014_2017	bor	Solid Tumors	1	1	1	TRIAL_SINGLE	NOT_A_DISEASE_UMBRELLA	solid	Solid Tumors	trial lists exactly one condition	PHASE1/PHASE2	MIXED	PHASE1/PHASE2				NONE	2	False	UNKNOWN	no strong arm match (NONE) and no control language in the group record		False	Participants receive a flat dose of nivolumab (480 mg) in each 4-week treatment cycle	
NCT02608268	Best Overall Response (BOR) Per RECIST v1.1	Dose Ranging Part: MBG453 1200mg Q4W	12	2014_2017	bor	Advanced Malignancies	1	1	1	TRIAL_SINGLE	NOT_A_DISEASE_UMBRELLA	advanced malignancies	Advanced Malignancies	trial lists exactly one condition	PHASE1/PHASE2	MIXED	PHASE1/PHASE2				NONE	10	False	UNKNOWN	no strong arm match (NONE) and no control language in the group record		False	Sabatolimab 1200 mg Q4W in Dose Ranging Part	
NCT02608268	Best Overall Response (BOR) Per RECIST v1.1	Dose Ranging Part: MBG453 240mg Q4W	15	2014_2017	bor	Advanced Malignancies	1	1	1	TRIAL_SINGLE	NOT_A_DISEASE_UMBRELLA	advanced malignancies	Advanced Malignancies	trial lists exactly one condition	PHASE1/PHASE2	MIXED	PHASE1/PHASE2				NONE	10	False	UNKNOWN	no strong arm match (NONE) and no control language in the group record		False	Sabatolimab 240 mg Q4W in Dose Ranging Part	
NCT02608268	Best Overall Response (BOR) Per RECIST v1.1	Dose Ranging Part: MBG453 80mg Q4W	11	2014_2017	bor	Advanced Malignancies	1	1	1	TRIAL_SINGLE	NOT_A_DISEASE_UMBRELLA	advanced malignancies	Advanced Malignancies	trial lists exactly one condition	PHASE1/PHASE2	MIXED	PHASE1/PHASE2				NONE	10	False	UNKNOWN	no strong arm match (NONE) and no control language in the group record		False	Sabatolimab 80 mg Q4W in Dose Ranging Part	
NCT02608268	Best Overall Response (BOR) Per RECIST v1.1	Phase I Dose Escalation: MBG453 1200mg Q2W Japan	2	2014_2017	bor	Advanced Malignancies	1	1	1	TRIAL_SINGLE	NOT_A_DISEASE_UMBRELLA	advanced malignancies	Advanced Malignancies	trial lists exactly one condition	PHASE1/PHASE2	MIXED	PHASE1/PHASE2	Phase I			NONE	10	False	UNKNOWN	no strong arm match (NONE) and no control language in the group record		False	Sabatolimab 1200 mg Q2W in Phase I Dose Escalation Part in Japanese participants	
NCT02608268	Best Overall Response (BOR) Per RECIST v1.1	Phase I Dose Escalation: MBG453 1200mg Q2W ROW	5	2014_2017	bor	Advanced Malignancies	1	1	1	TRIAL_SINGLE	NOT_A_DISEASE_UMBRELLA	advanced malignancies	Advanced Malignancies	trial lists exactly one condition	PHASE1/PHASE2	MIXED	PHASE1/PHASE2	Phase I			NONE	10	False	UNKNOWN	no strong arm match (NONE) and no control language in the group record		False	Sabatolimab 1200 mg Q2W in Phase I Dose Escalation Part in ROW patients	
NCT02608268	Best Overall Response (BOR) Per RECIST v1.1	Phase I Dose Escalation: MBG453 1200mg Q4W Japan	6	2014_2017	bor	Advanced Malignancies	1	1	1	TRIAL_SINGLE	NOT_A_DISEASE_UMBRELLA	advanced malignancies	Advanced Malignancies	trial lists exactly one condition	PHASE1/PHASE2	MIXED	PHASE1/PHASE2	Phase I			NONE	10	False	UNKNOWN	no strong arm match (NONE) and no control language in the group record		False	Sabatolimab 1200 mg Q4W in Phase I Dose Escalation Part in Japanese patients	
NCT02608268	Best Overall Response (BOR) Per RECIST v1.1	Phase I Dose Escalation: MBG453 1200mg Q4W ROW	4	2014_2017	bor	Advanced Malignancies	1	1	1	TRIAL_SINGLE	NOT_A_DISEASE_UMBRELLA	advanced malignancies	Advanced Malignancies	trial lists exactly one condition	PHASE1/PHASE2	MIXED	PHASE1/PHASE2	Phase I			NONE	10	False	UNKNOWN	no strong arm match (NONE) and no control language in the group record		False	Sabatolimab 1200 mg Q4W in Phase I Dose Escalation Part in ROW patients	
NCT02608268	Best Overall Response (BOR) Per RECIST v1.1	Phase I Dose Escalation: MBG453 240mg Q2W Japan	4	2014_2017	bor	Advanced Malignancies	1	1	1	TRIAL_SINGLE	NOT_A_DISEASE_UMBRELLA	advanced malignancies	Advanced Malignancies	trial lists exactly one condition	PHASE1/PHASE2	MIXED	PHASE1/PHASE2	Phase I			NONE	10	False	UNKNOWN	no strong arm match (NONE) and no control language in the group record		False	Sabatolimab 240 mg Q2W in Phase I Dose Escalation Part in Japanese patients	
NCT02608268	Best Overall Response (BOR) Per RECIST v1.1	Phase I Dose Escalation: MBG453 240mg Q2W ROW	9	2014_2017	bor	Advanced Malignancies	1	1	1	TRIAL_SINGLE	NOT_A_DISEASE_UMBRELLA	advanced malignancies	Advanced Malignancies	trial lists exactly one condition	PHASE1/PHASE2	MIXED	PHASE1/PHASE2	Phase I			NONE	10	False	UNKNOWN	no strong arm match (NONE) and no control language in the group record		False	Sabatolimab 240 mg Q2W in Phase I Dose Escalation Part in ROW patients	
NCT02608268	Best Overall Response (BOR) Per RECIST v1.1	Phase I Dose Escalation: MBG453 240mg Q4W ROW	6	2014_2017	bor	Advanced Malignancies	1	1	1	TRIAL_SINGLE	NOT_A_DISEASE_UMBRELLA	advanced malignancies	Advanced Malignancies	trial lists exactly one condition	PHASE1/PHASE2	MIXED	PHASE1/PHASE2	Phase I			NONE	10	False	UNKNOWN	no strong arm match (NONE) and no control language in the group record		False	Sabatolimab 240 mg every 4 weeks (Q4W) in Phase I Dose Escalation Part in ROW patients	
NCT02608268	Best Overall Response (BOR) Per RECIST v1.1	Phase I Dose Escalation: MBG453 800mg Q2W Japan	6	2014_2017	bor	Advanced Malignancies	1	1	1	TRIAL_SINGLE	NOT_A_DISEASE_UMBRELLA	advanced malignancies	Advanced Malignancies	trial lists exactly one condition	PHASE1/PHASE2	MIXED	PHASE1/PHASE2	Phase I			NONE	10	False	UNKNOWN	no strong arm match (NONE) and no control language in the group record		False	Sabatolimab 800 mg Q2W in Phase I Dose Escalation Part in Japanese patients	
NCT02608268	Best Overall Response (BOR) Per RECIST v1.1	Phase I Dose Escalation: MBG453 800mg Q2W ROW	15	2014_2017	bor	Advanced Malignancies	1	1	1	TRIAL_SINGLE	NOT_A_DISEASE_UMBRELLA	advanced malignancies	Advanced Malignancies	trial lists exactly one condition	PHASE1/PHASE2	MIXED	PHASE1/PHASE2	Phase I			NONE	10	False	UNKNOWN	no strong arm match (NONE) and no control language in the group record		False	Sabatolimab 800 mg Q2W in Phase I Dose Escalation Part in ROW patients	
NCT02608268	Best Overall Response (BOR) Per RECIST v1.1	Phase I Dose Escalation: MBG453 800mg Q4W ROW	5	2014_2017	bor	Advanced Malignancies	1	1	1	TRIAL_SINGLE	NOT_A_DISEASE_UMBRELLA	advanced malignancies	Advanced Malignancies	trial lists exactly one condition	PHASE1/PHASE2	MIXED	PHASE1/PHASE2	Phase I			NONE	10	False	UNKNOWN	no strong arm match (NONE) and no control language in the group record		False	Sabatolimab 800 mg Q4W in Phase I Dose Escalation Part in ROW patients	
NCT02608268	Best Overall Response (BOR) Per RECIST v1.1	Phase I Dose Escalation: MBG453 80mg Q2W Japan	2	2014_2017	bor	Advanced Malignancies	1	1	1	TRIAL_SINGLE	NOT_A_DISEASE_UMBRELLA	advanced malignancies	Advanced Malignancies	trial lists exactly one condition	PHASE1/PHASE2	MIXED	PHASE1/PHASE2	Phase I			NONE	10	False	UNKNOWN	no strong arm match (NONE) and no control language in the group record		False	Sabatolimab 80 mg Q2W in Phase I Dose Escalation Part in Japanese patients	
NCT02608268	Best Overall Response (BOR) Per RECIST v1.1	Phase I Dose Escalation: MBG453 80mg Q2W ROW	11	2014_2017	bor	Advanced Malignancies	1	1	1	TRIAL_SINGLE	NOT_A_DISEASE_UMBRELLA	advanced malignancies	Advanced Malignancies	trial lists exactly one condition	PHASE1/PHASE2	MIXED	PHASE1/PHASE2	Phase I			NONE	10	False	UNKNOWN	no strong arm match (NONE) and no control language in the group record		False	Sabatolimab 80 mg every 2 weeks (Q2W) in Phase I Dose Escalation Part in rest of the world (ROW) patients	
NCT02608268	Best Overall Response (BOR) Per RECIST v1.1	Phase II: MBG453 + PDR001 Melanoma	15	2014_2017	bor	Advanced Malignancies	1	1	1	TRIAL_SINGLE	NOT_A_DISEASE_UMBRELLA	advanced malignancies	Advanced Malignancies	trial lists exactly one condition	PHASE1/PHASE2	MIXED	PHASE1/PHASE2	Phase II			AMBIGUOUS_MULTI	10	False	UNKNOWN	no strong arm match (AMBIGUOUS_MULTI) and no control language in the group record		False	Sabatolimab 800 mg Q4W in combination with spartalizumab 400 mg Q4W in melanoma	
NCT02608268	Best Overall Response (BOR) Per RECIST v1.1	Phase II: MBG453 + PDR001 NSCLC	11	2014_2017	bor	Advanced Malignancies	1	1	1	TRIAL_SINGLE	NOT_A_DISEASE_UMBRELLA	advanced malignancies	Advanced Malignancies	trial lists exactly one condition	PHASE1/PHASE2	MIXED	PHASE1/PHASE2	Phase II			AMBIGUOUS_MULTI	10	False	UNKNOWN	no strong arm match (AMBIGUOUS_MULTI) and no control language in the group record		False	Sabatolimab 800 mg Q4W in combination with spartalizumab 400 mg Q4W in non-small cell lung carcinoma (NSCLC)	
NCT02608268	Best Overall Response (BOR) Per RECIST v1.1	Phase Ib Dose Escalation: MBG453 1200mg Q4W + PDR001 400mg Q4W	4	2014_2017	bor	Advanced Malignancies	1	1	1	TRIAL_SINGLE	NOT_A_DISEASE_UMBRELLA	advanced malignancies	Advanced Malignancies	trial lists exactly one condition	PHASE1/PHASE2	MIXED	PHASE1/PHASE2	Dose Escalation			NONE	10	False	UNKNOWN	no strong arm match (NONE) and no control language in the group record		False	Sabatolimab 1200 mg Q4W in combination with spartalizumab 400 mg Q4W in Phase Ib Dose Escalation Part	
NCT02608268	Best Overall Response (BOR) Per RECIST v1.1	Phase Ib Dose Escalation: MBG453 20mg Q2W + PDR001 80mg Q2W	6	2014_2017	bor	Advanced Malignancies	1	1	1	TRIAL_SINGLE	NOT_A_DISEASE_UMBRELLA	advanced malignancies	Advanced Malignancies	trial lists exactly one condition	PHASE1/PHASE2	MIXED	PHASE1/PHASE2	Dose Escalation			NONE	10	False	UNKNOWN	no strong arm match (NONE) and no control language in the group record		False	Sabatolimab 20 mg Q2W in combination with spartalizumab 80 mg Q2W in Phase Ib Dose Escalation Part	
NCT02608268	Best Overall Response (BOR) Per RECIST v1.1	Phase Ib Dose Escalation: MBG453 240mg Q2W + PDR001 240mg Q2W	5	2014_2017	bor	Advanced Malignancies	1	1	1	TRIAL_SINGLE	NOT_A_DISEASE_UMBRELLA	advanced malignancies	Advanced Malignancies	trial lists exactly one condition	PHASE1/PHASE2	MIXED	PHASE1/PHASE2	Dose Escalation			NONE	10	False	UNKNOWN	no strong arm match (NONE) and no control language in the group record		False	Sabatolimab 240 mg Q2W in combination with spartalizumab 240 mg Q2W in Phase Ib Dose Escalation Part	
NCT02608268	Best Overall Response (BOR) Per RECIST v1.1	Phase Ib Dose Escalation: MBG453 240mg Q2W + PDR001 80mg Q2W	6	2014_2017	bor	Advanced Malignancies	1	1	1	TRIAL_SINGLE	NOT_A_DISEASE_UMBRELLA	advanced malignancies	Advanced Malignancies	trial lists exactly one condition	PHASE1/PHASE2	MIXED	PHASE1/PHASE2	Dose Escalation			NONE	10	False	UNKNOWN	no strong arm match (NONE) and no control language in the group record		False	Sabatolimab 240 mg Q2W in combination with spartalizumab 80 mg Q2W in Phase Ib Dose Escalation Part	
NCT02608268	Best Overall Response (BOR) Per RECIST v1.1	Phase Ib Dose Escalation: MBG453 240mg Q4W + PDR001 240mg Q4W	5	2014_2017	bor	Advanced Malignancies	1	1	1	TRIAL_SINGLE	NOT_A_DISEASE_UMBRELLA	advanced malignancies	Advanced Malignancies	trial lists exactly one condition	PHASE1/PHASE2	MIXED	PHASE1/PHASE2	Dose Escalation			NONE	10	False	UNKNOWN	no strong arm match (NONE) and no control language in the group record		False	Sabatolimab 240 mg Q4W in combination with spartalizumab 240 mg Q4W in Phase Ib Dose Escalation Part	
NCT02608268	Best Overall Response (BOR) Per RECIST v1.1	Phase Ib Dose Escalation: MBG453 240mg Q4W + PDR001 400mg Q4W	5	2014_2017	bor	Advanced Malignancies	1	1	1	TRIAL_SINGLE	NOT_A_DISEASE_UMBRELLA	advanced malignancies	Advanced Malignancies	trial lists exactly one condition	PHASE1/PHASE2	MIXED	PHASE1/PHASE2	Dose Escalation			NONE	10	False	UNKNOWN	no strong arm match (NONE) and no control language in the group record		False	Sabatolimab 240 mg Q4W in combination with spartalizumab 400 mg Q4W in Phase Ib Dose Escalation Part	
NCT02608268	Best Overall Response (BOR) Per RECIST v1.1	Phase Ib Dose Escalation: MBG453 240mg Q4W + PDR001 80mg Q4W	12	2014_2017	bor	Advanced Malignancies	1	1	1	TRIAL_SINGLE	NOT_A_DISEASE_UMBRELLA	advanced malignancies	Advanced Malignancies	trial lists exactly one condition	PHASE1/PHASE2	MIXED	PHASE1/PHASE2	Dose Escalation			NONE	10	False	UNKNOWN	no strong arm match (NONE) and no control language in the group record		False	Sabatolimab 240 mg Q4W in combination with spartalizumab 80 mg Q4W in Phase Ib Dose Escalation Part	
NCT02608268	Best Overall Response (BOR) Per RECIST v1.1	Phase Ib Dose Escalation: MBG453 800mg Q2W + PDR001 240mg Q2W	5	2014_2017	bor	Advanced Malignancies	1	1	1	TRIAL_SINGLE	NOT_A_DISEASE_UMBRELLA	advanced malignancies	Advanced Malignancies	trial lists exactly one condition	PHASE1/PHASE2	MIXED	PHASE1/PHASE2	Dose Escalation			NONE	10	False	UNKNOWN	no strong arm match (NONE) and no control language in the group record		False	Sabatolimab 800 mg Q2W in combination with spartalizumab 240 mg Q2W in Phase Ib Dose Escalation Part	
NCT02608268	Best Overall Response (BOR) Per RECIST v1.1	Phase Ib Dose Escalation: MBG453 800mg Q2W + PDR001 80mg Q2W	4	2014_2017	bor	Advanced Malignancies	1	1	1	TRIAL_SINGLE	NOT_A_DISEASE_UMBRELLA	advanced malignancies	Advanced Malignancies	trial lists exactly one condition	PHASE1/PHASE2	MIXED	PHASE1/PHASE2	Dose Escalation			NONE	10	False	UNKNOWN	no strong arm match (NONE) and no control language in the group record		False	Sabatolimab 800 mg Q2W in combination with spartalizumab 80 mg Q2W in Phase Ib Dose Escalation Part	
NCT02608268	Best Overall Response (BOR) Per RECIST v1.1	Phase Ib Dose Escalation: MBG453 800mg Q4W + PDR001 400mg Q4W	6	2014_2017	bor	Advanced Malignancies	1	1	1	TRIAL_SINGLE	NOT_A_DISEASE_UMBRELLA	advanced malignancies	Advanced Malignancies	trial lists exactly one condition	PHASE1/PHASE2	MIXED	PHASE1/PHASE2	Dose Escalation			NONE	10	False	UNKNOWN	no strong arm match (NONE) and no control language in the group record		False	Sabatolimab 800 mg Q4W in combination with spartalizumab 400 mg Q4W in Phase Ib Dose Escalation Part	
NCT02608268	Best Overall Response (BOR) Per RECIST v1.1	Phase Ib Dose Escalation: MBG453 80mg Q2W + PDR001 80mg Q2W	12	2014_2017	bor	Advanced Malignancies	1	1	1	TRIAL_SINGLE	NOT_A_DISEASE_UMBRELLA	advanced malignancies	Advanced Malignancies	trial lists exactly one condition	PHASE1/PHASE2	MIXED	PHASE1/PHASE2	Dose Escalation			NONE	10	False	UNKNOWN	no strong arm match (NONE) and no control language in the group record		False	Sabatolimab 80 mg Q2W in combination with spartalizumab 80 mg Q2W in Phase Ib Dose Escalation Part	
NCT02608268	Best Overall Response (BOR) Per RECIST v1.1	Phase Ib Dose Escalation: MBG453 80mg Q4W + PDR001 400mg Q4W	2	2014_2017	bor	Advanced Malignancies	1	1	1	TRIAL_SINGLE	NOT_A_DISEASE_UMBRELLA	advanced malignancies	Advanced Malignancies	trial lists exactly one condition	PHASE1/PHASE2	MIXED	PHASE1/PHASE2	Dose Escalation			NONE	10	False	UNKNOWN	no strong arm match (NONE) and no control language in the group record		False	Sabatolimab 80 mg Q4W in combination with spartalizumab 400 mg Q4W in Phase Ib Dose Escalation Part	
NCT02608268	Best Overall Response (BOR) Per RECIST v1.1	Phase Ib Dose Escalation: MBG453 80mg Q4W + PDR001 80mg Q4W	6	2014_2017	bor	Advanced Malignancies	1	1	1	TRIAL_SINGLE	NOT_A_DISEASE_UMBRELLA	advanced malignancies	Advanced Malignancies	trial lists exactly one condition	PHASE1/PHASE2	MIXED	PHASE1/PHASE2	Dose Escalation			NONE	10	False	UNKNOWN	no strong arm match (NONE) and no control language in the group record		False	Sabatolimab 80 mg Q4W in combination with spartalizumab 80 mg Q4W in Phase Ib Dose Escalation Part	
NCT02625610	Best Overall Response (BOR) by Investigator Assessment	Avelumab	210	2014_2017	bor	Unresectable, Locally Advanced or Metastatic, Adenocarcinoma of the Stomach, or of the Gastro Esophageal Junction	1	1	1	TRIAL_SINGLE	NAMES_A_TUMOUR_TYPE	or adenocarcinoma of the stomach or of the gastro esophageal junction	Unresectable, Locally Advanced or Metastatic, Adenocarcinoma of the Stomach, or of the Gastro Esophageal Junction	trial lists exactly one condition	PHASE3	TRIAL_SINGLE	PHASE3		Avelumab	EXPERIMENTAL	EXACT	2	False	NOT_CONTROL	registry arm 'Avelumab' type=EXPERIMENTAL (EXACT match)		False	Oxaliplatin was administered at a dose of 85 mg per square meter (mg/m\^2) as a continuous intravenous (IV) infusion on Day 1 along with leucovorin at a dose of 200 mg/m\^2 or 400 mg/m\^2 on Day 1 followed by 5-Fluorouracil at a dose of 2600 mg/m\^2 IV continuous infusion over 24 hours on Day 1 or at 400 mg/m\^2 IV push on Day 1 and 2400 mg/m\^2 IV continuous infusion over 46-48 hours (Day 1 and 2	In Maintenance phase, participants received avelumab as a 1-hour intravenous (IV) infusion at 10 milligrams per kilogram (mg/kg) once every 2-week treatment cycle until progressive disease or unacceptable toxicity or discontinuation.
NCT02625610	Best Overall Response (BOR) by Investigator Assessment	Chemotherapy + Best Supportive Care (BSC)	211	2014_2017	bor	Unresectable, Locally Advanced or Metastatic, Adenocarcinoma of the Stomach, or of the Gastro Esophageal Junction	1	1	1	TRIAL_SINGLE	NAMES_A_TUMOUR_TYPE	or adenocarcinoma of the stomach or of the gastro esophageal junction	Unresectable, Locally Advanced or Metastatic, Adenocarcinoma of the Stomach, or of the Gastro Esophageal Junction	trial lists exactly one condition	PHASE3	TRIAL_SINGLE	PHASE3		Chemotherapy + Best Supportive Care (BSC)	EXPERIMENTAL	EXACT	2	False	NOT_CONTROL	registry arm 'Chemotherapy + Best Supportive Care (BSC)' type=EXPERIMENTAL (EXACT match)		True	Oxaliplatin was administered at a dose of 85 mg per square meter (mg/m\^2) as a continuous intravenous (IV) infusion on Day 1 along with leucovorin at a dose of 200 mg/m\^2 or 400 mg/m\^2 on Day 1 followed by 5-Fluorouracil at a dose of 2600 mg/m\^2 IV continuous infusion over 24 hours on Day 1 or at 400 mg/m\^2 IV push on Day 1 and 2400 mg/m\^2 IV continuous infusion over 46-48 hours (Day 1 and 2	In Maintenance Phase, participants continued the same regimen of oxaliplatin-fluoropyrimidine doublet chemotherapy (oxaliplatin + 5FU/LV or oxaliplatin + capecitabine) as they received during the Induction Phase until disease progression, significant clinical deterioration, unacceptable toxicity, or discontinuation. Participants who were not deemed eligible to receive chemotherapy at the dose and 
NCT02625623	Best Overall Response (BOR)	Avelumab + BSC	128	2014_2017	bor	Unresectable, Recurrent, Locally Advanced or Metastatic Gastric or Gastroesophageal Junction Adenocarcinoma ; Gastric Cancer Third Line	2	2	2	MIXED	UNASSIGNABLE			2 distinct disease keys at trial level, no single-disease group evidence	PHASE3	TRIAL_SINGLE	PHASE3		Avelumab+BSC	ACTIVE_COMPARATOR	NORMALIZED	2	True	CONTROL_ACTIVE_COMPARATOR	registry arm 'Avelumab+BSC' type=ACTIVE_COMPARATOR (NORMALIZED match)		True	Participants received avelumab as a 1-hour intravenous (IV) infusion at 10 milligram per kilogram (mg/kg) once every 2-week treatment cycle until progressive disease or unacceptable toxicity along with BSC. BSC was defined as treatment administered with the intent to maximize quality of life without a specific antineoplastic regimen and was based on investigator's discretion.	Participants received avelumab as a 1-hour intravenous (IV) infusion at 10 milligram per kilogram (mg/kg) once every 2-week treatment cycle until confirmed progressive disease or unacceptable toxicity along with BSC. BSC is defined as treatment administered with the intent to maximize quality of life without a specific antineoplastic regimen and is based on investigator's discretion.
NCT02625623	Best Overall Response (BOR)	Physician Choice Chemotherapy + Best Supportive Care (BSC)	129	2014_2017	bor	Unresectable, Recurrent, Locally Advanced or Metastatic Gastric or Gastroesophageal Junction Adenocarcinoma ; Gastric Cancer Third Line	2	2	2	MIXED	UNASSIGNABLE			2 distinct disease keys at trial level, no single-disease group evidence	PHASE3	TRIAL_SINGLE	PHASE3		Physician choice chemotherapy+Best Supportive Care (BSC)	EXPERIMENTAL	NORMALIZED	2	True	NOT_CONTROL	registry arm 'Physician choice chemotherapy+Best Supportive Care (BSC)' type=EXPERIMENTAL (NORMALIZED match)		True	Participants received BSC plus physician's choice chemotherapy. Chemotherapy comprised of one of the following: intravenous (IV) infusion of paclitaxel at a dose of 80 milligrams per meter square (mg/m\^2) on Days 1, 8 and 15 of a 4-week treatment cycle until progressive disease or unacceptable toxicity OR irinotecan at a dose of 150 mg/m\^2 on Days 1 and 15 of a 4-week treatment cycle until progr	Participants received BSC plus physician's choice chemotherapy. Chemotherapy comprises of one of the following: paclitaxel at a dose of 80 milligram per meter square (mg/m\^2) on Days 1, 8, and 15 of a 4-week treatment cycle until confirmed progressive disease or unacceptable toxicity OR irinotecan at a dose of 150 mg/m\^2 on Days 1 and 15 of a 4-week treatment cycle until confirmed progressive di
NCT02626000	Best Overall Confirmed Response	Talimogene Laherparepvec + Pembrolizumab	17	2014_2017	bor	Carcinoma of the Head and Neck	1	1	1	TRIAL_SINGLE	NAMES_A_TUMOUR_TYPE	of the head and neck	Carcinoma of the Head and Neck	trial lists exactly one condition	PHASE1	TRIAL_SINGLE	PHASE1		Talimogene Laherparepvec + Pembrolizumab	EXPERIMENTAL	EXACT	1	False	NOT_CONTROL	registry arm 'Talimogene Laherparepvec + Pembrolizumab' type=EXPERIMENTAL (EXACT match)		False	Talimogene laherparepvec was administered by intralesional injection into injectable cutaneous, subcutaneous, and nodal lesions at an initial dose of 10⁶ plaque-forming units (PFU) per mL on day 1 followed by a dose of 10⁸ PFU/mL every 3 weeks (Q3W) thereafter. Pembrolizumab was administered by intravenous infusion at a dose of 200 mg Q3W.  Participants were treated until complete response, no inj	Talimogene laherparepvec is administered by intralesional injection into injectable cutaneous, subcutaneous, and nodal lesions at an initial dose of 10⁶ plaque-forming units (PFU) per mL on day 1 followed by a dose of 10⁸ PFU/mL 3 weeks after the initial dose and every 3 weeks (Q3W) thereafter. Pembrolizumab is administered by intravenous infusion at a dose of 200 mg Q3W after the initial dose. Pa
NCT02644278	Part A: Number of Participants With Best Overall Response Evaluated by Response Criteria Evaluation (RECIST 1.1)	VX-984 120 mg + PLD 40 mg/m^2	2	2014_2017	bor	Advanced Solid Tumor	1	1	1	TRIAL_SINGLE	NOT_A_DISEASE_UMBRELLA	solid	Advanced Solid Tumor	trial lists exactly one condition	PHASE1	TRIAL_SINGLE	PHASE1	Part A	VX-984 120 mg + PLD 40 mg/m^2	EXPERIMENTAL	EXACT	4	False	NOT_CONTROL	registry arm 'VX-984 120 mg + PLD 40 mg/m^2' type=EXPERIMENTAL (EXACT match)		False	Participants received VX-984 orally 120 milligram (mg) once daily alone on Days -14 to -12 of a 14-day Lead-in Period, followed by VX-984 120 mg in combination with pegylated liposomal doxorubicin (PLD) 40 milligram per square meter (mg/m\^2) administered intravenous infusion, with PLD administered on Day 1 and VX-984 administered on Day 2 to Day 4 for up to six 28-day cycle or until disease progr	
NCT02644278	Part A: Number of Participants With Best Overall Response Evaluated by Response Criteria Evaluation (RECIST 1.1)	VX-984 240 mg + PLD 40 mg/m^2	3	2014_2017	bor	Advanced Solid Tumor	1	1	1	TRIAL_SINGLE	NOT_A_DISEASE_UMBRELLA	solid	Advanced Solid Tumor	trial lists exactly one condition	PHASE1	TRIAL_SINGLE	PHASE1	Part A	VX-984 240 mg + PLD 40 mg/m^2	EXPERIMENTAL	EXACT	4	False	NOT_CONTROL	registry arm 'VX-984 240 mg + PLD 40 mg/m^2' type=EXPERIMENTAL (EXACT match)		False	Participants received VX-984 orally 240 mg orally once daily alone on Days -14 to -12 of a 14-day Lead-in Period, followed by VX-984 240 mg in combination with PLD 40 mg/m\^2 administered intravenous infusion, with PLD administered on Day 1 and VX-984 administered on Day 2 to Day 4 for up to six 28-day cycle or until disease progression unacceptable toxicities, withdrawal of consent, or until expo	
NCT02644278	Part A: Number of Participants With Best Overall Response Evaluated by Response Criteria Evaluation (RECIST 1.1)	VX-984 480 mg + PLD 40 mg/m^2	4	2014_2017	bor	Advanced Solid Tumor	1	1	1	TRIAL_SINGLE	NOT_A_DISEASE_UMBRELLA	solid	Advanced Solid Tumor	trial lists exactly one condition	PHASE1	TRIAL_SINGLE	PHASE1	Part A	VX-984 480 mg + PLD 40 mg/m^2	EXPERIMENTAL	EXACT	4	False	NOT_CONTROL	registry arm 'VX-984 480 mg + PLD 40 mg/m^2' type=EXPERIMENTAL (EXACT match)		False	Participants received VX-984 orally 480 mg orally once daily alone on Days -14 to -12 of a 14-day Lead-in Period, followed by VX-984 480 mg in combination with PLD 40 mg/m\^2 administered intravenous infusion, with PLD administered on Day 1 and VX-984 administered on Day 2 to Day 4 for up to six 28-day cycle or until disease progression unacceptable toxicities, withdrawal of consent, or until expo	
NCT02644278	Part A: Number of Participants With Best Overall Response Evaluated by Response Criteria Evaluation (RECIST 1.1)	VX-984 720 mg + PLD 40 mg/m^2	2	2014_2017	bor	Advanced Solid Tumor	1	1	1	TRIAL_SINGLE	NOT_A_DISEASE_UMBRELLA	solid	Advanced Solid Tumor	trial lists exactly one condition	PHASE1	TRIAL_SINGLE	PHASE1	Part A	VX-984 720 mg + PLD 40 mg/m^2	EXPERIMENTAL	EXACT	4	False	NOT_CONTROL	registry arm 'VX-984 720 mg + PLD 40 mg/m^2' type=EXPERIMENTAL (EXACT match)		False	Participants received VX-984 orally 720 mg orally once daily alone on Days -14 to -12 of a 14-day Lead-in Period, followed by VX-984 720 mg in combination with PLD 40 mg/m\^2 administered intravenous infusion, with PLD administered on Day 1 and VX-984 administered on Day 2 to Day 4 for up to six 28-day cycle or until disease progression unacceptable toxicities, withdrawal of consent, or until expo	
NCT02644967	Phase 2: Number of Participants With Objective Response Rate (ORR) Using RECIST v1.1	Phase 2, 8 mg Tilso/Ipi	49	2014_2017	bor	Metastatic Melanoma	1	1	1	TRIAL_SINGLE	NAMES_A_TUMOUR_TYPE	melanoma	Metastatic Melanoma	trial lists exactly one condition	PHASE2	TRIAL_SINGLE	PHASE2	Phase 2	Phase 2, 8 mg Tilso/Ipi	EXPERIMENTAL	EXACT	1	False	NOT_CONTROL	registry arm 'Phase 2, 8 mg Tilso/Ipi' type=EXPERIMENTAL (EXACT match)		False	Arm/Group includes 9 participants rolled over from Phase 1 8mg Tilso/Ipi  IMO-2125 (tilso) intratumoral injection plus ipilimumab (ipi)  IMO-2125 (tilso): Drug: IMO-2125 (tilso) (8 mg as the RP2D) Intratumoral injection administered as 9 doses on Weeks 1, 2, 3, 5, 8, 11, 17, 23, and 29.  Ipilimumab (ipi): 4 doses administered intravenously at a dose of 3 mg/kg over 90 minutes on Weeks 2, 5, 8, and	IMO-2125 intratumoral injection plus ipilimumab
NCT02658097	Number of Patients With Each Response as Measured by RECIST 1.1	Single Fraction Radiation Therapy (SFRT) + Pembrolizumab	11	2014_2017	bor	Stage IV Non-Small Cell Lung Cancer	1	1	1	TRIAL_SINGLE	NAMES_A_TUMOUR_TYPE	non small cell lung	Stage IV Non-Small Cell Lung Cancer	trial lists exactly one condition	PHASE2	TRIAL_SINGLE	PHASE2		Single Fraction Radiation Therapy (SFRT) + pembrolizumab	EXPERIMENTAL	NORMALIZED	1	False	NOT_CONTROL	registry arm 'Single Fraction Radiation Therapy (SFRT) + pembrolizumab' type=EXPERIMENTAL (NORMALIZED match)		False	200mg Pembrolizumab by IV infusion on day 1 of each 3 week cycle. 8Gy will be given in a single fraction on the first day of treatment  Pembrolizumab: 200mg Pembrolizumab by IV infusion  Single Fraction Radiation Therapy: 8Gy radiation therapy will be given in a single fraction on the first day of treatment	200mg Pembrolizumab by IV infusion on day 1 of each 3 week cycle. 8Gy will be given in a single fraction on the first day of treatment
NCT02679170	Number of Participants According to Treatment Response: ALK Treatment Sub-Study and ROS1 Treatment Sub-Study	ALK Treatment Sub-study	81	2014_2017	bor	Non-Small Cell Lung Cancer	1	1	1	TRIAL_SINGLE	NAMES_A_TUMOUR_TYPE	non small cell lung	Non-Small Cell Lung Cancer	trial lists exactly one condition		UNKNOWN					NONE	1	False	NOT_CONTROL_SINGLE_ARM_TRIAL	trial registers 1 arm group(s)		False	Participants with advanced/metastatic NSCLC with confirmed ALK-positive translocation and who were treated with crizotinib in routine clinical practice retrospectively from January 2014 or prospectively during the study were included.	
NCT02679170	Number of Participants According to Treatment Response: ALK Treatment Sub-Study and ROS1 Treatment Sub-Study	ROS1 Treatment Sub-study	45	2014_2017	bor	Non-Small Cell Lung Cancer	1	1	1	TRIAL_SINGLE	NAMES_A_TUMOUR_TYPE	non small cell lung	Non-Small Cell Lung Cancer	trial lists exactly one condition		UNKNOWN					NONE	1	False	NOT_CONTROL_SINGLE_ARM_TRIAL	trial registers 1 arm group(s)		False	Participants with advanced/metastatic NSCLC with confirmed ROS1-positive translocation and who were treated with crizotinib in routine clinical practice on or after 08-Feb-2017 were included.	
NCT02759588	Evaluation of Tumor Response to Treatment for Participants Enrolled in the Phase 1b Portion of This Study	Phase 1b - Cohort 1	2	2014_2017	bor	Ovarian Cancer ; Peritoneal Carcinomatosis ; Fallopian Tube Cancer	3	3	3	MIXED	UNASSIGNABLE			3 distinct disease keys at trial level, no single-disease group evidence	PHASE1/PHASE2	MIXED	PHASE1/PHASE2		Phase 1b - Cohort 1	EXPERIMENTAL	EXACT	4	False	NOT_CONTROL	registry arm 'Phase 1b - Cohort 1' type=EXPERIMENTAL (EXACT match)		False	Participants received 2 consecutive days of IP infusions of Olvi-Vec at 3 x 10e9 pfu and received chemotherapy with or without bevacizumab.	Participants treated in Cohort 1 received 2 IP infusions at 3 x 10e9 pfu.
NCT02759588	Evaluation of Tumor Response to Treatment for Participants Enrolled in the Phase 1b Portion of This Study	Phase 1b - Cohort 2	1	2014_2017	bor	Ovarian Cancer ; Peritoneal Carcinomatosis ; Fallopian Tube Cancer	3	3	3	MIXED	UNASSIGNABLE			3 distinct disease keys at trial level, no single-disease group evidence	PHASE1/PHASE2	MIXED	PHASE1/PHASE2		Phase 1b - Cohort 2	EXPERIMENTAL	EXACT	4	False	NOT_CONTROL	registry arm 'Phase 1b - Cohort 2' type=EXPERIMENTAL (EXACT match)		False	Participants received 2 consecutive days of IP infusions of Olvi-Vec at 1 x 10e10 pfu and received chemotherapy with or without bevacizumab.	Participants treated in Cohort 2 received 2 IP infusions at 1 x 10e10 pfu.
NCT02762513	Best Overall Response	Axitinib	25	2014_2017	bor	Squamous Cell Carcinoma of the Head and Neck	1	1	1	TRIAL_SINGLE	NAMES_A_TUMOUR_TYPE	squamous cell of the head and neck	Squamous Cell Carcinoma of the Head and Neck	trial lists exactly one condition	PHASE2	TRIAL_SINGLE	PHASE2	dose escalation	Axitinib	EXPERIMENTAL	EXACT	1	False	NOT_CONTROL	registry arm 'Axitinib' type=EXPERIMENTAL (EXACT match)		False	Participants will receive 5 mg of Axitinib twice a day continuously, with subsequent dose escalation to 7 mg and then 10 mg twice a day in the absence of grade 2 or worse toxicities	Participants will receive 5 mg of Axitinib twice a day continuously, with subsequent dose escalation to 7 mg and then 10 mg twice a day in the absence of grade 2 or worse toxicities
NCT02762981	Best Response Rate in Participants With Tumor Glucocorticoid Receptor (GR) Above or Below the Median Overall Level	GR H-score Above the Overall Median	15	2014_2017	bor	Solid Tumors	1	1	1	TRIAL_SINGLE	NOT_A_DISEASE_UMBRELLA	solid	Solid Tumors	trial lists exactly one condition	PHASE1/PHASE2	MIXED	PHASE1/PHASE2				NONE	1	False	NOT_CONTROL_SINGLE_ARM_TRIAL	trial registers 1 arm group(s)		False	Participants from Segment I and Segment II who had above the overall median GR H-score at Baseline. Segment I: following lead-in, continuous dosing participants received oral relacorilant once daily, in combination with nab-paclitaxel infusions on Days 1, 8, and 15 of each 28-day cycle. Segment II following lead-in, intermittent dosing participants received oral relacorilant the day before, the da	
NCT02762981	Best Response Rate in Participants With Tumor Glucocorticoid Receptor (GR) Above or Below the Median Overall Level	GR H-score Below the Overall Median	12	2014_2017	bor	Solid Tumors	1	1	1	TRIAL_SINGLE	NOT_A_DISEASE_UMBRELLA	solid	Solid Tumors	trial lists exactly one condition	PHASE1/PHASE2	MIXED	PHASE1/PHASE2				NONE	1	False	NOT_CONTROL_SINGLE_ARM_TRIAL	trial registers 1 arm group(s)		False	Participants from Segment I and Segment II who had below the overall median GR H-score at Baseline. Segment I: following lead-in, continuous dosing participants received oral relacorilant once daily, in combination with nab-paclitaxel infusions on Days 1, 8, and 15 of each 28-day cycle. Segment II: following lead-in, intermittent dosing participants received oral relacorilant the day before, the d	
NCT02795429	Phase Ib and Phase II: Best Overall Response (BOR) Per RECIST v1.1	Phase II: Capmatinib 400 mg BID + Spartalizumab 300 mg Q3W	28	2014_2017	bor	Advanced Hepatocellular Carcinoma	1	1	1	TRIAL_SINGLE	NAMES_A_TUMOUR_TYPE	hepatocellular	Advanced Hepatocellular Carcinoma	trial lists exactly one condition	PHASE1/PHASE2	MIXED	PHASE1/PHASE2	Phase II	Phase II: Capmatinib 400 mg BID + Spartalizumab 300 mg Q3W	EXPERIMENTAL	EXACT	5	False	NOT_CONTROL	registry arm 'Phase II: Capmatinib 400 mg BID + Spartalizumab 300 mg Q3W' type=EXPERIMENTAL (EXACT match)		False	Capmatinib 400 mg administered orally on a continuous twice daily (BID) dosing schedule in combination with spartalizumab 300 mg administered intravenously once every 3 weeks (Q3W) in Phase II	Capmatinib 400 mg administered orally on a continuous twice daily (BID) dosing schedule in combination with spartalizumab 300 mg administered intravenously once every 3 weeks (Q3W) in Phase II
NCT02795429	Phase Ib and Phase II: Best Overall Response (BOR) Per RECIST v1.1	Phase II: Spartalizumab 300 mg Q3W	27	2014_2017	bor	Advanced Hepatocellular Carcinoma	1	1	1	TRIAL_SINGLE	NAMES_A_TUMOUR_TYPE	hepatocellular	Advanced Hepatocellular Carcinoma	trial lists exactly one condition	PHASE1/PHASE2	MIXED	PHASE1/PHASE2	Phase II	Phase II: Spartalizumab 300 mg Q3W	EXPERIMENTAL	EXACT	5	False	NOT_CONTROL	registry arm 'Phase II: Spartalizumab 300 mg Q3W' type=EXPERIMENTAL (EXACT match)		False	Spartalizumab 300 mg administered intravenously once every 3 weeks (Q3W) in Phase II	Spartalizumab 300 mg administered intravenously once every 3 weeks (Q3W) in Phase II
NCT02795429	Phase Ib and Phase II: Best Overall Response (BOR) Per RECIST v1.1	Phase Ib: Capmatinib 200 mg BID + Spartalizumab 300 mg Q3W	6	2014_2017	bor	Advanced Hepatocellular Carcinoma	1	1	1	TRIAL_SINGLE	NAMES_A_TUMOUR_TYPE	hepatocellular	Advanced Hepatocellular Carcinoma	trial lists exactly one condition	PHASE1/PHASE2	MIXED	PHASE1/PHASE2	Phase II	Phase Ib: Capmatinib 200 mg BID + Spartalizumab 300 mg Q3W	EXPERIMENTAL	EXACT	5	False	NOT_CONTROL	registry arm 'Phase Ib: Capmatinib 200 mg BID + Spartalizumab 300 mg Q3W' type=EXPERIMENTAL (EXACT match)		False	Capmatinib 200 mg administered orally on a continuous twice daily (BID) dosing schedule in combination with spartalizumab 300 mg administered intravenously once every 3 weeks (Q3W) in Phase Ib	Capmatinib 200 mg administered orally on a continuous twice daily (BID) dosing schedule in combination with spartalizumab 300 mg administered intravenously once every 3 weeks (Q3W) in Phase Ib
NCT02795429	Phase Ib and Phase II: Best Overall Response (BOR) Per RECIST v1.1	Phase Ib: Capmatinib 300 mg BID + Spartalizumab 300 mg Q3W	9	2014_2017	bor	Advanced Hepatocellular Carcinoma	1	1	1	TRIAL_SINGLE	NAMES_A_TUMOUR_TYPE	hepatocellular	Advanced Hepatocellular Carcinoma	trial lists exactly one condition	PHASE1/PHASE2	MIXED	PHASE1/PHASE2	Phase II	Phase Ib: Capmatinib 300 mg BID + Spartalizumab 300 mg Q3W	EXPERIMENTAL	EXACT	5	False	NOT_CONTROL	registry arm 'Phase Ib: Capmatinib 300 mg BID + Spartalizumab 300 mg Q3W' type=EXPERIMENTAL (EXACT match)		False	Capmatinib 300 mg administered orally on a continuous twice daily (BID) dosing schedule in combination with spartalizumab 300 mg administered intravenously once every 3 weeks (Q3W) in Phase Ib	Capmatinib 300 mg administered orally on a continuous twice daily (BID) dosing schedule in combination with spartalizumab 300 mg administered intravenously once every 3 weeks (Q3W) in Phase Ib
NCT02795429	Phase Ib and Phase II: Best Overall Response (BOR) Per RECIST v1.1	Phase Ib: Capmatinib 400 mg BID + Spartalizumab 300 mg Q3W	11	2014_2017	bor	Advanced Hepatocellular Carcinoma	1	1	1	TRIAL_SINGLE	NAMES_A_TUMOUR_TYPE	hepatocellular	Advanced Hepatocellular Carcinoma	trial lists exactly one condition	PHASE1/PHASE2	MIXED	PHASE1/PHASE2	Phase II	Phase Ib: Capmatinib 400 mg BID + Spartalizumab 300 mg Q3W	EXPERIMENTAL	EXACT	5	False	NOT_CONTROL	registry arm 'Phase Ib: Capmatinib 400 mg BID + Spartalizumab 300 mg Q3W' type=EXPERIMENTAL (EXACT match)		False	Capmatinib 400 mg administered orally on a continuous twice daily (BID) dosing schedule in combination with spartalizumab 300 mg administered intravenously once every 3 weeks (Q3W) in Phase Ib	Capmatinib 400 mg administered orally on a continuous twice daily (BID) dosing schedule in combination with spartalizumab 300 mg administered intravenously once every 3 weeks (Q3W) in Phase Ib
NCT02819843	Best Response	Intralesional TALIMOGENE LAHERPAREPVEC With Radiotherapy	10	2014_2017	bor	Melanoma ; Merkel Cell Carcinoma ; Other Solid Tumors	3	3	3	MIXED	UNASSIGNABLE			3 distinct disease keys at trial level, no single-disease group evidence	PHASE2	TRIAL_SINGLE	PHASE2		Intralesional TALIMOGENE LAHERPAREPVEC with radiotherapy	EXPERIMENTAL	NORMALIZED	2	False	NOT_CONTROL	registry arm 'Intralesional TALIMOGENE LAHERPAREPVEC with radiotherapy' type=EXPERIMENTAL (NORMALIZED match)		False	Patients will receive 3 radiotherapy treatments (one treatment every 3-5 days) during weeks 3 and 4. The first treatment will occur 6 (+/- 2) hours after the Talimogene Laherparepvec administration at week 3.Talimogene Laherparepvec will be administered at weeks 0, 3, 5, 7, 9, 11, 13 and 15. The first dose of Talimogene Laherparepvec will be 10\^6 plaque forming units (PFU)/mL, followed three week	Patients will receive 3 radiotherapy treatments (one treatment every 3-5 days) during weeks 3 and 4. The first treatment will occur 6 (+/- 2) hours after the Talimogene Laherparepvec administration at week 3.Talimogene Laherparepvec will be administered at weeks 0, 3, 5, 7, 9, 11, 13 and 15. The first dose of Talimogene Laherparepvec will be 10\^6 plaque forming units (PFU)/mL, followed three week
NCT02819843	Best Response	Intralesional TALIMOGENE LAHERPAREPVEC Without Radiotherapy	9	2014_2017	bor	Melanoma ; Merkel Cell Carcinoma ; Other Solid Tumors	3	3	3	MIXED	UNASSIGNABLE			3 distinct disease keys at trial level, no single-disease group evidence	PHASE2	TRIAL_SINGLE	PHASE2		Intralesional TALIMOGENE LAHERPAREPVEC without radiotherapy	EXPERIMENTAL	NORMALIZED	2	False	NOT_CONTROL	registry arm 'Intralesional TALIMOGENE LAHERPAREPVEC without radiotherapy' type=EXPERIMENTAL (NORMALIZED match)		False	Patients will receive Talimogene Laherparepvec alone, as described above, without radiotherapy.  TALIMOGENE LAHERPAREPVEC (TVEC)	Patients will receive Talimogene Laherparepvec alone, as described above, without radiotherapy.
NCT02825420	Best Response by Prior Antiangiogenic Treatment	No Prior Use of Antiangiogenics	86	2014_2017	bor	Relapsed Ovarian Cancer	1	1	1	TRIAL_SINGLE	NAMES_A_TUMOUR_TYPE	ovarian	Relapsed Ovarian Cancer	trial lists exactly one condition		UNKNOWN					NONE	0	False	NOT_CONTROL_SINGLE_ARM_TRIAL	trial registers 0 arm group(s)		False	"Antiangiogenics-naïve Patients. Antiangiogenics defined as type of therapy reported in the CRF categorized as ""antiangiogenic"" by the investigator or prior treatment reported by the investigator being bevacizumab (or Avastin®), pazopanib, or trabananib"	
NCT02825420	Best Response by Prior Antiangiogenic Treatment	Prior Use of Antiangiogenics	116	2014_2017	bor	Relapsed Ovarian Cancer	1	1	1	TRIAL_SINGLE	NAMES_A_TUMOUR_TYPE	ovarian	Relapsed Ovarian Cancer	trial lists exactly one condition		UNKNOWN					NONE	0	False	NOT_CONTROL_SINGLE_ARM_TRIAL	trial registers 0 arm group(s)		False	"Patients who used a prior Antiangiogenics defined as type of therapy reported in the CRF categorized as ""antiangiogenic"" by the investigator or prior treatment reported by the investigator being bevacizumab (or Avastin®), pazopanib, or trabananib"	
NCT02825420	Best Tumor Response	Full Analysis Set	202	2014_2017	bor	Relapsed Ovarian Cancer	1	1	1	TRIAL_SINGLE	NAMES_A_TUMOUR_TYPE	ovarian	Relapsed Ovarian Cancer	trial lists exactly one condition		UNKNOWN					NONE	0	False	NOT_CONTROL_SINGLE_ARM_TRIAL	trial registers 0 arm group(s)		False	The full analysis set consisted of all the patients enrolled into the study and who had at least one administration of T + PLD.	
NCT02829723	Phase I and II: Best Overall Response (BOR) (Sustained) Per RANO	Phase I: BLZ945 1200 mg 4d on/10d Off QD	1	2014_2017	bor	Advanced Solid Tumors	1	1	1	TRIAL_SINGLE	NOT_A_DISEASE_UMBRELLA	solid	Advanced Solid Tumors	trial lists exactly one condition	PHASE1/PHASE2	MIXED	PHASE1/PHASE2	Phase I			NONE	2	False	UNKNOWN	no strong arm match (NONE) and no control language in the group record		False	BLZ945 1200 mg once per day administered for 4 days and suspended for 10 days	
NCT02829723	Phase I and II: Best Overall Response (BOR) (Sustained) Per RANO	Phase I: BLZ945 300 mg 4d on/10d Off QD + PDR001 400 mg Q4W	1	2014_2017	bor	Advanced Solid Tumors	1	1	1	TRIAL_SINGLE	NOT_A_DISEASE_UMBRELLA	solid	Advanced Solid Tumors	trial lists exactly one condition	PHASE1/PHASE2	MIXED	PHASE1/PHASE2	Phase I			NONE	2	False	UNKNOWN	no strong arm match (NONE) and no control language in the group record		False	BLZ945 300 mg once per day administered for 4 days and suspended for 10 days in combination with PDR001 400 mg every 4 weeks	
NCT02829723	Phase I and II: Best Overall Response (BOR) (Sustained) Per RANO	Phase I: BLZ945 450 mg 4d on/10d Off QD + PDR001 400 mg Q4W	2	2014_2017	bor	Advanced Solid Tumors	1	1	1	TRIAL_SINGLE	NOT_A_DISEASE_UMBRELLA	solid	Advanced Solid Tumors	trial lists exactly one condition	PHASE1/PHASE2	MIXED	PHASE1/PHASE2	Phase I			NONE	2	False	UNKNOWN	no strong arm match (NONE) and no control language in the group record		False	BLZ945 450 mg once per day administered for 4 days and suspended for 10 days in combination with PDR001 400 mg every 4 weeks	
NCT02829723	Phase I and II: Best Overall Response (BOR) (Sustained) Per RANO	Phase I: BLZ945 600 mg 4d on/10d Off BID	2	2014_2017	bor	Advanced Solid Tumors	1	1	1	TRIAL_SINGLE	NOT_A_DISEASE_UMBRELLA	solid	Advanced Solid Tumors	trial lists exactly one condition	PHASE1/PHASE2	MIXED	PHASE1/PHASE2	Phase I			NONE	2	False	UNKNOWN	no strong arm match (NONE) and no control language in the group record		False	BLZ945 600 mg twice per day administered for 4 days and suspended for 10 days	
NCT02829723	Phase I and II: Best Overall Response (BOR) (Sustained) Per RANO	Phase I: BLZ945 600 mg 4d on/10d Off QD	1	2014_2017	bor	Advanced Solid Tumors	1	1	1	TRIAL_SINGLE	NOT_A_DISEASE_UMBRELLA	solid	Advanced Solid Tumors	trial lists exactly one condition	PHASE1/PHASE2	MIXED	PHASE1/PHASE2	Phase I			NONE	2	False	UNKNOWN	no strong arm match (NONE) and no control language in the group record		False	BLZ945 600 mg once per day administered for 4 days and suspended for 10 days	
NCT02829723	Phase I and II: Best Overall Response (BOR) (Sustained) Per RANO	Phase I: BLZ945 600 mg Q1W BID	3	2014_2017	bor	Advanced Solid Tumors	1	1	1	TRIAL_SINGLE	NOT_A_DISEASE_UMBRELLA	solid	Advanced Solid Tumors	trial lists exactly one condition	PHASE1/PHASE2	MIXED	PHASE1/PHASE2	Phase I			NONE	2	False	UNKNOWN	no strong arm match (NONE) and no control language in the group record		False	BLZ945 600 mg twice per day once weekly	
NCT02829723	Phase I and II: Best Overall Response (BOR) (Sustained) Per RANO	Phase I: BLZ945 800 mg Q1W BID + PDR001 400 mg Q4W	1	2014_2017	bor	Advanced Solid Tumors	1	1	1	TRIAL_SINGLE	NOT_A_DISEASE_UMBRELLA	solid	Advanced Solid Tumors	trial lists exactly one condition	PHASE1/PHASE2	MIXED	PHASE1/PHASE2	Phase I			NONE	2	False	UNKNOWN	no strong arm match (NONE) and no control language in the group record		False	BLZ945 800 mg twice per day once weekly in combination with PDR001 400 mg every 4 weeks	
NCT02829723	Phase I and II: Best Overall Response (BOR) (Sustained) Per RANO	Phase II: BLZ945 1200 mg 4d on/10d Off QD	10	2014_2017	bor	Advanced Solid Tumors	1	1	1	TRIAL_SINGLE	NOT_A_DISEASE_UMBRELLA	solid	Advanced Solid Tumors	trial lists exactly one condition	PHASE1/PHASE2	MIXED	PHASE1/PHASE2	Phase II			NONE	2	False	UNKNOWN	no strong arm match (NONE) and no control language in the group record		False	BLZ945 1200 mg once per day administered for 4 days and suspended for 10 days	
NCT02829723	Phase I and II: Best Overall Response (BOR) (Sustained) Per RANO	Phase II: BLZ945 700 mg 4d on/10d Off QD + PDR001 400 mg Q4W	6	2014_2017	bor	Advanced Solid Tumors	1	1	1	TRIAL_SINGLE	NOT_A_DISEASE_UMBRELLA	solid	Advanced Solid Tumors	trial lists exactly one condition	PHASE1/PHASE2	MIXED	PHASE1/PHASE2	Phase II			NONE	2	False	UNKNOWN	no strong arm match (NONE) and no control language in the group record		False	BLZ945 700 mg once per day administered for 4 days and suspended for 10 days in combination with PDR001 400 mg every 4 weeks	
NCT02829723	Phase I and II: Best Overall Response (BOR) (Sustained) Per iRANO	Phase I: BLZ945 1200 mg 4d on/10d Off QD	1	2014_2017	bor	Advanced Solid Tumors	1	1	1	TRIAL_SINGLE	NOT_A_DISEASE_UMBRELLA	solid	Advanced Solid Tumors	trial lists exactly one condition	PHASE1/PHASE2	MIXED	PHASE1/PHASE2	Phase I			NONE	2	False	UNKNOWN	no strong arm match (NONE) and no control language in the group record		False	BLZ945 1200 mg once per day administered for 4 days and suspended for 10 days	
NCT02829723	Phase I and II: Best Overall Response (BOR) (Sustained) Per iRANO	Phase I: BLZ945 300 mg 4d on/10d Off QD + PDR001 400 mg Q4W	1	2014_2017	bor	Advanced Solid Tumors	1	1	1	TRIAL_SINGLE	NOT_A_DISEASE_UMBRELLA	solid	Advanced Solid Tumors	trial lists exactly one condition	PHASE1/PHASE2	MIXED	PHASE1/PHASE2	Phase I			NONE	2	False	UNKNOWN	no strong arm match (NONE) and no control language in the group record		False	BLZ945 300 mg once per day administered for 4 days and suspended for 10 days in combination with PDR001 400 mg every 4 weeks	
NCT02829723	Phase I and II: Best Overall Response (BOR) (Sustained) Per iRANO	Phase I: BLZ945 450 mg 4d on/10d Off QD + PDR001 400 mg Q4W	2	2014_2017	bor	Advanced Solid Tumors	1	1	1	TRIAL_SINGLE	NOT_A_DISEASE_UMBRELLA	solid	Advanced Solid Tumors	trial lists exactly one condition	PHASE1/PHASE2	MIXED	PHASE1/PHASE2	Phase I			NONE	2	False	UNKNOWN	no strong arm match (NONE) and no control language in the group record		False	BLZ945 450 mg once per day administered for 4 days and suspended for 10 days in combination with PDR001 400 mg every 4 weeks	
NCT02829723	Phase I and II: Best Overall Response (BOR) (Sustained) Per iRANO	Phase I: BLZ945 600 mg 4d on/10d Off BID	1	2014_2017	bor	Advanced Solid Tumors	1	1	1	TRIAL_SINGLE	NOT_A_DISEASE_UMBRELLA	solid	Advanced Solid Tumors	trial lists exactly one condition	PHASE1/PHASE2	MIXED	PHASE1/PHASE2	Phase I			NONE	2	False	UNKNOWN	no strong arm match (NONE) and no control language in the group record		False	BLZ945 600 mg twice per day administered for 4 days and suspended for 10 days	
NCT02829723	Phase I and II: Best Overall Response (BOR) (Sustained) Per iRANO	Phase I: BLZ945 600 mg Q1W BID	2	2014_2017	bor	Advanced Solid Tumors	1	1	1	TRIAL_SINGLE	NOT_A_DISEASE_UMBRELLA	solid	Advanced Solid Tumors	trial lists exactly one condition	PHASE1/PHASE2	MIXED	PHASE1/PHASE2	Phase I			NONE	2	False	UNKNOWN	no strong arm match (NONE) and no control language in the group record		False	BLZ945 600 mg twice per day once weekly	
NCT02829723	Phase I and II: Best Overall Response (BOR) (Sustained) Per iRANO	Phase II: BLZ945 1200 mg 4d on/10d Off QD	6	2014_2017	bor	Advanced Solid Tumors	1	1	1	TRIAL_SINGLE	NOT_A_DISEASE_UMBRELLA	solid	Advanced Solid Tumors	trial lists exactly one condition	PHASE1/PHASE2	MIXED	PHASE1/PHASE2	Phase II			NONE	2	False	UNKNOWN	no strong arm match (NONE) and no control language in the group record		False	BLZ945 1200 mg once per day administered for 4 days and suspended for 10 days	
NCT02829723	Phase I and II: Best Overall Response (BOR) (Sustained) Per iRANO	Phase II: BLZ945 700 mg 4d on/10d Off QD + PDR001 400 mg Q4W	5	2014_2017	bor	Advanced Solid Tumors	1	1	1	TRIAL_SINGLE	NOT_A_DISEASE_UMBRELLA	solid	Advanced Solid Tumors	trial lists exactly one condition	PHASE1/PHASE2	MIXED	PHASE1/PHASE2	Phase II			NONE	2	False	UNKNOWN	no strong arm match (NONE) and no control language in the group record		False	BLZ945 700 mg once per day administered for 4 days and suspended for 10 days in combination with PDR001 400 mg every 4 weeks	
NCT02829723	Phase I: Best Overall Response (BOR) Per Guidelines for Efficacy Evaluation in Lymphoma Studies	Phase I: BLZ945 700 mg 4d on/10d Off QD + PDR001 400 mg Q4W	2	2014_2017	bor	Advanced Solid Tumors	1	1	1	TRIAL_SINGLE	NOT_A_DISEASE_UMBRELLA	solid	Advanced Solid Tumors	trial lists exactly one condition	PHASE1/PHASE2	MIXED	PHASE1/PHASE2	Phase I			NONE	2	False	UNKNOWN	no strong arm match (NONE) and no control language in the group record		False	BLZ945 700 mg once per day administered for 4 days and suspended for 10 days in combination with PDR001 400 mg every 4 weeks	
NCT02829723	Phase I: Best Overall Response (BOR) With Confirmation Per RECIST v1.1	Phase I: BLZ945 1000 mg Q1W QD	5	2014_2017	bor	Advanced Solid Tumors	1	1	1	TRIAL_SINGLE	NOT_A_DISEASE_UMBRELLA	solid	Advanced Solid Tumors	trial lists exactly one condition	PHASE1/PHASE2	MIXED	PHASE1/PHASE2	Phase I			NONE	2	False	UNKNOWN	no strong arm match (NONE) and no control language in the group record		False	BLZ945 1000 mg once per day once weekly	
NCT02829723	Phase I: Best Overall Response (BOR) With Confirmation Per RECIST v1.1	Phase I: BLZ945 1000 mg Q1W QD + PDR001 400 mg Q4W	4	2014_2017	bor	Advanced Solid Tumors	1	1	1	TRIAL_SINGLE	NOT_A_DISEASE_UMBRELLA	solid	Advanced Solid Tumors	trial lists exactly one condition	PHASE1/PHASE2	MIXED	PHASE1/PHASE2	Phase I			NONE	2	False	UNKNOWN	no strong arm match (NONE) and no control language in the group record		False	BLZ945 1000 mg once per day once weekly in combination with PDR001 400 mg every 4 weeks	
NCT02829723	Phase I: Best Overall Response (BOR) With Confirmation Per RECIST v1.1	Phase I: BLZ945 1200 mg 4d on/10d Off QD	6	2014_2017	bor	Advanced Solid Tumors	1	1	1	TRIAL_SINGLE	NOT_A_DISEASE_UMBRELLA	solid	Advanced Solid Tumors	trial lists exactly one condition	PHASE1/PHASE2	MIXED	PHASE1/PHASE2	Phase I			NONE	2	False	UNKNOWN	no strong arm match (NONE) and no control language in the group record		False	BLZ945 1200 mg once per day administered for 4 days and suspended for 10 days	
NCT02829723	Phase I: Best Overall Response (BOR) With Confirmation Per RECIST v1.1	Phase I: BLZ945 1200 mg 4d on/10d Off QD + PDR001 400 mg Q4W	2	2014_2017	bor	Advanced Solid Tumors	1	1	1	TRIAL_SINGLE	NOT_A_DISEASE_UMBRELLA	solid	Advanced Solid Tumors	trial lists exactly one condition	PHASE1/PHASE2	MIXED	PHASE1/PHASE2	Phase I			NONE	2	False	UNKNOWN	no strong arm match (NONE) and no control language in the group record		False	BLZ945 1200 mg once per day administered for 4 days and suspended for 10 days in combination with PDR001 400 mg every 4 weeks	
NCT02829723	Phase I: Best Overall Response (BOR) With Confirmation Per RECIST v1.1	Phase I: BLZ945 1400 mg Q1W QD + PDR001 400 mg Q4W	5	2014_2017	bor	Advanced Solid Tumors	1	1	1	TRIAL_SINGLE	NOT_A_DISEASE_UMBRELLA	solid	Advanced Solid Tumors	trial lists exactly one condition	PHASE1/PHASE2	MIXED	PHASE1/PHASE2	Phase I			NONE	2	False	UNKNOWN	no strong arm match (NONE) and no control language in the group record		False	BLZ945 1400 mg once per day once weekly in combination with PDR001 400 mg every 4 weeks	
NCT02829723	Phase I: Best Overall Response (BOR) With Confirmation Per RECIST v1.1	Phase I: BLZ945 150 mg 7d on/7d Off QD	4	2014_2017	bor	Advanced Solid Tumors	1	1	1	TRIAL_SINGLE	NOT_A_DISEASE_UMBRELLA	solid	Advanced Solid Tumors	trial lists exactly one condition	PHASE1/PHASE2	MIXED	PHASE1/PHASE2	Phase I			NONE	2	False	UNKNOWN	no strong arm match (NONE) and no control language in the group record		False	BLZ945 150 mg once per day administered for 7 days and suspended for 7 days	
NCT02829723	Phase I: Best Overall Response (BOR) With Confirmation Per RECIST v1.1	Phase I: BLZ945 150 mg Q1W QD + PDR001 400 mg Q4W	4	2014_2017	bor	Advanced Solid Tumors	1	1	1	TRIAL_SINGLE	NOT_A_DISEASE_UMBRELLA	solid	Advanced Solid Tumors	trial lists exactly one condition	PHASE1/PHASE2	MIXED	PHASE1/PHASE2	Phase I			NONE	2	False	UNKNOWN	no strong arm match (NONE) and no control language in the group record		False	BLZ945 150 mg once per day once weekly in combination with PDR001 400 mg every 4 weeks	
NCT02829723	Phase I: Best Overall Response (BOR) With Confirmation Per RECIST v1.1	Phase I: BLZ945 1600 mg Q1W QD	3	2014_2017	bor	Advanced Solid Tumors	1	1	1	TRIAL_SINGLE	NOT_A_DISEASE_UMBRELLA	solid	Advanced Solid Tumors	trial lists exactly one condition	PHASE1/PHASE2	MIXED	PHASE1/PHASE2	Phase I			NONE	2	False	UNKNOWN	no strong arm match (NONE) and no control language in the group record		False	BLZ945 1600 mg once per day once weekly	
NCT02829723	Phase I: Best Overall Response (BOR) With Confirmation Per RECIST v1.1	Phase I: BLZ945 300 mg 4d on/10d Off QD	8	2014_2017	bor	Advanced Solid Tumors	1	1	1	TRIAL_SINGLE	NOT_A_DISEASE_UMBRELLA	solid	Advanced Solid Tumors	trial lists exactly one condition	PHASE1/PHASE2	MIXED	PHASE1/PHASE2	Phase I			NONE	2	False	UNKNOWN	no strong arm match (NONE) and no control language in the group record		False	BLZ945 300 mg once per day administered for 4 days and suspended for 10 days	
NCT02829723	Phase I: Best Overall Response (BOR) With Confirmation Per RECIST v1.1	Phase I: BLZ945 300 mg 4d on/10d Off QD + PDR001 400 mg Q4W	3	2014_2017	bor	Advanced Solid Tumors	1	1	1	TRIAL_SINGLE	NOT_A_DISEASE_UMBRELLA	solid	Advanced Solid Tumors	trial lists exactly one condition	PHASE1/PHASE2	MIXED	PHASE1/PHASE2	Phase I			NONE	2	False	UNKNOWN	no strong arm match (NONE) and no control language in the group record		False	BLZ945 300 mg once per day administered for 4 days and suspended for 10 days in combination with PDR001 400 mg every 4 weeks	
NCT02829723	Phase I: Best Overall Response (BOR) With Confirmation Per RECIST v1.1	Phase I: BLZ945 300 mg 7d on/7d Off QD	7	2014_2017	bor	Advanced Solid Tumors	1	1	1	TRIAL_SINGLE	NOT_A_DISEASE_UMBRELLA	solid	Advanced Solid Tumors	trial lists exactly one condition	PHASE1/PHASE2	MIXED	PHASE1/PHASE2	Phase I			NONE	2	False	UNKNOWN	no strong arm match (NONE) and no control language in the group record		False	BLZ945 300 mg once per day administered for 7 days and suspended for 7 days	
NCT02829723	Phase I: Best Overall Response (BOR) With Confirmation Per RECIST v1.1	Phase I: BLZ945 300 mg Q1W QD	5	2014_2017	bor	Advanced Solid Tumors	1	1	1	TRIAL_SINGLE	NOT_A_DISEASE_UMBRELLA	solid	Advanced Solid Tumors	trial lists exactly one condition	PHASE1/PHASE2	MIXED	PHASE1/PHASE2	Phase I			NONE	2	False	UNKNOWN	no strong arm match (NONE) and no control language in the group record		False	BLZ945 300 mg once per day once weekly	
NCT02829723	Phase I: Best Overall Response (BOR) With Confirmation Per RECIST v1.1	Phase I: BLZ945 300 mg Q1W QD + PDR001 400 mg Q4W	5	2014_2017	bor	Advanced Solid Tumors	1	1	1	TRIAL_SINGLE	NOT_A_DISEASE_UMBRELLA	solid	Advanced Solid Tumors	trial lists exactly one condition	PHASE1/PHASE2	MIXED	PHASE1/PHASE2	Phase I			NONE	2	False	UNKNOWN	no strong arm match (NONE) and no control language in the group record		False	BLZ945 300 mg once per day once weekly in combination with PDR001 400 mg every 4 weeks	
NCT02829723	Phase I: Best Overall Response (BOR) With Confirmation Per RECIST v1.1	Phase I: BLZ945 450 mg 4d on/10d Off QD + PDR001 400 mg Q4W	5	2014_2017	bor	Advanced Solid Tumors	1	1	1	TRIAL_SINGLE	NOT_A_DISEASE_UMBRELLA	solid	Advanced Solid Tumors	trial lists exactly one condition	PHASE1/PHASE2	MIXED	PHASE1/PHASE2	Phase I			NONE	2	False	UNKNOWN	no strong arm match (NONE) and no control language in the group record		False	BLZ945 450 mg once per day administered for 4 days and suspended for 10 days in combination with PDR001 400 mg every 4 weeks	
NCT02829723	Phase I: Best Overall Response (BOR) With Confirmation Per RECIST v1.1	Phase I: BLZ945 450 mg Q1W QD	4	2014_2017	bor	Advanced Solid Tumors	1	1	1	TRIAL_SINGLE	NOT_A_DISEASE_UMBRELLA	solid	Advanced Solid Tumors	trial lists exactly one condition	PHASE1/PHASE2	MIXED	PHASE1/PHASE2	Phase I			NONE	2	False	UNKNOWN	no strong arm match (NONE) and no control language in the group record		False	BLZ945 450 mg once per day once weekly	
NCT02829723	Phase I: Best Overall Response (BOR) With Confirmation Per RECIST v1.1	Phase I: BLZ945 600 mg 4d on/10d Off BID	3	2014_2017	bor	Advanced Solid Tumors	1	1	1	TRIAL_SINGLE	NOT_A_DISEASE_UMBRELLA	solid	Advanced Solid Tumors	trial lists exactly one condition	PHASE1/PHASE2	MIXED	PHASE1/PHASE2	Phase I			NONE	2	False	UNKNOWN	no strong arm match (NONE) and no control language in the group record		False	BLZ945 600 mg twice per day administered for 4 days and suspended for 10 days	
NCT02829723	Phase I: Best Overall Response (BOR) With Confirmation Per RECIST v1.1	Phase I: BLZ945 600 mg 4d on/10d Off QD	7	2014_2017	bor	Advanced Solid Tumors	1	1	1	TRIAL_SINGLE	NOT_A_DISEASE_UMBRELLA	solid	Advanced Solid Tumors	trial lists exactly one condition	PHASE1/PHASE2	MIXED	PHASE1/PHASE2	Phase I			NONE	2	False	UNKNOWN	no strong arm match (NONE) and no control language in the group record		False	BLZ945 600 mg once per day administered for 4 days and suspended for 10 days	
NCT02829723	Phase I: Best Overall Response (BOR) With Confirmation Per RECIST v1.1	Phase I: BLZ945 600 mg Q1W BID	1	2014_2017	bor	Advanced Solid Tumors	1	1	1	TRIAL_SINGLE	NOT_A_DISEASE_UMBRELLA	solid	Advanced Solid Tumors	trial lists exactly one condition	PHASE1/PHASE2	MIXED	PHASE1/PHASE2	Phase I			NONE	2	False	UNKNOWN	no strong arm match (NONE) and no control language in the group record		False	BLZ945 600 mg twice per day once weekly	
NCT02829723	Phase I: Best Overall Response (BOR) With Confirmation Per RECIST v1.1	Phase I: BLZ945 600 mg Q1W BID + PDR001 400 mg Q4W	5	2014_2017	bor	Advanced Solid Tumors	1	1	1	TRIAL_SINGLE	NOT_A_DISEASE_UMBRELLA	solid	Advanced Solid Tumors	trial lists exactly one condition	PHASE1/PHASE2	MIXED	PHASE1/PHASE2	Phase I			NONE	2	False	UNKNOWN	no strong arm match (NONE) and no control language in the group record		False	BLZ945 600 mg twice per day once weekly in combination with PDR001 400 mg every 4 weeks	
NCT02829723	Phase I: Best Overall Response (BOR) With Confirmation Per RECIST v1.1	Phase I: BLZ945 600 mg Q1W QD	3	2014_2017	bor	Advanced Solid Tumors	1	1	1	TRIAL_SINGLE	NOT_A_DISEASE_UMBRELLA	solid	Advanced Solid Tumors	trial lists exactly one condition	PHASE1/PHASE2	MIXED	PHASE1/PHASE2	Phase I			NONE	2	False	UNKNOWN	no strong arm match (NONE) and no control language in the group record		False	BLZ945 600 mg once per day once weekly	
NCT02829723	Phase I: Best Overall Response (BOR) With Confirmation Per RECIST v1.1	Phase I: BLZ945 600 mg Q1W QD + PDR001 400 mg Q4W	7	2014_2017	bor	Advanced Solid Tumors	1	1	1	TRIAL_SINGLE	NOT_A_DISEASE_UMBRELLA	solid	Advanced Solid Tumors	trial lists exactly one condition	PHASE1/PHASE2	MIXED	PHASE1/PHASE2	Phase I			NONE	2	False	UNKNOWN	no strong arm match (NONE) and no control language in the group record		False	BLZ945 600 mg once per day once weekly in combination with PDR001 400 mg every 4 weeks	
NCT02829723	Phase I: Best Overall Response (BOR) With Confirmation Per RECIST v1.1	Phase I: BLZ945 700 mg 4d on/10d Off QD + PDR001 400 mg Q4W	4	2014_2017	bor	Advanced Solid Tumors	1	1	1	TRIAL_SINGLE	NOT_A_DISEASE_UMBRELLA	solid	Advanced Solid Tumors	trial lists exactly one condition	PHASE1/PHASE2	MIXED	PHASE1/PHASE2	Phase I			NONE	2	False	UNKNOWN	no strong arm match (NONE) and no control language in the group record		False	BLZ945 700 mg once per day administered for 4 days and suspended for 10 days in combination with PDR001 400 mg every 4 weeks	
NCT02829723	Phase I: Best Overall Response (BOR) With Confirmation Per RECIST v1.1	Phase I: BLZ945 800 mg 4d on/10d Off QD	5	2014_2017	bor	Advanced Solid Tumors	1	1	1	TRIAL_SINGLE	NOT_A_DISEASE_UMBRELLA	solid	Advanced Solid Tumors	trial lists exactly one condition	PHASE1/PHASE2	MIXED	PHASE1/PHASE2	Phase I			NONE	2	False	UNKNOWN	no strong arm match (NONE) and no control language in the group record		False	BLZ945 800 mg once per day administered for 4 days and suspended for 10 days	
NCT02829723	Phase I: Best Overall Response (BOR) With Confirmation Per RECIST v1.1	Phase I: BLZ945 800 mg Q1W BID + PDR001 400 mg Q4W	3	2014_2017	bor	Advanced Solid Tumors	1	1	1	TRIAL_SINGLE	NOT_A_DISEASE_UMBRELLA	solid	Advanced Solid Tumors	trial lists exactly one condition	PHASE1/PHASE2	MIXED	PHASE1/PHASE2	Phase I			NONE	2	False	UNKNOWN	no strong arm match (NONE) and no control language in the group record		False	BLZ945 800 mg twice per day once weekly in combination with PDR001 400 mg every 4 weeks	
NCT02829723	Phase I: Best Overall Response (BOR) With Confirmation Per irRC	Phase I: BLZ945 1000 mg Q1W QD	5	2014_2017	bor	Advanced Solid Tumors	1	1	1	TRIAL_SINGLE	NOT_A_DISEASE_UMBRELLA	solid	Advanced Solid Tumors	trial lists exactly one condition	PHASE1/PHASE2	MIXED	PHASE1/PHASE2	Phase I			NONE	2	False	UNKNOWN	no strong arm match (NONE) and no control language in the group record		False	BLZ945 1000 mg once per day once weekly	
NCT02829723	Phase I: Best Overall Response (BOR) With Confirmation Per irRC	Phase I: BLZ945 1000 mg Q1W QD + PDR001 400 mg Q4W	4	2014_2017	bor	Advanced Solid Tumors	1	1	1	TRIAL_SINGLE	NOT_A_DISEASE_UMBRELLA	solid	Advanced Solid Tumors	trial lists exactly one condition	PHASE1/PHASE2	MIXED	PHASE1/PHASE2	Phase I			NONE	2	False	UNKNOWN	no strong arm match (NONE) and no control language in the group record		False	BLZ945 1000 mg once per day once weekly in combination with PDR001 400 mg every 4 weeks	
NCT02829723	Phase I: Best Overall Response (BOR) With Confirmation Per irRC	Phase I: BLZ945 1200 mg 4d on/10d Off QD	6	2014_2017	bor	Advanced Solid Tumors	1	1	1	TRIAL_SINGLE	NOT_A_DISEASE_UMBRELLA	solid	Advanced Solid Tumors	trial lists exactly one condition	PHASE1/PHASE2	MIXED	PHASE1/PHASE2	Phase I			NONE	2	False	UNKNOWN	no strong arm match (NONE) and no control language in the group record		False	BLZ945 1200 mg once per day administered for 4 days and suspended for 10 days	
NCT02829723	Phase I: Best Overall Response (BOR) With Confirmation Per irRC	Phase I: BLZ945 1200 mg 4d on/10d Off QD + PDR001 400 mg Q4W	2	2014_2017	bor	Advanced Solid Tumors	1	1	1	TRIAL_SINGLE	NOT_A_DISEASE_UMBRELLA	solid	Advanced Solid Tumors	trial lists exactly one condition	PHASE1/PHASE2	MIXED	PHASE1/PHASE2	Phase I			NONE	2	False	UNKNOWN	no strong arm match (NONE) and no control language in the group record		False	BLZ945 1200 mg once per day administered for 4 days and suspended for 10 days in combination with PDR001 400 mg every 4 weeks	
NCT02829723	Phase I: Best Overall Response (BOR) With Confirmation Per irRC	Phase I: BLZ945 1400 mg Q1W QD + PDR001 400 mg Q4W	5	2014_2017	bor	Advanced Solid Tumors	1	1	1	TRIAL_SINGLE	NOT_A_DISEASE_UMBRELLA	solid	Advanced Solid Tumors	trial lists exactly one condition	PHASE1/PHASE2	MIXED	PHASE1/PHASE2	Phase I			NONE	2	False	UNKNOWN	no strong arm match (NONE) and no control language in the group record		False	BLZ945 1400 mg once per day once weekly in combination with PDR001 400 mg every 4 weeks	
NCT02829723	Phase I: Best Overall Response (BOR) With Confirmation Per irRC	Phase I: BLZ945 150 mg 7d on/7d Off QD	4	2014_2017	bor	Advanced Solid Tumors	1	1	1	TRIAL_SINGLE	NOT_A_DISEASE_UMBRELLA	solid	Advanced Solid Tumors	trial lists exactly one condition	PHASE1/PHASE2	MIXED	PHASE1/PHASE2	Phase I			NONE	2	False	UNKNOWN	no strong arm match (NONE) and no control language in the group record		False	BLZ945 150 mg once per day administered for 7 days and suspended for 7 days	
NCT02829723	Phase I: Best Overall Response (BOR) With Confirmation Per irRC	Phase I: BLZ945 150 mg Q1W QD + PDR001 400 mg Q4W	4	2014_2017	bor	Advanced Solid Tumors	1	1	1	TRIAL_SINGLE	NOT_A_DISEASE_UMBRELLA	solid	Advanced Solid Tumors	trial lists exactly one condition	PHASE1/PHASE2	MIXED	PHASE1/PHASE2	Phase I			NONE	2	False	UNKNOWN	no strong arm match (NONE) and no control language in the group record		False	BLZ945 150 mg once per day once weekly in combination with PDR001 400 mg every 4 weeks	
NCT02829723	Phase I: Best Overall Response (BOR) With Confirmation Per irRC	Phase I: BLZ945 1600 mg Q1W QD	3	2014_2017	bor	Advanced Solid Tumors	1	1	1	TRIAL_SINGLE	NOT_A_DISEASE_UMBRELLA	solid	Advanced Solid Tumors	trial lists exactly one condition	PHASE1/PHASE2	MIXED	PHASE1/PHASE2	Phase I			NONE	2	False	UNKNOWN	no strong arm match (NONE) and no control language in the group record		False	BLZ945 1600 mg once per day once weekly	
NCT02829723	Phase I: Best Overall Response (BOR) With Confirmation Per irRC	Phase I: BLZ945 300 mg 4d on/10d Off QD	8	2014_2017	bor	Advanced Solid Tumors	1	1	1	TRIAL_SINGLE	NOT_A_DISEASE_UMBRELLA	solid	Advanced Solid Tumors	trial lists exactly one condition	PHASE1/PHASE2	MIXED	PHASE1/PHASE2	Phase I			NONE	2	False	UNKNOWN	no strong arm match (NONE) and no control language in the group record		False	BLZ945 300 mg once per day administered for 4 days and suspended for 10 days	
NCT02829723	Phase I: Best Overall Response (BOR) With Confirmation Per irRC	Phase I: BLZ945 300 mg 4d on/10d Off QD + PDR001 400 mg Q4W	3	2014_2017	bor	Advanced Solid Tumors	1	1	1	TRIAL_SINGLE	NOT_A_DISEASE_UMBRELLA	solid	Advanced Solid Tumors	trial lists exactly one condition	PHASE1/PHASE2	MIXED	PHASE1/PHASE2	Phase I			NONE	2	False	UNKNOWN	no strong arm match (NONE) and no control language in the group record		False	BLZ945 300 mg once per day administered for 4 days and suspended for 10 days in combination with PDR001 400 mg every 4 weeks	
NCT02829723	Phase I: Best Overall Response (BOR) With Confirmation Per irRC	Phase I: BLZ945 300 mg 7d on/7d Off QD	7	2014_2017	bor	Advanced Solid Tumors	1	1	1	TRIAL_SINGLE	NOT_A_DISEASE_UMBRELLA	solid	Advanced Solid Tumors	trial lists exactly one condition	PHASE1/PHASE2	MIXED	PHASE1/PHASE2	Phase I			NONE	2	False	UNKNOWN	no strong arm match (NONE) and no control language in the group record		False	BLZ945 300 mg once per day administered for 7 days and suspended for 7 days	
NCT02829723	Phase I: Best Overall Response (BOR) With Confirmation Per irRC	Phase I: BLZ945 300 mg Q1W QD	5	2014_2017	bor	Advanced Solid Tumors	1	1	1	TRIAL_SINGLE	NOT_A_DISEASE_UMBRELLA	solid	Advanced Solid Tumors	trial lists exactly one condition	PHASE1/PHASE2	MIXED	PHASE1/PHASE2	Phase I			NONE	2	False	UNKNOWN	no strong arm match (NONE) and no control language in the group record		False	BLZ945 300 mg once per day once weekly	
NCT02829723	Phase I: Best Overall Response (BOR) With Confirmation Per irRC	Phase I: BLZ945 300 mg Q1W QD + PDR001 400 mg Q4W	5	2014_2017	bor	Advanced Solid Tumors	1	1	1	TRIAL_SINGLE	NOT_A_DISEASE_UMBRELLA	solid	Advanced Solid Tumors	trial lists exactly one condition	PHASE1/PHASE2	MIXED	PHASE1/PHASE2	Phase I			NONE	2	False	UNKNOWN	no strong arm match (NONE) and no control language in the group record		False	BLZ945 300 mg once per day once weekly in combination with PDR001 400 mg every 4 weeks	
NCT02829723	Phase I: Best Overall Response (BOR) With Confirmation Per irRC	Phase I: BLZ945 450 mg 4d on/10d Off QD + PDR001 400 mg Q4W	5	2014_2017	bor	Advanced Solid Tumors	1	1	1	TRIAL_SINGLE	NOT_A_DISEASE_UMBRELLA	solid	Advanced Solid Tumors	trial lists exactly one condition	PHASE1/PHASE2	MIXED	PHASE1/PHASE2	Phase I			NONE	2	False	UNKNOWN	no strong arm match (NONE) and no control language in the group record		False	BLZ945 450 mg once per day administered for 4 days and suspended for 10 days in combination with PDR001 400 mg every 4 weeks	
NCT02829723	Phase I: Best Overall Response (BOR) With Confirmation Per irRC	Phase I: BLZ945 450 mg Q1W QD	4	2014_2017	bor	Advanced Solid Tumors	1	1	1	TRIAL_SINGLE	NOT_A_DISEASE_UMBRELLA	solid	Advanced Solid Tumors	trial lists exactly one condition	PHASE1/PHASE2	MIXED	PHASE1/PHASE2	Phase I			NONE	2	False	UNKNOWN	no strong arm match (NONE) and no control language in the group record		False	BLZ945 450 mg once per day once weekly	
NCT02829723	Phase I: Best Overall Response (BOR) With Confirmation Per irRC	Phase I: BLZ945 600 mg 4d on/10d Off BID	3	2014_2017	bor	Advanced Solid Tumors	1	1	1	TRIAL_SINGLE	NOT_A_DISEASE_UMBRELLA	solid	Advanced Solid Tumors	trial lists exactly one condition	PHASE1/PHASE2	MIXED	PHASE1/PHASE2	Phase I			NONE	2	False	UNKNOWN	no strong arm match (NONE) and no control language in the group record		False	BLZ945 600 mg twice per day administered for 4 days and suspended for 10 days	
NCT02829723	Phase I: Best Overall Response (BOR) With Confirmation Per irRC	Phase I: BLZ945 600 mg 4d on/10d Off QD	7	2014_2017	bor	Advanced Solid Tumors	1	1	1	TRIAL_SINGLE	NOT_A_DISEASE_UMBRELLA	solid	Advanced Solid Tumors	trial lists exactly one condition	PHASE1/PHASE2	MIXED	PHASE1/PHASE2	Phase I			NONE	2	False	UNKNOWN	no strong arm match (NONE) and no control language in the group record		False	BLZ945 600 mg once per day administered for 4 days and suspended for 10 days	
NCT02829723	Phase I: Best Overall Response (BOR) With Confirmation Per irRC	Phase I: BLZ945 600 mg Q1W BID	1	2014_2017	bor	Advanced Solid Tumors	1	1	1	TRIAL_SINGLE	NOT_A_DISEASE_UMBRELLA	solid	Advanced Solid Tumors	trial lists exactly one condition	PHASE1/PHASE2	MIXED	PHASE1/PHASE2	Phase I			NONE	2	False	UNKNOWN	no strong arm match (NONE) and no control language in the group record		False	BLZ945 600 mg twice per day once weekly	
NCT02829723	Phase I: Best Overall Response (BOR) With Confirmation Per irRC	Phase I: BLZ945 600 mg Q1W BID + PDR001 400 mg Q4W	5	2014_2017	bor	Advanced Solid Tumors	1	1	1	TRIAL_SINGLE	NOT_A_DISEASE_UMBRELLA	solid	Advanced Solid Tumors	trial lists exactly one condition	PHASE1/PHASE2	MIXED	PHASE1/PHASE2	Phase I			NONE	2	False	UNKNOWN	no strong arm match (NONE) and no control language in the group record		False	BLZ945 600 mg twice per day once weekly in combination with PDR001 400 mg every 4 weeks	
NCT02829723	Phase I: Best Overall Response (BOR) With Confirmation Per irRC	Phase I: BLZ945 600 mg Q1W QD	3	2014_2017	bor	Advanced Solid Tumors	1	1	1	TRIAL_SINGLE	NOT_A_DISEASE_UMBRELLA	solid	Advanced Solid Tumors	trial lists exactly one condition	PHASE1/PHASE2	MIXED	PHASE1/PHASE2	Phase I			NONE	2	False	UNKNOWN	no strong arm match (NONE) and no control language in the group record		False	BLZ945 600 mg once per day once weekly	
NCT02829723	Phase I: Best Overall Response (BOR) With Confirmation Per irRC	Phase I: BLZ945 600 mg Q1W QD + PDR001 400 mg Q4W	7	2014_2017	bor	Advanced Solid Tumors	1	1	1	TRIAL_SINGLE	NOT_A_DISEASE_UMBRELLA	solid	Advanced Solid Tumors	trial lists exactly one condition	PHASE1/PHASE2	MIXED	PHASE1/PHASE2	Phase I			NONE	2	False	UNKNOWN	no strong arm match (NONE) and no control language in the group record		False	BLZ945 600 mg once per day once weekly in combination with PDR001 400 mg every 4 weeks	
NCT02829723	Phase I: Best Overall Response (BOR) With Confirmation Per irRC	Phase I: BLZ945 700 mg 4d on/10d Off QD + PDR001 400 mg Q4W	4	2014_2017	bor	Advanced Solid Tumors	1	1	1	TRIAL_SINGLE	NOT_A_DISEASE_UMBRELLA	solid	Advanced Solid Tumors	trial lists exactly one condition	PHASE1/PHASE2	MIXED	PHASE1/PHASE2	Phase I			NONE	2	False	UNKNOWN	no strong arm match (NONE) and no control language in the group record		False	BLZ945 700 mg once per day administered for 4 days and suspended for 10 days in combination with PDR001 400 mg every 4 weeks	
NCT02829723	Phase I: Best Overall Response (BOR) With Confirmation Per irRC	Phase I: BLZ945 800 mg 4d on/10d Off QD	5	2014_2017	bor	Advanced Solid Tumors	1	1	1	TRIAL_SINGLE	NOT_A_DISEASE_UMBRELLA	solid	Advanced Solid Tumors	trial lists exactly one condition	PHASE1/PHASE2	MIXED	PHASE1/PHASE2	Phase I			NONE	2	False	UNKNOWN	no strong arm match (NONE) and no control language in the group record		False	BLZ945 800 mg once per day administered for 4 days and suspended for 10 days	
NCT02829723	Phase I: Best Overall Response (BOR) With Confirmation Per irRC	Phase I: BLZ945 800 mg Q1W BID + PDR001 400 mg Q4W	3	2014_2017	bor	Advanced Solid Tumors	1	1	1	TRIAL_SINGLE	NOT_A_DISEASE_UMBRELLA	solid	Advanced Solid Tumors	trial lists exactly one condition	PHASE1/PHASE2	MIXED	PHASE1/PHASE2	Phase I			NONE	2	False	UNKNOWN	no strong arm match (NONE) and no control language in the group record		False	BLZ945 800 mg twice per day once weekly in combination with PDR001 400 mg every 4 weeks	
NCT02879162	Objective Response Rate Measured by RECIST Version 1.1	Durvalumab + Tremelimumab	128	2014_2017	bor	Advanced Rare Tumours	1	1	1	TRIAL_SINGLE	NAMES_A_TUMOUR_TYPE	rare	Advanced Rare Tumours	trial lists exactly one condition	PHASE2	TRIAL_SINGLE	PHASE2		Durvalumab + Tremelimumab	EXPERIMENTAL	EXACT	1	False	NOT_CONTROL	registry arm 'Durvalumab + Tremelimumab' type=EXPERIMENTAL (EXACT match)		False	Durvalumab 1500 mg IV 60 min Day 1 every 4 weeks Tremelimumab 75 mg IV 60 min Day 1, cycles 1-4  Durvalumab  Tremelimumab	Durvalumab 1500 mg IV 60 min Day 1 every 4 weeks Tremelimumab 75 mg IV 60 min Day 1, cycles 1-4
NCT02895360	Anti-tumor Activity of BAL101553 by Best Response Rate Per RECIST / RANO Criteria	Phase 1- in the FAP	19	2014_2017	bor	Neoplasms	1	1	1	TRIAL_SINGLE	NOT_A_DISEASE_UMBRELLA	neoplasms	Neoplasms	trial lists exactly one condition	PHASE1/PHASE2	MIXED	PHASE1/PHASE2	Phase 1	Phase 1	EXPERIMENTAL	CONTAINMENT	2	False	UNKNOWN_WEAK_MATCH_ONLY	only a substring match to registry arm 'Phase 1' (type=EXPERIMENTAL); not group-supported		False	All dose cohorts (30 mg/m², 45 mg/m², 70 mg/m² and 90 mg/m²) of BAL101553 in patients with advanced solid tumors  BAL101553 48-hour infusion on day 1, 8, and 15 of each 28-day cycle; oral capsule daily for one week during Cycle 2	Fixed 3+3 dose escalation of BAL101553 in patients with advanced solid tumors
NCT02895360	Anti-tumor Activity of BAL101553 by Best Response Rate Per RECIST / RANO Criteria	Phase 2a - Patients With Ovarian Cancer in the EEP	8	2014_2017	bor	Neoplasms	1	1	1	TRIAL_SINGLE	NOT_A_DISEASE_UMBRELLA	neoplasms	Neoplasms	trial lists exactly one condition	PHASE1/PHASE2	MIXED	PHASE1/PHASE2	Phase 1	Phase 2a	EXPERIMENTAL	CONTAINMENT	2	False	UNKNOWN_WEAK_MATCH_ONLY	only a substring match to registry arm 'Phase 2a' (type=EXPERIMENTAL); not group-supported		False	BAL101553 at 70 mg/m² (MTD)  BAL101553 48-hour infusion on day 1, 8, and 15 of each 28-day cycle	BAL101553 at MTD in patients with platinum-resistant/refractory ovarian cancer or recurrent glioblastoma
NCT02895360	Anti-tumor Activity of BAL101553 by Best Response Rate Per RECIST / RANO Criteria	Phase 2a - Patients With Ovarian Cancer in the FAP	11	2014_2017	bor	Neoplasms	1	1	1	TRIAL_SINGLE	NOT_A_DISEASE_UMBRELLA	neoplasms	Neoplasms	trial lists exactly one condition	PHASE1/PHASE2	MIXED	PHASE1/PHASE2	Phase 1	Phase 2a	EXPERIMENTAL	CONTAINMENT	2	False	UNKNOWN_WEAK_MATCH_ONLY	only a substring match to registry arm 'Phase 2a' (type=EXPERIMENTAL); not group-supported		False	BAL101553 at 70 mg/m² (MTD)  BAL101553 48-hour infusion on day 1, 8, and 15 of each 28-day cycle	BAL101553 at MTD in patients with platinum-resistant/refractory ovarian cancer or recurrent glioblastoma
NCT02895360	Anti-tumor Activity of BAL101553 by Best Response Rate Per RECIST / RANO Criteria	Phase 2a - Patients With Recurrent Glioblastoma in the EEP	8	2014_2017	bor	Neoplasms	1	1	1	TRIAL_SINGLE	NOT_A_DISEASE_UMBRELLA	neoplasms	Neoplasms	trial lists exactly one condition	PHASE1/PHASE2	MIXED	PHASE1/PHASE2	Phase 1	Phase 2a	EXPERIMENTAL	CONTAINMENT	2	False	UNKNOWN_WEAK_MATCH_ONLY	only a substring match to registry arm 'Phase 2a' (type=EXPERIMENTAL); not group-supported		False	BAL101553 at 70 mg/m² (MTD)  BAL101553 48-hour infusion on day 1, 8, and 15 of each 28-day cycle	BAL101553 at MTD in patients with platinum-resistant/refractory ovarian cancer or recurrent glioblastoma
NCT02895360	Anti-tumor Activity of BAL101553 by Best Response Rate Per RECIST / RANO Criteria	Phase 2a - Patients With Recurrent Glioblastoma in the FAP	12	2014_2017	bor	Neoplasms	1	1	1	TRIAL_SINGLE	NOT_A_DISEASE_UMBRELLA	neoplasms	Neoplasms	trial lists exactly one condition	PHASE1/PHASE2	MIXED	PHASE1/PHASE2	Phase 1	Phase 2a	EXPERIMENTAL	CONTAINMENT	2	False	UNKNOWN_WEAK_MATCH_ONLY	only a substring match to registry arm 'Phase 2a' (type=EXPERIMENTAL); not group-supported		False	BAL101553 at 70 mg/m² (MTD)  BAL101553 48-hour infusion on day 1, 8, and 15 of each 28-day cycle	BAL101553 at MTD in patients with platinum-resistant/refractory ovarian cancer or recurrent glioblastoma
NCT02994953	Part A: Number of Participants With Confirmed Best Overall Response (BOR) According to Response Evaluation Criteria in Solid Tumors Version 1.1	Part A Cohort 1: M9241 4 mcg/kg + Avelumab 10 mg/kg	8	2014_2017	bor	Advanced Solid Tumors	1	1	1	TRIAL_SINGLE	NOT_A_DISEASE_UMBRELLA	solid	Advanced Solid Tumors	trial lists exactly one condition	PHASE1	TRIAL_SINGLE	PHASE1	Part A	Part A Cohort 1: M9241 4 mcg/kg + Avelumab 10 mg/kg	EXPERIMENTAL	EXACT	6	False	NOT_CONTROL	registry arm 'Part A Cohort 1: M9241 4 mcg/kg + Avelumab 10 mg/kg' type=EXPERIMENTAL (EXACT match)		False	Participants received subcutaneous (SC) injection of M9241 at a dose of 4 micrograms per kilogram (mcg/kg) once every 4 week on Day 1 in combination with IV infusion of Avelumab 10 milligrams per kg (mg/kg) once every 2 weeks on Day 1 and 15 of each cycle (each cycle is of 28 days) until any criterion for treatment discontinuation were met	Participants received M9241 at a dose of 4 micrograms per kilogram (mcg/kg) a subcutaneous (SC) injection at time (up to -20 minutes) relative to the start of Avelumab infusion (time 0), once every 4 weeks, on Day 1 in combination with Avelumab 10 milligrams per kilogram (mg/kg) intravenous (IV) infusion every 2 weeks on Day 1 and 15 during each cycle (Each cycle=28 days) until any criterion for t
NCT02994953	Part A: Number of Participants With Confirmed Best Overall Response (BOR) According to Response Evaluation Criteria in Solid Tumors Version 1.1	Part A Cohort 2: M9241 8 mcg/kg + Avelumab 10 mg/kg	6	2014_2017	bor	Advanced Solid Tumors	1	1	1	TRIAL_SINGLE	NOT_A_DISEASE_UMBRELLA	solid	Advanced Solid Tumors	trial lists exactly one condition	PHASE1	TRIAL_SINGLE	PHASE1	Part A	Part A Cohort 2: M9241 8 mcg/kg + Avelumab 10 mg/kg	EXPERIMENTAL	EXACT	6	False	NOT_CONTROL	registry arm 'Part A Cohort 2: M9241 8 mcg/kg + Avelumab 10 mg/kg' type=EXPERIMENTAL (EXACT match)		False	Participants received SC injection of M9241 at a dose of 8 mcg/kg once every 4 week on Day 1 in combination with IV infusion of Avelumab 10 mg/kg once every 2 weeks on Day 1 and 15 of each cycle (each cycle is of 28 days) until any criterion for treatment discontinuation were met	Participants received M9241 at a dose of 8 mcg/kg SC injection at time (up to -20 minutes) relative to the start of avelumab infusion (time 0), once every 4 weeks, on Day 1 in combination with Avelumab 10 mg/kg IV infusion every 2 weeks on Day 1 and 15 of each cycle (Each cycle=28 days) until any criterion for treatment discontinuation were met.
NCT02994953	Part A: Number of Participants With Confirmed Best Overall Response (BOR) According to Response Evaluation Criteria in Solid Tumors Version 1.1	Part A Cohort 3: M9241 12 mcg/kg + Avelumab 10 mg/kg	6	2014_2017	bor	Advanced Solid Tumors	1	1	1	TRIAL_SINGLE	NOT_A_DISEASE_UMBRELLA	solid	Advanced Solid Tumors	trial lists exactly one condition	PHASE1	TRIAL_SINGLE	PHASE1	Part A	Part A Cohort 3: M9241 12 mcg/kg + Avelumab 10 mg/kg	EXPERIMENTAL	EXACT	6	False	NOT_CONTROL	registry arm 'Part A Cohort 3: M9241 12 mcg/kg + Avelumab 10 mg/kg' type=EXPERIMENTAL (EXACT match)		False	Participants received SC injection of M9241 at a dose of 12 mcg/kg once every 4 week on Day 1 in combination with IV infusion of Avelumab 10 mg/kg once every 2 weeks on Day 1 and 15 of each cycle (each cycle is of 28 days) until any criterion for treatment discontinuation were met	Participants received M9241 at a dose of 12 mcg/kg SC injection at time (up to -20 minutes) relative to the start of avelumab infusion (time 0), once every 4 weeks, on Day 1 in combination with Avelumab 10 mg/kg IV infusion every 2 weeks on Day 1 and 15 of each cycle (Each cycle=28 days) until any criterion for treatment discontinuation were met.
NCT02994953	Part A: Number of Participants With Confirmed Best Overall Response (BOR) According to Response Evaluation Criteria in Solid Tumors Version 1.1	Part A Cohort 4: M9241 16.8 mcg/kg +Avelumab 10 mg/kg	4	2014_2017	bor	Advanced Solid Tumors	1	1	1	TRIAL_SINGLE	NOT_A_DISEASE_UMBRELLA	solid	Advanced Solid Tumors	trial lists exactly one condition	PHASE1	TRIAL_SINGLE	PHASE1	Part A	Part A Cohort 4: M9241 16.8 mcg/kg +Avelumab 10 mg/kg	EXPERIMENTAL	EXACT	6	False	NOT_CONTROL	registry arm 'Part A Cohort 4: M9241 16.8 mcg/kg +Avelumab 10 mg/kg' type=EXPERIMENTAL (EXACT match)		False	Participants received M9241 at a dose of 16.8 mcg/kg SC injection at time (up to -20 minutes) relative to the start of avelumab infusion (time 0), once every 4 weeks, on Day 1 in combination with Avelumab 10 mg/kg IV infusion every 2 weeks on Day 1 and 15 of each cycle (Each cycle=28 days) until any criterion for treatment discontinuation were met.	Participants received M9241 at a dose of 16.8 mcg/kg SC injection at time (up to -20 minutes) relative to the start of avelumab infusion (time 0), once every 4 weeks, on Day 1 in combination with Avelumab 10 mg/kg IV infusion every 2 weeks on Day 1 and 15 of each cycle (Each cycle=28 days) until any criterion for treatment discontinuation were met.
NCT02994953	Part A: Number of Participants With Confirmed Best Overall Response (BOR) According to Response Evaluation Criteria in Solid Tumors Version 1.1	Part A Cohort 5: M9241 16.8 mcg/kg + Avelumab 800 mg	7	2014_2017	bor	Advanced Solid Tumors	1	1	1	TRIAL_SINGLE	NOT_A_DISEASE_UMBRELLA	solid	Advanced Solid Tumors	trial lists exactly one condition	PHASE1	TRIAL_SINGLE	PHASE1	Part A	Part A Cohort 5: M9241 16.8 mcg/kg + Avelumab 800 mg	EXPERIMENTAL	EXACT	6	False	NOT_CONTROL	registry arm 'Part A Cohort 5: M9241 16.8 mcg/kg + Avelumab 800 mg' type=EXPERIMENTAL (EXACT match)		False	Participants received IV infusion of avelumab at dose of 800 mg once weekly for the first 12 weeks in combination with SC injection of M9241, 16.8 mcg/kg once every 4 weeks, then avelumab at 800 mg IV infusion once every 2 weeks in combination with M9241 at dose of 16.8 mcg/kg SC injection once every 4 weeks until criteria for treatment discontinuation were met	Participants received M9241 at a dose of 16.8 mcg/kg SC injection at time (up to -20 minutes) relative to the start of avelumab infusion (time 0), once every 4 weeks, on Day 1 in combination with Avelumab 800 milligrams (mg) IV infusion once weekly for the first 12 weeks, then 800 mg once every 2 weeks of each cycle (Each cycle=28 days) until any criterion for treatment discontinuation were met.
NCT02994953	Part B: Number of Participants With Confirmed Best Overall Response (BOR) Assessed by Investigator Using Response Evaluation Criteria in Solid Tumors (RECIST) Version 1.1	Part B Cohort 1: UC Cohort Stage 1 Combination Therapy (Experimental)	15	2014_2017	bor	Advanced Solid Tumors	1	1	1	TRIAL_SINGLE	NOT_A_DISEASE_UMBRELLA	solid	Advanced Solid Tumors	trial lists exactly one condition	PHASE1	TRIAL_SINGLE	PHASE1	Part B	Part B Cohort 1: UC Cohort Stage 1 combination therapy	EXPERIMENTAL	CONTAINMENT	6	False	UNKNOWN_WEAK_MATCH_ONLY	only a substring match to registry arm 'Part B Cohort 1: UC Cohort Stage 1 combination therapy' (type=EXPERIMENTAL); not group-supported		False	Participants in the expansion cohorts received M9241 at dose of 16.8 mcg/kg SC injection at time (up to -20 minutes) relative to the start of avelumab infusion (time 0), once every 4 weeks on Day 1 in combination with Avelumab 800 mg IV infusion once weekly for the first 12 weeks, then 800 mg once every 2 weeks of each cycle (Each cycle=28 days) determined as the RP2D in the escalation part of the	Participants in the expansion cohorts received M9241 at dose of 16.8 mcg/kg SC injection at time (up to -20 minutes) relative to the start of avelumab infusion (time 0), once every 4 weeks on Day 1 in combination with Avelumab 800 mg IV infusion once weekly for the first 12 weeks, then 800 mg once every 2 weeks of each cycle (Each cycle=28 days) determined as the RP2D in the escalation part of the
NCT03088540	Best Overall Response (BOR) Per IRC	Cemiplimab	317	2014_2017	bor	Carcinoma，Non-Small-Cell Lung ; Lung Carcinomas, Non-Small-Cell ; Non-small-cell Lung Carcinoma ; Nonsmall Cell Lung Cancer	4	3	2	MIXED	UNASSIGNABLE			3 distinct disease keys at trial level, no single-disease group evidence	PHASE3	TRIAL_SINGLE	PHASE3		cemiplimab	EXPERIMENTAL	NORMALIZED	2	True	NOT_CONTROL	registry arm 'cemiplimab' type=EXPERIMENTAL (NORMALIZED match)		False	Participants received cemiplimab monotherapy	cemiplimab regimen as monotherapy as per study protocol
NCT03088540	Best Overall Response (BOR) Per IRC	Chemotherapy	307	2014_2017	bor	Carcinoma，Non-Small-Cell Lung ; Lung Carcinomas, Non-Small-Cell ; Non-small-cell Lung Carcinoma ; Nonsmall Cell Lung Cancer	4	3	2	MIXED	UNASSIGNABLE			3 distinct disease keys at trial level, no single-disease group evidence	PHASE3	TRIAL_SINGLE	PHASE3		Standard-of-care chemotherapy	ACTIVE_COMPARATOR	CONTAINMENT	2	True	UNKNOWN_WEAK_MATCH_ONLY	only a substring match to registry arm 'Standard-of-care chemotherapy' (type=ACTIVE_COMPARATOR); not group-supported		False	Participants received platinum-based doublet chemotherapy	Standard-of-care chemotherapy will administered from these options:  Doses of Paclitaxel + cisplatin OR Doses Paclitaxel + carboplatin OR Doses Gemcitabine + cisplatin or Doses Gemcitabine + carboplatin OR Doses Pemetrexed + cisplatin followed by optional pemetrexed maintenance OR Doses Pemetrexed + carboplatin followed by optional pemetrexed maintenance
NCT03093155	Differences in Response to the Combination of Ixabepilone and Bevacizumab in Relationship to Previous Treatment With Bevacizumab and Taxanes	Ixabepilone	12	2014_2017	bor	Epithelial Ovarian Cancer ; Fallopian Tube Cancer ; Primary Peritoneal Cancer	3	3	3	MIXED	UNASSIGNABLE			3 distinct disease keys at trial level, no single-disease group evidence	PHASE2	TRIAL_SINGLE	PHASE2		Ixabepilone	ACTIVE_COMPARATOR	EXACT	2	True	CONTROL_ACTIVE_COMPARATOR	registry arm 'Ixabepilone' type=ACTIVE_COMPARATOR (EXACT match)		False	Ixabepilone 20 mg/m2 days 1, 8, 15 Q 28 days  Ixabepilone: Ixabepilone will be administered at 20 mg/m2 intravenously days 1, 8, 15 of a 28-day cycle over one hour.  Treatment will continue until progression, death, or prohibitive side effects. If any patient has a complete response, patient may stop treatment after 2 additional consolidation cycles following documented complete response	Ixabepilone 20 mg/m2 days 1, 8, 15 Q 28 days
NCT03093155	Differences in Response to the Combination of Ixabepilone and Bevacizumab in Relationship to Previous Treatment With Bevacizumab and Taxanes	Ixabepilone + Bevacizumab	10	2014_2017	bor	Epithelial Ovarian Cancer ; Fallopian Tube Cancer ; Primary Peritoneal Cancer	3	3	3	MIXED	UNASSIGNABLE			3 distinct disease keys at trial level, no single-disease group evidence	PHASE2	TRIAL_SINGLE	PHASE2		Ixabepilone + Bevacizumab	EXPERIMENTAL	EXACT	2	True	NOT_CONTROL	registry arm 'Ixabepilone + Bevacizumab' type=EXPERIMENTAL (EXACT match)		False	Ixabepilone 20 mg/m2 days 1, 8, 15  \+ Bevacizumab 10 mg/kg days 1, 15 Q 28 days  Ixabepilone: Ixabepilone will be administered at 20 mg/m2 intravenously days 1, 8, 15 of a 28-day cycle over one hour.  Treatment will continue until progression, death, or prohibitive side effects. If any patient has a complete response, patient may stop treatment after 2 additional consolidation cycles following do	Ixabepilone 20 mg/m2 days 1, 8, 15  \+ Bevacizumab 10 mg/kg days 1, 15 Q 28 days
NCT03122548	Objective Response Rate (ORR)	CRS-207 + Pembrolizumab	3	2014_2017	bor	Gastric Adenocarcinoma ; Gastroesophageal Junction Adenocarcinoma ; Esophageal Adenocarcinoma	3	3	3	MIXED	UNASSIGNABLE			3 distinct disease keys at trial level, no single-disease group evidence	PHASE2	TRIAL_SINGLE	PHASE2		CRS-207 + Pembrolizumab	EXPERIMENTAL	EXACT	1	False	NOT_CONTROL	registry arm 'CRS-207 + Pembrolizumab' type=EXPERIMENTAL (EXACT match)		False	Treatment cycle is once every 3 weeks. Pembrolizumab: 200 mg administered by IV infusion on Day 1 of each 3-week cycle. CRS-207: 1×10e9 CFU administered by IV infusion on Day 2 of Cycle 1, Day 1 of Cycles 2, 3, 4, and Day 1 every 6 weeks thereafter (every other cycle).	CRS-207 and pembrolizumab will be administered in 3-week cycles. For Cycle 1, pembrolizumab (200 mg) will be administered by intravenous (IV) infusion over 30 minutes on Day 1 and CRS-207 (starting dose 1 × 10e9 colony-forming units \[CFU\]) will be administered by IV infusion over 1 hour on Day 2. If the infusions are well tolerated, pembrolizumab and CRS-207 may be administered on the same day (
NCT03146663	Best Overall Response	Arm A	22	2014_2017	bor	Ovarian Cancer	1	1	1	TRIAL_SINGLE	NAMES_A_TUMOUR_TYPE	ovarian	Ovarian Cancer	trial lists exactly one condition	PHASE2	TRIAL_SINGLE	PHASE2		Arm A	EXPERIMENTAL	EXACT	2	False	NOT_CONTROL	registry arm 'Arm A' type=EXPERIMENTAL (EXACT match)		False	NUC-1031 500 mg/m2 administered on Days 1, 8, and 15 of 28-day cycles	NUC-1031 500 mg/m2 administered on Days 1, 8, and 15 of 28-day cycles
NCT03146663	Best Overall Response	Arm B	19	2014_2017	bor	Ovarian Cancer	1	1	1	TRIAL_SINGLE	NAMES_A_TUMOUR_TYPE	ovarian	Ovarian Cancer	trial lists exactly one condition	PHASE2	TRIAL_SINGLE	PHASE2		Arm B	EXPERIMENTAL	EXACT	2	False	NOT_CONTROL	registry arm 'Arm B' type=EXPERIMENTAL (EXACT match)		False	NUC-1031 750 mg/m2 administered on Days 1, 8 and 15, of 28-day cycles	NUC-1031 750 mg/m2 administered on Days 1, 8, and 15 of 28-day cycles
NCT03146663	Best Overall Response (in Evaluable for Response Set)	Arm A	16	2014_2017	bor	Ovarian Cancer	1	1	1	TRIAL_SINGLE	NAMES_A_TUMOUR_TYPE	ovarian	Ovarian Cancer	trial lists exactly one condition	PHASE2	TRIAL_SINGLE	PHASE2		Arm A	EXPERIMENTAL	EXACT	2	False	NOT_CONTROL	registry arm 'Arm A' type=EXPERIMENTAL (EXACT match)		False	NUC-1031 500 mg/m2 administered on Days 1, 8, and 15 of 28-day cycles	NUC-1031 500 mg/m2 administered on Days 1, 8, and 15 of 28-day cycles
NCT03146663	Best Overall Response (in Evaluable for Response Set)	Arm B	5	2014_2017	bor	Ovarian Cancer	1	1	1	TRIAL_SINGLE	NAMES_A_TUMOUR_TYPE	ovarian	Ovarian Cancer	trial lists exactly one condition	PHASE2	TRIAL_SINGLE	PHASE2		Arm B	EXPERIMENTAL	EXACT	2	False	NOT_CONTROL	registry arm 'Arm B' type=EXPERIMENTAL (EXACT match)		False	NUC-1031 750 mg/m2 administered on Days 1, 8, and 15 of 28-day cycles	NUC-1031 750 mg/m2 administered on Days 1, 8, and 15 of 28-day cycles
NCT03164616	Best Objective Response (BoR)	D + SoC	327	2014_2017	bor	Non Small Cell Lung Cancer NSCLC	1	1	1	TRIAL_SINGLE	NAMES_A_TUMOUR_TYPE	non small cell lung nsclc	Non Small Cell Lung Cancer NSCLC	trial lists exactly one condition	PHASE3	TRIAL_SINGLE	PHASE3				NONE	3	True	UNKNOWN	no strong arm match (NONE) and no control language in the group record		False	During chemotherapy (combination) stage:  Patients received durvalumab 1500 mg monotherapy + SoC chemotherapy via IV infusion Q3W for 4 doses/cycles (Weeks 0, 3, 6 and 9).  The SoC chemotherapy was the Investigator's choice of one of the following regimens: abraxane + carboplatin (squamous and non-squamous patients), pemetrexed + cisplatin or carboplatin (non-squamous patients only), or gemcitabin	
NCT03164616	Best Objective Response (BoR)	SoC Alone	322	2014_2017	bor	Non Small Cell Lung Cancer NSCLC	1	1	1	TRIAL_SINGLE	NAMES_A_TUMOUR_TYPE	non small cell lung nsclc	Non Small Cell Lung Cancer NSCLC	trial lists exactly one condition	PHASE3	TRIAL_SINGLE	PHASE3				NONE	3	True	UNKNOWN	no strong arm match (NONE) and no control language in the group record		False	During chemotherapy (combination) stage:  Patients received SoC chemotherapy alone via IV infusion Q3W for 4 doses/cycles (Weeks 0, 3, 6 and 9). Patients could also receive SoC chemotherapy for an additional 2 cycles Q3W on Weeks 12 and 15 if clinically indicated and at the Investigator's discretion before the patient entered follow-up.  The SoC chemotherapy was the Investigator's choice of one of	
NCT03164616	Best Objective Response (BoR)	T + D + SoC	323	2014_2017	bor	Non Small Cell Lung Cancer NSCLC	1	1	1	TRIAL_SINGLE	NAMES_A_TUMOUR_TYPE	non small cell lung nsclc	Non Small Cell Lung Cancer NSCLC	trial lists exactly one condition	PHASE3	TRIAL_SINGLE	PHASE3				NONE	3	True	UNKNOWN	no strong arm match (NONE) and no control language in the group record		False	During chemotherapy (combination) stage:  Patients received tremelimumab 75 mg + durvalumab 1500 mg combination therapy + SoC chemotherapy via IV infusion Q3W for 4 doses/cycles (Weeks 0, 3, 6 and 9).  The SoC chemotherapy was the Investigator's choice of one of the following regimens: abraxane + carboplatin (squamous and non-squamous patients), pemetrexed + cisplatin or carboplatin (non-squamous 	
NCT03175172	Disease Control Rate (DCR)	Experimental	9	2014_2017	bor	Malignant Pleural Mesothelioma	1	1	1	TRIAL_SINGLE	NAMES_A_TUMOUR_TYPE	pleural mesothelioma	Malignant Pleural Mesothelioma	trial lists exactly one condition	PHASE2	TRIAL_SINGLE	PHASE2		Experimental	EXPERIMENTAL	EXACT	1	False	NOT_CONTROL	registry arm 'Experimental' type=EXPERIMENTAL (EXACT match)		False	CRS-207 and pembrolizumab were administered in 3-week cycles. For Cycle 1, pembrolizumab (200 mg) was administered by IV infusion over 30 minutes on Day 1 and CRS-207 (starting dose 1 × 10e9 CFU) was administered by IV infusion over 1 hour on Day 2. If tolerated, pembrolizumab and CRS-207 were administered on the same day (Day 1) for subsequent cycles. After 4 cycles, pembrolizumab continued to be	CRS-207 and pembrolizumab will be administered in 3-week cycles. For Cycle 1, pembrolizumab (200 mg) will be administered by intravenous (IV) infusion over 30 minutes on Day 1 and CRS-207 (starting dose 1 × 10e9 colony-forming units \[CFU\]) will be administered by IV infusion over 1 hour on Day 2. If the infusions are well tolerated, pembrolizumab and CRS-207 may be administered on the same day (
NCT03175172	Overall Response Rate (ORR)	Experimental	9	2014_2017	bor	Malignant Pleural Mesothelioma	1	1	1	TRIAL_SINGLE	NAMES_A_TUMOUR_TYPE	pleural mesothelioma	Malignant Pleural Mesothelioma	trial lists exactly one condition	PHASE2	TRIAL_SINGLE	PHASE2		Experimental	EXPERIMENTAL	EXACT	1	False	NOT_CONTROL	registry arm 'Experimental' type=EXPERIMENTAL (EXACT match)		False	CRS-207 and pembrolizumab were administered in 3-week cycles. For Cycle 1, pembrolizumab (200 mg) was administered by IV infusion over 30 minutes on Day 1 and CRS-207 (starting dose 1 × 10e9 CFU) was administered by IV infusion over 1 hour on Day 2. If tolerated, pembrolizumab and CRS-207 were administered on the same day (Day 1) for subsequent cycles. After 4 cycles, pembrolizumab continued to be	CRS-207 and pembrolizumab will be administered in 3-week cycles. For Cycle 1, pembrolizumab (200 mg) will be administered by intravenous (IV) infusion over 30 minutes on Day 1 and CRS-207 (starting dose 1 × 10e9 colony-forming units \[CFU\]) will be administered by IV infusion over 1 hour on Day 2. If the infusions are well tolerated, pembrolizumab and CRS-207 may be administered on the same day (
NCT03225105	Number of Participants With Best Overall Response (BOR) According to Response Evaluation Criteria in Solid Tumors (RECIST) Version 1.1	M3541 100 mg + RT	4	2014_2017	bor	Solid Tumors	1	1	1	TRIAL_SINGLE	NOT_A_DISEASE_UMBRELLA	solid	Solid Tumors	trial lists exactly one condition	PHASE1	TRIAL_SINGLE	PHASE1		M3541 100 mg + RT	EXPERIMENTAL	EXACT	4	False	NOT_CONTROL	registry arm 'M3541 100 mg + RT' type=EXPERIMENTAL (EXACT match)		False	Participants received 100 mg M3541 orally once per FD in combination with palliative RT administered in fraction of 30 Gray (Gy) given in 10 fractions of 3 Gy/FD on FD 1 to FD 10 for 2 consecutive calendar weeks (ie, Monday through Friday, with the intervening Saturday and Sunday as M3541 / RT holidays).	Participants received 100 mg M3541 orally once per FD in combination with palliative RT administered in fraction of 30 Gray (Gy) given in 10 fractions of 3 Gy/FD on FD 1 to FD 10 for 2 consecutive calendar weeks (ie, Monday through Friday, with the intervening Saturday and Sunday as M3541 / RT holidays).
NCT03225105	Number of Participants With Best Overall Response (BOR) According to Response Evaluation Criteria in Solid Tumors (RECIST) Version 1.1	M3541 200 mg + RT	5	2014_2017	bor	Solid Tumors	1	1	1	TRIAL_SINGLE	NOT_A_DISEASE_UMBRELLA	solid	Solid Tumors	trial lists exactly one condition	PHASE1	TRIAL_SINGLE	PHASE1		M3541 200 mg + RT	EXPERIMENTAL	EXACT	4	False	NOT_CONTROL	registry arm 'M3541 200 mg + RT' type=EXPERIMENTAL (EXACT match)		False	Participants received 200 mg M3541 orally once per FD in combination with palliative RT administered in fraction of 30 Gray (Gy) given in 10 fractions of 3 Gy/FD on FD 1 to FD 10 for 2 consecutive calendar weeks (ie, Monday through Friday, with the intervening Saturday and Sunday as M3541 / RT holidays).	Participants received 200 mg M3541 orally once per FD in combination with palliative RT administered in fraction of 30 Gray (Gy) given in 10 fractions of 3 Gy/FD on FD 1 to FD 10 for 2 consecutive calendar weeks (ie, Monday through Friday, with the intervening Saturday and Sunday as M3541 / RT holidays).
NCT03225105	Number of Participants With Best Overall Response (BOR) According to Response Evaluation Criteria in Solid Tumors (RECIST) Version 1.1	M3541 300 mg + RT	3	2014_2017	bor	Solid Tumors	1	1	1	TRIAL_SINGLE	NOT_A_DISEASE_UMBRELLA	solid	Solid Tumors	trial lists exactly one condition	PHASE1	TRIAL_SINGLE	PHASE1		M3541 300 mg + RT	EXPERIMENTAL	EXACT	4	False	NOT_CONTROL	registry arm 'M3541 300 mg + RT' type=EXPERIMENTAL (EXACT match)		False	Participants received 300 mg M3541 orally once per FD in combination with palliative RT administered in fraction of 30 Gray (Gy) given in 10 fractions of 3 Gy/FD on FD 1 to FD 10 for 2 consecutive calendar weeks (ie, Monday through Friday, with the intervening Saturday and Sunday as M3541 / RT holidays).	Participants received 300 mg M3541 orally once per FD in combination with palliative RT administered in fraction of 30 Gray (Gy) given in 10 fractions of 3 Gy/FD on FD 1 to FD 10 for 2 consecutive calendar weeks (ie, Monday through Friday, with the intervening Saturday and Sunday as M3541 / RT holidays).
NCT03225105	Number of Participants With Best Overall Response (BOR) According to Response Evaluation Criteria in Solid Tumors (RECIST) Version 1.1	M3541 50 mg + RT	3	2014_2017	bor	Solid Tumors	1	1	1	TRIAL_SINGLE	NOT_A_DISEASE_UMBRELLA	solid	Solid Tumors	trial lists exactly one condition	PHASE1	TRIAL_SINGLE	PHASE1		M3541 50 mg + RT	EXPERIMENTAL	EXACT	4	False	NOT_CONTROL	registry arm 'M3541 50 mg + RT' type=EXPERIMENTAL (EXACT match)		False	Participants received 50 milligrams (mg) M3541 orally once per fraction day (FD) in combination with palliative radiotherapy (RT) administered in fraction of 30 Gray (Gy) given in 10 fractions of 3 Gy/FD on FD 1 to FD 10, for 2 consecutive calendar weeks (ie, Monday through Friday, with the intervening Saturday and Sunday as M3541 / RT holidays).	Participants received 50 milligrams (mg) M3541 orally once per fraction day (FD) in combination with palliative radiotherapy (RT) administered in fraction of 30 Gray (Gy) given in 10 fractions of 3 Gy/FD on FD 1 to FD 10, for 2 consecutive calendar weeks (ie, Monday through Friday, with the intervening Saturday and Sunday as M3541 / RT holidays).
NCT03245736	Objective Response Rate	Tisotumab Vedotin	5	2014_2017	bor	Ovary Cancer ; Cervix Cancer ; Endometrium Cancer ; Bladder Cancer ; Prostate Cancer ; Esophagus Cancer ; Lung Cancer, Nonsmall Cell ; Squamous Cell Carcinoma of the Head and Neck	8	8	8	MIXED	UNASSIGNABLE			8 distinct disease keys at trial level, no single-disease group evidence	PHASE2	TRIAL_SINGLE	PHASE2		Tisotumab Vedotin	EXPERIMENTAL	EXACT	1	False	NOT_CONTROL	registry arm 'Tisotumab Vedotin' type=EXPERIMENTAL (EXACT match)		False	Tisotumab vedotin was administered as an intravenous (IV) infusion on Day 1 of each 21-day cycle (once every 3 weeks). The trial ran until the investigator determined that the participant was no longer benefiting from treatment (ie, disease progression or unacceptable toxicity had occurred), the trial was terminated by the sponsor, or the participant withdrew consent. Each participant received the	All patients will be administered tisotumab vedotin (HuMax-TF-ADC) in 21 day treatment cycles.
NCT03480646	Efficacy: Best Responses by Treatment Group	Phase 1b Dose Escalation: CPI-1205 400mg BID +Cobi+Abi/Pred	6	2014_2017	bor	Metastatic Castration Resistant Prostate Cancer (mCRPC)	1	1	1	TRIAL_SINGLE	NAMES_A_TUMOUR_TYPE	castration resistant prostate mcrpc	Metastatic Castration Resistant Prostate Cancer (mCRPC)	trial lists exactly one condition	PHASE1/PHASE2	MIXED	PHASE1/PHASE2	Dose Escalation			NONE	8	True	UNKNOWN	no strong arm match (NONE) and no control language in the group record		False	CPI-1205 Combination with Abiraterone/Prednisone Drug: CPI-1205 PO 400mg BID OR Drug: CPI-1205 400mg BID/Cobicistat 150mg PO BID + Drug: Abiraterone 1000mg PO QD and 5mg Prednisone PO BID (28-day cycles) CPI-1205: CPI-1205 PO TID (either 400mg BID or 800mg TID during Phase 1 dose escalation study and at RP2D for Phase 2) Cobicistat: Cobicistat 150mg PO BID Abiraterone: Abiraterone 1000mg PO QD Pre	
NCT03480646	Efficacy: Best Responses by Treatment Group	Phase 1b Dose Escalation: CPI-1205 400mg BID +Cobi+Enza	5	2014_2017	bor	Metastatic Castration Resistant Prostate Cancer (mCRPC)	1	1	1	TRIAL_SINGLE	NAMES_A_TUMOUR_TYPE	castration resistant prostate mcrpc	Metastatic Castration Resistant Prostate Cancer (mCRPC)	trial lists exactly one condition	PHASE1/PHASE2	MIXED	PHASE1/PHASE2	Dose Escalation			NONE	8	True	UNKNOWN	no strong arm match (NONE) and no control language in the group record		False	CPI-1205 Combination with Enzalutamide Drug: CPI-1205 PO 400mg BID OR Drug: CPI-1205 400mg BID/Cobicistat 150mg PO BID + Drug: Enzalutamide 160mg PO QD (28-day cycles) CPI-1205: CPI-1205 PO TID (either 400mg BID or 800mg TID during Phase 1 dose escalation study and at RP2D for Phase 2) Cobicistat: Cobicistat 150mg PO BID Enzalutamide: Enzalutamide 160mg PO QD	
NCT03480646	Efficacy: Best Responses by Treatment Group	Phase 1b Dose Escalation: CPI-1205 800mg TID +Abi/Pred	8	2014_2017	bor	Metastatic Castration Resistant Prostate Cancer (mCRPC)	1	1	1	TRIAL_SINGLE	NAMES_A_TUMOUR_TYPE	castration resistant prostate mcrpc	Metastatic Castration Resistant Prostate Cancer (mCRPC)	trial lists exactly one condition	PHASE1/PHASE2	MIXED	PHASE1/PHASE2	Dose Escalation			NONE	8	True	UNKNOWN	no strong arm match (NONE) and no control language in the group record		False	CPI-1205 Combination with Abiraterone/Prednisone Drug: CPI-1205 PO 800mg TID OR Drug: CPI-1205 800mg TID/Cobicistat 150mg PO BID + Drug: Abiraterone 1000mg PO QD and 5mg Prednisone PO BID (28-day cycles) CPI-1205: CPI-1205 PO TID (either 400mg BID or 800mg TID during Phase 1 dose escalation study and at RP2D for Phase 2) Cobicistat: Cobicistat 150mg PO BID Abiraterone: Abiraterone 1000mg PO QD Pre	
NCT03480646	Efficacy: Best Responses by Treatment Group	Phase 1b Dose Escalation: CPI-1205 800mg TID +Enza	9	2014_2017	bor	Metastatic Castration Resistant Prostate Cancer (mCRPC)	1	1	1	TRIAL_SINGLE	NAMES_A_TUMOUR_TYPE	castration resistant prostate mcrpc	Metastatic Castration Resistant Prostate Cancer (mCRPC)	trial lists exactly one condition	PHASE1/PHASE2	MIXED	PHASE1/PHASE2	Dose Escalation			NONE	8	True	UNKNOWN	no strong arm match (NONE) and no control language in the group record		False	CPI-1205 Combination with Enzalutamide Drug: CPI-1205 PO 800mg TID OR Drug: CPI-1205 800mg TID/Cobicistat 150mg PO BID + Drug: Enzalutamide 160mg PO QD (28-day cycles) CPI-1205: CPI-1205 PO TID (either 400mg BID or 800mg TID during Phase 1 dose escalation study and at RP2D for Phase 2) Cobicistat: Cobicistat 150mg PO BID Enzalutamide: Enzalutamide 160mg PO QD	
NCT03480646	Efficacy: Best Responses by Treatment Group	Phase 1b HPEC [Heavily Pre-treated Expansion Cohort] CPI-1205 800mg TID +Enza	22	2014_2017	bor	Metastatic Castration Resistant Prostate Cancer (mCRPC)	1	1	1	TRIAL_SINGLE	NAMES_A_TUMOUR_TYPE	castration resistant prostate mcrpc	Metastatic Castration Resistant Prostate Cancer (mCRPC)	trial lists exactly one condition	PHASE1/PHASE2	MIXED	PHASE1/PHASE2	Expansion Cohort			NONE	8	True	UNKNOWN	no strong arm match (NONE) and no control language in the group record		False	CPI-1205 Combination with Enzalutamide Drug: CPI-1205 PO 800mg TID OR Drug: CPI-1205 800mg TID/Cobicistat 150mg PO BID + Drug: Enzalutamide 160mg PO QD (28-day cycles) CPI-1205: CPI-1205 PO TID (either 400mg BID or 800mg TID during Phase 1 dose escalation study and at RP2D for Phase 2) Cobicistat: Cobicistat 150mg PO BID Enzalutamide: Enzalutamide 160mg PO QD	
NCT03480646	Efficacy: Best Responses by Treatment Group	Phase 2 Randomized Combination With Enza	34	2014_2017	bor	Metastatic Castration Resistant Prostate Cancer (mCRPC)	1	1	1	TRIAL_SINGLE	NAMES_A_TUMOUR_TYPE	castration resistant prostate mcrpc	Metastatic Castration Resistant Prostate Cancer (mCRPC)	trial lists exactly one condition	PHASE1/PHASE2	MIXED	PHASE1/PHASE2	Phase 2			NONE	8	True	UNKNOWN	no strong arm match (NONE) and no control language in the group record		False	CPI-1205 (at RP2D) Combination with Enzalutamide Drug: CPI-1205 (with or without cobicistat) at RP2D + Drug: Enzalutamide 160mg PO QD CPI-1205: CPI-1205 PO TID (either 400mg BID or 800mg TID during Phase 1 dose escalation study and at RP2D for Phase 2) Cobicistat: Cobicistat 150mg PO BID Enzalutamide: Enzalutamide 160mg PO QD	
NCT03480646	Efficacy: Best Responses by Treatment Group	Phase 2 Randomized Crossover Period	5	2014_2017	bor	Metastatic Castration Resistant Prostate Cancer (mCRPC)	1	1	1	TRIAL_SINGLE	NAMES_A_TUMOUR_TYPE	castration resistant prostate mcrpc	Metastatic Castration Resistant Prostate Cancer (mCRPC)	trial lists exactly one condition	PHASE1/PHASE2	MIXED	PHASE1/PHASE2	Phase 2			NONE	8	True	UNKNOWN	no strong arm match (NONE) and no control language in the group record		False	CPI-1205 800 mg TID (RP2D) combination with Enzalutamide 160 mg PO QD	
NCT03480646	Efficacy: Best Responses by Treatment Group	Phase 2 Randomized Enza Contro	34	2014_2017	bor	Metastatic Castration Resistant Prostate Cancer (mCRPC)	1	1	1	TRIAL_SINGLE	NAMES_A_TUMOUR_TYPE	castration resistant prostate mcrpc	Metastatic Castration Resistant Prostate Cancer (mCRPC)	trial lists exactly one condition	PHASE1/PHASE2	MIXED	PHASE1/PHASE2	Phase 2			NONE	8	True	CONTROL_UNSPECIFIED_BY_GROUP_TEXT	results group text says control/comparator/standard of care without naming placebo		False	Enzalutamide Control Drug: Enzalutamide 160mg PO QD (28-day cycles) Enzalutamide: Enzalutamide 160mg PO QD	
NCT03480646	Efficacy: Best Responses by Treatment Group	Phase 2 Single Arm CPI-1205 +Abi/Pred	26	2014_2017	bor	Metastatic Castration Resistant Prostate Cancer (mCRPC)	1	1	1	TRIAL_SINGLE	NAMES_A_TUMOUR_TYPE	castration resistant prostate mcrpc	Metastatic Castration Resistant Prostate Cancer (mCRPC)	trial lists exactly one condition	PHASE1/PHASE2	MIXED	PHASE1/PHASE2	Phase 2			NONE	8	True	UNKNOWN	no strong arm match (NONE) and no control language in the group record		False	CPI-1205 (at RP2D) Combination with Abiraterone/Prednisone Drug: CPI-1205 (with or without cobicistat) at RP2D + Drug: Abiraterone 1000mg PO QD and Prednisone 5mg PO BID (28-day cycles) CPI-1205: CPI-1205 PO TID (either 400mg BID or 800mg TID during Phase 1 dose escalation study and at RP2D for Phase 2) Cobicistat: Cobicistat 150mg PO BID Abiraterone: Abiraterone 1000mg PO QD Prednisone: Prednison	
NCT02913430	Best Overall Response (BOR)	Fulvestrant + Palbociclib	5	2018_2021	bor	Metastatic Breast Cancer	1	1	1	TRIAL_SINGLE	NAMES_A_TUMOUR_TYPE	breast	Metastatic Breast Cancer	trial lists exactly one condition	EARLY_PHASE1	TRIAL_SINGLE	EARLY_PHASE1				NONE	2	True	UNKNOWN	no strong arm match (NONE) and no control language in the group record		False	Fulvestrant: 500mg IM Q28 days  Palbociclib: 125mg/day PO on a 21 days on/7 days off schedule	
NCT02913430	Best Overall Response (BOR)	Tamoxifen + Palbociclib	2	2018_2021	bor	Metastatic Breast Cancer	1	1	1	TRIAL_SINGLE	NAMES_A_TUMOUR_TYPE	breast	Metastatic Breast Cancer	trial lists exactly one condition	EARLY_PHASE1	TRIAL_SINGLE	EARLY_PHASE1				NONE	2	True	UNKNOWN	no strong arm match (NONE) and no control language in the group record		False	Tamoxifen: 20mg PO Q-daily  Palbociclib: 125mg/day PO on a 21 days on/7 days off schedule	
NCT03212274	Overall Response Rate	Cohort 1A-Glioma Naïve to IDH I	15	2018_2021	bor	Advanced Malignant Solid Neoplasm ; Glioblastoma ; Recurrent Cholangiocarcinoma ; Recurrent Glioma ; Recurrent Malignant Solid Neoplasm ; WHO Grade 2 Glioma ; WHO Grade 3 Glioma	7	6	6	MIXED	UNASSIGNABLE			6 distinct disease keys at trial level, no single-disease group evidence	PHASE2	TRIAL_SINGLE	PHASE2				NONE	1	False	NOT_CONTROL_SINGLE_ARM_TRIAL	trial registers 1 arm group(s)		False	Cohort 1A-Glioma Naïve to IDH I	
NCT03212274	Overall Response Rate	Cohort 1B- Glioma Pretreated	13	2018_2021	bor	Advanced Malignant Solid Neoplasm ; Glioblastoma ; Recurrent Cholangiocarcinoma ; Recurrent Glioma ; Recurrent Malignant Solid Neoplasm ; WHO Grade 2 Glioma ; WHO Grade 3 Glioma	7	6	6	MIXED	UNASSIGNABLE			6 distinct disease keys at trial level, no single-disease group evidence	PHASE2	TRIAL_SINGLE	PHASE2				NONE	1	False	NOT_CONTROL_SINGLE_ARM_TRIAL	trial registers 1 arm group(s)		False	Cohort 1B- Glioma Pretreated	
NCT03212274	Overall Response Rate	Cohort 2A- Cholangio Naive	15	2018_2021	bor	Advanced Malignant Solid Neoplasm ; Glioblastoma ; Recurrent Cholangiocarcinoma ; Recurrent Glioma ; Recurrent Malignant Solid Neoplasm ; WHO Grade 2 Glioma ; WHO Grade 3 Glioma	7	6	6	MIXED	UNASSIGNABLE			6 distinct disease keys at trial level, no single-disease group evidence	PHASE2	TRIAL_SINGLE	PHASE2				NONE	1	False	NOT_CONTROL_SINGLE_ARM_TRIAL	trial registers 1 arm group(s)		False	Cohort 2A- Cholangio Naive	
NCT03212274	Overall Response Rate	Cohort 2B-Cholangio- Pretreated	12	2018_2021	bor	Advanced Malignant Solid Neoplasm ; Glioblastoma ; Recurrent Cholangiocarcinoma ; Recurrent Glioma ; Recurrent Malignant Solid Neoplasm ; WHO Grade 2 Glioma ; WHO Grade 3 Glioma	7	6	6	MIXED	UNASSIGNABLE			6 distinct disease keys at trial level, no single-disease group evidence	PHASE2	TRIAL_SINGLE	PHASE2				NONE	1	False	NOT_CONTROL_SINGLE_ARM_TRIAL	trial registers 1 arm group(s)		False	Cohort 2B-Cholangio- Pretreated	
NCT03212274	Overall Response Rate	Cohort 3A Other -Naive	22	2018_2021	bor	Advanced Malignant Solid Neoplasm ; Glioblastoma ; Recurrent Cholangiocarcinoma ; Recurrent Glioma ; Recurrent Malignant Solid Neoplasm ; WHO Grade 2 Glioma ; WHO Grade 3 Glioma	7	6	6	MIXED	UNASSIGNABLE			6 distinct disease keys at trial level, no single-disease group evidence	PHASE2	TRIAL_SINGLE	PHASE2				NONE	1	False	NOT_CONTROL_SINGLE_ARM_TRIAL	trial registers 1 arm group(s)		False	Cohort 3A Other -Naive	
NCT03212274	Overall Response Rate	Cohort 3B Other -Pretreated	1	2018_2021	bor	Advanced Malignant Solid Neoplasm ; Glioblastoma ; Recurrent Cholangiocarcinoma ; Recurrent Glioma ; Recurrent Malignant Solid Neoplasm ; WHO Grade 2 Glioma ; WHO Grade 3 Glioma	7	6	6	MIXED	UNASSIGNABLE			6 distinct disease keys at trial level, no single-disease group evidence	PHASE2	TRIAL_SINGLE	PHASE2				NONE	1	False	NOT_CONTROL_SINGLE_ARM_TRIAL	trial registers 1 arm group(s)		False	Cohort 3B Other -Pretreated	
NCT03256344	Best Overall Response (BOR)	Talimogene Laherparepvec With Atezolizumab: Colorectal Cancer (CRC)	5	2018_2021	bor	Metastatic Triple Negative Breast Cancer ; Metastatic Colorectal Cancer	2	2	2	GROUP_SPECIFIC	NAMES_A_TUMOUR_TYPE	colorectal	Metastatic Colorectal Cancer	group/arm/outcome text names exactly one of the trial conditions	PHASE1	TRIAL_SINGLE	PHASE1		Talimogene Laherparepvec with Atezolizumab: Colorectal Cancer (CRC)	EXPERIMENTAL	NORMALIZED	2	False	NOT_CONTROL	registry arm 'Talimogene Laherparepvec with Atezolizumab: Colorectal Cancer (CRC)' type=EXPERIMENTAL (NORMALIZED match)		False	Participants with CRC with liver metastases were administered intrahepatic injection of talimogene laherparepvec into liver metastases via guided injection (either ultrasound or computerized tomography) on Day 1 of each cycle for a maximum of 12 cycles, where each cycle was 21 days. Participants were administered 10\^6 PFU/mL on Day 1 of Cycle 1 and 10\^8 PFU/mL on Day 1 of each cycle thereafter. 	Participants with CRC with liver metastases administered intrahepatic injection of talimogene laherparepvec into liver metastases via guided injection (either ultrasound or computerized tomography) on Day 1 of each cycle for a maximum of 12 cycles, where each cycle is 21 days. Participants administered 10\^6 PFU/mL on Day 1 of Cycle 1 and 10\^8 PFU/mL on Day 1 of each cycle thereafter. Participant
NCT03256344	Best Overall Response (BOR)	Talimogene Laherparepvec With Atezolizumab: Triple Negative Breast Cancer (TNBC)	5	2018_2021	bor	Metastatic Triple Negative Breast Cancer ; Metastatic Colorectal Cancer	2	2	2	GROUP_SPECIFIC	NAMES_A_TUMOUR_TYPE	triple negative breast	Metastatic Triple Negative Breast Cancer	group/arm/outcome text names exactly one of the trial conditions	PHASE1	TRIAL_SINGLE	PHASE1		Talimogene Laherparepvec with Atezolizumab: Triple Negative Breast Cancer (TNBC)	EXPERIMENTAL	NORMALIZED	2	False	NOT_CONTROL	registry arm 'Talimogene Laherparepvec with Atezolizumab: Triple Negative Breast Cancer (TNBC)' type=EXPERIMENTAL (NORMALIZED match)		False	Participants with TNBC with liver metastases were administered intrahepatic injection of talimogene laherparepvec into liver metastases via guided injection (either ultrasound or computerized tomography) on Day 1 of each cycle for a maximum of 12 cycles, where each cycle was 21 days. Participants were administered 10\^6 plaque-forming units/milliliter (PFU/mL) on Day 1 of Cycle 1 and 10\^8 PFU/mL 	Participants with TNBC with liver metastases administered intrahepatic injection of talimogene laherparepvec into liver metastases via guided injection (either ultrasound or computerized tomography) on Day 1 of each cycle for a maximum of 12 cycles, where each cycle is 21 days. Participants administered 10\^6 plaque-forming units/milliliter (PFU/mL) on Day 1 of Cycle 1 and 10\^8 PFU/mL on Day 1 of
NCT03386357	Response Rate According to RECIST	A (Pembrolizumab+RT)	47	2018_2021	bor	Head and Neck Squamous Cell Carcinoma	1	1	1	TRIAL_SINGLE	NAMES_A_TUMOUR_TYPE	head and neck squamous cell	Head and Neck Squamous Cell Carcinoma	trial lists exactly one condition	PHASE2	TRIAL_SINGLE	PHASE2		A (pembrolizumab+RT)	EXPERIMENTAL	NORMALIZED	2	True	NOT_CONTROL	registry arm 'A (pembrolizumab+RT)' type=EXPERIMENTAL (NORMALIZED match)		False	Pembrolizumab (200mg absolute, q3w) combined with radiotherapy (12x3Gy) of one, two or three metastases.  A (pembrolizumab+RT): Pembrolizumab (200mg absolute, q3w) combined with radiotherapy (12x3Gy) of one, two or three metastases. Only metastases that perspectively require radiotherapy will be treated. The irradiated tumor volume must be at least 10cm³. Radiotherapy of brain metastases is not al	Pembrolizumab (200mg absolute, q3w) combined with radiotherapy (12x3Gy) of one, two or three metastases.
NCT03386357	Response Rate According to RECIST	B (Pembrolizumab)	46	2018_2021	bor	Head and Neck Squamous Cell Carcinoma	1	1	1	TRIAL_SINGLE	NAMES_A_TUMOUR_TYPE	head and neck squamous cell	Head and Neck Squamous Cell Carcinoma	trial lists exactly one condition	PHASE2	TRIAL_SINGLE	PHASE2		B (pembrolizumab)	ACTIVE_COMPARATOR	NORMALIZED	2	True	CONTROL_ACTIVE_COMPARATOR	registry arm 'B (pembrolizumab)' type=ACTIVE_COMPARATOR (NORMALIZED match)		False	Pembrolizumab (200mg absolute, q3w) without radiotherapy  B (pembrolizumab): Pembrolizumab (200mg absolute, q3w)	Pembrolizumab (200mg absolute, q3w) without radiotherapy
NCT03409614	Part 1: Best Overall Response (BOR) Per IRC	Part 1: Cemiplimab + Chemotherapy	89	2018_2021	bor	Non-small Cell Lung Cancer	1	1	1	TRIAL_SINGLE	NAMES_A_TUMOUR_TYPE	non small cell lung	Non-small Cell Lung Cancer	trial lists exactly one condition	PHASE3	TRIAL_SINGLE	PHASE3	Part 1	Chemo	OTHER	CONTAINMENT	5	False	UNKNOWN_WEAK_MATCH_ONLY	only a substring match to registry arm 'Chemo' (type=OTHER); not group-supported		False	Participants received cemiplimab plus platinum-based doublet chemotherapy	Part 1: Chemotherapy
NCT03409614	Part 1: Best Overall Response (BOR) Per IRC	Part 1: Cemiplimab+AbbrevChemo+Ipilimumab	99	2018_2021	bor	Non-small Cell Lung Cancer	1	1	1	TRIAL_SINGLE	NAMES_A_TUMOUR_TYPE	non small cell lung	Non-small Cell Lung Cancer	trial lists exactly one condition	PHASE3	TRIAL_SINGLE	PHASE3	Part 1	Chemo	OTHER	CONTAINMENT	5	False	UNKNOWN_WEAK_MATCH_ONLY	only a substring match to registry arm 'Chemo' (type=OTHER); not group-supported		False	Participants received cemiplimab plus platinum-based doublet chemotherapy and ipilimumab	Part 1: Chemotherapy
NCT03409614	Part 1: Best Overall Response (BOR) Per IRC	Part 1: Chemotherapy	89	2018_2021	bor	Non-small Cell Lung Cancer	1	1	1	TRIAL_SINGLE	NAMES_A_TUMOUR_TYPE	non small cell lung	Non-small Cell Lung Cancer	trial lists exactly one condition	PHASE3	TRIAL_SINGLE	PHASE3	Part 1	Chemo	OTHER	CONTAINMENT	5	False	UNKNOWN_WEAK_MATCH_ONLY	only a substring match to registry arm 'Chemo' (type=OTHER); not group-supported		False	Participants received platinum-based doublet chemotherapy	Part 1: Chemotherapy
NCT03409614	Part 2: BOR Per IRC	Part 2: Cemiplimab + Chemotherapy	279	2018_2021	bor	Non-small Cell Lung Cancer	1	1	1	TRIAL_SINGLE	NAMES_A_TUMOUR_TYPE	non small cell lung	Non-small Cell Lung Cancer	trial lists exactly one condition	PHASE3	TRIAL_SINGLE	PHASE3	Part 2	Chemo	OTHER	CONTAINMENT	5	False	UNKNOWN_WEAK_MATCH_ONLY	only a substring match to registry arm 'Chemo' (type=OTHER); not group-supported		False	Participants received cemiplimab plus platinum-based doublet chemotherapy	Part 1: Chemotherapy
NCT03409614	Part 2: BOR Per IRC	Part 2: Placebo + Chemotherapy	133	2018_2021	bor	Non-small Cell Lung Cancer	1	1	1	TRIAL_SINGLE	NAMES_A_TUMOUR_TYPE	non small cell lung	Non-small Cell Lung Cancer	trial lists exactly one condition	PHASE3	TRIAL_SINGLE	PHASE3	Part 2			AMBIGUOUS_MULTI	5	False	CONTROL_PLACEBO_BY_GROUP_TEXT	results group title/description states placebo or sham; registry arm not strongly matched	PLACEBO_CLAIM_WITHOUT_PLACEBO_ARM_IN_REGISTRY	True	Placebo matching cemiplimab plus platinum-based doublet chemotherapy	
NCT03415854	Best Overall Response (BOR)	Paricalcitol (Zemplar)	14	2018_2021	bor	Pancreatic Cancer ; Pancreatic Ductal Adenocarcinoma ; Pancreatic Adenocarcinoma ; Pancreas Metastases ; Adenocarcinoma	5	5	5	MIXED	UNASSIGNABLE			5 distinct disease keys at trial level, no single-disease group evidence	PHASE2	TRIAL_SINGLE	PHASE2		Paricalcitol (Zemplar)	EXPERIMENTAL	EXACT	1	False	NOT_CONTROL	registry arm 'Paricalcitol (Zemplar)' type=EXPERIMENTAL (EXACT match)		False	Participants will be treated with the regimen according to the study protocol. Participants will complete 3 cycles (cycle is 21 days) and then will be evaluated for CA19-9 normalization and undergo imaging to determine response, if any.  Paricalcitol (Zemplar): combination therapy	Participants will be treated with the regimen according to the study protocol. Participants will complete 3 cycles (cycle is 21 days) and then will be evaluated for CA19-9 normalization and undergo imaging to determine response, if any.
NCT03445533	Summary of Independent Reviewer-Assessed Objective Response Rate (ORR) by RECIST v1.1	Arm A: Ipilimumab	176	2018_2021	bor	Metastatic Melanoma	1	1	1	TRIAL_SINGLE	NAMES_A_TUMOUR_TYPE	melanoma	Metastatic Melanoma	trial lists exactly one condition	PHASE3	TRIAL_SINGLE	PHASE3		Arm A: ipilimumab	EXPERIMENTAL	NORMALIZED	2	False	NOT_CONTROL	registry arm 'Arm A: ipilimumab' type=EXPERIMENTAL (NORMALIZED match)		False	ipilimumab 3 mg/kg intravenous  Ipilimumab: Arm A: 4 doses administered intravenously at a dose of 3 mg/kg over 90 minutes on Weeks 1, 4, 7, and 10.	ipilimumab 3 mg/kg intravenous
NCT03445533	Summary of Independent Reviewer-Assessed Objective Response Rate (ORR) by RECIST v1.1	Arm B: IMO-2125 Plus Ipilimumab	171	2018_2021	bor	Metastatic Melanoma	1	1	1	TRIAL_SINGLE	NAMES_A_TUMOUR_TYPE	melanoma	Metastatic Melanoma	trial lists exactly one condition	PHASE3	TRIAL_SINGLE	PHASE3		Arm B: IMO-2125 plus ipilimumab	EXPERIMENTAL	NORMALIZED	2	False	NOT_CONTROL	registry arm 'Arm B: IMO-2125 plus ipilimumab' type=EXPERIMENTAL (NORMALIZED match)		False	IMO-2125 by intratumoral injection plus ipilimumab 3 mg/kg intravenous  Tilsotolimod with Ipilimumab: IMO-2125 intratumoral injection administered as 9 doses on Weeks 1, 2, 3, 5, 8, 11, 16, 20, and 24. WITH (Arm B): Ipilimumab administered as 4 doses on Weeks 2, 5, 8, and 11. in combination with tilsotolimod	IMO-2125 by intratumoral injection plus ipilimumab 3 mg/kg intravenous
NCT03451825	Number of Participants With Confirmed Best Overall Response (BOR) as Per Response Evaluation Criteria in Solid Tumors (RECIST Version 1.1) and as Adjudicated by the Investigator	Avelumab 10 Miligram Per Kilogram (mg/kg)	5	2018_2021	bor	Refractory or Relapsed Solid Tumors ; Lymphoma	2	2	2	MIXED	UNASSIGNABLE			2 distinct disease keys at trial level, no single-disease group evidence	PHASE1	TRIAL_SINGLE	PHASE1		Avelumab: 10 miligram per kilogram (mg/kg)	EXPERIMENTAL	NORMALIZED	2	False	NOT_CONTROL	registry arm 'Avelumab: 10 miligram per kilogram (mg/kg)' type=EXPERIMENTAL (NORMALIZED match)		False	Participants received an intravenous infusion of avelumab 10mg/kg intervention (IV) once every 2 weeks until confirmed progression, death, unacceptable toxicity, or any criterion for withdrawal occurred.	
NCT03451825	Number of Participants With Confirmed Best Overall Response (BOR) as Per Response Evaluation Criteria in Solid Tumors (RECIST Version 1.1) and as Adjudicated by the Investigator	Avelumab 20 mg/kg	13	2018_2021	bor	Refractory or Relapsed Solid Tumors ; Lymphoma	2	2	2	MIXED	UNASSIGNABLE			2 distinct disease keys at trial level, no single-disease group evidence	PHASE1	TRIAL_SINGLE	PHASE1				NONE	2	False	UNKNOWN	no strong arm match (NONE) and no control language in the group record		False	Participants received an intravenous infusion of avelumab 20 mg/kg IV once every 2 weeks until confirmed progression, death, unacceptable toxicity, or any criterion for withdrawal occurred.	
NCT03455829	Best Overall Tumor Response	Part 1: Cohort 1 Lerociclib at 200 mg QD	5	2018_2021	bor	Carcinoma, Non-Small-Cell Lung ; Lung Cancer ; Non-small Cell Lung Cancer	3	2	2	MIXED	UNASSIGNABLE			2 distinct disease keys at trial level, no single-disease group evidence	PHASE1/PHASE2	MIXED	PHASE1/PHASE2	Part 1			NONE	5	False	UNKNOWN	no strong arm match (NONE) and no control language in the group record		False	Part 1: G1T38/Lerociclib at 200 mg once daily (QD) orally + Osimertinib 80 mg once daily (QD) orally	
NCT03455829	Best Overall Tumor Response	Part 1: Cohort 2 Lerociclib at 300 mg QD	6	2018_2021	bor	Carcinoma, Non-Small-Cell Lung ; Lung Cancer ; Non-small Cell Lung Cancer	3	2	2	MIXED	UNASSIGNABLE			2 distinct disease keys at trial level, no single-disease group evidence	PHASE1/PHASE2	MIXED	PHASE1/PHASE2	Part 1			NONE	5	False	UNKNOWN	no strong arm match (NONE) and no control language in the group record		False	Part 1: G1T38/Lerociclib at 300 mg once daily (QD) orally + Osimertinib 80 mg once daily (QD) orally	
NCT03455829	Best Overall Tumor Response	Part 1: Cohort 3 Lerociclib at 400 mg QD	4	2018_2021	bor	Carcinoma, Non-Small-Cell Lung ; Lung Cancer ; Non-small Cell Lung Cancer	3	2	2	MIXED	UNASSIGNABLE			2 distinct disease keys at trial level, no single-disease group evidence	PHASE1/PHASE2	MIXED	PHASE1/PHASE2	Part 1			NONE	5	False	UNKNOWN	no strong arm match (NONE) and no control language in the group record		False	Part 1: G1T38/Lerociclib at 400 mg once daily (QD) orally + Osimertinib 80 mg once daily (QD) orally	
NCT03455829	Best Overall Tumor Response	Part 1: Cohort 4 Lerociclib at 150 mg BID	6	2018_2021	bor	Carcinoma, Non-Small-Cell Lung ; Lung Cancer ; Non-small Cell Lung Cancer	3	2	2	MIXED	UNASSIGNABLE			2 distinct disease keys at trial level, no single-disease group evidence	PHASE1/PHASE2	MIXED	PHASE1/PHASE2	Part 1			NONE	5	False	UNKNOWN	no strong arm match (NONE) and no control language in the group record		False	Part 1: G1T38/Lerociclib at 150 mg twice daily (BID) orally + Osimertinib 80 mg once daily (QD) orally	
NCT03455829	Best Overall Tumor Response	Part 1: Cohort 5 Lerociclib at 200 mg BID	4	2018_2021	bor	Carcinoma, Non-Small-Cell Lung ; Lung Cancer ; Non-small Cell Lung Cancer	3	2	2	MIXED	UNASSIGNABLE			2 distinct disease keys at trial level, no single-disease group evidence	PHASE1/PHASE2	MIXED	PHASE1/PHASE2	Part 1			NONE	5	False	UNKNOWN	no strong arm match (NONE) and no control language in the group record		False	Part 1: G1T38/Lerociclib at 200 mg twice daily (BID) orally + Osimertinib 80 mg once daily (QD) orally	
NCT03573947	Estimate the Overall Response Rate With the Study Combination.	nivolumab, ipilimumab and paclitaxel	46	2018_2021	bor	Non-small Cell Lung Cancer	1	1	1	TRIAL_SINGLE	NAMES_A_TUMOUR_TYPE	non small cell lung	Non-small Cell Lung Cancer	trial lists exactly one condition	PHASE2	TRIAL_SINGLE	PHASE2		nivolumab, ipilimumab and paclitaxel	EXPERIMENTAL	EXACT	1	False	NOT_CONTROL	registry arm 'nivolumab, ipilimumab and paclitaxel' type=EXPERIMENTAL (EXACT match)		False	patients will be treated with nivolumab and ipilimumab in combination with weekly paclitaxel days 1 and 8 every 21 days until they experience unacceptable drug-related toxicity, disease progression or 24 months.  The dosing regimen will be: nivolumab 360 mg every 3 weeks, ipilimumab 1 mg/kg every 6 weeks, and paclitaxel 80 mg/m2 on days 1 and 8 of 1 21 day treatment cycle. Paclitaxel would be stop	patients will be treated with nivolumab and ipilimumab in combination with weekly paclitaxel days 1 and 8 every 21 days until they experience unacceptable drug-related toxicity, disease progression or 24 months.  The dosing regimen will be: nivolumab 360 mg every 3 weeks, ipilimumab 1 mg/kg every 6 weeks, and paclitaxel 80 mg/m2 on days 1 and 8 of 1 21 day treatment cycle. Paclitaxel would be stop
NCT03609359	Objective Response Rate (ORR)	Lenvatinib + Pembrolizumab	29	2018_2021	bor	Advanced Gastric Cancer	1	1	1	TRIAL_SINGLE	NAMES_A_TUMOUR_TYPE	gastric	Advanced Gastric Cancer	trial lists exactly one condition	PHASE2	TRIAL_SINGLE	PHASE2		Lenvatinib + Pembrolizumab	EXPERIMENTAL	EXACT	1	False	NOT_CONTROL	registry arm 'Lenvatinib + Pembrolizumab' type=EXPERIMENTAL (EXACT match)		False	Lenvatinib and Pembrolizumab will be administrated simultaneously for advanced gastric cancer patients.  Lenvatinib: Lenvatinib will be administered with water orally once a day (with or without food) in 21-day cycles at approximately the same time each day. On Day 1 of each cycle, in case concomitantly administered, it will be administered approximately within 1 hour after completion of pembroliz	Lenvatinib and Pembrolizumab will be administrated simultaneously for advanced gastric cancer patients.
NCT03671564	Number of Participants With Best Response Following Administration of Milademetan in Participants With Relapsed or Refractory Acute Myeloid Leukemia	Milademetan (120 mg/Day)	1	2018_2021	bor	Acute Myeloid Leukemia	1	1	1	TRIAL_SINGLE	NAMES_A_TUMOUR_TYPE	acute myeloid leukemia	Acute Myeloid Leukemia	trial lists exactly one condition	PHASE1	TRIAL_SINGLE	PHASE1		Milademetan (120 mg/Day)	EXPERIMENTAL	EXACT	3	False	NOT_CONTROL	registry arm 'Milademetan (120 mg/Day)' type=EXPERIMENTAL (EXACT match)		False	Participants who received milademetan 120 mg daily (QD) Day 1 - 14 followed by 14-day rest in a 28-day cycle.	Participants who received milademetan 120 mg daily (QD) Day 1 - 14 followed by 14-day rest in a 28-day cycle.
NCT03671564	Number of Participants With Best Response Following Administration of Milademetan in Participants With Relapsed or Refractory Acute Myeloid Leukemia	Milademetan (90 mg/Day)	2	2018_2021	bor	Acute Myeloid Leukemia	1	1	1	TRIAL_SINGLE	NAMES_A_TUMOUR_TYPE	acute myeloid leukemia	Acute Myeloid Leukemia	trial lists exactly one condition	PHASE1	TRIAL_SINGLE	PHASE1		Milademetan (90 mg/Day)	EXPERIMENTAL	EXACT	3	False	NOT_CONTROL	registry arm 'Milademetan (90 mg/Day)' type=EXPERIMENTAL (EXACT match)		False	Participants who received milademetan 90 mg daily (QD) Day 1 - 14 followed by 14-day rest in a 28-day cycle.	Participants who received milademetan 90 mg daily (QD) Day 1 - 14 followed by 14-day rest in a 28-day cycle.
NCT03679754	Tumor Objective Response Rate (ORR)	Ad-RTS-hIL-12 + Veledimex	35	2018_2021	bor	Glioblastoma	1	1	1	TRIAL_SINGLE	NAMES_A_TUMOUR_TYPE	glioblastoma	Glioblastoma	trial lists exactly one condition	PHASE1	TRIAL_SINGLE	PHASE1		Ad-RTS-hIL-12 + veledimex	EXPERIMENTAL	NORMALIZED	1	False	NOT_CONTROL	registry arm 'Ad-RTS-hIL-12 + veledimex' type=EXPERIMENTAL (NORMALIZED match)		False	Intratumoral Ad-RTS-hIL-12 and oral veledimex  Ad-RTS-hIL-12:  \- intratumoral injection of Ad-RTS-hIL-12  veledimex: - 20mg/day  \- 15 oral daily doses of veledimex	Intratumoral Ad-RTS-hIL-12 and oral veledimex
NCT03711188	Best Overall Response (BOR) Using RECIST 1.1	Cohort A	11	2018_2021	bor	Melanoma	1	1	1	TRIAL_SINGLE	NAMES_A_TUMOUR_TYPE	melanoma	Melanoma	trial lists exactly one condition	PHASE2	TRIAL_SINGLE	PHASE2				NONE	1	False	NOT_CONTROL_SINGLE_ARM_TRIAL	trial registers 1 arm group(s)		False	Patients in cohort A were treatment-naive and were required to have had a tumour sample (archived tissue in the last 3 months or newly obtained biopsy) that was adequate for PD-L1 assessment prior to enrolment.  These 11 patients received IMM-101 in addition to Nivolumab.	
NCT03711188	Best Overall Response (BOR) Using RECIST 1.1	Cohort B	5	2018_2021	bor	Melanoma	1	1	1	TRIAL_SINGLE	NAMES_A_TUMOUR_TYPE	melanoma	Melanoma	trial lists exactly one condition	PHASE2	TRIAL_SINGLE	PHASE2				NONE	1	False	NOT_CONTROL_SINGLE_ARM_TRIAL	trial registers 1 arm group(s)		False	Patients in cohort B were either currently on (or had previously received) treatment with an anti-PD-1 therapy (monotherapy or in combination) for advanced melanoma and had progressive disease by RECIST 1.1 after at least 3 doses of anti-PD-1 given as monotherapy or at least 2 doses of anti-PD-1 given in combination regimes and had not received any therapy since for advanced melanoma.	
NCT03724890	Part A: Number of Participants With Confirmed Best Overall Response (BOR) as Assessed by Response Evaluation Criteria in Solid Tumors Version 1.1 (RECIST v1.1)	Part A: M3814 100 mg BID + Avelumab 800 mg Q2W	4	2018_2021	bor	Oncology ; Solid Tumors	2	2	2	GROUP_SPECIFIC	NOT_A_DISEASE_UMBRELLA	solid	Solid Tumors	group/arm/outcome text names exactly one of the trial conditions	PHASE1	TRIAL_SINGLE	PHASE1	Part A			NONE	3	False	UNKNOWN	no strong arm match (NONE) and no control language in the group record		False	Participants received 100 milligrams (mg) of M3814 orally twice daily (BID) along with 800 mg of Avelumab once every 2 weeks (Q2W) from Day 1 until progressive disease (PD) or unacceptable toxicity. M3814 will be administered without food.	
NCT03724890	Part A: Number of Participants With Confirmed Best Overall Response (BOR) as Assessed by Response Evaluation Criteria in Solid Tumors Version 1.1 (RECIST v1.1)	Part A: M3814 200 mg BID + Avelumab 800 mg Q2W	8	2018_2021	bor	Oncology ; Solid Tumors	2	2	2	GROUP_SPECIFIC	NOT_A_DISEASE_UMBRELLA	solid	Solid Tumors	group/arm/outcome text names exactly one of the trial conditions	PHASE1	TRIAL_SINGLE	PHASE1	Part A			NONE	3	False	UNKNOWN	no strong arm match (NONE) and no control language in the group record		False	Participants received 200 mg of M3814 orally BID along with 800 mg of Avelumab Q2W from Day 1 until PD or unacceptable toxicity. M3814 will be administered without food.	
NCT03724890	Part A: Number of Participants With Confirmed Best Overall Response (BOR) as Assessed by Response Evaluation Criteria in Solid Tumors Version 1.1 (RECIST v1.1)	Part A: M3814 250 mg BID + Avelumab 800 mg Q2W	1	2018_2021	bor	Oncology ; Solid Tumors	2	2	2	GROUP_SPECIFIC	NOT_A_DISEASE_UMBRELLA	solid	Solid Tumors	group/arm/outcome text names exactly one of the trial conditions	PHASE1	TRIAL_SINGLE	PHASE1	Part A			NONE	3	False	UNKNOWN	no strong arm match (NONE) and no control language in the group record		False	Participants received 250 mg of M3814 orally BID along with 800 mg of Avelumab Q2W from Day 1 until PD or unacceptable toxicity. M3814 will be administered without food.	
NCT03724890	Part A: Number of Participants With Confirmed Best Overall Response (BOR) as Assessed by Response Evaluation Criteria in Solid Tumors Version 1.1 (RECIST v1.1)	Part A: M3814 300 mg BID + Avelumab 800 mg Q2W	2	2018_2021	bor	Oncology ; Solid Tumors	2	2	2	GROUP_SPECIFIC	NOT_A_DISEASE_UMBRELLA	solid	Solid Tumors	group/arm/outcome text names exactly one of the trial conditions	PHASE1	TRIAL_SINGLE	PHASE1	Part A			NONE	3	False	UNKNOWN	no strong arm match (NONE) and no control language in the group record		False	Participants received 300 mg of M3814 orally BID along with 800 mg of Avelumab Q2W from Day 1 until PD or unacceptable toxicity. M3814 will be administered without food.	
NCT03724890	Part A: Number of Participants With Confirmed Best Overall Response (BOR) as Assessed by Response Evaluation Criteria in Solid Tumors Version 1.1 (RECIST v1.1)	Part A: M3814 400 mg BID + Avelumab 800 mg Q2W	2	2018_2021	bor	Oncology ; Solid Tumors	2	2	2	GROUP_SPECIFIC	NOT_A_DISEASE_UMBRELLA	solid	Solid Tumors	group/arm/outcome text names exactly one of the trial conditions	PHASE1	TRIAL_SINGLE	PHASE1	Part A			NONE	3	False	UNKNOWN	no strong arm match (NONE) and no control language in the group record		False	Participants received 400 mg of M3814 orally BID along with 800 mg of Avelumab Q2W from Day 1 until PD or unacceptable toxicity. M3814 will be administered without food.	
NCT03724890	Part B: Number of Participants With Confirmed Best Overall Response (BOR) as Assessed by Response Evaluation Criteria in Solid Tumors Version 1.1 (RECIST v1.1)	Part B: M3814 100 mg BID + Avelumab 800 mg Q2W + RT	3	2018_2021	bor	Oncology ; Solid Tumors	2	2	2	GROUP_SPECIFIC	NOT_A_DISEASE_UMBRELLA	solid	Solid Tumors	group/arm/outcome text names exactly one of the trial conditions	PHASE1	TRIAL_SINGLE	PHASE1	Part B			NONE	3	False	UNKNOWN	no strong arm match (NONE) and no control language in the group record		False	Participants received 100 mg of M3814 along with radiotherapy (RT) at 3 grays (Gy) once daily (QD) starting on Day 1 for 5 days per week for 2 weeks in combination with intravenous infusion of Avelumab at a dose of 800 mg Q2W starting from Day 1 until PD or unacceptable toxicity. M3814 will be administered without food.	
NCT03724890	Part B: Number of Participants With Confirmed Best Overall Response (BOR) as Assessed by Response Evaluation Criteria in Solid Tumors Version 1.1 (RECIST v1.1)	Part B: M3814 150 mg BID +Avelumab 800 mg Q2W + RT	3	2018_2021	bor	Oncology ; Solid Tumors	2	2	2	GROUP_SPECIFIC	NOT_A_DISEASE_UMBRELLA	solid	Solid Tumors	group/arm/outcome text names exactly one of the trial conditions	PHASE1	TRIAL_SINGLE	PHASE1	Part B			NONE	3	False	UNKNOWN	no strong arm match (NONE) and no control language in the group record		False	Participants received 150 mg of M3814 along with RT at 3 Gy QD starting on Day 1 for 5 days per week for 2 weeks in combination with intravenous infusion of Avelumab at a dose of 800 mg Q2W starting from Day 1 until PD or unacceptable toxicity. M3814 will be administered without food.	
NCT03724890	Part B: Number of Participants With Confirmed Best Overall Response (BOR) as Assessed by Response Evaluation Criteria in Solid Tumors Version 1.1 (RECIST v1.1)	Part B: M3814 200 mg BID + Avelumab 800 mg Q2W + RT	3	2018_2021	bor	Oncology ; Solid Tumors	2	2	2	GROUP_SPECIFIC	NOT_A_DISEASE_UMBRELLA	solid	Solid Tumors	group/arm/outcome text names exactly one of the trial conditions	PHASE1	TRIAL_SINGLE	PHASE1	Part B			NONE	3	False	UNKNOWN	no strong arm match (NONE) and no control language in the group record		False	Participants received 200 mg of M3814 along with RT at 3 Gy QD starting on Day 1 for 5 days per week for 2 weeks in combination with intravenous infusion of Avelumab at a dose of 800 mg Q2W starting from Day 1 until PD or unacceptable toxicity. M3814 will be administered without food.	
NCT03724890	Part B: Number of Participants With Confirmed Best Overall Response (BOR) as Assessed by Response Evaluation Criteria in Solid Tumors Version 1.1 (RECIST v1.1)	Part B: M3814 250 mg BID + Avelumab 800 mg Q2W + RT	5	2018_2021	bor	Oncology ; Solid Tumors	2	2	2	GROUP_SPECIFIC	NOT_A_DISEASE_UMBRELLA	solid	Solid Tumors	group/arm/outcome text names exactly one of the trial conditions	PHASE1	TRIAL_SINGLE	PHASE1	Part B			NONE	3	False	UNKNOWN	no strong arm match (NONE) and no control language in the group record		False	Participants received 250 mg of M3814 along with RT at 3 Gy QD starting on Day 1 for 5 days per week for 2 weeks in combination with intravenous infusion of Avelumab at a dose of 800 mg Q2W starting from Day 1 until PD or unacceptable toxicity. M3814 will be administered without food.	
NCT03724890	Part FE: Number of Participants With Confirmed Best Overall Response (BOR) as Assessed by Response Evaluation Criteria in Solid Tumors Version 1.1 (RECIST v1.1)	Part Food Effect: M3814 100 mg BID + Avelumab 800 mg Q2W	3	2018_2021	bor	Oncology ; Solid Tumors	2	2	2	GROUP_SPECIFIC	NOT_A_DISEASE_UMBRELLA	solid	Solid Tumors	group/arm/outcome text names exactly one of the trial conditions	PHASE1	TRIAL_SINGLE	PHASE1				NONE	3	False	UNKNOWN	no strong arm match (NONE) and no control language in the group record		False	Participants were administered 100 mg M3814 tablet orally BID in combination with i.v of avelumab at a dose of 800 mg Q2W throughout the whole study under fasted condition with the exception of fed condition on Day 1 and Day 22. The summary statistics for demographics, safety and efficacy is based on dose level but not fast/fed condition which is not fit for purpose.	
NCT03724890	Part FE: Number of Participants With Confirmed Best Overall Response (BOR) as Assessed by Response Evaluation Criteria in Solid Tumors Version 1.1 (RECIST v1.1)	Part Food Effect: M3814 200 mg BID + Avelumab 800 mg Q2W	3	2018_2021	bor	Oncology ; Solid Tumors	2	2	2	GROUP_SPECIFIC	NOT_A_DISEASE_UMBRELLA	solid	Solid Tumors	group/arm/outcome text names exactly one of the trial conditions	PHASE1	TRIAL_SINGLE	PHASE1				NONE	3	False	UNKNOWN	no strong arm match (NONE) and no control language in the group record		False	Participants were administered 200 mg M3814 tablet orally BID in combination with i.v of avelumab at a dose of 800 mg Q2W throughout the whole study under fasted condition with the exception of fed condition on Day 1 and Day 22. The summary statistics for demographics, safety and efficacy is based on dose level but not fast/fed condition which is not fit for purpose.	
NCT03750786	Overall Response Rate	Group A	231	2018_2021	bor	Colo-rectal Cancer	1	1	1	TRIAL_SINGLE	NAMES_A_TUMOUR_TYPE	colo rectal	Colo-rectal Cancer	trial lists exactly one condition	PHASE3	TRIAL_SINGLE	PHASE3		Group A	EXPERIMENTAL	EXACT	2	True	NOT_CONTROL	registry arm 'Group A' type=EXPERIMENTAL (EXACT match)		False	ARFOX (Arfolitixorin and 5-FU and Oxaliplatin) and Bevacizumab  Arfolitixorin: Arfolitixorin and 5-FU and Oxaliplatin and Bevacizumab	ARFOX (Arfolitixorin and 5-FU and Oxaliplatin) and Bevacizumab
NCT03750786	Overall Response Rate	Group B	218	2018_2021	bor	Colo-rectal Cancer	1	1	1	TRIAL_SINGLE	NAMES_A_TUMOUR_TYPE	colo rectal	Colo-rectal Cancer	trial lists exactly one condition	PHASE3	TRIAL_SINGLE	PHASE3		Group B	ACTIVE_COMPARATOR	EXACT	2	True	CONTROL_ACTIVE_COMPARATOR	registry arm 'Group B' type=ACTIVE_COMPARATOR (EXACT match)		False	mFOLFOX-6 (Leucovorin and 5-FU and Oxaliplatin) and Bevacizumab  Leucovorin: Leucovorin and 5-FU and Oxaliplatin and Bevacizumab	mFOLFOX-6 (Leucovorin and 5-FU and Oxaliplatin) and Bevacizumab
NCT03761914	Overall Response Rate (ORR) - Best Overall Response	Ovarian Cancer (OvC)	16	2018_2021	bor	Acute Myelogenous Leukemia ; Ovarian Cancer ; Colorectal Cancer ; Triple-negative Breast Cancer ; Small-cell Lung Cancer	5	5	5	MIXED	UNASSIGNABLE			5 distinct disease keys at trial level, no single-disease group evidence	PHASE1/PHASE2	MIXED	PHASE1/PHASE2		Ovarian Cancer (OvC)	EXPERIMENTAL	EXACT	5	False	NOT_CONTROL	registry arm 'Ovarian Cancer (OvC)' type=EXPERIMENTAL (EXACT match)		False	* Metastatic platinum-resistant or refractory OvC previously treated with ≥1 line of prior platinum-containing therapy * Galinpepimut-S + Montanide + GM-CSF + pembrolizumab	* N=20 (planned); * Metastatic platinum-resistant or refractory OvC previously treated with ≥1 line of prior platinum-containing therapy * Galinpepimut-S + Montanide + GM-CSF + pembrolizumab
NCT03829501	Best Overall Response (BOR) Per RECIST 1.1	Alomfilimab 0.8 mg	4	2018_2021	bor	Squamous Cell Carcinoma of Head and Neck ; Non-small Cell Lung Cancer ; Hepatocellular Carcinoma ; Esophageal Cancer ; Gastric Cancer ; Melanoma ; Renal Cell Carcinoma ; Pancreatic Cancer ; Cervical Cancer ; Triple Negative Breast Cancer ; Advanced Cancer ; Metastatic Cancer	12	12	12	MIXED	UNASSIGNABLE			12 distinct disease keys at trial level, no single-disease group evidence	PHASE1/PHASE2	MIXED	PHASE1/PHASE2				NONE	4	False	UNKNOWN	no strong arm match (NONE) and no control language in the group record		False	Participants received alomfilimab 0.8 mg as a single agent via IV infusion Q3W. The participants continued treatment with alomfilimab within this clinical study, as long as they continued to derive benefit from treatment, until the participant experienced unacceptable toxicity or confirmed PD per iRECIST.	
NCT03829501	Best Overall Response (BOR) Per RECIST 1.1	Alomfilimab 0.8 mg + Atezolizumab	4	2018_2021	bor	Squamous Cell Carcinoma of Head and Neck ; Non-small Cell Lung Cancer ; Hepatocellular Carcinoma ; Esophageal Cancer ; Gastric Cancer ; Melanoma ; Renal Cell Carcinoma ; Pancreatic Cancer ; Cervical Cancer ; Triple Negative Breast Cancer ; Advanced Cancer ; Metastatic Cancer	12	12	12	MIXED	UNASSIGNABLE			12 distinct disease keys at trial level, no single-disease group evidence	PHASE1/PHASE2	MIXED	PHASE1/PHASE2				NONE	4	False	UNKNOWN	no strong arm match (NONE) and no control language in the group record		False	Participants received alomfilimab 0.8 mg in combination with atezolizumab 1200 mg via IV infusion Q3W. The participants continued treatment with alomfilimab in combination with atezolizumab within this clinical study, as long as they continued to derive benefit from treatment, until the participant experienced unacceptable toxicity or confirmed PD per iRECIST.	
NCT03829501	Best Overall Response (BOR) Per RECIST 1.1	Alomfilimab 2.4 mg	3	2018_2021	bor	Squamous Cell Carcinoma of Head and Neck ; Non-small Cell Lung Cancer ; Hepatocellular Carcinoma ; Esophageal Cancer ; Gastric Cancer ; Melanoma ; Renal Cell Carcinoma ; Pancreatic Cancer ; Cervical Cancer ; Triple Negative Breast Cancer ; Advanced Cancer ; Metastatic Cancer	12	12	12	MIXED	UNASSIGNABLE			12 distinct disease keys at trial level, no single-disease group evidence	PHASE1/PHASE2	MIXED	PHASE1/PHASE2				NONE	4	False	UNKNOWN	no strong arm match (NONE) and no control language in the group record		False	Participants received alomfilimab 2.4 mg as a single agent via IV infusion Q3W. The participants continued treatment with alomfilimab within this clinical study, as long as they continued to derive benefit from treatment, until the participant experienced unacceptable toxicity or confirmed PD per iRECIST.	
NCT03829501	Best Overall Response (BOR) Per RECIST 1.1	Alomfilimab 2.4 mg + Atezolizumab	36	2018_2021	bor	Squamous Cell Carcinoma of Head and Neck ; Non-small Cell Lung Cancer ; Hepatocellular Carcinoma ; Esophageal Cancer ; Gastric Cancer ; Melanoma ; Renal Cell Carcinoma ; Pancreatic Cancer ; Cervical Cancer ; Triple Negative Breast Cancer ; Advanced Cancer ; Metastatic Cancer	12	12	12	MIXED	UNASSIGNABLE			12 distinct disease keys at trial level, no single-disease group evidence	PHASE1/PHASE2	MIXED	PHASE1/PHASE2				NONE	4	False	UNKNOWN	no strong arm match (NONE) and no control language in the group record		False	Participants received alomfilimab 2.4 mg in combination with atezolizumab 1200 mg via IV infusion Q3W. The participants continued treatment with alomfilimab in combination with atezolizumab within this clinical study, as long as they continued to derive benefit from treatment, until the participant experienced unacceptable toxicity or confirmed PD per iRECIST.	
NCT03829501	Best Overall Response (BOR) Per RECIST 1.1	Alomfilimab 2.4 mg + Atezolizumab in Anti-PD-(L)1 Naïve Pancreatic Cancer	15	2018_2021	bor	Squamous Cell Carcinoma of Head and Neck ; Non-small Cell Lung Cancer ; Hepatocellular Carcinoma ; Esophageal Cancer ; Gastric Cancer ; Melanoma ; Renal Cell Carcinoma ; Pancreatic Cancer ; Cervical Cancer ; Triple Negative Breast Cancer ; Advanced Cancer ; Metastatic Cancer	12	12	12	GROUP_SPECIFIC	NAMES_A_TUMOUR_TYPE	pancreatic	Pancreatic Cancer	group/arm/outcome text names exactly one of the trial conditions	PHASE1/PHASE2	MIXED	PHASE1/PHASE2				NONE	4	False	UNKNOWN	no strong arm match (NONE) and no control language in the group record		False	Anti-PD-(L)1 naïve participants with pancreatic cancer received alomfilimab 2.4 mg in combination with atezolizumab 1200 mg via IV infusion Q3W. The participants continued treatment with alomfilimab in combination with atezolizumab within this clinical study, as long as they continued to derive benefit from treatment, until the participant experienced unacceptable toxicity or confirmed PD per iREC	
NCT03829501	Best Overall Response (BOR) Per RECIST 1.1	Alomfilimab 2.4 mg + Atezolizumab in Anti-PD-(L)1 Naïve Triple Negative BC	6	2018_2021	bor	Squamous Cell Carcinoma of Head and Neck ; Non-small Cell Lung Cancer ; Hepatocellular Carcinoma ; Esophageal Cancer ; Gastric Cancer ; Melanoma ; Renal Cell Carcinoma ; Pancreatic Cancer ; Cervical Cancer ; Triple Negative Breast Cancer ; Advanced Cancer ; Metastatic Cancer	12	12	12	MIXED	UNASSIGNABLE			12 distinct disease keys at trial level, no single-disease group evidence	PHASE1/PHASE2	MIXED	PHASE1/PHASE2				NONE	4	False	UNKNOWN	no strong arm match (NONE) and no control language in the group record		False	Anti-PD-(L)1 naïve participants with triple negative BC received alomfilimab 2.4 mg in combination with atezolizumab 1200 mg via IV infusion Q3W. The participants continued treatment with alomfilimab in combination with atezolizumab within this clinical study, as long as they continued to derive benefit from treatment, until the participant experienced unacceptable toxicity or confirmed PD per iRE	
NCT03829501	Best Overall Response (BOR) Per RECIST 1.1	Alomfilimab 2.4 mg + Atezolizumab in Anti-PD-(L)1 Pre-treated Pancreatic Cancer	1	2018_2021	bor	Squamous Cell Carcinoma of Head and Neck ; Non-small Cell Lung Cancer ; Hepatocellular Carcinoma ; Esophageal Cancer ; Gastric Cancer ; Melanoma ; Renal Cell Carcinoma ; Pancreatic Cancer ; Cervical Cancer ; Triple Negative Breast Cancer ; Advanced Cancer ; Metastatic Cancer	12	12	12	GROUP_SPECIFIC	NAMES_A_TUMOUR_TYPE	pancreatic	Pancreatic Cancer	group/arm/outcome text names exactly one of the trial conditions	PHASE1/PHASE2	MIXED	PHASE1/PHASE2				NONE	4	False	UNKNOWN	no strong arm match (NONE) and no control language in the group record		False	Participants with pre-treated pancreatic cancer received alomfilimab 2.4 mg in combination with atezolizumab 1200 mg via IV infusion Q3W. The participants continued treatment with alomfilimab in combination with atezolizumab within this clinical study, as long as they continued to derive benefit from treatment, until the participant experienced unacceptable toxicity or confirmed PD per iRECIST.	
NCT03829501	Best Overall Response (BOR) Per RECIST 1.1	Alomfilimab 2.4 mg + Atezolizumab in Anti-PD-(L)1 Pre-treated Triple Negative BC	1	2018_2021	bor	Squamous Cell Carcinoma of Head and Neck ; Non-small Cell Lung Cancer ; Hepatocellular Carcinoma ; Esophageal Cancer ; Gastric Cancer ; Melanoma ; Renal Cell Carcinoma ; Pancreatic Cancer ; Cervical Cancer ; Triple Negative Breast Cancer ; Advanced Cancer ; Metastatic Cancer	12	12	12	MIXED	UNASSIGNABLE			12 distinct disease keys at trial level, no single-disease group evidence	PHASE1/PHASE2	MIXED	PHASE1/PHASE2				NONE	4	False	UNKNOWN	no strong arm match (NONE) and no control language in the group record		False	Participants with pre-treated triple negative BC received alomfilimab 2.4 mg in combination with atezolizumab 1200 mg via IV infusion Q3W. The participants continued treatment with alomfilimab in combination with atezolizumab within this clinical study, as long as they continued to derive benefit from treatment, until the participant experienced unacceptable toxicity or confirmed PD per iRECIST.	
NCT03829501	Best Overall Response (BOR) Per RECIST 1.1	Alomfilimab 24 mg	5	2018_2021	bor	Squamous Cell Carcinoma of Head and Neck ; Non-small Cell Lung Cancer ; Hepatocellular Carcinoma ; Esophageal Cancer ; Gastric Cancer ; Melanoma ; Renal Cell Carcinoma ; Pancreatic Cancer ; Cervical Cancer ; Triple Negative Breast Cancer ; Advanced Cancer ; Metastatic Cancer	12	12	12	MIXED	UNASSIGNABLE			12 distinct disease keys at trial level, no single-disease group evidence	PHASE1/PHASE2	MIXED	PHASE1/PHASE2				NONE	4	False	UNKNOWN	no strong arm match (NONE) and no control language in the group record		False	Participants received alomfilimab 24 mg as a single agent via IV infusion Q3W. The participants continued treatment with alomfilimab within this clinical study, as long as they continued to derive benefit from treatment, until the participant experienced unacceptable toxicity or confirmed PD per iRECIST.	
NCT03829501	Best Overall Response (BOR) Per RECIST 1.1	Alomfilimab 24 mg + Atezolizumab	9	2018_2021	bor	Squamous Cell Carcinoma of Head and Neck ; Non-small Cell Lung Cancer ; Hepatocellular Carcinoma ; Esophageal Cancer ; Gastric Cancer ; Melanoma ; Renal Cell Carcinoma ; Pancreatic Cancer ; Cervical Cancer ; Triple Negative Breast Cancer ; Advanced Cancer ; Metastatic Cancer	12	12	12	MIXED	UNASSIGNABLE			12 distinct disease keys at trial level, no single-disease group evidence	PHASE1/PHASE2	MIXED	PHASE1/PHASE2				NONE	4	False	UNKNOWN	no strong arm match (NONE) and no control language in the group record		False	Participants received alomfilimab 24 mg in combination with atezolizumab 1200 mg via IV infusion Q3W. The participants continued treatment with alomfilimab in combination with atezolizumab within this clinical study, as long as they continued to derive benefit from treatment, until the participant experienced unacceptable toxicity or confirmed PD per iRECIST.	
NCT03829501	Best Overall Response (BOR) Per RECIST 1.1	Alomfilimab 24 mg + Atezolizumab in Anti-PD-(L)1 Naïve HNSCC	3	2018_2021	bor	Squamous Cell Carcinoma of Head and Neck ; Non-small Cell Lung Cancer ; Hepatocellular Carcinoma ; Esophageal Cancer ; Gastric Cancer ; Melanoma ; Renal Cell Carcinoma ; Pancreatic Cancer ; Cervical Cancer ; Triple Negative Breast Cancer ; Advanced Cancer ; Metastatic Cancer	12	12	12	MIXED	UNASSIGNABLE			12 distinct disease keys at trial level, no single-disease group evidence	PHASE1/PHASE2	MIXED	PHASE1/PHASE2				NONE	4	False	UNKNOWN	no strong arm match (NONE) and no control language in the group record		False	Anti-PD-(L)1 naïve participants with HNSCC received alomfilimab 24 mg in combination with atezolizumab 1200 mg via IV infusion Q3W. The participants continued treatment with alomfilimab in combination with atezolizumab within this clinical study, as long as they continued to derive benefit from treatment, until the participant experienced unacceptable toxicity or confirmed PD per iRECIST.	
NCT03829501	Best Overall Response (BOR) Per RECIST 1.1	Alomfilimab 24 mg + Atezolizumab in Anti-PD-(L)1 Pre-treated HNSCC	7	2018_2021	bor	Squamous Cell Carcinoma of Head and Neck ; Non-small Cell Lung Cancer ; Hepatocellular Carcinoma ; Esophageal Cancer ; Gastric Cancer ; Melanoma ; Renal Cell Carcinoma ; Pancreatic Cancer ; Cervical Cancer ; Triple Negative Breast Cancer ; Advanced Cancer ; Metastatic Cancer	12	12	12	MIXED	UNASSIGNABLE			12 distinct disease keys at trial level, no single-disease group evidence	PHASE1/PHASE2	MIXED	PHASE1/PHASE2				NONE	4	False	UNKNOWN	no strong arm match (NONE) and no control language in the group record		False	Participants with pre-treated HNSCC received alomfilimab 24 mg in combination with atezolizumab 1200 mg via IV infusion Q3W. The participants continued treatment with alomfilimab in combination with atezolizumab within this clinical study, as long as they continued to derive benefit from treatment, until the participant experienced unacceptable toxicity or confirmed PD per iRECIST.	
NCT03829501	Best Overall Response (BOR) Per RECIST 1.1	Alomfilimab 240 mg	5	2018_2021	bor	Squamous Cell Carcinoma of Head and Neck ; Non-small Cell Lung Cancer ; Hepatocellular Carcinoma ; Esophageal Cancer ; Gastric Cancer ; Melanoma ; Renal Cell Carcinoma ; Pancreatic Cancer ; Cervical Cancer ; Triple Negative Breast Cancer ; Advanced Cancer ; Metastatic Cancer	12	12	12	MIXED	UNASSIGNABLE			12 distinct disease keys at trial level, no single-disease group evidence	PHASE1/PHASE2	MIXED	PHASE1/PHASE2				NONE	4	False	UNKNOWN	no strong arm match (NONE) and no control language in the group record		False	Participants received alomfilimab 240 mg as a single agent via IV infusion Q3W. The participants continued treatment with alomfilimab within this clinical study, as long as they continued to derive benefit from treatment, until the participant experienced unacceptable toxicity or confirmed PD per iRECIST.	
NCT03829501	Best Overall Response (BOR) Per RECIST 1.1	Alomfilimab 8 mg	9	2018_2021	bor	Squamous Cell Carcinoma of Head and Neck ; Non-small Cell Lung Cancer ; Hepatocellular Carcinoma ; Esophageal Cancer ; Gastric Cancer ; Melanoma ; Renal Cell Carcinoma ; Pancreatic Cancer ; Cervical Cancer ; Triple Negative Breast Cancer ; Advanced Cancer ; Metastatic Cancer	12	12	12	MIXED	UNASSIGNABLE			12 distinct disease keys at trial level, no single-disease group evidence	PHASE1/PHASE2	MIXED	PHASE1/PHASE2				NONE	4	False	UNKNOWN	no strong arm match (NONE) and no control language in the group record		False	Participants received alomfilimab 8 mg as a single agent via IV infusion Q3W. The participants continued treatment with alomfilimab within this clinical study, as long as they continued to derive benefit from treatment, until the participant experienced unacceptable toxicity or confirmed PD per iRECIST.	
NCT03829501	Best Overall Response (BOR) Per RECIST 1.1	Alomfilimab 8 mg + Atezolizumab	32	2018_2021	bor	Squamous Cell Carcinoma of Head and Neck ; Non-small Cell Lung Cancer ; Hepatocellular Carcinoma ; Esophageal Cancer ; Gastric Cancer ; Melanoma ; Renal Cell Carcinoma ; Pancreatic Cancer ; Cervical Cancer ; Triple Negative Breast Cancer ; Advanced Cancer ; Metastatic Cancer	12	12	12	MIXED	UNASSIGNABLE			12 distinct disease keys at trial level, no single-disease group evidence	PHASE1/PHASE2	MIXED	PHASE1/PHASE2				NONE	4	False	UNKNOWN	no strong arm match (NONE) and no control language in the group record		False	Participants received alomfilimab 8 mg in combination with atezolizumab 1200 mg via IV infusion Q3W. The participants continued treatment with alomfilimab in combination with atezolizumab within this clinical study, as long as they continued to derive benefit from treatment, until the participant experienced unacceptable toxicity or confirmed PD per iRECIST.	
NCT03829501	Best Overall Response (BOR) Per RECIST 1.1	Alomfilimab 8 mg + Atezolizumab in Anti-PD-(L)1 Naïve HNSCC	4	2018_2021	bor	Squamous Cell Carcinoma of Head and Neck ; Non-small Cell Lung Cancer ; Hepatocellular Carcinoma ; Esophageal Cancer ; Gastric Cancer ; Melanoma ; Renal Cell Carcinoma ; Pancreatic Cancer ; Cervical Cancer ; Triple Negative Breast Cancer ; Advanced Cancer ; Metastatic Cancer	12	12	12	MIXED	UNASSIGNABLE			12 distinct disease keys at trial level, no single-disease group evidence	PHASE1/PHASE2	MIXED	PHASE1/PHASE2				NONE	4	False	UNKNOWN	no strong arm match (NONE) and no control language in the group record		False	Anti-PD-(L)1 naïve participants with HNSCC received alomfilimab 8 mg in combination with atezolizumab 1200 mg via IV infusion Q3W. The participants continued treatment with alomfilimab in combination with atezolizumab within this clinical study, as long as they continued to derive benefit from treatment, until the participant experienced unacceptable toxicity or confirmed PD per iRECIST.	
NCT03829501	Best Overall Response (BOR) Per RECIST 1.1	Alomfilimab 8 mg + Atezolizumab in Anti-PD-(L)1 Naïve Pancreatic Cancer	11	2018_2021	bor	Squamous Cell Carcinoma of Head and Neck ; Non-small Cell Lung Cancer ; Hepatocellular Carcinoma ; Esophageal Cancer ; Gastric Cancer ; Melanoma ; Renal Cell Carcinoma ; Pancreatic Cancer ; Cervical Cancer ; Triple Negative Breast Cancer ; Advanced Cancer ; Metastatic Cancer	12	12	12	GROUP_SPECIFIC	NAMES_A_TUMOUR_TYPE	pancreatic	Pancreatic Cancer	group/arm/outcome text names exactly one of the trial conditions	PHASE1/PHASE2	MIXED	PHASE1/PHASE2				NONE	4	False	UNKNOWN	no strong arm match (NONE) and no control language in the group record		False	Anti-PD-(L)1 naïve participants with pancreatic cancer received alomfilimab 8 mg in combination with atezolizumab 1200 mg via IV infusion Q3W. The participants continued treatment with alomfilimab in combination with atezolizumab within this clinical study, as long as they continued to derive benefit from treatment, until the participant experienced unacceptable toxicity or confirmed PD per iRECIS	
NCT03829501	Best Overall Response (BOR) Per RECIST 1.1	Alomfilimab 8 mg + Atezolizumab in Anti-PD-(L)1 Naïve Triple Negative BC	13	2018_2021	bor	Squamous Cell Carcinoma of Head and Neck ; Non-small Cell Lung Cancer ; Hepatocellular Carcinoma ; Esophageal Cancer ; Gastric Cancer ; Melanoma ; Renal Cell Carcinoma ; Pancreatic Cancer ; Cervical Cancer ; Triple Negative Breast Cancer ; Advanced Cancer ; Metastatic Cancer	12	12	12	MIXED	UNASSIGNABLE			12 distinct disease keys at trial level, no single-disease group evidence	PHASE1/PHASE2	MIXED	PHASE1/PHASE2				NONE	4	False	UNKNOWN	no strong arm match (NONE) and no control language in the group record		False	Anti-PD-(L)1 naïve participants with triple negative BC received alomfilimab 8 mg in combination with atezolizumab 1200 mg via IV infusion Q3W. The participants continued treatment with alomfilimab in combination with atezolizumab within this clinical study, as long as they continued to derive benefit from treatment, until the participant experienced unacceptable toxicity or confirmed PD per iRECI	
NCT03829501	Best Overall Response (BOR) Per RECIST 1.1	Alomfilimab 8 mg + Atezolizumab in Anti-PD-(L)1 Pre-treated HNSCC	3	2018_2021	bor	Squamous Cell Carcinoma of Head and Neck ; Non-small Cell Lung Cancer ; Hepatocellular Carcinoma ; Esophageal Cancer ; Gastric Cancer ; Melanoma ; Renal Cell Carcinoma ; Pancreatic Cancer ; Cervical Cancer ; Triple Negative Breast Cancer ; Advanced Cancer ; Metastatic Cancer	12	12	12	MIXED	UNASSIGNABLE			12 distinct disease keys at trial level, no single-disease group evidence	PHASE1/PHASE2	MIXED	PHASE1/PHASE2				NONE	4	False	UNKNOWN	no strong arm match (NONE) and no control language in the group record		False	Participants with pre-treated HNSCC received alomfilimab 8 mg in combination with atezolizumab 1200 mg via IV infusion Q3W. The participants continued treatment with alomfilimab in combination with atezolizumab within this clinical study, as long as they continued to derive benefit from treatment, until the participant experienced unacceptable toxicity or confirmed PD per iRECIST.	
NCT03829501	Best Overall Response (BOR) Per RECIST 1.1	Alomfilimab 8 mg + Atezolizumab in Anti-PD-(L)1 Pre-treated Pancreatic Cancer	1	2018_2021	bor	Squamous Cell Carcinoma of Head and Neck ; Non-small Cell Lung Cancer ; Hepatocellular Carcinoma ; Esophageal Cancer ; Gastric Cancer ; Melanoma ; Renal Cell Carcinoma ; Pancreatic Cancer ; Cervical Cancer ; Triple Negative Breast Cancer ; Advanced Cancer ; Metastatic Cancer	12	12	12	GROUP_SPECIFIC	NAMES_A_TUMOUR_TYPE	pancreatic	Pancreatic Cancer	group/arm/outcome text names exactly one of the trial conditions	PHASE1/PHASE2	MIXED	PHASE1/PHASE2				NONE	4	False	UNKNOWN	no strong arm match (NONE) and no control language in the group record		False	Participants with pre-treated pancreatic cancer received alomfilimab 8 mg in combination with atezolizumab 1200 mg via IV infusion Q3W. The participants continued treatment with alomfilimab in combination with atezolizumab within this clinical study, as long as they continued to derive benefit from treatment, until the participant experienced unacceptable toxicity or confirmed PD per iRECIST.	
NCT03829501	Best Overall Response (BOR) Per RECIST 1.1	Alomfilimab 8 mg + Atezolizumab in Anti-PD-(L)1 Pre-treated Triple Negative BC	5	2018_2021	bor	Squamous Cell Carcinoma of Head and Neck ; Non-small Cell Lung Cancer ; Hepatocellular Carcinoma ; Esophageal Cancer ; Gastric Cancer ; Melanoma ; Renal Cell Carcinoma ; Pancreatic Cancer ; Cervical Cancer ; Triple Negative Breast Cancer ; Advanced Cancer ; Metastatic Cancer	12	12	12	MIXED	UNASSIGNABLE			12 distinct disease keys at trial level, no single-disease group evidence	PHASE1/PHASE2	MIXED	PHASE1/PHASE2				NONE	4	False	UNKNOWN	no strong arm match (NONE) and no control language in the group record		False	Participants with pre-treated triple negative BC received alomfilimab 8 mg in combination with atezolizumab 1200 mg via IV infusion Q3W. The participants continued treatment with alomfilimab in combination with atezolizumab within this clinical study, as long as they continued to derive benefit from treatment, until the participant experienced unacceptable toxicity or confirmed PD per iRECIST.	
NCT03829501	Best Overall Response (BOR) Per RECIST 1.1	Alomfilimab 80 mg	6	2018_2021	bor	Squamous Cell Carcinoma of Head and Neck ; Non-small Cell Lung Cancer ; Hepatocellular Carcinoma ; Esophageal Cancer ; Gastric Cancer ; Melanoma ; Renal Cell Carcinoma ; Pancreatic Cancer ; Cervical Cancer ; Triple Negative Breast Cancer ; Advanced Cancer ; Metastatic Cancer	12	12	12	MIXED	UNASSIGNABLE			12 distinct disease keys at trial level, no single-disease group evidence	PHASE1/PHASE2	MIXED	PHASE1/PHASE2				NONE	4	False	UNKNOWN	no strong arm match (NONE) and no control language in the group record		False	Participants received alomfilimab 80 mg as a single agent via IV infusion Q3W. The participants continued treatment with alomfilimab within this clinical study, as long as they continued to derive benefit from treatment, until the participant experienced unacceptable toxicity or confirmed PD per iRECIST.	
NCT03829501	Best Overall Response (BOR) Per RECIST 1.1	Alomfilimab 80 mg + Atezolizumab	6	2018_2021	bor	Squamous Cell Carcinoma of Head and Neck ; Non-small Cell Lung Cancer ; Hepatocellular Carcinoma ; Esophageal Cancer ; Gastric Cancer ; Melanoma ; Renal Cell Carcinoma ; Pancreatic Cancer ; Cervical Cancer ; Triple Negative Breast Cancer ; Advanced Cancer ; Metastatic Cancer	12	12	12	MIXED	UNASSIGNABLE			12 distinct disease keys at trial level, no single-disease group evidence	PHASE1/PHASE2	MIXED	PHASE1/PHASE2				NONE	4	False	UNKNOWN	no strong arm match (NONE) and no control language in the group record		False	Participants received alomfilimab 80 mg in combination with atezolizumab 1200 mg via IV infusion Q3W. The participants continued treatment with alomfilimab in combination with atezolizumab within this clinical study, as long as they continued to derive benefit from treatment, until the participant experienced unacceptable toxicity or confirmed PD per iRECIST.	
NCT03854227	Part 2: Number of Participants With Best Overall Response (BOR) Based on Investigator Assessment (RECIST, Version 1.1)	Part 2A: [2L+ Non-small Cell Lung Cancer (NSCLC)] PF-06939999 6mg QD	9	2018_2021	bor	Advanced Solid Tumors ; Metastatic Solid Tumors	2	1	1	TRIAL_SINGLE_AFTER_COLLAPSE	NOT_A_DISEASE_UMBRELLA	solid	Advanced Solid Tumors	trial conditions collapse to one disease key: Advanced Solid Tumors ; Metastatic Solid Tumors	PHASE1	TRIAL_SINGLE	PHASE1	Part 2			NONE	6	False	UNKNOWN	no strong arm match (NONE) and no control language in the group record		False	Part 2 is dose expansion part. Participants with NSCLC who had progressed after at least 1 line of checkpoint inhibitors and 1 line of platinum based chemotherapy (2L+) received PF-06939999 6 mg QD in 28-day cycles up to 2 years or until disease progression.	
NCT03854227	Part 2: Number of Participants With Best Overall Response (BOR) Based on Investigator Assessment (RECIST, Version 1.1)	Part 2B: (2L+ Urothelial Carcinoma) PF-06939999 6mg QD	2	2018_2021	bor	Advanced Solid Tumors ; Metastatic Solid Tumors	2	1	1	TRIAL_SINGLE_AFTER_COLLAPSE	NOT_A_DISEASE_UMBRELLA	solid	Advanced Solid Tumors	trial conditions collapse to one disease key: Advanced Solid Tumors ; Metastatic Solid Tumors	PHASE1	TRIAL_SINGLE	PHASE1	Phase 2	Urothelial carcinoma	EXPERIMENTAL	CONTAINMENT	6	False	UNKNOWN_WEAK_MATCH_ONLY	only a substring match to registry arm 'Urothelial carcinoma' (type=EXPERIMENTAL); not group-supported		False	Participants with urothelial carcinoma who had progressed after at least 1 line of standard of care systemic chemotherapy (cisplatin/carboplatin+ Gemcitabine; or methotrexate/vinblastine sulfate/doxorubicin hydrochloride/cisplatin \[MVAC\]) and checkpoint inhibitor (2L+) received PF-06939999 6 mg QD in 28-day cycles up to 2 years or until disease progression.	Participants will receive PF-06939999 at the recommended Phase 2 dose in 28 day cycles on a continuous basis
NCT03854227	Part 2: Number of Participants With Best Overall Response (BOR) Based on Investigator Assessment (RECIST, Version 1.1)	Part 2C: [2L+ Head and Neck Squamous Cell Carcinoma (HNSCC)] PF-06939999 6mg QD	8	2018_2021	bor	Advanced Solid Tumors ; Metastatic Solid Tumors	2	1	1	TRIAL_SINGLE_AFTER_COLLAPSE	NOT_A_DISEASE_UMBRELLA	solid	Advanced Solid Tumors	trial conditions collapse to one disease key: Advanced Solid Tumors ; Metastatic Solid Tumors	PHASE1	TRIAL_SINGLE	PHASE1	Phase 2	Head and neck squamous cell carcinoma	EXPERIMENTAL	CONTAINMENT	6	False	UNKNOWN_WEAK_MATCH_ONLY	only a substring match to registry arm 'Head and neck squamous cell carcinoma' (type=EXPERIMENTAL); not group-supported		False	Participants with HNSCC who had progressed after at least 1 line of standard of care systemic chemotherapy and 1 line of checkpoint inhibitor (2L+) received PF-06939999 6 mg QD in 28-day cycles up to 2 years or until disease progression.	Participants will receive PF-06939999 at the recommended Phase 2 dose in 28 day cycles on a continuous basis
NCT03894540	Best Overall Response (BOR) in Part A	IPN60090 120 mg	4	2018_2021	bor	Solid Tumor	1	1	1	TRIAL_SINGLE	NOT_A_DISEASE_UMBRELLA	solid	Solid Tumor	trial lists exactly one condition	PHASE1	TRIAL_SINGLE	PHASE1	Part A	IPN60090	EXPERIMENTAL	CONTAINMENT	4	False	UNKNOWN_WEAK_MATCH_ONLY	only a substring match to registry arm 'IPN60090' (type=EXPERIMENTAL); not group-supported		False	Participants received IPN60090 120 mg capsules orally BID up to Cycle 9 in Part A of the study.	Part 1: Dose escalation of IPN60090, Part 2: Dose expansion  IPN60090 given as a Bis in Die (BID) oral dose administered up to Maximum Tolerated Dose (MTD) over a 21-day cycle
NCT03894540	Best Overall Response (BOR) in Part A	IPN60090 180 mg	11	2018_2021	bor	Solid Tumor	1	1	1	TRIAL_SINGLE	NOT_A_DISEASE_UMBRELLA	solid	Solid Tumor	trial lists exactly one condition	PHASE1	TRIAL_SINGLE	PHASE1	Part A	IPN60090	EXPERIMENTAL	CONTAINMENT	4	False	UNKNOWN_WEAK_MATCH_ONLY	only a substring match to registry arm 'IPN60090' (type=EXPERIMENTAL); not group-supported		False	Participants received IPN60090 180 mg capsules orally BID up to Cycle 9 in Part A of the study.	Part 1: Dose escalation of IPN60090, Part 2: Dose expansion  IPN60090 given as a Bis in Die (BID) oral dose administered up to Maximum Tolerated Dose (MTD) over a 21-day cycle
NCT03894540	Best Overall Response (BOR) in Part A	IPN60090 20 mg	1	2018_2021	bor	Solid Tumor	1	1	1	TRIAL_SINGLE	NOT_A_DISEASE_UMBRELLA	solid	Solid Tumor	trial lists exactly one condition	PHASE1	TRIAL_SINGLE	PHASE1	Part A	IPN60090	EXPERIMENTAL	CONTAINMENT	4	False	UNKNOWN_WEAK_MATCH_ONLY	only a substring match to registry arm 'IPN60090' (type=EXPERIMENTAL); not group-supported		False	Participants received IPN60090 20 mg capsules orally BID up to Cycle 7 in Part A of the study.	Part 1: Dose escalation of IPN60090, Part 2: Dose expansion  IPN60090 given as a Bis in Die (BID) oral dose administered up to Maximum Tolerated Dose (MTD) over a 21-day cycle
NCT03894540	Best Overall Response (BOR) in Part A	IPN60090 240 mg	4	2018_2021	bor	Solid Tumor	1	1	1	TRIAL_SINGLE	NOT_A_DISEASE_UMBRELLA	solid	Solid Tumor	trial lists exactly one condition	PHASE1	TRIAL_SINGLE	PHASE1	Part A	IPN60090	EXPERIMENTAL	CONTAINMENT	4	False	UNKNOWN_WEAK_MATCH_ONLY	only a substring match to registry arm 'IPN60090' (type=EXPERIMENTAL); not group-supported		False	Participants received IPN60090 240 mg capsules orally BID up to Cycle 4 in Part A of the study.	Part 1: Dose escalation of IPN60090, Part 2: Dose expansion  IPN60090 given as a Bis in Die (BID) oral dose administered up to Maximum Tolerated Dose (MTD) over a 21-day cycle
NCT03894540	Best Overall Response (BOR) in Part A	IPN60090 40 mg	1	2018_2021	bor	Solid Tumor	1	1	1	TRIAL_SINGLE	NOT_A_DISEASE_UMBRELLA	solid	Solid Tumor	trial lists exactly one condition	PHASE1	TRIAL_SINGLE	PHASE1	Part A	IPN60090	EXPERIMENTAL	CONTAINMENT	4	False	UNKNOWN_WEAK_MATCH_ONLY	only a substring match to registry arm 'IPN60090' (type=EXPERIMENTAL); not group-supported		False	Participants received IPN60090 40 mg capsules orally BID up to Cycle 2 in Part A of the study.	Part 1: Dose escalation of IPN60090, Part 2: Dose expansion  IPN60090 given as a Bis in Die (BID) oral dose administered up to Maximum Tolerated Dose (MTD) over a 21-day cycle
NCT03894540	Best Overall Response (BOR) in Part A	IPN60090 80 mg	1	2018_2021	bor	Solid Tumor	1	1	1	TRIAL_SINGLE	NOT_A_DISEASE_UMBRELLA	solid	Solid Tumor	trial lists exactly one condition	PHASE1	TRIAL_SINGLE	PHASE1	Part A	IPN60090	EXPERIMENTAL	CONTAINMENT	4	False	UNKNOWN_WEAK_MATCH_ONLY	only a substring match to registry arm 'IPN60090' (type=EXPERIMENTAL); not group-supported		False	Participants received IPN60090 80 mg capsules orally BID up to Cycle 5 in Part A of the study.	Part 1: Dose escalation of IPN60090, Part 2: Dose expansion  IPN60090 given as a Bis in Die (BID) oral dose administered up to Maximum Tolerated Dose (MTD) over a 21-day cycle
NCT03965689	Number of Participants With an Overall Response	Treatment (Paclitaxel, Carboplatin, Pevonedistat)	23	2018_2021	bor	Metastatic Lung Non-Small Cell Squamous Carcinoma ; Metastatic Lung Non-Squamous Non-Small Cell Carcinoma ; Stage IIIB Lung Cancer AJCC v8 ; Stage IV Lung Cancer AJCC v8 ; Stage IVA Lung Cancer AJCC v8 ; Stage IVB Lung Cancer AJCC v8 ; Unresectable Lung Non-Small Cell Carcinoma ; Unresectable Lung Non-Squamous Non-Small Cell Carcinoma	8	4	3	MIXED	UNASSIGNABLE			4 distinct disease keys at trial level, no single-disease group evidence	PHASE2	TRIAL_SINGLE	PHASE2		Treatment (paclitaxel, carboplatin, pevonedistat)	EXPERIMENTAL	NORMALIZED	1	False	NOT_CONTROL	registry arm 'Treatment (paclitaxel, carboplatin, pevonedistat)' type=EXPERIMENTAL (NORMALIZED match)		False	Patients receive paclitaxel IV over 3 hours on day 1, carboplatin IV over 30-60 minutes on day 1, and pevonedistat IV over 1 hour on days 1, 3, and 5. Treatment repeats every 21 days for at least 4 cycles in the absence of disease progression or unacceptable toxicity.	Patients receive paclitaxel IV over 3 hours on day 1, carboplatin IV over 30-60 minutes on day 1, and pevonedistat IV over 1 hour on days 1, 3, and 5. Treatment repeats every 21 days for at least 4 cycles in the absence of disease progression or unacceptable toxicity.
NCT04020185	Best Overall Response	Combination Therapy 1200 μg	5	2018_2021	bor	Solid Tumor, Adult	1	1	1	TRIAL_SINGLE	NOT_A_DISEASE_UMBRELLA	solid	Solid Tumor, Adult	trial lists exactly one condition	PHASE1/PHASE2	MIXED	PHASE1/PHASE2				NONE	5	False	UNKNOWN	no strong arm match (NONE) and no control language in the group record		False	1200 μg of IMSA101 injected intra-tumorally weekly on Day 1 for the first 3 week cycles of Cycle 1, and then every 2 weeks during Cycles 2 and beyond.  Plus an ICI administered as per product label.	
NCT04020185	Best Overall Response	Combination Therapy 2400 μg	4	2018_2021	bor	Solid Tumor, Adult	1	1	1	TRIAL_SINGLE	NOT_A_DISEASE_UMBRELLA	solid	Solid Tumor, Adult	trial lists exactly one condition	PHASE1/PHASE2	MIXED	PHASE1/PHASE2				NONE	5	False	UNKNOWN	no strong arm match (NONE) and no control language in the group record		False	2400 μg of IMSA101 injected intra-tumorally weekly on Day 1 for the first 3 week cycles of Cycle 1, and then every 2 weeks during Cycles 2 and beyond.  Plus an ICI administered as per product label.	
NCT04020185	Best Overall Response	Combination Therapy 800 μg	4	2018_2021	bor	Solid Tumor, Adult	1	1	1	TRIAL_SINGLE	NOT_A_DISEASE_UMBRELLA	solid	Solid Tumor, Adult	trial lists exactly one condition	PHASE1/PHASE2	MIXED	PHASE1/PHASE2				NONE	5	False	UNKNOWN	no strong arm match (NONE) and no control language in the group record		False	800 μg of IMSA101 injected intra-tumorally weekly on Day 1 for the first 3 week cycles of Cycle 1, and then every 2 weeks during Cycles 2 and beyond.  Plus an ICI administered as per product label.	
NCT04020185	Best Overall Response	Monotherapy 100 μg	4	2018_2021	bor	Solid Tumor, Adult	1	1	1	TRIAL_SINGLE	NOT_A_DISEASE_UMBRELLA	solid	Solid Tumor, Adult	trial lists exactly one condition	PHASE1/PHASE2	MIXED	PHASE1/PHASE2				NONE	5	False	UNKNOWN	no strong arm match (NONE) and no control language in the group record		False	100 μg of IMSA101 injected intra-tumorally weekly on Day 1 for the first 3 week cycles of Cycle 1, and then every 2 weeks during Cycles 2 and beyond.	
NCT04020185	Best Overall Response	Monotherapy 1200 μg	6	2018_2021	bor	Solid Tumor, Adult	1	1	1	TRIAL_SINGLE	NOT_A_DISEASE_UMBRELLA	solid	Solid Tumor, Adult	trial lists exactly one condition	PHASE1/PHASE2	MIXED	PHASE1/PHASE2				NONE	5	False	UNKNOWN	no strong arm match (NONE) and no control language in the group record		False	1200 μg of IMSA101 injected intra-tumorally weekly on Day 1 for the first 3 week cycles of Cycle 1, and then every 2 weeks during Cycles 2 and beyond.	
NCT04020185	Best Overall Response	Monotherapy 200 μg	3	2018_2021	bor	Solid Tumor, Adult	1	1	1	TRIAL_SINGLE	NOT_A_DISEASE_UMBRELLA	solid	Solid Tumor, Adult	trial lists exactly one condition	PHASE1/PHASE2	MIXED	PHASE1/PHASE2				NONE	5	False	UNKNOWN	no strong arm match (NONE) and no control language in the group record		False	200 μg of IMSA101 injected intra-tumorally weekly on Day 1 for the first 3 week cycles of Cycle 1, and then every 2 weeks during Cycles 2 and beyond.	
NCT04020185	Best Overall Response	Monotherapy 400 μg	3	2018_2021	bor	Solid Tumor, Adult	1	1	1	TRIAL_SINGLE	NOT_A_DISEASE_UMBRELLA	solid	Solid Tumor, Adult	trial lists exactly one condition	PHASE1/PHASE2	MIXED	PHASE1/PHASE2				NONE	5	False	UNKNOWN	no strong arm match (NONE) and no control language in the group record		False	400 μg of IMSA101 injected intra-tumorally weekly on Day 1 for the first 3 week cycles of Cycle 1, and then every 2 weeks during Cycles 2 and beyond.	
NCT04020185	Best Overall Response	Monotherapy 800 μg	2	2018_2021	bor	Solid Tumor, Adult	1	1	1	TRIAL_SINGLE	NOT_A_DISEASE_UMBRELLA	solid	Solid Tumor, Adult	trial lists exactly one condition	PHASE1/PHASE2	MIXED	PHASE1/PHASE2				NONE	5	False	UNKNOWN	no strong arm match (NONE) and no control language in the group record		False	800 μg of IMSA101 injected intra-tumorally weekly on Day 1 for the first 3 week cycles of Cycle 1, and then every 2 weeks during Cycles 2 and beyond.	
NCT04044768	Best Overall Response (BOR) (Cohort 1)	MRCLS	8	2018_2021	bor	Synovial Sarcoma ; Myxoid Liposarcoma	2	2	2	MIXED	UNASSIGNABLE			2 distinct disease keys at trial level, no single-disease group evidence	PHASE2	TRIAL_SINGLE	PHASE2				NONE	1	False	NOT_CONTROL_SINGLE_ARM_TRIAL	trial registers 1 arm group(s)		False	Eligible participants with metastatic or inoperable (advanced) MRCLS received afamitresgene autoleucel as a single infusion in Cohort 1 (as of data cut off)	
NCT04044768	Best Overall Response (BOR) (Cohort 1)	Synovial Sarcoma	44	2018_2021	bor	Synovial Sarcoma ; Myxoid Liposarcoma	2	2	2	GROUP_SPECIFIC	NAMES_A_TUMOUR_TYPE	synovial sarcoma	Synovial Sarcoma	group/arm/outcome text names exactly one of the trial conditions	PHASE2	TRIAL_SINGLE	PHASE2				NONE	1	False	NOT_CONTROL_SINGLE_ARM_TRIAL	trial registers 1 arm group(s)		False	Eligible participants with metastatic or inoperable (advanced) synovial sarcoma received afamitresgene autoleucel as a single infusion in Cohort 1 (as of data cut off)	
NCT04068181	BOR Per Modified RECIST v1.1	Cohort 1 - Locally Recurrent/Metastatic - Primary Resistance	19	2018_2021	bor	Melanoma	1	1	1	TRIAL_SINGLE	NAMES_A_TUMOUR_TYPE	melanoma	Melanoma	trial lists exactly one condition	PHASE2	TRIAL_SINGLE	PHASE2		Cohort 1 - Locally Recurrent/Metastatic - Primary Resistance	EXPERIMENTAL	EXACT	4	False	NOT_CONTROL	registry arm 'Cohort 1 - Locally Recurrent/Metastatic - Primary Resistance' type=EXPERIMENTAL (EXACT match)		False	Included participants who received anti-PD-1 therapy in the locally recurrent/metastatic setting and experienced a best overall response of disease progression or stable disease prior to confirmed disease progression.  Participants received talimogene laherparepvec at an initial dose of up to 4.0 mL of 10\^6 plaque-forming units (PFU)/mL by intralesional injection into injectable cutaneous, subcut	Includes participants who received anti-PD1 therapy in the locally recurrent/metastatic setting and experienced a best overall response of disease progression or stable disease prior to confirmed disease progression.  Participants will receive talimogene laherparepvec at an initial dose of up to 4.0 mL of 10\^6 plaque-forming units (PFU)/mL on Day 1. Subsequent doses of up to 4.0 mL of 10\^8 PFU/m
NCT04068181	BOR Per Modified RECIST v1.1	Cohort 2 - Locally Recurrent/Metastatic - Acquired Resistance	10	2018_2021	bor	Melanoma	1	1	1	TRIAL_SINGLE	NAMES_A_TUMOUR_TYPE	melanoma	Melanoma	trial lists exactly one condition	PHASE2	TRIAL_SINGLE	PHASE2		Cohort 2 - Locally Recurrent/Metastatic - Acquired Resistance	EXPERIMENTAL	EXACT	4	False	NOT_CONTROL	registry arm 'Cohort 2 - Locally Recurrent/Metastatic - Acquired Resistance' type=EXPERIMENTAL (EXACT match)		False	Included participants who received anti-PD-1 therapy in the locally recurrent/metastatic setting and experienced confirmed disease progression following a complete or partial response on anti-PD-1 therapy.  Participants received talimogene laherparepvec at an initial dose of up to 4.0 mL of 10\^6 PFU/mL by intralesional injection into injectable cutaneous, subcutaneous and nodal legions on Day 1. 	Includes participants who received anti-PD-1 therapy in the locally recurrent/metastatic setting and experienced confirmed disease progression following a complete or partial response on anti-PD-1 therapy.  Participants will receive talimogene laherparepvec at an initial dose of up to 4.0 mL of 10\^6 plaque-forming units (PFU)/mL on Day 1. Subsequent doses of up to 4.0 mL of 10\^8 PFU/mL will be a
NCT04068181	BOR Per Modified RECIST v1.1	Cohort 3 - Adjuvant Setting - Disease Free Interval < 6 Months	15	2018_2021	bor	Melanoma	1	1	1	TRIAL_SINGLE	NAMES_A_TUMOUR_TYPE	melanoma	Melanoma	trial lists exactly one condition	PHASE2	TRIAL_SINGLE	PHASE2		Cohort 3 - Adjuvant Setting -Disease Free Interval < 6 months	EXPERIMENTAL	NORMALIZED	4	False	NOT_CONTROL	registry arm 'Cohort 3 - Adjuvant Setting -Disease Free Interval < 6 months' type=EXPERIMENTAL (NORMALIZED match)		False	Included participants who received anti-PD-1 therapy in the adjuvant setting and experienced confirmed disease progression following a disease-free interval of \< 6 months after starting the adjuvant anti-PD-1 therapy.  Participants received talimogene laherparepvec at an initial dose of up to 4.0 mL of 10\^6 PFU/mL by intralesional injection into injectable cutaneous, subcutaneous and nodal legio	Includes participants who received anti-PD-1 therapy in the adjuvant setting and experienced confirmed disease progression following a disease-free interval of \< 6 months after starting the adjuvant anti-PD-1 therapy.  Participants will receive talimogene laherparepvec at an initial dose of up to 4.0 mL of 10\^6 plaque-forming units (PFU)/mL on Day 1. Subsequent doses of up to 4.0 mL of 10\^8 PFU
NCT04068181	BOR Per Modified RECIST v1.1	Cohort 4 - Adjuvant Setting - Disease Free Interval ≥ 6 Months	14	2018_2021	bor	Melanoma	1	1	1	TRIAL_SINGLE	NAMES_A_TUMOUR_TYPE	melanoma	Melanoma	trial lists exactly one condition	PHASE2	TRIAL_SINGLE	PHASE2		Cohort 4 - Adjuvant Setting -Disease Free Interval ≥ 6 months	EXPERIMENTAL	NORMALIZED	4	False	NOT_CONTROL	registry arm 'Cohort 4 - Adjuvant Setting -Disease Free Interval ≥ 6 months' type=EXPERIMENTAL (NORMALIZED match)		False	Included participants who received anti PD-1 therapy in the adjuvant setting and experienced confirmed disease progression following a disease-free interval of ≥ 6 months after starting the adjuvant PD-1 inhibitor.  Participants received talimogene laherparepvec at an initial dose of up to 4.0 mL of 10\^6 PFU/mL by intralesional injection into injectable cutaneous, subcutaneous and nodal legions o	Includes participants who received anti PD-1 therapy in the adjuvant setting and experienced confirmed disease progression following a disease-free interval of ≥ 6 months after starting the adjuvant PD-1 inhibitor.  Participants will receive talimogene laherparepvec at an initial dose of up to 4.0 mL of 10\^6 plaque-forming units (PFU)/mL on Day 1. Subsequent doses of up to 4.0 mL of 10\^8 PFU/mL 
NCT04099641	Objective Response Rate (ORR)	Group 1 (CPI Naïve)	55	2018_2021	bor	Gastric Cancer ; GastroEsophageal Cancer	2	2	2	MIXED	UNASSIGNABLE			2 distinct disease keys at trial level, no single-disease group evidence	PHASE2	TRIAL_SINGLE	PHASE2				NONE	1	False	NOT_CONTROL_SINGLE_ARM_TRIAL	trial registers 1 arm group(s)		False	Group 1 participants had progressed on standard chemotherapy and were naïve to CPI therapy.  Participants received bavituximab at 3 mg/kg on Days 1, 8, and 15 of a 3-week cycle through IV infusion. Participants received pembrolizumab at 200 mg on Day 1 of a 3-week cycle through IV infusion.	
NCT04099641	Objective Response Rate (ORR)	Group 2 (CPI Relapse)	18	2018_2021	bor	Gastric Cancer ; GastroEsophageal Cancer	2	2	2	MIXED	UNASSIGNABLE			2 distinct disease keys at trial level, no single-disease group evidence	PHASE2	TRIAL_SINGLE	PHASE2				NONE	1	False	NOT_CONTROL_SINGLE_ARM_TRIAL	trial registers 1 arm group(s)		False	Group 2 participants had achieved SD or better and then subsequently progressed following treatment with CPI either alone or in combination with chemotherapy.  Participants received bavituximab at 3 mg/kg on Days 1, 8, and 15 of a 3-week cycle through IV infusion. Participants received pembrolizumab at 200 mg on Day 1 of a 3-week cycle through IV infusion.	
NCT04099888	Best Overall Response (BOR)	PCI Treatment in Conjunction With Standard of Care (SoC)	19	2018_2021	bor	Cholangiocarcinoma	1	1	1	TRIAL_SINGLE	NAMES_A_TUMOUR_TYPE	cholangiocarcinoma	Cholangiocarcinoma	trial lists exactly one condition	PHASE2	TRIAL_SINGLE	PHASE2		PCI treatment in conjunction with Standard of Care (SoC)	EXPERIMENTAL	NORMALIZED	2	True	NOT_CONTROL	registry arm 'PCI treatment in conjunction with Standard of Care (SoC)' type=EXPERIMENTAL (NORMALIZED match)		False	Arm A: Fimaporfin-induced photochemical internalisation (PCI) of gemcitabine complemented by gemcitabine/cisplatin chemotherapy  Fimaporfin and Gemcitabine: PCI treatment consists of IV administration of Amphinex solution for injection (investigational product) at 0.22 mg/kg dose of fimaporfin, followed 4 days later by a standard dose of gemcitabine infusion (1000 mg/m²) and intraluminal laser lig	Arm A: Fimaporfin-induced photochemical internalisation (PCI) of gemcitabine complemented by gemcitabine/cisplatin chemotherapy
NCT04099888	Best Overall Response (BOR)	Standard of Care (SoC)	15	2018_2021	bor	Cholangiocarcinoma	1	1	1	TRIAL_SINGLE	NAMES_A_TUMOUR_TYPE	cholangiocarcinoma	Cholangiocarcinoma	trial lists exactly one condition	PHASE2	TRIAL_SINGLE	PHASE2		Standard of Care (SoC)	ACTIVE_COMPARATOR	EXACT	2	True	CONTROL_ACTIVE_COMPARATOR	registry arm 'Standard of Care (SoC)' type=ACTIVE_COMPARATOR (EXACT match)		False	Arm B: Gemcitabine/cisplatin chemotherapy  Gemcitabine/Cisplatin chemotherapy: Up to 8 cycles of gemcitabine/cisplatin combination chemotherapy will be administered.	Arm B: Gemcitabine/cisplatin chemotherapy
NCT04208958	Best Overall Response	VE800 combination treatment with nivolumab	19	2018_2021	bor	Metastatic Cancer ; Melanoma ; Gastric Cancer ; Gastroesophageal Junction Adenocarcinoma ; Colorectal Cancer	5	5	5	MIXED	UNASSIGNABLE			5 distinct disease keys at trial level, no single-disease group evidence	PHASE1/PHASE2	MIXED	PHASE1/PHASE2		VE800 combination treatment with nivolumab	EXPERIMENTAL	EXACT	1	False	NOT_CONTROL	registry arm 'VE800 combination treatment with nivolumab' type=EXPERIMENTAL (EXACT match)		False	Subjects received 5 days of oral vancomycin, followed by daily VE800 in combination with Nivolumab every 4 weeks.  VE800: VE800 is a PO LBP consisting of 11 distinct nonpathogenic, nontoxigenic, commensal bacterial strains manufactured under GMP conditions. These strains were selected for their ability to induce an immune response.  Nivolumab: Nivolumab is an approved medication that blocks antibo	Subjects received 5 days of oral vancomycin, followed by daily VE800 in combination with nivolumab every 4 weeks.
NCT04306900	Best Response (BOR)	Cohort 1 - Safety Lead-in (TTX-030 + Budigalimab + mFOLFOX6)	6	2018_2021	bor	Solid Tumor, Adult	1	1	1	TRIAL_SINGLE	NOT_A_DISEASE_UMBRELLA	solid	Solid Tumor, Adult	trial lists exactly one condition	PHASE1	TRIAL_SINGLE	PHASE1				NONE	8	False	UNKNOWN	no strong arm match (NONE) and no control language in the group record		False	Participants in Cohort 1 were administered IV TTX-030 at a loading dose of 40 mg/kg 7 days before Cycle 1 Day 1 followed by treatment with 20 mg/kg Q2W on Days 1 and 15, plus budigalimab at a dose of 500 mg (Q4W) on Day 1 plus mFOLFOX6 over 48 hours (Q2W) on Day 1 and 15 of each 28-day cycle.	
NCT04306900	Best Response (BOR)	Cohort 10 - UCC (TTX-030 + Pembrolizumab)	8	2018_2021	bor	Solid Tumor, Adult	1	1	1	TRIAL_SINGLE	NOT_A_DISEASE_UMBRELLA	solid	Solid Tumor, Adult	trial lists exactly one condition	PHASE1	TRIAL_SINGLE	PHASE1				NONE	8	False	UNKNOWN	no strong arm match (NONE) and no control language in the group record		False	Participants in Cohort 10 were administered IV TTX-030 at a loading dose of 40 mg/kg 7 days before Cycle 1 Day 1 followed by treatment with 30 mg/kg Q3W plus pembrolizumab at a dose of 200 mg Q3W on Day 1 of each 21-day treatment cycle.	
NCT04306900	Best Response (BOR)	Cohort 11 - Pancreatic (TTX-030 + Gemcitabine + Nab-Paclitaxel)	17	2018_2021	bor	Solid Tumor, Adult	1	1	1	TRIAL_SINGLE	NOT_A_DISEASE_UMBRELLA	solid	Solid Tumor, Adult	trial lists exactly one condition	PHASE1	TRIAL_SINGLE	PHASE1				NONE	8	False	UNKNOWN	no strong arm match (NONE) and no control language in the group record		False	Participants in Cohort 11 were administered IV TTX-030 at a loading dose of 40 mg/kg 7 days before Cycle 1 Day 1 followed by treatment with 20 mg/kg Q2W on Days 1 and 15 plus gemcitabine 1000 mg/m2 + nab-paclitaxel 125 mg/m2 on Days 1, 8, and 15 each 28-day cycle.	
NCT04306900	Best Response (BOR)	Cohort 12 - Gastric (Budigalimab + mFOLFOX6)	23	2018_2021	bor	Solid Tumor, Adult	1	1	1	TRIAL_SINGLE	NOT_A_DISEASE_UMBRELLA	solid	Solid Tumor, Adult	trial lists exactly one condition	PHASE1	TRIAL_SINGLE	PHASE1				NONE	8	False	UNKNOWN	no strong arm match (NONE) and no control language in the group record		False	Participants in Cohort 12 were administered IV budigalimab at a dose of 500 mg (Q4W) on Day 1 plus mFOLFOX6 over 48 hours (Q2W) on Day 1 and 15 of each 28-day cycle.	
NCT04306900	Best Response (BOR)	Cohort 2 - mCRPC (TTX-030 + Budigalimab + Docetaxel)	7	2018_2021	bor	Solid Tumor, Adult	1	1	1	TRIAL_SINGLE	NOT_A_DISEASE_UMBRELLA	solid	Solid Tumor, Adult	trial lists exactly one condition	PHASE1	TRIAL_SINGLE	PHASE1				NONE	8	False	UNKNOWN	no strong arm match (NONE) and no control language in the group record		False	Participants in Safety Lead-in Cohort 2 were administered IV TTX-030 at a loading dose of 40 mg/kg 7 days before Cycle 1 Day 1 followed by treatment with 30 mg/kg Q3W plus budigalimab 375mg Q3W plus docetaxel at a dose of 75 mg/m2 Q3W on Day 1 of each 21-day treatment cycle.	
NCT04306900	Best Response (BOR)	Cohort 3A - Gastric (TTX-030 + mFOLFOX6)	4	2018_2021	bor	Solid Tumor, Adult	1	1	1	TRIAL_SINGLE	NOT_A_DISEASE_UMBRELLA	solid	Solid Tumor, Adult	trial lists exactly one condition	PHASE1	TRIAL_SINGLE	PHASE1				NONE	8	False	UNKNOWN	no strong arm match (NONE) and no control language in the group record		False	Participants in Cohort 3A were administered IV TTX-030 at a loading dose of 40 mg/kg 7 days before Cycle 1 Day 1 followed by treatment with 20 mg/kg Q2W on Days 1 and 15 plus mFOLFOX6 over 48 hours (Q2W) on Day 1 and 15 of each 28-day cycle.	
NCT04306900	Best Response (BOR)	Cohort 3B - Gastric (TTX-030 + Budigalimab + mFOLFOX6)	39	2018_2021	bor	Solid Tumor, Adult	1	1	1	TRIAL_SINGLE	NOT_A_DISEASE_UMBRELLA	solid	Solid Tumor, Adult	trial lists exactly one condition	PHASE1	TRIAL_SINGLE	PHASE1				NONE	8	False	UNKNOWN	no strong arm match (NONE) and no control language in the group record		False	Participants in Cohort 3B were administered IV TTX-030 at a loading dose of 40 mg/kg 7 days before Cycle 1 Day 1 followed by treatment with 20 mg/kg Q2W on Days 1 and 15, plus budigalimab at a dose of 500 mg (Q4W) on Day 1 plus mFOLFOX6 over 48 hours (Q2W) on Day 1 and 15 of each 28-day cycle.	
NCT04306900	Best Response (BOR)	Cohort 4 - CRC (TTX-030 + Budigalimab)	11	2018_2021	bor	Solid Tumor, Adult	1	1	1	TRIAL_SINGLE	NOT_A_DISEASE_UMBRELLA	solid	Solid Tumor, Adult	trial lists exactly one condition	PHASE1	TRIAL_SINGLE	PHASE1				NONE	8	False	UNKNOWN	no strong arm match (NONE) and no control language in the group record		False	Participants in Cohort 4 were administered IV TTX-030 at a loading dose of 40 mg/kg 7 days before Cycle 1 Day 1 followed by treatment with 30 mg/kg Q3W plus budigalimab at a dose of 375 mg Q3W on Day 1 of each 21-day treatment cycle.	
NCT04306900	Best Response (BOR)	Cohort 6 - HNSCC (TTX-030 + Budigalimab)	4	2018_2021	bor	Solid Tumor, Adult	1	1	1	TRIAL_SINGLE	NOT_A_DISEASE_UMBRELLA	solid	Solid Tumor, Adult	trial lists exactly one condition	PHASE1	TRIAL_SINGLE	PHASE1				NONE	8	False	UNKNOWN	no strong arm match (NONE) and no control language in the group record		False	Participants in Cohort 6 were administered IV TTX-030 at a loading dose of 40 mg/kg 7 days before Cycle 1 Day 1 followed by treatment with 30 mg/kg Q3W plus budigalimab at a dose of 375 mg Q3W on Day 1 of each 21-day treatment cycle.	
NCT04306900	Best Response (BOR)	Cohort 8 - GEC (TTX-030 + Budigalimab)	18	2018_2021	bor	Solid Tumor, Adult	1	1	1	TRIAL_SINGLE	NOT_A_DISEASE_UMBRELLA	solid	Solid Tumor, Adult	trial lists exactly one condition	PHASE1	TRIAL_SINGLE	PHASE1				NONE	8	False	UNKNOWN	no strong arm match (NONE) and no control language in the group record		False	Participants in Cohort 8 were administered IV TTX-030 at a loading dose of 40 mg/kg 7 days before Cycle 1 Day 1 followed by treatment with 30 mg/kg Q3W plus budigalimab at a dose of 375 mg Q3W on Day 1 of each 21-day treatment cycle.	
NCT04306900	Best Response (BOR)	Cohort 9 - Pancreatic (TTX-030 + Budigalimab + Gemcitabine + Nab-Paclitaxel)	25	2018_2021	bor	Solid Tumor, Adult	1	1	1	TRIAL_SINGLE	NOT_A_DISEASE_UMBRELLA	solid	Solid Tumor, Adult	trial lists exactly one condition	PHASE1	TRIAL_SINGLE	PHASE1				NONE	8	False	UNKNOWN	no strong arm match (NONE) and no control language in the group record		False	Participants in Cohort 9 were administered IV TTX-030 at a loading dose of 40 mg/kg 7 days before Cycle 1 Day 1 followed by treatment with 20 mg/kg Q2W on Days 1 and 15 plus budigalimab at a dose of 500 mg (Q4W) on Day 1 plus gemcitabine 1000 mg/m2 + nab-paclitaxel 125 mg/m2 on Days 1, 8, and 15 each 28-day cycle.	
NCT04313504	Overall Response	Niraparib & Dostarlimab	10	2018_2021	bor	Head and Neck Cancer	1	1	1	TRIAL_SINGLE	NAMES_A_TUMOUR_TYPE	head and neck	Head and Neck Cancer	trial lists exactly one condition	PHASE2	TRIAL_SINGLE	PHASE2		Niraparib & Dostarlimab	EXPERIMENTAL	EXACT	1	False	NOT_CONTROL	registry arm 'Niraparib & Dostarlimab' type=EXPERIMENTAL (EXACT match)		False	Niraparib starting on Day 0. Niraparib will be administered as continuous daily dose, orally 200 or 300 mg.  Dostarlimab IV administered via a 30-minute infusion on Day 1 of every 21 day cycle. 500mg for first 4 doses followed by 1000 mg every 6 weeks.  Niraparib: Niraparib \& Dostarlimab combination  Dostarlimab: Niraparib \& Dostarlimab combination	Niraparib starting on Day 0. Niraparib will be administered as continuous daily dose, orally 200 or 300 mg.  Dostarlimab IV administered via a 30-minute infusion on Day 1 of every 21 day cycle. 500mg for first 4 doses followed by 1000 mg every 6 weeks.
NCT04329949	Best Overall Response (BOR)	Relacorilant With Nab-paclitaxel	30	2018_2021	bor	Metastatic Pancreatic Ductal Adenocarcinoma	1	1	1	TRIAL_SINGLE	NAMES_A_TUMOUR_TYPE	pancreatic ductal adenocarcinoma	Metastatic Pancreatic Ductal Adenocarcinoma	trial lists exactly one condition	PHASE3	TRIAL_SINGLE	PHASE3		Relacorilant with nab-paclitaxel	EXPERIMENTAL	NORMALIZED	1	False	NOT_CONTROL	registry arm 'Relacorilant with nab-paclitaxel' type=EXPERIMENTAL (NORMALIZED match)		False	Patients were treated with relacorilant, administered orally, once daily in combination with nab-paclitaxel on Days 1, 8, and 15 of each 28-day cycle.  Relacorilant, 100 mg and 25 mg: Relacorilant was supplied as capsules for oral dosing.  Nab-paclitaxel: Nab-paclitaxel was administered as IV infusion over 30 minutes on Days 1, 8, and 15 of each 28-day cycle.	Patients will be treated with relacorilant, administered orally, once daily in combination with nab-paclitaxel on Days 1, 8, and 15 of each 28-day cycle.
NCT04387071	Disease Control Rate	Treatment (CMP-001, INCAGN01949)	2	2018_2021	bor	Locally Advanced Malignant Solid Neoplasm ; Metastatic Pancreatic Adenocarcinoma ; Stage IV Pancreatic Cancer AJCC v8 ; Unresectable Malignant Solid Neoplasm	4	3	3	GROUP_SPECIFIC	NOT_A_DISEASE_UMBRELLA	solid	Locally Advanced Malignant Solid Neoplasm	group/arm/outcome text names exactly one of the trial conditions	PHASE1/PHASE2	MIXED	PHASE1/PHASE2				NONE	7	False	UNKNOWN	no strong arm match (NONE) and no control language in the group record		False	Patients receive CMP-001 SC on day 1 of weeks 1 and 2 and IT on day 1 of weeks 3-6 in the absence of disease progression or unacceptable toxicity. Patients also receive INCAGN01949 IT on day 1 of weeks 3-6 in the absence of disease progression or unacceptable toxicity.  Agonistic Anti-OX40 Monoclonal Antibody INCAGN01949: Given IT  VLP-encapsulated TLR9 Agonist CMP-001: Given SC and IT	
NCT04539327	Objective Response Rate (ORR)	Rucaparib - Treatment	19	2018_2021	bor	Epithelial Ovarian Cancer ; Fallopian Tube Cancer ; Primary Peritoneal Cancer	3	3	3	MIXED	UNASSIGNABLE			3 distinct disease keys at trial level, no single-disease group evidence		UNKNOWN					NONE	0	False	NOT_CONTROL_SINGLE_ARM_TRIAL	trial registers 0 arm group(s)		False	The population will include all patients who received at least one dose of rucaparib as part of the RAP in GEICO-associated hospitals. The sample size will be based on the accrual rate of the RAP and the date of rucaparib launch in Spain.  Studied patients were the ones recruited between July 2020 and February 2021  Inclusion criteria:  1. Written informed consent must be signed by all patients pa	
NCT04634825	Best Overall Response (BOR)	Retifanlimab Cohort	38	2018_2021	bor	Head and Neck Cancer ; Head and Neck Neoplasms ; Head and Neck Squamous Cell Carcinoma	3	2	2	MIXED	UNASSIGNABLE			2 distinct disease keys at trial level, no single-disease group evidence	PHASE2	TRIAL_SINGLE	PHASE2		Retifanlimab Cohort	EXPERIMENTAL	EXACT	2	False	NOT_CONTROL	registry arm 'Retifanlimab Cohort' type=EXPERIMENTAL (EXACT match)		False	Enoblituzumab 15 mg/kg every 3 weeks plus retifanlimab 375 mg every 3 weeks for up to 35 cycles	Enoblituzumab 15 mg/kg every 3 weeks plus retifanlimab 375 mg every 3 weeks for up to 35 cycles
NCT04634825	Best Overall Response (BOR)	Tebotelimab Cohort	9	2018_2021	bor	Head and Neck Cancer ; Head and Neck Neoplasms ; Head and Neck Squamous Cell Carcinoma	3	2	2	MIXED	UNASSIGNABLE			2 distinct disease keys at trial level, no single-disease group evidence	PHASE2	TRIAL_SINGLE	PHASE2		Tebotelimab Cohort	EXPERIMENTAL	EXACT	2	False	NOT_CONTROL	registry arm 'Tebotelimab Cohort' type=EXPERIMENTAL (EXACT match)		False	Enoblituzumab 15 mg/kg every 3 weeks plus tebotelimab 600 mg every 3 weeks for up to 35 cycles	Enoblituzumab 15 mg/kg every 3 weeks plus tebotelimab 600 mg every 3 weeks for up to 35 cycles
NCT04639245	Best Overall Response	Treatment (FH-MagIC TCR-T Cells, Atezolizumab)	1	2018_2021	bor	Anatomic Stage IV Breast Cancer AJCC v8 ; Metastatic Lung Non-Small Cell Carcinoma ; Metastatic Malignant Solid Neoplasm ; Metastatic Triple-Negative Breast Carcinoma ; Metastatic Urothelial Carcinoma ; Stage IV Lung Cancer AJCC v8	6	6	6	GROUP_SPECIFIC	NOT_A_DISEASE_UMBRELLA	solid	Metastatic Malignant Solid Neoplasm	group/arm/outcome text names exactly one of the trial conditions	PHASE1/PHASE2	MIXED	PHASE1/PHASE2	Phase 2	Treatment (FH-MagIC TCR-T cells, atezolizumab)	EXPERIMENTAL	NORMALIZED	1	False	NOT_CONTROL	registry arm 'Treatment (FH-MagIC TCR-T cells, atezolizumab)' type=EXPERIMENTAL (NORMALIZED match)		False	LYMPHODEPLETION: Patients receive cyclophosphamide IV and fludarabine IV on days -4, -3, and -2 before each T-cell infusion.  T-CELL INFUSION: Patients receive FH-MagIC TCR-T cells IV over 15-20 minutes. Six to twelve weeks after first T-cell infusion, patients with progressive disease and non-persisting transgenic TCR T cells may receive a second T-cell infusion.  In the Phase 2 portion of the st	LYMPHODEPLETION: Patients receive cyclophosphamide IV and fludarabine IV on days -4, -3, and -2 before each T-cell infusion.  T-CELL INFUSION: Patients receive FH-MagIC TCR-T cells IV over 15-20 minutes. Six to twelve weeks after first T-cell infusion, patients with progressive disease and non-persisting transgenic TCR T cells may receive a second T-cell infusion.  In the Phase 2 portion of the st
NCT04649060	Best Response	Arm A (Melflufen+Dexamethasone+Daratumumab)	16	2018_2021	bor	Relapsed Multiple Myeloma ; Relapsed-Refractory Multiple Myeloma	2	1	1	TRIAL_SINGLE_AFTER_COLLAPSE	NAMES_A_TUMOUR_TYPE	multiple myeloma	Relapsed Multiple Myeloma	trial conditions collapse to one disease key: Relapsed Multiple Myeloma ; Relapsed-Refractory Multiple Myeloma	PHASE3	TRIAL_SINGLE	PHASE3		Arm A (melflufen+dexamethasone+daratumumab)	EXPERIMENTAL	NORMALIZED	2	True	NOT_CONTROL	registry arm 'Arm A (melflufen+dexamethasone+daratumumab)' type=EXPERIMENTAL (NORMALIZED match)		False	Treatment was given in 28-day cycles in an outpatient treatment setting.  * Melflufen 30 mg intravenous (i.v.) infusion on Day 1 of each cycle * Dexamethasone 40 mg per oral (p.o.) weekly (20 mg p.o. weekly if ≥75 years) * Daratumumab 1800 mg subcutaneously (s.c.) on Days 1, 8, 15, and 22 in Cycles 1 and 2, on Days 1 and 15 in Cycles 3 to 6, and on Day 1 from Cycle 7	Treatment was given in 28-day cycles in an outpatient treatment setting.  * Melflufen 30 mg intravenous (i.v.) infusion on Day 1 of each cycle * Dexamethasone 40 mg per oral (p.o.) weekly (20 mg p.o. weekly if ≥75 years) * Daratumumab 1800 mg subcutaneously (s.c.) on Days 1, 8, 15, and 22 in Cycles 1 and 2, on Days 1 and 15 in Cycles 3 to 6, and on Day 1 from Cycle 7
NCT04649060	Best Response	Arm B (Daratumumab)	15	2018_2021	bor	Relapsed Multiple Myeloma ; Relapsed-Refractory Multiple Myeloma	2	1	1	TRIAL_SINGLE_AFTER_COLLAPSE	NAMES_A_TUMOUR_TYPE	multiple myeloma	Relapsed Multiple Myeloma	trial conditions collapse to one disease key: Relapsed Multiple Myeloma ; Relapsed-Refractory Multiple Myeloma	PHASE3	TRIAL_SINGLE	PHASE3		Arm B (daratumumab)	ACTIVE_COMPARATOR	NORMALIZED	2	True	CONTROL_ACTIVE_COMPARATOR	registry arm 'Arm B (daratumumab)' type=ACTIVE_COMPARATOR (NORMALIZED match)		False	Treatment was given in 28-day cycles in an outpatient treatment setting.  • Daratumumab 1800 mg s.c. on Days 1, 8, 15, and 22 in Cycles 1 and 2, on Days 1 and 15 in Cycles 3 to 6, and on Day 1 from Cycle 7	Treatment was given in 28-day cycles in an outpatient treatment setting.  • Daratumumab 1800 mg s.c. on Days 1, 8, 15, and 22 in Cycles 1 and 2, on Days 1 and 15 in Cycles 3 to 6, and on Day 1 from Cycle 7
NCT04753216	Overall Best Response	Treatment (Bevacizumab, Irinotecan Sucrosofate)	2	2018_2021	bor	Platinum-Resistant Fallopian Tube Carcinoma ; Platinum-Resistant Ovarian Carcinoma ; Platinum-Resistant Primary Peritoneal Carcinoma ; Recurrent Fallopian Tube Carcinoma ; Recurrent Ovarian Carcinoma ; Recurrent Primary Peritoneal Carcinoma ; Refractory Fallopian Tube Carcinoma ; Refractory Ovarian Carcinoma ; Refractory Primary Peritoneal Carcinoma	9	6	6	MIXED	UNASSIGNABLE			6 distinct disease keys at trial level, no single-disease group evidence	PHASE2	TRIAL_SINGLE	PHASE2		Treatment (bevacizumab, irinotecan sucrosofate)	EXPERIMENTAL	NORMALIZED	1	False	NOT_CONTROL	registry arm 'Treatment (bevacizumab, irinotecan sucrosofate)' type=EXPERIMENTAL (NORMALIZED match)		False	Patients receive bevacizumab IV and irinotecan sucrosofate IV over 90 minutes on days 1 and 15. Cycles repeat every 28 days in the absence of disease progression or unacceptable toxicity.  Bevacizumab: Given IV  Irinotecan Sucrosofate: Given IV	Patients receive bevacizumab IV and irinotecan sucrosofate IV over 90 minutes on days 1 and 15. Cycles repeat every 28 days in the absence of disease progression or unacceptable toxicity.
NCT04753658	Number of Participants With Best Overall Response Based on HCP Reported Objective Response	Lorlatinib	14	2018_2021	bor	Neuroblastoma	1	1	1	TRIAL_SINGLE	NAMES_A_TUMOUR_TYPE	neuroblastoma	Neuroblastoma	trial lists exactly one condition		UNKNOWN			Pediatric Neuroblastoma Patients Treated with Lorlatinib	NOT_STATED_IN_REGISTRY	CONTAINMENT	1	False	UNKNOWN_WEAK_MATCH_ONLY	only a substring match to registry arm 'Pediatric Neuroblastoma Patients Treated with Lorlatinib' (type=NOT_STATED_IN_REGISTRY); not group-supported		False	Participants with ALK-aberrant neuroblastoma who initiated treatment with lorlatinib as part of an expanded access program were included. Data was collected on a continual basis until discontinuation of treatment with lorlatinib, death, loss to follow-up or end of study, whichever occurred first.	
NCT04764474	Number of Patients With Best Overall Response (BOR)	Cohort 1: HMPL-306 Dose Level 1	1	2018_2021	bor	Isocitrate Dehydrogenase Gene Mutation	1	1	1	TRIAL_SINGLE	BROAD_CATEGORY_ONLY	isocitrate dehydrogenase gene mutation	Isocitrate Dehydrogenase Gene Mutation	trial lists exactly one condition	PHASE1	TRIAL_SINGLE	PHASE1	dose escalation			NONE	1	False	NOT_CONTROL_SINGLE_ARM_TRIAL	trial registers 1 arm group(s)		False	Patients received HMPL-306 Dose Level 1 tablet orally once on Day 1 of the PK week (7 days prior to Cycle 1 Day 1) (applicable for dose escalation part) and then QD from Cycle 1 Day 1 until PD, death, intolerable toxicity, withdrawal of consent, lost to follow-up, meeting conditions for treatment discontinuation specified in protocol, or end of study, whichever came first. Each cycle duration was 	
NCT04764474	Number of Patients With Best Overall Response (BOR)	Cohort 2: HMPL-306 Dose Level 2	1	2018_2021	bor	Isocitrate Dehydrogenase Gene Mutation	1	1	1	TRIAL_SINGLE	BROAD_CATEGORY_ONLY	isocitrate dehydrogenase gene mutation	Isocitrate Dehydrogenase Gene Mutation	trial lists exactly one condition	PHASE1	TRIAL_SINGLE	PHASE1	dose escalation			NONE	1	False	NOT_CONTROL_SINGLE_ARM_TRIAL	trial registers 1 arm group(s)		False	Patients received HMPL-306 Dose Level 2 tablet orally once on Day 1 of the PK week (7 days prior to Cycle 1 Day 1) (applicable for dose escalation part) and then QD from Cycle 1 Day 1 until PD, death, intolerable toxicity, withdrawal of consent, lost to follow-up, meeting conditions for treatment discontinuation specified in protocol, or end of study, whichever came first. Each cycle duration was 	
NCT04764474	Number of Patients With Best Overall Response (BOR)	Cohort 3: HMPL-306 Dose Level 3	7	2018_2021	bor	Isocitrate Dehydrogenase Gene Mutation	1	1	1	TRIAL_SINGLE	BROAD_CATEGORY_ONLY	isocitrate dehydrogenase gene mutation	Isocitrate Dehydrogenase Gene Mutation	trial lists exactly one condition	PHASE1	TRIAL_SINGLE	PHASE1	dose escalation			NONE	1	False	NOT_CONTROL_SINGLE_ARM_TRIAL	trial registers 1 arm group(s)		False	Patients received HMPL-306 Dose Level 3 tablet orally once on Day 1 of the PK week (7 days prior to Cycle 1 Day 1) (applicable for dose escalation part) and then QD from Cycle 1 Day 1 until PD, death, intolerable toxicity, withdrawal of consent, lost to follow-up, meeting conditions for treatment discontinuation specified in protocol, or end of study, whichever came first. Each cycle duration was 	
NCT04764474	Number of Patients With Best Overall Response (BOR)	Cohort 4: HMPL-306 Dose Level 4	2	2018_2021	bor	Isocitrate Dehydrogenase Gene Mutation	1	1	1	TRIAL_SINGLE	BROAD_CATEGORY_ONLY	isocitrate dehydrogenase gene mutation	Isocitrate Dehydrogenase Gene Mutation	trial lists exactly one condition	PHASE1	TRIAL_SINGLE	PHASE1	dose escalation			NONE	1	False	NOT_CONTROL_SINGLE_ARM_TRIAL	trial registers 1 arm group(s)		False	Patients received HMPL-306 Dose Level 4 tablet orally once on Day 1 of the PK week (7 days prior to Cycle 1 Day 1) (applicable for dose escalation part) and then QD from Cycle 1 Day 1 until PD, death, intolerable toxicity, withdrawal of consent, lost to follow-up, meeting conditions for treatment discontinuation specified in protocol, or end of study, whichever came first. Each cycle duration was 	
NCT04764474	Number of Patients With Best Overall Response (BOR)	Cohort 5: HMPL-306 Dose Level 5	2	2018_2021	bor	Isocitrate Dehydrogenase Gene Mutation	1	1	1	TRIAL_SINGLE	BROAD_CATEGORY_ONLY	isocitrate dehydrogenase gene mutation	Isocitrate Dehydrogenase Gene Mutation	trial lists exactly one condition	PHASE1	TRIAL_SINGLE	PHASE1	dose escalation			NONE	1	False	NOT_CONTROL_SINGLE_ARM_TRIAL	trial registers 1 arm group(s)		False	Patients received HMPL-306 Dose Level 5 tablet orally once on Day 1 of the PK week (7 days prior to Cycle 1 Day 1) (applicable for dose escalation part) and then QD from Cycle 1 Day 1 until PD, death, intolerable toxicity, withdrawal of consent, lost to follow-up, meeting conditions for treatment discontinuation specified in protocol, or end of study, whichever came first. Each cycle duration was 	
NCT04764474	Number of Patients With Best Overall Response (BOR)	Cohort 6: HMPL-306 Dose Level 6	3	2018_2021	bor	Isocitrate Dehydrogenase Gene Mutation	1	1	1	TRIAL_SINGLE	BROAD_CATEGORY_ONLY	isocitrate dehydrogenase gene mutation	Isocitrate Dehydrogenase Gene Mutation	trial lists exactly one condition	PHASE1	TRIAL_SINGLE	PHASE1	dose escalation			NONE	1	False	NOT_CONTROL_SINGLE_ARM_TRIAL	trial registers 1 arm group(s)		False	Patients received HMPL-306 Dose Level 6 tablet orally once on Day 1 of the PK week (7 days prior to Cycle 1 Day 1) (applicable for dose escalation part) and then QD from Cycle 1 Day 1 until PD, death, intolerable toxicity, withdrawal of consent, lost to follow-up, meeting conditions for treatment discontinuation specified in protocol, or end of study, whichever came first. Each cycle duration was 	
NCT04764474	Number of Patients With Best Overall Response (BOR)	Cohort 7: HMPL-306 Dose Level 7	2	2018_2021	bor	Isocitrate Dehydrogenase Gene Mutation	1	1	1	TRIAL_SINGLE	BROAD_CATEGORY_ONLY	isocitrate dehydrogenase gene mutation	Isocitrate Dehydrogenase Gene Mutation	trial lists exactly one condition	PHASE1	TRIAL_SINGLE	PHASE1	dose escalation			NONE	1	False	NOT_CONTROL_SINGLE_ARM_TRIAL	trial registers 1 arm group(s)		False	Patients received HMPL-306 Dose Level 7 tablet orally once on Day 1 of the PK week (7 days prior to Cycle 1 Day 1) (applicable for dose escalation part) and then QD from Cycle 1 Day 1 until PD, death, intolerable toxicity, withdrawal of consent, lost to follow-up, meeting conditions for treatment discontinuation specified in protocol, or end of study, whichever came first. Each cycle duration was 	
NCT04764474	Number of Patients With Best Overall Response (BOR)	Cohort 8: HMPL-306 Dose Level 8	5	2018_2021	bor	Isocitrate Dehydrogenase Gene Mutation	1	1	1	TRIAL_SINGLE	BROAD_CATEGORY_ONLY	isocitrate dehydrogenase gene mutation	Isocitrate Dehydrogenase Gene Mutation	trial lists exactly one condition	PHASE1	TRIAL_SINGLE	PHASE1	dose escalation			NONE	1	False	NOT_CONTROL_SINGLE_ARM_TRIAL	trial registers 1 arm group(s)		False	Patients received HMPL-306 Dose Level 8 tablet orally once on Day 1 of the PK week (7 days prior to Cycle 1 Day 1) (applicable for dose escalation part) and then QD from Cycle 1 Day 1 until PD, death, intolerable toxicity, withdrawal of consent, lost to follow-up, meeting conditions for treatment discontinuation specified in protocol, or end of study, whichever came first. Each cycle duration was 	
NCT04268277	Response Rate	Rituximab & Pembrolizumab	22	2022_2026	bor	Marginal Zone Lymphoma	1	1	1	TRIAL_SINGLE	NAMES_A_TUMOUR_TYPE	marginal zone lymphoma	Marginal Zone Lymphoma	trial lists exactly one condition	PHASE2	TRIAL_SINGLE	PHASE2		Rituximab & Pembrolizumab	EXPERIMENTAL	EXACT	1	False	NOT_CONTROL	registry arm 'Rituximab & Pembrolizumab' type=EXPERIMENTAL (EXACT match)		False	Cycle 1 (21 days cycle):  Rituximab: 375 mg/m2 day 1, 8, 15 Pembrolizumab: 200 mg IV fixed dose day 2  Cycle 2-18 (21 days cycle) or until progression or non-tolerable toxicity:  Rituximab: 375 mg/m2 day 1 every second cycle Pembrolizumab: 200 mg IV fixed dose day 1	Cycle 1 (21 days cycle):  Rituximab: 375 mg/m2 day 1, 8, 15 Pembrolizumab: 200 mg IV fixed dose day 2  Cycle 2-18 (21 days cycle) or until progression or non-tolerable toxicity:  Rituximab: 375 mg/m2 day 1 every second cycle Pembrolizumab: 200 mg IV fixed dose day 1
NCT05323656	Overall Response Rate (ORR)	Placebo and Pembrolizumab 200 mg	28	2022_2026	bor	Squamous Cell Carcinoma of Head and Neck	1	1	1	TRIAL_SINGLE	NAMES_A_TUMOUR_TYPE	squamous cell of head and neck	Squamous Cell Carcinoma of Head and Neck	trial lists exactly one condition	PHASE2	TRIAL_SINGLE	PHASE2		Placebo and Pembrolizumab 200 mg	ACTIVE_COMPARATOR	EXACT	2	True	CONTROL_ACTIVE_COMPARATOR	registry arm 'Placebo and Pembrolizumab 200 mg' type=ACTIVE_COMPARATOR (EXACT match)		True	Participants will be administered placebo for the up to 24-month double-blind treatment period.  Participants will also be administered Pembrolizumab 200 mg intravenously every 3 weeks.  Placebo: Oral tablets  Pembrolizumab: 200 mg IV infusion	Participants will be administered placebo for the up to 24-month double-blind treatment period.  Participants will also be administered Pembrolizumab 200 mg intravenously every 3 weeks.
NCT05323656	Overall Response Rate (ORR)	Setanaxib 1600 mg and Pembrolizumab 200 mg	26	2022_2026	bor	Squamous Cell Carcinoma of Head and Neck	1	1	1	TRIAL_SINGLE	NAMES_A_TUMOUR_TYPE	squamous cell of head and neck	Squamous Cell Carcinoma of Head and Neck	trial lists exactly one condition	PHASE2	TRIAL_SINGLE	PHASE2		Setanaxib 1600 mg and Pembrolizumab 200 mg	EXPERIMENTAL	EXACT	2	True	NOT_CONTROL	registry arm 'Setanaxib 1600 mg and Pembrolizumab 200 mg' type=EXPERIMENTAL (EXACT match)		False	Participants will be administered setanaxib at a dose of 1600 mg/day for the up to 24-month double-blind treatment period.  Participants will also be administered Pembrolizumab 200 mg intravenously every 3 weeks.  Setanaxib: Oral tablets, 400 mg per tablet  Pembrolizumab: 200 mg IV infusion	Participants will be administered setanaxib at a dose of 1600 mg/day for the up to 24-month double-blind treatment period.  Participants will also be administered Pembrolizumab 200 mg intravenously every 3 weeks.
