2026-10-02T01:46:50.1171813Z Current runner version: '2.337.0'
2026-10-02T01:46:50.1197722Z ##[group]Runner Image Provisioner
2026-10-02T01:46:50.1198643Z Hosted Compute Agent
2026-10-02T01:46:50.1199250Z Version: 20260901.588
2026-10-02T01:46:50.1200400Z Commit: f88ec8081b781fac6c440065ac7ff9e710ce3d0b
2026-10-02T01:46:50.1201151Z Build Date: 2026-09-01T19:56:44Z
2026-10-02T01:46:50.1201949Z Worker ID: {5002259a-7158-4670-baf5-798e2f8371c6}
2026-10-02T01:46:50.1202868Z Azure Region: eastus
2026-10-02T01:46:50.1203445Z ##[endgroup]
2026-10-02T01:46:50.1205021Z ##[group]Operating System
2026-10-02T01:46:50.1205681Z Ubuntu
2026-10-02T01:46:50.1206307Z 24.04.5
2026-10-02T01:46:50.1206880Z LTS
2026-10-02T01:46:50.1207416Z ##[endgroup]
2026-10-02T01:46:50.1208063Z ##[group]Runner Image
2026-10-02T01:46:50.1208658Z Image: ubuntu-24.04
2026-10-02T01:46:50.1209279Z Version: 20260927.320.1
2026-10-02T01:46:50.1210536Z Included Software: https://github.com/actions/runner-images/blob/ubuntu24/20260927.320/images/ubuntu/Ubuntu2404-Readme.md
2026-10-02T01:46:50.1212147Z Image Release: https://github.com/actions/runner-images/releases/tag/ubuntu24%2F20260927.320
2026-10-02T01:46:50.1213665Z ##[endgroup]
2026-10-02T01:46:50.1214889Z ##[group]GITHUB_TOKEN Permissions
2026-10-02T01:46:50.1217155Z Contents: read
2026-10-02T01:46:50.1217867Z Metadata: read
2026-10-02T01:46:50.1218457Z ##[endgroup]
2026-10-02T01:46:50.1220560Z Secret source: Actions
2026-10-02T01:46:50.1221682Z Cache mode: write
2026-10-02T01:46:50.1222986Z Prepare workflow directory
2026-10-02T01:46:50.1561481Z Prepare all required actions
2026-10-02T01:46:50.1610414Z Getting action download info
2026-10-02T01:46:50.4009566Z Download action repository 'actions/checkout@v4' (SHA:11d5960a326750d5838078e36cf38b85af677262)
2026-10-02T01:46:50.7748131Z Download action repository 'actions/setup-python@v5' (SHA:a26af69be951a213d495a4c3e4e4022e16d87065)
2026-10-02T01:46:50.8838186Z Download action repository 'actions/upload-artifact@v4' (SHA:ea165f8d65b6e75b540449e92b4886f43607fa02)
2026-10-02T01:46:51.1581740Z Complete job name: source-evidence
2026-10-02T01:46:51.2441865Z ##[group]Run actions/checkout@v4
2026-10-02T01:46:51.2443119Z with:
2026-10-02T01:46:51.2443600Z   fetch-depth: 2
2026-10-02T01:46:51.2444092Z   persist-credentials: false
2026-10-02T01:46:51.2444667Z   repository: trimcrae/Rare-cancers
2026-10-02T01:46:51.2448966Z   token: ***
2026-10-02T01:46:51.2449440Z   ssh-strict: true
2026-10-02T01:46:51.2449927Z   ssh-user: git
2026-10-02T01:46:51.2450395Z   clean: true
2026-10-02T01:46:51.2450901Z   sparse-checkout-cone-mode: true
2026-10-02T01:46:51.2451484Z   fetch-tags: false
2026-10-02T01:46:51.2451967Z   show-progress: true
2026-10-02T01:46:51.2452461Z   lfs: false
2026-10-02T01:46:51.2453080Z   submodules: false
2026-10-02T01:46:51.2453554Z   set-safe-directory: true
2026-10-02T01:46:51.2454091Z   allow-unsafe-pr-checkout: false
2026-10-02T01:46:51.2454954Z ##[endgroup]
2026-10-02T01:46:51.3520928Z Syncing repository: trimcrae/Rare-cancers
2026-10-02T01:46:51.3524296Z ##[group]Getting Git version info
2026-10-02T01:46:51.3525848Z Working directory is '/home/runner/work/Rare-cancers/Rare-cancers'
2026-10-02T01:46:51.3527944Z [command]/usr/bin/git version
2026-10-02T01:46:51.4701228Z git version 2.55.0
2026-10-02T01:46:51.4744472Z ##[endgroup]
2026-10-02T01:46:51.4758748Z Temporarily overriding HOME='/home/runner/work/_temp/83bfac21-456a-45f7-b87a-848195257db5' before making global git config changes
2026-10-02T01:46:51.4761111Z Adding repository directory to the temporary git global config as a safe directory
2026-10-02T01:46:51.4765858Z [command]/usr/bin/git config --global --add safe.directory /home/runner/work/Rare-cancers/Rare-cancers
2026-10-02T01:46:51.5017684Z Deleting the contents of '/home/runner/work/Rare-cancers/Rare-cancers'
2026-10-02T01:46:51.5023032Z ##[group]Initializing the repository
2026-10-02T01:46:51.5027683Z [command]/usr/bin/git init /home/runner/work/Rare-cancers/Rare-cancers
2026-10-02T01:46:51.5704157Z hint: Using 'master' as the name for the initial branch. This default branch name
2026-10-02T01:46:51.5706229Z hint: will change to "main" in Git 3.0. To configure the initial branch name
2026-10-02T01:46:51.5707743Z hint: to use in all of your new repositories, which will suppress this warning,
2026-10-02T01:46:51.5713752Z hint: call:
2026-10-02T01:46:51.5714352Z hint:
2026-10-02T01:46:51.5715377Z hint: 	git config --global init.defaultBranch <name>
2026-10-02T01:46:51.5716221Z hint:
2026-10-02T01:46:51.5717006Z hint: Names commonly chosen instead of 'master' are 'main', 'trunk' and
2026-10-02T01:46:51.5718267Z hint: 'development'. The just-created branch can be renamed via this command:
2026-10-02T01:46:51.5719214Z hint:
2026-10-02T01:46:51.5719666Z hint: 	git branch -m <name>
2026-10-02T01:46:51.5720218Z hint:
2026-10-02T01:46:51.5720973Z hint: Disable this message with "git config set advice.defaultBranchName false"
2026-10-02T01:46:51.5722339Z Initialized empty Git repository in /home/runner/work/Rare-cancers/Rare-cancers/.git/
2026-10-02T01:46:51.5737256Z [command]/usr/bin/git remote add origin https://github.com/trimcrae/Rare-cancers
2026-10-02T01:46:51.6005205Z ##[endgroup]
2026-10-02T01:46:51.6007079Z ##[group]Disabling automatic garbage collection
2026-10-02T01:46:51.6010110Z [command]/usr/bin/git config --local gc.auto 0
2026-10-02T01:46:51.6048917Z ##[endgroup]
2026-10-02T01:46:51.6050673Z ##[group]Setting up auth
2026-10-02T01:46:51.6057632Z [command]/usr/bin/git config --local --name-only --get-regexp core\.sshCommand
2026-10-02T01:46:51.6094008Z [command]/usr/bin/git submodule foreach --recursive sh -c "git config --local --name-only --get-regexp 'core\.sshCommand' && git config --local --unset-all 'core.sshCommand' || :"
2026-10-02T01:46:51.8128065Z [command]/usr/bin/git config --local --name-only --get-regexp http\.https\:\/\/github\.com\/\.extraheader
2026-10-02T01:46:51.8167619Z [command]/usr/bin/git submodule foreach --recursive sh -c "git config --local --name-only --get-regexp 'http\.https\:\/\/github\.com\/\.extraheader' && git config --local --unset-all 'http.https://github.com/.extraheader' || :"
2026-10-02T01:46:51.8402506Z [command]/usr/bin/git config --local --name-only --get-regexp ^includeIf\.gitdir:
2026-10-02T01:46:51.8441646Z [command]/usr/bin/git submodule foreach --recursive git config --local --show-origin --name-only --get-regexp remote.origin.url
2026-10-02T01:46:51.8674212Z [command]/usr/bin/git config --local http.https://github.com/.extraheader AUTHORIZATION: basic ***
2026-10-02T01:46:51.8716200Z ##[endgroup]
2026-10-02T01:46:51.8717666Z ##[group]Fetching the repository
2026-10-02T01:46:51.8728419Z [command]/usr/bin/git -c protocol.version=2 fetch --no-tags --prune --no-recurse-submodules --depth=2 origin +9bfd7112bf76f184d632e4d72fea3fa95f5e9d34:refs/remotes/origin/codex/usage-sprint-2026-10-01-chrna6-specimen-crosswalk
2026-10-02T01:47:00.0118985Z From https://github.com/trimcrae/Rare-cancers
2026-10-02T01:47:00.0120603Z  * [new ref]         9bfd7112bf76f184d632e4d72fea3fa95f5e9d34 -> origin/codex/usage-sprint-2026-10-01-chrna6-specimen-crosswalk
2026-10-02T01:47:00.0124120Z ##[endgroup]
2026-10-02T01:47:00.0124948Z ##[group]Determining the checkout info
2026-10-02T01:47:00.0125733Z ##[endgroup]
2026-10-02T01:47:00.0131942Z [command]/usr/bin/git sparse-checkout disable
2026-10-02T01:47:00.0333565Z [command]/usr/bin/git config --local --unset-all extensions.worktreeConfig
2026-10-02T01:47:00.0372092Z ##[group]Checking out the ref
2026-10-02T01:47:00.0378234Z [command]/usr/bin/git checkout --progress --force -B codex/usage-sprint-2026-10-01-chrna6-specimen-crosswalk refs/remotes/origin/codex/usage-sprint-2026-10-01-chrna6-specimen-crosswalk
2026-10-02T01:47:01.0578338Z Updating files:  34% (2914/8426)
2026-10-02T01:47:01.1339904Z Updating files:  35% (2950/8426)
2026-10-02T01:47:01.1813945Z Updating files:  36% (3034/8426)
2026-10-02T01:47:01.1923591Z Updating files:  37% (3118/8426)
2026-10-02T01:47:01.2018049Z Updating files:  38% (3202/8426)
2026-10-02T01:47:01.2143268Z Updating files:  39% (3287/8426)
2026-10-02T01:47:01.2222237Z Updating files:  40% (3371/8426)
2026-10-02T01:47:01.2313053Z Updating files:  41% (3455/8426)
2026-10-02T01:47:01.2430746Z Updating files:  42% (3539/8426)
2026-10-02T01:47:01.2535019Z Updating files:  43% (3624/8426)
2026-10-02T01:47:01.2609171Z Updating files:  44% (3708/8426)
2026-10-02T01:47:01.2689280Z Updating files:  45% (3792/8426)
2026-10-02T01:47:01.2766469Z Updating files:  46% (3876/8426)
2026-10-02T01:47:01.2836758Z Updating files:  47% (3961/8426)
2026-10-02T01:47:01.2932899Z Updating files:  48% (4045/8426)
2026-10-02T01:47:01.3070265Z Updating files:  49% (4129/8426)
2026-10-02T01:47:01.3210750Z Updating files:  50% (4213/8426)
2026-10-02T01:47:01.3344729Z Updating files:  51% (4298/8426)
2026-10-02T01:47:01.3384813Z Updating files:  52% (4382/8426)
2026-10-02T01:47:01.4074204Z Updating files:  53% (4466/8426)
2026-10-02T01:47:01.4986682Z Updating files:  54% (4551/8426)
2026-10-02T01:47:01.5725144Z Updating files:  55% (4635/8426)
2026-10-02T01:47:01.6382285Z Updating files:  56% (4719/8426)
2026-10-02T01:47:01.6520758Z Updating files:  57% (4803/8426)
2026-10-02T01:47:01.7119942Z Updating files:  58% (4888/8426)
2026-10-02T01:47:01.7941358Z Updating files:  59% (4972/8426)
2026-10-02T01:47:01.8573666Z Updating files:  60% (5056/8426)
2026-10-02T01:47:01.8608843Z Updating files:  61% (5140/8426)
2026-10-02T01:47:01.8643942Z Updating files:  62% (5225/8426)
2026-10-02T01:47:01.8677008Z Updating files:  63% (5309/8426)
2026-10-02T01:47:01.8711515Z Updating files:  64% (5393/8426)
2026-10-02T01:47:01.8746190Z Updating files:  65% (5477/8426)
2026-10-02T01:47:01.8779098Z Updating files:  66% (5562/8426)
2026-10-02T01:47:01.8814507Z Updating files:  67% (5646/8426)
2026-10-02T01:47:01.8847888Z Updating files:  68% (5730/8426)
2026-10-02T01:47:01.8882633Z Updating files:  69% (5814/8426)
2026-10-02T01:47:01.8916243Z Updating files:  70% (5899/8426)
2026-10-02T01:47:01.8948981Z Updating files:  71% (5983/8426)
2026-10-02T01:47:01.8983015Z Updating files:  72% (6067/8426)
2026-10-02T01:47:01.9018423Z Updating files:  73% (6151/8426)
2026-10-02T01:47:01.9053626Z Updating files:  74% (6236/8426)
2026-10-02T01:47:01.9087179Z Updating files:  75% (6320/8426)
2026-10-02T01:47:01.9121468Z Updating files:  76% (6404/8426)
2026-10-02T01:47:01.9155362Z Updating files:  77% (6489/8426)
2026-10-02T01:47:01.9188912Z Updating files:  78% (6573/8426)
2026-10-02T01:47:01.9222164Z Updating files:  79% (6657/8426)
2026-10-02T01:47:01.9257630Z Updating files:  80% (6741/8426)
2026-10-02T01:47:01.9291474Z Updating files:  81% (6826/8426)
2026-10-02T01:47:01.9325189Z Updating files:  82% (6910/8426)
2026-10-02T01:47:01.9358997Z Updating files:  83% (6994/8426)
2026-10-02T01:47:01.9392769Z Updating files:  84% (7078/8426)
2026-10-02T01:47:01.9427969Z Updating files:  85% (7163/8426)
2026-10-02T01:47:01.9462415Z Updating files:  86% (7247/8426)
2026-10-02T01:47:01.9497346Z Updating files:  87% (7331/8426)
2026-10-02T01:47:01.9531394Z Updating files:  88% (7415/8426)
2026-10-02T01:47:01.9565547Z Updating files:  89% (7500/8426)
2026-10-02T01:47:01.9601068Z Updating files:  90% (7584/8426)
2026-10-02T01:47:01.9634688Z Updating files:  91% (7668/8426)
2026-10-02T01:47:01.9669068Z Updating files:  92% (7752/8426)
2026-10-02T01:47:01.9702698Z Updating files:  93% (7837/8426)
2026-10-02T01:47:01.9737861Z Updating files:  94% (7921/8426)
2026-10-02T01:47:01.9772148Z Updating files:  95% (8005/8426)
2026-10-02T01:47:01.9823297Z Updating files:  96% (8089/8426)
2026-10-02T01:47:01.9959623Z Updating files:  97% (8174/8426)
2026-10-02T01:47:02.0100394Z Updating files:  98% (8258/8426)
2026-10-02T01:47:02.0191478Z Updating files:  99% (8342/8426)
2026-10-02T01:47:02.0192279Z Updating files: 100% (8426/8426)
2026-10-02T01:47:02.0261893Z Updating files: 100% (8426/8426), done.
2026-10-02T01:47:02.0286195Z Switched to a new branch 'codex/usage-sprint-2026-10-01-chrna6-specimen-crosswalk'
2026-10-02T01:47:02.0293330Z branch 'codex/usage-sprint-2026-10-01-chrna6-specimen-crosswalk' set up to track 'origin/codex/usage-sprint-2026-10-01-chrna6-specimen-crosswalk'.
2026-10-02T01:47:02.0357401Z ##[endgroup]
2026-10-02T01:47:02.0409562Z [command]/usr/bin/git log -1 --format=%H
2026-10-02T01:47:02.0445052Z 9bfd7112bf76f184d632e4d72fea3fa95f5e9d34
2026-10-02T01:47:02.0456069Z ##[group]Removing auth
2026-10-02T01:47:02.0461357Z [command]/usr/bin/git config --local --name-only --get-regexp core\.sshCommand
2026-10-02T01:47:02.0498062Z [command]/usr/bin/git submodule foreach --recursive sh -c "git config --local --name-only --get-regexp 'core\.sshCommand' && git config --local --unset-all 'core.sshCommand' || :"
2026-10-02T01:47:02.0745359Z [command]/usr/bin/git config --local --name-only --get-regexp http\.https\:\/\/github\.com\/\.extraheader
2026-10-02T01:47:02.0777140Z http.https://github.com/.extraheader
2026-10-02T01:47:02.0787860Z [command]/usr/bin/git config --local --unset-all http.https://github.com/.extraheader
2026-10-02T01:47:02.0826249Z [command]/usr/bin/git submodule foreach --recursive sh -c "git config --local --name-only --get-regexp 'http\.https\:\/\/github\.com\/\.extraheader' && git config --local --unset-all 'http.https://github.com/.extraheader' || :"
2026-10-02T01:47:02.1066881Z [command]/usr/bin/git config --local --name-only --get-regexp ^includeIf\.gitdir:
2026-10-02T01:47:02.1104565Z [command]/usr/bin/git submodule foreach --recursive git config --local --show-origin --name-only --get-regexp remote.origin.url
2026-10-02T01:47:02.1344841Z ##[endgroup]
2026-10-02T01:47:02.1602947Z ##[group]Run actions/setup-python@v5
2026-10-02T01:47:02.1603276Z with:
2026-10-02T01:47:02.1603490Z   python-version: 3.11
2026-10-02T01:47:02.1603738Z   check-latest: false
2026-10-02T01:47:02.1606427Z   token: ***
2026-10-02T01:47:02.1606656Z   update-environment: true
2026-10-02T01:47:02.1606919Z   allow-prereleases: false
2026-10-02T01:47:02.1607166Z   freethreaded: false
2026-10-02T01:47:02.1607382Z ##[endgroup]
2026-10-02T01:47:02.2987771Z ##[group]Installed versions
2026-10-02T01:47:02.3395585Z (node:2377) [DEP0040] DeprecationWarning: The `punycode` module is deprecated. Please use a userland alternative instead.
2026-10-02T01:47:02.3396918Z (Use `node --trace-deprecation ...` to show where the warning was created)
2026-10-02T01:47:02.3397690Z Successfully set up CPython (3.11.16)
2026-10-02T01:47:02.3398459Z ##[endgroup]
2026-10-02T01:47:02.3591150Z ##[group]Run git rev-parse HEAD
2026-10-02T01:47:02.3591679Z [36;1mgit rev-parse HEAD[0m
2026-10-02T01:47:02.3592192Z [36;1mpython3 --version[0m
2026-10-02T01:47:02.4947583Z shell: /usr/bin/bash -e {0}
2026-10-02T01:47:02.4947917Z env:
2026-10-02T01:47:02.4948251Z   pythonLocation: /opt/hostedtoolcache/Python/3.11.16/x64
2026-10-02T01:47:02.4948795Z   PKG_CONFIG_PATH: /opt/hostedtoolcache/Python/3.11.16/x64/lib/pkgconfig
2026-10-02T01:47:02.4949344Z   Python_ROOT_DIR: /opt/hostedtoolcache/Python/3.11.16/x64
2026-10-02T01:47:02.4949810Z   Python2_ROOT_DIR: /opt/hostedtoolcache/Python/3.11.16/x64
2026-10-02T01:47:02.4950271Z   Python3_ROOT_DIR: /opt/hostedtoolcache/Python/3.11.16/x64
2026-10-02T01:47:02.4950732Z   LD_LIBRARY_PATH: /opt/hostedtoolcache/Python/3.11.16/x64/lib
2026-10-02T01:47:02.4951142Z ##[endgroup]
2026-10-02T01:47:02.5086972Z 9bfd7112bf76f184d632e4d72fea3fa95f5e9d34
2026-10-02T01:47:02.6568818Z Python 3.11.16
2026-10-02T01:47:02.6613334Z ##[group]Run python3 research/autonomy/usage-sprint-2026-10-01/chrna6-specimen-crosswalk/test_acquire.py -v
2026-10-02T01:47:02.6614766Z [36;1mpython3 research/autonomy/usage-sprint-2026-10-01/chrna6-specimen-crosswalk/test_acquire.py -v[0m
2026-10-02T01:47:02.6683299Z shell: /usr/bin/bash -e {0}
2026-10-02T01:47:02.6683560Z env:
2026-10-02T01:47:02.6683833Z   pythonLocation: /opt/hostedtoolcache/Python/3.11.16/x64
2026-10-02T01:47:02.6684277Z   PKG_CONFIG_PATH: /opt/hostedtoolcache/Python/3.11.16/x64/lib/pkgconfig
2026-10-02T01:47:02.6684711Z   Python_ROOT_DIR: /opt/hostedtoolcache/Python/3.11.16/x64
2026-10-02T01:47:02.6685096Z   Python2_ROOT_DIR: /opt/hostedtoolcache/Python/3.11.16/x64
2026-10-02T01:47:02.6685473Z   Python3_ROOT_DIR: /opt/hostedtoolcache/Python/3.11.16/x64
2026-10-02T01:47:02.6686045Z   LD_LIBRARY_PATH: /opt/hostedtoolcache/Python/3.11.16/x64/lib
2026-10-02T01:47:02.6686381Z ##[endgroup]
2026-10-02T01:47:03.6882841Z test_absence_is_not_unknown (__main__.Integrity.test_absence_is_not_unknown) ... ok
2026-10-02T01:47:03.6884156Z test_acquired_http_error_refused (__main__.Integrity.test_acquired_http_error_refused) ... ok
2026-10-02T01:47:03.6885872Z test_blocked_source_retains_unknown (__main__.Integrity.test_blocked_source_retains_unknown) ... ok
2026-10-02T01:47:03.6887421Z test_changed_metadata_locator (__main__.Integrity.test_changed_metadata_locator) ... ok
2026-10-02T01:47:03.6888894Z test_changed_raw_hash (__main__.Integrity.test_changed_raw_hash) ... ok
2026-10-02T01:47:03.6890132Z test_changed_raw_size (__main__.Integrity.test_changed_raw_size) ... ok
2026-10-02T01:47:03.6895246Z test_changed_robots_bytes_refused (__main__.Integrity.test_changed_robots_bytes_refused) ... ok
2026-10-02T01:47:03.6900490Z test_deadline_not_swallowed_by_robots (__main__.Integrity.test_deadline_not_swallowed_by_robots) ... ok
2026-10-02T01:47:03.6906409Z test_deadline_not_swallowed_by_source_handler (__main__.Integrity.test_deadline_not_swallowed_by_source_handler) ... ok
2026-10-02T01:47:03.6908134Z test_duplicate_matching_primary_records (__main__.Integrity.test_duplicate_matching_primary_records) ... ok
2026-10-02T01:47:03.6909633Z test_duplicates_cannot_inflate_source_evidence (__main__.Integrity.test_duplicates_cannot_inflate_source_evidence) ... ok
2026-10-02T01:47:03.6911572Z test_guessed_fulltext_id_refused (__main__.Integrity.test_guessed_fulltext_id_refused) ... ok
2026-10-02T01:47:03.6913641Z test_guessed_publisher_locator_refused (__main__.Integrity.test_guessed_publisher_locator_refused) ... ok
2026-10-02T01:47:03.6915502Z test_http_scheme_refused (__main__.Integrity.test_http_scheme_refused) ... ok
2026-10-02T01:47:03.6916758Z test_invalid_status_cannot_silently_drop_source (__main__.Integrity.test_invalid_status_cannot_silently_drop_source) ... ok
2026-10-02T01:47:03.6918166Z test_reconstructed_projection_diverges (__main__.Integrity.test_reconstructed_projection_diverges) ... ok
2026-10-02T01:47:03.6919348Z test_record_doi_mismatch (__main__.Integrity.test_record_doi_mismatch) ... ok
2026-10-02T01:47:03.6920397Z test_robots_403_is_not_missing_policy (__main__.Integrity.test_robots_403_is_not_missing_policy) ... ok
2026-10-02T01:47:03.6922389Z test_robots_policy_decision_flip_refused (__main__.Integrity.test_robots_policy_decision_flip_refused) ... ok
2026-10-02T01:47:03.6923777Z test_robots_receipt_wrong_origin_refused (__main__.Integrity.test_robots_receipt_wrong_origin_refused) ... ok
2026-10-02T01:47:03.6925066Z test_robots_refusal_cannot_be_acquired (__main__.Integrity.test_robots_refusal_cannot_be_acquired) ... ok
2026-10-02T01:47:03.6926373Z test_same_size_wrong_doi_in_source (__main__.Integrity.test_same_size_wrong_doi_in_source) ... ok
2026-10-02T01:47:03.6927711Z test_scope_escalation_refused (__main__.Integrity.test_scope_escalation_refused) ... ok
2026-10-02T01:47:03.6928825Z test_unapproved_host (__main__.Integrity.test_unapproved_host) ... ok
2026-10-02T01:47:03.6931740Z test_unicode_byte_count_not_character_count (__main__.Integrity.test_unicode_byte_count_not_character_count) ... ok
2026-10-02T01:47:03.6933365Z test_unrecognized_source_key_refused (__main__.Integrity.test_unrecognized_source_key_refused) ... ok
2026-10-02T01:47:03.6934537Z test_unsupported_independence (__main__.Integrity.test_unsupported_independence) ... ok
2026-10-02T01:47:03.6936348Z test_userinfo_refused (__main__.Integrity.test_userinfo_refused) ... ok
2026-10-02T01:47:03.6938565Z test_valid_200_robots_policy_replayed (__main__.Integrity.test_valid_200_robots_policy_replayed) ... ok
2026-10-02T01:47:03.6939714Z test_valid_raw_bindings (__main__.Integrity.test_valid_raw_bindings) ... ok
2026-10-02T01:47:03.6941658Z test_wrong_crossref_doi (__main__.Integrity.test_wrong_crossref_doi) ... ok
2026-10-02T01:47:03.6943242Z test_wrong_primary_source (__main__.Integrity.test_wrong_primary_source) ... ok
2026-10-02T01:47:03.6944201Z 
2026-10-02T01:47:03.6944487Z ----------------------------------------------------------------------
2026-10-02T01:47:03.6945135Z Ran 32 tests in 0.007s
2026-10-02T01:47:03.6945415Z 
2026-10-02T01:47:03.6945561Z OK
2026-10-02T01:47:03.7719085Z ##[group]Run EVIDENCE_PATH=research/autonomy/usage-sprint-2026-10-01/chrna6-specimen-crosswalk/evidence.json
2026-10-02T01:47:03.7719918Z [36;1mEVIDENCE_PATH=research/autonomy/usage-sprint-2026-10-01/chrna6-specimen-crosswalk/evidence.json[0m
2026-10-02T01:47:03.7720437Z [36;1mif [ ! -f "$EVIDENCE_PATH" ]; then[0m
2026-10-02T01:47:03.7720835Z [36;1m  EVIDENCE_PATH=.cache/chrna6-specimen-crosswalk/evidence.json[0m
2026-10-02T01:47:03.7721200Z [36;1mfi[0m
2026-10-02T01:47:03.7721682Z [36;1mpython3 research/autonomy/usage-sprint-2026-10-01/chrna6-specimen-crosswalk/acquire.py --check "$EVIDENCE_PATH"[0m
2026-10-02T01:47:03.7785392Z shell: /usr/bin/bash -e {0}
2026-10-02T01:47:03.7785647Z env:
2026-10-02T01:47:03.7785924Z   pythonLocation: /opt/hostedtoolcache/Python/3.11.16/x64
2026-10-02T01:47:03.7786378Z   PKG_CONFIG_PATH: /opt/hostedtoolcache/Python/3.11.16/x64/lib/pkgconfig
2026-10-02T01:47:03.7786817Z   Python_ROOT_DIR: /opt/hostedtoolcache/Python/3.11.16/x64
2026-10-02T01:47:03.7787254Z   Python2_ROOT_DIR: /opt/hostedtoolcache/Python/3.11.16/x64
2026-10-02T01:47:03.7787655Z   Python3_ROOT_DIR: /opt/hostedtoolcache/Python/3.11.16/x64
2026-10-02T01:47:03.7788051Z   LD_LIBRARY_PATH: /opt/hostedtoolcache/Python/3.11.16/x64/lib
2026-10-02T01:47:03.7788373Z ##[endgroup]
2026-10-02T01:47:03.8412469Z OFFLINE_CHECK_OK sources=3 metadata_records=2 overlap=unknown
2026-10-02T01:47:03.9118977Z ##[group]Run python3 -m pip install uv pytest pytest-xdist numpy scipy pymbar rdkit pyyaml boto3 jsonschema biopython pdfminer.six pypdf pdfplumber matplotlib netCDF4 cffi
2026-10-02T01:47:03.9120201Z [36;1mpython3 -m pip install uv pytest pytest-xdist numpy scipy pymbar rdkit pyyaml boto3 jsonschema biopython pdfminer.six pypdf pdfplumber matplotlib netCDF4 cffi[0m
2026-10-02T01:47:03.9184658Z shell: /usr/bin/bash -e {0}
2026-10-02T01:47:03.9184915Z env:
2026-10-02T01:47:03.9185197Z   pythonLocation: /opt/hostedtoolcache/Python/3.11.16/x64
2026-10-02T01:47:03.9185646Z   PKG_CONFIG_PATH: /opt/hostedtoolcache/Python/3.11.16/x64/lib/pkgconfig
2026-10-02T01:47:03.9186086Z   Python_ROOT_DIR: /opt/hostedtoolcache/Python/3.11.16/x64
2026-10-02T01:47:03.9186484Z   Python2_ROOT_DIR: /opt/hostedtoolcache/Python/3.11.16/x64
2026-10-02T01:47:03.9186864Z   Python3_ROOT_DIR: /opt/hostedtoolcache/Python/3.11.16/x64
2026-10-02T01:47:03.9187305Z   LD_LIBRARY_PATH: /opt/hostedtoolcache/Python/3.11.16/x64/lib
2026-10-02T01:47:03.9187634Z ##[endgroup]
2026-10-02T01:47:06.2238211Z Collecting uv
2026-10-02T01:47:06.3001493Z   Downloading uv-0.12.22-py3-none-manylinux_2_17_x86_64.manylinux2014_x86_64.whl.metadata (11 kB)
2026-10-02T01:47:06.3316941Z Collecting pytest
2026-10-02T01:47:06.3378169Z   Downloading pytest-9.1.1-py3-none-any.whl.metadata (7.6 kB)
2026-10-02T01:47:06.3600196Z Collecting pytest-xdist
2026-10-02T01:47:06.3635523Z   Downloading pytest_xdist-3.8.0-py3-none-any.whl.metadata (3.0 kB)
2026-10-02T01:47:06.5697846Z Collecting numpy
2026-10-02T01:47:06.5755553Z   Downloading numpy-2.4.6-cp311-cp311-manylinux_2_27_x86_64.manylinux_2_28_x86_64.whl.metadata (6.6 kB)
2026-10-02T01:47:06.6977810Z Collecting scipy
2026-10-02T01:47:06.7017917Z   Downloading scipy-1.17.1-cp311-cp311-manylinux_2_27_x86_64.manylinux_2_28_x86_64.whl.metadata (62 kB)
2026-10-02T01:47:06.7297366Z Collecting pymbar
2026-10-02T01:47:06.7354027Z   Downloading pymbar-4.0.3-py3-none-any.whl.metadata (1.2 kB)
2026-10-02T01:47:06.7896501Z Collecting rdkit
2026-10-02T01:47:06.8068502Z   Downloading rdkit-2026.3.6-cp311-cp311-manylinux_2_28_x86_64.whl.metadata (3.8 kB)
2026-10-02T01:47:06.8415329Z Collecting pyyaml
2026-10-02T01:47:06.8450952Z   Downloading pyyaml-6.0.3-cp311-cp311-manylinux2014_x86_64.manylinux_2_17_x86_64.manylinux_2_28_x86_64.whl.metadata (2.4 kB)
2026-10-02T01:47:07.1175194Z Collecting boto3
2026-10-02T01:47:07.1211045Z   Downloading boto3-1.43.107-py3-none-any.whl.metadata (6.6 kB)
2026-10-02T01:47:07.1432831Z Collecting jsonschema
2026-10-02T01:47:07.1466548Z   Downloading jsonschema-4.26.0-py3-none-any.whl.metadata (7.6 kB)
2026-10-02T01:47:07.1860971Z Collecting biopython
2026-10-02T01:47:07.1911228Z   Downloading biopython-1.88-cp311-cp311-manylinux2014_x86_64.manylinux_2_17_x86_64.manylinux_2_28_x86_64.whl.metadata (13 kB)
2026-10-02T01:47:07.2062924Z Collecting pdfminer.six
2026-10-02T01:47:07.2099671Z   Downloading pdfminer_six-20260107-py3-none-any.whl.metadata (4.3 kB)
2026-10-02T01:47:07.2322742Z Collecting pypdf
2026-10-02T01:47:07.2373943Z   Downloading pypdf-6.19.0-py3-none-any.whl.metadata (7.5 kB)
2026-10-02T01:47:07.2553332Z Collecting pdfplumber
2026-10-02T01:47:07.2586061Z   Downloading pdfplumber-0.11.10-py3-none-any.whl.metadata (43 kB)
2026-10-02T01:47:07.3908122Z Collecting matplotlib
2026-10-02T01:47:07.3953295Z   Downloading matplotlib-3.11.2-cp311-cp311-manylinux2014_x86_64.manylinux_2_17_x86_64.whl.metadata (80 kB)
2026-10-02T01:47:07.4626844Z Collecting netCDF4
2026-10-02T01:47:07.4679795Z   Downloading netcdf4-1.7.4-cp311-cp311-manylinux_2_27_x86_64.manylinux_2_28_x86_64.whl.metadata (2.1 kB)
2026-10-02T01:47:07.5650370Z Collecting cffi
2026-10-02T01:47:07.5686144Z   Downloading cffi-2.1.1-cp311-cp311-manylinux2014_x86_64.manylinux_2_17_x86_64.whl.metadata (2.5 kB)
2026-10-02T01:47:07.5796004Z Collecting iniconfig>=1.0.1 (from pytest)
2026-10-02T01:47:07.5830029Z   Downloading iniconfig-2.3.0-py3-none-any.whl.metadata (2.5 kB)
2026-10-02T01:47:07.6548369Z Collecting packaging>=22 (from pytest)
2026-10-02T01:47:07.6583643Z   Downloading packaging-26.3-py3-none-any.whl.metadata (3.5 kB)
2026-10-02T01:47:07.6711951Z Collecting pluggy<2,>=1.5 (from pytest)
2026-10-02T01:47:07.6745671Z   Downloading pluggy-1.6.0-py3-none-any.whl.metadata (4.8 kB)
2026-10-02T01:47:07.6931913Z Collecting pygments>=2.7.2 (from pytest)
2026-10-02T01:47:07.6968022Z   Downloading pygments-2.21.0-py3-none-any.whl.metadata (2.5 kB)
2026-10-02T01:47:07.7503874Z Collecting execnet>=2.1 (from pytest-xdist)
2026-10-02T01:47:07.7540340Z   Downloading execnet-2.1.2-py3-none-any.whl.metadata (2.9 kB)
2026-10-02T01:47:07.8232946Z Collecting numexpr (from pymbar)
2026-10-02T01:47:07.8291331Z   Downloading numexpr-2.14.2-cp311-cp311-manylinux_2_27_x86_64.manylinux_2_28_x86_64.whl.metadata (9.0 kB)
2026-10-02T01:47:07.9863601Z Collecting Pillow (from rdkit)
2026-10-02T01:47:07.9902822Z   Downloading pillow-12.3.0-cp311-cp311-manylinux_2_27_x86_64.manylinux_2_28_x86_64.whl.metadata (9.1 kB)
2026-10-02T01:47:08.2421187Z Collecting botocore<1.44.0,>=1.43.107 (from boto3)
2026-10-02T01:47:08.2459344Z   Downloading botocore-1.43.107-py3-none-any.whl.metadata (5.6 kB)
2026-10-02T01:47:08.2591861Z Collecting jmespath<2.0.0,>=0.7.1 (from boto3)
2026-10-02T01:47:08.2627935Z   Downloading jmespath-1.1.0-py3-none-any.whl.metadata (7.6 kB)
2026-10-02T01:47:08.2789313Z Collecting s3transfer<0.20.0,>=0.19.0 (from boto3)
2026-10-02T01:47:08.2827262Z   Downloading s3transfer-0.19.2-py3-none-any.whl.metadata (1.7 kB)
2026-10-02T01:47:08.2970322Z Collecting python-dateutil<3.0.0,>=2.1 (from botocore<1.44.0,>=1.43.107->boto3)
2026-10-02T01:47:08.3013257Z   Downloading python_dateutil-2.9.0.post0-py2.py3-none-any.whl.metadata (8.4 kB)
2026-10-02T01:47:08.3237937Z Collecting urllib3!=2.2.0,<3,>=1.25.4 (from botocore<1.44.0,>=1.43.107->boto3)
2026-10-02T01:47:08.3285258Z   Downloading urllib3-2.8.0-py3-none-any.whl.metadata (7.4 kB)
2026-10-02T01:47:08.3429093Z Collecting six>=1.5 (from python-dateutil<3.0.0,>=2.1->botocore<1.44.0,>=1.43.107->boto3)
2026-10-02T01:47:08.3510808Z   Downloading six-1.17.0-py2.py3-none-any.whl.metadata (1.7 kB)
2026-10-02T01:47:08.3836717Z Collecting attrs>=22.2.0 (from jsonschema)
2026-10-02T01:47:08.3872306Z   Downloading attrs-26.1.0-py3-none-any.whl.metadata (8.8 kB)
2026-10-02T01:47:08.4126731Z Collecting jsonschema-specifications>=2023.03.6 (from jsonschema)
2026-10-02T01:47:08.4164431Z   Downloading jsonschema_specifications-2025.9.1-py3-none-any.whl.metadata (2.9 kB)
2026-10-02T01:47:08.4382472Z Collecting referencing>=0.28.4 (from jsonschema)
2026-10-02T01:47:08.4422019Z   Downloading referencing-0.37.0-py3-none-any.whl.metadata (2.8 kB)
2026-10-02T01:47:08.6907876Z Collecting rpds-py>=0.25.0 (from jsonschema)
2026-10-02T01:47:08.6956766Z   Downloading rpds_py-2026.6.3-cp311-cp311-manylinux_2_17_x86_64.manylinux2014_x86_64.whl.metadata (4.1 kB)
2026-10-02T01:47:08.8658671Z Collecting charset-normalizer>=2.0.0 (from pdfminer.six)
2026-10-02T01:47:08.8717183Z   Downloading charset_normalizer-3.5.2-cp311-cp311-manylinux2014_x86_64.manylinux_2_17_x86_64.manylinux_2_28_x86_64.whl.metadata (46 kB)
2026-10-02T01:47:09.0449786Z Collecting cryptography>=36.0.0 (from pdfminer.six)
2026-10-02T01:47:09.0489974Z   Downloading cryptography-50.0.2-cp311-abi3-manylinux_2_34_x86_64.whl.metadata (4.4 kB)
2026-10-02T01:47:09.1324683Z Collecting pypdfium2>=5.9.0 (from pdfplumber)
2026-10-02T01:47:09.1370978Z   Downloading pypdfium2-5.13.0-py3-none-manylinux_2_17_x86_64.manylinux2014_x86_64.whl.metadata (66 kB)
2026-10-02T01:47:09.2041659Z Collecting contourpy>=1.0.1 (from matplotlib)
2026-10-02T01:47:09.2101441Z   Downloading contourpy-1.3.3-cp311-cp311-manylinux_2_27_x86_64.manylinux_2_28_x86_64.whl.metadata (5.5 kB)
2026-10-02T01:47:09.2224296Z Collecting cycler>=0.10 (from matplotlib)
2026-10-02T01:47:09.2271830Z   Downloading cycler-0.12.1-py3-none-any.whl.metadata (3.8 kB)
2026-10-02T01:47:09.4298183Z Collecting fonttools>=4.28.2 (from matplotlib)
2026-10-02T01:47:09.4339798Z   Downloading fonttools-4.66.1-cp311-cp311-manylinux2014_x86_64.manylinux_2_17_x86_64.whl.metadata (130 kB)
2026-10-02T01:47:09.5088140Z Collecting kiwisolver>=1.3.1 (from matplotlib)
2026-10-02T01:47:09.5131986Z   Downloading kiwisolver-1.5.1-cp311-cp311-manylinux2014_x86_64.manylinux_2_17_x86_64.whl.metadata (5.2 kB)
2026-10-02T01:47:09.5391559Z Collecting pyparsing>=3 (from matplotlib)
2026-10-02T01:47:09.5445600Z   Downloading pyparsing-3.3.3-py3-none-any.whl.metadata (5.9 kB)
2026-10-02T01:47:09.5916114Z Collecting cftime (from netCDF4)
2026-10-02T01:47:09.5977889Z   Downloading cftime-1.6.6-cp311-abi3-manylinux1_x86_64.manylinux_2_28_x86_64.manylinux_2_5_x86_64.whl.metadata (8.7 kB)
2026-10-02T01:47:09.6165050Z Collecting certifi (from netCDF4)
2026-10-02T01:47:09.6202002Z   Downloading certifi-2026.7.22-py3-none-any.whl.metadata (2.5 kB)
2026-10-02T01:47:09.6346548Z Collecting pycparser (from cffi)
2026-10-02T01:47:09.6414034Z   Downloading pycparser-3.0-py3-none-any.whl.metadata (8.2 kB)
2026-10-02T01:47:09.6710330Z Collecting typing-extensions>=4.4.0 (from referencing>=0.28.4->jsonschema)
2026-10-02T01:47:09.6751964Z   Downloading typing_extensions-4.16.0-py3-none-any.whl.metadata (3.3 kB)
2026-10-02T01:47:09.6902822Z Downloading uv-0.12.22-py3-none-manylinux_2_17_x86_64.manylinux2014_x86_64.whl (20.6 MB)
2026-10-02T01:47:09.8142210Z    ━━━━━━━━━━━━━━━━━━━━━━━━━━━━━━━━━━━━━━━━ 20.6/20.6 MB 169.5 MB/s  0:00:00
2026-10-02T01:47:09.8179337Z Downloading pytest-9.1.1-py3-none-any.whl (386 kB)
2026-10-02T01:47:09.8248102Z Downloading pluggy-1.6.0-py3-none-any.whl (20 kB)
2026-10-02T01:47:09.8302237Z Downloading pytest_xdist-3.8.0-py3-none-any.whl (46 kB)
2026-10-02T01:47:09.8361378Z Downloading numpy-2.4.6-cp311-cp311-manylinux_2_27_x86_64.manylinux_2_28_x86_64.whl (16.9 MB)
2026-10-02T01:47:09.9050966Z    ━━━━━━━━━━━━━━━━━━━━━━━━━━━━━━━━━━━━━━━━ 16.9/16.9 MB 251.0 MB/s  0:00:00
2026-10-02T01:47:09.9088818Z Downloading scipy-1.17.1-cp311-cp311-manylinux_2_27_x86_64.manylinux_2_28_x86_64.whl (35.3 MB)
2026-10-02T01:47:10.0532140Z    ━━━━━━━━━━━━━━━━━━━━━━━━━━━━━━━━━━━━━━━━ 35.3/35.3 MB 249.0 MB/s  0:00:00
2026-10-02T01:47:10.0593788Z Downloading pymbar-4.0.3-py3-none-any.whl (107 kB)
2026-10-02T01:47:10.0731531Z Downloading rdkit-2026.3.6-cp311-cp311-manylinux_2_28_x86_64.whl (38.2 MB)
2026-10-02T01:47:10.3924584Z    ━━━━━━━━━━━━━━━━━━━━━━━━━━━━━━━━━━━━━━━━ 38.2/38.2 MB 119.7 MB/s  0:00:00
2026-10-02T01:47:10.3965783Z Downloading pyyaml-6.0.3-cp311-cp311-manylinux2014_x86_64.manylinux_2_17_x86_64.manylinux_2_28_x86_64.whl (806 kB)
2026-10-02T01:47:10.4020594Z    ━━━━━━━━━━━━━━━━━━━━━━━━━━━━━━━━━━━━━━━━ 806.6/806.6 kB 174.0 MB/s  0:00:00
2026-10-02T01:47:10.4054878Z Downloading boto3-1.43.107-py3-none-any.whl (140 kB)
2026-10-02T01:47:10.4284926Z Downloading botocore-1.43.107-py3-none-any.whl (16.0 MB)
2026-10-02T01:47:10.4995833Z    ━━━━━━━━━━━━━━━━━━━━━━━━━━━━━━━━━━━━━━━━ 16.0/16.0 MB 232.8 MB/s  0:00:00
2026-10-02T01:47:10.5034414Z Downloading jmespath-1.1.0-py3-none-any.whl (20 kB)
2026-10-02T01:47:10.5099532Z Downloading python_dateutil-2.9.0.post0-py2.py3-none-any.whl (229 kB)
2026-10-02T01:47:10.5163756Z Downloading s3transfer-0.19.2-py3-none-any.whl (90 kB)
2026-10-02T01:47:10.5221230Z Downloading urllib3-2.8.0-py3-none-any.whl (135 kB)
2026-10-02T01:47:10.5281606Z Downloading jsonschema-4.26.0-py3-none-any.whl (90 kB)
2026-10-02T01:47:10.5387729Z Downloading biopython-1.88-cp311-cp311-manylinux2014_x86_64.manylinux_2_17_x86_64.manylinux_2_28_x86_64.whl (3.2 MB)
2026-10-02T01:47:10.5733709Z    ━━━━━━━━━━━━━━━━━━━━━━━━━━━━━━━━━━━━━━━━ 3.2/3.2 MB 92.2 MB/s  0:00:00
2026-10-02T01:47:10.5770954Z Downloading pdfminer_six-20260107-py3-none-any.whl (6.6 MB)
2026-10-02T01:47:10.6214233Z    ━━━━━━━━━━━━━━━━━━━━━━━━━━━━━━━━━━━━━━━━ 6.6/6.6 MB 152.1 MB/s  0:00:00
2026-10-02T01:47:10.6256347Z Downloading pypdf-6.19.0-py3-none-any.whl (395 kB)
2026-10-02T01:47:10.6326586Z Downloading pdfplumber-0.11.10-py3-none-any.whl (60 kB)
2026-10-02T01:47:10.6388778Z Downloading matplotlib-3.11.2-cp311-cp311-manylinux2014_x86_64.manylinux_2_17_x86_64.whl (9.9 MB)
2026-10-02T01:47:10.6709380Z    ━━━━━━━━━━━━━━━━━━━━━━━━━━━━━━━━━━━━━━━━ 9.9/9.9 MB 323.8 MB/s  0:00:00
2026-10-02T01:47:10.6774594Z Downloading netcdf4-1.7.4-cp311-cp311-manylinux_2_27_x86_64.manylinux_2_28_x86_64.whl (10.4 MB)
2026-10-02T01:47:10.7776947Z    ━━━━━━━━━━━━━━━━━━━━━━━━━━━━━━━━━━━━━━━━ 10.4/10.4 MB 103.5 MB/s  0:00:00
2026-10-02T01:47:10.7814512Z Downloading cffi-2.1.1-cp311-cp311-manylinux2014_x86_64.manylinux_2_17_x86_64.whl (217 kB)
2026-10-02T01:47:10.7870848Z Downloading attrs-26.1.0-py3-none-any.whl (67 kB)
2026-10-02T01:47:10.7922754Z Downloading charset_normalizer-3.5.2-cp311-cp311-manylinux2014_x86_64.manylinux_2_17_x86_64.manylinux_2_28_x86_64.whl (269 kB)
2026-10-02T01:47:10.7983174Z Downloading contourpy-1.3.3-cp311-cp311-manylinux_2_27_x86_64.manylinux_2_28_x86_64.whl (355 kB)
2026-10-02T01:47:10.8061532Z Downloading cryptography-50.0.2-cp311-abi3-manylinux_2_34_x86_64.whl (4.8 MB)
2026-10-02T01:47:10.8240833Z    ━━━━━━━━━━━━━━━━━━━━━━━━━━━━━━━━━━━━━━━━ 4.8/4.8 MB 291.9 MB/s  0:00:00
2026-10-02T01:47:10.8276553Z Downloading cycler-0.12.1-py3-none-any.whl (8.3 kB)
2026-10-02T01:47:10.8330862Z Downloading execnet-2.1.2-py3-none-any.whl (40 kB)
2026-10-02T01:47:10.8384611Z Downloading fonttools-4.66.1-cp311-cp311-manylinux2014_x86_64.manylinux_2_17_x86_64.whl (5.4 MB)
2026-10-02T01:47:10.8568199Z    ━━━━━━━━━━━━━━━━━━━━━━━━━━━━━━━━━━━━━━━━ 5.4/5.4 MB 325.7 MB/s  0:00:00
2026-10-02T01:47:10.8616333Z Downloading iniconfig-2.3.0-py3-none-any.whl (7.5 kB)
2026-10-02T01:47:10.8669591Z Downloading jsonschema_specifications-2025.9.1-py3-none-any.whl (18 kB)
2026-10-02T01:47:10.8724188Z Downloading kiwisolver-1.5.1-cp311-cp311-manylinux2014_x86_64.manylinux_2_17_x86_64.whl (1.4 MB)
2026-10-02T01:47:10.8818534Z    ━━━━━━━━━━━━━━━━━━━━━━━━━━━━━━━━━━━━━━━━ 1.4/1.4 MB 191.0 MB/s  0:00:00
2026-10-02T01:47:10.8852890Z Downloading packaging-26.3-py3-none-any.whl (129 kB)
2026-10-02T01:47:10.8911850Z Downloading pillow-12.3.0-cp311-cp311-manylinux_2_27_x86_64.manylinux_2_28_x86_64.whl (6.9 MB)
2026-10-02T01:47:10.9214222Z    ━━━━━━━━━━━━━━━━━━━━━━━━━━━━━━━━━━━━━━━━ 6.9/6.9 MB 239.3 MB/s  0:00:00
2026-10-02T01:47:10.9252517Z Downloading pygments-2.21.0-py3-none-any.whl (1.3 MB)
2026-10-02T01:47:10.9327035Z    ━━━━━━━━━━━━━━━━━━━━━━━━━━━━━━━━━━━━━━━━ 1.3/1.3 MB 240.4 MB/s  0:00:00
2026-10-02T01:47:10.9363507Z Downloading pyparsing-3.3.3-py3-none-any.whl (126 kB)
2026-10-02T01:47:10.9424422Z Downloading pypdfium2-5.13.0-py3-none-manylinux_2_17_x86_64.manylinux2014_x86_64.whl (3.7 MB)
2026-10-02T01:47:10.9565336Z    ━━━━━━━━━━━━━━━━━━━━━━━━━━━━━━━━━━━━━━━━ 3.7/3.7 MB 301.2 MB/s  0:00:00
2026-10-02T01:47:10.9600817Z Downloading referencing-0.37.0-py3-none-any.whl (26 kB)
2026-10-02T01:47:10.9653303Z Downloading rpds_py-2026.6.3-cp311-cp311-manylinux_2_17_x86_64.manylinux2014_x86_64.whl (371 kB)
2026-10-02T01:47:10.9711711Z Downloading six-1.17.0-py2.py3-none-any.whl (11 kB)
2026-10-02T01:47:10.9762193Z Downloading typing_extensions-4.16.0-py3-none-any.whl (45 kB)
2026-10-02T01:47:10.9814379Z Downloading certifi-2026.7.22-py3-none-any.whl (136 kB)
2026-10-02T01:47:10.9870126Z Downloading cftime-1.6.6-cp311-abi3-manylinux1_x86_64.manylinux_2_28_x86_64.manylinux_2_5_x86_64.whl (1.7 MB)
2026-10-02T01:47:11.0070343Z    ━━━━━━━━━━━━━━━━━━━━━━━━━━━━━━━━━━━━━━━━ 1.7/1.7 MB 82.7 MB/s  0:00:00
2026-10-02T01:47:11.0120952Z Downloading numexpr-2.14.2-cp311-cp311-manylinux_2_27_x86_64.manylinux_2_28_x86_64.whl (443 kB)
2026-10-02T01:47:11.0184542Z Downloading pycparser-3.0-py3-none-any.whl (48 kB)
2026-10-02T01:47:11.5372117Z Installing collected packages: uv, urllib3, typing-extensions, six, rpds-py, pyyaml, pypdfium2, pypdf, pyparsing, pygments, pycparser, pluggy, Pillow, packaging, numpy, kiwisolver, jmespath, iniconfig, fonttools, execnet, cycler, charset-normalizer, certifi, attrs, scipy, referencing, rdkit, python-dateutil, pytest, numexpr, contourpy, cftime, cffi, biopython, pytest-xdist, pymbar, netCDF4, matplotlib, jsonschema-specifications, cryptography, botocore, s3transfer, pdfminer.six, jsonschema, pdfplumber, boto3
2026-10-02T01:47:25.4589506Z 
2026-10-02T01:47:25.4615680Z Successfully installed Pillow-12.3.0 attrs-26.1.0 biopython-1.88 boto3-1.43.107 botocore-1.43.107 certifi-2026.7.22 cffi-2.1.1 cftime-1.6.6 charset-normalizer-3.5.2 contourpy-1.3.3 cryptography-50.0.2 cycler-0.12.1 execnet-2.1.2 fonttools-4.66.1 iniconfig-2.3.0 jmespath-1.1.0 jsonschema-4.26.0 jsonschema-specifications-2025.9.1 kiwisolver-1.5.1 matplotlib-3.11.2 netCDF4-1.7.4 numexpr-2.14.2 numpy-2.4.6 packaging-26.3 pdfminer.six-20260107 pdfplumber-0.11.10 pluggy-1.6.0 pycparser-3.0 pygments-2.21.0 pymbar-4.0.3 pyparsing-3.3.3 pypdf-6.19.0 pypdfium2-5.13.0 pytest-9.1.1 pytest-xdist-3.8.0 python-dateutil-2.9.0.post0 pyyaml-6.0.3 rdkit-2026.3.6 referencing-0.37.0 rpds-py-2026.6.3 s3transfer-0.19.2 scipy-1.17.1 six-1.17.0 typing-extensions-4.16.0 urllib3-2.8.0 uv-0.12.22
2026-10-02T01:47:25.8243835Z ##[group]Run ./scripts/preflight.sh
2026-10-02T01:47:25.8244195Z [36;1m./scripts/preflight.sh[0m
2026-10-02T01:47:25.8308889Z shell: /usr/bin/bash -e {0}
2026-10-02T01:47:25.8309150Z env:
2026-10-02T01:47:25.8309434Z   pythonLocation: /opt/hostedtoolcache/Python/3.11.16/x64
2026-10-02T01:47:25.8309884Z   PKG_CONFIG_PATH: /opt/hostedtoolcache/Python/3.11.16/x64/lib/pkgconfig
2026-10-02T01:47:25.8310322Z   Python_ROOT_DIR: /opt/hostedtoolcache/Python/3.11.16/x64
2026-10-02T01:47:25.8310721Z   Python2_ROOT_DIR: /opt/hostedtoolcache/Python/3.11.16/x64
2026-10-02T01:47:25.8311467Z   Python3_ROOT_DIR: /opt/hostedtoolcache/Python/3.11.16/x64
2026-10-02T01:47:25.8311866Z   LD_LIBRARY_PATH: /opt/hostedtoolcache/Python/3.11.16/x64/lib
2026-10-02T01:47:25.8312196Z ##[endgroup]
2026-10-02T01:47:25.8563773Z dev-setup: core.hooksPath -> .githooks (both push guards armed)
2026-10-02T01:47:35.6506314Z dev-setup: a system binary the artifact chain needs is missing: ghostscript libreoffice-writer
2026-10-02T01:47:35.6507634Z dev-setup: installing.
2026-10-02T01:47:35.6508398Z == system python3 (systems_check.py, the linters and the node-free gates run here) ==
2026-10-02T01:47:38.1145815Z == the pytest tool venv (every test import resolves here, NOT in the system interpreter) ==
2026-10-02T01:47:38.4884787Z Resolved 45 packages in 324ms
2026-10-02T01:47:38.5209024Z Downloading pypdfium2 (3.6MiB)
2026-10-02T01:47:38.5218270Z Downloading fonttools (5.2MiB)
2026-10-02T01:47:38.5218859Z Downloading matplotlib (9.4MiB)
2026-10-02T01:47:38.5219327Z Downloading kiwisolver (1.4MiB)
2026-10-02T01:47:38.5243259Z Downloading pygments (1.2MiB)
2026-10-02T01:47:38.5273287Z Downloading pdfminer-six (6.3MiB)
2026-10-02T01:47:38.5273843Z Downloading numpy (16.1MiB)
2026-10-02T01:47:38.5276886Z Downloading cryptography (4.5MiB)
2026-10-02T01:47:38.5277480Z Downloading pillow (6.6MiB)
2026-10-02T01:47:38.5278963Z Downloading botocore (15.3MiB)
2026-10-02T01:47:38.5288856Z Downloading scipy (33.7MiB)
2026-10-02T01:47:38.5429486Z Downloading cftime (1.6MiB)
2026-10-02T01:47:38.5430123Z Downloading biopython (3.1MiB)
2026-10-02T01:47:38.5439685Z Downloading rdkit (36.4MiB)
2026-10-02T01:47:38.5491393Z Downloading netcdf4 (9.9MiB)
2026-10-02T01:47:38.6959608Z  Downloaded kiwisolver
2026-10-02T01:47:38.6993434Z  Downloaded cftime
2026-10-02T01:47:38.7311868Z  Downloaded pygments
2026-10-02T01:47:38.8123778Z  Downloaded pypdfium2
2026-10-02T01:47:38.8210604Z  Downloaded biopython
2026-10-02T01:47:38.8484588Z  Downloaded cryptography
2026-10-02T01:47:38.8683786Z  Downloaded fonttools
2026-10-02T01:47:38.8833221Z  Downloaded pdfminer-six
2026-10-02T01:47:38.8888013Z  Downloaded pillow
2026-10-02T01:47:38.9763573Z  Downloaded matplotlib
2026-10-02T01:47:38.9803452Z  Downloaded netcdf4
2026-10-02T01:47:39.0587863Z  Downloaded numpy
2026-10-02T01:47:39.0778059Z  Downloaded botocore
2026-10-02T01:47:39.1967052Z  Downloaded scipy
2026-10-02T01:47:39.3633715Z  Downloaded rdkit
2026-10-02T01:47:39.3635849Z Prepared 45 packages in 873ms
2026-10-02T01:47:39.4839833Z Installed 45 packages in 120ms
2026-10-02T01:47:39.4840404Z  + attrs==26.1.0
2026-10-02T01:47:39.4840814Z  + biopython==1.88
2026-10-02T01:47:39.4841184Z  + boto3==1.43.107
2026-10-02T01:47:39.4841557Z  + botocore==1.43.107
2026-10-02T01:47:39.4841950Z  + certifi==2026.7.22
2026-10-02T01:47:39.4842318Z  + cffi==2.1.1
2026-10-02T01:47:39.4842973Z  + cftime==1.6.6
2026-10-02T01:47:39.4843357Z  + charset-normalizer==3.5.2
2026-10-02T01:47:39.4843777Z  + contourpy==1.3.3
2026-10-02T01:47:39.4844143Z  + cryptography==50.0.2
2026-10-02T01:47:39.4844515Z  + cycler==0.12.1
2026-10-02T01:47:39.4844877Z  + execnet==2.1.2
2026-10-02T01:47:39.4845220Z  + fonttools==4.66.1
2026-10-02T01:47:39.4845584Z  + iniconfig==2.3.0
2026-10-02T01:47:39.4846046Z  + jmespath==1.1.0
2026-10-02T01:47:39.4846558Z  + jsonschema==4.26.0
2026-10-02T01:47:39.4847157Z  + jsonschema-specifications==2025.9.1
2026-10-02T01:47:39.4847733Z  + kiwisolver==1.5.1
2026-10-02T01:47:39.4848194Z  + matplotlib==3.11.2
2026-10-02T01:47:39.4848908Z  + netcdf4==1.7.4
2026-10-02T01:47:39.4849302Z  + numexpr==2.14.2
2026-10-02T01:47:39.4849696Z  + numpy==2.4.6
2026-10-02T01:47:39.4850069Z  + packaging==26.3
2026-10-02T01:47:39.4850492Z  + pdfminer-six==20260107
2026-10-02T01:47:39.4850933Z  + pdfplumber==0.11.10
2026-10-02T01:47:39.4851339Z  + pillow==12.3.0
2026-10-02T01:47:39.4851709Z  + pluggy==1.6.0
2026-10-02T01:47:39.4852089Z  + pycparser==3.0
2026-10-02T01:47:39.4852472Z  + pygments==2.21.0
2026-10-02T01:47:39.4853080Z  + pymbar==4.0.3
2026-10-02T01:47:39.4853461Z  + pyparsing==3.3.3
2026-10-02T01:47:39.4854089Z  + pypdf==6.19.0
2026-10-02T01:47:39.4854466Z  + pypdfium2==5.13.0
2026-10-02T01:47:39.4854850Z  + pytest==9.1.1
2026-10-02T01:47:39.4855221Z  + pytest-xdist==3.8.0
2026-10-02T01:47:39.4855655Z  + python-dateutil==2.9.0.post0
2026-10-02T01:47:39.4856096Z  + pyyaml==6.0.3
2026-10-02T01:47:39.4856463Z  + rdkit==2026.3.6
2026-10-02T01:47:39.4856846Z  + referencing==0.37.0
2026-10-02T01:47:39.4857238Z  + rpds-py==2026.6.3
2026-10-02T01:47:39.4857646Z  + s3transfer==0.19.2
2026-10-02T01:47:39.4858033Z  + scipy==1.17.1
2026-10-02T01:47:39.4858341Z  + six==1.17.0
2026-10-02T01:47:39.4858642Z  + typing-extensions==4.16.0
2026-10-02T01:47:39.4859154Z  + urllib3==2.8.0
2026-10-02T01:47:39.4872939Z Installed 2 executables: py.test, pytest
2026-10-02T01:47:40.9498347Z 
2026-10-02T01:47:40.9499246Z == ghostscript (figures/svg_to_print_formats.py: EPS + CMYK TIFF; no other offline path) ==
2026-10-02T01:47:57.2051825Z    installed: 10.02.1
2026-10-02T01:47:57.2052202Z 
2026-10-02T01:47:57.2052991Z == libreoffice-writer (build_submission_docx.py / build_submission_parts.py: the .docx chain) ==
2026-10-02T01:48:25.7349660Z    installed: the Writer filters are present; .docx builds locally
2026-10-02T01:48:25.7350763Z 
2026-10-02T01:48:25.7351665Z == git hooks (core.hooksPath armed above the --if-needed exit; both push guards run) ==
2026-10-02T01:48:25.7368132Z    OK: .githooks
2026-10-02T01:48:25.7369518Z 
2026-10-02T01:48:25.7370250Z DEV SETUP OK — ./scripts/preflight.sh should now measure the repository rather than the sandbox.
2026-10-02T01:48:25.8781987Z -- interpreter --
2026-10-02T01:48:25.8782909Z    pytest: python3 -m pytest (sees the repository's dependencies)
2026-10-02T01:48:25.8961398Z    OK   every probed package imports
2026-10-02T01:48:26.1572423Z == lint_consistency ==
2026-10-02T01:48:28.5819249Z lint_consistency: 0 ERROR across 29 target file(s)
2026-10-02T01:48:28.5877261Z    OK
2026-10-02T01:48:28.5877857Z == systems model (invariants, pointers, view drift) ==
2026-10-02T01:48:38.9602124Z    OK
2026-10-02T01:48:38.9618794Z == EMC systems map (disputed identities, claim artifacts, view drift) ==
2026-10-02T01:48:40.5541464Z    OK
2026-10-02T01:48:40.5541913Z == claim strength (R1-R5: selectivity, efficacy, safety, window, readiness) ==
2026-10-02T01:48:43.2000576Z    OK
2026-10-02T01:48:43.2001060Z == changed prose (a qualifier dropped by an edit) ==
2026-10-02T01:48:43.2296878Z lint_changed_prose: 0 changed passage(s) over the working tree
2026-10-02T01:48:43.2297551Z    OK
2026-10-02T01:48:43.2342440Z == citation provenance and publication type (every prose identifier traces to a fetch or to the ledger; every claim of TYPE agrees with PubMed) ==
2026-10-02T01:49:32.4158204Z lint_citations: 1206 prose identifier(s), 106 unanchored, 239 in ledger (known_absent_upstream=1, unverified_at_baseline=143, verified=95)
2026-10-02T01:49:32.4162347Z lint_citation_types: ADVISORY (exit code unaffected) research/modalities/nr4a3-druggability-reconciliation.md:69 cites a paper PubMed types as a Retracted Publication — [PubMed: 40646688 Orphan nuclear receptor transcription factors as drug target (Transcription 2025) types=['Journal Article', 'Review', 'Research Support, N.I.H., Extramural', 'Retracted Publication'] doi=https://doi.org/10.1080/21541264.2025.2521766]
2026-10-02T01:49:32.4166868Z lint_citation_types: 26 type claim(s) checked against 13 cached record(s), 0 error(s), 1 retraction advisory(ies)
2026-10-02T01:49:32.4171694Z lint_citation_types: RETRACTION (advisory, exit code unaffected) DOI 10.1080/21541264.2025.2521766 is cited in research/autonomy/sprint-2026-09-01/S27-RETRACTIONS.md, research/manuscripts/degrader/nr4a3-degrader-paper.md, research/modalities/nr4a3-druggability-reconciliation.md and PubMed types it ['Journal Article', 'Review', 'Research Support, N.I.H., Extramural', 'Retracted Publication']; ACKNOWLEDGED — see the `acknowledged` row for this file in research/manuscripts/citation-retraction-sweep.json — [PubMed: 40646688 Orphan nuclear receptor transcription factors as drug target (Transcription 2025) doi=https://doi.org/10.1080/21541264.2025.2521766]
2026-10-02T01:49:32.4176782Z lint_citation_types: RETRACTION (advisory, exit code unaffected) DOI 10.1155/2022/2896049 is cited in research/autonomy/sprint-2026-09-01/S27-RETRACTIONS.md, research/manuscripts/no-wet-lab-publication-archetypes.md and PubMed types it ['Journal Article', 'Retracted Publication']; ACKNOWLEDGED — see the `acknowledged` row for this file in research/manuscripts/citation-retraction-sweep.json — [PubMed: 36062197 Network Pharmacology, Molecular Docking, and Experimental Va (Oxid Med Cell Longev 2022) doi=https://doi.org/10.1155/2022/2896049]
2026-10-02T01:49:32.4181271Z lint_citation_types: RETRACTION (advisory, exit code unaffected) PMCID PMC12263127 is cited in research/autonomy/sprint-2026-09-01/S27-RETRACTIONS.md, research/manuscripts/degrader/nr4a3-degrader-paper.md, research/modalities/nr4a3-druggability-reconciliation.md and PubMed types it ['Journal Article', 'Review', 'Research Support, N.I.H., Extramural', 'Retracted Publication']; ACKNOWLEDGED — see the `acknowledged` row for this file in research/manuscripts/citation-retraction-sweep.json — [PubMed: 40646688 Orphan nuclear receptor transcription factors as drug target (Transcription 2025) doi=https://doi.org/10.1080/21541264.2025.2521766]
2026-10-02T01:49:32.4188505Z lint_citation_types: RETRACTION (advisory, exit code unaffected) PMCID PMC9428684 is cited in research/autonomy/sprint-2026-09-01/S27-RETRACTIONS.md, research/manuscripts/no-wet-lab-publication-archetypes.md and PubMed types it ['Journal Article', 'Retracted Publication']; ACKNOWLEDGED — see the `acknowledged` row for this file in research/manuscripts/citation-retraction-sweep.json — [PubMed: 36062197 Network Pharmacology, Molecular Docking, and Experimental Va (Oxid Med Cell Longev 2022) doi=https://doi.org/10.1155/2022/2896049]
2026-10-02T01:49:32.4192356Z lint_citation_types: RETRACTION (advisory, exit code unaffected) PMID 36062197 is cited in research/manuscripts/no-wet-lab-publication-archetypes.md and PubMed types it ['Journal Article', 'Retracted Publication']; ACKNOWLEDGED — see the `acknowledged` row for this file in research/manuscripts/citation-retraction-sweep.json — [PubMed: 36062197 Network Pharmacology, Molecular Docking, and Experimental Va (Oxid Med Cell Longev 2022) doi=https://doi.org/10.1155/2022/2896049]
2026-10-02T01:49:32.4196666Z lint_citation_types: RETRACTION (advisory, exit code unaffected) PMID 40646688 is cited in research/manuscripts/degrader/nr4a3-degrader-paper.md, research/modalities/nr4a3-druggability-reconciliation.md and PubMed types it ['Journal Article', 'Review', 'Research Support, N.I.H., Extramural', 'Retracted Publication']; ACKNOWLEDGED — see the `acknowledged` row for this file in research/manuscripts/citation-retraction-sweep.json — [PubMed: 40646688 Orphan nuclear receptor transcription factors as drug target (Transcription 2025) doi=https://doi.org/10.1080/21541264.2025.2521766]
2026-10-02T01:49:32.4199651Z lint_citation_types: NOT SWEPT (advisory) ARXIV 2609.00077 in research/method-watch-preprint-pipeline.md has no row in research/manuscripts/citation-retraction-sweep.json — its retraction status is UNKNOWN, which is not the same as clean.
2026-10-02T01:49:32.4201679Z lint_citation_types: NOT SWEPT (advisory) ARXIV 2609.00365 in research/method-watch-preprint-pipeline.md has no row in research/manuscripts/citation-retraction-sweep.json — its retraction status is UNKNOWN, which is not the same as clean.
2026-10-02T01:49:32.4204792Z lint_citation_types: NOT SWEPT (advisory) ARXIV 2609.01357 in research/IDEAS.md, research/method-watch-preprint-pipeline.md, research/method-watch-trigger-scan.md has no row in research/manuscripts/citation-retraction-sweep.json — its retraction status is UNKNOWN, which is not the same as clean.
2026-10-02T01:49:32.4208583Z lint_citation_types: NOT SWEPT (advisory) ARXIV 2609.04170 in research/IDEAS.md, research/method-watch-preprint-pipeline.md has no row in research/manuscripts/citation-retraction-sweep.json — its retraction status is UNKNOWN, which is not the same as clean.
2026-10-02T01:49:32.4212844Z lint_citation_types: NOT SWEPT (advisory) ARXIV 2609.04432 in research/IDEAS.md, research/method-watch-preprint-pipeline.md, research/method-watch-trigger-scan.md has no row in research/manuscripts/citation-retraction-sweep.json — its retraction status is UNKNOWN, which is not the same as clean.
2026-10-02T01:49:32.4215081Z lint_citation_types: NOT SWEPT (advisory) ARXIV 2609.04564 in research/IDEAS.md, research/method-watch-preprint-pipeline.md has no row in research/manuscripts/citation-retraction-sweep.json — its retraction status is UNKNOWN, which is not the same as clean.
2026-10-02T01:49:32.4217082Z lint_citation_types: NOT SWEPT (advisory) ARXIV 2609.06366 in research/IDEAS.md, research/method-watch-preprint-pipeline.md has no row in research/manuscripts/citation-retraction-sweep.json — its retraction status is UNKNOWN, which is not the same as clean.
2026-10-02T01:49:32.4219251Z lint_citation_types: NOT SWEPT (advisory) ARXIV 2609.10922 in research/IDEAS.md, research/method-watch-preprint-pipeline.md, research/method-watch-trigger-scan.md has no row in research/manuscripts/citation-retraction-sweep.json — its retraction status is UNKNOWN, which is not the same as clean.
2026-10-02T01:49:32.4221355Z lint_citation_types: NOT SWEPT (advisory) DOI 10.1001/jamaoncol.2019.6584 in research/literature/emc-census-2026-09-12/REPORT.md has no row in research/manuscripts/citation-retraction-sweep.json — its retraction status is UNKNOWN, which is not the same as clean.
2026-10-02T01:49:32.4223551Z lint_citation_types: NOT SWEPT (advisory) DOI 10.1002/cam4.2991 in research/literature/emc-census-2026-09-12/REPORT.md has no row in research/manuscripts/citation-retraction-sweep.json — its retraction status is UNKNOWN, which is not the same as clean.
2026-10-02T01:49:32.4225436Z lint_citation_types: NOT SWEPT (advisory) DOI 10.1002/cncr.28728 in research/literature/emc-census-2026-09-12/REPORT.md has no row in research/manuscripts/citation-retraction-sweep.json — its retraction status is UNKNOWN, which is not the same as clean.
2026-10-02T01:49:32.4227544Z lint_citation_types: NOT SWEPT (advisory) DOI 10.1002/cncr.32084 in research/manuscripts/surface-targets/emc-surface-target-landscape-review-response-2026-08-10.md has no row in research/manuscripts/citation-retraction-sweep.json — its retraction status is UNKNOWN, which is not the same as clean.
2026-10-02T01:49:32.4229623Z lint_citation_types: NOT SWEPT (advisory) DOI 10.1002/gcc.20478 in research/modalities/fus-ddit3-prefix-comparison.md has no row in research/manuscripts/citation-retraction-sweep.json — its retraction status is UNKNOWN, which is not the same as clean.
2026-10-02T01:49:32.4231976Z lint_citation_types: NOT SWEPT (advisory) DOI 10.1007/s00428-023-03606-6 in research/autonomy/atlas-hofvander-validation-2026-09-06/draft/manuscript.md, research/manuscripts/surface-targets/emc-tissue-rna-prioritization.md has no row in research/manuscripts/citation-retraction-sweep.json — its retraction status is UNKNOWN, which is not the same as clean.
2026-10-02T01:49:32.4234540Z lint_citation_types: NOT SWEPT (advisory) DOI 10.1007/s12032-017-1030-2 in research/literature/emc-census-2026-09-12/REPORT.md has no row in research/manuscripts/citation-retraction-sweep.json — its retraction status is UNKNOWN, which is not the same as clean.
2026-10-02T01:49:32.4236864Z lint_citation_types: NOT SWEPT (advisory) DOI 10.1016/j.jbc.2022.102434 in research/manuscripts/mtap-prmt5/emc-mtap-prmt5-hypothesis-review-response-2026-08-10.md has no row in research/manuscripts/citation-retraction-sweep.json — its retraction status is UNKNOWN, which is not the same as clean.
2026-10-02T01:49:32.4240367Z lint_citation_types: NOT SWEPT (advisory) DOI 10.1016/j.modpat.2024.100464 in research/autonomy/atlas-hofvander-validation-2026-09-06/draft/manuscript.md, research/autonomy/atlas-sample-organ-2026-09-06/report.md, research/autonomy/usage-sprint-2026-10-01/chrna6-specimen-crosswalk/handoff.md, research/autonomy/usage-sprint-2026-10-01/chrna6-specimen-crosswalk/source-plan.md, research/manuscripts/surface-targets/emc-tissue-rna-prioritization.md has no row in research/manuscripts/citation-retraction-sweep.json — its retraction status is UNKNOWN, which is not the same as clean.
2026-10-02T01:49:32.4243935Z lint_citation_types: NOT SWEPT (advisory) DOI 10.1021/acs.jcim.6c01824 in research/method-watch.md has no row in research/manuscripts/citation-retraction-sweep.json — its retraction status is UNKNOWN, which is not the same as clean.
2026-10-02T01:49:32.4245986Z lint_citation_types: NOT SWEPT (advisory) DOI 10.1038/bjc.2016.214 in research/manuscripts/surface-targets/emc-surface-target-landscape-review-response-2026-08-10.md has no row in research/manuscripts/citation-retraction-sweep.json — its retraction status is UNKNOWN, which is not the same as clean.
2026-10-02T01:49:32.4248128Z lint_citation_types: NOT SWEPT (advisory) DOI 10.1038/nature09472 in research/autonomy/cysteine-source-qualification-20260919/NOTE.md has no row in research/manuscripts/citation-retraction-sweep.json — its retraction status is UNKNOWN, which is not the same as clean.
2026-10-02T01:49:32.4250077Z lint_citation_types: NOT SWEPT (advisory) DOI 10.1054/modi00100099 in research/literature/emc-census-2026-09-12/REPORT.md has no row in research/manuscripts/citation-retraction-sweep.json — its retraction status is UNKNOWN, which is not the same as clean.
2026-10-02T01:49:32.4251977Z lint_citation_types: NOT SWEPT (advisory) DOI 10.1093/ajcp/aqw162.013 in research/literature/emc-census-2026-09-12/REPORT.md has no row in research/manuscripts/citation-retraction-sweep.json — its retraction status is UNKNOWN, which is not the same as clean.
2026-10-02T01:49:32.4254142Z lint_citation_types: NOT SWEPT (advisory) DOI 10.1093/jscr/rjaa503 in research/literature/emc-census-2026-09-12/REPORT.md has no row in research/manuscripts/citation-retraction-sweep.json — its retraction status is UNKNOWN, which is not the same as clean.
2026-10-02T01:49:32.4256071Z lint_citation_types: NOT SWEPT (advisory) DOI 10.1101/2025.07.21.665972 in research/autonomy/cofactor-source-read-20260919/VERDICT.md has no row in research/manuscripts/citation-retraction-sweep.json — its retraction status is UNKNOWN, which is not the same as clean.
2026-10-02T01:49:32.4258439Z lint_citation_types: NOT SWEPT (advisory) DOI 10.1126/science.aal3321 in research/autonomy/atlas-hofvander-validation-2026-09-06/draft/manuscript.md, research/manuscripts/surface-targets/emc-tissue-rna-prioritization.md has no row in research/manuscripts/citation-retraction-sweep.json — its retraction status is UNKNOWN, which is not the same as clean.
2026-10-02T01:49:32.4260781Z lint_citation_types: NOT SWEPT (advisory) DOI 10.1136/jitc-2024-SITC2024.0170 in research/literature/emc-census-2026-09-12/REPORT.md has no row in research/manuscripts/citation-retraction-sweep.json — its retraction status is UNKNOWN, which is not the same as clean.
2026-10-02T01:49:32.4262916Z lint_citation_types: NOT SWEPT (advisory) DOI 10.1155/2019/3158590 in research/literature/emc-census-2026-09-12/REPORT.md has no row in research/manuscripts/citation-retraction-sweep.json — its retraction status is UNKNOWN, which is not the same as clean.
2026-10-02T01:49:32.4265006Z lint_citation_types: NOT SWEPT (advisory) DOI 10.1155/2020/2684746 in research/literature/emc-census-2026-09-12/REPORT.md has no row in research/manuscripts/citation-retraction-sweep.json — its retraction status is UNKNOWN, which is not the same as clean.
2026-10-02T01:49:32.4267731Z lint_citation_types: NOT SWEPT (advisory) DOI 10.1158/1078-0432.CCR-25-3740 in research/autonomy/atlas-hofvander-validation-2026-09-06/draft/manuscript.md, research/autonomy/atlas-hofvander-validation-2026-09-06/protocol.md, research/manuscripts/surface-targets/emc-tissue-rna-prioritization.md has no row in research/manuscripts/citation-retraction-sweep.json — its retraction status is UNKNOWN, which is not the same as clean.
2026-10-02T01:49:32.4270565Z lint_citation_types: NOT SWEPT (advisory) DOI 10.1158/1078-0432.ccr-21-3656 in research/manuscripts/surface-targets/emc-surface-target-landscape-review-response-2026-08-10.md has no row in research/manuscripts/citation-retraction-sweep.json — its retraction status is UNKNOWN, which is not the same as clean.
2026-10-02T01:49:32.4273042Z lint_citation_types: NOT SWEPT (advisory) DOI 10.1158/1541-7786.MCR-26-0310 in research/literature/emc-census-2026-09-12/REPORT.md has no row in research/manuscripts/citation-retraction-sweep.json — its retraction status is UNKNOWN, which is not the same as clean.
2026-10-02T01:49:32.4275041Z lint_citation_types: NOT SWEPT (advisory) DOI 10.1158/2767-9764.CRC-26-0142 in research/literature/emc-census-2026-09-12/REPORT.md has no row in research/manuscripts/citation-retraction-sweep.json — its retraction status is UNKNOWN, which is not the same as clean.
2026-10-02T01:49:32.4277009Z lint_citation_types: NOT SWEPT (advisory) DOI 10.1186/s13014-022-02166-4 in research/literature/emc-census-2026-09-12/REPORT.md has no row in research/manuscripts/citation-retraction-sweep.json — its retraction status is UNKNOWN, which is not the same as clean.
2026-10-02T01:49:32.4278934Z lint_citation_types: NOT SWEPT (advisory) DOI 10.1186/s13569-020-00150-8 in research/literature/emc-census-2026-09-12/REPORT.md has no row in research/manuscripts/citation-retraction-sweep.json — its retraction status is UNKNOWN, which is not the same as clean.
2026-10-02T01:49:32.4280867Z lint_citation_types: NOT SWEPT (advisory) DOI 10.1634/theoncologist.2016-0064 in research/literature/emc-census-2026-09-12/REPORT.md has no row in research/manuscripts/citation-retraction-sweep.json — its retraction status is UNKNOWN, which is not the same as clean.
2026-10-02T01:49:32.4283116Z lint_citation_types: NOT SWEPT (advisory) DOI 10.1634/theoncologist.2017-0344 in research/literature/emc-census-2026-09-12/REPORT.md has no row in research/manuscripts/citation-retraction-sweep.json — its retraction status is UNKNOWN, which is not the same as clean.
2026-10-02T01:49:32.4286379Z lint_citation_types: NOT SWEPT (advisory) DOI 10.21203/rs.3.rs-10959636/v1 in research/manuscripts/surface-targets/emc-tissue-rna-prioritization-cover-letter.md, research/manuscripts/surface-targets/emc-tissue-rna-prioritization-si.md, research/manuscripts/surface-targets/emc-tissue-rna-prioritization.md, research/release-candidates/PUB-SURFACE-TARGETS/2026-09-09-cancer-genetics/independent-review/report.md has no row in research/manuscripts/citation-retraction-sweep.json — its retraction status is UNKNOWN, which is not the same as clean.
2026-10-02T01:49:32.4289385Z lint_citation_types: NOT SWEPT (advisory) DOI 10.21203/rs.3.rs-1898999/v1 in research/literature/emc-census-2026-09-12/REPORT.md has no row in research/manuscripts/citation-retraction-sweep.json — its retraction status is UNKNOWN, which is not the same as clean.
2026-10-02T01:49:32.4291299Z lint_citation_types: NOT SWEPT (advisory) DOI 10.2147/CMAR.S253201 in research/literature/emc-census-2026-09-12/REPORT.md has no row in research/manuscripts/citation-retraction-sweep.json — its retraction status is UNKNOWN, which is not the same as clean.
2026-10-02T01:49:32.4293814Z lint_citation_types: NOT SWEPT (advisory) DOI 10.32388/VL3LJR.2 in research/manuscripts/aso/fusion-junction-aso-cover-letter.md, research/release-candidates/PUB-ASO/2026-09-04/submission/cover-letter.md has no row in research/manuscripts/citation-retraction-sweep.json — its retraction status is UNKNOWN, which is not the same as clean.
2026-10-02T01:49:32.4296010Z lint_citation_types: NOT SWEPT (advisory) DOI 10.3390/cancers13051053 in research/literature/emc-census-2026-09-12/REPORT.md has no row in research/manuscripts/citation-retraction-sweep.json — its retraction status is UNKNOWN, which is not the same as clean.
2026-10-02T01:49:32.4298559Z lint_citation_types: NOT SWEPT (advisory) DOI 10.5114/jcb.2022.115161 in research/literature/emc-census-2026-09-12/REPORT.md has no row in research/manuscripts/citation-retraction-sweep.json — its retraction status is UNKNOWN, which is not the same as clean.
2026-10-02T01:49:32.4300603Z lint_citation_types: NOT SWEPT (advisory) DOI 10.52768/2379-1039/2159 in research/literature/emc-census-2026-09-12/REPORT.md has no row in research/manuscripts/citation-retraction-sweep.json — its retraction status is UNKNOWN, which is not the same as clean.
2026-10-02T01:49:32.4303501Z lint_citation_types: NOT SWEPT (advisory) DOI 10.5281/zenodo.17866629 in research/autonomy/atlas-hofvander-validation-2026-09-06/draft/manuscript.md, research/autonomy/atlas-hofvander-validation-2026-09-06/protocol.md, research/manuscripts/surface-targets/emc-tissue-rna-prioritization.md has no row in research/manuscripts/citation-retraction-sweep.json — its retraction status is UNKNOWN, which is not the same as clean.
2026-10-02T01:49:32.4306014Z lint_citation_types: NOT SWEPT (advisory) DOI 10.5603/ocp.108816 in research/literature/emc-census-2026-09-12/REPORT.md has no row in research/manuscripts/citation-retraction-sweep.json — its retraction status is UNKNOWN, which is not the same as clean.
2026-10-02T01:49:32.4307771Z lint_citation_types: NOT SWEPT (advisory) DOI 10.64898/2026.02.07.704601 in research/method-watch.md has no row in research/manuscripts/citation-retraction-sweep.json — its retraction status is UNKNOWN, which is not the same as clean.
2026-10-02T01:49:32.4309540Z lint_citation_types: NOT SWEPT (advisory) DOI 10.7759/cureus.432 in research/literature/emc-census-2026-09-12/REPORT.md has no row in research/manuscripts/citation-retraction-sweep.json — its retraction status is UNKNOWN, which is not the same as clean.
2026-10-02T01:49:32.4311548Z lint_citation_types: NOT SWEPT (advisory) GEO GSM600928 in research/autonomy/atlas-hofvander-validation-2026-09-06/amendment-replication-2026-09-06.md has no row in research/manuscripts/citation-retraction-sweep.json — its retraction status is UNKNOWN, which is not the same as clean.
2026-10-02T01:49:32.4313660Z lint_citation_types: NOT SWEPT (advisory) GEO GSM600935 in research/modalities/surface-address-sensitivity.md has no row in research/manuscripts/citation-retraction-sweep.json — its retraction status is UNKNOWN, which is not the same as clean.
2026-10-02T01:49:32.4315486Z lint_citation_types: NOT SWEPT (advisory) GEO GSM600937 in research/modalities/surface-address-sensitivity.md has no row in research/manuscripts/citation-retraction-sweep.json — its retraction status is UNKNOWN, which is not the same as clean.
2026-10-02T01:49:32.4317318Z lint_citation_types: NOT SWEPT (advisory) GEO GSM600938 in research/modalities/surface-address-sensitivity.md has no row in research/manuscripts/citation-retraction-sweep.json — its retraction status is UNKNOWN, which is not the same as clean.
2026-10-02T01:49:32.4319298Z lint_citation_types: NOT SWEPT (advisory) GEO GSM600940 in research/autonomy/atlas-hofvander-validation-2026-09-06/amendment-replication-2026-09-06.md has no row in research/manuscripts/citation-retraction-sweep.json — its retraction status is UNKNOWN, which is not the same as clean.
2026-10-02T01:49:32.4321418Z lint_citation_types: NOT SWEPT (advisory) GEO GSM600957 in research/autonomy/atlas-hofvander-validation-2026-09-06/amendment-replication-2026-09-06.md has no row in research/manuscripts/citation-retraction-sweep.json — its retraction status is UNKNOWN, which is not the same as clean.
2026-10-02T01:49:32.4323986Z lint_citation_types: NOT SWEPT (advisory) GEO GSM600963 in research/autonomy/atlas-hofvander-validation-2026-09-06/amendment-replication-2026-09-06.md has no row in research/manuscripts/citation-retraction-sweep.json — its retraction status is UNKNOWN, which is not the same as clean.
2026-10-02T01:49:32.4326163Z lint_citation_types: NOT SWEPT (advisory) GEO GSM89883 in research/manuscripts/mtap-prmt5/emc-mtap-prmt5-decline-review-statistics-2026-08-10.md has no row in research/manuscripts/citation-retraction-sweep.json — its retraction status is UNKNOWN, which is not the same as clean.
2026-10-02T01:49:32.4328258Z lint_citation_types: NOT SWEPT (advisory) GEO GSM89924 in research/manuscripts/mtap-prmt5/emc-mtap-prmt5-decline-review-statistics-2026-08-10.md has no row in research/manuscripts/citation-retraction-sweep.json — its retraction status is UNKNOWN, which is not the same as clean.
2026-10-02T01:49:32.4330633Z lint_citation_types: NOT SWEPT (advisory) GEO GSM91381 in research/manuscripts/mtap-prmt5/emc-mtap-prmt5-decline-review-statistics-2026-08-10.md has no row in research/manuscripts/citation-retraction-sweep.json — its retraction status is UNKNOWN, which is not the same as clean.
2026-10-02T01:49:32.4332727Z lint_citation_types: NOT SWEPT (advisory) GEO GSM91397 in research/modalities/surface-address-sensitivity.md has no row in research/manuscripts/citation-retraction-sweep.json — its retraction status is UNKNOWN, which is not the same as clean.
2026-10-02T01:49:32.4335007Z lint_citation_types: NOT SWEPT (advisory) GEO GSM91405 in research/manuscripts/mtap-prmt5/emc-mtap-prmt5-decline-review-statistics-2026-08-10.md, research/modalities/surface-address-sensitivity.md has no row in research/manuscripts/citation-retraction-sweep.json — its retraction status is UNKNOWN, which is not the same as clean.
2026-10-02T01:49:32.4337323Z lint_citation_types: NOT SWEPT (advisory) GEO GSM98495 in research/manuscripts/mtap-prmt5/emc-mtap-prmt5-decline-review-statistics-2026-08-10.md has no row in research/manuscripts/citation-retraction-sweep.json — its retraction status is UNKNOWN, which is not the same as clean.
2026-10-02T01:49:32.4339465Z lint_citation_types: NOT SWEPT (advisory) GEO GSM98499 in research/manuscripts/mtap-prmt5/emc-mtap-prmt5-decline-review-response-2026-08-10.md has no row in research/manuscripts/citation-retraction-sweep.json — its retraction status is UNKNOWN, which is not the same as clean.
2026-10-02T01:49:32.4341399Z lint_citation_types: NOT SWEPT (advisory) GEO GSM98510 in research/modalities/surface-address-sensitivity.md has no row in research/manuscripts/citation-retraction-sweep.json — its retraction status is UNKNOWN, which is not the same as clean.
2026-10-02T01:49:32.4343637Z lint_citation_types: NOT SWEPT (advisory) GEO GSM98513 in research/manuscripts/mtap-prmt5/emc-mtap-prmt5-decline-review-statistics-2026-08-10.md has no row in research/manuscripts/citation-retraction-sweep.json — its retraction status is UNKNOWN, which is not the same as clean.
2026-10-02T01:49:32.4345605Z lint_citation_types: NOT SWEPT (advisory) NCT NCT00642941 in research/literature/emc-census-2026-09-12/REPORT.md has no row in research/manuscripts/citation-retraction-sweep.json — its retraction status is UNKNOWN, which is not the same as clean.
2026-10-02T01:49:32.4347407Z lint_citation_types: NOT SWEPT (advisory) PMCID PMC12660641 in research/literature/emc-census-2026-09-12/REPORT.md has no row in research/manuscripts/citation-retraction-sweep.json — its retraction status is UNKNOWN, which is not the same as clean.
2026-10-02T01:49:32.4349642Z lint_citation_types: NOT SWEPT (advisory) PMCID PMC13133608 in research/autonomy/atlas-hofvander-validation-2026-09-06/protocol.md, research/autonomy/atlas-hofvander-validation-2026-09-06/result.md has no row in research/manuscripts/citation-retraction-sweep.json — its retraction status is UNKNOWN, which is not the same as clean.
2026-10-02T01:49:32.4351774Z lint_citation_types: NOT SWEPT (advisory) PMCID PMC13361612 in research/method-watch-trigger-scan.md has no row in research/manuscripts/citation-retraction-sweep.json — its retraction status is UNKNOWN, which is not the same as clean.
2026-10-02T01:49:32.4353790Z lint_citation_types: NOT SWEPT (advisory) PMCID PMC13367449 in research/method-watch-trigger-scan.md has no row in research/manuscripts/citation-retraction-sweep.json — its retraction status is UNKNOWN, which is not the same as clean.
2026-10-02T01:49:32.4355558Z lint_citation_types: NOT SWEPT (advisory) PMCID PMC13371081 in research/method-watch-trigger-scan.md has no row in research/manuscripts/citation-retraction-sweep.json — its retraction status is UNKNOWN, which is not the same as clean.
2026-10-02T01:49:32.4357277Z lint_citation_types: NOT SWEPT (advisory) PMCID PMC13371367 in research/method-watch-trigger-scan.md has no row in research/manuscripts/citation-retraction-sweep.json — its retraction status is UNKNOWN, which is not the same as clean.
2026-10-02T01:49:32.4359157Z lint_citation_types: NOT SWEPT (advisory) PMCID PMC13375461 in research/method-watch-trigger-scan.md has no row in research/manuscripts/citation-retraction-sweep.json — its retraction status is UNKNOWN, which is not the same as clean.
2026-10-02T01:49:32.4360881Z lint_citation_types: NOT SWEPT (advisory) PMCID PMC13417341 in research/method-watch-trigger-scan.md has no row in research/manuscripts/citation-retraction-sweep.json — its retraction status is UNKNOWN, which is not the same as clean.
2026-10-02T01:49:32.4362928Z lint_citation_types: NOT SWEPT (advisory) PMCID PMC13476259 in research/method-watch-trigger-scan.md has no row in research/manuscripts/citation-retraction-sweep.json — its retraction status is UNKNOWN, which is not the same as clean.
2026-10-02T01:49:32.4364749Z lint_citation_types: NOT SWEPT (advisory) PMCID PMC13477581 in research/method-watch-trigger-scan.md has no row in research/manuscripts/citation-retraction-sweep.json — its retraction status is UNKNOWN, which is not the same as clean.
2026-10-02T01:49:32.4366543Z lint_citation_types: NOT SWEPT (advisory) PMCID PMC13502255 in research/method-watch-trigger-scan.md has no row in research/manuscripts/citation-retraction-sweep.json — its retraction status is UNKNOWN, which is not the same as clean.
2026-10-02T01:49:32.4368307Z lint_citation_types: NOT SWEPT (advisory) PMCID PMC13521186 in research/method-watch-trigger-scan.md has no row in research/manuscripts/citation-retraction-sweep.json — its retraction status is UNKNOWN, which is not the same as clean.
2026-10-02T01:49:32.4370043Z lint_citation_types: NOT SWEPT (advisory) PMCID PMC13523640 in research/method-watch-trigger-scan.md has no row in research/manuscripts/citation-retraction-sweep.json — its retraction status is UNKNOWN, which is not the same as clean.
2026-10-02T01:49:32.4371762Z lint_citation_types: NOT SWEPT (advisory) PMCID PMC13555175 in research/method-watch-trigger-scan.md has no row in research/manuscripts/citation-retraction-sweep.json — its retraction status is UNKNOWN, which is not the same as clean.
2026-10-02T01:49:32.4373619Z lint_citation_types: NOT SWEPT (advisory) PMCID PMC13557715 in research/method-watch-trigger-scan.md has no row in research/manuscripts/citation-retraction-sweep.json — its retraction status is UNKNOWN, which is not the same as clean.
2026-10-02T01:49:32.4375408Z lint_citation_types: NOT SWEPT (advisory) PMCID PMC13565411 in research/IDEAS.md, research/method-watch-trigger-scan.md has no row in research/manuscripts/citation-retraction-sweep.json — its retraction status is UNKNOWN, which is not the same as clean.
2026-10-02T01:49:32.4377216Z lint_citation_types: NOT SWEPT (advisory) PMCID PMC13567386 in research/method-watch-trigger-scan.md has no row in research/manuscripts/citation-retraction-sweep.json — its retraction status is UNKNOWN, which is not the same as clean.
2026-10-02T01:49:32.4379020Z lint_citation_types: NOT SWEPT (advisory) PMCID PMC13573717 in research/IDEAS.md, research/method-watch-trigger-scan.md has no row in research/manuscripts/citation-retraction-sweep.json — its retraction status is UNKNOWN, which is not the same as clean.
2026-10-02T01:49:32.4380872Z lint_citation_types: NOT SWEPT (advisory) PMCID PMC13575427 in research/IDEAS.md has no row in research/manuscripts/citation-retraction-sweep.json — its retraction status is UNKNOWN, which is not the same as clean.
2026-10-02T01:49:32.4382450Z lint_citation_types: NOT SWEPT (advisory) PMCID PMC13576945 in research/IDEAS.md has no row in research/manuscripts/citation-retraction-sweep.json — its retraction status is UNKNOWN, which is not the same as clean.
2026-10-02T01:49:32.4384455Z lint_citation_types: NOT SWEPT (advisory) PMCID PMC13577264 in research/IDEAS.md, research/method-watch-trigger-scan.md has no row in research/manuscripts/citation-retraction-sweep.json — its retraction status is UNKNOWN, which is not the same as clean.
2026-10-02T01:49:32.4386780Z lint_citation_types: NOT SWEPT (advisory) PMCID PMC13577702 in research/IDEAS.md, research/method-watch-trigger-scan.md has no row in research/manuscripts/citation-retraction-sweep.json — its retraction status is UNKNOWN, which is not the same as clean.
2026-10-02T01:49:32.4389153Z lint_citation_types: NOT SWEPT (advisory) PMCID PMC13580205 in research/IDEAS.md, research/method-watch-trigger-scan.md has no row in research/manuscripts/citation-retraction-sweep.json — its retraction status is UNKNOWN, which is not the same as clean.
2026-10-02T01:49:32.4392821Z lint_citation_types: NOT SWEPT (advisory) PMCID PMC13580551 in research/method-watch-trigger-scan.md has no row in research/manuscripts/citation-retraction-sweep.json — its retraction status is UNKNOWN, which is not the same as clean.
2026-10-02T01:49:32.4395852Z lint_citation_types: NOT SWEPT (advisory) PMCID PMC13583061 in research/IDEAS.md has no row in research/manuscripts/citation-retraction-sweep.json — its retraction status is UNKNOWN, which is not the same as clean.
2026-10-02T01:49:32.4399003Z lint_citation_types: NOT SWEPT (advisory) PMCID PMC13594704 in research/IDEAS.md, research/method-watch-trigger-scan.md has no row in research/manuscripts/citation-retraction-sweep.json — its retraction status is UNKNOWN, which is not the same as clean.
2026-10-02T01:49:32.4402966Z lint_citation_types: NOT SWEPT (advisory) PMCID PMC4985356 in research/manuscripts/surface-targets/emc-surface-target-landscape-review-response-2026-08-10.md has no row in research/manuscripts/citation-retraction-sweep.json — its retraction status is UNKNOWN, which is not the same as clean.
2026-10-02T01:49:32.4407076Z lint_citation_types: NOT SWEPT (advisory) PMCID PMC6618088 in research/manuscripts/surface-targets/emc-surface-target-landscape-review-response-2026-08-10.md has no row in research/manuscripts/citation-retraction-sweep.json — its retraction status is UNKNOWN, which is not the same as clean.
2026-10-02T01:49:32.4410730Z lint_citation_types: NOT SWEPT (advisory) PMCID PMC8451045 in research/literature/emc-census-2026-09-12/REPORT.md has no row in research/manuscripts/citation-retraction-sweep.json — its retraction status is UNKNOWN, which is not the same as clean.
2026-10-02T01:49:32.4414783Z lint_citation_types: NOT SWEPT (advisory) PMCID PMC9365353 in research/manuscripts/surface-targets/emc-surface-target-landscape-review-response-2026-08-10.md has no row in research/manuscripts/citation-retraction-sweep.json — its retraction status is UNKNOWN, which is not the same as clean.
2026-10-02T01:49:32.4418574Z lint_citation_types: NOT SWEPT (advisory) PMID 13042781 in research/literature/emc-census-2026-09-12/REPORT.md has no row in research/manuscripts/citation-retraction-sweep.json — its retraction status is UNKNOWN, which is not the same as clean.
2026-10-02T01:49:32.4422416Z lint_citation_types: NOT SWEPT (advisory) PMID 16199517 in research/manuscripts/fusion-output/nr4a3-fusion-transcriptional-output-review-response-2026-08-10.md has no row in research/manuscripts/citation-retraction-sweep.json — its retraction status is UNKNOWN, which is not the same as clean.
2026-10-02T01:49:32.4427084Z lint_citation_types: NOT SWEPT (advisory) PMID 17182697 in research/manuscripts/fusion-output/nr4a3-fusion-transcriptional-output-review-response-2026-08-10.md has no row in research/manuscripts/citation-retraction-sweep.json — its retraction status is UNKNOWN, which is not the same as clean.
2026-10-02T01:49:32.4430861Z lint_citation_types: NOT SWEPT (advisory) PMID 17302560 in research/literature/emc-census-2026-09-12/REPORT.md has no row in research/manuscripts/citation-retraction-sweep.json — its retraction status is UNKNOWN, which is not the same as clean.
2026-10-02T01:49:32.4435004Z lint_citation_types: NOT SWEPT (advisory) PMID 17303618 in research/manuscripts/fusion-output/nr4a3-fusion-transcriptional-output-review-response-2026-08-10.md has no row in research/manuscripts/citation-retraction-sweep.json — its retraction status is UNKNOWN, which is not the same as clean.
2026-10-02T01:49:32.4439494Z lint_citation_types: NOT SWEPT (advisory) PMID 17647282 in research/autonomy/evidence-fus-ddit3-2026-09-05/README.md, research/modalities/fus-ddit3-prefix-comparison.md has no row in research/manuscripts/citation-retraction-sweep.json — its retraction status is UNKNOWN, which is not the same as clean.
2026-10-02T01:49:32.4443715Z lint_citation_types: NOT SWEPT (advisory) PMID 18676850 in research/autonomy/sprint-2026-09-01/S55-TWO-BLIND-ROUTES.md has no row in research/manuscripts/citation-retraction-sweep.json — its retraction status is UNKNOWN, which is not the same as clean.
2026-10-02T01:49:32.4447673Z lint_citation_types: NOT SWEPT (advisory) PMID 19847166 in research/manuscripts/fusion-output/nr4a3-fusion-transcriptional-output-review-response-2026-08-10.md has no row in research/manuscripts/citation-retraction-sweep.json — its retraction status is UNKNOWN, which is not the same as clean.
2026-10-02T01:49:32.4451971Z lint_citation_types: NOT SWEPT (advisory) PMID 20048385 in research/manuscripts/fusion-output/nr4a3-fusion-transcriptional-output-review-response-2026-08-10.md has no row in research/manuscripts/citation-retraction-sweep.json — its retraction status is UNKNOWN, which is not the same as clean.
2026-10-02T01:49:32.4456466Z lint_citation_types: NOT SWEPT (advisory) PMID 20287819 in research/manuscripts/fusion-output/nr4a3-fusion-transcriptional-output-review-response-2026-08-10.md has no row in research/manuscripts/citation-retraction-sweep.json — its retraction status is UNKNOWN, which is not the same as clean.
2026-10-02T01:49:32.4460797Z lint_citation_types: NOT SWEPT (advisory) PMID 20610611 in research/manuscripts/fusion-output/nr4a3-fusion-transcriptional-output-review-response-2026-08-10.md has no row in research/manuscripts/citation-retraction-sweep.json — its retraction status is UNKNOWN, which is not the same as clean.
2026-10-02T01:49:32.4465655Z lint_citation_types: NOT SWEPT (advisory) PMID 20818875 in research/manuscripts/emc-mortality-mechanisms-paper.md, research/manuscripts/emc-mortality-mechanisms.md, systems/views/L5-evidence-base.md has no row in research/manuscripts/citation-retraction-sweep.json — its retraction status is UNKNOWN, which is not the same as clean.
2026-10-02T01:49:32.4470310Z lint_citation_types: NOT SWEPT (advisory) PMID 21044043 in research/manuscripts/fusion-output/nr4a3-fusion-transcriptional-output-review-response-2026-08-10.md has no row in research/manuscripts/citation-retraction-sweep.json — its retraction status is UNKNOWN, which is not the same as clean.
2026-10-02T01:49:32.4474635Z lint_citation_types: NOT SWEPT (advisory) PMID 21085121 in research/autonomy/cysteine-source-qualification-20260919/NOTE.md has no row in research/manuscripts/citation-retraction-sweep.json — its retraction status is UNKNOWN, which is not the same as clean.
2026-10-02T01:49:32.4478713Z lint_citation_types: NOT SWEPT (advisory) PMID 22638577 in research/manuscripts/fusion-output/nr4a3-fusion-transcriptional-output-review-response-2026-08-10.md has no row in research/manuscripts/citation-retraction-sweep.json — its retraction status is UNKNOWN, which is not the same as clean.
2026-10-02T01:49:32.4483097Z lint_citation_types: NOT SWEPT (advisory) PMID 23115670 in systems/views/L2-rt-treatment-harm.md has no row in research/manuscripts/citation-retraction-sweep.json — its retraction status is UNKNOWN, which is not the same as clean.
2026-10-02T01:49:32.4486982Z lint_citation_types: NOT SWEPT (advisory) PMID 23323831 in research/manuscripts/fusion-output/nr4a3-fusion-transcriptional-output-review-response-2026-08-10.md has no row in research/manuscripts/citation-retraction-sweep.json — its retraction status is UNKNOWN, which is not the same as clean.
2026-10-02T01:49:32.4490868Z lint_citation_types: NOT SWEPT (advisory) PMID 26434451 in research/literature/emc-census-2026-09-12/REPORT.md has no row in research/manuscripts/citation-retraction-sweep.json — its retraction status is UNKNOWN, which is not the same as clean.
2026-10-02T01:49:32.4495005Z lint_citation_types: NOT SWEPT (advisory) PMID 26869290 in research/literature/emc-census-2026-09-12/REPORT.md has no row in research/manuscripts/citation-retraction-sweep.json — its retraction status is UNKNOWN, which is not the same as clean.
2026-10-02T01:49:32.4498878Z lint_citation_types: NOT SWEPT (advisory) PMID 27124452 in research/manuscripts/fusion-output/nr4a3-fusion-transcriptional-output-review-response-2026-08-10.md has no row in research/manuscripts/citation-retraction-sweep.json — its retraction status is UNKNOWN, which is not the same as clean.
2026-10-02T01:49:32.4503441Z lint_citation_types: NOT SWEPT (advisory) PMID 30400809 in research/manuscripts/fusion-output/nr4a3-fusion-transcriptional-output-review-response-2026-08-10.md has no row in research/manuscripts/citation-retraction-sweep.json — its retraction status is UNKNOWN, which is not the same as clean.
2026-10-02T01:49:32.4507159Z lint_citation_types: NOT SWEPT (advisory) PMID 30511879 in systems/views/L5-evidence-base.md has no row in research/manuscripts/citation-retraction-sweep.json — its retraction status is UNKNOWN, which is not the same as clean.
2026-10-02T01:49:32.4510360Z lint_citation_types: NOT SWEPT (advisory) PMID 30786186 in systems/views/L5-evidence-base.md has no row in research/manuscripts/citation-retraction-sweep.json — its retraction status is UNKNOWN, which is not the same as clean.
2026-10-02T01:49:32.4513754Z lint_citation_types: NOT SWEPT (advisory) PMID 31417269 in systems/views/L5-evidence-base.md has no row in research/manuscripts/citation-retraction-sweep.json — its retraction status is UNKNOWN, which is not the same as clean.
2026-10-02T01:49:32.4517537Z lint_citation_types: NOT SWEPT (advisory) PMID 32026945 in research/manuscripts/fusion-output/nr4a3-fusion-transcriptional-output-review-response-2026-08-10.md has no row in research/manuscripts/citation-retraction-sweep.json — its retraction status is UNKNOWN, which is not the same as clean.
2026-10-02T01:49:32.4522073Z lint_citation_types: NOT SWEPT (advisory) PMID 32953543 in research/manuscripts/emc-mortality-mechanisms-paper.md, research/manuscripts/emc-mortality-mechanisms.md, systems/views/L5-evidence-base.md has no row in research/manuscripts/citation-retraction-sweep.json — its retraction status is UNKNOWN, which is not the same as clean.
2026-10-02T01:49:32.4526459Z lint_citation_types: NOT SWEPT (advisory) PMID 37119813 in research/autonomy/cysteine-source-qualification-20260919/NOTE.md has no row in research/manuscripts/citation-retraction-sweep.json — its retraction status is UNKNOWN, which is not the same as clean.
2026-10-02T01:49:32.4530156Z lint_citation_types: NOT SWEPT (advisory) PMID 37477762 in research/release-candidates/PUB-SURFACE-TARGETS/2026-09-06/ultra-review/report.md has no row in research/manuscripts/citation-retraction-sweep.json — its retraction status is UNKNOWN, which is not the same as clean.
2026-10-02T01:49:32.4534668Z lint_citation_types: NOT SWEPT (advisory) PMID 37781179 in research/manuscripts/emc-mortality-mechanisms-paper.md, research/manuscripts/emc-mortality-mechanisms.md, systems/views/L5-evidence-base.md has no row in research/manuscripts/citation-retraction-sweep.json — its retraction status is UNKNOWN, which is not the same as clean.
2026-10-02T01:49:32.4541391Z lint_citation_types: NOT SWEPT (advisory) PMID 38447752 in research/autonomy/atlas-sample-organ-2026-09-06/report.md, research/autonomy/portfolio-2026-09-05/recommendation.md, research/autonomy/usage-sprint-2026-10-01/chrna6-specimen-crosswalk/handoff.md, research/autonomy/usage-sprint-2026-10-01/chrna6-specimen-crosswalk/source-plan.md, research/release-candidates/PUB-SURFACE-TARGETS/2026-09-06/ultra-review/report.md has no row in research/manuscripts/citation-retraction-sweep.json — its retraction status is UNKNOWN, which is not the same as clean.
2026-10-02T01:49:32.4547820Z lint_citation_types: NOT SWEPT (advisory) PMID 38558247 in research/manuscripts/emc-mortality-mechanisms-paper.md, research/manuscripts/emc-mortality-mechanisms.md, systems/views/L5-evidence-base.md has no row in research/manuscripts/citation-retraction-sweep.json — its retraction status is UNKNOWN, which is not the same as clean.
2026-10-02T01:49:32.4551908Z lint_citation_types: NOT SWEPT (advisory) PMID 41799218 in systems/views/L2-rt-vte-prophylaxis.md has no row in research/manuscripts/citation-retraction-sweep.json — its retraction status is UNKNOWN, which is not the same as clean.
2026-10-02T01:49:32.4555525Z lint_citation_types: retraction sweep (2026-09-01) — 1206 prose identifier(s): 842 checked against PubMed, 6 retracted, 238 outside PubMed's reach (arXiv/NCT/GEO/preprint, meeting-abstract, dataset and PDB DOIs — UNKNOWN, not clean), 126 NOT SWEPT.
2026-10-02T01:49:32.4557288Z    OK
2026-10-02T01:49:32.4557820Z == manuscript prose style (journal register, not repository register) ==
2026-10-02T01:49:32.8258250Z    OK
2026-10-02T01:49:32.8258965Z == readability screen (ADVISORY: where to look, not whether the prose is good) ==
2026-10-02T01:49:33.1588524Z    document                                             sent  mean  p90  max  >60w  FKGL  caution/1kw
2026-10-02T01:49:33.1589383Z    response-endpoint-indolent-tumours.md                 320  18.8   35   53     0  11.4         12.3
2026-10-02T01:49:33.1590410Z    emc-mtap-prmt5-hypothesis.md                          273  21.7   38   58     0  12.5         12.7
2026-10-02T01:49:33.1591373Z    emc-mtap-prmt5-hypothesis-SI.md                        88  22.8   38  134     1  11.9         10.0
2026-10-02T01:49:33.1593031Z    emc-atr-collaborator-package.md                       356  20.6   41   57     0  11.8         11.2
2026-10-02T01:49:33.1593893Z    repurposing-hypotheses.md                             265  20.7   37   64     1  14.7          8.2
2026-10-02T01:49:33.1594458Z    emc-surface-target-landscape.md                       304  20.9   38   59     0  13.3          8.2
2026-10-02T01:49:33.1595018Z    emc-surface-target-landscape-si.md                    160  18.3   35   49     0  12.2         12.3
2026-10-02T01:49:33.1595653Z    fusion-junction-aso-supplementary-information.md       98  22.6   45  103     3  12.0          7.7
2026-10-02T01:49:33.1596285Z    fusion-junction-aso-journal-article.md                181  24.4   44   54     0  13.1          9.7
2026-10-02T01:49:33.1596869Z    fusion-junction-aso-journal-tables.md                  13  22.6   38   47     0  12.7         10.2
2026-10-02T01:49:33.1597466Z    fusion-junction-aso-journal-references.md              79  14.9   25   54     0  10.9          0.9
2026-10-02T01:49:33.1598067Z    emc-vaccine-development-path.md                       742  23.8   43   87     3  12.9         11.6
2026-10-02T01:49:33.1598603Z    emc-trial-reachability.md                             116  22.2   40   51     0  12.2         12.8
2026-10-02T01:49:33.1598982Z    
2026-10-02T01:49:33.1599762Z    ⚠ This is a SCREEN. It says where to look. Whether the prose is good is decided by reading it — see the `scientific-writing` skill.
2026-10-02T01:49:33.1600469Z == parser guard (every registered parser can still find its input) ==
2026-10-02T01:49:33.1939292Z    OK
2026-10-02T01:49:33.1939828Z == validate (EMC clinical registry evidence contract) ==
2026-10-02T01:49:35.1758938Z    OK
2026-10-02T01:49:35.1759541Z == generated deposit artifacts reproduce from their generators ==
2026-10-02T01:50:00.9223006Z    OK   submission tables
2026-10-02T01:50:00.9277749Z    OK   claim coverage census
2026-10-02T01:50:00.9332451Z    OK   submission references
2026-10-02T01:50:00.9388673Z    OK   submission metrics
2026-10-02T01:50:00.9443704Z    OK   canonical sequence file
2026-10-02T01:50:00.9498846Z    OK   journal article tables
2026-10-02T01:50:00.9553762Z    OK   offtarget duplex energy
2026-10-02T01:50:00.9608114Z    OK   submission packet
2026-10-02T01:50:00.9662451Z    OK   vaccine-path manuscript tables
2026-10-02T01:50:00.9717034Z    OK   archive manifest
2026-10-02T01:50:00.9771083Z    OK   declared deposit drift
2026-10-02T01:50:00.9825826Z    OK   condensate CALVADOS findings
2026-10-02T01:50:00.9880123Z    OK   ATR HRD sarcoma series
2026-10-02T01:50:00.9936319Z    OK   single-slot artifact identity
2026-10-02T01:50:00.9992047Z    OK   instrument census
2026-10-02T01:50:01.0046627Z    OK   reopening-trigger registry join
2026-10-02T01:50:01.0100808Z    OK   literature citation debt
2026-10-02T01:50:01.0154832Z    OK   news-match queue
2026-10-02T01:50:01.0178915Z == cycle receipts record the fan-out width the cap is checked against ==
2026-10-02T01:50:01.0597315Z       pre-schema (< CYC-0023), width not readable by the cap check, grandfathered: CYC-0000-BOOTSTRAP ((no width recorded)), CYC-0001 ((no width recorded)), CYC-0002 ((no width recorded)), CYC-0003 ((no width recorded)), CYC-0005 ((no width recorded)), CYC-0007 ((no width recorded)), CYC-0009 ((no width recorded)), CYC-0011 (concurrent_max/dispatched), CYC-0012 (concurrent_max/dispatched), CYC-0013 (concurrent_max/dispatched), CYC-0014 (concurrent_max/dispatched), CYC-0015 ((no width recorded)), CYC-0016 (concurrent_max/dispatched), CYC-0018 (dispatched), CYC-0019 (concurrent_max/dispatched), CYC-0020 (launched), CYC-0021 (launched), CYC-0022 (launched)
2026-10-02T01:50:01.0603131Z       107 governed receipt(s), 0 failure(s), 0 unreadable
2026-10-02T01:50:01.0603837Z    OK
2026-10-02T01:50:01.0609009Z == pytest (pure-logic suites) == SKIPPED -- PREFLIGHT_TESTS=1 runs them; tests.yml runs all
2026-10-02T01:50:01.0610064Z    four directories in full on every push and is the authority (trimcrae, 2026-09-02).
2026-10-02T01:50:01.0611368Z == unverified-output residue in the documents that go out (model meta-comments, placeholders) ==
2026-10-02T01:50:01.9796730Z    lint_submission_residue: 38 outgoing document(s), 5 finding(s), 5 baselined, 0 new, 0 stale baseline row(s)
2026-10-02T01:50:01.9799229Z    lint_submission_residue: hallucinated references are gate 6's trigger and remain PARTIAL — 5 named gaps in UNCOVERED_BY_LINT_CITATIONS.
2026-10-02T01:50:01.9800741Z    OK
2026-10-02T01:50:01.9801381Z == the cycle contract names every receipt field the receipt-schema gate requires ==
2026-10-02T01:50:02.0259229Z       required by the gate, and named by the contract: `route_advanced`, `subagents`, `subagents.max_concurrent`, `ccr_session_id`, `ended_utc`
2026-10-02T01:50:02.0260946Z       5 required field path(s), 6 key constant(s), 7743 chars of contract read, 0 disagreement(s)
2026-10-02T01:50:02.0262098Z    OK
2026-10-02T01:50:02.0263393Z == what each test tier costs, against the budget somebody set for it ==
2026-10-02T01:50:04.0033998Z    ok    commit-loop             1492/1500  test function(s) in 108 file(s)
2026-10-02T01:50:04.0034775Z    ok    modalities              7259/7500  test function(s) in 436 file(s)
2026-10-02T01:50:04.0035511Z    ok    paper-guards             988/1000  test function(s) in 114 file(s)
2026-10-02T01:50:04.0096344Z == every route's derived ledger id is frozen, not counted ==
2026-10-02T01:50:04.0756963Z    83 route→id bindings, frozen and agreeing with the ledger
2026-10-02T01:50:04.0757624Z    OK
2026-10-02T01:50:04.1031535Z PINNED_SHA=9bfd7112bf76f184d632e4d72fea3fa95f5e9d34
2026-10-02T01:50:04.1033344Z 
2026-10-02T01:50:04.1033670Z PREFLIGHT OK (fast gates only (doc + artifact linters))
2026-10-02T01:50:04.1037204Z              ⛔ NO TEST SUITE THIS RUN DID NOT NAME ABOVE HAS PASSED. tests.yml runs all
2026-10-02T01:50:04.1038476Z              four directories in full on every push, with the real dependencies, and is
2026-10-02T01:50:04.1039436Z              the authority for anything not listed.
2026-10-02T01:50:04.1040422Z              PREFLIGHT_TESTS=1 adds the manuscripts suite and the pure-logic ones,
2026-10-02T01:50:04.1041423Z              PREFLIGHT_MODALITIES=1 the modalities suite,
2026-10-02T01:50:04.1042911Z              PREFLIGHT_FULL=1 everything — the only tier publish_bar clause 2 accepts.
2026-10-02T01:50:04.2752239Z ##[group]Run git status --short
2026-10-02T01:50:04.2752962Z [36;1mgit status --short[0m
2026-10-02T01:50:04.2753239Z [36;1mgit diff --exit-code[0m
2026-10-02T01:50:04.2817809Z shell: /usr/bin/bash -e {0}
2026-10-02T01:50:04.2818059Z env:
2026-10-02T01:50:04.2818328Z   pythonLocation: /opt/hostedtoolcache/Python/3.11.16/x64
2026-10-02T01:50:04.2818767Z   PKG_CONFIG_PATH: /opt/hostedtoolcache/Python/3.11.16/x64/lib/pkgconfig
2026-10-02T01:50:04.2819191Z   Python_ROOT_DIR: /opt/hostedtoolcache/Python/3.11.16/x64
2026-10-02T01:50:04.2819572Z   Python2_ROOT_DIR: /opt/hostedtoolcache/Python/3.11.16/x64
2026-10-02T01:50:04.2819956Z   Python3_ROOT_DIR: /opt/hostedtoolcache/Python/3.11.16/x64
2026-10-02T01:50:04.2820332Z   LD_LIBRARY_PATH: /opt/hostedtoolcache/Python/3.11.16/x64/lib
2026-10-02T01:50:04.2820654Z ##[endgroup]
2026-10-02T01:50:04.3345751Z Post job cleanup.
2026-10-02T01:50:04.4583927Z (node:5425) [DEP0040] DeprecationWarning: The `punycode` module is deprecated. Please use a userland alternative instead.
2026-10-02T01:50:04.4585155Z (Use `node --trace-deprecation ...` to show where the warning was created)
2026-10-02T01:50:04.4790526Z Post job cleanup.
2026-10-02T01:50:04.5843403Z [command]/usr/bin/git version
2026-10-02T01:50:04.5896561Z git version 2.55.0
2026-10-02T01:50:04.5947372Z Temporarily overriding HOME='/home/runner/work/_temp/49df11d0-4375-4880-9d61-869b72b74dc5' before making global git config changes
2026-10-02T01:50:04.5954225Z Adding repository directory to the temporary git global config as a safe directory
2026-10-02T01:50:04.5974222Z [command]/usr/bin/git config --global --add safe.directory /home/runner/work/Rare-cancers/Rare-cancers
2026-10-02T01:50:04.6007769Z [command]/usr/bin/git config --local --name-only --get-regexp core\.sshCommand
2026-10-02T01:50:04.6059187Z [command]/usr/bin/git submodule foreach --recursive sh -c "git config --local --name-only --get-regexp 'core\.sshCommand' && git config --local --unset-all 'core.sshCommand' || :"
2026-10-02T01:50:04.6384228Z [command]/usr/bin/git config --local --name-only --get-regexp http\.https\:\/\/github\.com\/\.extraheader
2026-10-02T01:50:04.6436059Z [command]/usr/bin/git submodule foreach --recursive sh -c "git config --local --name-only --get-regexp 'http\.https\:\/\/github\.com\/\.extraheader' && git config --local --unset-all 'http.https://github.com/.extraheader' || :"
2026-10-02T01:50:04.6719249Z [command]/usr/bin/git config --local --name-only --get-regexp ^includeIf\.gitdir:
2026-10-02T01:50:04.6763130Z [command]/usr/bin/git submodule foreach --recursive git config --local --show-origin --name-only --get-regexp remote.origin.url
2026-10-02T01:50:04.7181144Z Cleaning up orphan processes
2026-10-02T01:50:04.7489789Z ##[warning]Node.js 20 is deprecated. The following actions target Node.js 20 but are being forced to run on Node.js 24: actions/checkout@v4, actions/setup-python@v5. For more information see: https://github.blog/changelog/2025-09-19-deprecation-of-node-20-on-github-actions-runners/
