nct	canonical_payload	registered_enrollment	enrollment_type	n_registered_arms	n_distinct_response_cohorts	n_response_observations	max_single_cohort_denominator	max_single_cohort_pointer	largest_within_measure_om_index	groups_in_that_measure	within_measure_denominator_sum	pooled_label_in_that_measure	conflict_findings	summation_policy	disjointness_status
NCT00940225	ctg_placebo_onc_1999_2009.txt	730	ACTUAL	7	16	16	171	ctg_placebo_onc_1999_2009.txt::NCT00940225::outcomeMeasures[0]::groups[OG000]	0	10	586	False	NO_CONFLICT_DETECTED	NOT_A_PATIENT_COUNT__NO_CROSS_MEASURE_SUM_EMITTED	DISJOINTNESS_UNVERIFIABLE__NO_participantFlowModule_IN_CACHE
NCT00418886	ctg_placebo_onc_1999_2009.txt	698	ACTUAL	2	2	4	278	ctg_placebo_onc_1999_2009.txt::NCT00418886::outcomeMeasures[3]::groups[OG001]	3	2	534	False	NO_CONFLICT_DETECTED	NOT_A_PATIENT_COUNT__NO_CROSS_MEASURE_SUM_EMITTED	DISJOINTNESS_UNVERIFIABLE__NO_participantFlowModule_IN_CACHE
NCT00738699	ctg_placebo_onc_1999_2009.txt	415	ACTUAL	2	2	4	275	ctg_placebo_onc_1999_2009.txt::NCT00738699::outcomeMeasures[2]::groups[OG000]	2	2	415	False	NO_CONFLICT_DETECTED	NOT_A_PATIENT_COUNT__NO_CROSS_MEASURE_SUM_EMITTED	DISJOINTNESS_UNVERIFIABLE__NO_participantFlowModule_IN_CACHE
NCT00565370	ctg_placebo_onc_1999_2009.txt	22	ACTUAL	2	1	1	16	ctg_placebo_onc_1999_2009.txt::NCT00565370::outcomeMeasures[2]::groups[OG000]	2	1	16	False	NO_CONFLICT_DETECTED	NOT_A_PATIENT_COUNT__NO_CROSS_MEASURE_SUM_EMITTED	DISJOINTNESS_UNVERIFIABLE__NO_participantFlowModule_IN_CACHE
NCT00659438	ctg_placebo_onc_1999_2009.txt	95	ACTUAL	2	2	2	48	ctg_placebo_onc_1999_2009.txt::NCT00659438::outcomeMeasures[3]::groups[OG001]	3	2	95	False	NO_CONFLICT_DETECTED	NOT_A_PATIENT_COUNT__NO_CROSS_MEASURE_SUM_EMITTED	DISJOINTNESS_UNVERIFIABLE__NO_participantFlowModule_IN_CACHE
NCT00321893	ctg_placebo_onc_1999_2009.txt	225	ACTUAL	2	2	4	100	ctg_placebo_onc_1999_2009.txt::NCT00321893::outcomeMeasures[2]::groups[OG001]	2	2	198	False	NO_CONFLICT_DETECTED	NOT_A_PATIENT_COUNT__NO_CROSS_MEASURE_SUM_EMITTED	DISJOINTNESS_UNVERIFIABLE__NO_participantFlowModule_IN_CACHE
NCT00437294	ctg_placebo_onc_1999_2009.txt	86	ACTUAL	2	2	2	43	ctg_placebo_onc_1999_2009.txt::NCT00437294::outcomeMeasures[5]::groups[OG001]	5	2	85	False	NO_CONFLICT_DETECTED	NOT_A_PATIENT_COUNT__NO_CROSS_MEASURE_SUM_EMITTED	DISJOINTNESS_UNVERIFIABLE__NO_participantFlowModule_IN_CACHE
NCT00613626	ctg_placebo_onc_1999_2009.txt	74	ACTUAL	3	2	4	28	ctg_placebo_onc_1999_2009.txt::NCT00613626::outcomeMeasures[2]::groups[OG001]	2	2	54	False	NO_CONFLICT_DETECTED	NOT_A_PATIENT_COUNT__NO_CROSS_MEASURE_SUM_EMITTED	DISJOINTNESS_UNVERIFIABLE__NO_participantFlowModule_IN_CACHE
NCT00304239	ctg_placebo_onc_1999_2009.txt	131	ACTUAL	2	2	4	58	ctg_placebo_onc_1999_2009.txt::NCT00304239::outcomeMeasures[0]::groups[OG001]	0	2	115	False	NO_CONFLICT_DETECTED	NOT_A_PATIENT_COUNT__NO_CROSS_MEASURE_SUM_EMITTED	DISJOINTNESS_UNVERIFIABLE__NO_participantFlowModule_IN_CACHE
NCT00493636	ctg_placebo_onc_1999_2009.txt	160	ACTUAL	2	2	4	81	ctg_placebo_onc_1999_2009.txt::NCT00493636::outcomeMeasures[3]::groups[OG000]	3	2	160	False	NO_CONFLICT_DETECTED	NOT_A_PATIENT_COUNT__NO_CROSS_MEASURE_SUM_EMITTED	DISJOINTNESS_UNVERIFIABLE__NO_participantFlowModule_IN_CACHE
NCT00752986	ctg_placebo_onc_1999_2009.txt	39	ACTUAL	3	3	3	0			0	0	False	NO_CONFLICT_DETECTED	NOT_A_PATIENT_COUNT__NO_CROSS_MEASURE_SUM_EMITTED	DISJOINTNESS_UNVERIFIABLE__NO_participantFlowModule_IN_CACHE
NCT00410124	ctg_placebo_onc_1999_2009.txt	416	ACTUAL	2	2	2	277	ctg_placebo_onc_1999_2009.txt::NCT00410124::outcomeMeasures[2]::groups[OG000]	2	2	416	False	NO_CONFLICT_DETECTED	NOT_A_PATIENT_COUNT__NO_CROSS_MEASURE_SUM_EMITTED	DISJOINTNESS_UNVERIFIABLE__NO_participantFlowModule_IN_CACHE
NCT00786994	ctg_placebo_onc_1999_2009.txt	165	ACTUAL	4	3	3	47	ctg_placebo_onc_1999_2009.txt::NCT00786994::outcomeMeasures[0]::groups[OG000]	0	3	132	False	NO_CONFLICT_DETECTED	NOT_A_PATIENT_COUNT__NO_CROSS_MEASURE_SUM_EMITTED	DISJOINTNESS_UNVERIFIABLE__NO_participantFlowModule_IN_CACHE
NCT00974311	ctg_placebo_onc_1999_2009.txt	1199	ACTUAL	2	2	2	446	ctg_placebo_onc_1999_2009.txt::NCT00974311::outcomeMeasures[7]::groups[OG000]	7	2	654	False	NO_CONFLICT_DETECTED	NOT_A_PATIENT_COUNT__NO_CROSS_MEASURE_SUM_EMITTED	DISJOINTNESS_UNVERIFIABLE__NO_participantFlowModule_IN_CACHE
NCT00262067	ctg_placebo_onc_1999_2009.txt	1237	ACTUAL	2	4	8	345	ctg_placebo_onc_1999_2009.txt::NCT00262067::outcomeMeasures[1]::groups[OG000]	1	4	1008	False	NO_CONFLICT_DETECTED	NOT_A_PATIENT_COUNT__NO_CROSS_MEASURE_SUM_EMITTED	DISJOINTNESS_UNVERIFIABLE__NO_participantFlowModule_IN_CACHE
NCT00626106	ctg_placebo_onc_1999_2009.txt	156	ACTUAL	2	2	2	63	ctg_placebo_onc_1999_2009.txt::NCT00626106::outcomeMeasures[3]::groups[OG000]	3	2	95	False	NO_CONFLICT_DETECTED	NOT_A_PATIENT_COUNT__NO_CROSS_MEASURE_SUM_EMITTED	DISJOINTNESS_UNVERIFIABLE__NO_participantFlowModule_IN_CACHE
NCT00767520	ctg_placebo_onc_1999_2009.txt	155	ACTUAL	2	2	2	49	ctg_placebo_onc_1999_2009.txt::NCT00767520::outcomeMeasures[1]::groups[OG000]	1	2	98	False	NO_CONFLICT_DETECTED	NOT_A_PATIENT_COUNT__NO_CROSS_MEASURE_SUM_EMITTED	DISJOINTNESS_UNVERIFIABLE__NO_participantFlowModule_IN_CACHE
NCT00422903	ctg_placebo_onc_1999_2009.txt	92	ACTUAL	2	2	2	48	ctg_placebo_onc_1999_2009.txt::NCT00422903::outcomeMeasures[0]::groups[OG000]	0	2	89	False	NO_CONFLICT_DETECTED	NOT_A_PATIENT_COUNT__NO_CROSS_MEASURE_SUM_EMITTED	DISJOINTNESS_UNVERIFIABLE__NO_participantFlowModule_IN_CACHE
NCT00753675	ctg_placebo_onc_1999_2009.txt	174	ACTUAL	3	3	6	57	ctg_placebo_onc_1999_2009.txt::NCT00753675::outcomeMeasures[1]::groups[OG001]	1	3	165	False	NO_CONFLICT_DETECTED	NOT_A_PATIENT_COUNT__NO_CROSS_MEASURE_SUM_EMITTED	DISJOINTNESS_UNVERIFIABLE__NO_participantFlowModule_IN_CACHE
NCT00387127	ctg_placebo_onc_1999_2009.txt	67	ACTUAL	2	2	2	34	ctg_placebo_onc_1999_2009.txt::NCT00387127::outcomeMeasures[10]::groups[OG001]	10	2	67	False	NO_CONFLICT_DETECTED	NOT_A_PATIENT_COUNT__NO_CROSS_MEASURE_SUM_EMITTED	DISJOINTNESS_UNVERIFIABLE__NO_participantFlowModule_IN_CACHE
NCT00399035	ctg_placebo_onc_1999_2009.txt	1254	ACTUAL	4	2	2	502	ctg_placebo_onc_1999_2009.txt::NCT00399035::outcomeMeasures[2]::groups[OG000]	2	2	860	False	NO_CONFLICT_DETECTED	NOT_A_PATIENT_COUNT__NO_CROSS_MEASURE_SUM_EMITTED	DISJOINTNESS_UNVERIFIABLE__NO_participantFlowModule_IN_CACHE
NCT00281697	ctg_placebo_onc_1999_2009.txt	684	ACTUAL	2	2	4	362	ctg_placebo_onc_1999_2009.txt::NCT00281697::outcomeMeasures[4]::groups[OG000]	4	2	541	False	NO_CONFLICT_DETECTED	NOT_A_PATIENT_COUNT__NO_CROSS_MEASURE_SUM_EMITTED	DISJOINTNESS_UNVERIFIABLE__NO_participantFlowModule_IN_CACHE
NCT00738530	ctg_placebo_onc_1999_2009.txt	649	ACTUAL	2	2	4	306	ctg_placebo_onc_1999_2009.txt::NCT00738530::outcomeMeasures[7]::groups[OG000]	7	2	595	False	NO_CONFLICT_DETECTED	NOT_A_PATIENT_COUNT__NO_CROSS_MEASURE_SUM_EMITTED	DISJOINTNESS_UNVERIFIABLE__NO_participantFlowModule_IN_CACHE
NCT00865709	ctg_placebo_onc_1999_2009.txt	198	ACTUAL	2	2	2	101	ctg_placebo_onc_1999_2009.txt::NCT00865709::outcomeMeasures[3]::groups[OG001]	3	2	198	False	NO_CONFLICT_DETECTED	NOT_A_PATIENT_COUNT__NO_CROSS_MEASURE_SUM_EMITTED	DISJOINTNESS_UNVERIFIABLE__NO_participantFlowModule_IN_CACHE
NCT00876395	ctg_placebo_onc_1999_2009.txt	719	ACTUAL	2	2	16	480	ctg_placebo_onc_1999_2009.txt::NCT00876395::outcomeMeasures[4]::groups[OG000]	4	2	719	False	NO_CONFLICT_DETECTED	NOT_A_PATIENT_COUNT__NO_CROSS_MEASURE_SUM_EMITTED	DISJOINTNESS_UNVERIFIABLE__NO_participantFlowModule_IN_CACHE
NCT00415194	ctg_placebo_onc_1999_2009.txt	795	ACTUAL	2	2	2	398	ctg_placebo_onc_1999_2009.txt::NCT00415194::outcomeMeasures[2]::groups[OG000]	2	2	795	False	NO_CONFLICT_DETECTED	NOT_A_PATIENT_COUNT__NO_CROSS_MEASURE_SUM_EMITTED	DISJOINTNESS_UNVERIFIABLE__NO_participantFlowModule_IN_CACHE
NCT00790400	ctg_placebo_onc_1999_2009.txt	118	ACTUAL	2	3	6	112	ctg_placebo_onc_1999_2009.txt::NCT00790400::outcomeMeasures[0]::groups[OG002]	0	3	230	False	WITHIN_MEASURE_SUM_EXCEEDS_ENROLLMENT	NOT_A_PATIENT_COUNT__NO_CROSS_MEASURE_SUM_EMITTED	DISJOINTNESS_UNVERIFIABLE__NO_participantFlowModule_IN_CACHE
NCT00244764	ctg_placebo_onc_1999_2009.txt	225	ACTUAL	2	1	1	225	ctg_placebo_onc_1999_2009.txt::NCT00244764::outcomeMeasures[0]::groups[OG000]	0	1	225	False	NO_CONFLICT_DETECTED	NOT_A_PATIENT_COUNT__NO_CROSS_MEASURE_SUM_EMITTED	DISJOINTNESS_UNVERIFIABLE__NO_participantFlowModule_IN_CACHE
NCT00519285	ctg_placebo_onc_1999_2009.txt	1224	ACTUAL	2	2	6	560	ctg_placebo_onc_1999_2009.txt::NCT00519285::outcomeMeasures[1]::groups[OG001]	1	2	1119	False	NO_CONFLICT_DETECTED	NOT_A_PATIENT_COUNT__NO_CROSS_MEASURE_SUM_EMITTED	DISJOINTNESS_UNVERIFIABLE__NO_participantFlowModule_IN_CACHE
NCT00508001	ctg_placebo_onc_1999_2009.txt	67	ACTUAL	3	3	3	25	ctg_placebo_onc_1999_2009.txt::NCT00508001::outcomeMeasures[1]::groups[OG001]	1	3	67	False	NO_CONFLICT_DETECTED	NOT_A_PATIENT_COUNT__NO_CROSS_MEASURE_SUM_EMITTED	DISJOINTNESS_UNVERIFIABLE__NO_participantFlowModule_IN_CACHE
NCT00536939	ctg_placebo_onc_1999_2009.txt	2	ACTUAL	2	1	1	0			0	0	False	NO_CONFLICT_DETECTED	NOT_A_PATIENT_COUNT__NO_CROSS_MEASURE_SUM_EMITTED	DISJOINTNESS_UNVERIFIABLE__NO_participantFlowModule_IN_CACHE
NCT00466440	ctg_placebo_onc_1999_2009.txt	108	ACTUAL	3	2	2	46	ctg_placebo_onc_1999_2009.txt::NCT00466440::outcomeMeasures[0]::groups[OG000]	0	2	86	False	NO_CONFLICT_DETECTED	NOT_A_PATIENT_COUNT__NO_CROSS_MEASURE_SUM_EMITTED	DISJOINTNESS_UNVERIFIABLE__NO_participantFlowModule_IN_CACHE
NCT00693992	ctg_placebo_onc_1999_2009.txt	210	ACTUAL	2	2	2	106	ctg_placebo_onc_1999_2009.txt::NCT00693992::outcomeMeasures[2]::groups[OG000]	2	2	210	False	NO_CONFLICT_DETECTED	NOT_A_PATIENT_COUNT__NO_CROSS_MEASURE_SUM_EMITTED	DISJOINTNESS_UNVERIFIABLE__NO_participantFlowModule_IN_CACHE
NCT00931606	ctg_placebo_onc_1999_2009.txt	30	ACTUAL	4	4	16	6	ctg_placebo_onc_1999_2009.txt::NCT00931606::outcomeMeasures[17]::groups[OG001]	17	4	16	False	NO_CONFLICT_DETECTED	NOT_A_PATIENT_COUNT__NO_CROSS_MEASURE_SUM_EMITTED	DISJOINTNESS_UNVERIFIABLE__NO_participantFlowModule_IN_CACHE
NCT00567190	ctg_placebo_onc_1999_2009.txt	808	ACTUAL	2	2	4	343	ctg_placebo_onc_1999_2009.txt::NCT00567190::outcomeMeasures[3]::groups[OG000]	3	2	679	False	NO_CONFLICT_DETECTED	NOT_A_PATIENT_COUNT__NO_CROSS_MEASURE_SUM_EMITTED	DISJOINTNESS_UNVERIFIABLE__NO_participantFlowModule_IN_CACHE
NCT00371566	ctg_placebo_onc_1999_2009.txt	107	ACTUAL	2	2	4	17	ctg_placebo_onc_1999_2009.txt::NCT00371566::outcomeMeasures[14]::groups[OG001]	14	2	30	False	NO_CONFLICT_DETECTED	NOT_A_PATIENT_COUNT__NO_CROSS_MEASURE_SUM_EMITTED	DISJOINTNESS_UNVERIFIABLE__NO_participantFlowModule_IN_CACHE
NCT00753688	ctg_placebo_onc_1999_2009.txt	369	ACTUAL	2	2	2	246	ctg_placebo_onc_1999_2009.txt::NCT00753688::outcomeMeasures[2]::groups[OG001]	2	2	369	False	NO_CONFLICT_DETECTED	NOT_A_PATIENT_COUNT__NO_CROSS_MEASURE_SUM_EMITTED	DISJOINTNESS_UNVERIFIABLE__NO_participantFlowModule_IN_CACHE
NCT00806286	ctg_placebo_onc_1999_2009.txt	111	ACTUAL	2	2	2	54	ctg_placebo_onc_1999_2009.txt::NCT00806286::outcomeMeasures[3]::groups[OG000]	3	2	108	False	NO_CONFLICT_DETECTED	NOT_A_PATIENT_COUNT__NO_CROSS_MEASURE_SUM_EMITTED	DISJOINTNESS_UNVERIFIABLE__NO_participantFlowModule_IN_CACHE
NCT00387348	ctg_placebo_onc_1999_2009.txt	24	ACTUAL	3	3	3	11	ctg_placebo_onc_1999_2009.txt::NCT00387348::outcomeMeasures[0]::groups[OG002]	0	3	24	False	NO_CONFLICT_DETECTED	NOT_A_PATIENT_COUNT__NO_CROSS_MEASURE_SUM_EMITTED	DISJOINTNESS_UNVERIFIABLE__NO_participantFlowModule_IN_CACHE
NCT01023308	ctg_placebo_onc_1999_2009.txt	767	ACTUAL	2	2	2	387	ctg_placebo_onc_1999_2009.txt::NCT01023308::outcomeMeasures[4]::groups[OG000]	4	2	768	False	WITHIN_MEASURE_SUM_EXCEEDS_ENROLLMENT	NOT_A_PATIENT_COUNT__NO_CROSS_MEASURE_SUM_EMITTED	DISJOINTNESS_UNVERIFIABLE__NO_participantFlowModule_IN_CACHE
NCT01000025	ctg_placebo_onc_1999_2009.txt	720	ACTUAL	2	2	2	480	ctg_placebo_onc_1999_2009.txt::NCT01000025::outcomeMeasures[4]::groups[OG000]	4	2	720	False	NO_CONFLICT_DETECTED	NOT_A_PATIENT_COUNT__NO_CROSS_MEASURE_SUM_EMITTED	DISJOINTNESS_UNVERIFIABLE__NO_participantFlowModule_IN_CACHE
NCT01015118	ctg_placebo_onc_1999_2009.txt	1366	ACTUAL	2	2	2	911	ctg_placebo_onc_1999_2009.txt::NCT01015118::outcomeMeasures[6]::groups[OG000]	6	2	1366	False	NO_CONFLICT_DETECTED	NOT_A_PATIENT_COUNT__NO_CROSS_MEASURE_SUM_EMITTED	DISJOINTNESS_UNVERIFIABLE__NO_participantFlowModule_IN_CACHE
NCT00510068	ctg_placebo_onc_1999_2009.txt	410	ACTUAL	2	2	2	207	ctg_placebo_onc_1999_2009.txt::NCT00510068::outcomeMeasures[1]::groups[OG000]	1	2	410	False	NO_CONFLICT_DETECTED	NOT_A_PATIENT_COUNT__NO_CROSS_MEASURE_SUM_EMITTED	DISJOINTNESS_UNVERIFIABLE__NO_participantFlowModule_IN_CACHE
NCT00676650	ctg_placebo_onc_1999_2009.txt	873	ACTUAL	2	2	2	584	ctg_placebo_onc_1999_2009.txt::NCT00676650::outcomeMeasures[2]::groups[OG000]	2	2	873	False	NO_CONFLICT_DETECTED	NOT_A_PATIENT_COUNT__NO_CROSS_MEASURE_SUM_EMITTED	DISJOINTNESS_UNVERIFIABLE__NO_participantFlowModule_IN_CACHE
NCT00537095	ctg_placebo_onc_1999_2009.txt	164	ACTUAL	2	2	4	73	ctg_placebo_onc_1999_2009.txt::NCT00537095::outcomeMeasures[1]::groups[OG001]	1	2	145	False	NO_CONFLICT_DETECTED	NOT_A_PATIENT_COUNT__NO_CROSS_MEASURE_SUM_EMITTED	DISJOINTNESS_UNVERIFIABLE__NO_participantFlowModule_IN_CACHE
NCT00887822	ctg_placebo_onc_1999_2009.txt	202	ACTUAL	2	2	2	86	ctg_placebo_onc_1999_2009.txt::NCT00887822::outcomeMeasures[8]::groups[OG001]	8	2	167	False	NO_CONFLICT_DETECTED	NOT_A_PATIENT_COUNT__NO_CROSS_MEASURE_SUM_EMITTED	DISJOINTNESS_UNVERIFIABLE__NO_participantFlowModule_IN_CACHE
NCT00879333	ctg_placebo_onc_1999_2009.txt	656	ACTUAL	2	2	2	439	ctg_placebo_onc_1999_2009.txt::NCT00879333::outcomeMeasures[4]::groups[OG000]	4	2	656	False	NO_CONFLICT_DETECTED	NOT_A_PATIENT_COUNT__NO_CROSS_MEASURE_SUM_EMITTED	DISJOINTNESS_UNVERIFIABLE__NO_participantFlowModule_IN_CACHE
NCT00412061	ctg_placebo_onc_1999_2009.txt	429	ACTUAL	2	2	2	216	ctg_placebo_onc_1999_2009.txt::NCT00412061::outcomeMeasures[1]::groups[OG000]	1	2	429	False	NO_CONFLICT_DETECTED	NOT_A_PATIENT_COUNT__NO_CROSS_MEASURE_SUM_EMITTED	DISJOINTNESS_UNVERIFIABLE__NO_participantFlowModule_IN_CACHE
NCT00770588	ctg_placebo_onc_1999_2009.txt	296	ACTUAL	2	2	2	148	ctg_placebo_onc_1999_2009.txt::NCT00770588::outcomeMeasures[2]::groups[OG000]	2	2	296	False	NO_CONFLICT_DETECTED	NOT_A_PATIENT_COUNT__NO_CROSS_MEASURE_SUM_EMITTED	DISJOINTNESS_UNVERIFIABLE__NO_participantFlowModule_IN_CACHE
NCT00556712	ctg_placebo_onc_1999_2009.txt	889	ACTUAL	2	2	2	445	ctg_placebo_onc_1999_2009.txt::NCT00556712::outcomeMeasures[18]::groups[OG000]	18	2	881	False	NO_CONFLICT_DETECTED	NOT_A_PATIENT_COUNT__NO_CROSS_MEASURE_SUM_EMITTED	DISJOINTNESS_UNVERIFIABLE__NO_participantFlowModule_IN_CACHE
NCT00890825	ctg_placebo_onc_1999_2009.txt	88	ACTUAL	2	2	2	43	ctg_placebo_onc_1999_2009.txt::NCT00890825::outcomeMeasures[2]::groups[OG000]	2	2	83	False	NO_CONFLICT_DETECTED	NOT_A_PATIENT_COUNT__NO_CROSS_MEASURE_SUM_EMITTED	DISJOINTNESS_UNVERIFIABLE__NO_participantFlowModule_IN_CACHE
NCT00703326	ctg_placebo_onc_1999_2009.txt	1144	ACTUAL	2	2	2	759	ctg_placebo_onc_1999_2009.txt::NCT00703326::outcomeMeasures[3]::groups[OG000]	3	2	1144	False	NO_CONFLICT_DETECTED	NOT_A_PATIENT_COUNT__NO_CROSS_MEASURE_SUM_EMITTED	DISJOINTNESS_UNVERIFIABLE__NO_participantFlowModule_IN_CACHE
NCT00753714	ctg_placebo_onc_1999_2009.txt	124	ACTUAL	2	2	2	63	ctg_placebo_onc_1999_2009.txt::NCT00753714::outcomeMeasures[2]::groups[OG001]	2	2	124	False	NO_CONFLICT_DETECTED	NOT_A_PATIENT_COUNT__NO_CROSS_MEASURE_SUM_EMITTED	DISJOINTNESS_UNVERIFIABLE__NO_participantFlowModule_IN_CACHE
NCT00415363	ctg_placebo_onc_1999_2009.txt	109	ACTUAL	2	2	2	44	ctg_placebo_onc_1999_2009.txt::NCT00415363::outcomeMeasures[4]::groups[OG001]	4	2	85	False	NO_CONFLICT_DETECTED	NOT_A_PATIENT_COUNT__NO_CROSS_MEASURE_SUM_EMITTED	DISJOINTNESS_UNVERIFIABLE__NO_participantFlowModule_IN_CACHE
NCT00915603	ctg_placebo_onc_1999_2009.txt	113	ACTUAL	2	2	2	57	ctg_placebo_onc_1999_2009.txt::NCT00915603::outcomeMeasures[2]::groups[OG001]	2	2	113	False	NO_CONFLICT_DETECTED	NOT_A_PATIENT_COUNT__NO_CROSS_MEASURE_SUM_EMITTED	DISJOINTNESS_UNVERIFIABLE__NO_participantFlowModule_IN_CACHE
NCT00391118	ctg_placebo_onc_1999_2009.txt	153	ACTUAL	2	2	2	18	ctg_placebo_onc_1999_2009.txt::NCT00391118::outcomeMeasures[2]::groups[OG001]	2	2	32	False	NO_CONFLICT_DETECTED	NOT_A_PATIENT_COUNT__NO_CROSS_MEASURE_SUM_EMITTED	DISJOINTNESS_UNVERIFIABLE__NO_participantFlowModule_IN_CACHE
NCT00900627	ctg_placebo_onc_1999_2009.txt	330	ACTUAL	2	2	2	88	ctg_placebo_onc_1999_2009.txt::NCT00900627::outcomeMeasures[2]::groups[OG000]	2	2	173	False	NO_CONFLICT_DETECTED	NOT_A_PATIENT_COUNT__NO_CROSS_MEASURE_SUM_EMITTED	DISJOINTNESS_UNVERIFIABLE__NO_participantFlowModule_IN_CACHE
NCT01682031	ctg_placebo_onc_1999_2009.txt	18	ACTUAL	2	2	2	0			0	0	False	NO_CONFLICT_DETECTED	NOT_A_PATIENT_COUNT__NO_CROSS_MEASURE_SUM_EMITTED	DISJOINTNESS_UNVERIFIABLE__NO_participantFlowModule_IN_CACHE
NCT00600015	ctg_placebo_onc_1999_2009.txt	166	ACTUAL	2	2	4	111	ctg_placebo_onc_1999_2009.txt::NCT00600015::outcomeMeasures[0]::groups[OG000]	0	2	166	False	NO_CONFLICT_DETECTED	NOT_A_PATIENT_COUNT__NO_CROSS_MEASURE_SUM_EMITTED	DISJOINTNESS_UNVERIFIABLE__NO_participantFlowModule_IN_CACHE
NCT00804908	ctg_placebo_onc_1999_2009.txt	346	ACTUAL	3	3	6	116	ctg_placebo_onc_1999_2009.txt::NCT00804908::outcomeMeasures[4]::groups[OG001]	4	3	346	False	NO_CONFLICT_DETECTED	NOT_A_PATIENT_COUNT__NO_CROSS_MEASURE_SUM_EMITTED	DISJOINTNESS_UNVERIFIABLE__NO_participantFlowModule_IN_CACHE
NCT00390455	ctg_placebo_onc_1999_2009.txt	295	ACTUAL	2	2	6	103	ctg_placebo_onc_1999_2009.txt::NCT00390455::outcomeMeasures[1]::groups[OG001]	1	2	204	False	NO_CONFLICT_DETECTED	NOT_A_PATIENT_COUNT__NO_CROSS_MEASURE_SUM_EMITTED	DISJOINTNESS_UNVERIFIABLE__NO_participantFlowModule_IN_CACHE
NCT00064350	ctg_placebo_onc_1999_2009.txt	342	ACTUAL	3	2	4	50	ctg_placebo_onc_1999_2009.txt::NCT00064350::outcomeMeasures[0]::groups[OG000]	0	2	81	False	NO_CONFLICT_DETECTED	NOT_A_PATIENT_COUNT__NO_CROSS_MEASURE_SUM_EMITTED	DISJOINTNESS_UNVERIFIABLE__NO_participantFlowModule_IN_CACHE
NCT00533429	ctg_placebo_onc_1999_2009.txt	40	ACTUAL	2	2	2	20	ctg_placebo_onc_1999_2009.txt::NCT00533429::outcomeMeasures[1]::groups[OG000]	1	2	40	False	NO_CONFLICT_DETECTED	NOT_A_PATIENT_COUNT__NO_CROSS_MEASURE_SUM_EMITTED	DISJOINTNESS_UNVERIFIABLE__NO_participantFlowModule_IN_CACHE
NCT00661830	ctg_placebo_onc_1999_2009.txt	103	ACTUAL	2	2	4	49	ctg_placebo_onc_1999_2009.txt::NCT00661830::outcomeMeasures[2]::groups[OG000]	2	2	97	False	NO_CONFLICT_DETECTED	NOT_A_PATIENT_COUNT__NO_CROSS_MEASURE_SUM_EMITTED	DISJOINTNESS_UNVERIFIABLE__NO_participantFlowModule_IN_CACHE
NCT00128102	ctg_placebo_onc_1999_2009.txt	661	ACTUAL	2	2	2	323	ctg_placebo_onc_1999_2009.txt::NCT00128102::outcomeMeasures[5]::groups[OG001]	5	2	641	False	NO_CONFLICT_DETECTED	NOT_A_PATIENT_COUNT__NO_CROSS_MEASURE_SUM_EMITTED	DISJOINTNESS_UNVERIFIABLE__NO_participantFlowModule_IN_CACHE
NCT00704730	ctg_placebo_onc_1999_2009.txt	330	ACTUAL	2	2	4	208	ctg_placebo_onc_1999_2009.txt::NCT00704730::outcomeMeasures[2]::groups[OG000]	2	2	312	False	NO_CONFLICT_DETECTED	NOT_A_PATIENT_COUNT__NO_CROSS_MEASURE_SUM_EMITTED	DISJOINTNESS_UNVERIFIABLE__NO_participantFlowModule_IN_CACHE
NCT00102804	ctg_placebo_onc_1999_2009.txt	663	ACTUAL	2	2	2	441	ctg_placebo_onc_1999_2009.txt::NCT00102804::outcomeMeasures[4]::groups[OG000]	4	2	663	False	NO_CONFLICT_DETECTED	NOT_A_PATIENT_COUNT__NO_CROSS_MEASURE_SUM_EMITTED	DISJOINTNESS_UNVERIFIABLE__NO_participantFlowModule_IN_CACHE
NCT00434252	ctg_placebo_onc_1999_2009.txt	214	ACTUAL	2	2	6	141	ctg_placebo_onc_1999_2009.txt::NCT00434252::outcomeMeasures[2]::groups[OG001]	2	2	208	False	NO_CONFLICT_DETECTED	NOT_A_PATIENT_COUNT__NO_CROSS_MEASURE_SUM_EMITTED	DISJOINTNESS_UNVERIFIABLE__NO_participantFlowModule_IN_CACHE
NCT00753545	ctg_placebo_onc_1999_2009.txt	265	ACTUAL	2	2	6	136	ctg_placebo_onc_1999_2009.txt::NCT00753545::outcomeMeasures[3]::groups[OG000]	3	2	265	False	NO_CONFLICT_DETECTED	NOT_A_PATIENT_COUNT__NO_CROSS_MEASURE_SUM_EMITTED	DISJOINTNESS_UNVERIFIABLE__NO_participantFlowModule_IN_CACHE
NCT00073307	ctg_placebo_onc_1999_2009.txt	903	ACTUAL	2	2	2	337	ctg_placebo_onc_1999_2009.txt::NCT00073307::outcomeMeasures[3]::groups[OG001]	3	2	672	False	NO_CONFLICT_DETECTED	NOT_A_PATIENT_COUNT__NO_CROSS_MEASURE_SUM_EMITTED	DISJOINTNESS_UNVERIFIABLE__NO_participantFlowModule_IN_CACHE
NCT00760929	ctg_placebo_onc_1999_2009.txt	171	ACTUAL	4	3	3	57	ctg_placebo_onc_1999_2009.txt::NCT00760929::outcomeMeasures[2]::groups[OG000]	2	3	171	False	NO_CONFLICT_DETECTED	NOT_A_PATIENT_COUNT__NO_CROSS_MEASURE_SUM_EMITTED	DISJOINTNESS_UNVERIFIABLE__NO_participantFlowModule_IN_CACHE
NCT00451555	ctg_placebo_onc_1999_2009.txt	156	ACTUAL	2	4	8	94	ctg_placebo_onc_1999_2009.txt::NCT00451555::outcomeMeasures[0]::groups[OG000]	0	4	246	False	WITHIN_MEASURE_SUM_EXCEEDS_ENROLLMENT	NOT_A_PATIENT_COUNT__NO_CROSS_MEASURE_SUM_EMITTED	DISJOINTNESS_UNVERIFIABLE__NO_participantFlowModule_IN_CACHE
NCT00096993	ctg_placebo_onc_1999_2009.txt	131	ACTUAL	2	2	4	65	ctg_placebo_onc_1999_2009.txt::NCT00096993::outcomeMeasures[1]::groups[OG000]	1	2	130	False	NO_CONFLICT_DETECTED	NOT_A_PATIENT_COUNT__NO_CROSS_MEASURE_SUM_EMITTED	DISJOINTNESS_UNVERIFIABLE__NO_participantFlowModule_IN_CACHE
NCT00090363	ctg_placebo_onc_1999_2009.txt	447	ACTUAL	3	3	3	51	ctg_placebo_onc_1999_2009.txt::NCT00090363::outcomeMeasures[3]::groups[OG000]	3	3	136	False	NO_CONFLICT_DETECTED	NOT_A_PATIENT_COUNT__NO_CROSS_MEASURE_SUM_EMITTED	DISJOINTNESS_UNVERIFIABLE__NO_participantFlowModule_IN_CACHE
NCT00502307	ctg_placebo_onc_1999_2009.txt	272	ACTUAL	2	2	2	272	ctg_placebo_onc_1999_2009.txt::NCT00502307::outcomeMeasures[1]::groups[OG000]	1	2	544	False	WITHIN_MEASURE_SUM_EXCEEDS_ENROLLMENT	NOT_A_PATIENT_COUNT__NO_CROSS_MEASURE_SUM_EMITTED	DISJOINTNESS_UNVERIFIABLE__NO_participantFlowModule_IN_CACHE
NCT00130728	ctg_placebo_onc_1999_2009.txt	636	ACTUAL	2	2	4	306	ctg_placebo_onc_1999_2009.txt::NCT00130728::outcomeMeasures[2]::groups[OG001]	2	2	607	False	NO_CONFLICT_DETECTED	NOT_A_PATIENT_COUNT__NO_CROSS_MEASURE_SUM_EMITTED	DISJOINTNESS_UNVERIFIABLE__NO_participantFlowModule_IN_CACHE
NCT00532155	ctg_placebo_onc_1999_2009.txt	913	ACTUAL	2	2	2	406	ctg_placebo_onc_1999_2009.txt::NCT00532155::outcomeMeasures[2]::groups[OG000]	2	2	810	False	NO_CONFLICT_DETECTED	NOT_A_PATIENT_COUNT__NO_CROSS_MEASURE_SUM_EMITTED	DISJOINTNESS_UNVERIFIABLE__NO_participantFlowModule_IN_CACHE
NCT00548548	ctg_placebo_onc_1999_2009.txt	774	ACTUAL	2	2	2	311	ctg_placebo_onc_1999_2009.txt::NCT00548548::outcomeMeasures[4]::groups[OG000]	4	2	608	False	NO_CONFLICT_DETECTED	NOT_A_PATIENT_COUNT__NO_CROSS_MEASURE_SUM_EMITTED	DISJOINTNESS_UNVERIFIABLE__NO_participantFlowModule_IN_CACHE
NCT00773747	ctg_placebo_onc_1999_2009.txt	637	ACTUAL	2	2	2	320	ctg_placebo_onc_1999_2009.txt::NCT00773747::outcomeMeasures[4]::groups[OG001]	4	2	635	False	NO_CONFLICT_DETECTED	NOT_A_PATIENT_COUNT__NO_CROSS_MEASURE_SUM_EMITTED	DISJOINTNESS_UNVERIFIABLE__NO_participantFlowModule_IN_CACHE
NCT00656136	ctg_placebo_onc_1999_2009.txt	585	ACTUAL	2	2	2	390	ctg_placebo_onc_1999_2009.txt::NCT00656136::outcomeMeasures[2]::groups[OG001]	2	2	585	False	NO_CONFLICT_DETECTED	NOT_A_PATIENT_COUNT__NO_CROSS_MEASURE_SUM_EMITTED	DISJOINTNESS_UNVERIFIABLE__NO_participantFlowModule_IN_CACHE
NCT00777179	ctg_placebo_onc_1999_2009.txt	117	ACTUAL	2	2	2	75	ctg_placebo_onc_1999_2009.txt::NCT00777179::outcomeMeasures[4]::groups[OG000]	4	2	117	False	NO_CONFLICT_DETECTED	NOT_A_PATIENT_COUNT__NO_CROSS_MEASURE_SUM_EMITTED	DISJOINTNESS_UNVERIFIABLE__NO_participantFlowModule_IN_CACHE
NCT00936221	ctg_placebo_onc_1999_2009.txt	385	ACTUAL	2	2	2	46	ctg_placebo_onc_1999_2009.txt::NCT00936221::outcomeMeasures[2]::groups[OG001]	2	2	91	False	NO_CONFLICT_DETECTED	NOT_A_PATIENT_COUNT__NO_CROSS_MEASURE_SUM_EMITTED	DISJOINTNESS_UNVERIFIABLE__NO_participantFlowModule_IN_CACHE
NCT00687297	ctg_placebo_onc_1999_2009.txt	162	ACTUAL	2	2	2	82	ctg_placebo_onc_1999_2009.txt::NCT00687297::outcomeMeasures[1]::groups[OG000]	1	2	162	False	NO_CONFLICT_DETECTED	NOT_A_PATIENT_COUNT__NO_CROSS_MEASURE_SUM_EMITTED	DISJOINTNESS_UNVERIFIABLE__NO_participantFlowModule_IN_CACHE
NCT00929162	ctg_placebo_onc_1999_2009.txt	120	ACTUAL	2	2	2	58	ctg_placebo_onc_1999_2009.txt::NCT00929162::outcomeMeasures[2]::groups[OG001]	2	2	113	False	NO_CONFLICT_DETECTED	NOT_A_PATIENT_COUNT__NO_CROSS_MEASURE_SUM_EMITTED	DISJOINTNESS_UNVERIFIABLE__NO_participantFlowModule_IN_CACHE
NCT00428597	ctg_placebo_onc_1999_2009.txt	171	ACTUAL	2	1	1	86	ctg_placebo_onc_1999_2009.txt::NCT00428597::outcomeMeasures[1]::groups[OG000]	1	1	86	False	NO_CONFLICT_DETECTED	NOT_A_PATIENT_COUNT__NO_CROSS_MEASURE_SUM_EMITTED	DISJOINTNESS_UNVERIFIABLE__NO_participantFlowModule_IN_CACHE
NCT00530621	ctg_placebo_onc_1999_2009.txt	160	ACTUAL	2	2	2	78	ctg_placebo_onc_1999_2009.txt::NCT00530621::outcomeMeasures[4]::groups[OG001]	4	2	155	False	NO_CONFLICT_DETECTED	NOT_A_PATIENT_COUNT__NO_CROSS_MEASURE_SUM_EMITTED	DISJOINTNESS_UNVERIFIABLE__NO_participantFlowModule_IN_CACHE
NCT00849667	ctg_placebo_onc_1999_2009.txt	1100	ACTUAL	3	3	3	370	ctg_placebo_onc_1999_2009.txt::NCT00849667::outcomeMeasures[5]::groups[OG000]	5	3	1100	False	NO_CONFLICT_DETECTED	NOT_A_PATIENT_COUNT__NO_CROSS_MEASURE_SUM_EMITTED	DISJOINTNESS_UNVERIFIABLE__NO_participantFlowModule_IN_CACHE
NCT00602030	ctg_placebo_onc_1999_2009.txt	141	ACTUAL	5	2	2	67	ctg_placebo_onc_1999_2009.txt::NCT00602030::outcomeMeasures[2]::groups[OG001]	2	2	132	False	NO_CONFLICT_DETECTED	NOT_A_PATIENT_COUNT__NO_CROSS_MEASURE_SUM_EMITTED	DISJOINTNESS_UNVERIFIABLE__NO_participantFlowModule_IN_CACHE
NCT00538681	ctg_placebo_onc_1999_2009.txt	35	ACTUAL	2	2	2	0			0	0	False	NO_CONFLICT_DETECTED	NOT_A_PATIENT_COUNT__NO_CROSS_MEASURE_SUM_EMITTED	DISJOINTNESS_UNVERIFIABLE__NO_participantFlowModule_IN_CACHE
NCT00334282	ctg_placebo_onc_1999_2009.txt	435	ACTUAL	2	2	2	290	ctg_placebo_onc_1999_2009.txt::NCT00334282::outcomeMeasures[2]::groups[OG000]	2	2	435	False	NO_CONFLICT_DETECTED	NOT_A_PATIENT_COUNT__NO_CROSS_MEASURE_SUM_EMITTED	DISJOINTNESS_UNVERIFIABLE__NO_participantFlowModule_IN_CACHE
NCT00229723	ctg_placebo_onc_1999_2009.txt	224	ACTUAL	7	7	14	60	ctg_placebo_onc_1999_2009.txt::NCT00229723::outcomeMeasures[0]::groups[OG000]	0	7	226	False	WITHIN_MEASURE_SUM_EXCEEDS_ENROLLMENT	NOT_A_PATIENT_COUNT__NO_CROSS_MEASURE_SUM_EMITTED	DISJOINTNESS_UNVERIFIABLE__NO_participantFlowModule_IN_CACHE
NCT00561470	ctg_placebo_onc_1999_2009.txt	1226	ACTUAL	2	2	2	531	ctg_placebo_onc_1999_2009.txt::NCT00561470::outcomeMeasures[2]::groups[OG001]	2	2	1061	False	NO_CONFLICT_DETECTED	NOT_A_PATIENT_COUNT__NO_CROSS_MEASURE_SUM_EMITTED	DISJOINTNESS_UNVERIFIABLE__NO_participantFlowModule_IN_CACHE
NCT00674973	ctg_placebo_onc_1999_2009.txt	207	ACTUAL	2	2	4	104	ctg_placebo_onc_1999_2009.txt::NCT00674973::outcomeMeasures[1]::groups[OG001]	1	2	207	False	NO_CONFLICT_DETECTED	NOT_A_PATIENT_COUNT__NO_CROSS_MEASURE_SUM_EMITTED	DISJOINTNESS_UNVERIFIABLE__NO_participantFlowModule_IN_CACHE
NCT00911170	ctg_placebo_onc_1999_2009.txt	847	ACTUAL	2	2	2	420	ctg_placebo_onc_1999_2009.txt::NCT00911170::outcomeMeasures[4]::groups[OG000]	4	2	840	False	NO_CONFLICT_DETECTED	NOT_A_PATIENT_COUNT__NO_CROSS_MEASURE_SUM_EMITTED	DISJOINTNESS_UNVERIFIABLE__NO_participantFlowModule_IN_CACHE
NCT00075218	ctg_placebo_onc_1999_2009.txt	361	ACTUAL	2	2	2	243	ctg_placebo_onc_1999_2009.txt::NCT00075218::outcomeMeasures[6]::groups[OG000]	6	2	361	False	NO_CONFLICT_DETECTED	NOT_A_PATIENT_COUNT__NO_CROSS_MEASURE_SUM_EMITTED	DISJOINTNESS_UNVERIFIABLE__NO_participantFlowModule_IN_CACHE
NCT00854308	ctg_placebo_onc_1999_2009.txt	137	ACTUAL	2	2	6	69	ctg_placebo_onc_1999_2009.txt::NCT00854308::outcomeMeasures[1]::groups[OG000]	1	2	137	False	NO_CONFLICT_DETECTED	NOT_A_PATIENT_COUNT__NO_CROSS_MEASURE_SUM_EMITTED	DISJOINTNESS_UNVERIFIABLE__NO_participantFlowModule_IN_CACHE
NCT00789373	ctg_placebo_onc_1999_2009.txt	939	ACTUAL	2	3	4	359	ctg_placebo_onc_1999_2009.txt::NCT00789373::outcomeMeasures[8]::groups[OG000]	8	2	539	False	NO_CONFLICT_DETECTED	NOT_A_PATIENT_COUNT__NO_CROSS_MEASURE_SUM_EMITTED	DISJOINTNESS_UNVERIFIABLE__NO_participantFlowModule_IN_CACHE
NCT00984282	ctg_placebo_onc_1999_2009.txt	417	ACTUAL	2	2	4	201	ctg_placebo_onc_1999_2009.txt::NCT00984282::outcomeMeasures[3]::groups[OG001]	3	2	397	False	NO_CONFLICT_DETECTED	NOT_A_PATIENT_COUNT__NO_CROSS_MEASURE_SUM_EMITTED	DISJOINTNESS_UNVERIFIABLE__NO_participantFlowModule_IN_CACHE
NCT00630552	ctg_placebo_onc_1999_2009.txt	138	ACTUAL	5	5	5	40	ctg_placebo_onc_1999_2009.txt::NCT00630552::outcomeMeasures[2]::groups[OG004]	2	5	130	False	NO_CONFLICT_DETECTED	NOT_A_PATIENT_COUNT__NO_CROSS_MEASURE_SUM_EMITTED	DISJOINTNESS_UNVERIFIABLE__NO_participantFlowModule_IN_CACHE
NCT00917384	ctg_placebo_onc_1999_2009.txt	355	ACTUAL	2	2	2	238	ctg_placebo_onc_1999_2009.txt::NCT00917384::outcomeMeasures[3]::groups[OG000]	3	2	355	False	NO_CONFLICT_DETECTED	NOT_A_PATIENT_COUNT__NO_CROSS_MEASURE_SUM_EMITTED	DISJOINTNESS_UNVERIFIABLE__NO_participantFlowModule_IN_CACHE
NCT01047475	ctg_placebo_onc_1999_2009.txt	72	ACTUAL	2	2	2	38	ctg_placebo_onc_1999_2009.txt::NCT01047475::outcomeMeasures[0]::groups[OG001]	0	2	72	False	NO_CONFLICT_DETECTED	NOT_A_PATIENT_COUNT__NO_CROSS_MEASURE_SUM_EMITTED	DISJOINTNESS_UNVERIFIABLE__NO_participantFlowModule_IN_CACHE
NCT01007942	ctg_placebo_onc_1999_2009.txt	569	ACTUAL	2	2	4	285	ctg_placebo_onc_1999_2009.txt::NCT01007942::outcomeMeasures[2]::groups[OG001]	2	2	569	False	NO_CONFLICT_DETECTED	NOT_A_PATIENT_COUNT__NO_CROSS_MEASURE_SUM_EMITTED	DISJOINTNESS_UNVERIFIABLE__NO_participantFlowModule_IN_CACHE
NCT00403403	ctg_placebo_onc_1999_2009.txt	102	ACTUAL	2	2	6	52	ctg_placebo_onc_1999_2009.txt::NCT00403403::outcomeMeasures[2]::groups[OG001]	2	2	102	False	NO_CONFLICT_DETECTED	NOT_A_PATIENT_COUNT__NO_CROSS_MEASURE_SUM_EMITTED	DISJOINTNESS_UNVERIFIABLE__NO_participantFlowModule_IN_CACHE
NCT02799069	ctg_placebo_onc_1999_2009.txt	571	ACTUAL	3	3	21	248	ctg_placebo_onc_1999_2009.txt::NCT02799069::outcomeMeasures[14]::groups[OG001]	14	3	570	False	NO_CONFLICT_DETECTED	NOT_A_PATIENT_COUNT__NO_CROSS_MEASURE_SUM_EMITTED	DISJOINTNESS_UNVERIFIABLE__NO_participantFlowModule_IN_CACHE
NCT00457691	ctg_placebo_onc_1999_2009.txt	768	ACTUAL	2	2	2	386	ctg_placebo_onc_1999_2009.txt::NCT00457691::outcomeMeasures[2]::groups[OG000]	2	2	768	False	NO_CONFLICT_DETECTED	NOT_A_PATIENT_COUNT__NO_CROSS_MEASURE_SUM_EMITTED	DISJOINTNESS_UNVERIFIABLE__NO_participantFlowModule_IN_CACHE
NCT00494221	ctg_placebo_onc_1999_2009.txt	172	ACTUAL	3	3	3	58	ctg_placebo_onc_1999_2009.txt::NCT00494221::outcomeMeasures[1]::groups[OG000]	1	3	172	False	NO_CONFLICT_DETECTED	NOT_A_PATIENT_COUNT__NO_CROSS_MEASURE_SUM_EMITTED	DISJOINTNESS_UNVERIFIABLE__NO_participantFlowModule_IN_CACHE
NCT00169104	ctg_placebo_onc_1999_2009.txt	23	ACTUAL	2	2	2	11	ctg_placebo_onc_1999_2009.txt::NCT00169104::outcomeMeasures[2]::groups[OG000]	2	2	19	False	NO_CONFLICT_DETECTED	NOT_A_PATIENT_COUNT__NO_CROSS_MEASURE_SUM_EMITTED	DISJOINTNESS_UNVERIFIABLE__NO_participantFlowModule_IN_CACHE
NCT00986440	ctg_placebo_onc_1999_2009.txt	84	ACTUAL	2	2	2	42	ctg_placebo_onc_1999_2009.txt::NCT00986440::outcomeMeasures[3]::groups[OG001]	3	2	81	False	NO_CONFLICT_DETECTED	NOT_A_PATIENT_COUNT__NO_CROSS_MEASURE_SUM_EMITTED	DISJOINTNESS_UNVERIFIABLE__NO_participantFlowModule_IN_CACHE
NCT00404924	ctg_placebo_onc_1999_2009.txt	1140	ACTUAL	2	2	4	617	ctg_placebo_onc_1999_2009.txt::NCT00404924::outcomeMeasures[1]::groups[OG000]	1	2	924	False	NO_CONFLICT_DETECTED	NOT_A_PATIENT_COUNT__NO_CROSS_MEASURE_SUM_EMITTED	DISJOINTNESS_UNVERIFIABLE__NO_participantFlowModule_IN_CACHE
NCT00676663	ctg_placebo_onc_1999_2009.txt	130	ACTUAL	2	2	4	66	ctg_placebo_onc_1999_2009.txt::NCT00676663::outcomeMeasures[1]::groups[OG000]	1	2	130	False	NO_CONFLICT_DETECTED	NOT_A_PATIENT_COUNT__NO_CROSS_MEASURE_SUM_EMITTED	DISJOINTNESS_UNVERIFIABLE__NO_participantFlowModule_IN_CACHE
NCT00708942	ctg_placebo_onc_1999_2009.txt	83	ACTUAL	5	5	5	35	ctg_placebo_onc_1999_2009.txt::NCT00708942::outcomeMeasures[0]::groups[OG000]	0	5	64	False	NO_CONFLICT_DETECTED	NOT_A_PATIENT_COUNT__NO_CROSS_MEASURE_SUM_EMITTED	DISJOINTNESS_UNVERIFIABLE__NO_participantFlowModule_IN_CACHE
NCT00574275	ctg_placebo_onc_1999_2009.txt	546	ACTUAL	2	2	2	0			0	0	False	NO_CONFLICT_DETECTED	NOT_A_PATIENT_COUNT__NO_CROSS_MEASURE_SUM_EMITTED	DISJOINTNESS_UNVERIFIABLE__NO_participantFlowModule_IN_CACHE
NCT00883779	ctg_placebo_onc_1999_2009.txt	451	ACTUAL	2	2	4	226	ctg_placebo_onc_1999_2009.txt::NCT00883779::outcomeMeasures[5]::groups[OG001]	5	2	451	False	NO_CONFLICT_DETECTED	NOT_A_PATIENT_COUNT__NO_CROSS_MEASURE_SUM_EMITTED	DISJOINTNESS_UNVERIFIABLE__NO_participantFlowModule_IN_CACHE
NCT00424645	ctg_placebo_onc_1999_2009.txt	3	ACTUAL	2	2	2	0			0	0	False	NO_CONFLICT_DETECTED	NOT_A_PATIENT_COUNT__NO_CROSS_MEASURE_SUM_EMITTED	DISJOINTNESS_UNVERIFIABLE__NO_participantFlowModule_IN_CACHE
NCT01908426	ctg_placebo_onc_2010_2013.txt	707	ACTUAL	2	2	2	470	ctg_placebo_onc_2010_2013.txt::NCT01908426::outcomeMeasures[2]::groups[OG000]	2	2	707	False	NO_CONFLICT_DETECTED	NOT_A_PATIENT_COUNT__NO_CROSS_MEASURE_SUM_EMITTED	DISJOINTNESS_UNVERIFIABLE__NO_participantFlowModule_IN_CACHE
NCT01258608	ctg_placebo_onc_2010_2013.txt	101	ACTUAL	2	2	4	51	ctg_placebo_onc_2010_2013.txt::NCT01258608::outcomeMeasures[6]::groups[OG000]	6	2	99	False	NO_CONFLICT_DETECTED	NOT_A_PATIENT_COUNT__NO_CROSS_MEASURE_SUM_EMITTED	DISJOINTNESS_UNVERIFIABLE__NO_participantFlowModule_IN_CACHE
NCT01519414	ctg_placebo_onc_2010_2013.txt	78	ACTUAL	2	3	6	52	ctg_placebo_onc_2010_2013.txt::NCT01519414::outcomeMeasures[3]::groups[OG000]	3	3	90	False	WITHIN_MEASURE_SUM_EXCEEDS_ENROLLMENT	NOT_A_PATIENT_COUNT__NO_CROSS_MEASURE_SUM_EMITTED	DISJOINTNESS_UNVERIFIABLE__NO_participantFlowModule_IN_CACHE
NCT01321554	ctg_placebo_onc_2010_2013.txt	392	ACTUAL	4	2	2	261	ctg_placebo_onc_2010_2013.txt::NCT01321554::outcomeMeasures[1]::groups[OG000]	1	2	392	False	NO_CONFLICT_DETECTED	NOT_A_PATIENT_COUNT__NO_CROSS_MEASURE_SUM_EMITTED	DISJOINTNESS_UNVERIFIABLE__NO_participantFlowModule_IN_CACHE
NCT01357161	ctg_placebo_onc_2010_2013.txt	136	ACTUAL	3	3	6	62	ctg_placebo_onc_2010_2013.txt::NCT01357161::outcomeMeasures[6]::groups[OG002]	6	2	121	False	NO_CONFLICT_DETECTED	NOT_A_PATIENT_COUNT__NO_CROSS_MEASURE_SUM_EMITTED	DISJOINTNESS_UNVERIFIABLE__NO_participantFlowModule_IN_CACHE
NCT01170663	ctg_placebo_onc_2010_2013.txt	665	ACTUAL	2	2	4	335	ctg_placebo_onc_2010_2013.txt::NCT01170663::outcomeMeasures[3]::groups[OG001]	3	2	665	False	NO_CONFLICT_DETECTED	NOT_A_PATIENT_COUNT__NO_CROSS_MEASURE_SUM_EMITTED	DISJOINTNESS_UNVERIFIABLE__NO_participantFlowModule_IN_CACHE
NCT01911273	ctg_placebo_onc_2010_2013.txt	3	ACTUAL	2	2	4	2	ctg_placebo_onc_2010_2013.txt::NCT01911273::outcomeMeasures[3]::groups[OG001]	3	2	3	False	NO_CONFLICT_DETECTED	NOT_A_PATIENT_COUNT__NO_CROSS_MEASURE_SUM_EMITTED	DISJOINTNESS_UNVERIFIABLE__NO_participantFlowModule_IN_CACHE
NCT01234337	ctg_placebo_onc_2010_2013.txt	537	ACTUAL	2	2	4	271	ctg_placebo_onc_2010_2013.txt::NCT01234337::outcomeMeasures[3]::groups[OG001]	3	2	537	False	NO_CONFLICT_DETECTED	NOT_A_PATIENT_COUNT__NO_CROSS_MEASURE_SUM_EMITTED	DISJOINTNESS_UNVERIFIABLE__NO_participantFlowModule_IN_CACHE
NCT01896531	ctg_placebo_onc_2010_2013.txt	153	ACTUAL	2	2	2	82	ctg_placebo_onc_2010_2013.txt::NCT01896531::outcomeMeasures[2]::groups[OG001]	2	2	153	False	NO_CONFLICT_DETECTED	NOT_A_PATIENT_COUNT__NO_CROSS_MEASURE_SUM_EMITTED	DISJOINTNESS_UNVERIFIABLE__NO_participantFlowModule_IN_CACHE
NCT01017601	ctg_placebo_onc_2010_2013.txt	59	ACTUAL	2	2	2	26	ctg_placebo_onc_2010_2013.txt::NCT01017601::outcomeMeasures[2]::groups[OG000]	2	2	50	False	NO_CONFLICT_DETECTED	NOT_A_PATIENT_COUNT__NO_CROSS_MEASURE_SUM_EMITTED	DISJOINTNESS_UNVERIFIABLE__NO_participantFlowModule_IN_CACHE
NCT01379521	ctg_placebo_onc_2010_2013.txt	65	ACTUAL	2	2	4	0			0	0	False	NO_CONFLICT_DETECTED	NOT_A_PATIENT_COUNT__NO_CROSS_MEASURE_SUM_EMITTED	DISJOINTNESS_UNVERIFIABLE__NO_participantFlowModule_IN_CACHE
NCT01852292	ctg_placebo_onc_2010_2013.txt	157	ACTUAL	2	2	4	79	ctg_placebo_onc_2010_2013.txt::NCT01852292::outcomeMeasures[2]::groups[OG000]	2	2	158	False	WITHIN_MEASURE_SUM_EXCEEDS_ENROLLMENT	NOT_A_PATIENT_COUNT__NO_CROSS_MEASURE_SUM_EMITTED	DISJOINTNESS_UNVERIFIABLE__NO_participantFlowModule_IN_CACHE
NCT01506609	ctg_placebo_onc_2010_2013.txt	294	ACTUAL	3	3	6	98	ctg_placebo_onc_2010_2013.txt::NCT01506609::outcomeMeasures[2]::groups[OG000]	2	3	284	False	NO_CONFLICT_DETECTED	NOT_A_PATIENT_COUNT__NO_CROSS_MEASURE_SUM_EMITTED	DISJOINTNESS_UNVERIFIABLE__NO_participantFlowModule_IN_CACHE
NCT01744249	ctg_placebo_onc_2010_2013.txt	256	ACTUAL	2	2	4	130	ctg_placebo_onc_2010_2013.txt::NCT01744249::outcomeMeasures[1]::groups[OG001]	1	2	256	False	NO_CONFLICT_DETECTED	NOT_A_PATIENT_COUNT__NO_CROSS_MEASURE_SUM_EMITTED	DISJOINTNESS_UNVERIFIABLE__NO_participantFlowModule_IN_CACHE
NCT01684878	ctg_placebo_onc_2010_2013.txt	208	ACTUAL	4	4	4	69	ctg_placebo_onc_2010_2013.txt::NCT01684878::outcomeMeasures[3]::groups[OG001]	3	2	130	False	NO_CONFLICT_DETECTED	NOT_A_PATIENT_COUNT__NO_CROSS_MEASURE_SUM_EMITTED	DISJOINTNESS_UNVERIFIABLE__NO_participantFlowModule_IN_CACHE
NCT01732913	ctg_placebo_onc_2010_2013.txt	295	ACTUAL	2	2	6	0			0	0	False	NO_CONFLICT_DETECTED	NOT_A_PATIENT_COUNT__NO_CROSS_MEASURE_SUM_EMITTED	DISJOINTNESS_UNVERIFIABLE__NO_participantFlowModule_IN_CACHE
NCT01256424	ctg_placebo_onc_2010_2013.txt	262	ACTUAL	4	4	12	29	ctg_placebo_onc_2010_2013.txt::NCT01256424::outcomeMeasures[0]::groups[OG001]	0	4	88	False	NO_CONFLICT_DETECTED	NOT_A_PATIENT_COUNT__NO_CROSS_MEASURE_SUM_EMITTED	DISJOINTNESS_UNVERIFIABLE__NO_participantFlowModule_IN_CACHE
NCT01505530	ctg_placebo_onc_2010_2013.txt	125	ACTUAL	3	3	3	43	ctg_placebo_onc_2010_2013.txt::NCT01505530::outcomeMeasures[2]::groups[OG001]	2	3	125	False	NO_CONFLICT_DETECTED	NOT_A_PATIENT_COUNT__NO_CROSS_MEASURE_SUM_EMITTED	DISJOINTNESS_UNVERIFIABLE__NO_participantFlowModule_IN_CACHE
NCT01843374	ctg_placebo_onc_2010_2013.txt	571	ACTUAL	2	2	6	382	ctg_placebo_onc_2010_2013.txt::NCT01843374::outcomeMeasures[3]::groups[OG000]	3	2	571	False	NO_CONFLICT_DETECTED	NOT_A_PATIENT_COUNT__NO_CROSS_MEASURE_SUM_EMITTED	DISJOINTNESS_UNVERIFIABLE__NO_participantFlowModule_IN_CACHE
NCT01024036	ctg_placebo_onc_2010_2013.txt	79	ACTUAL	2	2	6	53	ctg_placebo_onc_2010_2013.txt::NCT01024036::outcomeMeasures[2]::groups[OG001]	2	2	79	False	NO_CONFLICT_DETECTED	NOT_A_PATIENT_COUNT__NO_CROSS_MEASURE_SUM_EMITTED	DISJOINTNESS_UNVERIFIABLE__NO_participantFlowModule_IN_CACHE
NCT01210495	ctg_placebo_onc_2010_2013.txt	224	ACTUAL	2	2	2	134	ctg_placebo_onc_2010_2013.txt::NCT01210495::outcomeMeasures[2]::groups[OG000]	2	2	202	False	NO_CONFLICT_DETECTED	NOT_A_PATIENT_COUNT__NO_CROSS_MEASURE_SUM_EMITTED	DISJOINTNESS_UNVERIFIABLE__NO_participantFlowModule_IN_CACHE
NCT01958021	ctg_placebo_onc_2010_2013.txt	668	ACTUAL	2	2	4	334	ctg_placebo_onc_2010_2013.txt::NCT01958021::outcomeMeasures[2]::groups[OG000]	2	2	668	False	NO_CONFLICT_DETECTED	NOT_A_PATIENT_COUNT__NO_CROSS_MEASURE_SUM_EMITTED	DISJOINTNESS_UNVERIFIABLE__NO_participantFlowModule_IN_CACHE
NCT01663857	ctg_placebo_onc_2010_2013.txt	118	ACTUAL	4	2	2	58	ctg_placebo_onc_2010_2013.txt::NCT01663857::outcomeMeasures[2]::groups[OG000]	2	2	110	False	NO_CONFLICT_DETECTED	NOT_A_PATIENT_COUNT__NO_CROSS_MEASURE_SUM_EMITTED	DISJOINTNESS_UNVERIFIABLE__NO_participantFlowModule_IN_CACHE
NCT01218516	ctg_placebo_onc_2010_2013.txt	130	ACTUAL	2	2	2	67	ctg_placebo_onc_2010_2013.txt::NCT01218516::outcomeMeasures[1]::groups[OG000]	1	2	130	False	NO_CONFLICT_DETECTED	NOT_A_PATIENT_COUNT__NO_CROSS_MEASURE_SUM_EMITTED	DISJOINTNESS_UNVERIFIABLE__NO_participantFlowModule_IN_CACHE
NCT01797120	ctg_placebo_onc_2010_2013.txt	131	ACTUAL	2	2	4	66	ctg_placebo_onc_2010_2013.txt::NCT01797120::outcomeMeasures[1]::groups[OG000]	1	2	131	False	NO_CONFLICT_DETECTED	NOT_A_PATIENT_COUNT__NO_CROSS_MEASURE_SUM_EMITTED	DISJOINTNESS_UNVERIFIABLE__NO_participantFlowModule_IN_CACHE
NCT01611090	ctg_placebo_onc_2010_2013.txt	578	ACTUAL	2	2	2	289	ctg_placebo_onc_2010_2013.txt::NCT01611090::outcomeMeasures[1]::groups[OG000]	1	2	578	False	NO_CONFLICT_DETECTED	NOT_A_PATIENT_COUNT__NO_CROSS_MEASURE_SUM_EMITTED	DISJOINTNESS_UNVERIFIABLE__NO_participantFlowModule_IN_CACHE
NCT01830621	ctg_placebo_onc_2010_2013.txt	282	ACTUAL	2	2	2	144	ctg_placebo_onc_2010_2013.txt::NCT01830621::outcomeMeasures[2]::groups[OG001]	2	2	282	False	NO_CONFLICT_DETECTED	NOT_A_PATIENT_COUNT__NO_CROSS_MEASURE_SUM_EMITTED	DISJOINTNESS_UNVERIFIABLE__NO_participantFlowModule_IN_CACHE
NCT01816594	ctg_placebo_onc_2010_2013.txt	50	ACTUAL	2	6	12	25	ctg_placebo_onc_2010_2013.txt::NCT01816594::outcomeMeasures[3]::groups[OG000]	3	2	50	False	NO_CONFLICT_DETECTED	NOT_A_PATIENT_COUNT__NO_CROSS_MEASURE_SUM_EMITTED	DISJOINTNESS_UNVERIFIABLE__NO_participantFlowModule_IN_CACHE
NCT01485861	ctg_placebo_onc_2010_2013.txt	298	ACTUAL	6	3	6	39	ctg_placebo_onc_2010_2013.txt::NCT01485861::outcomeMeasures[30]::groups[OG001]	30	3	111	False	NO_CONFLICT_DETECTED	NOT_A_PATIENT_COUNT__NO_CROSS_MEASURE_SUM_EMITTED	DISJOINTNESS_UNVERIFIABLE__NO_participantFlowModule_IN_CACHE
NCT01196741	ctg_placebo_onc_2010_2013.txt	107	ACTUAL	2	2	2	69	ctg_placebo_onc_2010_2013.txt::NCT01196741::outcomeMeasures[2]::groups[OG000]	2	2	104	False	NO_CONFLICT_DETECTED	NOT_A_PATIENT_COUNT__NO_CROSS_MEASURE_SUM_EMITTED	DISJOINTNESS_UNVERIFIABLE__NO_participantFlowModule_IN_CACHE
NCT01625286	ctg_placebo_onc_2010_2013.txt	148	ACTUAL	4	7	28	56	ctg_placebo_onc_2010_2013.txt::NCT01625286::outcomeMeasures[3]::groups[OG006]	3	7	148	False	NO_CONFLICT_DETECTED	NOT_A_PATIENT_COUNT__NO_CROSS_MEASURE_SUM_EMITTED	DISJOINTNESS_UNVERIFIABLE__NO_participantFlowModule_IN_CACHE
NCT01569295	ctg_placebo_onc_2010_2013.txt	416	ACTUAL	2	2	6	209	ctg_placebo_onc_2010_2013.txt::NCT01569295::outcomeMeasures[1]::groups[OG001]	1	2	416	False	NO_CONFLICT_DETECTED	NOT_A_PATIENT_COUNT__NO_CROSS_MEASURE_SUM_EMITTED	DISJOINTNESS_UNVERIFIABLE__NO_participantFlowModule_IN_CACHE
NCT01610284	ctg_placebo_onc_2010_2013.txt	1147	ACTUAL	2	2	4	576	ctg_placebo_onc_2010_2013.txt::NCT01610284::outcomeMeasures[2]::groups[OG000]	2	2	1147	False	NO_CONFLICT_DETECTED	NOT_A_PATIENT_COUNT__NO_CROSS_MEASURE_SUM_EMITTED	DISJOINTNESS_UNVERIFIABLE__NO_participantFlowModule_IN_CACHE
NCT01423604	ctg_placebo_onc_2010_2013.txt	136	ACTUAL	2	2	4	64	ctg_placebo_onc_2010_2013.txt::NCT01423604::outcomeMeasures[2]::groups[OG000]	2	2	127	False	NO_CONFLICT_DETECTED	NOT_A_PATIENT_COUNT__NO_CROSS_MEASURE_SUM_EMITTED	DISJOINTNESS_UNVERIFIABLE__NO_participantFlowModule_IN_CACHE
NCT01075048	ctg_placebo_onc_2010_2013.txt	131	ACTUAL	3	2	2	60	ctg_placebo_onc_2010_2013.txt::NCT01075048::outcomeMeasures[2]::groups[OG001]	2	2	117	False	NO_CONFLICT_DETECTED	NOT_A_PATIENT_COUNT__NO_CROSS_MEASURE_SUM_EMITTED	DISJOINTNESS_UNVERIFIABLE__NO_participantFlowModule_IN_CACHE
NCT01529112	ctg_placebo_onc_2010_2013.txt	135	ACTUAL	2	2	4	89	ctg_placebo_onc_2010_2013.txt::NCT01529112::outcomeMeasures[4]::groups[OG000]	4	2	135	False	NO_CONFLICT_DETECTED	NOT_A_PATIENT_COUNT__NO_CROSS_MEASURE_SUM_EMITTED	DISJOINTNESS_UNVERIFIABLE__NO_participantFlowModule_IN_CACHE
NCT01955837	ctg_placebo_onc_2010_2013.txt	406	ACTUAL	2	2	4	261	ctg_placebo_onc_2010_2013.txt::NCT01955837::outcomeMeasures[3]::groups[OG000]	3	2	391	False	NO_CONFLICT_DETECTED	NOT_A_PATIENT_COUNT__NO_CROSS_MEASURE_SUM_EMITTED	DISJOINTNESS_UNVERIFIABLE__NO_participantFlowModule_IN_CACHE
NCT01966120	ctg_placebo_onc_2010_2013.txt	87	ACTUAL	2	2	2	54	ctg_placebo_onc_2010_2013.txt::NCT01966120::outcomeMeasures[2]::groups[OG000]	2	2	81	False	NO_CONFLICT_DETECTED	NOT_A_PATIENT_COUNT__NO_CROSS_MEASURE_SUM_EMITTED	DISJOINTNESS_UNVERIFIABLE__NO_participantFlowModule_IN_CACHE
NCT01722292	ctg_placebo_onc_2010_2013.txt	26	ACTUAL	3	5	5	14	ctg_placebo_onc_2010_2013.txt::NCT01722292::outcomeMeasures[6]::groups[OG002]	6	3	26	False	NO_CONFLICT_DETECTED	NOT_A_PATIENT_COUNT__NO_CROSS_MEASURE_SUM_EMITTED	DISJOINTNESS_UNVERIFIABLE__NO_participantFlowModule_IN_CACHE
NCT01193244	ctg_placebo_onc_2010_2013.txt	1560	ACTUAL	2	2	2	243	ctg_placebo_onc_2010_2013.txt::NCT01193244::outcomeMeasures[21]::groups[OG000]	21	2	479	False	NO_CONFLICT_DETECTED	NOT_A_PATIENT_COUNT__NO_CROSS_MEASURE_SUM_EMITTED	DISJOINTNESS_UNVERIFIABLE__NO_participantFlowModule_IN_CACHE
NCT01151852	ctg_placebo_onc_2010_2013.txt	81	ACTUAL	2	2	4	41	ctg_placebo_onc_2010_2013.txt::NCT01151852::outcomeMeasures[1]::groups[OG000]	1	2	81	False	NO_CONFLICT_DETECTED	NOT_A_PATIENT_COUNT__NO_CROSS_MEASURE_SUM_EMITTED	DISJOINTNESS_UNVERIFIABLE__NO_participantFlowModule_IN_CACHE
NCT01539512	ctg_placebo_onc_2010_2013.txt	220	ACTUAL	2	2	6	110	ctg_placebo_onc_2010_2013.txt::NCT01539512::outcomeMeasures[1]::groups[OG000]	1	2	220	False	NO_CONFLICT_DETECTED	NOT_A_PATIENT_COUNT__NO_CROSS_MEASURE_SUM_EMITTED	DISJOINTNESS_UNVERIFIABLE__NO_participantFlowModule_IN_CACHE
NCT01193257	ctg_placebo_onc_2010_2013.txt	1099	ACTUAL	2	2	2	280	ctg_placebo_onc_2010_2013.txt::NCT01193257::outcomeMeasures[17]::groups[OG001]	17	2	426	False	NO_CONFLICT_DETECTED	NOT_A_PATIENT_COUNT__NO_CROSS_MEASURE_SUM_EMITTED	DISJOINTNESS_UNVERIFIABLE__NO_participantFlowModule_IN_CACHE
NCT01657799	ctg_placebo_onc_2010_2013.txt	307	ACTUAL	3	3	3	103	ctg_placebo_onc_2010_2013.txt::NCT01657799::outcomeMeasures[1]::groups[OG001]	1	3	307	False	NO_CONFLICT_DETECTED	NOT_A_PATIENT_COUNT__NO_CROSS_MEASURE_SUM_EMITTED	DISJOINTNESS_UNVERIFIABLE__NO_participantFlowModule_IN_CACHE
NCT01027598	ctg_placebo_onc_2010_2013.txt	202	ACTUAL	2	2	2	99	ctg_placebo_onc_2010_2013.txt::NCT01027598::outcomeMeasures[2]::groups[OG000]	2	2	155	False	NO_CONFLICT_DETECTED	NOT_A_PATIENT_COUNT__NO_CROSS_MEASURE_SUM_EMITTED	DISJOINTNESS_UNVERIFIABLE__NO_participantFlowModule_IN_CACHE
NCT01271712	ctg_placebo_onc_2010_2013.txt	199	ACTUAL	2	2	4	133	ctg_placebo_onc_2010_2013.txt::NCT01271712::outcomeMeasures[4]::groups[OG000]	4	2	199	False	NO_CONFLICT_DETECTED	NOT_A_PATIENT_COUNT__NO_CROSS_MEASURE_SUM_EMITTED	DISJOINTNESS_UNVERIFIABLE__NO_participantFlowModule_IN_CACHE
NCT01098266	ctg_placebo_onc_2010_2013.txt	400	ACTUAL	2	2	2	200	ctg_placebo_onc_2010_2013.txt::NCT01098266::outcomeMeasures[2]::groups[OG000]	2	2	400	False	NO_CONFLICT_DETECTED	NOT_A_PATIENT_COUNT__NO_CROSS_MEASURE_SUM_EMITTED	DISJOINTNESS_UNVERIFIABLE__NO_participantFlowModule_IN_CACHE
NCT01328951	ctg_placebo_onc_2010_2013.txt	643	ACTUAL	2	2	2	322	ctg_placebo_onc_2010_2013.txt::NCT01328951::outcomeMeasures[7]::groups[OG001]	7	2	643	False	NO_CONFLICT_DETECTED	NOT_A_PATIENT_COUNT__NO_CROSS_MEASURE_SUM_EMITTED	DISJOINTNESS_UNVERIFIABLE__NO_participantFlowModule_IN_CACHE
NCT01543581	ctg_placebo_onc_2010_2013.txt	3	ACTUAL	2	1	1	1	ctg_placebo_onc_2010_2013.txt::NCT01543581::outcomeMeasures[1]::groups[OG000]	1	1	1	False	NO_CONFLICT_DETECTED	NOT_A_PATIENT_COUNT__NO_CROSS_MEASURE_SUM_EMITTED	DISJOINTNESS_UNVERIFIABLE__NO_participantFlowModule_IN_CACHE
NCT01767467	ctg_placebo_onc_2010_2013.txt	568	ACTUAL	2	2	8	217	ctg_placebo_onc_2010_2013.txt::NCT01767467::outcomeMeasures[13]::groups[OG000]	13	2	415	False	NO_CONFLICT_DETECTED	NOT_A_PATIENT_COUNT__NO_CROSS_MEASURE_SUM_EMITTED	DISJOINTNESS_UNVERIFIABLE__NO_participantFlowModule_IN_CACHE
NCT01528345	ctg_placebo_onc_2010_2013.txt	97	ACTUAL	2	2	2	50	ctg_placebo_onc_2010_2013.txt::NCT01528345::outcomeMeasures[1]::groups[OG001]	1	2	97	False	NO_CONFLICT_DETECTED	NOT_A_PATIENT_COUNT__NO_CROSS_MEASURE_SUM_EMITTED	DISJOINTNESS_UNVERIFIABLE__NO_participantFlowModule_IN_CACHE
NCT01140347	ctg_placebo_onc_2010_2013.txt	565	ACTUAL	2	2	2	283	ctg_placebo_onc_2010_2013.txt::NCT01140347::outcomeMeasures[2]::groups[OG000]	2	2	565	False	NO_CONFLICT_DETECTED	NOT_A_PATIENT_COUNT__NO_CROSS_MEASURE_SUM_EMITTED	DISJOINTNESS_UNVERIFIABLE__NO_participantFlowModule_IN_CACHE
NCT01907100	ctg_placebo_onc_2010_2013.txt	545	ACTUAL	2	2	2	229	ctg_placebo_onc_2010_2013.txt::NCT01907100::outcomeMeasures[2]::groups[OG000]	2	2	458	False	NO_CONFLICT_DETECTED	NOT_A_PATIENT_COUNT__NO_CROSS_MEASURE_SUM_EMITTED	DISJOINTNESS_UNVERIFIABLE__NO_participantFlowModule_IN_CACHE
NCT01246960	ctg_placebo_onc_2010_2013.txt	168	ACTUAL	2	2	2	84	ctg_placebo_onc_2010_2013.txt::NCT01246960::outcomeMeasures[2]::groups[OG000]	2	2	168	False	NO_CONFLICT_DETECTED	NOT_A_PATIENT_COUNT__NO_CROSS_MEASURE_SUM_EMITTED	DISJOINTNESS_UNVERIFIABLE__NO_participantFlowModule_IN_CACHE
NCT01844817	ctg_placebo_onc_2010_2013.txt	132	ACTUAL	2	2	2	66	ctg_placebo_onc_2010_2013.txt::NCT01844817::outcomeMeasures[2]::groups[OG000]	2	2	132	False	NO_CONFLICT_DETECTED	NOT_A_PATIENT_COUNT__NO_CROSS_MEASURE_SUM_EMITTED	DISJOINTNESS_UNVERIFIABLE__NO_participantFlowModule_IN_CACHE
NCT00951379	ctg_placebo_onc_2010_2013.txt	52	ACTUAL	2	2	2	26	ctg_placebo_onc_2010_2013.txt::NCT00951379::outcomeMeasures[0]::groups[OG000]	0	2	51	False	NO_CONFLICT_DETECTED	NOT_A_PATIENT_COUNT__NO_CROSS_MEASURE_SUM_EMITTED	DISJOINTNESS_UNVERIFIABLE__NO_participantFlowModule_IN_CACHE
NCT01774344	ctg_placebo_onc_2010_2013.txt	573	ACTUAL	2	2	4	379	ctg_placebo_onc_2010_2013.txt::NCT01774344::outcomeMeasures[3]::groups[OG001]	3	2	573	False	NO_CONFLICT_DETECTED	NOT_A_PATIENT_COUNT__NO_CROSS_MEASURE_SUM_EMITTED	DISJOINTNESS_UNVERIFIABLE__NO_participantFlowModule_IN_CACHE
NCT01661270	ctg_placebo_onc_2010_2013.txt	332	ACTUAL	2	2	2	233	ctg_placebo_onc_2010_2013.txt::NCT01661270::outcomeMeasures[2]::groups[OG001]	2	2	342	False	WITHIN_MEASURE_SUM_EXCEEDS_ENROLLMENT	NOT_A_PATIENT_COUNT__NO_CROSS_MEASURE_SUM_EMITTED	DISJOINTNESS_UNVERIFIABLE__NO_participantFlowModule_IN_CACHE
NCT01767857	ctg_placebo_onc_2010_2013.txt	643	ACTUAL	2	2	2	411	ctg_placebo_onc_2010_2013.txt::NCT01767857::outcomeMeasures[5]::groups[OG000]	5	2	611	False	NO_CONFLICT_DETECTED	NOT_A_PATIENT_COUNT__NO_CROSS_MEASURE_SUM_EMITTED	DISJOINTNESS_UNVERIFIABLE__NO_participantFlowModule_IN_CACHE
NCT01183780	ctg_placebo_onc_2010_2013.txt	1072	ACTUAL	2	2	2	536	ctg_placebo_onc_2010_2013.txt::NCT01183780::outcomeMeasures[2]::groups[OG000]	2	2	1072	False	NO_CONFLICT_DETECTED	NOT_A_PATIENT_COUNT__NO_CROSS_MEASURE_SUM_EMITTED	DISJOINTNESS_UNVERIFIABLE__NO_participantFlowModule_IN_CACHE
NCT01602224	ctg_placebo_onc_2010_2013.txt	220	ACTUAL	3	3	6	74	ctg_placebo_onc_2010_2013.txt::NCT01602224::outcomeMeasures[11]::groups[OG000]	11	3	220	False	NO_CONFLICT_DETECTED	NOT_A_PATIENT_COUNT__NO_CROSS_MEASURE_SUM_EMITTED	DISJOINTNESS_UNVERIFIABLE__NO_participantFlowModule_IN_CACHE
NCT01298570	ctg_placebo_onc_2010_2013.txt	181	ACTUAL	2	2	2	102	ctg_placebo_onc_2010_2013.txt::NCT01298570::outcomeMeasures[1]::groups[OG000]	1	2	160	False	NO_CONFLICT_DETECTED	NOT_A_PATIENT_COUNT__NO_CROSS_MEASURE_SUM_EMITTED	DISJOINTNESS_UNVERIFIABLE__NO_participantFlowModule_IN_CACHE
NCT01507545	ctg_placebo_onc_2010_2013.txt	154	ACTUAL	2	2	2	84	ctg_placebo_onc_2010_2013.txt::NCT01507545::outcomeMeasures[2]::groups[OG000]	2	2	126	False	NO_CONFLICT_DETECTED	NOT_A_PATIENT_COUNT__NO_CROSS_MEASURE_SUM_EMITTED	DISJOINTNESS_UNVERIFIABLE__NO_participantFlowModule_IN_CACHE
NCT01524783	ctg_placebo_onc_2010_2013.txt	302	ACTUAL	2	2	4	205	ctg_placebo_onc_2010_2013.txt::NCT01524783::outcomeMeasures[2]::groups[OG000]	2	2	302	False	NO_CONFLICT_DETECTED	NOT_A_PATIENT_COUNT__NO_CROSS_MEASURE_SUM_EMITTED	DISJOINTNESS_UNVERIFIABLE__NO_participantFlowModule_IN_CACHE
NCT01211483	ctg_placebo_onc_2010_2013.txt	222	ACTUAL	3	3	6	71	ctg_placebo_onc_2010_2013.txt::NCT01211483::outcomeMeasures[4]::groups[OG002]	4	3	211	False	NO_CONFLICT_DETECTED	NOT_A_PATIENT_COUNT__NO_CROSS_MEASURE_SUM_EMITTED	DISJOINTNESS_UNVERIFIABLE__NO_participantFlowModule_IN_CACHE
NCT01633060	ctg_placebo_onc_2010_2013.txt	432	ACTUAL	2	2	4	289	ctg_placebo_onc_2010_2013.txt::NCT01633060::outcomeMeasures[4]::groups[OG000]	4	2	432	False	NO_CONFLICT_DETECTED	NOT_A_PATIENT_COUNT__NO_CROSS_MEASURE_SUM_EMITTED	DISJOINTNESS_UNVERIFIABLE__NO_participantFlowModule_IN_CACHE
NCT01038752	ctg_placebo_onc_2010_2013.txt	14	ACTUAL	2	2	2	0			0	0	False	NO_CONFLICT_DETECTED	NOT_A_PATIENT_COUNT__NO_CROSS_MEASURE_SUM_EMITTED	DISJOINTNESS_UNVERIFIABLE__NO_participantFlowModule_IN_CACHE
NCT01035229	ctg_placebo_onc_2010_2013.txt	546	ACTUAL	2	2	2	362	ctg_placebo_onc_2010_2013.txt::NCT01035229::outcomeMeasures[2]::groups[OG000]	2	2	546	False	NO_CONFLICT_DETECTED	NOT_A_PATIENT_COUNT__NO_CROSS_MEASURE_SUM_EMITTED	DISJOINTNESS_UNVERIFIABLE__NO_participantFlowModule_IN_CACHE
NCT01829113	ctg_placebo_onc_2010_2013.txt	155	ACTUAL	2	2	2	78	ctg_placebo_onc_2010_2013.txt::NCT01829113::outcomeMeasures[1]::groups[OG001]	1	2	155	False	NO_CONFLICT_DETECTED	NOT_A_PATIENT_COUNT__NO_CROSS_MEASURE_SUM_EMITTED	DISJOINTNESS_UNVERIFIABLE__NO_participantFlowModule_IN_CACHE
NCT01310231	ctg_placebo_onc_2010_2013.txt	40	ACTUAL	2	2	2	22	ctg_placebo_onc_2010_2013.txt::NCT01310231::outcomeMeasures[1]::groups[OG000]	1	2	38	False	NO_CONFLICT_DETECTED	NOT_A_PATIENT_COUNT__NO_CROSS_MEASURE_SUM_EMITTED	DISJOINTNESS_UNVERIFIABLE__NO_participantFlowModule_IN_CACHE
NCT01951586	ctg_placebo_onc_2010_2013.txt	226	ACTUAL	2	2	8	144	ctg_placebo_onc_2010_2013.txt::NCT01951586::outcomeMeasures[3]::groups[OG001]	3	2	220	False	NO_CONFLICT_DETECTED	NOT_A_PATIENT_COUNT__NO_CROSS_MEASURE_SUM_EMITTED	DISJOINTNESS_UNVERIFIABLE__NO_participantFlowModule_IN_CACHE
NCT01560923	ctg_placebo_onc_2010_2013.txt	47	ACTUAL	2	2	2	24	ctg_placebo_onc_2010_2013.txt::NCT01560923::outcomeMeasures[2]::groups[OG000]	2	2	46	False	NO_CONFLICT_DETECTED	NOT_A_PATIENT_COUNT__NO_CROSS_MEASURE_SUM_EMITTED	DISJOINTNESS_UNVERIFIABLE__NO_participantFlowModule_IN_CACHE
NCT01168973	ctg_placebo_onc_2010_2013.txt	1253	ACTUAL	2	2	4	628	ctg_placebo_onc_2010_2013.txt::NCT01168973::outcomeMeasures[2]::groups[OG000]	2	2	1253	False	NO_CONFLICT_DETECTED	NOT_A_PATIENT_COUNT__NO_CROSS_MEASURE_SUM_EMITTED	DISJOINTNESS_UNVERIFIABLE__NO_participantFlowModule_IN_CACHE
NCT01579578	ctg_placebo_onc_2010_2013.txt	39	ACTUAL	2	2	2	13	ctg_placebo_onc_2010_2013.txt::NCT01579578::outcomeMeasures[2]::groups[OG000]	2	2	25	False	NO_CONFLICT_DETECTED	NOT_A_PATIENT_COUNT__NO_CROSS_MEASURE_SUM_EMITTED	DISJOINTNESS_UNVERIFIABLE__NO_participantFlowModule_IN_CACHE
NCT01776840	ctg_placebo_onc_2010_2013.txt	523	ACTUAL	2	2	6	262	ctg_placebo_onc_2010_2013.txt::NCT01776840::outcomeMeasures[2]::groups[OG000]	2	2	523	False	NO_CONFLICT_DETECTED	NOT_A_PATIENT_COUNT__NO_CROSS_MEASURE_SUM_EMITTED	DISJOINTNESS_UNVERIFIABLE__NO_participantFlowModule_IN_CACHE
NCT01890746	ctg_placebo_onc_2010_2013.txt	148	ACTUAL	2	2	2	74	ctg_placebo_onc_2010_2013.txt::NCT01890746::outcomeMeasures[37]::groups[OG000]	37	2	148	False	NO_CONFLICT_DETECTED	NOT_A_PATIENT_COUNT__NO_CROSS_MEASURE_SUM_EMITTED	DISJOINTNESS_UNVERIFIABLE__NO_participantFlowModule_IN_CACHE
NCT01512745	ctg_placebo_onc_2010_2013.txt	267	ACTUAL	2	2	4	176	ctg_placebo_onc_2010_2013.txt::NCT01512745::outcomeMeasures[2]::groups[OG000]	2	2	267	False	NO_CONFLICT_DETECTED	NOT_A_PATIENT_COUNT__NO_CROSS_MEASURE_SUM_EMITTED	DISJOINTNESS_UNVERIFIABLE__NO_participantFlowModule_IN_CACHE
NCT01850524	ctg_placebo_onc_2010_2013.txt	705	ACTUAL	2	2	4	354	ctg_placebo_onc_2010_2013.txt::NCT01850524::outcomeMeasures[4]::groups[OG000]	4	2	705	False	NO_CONFLICT_DETECTED	NOT_A_PATIENT_COUNT__NO_CROSS_MEASURE_SUM_EMITTED	DISJOINTNESS_UNVERIFIABLE__NO_participantFlowModule_IN_CACHE
NCT01876784	ctg_placebo_onc_2010_2013.txt	238	ACTUAL	2	2	2	119	ctg_placebo_onc_2010_2013.txt::NCT01876784::outcomeMeasures[3]::groups[OG000]	3	2	237	False	NO_CONFLICT_DETECTED	NOT_A_PATIENT_COUNT__NO_CROSS_MEASURE_SUM_EMITTED	DISJOINTNESS_UNVERIFIABLE__NO_participantFlowModule_IN_CACHE
NCT01721876	ctg_placebo_onc_2010_2013.txt	666	ACTUAL	2	2	2	444	ctg_placebo_onc_2010_2013.txt::NCT01721876::outcomeMeasures[0]::groups[OG001]	0	2	666	False	NO_CONFLICT_DETECTED	NOT_A_PATIENT_COUNT__NO_CROSS_MEASURE_SUM_EMITTED	DISJOINTNESS_UNVERIFIABLE__NO_participantFlowModule_IN_CACHE
NCT01703091	ctg_placebo_onc_2010_2013.txt	197	ACTUAL	2	2	4	81	ctg_placebo_onc_2010_2013.txt::NCT01703091::outcomeMeasures[2]::groups[OG001]	2	2	157	False	NO_CONFLICT_DETECTED	NOT_A_PATIENT_COUNT__NO_CROSS_MEASURE_SUM_EMITTED	DISJOINTNESS_UNVERIFIABLE__NO_participantFlowModule_IN_CACHE
NCT01564537	ctg_placebo_onc_2010_2013.txt	722	ACTUAL	2	2	4	362	ctg_placebo_onc_2010_2013.txt::NCT01564537::outcomeMeasures[3]::groups[OG001]	3	2	722	False	NO_CONFLICT_DETECTED	NOT_A_PATIENT_COUNT__NO_CROSS_MEASURE_SUM_EMITTED	DISJOINTNESS_UNVERIFIABLE__NO_participantFlowModule_IN_CACHE
NCT01774786	ctg_placebo_onc_2010_2013.txt	780	ACTUAL	2	2	6	352	ctg_placebo_onc_2010_2013.txt::NCT01774786::outcomeMeasures[2]::groups[OG001]	2	2	703	False	NO_CONFLICT_DETECTED	NOT_A_PATIENT_COUNT__NO_CROSS_MEASURE_SUM_EMITTED	DISJOINTNESS_UNVERIFIABLE__NO_participantFlowModule_IN_CACHE
NCT01544179	ctg_placebo_onc_2010_2013.txt	265	ACTUAL	2	2	4	133	ctg_placebo_onc_2010_2013.txt::NCT01544179::outcomeMeasures[4]::groups[OG000]	4	2	265	False	NO_CONFLICT_DETECTED	NOT_A_PATIENT_COUNT__NO_CROSS_MEASURE_SUM_EMITTED	DISJOINTNESS_UNVERIFIABLE__NO_participantFlowModule_IN_CACHE
NCT01924533	ctg_placebo_onc_2010_2013.txt	525	ACTUAL	2	2	4	263	ctg_placebo_onc_2010_2013.txt::NCT01924533::outcomeMeasures[4]::groups[OG000]	4	2	525	False	NO_CONFLICT_DETECTED	NOT_A_PATIENT_COUNT__NO_CROSS_MEASURE_SUM_EMITTED	DISJOINTNESS_UNVERIFIABLE__NO_participantFlowModule_IN_CACHE
NCT03018288	ctg_placebo_onc_2014_2017.txt	90	ACTUAL	4	3	3	7	ctg_placebo_onc_2014_2017.txt::NCT03018288::outcomeMeasures[1]::groups[OG002]	1	3	17	False	NO_CONFLICT_DETECTED	NOT_A_PATIENT_COUNT__NO_CROSS_MEASURE_SUM_EMITTED	DISJOINTNESS_UNVERIFIABLE__NO_participantFlowModule_IN_CACHE
NCT02278120	ctg_placebo_onc_2014_2017.txt	672	ACTUAL	2	2	4	337	ctg_placebo_onc_2014_2017.txt::NCT02278120::outcomeMeasures[2]::groups[OG001]	2	2	672	False	NO_CONFLICT_DETECTED	NOT_A_PATIENT_COUNT__NO_CROSS_MEASURE_SUM_EMITTED	DISJOINTNESS_UNVERIFIABLE__NO_participantFlowModule_IN_CACHE
NCT02659020	ctg_placebo_onc_2014_2017.txt	310	ACTUAL	4	4	8	86	ctg_placebo_onc_2014_2017.txt::NCT02659020::outcomeMeasures[13]::groups[OG001]	13	4	256	False	NO_CONFLICT_DETECTED	NOT_A_PATIENT_COUNT__NO_CROSS_MEASURE_SUM_EMITTED	DISJOINTNESS_UNVERIFIABLE__NO_participantFlowModule_IN_CACHE
NCT02038647	ctg_placebo_onc_2014_2017.txt	178	ACTUAL	2	2	6	89	ctg_placebo_onc_2014_2017.txt::NCT02038647::outcomeMeasures[3]::groups[OG000]	3	2	178	False	NO_CONFLICT_DETECTED	NOT_A_PATIENT_COUNT__NO_CROSS_MEASURE_SUM_EMITTED	DISJOINTNESS_UNVERIFIABLE__NO_participantFlowModule_IN_CACHE
NCT03112174	ctg_placebo_onc_2014_2017.txt	366	ACTUAL	4	5	5	134	ctg_placebo_onc_2014_2017.txt::NCT03112174::outcomeMeasures[10]::groups[OG000]	10	3	345	False	NO_CONFLICT_DETECTED	NOT_A_PATIENT_COUNT__NO_CROSS_MEASURE_SUM_EMITTED	DISJOINTNESS_UNVERIFIABLE__NO_participantFlowModule_IN_CACHE
NCT03117049	ctg_placebo_onc_2014_2017.txt	550	ACTUAL	2	2	6	275	ctg_placebo_onc_2014_2017.txt::NCT03117049::outcomeMeasures[2]::groups[OG000]	2	2	550	False	NO_CONFLICT_DETECTED	NOT_A_PATIENT_COUNT__NO_CROSS_MEASURE_SUM_EMITTED	DISJOINTNESS_UNVERIFIABLE__NO_participantFlowModule_IN_CACHE
NCT02087176	ctg_placebo_onc_2014_2017.txt	48	ACTUAL	2	1	1	32	ctg_placebo_onc_2014_2017.txt::NCT02087176::outcomeMeasures[1]::groups[OG000]	1	1	32	False	NO_CONFLICT_DETECTED	NOT_A_PATIENT_COUNT__NO_CROSS_MEASURE_SUM_EMITTED	DISJOINTNESS_UNVERIFIABLE__NO_participantFlowModule_IN_CACHE
NCT02715804	ctg_placebo_onc_2014_2017.txt	492	ACTUAL	2	2	2	327	ctg_placebo_onc_2014_2017.txt::NCT02715804::outcomeMeasures[2]::groups[OG000]	2	2	492	False	NO_CONFLICT_DETECTED	NOT_A_PATIENT_COUNT__NO_CROSS_MEASURE_SUM_EMITTED	DISJOINTNESS_UNVERIFIABLE__NO_participantFlowModule_IN_CACHE
NCT02288247	ctg_placebo_onc_2014_2017.txt	688	ACTUAL	2	2	2	136	ctg_placebo_onc_2014_2017.txt::NCT02288247::outcomeMeasures[3]::groups[OG000]	3	2	271	False	NO_CONFLICT_DETECTED	NOT_A_PATIENT_COUNT__NO_CROSS_MEASURE_SUM_EMITTED	DISJOINTNESS_UNVERIFIABLE__NO_participantFlowModule_IN_CACHE
NCT02329860	ctg_placebo_onc_2014_2017.txt	400	ACTUAL	2	2	4	261	ctg_placebo_onc_2014_2017.txt::NCT02329860::outcomeMeasures[3]::groups[OG000]	3	2	393	False	NO_CONFLICT_DETECTED	NOT_A_PATIENT_COUNT__NO_CROSS_MEASURE_SUM_EMITTED	DISJOINTNESS_UNVERIFIABLE__NO_participantFlowModule_IN_CACHE
NCT02641639	ctg_placebo_onc_2014_2017.txt	70	ACTUAL	2	2	2	36	ctg_placebo_onc_2014_2017.txt::NCT02641639::outcomeMeasures[1]::groups[OG001]	1	2	70	False	NO_CONFLICT_DETECTED	NOT_A_PATIENT_COUNT__NO_CROSS_MEASURE_SUM_EMITTED	DISJOINTNESS_UNVERIFIABLE__NO_participantFlowModule_IN_CACHE
NCT02300987	ctg_placebo_onc_2014_2017.txt	10	ACTUAL	2	2	6	8	ctg_placebo_onc_2014_2017.txt::NCT02300987::outcomeMeasures[1]::groups[OG000]	1	2	10	False	NO_CONFLICT_DETECTED	NOT_A_PATIENT_COUNT__NO_CROSS_MEASURE_SUM_EMITTED	DISJOINTNESS_UNVERIFIABLE__NO_participantFlowModule_IN_CACHE
NCT02178956	ctg_placebo_onc_2014_2017.txt	714	ACTUAL	2	2	4	289	ctg_placebo_onc_2014_2017.txt::NCT02178956::outcomeMeasures[2]::groups[OG000]	2	2	572	False	NO_CONFLICT_DETECTED	NOT_A_PATIENT_COUNT__NO_CROSS_MEASURE_SUM_EMITTED	DISJOINTNESS_UNVERIFIABLE__NO_participantFlowModule_IN_CACHE
NCT02259582	ctg_placebo_onc_2014_2017.txt	82	ACTUAL	3	3	3	29	ctg_placebo_onc_2014_2017.txt::NCT02259582::outcomeMeasures[0]::groups[OG002]	0	3	82	False	NO_CONFLICT_DETECTED	NOT_A_PATIENT_COUNT__NO_CROSS_MEASURE_SUM_EMITTED	DISJOINTNESS_UNVERIFIABLE__NO_participantFlowModule_IN_CACHE
NCT03109873	ctg_placebo_onc_2014_2017.txt	9	ACTUAL	2	2	2	0			0	0	False	NO_CONFLICT_DETECTED	NOT_A_PATIENT_COUNT__NO_CROSS_MEASURE_SUM_EMITTED	DISJOINTNESS_UNVERIFIABLE__NO_participantFlowModule_IN_CACHE
NCT02451943	ctg_placebo_onc_2014_2017.txt	509	ACTUAL	2	2	6	258	ctg_placebo_onc_2014_2017.txt::NCT02451943::outcomeMeasures[3]::groups[OG000]	3	2	509	False	NO_CONFLICT_DETECTED	NOT_A_PATIENT_COUNT__NO_CROSS_MEASURE_SUM_EMITTED	DISJOINTNESS_UNVERIFIABLE__NO_participantFlowModule_IN_CACHE
NCT02340221	ctg_placebo_onc_2014_2017.txt	631	ACTUAL	2	2	8	264	ctg_placebo_onc_2014_2017.txt::NCT02340221::outcomeMeasures[2]::groups[OG001]	2	2	398	False	NO_CONFLICT_DETECTED	NOT_A_PATIENT_COUNT__NO_CROSS_MEASURE_SUM_EMITTED	DISJOINTNESS_UNVERIFIABLE__NO_participantFlowModule_IN_CACHE
NCT03189719	ctg_placebo_onc_2014_2017.txt	749	ACTUAL	2	2	8	376	ctg_placebo_onc_2014_2017.txt::NCT03189719::outcomeMeasures[7]::groups[OG001]	7	2	749	False	NO_CONFLICT_DETECTED	NOT_A_PATIENT_COUNT__NO_CROSS_MEASURE_SUM_EMITTED	DISJOINTNESS_UNVERIFIABLE__NO_participantFlowModule_IN_CACHE
NCT02702401	ctg_placebo_onc_2014_2017.txt	413	ACTUAL	2	2	4	278	ctg_placebo_onc_2014_2017.txt::NCT02702401::outcomeMeasures[2]::groups[OG000]	2	2	413	False	NO_CONFLICT_DETECTED	NOT_A_PATIENT_COUNT__NO_CROSS_MEASURE_SUM_EMITTED	DISJOINTNESS_UNVERIFIABLE__NO_participantFlowModule_IN_CACHE
NCT02967692	ctg_placebo_onc_2014_2017.txt	568	ACTUAL	4	4	8	267	ctg_placebo_onc_2014_2017.txt::NCT02967692::outcomeMeasures[5]::groups[OG002]	5	4	568	False	NO_CONFLICT_DETECTED	NOT_A_PATIENT_COUNT__NO_CROSS_MEASURE_SUM_EMITTED	DISJOINTNESS_UNVERIFIABLE__NO_participantFlowModule_IN_CACHE
NCT02626455	ctg_placebo_onc_2014_2017.txt	551	ACTUAL	2	7	13	262	ctg_placebo_onc_2014_2017.txt::NCT02626455::outcomeMeasures[4]::groups[OG000]	4	2	524	False	NO_CONFLICT_DETECTED	NOT_A_PATIENT_COUNT__NO_CROSS_MEASURE_SUM_EMITTED	DISJOINTNESS_UNVERIFIABLE__NO_participantFlowModule_IN_CACHE
NCT02633800	ctg_placebo_onc_2014_2017.txt	87	ACTUAL	2	2	2	0			0	0	False	NO_CONFLICT_DETECTED	NOT_A_PATIENT_COUNT__NO_CROSS_MEASURE_SUM_EMITTED	DISJOINTNESS_UNVERIFIABLE__NO_participantFlowModule_IN_CACHE
NCT02246621	ctg_placebo_onc_2014_2017.txt	493	ACTUAL	2	2	6	328	ctg_placebo_onc_2014_2017.txt::NCT02246621::outcomeMeasures[2]::groups[OG000]	2	2	493	False	NO_CONFLICT_DETECTED	NOT_A_PATIENT_COUNT__NO_CROSS_MEASURE_SUM_EMITTED	DISJOINTNESS_UNVERIFIABLE__NO_participantFlowModule_IN_CACHE
NCT01974440	ctg_placebo_onc_2014_2017.txt	403	ACTUAL	2	2	8	202	ctg_placebo_onc_2014_2017.txt::NCT01974440::outcomeMeasures[4]::groups[OG001]	4	2	403	False	NO_CONFLICT_DETECTED	NOT_A_PATIENT_COUNT__NO_CROSS_MEASURE_SUM_EMITTED	DISJOINTNESS_UNVERIFIABLE__NO_participantFlowModule_IN_CACHE
NCT02426125	ctg_placebo_onc_2014_2017.txt	530	ACTUAL	2	2	4	267	ctg_placebo_onc_2014_2017.txt::NCT02426125::outcomeMeasures[2]::groups[OG001]	2	2	530	False	NO_CONFLICT_DETECTED	NOT_A_PATIENT_COUNT__NO_CROSS_MEASURE_SUM_EMITTED	DISJOINTNESS_UNVERIFIABLE__NO_participantFlowModule_IN_CACHE
NCT02437318	ctg_placebo_onc_2014_2017.txt	572	ACTUAL	2	4	8	172	ctg_placebo_onc_2014_2017.txt::NCT02437318::outcomeMeasures[4]::groups[OG001]	4	4	572	False	NO_CONFLICT_DETECTED	NOT_A_PATIENT_COUNT__NO_CROSS_MEASURE_SUM_EMITTED	DISJOINTNESS_UNVERIFIABLE__NO_participantFlowModule_IN_CACHE
NCT02178358	ctg_placebo_onc_2014_2017.txt	132	ACTUAL	3	3	3	74	ctg_placebo_onc_2014_2017.txt::NCT02178358::outcomeMeasures[5]::groups[OG001]	5	3	132	False	NO_CONFLICT_DETECTED	NOT_A_PATIENT_COUNT__NO_CROSS_MEASURE_SUM_EMITTED	DISJOINTNESS_UNVERIFIABLE__NO_participantFlowModule_IN_CACHE
NCT02162719	ctg_placebo_onc_2014_2017.txt	124	ACTUAL	2	2	6	62	ctg_placebo_onc_2014_2017.txt::NCT02162719::outcomeMeasures[6]::groups[OG000]	6	2	124	False	NO_CONFLICT_DETECTED	NOT_A_PATIENT_COUNT__NO_CROSS_MEASURE_SUM_EMITTED	DISJOINTNESS_UNVERIFIABLE__NO_participantFlowModule_IN_CACHE
NCT02422615	ctg_placebo_onc_2014_2017.txt	726	ACTUAL	2	2	4	484	ctg_placebo_onc_2014_2017.txt::NCT02422615::outcomeMeasures[3]::groups[OG000]	3	2	726	False	NO_CONFLICT_DETECTED	NOT_A_PATIENT_COUNT__NO_CROSS_MEASURE_SUM_EMITTED	DISJOINTNESS_UNVERIFIABLE__NO_participantFlowModule_IN_CACHE
NCT02204982	ctg_placebo_onc_2014_2017.txt	13	ACTUAL	2	2	2	6	ctg_placebo_onc_2014_2017.txt::NCT02204982::outcomeMeasures[1]::groups[OG001]	1	2	11	False	NO_CONFLICT_DETECTED	NOT_A_PATIENT_COUNT__NO_CROSS_MEASURE_SUM_EMITTED	DISJOINTNESS_UNVERIFIABLE__NO_participantFlowModule_IN_CACHE
NCT02263508	ctg_placebo_onc_2014_2017.txt	713	ACTUAL	3	3	22	346	ctg_placebo_onc_2014_2017.txt::NCT02263508::outcomeMeasures[10]::groups[OG000]	10	2	692	False	NO_CONFLICT_DETECTED	NOT_A_PATIENT_COUNT__NO_CROSS_MEASURE_SUM_EMITTED	DISJOINTNESS_UNVERIFIABLE__NO_participantFlowModule_IN_CACHE
NCT02367040	ctg_placebo_onc_2014_2017.txt	458	ACTUAL	2	2	6	307	ctg_placebo_onc_2014_2017.txt::NCT02367040::outcomeMeasures[1]::groups[OG000]	1	2	458	False	NO_CONFLICT_DETECTED	NOT_A_PATIENT_COUNT__NO_CROSS_MEASURE_SUM_EMITTED	DISJOINTNESS_UNVERIFIABLE__NO_participantFlowModule_IN_CACHE
NCT02581215	ctg_placebo_onc_2014_2017.txt	84	ACTUAL	2	2	2	34	ctg_placebo_onc_2014_2017.txt::NCT02581215::outcomeMeasures[2]::groups[OG000]	2	2	65	False	NO_CONFLICT_DETECTED	NOT_A_PATIENT_COUNT__NO_CROSS_MEASURE_SUM_EMITTED	DISJOINTNESS_UNVERIFIABLE__NO_participantFlowModule_IN_CACHE
NCT02952586	ctg_placebo_onc_2014_2017.txt	697	ACTUAL	2	2	2	350	ctg_placebo_onc_2014_2017.txt::NCT02952586::outcomeMeasures[4]::groups[OG000]	4	2	697	False	NO_CONFLICT_DETECTED	NOT_A_PATIENT_COUNT__NO_CROSS_MEASURE_SUM_EMITTED	DISJOINTNESS_UNVERIFIABLE__NO_participantFlowModule_IN_CACHE
NCT02196688	ctg_placebo_onc_2014_2017.txt	71	ACTUAL	2	2	4	47	ctg_placebo_onc_2014_2017.txt::NCT02196688::outcomeMeasures[1]::groups[OG000]	1	2	71	False	NO_CONFLICT_DETECTED	NOT_A_PATIENT_COUNT__NO_CROSS_MEASURE_SUM_EMITTED	DISJOINTNESS_UNVERIFIABLE__NO_participantFlowModule_IN_CACHE
NCT02910583	ctg_placebo_onc_2014_2017.txt	323	ACTUAL	5	7	9	164	ctg_placebo_onc_2014_2017.txt::NCT02910583::outcomeMeasures[3]::groups[OG000]	3	5	313	False	NO_CONFLICT_DETECTED	NOT_A_PATIENT_COUNT__NO_CROSS_MEASURE_SUM_EMITTED	DISJOINTNESS_UNVERIFIABLE__NO_participantFlowModule_IN_CACHE
NCT03062358	ctg_placebo_onc_2014_2017.txt	453	ACTUAL	2	2	4	300	ctg_placebo_onc_2014_2017.txt::NCT03062358::outcomeMeasures[2]::groups[OG000]	2	2	453	False	NO_CONFLICT_DETECTED	NOT_A_PATIENT_COUNT__NO_CROSS_MEASURE_SUM_EMITTED	DISJOINTNESS_UNVERIFIABLE__NO_participantFlowModule_IN_CACHE
NCT02989857	ctg_placebo_onc_2014_2017.txt	187	ACTUAL	3	2	4	124	ctg_placebo_onc_2014_2017.txt::NCT02989857::outcomeMeasures[8]::groups[OG000]	8	2	185	False	NO_CONFLICT_DETECTED	NOT_A_PATIENT_COUNT__NO_CROSS_MEASURE_SUM_EMITTED	DISJOINTNESS_UNVERIFIABLE__NO_participantFlowModule_IN_CACHE
NCT02411448	ctg_placebo_onc_2014_2017.txt	545	ACTUAL	3	2	4	225	ctg_placebo_onc_2014_2017.txt::NCT02411448::outcomeMeasures[3]::groups[OG001]	3	2	449	False	NO_CONFLICT_DETECTED	NOT_A_PATIENT_COUNT__NO_CROSS_MEASURE_SUM_EMITTED	DISJOINTNESS_UNVERIFIABLE__NO_participantFlowModule_IN_CACHE
NCT03125902	ctg_placebo_onc_2014_2017.txt	653	ACTUAL	2	2	10	431	ctg_placebo_onc_2014_2017.txt::NCT03125902::outcomeMeasures[9]::groups[OG001]	9	2	650	False	NO_CONFLICT_DETECTED	NOT_A_PATIENT_COUNT__NO_CROSS_MEASURE_SUM_EMITTED	DISJOINTNESS_UNVERIFIABLE__NO_participantFlowModule_IN_CACHE
NCT02395016	ctg_placebo_onc_2014_2017.txt	90	ACTUAL	2	2	4	41	ctg_placebo_onc_2014_2017.txt::NCT02395016::outcomeMeasures[3]::groups[OG000]	3	2	82	False	NO_CONFLICT_DETECTED	NOT_A_PATIENT_COUNT__NO_CROSS_MEASURE_SUM_EMITTED	DISJOINTNESS_UNVERIFIABLE__NO_participantFlowModule_IN_CACHE
NCT02130466	ctg_placebo_onc_2014_2017.txt	184	ACTUAL	14	7	7	60	ctg_placebo_onc_2014_2017.txt::NCT02130466::outcomeMeasures[8]::groups[OG000]	8	2	120	False	NO_CONFLICT_DETECTED	NOT_A_PATIENT_COUNT__NO_CROSS_MEASURE_SUM_EMITTED	DISJOINTNESS_UNVERIFIABLE__NO_participantFlowModule_IN_CACHE
NCT02632045	ctg_placebo_onc_2014_2017.txt	169	ACTUAL	2	2	4	60	ctg_placebo_onc_2014_2017.txt::NCT02632045::outcomeMeasures[2]::groups[OG001]	2	2	119	False	NO_CONFLICT_DETECTED	NOT_A_PATIENT_COUNT__NO_CROSS_MEASURE_SUM_EMITTED	DISJOINTNESS_UNVERIFIABLE__NO_participantFlowModule_IN_CACHE
NCT02115282	ctg_placebo_onc_2014_2017.txt	608	ACTUAL	2	2	2	305	ctg_placebo_onc_2014_2017.txt::NCT02115282::outcomeMeasures[2]::groups[OG000]	2	2	608	False	NO_CONFLICT_DETECTED	NOT_A_PATIENT_COUNT__NO_CROSS_MEASURE_SUM_EMITTED	DISJOINTNESS_UNVERIFIABLE__NO_participantFlowModule_IN_CACHE
NCT01974752	ctg_placebo_onc_2014_2017.txt	152	ACTUAL	2	2	2	97	ctg_placebo_onc_2014_2017.txt::NCT01974752::outcomeMeasures[1]::groups[OG000]	1	2	129	False	NO_CONFLICT_DETECTED	NOT_A_PATIENT_COUNT__NO_CROSS_MEASURE_SUM_EMITTED	DISJOINTNESS_UNVERIFIABLE__NO_participantFlowModule_IN_CACHE
NCT01972217	ctg_placebo_onc_2014_2017.txt	158	ACTUAL	2	2	2	71	ctg_placebo_onc_2014_2017.txt::NCT01972217::outcomeMeasures[16]::groups[OG000]	16	2	142	False	NO_CONFLICT_DETECTED	NOT_A_PATIENT_COUNT__NO_CROSS_MEASURE_SUM_EMITTED	DISJOINTNESS_UNVERIFIABLE__NO_participantFlowModule_IN_CACHE
NCT02545504	ctg_placebo_onc_2014_2017.txt	432	ACTUAL	2	2	2	218	ctg_placebo_onc_2014_2017.txt::NCT02545504::outcomeMeasures[2]::groups[OG000]	2	2	432	False	NO_CONFLICT_DETECTED	NOT_A_PATIENT_COUNT__NO_CROSS_MEASURE_SUM_EMITTED	DISJOINTNESS_UNVERIFIABLE__NO_participantFlowModule_IN_CACHE
NCT02711553	ctg_placebo_onc_2014_2017.txt	309	ACTUAL	4	3	6	106	ctg_placebo_onc_2014_2017.txt::NCT02711553::outcomeMeasures[2]::groups[OG000]	2	3	309	False	NO_CONFLICT_DETECTED	NOT_A_PATIENT_COUNT__NO_CROSS_MEASURE_SUM_EMITTED	DISJOINTNESS_UNVERIFIABLE__NO_participantFlowModule_IN_CACHE
NCT03038100	ctg_placebo_onc_2014_2017.txt	1301	ACTUAL	2	2	4	651	ctg_placebo_onc_2014_2017.txt::NCT03038100::outcomeMeasures[4]::groups[OG001]	4	2	1301	False	NO_CONFLICT_DETECTED	NOT_A_PATIENT_COUNT__NO_CROSS_MEASURE_SUM_EMITTED	DISJOINTNESS_UNVERIFIABLE__NO_participantFlowModule_IN_CACHE
NCT02435433	ctg_placebo_onc_2014_2017.txt	399	ACTUAL	5	2	2	197	ctg_placebo_onc_2014_2017.txt::NCT02435433::outcomeMeasures[3]::groups[OG000]	3	2	292	False	NO_CONFLICT_DETECTED	NOT_A_PATIENT_COUNT__NO_CROSS_MEASURE_SUM_EMITTED	DISJOINTNESS_UNVERIFIABLE__NO_participantFlowModule_IN_CACHE
NCT02048371	ctg_placebo_onc_2014_2017.txt	131	ACTUAL	7	9	9	30	ctg_placebo_onc_2014_2017.txt::NCT02048371::outcomeMeasures[3]::groups[OG004]	3	7	131	False	NO_CONFLICT_DETECTED	NOT_A_PATIENT_COUNT__NO_CROSS_MEASURE_SUM_EMITTED	DISJOINTNESS_UNVERIFIABLE__NO_participantFlowModule_IN_CACHE
NCT02807636	ctg_placebo_onc_2014_2017.txt	1213	ACTUAL	3	3	4	447	ctg_placebo_onc_2014_2017.txt::NCT02807636::outcomeMeasures[3]::groups[OG001]	3	2	844	False	NO_CONFLICT_DETECTED	NOT_A_PATIENT_COUNT__NO_CROSS_MEASURE_SUM_EMITTED	DISJOINTNESS_UNVERIFIABLE__NO_participantFlowModule_IN_CACHE
NCT02137837	ctg_placebo_onc_2014_2017.txt	37	ACTUAL	3	3	6	13	ctg_placebo_onc_2014_2017.txt::NCT02137837::outcomeMeasures[6]::groups[OG000]	6	3	37	False	NO_CONFLICT_DETECTED	NOT_A_PATIENT_COUNT__NO_CROSS_MEASURE_SUM_EMITTED	DISJOINTNESS_UNVERIFIABLE__NO_participantFlowModule_IN_CACHE
NCT02184195	ctg_placebo_onc_2014_2017.txt	154	ACTUAL	2	2	4	92	ctg_placebo_onc_2014_2017.txt::NCT02184195::outcomeMeasures[7]::groups[OG000]	7	2	154	False	NO_CONFLICT_DETECTED	NOT_A_PATIENT_COUNT__NO_CROSS_MEASURE_SUM_EMITTED	DISJOINTNESS_UNVERIFIABLE__NO_participantFlowModule_IN_CACHE
NCT02518113	ctg_placebo_onc_2014_2017.txt	36	ACTUAL	4	6	6	15	ctg_placebo_onc_2014_2017.txt::NCT02518113::outcomeMeasures[2]::groups[OG002]	2	4	36	False	NO_CONFLICT_DETECTED	NOT_A_PATIENT_COUNT__NO_CROSS_MEASURE_SUM_EMITTED	DISJOINTNESS_UNVERIFIABLE__NO_participantFlowModule_IN_CACHE
NCT02788981	ctg_placebo_onc_2014_2017.txt	29	ACTUAL	2	2	4	13	ctg_placebo_onc_2014_2017.txt::NCT02788981::outcomeMeasures[2]::groups[OG000]	2	2	26	False	NO_CONFLICT_DETECTED	NOT_A_PATIENT_COUNT__NO_CROSS_MEASURE_SUM_EMITTED	DISJOINTNESS_UNVERIFIABLE__NO_participantFlowModule_IN_CACHE
NCT02947347	ctg_placebo_onc_2014_2017.txt	445	ACTUAL	2	2	2	334	ctg_placebo_onc_2014_2017.txt::NCT02947347::outcomeMeasures[1]::groups[OG000]	1	2	445	False	NO_CONFLICT_DETECTED	NOT_A_PATIENT_COUNT__NO_CROSS_MEASURE_SUM_EMITTED	DISJOINTNESS_UNVERIFIABLE__NO_participantFlowModule_IN_CACHE
NCT02606461	ctg_placebo_onc_2014_2017.txt	342	ACTUAL	4	6	6	188	ctg_placebo_onc_2014_2017.txt::NCT02606461::outcomeMeasures[12]::groups[OG000]	12	2	285	False	NO_CONFLICT_DETECTED	NOT_A_PATIENT_COUNT__NO_CROSS_MEASURE_SUM_EMITTED	DISJOINTNESS_UNVERIFIABLE__NO_participantFlowModule_IN_CACHE
NCT03086369	ctg_placebo_onc_2014_2017.txt	184	ACTUAL	5	5	5	82	ctg_placebo_onc_2014_2017.txt::NCT03086369::outcomeMeasures[6]::groups[OG003]	6	5	184	False	NO_CONFLICT_DETECTED	NOT_A_PATIENT_COUNT__NO_CROSS_MEASURE_SUM_EMITTED	DISJOINTNESS_UNVERIFIABLE__NO_participantFlowModule_IN_CACHE
NCT02289950	ctg_placebo_onc_2014_2017.txt	332	ACTUAL	2	2	2	138	ctg_placebo_onc_2014_2017.txt::NCT02289950::outcomeMeasures[2]::groups[OG000]	2	2	206	False	NO_CONFLICT_DETECTED	NOT_A_PATIENT_COUNT__NO_CROSS_MEASURE_SUM_EMITTED	DISJOINTNESS_UNVERIFIABLE__NO_participantFlowModule_IN_CACHE
NCT02978222	ctg_placebo_onc_2014_2017.txt	120	ACTUAL	2	2	4	6	ctg_placebo_onc_2014_2017.txt::NCT02978222::outcomeMeasures[2]::groups[OG000]	2	2	10	False	NO_CONFLICT_DETECTED	NOT_A_PATIENT_COUNT__NO_CROSS_MEASURE_SUM_EMITTED	DISJOINTNESS_UNVERIFIABLE__NO_participantFlowModule_IN_CACHE
NCT01980888	ctg_placebo_onc_2014_2017.txt	311	ACTUAL	2	2	6	0			0	0	False	NO_CONFLICT_DETECTED	NOT_A_PATIENT_COUNT__NO_CROSS_MEASURE_SUM_EMITTED	DISJOINTNESS_UNVERIFIABLE__NO_participantFlowModule_IN_CACHE
NCT03093870	ctg_placebo_onc_2014_2017.txt	151	ACTUAL	2	3	5	64	ctg_placebo_onc_2014_2017.txt::NCT03093870::outcomeMeasures[0]::groups[OG000]	0	2	127	False	NO_CONFLICT_DETECTED	NOT_A_PATIENT_COUNT__NO_CROSS_MEASURE_SUM_EMITTED	DISJOINTNESS_UNVERIFIABLE__NO_participantFlowModule_IN_CACHE
NCT02273973	ctg_placebo_onc_2014_2017.txt	334	ACTUAL	2	2	2	168	ctg_placebo_onc_2014_2017.txt::NCT02273973::outcomeMeasures[0]::groups[OG001]	0	2	334	False	NO_CONFLICT_DETECTED	NOT_A_PATIENT_COUNT__NO_CROSS_MEASURE_SUM_EMITTED	DISJOINTNESS_UNVERIFIABLE__NO_participantFlowModule_IN_CACHE
NCT02322814	ctg_placebo_onc_2014_2017.txt	169	ACTUAL	4	4	6	47	ctg_placebo_onc_2014_2017.txt::NCT02322814::outcomeMeasures[5]::groups[OG000]	5	4	153	False	NO_CONFLICT_DETECTED	NOT_A_PATIENT_COUNT__NO_CROSS_MEASURE_SUM_EMITTED	DISJOINTNESS_UNVERIFIABLE__NO_participantFlowModule_IN_CACHE
NCT02494583	ctg_placebo_onc_2014_2017.txt	763	ACTUAL	3	3	6	257	ctg_placebo_onc_2014_2017.txt::NCT02494583::outcomeMeasures[5]::groups[OG001]	5	2	507	False	NO_CONFLICT_DETECTED	NOT_A_PATIENT_COUNT__NO_CROSS_MEASURE_SUM_EMITTED	DISJOINTNESS_UNVERIFIABLE__NO_participantFlowModule_IN_CACHE
NCT01923168	ctg_placebo_onc_2014_2017.txt	340	ACTUAL	3	2	8	71	ctg_placebo_onc_2014_2017.txt::NCT01923168::outcomeMeasures[3]::groups[OG000]	3	2	130	False	NO_CONFLICT_DETECTED	NOT_A_PATIENT_COUNT__NO_CROSS_MEASURE_SUM_EMITTED	DISJOINTNESS_UNVERIFIABLE__NO_participantFlowModule_IN_CACHE
NCT02128958	ctg_placebo_onc_2014_2017.txt	78	ACTUAL	2	2	4	50	ctg_placebo_onc_2014_2017.txt::NCT02128958::outcomeMeasures[3]::groups[OG000]	3	2	78	False	NO_CONFLICT_DETECTED	NOT_A_PATIENT_COUNT__NO_CROSS_MEASURE_SUM_EMITTED	DISJOINTNESS_UNVERIFIABLE__NO_participantFlowModule_IN_CACHE
NCT02305758	ctg_placebo_onc_2014_2017.txt	130	ACTUAL	2	2	2	65	ctg_placebo_onc_2014_2017.txt::NCT02305758::outcomeMeasures[2]::groups[OG000]	2	2	130	False	NO_CONFLICT_DETECTED	NOT_A_PATIENT_COUNT__NO_CROSS_MEASURE_SUM_EMITTED	DISJOINTNESS_UNVERIFIABLE__NO_participantFlowModule_IN_CACHE
NCT02018861	ctg_placebo_onc_2014_2017.txt	88	ACTUAL	10	10	30	32	ctg_placebo_onc_2014_2017.txt::NCT02018861::outcomeMeasures[7]::groups[OG003]	7	6	65	False	NO_CONFLICT_DETECTED	NOT_A_PATIENT_COUNT__NO_CROSS_MEASURE_SUM_EMITTED	DISJOINTNESS_UNVERIFIABLE__NO_participantFlowModule_IN_CACHE
NCT02500121	ctg_placebo_onc_2014_2017.txt	108	ACTUAL	2	3	3	43	ctg_placebo_onc_2014_2017.txt::NCT02500121::outcomeMeasures[3]::groups[OG001]	3	2	85	False	NO_CONFLICT_DETECTED	NOT_A_PATIENT_COUNT__NO_CROSS_MEASURE_SUM_EMITTED	DISJOINTNESS_UNVERIFIABLE__NO_participantFlowModule_IN_CACHE
NCT02383498	ctg_placebo_onc_2014_2017.txt	24	ACTUAL	2	2	2	13	ctg_placebo_onc_2014_2017.txt::NCT02383498::outcomeMeasures[0]::groups[OG001]	0	2	24	False	NO_CONFLICT_DETECTED	NOT_A_PATIENT_COUNT__NO_CROSS_MEASURE_SUM_EMITTED	DISJOINTNESS_UNVERIFIABLE__NO_participantFlowModule_IN_CACHE
NCT02915523	ctg_placebo_onc_2014_2017.txt	140	ACTUAL	2	2	6	85	ctg_placebo_onc_2014_2017.txt::NCT02915523::outcomeMeasures[4]::groups[OG001]	4	2	126	False	NO_CONFLICT_DETECTED	NOT_A_PATIENT_COUNT__NO_CROSS_MEASURE_SUM_EMITTED	DISJOINTNESS_UNVERIFIABLE__NO_participantFlowModule_IN_CACHE
NCT02425891	ctg_placebo_onc_2014_2017.txt	902	ACTUAL	2	2	4	450	ctg_placebo_onc_2014_2017.txt::NCT02425891::outcomeMeasures[4]::groups[OG001]	4	2	899	False	NO_CONFLICT_DETECTED	NOT_A_PATIENT_COUNT__NO_CROSS_MEASURE_SUM_EMITTED	DISJOINTNESS_UNVERIFIABLE__NO_participantFlowModule_IN_CACHE
NCT02709512	ctg_placebo_onc_2014_2017.txt	249	ACTUAL	2	2	2	89	ctg_placebo_onc_2014_2017.txt::NCT02709512::outcomeMeasures[0]::groups[OG001]	0	2	176	False	NO_CONFLICT_DETECTED	NOT_A_PATIENT_COUNT__NO_CROSS_MEASURE_SUM_EMITTED	DISJOINTNESS_UNVERIFIABLE__NO_participantFlowModule_IN_CACHE
NCT02107703	ctg_placebo_onc_2014_2017.txt	669	ACTUAL	2	2	6	446	ctg_placebo_onc_2014_2017.txt::NCT02107703::outcomeMeasures[2]::groups[OG000]	2	2	669	False	NO_CONFLICT_DETECTED	NOT_A_PATIENT_COUNT__NO_CROSS_MEASURE_SUM_EMITTED	DISJOINTNESS_UNVERIFIABLE__NO_participantFlowModule_IN_CACHE
NCT02125461	ctg_placebo_onc_2014_2017.txt	713	ACTUAL	2	2	2	443	ctg_placebo_onc_2014_2017.txt::NCT02125461::outcomeMeasures[2]::groups[OG000]	2	2	656	False	NO_CONFLICT_DETECTED	NOT_A_PATIENT_COUNT__NO_CROSS_MEASURE_SUM_EMITTED	DISJOINTNESS_UNVERIFIABLE__NO_participantFlowModule_IN_CACHE
NCT02683941	ctg_placebo_onc_2014_2017.txt	77	ACTUAL	2	2	2	50	ctg_placebo_onc_2014_2017.txt::NCT02683941::outcomeMeasures[3]::groups[OG000]	3	2	75	False	NO_CONFLICT_DETECTED	NOT_A_PATIENT_COUNT__NO_CROSS_MEASURE_SUM_EMITTED	DISJOINTNESS_UNVERIFIABLE__NO_participantFlowModule_IN_CACHE
NCT02677896	ctg_placebo_onc_2014_2017.txt	1150	ACTUAL	3	2	2	182	ctg_placebo_onc_2014_2017.txt::NCT02677896::outcomeMeasures[6]::groups[OG001]	6	2	359	False	NO_CONFLICT_DETECTED	NOT_A_PATIENT_COUNT__NO_CROSS_MEASURE_SUM_EMITTED	DISJOINTNESS_UNVERIFIABLE__NO_participantFlowModule_IN_CACHE
NCT02755597	ctg_placebo_onc_2014_2017.txt	291	ACTUAL	2	2	4	194	ctg_placebo_onc_2014_2017.txt::NCT02755597::outcomeMeasures[1]::groups[OG000]	1	2	291	False	NO_CONFLICT_DETECTED	NOT_A_PATIENT_COUNT__NO_CROSS_MEASURE_SUM_EMITTED	DISJOINTNESS_UNVERIFIABLE__NO_participantFlowModule_IN_CACHE
NCT02448381	ctg_placebo_onc_2014_2017.txt	169	ACTUAL	2	2	4	110	ctg_placebo_onc_2014_2017.txt::NCT02448381::outcomeMeasures[3]::groups[OG000]	3	2	160	False	NO_CONFLICT_DETECTED	NOT_A_PATIENT_COUNT__NO_CROSS_MEASURE_SUM_EMITTED	DISJOINTNESS_UNVERIFIABLE__NO_participantFlowModule_IN_CACHE
NCT02708680	ctg_placebo_onc_2014_2017.txt	89	ACTUAL	2	4	4	41	ctg_placebo_onc_2014_2017.txt::NCT02708680::outcomeMeasures[4]::groups[OG001]	4	2	81	False	NO_CONFLICT_DETECTED	NOT_A_PATIENT_COUNT__NO_CROSS_MEASURE_SUM_EMITTED	DISJOINTNESS_UNVERIFIABLE__NO_participantFlowModule_IN_CACHE
NCT03300570	ctg_placebo_onc_2018_2021.txt	27	ACTUAL	2	2	2	13	ctg_placebo_onc_2018_2021.txt::NCT03300570::outcomeMeasures[1]::groups[OG000]	1	2	24	False	NO_CONFLICT_DETECTED	NOT_A_PATIENT_COUNT__NO_CROSS_MEASURE_SUM_EMITTED	DISJOINTNESS_UNVERIFIABLE__NO_participantFlowModule_IN_CACHE
NCT03834493	ctg_placebo_onc_2018_2021.txt	1244	ACTUAL	2	2	4	623	ctg_placebo_onc_2018_2021.txt::NCT03834493::outcomeMeasures[5]::groups[OG001]	5	2	1244	False	NO_CONFLICT_DETECTED	NOT_A_PATIENT_COUNT__NO_CROSS_MEASURE_SUM_EMITTED	DISJOINTNESS_UNVERIFIABLE__NO_participantFlowModule_IN_CACHE
NCT04934722	ctg_placebo_onc_2018_2021.txt	186	ACTUAL	2	2	4	94	ctg_placebo_onc_2018_2021.txt::NCT04934722::outcomeMeasures[8]::groups[OG001]	8	2	186	False	NO_CONFLICT_DETECTED	NOT_A_PATIENT_COUNT__NO_CROSS_MEASURE_SUM_EMITTED	DISJOINTNESS_UNVERIFIABLE__NO_participantFlowModule_IN_CACHE
NCT03629925	ctg_placebo_onc_2018_2021.txt	357	ACTUAL	2	2	4	179	ctg_placebo_onc_2018_2021.txt::NCT03629925::outcomeMeasures[2]::groups[OG000]	2	2	357	False	NO_CONFLICT_DETECTED	NOT_A_PATIENT_COUNT__NO_CROSS_MEASURE_SUM_EMITTED	DISJOINTNESS_UNVERIFIABLE__NO_participantFlowModule_IN_CACHE
NCT04066491	ctg_placebo_onc_2018_2021.txt	309	ACTUAL	3	2	2	77	ctg_placebo_onc_2018_2021.txt::NCT04066491::outcomeMeasures[5]::groups[OG000]	5	2	150	False	NO_CONFLICT_DETECTED	NOT_A_PATIENT_COUNT__NO_CROSS_MEASURE_SUM_EMITTED	DISJOINTNESS_UNVERIFIABLE__NO_participantFlowModule_IN_CACHE
NCT04940052	ctg_placebo_onc_2018_2021.txt	153	ACTUAL	2	2	2	101	ctg_placebo_onc_2018_2021.txt::NCT04940052::outcomeMeasures[1]::groups[OG000]	1	2	153	False	NO_CONFLICT_DETECTED	NOT_A_PATIENT_COUNT__NO_CROSS_MEASURE_SUM_EMITTED	DISJOINTNESS_UNVERIFIABLE__NO_participantFlowModule_IN_CACHE
NCT03671330	ctg_placebo_onc_2018_2021.txt	327	ACTUAL	2	4	8	79	ctg_placebo_onc_2018_2021.txt::NCT03671330::outcomeMeasures[5]::groups[OG000]	5	4	310	False	NO_CONFLICT_DETECTED	NOT_A_PATIENT_COUNT__NO_CROSS_MEASURE_SUM_EMITTED	DISJOINTNESS_UNVERIFIABLE__NO_participantFlowModule_IN_CACHE
NCT03690388	ctg_placebo_onc_2018_2021.txt	187	ACTUAL	2	2	2	67	ctg_placebo_onc_2018_2021.txt::NCT03690388::outcomeMeasures[1]::groups[OG000]	1	2	100	False	NO_CONFLICT_DETECTED	NOT_A_PATIENT_COUNT__NO_CROSS_MEASURE_SUM_EMITTED	DISJOINTNESS_UNVERIFIABLE__NO_participantFlowModule_IN_CACHE
NCT04194775	ctg_placebo_onc_2018_2021.txt	534	ACTUAL	2	2	8	353	ctg_placebo_onc_2018_2021.txt::NCT04194775::outcomeMeasures[1]::groups[OG000]	1	2	534	False	NO_CONFLICT_DETECTED	NOT_A_PATIENT_COUNT__NO_CROSS_MEASURE_SUM_EMITTED	DISJOINTNESS_UNVERIFIABLE__NO_participantFlowModule_IN_CACHE
NCT04251533	ctg_placebo_onc_2018_2021.txt	137	ACTUAL	3	3	6	52	ctg_placebo_onc_2018_2021.txt::NCT04251533::outcomeMeasures[3]::groups[OG000]	3	2	102	False	NO_CONFLICT_DETECTED	NOT_A_PATIENT_COUNT__NO_CROSS_MEASURE_SUM_EMITTED	DISJOINTNESS_UNVERIFIABLE__NO_participantFlowModule_IN_CACHE
NCT03581786	ctg_placebo_onc_2018_2021.txt	289	ACTUAL	2	2	8	146	ctg_placebo_onc_2018_2021.txt::NCT03581786::outcomeMeasures[2]::groups[OG001]	2	2	289	False	NO_CONFLICT_DETECTED	NOT_A_PATIENT_COUNT__NO_CROSS_MEASURE_SUM_EMITTED	DISJOINTNESS_UNVERIFIABLE__NO_participantFlowModule_IN_CACHE
NCT03375320	ctg_placebo_onc_2018_2021.txt	298	ACTUAL	2	4	4	134	ctg_placebo_onc_2018_2021.txt::NCT03375320::outcomeMeasures[3]::groups[OG000]	3	4	298	False	NO_CONFLICT_DETECTED	NOT_A_PATIENT_COUNT__NO_CROSS_MEASURE_SUM_EMITTED	DISJOINTNESS_UNVERIFIABLE__NO_participantFlowModule_IN_CACHE
NCT04619797	ctg_placebo_onc_2018_2021.txt	542	ACTUAL	2	2	2	272	ctg_placebo_onc_2018_2021.txt::NCT04619797::outcomeMeasures[10]::groups[OG000]	10	2	541	False	NO_CONFLICT_DETECTED	NOT_A_PATIENT_COUNT__NO_CROSS_MEASURE_SUM_EMITTED	DISJOINTNESS_UNVERIFIABLE__NO_participantFlowModule_IN_CACHE
NCT04607668	ctg_placebo_onc_2018_2021.txt	326	ACTUAL	2	2	6	140	ctg_placebo_onc_2018_2021.txt::NCT04607668::outcomeMeasures[9]::groups[OG001]	9	2	277	False	NO_CONFLICT_DETECTED	NOT_A_PATIENT_COUNT__NO_CROSS_MEASURE_SUM_EMITTED	DISJOINTNESS_UNVERIFIABLE__NO_participantFlowModule_IN_CACHE
NCT03602859	ctg_placebo_onc_2018_2021.txt	1400	ACTUAL	3	2	4	753	ctg_placebo_onc_2018_2021.txt::NCT03602859::outcomeMeasures[6]::groups[OG001]	6	2	1138	False	NO_CONFLICT_DETECTED	NOT_A_PATIENT_COUNT__NO_CROSS_MEASURE_SUM_EMITTED	DISJOINTNESS_UNVERIFIABLE__NO_participantFlowModule_IN_CACHE
NCT03427814	ctg_placebo_onc_2018_2021.txt	136	ACTUAL	2	2	2	39	ctg_placebo_onc_2018_2021.txt::NCT03427814::outcomeMeasures[3]::groups[OG000]	3	2	71	False	NO_CONFLICT_DETECTED	NOT_A_PATIENT_COUNT__NO_CROSS_MEASURE_SUM_EMITTED	DISJOINTNESS_UNVERIFIABLE__NO_participantFlowModule_IN_CACHE
NCT03563716	ctg_placebo_onc_2018_2021.txt	135	ACTUAL	2	2	4	68	ctg_placebo_onc_2018_2021.txt::NCT03563716::outcomeMeasures[0]::groups[OG000]	0	2	135	False	NO_CONFLICT_DETECTED	NOT_A_PATIENT_COUNT__NO_CROSS_MEASURE_SUM_EMITTED	DISJOINTNESS_UNVERIFIABLE__NO_participantFlowModule_IN_CACHE
NCT04003636	ctg_placebo_onc_2018_2021.txt	1069	ACTUAL	2	2	2	536	ctg_placebo_onc_2018_2021.txt::NCT04003636::outcomeMeasures[2]::groups[OG001]	2	2	1069	False	NO_CONFLICT_DETECTED	NOT_A_PATIENT_COUNT__NO_CROSS_MEASURE_SUM_EMITTED	DISJOINTNESS_UNVERIFIABLE__NO_participantFlowModule_IN_CACHE
NCT04191096	ctg_placebo_onc_2018_2021.txt	1251	ACTUAL	2	2	4	619	ctg_placebo_onc_2018_2021.txt::NCT04191096::outcomeMeasures[8]::groups[OG000]	8	2	1236	False	NO_CONFLICT_DETECTED	NOT_A_PATIENT_COUNT__NO_CROSS_MEASURE_SUM_EMITTED	DISJOINTNESS_UNVERIFIABLE__NO_participantFlowModule_IN_CACHE
NCT03400332	ctg_placebo_onc_2018_2021.txt	281	ACTUAL	5	9	9	63	ctg_placebo_onc_2018_2021.txt::NCT03400332::outcomeMeasures[6]::groups[OG004]	6	7	159	False	NO_CONFLICT_DETECTED	NOT_A_PATIENT_COUNT__NO_CROSS_MEASURE_SUM_EMITTED	DISJOINTNESS_UNVERIFIABLE__NO_participantFlowModule_IN_CACHE
NCT04164901	ctg_placebo_onc_2018_2021.txt	331	ACTUAL	2	2	2	168	ctg_placebo_onc_2018_2021.txt::NCT04164901::outcomeMeasures[3]::groups[OG000]	3	2	331	False	NO_CONFLICT_DETECTED	NOT_A_PATIENT_COUNT__NO_CROSS_MEASURE_SUM_EMITTED	DISJOINTNESS_UNVERIFIABLE__NO_participantFlowModule_IN_CACHE
NCT04732494	ctg_placebo_onc_2018_2021.txt	125	ACTUAL	2	2	8	63	ctg_placebo_onc_2018_2021.txt::NCT04732494::outcomeMeasures[0]::groups[OG001]	0	2	125	False	NO_CONFLICT_DETECTED	NOT_A_PATIENT_COUNT__NO_CROSS_MEASURE_SUM_EMITTED	DISJOINTNESS_UNVERIFIABLE__NO_participantFlowModule_IN_CACHE
NCT03778229	ctg_placebo_onc_2018_2021.txt	367	ACTUAL	2	6	12	196	ctg_placebo_onc_2018_2021.txt::NCT03778229::outcomeMeasures[1]::groups[OG000]	15	3	341	False	NO_CONFLICT_DETECTED	NOT_A_PATIENT_COUNT__NO_CROSS_MEASURE_SUM_EMITTED	DISJOINTNESS_UNVERIFIABLE__NO_participantFlowModule_IN_CACHE
NCT03830866	ctg_placebo_onc_2018_2021.txt	770	ACTUAL	2	2	4	385	ctg_placebo_onc_2018_2021.txt::NCT03830866::outcomeMeasures[4]::groups[OG000]	4	2	770	False	NO_CONFLICT_DETECTED	NOT_A_PATIENT_COUNT__NO_CROSS_MEASURE_SUM_EMITTED	DISJOINTNESS_UNVERIFIABLE__NO_participantFlowModule_IN_CACHE
NCT03607539	ctg_placebo_onc_2018_2021.txt	397	ACTUAL	2	2	4	266	ctg_placebo_onc_2018_2021.txt::NCT03607539::outcomeMeasures[2]::groups[OG000]	2	2	397	False	NO_CONFLICT_DETECTED	NOT_A_PATIENT_COUNT__NO_CROSS_MEASURE_SUM_EMITTED	DISJOINTNESS_UNVERIFIABLE__NO_participantFlowModule_IN_CACHE
NCT04060862	ctg_placebo_onc_2018_2021.txt	20	ACTUAL	2	2	6	0			0	0	False	NO_CONFLICT_DETECTED	NOT_A_PATIENT_COUNT__NO_CROSS_MEASURE_SUM_EMITTED	DISJOINTNESS_UNVERIFIABLE__NO_participantFlowModule_IN_CACHE
NCT04746924	ctg_placebo_onc_2018_2021.txt	669	ACTUAL	4	3	3	287	ctg_placebo_onc_2018_2021.txt::NCT04746924::outcomeMeasures[5]::groups[OG000]	5	2	574	False	NO_CONFLICT_DETECTED	NOT_A_PATIENT_COUNT__NO_CROSS_MEASURE_SUM_EMITTED	DISJOINTNESS_UNVERIFIABLE__NO_participantFlowModule_IN_CACHE
NCT03522246	ctg_placebo_onc_2018_2021.txt	1097	ACTUAL	5	3	6	41	ctg_placebo_onc_2018_2021.txt::NCT03522246::outcomeMeasures[10]::groups[OG000]	11	2	80	False	NO_CONFLICT_DETECTED	NOT_A_PATIENT_COUNT__NO_CROSS_MEASURE_SUM_EMITTED	DISJOINTNESS_UNVERIFIABLE__NO_participantFlowModule_IN_CACHE
NCT03703297	ctg_placebo_onc_2018_2021.txt	730	ACTUAL	3	2	2	175	ctg_placebo_onc_2018_2021.txt::NCT03703297::outcomeMeasures[4]::groups[OG000]	4	2	344	False	NO_CONFLICT_DETECTED	NOT_A_PATIENT_COUNT__NO_CROSS_MEASURE_SUM_EMITTED	DISJOINTNESS_UNVERIFIABLE__NO_participantFlowModule_IN_CACHE
NCT03635567	ctg_placebo_onc_2018_2021.txt	617	ACTUAL	2	2	2	309	ctg_placebo_onc_2018_2021.txt::NCT03635567::outcomeMeasures[6]::groups[OG001]	6	2	617	False	NO_CONFLICT_DETECTED	NOT_A_PATIENT_COUNT__NO_CROSS_MEASURE_SUM_EMITTED	DISJOINTNESS_UNVERIFIABLE__NO_participantFlowModule_IN_CACHE
NCT03957590	ctg_placebo_onc_2018_2021.txt	370	ACTUAL	2	2	2	185	ctg_placebo_onc_2018_2021.txt::NCT03957590::outcomeMeasures[4]::groups[OG000]	4	2	370	False	NO_CONFLICT_DETECTED	NOT_A_PATIENT_COUNT__NO_CROSS_MEASURE_SUM_EMITTED	DISJOINTNESS_UNVERIFIABLE__NO_participantFlowModule_IN_CACHE
NCT03626545	ctg_placebo_onc_2018_2021.txt	245	ACTUAL	3	3	6	120	ctg_placebo_onc_2018_2021.txt::NCT03626545::outcomeMeasures[2]::groups[OG001]	2	3	245	False	NO_CONFLICT_DETECTED	NOT_A_PATIENT_COUNT__NO_CROSS_MEASURE_SUM_EMITTED	DISJOINTNESS_UNVERIFIABLE__NO_participantFlowModule_IN_CACHE
NCT04716933	ctg_placebo_onc_2018_2021.txt	201	ACTUAL	2	2	2	101	ctg_placebo_onc_2018_2021.txt::NCT04716933::outcomeMeasures[2]::groups[OG000]	2	2	201	False	NO_CONFLICT_DETECTED	NOT_A_PATIENT_COUNT__NO_CROSS_MEASURE_SUM_EMITTED	DISJOINTNESS_UNVERIFIABLE__NO_participantFlowModule_IN_CACHE
NCT03653507	ctg_placebo_onc_2018_2021.txt	507	ACTUAL	2	2	2	254	ctg_placebo_onc_2018_2021.txt::NCT03653507::outcomeMeasures[5]::groups[OG000]	5	2	507	False	NO_CONFLICT_DETECTED	NOT_A_PATIENT_COUNT__NO_CROSS_MEASURE_SUM_EMITTED	DISJOINTNESS_UNVERIFIABLE__NO_participantFlowModule_IN_CACHE
NCT04552704	ctg_placebo_onc_2018_2021.txt	3	ACTUAL	3	1	1	0			0	0	False	NO_CONFLICT_DETECTED	NOT_A_PATIENT_COUNT__NO_CROSS_MEASURE_SUM_EMITTED	DISJOINTNESS_UNVERIFIABLE__NO_participantFlowModule_IN_CACHE
NCT04924608	ctg_placebo_onc_2018_2021.txt	145	ACTUAL	2	2	2	74	ctg_placebo_onc_2018_2021.txt::NCT04924608::outcomeMeasures[0]::groups[OG001]	0	2	145	False	NO_CONFLICT_DETECTED	NOT_A_PATIENT_COUNT__NO_CROSS_MEASURE_SUM_EMITTED	DISJOINTNESS_UNVERIFIABLE__NO_participantFlowModule_IN_CACHE
NCT05059262	ctg_placebo_onc_2018_2021.txt	123	ACTUAL	2	2	4	83	ctg_placebo_onc_2018_2021.txt::NCT05059262::outcomeMeasures[0]::groups[OG000]	0	2	123	False	NO_CONFLICT_DETECTED	NOT_A_PATIENT_COUNT__NO_CROSS_MEASURE_SUM_EMITTED	DISJOINTNESS_UNVERIFIABLE__NO_participantFlowModule_IN_CACHE
NCT03785964	ctg_placebo_onc_2018_2021.txt	142	ACTUAL	3	2	2	72	ctg_placebo_onc_2018_2021.txt::NCT03785964::outcomeMeasures[1]::groups[OG001]	1	2	142	False	NO_CONFLICT_DETECTED	NOT_A_PATIENT_COUNT__NO_CROSS_MEASURE_SUM_EMITTED	DISJOINTNESS_UNVERIFIABLE__NO_participantFlowModule_IN_CACHE
NCT03941093	ctg_placebo_onc_2018_2021.txt	284	ACTUAL	2	2	2	143	ctg_placebo_onc_2018_2021.txt::NCT03941093::outcomeMeasures[3]::groups[OG000]	3	2	284	False	NO_CONFLICT_DETECTED	NOT_A_PATIENT_COUNT__NO_CROSS_MEASURE_SUM_EMITTED	DISJOINTNESS_UNVERIFIABLE__NO_participantFlowModule_IN_CACHE
NCT05014815	ctg_placebo_onc_2018_2021.txt	272	ACTUAL	2	2	2	136	ctg_placebo_onc_2018_2021.txt::NCT05014815::outcomeMeasures[1]::groups[OG000]	1	2	272	False	NO_CONFLICT_DETECTED	NOT_A_PATIENT_COUNT__NO_CROSS_MEASURE_SUM_EMITTED	DISJOINTNESS_UNVERIFIABLE__NO_participantFlowModule_IN_CACHE
NCT04907227	ctg_placebo_onc_2018_2021.txt	81	ACTUAL	2	2	4	41	ctg_placebo_onc_2018_2021.txt::NCT04907227::outcomeMeasures[3]::groups[OG000]	3	2	81	False	NO_CONFLICT_DETECTED	NOT_A_PATIENT_COUNT__NO_CROSS_MEASURE_SUM_EMITTED	DISJOINTNESS_UNVERIFIABLE__NO_participantFlowModule_IN_CACHE
NCT03924986	ctg_placebo_onc_2018_2021.txt	263	ACTUAL	2	2	2	132	ctg_placebo_onc_2018_2021.txt::NCT03924986::outcomeMeasures[1]::groups[OG001]	1	2	263	False	NO_CONFLICT_DETECTED	NOT_A_PATIENT_COUNT__NO_CROSS_MEASURE_SUM_EMITTED	DISJOINTNESS_UNVERIFIABLE__NO_participantFlowModule_IN_CACHE
NCT03353753	ctg_placebo_onc_2018_2021.txt	129	ACTUAL	2	2	2	85	ctg_placebo_onc_2018_2021.txt::NCT03353753::outcomeMeasures[1]::groups[OG000]	1	2	129	False	NO_CONFLICT_DETECTED	NOT_A_PATIENT_COUNT__NO_CROSS_MEASURE_SUM_EMITTED	DISJOINTNESS_UNVERIFIABLE__NO_participantFlowModule_IN_CACHE
NCT04322539	ctg_placebo_onc_2018_2021.txt	691	ACTUAL	2	2	4	461	ctg_placebo_onc_2018_2021.txt::NCT04322539::outcomeMeasures[2]::groups[OG000]	2	2	691	False	NO_CONFLICT_DETECTED	NOT_A_PATIENT_COUNT__NO_CROSS_MEASURE_SUM_EMITTED	DISJOINTNESS_UNVERIFIABLE__NO_participantFlowModule_IN_CACHE
NCT03504397	ctg_placebo_onc_2018_2021.txt	565	ACTUAL	2	2	2	283	ctg_placebo_onc_2018_2021.txt::NCT03504397::outcomeMeasures[5]::groups[OG000]	5	2	565	False	NO_CONFLICT_DETECTED	NOT_A_PATIENT_COUNT__NO_CROSS_MEASURE_SUM_EMITTED	DISJOINTNESS_UNVERIFIABLE__NO_participantFlowModule_IN_CACHE
NCT03829969	ctg_placebo_onc_2018_2021.txt	514	ACTUAL	2	2	6	257	ctg_placebo_onc_2018_2021.txt::NCT03829969::outcomeMeasures[2]::groups[OG000]	2	2	514	False	NO_CONFLICT_DETECTED	NOT_A_PATIENT_COUNT__NO_CROSS_MEASURE_SUM_EMITTED	DISJOINTNESS_UNVERIFIABLE__NO_participantFlowModule_IN_CACHE
NCT04902885	ctg_placebo_onc_2018_2021.txt	95	ACTUAL	3	3	6	38	ctg_placebo_onc_2018_2021.txt::NCT04902885::outcomeMeasures[16]::groups[OG001]	16	3	85	False	NO_CONFLICT_DETECTED	NOT_A_PATIENT_COUNT__NO_CROSS_MEASURE_SUM_EMITTED	DISJOINTNESS_UNVERIFIABLE__NO_participantFlowModule_IN_CACHE
NCT04665843	ctg_placebo_onc_2018_2021.txt	123	ACTUAL	2	2	2	80	ctg_placebo_onc_2018_2021.txt::NCT04665843::outcomeMeasures[0]::groups[OG001]	0	2	119	False	NO_CONFLICT_DETECTED	NOT_A_PATIENT_COUNT__NO_CROSS_MEASURE_SUM_EMITTED	DISJOINTNESS_UNVERIFIABLE__NO_participantFlowModule_IN_CACHE
NCT03519971	ctg_placebo_onc_2018_2021.txt	328	ACTUAL	2	2	6	219	ctg_placebo_onc_2018_2021.txt::NCT03519971::outcomeMeasures[1]::groups[OG000]	1	2	328	False	NO_CONFLICT_DETECTED	NOT_A_PATIENT_COUNT__NO_CROSS_MEASURE_SUM_EMITTED	DISJOINTNESS_UNVERIFIABLE__NO_participantFlowModule_IN_CACHE
NCT03829319	ctg_placebo_onc_2018_2021.txt	761	ACTUAL	2	2	2	212	ctg_placebo_onc_2018_2021.txt::NCT03829319::outcomeMeasures[5]::groups[OG000]	5	2	423	False	NO_CONFLICT_DETECTED	NOT_A_PATIENT_COUNT__NO_CROSS_MEASURE_SUM_EMITTED	DISJOINTNESS_UNVERIFIABLE__NO_participantFlowModule_IN_CACHE
NCT04665856	ctg_placebo_onc_2018_2021.txt	123	ACTUAL	2	2	4	62	ctg_placebo_onc_2018_2021.txt::NCT04665856::outcomeMeasures[5]::groups[OG000]	5	2	123	False	NO_CONFLICT_DETECTED	NOT_A_PATIENT_COUNT__NO_CROSS_MEASURE_SUM_EMITTED	DISJOINTNESS_UNVERIFIABLE__NO_participantFlowModule_IN_CACHE
NCT03706690	ctg_placebo_onc_2018_2021.txt	407	ACTUAL	2	2	2	240	ctg_placebo_onc_2018_2021.txt::NCT03706690::outcomeMeasures[4]::groups[OG000]	4	2	367	False	NO_CONFLICT_DETECTED	NOT_A_PATIENT_COUNT__NO_CROSS_MEASURE_SUM_EMITTED	DISJOINTNESS_UNVERIFIABLE__NO_participantFlowModule_IN_CACHE
NCT03371017	ctg_placebo_onc_2018_2021.txt	595	ACTUAL	2	2	16	171	ctg_placebo_onc_2018_2021.txt::NCT03371017::outcomeMeasures[9]::groups[OG001]	9	2	339	False	NO_CONFLICT_DETECTED	NOT_A_PATIENT_COUNT__NO_CROSS_MEASURE_SUM_EMITTED	DISJOINTNESS_UNVERIFIABLE__NO_participantFlowModule_IN_CACHE
NCT03520959	ctg_placebo_onc_2018_2021.txt	1	ACTUAL	2	2	2	0			0	0	False	NO_CONFLICT_DETECTED	NOT_A_PATIENT_COUNT__NO_CROSS_MEASURE_SUM_EMITTED	DISJOINTNESS_UNVERIFIABLE__NO_participantFlowModule_IN_CACHE
NCT03745222	ctg_placebo_onc_2018_2021.txt	1	ACTUAL	3	3	3	0			0	0	False	NO_CONFLICT_DETECTED	NOT_A_PATIENT_COUNT__NO_CROSS_MEASURE_SUM_EMITTED	DISJOINTNESS_UNVERIFIABLE__NO_participantFlowModule_IN_CACHE
NCT03875235	ctg_placebo_onc_2018_2021.txt	810	ACTUAL	2	2	10	344	ctg_placebo_onc_2018_2021.txt::NCT03875235::outcomeMeasures[10]::groups[OG001]	10	2	685	False	NO_CONFLICT_DETECTED	NOT_A_PATIENT_COUNT__NO_CROSS_MEASURE_SUM_EMITTED	DISJOINTNESS_UNVERIFIABLE__NO_participantFlowModule_IN_CACHE
NCT04924062	ctg_placebo_onc_2018_2021.txt	158	ACTUAL	2	2	2	83	ctg_placebo_onc_2018_2021.txt::NCT04924062::outcomeMeasures[2]::groups[OG001]	2	2	158	False	NO_CONFLICT_DETECTED	NOT_A_PATIENT_COUNT__NO_CROSS_MEASURE_SUM_EMITTED	DISJOINTNESS_UNVERIFIABLE__NO_participantFlowModule_IN_CACHE
NCT04680052	ctg_placebo_onc_2018_2021.txt	654	ACTUAL	2	6	12	328	ctg_placebo_onc_2018_2021.txt::NCT04680052::outcomeMeasures[11]::groups[OG001]	11	2	654	False	NO_CONFLICT_DETECTED	NOT_A_PATIENT_COUNT__NO_CROSS_MEASURE_SUM_EMITTED	DISJOINTNESS_UNVERIFIABLE__NO_participantFlowModule_IN_CACHE
NCT03710876	ctg_placebo_onc_2018_2021.txt	53	ACTUAL	2	2	6	27	ctg_placebo_onc_2018_2021.txt::NCT03710876::outcomeMeasures[2]::groups[OG000]	2	2	49	False	NO_CONFLICT_DETECTED	NOT_A_PATIENT_COUNT__NO_CROSS_MEASURE_SUM_EMITTED	DISJOINTNESS_UNVERIFIABLE__NO_participantFlowModule_IN_CACHE
NCT04149574	ctg_placebo_onc_2018_2021.txt	13	ACTUAL	2	2	2	0			0	0	False	NO_CONFLICT_DETECTED	NOT_A_PATIENT_COUNT__NO_CROSS_MEASURE_SUM_EMITTED	DISJOINTNESS_UNVERIFIABLE__NO_participantFlowModule_IN_CACHE
NCT03817125	ctg_placebo_onc_2018_2021.txt	14	ACTUAL	2	2	4	8	ctg_placebo_onc_2018_2021.txt::NCT03817125::outcomeMeasures[2]::groups[OG001]	2	2	14	False	NO_CONFLICT_DETECTED	NOT_A_PATIENT_COUNT__NO_CROSS_MEASURE_SUM_EMITTED	DISJOINTNESS_UNVERIFIABLE__NO_participantFlowModule_IN_CACHE
NCT04063163	ctg_placebo_onc_2018_2021.txt	585	ACTUAL	2	2	2	389	ctg_placebo_onc_2018_2021.txt::NCT04063163::outcomeMeasures[2]::groups[OG000]	2	2	585	False	NO_CONFLICT_DETECTED	NOT_A_PATIENT_COUNT__NO_CROSS_MEASURE_SUM_EMITTED	DISJOINTNESS_UNVERIFIABLE__NO_participantFlowModule_IN_CACHE
NCT04100018	ctg_placebo_onc_2018_2021.txt	1030	ACTUAL	2	2	4	503	ctg_placebo_onc_2018_2021.txt::NCT04100018::outcomeMeasures[5]::groups[OG001]	5	2	1001	False	NO_CONFLICT_DETECTED	NOT_A_PATIENT_COUNT__NO_CROSS_MEASURE_SUM_EMITTED	DISJOINTNESS_UNVERIFIABLE__NO_participantFlowModule_IN_CACHE
NCT03654729	ctg_placebo_onc_2018_2021.txt	291	ACTUAL	3	3	3	96	ctg_placebo_onc_2018_2021.txt::NCT03654729::outcomeMeasures[7]::groups[OG000]	7	3	285	False	NO_CONFLICT_DETECTED	NOT_A_PATIENT_COUNT__NO_CROSS_MEASURE_SUM_EMITTED	DISJOINTNESS_UNVERIFIABLE__NO_participantFlowModule_IN_CACHE
NCT03694522	ctg_placebo_onc_2018_2021.txt	155	ACTUAL	2	2	2	78	ctg_placebo_onc_2018_2021.txt::NCT03694522::outcomeMeasures[2]::groups[OG001]	2	2	155	False	NO_CONFLICT_DETECTED	NOT_A_PATIENT_COUNT__NO_CROSS_MEASURE_SUM_EMITTED	DISJOINTNESS_UNVERIFIABLE__NO_participantFlowModule_IN_CACHE
NCT04005716	ctg_placebo_onc_2018_2021.txt	457	ACTUAL	2	2	6	230	ctg_placebo_onc_2018_2021.txt::NCT04005716::outcomeMeasures[2]::groups[OG001]	2	2	457	False	NO_CONFLICT_DETECTED	NOT_A_PATIENT_COUNT__NO_CROSS_MEASURE_SUM_EMITTED	DISJOINTNESS_UNVERIFIABLE__NO_participantFlowModule_IN_CACHE
NCT03834506	ctg_placebo_onc_2018_2021.txt	1030	ACTUAL	2	2	4	486	ctg_placebo_onc_2018_2021.txt::NCT03834506::outcomeMeasures[3]::groups[OG001]	3	2	960	False	NO_CONFLICT_DETECTED	NOT_A_PATIENT_COUNT__NO_CROSS_MEASURE_SUM_EMITTED	DISJOINTNESS_UNVERIFIABLE__NO_participantFlowModule_IN_CACHE
NCT03706365	ctg_placebo_onc_2018_2021.txt	393	ACTUAL	2	2	2	84	ctg_placebo_onc_2018_2021.txt::NCT03706365::outcomeMeasures[3]::groups[OG000]	3	2	157	False	NO_CONFLICT_DETECTED	NOT_A_PATIENT_COUNT__NO_CROSS_MEASURE_SUM_EMITTED	DISJOINTNESS_UNVERIFIABLE__NO_participantFlowModule_IN_CACHE
NCT04076059	ctg_placebo_onc_2018_2021.txt	180	ACTUAL	3	2	2	47	ctg_placebo_onc_2018_2021.txt::NCT04076059::outcomeMeasures[8]::groups[OG000]	8	2	69	False	NO_CONFLICT_DETECTED	NOT_A_PATIENT_COUNT__NO_CROSS_MEASURE_SUM_EMITTED	DISJOINTNESS_UNVERIFIABLE__NO_participantFlowModule_IN_CACHE
NCT03635489	ctg_placebo_onc_2018_2021.txt	100	ACTUAL	2	2	2	28	ctg_placebo_onc_2018_2021.txt::NCT03635489::outcomeMeasures[2]::groups[OG000]	2	2	52	False	NO_CONFLICT_DETECTED	NOT_A_PATIENT_COUNT__NO_CROSS_MEASURE_SUM_EMITTED	DISJOINTNESS_UNVERIFIABLE__NO_participantFlowModule_IN_CACHE
NCT03659136	ctg_placebo_onc_2018_2021.txt	103	ACTUAL	2	2	2	52	ctg_placebo_onc_2018_2021.txt::NCT03659136::outcomeMeasures[4]::groups[OG000]	4	2	103	False	NO_CONFLICT_DETECTED	NOT_A_PATIENT_COUNT__NO_CROSS_MEASURE_SUM_EMITTED	DISJOINTNESS_UNVERIFIABLE__NO_participantFlowModule_IN_CACHE
NCT02964507	ctg_placebo_onc_2018_2021.txt	124	ACTUAL	3	8	16	42	ctg_placebo_onc_2018_2021.txt::NCT02964507::outcomeMeasures[3]::groups[OG002]	3	6	123	False	NO_CONFLICT_DETECTED	NOT_A_PATIENT_COUNT__NO_CROSS_MEASURE_SUM_EMITTED	DISJOINTNESS_UNVERIFIABLE__NO_participantFlowModule_IN_CACHE
NCT04540211	ctg_placebo_onc_2018_2021.txt	461	ACTUAL	2	2	6	232	ctg_placebo_onc_2018_2021.txt::NCT04540211::outcomeMeasures[4]::groups[OG000]	4	2	461	False	NO_CONFLICT_DETECTED	NOT_A_PATIENT_COUNT__NO_CROSS_MEASURE_SUM_EMITTED	DISJOINTNESS_UNVERIFIABLE__NO_participantFlowModule_IN_CACHE
NCT03521154	ctg_placebo_onc_2018_2021.txt	216	ACTUAL	2	2	4	143	ctg_placebo_onc_2018_2021.txt::NCT03521154::outcomeMeasures[6]::groups[OG000]	6	2	216	False	NO_CONFLICT_DETECTED	NOT_A_PATIENT_COUNT__NO_CROSS_MEASURE_SUM_EMITTED	DISJOINTNESS_UNVERIFIABLE__NO_participantFlowModule_IN_CACHE
NCT04428333	ctg_placebo_onc_2018_2021.txt	117	ACTUAL	2	2	6	55	ctg_placebo_onc_2018_2021.txt::NCT04428333::outcomeMeasures[6]::groups[OG001]	6	2	107	False	NO_CONFLICT_DETECTED	NOT_A_PATIENT_COUNT__NO_CROSS_MEASURE_SUM_EMITTED	DISJOINTNESS_UNVERIFIABLE__NO_participantFlowModule_IN_CACHE
NCT05983367	ctg_placebo_onc_2022_2026.txt	76	ACTUAL	2	2	4	38	ctg_placebo_onc_2022_2026.txt::NCT05983367::outcomeMeasures[0]::groups[OG000]	0	2	76	False	NO_CONFLICT_DETECTED	NOT_A_PATIENT_COUNT__NO_CROSS_MEASURE_SUM_EMITTED	DISJOINTNESS_UNVERIFIABLE__NO_participantFlowModule_IN_CACHE
NCT05804045	ctg_placebo_onc_2022_2026.txt	94	ACTUAL	2	2	4	63	ctg_placebo_onc_2022_2026.txt::NCT05804045::outcomeMeasures[0]::groups[OG000]	0	2	94	False	NO_CONFLICT_DETECTED	NOT_A_PATIENT_COUNT__NO_CROSS_MEASURE_SUM_EMITTED	DISJOINTNESS_UNVERIFIABLE__NO_participantFlowModule_IN_CACHE
NCT05269355	ctg_placebo_onc_2022_2026.txt	359	ACTUAL	2	2	4	209	ctg_placebo_onc_2022_2026.txt::NCT05269355::outcomeMeasures[2]::groups[OG000]	2	2	314	False	NO_CONFLICT_DETECTED	NOT_A_PATIENT_COUNT__NO_CROSS_MEASURE_SUM_EMITTED	DISJOINTNESS_UNVERIFIABLE__NO_participantFlowModule_IN_CACHE
NCT01338792	ctg_results_bor_1999_2009.txt	47	ACTUAL	1	1	1	47	ctg_results_bor_1999_2009.txt::NCT01338792::outcomeMeasures[0]::groups[OG000]	0	1	47	False	NO_CONFLICT_DETECTED	NOT_A_PATIENT_COUNT__NO_CROSS_MEASURE_SUM_EMITTED	DISJOINTNESS_UNVERIFIABLE__NO_participantFlowModule_IN_CACHE
NCT00408564	ctg_results_bor_1999_2009.txt	39	ACTUAL	1	1	1	38	ctg_results_bor_1999_2009.txt::NCT00408564::outcomeMeasures[3]::groups[OG000]	3	1	38	False	NO_CONFLICT_DETECTED	NOT_A_PATIENT_COUNT__NO_CROSS_MEASURE_SUM_EMITTED	DISJOINTNESS_UNVERIFIABLE__NO_participantFlowModule_IN_CACHE
NCT00900562	ctg_results_bor_1999_2009.txt	19	ACTUAL	1	2	2	10	ctg_results_bor_1999_2009.txt::NCT00900562::outcomeMeasures[0]::groups[OG000]	0	2	17	False	NO_CONFLICT_DETECTED	NOT_A_PATIENT_COUNT__NO_CROSS_MEASURE_SUM_EMITTED	DISJOINTNESS_UNVERIFIABLE__NO_participantFlowModule_IN_CACHE
NCT00942162	ctg_results_bor_1999_2009.txt	125	ACTUAL	3	3	3	71	ctg_results_bor_1999_2009.txt::NCT00942162::outcomeMeasures[7]::groups[OG000]	7	3	123	False	NO_CONFLICT_DETECTED	NOT_A_PATIENT_COUNT__NO_CROSS_MEASURE_SUM_EMITTED	DISJOINTNESS_UNVERIFIABLE__NO_participantFlowModule_IN_CACHE
NCT00778102	ctg_results_bor_1999_2009.txt	80	ACTUAL	2	2	2	41	ctg_results_bor_1999_2009.txt::NCT00778102::outcomeMeasures[10]::groups[OG001]	10	2	80	False	NO_CONFLICT_DETECTED	NOT_A_PATIENT_COUNT__NO_CROSS_MEASURE_SUM_EMITTED	DISJOINTNESS_UNVERIFIABLE__NO_participantFlowModule_IN_CACHE
NCT00382720	ctg_results_bor_1999_2009.txt	275	ACTUAL	3	3	3	88	ctg_results_bor_1999_2009.txt::NCT00382720::outcomeMeasures[1]::groups[OG001]	1	3	248	False	NO_CONFLICT_DETECTED	NOT_A_PATIENT_COUNT__NO_CROSS_MEASURE_SUM_EMITTED	DISJOINTNESS_UNVERIFIABLE__NO_participantFlowModule_IN_CACHE
NCT01161173	ctg_results_bor_1999_2009.txt	347	ACTUAL	1	1	1	249	ctg_results_bor_1999_2009.txt::NCT01161173::outcomeMeasures[0]::groups[OG000]	0	1	249	False	NO_CONFLICT_DETECTED	NOT_A_PATIENT_COUNT__NO_CROSS_MEASURE_SUM_EMITTED	DISJOINTNESS_UNVERIFIABLE__NO_participantFlowModule_IN_CACHE
NCT00804856	ctg_results_bor_1999_2009.txt	180	ACTUAL	15	18	35	87	ctg_results_bor_1999_2009.txt::NCT00804856::outcomeMeasures[3]::groups[OG017]	3	18	350	True	WITHIN_MEASURE_SUM_EXCEEDS_ENROLLMENT__POOLED_LABEL_IN_MEASURE	NOT_A_PATIENT_COUNT__NO_CROSS_MEASURE_SUM_EMITTED	DISJOINTNESS_UNVERIFIABLE__NO_participantFlowModule_IN_CACHE
NCT00962091	ctg_results_bor_1999_2009.txt	53	ACTUAL	7	7	7	12	ctg_results_bor_1999_2009.txt::NCT00962091::outcomeMeasures[13]::groups[OG005]	13	7	49	False	NO_CONFLICT_DETECTED	NOT_A_PATIENT_COUNT__NO_CROSS_MEASURE_SUM_EMITTED	DISJOINTNESS_UNVERIFIABLE__NO_participantFlowModule_IN_CACHE
NCT00617773	ctg_results_bor_1999_2009.txt	31	ACTUAL	1	1	1	26	ctg_results_bor_1999_2009.txt::NCT00617773::outcomeMeasures[0]::groups[OG000]	0	1	26	False	NO_CONFLICT_DETECTED	NOT_A_PATIENT_COUNT__NO_CROSS_MEASURE_SUM_EMITTED	DISJOINTNESS_UNVERIFIABLE__NO_participantFlowModule_IN_CACHE
NCT02053610	ctg_results_bor_1999_2009.txt	787	ACTUAL	3	2	2	333	ctg_results_bor_1999_2009.txt::NCT02053610::outcomeMeasures[5]::groups[OG001]	5	2	663	False	NO_CONFLICT_DETECTED	NOT_A_PATIENT_COUNT__NO_CROSS_MEASURE_SUM_EMITTED	DISJOINTNESS_UNVERIFIABLE__NO_participantFlowModule_IN_CACHE
NCT00910091	ctg_results_bor_1999_2009.txt	73	ACTUAL	2	2	2	37	ctg_results_bor_1999_2009.txt::NCT00910091::outcomeMeasures[7]::groups[OG001]	7	2	73	False	NO_CONFLICT_DETECTED	NOT_A_PATIENT_COUNT__NO_CROSS_MEASURE_SUM_EMITTED	DISJOINTNESS_UNVERIFIABLE__NO_participantFlowModule_IN_CACHE
NCT00407563	ctg_results_bor_1999_2009.txt	48	ACTUAL	0	1	2	48	ctg_results_bor_1999_2009.txt::NCT00407563::outcomeMeasures[1]::groups[OG000]	1	1	48	False	NO_CONFLICT_DETECTED	NOT_A_PATIENT_COUNT__NO_CROSS_MEASURE_SUM_EMITTED	DISJOINTNESS_UNVERIFIABLE__NO_participantFlowModule_IN_CACHE
NCT02491892	ctg_results_bor_1999_2009.txt	79	ACTUAL	2	2	12	41	ctg_results_bor_1999_2009.txt::NCT02491892::outcomeMeasures[0]::groups[OG000]	0	2	78	False	NO_CONFLICT_DETECTED	NOT_A_PATIENT_COUNT__NO_CROSS_MEASURE_SUM_EMITTED	DISJOINTNESS_UNVERIFIABLE__NO_participantFlowModule_IN_CACHE
NCT00710710	ctg_results_bor_1999_2009.txt	89	ACTUAL	2	2	6	43	ctg_results_bor_1999_2009.txt::NCT00710710::outcomeMeasures[5]::groups[OG001]	5	2	82	False	NO_CONFLICT_DETECTED	NOT_A_PATIENT_COUNT__NO_CROSS_MEASURE_SUM_EMITTED	DISJOINTNESS_UNVERIFIABLE__NO_participantFlowModule_IN_CACHE
NCT00659360	ctg_results_bor_1999_2009.txt	17	ACTUAL	1	1	2	17	ctg_results_bor_1999_2009.txt::NCT00659360::outcomeMeasures[0]::groups[OG000]	0	1	17	False	NO_CONFLICT_DETECTED	NOT_A_PATIENT_COUNT__NO_CROSS_MEASURE_SUM_EMITTED	DISJOINTNESS_UNVERIFIABLE__NO_participantFlowModule_IN_CACHE
NCT00290771	ctg_results_bor_1999_2009.txt	231	ACTUAL	2	3	6	231	ctg_results_bor_1999_2009.txt::NCT00290771::outcomeMeasures[0]::groups[OG002]	0	3	462	True	WITHIN_MEASURE_SUM_EXCEEDS_ENROLLMENT__POOLED_LABEL_IN_MEASURE	NOT_A_PATIENT_COUNT__NO_CROSS_MEASURE_SUM_EMITTED	DISJOINTNESS_UNVERIFIABLE__NO_participantFlowModule_IN_CACHE
NCT00095199	ctg_results_bor_1999_2009.txt	939	ACTUAL	4	4	16	304	ctg_results_bor_1999_2009.txt::NCT00095199::outcomeMeasures[2]::groups[OG001]	2	4	938	False	NO_CONFLICT_DETECTED	NOT_A_PATIENT_COUNT__NO_CROSS_MEASURE_SUM_EMITTED	DISJOINTNESS_UNVERIFIABLE__NO_participantFlowModule_IN_CACHE
NCT01159171	ctg_results_bor_1999_2009.txt	50	ACTUAL	1	1	2	49	ctg_results_bor_1999_2009.txt::NCT01159171::outcomeMeasures[0]::groups[OG000]	0	1	49	False	NO_CONFLICT_DETECTED	NOT_A_PATIENT_COUNT__NO_CROSS_MEASURE_SUM_EMITTED	DISJOINTNESS_UNVERIFIABLE__NO_participantFlowModule_IN_CACHE
NCT00246090	ctg_results_bor_1999_2009.txt	298	ACTUAL	1	1	1	269	ctg_results_bor_1999_2009.txt::NCT00246090::outcomeMeasures[0]::groups[OG000]	0	1	269	False	NO_CONFLICT_DETECTED	NOT_A_PATIENT_COUNT__NO_CROSS_MEASURE_SUM_EMITTED	DISJOINTNESS_UNVERIFIABLE__NO_participantFlowModule_IN_CACHE
NCT00073957	ctg_results_bor_1999_2009.txt	25	ACTUAL	1	1	1	25	ctg_results_bor_1999_2009.txt::NCT00073957::outcomeMeasures[0]::groups[OG000]	0	1	25	False	NO_CONFLICT_DETECTED	NOT_A_PATIENT_COUNT__NO_CROSS_MEASURE_SUM_EMITTED	DISJOINTNESS_UNVERIFIABLE__NO_participantFlowModule_IN_CACHE
NCT00283244	ctg_results_bor_1999_2009.txt	147	ACTUAL	3	3	3	51	ctg_results_bor_1999_2009.txt::NCT00283244::outcomeMeasures[1]::groups[OG001]	1	3	146	False	NO_CONFLICT_DETECTED	NOT_A_PATIENT_COUNT__NO_CROSS_MEASURE_SUM_EMITTED	DISJOINTNESS_UNVERIFIABLE__NO_participantFlowModule_IN_CACHE
NCT00946270	ctg_results_bor_1999_2009.txt	70	ACTUAL	3	3	3	29	ctg_results_bor_1999_2009.txt::NCT00946270::outcomeMeasures[0]::groups[OG002]	0	3	70	False	NO_CONFLICT_DETECTED	NOT_A_PATIENT_COUNT__NO_CROSS_MEASURE_SUM_EMITTED	DISJOINTNESS_UNVERIFIABLE__NO_participantFlowModule_IN_CACHE
NCT00715403	ctg_results_bor_1999_2009.txt	41	ACTUAL	0	7	21	19	ctg_results_bor_1999_2009.txt::NCT00715403::outcomeMeasures[3]::groups[OG005]	3	7	41	False	NO_CONFLICT_DETECTED	NOT_A_PATIENT_COUNT__NO_CROSS_MEASURE_SUM_EMITTED	DISJOINTNESS_UNVERIFIABLE__NO_participantFlowModule_IN_CACHE
NCT02748213	ctg_results_bor_1999_2009.txt	225	ACTUAL	2	2	2	112	ctg_results_bor_1999_2009.txt::NCT02748213::outcomeMeasures[0]::groups[OG000]	0	2	222	False	NO_CONFLICT_DETECTED	NOT_A_PATIENT_COUNT__NO_CROSS_MEASURE_SUM_EMITTED	DISJOINTNESS_UNVERIFIABLE__NO_participantFlowModule_IN_CACHE
NCT00931918	ctg_results_bor_1999_2009.txt	206	ACTUAL	2	2	4	90	ctg_results_bor_1999_2009.txt::NCT00931918::outcomeMeasures[3]::groups[OG001]	3	2	176	False	NO_CONFLICT_DETECTED	NOT_A_PATIENT_COUNT__NO_CROSS_MEASURE_SUM_EMITTED	DISJOINTNESS_UNVERIFIABLE__NO_participantFlowModule_IN_CACHE
NCT01007032	ctg_results_bor_1999_2009.txt	21	ACTUAL	1	4	4	7	ctg_results_bor_1999_2009.txt::NCT01007032::outcomeMeasures[7]::groups[OG001]	7	4	21	False	NO_CONFLICT_DETECTED	NOT_A_PATIENT_COUNT__NO_CROSS_MEASURE_SUM_EMITTED	DISJOINTNESS_UNVERIFIABLE__NO_participantFlowModule_IN_CACHE
NCT00768664	ctg_results_bor_1999_2009.txt	69	ACTUAL	1	1	2	63	ctg_results_bor_1999_2009.txt::NCT00768664::outcomeMeasures[0]::groups[OG000]	0	1	63	False	NO_CONFLICT_DETECTED	NOT_A_PATIENT_COUNT__NO_CROSS_MEASURE_SUM_EMITTED	DISJOINTNESS_UNVERIFIABLE__NO_participantFlowModule_IN_CACHE
NCT00863655	ctg_results_bor_1999_2009.txt	724	ACTUAL	2	2	8	485	ctg_results_bor_1999_2009.txt::NCT00863655::outcomeMeasures[3]::groups[OG000]	3	2	724	False	NO_CONFLICT_DETECTED	NOT_A_PATIENT_COUNT__NO_CROSS_MEASURE_SUM_EMITTED	DISJOINTNESS_UNVERIFIABLE__NO_participantFlowModule_IN_CACHE
NCT00606008	ctg_results_bor_1999_2009.txt	30	ACTUAL	1	3	3	30	ctg_results_bor_1999_2009.txt::NCT00606008::outcomeMeasures[1]::groups[OG000]	1	3	60	False	WITHIN_MEASURE_SUM_EXCEEDS_ENROLLMENT	NOT_A_PATIENT_COUNT__NO_CROSS_MEASURE_SUM_EMITTED	DISJOINTNESS_UNVERIFIABLE__NO_participantFlowModule_IN_CACHE
NCT00191152	ctg_results_bor_1999_2009.txt	475	ACTUAL	2	4	4	239	ctg_results_bor_1999_2009.txt::NCT00191152::outcomeMeasures[7]::groups[OG000]	7	2	475	False	NO_CONFLICT_DETECTED	NOT_A_PATIENT_COUNT__NO_CROSS_MEASURE_SUM_EMITTED	DISJOINTNESS_UNVERIFIABLE__NO_participantFlowModule_IN_CACHE
NCT00585078	ctg_results_bor_1999_2009.txt	40	ACTUAL	1	1	1	24	ctg_results_bor_1999_2009.txt::NCT00585078::outcomeMeasures[0]::groups[OG000]	0	1	24	False	NO_CONFLICT_DETECTED	NOT_A_PATIENT_COUNT__NO_CROSS_MEASURE_SUM_EMITTED	DISJOINTNESS_UNVERIFIABLE__NO_participantFlowModule_IN_CACHE
NCT00113607	ctg_results_bor_1999_2009.txt	672	ACTUAL	2	2	2	337	ctg_results_bor_1999_2009.txt::NCT00113607::outcomeMeasures[2]::groups[OG001]	2	2	672	False	NO_CONFLICT_DETECTED	NOT_A_PATIENT_COUNT__NO_CROSS_MEASURE_SUM_EMITTED	DISJOINTNESS_UNVERIFIABLE__NO_participantFlowModule_IN_CACHE
NCT01158534	ctg_results_bor_1999_2009.txt	17	ACTUAL	1	1	1	17	ctg_results_bor_1999_2009.txt::NCT01158534::outcomeMeasures[0]::groups[OG000]	0	1	17	False	NO_CONFLICT_DETECTED	NOT_A_PATIENT_COUNT__NO_CROSS_MEASURE_SUM_EMITTED	DISJOINTNESS_UNVERIFIABLE__NO_participantFlowModule_IN_CACHE
NCT00725764	ctg_results_bor_1999_2009.txt	14	ACTUAL	1	1	2	14	ctg_results_bor_1999_2009.txt::NCT00725764::outcomeMeasures[0]::groups[OG000]	0	1	14	False	NO_CONFLICT_DETECTED	NOT_A_PATIENT_COUNT__NO_CROSS_MEASURE_SUM_EMITTED	DISJOINTNESS_UNVERIFIABLE__NO_participantFlowModule_IN_CACHE
NCT00768144	ctg_results_bor_1999_2009.txt	36	ACTUAL	1	1	1	36	ctg_results_bor_1999_2009.txt::NCT00768144::outcomeMeasures[0]::groups[OG000]	0	1	36	False	NO_CONFLICT_DETECTED	NOT_A_PATIENT_COUNT__NO_CROSS_MEASURE_SUM_EMITTED	DISJOINTNESS_UNVERIFIABLE__NO_participantFlowModule_IN_CACHE
NCT00152477	ctg_results_bor_1999_2009.txt	165	ACTUAL	3	4	8	106	ctg_results_bor_1999_2009.txt::NCT00152477::outcomeMeasures[0]::groups[OG001]	0	4	262	False	WITHIN_MEASURE_SUM_EXCEEDS_ENROLLMENT	NOT_A_PATIENT_COUNT__NO_CROSS_MEASURE_SUM_EMITTED	DISJOINTNESS_UNVERIFIABLE__NO_participantFlowModule_IN_CACHE
NCT00605722	ctg_results_bor_1999_2009.txt	51	ACTUAL	1	1	2	51	ctg_results_bor_1999_2009.txt::NCT00605722::outcomeMeasures[1]::groups[OG000]	1	1	51	False	NO_CONFLICT_DETECTED	NOT_A_PATIENT_COUNT__NO_CROSS_MEASURE_SUM_EMITTED	DISJOINTNESS_UNVERIFIABLE__NO_participantFlowModule_IN_CACHE
NCT00533702	ctg_results_bor_1999_2009.txt	106	ACTUAL	2	2	8	52	ctg_results_bor_1999_2009.txt::NCT00533702::outcomeMeasures[2]::groups[OG000]	2	2	102	False	NO_CONFLICT_DETECTED	NOT_A_PATIENT_COUNT__NO_CROSS_MEASURE_SUM_EMITTED	DISJOINTNESS_UNVERIFIABLE__NO_participantFlowModule_IN_CACHE
NCT00748553	ctg_results_bor_1999_2009.txt	30	ACTUAL	1	1	1	13	ctg_results_bor_1999_2009.txt::NCT00748553::outcomeMeasures[1]::groups[OG000]	1	1	13	False	NO_CONFLICT_DETECTED	NOT_A_PATIENT_COUNT__NO_CROSS_MEASURE_SUM_EMITTED	DISJOINTNESS_UNVERIFIABLE__NO_participantFlowModule_IN_CACHE
NCT00452673	ctg_results_bor_1999_2009.txt	52	ACTUAL	4	4	8	25	ctg_results_bor_1999_2009.txt::NCT00452673::outcomeMeasures[2]::groups[OG003]	2	4	40	False	NO_CONFLICT_DETECTED	NOT_A_PATIENT_COUNT__NO_CROSS_MEASURE_SUM_EMITTED	DISJOINTNESS_UNVERIFIABLE__NO_participantFlowModule_IN_CACHE
NCT00379639	ctg_results_bor_1999_2009.txt	36	ACTUAL	1	5	5	7	ctg_results_bor_1999_2009.txt::NCT00379639::outcomeMeasures[2]::groups[OG001]	2	5	27	False	NO_CONFLICT_DETECTED	NOT_A_PATIENT_COUNT__NO_CROSS_MEASURE_SUM_EMITTED	DISJOINTNESS_UNVERIFIABLE__NO_participantFlowModule_IN_CACHE
NCT00769067	ctg_results_bor_1999_2009.txt	188	ACTUAL	2	2	4	94	ctg_results_bor_1999_2009.txt::NCT00769067::outcomeMeasures[7]::groups[OG000]	7	2	188	False	NO_CONFLICT_DETECTED	NOT_A_PATIENT_COUNT__NO_CROSS_MEASURE_SUM_EMITTED	DISJOINTNESS_UNVERIFIABLE__NO_participantFlowModule_IN_CACHE
NCT00278993	ctg_results_bor_1999_2009.txt	108	ACTUAL	1	1	2	105	ctg_results_bor_1999_2009.txt::NCT00278993::outcomeMeasures[0]::groups[OG000]	0	1	105	False	NO_CONFLICT_DETECTED	NOT_A_PATIENT_COUNT__NO_CROSS_MEASURE_SUM_EMITTED	DISJOINTNESS_UNVERIFIABLE__NO_participantFlowModule_IN_CACHE
NCT00576758	ctg_results_bor_1999_2009.txt	175	ACTUAL	2	2	8	75	ctg_results_bor_1999_2009.txt::NCT00576758::outcomeMeasures[0]::groups[OG000]	0	2	149	False	NO_CONFLICT_DETECTED	NOT_A_PATIENT_COUNT__NO_CROSS_MEASURE_SUM_EMITTED	DISJOINTNESS_UNVERIFIABLE__NO_participantFlowModule_IN_CACHE
NCT00444535	ctg_results_bor_1999_2009.txt	52	ACTUAL	1	1	2	52	ctg_results_bor_1999_2009.txt::NCT00444535::outcomeMeasures[2]::groups[OG000]	2	1	52	False	NO_CONFLICT_DETECTED	NOT_A_PATIENT_COUNT__NO_CROSS_MEASURE_SUM_EMITTED	DISJOINTNESS_UNVERIFIABLE__NO_participantFlowModule_IN_CACHE
NCT00527735	ctg_results_bor_1999_2009.txt	334	ACTUAL	3	3	9	113	ctg_results_bor_1999_2009.txt::NCT00527735::outcomeMeasures[3]::groups[OG000]	3	3	334	False	NO_CONFLICT_DETECTED	NOT_A_PATIENT_COUNT__NO_CROSS_MEASURE_SUM_EMITTED	DISJOINTNESS_UNVERIFIABLE__NO_participantFlowModule_IN_CACHE
NCT01275222	ctg_results_bor_1999_2009.txt	117	ACTUAL	6	6	6	47	ctg_results_bor_1999_2009.txt::NCT01275222::outcomeMeasures[1]::groups[OG005]	1	6	117	False	NO_CONFLICT_DETECTED	NOT_A_PATIENT_COUNT__NO_CROSS_MEASURE_SUM_EMITTED	DISJOINTNESS_UNVERIFIABLE__NO_participantFlowModule_IN_CACHE
NCT00903175	ctg_results_bor_1999_2009.txt	471	ACTUAL	2	2	2	238	ctg_results_bor_1999_2009.txt::NCT00903175::outcomeMeasures[3]::groups[OG000]	3	2	471	False	NO_CONFLICT_DETECTED	NOT_A_PATIENT_COUNT__NO_CROSS_MEASURE_SUM_EMITTED	DISJOINTNESS_UNVERIFIABLE__NO_participantFlowModule_IN_CACHE
NCT00969761	ctg_results_bor_1999_2009.txt	61	ACTUAL	2	12	48	13	ctg_results_bor_1999_2009.txt::NCT00969761::outcomeMeasures[2]::groups[OG010]	2	12	61	False	NO_CONFLICT_DETECTED	NOT_A_PATIENT_COUNT__NO_CROSS_MEASURE_SUM_EMITTED	DISJOINTNESS_UNVERIFIABLE__NO_participantFlowModule_IN_CACHE
NCT00875667	ctg_results_bor_1999_2009.txt	254	ACTUAL	2	2	4	170	ctg_results_bor_1999_2009.txt::NCT00875667::outcomeMeasures[2]::groups[OG000]	2	2	254	False	NO_CONFLICT_DETECTED	NOT_A_PATIENT_COUNT__NO_CROSS_MEASURE_SUM_EMITTED	DISJOINTNESS_UNVERIFIABLE__NO_participantFlowModule_IN_CACHE
NCT00765102	ctg_results_bor_1999_2009.txt	32	ACTUAL	1	1	1	0			0	0	False	NO_CONFLICT_DETECTED	NOT_A_PATIENT_COUNT__NO_CROSS_MEASURE_SUM_EMITTED	DISJOINTNESS_UNVERIFIABLE__NO_participantFlowModule_IN_CACHE
NCT02273388	ctg_results_bor_1999_2009.txt	65	ACTUAL	12	12	12	15	ctg_results_bor_1999_2009.txt::NCT02273388::outcomeMeasures[7]::groups[OG006]	7	12	65	False	NO_CONFLICT_DETECTED	NOT_A_PATIENT_COUNT__NO_CROSS_MEASURE_SUM_EMITTED	DISJOINTNESS_UNVERIFIABLE__NO_participantFlowModule_IN_CACHE
NCT00993499	ctg_results_bor_1999_2009.txt	44	ACTUAL	1	6	12	12	ctg_results_bor_1999_2009.txt::NCT00993499::outcomeMeasures[1]::groups[OG000]	1	6	39	False	NO_CONFLICT_DETECTED	NOT_A_PATIENT_COUNT__NO_CROSS_MEASURE_SUM_EMITTED	DISJOINTNESS_UNVERIFIABLE__NO_participantFlowModule_IN_CACHE
NCT00073749	ctg_results_bor_1999_2009.txt	79	ACTUAL	1	1	4	48	ctg_results_bor_1999_2009.txt::NCT00073749::outcomeMeasures[12]::groups[OG000]	12	1	48	False	NO_CONFLICT_DETECTED	NOT_A_PATIENT_COUNT__NO_CROSS_MEASURE_SUM_EMITTED	DISJOINTNESS_UNVERIFIABLE__NO_participantFlowModule_IN_CACHE
NCT02536664	ctg_results_bor_1999_2009.txt	505	ACTUAL	2	2	2	305	ctg_results_bor_1999_2009.txt::NCT02536664::outcomeMeasures[5]::groups[OG000]	5	2	477	False	NO_CONFLICT_DETECTED	NOT_A_PATIENT_COUNT__NO_CROSS_MEASURE_SUM_EMITTED	DISJOINTNESS_UNVERIFIABLE__NO_participantFlowModule_IN_CACHE
NCT00703664	ctg_results_bor_1999_2009.txt	65	ACTUAL	1	3	3	39	ctg_results_bor_1999_2009.txt::NCT00703664::outcomeMeasures[0]::groups[OG002]	0	3	65	False	NO_CONFLICT_DETECTED	NOT_A_PATIENT_COUNT__NO_CROSS_MEASURE_SUM_EMITTED	DISJOINTNESS_UNVERIFIABLE__NO_participantFlowModule_IN_CACHE
NCT00878800	ctg_results_bor_1999_2009.txt	41	ACTUAL	1	2	4	25	ctg_results_bor_1999_2009.txt::NCT00878800::outcomeMeasures[5]::groups[OG000]	5	2	41	False	NO_CONFLICT_DETECTED	NOT_A_PATIENT_COUNT__NO_CROSS_MEASURE_SUM_EMITTED	DISJOINTNESS_UNVERIFIABLE__NO_participantFlowModule_IN_CACHE
NCT00355238	ctg_results_bor_1999_2009.txt	137	ACTUAL	1	3	6	55	ctg_results_bor_1999_2009.txt::NCT00355238::outcomeMeasures[2]::groups[OG000]	2	3	123	False	NO_CONFLICT_DETECTED	NOT_A_PATIENT_COUNT__NO_CROSS_MEASURE_SUM_EMITTED	DISJOINTNESS_UNVERIFIABLE__NO_participantFlowModule_IN_CACHE
NCT00069108	ctg_results_bor_1999_2009.txt	627	ACTUAL	2	2	4	314	ctg_results_bor_1999_2009.txt::NCT00069108::outcomeMeasures[4]::groups[OG001]	4	2	627	False	NO_CONFLICT_DETECTED	NOT_A_PATIENT_COUNT__NO_CROSS_MEASURE_SUM_EMITTED	DISJOINTNESS_UNVERIFIABLE__NO_participantFlowModule_IN_CACHE
NCT00426556	ctg_results_bor_1999_2009.txt	88	ACTUAL	4	4	8	55	ctg_results_bor_1999_2009.txt::NCT00426556::outcomeMeasures[0]::groups[OG003]	0	1	55	False	NO_CONFLICT_DETECTED	NOT_A_PATIENT_COUNT__NO_CROSS_MEASURE_SUM_EMITTED	DISJOINTNESS_UNVERIFIABLE__NO_participantFlowModule_IN_CACHE
NCT00688753	ctg_results_bor_1999_2009.txt	92	ACTUAL	1	1	2	92	ctg_results_bor_1999_2009.txt::NCT00688753::outcomeMeasures[1]::groups[OG000]	1	1	92	False	NO_CONFLICT_DETECTED	NOT_A_PATIENT_COUNT__NO_CROSS_MEASURE_SUM_EMITTED	DISJOINTNESS_UNVERIFIABLE__NO_participantFlowModule_IN_CACHE
NCT00428922	ctg_results_bor_1999_2009.txt	26	ACTUAL	1	1	1	26	ctg_results_bor_1999_2009.txt::NCT00428922::outcomeMeasures[2]::groups[OG000]	2	1	26	False	NO_CONFLICT_DETECTED	NOT_A_PATIENT_COUNT__NO_CROSS_MEASURE_SUM_EMITTED	DISJOINTNESS_UNVERIFIABLE__NO_participantFlowModule_IN_CACHE
NCT00001941	ctg_results_bor_1999_2009.txt	34	ACTUAL	5	1	1	19	ctg_results_bor_1999_2009.txt::NCT00001941::outcomeMeasures[2]::groups[OG000]	2	1	19	False	NO_CONFLICT_DETECTED	NOT_A_PATIENT_COUNT__NO_CROSS_MEASURE_SUM_EMITTED	DISJOINTNESS_UNVERIFIABLE__NO_participantFlowModule_IN_CACHE
NCT00382733	ctg_results_bor_1999_2009.txt	26	ACTUAL	0	5	5	14	ctg_results_bor_1999_2009.txt::NCT00382733::outcomeMeasures[2]::groups[OG003]	2	5	26	False	NO_CONFLICT_DETECTED	NOT_A_PATIENT_COUNT__NO_CROSS_MEASURE_SUM_EMITTED	DISJOINTNESS_UNVERIFIABLE__NO_participantFlowModule_IN_CACHE
NCT00728949	ctg_results_bor_1999_2009.txt	93	ACTUAL	2	2	4	62	ctg_results_bor_1999_2009.txt::NCT00728949::outcomeMeasures[1]::groups[OG000]	1	2	93	False	NO_CONFLICT_DETECTED	NOT_A_PATIENT_COUNT__NO_CROSS_MEASURE_SUM_EMITTED	DISJOINTNESS_UNVERIFIABLE__NO_participantFlowModule_IN_CACHE
NCT00400803	ctg_results_bor_1999_2009.txt	38	ACTUAL	1	4	4	35	ctg_results_bor_1999_2009.txt::NCT00400803::outcomeMeasures[1]::groups[OG000]	1	4	70	False	WITHIN_MEASURE_SUM_EXCEEDS_ENROLLMENT	NOT_A_PATIENT_COUNT__NO_CROSS_MEASURE_SUM_EMITTED	DISJOINTNESS_UNVERIFIABLE__NO_participantFlowModule_IN_CACHE
NCT00398320	ctg_results_bor_1999_2009.txt	40	ACTUAL	1	1	1	40	ctg_results_bor_1999_2009.txt::NCT00398320::outcomeMeasures[2]::groups[OG000]	2	1	40	False	NO_CONFLICT_DETECTED	NOT_A_PATIENT_COUNT__NO_CROSS_MEASURE_SUM_EMITTED	DISJOINTNESS_UNVERIFIABLE__NO_participantFlowModule_IN_CACHE
NCT01069627	ctg_results_bor_1999_2009.txt	20	ACTUAL	1	1	4	19	ctg_results_bor_1999_2009.txt::NCT01069627::outcomeMeasures[16]::groups[OG000]	16	1	19	False	NO_CONFLICT_DETECTED	NOT_A_PATIENT_COUNT__NO_CROSS_MEASURE_SUM_EMITTED	DISJOINTNESS_UNVERIFIABLE__NO_participantFlowModule_IN_CACHE
NCT00729482	ctg_results_bor_1999_2009.txt	54	ACTUAL	1	1	1	51	ctg_results_bor_1999_2009.txt::NCT00729482::outcomeMeasures[1]::groups[OG000]	1	1	51	False	NO_CONFLICT_DETECTED	NOT_A_PATIENT_COUNT__NO_CROSS_MEASURE_SUM_EMITTED	DISJOINTNESS_UNVERIFIABLE__NO_participantFlowModule_IN_CACHE
NCT00065182	ctg_results_bor_1999_2009.txt	399	ACTUAL	0	2	2	0			0	0	False	NO_CONFLICT_DETECTED	NOT_A_PATIENT_COUNT__NO_CROSS_MEASURE_SUM_EMITTED	DISJOINTNESS_UNVERIFIABLE__NO_participantFlowModule_IN_CACHE
NCT00445068	ctg_results_bor_1999_2009.txt	38	ACTUAL	1	1	3	0			0	0	False	NO_CONFLICT_DETECTED	NOT_A_PATIENT_COUNT__NO_CROSS_MEASURE_SUM_EMITTED	DISJOINTNESS_UNVERIFIABLE__NO_participantFlowModule_IN_CACHE
NCT00631410	ctg_results_bor_1999_2009.txt	12	ACTUAL	2	2	2	6	ctg_results_bor_1999_2009.txt::NCT00631410::outcomeMeasures[4]::groups[OG000]	4	2	12	False	NO_CONFLICT_DETECTED	NOT_A_PATIENT_COUNT__NO_CROSS_MEASURE_SUM_EMITTED	DISJOINTNESS_UNVERIFIABLE__NO_participantFlowModule_IN_CACHE
NCT00848510	ctg_results_bor_1999_2009.txt	41	ACTUAL	1	4	4	11	ctg_results_bor_1999_2009.txt::NCT00848510::outcomeMeasures[3]::groups[OG001]	3	4	32	False	NO_CONFLICT_DETECTED	NOT_A_PATIENT_COUNT__NO_CROSS_MEASURE_SUM_EMITTED	DISJOINTNESS_UNVERIFIABLE__NO_participantFlowModule_IN_CACHE
NCT00610857	ctg_results_bor_1999_2009.txt	37	ACTUAL	1	1	1	37	ctg_results_bor_1999_2009.txt::NCT00610857::outcomeMeasures[0]::groups[OG000]	0	1	37	False	NO_CONFLICT_DETECTED	NOT_A_PATIENT_COUNT__NO_CROSS_MEASURE_SUM_EMITTED	DISJOINTNESS_UNVERIFIABLE__NO_participantFlowModule_IN_CACHE
NCT00093964	ctg_results_bor_1999_2009.txt	81	ACTUAL	2	2	2	40	ctg_results_bor_1999_2009.txt::NCT00093964::outcomeMeasures[1]::groups[OG000]	1	2	80	False	NO_CONFLICT_DETECTED	NOT_A_PATIENT_COUNT__NO_CROSS_MEASURE_SUM_EMITTED	DISJOINTNESS_UNVERIFIABLE__NO_participantFlowModule_IN_CACHE
NCT00328198	ctg_results_bor_1999_2009.txt	86	ACTUAL	2	1	1	86	ctg_results_bor_1999_2009.txt::NCT00328198::outcomeMeasures[6]::groups[OG000]	6	1	86	False	NO_CONFLICT_DETECTED	NOT_A_PATIENT_COUNT__NO_CROSS_MEASURE_SUM_EMITTED	DISJOINTNESS_UNVERIFIABLE__NO_participantFlowModule_IN_CACHE
NCT00077857	ctg_results_bor_1999_2009.txt	470	ACTUAL	2	2	6	235	ctg_results_bor_1999_2009.txt::NCT00077857::outcomeMeasures[1]::groups[OG000]	1	2	470	False	NO_CONFLICT_DETECTED	NOT_A_PATIENT_COUNT__NO_CROSS_MEASURE_SUM_EMITTED	DISJOINTNESS_UNVERIFIABLE__NO_participantFlowModule_IN_CACHE
NCT00454779	ctg_results_bor_1999_2009.txt	113	ACTUAL	2	2	4	52	ctg_results_bor_1999_2009.txt::NCT00454779::outcomeMeasures[1]::groups[OG000]	1	2	103	False	NO_CONFLICT_DETECTED	NOT_A_PATIENT_COUNT__NO_CROSS_MEASURE_SUM_EMITTED	DISJOINTNESS_UNVERIFIABLE__NO_participantFlowModule_IN_CACHE
NCT00371345	ctg_results_bor_1999_2009.txt	92	ACTUAL	1	9	16	69	ctg_results_bor_1999_2009.txt::NCT00371345::outcomeMeasures[1]::groups[OG004]	1	5	138	False	WITHIN_MEASURE_SUM_EXCEEDS_ENROLLMENT	NOT_A_PATIENT_COUNT__NO_CROSS_MEASURE_SUM_EMITTED	DISJOINTNESS_UNVERIFIABLE__NO_participantFlowModule_IN_CACHE
NCT00115765	ctg_results_bor_1999_2009.txt	1053	ACTUAL	4	4	8	413	ctg_results_bor_1999_2009.txt::NCT00115765::outcomeMeasures[2]::groups[OG000]	2	2	823	False	NO_CONFLICT_DETECTED	NOT_A_PATIENT_COUNT__NO_CROSS_MEASURE_SUM_EMITTED	DISJOINTNESS_UNVERIFIABLE__NO_participantFlowModule_IN_CACHE
NCT00853307	ctg_results_bor_1999_2009.txt	31	ACTUAL	1	2	4	25	ctg_results_bor_1999_2009.txt::NCT00853307::outcomeMeasures[0]::groups[OG001]	0	2	31	False	NO_CONFLICT_DETECTED	NOT_A_PATIENT_COUNT__NO_CROSS_MEASURE_SUM_EMITTED	DISJOINTNESS_UNVERIFIABLE__NO_participantFlowModule_IN_CACHE
NCT00545077	ctg_results_bor_1999_2009.txt	380	ACTUAL	2	2	4	190	ctg_results_bor_1999_2009.txt::NCT00545077::outcomeMeasures[5]::groups[OG001]	5	2	374	False	NO_CONFLICT_DETECTED	NOT_A_PATIENT_COUNT__NO_CROSS_MEASURE_SUM_EMITTED	DISJOINTNESS_UNVERIFIABLE__NO_participantFlowModule_IN_CACHE
NCT00605267	ctg_results_bor_1999_2009.txt	197	ACTUAL	2	2	8	99	ctg_results_bor_1999_2009.txt::NCT00605267::outcomeMeasures[0]::groups[OG001]	0	2	197	False	NO_CONFLICT_DETECTED	NOT_A_PATIENT_COUNT__NO_CROSS_MEASURE_SUM_EMITTED	DISJOINTNESS_UNVERIFIABLE__NO_participantFlowModule_IN_CACHE
NCT00632424	ctg_results_bor_1999_2009.txt	23	ACTUAL	1	3	3	9	ctg_results_bor_1999_2009.txt::NCT00632424::outcomeMeasures[8]::groups[OG001]	8	3	18	False	NO_CONFLICT_DETECTED	NOT_A_PATIENT_COUNT__NO_CROSS_MEASURE_SUM_EMITTED	DISJOINTNESS_UNVERIFIABLE__NO_participantFlowModule_IN_CACHE
NCT00191191	ctg_results_bor_1999_2009.txt	226	ACTUAL	2	2	2	108	ctg_results_bor_1999_2009.txt::NCT00191191::outcomeMeasures[0]::groups[OG000]	0	2	216	False	NO_CONFLICT_DETECTED	NOT_A_PATIENT_COUNT__NO_CROSS_MEASURE_SUM_EMITTED	DISJOINTNESS_UNVERIFIABLE__NO_participantFlowModule_IN_CACHE
NCT00773383	ctg_results_bor_1999_2009.txt	35	ACTUAL	1	1	2	0			0	0	False	NO_CONFLICT_DETECTED	NOT_A_PATIENT_COUNT__NO_CROSS_MEASURE_SUM_EMITTED	DISJOINTNESS_UNVERIFIABLE__NO_participantFlowModule_IN_CACHE
NCT00968981	ctg_results_bor_1999_2009.txt	67	ACTUAL	3	3	3	18	ctg_results_bor_1999_2009.txt::NCT00968981::outcomeMeasures[1]::groups[OG001]	1	3	46	False	NO_CONFLICT_DETECTED	NOT_A_PATIENT_COUNT__NO_CROSS_MEASURE_SUM_EMITTED	DISJOINTNESS_UNVERIFIABLE__NO_participantFlowModule_IN_CACHE
NCT00054353	ctg_results_bor_1999_2009.txt	16	ACTUAL	2	2	2	12	ctg_results_bor_1999_2009.txt::NCT00054353::outcomeMeasures[7]::groups[OG000]	7	2	16	False	NO_CONFLICT_DETECTED	NOT_A_PATIENT_COUNT__NO_CROSS_MEASURE_SUM_EMITTED	DISJOINTNESS_UNVERIFIABLE__NO_participantFlowModule_IN_CACHE
NCT00069095	ctg_results_bor_1999_2009.txt	2035	ACTUAL	4	4	8	967	ctg_results_bor_1999_2009.txt::NCT00069095::outcomeMeasures[10]::groups[OG001]	10	2	1904	False	NO_CONFLICT_DETECTED	NOT_A_PATIENT_COUNT__NO_CROSS_MEASURE_SUM_EMITTED	DISJOINTNESS_UNVERIFIABLE__NO_participantFlowModule_IN_CACHE
NCT00971867	ctg_results_bor_1999_2009.txt	11	ACTUAL	1	1	4	11	ctg_results_bor_1999_2009.txt::NCT00971867::outcomeMeasures[5]::groups[OG000]	5	1	11	False	NO_CONFLICT_DETECTED	NOT_A_PATIENT_COUNT__NO_CROSS_MEASURE_SUM_EMITTED	DISJOINTNESS_UNVERIFIABLE__NO_participantFlowModule_IN_CACHE
NCT00874848	ctg_results_bor_1999_2009.txt	90	ACTUAL	2	2	4	41	ctg_results_bor_1999_2009.txt::NCT00874848::outcomeMeasures[0]::groups[OG000]	0	2	67	False	NO_CONFLICT_DETECTED	NOT_A_PATIENT_COUNT__NO_CROSS_MEASURE_SUM_EMITTED	DISJOINTNESS_UNVERIFIABLE__NO_participantFlowModule_IN_CACHE
NCT00654238	ctg_results_bor_1999_2009.txt	59	ACTUAL	1	1	1	55	ctg_results_bor_1999_2009.txt::NCT00654238::outcomeMeasures[0]::groups[OG000]	0	1	55	False	NO_CONFLICT_DETECTED	NOT_A_PATIENT_COUNT__NO_CROSS_MEASURE_SUM_EMITTED	DISJOINTNESS_UNVERIFIABLE__NO_participantFlowModule_IN_CACHE
NCT00756509	ctg_results_bor_1999_2009.txt	34	ACTUAL	1	1	2	41	ctg_results_bor_1999_2009.txt::NCT00756509::outcomeMeasures[0]::groups[OG000]	0	1	41	False	SINGLE_COHORT_EXCEEDS_ENROLLMENT__INTERNAL_INCONSISTENCY__INFERENCE_STOPPED|WITHIN_MEASURE_SUM_EXCEEDS_ENROLLMENT	NOT_A_PATIENT_COUNT__NO_CROSS_MEASURE_SUM_EMITTED	DISJOINTNESS_UNVERIFIABLE__NO_participantFlowModule_IN_CACHE
NCT00375752	ctg_results_bor_1999_2009.txt	168	ACTUAL	2	2	2	66	ctg_results_bor_1999_2009.txt::NCT00375752::outcomeMeasures[0]::groups[OG000]	0	2	131	False	NO_CONFLICT_DETECTED	NOT_A_PATIENT_COUNT__NO_CROSS_MEASURE_SUM_EMITTED	DISJOINTNESS_UNVERIFIABLE__NO_participantFlowModule_IN_CACHE
NCT00490776	ctg_results_bor_1999_2009.txt	9	ACTUAL	1	1	4	0			0	0	False	NO_CONFLICT_DETECTED	NOT_A_PATIENT_COUNT__NO_CROSS_MEASURE_SUM_EMITTED	DISJOINTNESS_UNVERIFIABLE__NO_participantFlowModule_IN_CACHE
NCT00721734	ctg_results_bor_1999_2009.txt	50	ACTUAL	1	5	10	11	ctg_results_bor_1999_2009.txt::NCT00721734::outcomeMeasures[17]::groups[OG000]	17	5	47	False	NO_CONFLICT_DETECTED	NOT_A_PATIENT_COUNT__NO_CROSS_MEASURE_SUM_EMITTED	DISJOINTNESS_UNVERIFIABLE__NO_participantFlowModule_IN_CACHE
NCT01648764	ctg_results_bor_1999_2009.txt	73	ACTUAL	2	14	14	12	ctg_results_bor_1999_2009.txt::NCT01648764::outcomeMeasures[5]::groups[OG013]	5	14	73	False	NO_CONFLICT_DETECTED	NOT_A_PATIENT_COUNT__NO_CROSS_MEASURE_SUM_EMITTED	DISJOINTNESS_UNVERIFIABLE__NO_participantFlowModule_IN_CACHE
NCT00707655	ctg_results_bor_1999_2009.txt	8	ACTUAL	2	2	2	5	ctg_results_bor_1999_2009.txt::NCT00707655::outcomeMeasures[2]::groups[OG001]	2	2	8	False	NO_CONFLICT_DETECTED	NOT_A_PATIENT_COUNT__NO_CROSS_MEASURE_SUM_EMITTED	DISJOINTNESS_UNVERIFIABLE__NO_participantFlowModule_IN_CACHE
NCT00971932	ctg_results_bor_1999_2009.txt	33	ACTUAL	1	1	3	33	ctg_results_bor_1999_2009.txt::NCT00971932::outcomeMeasures[0]::groups[OG000]	0	1	33	False	NO_CONFLICT_DETECTED	NOT_A_PATIENT_COUNT__NO_CROSS_MEASURE_SUM_EMITTED	DISJOINTNESS_UNVERIFIABLE__NO_participantFlowModule_IN_CACHE
NCT00447421	ctg_results_bor_1999_2009.txt	9	ACTUAL	1	1	3	0			0	0	False	NO_CONFLICT_DETECTED	NOT_A_PATIENT_COUNT__NO_CROSS_MEASURE_SUM_EMITTED	DISJOINTNESS_UNVERIFIABLE__NO_participantFlowModule_IN_CACHE
NCT00560352	ctg_results_bor_1999_2009.txt	16	ACTUAL	1	3	3	7	ctg_results_bor_1999_2009.txt::NCT00560352::outcomeMeasures[1]::groups[OG000]	1	3	14	False	NO_CONFLICT_DETECTED	NOT_A_PATIENT_COUNT__NO_CROSS_MEASURE_SUM_EMITTED	DISJOINTNESS_UNVERIFIABLE__NO_participantFlowModule_IN_CACHE
NCT00593827	ctg_results_bor_1999_2009.txt	176	ACTUAL	2	2	2	89	ctg_results_bor_1999_2009.txt::NCT00593827::outcomeMeasures[2]::groups[OG001]	2	2	168	False	NO_CONFLICT_DETECTED	NOT_A_PATIENT_COUNT__NO_CROSS_MEASURE_SUM_EMITTED	DISJOINTNESS_UNVERIFIABLE__NO_participantFlowModule_IN_CACHE
NCT00798096	ctg_results_bor_1999_2009.txt	18	ACTUAL	1	1	4	18	ctg_results_bor_1999_2009.txt::NCT00798096::outcomeMeasures[0]::groups[OG000]	0	1	18	True	NO_CONFLICT_DETECTED	NOT_A_PATIENT_COUNT__NO_CROSS_MEASURE_SUM_EMITTED	DISJOINTNESS_UNVERIFIABLE__NO_participantFlowModule_IN_CACHE
NCT00574288	ctg_results_bor_1999_2009.txt	104	ACTUAL	2	6	6	42	ctg_results_bor_1999_2009.txt::NCT00574288::outcomeMeasures[1]::groups[OG005]	1	6	84	False	NO_CONFLICT_DETECTED	NOT_A_PATIENT_COUNT__NO_CROSS_MEASURE_SUM_EMITTED	DISJOINTNESS_UNVERIFIABLE__NO_participantFlowModule_IN_CACHE
NCT00019682	ctg_results_bor_1999_2009.txt	185	ACTUAL	2	2	2	93	ctg_results_bor_1999_2009.txt::NCT00019682::outcomeMeasures[0]::groups[OG000]	0	2	178	False	NO_CONFLICT_DETECTED	NOT_A_PATIENT_COUNT__NO_CROSS_MEASURE_SUM_EMITTED	DISJOINTNESS_UNVERIFIABLE__NO_participantFlowModule_IN_CACHE
NCT00651742	ctg_results_bor_1999_2009.txt	28	ACTUAL	1	1	2	27	ctg_results_bor_1999_2009.txt::NCT00651742::outcomeMeasures[0]::groups[OG000]	0	1	27	False	NO_CONFLICT_DETECTED	NOT_A_PATIENT_COUNT__NO_CROSS_MEASURE_SUM_EMITTED	DISJOINTNESS_UNVERIFIABLE__NO_participantFlowModule_IN_CACHE
NCT00945191	ctg_results_bor_1999_2009.txt	24	ACTUAL	1	1	1	24	ctg_results_bor_1999_2009.txt::NCT00945191::outcomeMeasures[0]::groups[OG000]	0	1	24	False	NO_CONFLICT_DETECTED	NOT_A_PATIENT_COUNT__NO_CROSS_MEASURE_SUM_EMITTED	DISJOINTNESS_UNVERIFIABLE__NO_participantFlowModule_IN_CACHE
NCT00932893	ctg_results_bor_1999_2009.txt	347	ACTUAL	2	2	2	174	ctg_results_bor_1999_2009.txt::NCT00932893::outcomeMeasures[3]::groups[OG001]	3	2	347	False	NO_CONFLICT_DETECTED	NOT_A_PATIENT_COUNT__NO_CROSS_MEASURE_SUM_EMITTED	DISJOINTNESS_UNVERIFIABLE__NO_participantFlowModule_IN_CACHE
NCT00503867	ctg_results_bor_1999_2009.txt	10	ACTUAL	1	1	1	0			0	0	False	NO_CONFLICT_DETECTED	NOT_A_PATIENT_COUNT__NO_CROSS_MEASURE_SUM_EMITTED	DISJOINTNESS_UNVERIFIABLE__NO_participantFlowModule_IN_CACHE
NCT02013765	ctg_results_bor_1999_2009.txt	5	ACTUAL	1	1	1	5	ctg_results_bor_1999_2009.txt::NCT02013765::outcomeMeasures[5]::groups[OG000]	5	1	5	False	NO_CONFLICT_DETECTED	NOT_A_PATIENT_COUNT__NO_CROSS_MEASURE_SUM_EMITTED	DISJOINTNESS_UNVERIFIABLE__NO_participantFlowModule_IN_CACHE
NCT00471328	ctg_results_bor_1999_2009.txt	248	ACTUAL	2	2	3	165	ctg_results_bor_1999_2009.txt::NCT00471328::outcomeMeasures[5]::groups[OG000]	5	2	248	False	NO_CONFLICT_DETECTED	NOT_A_PATIENT_COUNT__NO_CROSS_MEASURE_SUM_EMITTED	DISJOINTNESS_UNVERIFIABLE__NO_participantFlowModule_IN_CACHE
NCT00949702	ctg_results_bor_1999_2009.txt	132	ACTUAL	1	1	2	132	ctg_results_bor_1999_2009.txt::NCT00949702::outcomeMeasures[0]::groups[OG000]	0	1	132	False	NO_CONFLICT_DETECTED	NOT_A_PATIENT_COUNT__NO_CROSS_MEASURE_SUM_EMITTED	DISJOINTNESS_UNVERIFIABLE__NO_participantFlowModule_IN_CACHE
NCT00325234	ctg_results_bor_1999_2009.txt	135	ACTUAL	2	2	2	64	ctg_results_bor_1999_2009.txt::NCT00325234::outcomeMeasures[0]::groups[OG000]	0	2	125	False	NO_CONFLICT_DETECTED	NOT_A_PATIENT_COUNT__NO_CROSS_MEASURE_SUM_EMITTED	DISJOINTNESS_UNVERIFIABLE__NO_participantFlowModule_IN_CACHE
NCT00728468	ctg_results_bor_1999_2009.txt	16	ACTUAL	1	1	1	7	ctg_results_bor_1999_2009.txt::NCT00728468::outcomeMeasures[14]::groups[OG000]	14	1	7	False	NO_CONFLICT_DETECTED	NOT_A_PATIENT_COUNT__NO_CROSS_MEASURE_SUM_EMITTED	DISJOINTNESS_UNVERIFIABLE__NO_participantFlowModule_IN_CACHE
NCT00478426	ctg_results_bor_1999_2009.txt	34	ACTUAL	1	1	1	33	ctg_results_bor_1999_2009.txt::NCT00478426::outcomeMeasures[0]::groups[OG000]	0	1	33	False	NO_CONFLICT_DETECTED	NOT_A_PATIENT_COUNT__NO_CROSS_MEASURE_SUM_EMITTED	DISJOINTNESS_UNVERIFIABLE__NO_participantFlowModule_IN_CACHE
NCT00254540	ctg_results_bor_1999_2009.txt	51	ACTUAL	1	2	2	26	ctg_results_bor_1999_2009.txt::NCT00254540::outcomeMeasures[0]::groups[OG001]	0	2	51	False	NO_CONFLICT_DETECTED	NOT_A_PATIENT_COUNT__NO_CROSS_MEASURE_SUM_EMITTED	DISJOINTNESS_UNVERIFIABLE__NO_participantFlowModule_IN_CACHE
NCT00947856	ctg_results_bor_1999_2009.txt	110	ACTUAL	2	4	8	32	ctg_results_bor_1999_2009.txt::NCT00947856::outcomeMeasures[0]::groups[OG003]	0	4	64	False	NO_CONFLICT_DETECTED	NOT_A_PATIENT_COUNT__NO_CROSS_MEASURE_SUM_EMITTED	DISJOINTNESS_UNVERIFIABLE__NO_participantFlowModule_IN_CACHE
NCT00633594	ctg_results_bor_1999_2009.txt	39	ACTUAL	1	4	4	29	ctg_results_bor_1999_2009.txt::NCT00633594::outcomeMeasures[3]::groups[OG001]	2	2	39	False	NO_CONFLICT_DETECTED	NOT_A_PATIENT_COUNT__NO_CROSS_MEASURE_SUM_EMITTED	DISJOINTNESS_UNVERIFIABLE__NO_participantFlowModule_IN_CACHE
NCT00520845	ctg_results_bor_1999_2009.txt	23	ACTUAL	1	1	1	19	ctg_results_bor_1999_2009.txt::NCT00520845::outcomeMeasures[1]::groups[OG000]	1	1	19	False	NO_CONFLICT_DETECTED	NOT_A_PATIENT_COUNT__NO_CROSS_MEASURE_SUM_EMITTED	DISJOINTNESS_UNVERIFIABLE__NO_participantFlowModule_IN_CACHE
NCT00778817	ctg_results_bor_1999_2009.txt	20	ACTUAL	1	1	1	20	ctg_results_bor_1999_2009.txt::NCT00778817::outcomeMeasures[3]::groups[OG000]	3	1	20	False	NO_CONFLICT_DETECTED	NOT_A_PATIENT_COUNT__NO_CROSS_MEASURE_SUM_EMITTED	DISJOINTNESS_UNVERIFIABLE__NO_participantFlowModule_IN_CACHE
NCT00419159	ctg_results_bor_1999_2009.txt	199	ACTUAL	2	2	4	100	ctg_results_bor_1999_2009.txt::NCT00419159::outcomeMeasures[1]::groups[OG001]	1	2	199	False	NO_CONFLICT_DETECTED	NOT_A_PATIENT_COUNT__NO_CROSS_MEASURE_SUM_EMITTED	DISJOINTNESS_UNVERIFIABLE__NO_participantFlowModule_IN_CACHE
NCT00500903	ctg_results_bor_1999_2009.txt	87	ACTUAL	3	1	1	87	ctg_results_bor_1999_2009.txt::NCT00500903::outcomeMeasures[55]::groups[OG000]	55	1	87	False	NO_CONFLICT_DETECTED	NOT_A_PATIENT_COUNT__NO_CROSS_MEASURE_SUM_EMITTED	DISJOINTNESS_UNVERIFIABLE__NO_participantFlowModule_IN_CACHE
NCT00607724	ctg_results_bor_1999_2009.txt	68	ACTUAL	7	9	17	16	ctg_results_bor_1999_2009.txt::NCT00607724::outcomeMeasures[10]::groups[OG006]	10	7	66	False	NO_CONFLICT_DETECTED	NOT_A_PATIENT_COUNT__NO_CROSS_MEASURE_SUM_EMITTED	DISJOINTNESS_UNVERIFIABLE__NO_participantFlowModule_IN_CACHE
NCT00112905	ctg_results_bor_1999_2009.txt	27	ACTUAL	1	1	1	22	ctg_results_bor_1999_2009.txt::NCT00112905::outcomeMeasures[3]::groups[OG000]	3	1	22	False	NO_CONFLICT_DETECTED	NOT_A_PATIENT_COUNT__NO_CROSS_MEASURE_SUM_EMITTED	DISJOINTNESS_UNVERIFIABLE__NO_participantFlowModule_IN_CACHE
NCT00087139	ctg_results_bor_1999_2009.txt	124	ACTUAL	1	3	3	25	ctg_results_bor_1999_2009.txt::NCT00087139::outcomeMeasures[1]::groups[OG001]	1	3	71	False	NO_CONFLICT_DETECTED	NOT_A_PATIENT_COUNT__NO_CROSS_MEASURE_SUM_EMITTED	DISJOINTNESS_UNVERIFIABLE__NO_participantFlowModule_IN_CACHE
NCT00633464	ctg_results_bor_1999_2009.txt	79	ACTUAL	2	2	4	40	ctg_results_bor_1999_2009.txt::NCT00633464::outcomeMeasures[2]::groups[OG000]	2	2	79	False	NO_CONFLICT_DETECTED	NOT_A_PATIENT_COUNT__NO_CROSS_MEASURE_SUM_EMITTED	DISJOINTNESS_UNVERIFIABLE__NO_participantFlowModule_IN_CACHE
NCT00690430	ctg_results_bor_1999_2009.txt	186	ACTUAL	2	2	4	52	ctg_results_bor_1999_2009.txt::NCT00690430::outcomeMeasures[4]::groups[OG001]	4	2	103	False	NO_CONFLICT_DETECTED	NOT_A_PATIENT_COUNT__NO_CROSS_MEASURE_SUM_EMITTED	DISJOINTNESS_UNVERIFIABLE__NO_participantFlowModule_IN_CACHE
NCT00551421	ctg_results_bor_1999_2009.txt	17	ACTUAL	1	1	1	7	ctg_results_bor_1999_2009.txt::NCT00551421::outcomeMeasures[1]::groups[OG000]	1	1	7	False	NO_CONFLICT_DETECTED	NOT_A_PATIENT_COUNT__NO_CROSS_MEASURE_SUM_EMITTED	DISJOINTNESS_UNVERIFIABLE__NO_participantFlowModule_IN_CACHE
NCT00856375	ctg_results_bor_1999_2009.txt	83	ACTUAL	2	2	2	42	ctg_results_bor_1999_2009.txt::NCT00856375::outcomeMeasures[2]::groups[OG000]	2	2	83	False	NO_CONFLICT_DETECTED	NOT_A_PATIENT_COUNT__NO_CROSS_MEASURE_SUM_EMITTED	DISJOINTNESS_UNVERIFIABLE__NO_participantFlowModule_IN_CACHE
NCT01289028	ctg_results_bor_1999_2009.txt	125	ACTUAL	1	1	3	125	ctg_results_bor_1999_2009.txt::NCT01289028::outcomeMeasures[3]::groups[OG000]	3	1	125	False	NO_CONFLICT_DETECTED	NOT_A_PATIENT_COUNT__NO_CROSS_MEASURE_SUM_EMITTED	DISJOINTNESS_UNVERIFIABLE__NO_participantFlowModule_IN_CACHE
NCT00949910	ctg_results_bor_1999_2009.txt	6586	ACTUAL	1	1	2	6586	ctg_results_bor_1999_2009.txt::NCT00949910::outcomeMeasures[0]::groups[OG000]	0	1	6586	False	NO_CONFLICT_DETECTED	NOT_A_PATIENT_COUNT__NO_CROSS_MEASURE_SUM_EMITTED	DISJOINTNESS_UNVERIFIABLE__NO_participantFlowModule_IN_CACHE
NCT00659425	ctg_results_bor_1999_2009.txt	57	ACTUAL	10	10	10	12	ctg_results_bor_1999_2009.txt::NCT00659425::outcomeMeasures[9]::groups[OG009]	9	10	47	False	NO_CONFLICT_DETECTED	NOT_A_PATIENT_COUNT__NO_CROSS_MEASURE_SUM_EMITTED	DISJOINTNESS_UNVERIFIABLE__NO_participantFlowModule_IN_CACHE
NCT01032291	ctg_results_bor_1999_2009.txt	51	ACTUAL	2	2	2	21	ctg_results_bor_1999_2009.txt::NCT01032291::outcomeMeasures[1]::groups[OG000]	1	2	42	False	NO_CONFLICT_DETECTED	NOT_A_PATIENT_COUNT__NO_CROSS_MEASURE_SUM_EMITTED	DISJOINTNESS_UNVERIFIABLE__NO_participantFlowModule_IN_CACHE
NCT02013830	ctg_results_bor_1999_2009.txt	45	ACTUAL	1	1	1	44	ctg_results_bor_1999_2009.txt::NCT02013830::outcomeMeasures[0]::groups[OG000]	0	1	44	False	NO_CONFLICT_DETECTED	NOT_A_PATIENT_COUNT__NO_CROSS_MEASURE_SUM_EMITTED	DISJOINTNESS_UNVERIFIABLE__NO_participantFlowModule_IN_CACHE
NCT00586105	ctg_results_bor_1999_2009.txt	39	ACTUAL	1	1	2	5	ctg_results_bor_1999_2009.txt::NCT00586105::outcomeMeasures[8]::groups[OG000]	8	1	5	False	NO_CONFLICT_DETECTED	NOT_A_PATIENT_COUNT__NO_CROSS_MEASURE_SUM_EMITTED	DISJOINTNESS_UNVERIFIABLE__NO_participantFlowModule_IN_CACHE
NCT00301067	ctg_results_bor_1999_2009.txt	20	ACTUAL	4	1	1	20	ctg_results_bor_1999_2009.txt::NCT00301067::outcomeMeasures[4]::groups[OG000]	4	1	20	False	NO_CONFLICT_DETECTED	NOT_A_PATIENT_COUNT__NO_CROSS_MEASURE_SUM_EMITTED	DISJOINTNESS_UNVERIFIABLE__NO_participantFlowModule_IN_CACHE
NCT00842712	ctg_results_bor_1999_2009.txt	232	ACTUAL	7	3	3	85	ctg_results_bor_1999_2009.txt::NCT00842712::outcomeMeasures[4]::groups[OG000]	4	3	220	False	NO_CONFLICT_DETECTED	NOT_A_PATIENT_COUNT__NO_CROSS_MEASURE_SUM_EMITTED	DISJOINTNESS_UNVERIFIABLE__NO_participantFlowModule_IN_CACHE
NCT00398567	ctg_results_bor_1999_2009.txt	45	ACTUAL	3	1	2	28	ctg_results_bor_1999_2009.txt::NCT00398567::outcomeMeasures[1]::groups[OG000]	1	1	28	False	NO_CONFLICT_DETECTED	NOT_A_PATIENT_COUNT__NO_CROSS_MEASURE_SUM_EMITTED	DISJOINTNESS_UNVERIFIABLE__NO_participantFlowModule_IN_CACHE
NCT00585195	ctg_results_bor_1999_2009.txt	596	ACTUAL	1	6	6	116	ctg_results_bor_1999_2009.txt::NCT00585195::outcomeMeasures[30]::groups[OG004]	30	6	356	False	NO_CONFLICT_DETECTED	NOT_A_PATIENT_COUNT__NO_CROSS_MEASURE_SUM_EMITTED	DISJOINTNESS_UNVERIFIABLE__NO_participantFlowModule_IN_CACHE
NCT00281528	ctg_results_bor_1999_2009.txt	208	ACTUAL	3	3	3	79	ctg_results_bor_1999_2009.txt::NCT00281528::outcomeMeasures[1]::groups[OG002]	1	3	208	False	NO_CONFLICT_DETECTED	NOT_A_PATIENT_COUNT__NO_CROSS_MEASURE_SUM_EMITTED	DISJOINTNESS_UNVERIFIABLE__NO_participantFlowModule_IN_CACHE
NCT00098865	ctg_results_bor_1999_2009.txt	15	ACTUAL	1	1	1	15	ctg_results_bor_1999_2009.txt::NCT00098865::outcomeMeasures[1]::groups[OG000]	1	1	15	False	NO_CONFLICT_DETECTED	NOT_A_PATIENT_COUNT__NO_CROSS_MEASURE_SUM_EMITTED	DISJOINTNESS_UNVERIFIABLE__NO_participantFlowModule_IN_CACHE
NCT00517530	ctg_results_bor_1999_2009.txt	134	ACTUAL	8	5	5	22	ctg_results_bor_1999_2009.txt::NCT00517530::outcomeMeasures[1]::groups[OG001]	1	5	100	False	NO_CONFLICT_DETECTED	NOT_A_PATIENT_COUNT__NO_CROSS_MEASURE_SUM_EMITTED	DISJOINTNESS_UNVERIFIABLE__NO_participantFlowModule_IN_CACHE
NCT00531284	ctg_results_bor_1999_2009.txt	184	ACTUAL	17	19	20	65	ctg_results_bor_1999_2009.txt::NCT00531284::outcomeMeasures[1]::groups[OG000]	2	19	184	False	NO_CONFLICT_DETECTED	NOT_A_PATIENT_COUNT__NO_CROSS_MEASURE_SUM_EMITTED	DISJOINTNESS_UNVERIFIABLE__NO_participantFlowModule_IN_CACHE
NCT00268905	ctg_results_bor_1999_2009.txt	64	ACTUAL	3	3	3	43	ctg_results_bor_1999_2009.txt::NCT00268905::outcomeMeasures[2]::groups[OG000]	2	3	63	False	NO_CONFLICT_DETECTED	NOT_A_PATIENT_COUNT__NO_CROSS_MEASURE_SUM_EMITTED	DISJOINTNESS_UNVERIFIABLE__NO_participantFlowModule_IN_CACHE
NCT00361842	ctg_results_bor_1999_2009.txt	65	ACTUAL	1	2	2	24	ctg_results_bor_1999_2009.txt::NCT00361842::outcomeMeasures[0]::groups[OG001]	0	2	45	False	NO_CONFLICT_DETECTED	NOT_A_PATIENT_COUNT__NO_CROSS_MEASURE_SUM_EMITTED	DISJOINTNESS_UNVERIFIABLE__NO_participantFlowModule_IN_CACHE
NCT01016483	ctg_results_bor_1999_2009.txt	141	ACTUAL	4	2	2	44	ctg_results_bor_1999_2009.txt::NCT01016483::outcomeMeasures[22]::groups[OG000]	22	2	88	False	NO_CONFLICT_DETECTED	NOT_A_PATIENT_COUNT__NO_CROSS_MEASURE_SUM_EMITTED	DISJOINTNESS_UNVERIFIABLE__NO_participantFlowModule_IN_CACHE
NCT00063154	ctg_results_bor_1999_2009.txt	51	ACTUAL	1	1	2	38	ctg_results_bor_1999_2009.txt::NCT00063154::outcomeMeasures[1]::groups[OG000]	1	1	38	False	NO_CONFLICT_DETECTED	NOT_A_PATIENT_COUNT__NO_CROSS_MEASURE_SUM_EMITTED	DISJOINTNESS_UNVERIFIABLE__NO_participantFlowModule_IN_CACHE
NCT00101283	ctg_results_bor_1999_2009.txt	32	ACTUAL	2	2	2	16	ctg_results_bor_1999_2009.txt::NCT00101283::outcomeMeasures[0]::groups[OG000]	0	2	29	False	NO_CONFLICT_DETECTED	NOT_A_PATIENT_COUNT__NO_CROSS_MEASURE_SUM_EMITTED	DISJOINTNESS_UNVERIFIABLE__NO_participantFlowModule_IN_CACHE
NCT00965718	ctg_results_bor_1999_2009.txt	20	ACTUAL	1	1	1	16	ctg_results_bor_1999_2009.txt::NCT00965718::outcomeMeasures[0]::groups[OG000]	0	1	16	False	NO_CONFLICT_DETECTED	NOT_A_PATIENT_COUNT__NO_CROSS_MEASURE_SUM_EMITTED	DISJOINTNESS_UNVERIFIABLE__NO_participantFlowModule_IN_CACHE
NCT00508404	ctg_results_bor_1999_2009.txt	154	ACTUAL	1	2	8	85	ctg_results_bor_1999_2009.txt::NCT00508404::outcomeMeasures[0]::groups[OG000]	0	2	143	False	NO_CONFLICT_DETECTED	NOT_A_PATIENT_COUNT__NO_CROSS_MEASURE_SUM_EMITTED	DISJOINTNESS_UNVERIFIABLE__NO_participantFlowModule_IN_CACHE
NCT00421889	ctg_results_bor_1999_2009.txt	80	ACTUAL	1	9	9	35	ctg_results_bor_1999_2009.txt::NCT00421889::outcomeMeasures[1]::groups[OG005]	1	9	80	False	NO_CONFLICT_DETECTED	NOT_A_PATIENT_COUNT__NO_CROSS_MEASURE_SUM_EMITTED	DISJOINTNESS_UNVERIFIABLE__NO_participantFlowModule_IN_CACHE
NCT00535873	ctg_results_bor_1999_2009.txt	61	ACTUAL	1	1	1	60	ctg_results_bor_1999_2009.txt::NCT00535873::outcomeMeasures[0]::groups[OG000]	0	1	60	False	NO_CONFLICT_DETECTED	NOT_A_PATIENT_COUNT__NO_CROSS_MEASURE_SUM_EMITTED	DISJOINTNESS_UNVERIFIABLE__NO_participantFlowModule_IN_CACHE
NCT00337103	ctg_results_bor_1999_2009.txt	1276	ACTUAL	2	2	2	554	ctg_results_bor_1999_2009.txt::NCT00337103::outcomeMeasures[4]::groups[OG000]	4	2	1102	False	NO_CONFLICT_DETECTED	NOT_A_PATIENT_COUNT__NO_CROSS_MEASURE_SUM_EMITTED	DISJOINTNESS_UNVERIFIABLE__NO_participantFlowModule_IN_CACHE
NCT00630786	ctg_results_bor_1999_2009.txt	53	ACTUAL	1	2	2	25	ctg_results_bor_1999_2009.txt::NCT00630786::outcomeMeasures[1]::groups[OG001]	1	2	43	False	NO_CONFLICT_DETECTED	NOT_A_PATIENT_COUNT__NO_CROSS_MEASURE_SUM_EMITTED	DISJOINTNESS_UNVERIFIABLE__NO_participantFlowModule_IN_CACHE
NCT01014936	ctg_results_bor_1999_2009.txt	149	ACTUAL	3	3	3	62	ctg_results_bor_1999_2009.txt::NCT01014936::outcomeMeasures[56]::groups[OG002]	56	3	149	False	NO_CONFLICT_DETECTED	NOT_A_PATIENT_COUNT__NO_CROSS_MEASURE_SUM_EMITTED	DISJOINTNESS_UNVERIFIABLE__NO_participantFlowModule_IN_CACHE
NCT00437268	ctg_results_bor_1999_2009.txt	26	ACTUAL	2	2	4	13	ctg_results_bor_1999_2009.txt::NCT00437268::outcomeMeasures[1]::groups[OG000]	1	2	25	False	NO_CONFLICT_DETECTED	NOT_A_PATIENT_COUNT__NO_CROSS_MEASURE_SUM_EMITTED	DISJOINTNESS_UNVERIFIABLE__NO_participantFlowModule_IN_CACHE
NCT00401843	ctg_results_bor_1999_2009.txt	307	ACTUAL	3	2	2	137	ctg_results_bor_1999_2009.txt::NCT00401843::outcomeMeasures[1]::groups[OG000]	1	2	268	False	NO_CONFLICT_DETECTED	NOT_A_PATIENT_COUNT__NO_CROSS_MEASURE_SUM_EMITTED	DISJOINTNESS_UNVERIFIABLE__NO_participantFlowModule_IN_CACHE
NCT00961415	ctg_results_bor_1999_2009.txt	376	ACTUAL	3	2	2	128	ctg_results_bor_1999_2009.txt::NCT00961415::outcomeMeasures[2]::groups[OG001]	2	2	253	False	NO_CONFLICT_DETECTED	NOT_A_PATIENT_COUNT__NO_CROSS_MEASURE_SUM_EMITTED	DISJOINTNESS_UNVERIFIABLE__NO_participantFlowModule_IN_CACHE
NCT01674062	ctg_results_bor_1999_2009.txt	95	ACTUAL	2	2	5	66	ctg_results_bor_1999_2009.txt::NCT01674062::outcomeMeasures[0]::groups[OG000]	0	1	66	False	NO_CONFLICT_DETECTED	NOT_A_PATIENT_COUNT__NO_CROSS_MEASURE_SUM_EMITTED	DISJOINTNESS_UNVERIFIABLE__NO_participantFlowModule_IN_CACHE
NCT00688623	ctg_results_bor_1999_2009.txt	73	ACTUAL	1	1	6	73	ctg_results_bor_1999_2009.txt::NCT00688623::outcomeMeasures[2]::groups[OG000]	2	1	73	False	NO_CONFLICT_DETECTED	NOT_A_PATIENT_COUNT__NO_CROSS_MEASURE_SUM_EMITTED	DISJOINTNESS_UNVERIFIABLE__NO_participantFlowModule_IN_CACHE
NCT00570713	ctg_results_bor_1999_2009.txt	155	ACTUAL	2	2	2	78	ctg_results_bor_1999_2009.txt::NCT00570713::outcomeMeasures[2]::groups[OG000]	2	2	155	False	NO_CONFLICT_DETECTED	NOT_A_PATIENT_COUNT__NO_CROSS_MEASURE_SUM_EMITTED	DISJOINTNESS_UNVERIFIABLE__NO_participantFlowModule_IN_CACHE
NCT00309140	ctg_results_bor_1999_2009.txt	23	ACTUAL	1	1	1	23	ctg_results_bor_1999_2009.txt::NCT00309140::outcomeMeasures[2]::groups[OG000]	2	1	23	False	NO_CONFLICT_DETECTED	NOT_A_PATIENT_COUNT__NO_CROSS_MEASURE_SUM_EMITTED	DISJOINTNESS_UNVERIFIABLE__NO_participantFlowModule_IN_CACHE
NCT00982865	ctg_results_bor_1999_2009.txt	182	ACTUAL	4	4	4	71	ctg_results_bor_1999_2009.txt::NCT00982865::outcomeMeasures[45]::groups[OG001]	45	4	158	False	NO_CONFLICT_DETECTED	NOT_A_PATIENT_COUNT__NO_CROSS_MEASURE_SUM_EMITTED	DISJOINTNESS_UNVERIFIABLE__NO_participantFlowModule_IN_CACHE
NCT00606307	ctg_results_bor_1999_2009.txt	29	ACTUAL	1	1	1	29	ctg_results_bor_1999_2009.txt::NCT00606307::outcomeMeasures[0]::groups[OG000]	0	1	29	False	NO_CONFLICT_DETECTED	NOT_A_PATIENT_COUNT__NO_CROSS_MEASURE_SUM_EMITTED	DISJOINTNESS_UNVERIFIABLE__NO_participantFlowModule_IN_CACHE
NCT00058552	ctg_results_bor_1999_2009.txt	129	ACTUAL	0	2	2	62	ctg_results_bor_1999_2009.txt::NCT00058552::outcomeMeasures[0]::groups[OG001]	0	2	117	False	NO_CONFLICT_DETECTED	NOT_A_PATIENT_COUNT__NO_CROSS_MEASURE_SUM_EMITTED	DISJOINTNESS_UNVERIFIABLE__NO_participantFlowModule_IN_CACHE
NCT00985907	ctg_results_bor_1999_2009.txt	13	ACTUAL	1	1	1	0			0	0	False	NO_CONFLICT_DETECTED	NOT_A_PATIENT_COUNT__NO_CROSS_MEASURE_SUM_EMITTED	DISJOINTNESS_UNVERIFIABLE__NO_participantFlowModule_IN_CACHE
NCT00492206	ctg_results_bor_1999_2009.txt	40	ACTUAL	1	1	1	40	ctg_results_bor_1999_2009.txt::NCT00492206::outcomeMeasures[2]::groups[OG000]	2	1	40	False	NO_CONFLICT_DETECTED	NOT_A_PATIENT_COUNT__NO_CROSS_MEASURE_SUM_EMITTED	DISJOINTNESS_UNVERIFIABLE__NO_participantFlowModule_IN_CACHE
NCT01181609	ctg_results_bor_1999_2009.txt	54	ACTUAL	1	1	1	53	ctg_results_bor_1999_2009.txt::NCT01181609::outcomeMeasures[1]::groups[OG000]	1	1	53	False	NO_CONFLICT_DETECTED	NOT_A_PATIENT_COUNT__NO_CROSS_MEASURE_SUM_EMITTED	DISJOINTNESS_UNVERIFIABLE__NO_participantFlowModule_IN_CACHE
NCT00539617	ctg_results_bor_1999_2009.txt	7	ACTUAL	1	1	1	0			0	0	False	NO_CONFLICT_DETECTED	NOT_A_PATIENT_COUNT__NO_CROSS_MEASURE_SUM_EMITTED	DISJOINTNESS_UNVERIFIABLE__NO_participantFlowModule_IN_CACHE
NCT00598975	ctg_results_bor_1999_2009.txt	18	ACTUAL	2	3	3	18	ctg_results_bor_1999_2009.txt::NCT00598975::outcomeMeasures[2]::groups[OG002]	2	3	36	True	WITHIN_MEASURE_SUM_EXCEEDS_ENROLLMENT__POOLED_LABEL_IN_MEASURE	NOT_A_PATIENT_COUNT__NO_CROSS_MEASURE_SUM_EMITTED	DISJOINTNESS_UNVERIFIABLE__NO_participantFlowModule_IN_CACHE
NCT00647426	ctg_results_bor_1999_2009.txt	7	ACTUAL	1	1	1	0			0	0	False	NO_CONFLICT_DETECTED	NOT_A_PATIENT_COUNT__NO_CROSS_MEASURE_SUM_EMITTED	DISJOINTNESS_UNVERIFIABLE__NO_participantFlowModule_IN_CACHE
NCT00611325	ctg_results_bor_1999_2009.txt	56	ACTUAL	2	2	2	28	ctg_results_bor_1999_2009.txt::NCT00611325::outcomeMeasures[3]::groups[OG000]	3	2	56	False	NO_CONFLICT_DETECTED	NOT_A_PATIENT_COUNT__NO_CROSS_MEASURE_SUM_EMITTED	DISJOINTNESS_UNVERIFIABLE__NO_participantFlowModule_IN_CACHE
NCT00784303	ctg_results_bor_1999_2009.txt	117	ACTUAL	2	2	6	59	ctg_results_bor_1999_2009.txt::NCT00784303::outcomeMeasures[0]::groups[OG001]	0	2	117	False	NO_CONFLICT_DETECTED	NOT_A_PATIENT_COUNT__NO_CROSS_MEASURE_SUM_EMITTED	DISJOINTNESS_UNVERIFIABLE__NO_participantFlowModule_IN_CACHE
NCT00171834	ctg_results_bor_1999_2009.txt	89	ACTUAL	0	8	10	50	ctg_results_bor_1999_2009.txt::NCT00171834::outcomeMeasures[6]::groups[OG000]	6	2	85	False	NO_CONFLICT_DETECTED	NOT_A_PATIENT_COUNT__NO_CROSS_MEASURE_SUM_EMITTED	DISJOINTNESS_UNVERIFIABLE__NO_participantFlowModule_IN_CACHE
NCT00788775	ctg_results_bor_1999_2009.txt	20	ACTUAL	1	2	2	11	ctg_results_bor_1999_2009.txt::NCT00788775::outcomeMeasures[3]::groups[OG000]	3	2	19	False	NO_CONFLICT_DETECTED	NOT_A_PATIENT_COUNT__NO_CROSS_MEASURE_SUM_EMITTED	DISJOINTNESS_UNVERIFIABLE__NO_participantFlowModule_IN_CACHE
NCT00859937	ctg_results_bor_1999_2009.txt	55	ACTUAL	1	2	2	40	ctg_results_bor_1999_2009.txt::NCT00859937::outcomeMeasures[0]::groups[OG000]	0	2	54	False	NO_CONFLICT_DETECTED	NOT_A_PATIENT_COUNT__NO_CROSS_MEASURE_SUM_EMITTED	DISJOINTNESS_UNVERIFIABLE__NO_participantFlowModule_IN_CACHE
NCT00946153	ctg_results_bor_1999_2009.txt	66	ACTUAL	1	5	14	41	ctg_results_bor_1999_2009.txt::NCT00946153::outcomeMeasures[6]::groups[OG000]	6	1	41	False	NO_CONFLICT_DETECTED	NOT_A_PATIENT_COUNT__NO_CROSS_MEASURE_SUM_EMITTED	DISJOINTNESS_UNVERIFIABLE__NO_participantFlowModule_IN_CACHE
NCT01289522	ctg_results_bor_1999_2009.txt	54	ACTUAL	1	1	2	54	ctg_results_bor_1999_2009.txt::NCT01289522::outcomeMeasures[0]::groups[OG000]	0	1	54	False	NO_CONFLICT_DETECTED	NOT_A_PATIENT_COUNT__NO_CROSS_MEASURE_SUM_EMITTED	DISJOINTNESS_UNVERIFIABLE__NO_participantFlowModule_IN_CACHE
NCT00234052	ctg_results_bor_1999_2009.txt	51	ACTUAL	1	1	1	49	ctg_results_bor_1999_2009.txt::NCT00234052::outcomeMeasures[1]::groups[OG000]	1	1	49	False	NO_CONFLICT_DETECTED	NOT_A_PATIENT_COUNT__NO_CROSS_MEASURE_SUM_EMITTED	DISJOINTNESS_UNVERIFIABLE__NO_participantFlowModule_IN_CACHE
NCT02005484	ctg_results_bor_1999_2009.txt	6	ACTUAL	1	1	1	6	ctg_results_bor_1999_2009.txt::NCT02005484::outcomeMeasures[2]::groups[OG000]	2	1	6	False	NO_CONFLICT_DETECTED	NOT_A_PATIENT_COUNT__NO_CROSS_MEASURE_SUM_EMITTED	DISJOINTNESS_UNVERIFIABLE__NO_participantFlowModule_IN_CACHE
NCT00623766	ctg_results_bor_1999_2009.txt	99	ACTUAL	2	3	6	51	ctg_results_bor_1999_2009.txt::NCT00623766::outcomeMeasures[0]::groups[OG000]	0	2	72	False	NO_CONFLICT_DETECTED	NOT_A_PATIENT_COUNT__NO_CROSS_MEASURE_SUM_EMITTED	DISJOINTNESS_UNVERIFIABLE__NO_participantFlowModule_IN_CACHE
NCT00883116	ctg_results_bor_1999_2009.txt	551	ACTUAL	2	2	2	223	ctg_results_bor_1999_2009.txt::NCT00883116::outcomeMeasures[2]::groups[OG000]	2	2	446	False	NO_CONFLICT_DETECTED	NOT_A_PATIENT_COUNT__NO_CROSS_MEASURE_SUM_EMITTED	DISJOINTNESS_UNVERIFIABLE__NO_participantFlowModule_IN_CACHE
NCT00477464	ctg_results_bor_1999_2009.txt	51	ACTUAL	1	1	1	51	ctg_results_bor_1999_2009.txt::NCT00477464::outcomeMeasures[4]::groups[OG000]	4	1	51	False	NO_CONFLICT_DETECTED	NOT_A_PATIENT_COUNT__NO_CROSS_MEASURE_SUM_EMITTED	DISJOINTNESS_UNVERIFIABLE__NO_participantFlowModule_IN_CACHE
NCT00866047	ctg_results_bor_1999_2009.txt	58	ACTUAL	1	1	3	58	ctg_results_bor_1999_2009.txt::NCT00866047::outcomeMeasures[0]::groups[OG000]	0	1	58	False	NO_CONFLICT_DETECTED	NOT_A_PATIENT_COUNT__NO_CROSS_MEASURE_SUM_EMITTED	DISJOINTNESS_UNVERIFIABLE__NO_participantFlowModule_IN_CACHE
NCT00807495	ctg_results_bor_1999_2009.txt	48	ACTUAL	1	5	5	16	ctg_results_bor_1999_2009.txt::NCT00807495::outcomeMeasures[0]::groups[OG000]	0	5	41	False	NO_CONFLICT_DETECTED	NOT_A_PATIENT_COUNT__NO_CROSS_MEASURE_SUM_EMITTED	DISJOINTNESS_UNVERIFIABLE__NO_participantFlowModule_IN_CACHE
NCT00522457	ctg_results_bor_1999_2009.txt	19	ACTUAL	0	1	2	0			0	0	False	NO_CONFLICT_DETECTED	NOT_A_PATIENT_COUNT__NO_CROSS_MEASURE_SUM_EMITTED	DISJOINTNESS_UNVERIFIABLE__NO_participantFlowModule_IN_CACHE
NCT00447330	ctg_results_bor_1999_2009.txt	60	ACTUAL	1	1	1	60	ctg_results_bor_1999_2009.txt::NCT00447330::outcomeMeasures[2]::groups[OG000]	2	1	60	False	NO_CONFLICT_DETECTED	NOT_A_PATIENT_COUNT__NO_CROSS_MEASURE_SUM_EMITTED	DISJOINTNESS_UNVERIFIABLE__NO_participantFlowModule_IN_CACHE
NCT00331630	ctg_results_bor_1999_2009.txt	30	ACTUAL	1	1	1	29	ctg_results_bor_1999_2009.txt::NCT00331630::outcomeMeasures[0]::groups[OG000]	0	1	29	False	NO_CONFLICT_DETECTED	NOT_A_PATIENT_COUNT__NO_CROSS_MEASURE_SUM_EMITTED	DISJOINTNESS_UNVERIFIABLE__NO_participantFlowModule_IN_CACHE
NCT00796757	ctg_results_bor_1999_2009.txt	146	ACTUAL	1	1	1	139	ctg_results_bor_1999_2009.txt::NCT00796757::outcomeMeasures[1]::groups[OG000]	1	1	139	False	NO_CONFLICT_DETECTED	NOT_A_PATIENT_COUNT__NO_CROSS_MEASURE_SUM_EMITTED	DISJOINTNESS_UNVERIFIABLE__NO_participantFlowModule_IN_CACHE
NCT00737529	ctg_results_bor_1999_2009.txt	134	ACTUAL	1	1	1	134	ctg_results_bor_1999_2009.txt::NCT00737529::outcomeMeasures[0]::groups[OG000]	0	1	134	False	NO_CONFLICT_DETECTED	NOT_A_PATIENT_COUNT__NO_CROSS_MEASURE_SUM_EMITTED	DISJOINTNESS_UNVERIFIABLE__NO_participantFlowModule_IN_CACHE
NCT00435409	ctg_results_bor_1999_2009.txt	442	ACTUAL	2	2	2	221	ctg_results_bor_1999_2009.txt::NCT00435409::outcomeMeasures[1]::groups[OG000]	1	2	442	False	NO_CONFLICT_DETECTED	NOT_A_PATIENT_COUNT__NO_CROSS_MEASURE_SUM_EMITTED	DISJOINTNESS_UNVERIFIABLE__NO_participantFlowModule_IN_CACHE
NCT00576901	ctg_results_bor_1999_2009.txt	23	ACTUAL	1	1	1	20	ctg_results_bor_1999_2009.txt::NCT00576901::outcomeMeasures[1]::groups[OG000]	1	1	20	False	NO_CONFLICT_DETECTED	NOT_A_PATIENT_COUNT__NO_CROSS_MEASURE_SUM_EMITTED	DISJOINTNESS_UNVERIFIABLE__NO_participantFlowModule_IN_CACHE
NCT00924352	ctg_results_bor_1999_2009.txt	56	ACTUAL	1	1	2	50	ctg_results_bor_1999_2009.txt::NCT00924352::outcomeMeasures[3]::groups[OG000]	3	1	50	False	NO_CONFLICT_DETECTED	NOT_A_PATIENT_COUNT__NO_CROSS_MEASURE_SUM_EMITTED	DISJOINTNESS_UNVERIFIABLE__NO_participantFlowModule_IN_CACHE
NCT00311584	ctg_results_bor_1999_2009.txt	59	ACTUAL	2	2	2	28	ctg_results_bor_1999_2009.txt::NCT00311584::outcomeMeasures[0]::groups[OG001]	0	2	55	False	NO_CONFLICT_DETECTED	NOT_A_PATIENT_COUNT__NO_CROSS_MEASURE_SUM_EMITTED	DISJOINTNESS_UNVERIFIABLE__NO_participantFlowModule_IN_CACHE
NCT01006252	ctg_results_bor_1999_2009.txt	336	ACTUAL	2	2	4	168	ctg_results_bor_1999_2009.txt::NCT01006252::outcomeMeasures[4]::groups[OG000]	4	2	336	False	NO_CONFLICT_DETECTED	NOT_A_PATIENT_COUNT__NO_CROSS_MEASURE_SUM_EMITTED	DISJOINTNESS_UNVERIFIABLE__NO_participantFlowModule_IN_CACHE
NCT00668863	ctg_results_bor_1999_2009.txt	71	ACTUAL	1	1	1	71	ctg_results_bor_1999_2009.txt::NCT00668863::outcomeMeasures[2]::groups[OG000]	2	1	71	False	NO_CONFLICT_DETECTED	NOT_A_PATIENT_COUNT__NO_CROSS_MEASURE_SUM_EMITTED	DISJOINTNESS_UNVERIFIABLE__NO_participantFlowModule_IN_CACHE
NCT00154102	ctg_results_bor_1999_2009.txt	1221	ACTUAL	2	2	8	599	ctg_results_bor_1999_2009.txt::NCT00154102::outcomeMeasures[6]::groups[OG000]	6	2	1198	False	NO_CONFLICT_DETECTED	NOT_A_PATIENT_COUNT__NO_CROSS_MEASURE_SUM_EMITTED	DISJOINTNESS_UNVERIFIABLE__NO_participantFlowModule_IN_CACHE
NCT00380718	ctg_results_bor_1999_2009.txt	33	ACTUAL	1	1	2	33	ctg_results_bor_1999_2009.txt::NCT00380718::outcomeMeasures[0]::groups[OG000]	0	1	33	False	NO_CONFLICT_DETECTED	NOT_A_PATIENT_COUNT__NO_CROSS_MEASURE_SUM_EMITTED	DISJOINTNESS_UNVERIFIABLE__NO_participantFlowModule_IN_CACHE
NCT00515697	ctg_results_bor_1999_2009.txt	39	ACTUAL	1	1	3	39	ctg_results_bor_1999_2009.txt::NCT00515697::outcomeMeasures[0]::groups[OG000]	0	1	39	False	NO_CONFLICT_DETECTED	NOT_A_PATIENT_COUNT__NO_CROSS_MEASURE_SUM_EMITTED	DISJOINTNESS_UNVERIFIABLE__NO_participantFlowModule_IN_CACHE
NCT00886782	ctg_results_bor_1999_2009.txt	11	ACTUAL	1	3	6	5	ctg_results_bor_1999_2009.txt::NCT00886782::outcomeMeasures[15]::groups[OG002]	15	3	11	False	NO_CONFLICT_DETECTED	NOT_A_PATIENT_COUNT__NO_CROSS_MEASURE_SUM_EMITTED	DISJOINTNESS_UNVERIFIABLE__NO_participantFlowModule_IN_CACHE
NCT00281658	ctg_results_bor_1999_2009.txt	444	ACTUAL	4	2	12	222	ctg_results_bor_1999_2009.txt::NCT00281658::outcomeMeasures[3]::groups[OG000]	3	2	444	False	NO_CONFLICT_DETECTED	NOT_A_PATIENT_COUNT__NO_CROSS_MEASURE_SUM_EMITTED	DISJOINTNESS_UNVERIFIABLE__NO_participantFlowModule_IN_CACHE
NCT00447005	ctg_results_bor_1999_2009.txt	12	ACTUAL	1	1	1	12	ctg_results_bor_1999_2009.txt::NCT00447005::outcomeMeasures[10]::groups[OG000]	10	1	12	False	NO_CONFLICT_DETECTED	NOT_A_PATIENT_COUNT__NO_CROSS_MEASURE_SUM_EMITTED	DISJOINTNESS_UNVERIFIABLE__NO_participantFlowModule_IN_CACHE
NCT00648739	ctg_results_bor_1999_2009.txt	26	ACTUAL	1	6	6	5	ctg_results_bor_1999_2009.txt::NCT00648739::outcomeMeasures[4]::groups[OG001]	4	6	23	False	NO_CONFLICT_DETECTED	NOT_A_PATIENT_COUNT__NO_CROSS_MEASURE_SUM_EMITTED	DISJOINTNESS_UNVERIFIABLE__NO_participantFlowModule_IN_CACHE
NCT00326911	ctg_results_bor_1999_2009.txt	61	ACTUAL	2	2	2	29	ctg_results_bor_1999_2009.txt::NCT00326911::outcomeMeasures[2]::groups[OG000]	2	2	58	False	NO_CONFLICT_DETECTED	NOT_A_PATIENT_COUNT__NO_CROSS_MEASURE_SUM_EMITTED	DISJOINTNESS_UNVERIFIABLE__NO_participantFlowModule_IN_CACHE
NCT00226811	ctg_results_bor_1999_2009.txt	78	ACTUAL	1	1	2	78	ctg_results_bor_1999_2009.txt::NCT00226811::outcomeMeasures[0]::groups[OG000]	0	1	78	False	NO_CONFLICT_DETECTED	NOT_A_PATIENT_COUNT__NO_CROSS_MEASURE_SUM_EMITTED	DISJOINTNESS_UNVERIFIABLE__NO_participantFlowModule_IN_CACHE
NCT00125034	ctg_results_bor_1999_2009.txt	344	ACTUAL	2	2	8	169	ctg_results_bor_1999_2009.txt::NCT00125034::outcomeMeasures[0]::groups[OG000]	0	2	337	False	NO_CONFLICT_DETECTED	NOT_A_PATIENT_COUNT__NO_CROSS_MEASURE_SUM_EMITTED	DISJOINTNESS_UNVERIFIABLE__NO_participantFlowModule_IN_CACHE
NCT00195260	ctg_results_bor_1999_2009.txt	151	ACTUAL	4	11	11	34	ctg_results_bor_1999_2009.txt::NCT00195260::outcomeMeasures[4]::groups[OG000]	4	3	75	False	NO_CONFLICT_DETECTED	NOT_A_PATIENT_COUNT__NO_CROSS_MEASURE_SUM_EMITTED	DISJOINTNESS_UNVERIFIABLE__NO_participantFlowModule_IN_CACHE
NCT00404495	ctg_results_bor_1999_2009.txt	83	ACTUAL	1	2	4	63	ctg_results_bor_1999_2009.txt::NCT00404495::outcomeMeasures[1]::groups[OG000]	1	2	80	False	NO_CONFLICT_DETECTED	NOT_A_PATIENT_COUNT__NO_CROSS_MEASURE_SUM_EMITTED	DISJOINTNESS_UNVERIFIABLE__NO_participantFlowModule_IN_CACHE
NCT01153971	ctg_results_bor_1999_2009.txt	47	ACTUAL	1	1	1	46	ctg_results_bor_1999_2009.txt::NCT01153971::outcomeMeasures[1]::groups[OG000]	1	1	46	False	NO_CONFLICT_DETECTED	NOT_A_PATIENT_COUNT__NO_CROSS_MEASURE_SUM_EMITTED	DISJOINTNESS_UNVERIFIABLE__NO_participantFlowModule_IN_CACHE
NCT00606021	ctg_results_bor_1999_2009.txt	106	ACTUAL	2	2	2	28	ctg_results_bor_1999_2009.txt::NCT00606021::outcomeMeasures[5]::groups[OG000]	5	2	55	False	NO_CONFLICT_DETECTED	NOT_A_PATIENT_COUNT__NO_CROSS_MEASURE_SUM_EMITTED	DISJOINTNESS_UNVERIFIABLE__NO_participantFlowModule_IN_CACHE
NCT00732992	ctg_results_bor_1999_2009.txt	12	ACTUAL	2	2	2	4	ctg_results_bor_1999_2009.txt::NCT00732992::outcomeMeasures[10]::groups[OG000]	10	2	8	False	NO_CONFLICT_DETECTED	NOT_A_PATIENT_COUNT__NO_CROSS_MEASURE_SUM_EMITTED	DISJOINTNESS_UNVERIFIABLE__NO_participantFlowModule_IN_CACHE
NCT00436436	ctg_results_bor_1999_2009.txt	12	ACTUAL	1	1	3	0			0	0	False	NO_CONFLICT_DETECTED	NOT_A_PATIENT_COUNT__NO_CROSS_MEASURE_SUM_EMITTED	DISJOINTNESS_UNVERIFIABLE__NO_participantFlowModule_IN_CACHE
NCT00960063	ctg_results_bor_1999_2009.txt	4	ACTUAL	3	3	3	3	ctg_results_bor_1999_2009.txt::NCT00960063::outcomeMeasures[1]::groups[OG002]	1	2	4	False	NO_CONFLICT_DETECTED	NOT_A_PATIENT_COUNT__NO_CROSS_MEASURE_SUM_EMITTED	DISJOINTNESS_UNVERIFIABLE__NO_participantFlowModule_IN_CACHE
NCT00256698	ctg_results_bor_1999_2009.txt	514	ACTUAL	2	2	4	258	ctg_results_bor_1999_2009.txt::NCT00256698::outcomeMeasures[2]::groups[OG000]	2	2	514	False	NO_CONFLICT_DETECTED	NOT_A_PATIENT_COUNT__NO_CROSS_MEASURE_SUM_EMITTED	DISJOINTNESS_UNVERIFIABLE__NO_participantFlowModule_IN_CACHE
NCT00376623	ctg_results_bor_1999_2009.txt	96	ACTUAL	3	4	4	2	ctg_results_bor_1999_2009.txt::NCT00376623::outcomeMeasures[3]::groups[OG000]	3	1	2	False	NO_CONFLICT_DETECTED	NOT_A_PATIENT_COUNT__NO_CROSS_MEASURE_SUM_EMITTED	DISJOINTNESS_UNVERIFIABLE__NO_participantFlowModule_IN_CACHE
NCT00534417	ctg_results_bor_1999_2009.txt	41	ACTUAL	1	1	3	41	ctg_results_bor_1999_2009.txt::NCT00534417::outcomeMeasures[1]::groups[OG000]	1	1	41	False	NO_CONFLICT_DETECTED	NOT_A_PATIENT_COUNT__NO_CROSS_MEASURE_SUM_EMITTED	DISJOINTNESS_UNVERIFIABLE__NO_participantFlowModule_IN_CACHE
NCT00062868	ctg_results_bor_1999_2009.txt	74	ACTUAL	9	21	21	15	ctg_results_bor_1999_2009.txt::NCT00062868::outcomeMeasures[1]::groups[OG018]	1	18	73	False	NO_CONFLICT_DETECTED	NOT_A_PATIENT_COUNT__NO_CROSS_MEASURE_SUM_EMITTED	DISJOINTNESS_UNVERIFIABLE__NO_participantFlowModule_IN_CACHE
NCT00424047	ctg_results_bor_1999_2009.txt	351	ACTUAL	2	2	4	176	ctg_results_bor_1999_2009.txt::NCT00424047::outcomeMeasures[3]::groups[OG000]	3	2	351	False	NO_CONFLICT_DETECTED	NOT_A_PATIENT_COUNT__NO_CROSS_MEASURE_SUM_EMITTED	DISJOINTNESS_UNVERIFIABLE__NO_participantFlowModule_IN_CACHE
NCT00404248	ctg_results_bor_1999_2009.txt	35	ACTUAL	2	1	1	32	ctg_results_bor_1999_2009.txt::NCT00404248::outcomeMeasures[5]::groups[OG000]	5	1	32	False	NO_CONFLICT_DETECTED	NOT_A_PATIENT_COUNT__NO_CROSS_MEASURE_SUM_EMITTED	DISJOINTNESS_UNVERIFIABLE__NO_participantFlowModule_IN_CACHE
NCT00324155	ctg_results_bor_1999_2009.txt	681	ACTUAL	2	2	4	252	ctg_results_bor_1999_2009.txt::NCT00324155::outcomeMeasures[1]::groups[OG001]	1	2	502	False	NO_CONFLICT_DETECTED	NOT_A_PATIENT_COUNT__NO_CROSS_MEASURE_SUM_EMITTED	DISJOINTNESS_UNVERIFIABLE__NO_participantFlowModule_IN_CACHE
NCT00777049	ctg_results_bor_1999_2009.txt	54	ACTUAL	2	2	2	33	ctg_results_bor_1999_2009.txt::NCT00777049::outcomeMeasures[0]::groups[OG000]	0	2	54	False	NO_CONFLICT_DETECTED	NOT_A_PATIENT_COUNT__NO_CROSS_MEASURE_SUM_EMITTED	DISJOINTNESS_UNVERIFIABLE__NO_participantFlowModule_IN_CACHE
NCT00617591	ctg_results_bor_1999_2009.txt	57	ACTUAL	1	1	1	57	ctg_results_bor_1999_2009.txt::NCT00617591::outcomeMeasures[0]::groups[OG000]	0	1	57	False	NO_CONFLICT_DETECTED	NOT_A_PATIENT_COUNT__NO_CROSS_MEASURE_SUM_EMITTED	DISJOINTNESS_UNVERIFIABLE__NO_participantFlowModule_IN_CACHE
NCT00871403	ctg_results_bor_1999_2009.txt	107	ACTUAL	2	2	2	62	ctg_results_bor_1999_2009.txt::NCT00871403::outcomeMeasures[2]::groups[OG000]	2	2	97	False	NO_CONFLICT_DETECTED	NOT_A_PATIENT_COUNT__NO_CROSS_MEASURE_SUM_EMITTED	DISJOINTNESS_UNVERIFIABLE__NO_participantFlowModule_IN_CACHE
NCT00828074	ctg_results_bor_1999_2009.txt	46	ACTUAL	1	1	1	41	ctg_results_bor_1999_2009.txt::NCT00828074::outcomeMeasures[4]::groups[OG000]	4	1	41	False	NO_CONFLICT_DETECTED	NOT_A_PATIENT_COUNT__NO_CROSS_MEASURE_SUM_EMITTED	DISJOINTNESS_UNVERIFIABLE__NO_participantFlowModule_IN_CACHE
NCT00958724	ctg_results_bor_1999_2009.txt	6	ACTUAL	1	1	3	6	ctg_results_bor_1999_2009.txt::NCT00958724::outcomeMeasures[1]::groups[OG000]	1	1	6	False	NO_CONFLICT_DETECTED	NOT_A_PATIENT_COUNT__NO_CROSS_MEASURE_SUM_EMITTED	DISJOINTNESS_UNVERIFIABLE__NO_participantFlowModule_IN_CACHE
NCT01022996	ctg_results_bor_1999_2009.txt	57	ACTUAL	1	1	4	57	ctg_results_bor_1999_2009.txt::NCT01022996::outcomeMeasures[0]::groups[OG000]	0	1	57	False	NO_CONFLICT_DETECTED	NOT_A_PATIENT_COUNT__NO_CROSS_MEASURE_SUM_EMITTED	DISJOINTNESS_UNVERIFIABLE__NO_participantFlowModule_IN_CACHE
NCT00137449	ctg_results_bor_1999_2009.txt	60	ACTUAL	1	3	3	60	ctg_results_bor_1999_2009.txt::NCT00137449::outcomeMeasures[2]::groups[OG002]	2	3	120	True	WITHIN_MEASURE_SUM_EXCEEDS_ENROLLMENT__POOLED_LABEL_IN_MEASURE	NOT_A_PATIENT_COUNT__NO_CROSS_MEASURE_SUM_EMITTED	DISJOINTNESS_UNVERIFIABLE__NO_participantFlowModule_IN_CACHE
NCT01012258	ctg_results_bor_1999_2009.txt	70	ACTUAL	1	1	1	66	ctg_results_bor_1999_2009.txt::NCT01012258::outcomeMeasures[0]::groups[OG000]	0	1	66	False	NO_CONFLICT_DETECTED	NOT_A_PATIENT_COUNT__NO_CROSS_MEASURE_SUM_EMITTED	DISJOINTNESS_UNVERIFIABLE__NO_participantFlowModule_IN_CACHE
NCT00403130	ctg_results_bor_1999_2009.txt	31	ACTUAL	1	1	1	13	ctg_results_bor_1999_2009.txt::NCT00403130::outcomeMeasures[1]::groups[OG000]	1	1	13	False	NO_CONFLICT_DETECTED	NOT_A_PATIENT_COUNT__NO_CROSS_MEASURE_SUM_EMITTED	DISJOINTNESS_UNVERIFIABLE__NO_participantFlowModule_IN_CACHE
NCT00880581	ctg_results_bor_1999_2009.txt	30	ACTUAL	1	1	2	30	ctg_results_bor_1999_2009.txt::NCT00880581::outcomeMeasures[0]::groups[OG000]	0	1	30	False	NO_CONFLICT_DETECTED	NOT_A_PATIENT_COUNT__NO_CROSS_MEASURE_SUM_EMITTED	DISJOINTNESS_UNVERIFIABLE__NO_participantFlowModule_IN_CACHE
NCT00969553	ctg_results_bor_1999_2009.txt	59	ACTUAL	1	9	9	17	ctg_results_bor_1999_2009.txt::NCT00969553::outcomeMeasures[9]::groups[OG003]	9	9	59	False	NO_CONFLICT_DETECTED	NOT_A_PATIENT_COUNT__NO_CROSS_MEASURE_SUM_EMITTED	DISJOINTNESS_UNVERIFIABLE__NO_participantFlowModule_IN_CACHE
NCT00983801	ctg_results_bor_1999_2009.txt	58	ACTUAL	1	1	2	52	ctg_results_bor_1999_2009.txt::NCT00983801::outcomeMeasures[0]::groups[OG000]	0	1	52	False	NO_CONFLICT_DETECTED	NOT_A_PATIENT_COUNT__NO_CROSS_MEASURE_SUM_EMITTED	DISJOINTNESS_UNVERIFIABLE__NO_participantFlowModule_IN_CACHE
NCT00391092	ctg_results_bor_1999_2009.txt	424	ACTUAL	2	2	2	183	ctg_results_bor_1999_2009.txt::NCT00391092::outcomeMeasures[2]::groups[OG001]	2	2	359	False	NO_CONFLICT_DETECTED	NOT_A_PATIENT_COUNT__NO_CROSS_MEASURE_SUM_EMITTED	DISJOINTNESS_UNVERIFIABLE__NO_participantFlowModule_IN_CACHE
NCT00121251	ctg_results_bor_1999_2009.txt	17	ACTUAL	1	1	1	17	ctg_results_bor_1999_2009.txt::NCT00121251::outcomeMeasures[0]::groups[OG000]	0	1	17	False	NO_CONFLICT_DETECTED	NOT_A_PATIENT_COUNT__NO_CROSS_MEASURE_SUM_EMITTED	DISJOINTNESS_UNVERIFIABLE__NO_participantFlowModule_IN_CACHE
NCT00146172	ctg_results_bor_1999_2009.txt	73	ACTUAL	8	6	9	60	ctg_results_bor_1999_2009.txt::NCT00146172::outcomeMeasures[1]::groups[OG002]	1	3	99	True	WITHIN_MEASURE_SUM_EXCEEDS_ENROLLMENT__POOLED_LABEL_IN_MEASURE	NOT_A_PATIENT_COUNT__NO_CROSS_MEASURE_SUM_EMITTED	DISJOINTNESS_UNVERIFIABLE__NO_participantFlowModule_IN_CACHE
NCT00463788	ctg_results_bor_1999_2009.txt	181	ACTUAL	2	2	2	115	ctg_results_bor_1999_2009.txt::NCT00463788::outcomeMeasures[0]::groups[OG000]	0	2	173	False	NO_CONFLICT_DETECTED	NOT_A_PATIENT_COUNT__NO_CROSS_MEASURE_SUM_EMITTED	DISJOINTNESS_UNVERIFIABLE__NO_participantFlowModule_IN_CACHE
NCT00958477	ctg_results_bor_1999_2009.txt	26	ACTUAL	1	4	4	8	ctg_results_bor_1999_2009.txt::NCT00958477::outcomeMeasures[27]::groups[OG000]	27	4	26	False	NO_CONFLICT_DETECTED	NOT_A_PATIENT_COUNT__NO_CROSS_MEASURE_SUM_EMITTED	DISJOINTNESS_UNVERIFIABLE__NO_participantFlowModule_IN_CACHE
NCT00425386	ctg_results_bor_1999_2009.txt	60	ACTUAL	1	1	1	46	ctg_results_bor_1999_2009.txt::NCT00425386::outcomeMeasures[4]::groups[OG000]	4	1	46	False	NO_CONFLICT_DETECTED	NOT_A_PATIENT_COUNT__NO_CROSS_MEASURE_SUM_EMITTED	DISJOINTNESS_UNVERIFIABLE__NO_participantFlowModule_IN_CACHE
NCT00818441	ctg_results_bor_1999_2009.txt	119	ACTUAL	2	2	2	89	ctg_results_bor_1999_2009.txt::NCT00818441::outcomeMeasures[3]::groups[OG000]	3	2	119	False	NO_CONFLICT_DETECTED	NOT_A_PATIENT_COUNT__NO_CROSS_MEASURE_SUM_EMITTED	DISJOINTNESS_UNVERIFIABLE__NO_participantFlowModule_IN_CACHE
NCT02582970	ctg_results_bor_1999_2009.txt	40	ACTUAL	1	1	1	40	ctg_results_bor_1999_2009.txt::NCT02582970::outcomeMeasures[5]::groups[OG000]	5	1	40	False	NO_CONFLICT_DETECTED	NOT_A_PATIENT_COUNT__NO_CROSS_MEASURE_SUM_EMITTED	DISJOINTNESS_UNVERIFIABLE__NO_participantFlowModule_IN_CACHE
NCT00458237	ctg_results_bor_1999_2009.txt	11	ACTUAL	3	2	2	5	ctg_results_bor_1999_2009.txt::NCT00458237::outcomeMeasures[1]::groups[OG001]	1	2	8	False	NO_CONFLICT_DETECTED	NOT_A_PATIENT_COUNT__NO_CROSS_MEASURE_SUM_EMITTED	DISJOINTNESS_UNVERIFIABLE__NO_participantFlowModule_IN_CACHE
NCT01023958	ctg_results_bor_1999_2009.txt	50	ACTUAL	1	1	2	50	ctg_results_bor_1999_2009.txt::NCT01023958::outcomeMeasures[4]::groups[OG000]	4	1	50	False	NO_CONFLICT_DETECTED	NOT_A_PATIENT_COUNT__NO_CROSS_MEASURE_SUM_EMITTED	DISJOINTNESS_UNVERIFIABLE__NO_participantFlowModule_IN_CACHE
NCT00648648	ctg_results_bor_1999_2009.txt	206	ACTUAL	28	28	28	24	ctg_results_bor_1999_2009.txt::NCT00648648::outcomeMeasures[6]::groups[OG026]	6	25	176	False	NO_CONFLICT_DETECTED	NOT_A_PATIENT_COUNT__NO_CROSS_MEASURE_SUM_EMITTED	DISJOINTNESS_UNVERIFIABLE__NO_participantFlowModule_IN_CACHE
NCT00689936	ctg_results_bor_1999_2009.txt	1623	ACTUAL	3	3	9	547	ctg_results_bor_1999_2009.txt::NCT00689936::outcomeMeasures[3]::groups[OG002]	3	3	1623	False	NO_CONFLICT_DETECTED	NOT_A_PATIENT_COUNT__NO_CROSS_MEASURE_SUM_EMITTED	DISJOINTNESS_UNVERIFIABLE__NO_participantFlowModule_IN_CACHE
NCT00251225	ctg_results_bor_1999_2009.txt	49	ACTUAL	1	1	1	29	ctg_results_bor_1999_2009.txt::NCT00251225::outcomeMeasures[1]::groups[OG000]	1	1	29	False	NO_CONFLICT_DETECTED	NOT_A_PATIENT_COUNT__NO_CROSS_MEASURE_SUM_EMITTED	DISJOINTNESS_UNVERIFIABLE__NO_participantFlowModule_IN_CACHE
NCT00322452	ctg_results_bor_1999_2009.txt	1329	ACTUAL	2	2	2	609	ctg_results_bor_1999_2009.txt::NCT00322452::outcomeMeasures[2]::groups[OG000]	2	2	1217	False	NO_CONFLICT_DETECTED	NOT_A_PATIENT_COUNT__NO_CROSS_MEASURE_SUM_EMITTED	DISJOINTNESS_UNVERIFIABLE__NO_participantFlowModule_IN_CACHE
NCT00678535	ctg_results_bor_1999_2009.txt	904	ACTUAL	2	2	2	455	ctg_results_bor_1999_2009.txt::NCT00678535::outcomeMeasures[2]::groups[OG000]	2	2	904	False	NO_CONFLICT_DETECTED	NOT_A_PATIENT_COUNT__NO_CROSS_MEASURE_SUM_EMITTED	DISJOINTNESS_UNVERIFIABLE__NO_participantFlowModule_IN_CACHE
NCT00697346	ctg_results_bor_1999_2009.txt	58	ACTUAL	3	3	3	23	ctg_results_bor_1999_2009.txt::NCT00697346::outcomeMeasures[37]::groups[OG000]	37	3	47	False	NO_CONFLICT_DETECTED	NOT_A_PATIENT_COUNT__NO_CROSS_MEASURE_SUM_EMITTED	DISJOINTNESS_UNVERIFIABLE__NO_participantFlowModule_IN_CACHE
NCT00934856	ctg_results_bor_1999_2009.txt	98	ACTUAL	6	1	2	25	ctg_results_bor_1999_2009.txt::NCT00934856::outcomeMeasures[4]::groups[OG000]	4	1	25	True	NO_CONFLICT_DETECTED	NOT_A_PATIENT_COUNT__NO_CROSS_MEASURE_SUM_EMITTED	DISJOINTNESS_UNVERIFIABLE__NO_participantFlowModule_IN_CACHE
NCT00532129	ctg_results_bor_1999_2009.txt	100	ACTUAL	1	1	2	100	ctg_results_bor_1999_2009.txt::NCT00532129::outcomeMeasures[1]::groups[OG000]	1	1	100	False	NO_CONFLICT_DETECTED	NOT_A_PATIENT_COUNT__NO_CROSS_MEASURE_SUM_EMITTED	DISJOINTNESS_UNVERIFIABLE__NO_participantFlowModule_IN_CACHE
NCT00454805	ctg_results_bor_1999_2009.txt	75	ACTUAL	2	2	4	31	ctg_results_bor_1999_2009.txt::NCT00454805::outcomeMeasures[3]::groups[OG000]	3	2	62	False	NO_CONFLICT_DETECTED	NOT_A_PATIENT_COUNT__NO_CROSS_MEASURE_SUM_EMITTED	DISJOINTNESS_UNVERIFIABLE__NO_participantFlowModule_IN_CACHE
NCT00267488	ctg_results_bor_1999_2009.txt	70	ACTUAL	0	1	1	37	ctg_results_bor_1999_2009.txt::NCT00267488::outcomeMeasures[0]::groups[OG000]	0	1	37	False	NO_CONFLICT_DETECTED	NOT_A_PATIENT_COUNT__NO_CROSS_MEASURE_SUM_EMITTED	DISJOINTNESS_UNVERIFIABLE__NO_participantFlowModule_IN_CACHE
NCT00842257	ctg_results_bor_1999_2009.txt	20	ACTUAL	1	1	2	19	ctg_results_bor_1999_2009.txt::NCT00842257::outcomeMeasures[0]::groups[OG000]	0	1	19	False	NO_CONFLICT_DETECTED	NOT_A_PATIENT_COUNT__NO_CROSS_MEASURE_SUM_EMITTED	DISJOINTNESS_UNVERIFIABLE__NO_participantFlowModule_IN_CACHE
NCT00082433	ctg_results_bor_1999_2009.txt	1221	ACTUAL	2	2	2	462	ctg_results_bor_1999_2009.txt::NCT00082433::outcomeMeasures[1]::groups[OG000]	1	2	924	False	NO_CONFLICT_DETECTED	NOT_A_PATIENT_COUNT__NO_CROSS_MEASURE_SUM_EMITTED	DISJOINTNESS_UNVERIFIABLE__NO_participantFlowModule_IN_CACHE
NCT00706095	ctg_results_bor_1999_2009.txt	18	ACTUAL	3	3	3	7	ctg_results_bor_1999_2009.txt::NCT00706095::outcomeMeasures[2]::groups[OG001]	2	3	18	False	NO_CONFLICT_DETECTED	NOT_A_PATIENT_COUNT__NO_CROSS_MEASURE_SUM_EMITTED	DISJOINTNESS_UNVERIFIABLE__NO_participantFlowModule_IN_CACHE
NCT00792467	ctg_results_bor_1999_2009.txt	24	ACTUAL	1	2	2	24	ctg_results_bor_1999_2009.txt::NCT00792467::outcomeMeasures[0]::groups[OG000]	0	2	40	False	WITHIN_MEASURE_SUM_EXCEEDS_ENROLLMENT	NOT_A_PATIENT_COUNT__NO_CROSS_MEASURE_SUM_EMITTED	DISJOINTNESS_UNVERIFIABLE__NO_participantFlowModule_IN_CACHE
NCT00062751	ctg_results_bor_1999_2009.txt	108	ACTUAL	3	5	10	0			0	0	False	NO_CONFLICT_DETECTED	NOT_A_PATIENT_COUNT__NO_CROSS_MEASURE_SUM_EMITTED	DISJOINTNESS_UNVERIFIABLE__NO_participantFlowModule_IN_CACHE
NCT00080301	ctg_results_bor_1999_2009.txt	752	ACTUAL	2	2	2	377	ctg_results_bor_1999_2009.txt::NCT00080301::outcomeMeasures[1]::groups[OG001]	1	2	752	False	NO_CONFLICT_DETECTED	NOT_A_PATIENT_COUNT__NO_CROSS_MEASURE_SUM_EMITTED	DISJOINTNESS_UNVERIFIABLE__NO_participantFlowModule_IN_CACHE
NCT00942877	ctg_results_bor_1999_2009.txt	53	ACTUAL	1	1	1	7	ctg_results_bor_1999_2009.txt::NCT00942877::outcomeMeasures[0]::groups[OG000]	0	1	7	False	NO_CONFLICT_DETECTED	NOT_A_PATIENT_COUNT__NO_CROSS_MEASURE_SUM_EMITTED	DISJOINTNESS_UNVERIFIABLE__NO_participantFlowModule_IN_CACHE
NCT00839332	ctg_results_bor_1999_2009.txt	157	ACTUAL	2	2	4	65	ctg_results_bor_1999_2009.txt::NCT00839332::outcomeMeasures[7]::groups[OG000]	7	2	99	False	NO_CONFLICT_DETECTED	NOT_A_PATIENT_COUNT__NO_CROSS_MEASURE_SUM_EMITTED	DISJOINTNESS_UNVERIFIABLE__NO_participantFlowModule_IN_CACHE
NCT00769704	ctg_results_bor_1999_2009.txt	437	ACTUAL	2	2	4	295	ctg_results_bor_1999_2009.txt::NCT00769704::outcomeMeasures[0]::groups[OG001]	0	2	436	False	NO_CONFLICT_DETECTED	NOT_A_PATIENT_COUNT__NO_CROSS_MEASURE_SUM_EMITTED	DISJOINTNESS_UNVERIFIABLE__NO_participantFlowModule_IN_CACHE
NCT00272987	ctg_results_bor_1999_2009.txt	63	ACTUAL	3	3	3	29	ctg_results_bor_1999_2009.txt::NCT00272987::outcomeMeasures[15]::groups[OG000]	15	3	63	False	NO_CONFLICT_DETECTED	NOT_A_PATIENT_COUNT__NO_CROSS_MEASURE_SUM_EMITTED	DISJOINTNESS_UNVERIFIABLE__NO_participantFlowModule_IN_CACHE
NCT00911820	ctg_results_bor_1999_2009.txt	88	ACTUAL	2	2	2	44	ctg_results_bor_1999_2009.txt::NCT00911820::outcomeMeasures[3]::groups[OG000]	3	2	85	False	NO_CONFLICT_DETECTED	NOT_A_PATIENT_COUNT__NO_CROSS_MEASURE_SUM_EMITTED	DISJOINTNESS_UNVERIFIABLE__NO_participantFlowModule_IN_CACHE
NCT01393990	ctg_results_bor_1999_2009.txt	89	ACTUAL	1	18	18	18	ctg_results_bor_1999_2009.txt::NCT01393990::outcomeMeasures[2]::groups[OG014]	2	18	89	False	NO_CONFLICT_DETECTED	NOT_A_PATIENT_COUNT__NO_CROSS_MEASURE_SUM_EMITTED	DISJOINTNESS_UNVERIFIABLE__NO_participantFlowModule_IN_CACHE
NCT00364923	ctg_results_bor_1999_2009.txt	115	ACTUAL	0	1	1	109	ctg_results_bor_1999_2009.txt::NCT00364923::outcomeMeasures[0]::groups[OG000]	0	1	109	False	NO_CONFLICT_DETECTED	NOT_A_PATIENT_COUNT__NO_CROSS_MEASURE_SUM_EMITTED	DISJOINTNESS_UNVERIFIABLE__NO_participantFlowModule_IN_CACHE
NCT00924443	ctg_results_bor_1999_2009.txt	69	ACTUAL	1	1	2	66	ctg_results_bor_1999_2009.txt::NCT00924443::outcomeMeasures[0]::groups[OG000]	0	1	66	False	NO_CONFLICT_DETECTED	NOT_A_PATIENT_COUNT__NO_CROSS_MEASURE_SUM_EMITTED	DISJOINTNESS_UNVERIFIABLE__NO_participantFlowModule_IN_CACHE
NCT01051063	ctg_results_bor_1999_2009.txt	17	ACTUAL	2	2	2	12	ctg_results_bor_1999_2009.txt::NCT01051063::outcomeMeasures[1]::groups[OG000]	1	2	17	False	NO_CONFLICT_DETECTED	NOT_A_PATIENT_COUNT__NO_CROSS_MEASURE_SUM_EMITTED	DISJOINTNESS_UNVERIFIABLE__NO_participantFlowModule_IN_CACHE
NCT00725712	ctg_results_bor_1999_2009.txt	74	ACTUAL	2	2	2	44	ctg_results_bor_1999_2009.txt::NCT00725712::outcomeMeasures[0]::groups[OG000]	0	2	69	False	NO_CONFLICT_DETECTED	NOT_A_PATIENT_COUNT__NO_CROSS_MEASURE_SUM_EMITTED	DISJOINTNESS_UNVERIFIABLE__NO_participantFlowModule_IN_CACHE
NCT00806156	ctg_results_bor_1999_2009.txt	178	ACTUAL	2	6	47	169	ctg_results_bor_1999_2009.txt::NCT00806156::outcomeMeasures[1]::groups[OG002]	1	3	338	False	WITHIN_MEASURE_SUM_EXCEEDS_ENROLLMENT	NOT_A_PATIENT_COUNT__NO_CROSS_MEASURE_SUM_EMITTED	DISJOINTNESS_UNVERIFIABLE__NO_participantFlowModule_IN_CACHE
NCT00904839	ctg_results_bor_1999_2009.txt	128	ACTUAL	2	2	4	85	ctg_results_bor_1999_2009.txt::NCT00904839::outcomeMeasures[3]::groups[OG000]	3	2	126	False	NO_CONFLICT_DETECTED	NOT_A_PATIENT_COUNT__NO_CROSS_MEASURE_SUM_EMITTED	DISJOINTNESS_UNVERIFIABLE__NO_participantFlowModule_IN_CACHE
NCT00537381	ctg_results_bor_1999_2009.txt	131	ACTUAL	2	2	2	50	ctg_results_bor_1999_2009.txt::NCT00537381::outcomeMeasures[1]::groups[OG000]	1	2	100	False	NO_CONFLICT_DETECTED	NOT_A_PATIENT_COUNT__NO_CROSS_MEASURE_SUM_EMITTED	DISJOINTNESS_UNVERIFIABLE__NO_participantFlowModule_IN_CACHE
NCT00338728	ctg_results_bor_1999_2009.txt	59	ACTUAL	1	1	1	45	ctg_results_bor_1999_2009.txt::NCT00338728::outcomeMeasures[0]::groups[OG000]	0	1	45	False	NO_CONFLICT_DETECTED	NOT_A_PATIENT_COUNT__NO_CROSS_MEASURE_SUM_EMITTED	DISJOINTNESS_UNVERIFIABLE__NO_participantFlowModule_IN_CACHE
NCT00085631	ctg_results_bor_1999_2009.txt	101	ACTUAL	2	1	1	0			0	0	False	NO_CONFLICT_DETECTED	NOT_A_PATIENT_COUNT__NO_CROSS_MEASURE_SUM_EMITTED	DISJOINTNESS_UNVERIFIABLE__NO_participantFlowModule_IN_CACHE
NCT00946647	ctg_results_bor_1999_2009.txt	113	ACTUAL	2	2	4	31	ctg_results_bor_1999_2009.txt::NCT00946647::outcomeMeasures[5]::groups[OG000]	5	2	60	False	NO_CONFLICT_DETECTED	NOT_A_PATIENT_COUNT__NO_CROSS_MEASURE_SUM_EMITTED	DISJOINTNESS_UNVERIFIABLE__NO_participantFlowModule_IN_CACHE
NCT00785538	ctg_results_bor_1999_2009.txt	24	ACTUAL	1	4	4	9	ctg_results_bor_1999_2009.txt::NCT00785538::outcomeMeasures[9]::groups[OG001]	9	4	24	False	NO_CONFLICT_DETECTED	NOT_A_PATIENT_COUNT__NO_CROSS_MEASURE_SUM_EMITTED	DISJOINTNESS_UNVERIFIABLE__NO_participantFlowModule_IN_CACHE
NCT00284154	ctg_results_bor_1999_2009.txt	51	ACTUAL	1	1	1	51	ctg_results_bor_1999_2009.txt::NCT00284154::outcomeMeasures[0]::groups[OG000]	0	1	51	False	NO_CONFLICT_DETECTED	NOT_A_PATIENT_COUNT__NO_CROSS_MEASURE_SUM_EMITTED	DISJOINTNESS_UNVERIFIABLE__NO_participantFlowModule_IN_CACHE
NCT00478777	ctg_results_bor_1999_2009.txt	150	ACTUAL	1	1	1	144	ctg_results_bor_1999_2009.txt::NCT00478777::outcomeMeasures[1]::groups[OG000]	1	1	144	False	NO_CONFLICT_DETECTED	NOT_A_PATIENT_COUNT__NO_CROSS_MEASURE_SUM_EMITTED	DISJOINTNESS_UNVERIFIABLE__NO_participantFlowModule_IN_CACHE
NCT00077376	ctg_results_bor_1999_2009.txt	61	ACTUAL	1	1	2	59	ctg_results_bor_1999_2009.txt::NCT00077376::outcomeMeasures[1]::groups[OG000]	1	1	59	False	NO_CONFLICT_DETECTED	NOT_A_PATIENT_COUNT__NO_CROSS_MEASURE_SUM_EMITTED	DISJOINTNESS_UNVERIFIABLE__NO_participantFlowModule_IN_CACHE
NCT00920790	ctg_results_bor_1999_2009.txt	28	ACTUAL	1	1	1	26	ctg_results_bor_1999_2009.txt::NCT00920790::outcomeMeasures[0]::groups[OG000]	0	1	26	False	NO_CONFLICT_DETECTED	NOT_A_PATIENT_COUNT__NO_CROSS_MEASURE_SUM_EMITTED	DISJOINTNESS_UNVERIFIABLE__NO_participantFlowModule_IN_CACHE
NCT00161213	ctg_results_bor_1999_2009.txt	44	ACTUAL	1	1	1	35	ctg_results_bor_1999_2009.txt::NCT00161213::outcomeMeasures[1]::groups[OG000]	1	1	35	False	NO_CONFLICT_DETECTED	NOT_A_PATIENT_COUNT__NO_CROSS_MEASURE_SUM_EMITTED	DISJOINTNESS_UNVERIFIABLE__NO_participantFlowModule_IN_CACHE
NCT00711594	ctg_results_bor_1999_2009.txt	74	ACTUAL	2	1	2	61	ctg_results_bor_1999_2009.txt::NCT00711594::outcomeMeasures[4]::groups[OG000]	4	1	61	False	NO_CONFLICT_DETECTED	NOT_A_PATIENT_COUNT__NO_CROSS_MEASURE_SUM_EMITTED	DISJOINTNESS_UNVERIFIABLE__NO_participantFlowModule_IN_CACHE
NCT00827359	ctg_results_bor_1999_2009.txt	25	ACTUAL	1	1	2	24	ctg_results_bor_1999_2009.txt::NCT00827359::outcomeMeasures[2]::groups[OG000]	2	1	24	False	NO_CONFLICT_DETECTED	NOT_A_PATIENT_COUNT__NO_CROSS_MEASURE_SUM_EMITTED	DISJOINTNESS_UNVERIFIABLE__NO_participantFlowModule_IN_CACHE
NCT01998880	ctg_results_bor_1999_2009.txt	787	ACTUAL	3	2	2	233	ctg_results_bor_1999_2009.txt::NCT01998880::outcomeMeasures[12]::groups[OG000]	12	2	351	False	NO_CONFLICT_DETECTED	NOT_A_PATIENT_COUNT__NO_CROSS_MEASURE_SUM_EMITTED	DISJOINTNESS_UNVERIFIABLE__NO_participantFlowModule_IN_CACHE
NCT00642954	ctg_results_bor_1999_2009.txt	31	ACTUAL	5	5	5	16	ctg_results_bor_1999_2009.txt::NCT00642954::outcomeMeasures[2]::groups[OG004]	2	5	30	False	NO_CONFLICT_DETECTED	NOT_A_PATIENT_COUNT__NO_CROSS_MEASURE_SUM_EMITTED	DISJOINTNESS_UNVERIFIABLE__NO_participantFlowModule_IN_CACHE
NCT00545688	ctg_results_bor_1999_2009.txt	417	ACTUAL	4	4	8	100	ctg_results_bor_1999_2009.txt::NCT00545688::outcomeMeasures[8]::groups[OG001]	8	4	383	False	NO_CONFLICT_DETECTED	NOT_A_PATIENT_COUNT__NO_CROSS_MEASURE_SUM_EMITTED	DISJOINTNESS_UNVERIFIABLE__NO_participantFlowModule_IN_CACHE
NCT00726323	ctg_results_bor_1999_2009.txt	74	ACTUAL	2	2	2	37	ctg_results_bor_1999_2009.txt::NCT00726323::outcomeMeasures[0]::groups[OG000]	0	2	74	False	NO_CONFLICT_DETECTED	NOT_A_PATIENT_COUNT__NO_CROSS_MEASURE_SUM_EMITTED	DISJOINTNESS_UNVERIFIABLE__NO_participantFlowModule_IN_CACHE
NCT00408499	ctg_results_bor_1999_2009.txt	64	ACTUAL	1	1	1	64	ctg_results_bor_1999_2009.txt::NCT00408499::outcomeMeasures[1]::groups[OG000]	1	1	64	False	NO_CONFLICT_DETECTED	NOT_A_PATIENT_COUNT__NO_CROSS_MEASURE_SUM_EMITTED	DISJOINTNESS_UNVERIFIABLE__NO_participantFlowModule_IN_CACHE
NCT00246012	ctg_results_bor_1999_2009.txt	144	ACTUAL	9	4	4	33	ctg_results_bor_1999_2009.txt::NCT00246012::outcomeMeasures[24]::groups[OG002]	24	4	125	False	NO_CONFLICT_DETECTED	NOT_A_PATIENT_COUNT__NO_CROSS_MEASURE_SUM_EMITTED	DISJOINTNESS_UNVERIFIABLE__NO_participantFlowModule_IN_CACHE
NCT00415636	ctg_results_bor_1999_2009.txt	31	ACTUAL	6	6	6	10	ctg_results_bor_1999_2009.txt::NCT00415636::outcomeMeasures[3]::groups[OG003]	3	6	23	False	NO_CONFLICT_DETECTED	NOT_A_PATIENT_COUNT__NO_CROSS_MEASURE_SUM_EMITTED	DISJOINTNESS_UNVERIFIABLE__NO_participantFlowModule_IN_CACHE
NCT00289016	ctg_results_bor_1999_2009.txt	50	ACTUAL	1	1	1	50	ctg_results_bor_1999_2009.txt::NCT00289016::outcomeMeasures[0]::groups[OG000]	0	1	50	False	NO_CONFLICT_DETECTED	NOT_A_PATIENT_COUNT__NO_CROSS_MEASURE_SUM_EMITTED	DISJOINTNESS_UNVERIFIABLE__NO_participantFlowModule_IN_CACHE
NCT01025284	ctg_results_bor_1999_2009.txt	64	ACTUAL	2	2	4	38	ctg_results_bor_1999_2009.txt::NCT01025284::outcomeMeasures[0]::groups[OG000]	0	1	38	False	NO_CONFLICT_DETECTED	NOT_A_PATIENT_COUNT__NO_CROSS_MEASURE_SUM_EMITTED	DISJOINTNESS_UNVERIFIABLE__NO_participantFlowModule_IN_CACHE
NCT00526669	ctg_results_bor_1999_2009.txt	68	ACTUAL	0	1	2	67	ctg_results_bor_1999_2009.txt::NCT00526669::outcomeMeasures[1]::groups[OG000]	1	1	67	False	NO_CONFLICT_DETECTED	NOT_A_PATIENT_COUNT__NO_CROSS_MEASURE_SUM_EMITTED	DISJOINTNESS_UNVERIFIABLE__NO_participantFlowModule_IN_CACHE
NCT00088530	ctg_results_bor_1999_2009.txt	140	ACTUAL	2	2	2	70	ctg_results_bor_1999_2009.txt::NCT00088530::outcomeMeasures[3]::groups[OG000]	3	2	140	False	NO_CONFLICT_DETECTED	NOT_A_PATIENT_COUNT__NO_CROSS_MEASURE_SUM_EMITTED	DISJOINTNESS_UNVERIFIABLE__NO_participantFlowModule_IN_CACHE
NCT00448136	ctg_results_bor_1999_2009.txt	83	ACTUAL	2	2	4	49	ctg_results_bor_1999_2009.txt::NCT00448136::outcomeMeasures[1]::groups[OG001]	1	2	83	False	NO_CONFLICT_DETECTED	NOT_A_PATIENT_COUNT__NO_CROSS_MEASURE_SUM_EMITTED	DISJOINTNESS_UNVERIFIABLE__NO_participantFlowModule_IN_CACHE
NCT00319254	ctg_results_bor_1999_2009.txt	75	ACTUAL	1	1	1	73	ctg_results_bor_1999_2009.txt::NCT00319254::outcomeMeasures[3]::groups[OG000]	3	1	73	False	NO_CONFLICT_DETECTED	NOT_A_PATIENT_COUNT__NO_CROSS_MEASURE_SUM_EMITTED	DISJOINTNESS_UNVERIFIABLE__NO_participantFlowModule_IN_CACHE
NCT00405587	ctg_results_bor_1999_2009.txt	109	ACTUAL	1	1	1	32	ctg_results_bor_1999_2009.txt::NCT00405587::outcomeMeasures[20]::groups[OG000]	20	1	32	False	NO_CONFLICT_DETECTED	NOT_A_PATIENT_COUNT__NO_CROSS_MEASURE_SUM_EMITTED	DISJOINTNESS_UNVERIFIABLE__NO_participantFlowModule_IN_CACHE
NCT00121719	ctg_results_bor_1999_2009.txt	82	ACTUAL	1	12	12	24	ctg_results_bor_1999_2009.txt::NCT00121719::outcomeMeasures[4]::groups[OG010]	4	12	82	False	NO_CONFLICT_DETECTED	NOT_A_PATIENT_COUNT__NO_CROSS_MEASURE_SUM_EMITTED	DISJOINTNESS_UNVERIFIABLE__NO_participantFlowModule_IN_CACHE
NCT00548093	ctg_results_bor_1999_2009.txt	66	ACTUAL	2	2	2	42	ctg_results_bor_1999_2009.txt::NCT00548093::outcomeMeasures[0]::groups[OG000]	0	1	42	False	NO_CONFLICT_DETECTED	NOT_A_PATIENT_COUNT__NO_CROSS_MEASURE_SUM_EMITTED	DISJOINTNESS_UNVERIFIABLE__NO_participantFlowModule_IN_CACHE
NCT00490646	ctg_results_bor_1999_2009.txt	50	ACTUAL	2	2	4	25	ctg_results_bor_1999_2009.txt::NCT00490646::outcomeMeasures[0]::groups[OG000]	0	2	50	False	NO_CONFLICT_DETECTED	NOT_A_PATIENT_COUNT__NO_CROSS_MEASURE_SUM_EMITTED	DISJOINTNESS_UNVERIFIABLE__NO_participantFlowModule_IN_CACHE
NCT02013206	ctg_results_bor_1999_2009.txt	52	ACTUAL	2	2	4	29	ctg_results_bor_1999_2009.txt::NCT02013206::outcomeMeasures[1]::groups[OG000]	1	2	52	False	NO_CONFLICT_DETECTED	NOT_A_PATIENT_COUNT__NO_CROSS_MEASURE_SUM_EMITTED	DISJOINTNESS_UNVERIFIABLE__NO_participantFlowModule_IN_CACHE
NCT00451178	ctg_results_bor_1999_2009.txt	101	ACTUAL	2	2	2	56	ctg_results_bor_1999_2009.txt::NCT00451178::outcomeMeasures[1]::groups[OG000]	1	2	98	False	NO_CONFLICT_DETECTED	NOT_A_PATIENT_COUNT__NO_CROSS_MEASURE_SUM_EMITTED	DISJOINTNESS_UNVERIFIABLE__NO_participantFlowModule_IN_CACHE
NCT00844649	ctg_results_bor_1999_2009.txt	861	ACTUAL	2	2	2	431	ctg_results_bor_1999_2009.txt::NCT00844649::outcomeMeasures[2]::groups[OG000]	2	2	861	False	NO_CONFLICT_DETECTED	NOT_A_PATIENT_COUNT__NO_CROSS_MEASURE_SUM_EMITTED	DISJOINTNESS_UNVERIFIABLE__NO_participantFlowModule_IN_CACHE
NCT00700102	ctg_results_bor_1999_2009.txt	820	ACTUAL	2	2	4	406	ctg_results_bor_1999_2009.txt::NCT00700102::outcomeMeasures[4]::groups[OG000]	4	2	810	False	NO_CONFLICT_DETECTED	NOT_A_PATIENT_COUNT__NO_CROSS_MEASURE_SUM_EMITTED	DISJOINTNESS_UNVERIFIABLE__NO_participantFlowModule_IN_CACHE
NCT00383292	ctg_results_bor_1999_2009.txt	130	ACTUAL	1	3	9	68	ctg_results_bor_1999_2009.txt::NCT00383292::outcomeMeasures[0]::groups[OG000]	0	3	130	False	NO_CONFLICT_DETECTED	NOT_A_PATIENT_COUNT__NO_CROSS_MEASURE_SUM_EMITTED	DISJOINTNESS_UNVERIFIABLE__NO_participantFlowModule_IN_CACHE
NCT00556322	ctg_results_bor_1999_2009.txt	424	ACTUAL	2	2	2	221	ctg_results_bor_1999_2009.txt::NCT00556322::outcomeMeasures[12]::groups[OG000]	12	2	424	False	NO_CONFLICT_DETECTED	NOT_A_PATIENT_COUNT__NO_CROSS_MEASURE_SUM_EMITTED	DISJOINTNESS_UNVERIFIABLE__NO_participantFlowModule_IN_CACHE
NCT01024231	ctg_results_bor_1999_2009.txt	127	ACTUAL	8	11	11	127	ctg_results_bor_1999_2009.txt::NCT01024231::outcomeMeasures[7]::groups[OG010]	7	11	434	True	WITHIN_MEASURE_SUM_EXCEEDS_ENROLLMENT__POOLED_LABEL_IN_MEASURE	NOT_A_PATIENT_COUNT__NO_CROSS_MEASURE_SUM_EMITTED	DISJOINTNESS_UNVERIFIABLE__NO_participantFlowModule_IN_CACHE
NCT00786643	ctg_results_bor_1999_2009.txt	48	ACTUAL	2	2	2	20	ctg_results_bor_1999_2009.txt::NCT00786643::outcomeMeasures[1]::groups[OG000]	1	1	20	False	NO_CONFLICT_DETECTED	NOT_A_PATIENT_COUNT__NO_CROSS_MEASURE_SUM_EMITTED	DISJOINTNESS_UNVERIFIABLE__NO_participantFlowModule_IN_CACHE
NCT00129376	ctg_results_bor_1999_2009.txt	63	ACTUAL	1	1	1	63	ctg_results_bor_1999_2009.txt::NCT00129376::outcomeMeasures[1]::groups[OG000]	1	1	63	False	NO_CONFLICT_DETECTED	NOT_A_PATIENT_COUNT__NO_CROSS_MEASURE_SUM_EMITTED	DISJOINTNESS_UNVERIFIABLE__NO_participantFlowModule_IN_CACHE
NCT00748189	ctg_results_bor_1999_2009.txt	447	ACTUAL	2	2	2	226	ctg_results_bor_1999_2009.txt::NCT00748189::outcomeMeasures[1]::groups[OG000]	1	2	447	False	NO_CONFLICT_DETECTED	NOT_A_PATIENT_COUNT__NO_CROSS_MEASURE_SUM_EMITTED	DISJOINTNESS_UNVERIFIABLE__NO_participantFlowModule_IN_CACHE
NCT00866333	ctg_results_bor_1999_2009.txt	49	ACTUAL	1	3	9	17	ctg_results_bor_1999_2009.txt::NCT00866333::outcomeMeasures[0]::groups[OG001]	0	3	41	False	NO_CONFLICT_DETECTED	NOT_A_PATIENT_COUNT__NO_CROSS_MEASURE_SUM_EMITTED	DISJOINTNESS_UNVERIFIABLE__NO_participantFlowModule_IN_CACHE
NCT00100932	ctg_results_bor_1999_2009.txt	106	ACTUAL	2	2	2	77	ctg_results_bor_1999_2009.txt::NCT00100932::outcomeMeasures[0]::groups[OG000]	0	2	103	False	NO_CONFLICT_DETECTED	NOT_A_PATIENT_COUNT__NO_CROSS_MEASURE_SUM_EMITTED	DISJOINTNESS_UNVERIFIABLE__NO_participantFlowModule_IN_CACHE
NCT00075504	ctg_results_bor_1999_2009.txt	33	ACTUAL	1	2	2	23	ctg_results_bor_1999_2009.txt::NCT00075504::outcomeMeasures[0]::groups[OG000]	0	2	33	False	NO_CONFLICT_DETECTED	NOT_A_PATIENT_COUNT__NO_CROSS_MEASURE_SUM_EMITTED	DISJOINTNESS_UNVERIFIABLE__NO_participantFlowModule_IN_CACHE
NCT01089595	ctg_results_bor_1999_2009.txt	5	ACTUAL	2	2	2	3	ctg_results_bor_1999_2009.txt::NCT01089595::outcomeMeasures[1]::groups[OG001]	1	2	5	False	NO_CONFLICT_DETECTED	NOT_A_PATIENT_COUNT__NO_CROSS_MEASURE_SUM_EMITTED	DISJOINTNESS_UNVERIFIABLE__NO_participantFlowModule_IN_CACHE
NCT00811135	ctg_results_bor_1999_2009.txt	88	ACTUAL	1	1	1	88	ctg_results_bor_1999_2009.txt::NCT00811135::outcomeMeasures[0]::groups[OG000]	0	1	88	False	NO_CONFLICT_DETECTED	NOT_A_PATIENT_COUNT__NO_CROSS_MEASURE_SUM_EMITTED	DISJOINTNESS_UNVERIFIABLE__NO_participantFlowModule_IN_CACHE
NCT00397488	ctg_results_bor_1999_2009.txt	78	ACTUAL	1	1	1	71	ctg_results_bor_1999_2009.txt::NCT00397488::outcomeMeasures[0]::groups[OG000]	0	1	71	False	NO_CONFLICT_DETECTED	NOT_A_PATIENT_COUNT__NO_CROSS_MEASURE_SUM_EMITTED	DISJOINTNESS_UNVERIFIABLE__NO_participantFlowModule_IN_CACHE
NCT00639509	ctg_results_bor_1999_2009.txt	24	ACTUAL	1	1	1	23	ctg_results_bor_1999_2009.txt::NCT00639509::outcomeMeasures[1]::groups[OG000]	1	1	23	False	NO_CONFLICT_DETECTED	NOT_A_PATIENT_COUNT__NO_CROSS_MEASURE_SUM_EMITTED	DISJOINTNESS_UNVERIFIABLE__NO_participantFlowModule_IN_CACHE
NCT00952692	ctg_results_bor_1999_2009.txt	12	ACTUAL	0	1	1	12	ctg_results_bor_1999_2009.txt::NCT00952692::outcomeMeasures[2]::groups[OG000]	2	1	12	False	NO_CONFLICT_DETECTED	NOT_A_PATIENT_COUNT__NO_CROSS_MEASURE_SUM_EMITTED	DISJOINTNESS_UNVERIFIABLE__NO_participantFlowModule_IN_CACHE
NCT00668148	ctg_results_bor_1999_2009.txt	113	ACTUAL	1	6	12	111	ctg_results_bor_1999_2009.txt::NCT00668148::outcomeMeasures[2]::groups[OG005]	2	6	222	True	WITHIN_MEASURE_SUM_EXCEEDS_ENROLLMENT__POOLED_LABEL_IN_MEASURE	NOT_A_PATIENT_COUNT__NO_CROSS_MEASURE_SUM_EMITTED	DISJOINTNESS_UNVERIFIABLE__NO_participantFlowModule_IN_CACHE
NCT00577382	ctg_results_bor_1999_2009.txt	52	ACTUAL	1	2	2	31	ctg_results_bor_1999_2009.txt::NCT00577382::outcomeMeasures[1]::groups[OG001]	1	2	52	False	NO_CONFLICT_DETECTED	NOT_A_PATIENT_COUNT__NO_CROSS_MEASURE_SUM_EMITTED	DISJOINTNESS_UNVERIFIABLE__NO_participantFlowModule_IN_CACHE
NCT00462761	ctg_results_bor_1999_2009.txt	76	ACTUAL	1	13	26	76	ctg_results_bor_1999_2009.txt::NCT00462761::outcomeMeasures[3]::groups[OG012]	3	13	152	True	WITHIN_MEASURE_SUM_EXCEEDS_ENROLLMENT__POOLED_LABEL_IN_MEASURE	NOT_A_PATIENT_COUNT__NO_CROSS_MEASURE_SUM_EMITTED	DISJOINTNESS_UNVERIFIABLE__NO_participantFlowModule_IN_CACHE
NCT01196078	ctg_results_bor_1999_2009.txt	114	ACTUAL	2	2	2	57	ctg_results_bor_1999_2009.txt::NCT01196078::outcomeMeasures[0]::groups[OG000]	0	2	113	False	NO_CONFLICT_DETECTED	NOT_A_PATIENT_COUNT__NO_CROSS_MEASURE_SUM_EMITTED	DISJOINTNESS_UNVERIFIABLE__NO_participantFlowModule_IN_CACHE
NCT00112840	ctg_results_bor_1999_2009.txt	60	ACTUAL	1	1	1	40	ctg_results_bor_1999_2009.txt::NCT00112840::outcomeMeasures[2]::groups[OG000]	2	1	40	False	NO_CONFLICT_DETECTED	NOT_A_PATIENT_COUNT__NO_CROSS_MEASURE_SUM_EMITTED	DISJOINTNESS_UNVERIFIABLE__NO_participantFlowModule_IN_CACHE
NCT00332163	ctg_results_bor_1999_2009.txt	95	ACTUAL	2	2	4	48	ctg_results_bor_1999_2009.txt::NCT00332163::outcomeMeasures[6]::groups[OG000]	6	2	95	False	NO_CONFLICT_DETECTED	NOT_A_PATIENT_COUNT__NO_CROSS_MEASURE_SUM_EMITTED	DISJOINTNESS_UNVERIFIABLE__NO_participantFlowModule_IN_CACHE
NCT00848926	ctg_results_bor_1999_2009.txt	102	ACTUAL	1	1	3	102	ctg_results_bor_1999_2009.txt::NCT00848926::outcomeMeasures[0]::groups[OG000]	0	1	102	False	NO_CONFLICT_DETECTED	NOT_A_PATIENT_COUNT__NO_CROSS_MEASURE_SUM_EMITTED	DISJOINTNESS_UNVERIFIABLE__NO_participantFlowModule_IN_CACHE
NCT00410904	ctg_results_bor_1999_2009.txt	60	ACTUAL	1	2	2	40	ctg_results_bor_1999_2009.txt::NCT00410904::outcomeMeasures[0]::groups[OG000]	0	2	60	False	NO_CONFLICT_DETECTED	NOT_A_PATIENT_COUNT__NO_CROSS_MEASURE_SUM_EMITTED	DISJOINTNESS_UNVERIFIABLE__NO_participantFlowModule_IN_CACHE
NCT00439517	ctg_results_bor_1999_2009.txt	302	ACTUAL	2	2	2	152	ctg_results_bor_1999_2009.txt::NCT00439517::outcomeMeasures[1]::groups[OG000]	1	2	302	False	NO_CONFLICT_DETECTED	NOT_A_PATIENT_COUNT__NO_CROSS_MEASURE_SUM_EMITTED	DISJOINTNESS_UNVERIFIABLE__NO_participantFlowModule_IN_CACHE
NCT00247676	ctg_results_bor_1999_2009.txt	37	ACTUAL	1	1	4	37	ctg_results_bor_1999_2009.txt::NCT00247676::outcomeMeasures[1]::groups[OG000]	1	1	37	False	NO_CONFLICT_DETECTED	NOT_A_PATIENT_COUNT__NO_CROSS_MEASURE_SUM_EMITTED	DISJOINTNESS_UNVERIFIABLE__NO_participantFlowModule_IN_CACHE
NCT00252382	ctg_results_bor_1999_2009.txt	31	ACTUAL	1	1	2	26	ctg_results_bor_1999_2009.txt::NCT00252382::outcomeMeasures[0]::groups[OG000]	0	1	26	True	NO_CONFLICT_DETECTED	NOT_A_PATIENT_COUNT__NO_CROSS_MEASURE_SUM_EMITTED	DISJOINTNESS_UNVERIFIABLE__NO_participantFlowModule_IN_CACHE
NCT00652366	ctg_results_bor_1999_2009.txt	467	ACTUAL	2	2	2	75	ctg_results_bor_1999_2009.txt::NCT00652366::outcomeMeasures[4]::groups[OG000]	4	2	145	False	NO_CONFLICT_DETECTED	NOT_A_PATIENT_COUNT__NO_CROSS_MEASURE_SUM_EMITTED	DISJOINTNESS_UNVERIFIABLE__NO_participantFlowModule_IN_CACHE
NCT00936611	ctg_results_bor_1999_2009.txt	39	ACTUAL	1	1	2	36	ctg_results_bor_1999_2009.txt::NCT00936611::outcomeMeasures[0]::groups[OG000]	0	1	36	False	NO_CONFLICT_DETECTED	NOT_A_PATIENT_COUNT__NO_CROSS_MEASURE_SUM_EMITTED	DISJOINTNESS_UNVERIFIABLE__NO_participantFlowModule_IN_CACHE
NCT00511238	ctg_results_bor_1999_2009.txt	312	ACTUAL	2	2	2	257	ctg_results_bor_1999_2009.txt::NCT00511238::outcomeMeasures[0]::groups[OG001]	0	2	299	False	NO_CONFLICT_DETECTED	NOT_A_PATIENT_COUNT__NO_CROSS_MEASURE_SUM_EMITTED	DISJOINTNESS_UNVERIFIABLE__NO_participantFlowModule_IN_CACHE
NCT00553644	ctg_results_bor_1999_2009.txt	53	ACTUAL	1	1	1	53	ctg_results_bor_1999_2009.txt::NCT00553644::outcomeMeasures[0]::groups[OG000]	0	1	53	False	NO_CONFLICT_DETECTED	NOT_A_PATIENT_COUNT__NO_CROSS_MEASURE_SUM_EMITTED	DISJOINTNESS_UNVERIFIABLE__NO_participantFlowModule_IN_CACHE
NCT00834093	ctg_results_bor_1999_2009.txt	18	ACTUAL	1	1	1	13	ctg_results_bor_1999_2009.txt::NCT00834093::outcomeMeasures[0]::groups[OG000]	0	1	13	False	NO_CONFLICT_DETECTED	NOT_A_PATIENT_COUNT__NO_CROSS_MEASURE_SUM_EMITTED	DISJOINTNESS_UNVERIFIABLE__NO_participantFlowModule_IN_CACHE
NCT00226239	ctg_results_bor_1999_2009.txt	39	ACTUAL	1	1	2	37	ctg_results_bor_1999_2009.txt::NCT00226239::outcomeMeasures[0]::groups[OG000]	0	1	37	False	NO_CONFLICT_DETECTED	NOT_A_PATIENT_COUNT__NO_CROSS_MEASURE_SUM_EMITTED	DISJOINTNESS_UNVERIFIABLE__NO_participantFlowModule_IN_CACHE
NCT00603941	ctg_results_bor_1999_2009.txt	19	ACTUAL	3	1	1	15	ctg_results_bor_1999_2009.txt::NCT00603941::outcomeMeasures[2]::groups[OG000]	2	1	15	True	NO_CONFLICT_DETECTED	NOT_A_PATIENT_COUNT__NO_CROSS_MEASURE_SUM_EMITTED	DISJOINTNESS_UNVERIFIABLE__NO_participantFlowModule_IN_CACHE
NCT00720356	ctg_results_bor_1999_2009.txt	115	ACTUAL	1	1	1	46	ctg_results_bor_1999_2009.txt::NCT00720356::outcomeMeasures[2]::groups[OG000]	2	1	46	False	NO_CONFLICT_DETECTED	NOT_A_PATIENT_COUNT__NO_CROSS_MEASURE_SUM_EMITTED	DISJOINTNESS_UNVERIFIABLE__NO_participantFlowModule_IN_CACHE
NCT00106353	ctg_results_bor_1999_2009.txt	71	ACTUAL	1	7	7	15	ctg_results_bor_1999_2009.txt::NCT00106353::outcomeMeasures[33]::groups[OG000]	33	3	42	False	NO_CONFLICT_DETECTED	NOT_A_PATIENT_COUNT__NO_CROSS_MEASURE_SUM_EMITTED	DISJOINTNESS_UNVERIFIABLE__NO_participantFlowModule_IN_CACHE
NCT00099437	ctg_results_bor_1999_2009.txt	736	ACTUAL	2	2	4	374	ctg_results_bor_1999_2009.txt::NCT00099437::outcomeMeasures[2]::groups[OG000]	2	2	736	False	NO_CONFLICT_DETECTED	NOT_A_PATIENT_COUNT__NO_CROSS_MEASURE_SUM_EMITTED	DISJOINTNESS_UNVERIFIABLE__NO_participantFlowModule_IN_CACHE
NCT00281840	ctg_results_bor_1999_2009.txt	30	ACTUAL	1	1	1	26	ctg_results_bor_1999_2009.txt::NCT00281840::outcomeMeasures[1]::groups[OG000]	1	1	26	False	NO_CONFLICT_DETECTED	NOT_A_PATIENT_COUNT__NO_CROSS_MEASURE_SUM_EMITTED	DISJOINTNESS_UNVERIFIABLE__NO_participantFlowModule_IN_CACHE
NCT00274469	ctg_results_bor_1999_2009.txt	205	ACTUAL	2	2	4	103	ctg_results_bor_1999_2009.txt::NCT00274469::outcomeMeasures[0]::groups[OG001]	0	2	205	False	NO_CONFLICT_DETECTED	NOT_A_PATIENT_COUNT__NO_CROSS_MEASURE_SUM_EMITTED	DISJOINTNESS_UNVERIFIABLE__NO_participantFlowModule_IN_CACHE
NCT00093041	ctg_results_bor_1999_2009.txt	28	ACTUAL	6	6	6	7	ctg_results_bor_1999_2009.txt::NCT00093041::outcomeMeasures[1]::groups[OG005]	1	6	28	False	NO_CONFLICT_DETECTED	NOT_A_PATIENT_COUNT__NO_CROSS_MEASURE_SUM_EMITTED	DISJOINTNESS_UNVERIFIABLE__NO_participantFlowModule_IN_CACHE
NCT00448279	ctg_results_bor_1999_2009.txt	58	ACTUAL	2	2	4	29	ctg_results_bor_1999_2009.txt::NCT00448279::outcomeMeasures[4]::groups[OG000]	4	2	58	False	NO_CONFLICT_DETECTED	NOT_A_PATIENT_COUNT__NO_CROSS_MEASURE_SUM_EMITTED	DISJOINTNESS_UNVERIFIABLE__NO_participantFlowModule_IN_CACHE
NCT00508274	ctg_results_bor_1999_2009.txt	52	ACTUAL	1	1	1	52	ctg_results_bor_1999_2009.txt::NCT00508274::outcomeMeasures[0]::groups[OG000]	0	1	52	False	NO_CONFLICT_DETECTED	NOT_A_PATIENT_COUNT__NO_CROSS_MEASURE_SUM_EMITTED	DISJOINTNESS_UNVERIFIABLE__NO_participantFlowModule_IN_CACHE
NCT00996892	ctg_results_bor_1999_2009.txt	178	ACTUAL	6	18	36	35	ctg_results_bor_1999_2009.txt::NCT00996892::outcomeMeasures[96]::groups[OG010]	96	18	131	False	NO_CONFLICT_DETECTED	NOT_A_PATIENT_COUNT__NO_CROSS_MEASURE_SUM_EMITTED	DISJOINTNESS_UNVERIFIABLE__NO_participantFlowModule_IN_CACHE
NCT00751036	ctg_results_bor_1999_2009.txt	94	ACTUAL	2	2	2	48	ctg_results_bor_1999_2009.txt::NCT00751036::outcomeMeasures[1]::groups[OG000]	1	2	94	False	NO_CONFLICT_DETECTED	NOT_A_PATIENT_COUNT__NO_CROSS_MEASURE_SUM_EMITTED	DISJOINTNESS_UNVERIFIABLE__NO_participantFlowModule_IN_CACHE
NCT00323882	ctg_results_bor_1999_2009.txt	75	ACTUAL	1	3	6	21	ctg_results_bor_1999_2009.txt::NCT00323882::outcomeMeasures[5]::groups[OG001]	5	3	50	False	NO_CONFLICT_DETECTED	NOT_A_PATIENT_COUNT__NO_CROSS_MEASURE_SUM_EMITTED	DISJOINTNESS_UNVERIFIABLE__NO_participantFlowModule_IN_CACHE
NCT00343291	ctg_results_bor_1999_2009.txt	121	ACTUAL	2	2	6	61	ctg_results_bor_1999_2009.txt::NCT00343291::outcomeMeasures[2]::groups[OG001]	2	2	121	False	NO_CONFLICT_DETECTED	NOT_A_PATIENT_COUNT__NO_CROSS_MEASURE_SUM_EMITTED	DISJOINTNESS_UNVERIFIABLE__NO_participantFlowModule_IN_CACHE
NCT00967616	ctg_results_bor_1999_2009.txt	100	ACTUAL	2	2	2	50	ctg_results_bor_1999_2009.txt::NCT00967616::outcomeMeasures[3]::groups[OG000]	3	2	100	False	NO_CONFLICT_DETECTED	NOT_A_PATIENT_COUNT__NO_CROSS_MEASURE_SUM_EMITTED	DISJOINTNESS_UNVERIFIABLE__NO_participantFlowModule_IN_CACHE
NCT00267020	ctg_results_bor_1999_2009.txt	130	ACTUAL	2	2	3	81	ctg_results_bor_1999_2009.txt::NCT00267020::outcomeMeasures[1]::groups[OG000]	1	2	119	False	NO_CONFLICT_DETECTED	NOT_A_PATIENT_COUNT__NO_CROSS_MEASURE_SUM_EMITTED	DISJOINTNESS_UNVERIFIABLE__NO_participantFlowModule_IN_CACHE
NCT00263588	ctg_results_bor_1999_2009.txt	242	ACTUAL	1	2	8	143	ctg_results_bor_1999_2009.txt::NCT00263588::outcomeMeasures[0]::groups[OG001]	0	2	237	False	NO_CONFLICT_DETECTED	NOT_A_PATIENT_COUNT__NO_CROSS_MEASURE_SUM_EMITTED	DISJOINTNESS_UNVERIFIABLE__NO_participantFlowModule_IN_CACHE
NCT00950742	ctg_results_bor_1999_2009.txt	18	ACTUAL	1	2	4	16	ctg_results_bor_1999_2009.txt::NCT00950742::outcomeMeasures[2]::groups[OG000]	2	2	18	False	NO_CONFLICT_DETECTED	NOT_A_PATIENT_COUNT__NO_CROSS_MEASURE_SUM_EMITTED	DISJOINTNESS_UNVERIFIABLE__NO_participantFlowModule_IN_CACHE
NCT00906698	ctg_results_bor_1999_2009.txt	55	ACTUAL	2	6	24	19	ctg_results_bor_1999_2009.txt::NCT00906698::outcomeMeasures[1]::groups[OG001]	1	6	55	False	NO_CONFLICT_DETECTED	NOT_A_PATIENT_COUNT__NO_CROSS_MEASURE_SUM_EMITTED	DISJOINTNESS_UNVERIFIABLE__NO_participantFlowModule_IN_CACHE
NCT01001299	ctg_results_bor_1999_2009.txt	25	ACTUAL	1	1	1	25	ctg_results_bor_1999_2009.txt::NCT01001299::outcomeMeasures[17]::groups[OG000]	17	1	25	False	NO_CONFLICT_DETECTED	NOT_A_PATIENT_COUNT__NO_CROSS_MEASURE_SUM_EMITTED	DISJOINTNESS_UNVERIFIABLE__NO_participantFlowModule_IN_CACHE
NCT00306891	ctg_results_bor_1999_2009.txt	60	ACTUAL	4	2	2	29	ctg_results_bor_1999_2009.txt::NCT00306891::outcomeMeasures[6]::groups[OG001]	6	2	44	False	NO_CONFLICT_DETECTED	NOT_A_PATIENT_COUNT__NO_CROSS_MEASURE_SUM_EMITTED	DISJOINTNESS_UNVERIFIABLE__NO_participantFlowModule_IN_CACHE
NCT00709618	ctg_results_bor_1999_2009.txt	44	ACTUAL	0	1	1	44	ctg_results_bor_1999_2009.txt::NCT00709618::outcomeMeasures[0]::groups[OG000]	0	1	44	False	NO_CONFLICT_DETECTED	NOT_A_PATIENT_COUNT__NO_CROSS_MEASURE_SUM_EMITTED	DISJOINTNESS_UNVERIFIABLE__NO_participantFlowModule_IN_CACHE
NCT00352690	ctg_results_bor_1999_2009.txt	10	ACTUAL	2	2	2	8	ctg_results_bor_1999_2009.txt::NCT00352690::outcomeMeasures[3]::groups[OG000]	3	1	8	False	NO_CONFLICT_DETECTED	NOT_A_PATIENT_COUNT__NO_CROSS_MEASURE_SUM_EMITTED	DISJOINTNESS_UNVERIFIABLE__NO_participantFlowModule_IN_CACHE
NCT00754650	ctg_results_bor_1999_2009.txt	2	ACTUAL	1	1	1	2	ctg_results_bor_1999_2009.txt::NCT00754650::outcomeMeasures[1]::groups[OG000]	1	1	2	False	NO_CONFLICT_DETECTED	NOT_A_PATIENT_COUNT__NO_CROSS_MEASURE_SUM_EMITTED	DISJOINTNESS_UNVERIFIABLE__NO_participantFlowModule_IN_CACHE
NCT00004859	ctg_results_bor_1999_2009.txt	589	ACTUAL	2	2	2	275	ctg_results_bor_1999_2009.txt::NCT00004859::outcomeMeasures[1]::groups[OG000]	1	2	546	False	NO_CONFLICT_DETECTED	NOT_A_PATIENT_COUNT__NO_CROSS_MEASURE_SUM_EMITTED	DISJOINTNESS_UNVERIFIABLE__NO_participantFlowModule_IN_CACHE
NCT00363051	ctg_results_bor_1999_2009.txt	160	ACTUAL	1	2	4	115	ctg_results_bor_1999_2009.txt::NCT00363051::outcomeMeasures[0]::groups[OG000]	0	1	115	False	NO_CONFLICT_DETECTED	NOT_A_PATIENT_COUNT__NO_CROSS_MEASURE_SUM_EMITTED	DISJOINTNESS_UNVERIFIABLE__NO_participantFlowModule_IN_CACHE
NCT00096941	ctg_results_bor_1999_2009.txt	3	ACTUAL	1	1	1	3	ctg_results_bor_1999_2009.txt::NCT00096941::outcomeMeasures[1]::groups[OG000]	1	1	3	False	NO_CONFLICT_DETECTED	NOT_A_PATIENT_COUNT__NO_CROSS_MEASURE_SUM_EMITTED	DISJOINTNESS_UNVERIFIABLE__NO_participantFlowModule_IN_CACHE
NCT00473590	ctg_results_bor_1999_2009.txt	102	ACTUAL	2	2	4	53	ctg_results_bor_1999_2009.txt::NCT00473590::outcomeMeasures[0]::groups[OG000]	0	2	102	False	NO_CONFLICT_DETECTED	NOT_A_PATIENT_COUNT__NO_CROSS_MEASURE_SUM_EMITTED	DISJOINTNESS_UNVERIFIABLE__NO_participantFlowModule_IN_CACHE
NCT02574260	ctg_results_bor_1999_2009.txt	3	ACTUAL	1	1	1	3	ctg_results_bor_1999_2009.txt::NCT02574260::outcomeMeasures[1]::groups[OG000]	1	1	3	False	NO_CONFLICT_DETECTED	NOT_A_PATIENT_COUNT__NO_CROSS_MEASURE_SUM_EMITTED	DISJOINTNESS_UNVERIFIABLE__NO_participantFlowModule_IN_CACHE
NCT00089635	ctg_results_bor_1999_2009.txt	203	ACTUAL	1	1	1	7	ctg_results_bor_1999_2009.txt::NCT00089635::outcomeMeasures[3]::groups[OG000]	3	1	7	False	NO_CONFLICT_DETECTED	NOT_A_PATIENT_COUNT__NO_CROSS_MEASURE_SUM_EMITTED	DISJOINTNESS_UNVERIFIABLE__NO_participantFlowModule_IN_CACHE
NCT00658658	ctg_results_bor_1999_2009.txt	31	ACTUAL	1	5	5	4	ctg_results_bor_1999_2009.txt::NCT00658658::outcomeMeasures[8]::groups[OG000]	8	5	16	False	NO_CONFLICT_DETECTED	NOT_A_PATIENT_COUNT__NO_CROSS_MEASURE_SUM_EMITTED	DISJOINTNESS_UNVERIFIABLE__NO_participantFlowModule_IN_CACHE
NCT00507416	ctg_results_bor_1999_2009.txt	502	ACTUAL	3	3	3	147	ctg_results_bor_1999_2009.txt::NCT00507416::outcomeMeasures[1]::groups[OG000]	1	3	425	False	NO_CONFLICT_DETECTED	NOT_A_PATIENT_COUNT__NO_CROSS_MEASURE_SUM_EMITTED	DISJOINTNESS_UNVERIFIABLE__NO_participantFlowModule_IN_CACHE
NCT02490475	ctg_results_bor_1999_2009.txt	19	ACTUAL	3	4	4	6	ctg_results_bor_1999_2009.txt::NCT02490475::outcomeMeasures[8]::groups[OG000]	8	4	19	False	NO_CONFLICT_DETECTED	NOT_A_PATIENT_COUNT__NO_CROSS_MEASURE_SUM_EMITTED	DISJOINTNESS_UNVERIFIABLE__NO_participantFlowModule_IN_CACHE
NCT00830869	ctg_results_bor_1999_2009.txt	116	ACTUAL	12	12	12	17	ctg_results_bor_1999_2009.txt::NCT00830869::outcomeMeasures[10]::groups[OG011]	10	12	92	False	NO_CONFLICT_DETECTED	NOT_A_PATIENT_COUNT__NO_CROSS_MEASURE_SUM_EMITTED	DISJOINTNESS_UNVERIFIABLE__NO_participantFlowModule_IN_CACHE
NCT01004172	ctg_results_bor_1999_2009.txt	38	ACTUAL	1	1	1	38	ctg_results_bor_1999_2009.txt::NCT01004172::outcomeMeasures[0]::groups[OG000]	0	1	38	False	NO_CONFLICT_DETECTED	NOT_A_PATIENT_COUNT__NO_CROSS_MEASURE_SUM_EMITTED	DISJOINTNESS_UNVERIFIABLE__NO_participantFlowModule_IN_CACHE
NCT00700258	ctg_results_bor_1999_2009.txt	1520	ACTUAL	5	5	5	651	ctg_results_bor_1999_2009.txt::NCT00700258::outcomeMeasures[2]::groups[OG001]	2	5	1528	False	WITHIN_MEASURE_SUM_EXCEEDS_ENROLLMENT	NOT_A_PATIENT_COUNT__NO_CROSS_MEASURE_SUM_EMITTED	DISJOINTNESS_UNVERIFIABLE__NO_participantFlowModule_IN_CACHE
NCT00243074	ctg_results_bor_1999_2009.txt	54	ACTUAL	1	2	3	47	ctg_results_bor_1999_2009.txt::NCT00243074::outcomeMeasures[0]::groups[OG000]	0	1	47	False	NO_CONFLICT_DETECTED	NOT_A_PATIENT_COUNT__NO_CROSS_MEASURE_SUM_EMITTED	DISJOINTNESS_UNVERIFIABLE__NO_participantFlowModule_IN_CACHE
NCT00444795	ctg_results_bor_1999_2009.txt	520	ACTUAL	3	1	1	515	ctg_results_bor_1999_2009.txt::NCT00444795::outcomeMeasures[1]::groups[OG000]	1	1	515	False	NO_CONFLICT_DETECTED	NOT_A_PATIENT_COUNT__NO_CROSS_MEASURE_SUM_EMITTED	DISJOINTNESS_UNVERIFIABLE__NO_participantFlowModule_IN_CACHE
NCT00920556	ctg_results_bor_1999_2009.txt	24	ACTUAL	1	2	2	9	ctg_results_bor_1999_2009.txt::NCT00920556::outcomeMeasures[1]::groups[OG001]	1	2	13	False	NO_CONFLICT_DETECTED	NOT_A_PATIENT_COUNT__NO_CROSS_MEASURE_SUM_EMITTED	DISJOINTNESS_UNVERIFIABLE__NO_participantFlowModule_IN_CACHE
NCT00698451	ctg_results_bor_1999_2009.txt	54	ACTUAL	1	1	2	54	ctg_results_bor_1999_2009.txt::NCT00698451::outcomeMeasures[0]::groups[OG000]	0	1	54	False	NO_CONFLICT_DETECTED	NOT_A_PATIENT_COUNT__NO_CROSS_MEASURE_SUM_EMITTED	DISJOINTNESS_UNVERIFIABLE__NO_participantFlowModule_IN_CACHE
NCT00627042	ctg_results_bor_1999_2009.txt	42	ACTUAL	1	1	1	42	ctg_results_bor_1999_2009.txt::NCT00627042::outcomeMeasures[3]::groups[OG000]	3	1	42	False	NO_CONFLICT_DETECTED	NOT_A_PATIENT_COUNT__NO_CROSS_MEASURE_SUM_EMITTED	DISJOINTNESS_UNVERIFIABLE__NO_participantFlowModule_IN_CACHE
NCT00830518	ctg_results_bor_1999_2009.txt	57	ACTUAL	1	2	2	35	ctg_results_bor_1999_2009.txt::NCT00830518::outcomeMeasures[0]::groups[OG000]	0	2	45	False	NO_CONFLICT_DETECTED	NOT_A_PATIENT_COUNT__NO_CROSS_MEASURE_SUM_EMITTED	DISJOINTNESS_UNVERIFIABLE__NO_participantFlowModule_IN_CACHE
NCT00567879	ctg_results_bor_1999_2009.txt	56	ACTUAL	1	6	6	21	ctg_results_bor_1999_2009.txt::NCT00567879::outcomeMeasures[1]::groups[OG002]	1	6	56	False	NO_CONFLICT_DETECTED	NOT_A_PATIENT_COUNT__NO_CROSS_MEASURE_SUM_EMITTED	DISJOINTNESS_UNVERIFIABLE__NO_participantFlowModule_IN_CACHE
NCT00356811	ctg_results_bor_1999_2009.txt	57	ACTUAL	1	1	2	57	ctg_results_bor_1999_2009.txt::NCT00356811::outcomeMeasures[0]::groups[OG000]	0	1	57	False	NO_CONFLICT_DETECTED	NOT_A_PATIENT_COUNT__NO_CROSS_MEASURE_SUM_EMITTED	DISJOINTNESS_UNVERIFIABLE__NO_participantFlowModule_IN_CACHE
NCT00988858	ctg_results_bor_1999_2009.txt	55	ACTUAL	1	1	2	55	ctg_results_bor_1999_2009.txt::NCT00988858::outcomeMeasures[0]::groups[OG000]	0	1	55	False	NO_CONFLICT_DETECTED	NOT_A_PATIENT_COUNT__NO_CROSS_MEASURE_SUM_EMITTED	DISJOINTNESS_UNVERIFIABLE__NO_participantFlowModule_IN_CACHE
NCT00885755	ctg_results_bor_1999_2009.txt	33	ACTUAL	1	2	4	20	ctg_results_bor_1999_2009.txt::NCT00885755::outcomeMeasures[9]::groups[OG000]	9	1	20	False	NO_CONFLICT_DETECTED	NOT_A_PATIENT_COUNT__NO_CROSS_MEASURE_SUM_EMITTED	DISJOINTNESS_UNVERIFIABLE__NO_participantFlowModule_IN_CACHE
NCT00006389	ctg_results_bor_1999_2009.txt	12	ACTUAL	1	1	1	12	ctg_results_bor_1999_2009.txt::NCT00006389::outcomeMeasures[0]::groups[OG000]	0	1	12	False	NO_CONFLICT_DETECTED	NOT_A_PATIENT_COUNT__NO_CROSS_MEASURE_SUM_EMITTED	DISJOINTNESS_UNVERIFIABLE__NO_participantFlowModule_IN_CACHE
NCT00602043	ctg_results_bor_1999_2009.txt	20	ACTUAL	1	2	2	13	ctg_results_bor_1999_2009.txt::NCT00602043::outcomeMeasures[0]::groups[OG000]	0	2	16	False	NO_CONFLICT_DETECTED	NOT_A_PATIENT_COUNT__NO_CROSS_MEASURE_SUM_EMITTED	DISJOINTNESS_UNVERIFIABLE__NO_participantFlowModule_IN_CACHE
NCT00669578	ctg_results_bor_1999_2009.txt	77	ACTUAL	1	2	2	65	ctg_results_bor_1999_2009.txt::NCT00669578::outcomeMeasures[4]::groups[OG000]	4	1	65	False	NO_CONFLICT_DETECTED	NOT_A_PATIENT_COUNT__NO_CROSS_MEASURE_SUM_EMITTED	DISJOINTNESS_UNVERIFIABLE__NO_participantFlowModule_IN_CACHE
NCT00754325	ctg_results_bor_1999_2009.txt	100	ACTUAL	2	2	2	37	ctg_results_bor_1999_2009.txt::NCT00754325::outcomeMeasures[5]::groups[OG001]	5	2	68	False	NO_CONFLICT_DETECTED	NOT_A_PATIENT_COUNT__NO_CROSS_MEASURE_SUM_EMITTED	DISJOINTNESS_UNVERIFIABLE__NO_participantFlowModule_IN_CACHE
NCT00531960	ctg_results_bor_1999_2009.txt	124	ACTUAL	2	2	2	63	ctg_results_bor_1999_2009.txt::NCT00531960::outcomeMeasures[4]::groups[OG001]	4	2	124	False	NO_CONFLICT_DETECTED	NOT_A_PATIENT_COUNT__NO_CROSS_MEASURE_SUM_EMITTED	DISJOINTNESS_UNVERIFIABLE__NO_participantFlowModule_IN_CACHE
NCT00250926	ctg_results_bor_1999_2009.txt	23	ACTUAL	1	1	1	23	ctg_results_bor_1999_2009.txt::NCT00250926::outcomeMeasures[1]::groups[OG000]	1	1	23	False	NO_CONFLICT_DETECTED	NOT_A_PATIENT_COUNT__NO_CROSS_MEASURE_SUM_EMITTED	DISJOINTNESS_UNVERIFIABLE__NO_participantFlowModule_IN_CACHE
NCT00444678	ctg_results_bor_1999_2009.txt	36	ACTUAL	1	1	1	36	ctg_results_bor_1999_2009.txt::NCT00444678::outcomeMeasures[0]::groups[OG000]	0	1	36	False	NO_CONFLICT_DETECTED	NOT_A_PATIENT_COUNT__NO_CROSS_MEASURE_SUM_EMITTED	DISJOINTNESS_UNVERIFIABLE__NO_participantFlowModule_IN_CACHE
NCT00089999	ctg_results_bor_1999_2009.txt	138	ACTUAL	0	2	4	69	ctg_results_bor_1999_2009.txt::NCT00089999::outcomeMeasures[0]::groups[OG000]	0	2	138	False	NO_CONFLICT_DETECTED	NOT_A_PATIENT_COUNT__NO_CROSS_MEASURE_SUM_EMITTED	DISJOINTNESS_UNVERIFIABLE__NO_participantFlowModule_IN_CACHE
NCT01001221	ctg_results_bor_1999_2009.txt	19	ACTUAL	1	1	1	0			0	0	False	NO_CONFLICT_DETECTED	NOT_A_PATIENT_COUNT__NO_CROSS_MEASURE_SUM_EMITTED	DISJOINTNESS_UNVERIFIABLE__NO_participantFlowModule_IN_CACHE
NCT00666926	ctg_results_bor_1999_2009.txt	99	ACTUAL	4	16	16	31	ctg_results_bor_1999_2009.txt::NCT00666926::outcomeMeasures[19]::groups[OG011]	19	16	91	False	NO_CONFLICT_DETECTED	NOT_A_PATIENT_COUNT__NO_CROSS_MEASURE_SUM_EMITTED	DISJOINTNESS_UNVERIFIABLE__NO_participantFlowModule_IN_CACHE
NCT00436852	ctg_results_bor_1999_2009.txt	92	ACTUAL	2	2	2	47	ctg_results_bor_1999_2009.txt::NCT00436852::outcomeMeasures[2]::groups[OG001]	2	2	90	False	NO_CONFLICT_DETECTED	NOT_A_PATIENT_COUNT__NO_CROSS_MEASURE_SUM_EMITTED	DISJOINTNESS_UNVERIFIABLE__NO_participantFlowModule_IN_CACHE
NCT00623233	ctg_results_bor_1999_2009.txt	52	ACTUAL	1	1	1	42	ctg_results_bor_1999_2009.txt::NCT00623233::outcomeMeasures[1]::groups[OG000]	1	1	42	False	NO_CONFLICT_DETECTED	NOT_A_PATIENT_COUNT__NO_CROSS_MEASURE_SUM_EMITTED	DISJOINTNESS_UNVERIFIABLE__NO_participantFlowModule_IN_CACHE
NCT00800202	ctg_results_bor_1999_2009.txt	91	ACTUAL	2	2	2	67	ctg_results_bor_1999_2009.txt::NCT00800202::outcomeMeasures[6]::groups[OG000]	6	2	91	False	NO_CONFLICT_DETECTED	NOT_A_PATIENT_COUNT__NO_CROSS_MEASURE_SUM_EMITTED	DISJOINTNESS_UNVERIFIABLE__NO_participantFlowModule_IN_CACHE
NCT00193453	ctg_results_bor_1999_2009.txt	69	ACTUAL	1	1	1	65	ctg_results_bor_1999_2009.txt::NCT00193453::outcomeMeasures[0]::groups[OG000]	0	1	65	False	NO_CONFLICT_DETECTED	NOT_A_PATIENT_COUNT__NO_CROSS_MEASURE_SUM_EMITTED	DISJOINTNESS_UNVERIFIABLE__NO_participantFlowModule_IN_CACHE
NCT00667251	ctg_results_bor_1999_2009.txt	652	ACTUAL	2	2	4	326	ctg_results_bor_1999_2009.txt::NCT00667251::outcomeMeasures[8]::groups[OG000]	8	2	652	False	NO_CONFLICT_DETECTED	NOT_A_PATIENT_COUNT__NO_CROSS_MEASURE_SUM_EMITTED	DISJOINTNESS_UNVERIFIABLE__NO_participantFlowModule_IN_CACHE
NCT00094653	ctg_results_bor_1999_2009.txt	1783	ACTUAL	3	3	9	403	ctg_results_bor_1999_2009.txt::NCT00094653::outcomeMeasures[6]::groups[OG000]	6	3	676	False	NO_CONFLICT_DETECTED	NOT_A_PATIENT_COUNT__NO_CROSS_MEASURE_SUM_EMITTED	DISJOINTNESS_UNVERIFIABLE__NO_participantFlowModule_IN_CACHE
NCT00461045	ctg_results_bor_1999_2009.txt	15	ACTUAL	1	1	1	15	ctg_results_bor_1999_2009.txt::NCT00461045::outcomeMeasures[0]::groups[OG000]	0	1	15	False	NO_CONFLICT_DETECTED	NOT_A_PATIENT_COUNT__NO_CROSS_MEASURE_SUM_EMITTED	DISJOINTNESS_UNVERIFIABLE__NO_participantFlowModule_IN_CACHE
NCT02525536	ctg_results_bor_1999_2009.txt	18	ACTUAL	3	3	6	6	ctg_results_bor_1999_2009.txt::NCT02525536::outcomeMeasures[9]::groups[OG000]	9	3	18	False	NO_CONFLICT_DETECTED	NOT_A_PATIENT_COUNT__NO_CROSS_MEASURE_SUM_EMITTED	DISJOINTNESS_UNVERIFIABLE__NO_participantFlowModule_IN_CACHE
NCT00460798	ctg_results_bor_1999_2009.txt	356	ACTUAL	1	1	2	352	ctg_results_bor_1999_2009.txt::NCT00460798::outcomeMeasures[0]::groups[OG000]	0	1	352	False	NO_CONFLICT_DETECTED	NOT_A_PATIENT_COUNT__NO_CROSS_MEASURE_SUM_EMITTED	DISJOINTNESS_UNVERIFIABLE__NO_participantFlowModule_IN_CACHE
NCT00459862	ctg_results_bor_1999_2009.txt	34	ACTUAL	1	1	1	34	ctg_results_bor_1999_2009.txt::NCT00459862::outcomeMeasures[5]::groups[OG000]	5	1	34	False	NO_CONFLICT_DETECTED	NOT_A_PATIENT_COUNT__NO_CROSS_MEASURE_SUM_EMITTED	DISJOINTNESS_UNVERIFIABLE__NO_participantFlowModule_IN_CACHE
NCT00305942	ctg_results_bor_1999_2009.txt	61	ACTUAL	1	1	1	61	ctg_results_bor_1999_2009.txt::NCT00305942::outcomeMeasures[0]::groups[OG000]	0	1	61	False	NO_CONFLICT_DETECTED	NOT_A_PATIENT_COUNT__NO_CROSS_MEASURE_SUM_EMITTED	DISJOINTNESS_UNVERIFIABLE__NO_participantFlowModule_IN_CACHE
NCT00750815	ctg_results_bor_1999_2009.txt	58	ACTUAL	2	1	1	54	ctg_results_bor_1999_2009.txt::NCT00750815::outcomeMeasures[1]::groups[OG000]	1	1	54	True	NO_CONFLICT_DETECTED	NOT_A_PATIENT_COUNT__NO_CROSS_MEASURE_SUM_EMITTED	DISJOINTNESS_UNVERIFIABLE__NO_participantFlowModule_IN_CACHE
NCT01010061	ctg_results_bor_1999_2009.txt	787	ACTUAL	3	2	2	238	ctg_results_bor_1999_2009.txt::NCT01010061::outcomeMeasures[5]::groups[OG000]	5	2	356	False	NO_CONFLICT_DETECTED	NOT_A_PATIENT_COUNT__NO_CROSS_MEASURE_SUM_EMITTED	DISJOINTNESS_UNVERIFIABLE__NO_participantFlowModule_IN_CACHE
NCT00555906	ctg_results_bor_1999_2009.txt	53	ACTUAL	1	6	6	25	ctg_results_bor_1999_2009.txt::NCT00555906::outcomeMeasures[2]::groups[OG000]	2	1	25	False	NO_CONFLICT_DETECTED	NOT_A_PATIENT_COUNT__NO_CROSS_MEASURE_SUM_EMITTED	DISJOINTNESS_UNVERIFIABLE__NO_participantFlowModule_IN_CACHE
NCT00227617	ctg_results_bor_1999_2009.txt	36	ACTUAL	1	1	1	36	ctg_results_bor_1999_2009.txt::NCT00227617::outcomeMeasures[1]::groups[OG000]	1	1	36	True	NO_CONFLICT_DETECTED	NOT_A_PATIENT_COUNT__NO_CROSS_MEASURE_SUM_EMITTED	DISJOINTNESS_UNVERIFIABLE__NO_participantFlowModule_IN_CACHE
NCT00913835	ctg_results_bor_1999_2009.txt	125	ACTUAL	2	2	2	62	ctg_results_bor_1999_2009.txt::NCT00913835::outcomeMeasures[2]::groups[OG000]	2	2	123	False	NO_CONFLICT_DETECTED	NOT_A_PATIENT_COUNT__NO_CROSS_MEASURE_SUM_EMITTED	DISJOINTNESS_UNVERIFIABLE__NO_participantFlowModule_IN_CACHE
NCT00860015	ctg_results_bor_1999_2009.txt	12	ACTUAL	1	1	1	12	ctg_results_bor_1999_2009.txt::NCT00860015::outcomeMeasures[0]::groups[OG000]	0	1	12	False	NO_CONFLICT_DETECTED	NOT_A_PATIENT_COUNT__NO_CROSS_MEASURE_SUM_EMITTED	DISJOINTNESS_UNVERIFIABLE__NO_participantFlowModule_IN_CACHE
NCT00471497	ctg_results_bor_1999_2009.txt	846	ACTUAL	3	3	3	283	ctg_results_bor_1999_2009.txt::NCT00471497::outcomeMeasures[0]::groups[OG000]	0	3	846	False	NO_CONFLICT_DETECTED	NOT_A_PATIENT_COUNT__NO_CROSS_MEASURE_SUM_EMITTED	DISJOINTNESS_UNVERIFIABLE__NO_participantFlowModule_IN_CACHE
NCT00448591	ctg_results_bor_1999_2009.txt	2296	ACTUAL	1	1	1	2264	ctg_results_bor_1999_2009.txt::NCT00448591::outcomeMeasures[4]::groups[OG000]	4	1	2264	False	NO_CONFLICT_DETECTED	NOT_A_PATIENT_COUNT__NO_CROSS_MEASURE_SUM_EMITTED	DISJOINTNESS_UNVERIFIABLE__NO_participantFlowModule_IN_CACHE
NCT00586924	ctg_results_bor_1999_2009.txt	49	ACTUAL	6	6	18	33	ctg_results_bor_1999_2009.txt::NCT00586924::outcomeMeasures[5]::groups[OG005]	5	6	49	False	NO_CONFLICT_DETECTED	NOT_A_PATIENT_COUNT__NO_CROSS_MEASURE_SUM_EMITTED	DISJOINTNESS_UNVERIFIABLE__NO_participantFlowModule_IN_CACHE
NCT00928642	ctg_results_bor_1999_2009.txt	8	ACTUAL	1	2	2	7	ctg_results_bor_1999_2009.txt::NCT00928642::outcomeMeasures[2]::groups[OG000]	2	1	7	False	NO_CONFLICT_DETECTED	NOT_A_PATIENT_COUNT__NO_CROSS_MEASURE_SUM_EMITTED	DISJOINTNESS_UNVERIFIABLE__NO_participantFlowModule_IN_CACHE
NCT00998296	ctg_results_bor_1999_2009.txt	70	ACTUAL	1	11	13	18	ctg_results_bor_1999_2009.txt::NCT00998296::outcomeMeasures[6]::groups[OG000]	1	11	63	False	NO_CONFLICT_DETECTED	NOT_A_PATIENT_COUNT__NO_CROSS_MEASURE_SUM_EMITTED	DISJOINTNESS_UNVERIFIABLE__NO_participantFlowModule_IN_CACHE
NCT00411450	ctg_results_bor_1999_2009.txt	116	ACTUAL	1	2	4	64	ctg_results_bor_1999_2009.txt::NCT00411450::outcomeMeasures[0]::groups[OG000]	0	2	107	False	NO_CONFLICT_DETECTED	NOT_A_PATIENT_COUNT__NO_CROSS_MEASURE_SUM_EMITTED	DISJOINTNESS_UNVERIFIABLE__NO_participantFlowModule_IN_CACHE
NCT00696072	ctg_results_bor_1999_2009.txt	120	ACTUAL	2	1	1	35	ctg_results_bor_1999_2009.txt::NCT00696072::outcomeMeasures[3]::groups[OG000]	3	1	35	False	NO_CONFLICT_DETECTED	NOT_A_PATIENT_COUNT__NO_CROSS_MEASURE_SUM_EMITTED	DISJOINTNESS_UNVERIFIABLE__NO_participantFlowModule_IN_CACHE
NCT00098345	ctg_results_bor_1999_2009.txt	40	ACTUAL	1	1	3	30	ctg_results_bor_1999_2009.txt::NCT00098345::outcomeMeasures[0]::groups[OG000]	0	1	30	False	NO_CONFLICT_DETECTED	NOT_A_PATIENT_COUNT__NO_CROSS_MEASURE_SUM_EMITTED	DISJOINTNESS_UNVERIFIABLE__NO_participantFlowModule_IN_CACHE
NCT00441337	ctg_results_bor_1999_2009.txt	39	ACTUAL	4	4	8	21	ctg_results_bor_1999_2009.txt::NCT00441337::outcomeMeasures[7]::groups[OG003]	7	4	39	False	NO_CONFLICT_DETECTED	NOT_A_PATIENT_COUNT__NO_CROSS_MEASURE_SUM_EMITTED	DISJOINTNESS_UNVERIFIABLE__NO_participantFlowModule_IN_CACHE
NCT00553254	ctg_results_bor_1999_2009.txt	55	ACTUAL	1	3	3	41	ctg_results_bor_1999_2009.txt::NCT00553254::outcomeMeasures[20]::groups[OG000]	20	1	41	False	NO_CONFLICT_DETECTED	NOT_A_PATIENT_COUNT__NO_CROSS_MEASURE_SUM_EMITTED	DISJOINTNESS_UNVERIFIABLE__NO_participantFlowModule_IN_CACHE
NCT00721513	ctg_results_bor_1999_2009.txt	20	ACTUAL	1	1	2	20	ctg_results_bor_1999_2009.txt::NCT00721513::outcomeMeasures[1]::groups[OG000]	1	1	20	False	NO_CONFLICT_DETECTED	NOT_A_PATIENT_COUNT__NO_CROSS_MEASURE_SUM_EMITTED	DISJOINTNESS_UNVERIFIABLE__NO_participantFlowModule_IN_CACHE
NCT00004888	ctg_results_bor_1999_2009.txt	84	ACTUAL	2	2	2	46	ctg_results_bor_1999_2009.txt::NCT00004888::outcomeMeasures[1]::groups[OG001]	1	2	84	False	NO_CONFLICT_DETECTED	NOT_A_PATIENT_COUNT__NO_CROSS_MEASURE_SUM_EMITTED	DISJOINTNESS_UNVERIFIABLE__NO_participantFlowModule_IN_CACHE
NCT00836888	ctg_results_bor_1999_2009.txt	17	ACTUAL	1	4	4	6	ctg_results_bor_1999_2009.txt::NCT00836888::outcomeMeasures[4]::groups[OG002]	4	4	17	False	NO_CONFLICT_DETECTED	NOT_A_PATIENT_COUNT__NO_CROSS_MEASURE_SUM_EMITTED	DISJOINTNESS_UNVERIFIABLE__NO_participantFlowModule_IN_CACHE
NCT00298896	ctg_results_bor_1999_2009.txt	55	ACTUAL	1	1	2	47	ctg_results_bor_1999_2009.txt::NCT00298896::outcomeMeasures[0]::groups[OG000]	0	1	47	False	NO_CONFLICT_DETECTED	NOT_A_PATIENT_COUNT__NO_CROSS_MEASURE_SUM_EMITTED	DISJOINTNESS_UNVERIFIABLE__NO_participantFlowModule_IN_CACHE
NCT00470704	ctg_results_bor_1999_2009.txt	87	ACTUAL	2	2	4	45	ctg_results_bor_1999_2009.txt::NCT00470704::outcomeMeasures[0]::groups[OG001]	0	2	85	False	NO_CONFLICT_DETECTED	NOT_A_PATIENT_COUNT__NO_CROSS_MEASURE_SUM_EMITTED	DISJOINTNESS_UNVERIFIABLE__NO_participantFlowModule_IN_CACHE
NCT02595450	ctg_results_bor_1999_2009.txt	299	ACTUAL	1	1	1	218	ctg_results_bor_1999_2009.txt::NCT02595450::outcomeMeasures[1]::groups[OG000]	1	1	218	False	NO_CONFLICT_DETECTED	NOT_A_PATIENT_COUNT__NO_CROSS_MEASURE_SUM_EMITTED	DISJOINTNESS_UNVERIFIABLE__NO_participantFlowModule_IN_CACHE
NCT00191854	ctg_results_bor_1999_2009.txt	147	ACTUAL	3	3	3	51	ctg_results_bor_1999_2009.txt::NCT00191854::outcomeMeasures[0]::groups[OG002]	0	3	147	False	NO_CONFLICT_DETECTED	NOT_A_PATIENT_COUNT__NO_CROSS_MEASURE_SUM_EMITTED	DISJOINTNESS_UNVERIFIABLE__NO_participantFlowModule_IN_CACHE
NCT00148798	ctg_results_bor_1999_2009.txt	1861	ACTUAL	2	2	4	568	ctg_results_bor_1999_2009.txt::NCT00148798::outcomeMeasures[2]::groups[OG001]	2	2	1125	False	NO_CONFLICT_DETECTED	NOT_A_PATIENT_COUNT__NO_CROSS_MEASURE_SUM_EMITTED	DISJOINTNESS_UNVERIFIABLE__NO_participantFlowModule_IN_CACHE
NCT00402051	ctg_results_bor_1999_2009.txt	133	ACTUAL	2	2	2	65	ctg_results_bor_1999_2009.txt::NCT00402051::outcomeMeasures[2]::groups[OG000]	2	2	130	False	NO_CONFLICT_DETECTED	NOT_A_PATIENT_COUNT__NO_CROSS_MEASURE_SUM_EMITTED	DISJOINTNESS_UNVERIFIABLE__NO_participantFlowModule_IN_CACHE
NCT00719264	ctg_results_bor_1999_2009.txt	365	ACTUAL	2	2	2	183	ctg_results_bor_1999_2009.txt::NCT00719264::outcomeMeasures[2]::groups[OG001]	2	2	365	False	NO_CONFLICT_DETECTED	NOT_A_PATIENT_COUNT__NO_CROSS_MEASURE_SUM_EMITTED	DISJOINTNESS_UNVERIFIABLE__NO_participantFlowModule_IN_CACHE
NCT00347438	ctg_results_bor_1999_2009.txt	18	ACTUAL	1	1	4	16	ctg_results_bor_1999_2009.txt::NCT00347438::outcomeMeasures[0]::groups[OG000]	0	1	16	False	NO_CONFLICT_DETECTED	NOT_A_PATIENT_COUNT__NO_CROSS_MEASURE_SUM_EMITTED	DISJOINTNESS_UNVERIFIABLE__NO_participantFlowModule_IN_CACHE
NCT00305448	ctg_results_bor_1999_2009.txt	143	ACTUAL	3	3	6	51	ctg_results_bor_1999_2009.txt::NCT00305448::outcomeMeasures[0]::groups[OG001]	0	3	143	False	NO_CONFLICT_DETECTED	NOT_A_PATIENT_COUNT__NO_CROSS_MEASURE_SUM_EMITTED	DISJOINTNESS_UNVERIFIABLE__NO_participantFlowModule_IN_CACHE
NCT00596648	ctg_results_bor_1999_2009.txt	92	ACTUAL	3	2	2	15	ctg_results_bor_1999_2009.txt::NCT00596648::outcomeMeasures[1]::groups[OG000]	1	2	28	False	NO_CONFLICT_DETECTED	NOT_A_PATIENT_COUNT__NO_CROSS_MEASURE_SUM_EMITTED	DISJOINTNESS_UNVERIFIABLE__NO_participantFlowModule_IN_CACHE
NCT00730158	ctg_results_bor_1999_2009.txt	33	ACTUAL	2	2	2	14	ctg_results_bor_1999_2009.txt::NCT00730158::outcomeMeasures[1]::groups[OG000]	1	2	26	False	NO_CONFLICT_DETECTED	NOT_A_PATIENT_COUNT__NO_CROSS_MEASURE_SUM_EMITTED	DISJOINTNESS_UNVERIFIABLE__NO_participantFlowModule_IN_CACHE
NCT00959946	ctg_results_bor_1999_2009.txt	32	ACTUAL	1	10	12	9	ctg_results_bor_1999_2009.txt::NCT00959946::outcomeMeasures[3]::groups[OG005]	3	8	30	False	NO_CONFLICT_DETECTED	NOT_A_PATIENT_COUNT__NO_CROSS_MEASURE_SUM_EMITTED	DISJOINTNESS_UNVERIFIABLE__NO_participantFlowModule_IN_CACHE
NCT00324259	ctg_results_bor_1999_2009.txt	66	ACTUAL	2	2	2	34	ctg_results_bor_1999_2009.txt::NCT00324259::outcomeMeasures[0]::groups[OG000]	0	2	66	False	NO_CONFLICT_DETECTED	NOT_A_PATIENT_COUNT__NO_CROSS_MEASURE_SUM_EMITTED	DISJOINTNESS_UNVERIFIABLE__NO_participantFlowModule_IN_CACHE
NCT00268346	ctg_results_bor_1999_2009.txt	58	ACTUAL	1	2	2	40	ctg_results_bor_1999_2009.txt::NCT00268346::outcomeMeasures[0]::groups[OG001]	0	2	58	False	NO_CONFLICT_DETECTED	NOT_A_PATIENT_COUNT__NO_CROSS_MEASURE_SUM_EMITTED	DISJOINTNESS_UNVERIFIABLE__NO_participantFlowModule_IN_CACHE
NCT00793871	ctg_results_bor_1999_2009.txt	60	ACTUAL	1	1	1	58	ctg_results_bor_1999_2009.txt::NCT00793871::outcomeMeasures[2]::groups[OG000]	2	1	58	False	NO_CONFLICT_DETECTED	NOT_A_PATIENT_COUNT__NO_CROSS_MEASURE_SUM_EMITTED	DISJOINTNESS_UNVERIFIABLE__NO_participantFlowModule_IN_CACHE
NCT00705016	ctg_results_bor_1999_2009.txt	184	ACTUAL	3	3	6	62	ctg_results_bor_1999_2009.txt::NCT00705016::outcomeMeasures[2]::groups[OG000]	2	3	184	False	NO_CONFLICT_DETECTED	NOT_A_PATIENT_COUNT__NO_CROSS_MEASURE_SUM_EMITTED	DISJOINTNESS_UNVERIFIABLE__NO_participantFlowModule_IN_CACHE
NCT00977548	ctg_results_bor_1999_2009.txt	39	ACTUAL	1	1	1	26	ctg_results_bor_1999_2009.txt::NCT00977548::outcomeMeasures[0]::groups[OG000]	0	1	26	False	NO_CONFLICT_DETECTED	NOT_A_PATIENT_COUNT__NO_CROSS_MEASURE_SUM_EMITTED	DISJOINTNESS_UNVERIFIABLE__NO_participantFlowModule_IN_CACHE
NCT00777335	ctg_results_bor_1999_2009.txt	4	ACTUAL	2	2	2	2	ctg_results_bor_1999_2009.txt::NCT00777335::outcomeMeasures[0]::groups[OG000]	0	2	4	False	NO_CONFLICT_DETECTED	NOT_A_PATIENT_COUNT__NO_CROSS_MEASURE_SUM_EMITTED	DISJOINTNESS_UNVERIFIABLE__NO_participantFlowModule_IN_CACHE
NCT00509821	ctg_results_bor_1999_2009.txt	60	ACTUAL	2	1	1	57	ctg_results_bor_1999_2009.txt::NCT00509821::outcomeMeasures[2]::groups[OG000]	2	1	57	False	NO_CONFLICT_DETECTED	NOT_A_PATIENT_COUNT__NO_CROSS_MEASURE_SUM_EMITTED	DISJOINTNESS_UNVERIFIABLE__NO_participantFlowModule_IN_CACHE
NCT00423735	ctg_results_bor_1999_2009.txt	64	ACTUAL	1	2	4	29	ctg_results_bor_1999_2009.txt::NCT00423735::outcomeMeasures[1]::groups[OG001]	1	2	50	False	NO_CONFLICT_DETECTED	NOT_A_PATIENT_COUNT__NO_CROSS_MEASURE_SUM_EMITTED	DISJOINTNESS_UNVERIFIABLE__NO_participantFlowModule_IN_CACHE
NCT00600340	ctg_results_bor_1999_2009.txt	564	ACTUAL	2	2	16	285	ctg_results_bor_1999_2009.txt::NCT00600340::outcomeMeasures[3]::groups[OG000]	3	2	564	False	NO_CONFLICT_DETECTED	NOT_A_PATIENT_COUNT__NO_CROSS_MEASURE_SUM_EMITTED	DISJOINTNESS_UNVERIFIABLE__NO_participantFlowModule_IN_CACHE
NCT00988208	ctg_results_bor_1999_2009.txt	1059	ACTUAL	2	2	2	533	ctg_results_bor_1999_2009.txt::NCT00988208::outcomeMeasures[2]::groups[OG001]	2	2	1059	False	NO_CONFLICT_DETECTED	NOT_A_PATIENT_COUNT__NO_CROSS_MEASURE_SUM_EMITTED	DISJOINTNESS_UNVERIFIABLE__NO_participantFlowModule_IN_CACHE
NCT00726752	ctg_results_bor_1999_2009.txt	6	ACTUAL	1	1	1	6	ctg_results_bor_1999_2009.txt::NCT00726752::outcomeMeasures[9]::groups[OG000]	9	1	6	False	NO_CONFLICT_DETECTED	NOT_A_PATIENT_COUNT__NO_CROSS_MEASURE_SUM_EMITTED	DISJOINTNESS_UNVERIFIABLE__NO_participantFlowModule_IN_CACHE
NCT00530816	ctg_results_bor_1999_2009.txt	164	ACTUAL	1	3	9	67	ctg_results_bor_1999_2009.txt::NCT00530816::outcomeMeasures[1]::groups[OG002]	1	3	161	False	NO_CONFLICT_DETECTED	NOT_A_PATIENT_COUNT__NO_CROSS_MEASURE_SUM_EMITTED	DISJOINTNESS_UNVERIFIABLE__NO_participantFlowModule_IN_CACHE
NCT00879684	ctg_results_bor_1999_2009.txt	34	ACTUAL	1	7	7	13	ctg_results_bor_1999_2009.txt::NCT00879684::outcomeMeasures[10]::groups[OG006]	10	7	34	False	NO_CONFLICT_DETECTED	NOT_A_PATIENT_COUNT__NO_CROSS_MEASURE_SUM_EMITTED	DISJOINTNESS_UNVERIFIABLE__NO_participantFlowModule_IN_CACHE
NCT00910910	ctg_results_bor_1999_2009.txt	450	ACTUAL	2	2	4	225	ctg_results_bor_1999_2009.txt::NCT00910910::outcomeMeasures[5]::groups[OG000]	5	2	450	False	NO_CONFLICT_DETECTED	NOT_A_PATIENT_COUNT__NO_CROSS_MEASURE_SUM_EMITTED	DISJOINTNESS_UNVERIFIABLE__NO_participantFlowModule_IN_CACHE
NCT00679783	ctg_results_bor_1999_2009.txt	99	ACTUAL	4	7	14	44	ctg_results_bor_1999_2009.txt::NCT00679783::outcomeMeasures[1]::groups[OG003]	1	7	90	False	NO_CONFLICT_DETECTED	NOT_A_PATIENT_COUNT__NO_CROSS_MEASURE_SUM_EMITTED	DISJOINTNESS_UNVERIFIABLE__NO_participantFlowModule_IN_CACHE
NCT00866281	ctg_results_bor_1999_2009.txt	22	ACTUAL	2	2	2	13	ctg_results_bor_1999_2009.txt::NCT00866281::outcomeMeasures[1]::groups[OG001]	1	2	22	False	NO_CONFLICT_DETECTED	NOT_A_PATIENT_COUNT__NO_CROSS_MEASURE_SUM_EMITTED	DISJOINTNESS_UNVERIFIABLE__NO_participantFlowModule_IN_CACHE
NCT00413192	ctg_results_bor_1999_2009.txt	128	ACTUAL	1	4	4	38	ctg_results_bor_1999_2009.txt::NCT00413192::outcomeMeasures[2]::groups[OG001]	2	4	115	False	NO_CONFLICT_DETECTED	NOT_A_PATIENT_COUNT__NO_CROSS_MEASURE_SUM_EMITTED	DISJOINTNESS_UNVERIFIABLE__NO_participantFlowModule_IN_CACHE
NCT00873119	ctg_results_bor_1999_2009.txt	89	ACTUAL	2	2	2	44	ctg_results_bor_1999_2009.txt::NCT00873119::outcomeMeasures[1]::groups[OG001]	1	2	86	False	NO_CONFLICT_DETECTED	NOT_A_PATIENT_COUNT__NO_CROSS_MEASURE_SUM_EMITTED	DISJOINTNESS_UNVERIFIABLE__NO_participantFlowModule_IN_CACHE
NCT00429312	ctg_results_bor_1999_2009.txt	10	ACTUAL	1	1	3	5	ctg_results_bor_1999_2009.txt::NCT00429312::outcomeMeasures[0]::groups[OG000]	0	1	5	False	NO_CONFLICT_DETECTED	NOT_A_PATIENT_COUNT__NO_CROSS_MEASURE_SUM_EMITTED	DISJOINTNESS_UNVERIFIABLE__NO_participantFlowModule_IN_CACHE
NCT00086957	ctg_results_bor_1999_2009.txt	31	ACTUAL	1	1	1	29	ctg_results_bor_1999_2009.txt::NCT00086957::outcomeMeasures[3]::groups[OG000]	3	1	29	False	NO_CONFLICT_DETECTED	NOT_A_PATIENT_COUNT__NO_CROSS_MEASURE_SUM_EMITTED	DISJOINTNESS_UNVERIFIABLE__NO_participantFlowModule_IN_CACHE
NCT00576199	ctg_results_bor_1999_2009.txt	30	ACTUAL	1	1	2	30	ctg_results_bor_1999_2009.txt::NCT00576199::outcomeMeasures[1]::groups[OG000]	1	1	30	False	NO_CONFLICT_DETECTED	NOT_A_PATIENT_COUNT__NO_CROSS_MEASURE_SUM_EMITTED	DISJOINTNESS_UNVERIFIABLE__NO_participantFlowModule_IN_CACHE
NCT00722137	ctg_results_bor_1999_2009.txt	487	ACTUAL	2	2	2	229	ctg_results_bor_1999_2009.txt::NCT00722137::outcomeMeasures[5]::groups[OG001]	5	2	457	False	NO_CONFLICT_DETECTED	NOT_A_PATIENT_COUNT__NO_CROSS_MEASURE_SUM_EMITTED	DISJOINTNESS_UNVERIFIABLE__NO_participantFlowModule_IN_CACHE
NCT00838539	ctg_results_bor_1999_2009.txt	63	ACTUAL	12	4	12	18	ctg_results_bor_1999_2009.txt::NCT00838539::outcomeMeasures[4]::groups[OG001]	4	4	45	False	NO_CONFLICT_DETECTED	NOT_A_PATIENT_COUNT__NO_CROSS_MEASURE_SUM_EMITTED	DISJOINTNESS_UNVERIFIABLE__NO_participantFlowModule_IN_CACHE
NCT01022853	ctg_results_bor_1999_2009.txt	30	ACTUAL	1	5	10	13	ctg_results_bor_1999_2009.txt::NCT01022853::outcomeMeasures[9]::groups[OG002]	9	5	30	False	NO_CONFLICT_DETECTED	NOT_A_PATIENT_COUNT__NO_CROSS_MEASURE_SUM_EMITTED	DISJOINTNESS_UNVERIFIABLE__NO_participantFlowModule_IN_CACHE
NCT00094497	ctg_results_bor_1999_2009.txt	304	ACTUAL	2	2	2	153	ctg_results_bor_1999_2009.txt::NCT00094497::outcomeMeasures[3]::groups[OG001]	3	2	304	False	NO_CONFLICT_DETECTED	NOT_A_PATIENT_COUNT__NO_CROSS_MEASURE_SUM_EMITTED	DISJOINTNESS_UNVERIFIABLE__NO_participantFlowModule_IN_CACHE
NCT00388726	ctg_results_bor_1999_2009.txt	762	ACTUAL	2	2	2	468	ctg_results_bor_1999_2009.txt::NCT00388726::outcomeMeasures[2]::groups[OG000]	2	2	682	False	NO_CONFLICT_DETECTED	NOT_A_PATIENT_COUNT__NO_CROSS_MEASURE_SUM_EMITTED	DISJOINTNESS_UNVERIFIABLE__NO_participantFlowModule_IN_CACHE
NCT00348790	ctg_results_bor_1999_2009.txt	25	ACTUAL	1	1	2	22	ctg_results_bor_1999_2009.txt::NCT00348790::outcomeMeasures[2]::groups[OG000]	2	1	22	False	NO_CONFLICT_DETECTED	NOT_A_PATIENT_COUNT__NO_CROSS_MEASURE_SUM_EMITTED	DISJOINTNESS_UNVERIFIABLE__NO_participantFlowModule_IN_CACHE
NCT00122460	ctg_results_bor_1999_2009.txt	442	ACTUAL	2	2	2	222	ctg_results_bor_1999_2009.txt::NCT00122460::outcomeMeasures[2]::groups[OG000]	2	2	442	False	NO_CONFLICT_DETECTED	NOT_A_PATIENT_COUNT__NO_CROSS_MEASURE_SUM_EMITTED	DISJOINTNESS_UNVERIFIABLE__NO_participantFlowModule_IN_CACHE
NCT00085410	ctg_results_bor_1999_2009.txt	20	ACTUAL	1	1	2	20	ctg_results_bor_1999_2009.txt::NCT00085410::outcomeMeasures[0]::groups[OG000]	0	1	20	False	NO_CONFLICT_DETECTED	NOT_A_PATIENT_COUNT__NO_CROSS_MEASURE_SUM_EMITTED	DISJOINTNESS_UNVERIFIABLE__NO_participantFlowModule_IN_CACHE
NCT00957580	ctg_results_bor_1999_2009.txt	81	ACTUAL	5	5	5	22	ctg_results_bor_1999_2009.txt::NCT00957580::outcomeMeasures[19]::groups[OG001]	19	3	49	False	NO_CONFLICT_DETECTED	NOT_A_PATIENT_COUNT__NO_CROSS_MEASURE_SUM_EMITTED	DISJOINTNESS_UNVERIFIABLE__NO_participantFlowModule_IN_CACHE
NCT01177956	ctg_results_bor_1999_2009.txt	73	ACTUAL	1	1	2	68	ctg_results_bor_1999_2009.txt::NCT01177956::outcomeMeasures[0]::groups[OG000]	0	1	68	False	NO_CONFLICT_DETECTED	NOT_A_PATIENT_COUNT__NO_CROSS_MEASURE_SUM_EMITTED	DISJOINTNESS_UNVERIFIABLE__NO_participantFlowModule_IN_CACHE
NCT00010257	ctg_results_bor_1999_2009.txt	46	ACTUAL	1	2	2	23	ctg_results_bor_1999_2009.txt::NCT00010257::outcomeMeasures[0]::groups[OG000]	0	2	43	False	NO_CONFLICT_DETECTED	NOT_A_PATIENT_COUNT__NO_CROSS_MEASURE_SUM_EMITTED	DISJOINTNESS_UNVERIFIABLE__NO_participantFlowModule_IN_CACHE
NCT00588341	ctg_results_bor_1999_2009.txt	24	ACTUAL	1	1	1	19	ctg_results_bor_1999_2009.txt::NCT00588341::outcomeMeasures[0]::groups[OG000]	0	1	19	False	NO_CONFLICT_DETECTED	NOT_A_PATIENT_COUNT__NO_CROSS_MEASURE_SUM_EMITTED	DISJOINTNESS_UNVERIFIABLE__NO_participantFlowModule_IN_CACHE
NCT00126594	ctg_results_bor_1999_2009.txt	80	ACTUAL	2	2	4	40	ctg_results_bor_1999_2009.txt::NCT00126594::outcomeMeasures[0]::groups[OG000]	0	2	80	False	NO_CONFLICT_DETECTED	NOT_A_PATIENT_COUNT__NO_CROSS_MEASURE_SUM_EMITTED	DISJOINTNESS_UNVERIFIABLE__NO_participantFlowModule_IN_CACHE
NCT00320541	ctg_results_bor_1999_2009.txt	187	ACTUAL	2	2	2	94	ctg_results_bor_1999_2009.txt::NCT00320541::outcomeMeasures[0]::groups[OG000]	0	2	186	False	NO_CONFLICT_DETECTED	NOT_A_PATIENT_COUNT__NO_CROSS_MEASURE_SUM_EMITTED	DISJOINTNESS_UNVERIFIABLE__NO_participantFlowModule_IN_CACHE
NCT00586495	ctg_results_bor_1999_2009.txt	95	ACTUAL	1	1	2	94	ctg_results_bor_1999_2009.txt::NCT00586495::outcomeMeasures[3]::groups[OG000]	3	1	94	False	NO_CONFLICT_DETECTED	NOT_A_PATIENT_COUNT__NO_CROSS_MEASURE_SUM_EMITTED	DISJOINTNESS_UNVERIFIABLE__NO_participantFlowModule_IN_CACHE
NCT00730639	ctg_results_bor_1999_2009.txt	395	ACTUAL	5	6	6	129	ctg_results_bor_1999_2009.txt::NCT00730639::outcomeMeasures[3]::groups[OG005]	3	6	295	False	NO_CONFLICT_DETECTED	NOT_A_PATIENT_COUNT__NO_CROSS_MEASURE_SUM_EMITTED	DISJOINTNESS_UNVERIFIABLE__NO_participantFlowModule_IN_CACHE
NCT00484939	ctg_results_bor_1999_2009.txt	280	ACTUAL	2	2	2	140	ctg_results_bor_1999_2009.txt::NCT00484939::outcomeMeasures[1]::groups[OG000]	1	2	280	False	NO_CONFLICT_DETECTED	NOT_A_PATIENT_COUNT__NO_CROSS_MEASURE_SUM_EMITTED	DISJOINTNESS_UNVERIFIABLE__NO_participantFlowModule_IN_CACHE
NCT00761280	ctg_results_bor_1999_2009.txt	27	ACTUAL	2	2	2	14	ctg_results_bor_1999_2009.txt::NCT00761280::outcomeMeasures[5]::groups[OG000]	5	2	27	False	NO_CONFLICT_DETECTED	NOT_A_PATIENT_COUNT__NO_CROSS_MEASURE_SUM_EMITTED	DISJOINTNESS_UNVERIFIABLE__NO_participantFlowModule_IN_CACHE
NCT00387764	ctg_results_bor_1999_2009.txt	80	ACTUAL	1	1	1	80	ctg_results_bor_1999_2009.txt::NCT00387764::outcomeMeasures[11]::groups[OG000]	11	1	80	False	NO_CONFLICT_DETECTED	NOT_A_PATIENT_COUNT__NO_CROSS_MEASURE_SUM_EMITTED	DISJOINTNESS_UNVERIFIABLE__NO_participantFlowModule_IN_CACHE
NCT00101400	ctg_results_bor_1999_2009.txt	54	ACTUAL	1	1	2	1	ctg_results_bor_1999_2009.txt::NCT00101400::outcomeMeasures[2]::groups[OG000]	2	1	1	False	NO_CONFLICT_DETECTED	NOT_A_PATIENT_COUNT__NO_CROSS_MEASURE_SUM_EMITTED	DISJOINTNESS_UNVERIFIABLE__NO_participantFlowModule_IN_CACHE
NCT00686959	ctg_results_bor_1999_2009.txt	598	ACTUAL	2	2	2	301	ctg_results_bor_1999_2009.txt::NCT00686959::outcomeMeasures[2]::groups[OG000]	2	2	598	False	NO_CONFLICT_DETECTED	NOT_A_PATIENT_COUNT__NO_CROSS_MEASURE_SUM_EMITTED	DISJOINTNESS_UNVERIFIABLE__NO_participantFlowModule_IN_CACHE
NCT00700180	ctg_results_bor_1999_2009.txt	303	ACTUAL	2	2	4	154	ctg_results_bor_1999_2009.txt::NCT00700180::outcomeMeasures[3]::groups[OG000]	3	2	303	False	NO_CONFLICT_DETECTED	NOT_A_PATIENT_COUNT__NO_CROSS_MEASURE_SUM_EMITTED	DISJOINTNESS_UNVERIFIABLE__NO_participantFlowModule_IN_CACHE
NCT00184093	ctg_results_bor_1999_2009.txt	35	ACTUAL	1	1	1	35	ctg_results_bor_1999_2009.txt::NCT00184093::outcomeMeasures[1]::groups[OG000]	1	1	35	False	NO_CONFLICT_DETECTED	NOT_A_PATIENT_COUNT__NO_CROSS_MEASURE_SUM_EMITTED	DISJOINTNESS_UNVERIFIABLE__NO_participantFlowModule_IN_CACHE
NCT00447057	ctg_results_bor_1999_2009.txt	204	ACTUAL	4	2	4	83	ctg_results_bor_1999_2009.txt::NCT00447057::outcomeMeasures[1]::groups[OG000]	1	2	159	False	NO_CONFLICT_DETECTED	NOT_A_PATIENT_COUNT__NO_CROSS_MEASURE_SUM_EMITTED	DISJOINTNESS_UNVERIFIABLE__NO_participantFlowModule_IN_CACHE
NCT00577031	ctg_results_bor_1999_2009.txt	205	ACTUAL	1	1	5	197	ctg_results_bor_1999_2009.txt::NCT00577031::outcomeMeasures[4]::groups[OG000]	4	1	197	False	NO_CONFLICT_DETECTED	NOT_A_PATIENT_COUNT__NO_CROSS_MEASURE_SUM_EMITTED	DISJOINTNESS_UNVERIFIABLE__NO_participantFlowModule_IN_CACHE
NCT01010126	ctg_results_bor_1999_2009.txt	252	ACTUAL	1	6	6	58	ctg_results_bor_1999_2009.txt::NCT01010126::outcomeMeasures[1]::groups[OG001]	1	6	250	False	NO_CONFLICT_DETECTED	NOT_A_PATIENT_COUNT__NO_CROSS_MEASURE_SUM_EMITTED	DISJOINTNESS_UNVERIFIABLE__NO_participantFlowModule_IN_CACHE
NCT01131078	ctg_results_bor_1999_2009.txt	306	ACTUAL	3	3	9	94	ctg_results_bor_1999_2009.txt::NCT01131078::outcomeMeasures[10]::groups[OG002]	10	3	277	False	NO_CONFLICT_DETECTED	NOT_A_PATIENT_COUNT__NO_CROSS_MEASURE_SUM_EMITTED	DISJOINTNESS_UNVERIFIABLE__NO_participantFlowModule_IN_CACHE
NCT00461708	ctg_results_bor_1999_2009.txt	153	ACTUAL	2	2	2	115	ctg_results_bor_1999_2009.txt::NCT00461708::outcomeMeasures[8]::groups[OG000]	8	2	153	False	NO_CONFLICT_DETECTED	NOT_A_PATIENT_COUNT__NO_CROSS_MEASURE_SUM_EMITTED	DISJOINTNESS_UNVERIFIABLE__NO_participantFlowModule_IN_CACHE
NCT00824265	ctg_results_bor_1999_2009.txt	365	ACTUAL	2	2	2	183	ctg_results_bor_1999_2009.txt::NCT00824265::outcomeMeasures[8]::groups[OG000]	8	2	365	False	NO_CONFLICT_DETECTED	NOT_A_PATIENT_COUNT__NO_CROSS_MEASURE_SUM_EMITTED	DISJOINTNESS_UNVERIFIABLE__NO_participantFlowModule_IN_CACHE
NCT01101334	ctg_results_bor_2010_2013.txt	90	ACTUAL	2	2	2	45	ctg_results_bor_2010_2013.txt::NCT01101334::outcomeMeasures[2]::groups[OG001]	2	2	89	False	NO_CONFLICT_DETECTED	NOT_A_PATIENT_COUNT__NO_CROSS_MEASURE_SUM_EMITTED	DISJOINTNESS_UNVERIFIABLE__NO_participantFlowModule_IN_CACHE
NCT01721759	ctg_results_bor_2010_2013.txt	117	ACTUAL	1	1	2	117	ctg_results_bor_2010_2013.txt::NCT01721759::outcomeMeasures[0]::groups[OG000]	0	1	117	False	NO_CONFLICT_DETECTED	NOT_A_PATIENT_COUNT__NO_CROSS_MEASURE_SUM_EMITTED	DISJOINTNESS_UNVERIFIABLE__NO_participantFlowModule_IN_CACHE
NCT01434602	ctg_results_bor_2010_2013.txt	86	ACTUAL	2	3	3	40	ctg_results_bor_2010_2013.txt::NCT01434602::outcomeMeasures[6]::groups[OG001]	6	3	73	False	NO_CONFLICT_DETECTED	NOT_A_PATIENT_COUNT__NO_CROSS_MEASURE_SUM_EMITTED	DISJOINTNESS_UNVERIFIABLE__NO_participantFlowModule_IN_CACHE
NCT01334515	ctg_results_bor_2010_2013.txt	52	ACTUAL	2	2	2	30	ctg_results_bor_2010_2013.txt::NCT01334515::outcomeMeasures[1]::groups[OG001]	1	2	45	False	NO_CONFLICT_DETECTED	NOT_A_PATIENT_COUNT__NO_CROSS_MEASURE_SUM_EMITTED	DISJOINTNESS_UNVERIFIABLE__NO_participantFlowModule_IN_CACHE
NCT01286818	ctg_results_bor_2010_2013.txt	6	ACTUAL	1	1	1	6	ctg_results_bor_2010_2013.txt::NCT01286818::outcomeMeasures[8]::groups[OG000]	8	1	6	False	NO_CONFLICT_DETECTED	NOT_A_PATIENT_COUNT__NO_CROSS_MEASURE_SUM_EMITTED	DISJOINTNESS_UNVERIFIABLE__NO_participantFlowModule_IN_CACHE
NCT01391962	ctg_results_bor_2010_2013.txt	34	ACTUAL	2	4	14	10	ctg_results_bor_2010_2013.txt::NCT01391962::outcomeMeasures[1]::groups[OG001]	0	2	15	False	NO_CONFLICT_DETECTED	NOT_A_PATIENT_COUNT__NO_CROSS_MEASURE_SUM_EMITTED	DISJOINTNESS_UNVERIFIABLE__NO_participantFlowModule_IN_CACHE
NCT01585987	ctg_results_bor_2010_2013.txt	143	ACTUAL	2	2	2	57	ctg_results_bor_2010_2013.txt::NCT01585987::outcomeMeasures[4]::groups[OG000]	4	2	114	False	NO_CONFLICT_DETECTED	NOT_A_PATIENT_COUNT__NO_CROSS_MEASURE_SUM_EMITTED	DISJOINTNESS_UNVERIFIABLE__NO_participantFlowModule_IN_CACHE
NCT01577758	ctg_results_bor_2010_2013.txt	41	ACTUAL	1	2	2	24	ctg_results_bor_2010_2013.txt::NCT01577758::outcomeMeasures[3]::groups[OG001]	3	2	42	False	WITHIN_MEASURE_SUM_EXCEEDS_ENROLLMENT	NOT_A_PATIENT_COUNT__NO_CROSS_MEASURE_SUM_EMITTED	DISJOINTNESS_UNVERIFIABLE__NO_participantFlowModule_IN_CACHE
NCT01454076	ctg_results_bor_2010_2013.txt	112	ACTUAL	5	5	5	18	ctg_results_bor_2010_2013.txt::NCT01454076::outcomeMeasures[5]::groups[OG004]	5	5	82	False	NO_CONFLICT_DETECTED	NOT_A_PATIENT_COUNT__NO_CROSS_MEASURE_SUM_EMITTED	DISJOINTNESS_UNVERIFIABLE__NO_participantFlowModule_IN_CACHE
NCT02034916	ctg_results_bor_2010_2013.txt	84	ACTUAL	1	2	4	48	ctg_results_bor_2010_2013.txt::NCT02034916::outcomeMeasures[0]::groups[OG000]	0	2	83	False	NO_CONFLICT_DETECTED	NOT_A_PATIENT_COUNT__NO_CROSS_MEASURE_SUM_EMITTED	DISJOINTNESS_UNVERIFIABLE__NO_participantFlowModule_IN_CACHE
NCT01104155	ctg_results_bor_2010_2013.txt	123	ACTUAL	2	2	4	63	ctg_results_bor_2010_2013.txt::NCT01104155::outcomeMeasures[0]::groups[OG000]	0	2	123	False	NO_CONFLICT_DETECTED	NOT_A_PATIENT_COUNT__NO_CROSS_MEASURE_SUM_EMITTED	DISJOINTNESS_UNVERIFIABLE__NO_participantFlowModule_IN_CACHE
NCT01772004	ctg_results_bor_2010_2013.txt	1756	ACTUAL	23	23	50	198	ctg_results_bor_2010_2013.txt::NCT01772004::outcomeMeasures[2]::groups[OG000]	15	18	1688	False	NO_CONFLICT_DETECTED	NOT_A_PATIENT_COUNT__NO_CROSS_MEASURE_SUM_EMITTED	DISJOINTNESS_UNVERIFIABLE__NO_participantFlowModule_IN_CACHE
NCT01171898	ctg_results_bor_2010_2013.txt	127	ACTUAL	4	4	4	47	ctg_results_bor_2010_2013.txt::NCT01171898::outcomeMeasures[4]::groups[OG001]	4	4	120	False	NO_CONFLICT_DETECTED	NOT_A_PATIENT_COUNT__NO_CROSS_MEASURE_SUM_EMITTED	DISJOINTNESS_UNVERIFIABLE__NO_participantFlowModule_IN_CACHE
NCT01311687	ctg_results_bor_2010_2013.txt	455	ACTUAL	2	2	4	302	ctg_results_bor_2010_2013.txt::NCT01311687::outcomeMeasures[6]::groups[OG000]	6	2	455	False	NO_CONFLICT_DETECTED	NOT_A_PATIENT_COUNT__NO_CROSS_MEASURE_SUM_EMITTED	DISJOINTNESS_UNVERIFIABLE__NO_participantFlowModule_IN_CACHE
NCT01685060	ctg_results_bor_2010_2013.txt	140	ACTUAL	1	1	5	140	ctg_results_bor_2010_2013.txt::NCT01685060::outcomeMeasures[0]::groups[OG000]	0	1	140	False	NO_CONFLICT_DETECTED	NOT_A_PATIENT_COUNT__NO_CROSS_MEASURE_SUM_EMITTED	DISJOINTNESS_UNVERIFIABLE__NO_participantFlowModule_IN_CACHE
NCT01188876	ctg_results_bor_2010_2013.txt	50	ACTUAL	1	1	1	50	ctg_results_bor_2010_2013.txt::NCT01188876::outcomeMeasures[1]::groups[OG000]	1	1	50	False	NO_CONFLICT_DETECTED	NOT_A_PATIENT_COUNT__NO_CROSS_MEASURE_SUM_EMITTED	DISJOINTNESS_UNVERIFIABLE__NO_participantFlowModule_IN_CACHE
NCT01644890	ctg_results_bor_2010_2013.txt	436	ACTUAL	2	2	2	211	ctg_results_bor_2010_2013.txt::NCT01644890::outcomeMeasures[2]::groups[OG000]	2	2	422	False	NO_CONFLICT_DETECTED	NOT_A_PATIENT_COUNT__NO_CROSS_MEASURE_SUM_EMITTED	DISJOINTNESS_UNVERIFIABLE__NO_participantFlowModule_IN_CACHE
NCT01310036	ctg_results_bor_2010_2013.txt	208	ACTUAL	1	1	3	148	ctg_results_bor_2010_2013.txt::NCT01310036::outcomeMeasures[2]::groups[OG000]	2	1	148	False	NO_CONFLICT_DETECTED	NOT_A_PATIENT_COUNT__NO_CROSS_MEASURE_SUM_EMITTED	DISJOINTNESS_UNVERIFIABLE__NO_participantFlowModule_IN_CACHE
NCT01693614	ctg_results_bor_2010_2013.txt	72	ACTUAL	3	3	3	26	ctg_results_bor_2010_2013.txt::NCT01693614::outcomeMeasures[0]::groups[OG000]	0	3	72	False	NO_CONFLICT_DETECTED	NOT_A_PATIENT_COUNT__NO_CROSS_MEASURE_SUM_EMITTED	DISJOINTNESS_UNVERIFIABLE__NO_participantFlowModule_IN_CACHE
NCT01498484	ctg_results_bor_2010_2013.txt	87	ACTUAL	9	4	4	25	ctg_results_bor_2010_2013.txt::NCT01498484::outcomeMeasures[0]::groups[OG000]	0	4	74	False	NO_CONFLICT_DETECTED	NOT_A_PATIENT_COUNT__NO_CROSS_MEASURE_SUM_EMITTED	DISJOINTNESS_UNVERIFIABLE__NO_participantFlowModule_IN_CACHE
NCT01316263	ctg_results_bor_2010_2013.txt	21	ACTUAL	2	2	6	14	ctg_results_bor_2010_2013.txt::NCT01316263::outcomeMeasures[0]::groups[OG001]	0	2	21	False	NO_CONFLICT_DETECTED	NOT_A_PATIENT_COUNT__NO_CROSS_MEASURE_SUM_EMITTED	DISJOINTNESS_UNVERIFIABLE__NO_participantFlowModule_IN_CACHE
NCT01524991	ctg_results_bor_2010_2013.txt	36	ACTUAL	1	1	1	36	ctg_results_bor_2010_2013.txt::NCT01524991::outcomeMeasures[2]::groups[OG000]	2	1	36	False	NO_CONFLICT_DETECTED	NOT_A_PATIENT_COUNT__NO_CROSS_MEASURE_SUM_EMITTED	DISJOINTNESS_UNVERIFIABLE__NO_participantFlowModule_IN_CACHE
NCT01868022	ctg_results_bor_2010_2013.txt	65	ACTUAL	3	9	9	25	ctg_results_bor_2010_2013.txt::NCT01868022::outcomeMeasures[17]::groups[OG007]	17	9	64	False	NO_CONFLICT_DETECTED	NOT_A_PATIENT_COUNT__NO_CROSS_MEASURE_SUM_EMITTED	DISJOINTNESS_UNVERIFIABLE__NO_participantFlowModule_IN_CACHE
NCT01955473	ctg_results_bor_2010_2013.txt	51	ACTUAL	1	5	10	30	ctg_results_bor_2010_2013.txt::NCT01955473::outcomeMeasures[34]::groups[OG004]	34	5	51	False	NO_CONFLICT_DETECTED	NOT_A_PATIENT_COUNT__NO_CROSS_MEASURE_SUM_EMITTED	DISJOINTNESS_UNVERIFIABLE__NO_participantFlowModule_IN_CACHE
NCT01028222	ctg_results_bor_2010_2013.txt	55	ACTUAL	2	2	8	42	ctg_results_bor_2010_2013.txt::NCT01028222::outcomeMeasures[0]::groups[OG000]	0	2	55	False	NO_CONFLICT_DETECTED	NOT_A_PATIENT_COUNT__NO_CROSS_MEASURE_SUM_EMITTED	DISJOINTNESS_UNVERIFIABLE__NO_participantFlowModule_IN_CACHE
NCT01572727	ctg_results_bor_2010_2013.txt	416	ACTUAL	2	2	4	170	ctg_results_bor_2010_2013.txt::NCT01572727::outcomeMeasures[2]::groups[OG001]	2	2	338	False	NO_CONFLICT_DETECTED	NOT_A_PATIENT_COUNT__NO_CROSS_MEASURE_SUM_EMITTED	DISJOINTNESS_UNVERIFIABLE__NO_participantFlowModule_IN_CACHE
NCT01345682	ctg_results_bor_2010_2013.txt	483	ACTUAL	2	2	2	322	ctg_results_bor_2010_2013.txt::NCT01345682::outcomeMeasures[2]::groups[OG000]	2	2	483	False	NO_CONFLICT_DETECTED	NOT_A_PATIENT_COUNT__NO_CROSS_MEASURE_SUM_EMITTED	DISJOINTNESS_UNVERIFIABLE__NO_participantFlowModule_IN_CACHE
NCT01368276	ctg_results_bor_2010_2013.txt	31	ACTUAL	2	2	4	28	ctg_results_bor_2010_2013.txt::NCT01368276::outcomeMeasures[1]::groups[OG001]	1	2	31	False	NO_CONFLICT_DETECTED	NOT_A_PATIENT_COUNT__NO_CROSS_MEASURE_SUM_EMITTED	DISJOINTNESS_UNVERIFIABLE__NO_participantFlowModule_IN_CACHE
NCT01708174	ctg_results_bor_2010_2013.txt	22	ACTUAL	2	3	6	16	ctg_results_bor_2010_2013.txt::NCT01708174::outcomeMeasures[0]::groups[OG001]	0	3	22	False	NO_CONFLICT_DETECTED	NOT_A_PATIENT_COUNT__NO_CROSS_MEASURE_SUM_EMITTED	DISJOINTNESS_UNVERIFIABLE__NO_participantFlowModule_IN_CACHE
NCT01403948	ctg_results_bor_2010_2013.txt	48	ACTUAL	1	10	20	7	ctg_results_bor_2010_2013.txt::NCT01403948::outcomeMeasures[3]::groups[OG005]	3	10	48	False	NO_CONFLICT_DETECTED	NOT_A_PATIENT_COUNT__NO_CROSS_MEASURE_SUM_EMITTED	DISJOINTNESS_UNVERIFIABLE__NO_participantFlowModule_IN_CACHE
NCT02049515	ctg_results_bor_2010_2013.txt	99	ACTUAL	2	2	2	90	ctg_results_bor_2010_2013.txt::NCT02049515::outcomeMeasures[0]::groups[OG000]	0	2	99	False	NO_CONFLICT_DETECTED	NOT_A_PATIENT_COUNT__NO_CROSS_MEASURE_SUM_EMITTED	DISJOINTNESS_UNVERIFIABLE__NO_participantFlowModule_IN_CACHE
NCT01658878	ctg_results_bor_2010_2013.txt	657	ACTUAL	9	15	30	66	ctg_results_bor_2010_2013.txt::NCT01658878::outcomeMeasures[7]::groups[OG001]	10	15	657	False	NO_CONFLICT_DETECTED	NOT_A_PATIENT_COUNT__NO_CROSS_MEASURE_SUM_EMITTED	DISJOINTNESS_UNVERIFIABLE__NO_participantFlowModule_IN_CACHE
NCT01866410	ctg_results_bor_2010_2013.txt	37	ACTUAL	1	1	1	37	ctg_results_bor_2010_2013.txt::NCT01866410::outcomeMeasures[0]::groups[OG000]	0	1	37	False	NO_CONFLICT_DETECTED	NOT_A_PATIENT_COUNT__NO_CROSS_MEASURE_SUM_EMITTED	DISJOINTNESS_UNVERIFIABLE__NO_participantFlowModule_IN_CACHE
NCT01222715	ctg_results_bor_2010_2013.txt	87	ACTUAL	2	2	2	40	ctg_results_bor_2010_2013.txt::NCT01222715::outcomeMeasures[2]::groups[OG000]	2	2	78	False	NO_CONFLICT_DETECTED	NOT_A_PATIENT_COUNT__NO_CROSS_MEASURE_SUM_EMITTED	DISJOINTNESS_UNVERIFIABLE__NO_participantFlowModule_IN_CACHE
NCT01239797	ctg_results_bor_2010_2013.txt	646	ACTUAL	2	2	2	325	ctg_results_bor_2010_2013.txt::NCT01239797::outcomeMeasures[2]::groups[OG001]	2	2	646	False	NO_CONFLICT_DETECTED	NOT_A_PATIENT_COUNT__NO_CROSS_MEASURE_SUM_EMITTED	DISJOINTNESS_UNVERIFIABLE__NO_participantFlowModule_IN_CACHE
NCT01993719	ctg_results_bor_2010_2013.txt	33	ACTUAL	5	4	4	16	ctg_results_bor_2010_2013.txt::NCT01993719::outcomeMeasures[2]::groups[OG000]	2	4	37	False	WITHIN_MEASURE_SUM_EXCEEDS_ENROLLMENT	NOT_A_PATIENT_COUNT__NO_CROSS_MEASURE_SUM_EMITTED	DISJOINTNESS_UNVERIFIABLE__NO_participantFlowModule_IN_CACHE
NCT01202877	ctg_results_bor_2010_2013.txt	54	ACTUAL	1	3	3	40	ctg_results_bor_2010_2013.txt::NCT01202877::outcomeMeasures[1]::groups[OG002]	1	3	54	False	NO_CONFLICT_DETECTED	NOT_A_PATIENT_COUNT__NO_CROSS_MEASURE_SUM_EMITTED	DISJOINTNESS_UNVERIFIABLE__NO_participantFlowModule_IN_CACHE
NCT01755975	ctg_results_bor_2010_2013.txt	49	ACTUAL	1	5	10	36	ctg_results_bor_2010_2013.txt::NCT01755975::outcomeMeasures[2]::groups[OG004]	2	4	49	False	NO_CONFLICT_DETECTED	NOT_A_PATIENT_COUNT__NO_CROSS_MEASURE_SUM_EMITTED	DISJOINTNESS_UNVERIFIABLE__NO_participantFlowModule_IN_CACHE
NCT01288430	ctg_results_bor_2010_2013.txt	60	ACTUAL	1	10	30	10	ctg_results_bor_2010_2013.txt::NCT01288430::outcomeMeasures[0]::groups[OG007]	0	10	46	False	NO_CONFLICT_DETECTED	NOT_A_PATIENT_COUNT__NO_CROSS_MEASURE_SUM_EMITTED	DISJOINTNESS_UNVERIFIABLE__NO_participantFlowModule_IN_CACHE
NCT01943461	ctg_results_bor_2010_2013.txt	57	ACTUAL	4	1	2	40	ctg_results_bor_2010_2013.txt::NCT01943461::outcomeMeasures[17]::groups[OG000]	17	1	40	False	NO_CONFLICT_DETECTED	NOT_A_PATIENT_COUNT__NO_CROSS_MEASURE_SUM_EMITTED	DISJOINTNESS_UNVERIFIABLE__NO_participantFlowModule_IN_CACHE
NCT01812005	ctg_results_bor_2010_2013.txt	14	ACTUAL	2	2	14	13	ctg_results_bor_2010_2013.txt::NCT01812005::outcomeMeasures[0]::groups[OG001]	0	2	14	False	NO_CONFLICT_DETECTED	NOT_A_PATIENT_COUNT__NO_CROSS_MEASURE_SUM_EMITTED	DISJOINTNESS_UNVERIFIABLE__NO_participantFlowModule_IN_CACHE
NCT01607905	ctg_results_bor_2010_2013.txt	192	ACTUAL	7	7	14	57	ctg_results_bor_2010_2013.txt::NCT01607905::outcomeMeasures[12]::groups[OG000]	12	7	183	False	NO_CONFLICT_DETECTED	NOT_A_PATIENT_COUNT__NO_CROSS_MEASURE_SUM_EMITTED	DISJOINTNESS_UNVERIFIABLE__NO_participantFlowModule_IN_CACHE
NCT01743560	ctg_results_bor_2010_2013.txt	52	ACTUAL	1	1	2	49	ctg_results_bor_2010_2013.txt::NCT01743560::outcomeMeasures[0]::groups[OG000]	0	1	49	False	NO_CONFLICT_DETECTED	NOT_A_PATIENT_COUNT__NO_CROSS_MEASURE_SUM_EMITTED	DISJOINTNESS_UNVERIFIABLE__NO_participantFlowModule_IN_CACHE
NCT02030067	ctg_results_bor_2010_2013.txt	127	ACTUAL	1	1	1	72	ctg_results_bor_2010_2013.txt::NCT02030067::outcomeMeasures[6]::groups[OG000]	6	1	72	False	NO_CONFLICT_DETECTED	NOT_A_PATIENT_COUNT__NO_CROSS_MEASURE_SUM_EMITTED	DISJOINTNESS_UNVERIFIABLE__NO_participantFlowModule_IN_CACHE
NCT01111461	ctg_results_bor_2010_2013.txt	133	ACTUAL	1	1	3	133	ctg_results_bor_2010_2013.txt::NCT01111461::outcomeMeasures[0]::groups[OG000]	0	1	133	False	NO_CONFLICT_DETECTED	NOT_A_PATIENT_COUNT__NO_CROSS_MEASURE_SUM_EMITTED	DISJOINTNESS_UNVERIFIABLE__NO_participantFlowModule_IN_CACHE
NCT01721772	ctg_results_bor_2010_2013.txt	418	ACTUAL	2	2	2	210	ctg_results_bor_2010_2013.txt::NCT01721772::outcomeMeasures[3]::groups[OG000]	3	2	418	False	NO_CONFLICT_DETECTED	NOT_A_PATIENT_COUNT__NO_CROSS_MEASURE_SUM_EMITTED	DISJOINTNESS_UNVERIFIABLE__NO_participantFlowModule_IN_CACHE
NCT01719380	ctg_results_bor_2010_2013.txt	156	ACTUAL	2	10	10	52	ctg_results_bor_2010_2013.txt::NCT01719380::outcomeMeasures[22]::groups[OG009]	22	10	156	False	NO_CONFLICT_DETECTED	NOT_A_PATIENT_COUNT__NO_CROSS_MEASURE_SUM_EMITTED	DISJOINTNESS_UNVERIFIABLE__NO_participantFlowModule_IN_CACHE
NCT01251653	ctg_results_bor_2010_2013.txt	94	ACTUAL	2	9	36	20	ctg_results_bor_2010_2013.txt::NCT01251653::outcomeMeasures[2]::groups[OG002]	2	9	93	False	NO_CONFLICT_DETECTED	NOT_A_PATIENT_COUNT__NO_CROSS_MEASURE_SUM_EMITTED	DISJOINTNESS_UNVERIFIABLE__NO_participantFlowModule_IN_CACHE
NCT01085331	ctg_results_bor_2010_2013.txt	16	ACTUAL	3	4	4	9	ctg_results_bor_2010_2013.txt::NCT01085331::outcomeMeasures[12]::groups[OG000]	12	2	15	False	NO_CONFLICT_DETECTED	NOT_A_PATIENT_COUNT__NO_CROSS_MEASURE_SUM_EMITTED	DISJOINTNESS_UNVERIFIABLE__NO_participantFlowModule_IN_CACHE
NCT01664182	ctg_results_bor_2010_2013.txt	41	ACTUAL	2	2	2	18	ctg_results_bor_2010_2013.txt::NCT01664182::outcomeMeasures[0]::groups[OG001]	0	2	35	False	NO_CONFLICT_DETECTED	NOT_A_PATIENT_COUNT__NO_CROSS_MEASURE_SUM_EMITTED	DISJOINTNESS_UNVERIFIABLE__NO_participantFlowModule_IN_CACHE
NCT01605396	ctg_results_bor_2010_2013.txt	80	ACTUAL	2	2	2	40	ctg_results_bor_2010_2013.txt::NCT01605396::outcomeMeasures[2]::groups[OG000]	2	2	80	False	NO_CONFLICT_DETECTED	NOT_A_PATIENT_COUNT__NO_CROSS_MEASURE_SUM_EMITTED	DISJOINTNESS_UNVERIFIABLE__NO_participantFlowModule_IN_CACHE
NCT01609543	ctg_results_bor_2010_2013.txt	62	ACTUAL	1	1	1	62	ctg_results_bor_2010_2013.txt::NCT01609543::outcomeMeasures[1]::groups[OG000]	1	1	62	False	NO_CONFLICT_DETECTED	NOT_A_PATIENT_COUNT__NO_CROSS_MEASURE_SUM_EMITTED	DISJOINTNESS_UNVERIFIABLE__NO_participantFlowModule_IN_CACHE
NCT02009449	ctg_results_bor_2010_2013.txt	353	ACTUAL	23	23	23	95	ctg_results_bor_2010_2013.txt::NCT02009449::outcomeMeasures[3]::groups[OG004]	3	6	120	False	NO_CONFLICT_DETECTED	NOT_A_PATIENT_COUNT__NO_CROSS_MEASURE_SUM_EMITTED	DISJOINTNESS_UNVERIFIABLE__NO_participantFlowModule_IN_CACHE
NCT01453205	ctg_results_bor_2010_2013.txt	187	ACTUAL	3	3	6	80	ctg_results_bor_2010_2013.txt::NCT01453205::outcomeMeasures[0]::groups[OG000]	0	3	187	False	NO_CONFLICT_DETECTED	NOT_A_PATIENT_COUNT__NO_CROSS_MEASURE_SUM_EMITTED	DISJOINTNESS_UNVERIFIABLE__NO_participantFlowModule_IN_CACHE
NCT01818752	ctg_results_bor_2010_2013.txt	955	ACTUAL	2	2	4	478	ctg_results_bor_2010_2013.txt::NCT01818752::outcomeMeasures[2]::groups[OG001]	2	2	955	False	NO_CONFLICT_DETECTED	NOT_A_PATIENT_COUNT__NO_CROSS_MEASURE_SUM_EMITTED	DISJOINTNESS_UNVERIFIABLE__NO_participantFlowModule_IN_CACHE
NCT00968968	ctg_results_bor_2010_2013.txt	37	ACTUAL	2	2	4	20	ctg_results_bor_2010_2013.txt::NCT00968968::outcomeMeasures[2]::groups[OG000]	2	2	37	False	NO_CONFLICT_DETECTED	NOT_A_PATIENT_COUNT__NO_CROSS_MEASURE_SUM_EMITTED	DISJOINTNESS_UNVERIFIABLE__NO_participantFlowModule_IN_CACHE
NCT01596751	ctg_results_bor_2010_2013.txt	67	ACTUAL	4	1	1	31	ctg_results_bor_2010_2013.txt::NCT01596751::outcomeMeasures[3]::groups[OG000]	3	1	31	False	NO_CONFLICT_DETECTED	NOT_A_PATIENT_COUNT__NO_CROSS_MEASURE_SUM_EMITTED	DISJOINTNESS_UNVERIFIABLE__NO_participantFlowModule_IN_CACHE
NCT01121562	ctg_results_bor_2010_2013.txt	12	ACTUAL	1	1	2	12	ctg_results_bor_2010_2013.txt::NCT01121562::outcomeMeasures[0]::groups[OG000]	0	1	12	False	NO_CONFLICT_DETECTED	NOT_A_PATIENT_COUNT__NO_CROSS_MEASURE_SUM_EMITTED	DISJOINTNESS_UNVERIFIABLE__NO_participantFlowModule_IN_CACHE
NCT01980589	ctg_results_bor_2010_2013.txt	22	ACTUAL	1	3	3	16	ctg_results_bor_2010_2013.txt::NCT01980589::outcomeMeasures[1]::groups[OG002]	1	3	22	False	NO_CONFLICT_DETECTED	NOT_A_PATIENT_COUNT__NO_CROSS_MEASURE_SUM_EMITTED	DISJOINTNESS_UNVERIFIABLE__NO_participantFlowModule_IN_CACHE
NCT01317615	ctg_results_bor_2010_2013.txt	49	ACTUAL	1	1	2	49	ctg_results_bor_2010_2013.txt::NCT01317615::outcomeMeasures[2]::groups[OG000]	2	1	49	False	NO_CONFLICT_DETECTED	NOT_A_PATIENT_COUNT__NO_CROSS_MEASURE_SUM_EMITTED	DISJOINTNESS_UNVERIFIABLE__NO_participantFlowModule_IN_CACHE
NCT01327885	ctg_results_bor_2010_2013.txt	452	ACTUAL	2	2	2	228	ctg_results_bor_2010_2013.txt::NCT01327885::outcomeMeasures[3]::groups[OG000]	3	2	452	False	NO_CONFLICT_DETECTED	NOT_A_PATIENT_COUNT__NO_CROSS_MEASURE_SUM_EMITTED	DISJOINTNESS_UNVERIFIABLE__NO_participantFlowModule_IN_CACHE
NCT01149343	ctg_results_bor_2010_2013.txt	107	ACTUAL	4	4	8	40	ctg_results_bor_2010_2013.txt::NCT01149343::outcomeMeasures[2]::groups[OG003]	2	4	106	False	NO_CONFLICT_DETECTED	NOT_A_PATIENT_COUNT__NO_CROSS_MEASURE_SUM_EMITTED	DISJOINTNESS_UNVERIFIABLE__NO_participantFlowModule_IN_CACHE
NCT01801358	ctg_results_bor_2010_2013.txt	38	ACTUAL	2	7	8	8	ctg_results_bor_2010_2013.txt::NCT01801358::outcomeMeasures[4]::groups[OG005]	4	6	38	False	NO_CONFLICT_DETECTED	NOT_A_PATIENT_COUNT__NO_CROSS_MEASURE_SUM_EMITTED	DISJOINTNESS_UNVERIFIABLE__NO_participantFlowModule_IN_CACHE
NCT01307891	ctg_results_bor_2010_2013.txt	64	ACTUAL	2	2	2	39	ctg_results_bor_2010_2013.txt::NCT01307891::outcomeMeasures[0]::groups[OG000]	0	2	60	False	NO_CONFLICT_DETECTED	NOT_A_PATIENT_COUNT__NO_CROSS_MEASURE_SUM_EMITTED	DISJOINTNESS_UNVERIFIABLE__NO_participantFlowModule_IN_CACHE
NCT00918203	ctg_results_bor_2010_2013.txt	137	ACTUAL	2	3	3	67	ctg_results_bor_2010_2013.txt::NCT00918203::outcomeMeasures[4]::groups[OG000]	4	3	148	False	WITHIN_MEASURE_SUM_EXCEEDS_ENROLLMENT	NOT_A_PATIENT_COUNT__NO_CROSS_MEASURE_SUM_EMITTED	DISJOINTNESS_UNVERIFIABLE__NO_participantFlowModule_IN_CACHE
NCT01388790	ctg_results_bor_2010_2013.txt	40	ACTUAL	1	1	1	40	ctg_results_bor_2010_2013.txt::NCT01388790::outcomeMeasures[0]::groups[OG000]	0	1	40	False	NO_CONFLICT_DETECTED	NOT_A_PATIENT_COUNT__NO_CROSS_MEASURE_SUM_EMITTED	DISJOINTNESS_UNVERIFIABLE__NO_participantFlowModule_IN_CACHE
NCT01981850	ctg_results_bor_2010_2013.txt	125	ACTUAL	7	11	11	33	ctg_results_bor_2010_2013.txt::NCT01981850::outcomeMeasures[1]::groups[OG000]	1	3	97	False	NO_CONFLICT_DETECTED	NOT_A_PATIENT_COUNT__NO_CROSS_MEASURE_SUM_EMITTED	DISJOINTNESS_UNVERIFIABLE__NO_participantFlowModule_IN_CACHE
NCT01397708	ctg_results_bor_2010_2013.txt	26	ACTUAL	1	8	8	3	ctg_results_bor_2010_2013.txt::NCT01397708::outcomeMeasures[9]::groups[OG000]	9	5	15	False	NO_CONFLICT_DETECTED	NOT_A_PATIENT_COUNT__NO_CROSS_MEASURE_SUM_EMITTED	DISJOINTNESS_UNVERIFIABLE__NO_participantFlowModule_IN_CACHE
NCT01659255	ctg_results_bor_2010_2013.txt	90	ACTUAL	17	7	7	35	ctg_results_bor_2010_2013.txt::NCT01659255::outcomeMeasures[1]::groups[OG005]	1	7	90	False	NO_CONFLICT_DETECTED	NOT_A_PATIENT_COUNT__NO_CROSS_MEASURE_SUM_EMITTED	DISJOINTNESS_UNVERIFIABLE__NO_participantFlowModule_IN_CACHE
NCT01677858	ctg_results_bor_2010_2013.txt	116	ACTUAL	1	6	12	104	ctg_results_bor_2010_2013.txt::NCT01677858::outcomeMeasures[1]::groups[OG005]	1	6	220	False	WITHIN_MEASURE_SUM_EXCEEDS_ENROLLMENT	NOT_A_PATIENT_COUNT__NO_CROSS_MEASURE_SUM_EMITTED	DISJOINTNESS_UNVERIFIABLE__NO_participantFlowModule_IN_CACHE
NCT01546038	ctg_results_bor_2010_2013.txt	255	ACTUAL	5	6	28	55	ctg_results_bor_2010_2013.txt::NCT01546038::outcomeMeasures[59]::groups[OG001]	59	2	88	False	NO_CONFLICT_DETECTED	NOT_A_PATIENT_COUNT__NO_CROSS_MEASURE_SUM_EMITTED	DISJOINTNESS_UNVERIFIABLE__NO_participantFlowModule_IN_CACHE
NCT01639352	ctg_results_bor_2010_2013.txt	20	ACTUAL	1	1	3	20	ctg_results_bor_2010_2013.txt::NCT01639352::outcomeMeasures[0]::groups[OG000]	0	1	20	False	NO_CONFLICT_DETECTED	NOT_A_PATIENT_COUNT__NO_CROSS_MEASURE_SUM_EMITTED	DISJOINTNESS_UNVERIFIABLE__NO_participantFlowModule_IN_CACHE
NCT01084863	ctg_results_bor_2010_2013.txt	143	ACTUAL	2	4	4	76	ctg_results_bor_2010_2013.txt::NCT01084863::outcomeMeasures[4]::groups[OG000]	4	4	286	False	WITHIN_MEASURE_SUM_EXCEEDS_ENROLLMENT	NOT_A_PATIENT_COUNT__NO_CROSS_MEASURE_SUM_EMITTED	DISJOINTNESS_UNVERIFIABLE__NO_participantFlowModule_IN_CACHE
NCT01289821	ctg_results_bor_2010_2013.txt	54	ACTUAL	1	1	1	41	ctg_results_bor_2010_2013.txt::NCT01289821::outcomeMeasures[0]::groups[OG000]	0	1	41	False	NO_CONFLICT_DETECTED	NOT_A_PATIENT_COUNT__NO_CROSS_MEASURE_SUM_EMITTED	DISJOINTNESS_UNVERIFIABLE__NO_participantFlowModule_IN_CACHE
NCT01307267	ctg_results_bor_2010_2013.txt	190	ACTUAL	2	23	23	42	ctg_results_bor_2010_2013.txt::NCT01307267::outcomeMeasures[17]::groups[OG005]	17	12	120	False	NO_CONFLICT_DETECTED	NOT_A_PATIENT_COUNT__NO_CROSS_MEASURE_SUM_EMITTED	DISJOINTNESS_UNVERIFIABLE__NO_participantFlowModule_IN_CACHE
NCT01327612	ctg_results_bor_2010_2013.txt	12	ACTUAL	4	7	7	3	ctg_results_bor_2010_2013.txt::NCT01327612::outcomeMeasures[5]::groups[OG005]	5	7	12	False	NO_CONFLICT_DETECTED	NOT_A_PATIENT_COUNT__NO_CROSS_MEASURE_SUM_EMITTED	DISJOINTNESS_UNVERIFIABLE__NO_participantFlowModule_IN_CACHE
NCT02011113	ctg_results_bor_2010_2013.txt	36	ACTUAL	1	1	4	36	ctg_results_bor_2010_2013.txt::NCT02011113::outcomeMeasures[0]::groups[OG000]	0	1	36	False	NO_CONFLICT_DETECTED	NOT_A_PATIENT_COUNT__NO_CROSS_MEASURE_SUM_EMITTED	DISJOINTNESS_UNVERIFIABLE__NO_participantFlowModule_IN_CACHE
NCT01326481	ctg_results_bor_2010_2013.txt	19	ACTUAL	1	1	1	16	ctg_results_bor_2010_2013.txt::NCT01326481::outcomeMeasures[3]::groups[OG000]	3	1	16	False	NO_CONFLICT_DETECTED	NOT_A_PATIENT_COUNT__NO_CROSS_MEASURE_SUM_EMITTED	DISJOINTNESS_UNVERIFIABLE__NO_participantFlowModule_IN_CACHE
NCT01992653	ctg_results_bor_2010_2013.txt	85	ACTUAL	8	8	16	40	ctg_results_bor_2010_2013.txt::NCT01992653::outcomeMeasures[4]::groups[OG006]	4	7	75	False	NO_CONFLICT_DETECTED	NOT_A_PATIENT_COUNT__NO_CROSS_MEASURE_SUM_EMITTED	DISJOINTNESS_UNVERIFIABLE__NO_participantFlowModule_IN_CACHE
NCT01565083	ctg_results_bor_2010_2013.txt	213	ACTUAL	2	2	2	91	ctg_results_bor_2010_2013.txt::NCT01565083::outcomeMeasures[0]::groups[OG001]	0	2	180	False	NO_CONFLICT_DETECTED	NOT_A_PATIENT_COUNT__NO_CROSS_MEASURE_SUM_EMITTED	DISJOINTNESS_UNVERIFIABLE__NO_participantFlowModule_IN_CACHE
NCT01698918	ctg_results_bor_2010_2013.txt	202	ACTUAL	1	3	4	202	ctg_results_bor_2010_2013.txt::NCT01698918::outcomeMeasures[1]::groups[OG000]	1	1	202	False	NO_CONFLICT_DETECTED	NOT_A_PATIENT_COUNT__NO_CROSS_MEASURE_SUM_EMITTED	DISJOINTNESS_UNVERIFIABLE__NO_participantFlowModule_IN_CACHE
NCT01239732	ctg_results_bor_2010_2013.txt	1021	ACTUAL	1	1	4	1021	ctg_results_bor_2010_2013.txt::NCT01239732::outcomeMeasures[5]::groups[OG000]	5	1	1021	False	NO_CONFLICT_DETECTED	NOT_A_PATIENT_COUNT__NO_CROSS_MEASURE_SUM_EMITTED	DISJOINTNESS_UNVERIFIABLE__NO_participantFlowModule_IN_CACHE
NCT01282463	ctg_results_bor_2010_2013.txt	148	ACTUAL	3	3	3	49	ctg_results_bor_2010_2013.txt::NCT01282463::outcomeMeasures[1]::groups[OG002]	1	3	140	False	NO_CONFLICT_DETECTED	NOT_A_PATIENT_COUNT__NO_CROSS_MEASURE_SUM_EMITTED	DISJOINTNESS_UNVERIFIABLE__NO_participantFlowModule_IN_CACHE
NCT01332721	ctg_results_bor_2010_2013.txt	38	ACTUAL	1	1	1	31	ctg_results_bor_2010_2013.txt::NCT01332721::outcomeMeasures[3]::groups[OG000]	3	1	31	False	NO_CONFLICT_DETECTED	NOT_A_PATIENT_COUNT__NO_CROSS_MEASURE_SUM_EMITTED	DISJOINTNESS_UNVERIFIABLE__NO_participantFlowModule_IN_CACHE
NCT02047344	ctg_results_bor_2010_2013.txt	31	ACTUAL	1	5	5	26	ctg_results_bor_2010_2013.txt::NCT02047344::outcomeMeasures[4]::groups[OG000]	2	4	26	False	NO_CONFLICT_DETECTED	NOT_A_PATIENT_COUNT__NO_CROSS_MEASURE_SUM_EMITTED	DISJOINTNESS_UNVERIFIABLE__NO_participantFlowModule_IN_CACHE
NCT01433991	ctg_results_bor_2010_2013.txt	30	ACTUAL	5	4	4	14	ctg_results_bor_2010_2013.txt::NCT01433991::outcomeMeasures[34]::groups[OG002]	34	4	28	False	NO_CONFLICT_DETECTED	NOT_A_PATIENT_COUNT__NO_CROSS_MEASURE_SUM_EMITTED	DISJOINTNESS_UNVERIFIABLE__NO_participantFlowModule_IN_CACHE
NCT01457417	ctg_results_bor_2010_2013.txt	32	ACTUAL	5	5	10	17	ctg_results_bor_2010_2013.txt::NCT01457417::outcomeMeasures[8]::groups[OG004]	8	5	29	False	NO_CONFLICT_DETECTED	NOT_A_PATIENT_COUNT__NO_CROSS_MEASURE_SUM_EMITTED	DISJOINTNESS_UNVERIFIABLE__NO_participantFlowModule_IN_CACHE
NCT03176238	ctg_results_bor_2010_2013.txt	235	ACTUAL	1	3	6	235	ctg_results_bor_2010_2013.txt::NCT03176238::outcomeMeasures[1]::groups[OG002]	1	3	470	True	WITHIN_MEASURE_SUM_EXCEEDS_ENROLLMENT__POOLED_LABEL_IN_MEASURE	NOT_A_PATIENT_COUNT__NO_CROSS_MEASURE_SUM_EMITTED	DISJOINTNESS_UNVERIFIABLE__NO_participantFlowModule_IN_CACHE
NCT01668017	ctg_results_bor_2010_2013.txt	26	ACTUAL	5	5	10	7	ctg_results_bor_2010_2013.txt::NCT01668017::outcomeMeasures[32]::groups[OG001]	32	5	20	False	NO_CONFLICT_DETECTED	NOT_A_PATIENT_COUNT__NO_CROSS_MEASURE_SUM_EMITTED	DISJOINTNESS_UNVERIFIABLE__NO_participantFlowModule_IN_CACHE
NCT01642004	ctg_results_bor_2010_2013.txt	272	ACTUAL	2	2	6	137	ctg_results_bor_2010_2013.txt::NCT01642004::outcomeMeasures[3]::groups[OG001]	3	2	272	False	NO_CONFLICT_DETECTED	NOT_A_PATIENT_COUNT__NO_CROSS_MEASURE_SUM_EMITTED	DISJOINTNESS_UNVERIFIABLE__NO_participantFlowModule_IN_CACHE
NCT01387555	ctg_results_bor_2010_2013.txt	129	ACTUAL	2	2	2	86	ctg_results_bor_2010_2013.txt::NCT01387555::outcomeMeasures[3]::groups[OG000]	3	2	129	False	NO_CONFLICT_DETECTED	NOT_A_PATIENT_COUNT__NO_CROSS_MEASURE_SUM_EMITTED	DISJOINTNESS_UNVERIFIABLE__NO_participantFlowModule_IN_CACHE
NCT01595009	ctg_results_bor_2010_2013.txt	246	ACTUAL	1	4	4	126	ctg_results_bor_2010_2013.txt::NCT01595009::outcomeMeasures[7]::groups[OG000]	7	2	246	False	NO_CONFLICT_DETECTED	NOT_A_PATIENT_COUNT__NO_CROSS_MEASURE_SUM_EMITTED	DISJOINTNESS_UNVERIFIABLE__NO_participantFlowModule_IN_CACHE
NCT01121393	ctg_results_bor_2010_2013.txt	364	ACTUAL	2	2	6	242	ctg_results_bor_2010_2013.txt::NCT01121393::outcomeMeasures[1]::groups[OG000]	1	2	364	False	NO_CONFLICT_DETECTED	NOT_A_PATIENT_COUNT__NO_CROSS_MEASURE_SUM_EMITTED	DISJOINTNESS_UNVERIFIABLE__NO_participantFlowModule_IN_CACHE
NCT01611558	ctg_results_bor_2010_2013.txt	40	ACTUAL	1	1	1	40	ctg_results_bor_2010_2013.txt::NCT01611558::outcomeMeasures[1]::groups[OG000]	1	1	40	False	NO_CONFLICT_DETECTED	NOT_A_PATIENT_COUNT__NO_CROSS_MEASURE_SUM_EMITTED	DISJOINTNESS_UNVERIFIABLE__NO_participantFlowModule_IN_CACHE
NCT01454934	ctg_results_bor_2010_2013.txt	540	ACTUAL	2	2	2	270	ctg_results_bor_2010_2013.txt::NCT01454934::outcomeMeasures[2]::groups[OG000]	2	2	540	False	NO_CONFLICT_DETECTED	NOT_A_PATIENT_COUNT__NO_CROSS_MEASURE_SUM_EMITTED	DISJOINTNESS_UNVERIFIABLE__NO_participantFlowModule_IN_CACHE
NCT01260688	ctg_results_bor_2010_2013.txt	22	ACTUAL	2	2	4	11	ctg_results_bor_2010_2013.txt::NCT01260688::outcomeMeasures[7]::groups[OG000]	7	2	22	False	NO_CONFLICT_DETECTED	NOT_A_PATIENT_COUNT__NO_CROSS_MEASURE_SUM_EMITTED	DISJOINTNESS_UNVERIFIABLE__NO_participantFlowModule_IN_CACHE
NCT01094288	ctg_results_bor_2010_2013.txt	41	ACTUAL	1	8	32	10	ctg_results_bor_2010_2013.txt::NCT01094288::outcomeMeasures[8]::groups[OG001]	8	8	28	False	NO_CONFLICT_DETECTED	NOT_A_PATIENT_COUNT__NO_CROSS_MEASURE_SUM_EMITTED	DISJOINTNESS_UNVERIFIABLE__NO_participantFlowModule_IN_CACHE
NCT01832727	ctg_results_bor_2010_2013.txt	65	ACTUAL	9	1	2	18	ctg_results_bor_2010_2013.txt::NCT01832727::outcomeMeasures[3]::groups[OG000]	3	1	18	False	NO_CONFLICT_DETECTED	NOT_A_PATIENT_COUNT__NO_CROSS_MEASURE_SUM_EMITTED	DISJOINTNESS_UNVERIFIABLE__NO_participantFlowModule_IN_CACHE
NCT01160744	ctg_results_bor_2010_2013.txt	280	ACTUAL	4	4	8	71	ctg_results_bor_2010_2013.txt::NCT01160744::outcomeMeasures[1]::groups[OG000]	1	4	280	False	NO_CONFLICT_DETECTED	NOT_A_PATIENT_COUNT__NO_CROSS_MEASURE_SUM_EMITTED	DISJOINTNESS_UNVERIFIABLE__NO_participantFlowModule_IN_CACHE
NCT01631552	ctg_results_bor_2010_2013.txt	515	ACTUAL	4	3	7	108	ctg_results_bor_2010_2013.txt::NCT01631552::outcomeMeasures[3]::groups[OG000]	4	3	207	False	NO_CONFLICT_DETECTED	NOT_A_PATIENT_COUNT__NO_CROSS_MEASURE_SUM_EMITTED	DISJOINTNESS_UNVERIFIABLE__NO_participantFlowModule_IN_CACHE
NCT01080391	ctg_results_bor_2010_2013.txt	792	ACTUAL	2	2	4	396	ctg_results_bor_2010_2013.txt::NCT01080391::outcomeMeasures[2]::groups[OG000]	2	2	792	False	NO_CONFLICT_DETECTED	NOT_A_PATIENT_COUNT__NO_CROSS_MEASURE_SUM_EMITTED	DISJOINTNESS_UNVERIFIABLE__NO_participantFlowModule_IN_CACHE
NCT01297244	ctg_results_bor_2010_2013.txt	105	ACTUAL	1	2	2	90	ctg_results_bor_2010_2013.txt::NCT01297244::outcomeMeasures[3]::groups[OG000]	3	2	105	False	NO_CONFLICT_DETECTED	NOT_A_PATIENT_COUNT__NO_CROSS_MEASURE_SUM_EMITTED	DISJOINTNESS_UNVERIFIABLE__NO_participantFlowModule_IN_CACHE
NCT01941316	ctg_results_bor_2010_2013.txt	78	ACTUAL	4	5	5	37	ctg_results_bor_2010_2013.txt::NCT01941316::outcomeMeasures[2]::groups[OG003]	2	5	78	False	NO_CONFLICT_DETECTED	NOT_A_PATIENT_COUNT__NO_CROSS_MEASURE_SUM_EMITTED	DISJOINTNESS_UNVERIFIABLE__NO_participantFlowModule_IN_CACHE
NCT01853644	ctg_results_bor_2010_2013.txt	31	ACTUAL	1	1	2	24	ctg_results_bor_2010_2013.txt::NCT01853644::outcomeMeasures[0]::groups[OG000]	0	1	24	False	NO_CONFLICT_DETECTED	NOT_A_PATIENT_COUNT__NO_CROSS_MEASURE_SUM_EMITTED	DISJOINTNESS_UNVERIFIABLE__NO_participantFlowModule_IN_CACHE
NCT01125176	ctg_results_bor_2010_2013.txt	15	ACTUAL	1	1	1	14	ctg_results_bor_2010_2013.txt::NCT01125176::outcomeMeasures[0]::groups[OG000]	0	1	14	True	NO_CONFLICT_DETECTED	NOT_A_PATIENT_COUNT__NO_CROSS_MEASURE_SUM_EMITTED	DISJOINTNESS_UNVERIFIABLE__NO_participantFlowModule_IN_CACHE
NCT02001974	ctg_results_bor_2010_2013.txt	33	ACTUAL	3	3	6	23	ctg_results_bor_2010_2013.txt::NCT02001974::outcomeMeasures[28]::groups[OG002]	28	3	30	False	NO_CONFLICT_DETECTED	NOT_A_PATIENT_COUNT__NO_CROSS_MEASURE_SUM_EMITTED	DISJOINTNESS_UNVERIFIABLE__NO_participantFlowModule_IN_CACHE
NCT01268059	ctg_results_bor_2010_2013.txt	99	ACTUAL	2	4	8	41	ctg_results_bor_2010_2013.txt::NCT01268059::outcomeMeasures[2]::groups[OG001]	2	4	95	False	NO_CONFLICT_DETECTED	NOT_A_PATIENT_COUNT__NO_CROSS_MEASURE_SUM_EMITTED	DISJOINTNESS_UNVERIFIABLE__NO_participantFlowModule_IN_CACHE
NCT01876082	ctg_results_bor_2010_2013.txt	72	ACTUAL	2	2	2	46	ctg_results_bor_2010_2013.txt::NCT01876082::outcomeMeasures[1]::groups[OG000]	1	2	66	False	NO_CONFLICT_DETECTED	NOT_A_PATIENT_COUNT__NO_CROSS_MEASURE_SUM_EMITTED	DISJOINTNESS_UNVERIFIABLE__NO_participantFlowModule_IN_CACHE
NCT01729923	ctg_results_bor_2010_2013.txt	27	ACTUAL	1	1	2	19	ctg_results_bor_2010_2013.txt::NCT01729923::outcomeMeasures[1]::groups[OG000]	1	1	19	False	NO_CONFLICT_DETECTED	NOT_A_PATIENT_COUNT__NO_CROSS_MEASURE_SUM_EMITTED	DISJOINTNESS_UNVERIFIABLE__NO_participantFlowModule_IN_CACHE
NCT01072175	ctg_results_bor_2010_2013.txt	430	ACTUAL	3	12	15	54	ctg_results_bor_2010_2013.txt::NCT01072175::outcomeMeasures[8]::groups[OG000]	8	3	162	False	NO_CONFLICT_DETECTED	NOT_A_PATIENT_COUNT__NO_CROSS_MEASURE_SUM_EMITTED	DISJOINTNESS_UNVERIFIABLE__NO_participantFlowModule_IN_CACHE
NCT01478048	ctg_results_bor_2010_2013.txt	185	ACTUAL	2	2	4	77	ctg_results_bor_2010_2013.txt::NCT01478048::outcomeMeasures[3]::groups[OG000]	3	2	152	False	NO_CONFLICT_DETECTED	NOT_A_PATIENT_COUNT__NO_CROSS_MEASURE_SUM_EMITTED	DISJOINTNESS_UNVERIFIABLE__NO_participantFlowModule_IN_CACHE
NCT01206816	ctg_results_bor_2010_2013.txt	57	ACTUAL	1	7	14	20	ctg_results_bor_2010_2013.txt::NCT01206816::outcomeMeasures[3]::groups[OG002]	3	7	57	False	NO_CONFLICT_DETECTED	NOT_A_PATIENT_COUNT__NO_CROSS_MEASURE_SUM_EMITTED	DISJOINTNESS_UNVERIFIABLE__NO_participantFlowModule_IN_CACHE
NCT01288989	ctg_results_bor_2010_2013.txt	44	ACTUAL	1	5	5	21	ctg_results_bor_2010_2013.txt::NCT01288989::outcomeMeasures[2]::groups[OG004]	2	5	44	False	NO_CONFLICT_DETECTED	NOT_A_PATIENT_COUNT__NO_CROSS_MEASURE_SUM_EMITTED	DISJOINTNESS_UNVERIFIABLE__NO_participantFlowModule_IN_CACHE
NCT01078662	ctg_results_bor_2010_2013.txt	298	ACTUAL	1	6	18	298	ctg_results_bor_2010_2013.txt::NCT01078662::outcomeMeasures[0]::groups[OG005]	0	6	596	True	WITHIN_MEASURE_SUM_EXCEEDS_ENROLLMENT__POOLED_LABEL_IN_MEASURE	NOT_A_PATIENT_COUNT__NO_CROSS_MEASURE_SUM_EMITTED	DISJOINTNESS_UNVERIFIABLE__NO_participantFlowModule_IN_CACHE
NCT01406574	ctg_results_bor_2010_2013.txt	23	ACTUAL	2	1	1	23	ctg_results_bor_2010_2013.txt::NCT01406574::outcomeMeasures[2]::groups[OG000]	2	1	23	False	NO_CONFLICT_DETECTED	NOT_A_PATIENT_COUNT__NO_CROSS_MEASURE_SUM_EMITTED	DISJOINTNESS_UNVERIFIABLE__NO_participantFlowModule_IN_CACHE
NCT01895946	ctg_results_bor_2010_2013.txt	33	ACTUAL	2	2	2	18	ctg_results_bor_2010_2013.txt::NCT01895946::outcomeMeasures[2]::groups[OG000]	2	2	30	False	NO_CONFLICT_DETECTED	NOT_A_PATIENT_COUNT__NO_CROSS_MEASURE_SUM_EMITTED	DISJOINTNESS_UNVERIFIABLE__NO_participantFlowModule_IN_CACHE
NCT01204697	ctg_results_bor_2010_2013.txt	74	ACTUAL	2	2	2	37	ctg_results_bor_2010_2013.txt::NCT01204697::outcomeMeasures[3]::groups[OG001]	3	2	73	False	NO_CONFLICT_DETECTED	NOT_A_PATIENT_COUNT__NO_CROSS_MEASURE_SUM_EMITTED	DISJOINTNESS_UNVERIFIABLE__NO_participantFlowModule_IN_CACHE
NCT01056510	ctg_results_bor_2010_2013.txt	357	ACTUAL	2	2	2	121	ctg_results_bor_2010_2013.txt::NCT01056510::outcomeMeasures[3]::groups[OG000]	3	2	241	False	NO_CONFLICT_DETECTED	NOT_A_PATIENT_COUNT__NO_CROSS_MEASURE_SUM_EMITTED	DISJOINTNESS_UNVERIFIABLE__NO_participantFlowModule_IN_CACHE
NCT01341457	ctg_results_bor_2010_2013.txt	17	ACTUAL	1	2	2	10	ctg_results_bor_2010_2013.txt::NCT01341457::outcomeMeasures[2]::groups[OG001]	2	2	17	False	NO_CONFLICT_DETECTED	NOT_A_PATIENT_COUNT__NO_CROSS_MEASURE_SUM_EMITTED	DISJOINTNESS_UNVERIFIABLE__NO_participantFlowModule_IN_CACHE
NCT01859741	ctg_results_bor_2010_2013.txt	172	ACTUAL	2	6	6	6	ctg_results_bor_2010_2013.txt::NCT01859741::outcomeMeasures[1]::groups[OG004]	1	6	26	False	NO_CONFLICT_DETECTED	NOT_A_PATIENT_COUNT__NO_CROSS_MEASURE_SUM_EMITTED	DISJOINTNESS_UNVERIFIABLE__NO_participantFlowModule_IN_CACHE
NCT01469000	ctg_results_bor_2010_2013.txt	195	ACTUAL	2	2	4	125	ctg_results_bor_2010_2013.txt::NCT01469000::outcomeMeasures[3]::groups[OG000]	3	2	190	False	NO_CONFLICT_DETECTED	NOT_A_PATIENT_COUNT__NO_CROSS_MEASURE_SUM_EMITTED	DISJOINTNESS_UNVERIFIABLE__NO_participantFlowModule_IN_CACHE
NCT01805037	ctg_results_bor_2010_2013.txt	20	ACTUAL	1	1	2	20	ctg_results_bor_2010_2013.txt::NCT01805037::outcomeMeasures[2]::groups[OG000]	2	1	20	False	NO_CONFLICT_DETECTED	NOT_A_PATIENT_COUNT__NO_CROSS_MEASURE_SUM_EMITTED	DISJOINTNESS_UNVERIFIABLE__NO_participantFlowModule_IN_CACHE
NCT01783444	ctg_results_bor_2010_2013.txt	309	ACTUAL	3	3	6	104	ctg_results_bor_2010_2013.txt::NCT01783444::outcomeMeasures[3]::groups[OG000]	3	3	309	False	NO_CONFLICT_DETECTED	NOT_A_PATIENT_COUNT__NO_CROSS_MEASURE_SUM_EMITTED	DISJOINTNESS_UNVERIFIABLE__NO_participantFlowModule_IN_CACHE
NCT01458249	ctg_results_bor_2010_2013.txt	52	ACTUAL	1	2	8	35	ctg_results_bor_2010_2013.txt::NCT01458249::outcomeMeasures[3]::groups[OG000]	3	2	51	False	NO_CONFLICT_DETECTED	NOT_A_PATIENT_COUNT__NO_CROSS_MEASURE_SUM_EMITTED	DISJOINTNESS_UNVERIFIABLE__NO_participantFlowModule_IN_CACHE
NCT01317420	ctg_results_bor_2010_2013.txt	64	ACTUAL	13	13	26	20	ctg_results_bor_2010_2013.txt::NCT01317420::outcomeMeasures[2]::groups[OG012]	2	13	64	False	NO_CONFLICT_DETECTED	NOT_A_PATIENT_COUNT__NO_CROSS_MEASURE_SUM_EMITTED	DISJOINTNESS_UNVERIFIABLE__NO_participantFlowModule_IN_CACHE
NCT01115803	ctg_results_bor_2010_2013.txt	29	ACTUAL	2	8	14	5	ctg_results_bor_2010_2013.txt::NCT01115803::outcomeMeasures[3]::groups[OG001]	3	7	23	False	NO_CONFLICT_DETECTED	NOT_A_PATIENT_COUNT__NO_CROSS_MEASURE_SUM_EMITTED	DISJOINTNESS_UNVERIFIABLE__NO_participantFlowModule_IN_CACHE
NCT01164891	ctg_results_bor_2010_2013.txt	7	ACTUAL	1	1	1	7	ctg_results_bor_2010_2013.txt::NCT01164891::outcomeMeasures[1]::groups[OG000]	1	1	7	False	NO_CONFLICT_DETECTED	NOT_A_PATIENT_COUNT__NO_CROSS_MEASURE_SUM_EMITTED	DISJOINTNESS_UNVERIFIABLE__NO_participantFlowModule_IN_CACHE
NCT01682135	ctg_results_bor_2010_2013.txt	28	ACTUAL	1	3	3	12	ctg_results_bor_2010_2013.txt::NCT01682135::outcomeMeasures[8]::groups[OG002]	8	3	28	False	NO_CONFLICT_DETECTED	NOT_A_PATIENT_COUNT__NO_CROSS_MEASURE_SUM_EMITTED	DISJOINTNESS_UNVERIFIABLE__NO_participantFlowModule_IN_CACHE
NCT01296932	ctg_results_bor_2010_2013.txt	37	ACTUAL	1	9	9	6	ctg_results_bor_2010_2013.txt::NCT01296932::outcomeMeasures[4]::groups[OG002]	4	9	37	False	NO_CONFLICT_DETECTED	NOT_A_PATIENT_COUNT__NO_CROSS_MEASURE_SUM_EMITTED	DISJOINTNESS_UNVERIFIABLE__NO_participantFlowModule_IN_CACHE
NCT01602315	ctg_results_bor_2010_2013.txt	179	ACTUAL	7	10	14	106	ctg_results_bor_2010_2013.txt::NCT01602315::outcomeMeasures[8]::groups[OG002]	8	3	212	True	WITHIN_MEASURE_SUM_EXCEEDS_ENROLLMENT__POOLED_LABEL_IN_MEASURE	NOT_A_PATIENT_COUNT__NO_CROSS_MEASURE_SUM_EMITTED	DISJOINTNESS_UNVERIFIABLE__NO_participantFlowModule_IN_CACHE
NCT01532089	ctg_results_bor_2010_2013.txt	88	ACTUAL	2	2	2	43	ctg_results_bor_2010_2013.txt::NCT01532089::outcomeMeasures[2]::groups[OG001]	2	2	85	False	NO_CONFLICT_DETECTED	NOT_A_PATIENT_COUNT__NO_CROSS_MEASURE_SUM_EMITTED	DISJOINTNESS_UNVERIFIABLE__NO_participantFlowModule_IN_CACHE
NCT01213472	ctg_results_bor_2010_2013.txt	33	ACTUAL	1	1	2	33	ctg_results_bor_2010_2013.txt::NCT01213472::outcomeMeasures[2]::groups[OG000]	2	1	33	False	NO_CONFLICT_DETECTED	NOT_A_PATIENT_COUNT__NO_CROSS_MEASURE_SUM_EMITTED	DISJOINTNESS_UNVERIFIABLE__NO_participantFlowModule_IN_CACHE
NCT01764022	ctg_results_bor_2010_2013.txt	225	ACTUAL	2	2	6	113	ctg_results_bor_2010_2013.txt::NCT01764022::outcomeMeasures[0]::groups[OG000]	0	2	223	False	NO_CONFLICT_DETECTED	NOT_A_PATIENT_COUNT__NO_CROSS_MEASURE_SUM_EMITTED	DISJOINTNESS_UNVERIFIABLE__NO_participantFlowModule_IN_CACHE
NCT01264380	ctg_results_bor_2010_2013.txt	16	ACTUAL	3	1	1	14	ctg_results_bor_2010_2013.txt::NCT01264380::outcomeMeasures[7]::groups[OG000]	7	1	14	False	NO_CONFLICT_DETECTED	NOT_A_PATIENT_COUNT__NO_CROSS_MEASURE_SUM_EMITTED	DISJOINTNESS_UNVERIFIABLE__NO_participantFlowModule_IN_CACHE
NCT01421017	ctg_results_bor_2010_2013.txt	31	ACTUAL	3	3	5	12	ctg_results_bor_2010_2013.txt::NCT01421017::outcomeMeasures[0]::groups[OG000]	0	3	31	False	NO_CONFLICT_DETECTED	NOT_A_PATIENT_COUNT__NO_CROSS_MEASURE_SUM_EMITTED	DISJOINTNESS_UNVERIFIABLE__NO_participantFlowModule_IN_CACHE
NCT01985763	ctg_results_bor_2010_2013.txt	13	ACTUAL	1	1	4	13	ctg_results_bor_2010_2013.txt::NCT01985763::outcomeMeasures[2]::groups[OG000]	2	1	13	False	NO_CONFLICT_DETECTED	NOT_A_PATIENT_COUNT__NO_CROSS_MEASURE_SUM_EMITTED	DISJOINTNESS_UNVERIFIABLE__NO_participantFlowModule_IN_CACHE
NCT01680991	ctg_results_bor_2010_2013.txt	48	ACTUAL	3	2	2	23	ctg_results_bor_2010_2013.txt::NCT01680991::outcomeMeasures[11]::groups[OG000]	11	2	36	False	NO_CONFLICT_DETECTED	NOT_A_PATIENT_COUNT__NO_CROSS_MEASURE_SUM_EMITTED	DISJOINTNESS_UNVERIFIABLE__NO_participantFlowModule_IN_CACHE
NCT01297491	ctg_results_bor_2010_2013.txt	63	ACTUAL	2	2	4	33	ctg_results_bor_2010_2013.txt::NCT01297491::outcomeMeasures[2]::groups[OG001]	2	2	63	False	NO_CONFLICT_DETECTED	NOT_A_PATIENT_COUNT__NO_CROSS_MEASURE_SUM_EMITTED	DISJOINTNESS_UNVERIFIABLE__NO_participantFlowModule_IN_CACHE
NCT01721746	ctg_results_bor_2010_2013.txt	405	ACTUAL	2	2	4	272	ctg_results_bor_2010_2013.txt::NCT01721746::outcomeMeasures[0]::groups[OG000]	0	2	405	False	NO_CONFLICT_DETECTED	NOT_A_PATIENT_COUNT__NO_CROSS_MEASURE_SUM_EMITTED	DISJOINTNESS_UNVERIFIABLE__NO_participantFlowModule_IN_CACHE
NCT01325441	ctg_results_bor_2010_2013.txt	565	ACTUAL	5	5	10	98	ctg_results_bor_2010_2013.txt::NCT01325441::outcomeMeasures[4]::groups[OG003]	4	5	211	False	NO_CONFLICT_DETECTED	NOT_A_PATIENT_COUNT__NO_CROSS_MEASURE_SUM_EMITTED	DISJOINTNESS_UNVERIFIABLE__NO_participantFlowModule_IN_CACHE
NCT01236352	ctg_results_bor_2010_2013.txt	98	ACTUAL	12	11	11	22	ctg_results_bor_2010_2013.txt::NCT01236352::outcomeMeasures[1]::groups[OG009]	1	11	84	False	NO_CONFLICT_DETECTED	NOT_A_PATIENT_COUNT__NO_CROSS_MEASURE_SUM_EMITTED	DISJOINTNESS_UNVERIFIABLE__NO_participantFlowModule_IN_CACHE
NCT01915498	ctg_results_bor_2010_2013.txt	345	ACTUAL	1	15	29	214	ctg_results_bor_2010_2013.txt::NCT01915498::outcomeMeasures[8]::groups[OG000]	8	1	214	False	NO_CONFLICT_DETECTED	NOT_A_PATIENT_COUNT__NO_CROSS_MEASURE_SUM_EMITTED	DISJOINTNESS_UNVERIFIABLE__NO_participantFlowModule_IN_CACHE
NCT01378975	ctg_results_bor_2010_2013.txt	146	ACTUAL	2	2	10	90	ctg_results_bor_2010_2013.txt::NCT01378975::outcomeMeasures[0]::groups[OG000]	1	2	146	False	NO_CONFLICT_DETECTED	NOT_A_PATIENT_COUNT__NO_CROSS_MEASURE_SUM_EMITTED	DISJOINTNESS_UNVERIFIABLE__NO_participantFlowModule_IN_CACHE
NCT01178086	ctg_results_bor_2010_2013.txt	681	ACTUAL	1	2	2	472	ctg_results_bor_2010_2013.txt::NCT01178086::outcomeMeasures[9]::groups[OG000]	9	2	661	False	NO_CONFLICT_DETECTED	NOT_A_PATIENT_COUNT__NO_CROSS_MEASURE_SUM_EMITTED	DISJOINTNESS_UNVERIFIABLE__NO_participantFlowModule_IN_CACHE
NCT01381874	ctg_results_bor_2010_2013.txt	297	ACTUAL	3	3	6	66	ctg_results_bor_2010_2013.txt::NCT01381874::outcomeMeasures[2]::groups[OG002]	2	3	181	False	NO_CONFLICT_DETECTED	NOT_A_PATIENT_COUNT__NO_CROSS_MEASURE_SUM_EMITTED	DISJOINTNESS_UNVERIFIABLE__NO_participantFlowModule_IN_CACHE
NCT01006980	ctg_results_bor_2010_2013.txt	675	ACTUAL	2	2	2	220	ctg_results_bor_2010_2013.txt::NCT01006980::outcomeMeasures[2]::groups[OG001]	2	2	439	False	NO_CONFLICT_DETECTED	NOT_A_PATIENT_COUNT__NO_CROSS_MEASURE_SUM_EMITTED	DISJOINTNESS_UNVERIFIABLE__NO_participantFlowModule_IN_CACHE
NCT01337050	ctg_results_bor_2010_2013.txt	36	ACTUAL	1	3	3	18	ctg_results_bor_2010_2013.txt::NCT01337050::outcomeMeasures[16]::groups[OG002]	16	3	35	False	NO_CONFLICT_DETECTED	NOT_A_PATIENT_COUNT__NO_CROSS_MEASURE_SUM_EMITTED	DISJOINTNESS_UNVERIFIABLE__NO_participantFlowModule_IN_CACHE
NCT01204710	ctg_results_bor_2010_2013.txt	123	ACTUAL	2	2	2	32	ctg_results_bor_2010_2013.txt::NCT01204710::outcomeMeasures[2]::groups[OG001]	2	2	62	False	NO_CONFLICT_DETECTED	NOT_A_PATIENT_COUNT__NO_CROSS_MEASURE_SUM_EMITTED	DISJOINTNESS_UNVERIFIABLE__NO_participantFlowModule_IN_CACHE
NCT01646203	ctg_results_bor_2010_2013.txt	14	ACTUAL	1	3	3	7	ctg_results_bor_2010_2013.txt::NCT01646203::outcomeMeasures[5]::groups[OG002]	5	3	14	False	NO_CONFLICT_DETECTED	NOT_A_PATIENT_COUNT__NO_CROSS_MEASURE_SUM_EMITTED	DISJOINTNESS_UNVERIFIABLE__NO_participantFlowModule_IN_CACHE
NCT01033240	ctg_results_bor_2010_2013.txt	172	ACTUAL	6	3	3	55	ctg_results_bor_2010_2013.txt::NCT01033240::outcomeMeasures[2]::groups[OG000]	2	3	162	False	NO_CONFLICT_DETECTED	NOT_A_PATIENT_COUNT__NO_CROSS_MEASURE_SUM_EMITTED	DISJOINTNESS_UNVERIFIABLE__NO_participantFlowModule_IN_CACHE
NCT01271725	ctg_results_bor_2010_2013.txt	74	ACTUAL	3	2	8	74	ctg_results_bor_2010_2013.txt::NCT01271725::outcomeMeasures[0]::groups[OG000]	0	2	113	False	WITHIN_MEASURE_SUM_EXCEEDS_ENROLLMENT	NOT_A_PATIENT_COUNT__NO_CROSS_MEASURE_SUM_EMITTED	DISJOINTNESS_UNVERIFIABLE__NO_participantFlowModule_IN_CACHE
NCT01466660	ctg_results_bor_2010_2013.txt	319	ACTUAL	2	2	6	160	ctg_results_bor_2010_2013.txt::NCT01466660::outcomeMeasures[3]::groups[OG000]	3	2	319	False	NO_CONFLICT_DETECTED	NOT_A_PATIENT_COUNT__NO_CROSS_MEASURE_SUM_EMITTED	DISJOINTNESS_UNVERIFIABLE__NO_participantFlowModule_IN_CACHE
NCT01120184	ctg_results_bor_2010_2013.txt	1095	ACTUAL	3	3	15	367	ctg_results_bor_2010_2013.txt::NCT01120184::outcomeMeasures[18]::groups[OG001]	18	3	1095	False	NO_CONFLICT_DETECTED	NOT_A_PATIENT_COUNT__NO_CROSS_MEASURE_SUM_EMITTED	DISJOINTNESS_UNVERIFIABLE__NO_participantFlowModule_IN_CACHE
NCT01718743	ctg_results_bor_2010_2013.txt	64	ACTUAL	1	1	1	64	ctg_results_bor_2010_2013.txt::NCT01718743::outcomeMeasures[1]::groups[OG000]	1	1	64	False	NO_CONFLICT_DETECTED	NOT_A_PATIENT_COUNT__NO_CROSS_MEASURE_SUM_EMITTED	DISJOINTNESS_UNVERIFIABLE__NO_participantFlowModule_IN_CACHE
NCT01077518	ctg_results_bor_2010_2013.txt	346	ACTUAL	2	3	5	173	ctg_results_bor_2010_2013.txt::NCT01077518::outcomeMeasures[2]::groups[OG000]	2	2	346	False	NO_CONFLICT_DETECTED	NOT_A_PATIENT_COUNT__NO_CROSS_MEASURE_SUM_EMITTED	DISJOINTNESS_UNVERIFIABLE__NO_participantFlowModule_IN_CACHE
NCT01543698	ctg_results_bor_2010_2013.txt	189	ACTUAL	2	15	15	42	ctg_results_bor_2010_2013.txt::NCT01543698::outcomeMeasures[2]::groups[OG001]	2	3	110	False	NO_CONFLICT_DETECTED	NOT_A_PATIENT_COUNT__NO_CROSS_MEASURE_SUM_EMITTED	DISJOINTNESS_UNVERIFIABLE__NO_participantFlowModule_IN_CACHE
NCT01139775	ctg_results_bor_2010_2013.txt	76	ACTUAL	3	2	4	39	ctg_results_bor_2010_2013.txt::NCT01139775::outcomeMeasures[3]::groups[OG000]	3	2	62	False	NO_CONFLICT_DETECTED	NOT_A_PATIENT_COUNT__NO_CROSS_MEASURE_SUM_EMITTED	DISJOINTNESS_UNVERIFIABLE__NO_participantFlowModule_IN_CACHE
NCT01055067	ctg_results_bor_2010_2013.txt	27	ACTUAL	1	2	2	27	ctg_results_bor_2010_2013.txt::NCT01055067::outcomeMeasures[0]::groups[OG001]	0	2	48	True	WITHIN_MEASURE_SUM_EXCEEDS_ENROLLMENT__POOLED_LABEL_IN_MEASURE	NOT_A_PATIENT_COUNT__NO_CROSS_MEASURE_SUM_EMITTED	DISJOINTNESS_UNVERIFIABLE__NO_participantFlowModule_IN_CACHE
NCT01183858	ctg_results_bor_2010_2013.txt	315	ACTUAL	2	2	4	159	ctg_results_bor_2010_2013.txt::NCT01183858::outcomeMeasures[2]::groups[OG001]	2	2	313	False	NO_CONFLICT_DETECTED	NOT_A_PATIENT_COUNT__NO_CROSS_MEASURE_SUM_EMITTED	DISJOINTNESS_UNVERIFIABLE__NO_participantFlowModule_IN_CACHE
NCT01491672	ctg_results_bor_2010_2013.txt	134	ACTUAL	1	4	8	134	ctg_results_bor_2010_2013.txt::NCT01491672::outcomeMeasures[3]::groups[OG003]	3	4	268	True	WITHIN_MEASURE_SUM_EXCEEDS_ENROLLMENT__POOLED_LABEL_IN_MEASURE	NOT_A_PATIENT_COUNT__NO_CROSS_MEASURE_SUM_EMITTED	DISJOINTNESS_UNVERIFIABLE__NO_participantFlowModule_IN_CACHE
NCT01107665	ctg_results_bor_2010_2013.txt	60	ACTUAL	1	1	1	60	ctg_results_bor_2010_2013.txt::NCT01107665::outcomeMeasures[3]::groups[OG000]	3	1	60	False	NO_CONFLICT_DETECTED	NOT_A_PATIENT_COUNT__NO_CROSS_MEASURE_SUM_EMITTED	DISJOINTNESS_UNVERIFIABLE__NO_participantFlowModule_IN_CACHE
NCT01773421	ctg_results_bor_2010_2013.txt	45	ACTUAL	2	3	3	18	ctg_results_bor_2010_2013.txt::NCT01773421::outcomeMeasures[4]::groups[OG001]	4	3	36	False	NO_CONFLICT_DETECTED	NOT_A_PATIENT_COUNT__NO_CROSS_MEASURE_SUM_EMITTED	DISJOINTNESS_UNVERIFIABLE__NO_participantFlowModule_IN_CACHE
NCT01891669	ctg_results_bor_2010_2013.txt	26	ACTUAL	1	10	20	6	ctg_results_bor_2010_2013.txt::NCT01891669::outcomeMeasures[8]::groups[OG007]	8	10	26	False	NO_CONFLICT_DETECTED	NOT_A_PATIENT_COUNT__NO_CROSS_MEASURE_SUM_EMITTED	DISJOINTNESS_UNVERIFIABLE__NO_participantFlowModule_IN_CACHE
NCT01454102	ctg_results_bor_2010_2013.txt	472	ACTUAL	19	16	16	52	ctg_results_bor_2010_2013.txt::NCT01454102::outcomeMeasures[4]::groups[OG005]	4	16	376	False	NO_CONFLICT_DETECTED	NOT_A_PATIENT_COUNT__NO_CROSS_MEASURE_SUM_EMITTED	DISJOINTNESS_UNVERIFIABLE__NO_participantFlowModule_IN_CACHE
NCT01136733	ctg_results_bor_2010_2013.txt	173	ACTUAL	3	7	21	52	ctg_results_bor_2010_2013.txt::NCT01136733::outcomeMeasures[4]::groups[OG005]	4	3	153	False	NO_CONFLICT_DETECTED	NOT_A_PATIENT_COUNT__NO_CROSS_MEASURE_SUM_EMITTED	DISJOINTNESS_UNVERIFIABLE__NO_participantFlowModule_IN_CACHE
NCT01177397	ctg_results_bor_2010_2013.txt	226	ACTUAL	1	12	12	53	ctg_results_bor_2010_2013.txt::NCT01177397::outcomeMeasures[18]::groups[OG002]	18	7	198	False	NO_CONFLICT_DETECTED	NOT_A_PATIENT_COUNT__NO_CROSS_MEASURE_SUM_EMITTED	DISJOINTNESS_UNVERIFIABLE__NO_participantFlowModule_IN_CACHE
NCT01738594	ctg_results_bor_2010_2013.txt	7	ACTUAL	2	2	2	0			0	0	False	NO_CONFLICT_DETECTED	NOT_A_PATIENT_COUNT__NO_CROSS_MEASURE_SUM_EMITTED	DISJOINTNESS_UNVERIFIABLE__NO_participantFlowModule_IN_CACHE
NCT01077713	ctg_results_bor_2010_2013.txt	86	ACTUAL	2	2	4	43	ctg_results_bor_2010_2013.txt::NCT01077713::outcomeMeasures[6]::groups[OG000]	6	2	83	False	NO_CONFLICT_DETECTED	NOT_A_PATIENT_COUNT__NO_CROSS_MEASURE_SUM_EMITTED	DISJOINTNESS_UNVERIFIABLE__NO_participantFlowModule_IN_CACHE
NCT01379534	ctg_results_bor_2010_2013.txt	53	ACTUAL	1	2	4	31	ctg_results_bor_2010_2013.txt::NCT01379534::outcomeMeasures[1]::groups[OG001]	1	2	53	False	NO_CONFLICT_DETECTED	NOT_A_PATIENT_COUNT__NO_CROSS_MEASURE_SUM_EMITTED	DISJOINTNESS_UNVERIFIABLE__NO_participantFlowModule_IN_CACHE
NCT01158404	ctg_results_bor_2010_2013.txt	35	ACTUAL	1	8	8	8	ctg_results_bor_2010_2013.txt::NCT01158404::outcomeMeasures[2]::groups[OG007]	2	8	35	False	NO_CONFLICT_DETECTED	NOT_A_PATIENT_COUNT__NO_CROSS_MEASURE_SUM_EMITTED	DISJOINTNESS_UNVERIFIABLE__NO_participantFlowModule_IN_CACHE
NCT01342172	ctg_results_bor_2010_2013.txt	9	ACTUAL	1	1	2	9	ctg_results_bor_2010_2013.txt::NCT01342172::outcomeMeasures[2]::groups[OG000]	2	1	9	False	NO_CONFLICT_DETECTED	NOT_A_PATIENT_COUNT__NO_CROSS_MEASURE_SUM_EMITTED	DISJOINTNESS_UNVERIFIABLE__NO_participantFlowModule_IN_CACHE
NCT01347645	ctg_results_bor_2010_2013.txt	82	ACTUAL	2	2	2	34	ctg_results_bor_2010_2013.txt::NCT01347645::outcomeMeasures[5]::groups[OG000]	5	2	68	False	NO_CONFLICT_DETECTED	NOT_A_PATIENT_COUNT__NO_CROSS_MEASURE_SUM_EMITTED	DISJOINTNESS_UNVERIFIABLE__NO_participantFlowModule_IN_CACHE
NCT01909453	ctg_results_bor_2010_2013.txt	921	ACTUAL	4	6	18	280	ctg_results_bor_2010_2013.txt::NCT01909453::outcomeMeasures[19]::groups[OG005]	19	6	1201	False	WITHIN_MEASURE_SUM_EXCEEDS_ENROLLMENT	NOT_A_PATIENT_COUNT__NO_CROSS_MEASURE_SUM_EMITTED	DISJOINTNESS_UNVERIFIABLE__NO_participantFlowModule_IN_CACHE
NCT01449370	ctg_results_bor_2010_2013.txt	125	ACTUAL	3	25	75	10	ctg_results_bor_2010_2013.txt::NCT01449370::outcomeMeasures[6]::groups[OG008]	6	25	101	False	NO_CONFLICT_DETECTED	NOT_A_PATIENT_COUNT__NO_CROSS_MEASURE_SUM_EMITTED	DISJOINTNESS_UNVERIFIABLE__NO_participantFlowModule_IN_CACHE
NCT01085630	ctg_results_bor_2010_2013.txt	72	ACTUAL	2	2	2	27	ctg_results_bor_2010_2013.txt::NCT01085630::outcomeMeasures[2]::groups[OG001]	2	2	48	False	NO_CONFLICT_DETECTED	NOT_A_PATIENT_COUNT__NO_CROSS_MEASURE_SUM_EMITTED	DISJOINTNESS_UNVERIFIABLE__NO_participantFlowModule_IN_CACHE
NCT01610336	ctg_results_bor_2010_2013.txt	161	ACTUAL	11	2	2	53	ctg_results_bor_2010_2013.txt::NCT01610336::outcomeMeasures[1]::groups[OG000]	1	2	100	False	NO_CONFLICT_DETECTED	NOT_A_PATIENT_COUNT__NO_CROSS_MEASURE_SUM_EMITTED	DISJOINTNESS_UNVERIFIABLE__NO_participantFlowModule_IN_CACHE
NCT01286987	ctg_results_bor_2010_2013.txt	113	ACTUAL	1	7	13	31	ctg_results_bor_2010_2013.txt::NCT01286987::outcomeMeasures[0]::groups[OG001]	0	7	104	False	NO_CONFLICT_DETECTED	NOT_A_PATIENT_COUNT__NO_CROSS_MEASURE_SUM_EMITTED	DISJOINTNESS_UNVERIFIABLE__NO_participantFlowModule_IN_CACHE
NCT00979212	ctg_results_bor_2010_2013.txt	71	ACTUAL	2	2	2	39	ctg_results_bor_2010_2013.txt::NCT00979212::outcomeMeasures[6]::groups[OG001]	6	2	61	False	NO_CONFLICT_DETECTED	NOT_A_PATIENT_COUNT__NO_CROSS_MEASURE_SUM_EMITTED	DISJOINTNESS_UNVERIFIABLE__NO_participantFlowModule_IN_CACHE
NCT01691898	ctg_results_bor_2010_2013.txt	231	ACTUAL	6	5	10	42	ctg_results_bor_2010_2013.txt::NCT01691898::outcomeMeasures[0]::groups[OG000]	0	5	142	False	NO_CONFLICT_DETECTED	NOT_A_PATIENT_COUNT__NO_CROSS_MEASURE_SUM_EMITTED	DISJOINTNESS_UNVERIFIABLE__NO_participantFlowModule_IN_CACHE
NCT01702571	ctg_results_bor_2010_2013.txt	2185	ACTUAL	2	2	2	1613	ctg_results_bor_2010_2013.txt::NCT01702571::outcomeMeasures[5]::groups[OG000]	5	2	1782	False	NO_CONFLICT_DETECTED	NOT_A_PATIENT_COUNT__NO_CROSS_MEASURE_SUM_EMITTED	DISJOINTNESS_UNVERIFIABLE__NO_participantFlowModule_IN_CACHE
NCT01302392	ctg_results_bor_2010_2013.txt	315	ACTUAL	2	2	2	158	ctg_results_bor_2010_2013.txt::NCT01302392::outcomeMeasures[2]::groups[OG000]	2	2	315	False	NO_CONFLICT_DETECTED	NOT_A_PATIENT_COUNT__NO_CROSS_MEASURE_SUM_EMITTED	DISJOINTNESS_UNVERIFIABLE__NO_participantFlowModule_IN_CACHE
NCT01251536	ctg_results_bor_2010_2013.txt	108	ACTUAL	2	4	8	108	ctg_results_bor_2010_2013.txt::NCT01251536::outcomeMeasures[7]::groups[OG003]	7	4	216	False	WITHIN_MEASURE_SUM_EXCEEDS_ENROLLMENT	NOT_A_PATIENT_COUNT__NO_CROSS_MEASURE_SUM_EMITTED	DISJOINTNESS_UNVERIFIABLE__NO_participantFlowModule_IN_CACHE
NCT01658436	ctg_results_bor_2010_2013.txt	31	ACTUAL	1	1	2	31	ctg_results_bor_2010_2013.txt::NCT01658436::outcomeMeasures[1]::groups[OG000]	1	1	31	False	NO_CONFLICT_DETECTED	NOT_A_PATIENT_COUNT__NO_CROSS_MEASURE_SUM_EMITTED	DISJOINTNESS_UNVERIFIABLE__NO_participantFlowModule_IN_CACHE
NCT01646021	ctg_results_bor_2010_2013.txt	280	ACTUAL	2	2	2	141	ctg_results_bor_2010_2013.txt::NCT01646021::outcomeMeasures[1]::groups[OG001]	1	2	280	False	NO_CONFLICT_DETECTED	NOT_A_PATIENT_COUNT__NO_CROSS_MEASURE_SUM_EMITTED	DISJOINTNESS_UNVERIFIABLE__NO_participantFlowModule_IN_CACHE
NCT01084876	ctg_results_bor_2010_2013.txt	475	ACTUAL	2	2	2	244	ctg_results_bor_2010_2013.txt::NCT01084876::outcomeMeasures[0]::groups[OG000]	0	2	475	False	NO_CONFLICT_DETECTED	NOT_A_PATIENT_COUNT__NO_CROSS_MEASURE_SUM_EMITTED	DISJOINTNESS_UNVERIFIABLE__NO_participantFlowModule_IN_CACHE
NCT01957644	ctg_results_bor_2010_2013.txt	16	ACTUAL	3	5	5	6	ctg_results_bor_2010_2013.txt::NCT01957644::outcomeMeasures[2]::groups[OG000]	2	5	15	False	NO_CONFLICT_DETECTED	NOT_A_PATIENT_COUNT__NO_CROSS_MEASURE_SUM_EMITTED	DISJOINTNESS_UNVERIFIABLE__NO_participantFlowModule_IN_CACHE
NCT01739309	ctg_results_bor_2010_2013.txt	28	ACTUAL	1	1	2	28	ctg_results_bor_2010_2013.txt::NCT01739309::outcomeMeasures[0]::groups[OG000]	0	1	28	False	NO_CONFLICT_DETECTED	NOT_A_PATIENT_COUNT__NO_CROSS_MEASURE_SUM_EMITTED	DISJOINTNESS_UNVERIFIABLE__NO_participantFlowModule_IN_CACHE
NCT01814826	ctg_results_bor_2010_2013.txt	64	ACTUAL	1	3	3	28	ctg_results_bor_2010_2013.txt::NCT01814826::outcomeMeasures[25]::groups[OG000]	25	3	54	False	NO_CONFLICT_DETECTED	NOT_A_PATIENT_COUNT__NO_CROSS_MEASURE_SUM_EMITTED	DISJOINTNESS_UNVERIFIABLE__NO_participantFlowModule_IN_CACHE
NCT01563055	ctg_results_bor_2010_2013.txt	10	ACTUAL	1	1	1	10	ctg_results_bor_2010_2013.txt::NCT01563055::outcomeMeasures[1]::groups[OG000]	1	1	10	False	NO_CONFLICT_DETECTED	NOT_A_PATIENT_COUNT__NO_CROSS_MEASURE_SUM_EMITTED	DISJOINTNESS_UNVERIFIABLE__NO_participantFlowModule_IN_CACHE
NCT01881789	ctg_results_bor_2010_2013.txt	22	ACTUAL	6	6	6	7	ctg_results_bor_2010_2013.txt::NCT01881789::outcomeMeasures[3]::groups[OG001]	3	6	21	False	NO_CONFLICT_DETECTED	NOT_A_PATIENT_COUNT__NO_CROSS_MEASURE_SUM_EMITTED	DISJOINTNESS_UNVERIFIABLE__NO_participantFlowModule_IN_CACHE
NCT01223027	ctg_results_bor_2010_2013.txt	564	ACTUAL	2	2	2	286	ctg_results_bor_2010_2013.txt::NCT01223027::outcomeMeasures[3]::groups[OG001]	3	2	570	False	WITHIN_MEASURE_SUM_EXCEEDS_ENROLLMENT	NOT_A_PATIENT_COUNT__NO_CROSS_MEASURE_SUM_EMITTED	DISJOINTNESS_UNVERIFIABLE__NO_participantFlowModule_IN_CACHE
NCT01324830	ctg_results_bor_2010_2013.txt	69	ACTUAL	2	22	44	69	ctg_results_bor_2010_2013.txt::NCT01324830::outcomeMeasures[1]::groups[OG021]	1	22	206	True	WITHIN_MEASURE_SUM_EXCEEDS_ENROLLMENT__POOLED_LABEL_IN_MEASURE	NOT_A_PATIENT_COUNT__NO_CROSS_MEASURE_SUM_EMITTED	DISJOINTNESS_UNVERIFIABLE__NO_participantFlowModule_IN_CACHE
NCT01136967	ctg_results_bor_2010_2013.txt	182	ACTUAL	2	2	6	93	ctg_results_bor_2010_2013.txt::NCT01136967::outcomeMeasures[0]::groups[OG000]	0	2	182	False	NO_CONFLICT_DETECTED	NOT_A_PATIENT_COUNT__NO_CROSS_MEASURE_SUM_EMITTED	DISJOINTNESS_UNVERIFIABLE__NO_participantFlowModule_IN_CACHE
NCT01829711	ctg_results_bor_2010_2013.txt	80	ACTUAL	1	1	4	80	ctg_results_bor_2010_2013.txt::NCT01829711::outcomeMeasures[8]::groups[OG000]	8	1	80	False	NO_CONFLICT_DETECTED	NOT_A_PATIENT_COUNT__NO_CROSS_MEASURE_SUM_EMITTED	DISJOINTNESS_UNVERIFIABLE__NO_participantFlowModule_IN_CACHE
NCT01212107	ctg_results_bor_2010_2013.txt	94	ACTUAL	12	12	12	53	ctg_results_bor_2010_2013.txt::NCT01212107::outcomeMeasures[2]::groups[OG011]	2	12	87	False	NO_CONFLICT_DETECTED	NOT_A_PATIENT_COUNT__NO_CROSS_MEASURE_SUM_EMITTED	DISJOINTNESS_UNVERIFIABLE__NO_participantFlowModule_IN_CACHE
NCT01253564	ctg_results_bor_2010_2013.txt	24	ACTUAL	1	1	1	24	ctg_results_bor_2010_2013.txt::NCT01253564::outcomeMeasures[1]::groups[OG000]	1	1	24	False	NO_CONFLICT_DETECTED	NOT_A_PATIENT_COUNT__NO_CROSS_MEASURE_SUM_EMITTED	DISJOINTNESS_UNVERIFIABLE__NO_participantFlowModule_IN_CACHE
NCT01801111	ctg_results_bor_2010_2013.txt	138	ACTUAL	1	1	8	138	ctg_results_bor_2010_2013.txt::NCT01801111::outcomeMeasures[5]::groups[OG000]	5	1	138	False	NO_CONFLICT_DETECTED	NOT_A_PATIENT_COUNT__NO_CROSS_MEASURE_SUM_EMITTED	DISJOINTNESS_UNVERIFIABLE__NO_participantFlowModule_IN_CACHE
NCT01373164	ctg_results_bor_2010_2013.txt	170	ACTUAL	5	2	2	104	ctg_results_bor_2010_2013.txt::NCT01373164::outcomeMeasures[7]::groups[OG000]	7	2	156	False	NO_CONFLICT_DETECTED	NOT_A_PATIENT_COUNT__NO_CROSS_MEASURE_SUM_EMITTED	DISJOINTNESS_UNVERIFIABLE__NO_participantFlowModule_IN_CACHE
NCT01763164	ctg_results_bor_2010_2013.txt	402	ACTUAL	2	2	6	269	ctg_results_bor_2010_2013.txt::NCT01763164::outcomeMeasures[2]::groups[OG000]	2	2	402	False	NO_CONFLICT_DETECTED	NOT_A_PATIENT_COUNT__NO_CROSS_MEASURE_SUM_EMITTED	DISJOINTNESS_UNVERIFIABLE__NO_participantFlowModule_IN_CACHE
NCT01945710	ctg_results_bor_2010_2013.txt	62	ACTUAL	2	7	28	23	ctg_results_bor_2010_2013.txt::NCT01945710::outcomeMeasures[12]::groups[OG006]	12	7	58	False	NO_CONFLICT_DETECTED	NOT_A_PATIENT_COUNT__NO_CROSS_MEASURE_SUM_EMITTED	DISJOINTNESS_UNVERIFIABLE__NO_participantFlowModule_IN_CACHE
NCT01449461	ctg_results_bor_2010_2013.txt	137	ACTUAL	6	6	18	28	ctg_results_bor_2010_2013.txt::NCT01449461::outcomeMeasures[1]::groups[OG003]	1	6	79	False	NO_CONFLICT_DETECTED	NOT_A_PATIENT_COUNT__NO_CROSS_MEASURE_SUM_EMITTED	DISJOINTNESS_UNVERIFIABLE__NO_participantFlowModule_IN_CACHE
NCT01307397	ctg_results_bor_2010_2013.txt	3219	ACTUAL	1	1	1	2982	ctg_results_bor_2010_2013.txt::NCT01307397::outcomeMeasures[9]::groups[OG000]	9	1	2982	False	NO_CONFLICT_DETECTED	NOT_A_PATIENT_COUNT__NO_CROSS_MEASURE_SUM_EMITTED	DISJOINTNESS_UNVERIFIABLE__NO_participantFlowModule_IN_CACHE
NCT01770353	ctg_results_bor_2010_2013.txt	45	ACTUAL	2	4	9	13	ctg_results_bor_2010_2013.txt::NCT01770353::outcomeMeasures[7]::groups[OG000]	7	4	42	False	NO_CONFLICT_DETECTED	NOT_A_PATIENT_COUNT__NO_CROSS_MEASURE_SUM_EMITTED	DISJOINTNESS_UNVERIFIABLE__NO_participantFlowModule_IN_CACHE
NCT01685138	ctg_results_bor_2010_2013.txt	124	ACTUAL	1	1	5	124	ctg_results_bor_2010_2013.txt::NCT01685138::outcomeMeasures[0]::groups[OG000]	0	1	124	False	NO_CONFLICT_DETECTED	NOT_A_PATIENT_COUNT__NO_CROSS_MEASURE_SUM_EMITTED	DISJOINTNESS_UNVERIFIABLE__NO_participantFlowModule_IN_CACHE
NCT01193868	ctg_results_bor_2010_2013.txt	6	ACTUAL	1	1	1	5	ctg_results_bor_2010_2013.txt::NCT01193868::outcomeMeasures[0]::groups[OG000]	0	1	5	False	NO_CONFLICT_DETECTED	NOT_A_PATIENT_COUNT__NO_CROSS_MEASURE_SUM_EMITTED	DISJOINTNESS_UNVERIFIABLE__NO_participantFlowModule_IN_CACHE
NCT01997333	ctg_results_bor_2010_2013.txt	327	ACTUAL	2	2	2	179	ctg_results_bor_2010_2013.txt::NCT01997333::outcomeMeasures[1]::groups[OG001]	1	2	279	False	NO_CONFLICT_DETECTED	NOT_A_PATIENT_COUNT__NO_CROSS_MEASURE_SUM_EMITTED	DISJOINTNESS_UNVERIFIABLE__NO_participantFlowModule_IN_CACHE
NCT01108341	ctg_results_bor_2010_2013.txt	50	ACTUAL	1	1	2	49	ctg_results_bor_2010_2013.txt::NCT01108341::outcomeMeasures[0]::groups[OG000]	0	1	49	False	NO_CONFLICT_DETECTED	NOT_A_PATIENT_COUNT__NO_CROSS_MEASURE_SUM_EMITTED	DISJOINTNESS_UNVERIFIABLE__NO_participantFlowModule_IN_CACHE
NCT01539824	ctg_results_bor_2010_2013.txt	12	ACTUAL	1	1	2	12	ctg_results_bor_2010_2013.txt::NCT01539824::outcomeMeasures[2]::groups[OG000]	2	1	12	True	NO_CONFLICT_DETECTED	NOT_A_PATIENT_COUNT__NO_CROSS_MEASURE_SUM_EMITTED	DISJOINTNESS_UNVERIFIABLE__NO_participantFlowModule_IN_CACHE
NCT01784861	ctg_results_bor_2010_2013.txt	23	ACTUAL	6	6	6	1	ctg_results_bor_2010_2013.txt::NCT01784861::outcomeMeasures[3]::groups[OG005]	3	1	1	False	NO_CONFLICT_DETECTED	NOT_A_PATIENT_COUNT__NO_CROSS_MEASURE_SUM_EMITTED	DISJOINTNESS_UNVERIFIABLE__NO_participantFlowModule_IN_CACHE
NCT01351623	ctg_results_bor_2010_2013.txt	44	ACTUAL	1	1	1	35	ctg_results_bor_2010_2013.txt::NCT01351623::outcomeMeasures[0]::groups[OG000]	0	1	35	False	NO_CONFLICT_DETECTED	NOT_A_PATIENT_COUNT__NO_CROSS_MEASURE_SUM_EMITTED	DISJOINTNESS_UNVERIFIABLE__NO_participantFlowModule_IN_CACHE
NCT01266018	ctg_results_bor_2010_2013.txt	22	ACTUAL	2	2	2	12	ctg_results_bor_2010_2013.txt::NCT01266018::outcomeMeasures[0]::groups[OG001]	0	2	20	False	NO_CONFLICT_DETECTED	NOT_A_PATIENT_COUNT__NO_CROSS_MEASURE_SUM_EMITTED	DISJOINTNESS_UNVERIFIABLE__NO_participantFlowModule_IN_CACHE
NCT01185366	ctg_results_bor_2010_2013.txt	73	ACTUAL	2	2	2	35	ctg_results_bor_2010_2013.txt::NCT01185366::outcomeMeasures[4]::groups[OG000]	4	2	68	False	NO_CONFLICT_DETECTED	NOT_A_PATIENT_COUNT__NO_CROSS_MEASURE_SUM_EMITTED	DISJOINTNESS_UNVERIFIABLE__NO_participantFlowModule_IN_CACHE
NCT01478594	ctg_results_bor_2010_2013.txt	265	ACTUAL	2	2	2	177	ctg_results_bor_2010_2013.txt::NCT01478594::outcomeMeasures[3]::groups[OG000]	3	2	265	False	NO_CONFLICT_DETECTED	NOT_A_PATIENT_COUNT__NO_CROSS_MEASURE_SUM_EMITTED	DISJOINTNESS_UNVERIFIABLE__NO_participantFlowModule_IN_CACHE
NCT01969565	ctg_results_bor_2010_2013.txt	1	ACTUAL	1	1	1	0			0	0	False	NO_CONFLICT_DETECTED	NOT_A_PATIENT_COUNT__NO_CROSS_MEASURE_SUM_EMITTED	DISJOINTNESS_UNVERIFIABLE__NO_participantFlowModule_IN_CACHE
NCT01788566	ctg_results_bor_2010_2013.txt	61	ACTUAL	1	1	2	54	ctg_results_bor_2010_2013.txt::NCT01788566::outcomeMeasures[0]::groups[OG000]	0	1	54	False	NO_CONFLICT_DETECTED	NOT_A_PATIENT_COUNT__NO_CROSS_MEASURE_SUM_EMITTED	DISJOINTNESS_UNVERIFIABLE__NO_participantFlowModule_IN_CACHE
NCT01411345	ctg_results_bor_2010_2013.txt	37	ACTUAL	3	2	2	20	ctg_results_bor_2010_2013.txt::NCT01411345::outcomeMeasures[0]::groups[OG001]	0	2	35	False	NO_CONFLICT_DETECTED	NOT_A_PATIENT_COUNT__NO_CROSS_MEASURE_SUM_EMITTED	DISJOINTNESS_UNVERIFIABLE__NO_participantFlowModule_IN_CACHE
NCT01928394	ctg_results_bor_2010_2013.txt	1163	ACTUAL	6	25	25	245	ctg_results_bor_2010_2013.txt::NCT01928394::outcomeMeasures[0]::groups[OG017]	0	25	1533	False	WITHIN_MEASURE_SUM_EXCEEDS_ENROLLMENT	NOT_A_PATIENT_COUNT__NO_CROSS_MEASURE_SUM_EMITTED	DISJOINTNESS_UNVERIFIABLE__NO_participantFlowModule_IN_CACHE
NCT01519427	ctg_results_bor_2010_2013.txt	2	ACTUAL	1	1	1	2	ctg_results_bor_2010_2013.txt::NCT01519427::outcomeMeasures[0]::groups[OG000]	0	1	2	False	NO_CONFLICT_DETECTED	NOT_A_PATIENT_COUNT__NO_CROSS_MEASURE_SUM_EMITTED	DISJOINTNESS_UNVERIFIABLE__NO_participantFlowModule_IN_CACHE
NCT01336634	ctg_results_bor_2010_2013.txt	177	ACTUAL	3	4	4	78	ctg_results_bor_2010_2013.txt::NCT01336634::outcomeMeasures[0]::groups[OG000]	0	4	191	False	WITHIN_MEASURE_SUM_EXCEEDS_ENROLLMENT	NOT_A_PATIENT_COUNT__NO_CROSS_MEASURE_SUM_EMITTED	DISJOINTNESS_UNVERIFIABLE__NO_participantFlowModule_IN_CACHE
NCT01018563	ctg_results_bor_2010_2013.txt	3	ACTUAL	1	2	2	2	ctg_results_bor_2010_2013.txt::NCT01018563::outcomeMeasures[5]::groups[OG000]	5	2	3	False	NO_CONFLICT_DETECTED	NOT_A_PATIENT_COUNT__NO_CROSS_MEASURE_SUM_EMITTED	DISJOINTNESS_UNVERIFIABLE__NO_participantFlowModule_IN_CACHE
NCT01673867	ctg_results_bor_2010_2013.txt	582	ACTUAL	2	2	8	292	ctg_results_bor_2010_2013.txt::NCT01673867::outcomeMeasures[1]::groups[OG000]	1	2	582	False	NO_CONFLICT_DETECTED	NOT_A_PATIENT_COUNT__NO_CROSS_MEASURE_SUM_EMITTED	DISJOINTNESS_UNVERIFIABLE__NO_participantFlowModule_IN_CACHE
NCT01132664	ctg_results_bor_2010_2013.txt	72	ACTUAL	2	5	15	50	ctg_results_bor_2010_2013.txt::NCT01132664::outcomeMeasures[1]::groups[OG002]	2	3	67	False	NO_CONFLICT_DETECTED	NOT_A_PATIENT_COUNT__NO_CROSS_MEASURE_SUM_EMITTED	DISJOINTNESS_UNVERIFIABLE__NO_participantFlowModule_IN_CACHE
NCT01968109	ctg_results_bor_2010_2013.txt	1482	ACTUAL	3	16	80	186	ctg_results_bor_2010_2013.txt::NCT01968109::outcomeMeasures[1]::groups[OG009]	1	16	1342	False	NO_CONFLICT_DETECTED	NOT_A_PATIENT_COUNT__NO_CROSS_MEASURE_SUM_EMITTED	DISJOINTNESS_UNVERIFIABLE__NO_participantFlowModule_IN_CACHE
NCT01102426	ctg_results_bor_2010_2013.txt	255	ACTUAL	2	2	12	171	ctg_results_bor_2010_2013.txt::NCT01102426::outcomeMeasures[11]::groups[OG000]	11	2	255	False	NO_CONFLICT_DETECTED	NOT_A_PATIENT_COUNT__NO_CROSS_MEASURE_SUM_EMITTED	DISJOINTNESS_UNVERIFIABLE__NO_participantFlowModule_IN_CACHE
NCT01891344	ctg_results_bor_2010_2013.txt	491	ACTUAL	1	8	16	107	ctg_results_bor_2010_2013.txt::NCT01891344::outcomeMeasures[1]::groups[OG002]	3	8	491	False	NO_CONFLICT_DETECTED	NOT_A_PATIENT_COUNT__NO_CROSS_MEASURE_SUM_EMITTED	DISJOINTNESS_UNVERIFIABLE__NO_participantFlowModule_IN_CACHE
NCT01802632	ctg_results_bor_2010_2013.txt	603	ACTUAL	1	3	4	201	ctg_results_bor_2010_2013.txt::NCT01802632::outcomeMeasures[5]::groups[OG000]	5	1	201	False	NO_CONFLICT_DETECTED	NOT_A_PATIENT_COUNT__NO_CROSS_MEASURE_SUM_EMITTED	DISJOINTNESS_UNVERIFIABLE__NO_participantFlowModule_IN_CACHE
NCT01461044	ctg_results_bor_2010_2013.txt	228	ACTUAL	1	2	2	131	ctg_results_bor_2010_2013.txt::NCT01461044::outcomeMeasures[1]::groups[OG000]	1	2	190	False	NO_CONFLICT_DETECTED	NOT_A_PATIENT_COUNT__NO_CROSS_MEASURE_SUM_EMITTED	DISJOINTNESS_UNVERIFIABLE__NO_participantFlowModule_IN_CACHE
NCT01918306	ctg_results_bor_2010_2013.txt	11	ACTUAL	5	6	6	3	ctg_results_bor_2010_2013.txt::NCT01918306::outcomeMeasures[1]::groups[OG001]	1	3	6	False	NO_CONFLICT_DETECTED	NOT_A_PATIENT_COUNT__NO_CROSS_MEASURE_SUM_EMITTED	DISJOINTNESS_UNVERIFIABLE__NO_participantFlowModule_IN_CACHE
NCT01253668	ctg_results_bor_2010_2013.txt	10	ACTUAL	1	1	2	0			0	0	False	NO_CONFLICT_DETECTED	NOT_A_PATIENT_COUNT__NO_CROSS_MEASURE_SUM_EMITTED	DISJOINTNESS_UNVERIFIABLE__NO_participantFlowModule_IN_CACHE
NCT01199068	ctg_results_bor_2010_2013.txt	15	ACTUAL	1	5	5	12	ctg_results_bor_2010_2013.txt::NCT01199068::outcomeMeasures[4]::groups[OG004]	4	5	34	True	WITHIN_MEASURE_SUM_EXCEEDS_ENROLLMENT__POOLED_LABEL_IN_MEASURE	NOT_A_PATIENT_COUNT__NO_CROSS_MEASURE_SUM_EMITTED	DISJOINTNESS_UNVERIFIABLE__NO_participantFlowModule_IN_CACHE
NCT01983878	ctg_results_bor_2010_2013.txt	36	ACTUAL	1	1	2	36	ctg_results_bor_2010_2013.txt::NCT01983878::outcomeMeasures[2]::groups[OG000]	2	1	36	False	NO_CONFLICT_DETECTED	NOT_A_PATIENT_COUNT__NO_CROSS_MEASURE_SUM_EMITTED	DISJOINTNESS_UNVERIFIABLE__NO_participantFlowModule_IN_CACHE
NCT01324947	ctg_results_bor_2010_2013.txt	74	ACTUAL	1	1	2	74	ctg_results_bor_2010_2013.txt::NCT01324947::outcomeMeasures[0]::groups[OG000]	0	1	74	False	NO_CONFLICT_DETECTED	NOT_A_PATIENT_COUNT__NO_CROSS_MEASURE_SUM_EMITTED	DISJOINTNESS_UNVERIFIABLE__NO_participantFlowModule_IN_CACHE
NCT01588548	ctg_results_bor_2010_2013.txt	43	ACTUAL	1	6	6	7	ctg_results_bor_2010_2013.txt::NCT01588548::outcomeMeasures[0]::groups[OG001]	0	6	33	False	NO_CONFLICT_DETECTED	NOT_A_PATIENT_COUNT__NO_CROSS_MEASURE_SUM_EMITTED	DISJOINTNESS_UNVERIFIABLE__NO_participantFlowModule_IN_CACHE
NCT01085136	ctg_results_bor_2010_2013.txt	1154	ACTUAL	2	3	3	1154	ctg_results_bor_2010_2013.txt::NCT01085136::outcomeMeasures[3]::groups[OG000]	3	1	1154	False	NO_CONFLICT_DETECTED	NOT_A_PATIENT_COUNT__NO_CROSS_MEASURE_SUM_EMITTED	DISJOINTNESS_UNVERIFIABLE__NO_participantFlowModule_IN_CACHE
NCT01121406	ctg_results_bor_2010_2013.txt	110	ACTUAL	2	2	4	55	ctg_results_bor_2010_2013.txt::NCT01121406::outcomeMeasures[0]::groups[OG001]	0	2	109	False	NO_CONFLICT_DETECTED	NOT_A_PATIENT_COUNT__NO_CROSS_MEASURE_SUM_EMITTED	DISJOINTNESS_UNVERIFIABLE__NO_participantFlowModule_IN_CACHE
NCT01730729	ctg_results_bor_2010_2013.txt	20	ACTUAL	1	1	3	19	ctg_results_bor_2010_2013.txt::NCT01730729::outcomeMeasures[9]::groups[OG000]	9	1	19	False	NO_CONFLICT_DETECTED	NOT_A_PATIENT_COUNT__NO_CROSS_MEASURE_SUM_EMITTED	DISJOINTNESS_UNVERIFIABLE__NO_participantFlowModule_IN_CACHE
NCT01268566	ctg_results_bor_2010_2013.txt	62	ACTUAL	1	1	2	56	ctg_results_bor_2010_2013.txt::NCT01268566::outcomeMeasures[1]::groups[OG000]	1	1	56	False	NO_CONFLICT_DETECTED	NOT_A_PATIENT_COUNT__NO_CROSS_MEASURE_SUM_EMITTED	DISJOINTNESS_UNVERIFIABLE__NO_participantFlowModule_IN_CACHE
NCT01982955	ctg_results_bor_2010_2013.txt	88	ACTUAL	5	5	5	31	ctg_results_bor_2010_2013.txt::NCT01982955::outcomeMeasures[35]::groups[OG000]	35	2	55	False	NO_CONFLICT_DETECTED	NOT_A_PATIENT_COUNT__NO_CROSS_MEASURE_SUM_EMITTED	DISJOINTNESS_UNVERIFIABLE__NO_participantFlowModule_IN_CACHE
NCT02472964	ctg_results_bor_2010_2013.txt	500	ACTUAL	2	2	2	230	ctg_results_bor_2010_2013.txt::NCT02472964::outcomeMeasures[0]::groups[OG001]	0	2	458	False	NO_CONFLICT_DETECTED	NOT_A_PATIENT_COUNT__NO_CROSS_MEASURE_SUM_EMITTED	DISJOINTNESS_UNVERIFIABLE__NO_participantFlowModule_IN_CACHE
NCT01527487	ctg_results_bor_2010_2013.txt	76	ACTUAL	2	2	2	34	ctg_results_bor_2010_2013.txt::NCT01527487::outcomeMeasures[2]::groups[OG000]	2	2	51	False	NO_CONFLICT_DETECTED	NOT_A_PATIENT_COUNT__NO_CROSS_MEASURE_SUM_EMITTED	DISJOINTNESS_UNVERIFIABLE__NO_participantFlowModule_IN_CACHE
NCT01091428	ctg_results_bor_2010_2013.txt	191	ACTUAL	4	4	4	67	ctg_results_bor_2010_2013.txt::NCT01091428::outcomeMeasures[19]::groups[OG000]	19	2	131	False	NO_CONFLICT_DETECTED	NOT_A_PATIENT_COUNT__NO_CROSS_MEASURE_SUM_EMITTED	DISJOINTNESS_UNVERIFIABLE__NO_participantFlowModule_IN_CACHE
NCT01523587	ctg_results_bor_2010_2013.txt	795	ACTUAL	2	2	2	398	ctg_results_bor_2010_2013.txt::NCT01523587::outcomeMeasures[2]::groups[OG000]	2	2	795	False	NO_CONFLICT_DETECTED	NOT_A_PATIENT_COUNT__NO_CROSS_MEASURE_SUM_EMITTED	DISJOINTNESS_UNVERIFIABLE__NO_participantFlowModule_IN_CACHE
NCT01910181	ctg_results_bor_2010_2013.txt	46	ACTUAL	2	1	1	46	ctg_results_bor_2010_2013.txt::NCT01910181::outcomeMeasures[15]::groups[OG000]	15	1	46	False	NO_CONFLICT_DETECTED	NOT_A_PATIENT_COUNT__NO_CROSS_MEASURE_SUM_EMITTED	DISJOINTNESS_UNVERIFIABLE__NO_participantFlowModule_IN_CACHE
NCT01225172	ctg_results_bor_2010_2013.txt	77	ACTUAL	2	2	2	0			0	0	False	NO_CONFLICT_DETECTED	NOT_A_PATIENT_COUNT__NO_CROSS_MEASURE_SUM_EMITTED	DISJOINTNESS_UNVERIFIABLE__NO_participantFlowModule_IN_CACHE
NCT01461538	ctg_results_bor_2010_2013.txt	84	ACTUAL	3	2	4	59	ctg_results_bor_2010_2013.txt::NCT01461538::outcomeMeasures[0]::groups[OG000]	0	2	73	False	NO_CONFLICT_DETECTED	NOT_A_PATIENT_COUNT__NO_CROSS_MEASURE_SUM_EMITTED	DISJOINTNESS_UNVERIFIABLE__NO_participantFlowModule_IN_CACHE
NCT01316692	ctg_results_bor_2010_2013.txt	12	ACTUAL	1	1	2	12	ctg_results_bor_2010_2013.txt::NCT01316692::outcomeMeasures[0]::groups[OG000]	0	1	12	False	NO_CONFLICT_DETECTED	NOT_A_PATIENT_COUNT__NO_CROSS_MEASURE_SUM_EMITTED	DISJOINTNESS_UNVERIFIABLE__NO_participantFlowModule_IN_CACHE
NCT01903811	ctg_results_bor_2010_2013.txt	143	ACTUAL	2	2	2	59	ctg_results_bor_2010_2013.txt::NCT01903811::outcomeMeasures[2]::groups[OG000]	2	2	112	False	NO_CONFLICT_DETECTED	NOT_A_PATIENT_COUNT__NO_CROSS_MEASURE_SUM_EMITTED	DISJOINTNESS_UNVERIFIABLE__NO_participantFlowModule_IN_CACHE
NCT01659021	ctg_results_bor_2010_2013.txt	261	ACTUAL	2	2	6	174	ctg_results_bor_2010_2013.txt::NCT01659021::outcomeMeasures[1]::groups[OG000]	1	2	261	False	NO_CONFLICT_DETECTED	NOT_A_PATIENT_COUNT__NO_CROSS_MEASURE_SUM_EMITTED	DISJOINTNESS_UNVERIFIABLE__NO_participantFlowModule_IN_CACHE
NCT01465659	ctg_results_bor_2010_2013.txt	29	ACTUAL	3	2	2	29	ctg_results_bor_2010_2013.txt::NCT01465659::outcomeMeasures[6]::groups[OG000]	6	1	29	False	NO_CONFLICT_DETECTED	NOT_A_PATIENT_COUNT__NO_CROSS_MEASURE_SUM_EMITTED	DISJOINTNESS_UNVERIFIABLE__NO_participantFlowModule_IN_CACHE
NCT01241292	ctg_results_bor_2010_2013.txt	7	ACTUAL	2	2	2	3	ctg_results_bor_2010_2013.txt::NCT01241292::outcomeMeasures[2]::groups[OG000]	2	2	6	False	NO_CONFLICT_DETECTED	NOT_A_PATIENT_COUNT__NO_CROSS_MEASURE_SUM_EMITTED	DISJOINTNESS_UNVERIFIABLE__NO_participantFlowModule_IN_CACHE
NCT01515189	ctg_results_bor_2010_2013.txt	831	ACTUAL	2	2	4	365	ctg_results_bor_2010_2013.txt::NCT01515189::outcomeMeasures[2]::groups[OG000]	2	2	727	False	NO_CONFLICT_DETECTED	NOT_A_PATIENT_COUNT__NO_CROSS_MEASURE_SUM_EMITTED	DISJOINTNESS_UNVERIFIABLE__NO_participantFlowModule_IN_CACHE
NCT01693068	ctg_results_bor_2010_2013.txt	194	ACTUAL	2	2	4	130	ctg_results_bor_2010_2013.txt::NCT01693068::outcomeMeasures[1]::groups[OG001]	1	2	194	False	NO_CONFLICT_DETECTED	NOT_A_PATIENT_COUNT__NO_CROSS_MEASURE_SUM_EMITTED	DISJOINTNESS_UNVERIFIABLE__NO_participantFlowModule_IN_CACHE
NCT01427933	ctg_results_bor_2010_2013.txt	141	ACTUAL	2	2	2	71	ctg_results_bor_2010_2013.txt::NCT01427933::outcomeMeasures[2]::groups[OG000]	2	2	141	False	NO_CONFLICT_DETECTED	NOT_A_PATIENT_COUNT__NO_CROSS_MEASURE_SUM_EMITTED	DISJOINTNESS_UNVERIFIABLE__NO_participantFlowModule_IN_CACHE
NCT01874288	ctg_results_bor_2010_2013.txt	24	ACTUAL	5	5	5	9	ctg_results_bor_2010_2013.txt::NCT01874288::outcomeMeasures[2]::groups[OG002]	2	5	24	False	NO_CONFLICT_DETECTED	NOT_A_PATIENT_COUNT__NO_CROSS_MEASURE_SUM_EMITTED	DISJOINTNESS_UNVERIFIABLE__NO_participantFlowModule_IN_CACHE
NCT01690624	ctg_results_bor_2010_2013.txt	30	ACTUAL	4	3	3	12	ctg_results_bor_2010_2013.txt::NCT01690624::outcomeMeasures[2]::groups[OG000]	2	3	27	False	NO_CONFLICT_DETECTED	NOT_A_PATIENT_COUNT__NO_CROSS_MEASURE_SUM_EMITTED	DISJOINTNESS_UNVERIFIABLE__NO_participantFlowModule_IN_CACHE
NCT01512758	ctg_results_bor_2010_2013.txt	36	ACTUAL	2	2	2	30	ctg_results_bor_2010_2013.txt::NCT01512758::outcomeMeasures[12]::groups[OG000]	12	2	36	False	NO_CONFLICT_DETECTED	NOT_A_PATIENT_COUNT__NO_CROSS_MEASURE_SUM_EMITTED	DISJOINTNESS_UNVERIFIABLE__NO_participantFlowModule_IN_CACHE
NCT01248936	ctg_results_bor_2010_2013.txt	374	ACTUAL	1	1	4	241	ctg_results_bor_2010_2013.txt::NCT01248936::outcomeMeasures[0]::groups[OG000]	0	1	241	True	NO_CONFLICT_DETECTED	NOT_A_PATIENT_COUNT__NO_CROSS_MEASURE_SUM_EMITTED	DISJOINTNESS_UNVERIFIABLE__NO_participantFlowModule_IN_CACHE
NCT01121575	ctg_results_bor_2010_2013.txt	70	ACTUAL	2	6	6	22	ctg_results_bor_2010_2013.txt::NCT01121575::outcomeMeasures[8]::groups[OG000]	8	2	34	False	NO_CONFLICT_DETECTED	NOT_A_PATIENT_COUNT__NO_CROSS_MEASURE_SUM_EMITTED	DISJOINTNESS_UNVERIFIABLE__NO_participantFlowModule_IN_CACHE
NCT01639001	ctg_results_bor_2010_2013.txt	207	ACTUAL	2	2	2	104	ctg_results_bor_2010_2013.txt::NCT01639001::outcomeMeasures[1]::groups[OG000]	1	2	207	False	NO_CONFLICT_DETECTED	NOT_A_PATIENT_COUNT__NO_CROSS_MEASURE_SUM_EMITTED	DISJOINTNESS_UNVERIFIABLE__NO_participantFlowModule_IN_CACHE
NCT01774721	ctg_results_bor_2010_2013.txt	452	ACTUAL	2	2	8	227	ctg_results_bor_2010_2013.txt::NCT01774721::outcomeMeasures[4]::groups[OG000]	4	2	452	False	NO_CONFLICT_DETECTED	NOT_A_PATIENT_COUNT__NO_CROSS_MEASURE_SUM_EMITTED	DISJOINTNESS_UNVERIFIABLE__NO_participantFlowModule_IN_CACHE
NCT01596621	ctg_results_bor_2010_2013.txt	102	ACTUAL	1	1	1	102	ctg_results_bor_2010_2013.txt::NCT01596621::outcomeMeasures[0]::groups[OG000]	0	1	102	False	NO_CONFLICT_DETECTED	NOT_A_PATIENT_COUNT__NO_CROSS_MEASURE_SUM_EMITTED	DISJOINTNESS_UNVERIFIABLE__NO_participantFlowModule_IN_CACHE
NCT00967330	ctg_results_bor_2010_2013.txt	182	ACTUAL	2	2	2	110	ctg_results_bor_2010_2013.txt::NCT00967330::outcomeMeasures[4]::groups[OG000]	4	2	156	False	NO_CONFLICT_DETECTED	NOT_A_PATIENT_COUNT__NO_CROSS_MEASURE_SUM_EMITTED	DISJOINTNESS_UNVERIFIABLE__NO_participantFlowModule_IN_CACHE
NCT01348919	ctg_results_bor_2010_2013.txt	11	ACTUAL	3	1	1	5	ctg_results_bor_2010_2013.txt::NCT01348919::outcomeMeasures[0]::groups[OG000]	0	1	5	False	NO_CONFLICT_DETECTED	NOT_A_PATIENT_COUNT__NO_CROSS_MEASURE_SUM_EMITTED	DISJOINTNESS_UNVERIFIABLE__NO_participantFlowModule_IN_CACHE
NCT02004522	ctg_results_bor_2010_2013.txt	319	ACTUAL	2	2	4	160	ctg_results_bor_2010_2013.txt::NCT02004522::outcomeMeasures[1]::groups[OG000]	1	2	319	False	NO_CONFLICT_DETECTED	NOT_A_PATIENT_COUNT__NO_CROSS_MEASURE_SUM_EMITTED	DISJOINTNESS_UNVERIFIABLE__NO_participantFlowModule_IN_CACHE
NCT01554371	ctg_results_bor_2010_2013.txt	44	ACTUAL	3	1	2	38	ctg_results_bor_2010_2013.txt::NCT01554371::outcomeMeasures[1]::groups[OG000]	1	1	38	False	NO_CONFLICT_DETECTED	NOT_A_PATIENT_COUNT__NO_CROSS_MEASURE_SUM_EMITTED	DISJOINTNESS_UNVERIFIABLE__NO_participantFlowModule_IN_CACHE
NCT01325428	ctg_results_bor_2010_2013.txt	26	ACTUAL	1	2	6	26	ctg_results_bor_2010_2013.txt::NCT01325428::outcomeMeasures[2]::groups[OG000]	2	1	26	False	NO_CONFLICT_DETECTED	NOT_A_PATIENT_COUNT__NO_CROSS_MEASURE_SUM_EMITTED	DISJOINTNESS_UNVERIFIABLE__NO_participantFlowModule_IN_CACHE
NCT01125800	ctg_results_bor_2010_2013.txt	76	ACTUAL	5	2	3	60	ctg_results_bor_2010_2013.txt::NCT01125800::outcomeMeasures[8]::groups[OG000]	8	2	76	False	NO_CONFLICT_DETECTED	NOT_A_PATIENT_COUNT__NO_CROSS_MEASURE_SUM_EMITTED	DISJOINTNESS_UNVERIFIABLE__NO_participantFlowModule_IN_CACHE
NCT01702558	ctg_results_bor_2010_2013.txt	182	ACTUAL	4	2	2	81	ctg_results_bor_2010_2013.txt::NCT01702558::outcomeMeasures[2]::groups[OG000]	2	2	161	False	NO_CONFLICT_DETECTED	NOT_A_PATIENT_COUNT__NO_CROSS_MEASURE_SUM_EMITTED	DISJOINTNESS_UNVERIFIABLE__NO_participantFlowModule_IN_CACHE
NCT01296555	ctg_results_bor_2010_2013.txt	674	ACTUAL	6	1	2	674	ctg_results_bor_2010_2013.txt::NCT01296555::outcomeMeasures[6]::groups[OG000]	6	1	674	False	NO_CONFLICT_DETECTED	NOT_A_PATIENT_COUNT__NO_CROSS_MEASURE_SUM_EMITTED	DISJOINTNESS_UNVERIFIABLE__NO_participantFlowModule_IN_CACHE
NCT01063907	ctg_results_bor_2010_2013.txt	95	ACTUAL	5	6	6	95	ctg_results_bor_2010_2013.txt::NCT01063907::outcomeMeasures[0]::groups[OG000]	0	6	190	False	WITHIN_MEASURE_SUM_EXCEEDS_ENROLLMENT	NOT_A_PATIENT_COUNT__NO_CROSS_MEASURE_SUM_EMITTED	DISJOINTNESS_UNVERIFIABLE__NO_participantFlowModule_IN_CACHE
NCT01313663	ctg_results_bor_2010_2013.txt	20	ACTUAL	2	2	2	11	ctg_results_bor_2010_2013.txt::NCT01313663::outcomeMeasures[2]::groups[OG001]	2	2	20	False	NO_CONFLICT_DETECTED	NOT_A_PATIENT_COUNT__NO_CROSS_MEASURE_SUM_EMITTED	DISJOINTNESS_UNVERIFIABLE__NO_participantFlowModule_IN_CACHE
NCT01133990	ctg_results_bor_2010_2013.txt	5	ACTUAL	3	3	3	0			0	0	False	NO_CONFLICT_DETECTED	NOT_A_PATIENT_COUNT__NO_CROSS_MEASURE_SUM_EMITTED	DISJOINTNESS_UNVERIFIABLE__NO_participantFlowModule_IN_CACHE
NCT01154140	ctg_results_bor_2010_2013.txt	343	ACTUAL	2	2	4	172	ctg_results_bor_2010_2013.txt::NCT01154140::outcomeMeasures[3]::groups[OG000]	3	2	343	False	NO_CONFLICT_DETECTED	NOT_A_PATIENT_COUNT__NO_CROSS_MEASURE_SUM_EMITTED	DISJOINTNESS_UNVERIFIABLE__NO_participantFlowModule_IN_CACHE
NCT01463982	ctg_results_bor_2010_2013.txt	21	ACTUAL	1	4	4	7	ctg_results_bor_2010_2013.txt::NCT01463982::outcomeMeasures[1]::groups[OG001]	1	4	18	False	NO_CONFLICT_DETECTED	NOT_A_PATIENT_COUNT__NO_CROSS_MEASURE_SUM_EMITTED	DISJOINTNESS_UNVERIFIABLE__NO_participantFlowModule_IN_CACHE
NCT01250379	ctg_results_bor_2010_2013.txt	494	ACTUAL	2	2	4	185	ctg_results_bor_2010_2013.txt::NCT01250379::outcomeMeasures[3]::groups[OG000]	3	2	367	False	NO_CONFLICT_DETECTED	NOT_A_PATIENT_COUNT__NO_CROSS_MEASURE_SUM_EMITTED	DISJOINTNESS_UNVERIFIABLE__NO_participantFlowModule_IN_CACHE
NCT01688973	ctg_results_bor_2010_2013.txt	55	ACTUAL	2	2	2	25	ctg_results_bor_2010_2013.txt::NCT01688973::outcomeMeasures[0]::groups[OG000]	0	2	50	False	NO_CONFLICT_DETECTED	NOT_A_PATIENT_COUNT__NO_CROSS_MEASURE_SUM_EMITTED	DISJOINTNESS_UNVERIFIABLE__NO_participantFlowModule_IN_CACHE
NCT01562028	ctg_results_bor_2010_2013.txt	109	ACTUAL	1	2	2	72	ctg_results_bor_2010_2013.txt::NCT01562028::outcomeMeasures[3]::groups[OG001]	3	2	109	False	NO_CONFLICT_DETECTED	NOT_A_PATIENT_COUNT__NO_CROSS_MEASURE_SUM_EMITTED	DISJOINTNESS_UNVERIFIABLE__NO_participantFlowModule_IN_CACHE
NCT01165216	ctg_results_bor_2010_2013.txt	15	ACTUAL	2	2	2	8	ctg_results_bor_2010_2013.txt::NCT01165216::outcomeMeasures[2]::groups[OG000]	2	2	15	False	NO_CONFLICT_DETECTED	NOT_A_PATIENT_COUNT__NO_CROSS_MEASURE_SUM_EMITTED	DISJOINTNESS_UNVERIFIABLE__NO_participantFlowModule_IN_CACHE
NCT01846611	ctg_results_bor_2010_2013.txt	581	ACTUAL	2	2	2	289	ctg_results_bor_2010_2013.txt::NCT01846611::outcomeMeasures[2]::groups[OG000]	2	2	576	False	NO_CONFLICT_DETECTED	NOT_A_PATIENT_COUNT__NO_CROSS_MEASURE_SUM_EMITTED	DISJOINTNESS_UNVERIFIABLE__NO_participantFlowModule_IN_CACHE
NCT02002598	ctg_results_bor_2010_2013.txt	23	ACTUAL	1	1	1	19	ctg_results_bor_2010_2013.txt::NCT02002598::outcomeMeasures[1]::groups[OG000]	1	1	19	False	NO_CONFLICT_DETECTED	NOT_A_PATIENT_COUNT__NO_CROSS_MEASURE_SUM_EMITTED	DISJOINTNESS_UNVERIFIABLE__NO_participantFlowModule_IN_CACHE
NCT01962948	ctg_results_bor_2010_2013.txt	12	ACTUAL	4	1	1	0			0	0	False	NO_CONFLICT_DETECTED	NOT_A_PATIENT_COUNT__NO_CROSS_MEASURE_SUM_EMITTED	DISJOINTNESS_UNVERIFIABLE__NO_participantFlowModule_IN_CACHE
NCT01836029	ctg_results_bor_2010_2013.txt	195	ACTUAL	2	2	2	100	ctg_results_bor_2010_2013.txt::NCT01836029::outcomeMeasures[3]::groups[OG000]	3	2	195	False	NO_CONFLICT_DETECTED	NOT_A_PATIENT_COUNT__NO_CROSS_MEASURE_SUM_EMITTED	DISJOINTNESS_UNVERIFIABLE__NO_participantFlowModule_IN_CACHE
NCT01743469	ctg_results_bor_2010_2013.txt	201	ACTUAL	4	4	5	55	ctg_results_bor_2010_2013.txt::NCT01743469::outcomeMeasures[2]::groups[OG001]	2	4	167	False	NO_CONFLICT_DETECTED	NOT_A_PATIENT_COUNT__NO_CROSS_MEASURE_SUM_EMITTED	DISJOINTNESS_UNVERIFIABLE__NO_participantFlowModule_IN_CACHE
NCT01693562	ctg_results_bor_2010_2013.txt	1022	ACTUAL	23	9	14	275	ctg_results_bor_2010_2013.txt::NCT01693562::outcomeMeasures[11]::groups[OG001]	22	3	389	False	NO_CONFLICT_DETECTED	NOT_A_PATIENT_COUNT__NO_CROSS_MEASURE_SUM_EMITTED	DISJOINTNESS_UNVERIFIABLE__NO_participantFlowModule_IN_CACHE
NCT01300351	ctg_results_bor_2010_2013.txt	249	ACTUAL	2	2	4	111	ctg_results_bor_2010_2013.txt::NCT01300351::outcomeMeasures[2]::groups[OG000]	2	2	221	False	NO_CONFLICT_DETECTED	NOT_A_PATIENT_COUNT__NO_CROSS_MEASURE_SUM_EMITTED	DISJOINTNESS_UNVERIFIABLE__NO_participantFlowModule_IN_CACHE
NCT01288911	ctg_results_bor_2010_2013.txt	375	ACTUAL	2	2	2	191	ctg_results_bor_2010_2013.txt::NCT01288911::outcomeMeasures[10]::groups[OG001]	10	2	375	False	NO_CONFLICT_DETECTED	NOT_A_PATIENT_COUNT__NO_CROSS_MEASURE_SUM_EMITTED	DISJOINTNESS_UNVERIFIABLE__NO_participantFlowModule_IN_CACHE
NCT01059630	ctg_results_bor_2010_2013.txt	413	ACTUAL	2	2	12	209	ctg_results_bor_2010_2013.txt::NCT01059630::outcomeMeasures[4]::groups[OG000]	4	2	413	False	NO_CONFLICT_DETECTED	NOT_A_PATIENT_COUNT__NO_CROSS_MEASURE_SUM_EMITTED	DISJOINTNESS_UNVERIFIABLE__NO_participantFlowModule_IN_CACHE
NCT01222767	ctg_results_bor_2010_2013.txt	17	ACTUAL	1	1	1	16	ctg_results_bor_2010_2013.txt::NCT01222767::outcomeMeasures[0]::groups[OG000]	0	1	16	False	NO_CONFLICT_DETECTED	NOT_A_PATIENT_COUNT__NO_CROSS_MEASURE_SUM_EMITTED	DISJOINTNESS_UNVERIFIABLE__NO_participantFlowModule_IN_CACHE
NCT01058707	ctg_results_bor_2010_2013.txt	198	ACTUAL	7	3	6	36	ctg_results_bor_2010_2013.txt::NCT01058707::outcomeMeasures[3]::groups[OG000]	3	3	72	False	NO_CONFLICT_DETECTED	NOT_A_PATIENT_COUNT__NO_CROSS_MEASURE_SUM_EMITTED	DISJOINTNESS_UNVERIFIABLE__NO_participantFlowModule_IN_CACHE
NCT01708161	ctg_results_bor_2010_2013.txt	47	ACTUAL	1	7	12	33	ctg_results_bor_2010_2013.txt::NCT01708161::outcomeMeasures[3]::groups[OG001]	3	3	47	False	NO_CONFLICT_DETECTED	NOT_A_PATIENT_COUNT__NO_CROSS_MEASURE_SUM_EMITTED	DISJOINTNESS_UNVERIFIABLE__NO_participantFlowModule_IN_CACHE
NCT01877083	ctg_results_bor_2010_2013.txt	25	ACTUAL	1	1	1	25	ctg_results_bor_2010_2013.txt::NCT01877083::outcomeMeasures[0]::groups[OG000]	0	1	25	False	NO_CONFLICT_DETECTED	NOT_A_PATIENT_COUNT__NO_CROSS_MEASURE_SUM_EMITTED	DISJOINTNESS_UNVERIFIABLE__NO_participantFlowModule_IN_CACHE
NCT01750918	ctg_results_bor_2010_2013.txt	166	ACTUAL	9	11	22	50	ctg_results_bor_2010_2013.txt::NCT01750918::outcomeMeasures[1]::groups[OG003]	1	11	166	False	NO_CONFLICT_DETECTED	NOT_A_PATIENT_COUNT__NO_CROSS_MEASURE_SUM_EMITTED	DISJOINTNESS_UNVERIFIABLE__NO_participantFlowModule_IN_CACHE
NCT01199055	ctg_results_bor_2010_2013.txt	16	ACTUAL	1	5	5	14	ctg_results_bor_2010_2013.txt::NCT01199055::outcomeMeasures[4]::groups[OG004]	4	5	39	True	WITHIN_MEASURE_SUM_EXCEEDS_ENROLLMENT__POOLED_LABEL_IN_MEASURE	NOT_A_PATIENT_COUNT__NO_CROSS_MEASURE_SUM_EMITTED	DISJOINTNESS_UNVERIFIABLE__NO_participantFlowModule_IN_CACHE
NCT01439568	ctg_results_bor_2010_2013.txt	90	ACTUAL	2	2	4	47	ctg_results_bor_2010_2013.txt::NCT01439568::outcomeMeasures[1]::groups[OG000]	1	2	89	False	NO_CONFLICT_DETECTED	NOT_A_PATIENT_COUNT__NO_CROSS_MEASURE_SUM_EMITTED	DISJOINTNESS_UNVERIFIABLE__NO_participantFlowModule_IN_CACHE
NCT01752933	ctg_results_bor_2010_2013.txt	52	ACTUAL	1	2	2	41	ctg_results_bor_2010_2013.txt::NCT01752933::outcomeMeasures[0]::groups[OG001]	0	2	45	False	NO_CONFLICT_DETECTED	NOT_A_PATIENT_COUNT__NO_CROSS_MEASURE_SUM_EMITTED	DISJOINTNESS_UNVERIFIABLE__NO_participantFlowModule_IN_CACHE
NCT01349933	ctg_results_bor_2010_2013.txt	21	ACTUAL	1	1	1	21	ctg_results_bor_2010_2013.txt::NCT01349933::outcomeMeasures[1]::groups[OG000]	1	1	21	False	NO_CONFLICT_DETECTED	NOT_A_PATIENT_COUNT__NO_CROSS_MEASURE_SUM_EMITTED	DISJOINTNESS_UNVERIFIABLE__NO_participantFlowModule_IN_CACHE
NCT01874054	ctg_results_bor_2010_2013.txt	55	ACTUAL	1	1	1	53	ctg_results_bor_2010_2013.txt::NCT01874054::outcomeMeasures[3]::groups[OG000]	3	1	53	False	NO_CONFLICT_DETECTED	NOT_A_PATIENT_COUNT__NO_CROSS_MEASURE_SUM_EMITTED	DISJOINTNESS_UNVERIFIABLE__NO_participantFlowModule_IN_CACHE
NCT01966445	ctg_results_bor_2010_2013.txt	29	ACTUAL	2	6	6	14	ctg_results_bor_2010_2013.txt::NCT01966445::outcomeMeasures[16]::groups[OG005]	16	6	29	False	NO_CONFLICT_DETECTED	NOT_A_PATIENT_COUNT__NO_CROSS_MEASURE_SUM_EMITTED	DISJOINTNESS_UNVERIFIABLE__NO_participantFlowModule_IN_CACHE
NCT01577745	ctg_results_bor_2010_2013.txt	58	ACTUAL	6	8	12	6	ctg_results_bor_2010_2013.txt::NCT01577745::outcomeMeasures[12]::groups[OG003]	12	6	25	False	NO_CONFLICT_DETECTED	NOT_A_PATIENT_COUNT__NO_CROSS_MEASURE_SUM_EMITTED	DISJOINTNESS_UNVERIFIABLE__NO_participantFlowModule_IN_CACHE
NCT01655693	ctg_results_bor_2010_2013.txt	397	ACTUAL	3	4	4	263	ctg_results_bor_2010_2013.txt::NCT01655693::outcomeMeasures[2]::groups[OG002]	2	4	660	False	WITHIN_MEASURE_SUM_EXCEEDS_ENROLLMENT	NOT_A_PATIENT_COUNT__NO_CROSS_MEASURE_SUM_EMITTED	DISJOINTNESS_UNVERIFIABLE__NO_participantFlowModule_IN_CACHE
NCT01524978	ctg_results_bor_2010_2013.txt	208	ACTUAL	7	11	22	62	ctg_results_bor_2010_2013.txt::NCT01524978::outcomeMeasures[0]::groups[OG000]	0	11	208	False	NO_CONFLICT_DETECTED	NOT_A_PATIENT_COUNT__NO_CROSS_MEASURE_SUM_EMITTED	DISJOINTNESS_UNVERIFIABLE__NO_participantFlowModule_IN_CACHE
NCT02017015	ctg_results_bor_2010_2013.txt	83	ACTUAL	1	1	1	83	ctg_results_bor_2010_2013.txt::NCT02017015::outcomeMeasures[1]::groups[OG000]	1	1	83	False	NO_CONFLICT_DETECTED	NOT_A_PATIENT_COUNT__NO_CROSS_MEASURE_SUM_EMITTED	DISJOINTNESS_UNVERIFIABLE__NO_participantFlowModule_IN_CACHE
NCT01228734	ctg_results_bor_2010_2013.txt	553	ACTUAL	2	2	2	200	ctg_results_bor_2010_2013.txt::NCT01228734::outcomeMeasures[2]::groups[OG001]	2	2	393	False	NO_CONFLICT_DETECTED	NOT_A_PATIENT_COUNT__NO_CROSS_MEASURE_SUM_EMITTED	DISJOINTNESS_UNVERIFIABLE__NO_participantFlowModule_IN_CACHE
NCT01873833	ctg_results_bor_2010_2013.txt	10	ACTUAL	1	1	2	10	ctg_results_bor_2010_2013.txt::NCT01873833::outcomeMeasures[1]::groups[OG000]	1	1	10	False	NO_CONFLICT_DETECTED	NOT_A_PATIENT_COUNT__NO_CROSS_MEASURE_SUM_EMITTED	DISJOINTNESS_UNVERIFIABLE__NO_participantFlowModule_IN_CACHE
NCT01927341	ctg_results_bor_2010_2013.txt	53	ACTUAL	5	5	10	15	ctg_results_bor_2010_2013.txt::NCT01927341::outcomeMeasures[1]::groups[OG000]	9	5	53	False	NO_CONFLICT_DETECTED	NOT_A_PATIENT_COUNT__NO_CROSS_MEASURE_SUM_EMITTED	DISJOINTNESS_UNVERIFIABLE__NO_participantFlowModule_IN_CACHE
NCT01790503	ctg_results_bor_2010_2013.txt	65	ACTUAL	4	1	1	53	ctg_results_bor_2010_2013.txt::NCT01790503::outcomeMeasures[6]::groups[OG000]	6	1	53	True	NO_CONFLICT_DETECTED	NOT_A_PATIENT_COUNT__NO_CROSS_MEASURE_SUM_EMITTED	DISJOINTNESS_UNVERIFIABLE__NO_participantFlowModule_IN_CACHE
NCT01367665	ctg_results_bor_2010_2013.txt	1232	ACTUAL	2	2	2	1076	ctg_results_bor_2010_2013.txt::NCT01367665::outcomeMeasures[5]::groups[OG000]	5	2	1159	False	NO_CONFLICT_DETECTED	NOT_A_PATIENT_COUNT__NO_CROSS_MEASURE_SUM_EMITTED	DISJOINTNESS_UNVERIFIABLE__NO_participantFlowModule_IN_CACHE
NCT01741792	ctg_results_bor_2010_2013.txt	25	ACTUAL	1	3	12	13	ctg_results_bor_2010_2013.txt::NCT01741792::outcomeMeasures[0]::groups[OG002]	0	3	21	False	NO_CONFLICT_DETECTED	NOT_A_PATIENT_COUNT__NO_CROSS_MEASURE_SUM_EMITTED	DISJOINTNESS_UNVERIFIABLE__NO_participantFlowModule_IN_CACHE
NCT01798485	ctg_results_bor_2010_2013.txt	696	ACTUAL	2	2	8	337	ctg_results_bor_2010_2013.txt::NCT01798485::outcomeMeasures[3]::groups[OG001]	3	2	672	False	NO_CONFLICT_DETECTED	NOT_A_PATIENT_COUNT__NO_CROSS_MEASURE_SUM_EMITTED	DISJOINTNESS_UNVERIFIABLE__NO_participantFlowModule_IN_CACHE
NCT01740297	ctg_results_bor_2010_2013.txt	217	ACTUAL	3	3	9	100	ctg_results_bor_2010_2013.txt::NCT01740297::outcomeMeasures[1]::groups[OG000]	1	2	198	False	NO_CONFLICT_DETECTED	NOT_A_PATIENT_COUNT__NO_CROSS_MEASURE_SUM_EMITTED	DISJOINTNESS_UNVERIFIABLE__NO_participantFlowModule_IN_CACHE
NCT02019277	ctg_results_bor_2010_2013.txt	50	ACTUAL	1	1	1	45	ctg_results_bor_2010_2013.txt::NCT02019277::outcomeMeasures[1]::groups[OG000]	1	1	45	False	NO_CONFLICT_DETECTED	NOT_A_PATIENT_COUNT__NO_CROSS_MEASURE_SUM_EMITTED	DISJOINTNESS_UNVERIFIABLE__NO_participantFlowModule_IN_CACHE
NCT01586195	ctg_results_bor_2010_2013.txt	31	ACTUAL	1	1	1	31	ctg_results_bor_2010_2013.txt::NCT01586195::outcomeMeasures[0]::groups[OG000]	0	1	31	False	NO_CONFLICT_DETECTED	NOT_A_PATIENT_COUNT__NO_CROSS_MEASURE_SUM_EMITTED	DISJOINTNESS_UNVERIFIABLE__NO_participantFlowModule_IN_CACHE
NCT01383928	ctg_results_bor_2010_2013.txt	64	ACTUAL	2	2	2	49	ctg_results_bor_2010_2013.txt::NCT01383928::outcomeMeasures[15]::groups[OG000]	15	1	49	False	NO_CONFLICT_DETECTED	NOT_A_PATIENT_COUNT__NO_CROSS_MEASURE_SUM_EMITTED	DISJOINTNESS_UNVERIFIABLE__NO_participantFlowModule_IN_CACHE
NCT01695135	ctg_results_bor_2010_2013.txt	214	ACTUAL	2	2	2	57	ctg_results_bor_2010_2013.txt::NCT01695135::outcomeMeasures[3]::groups[OG001]	3	2	81	False	NO_CONFLICT_DETECTED	NOT_A_PATIENT_COUNT__NO_CROSS_MEASURE_SUM_EMITTED	DISJOINTNESS_UNVERIFIABLE__NO_participantFlowModule_IN_CACHE
NCT01572038	ctg_results_bor_2010_2013.txt	1436	ACTUAL	1	6	9	1198	ctg_results_bor_2010_2013.txt::NCT01572038::outcomeMeasures[45]::groups[OG000]	45	1	1198	False	NO_CONFLICT_DETECTED	NOT_A_PATIENT_COUNT__NO_CROSS_MEASURE_SUM_EMITTED	DISJOINTNESS_UNVERIFIABLE__NO_participantFlowModule_IN_CACHE
NCT01278615	ctg_results_bor_2010_2013.txt	16	ACTUAL	1	1	2	14	ctg_results_bor_2010_2013.txt::NCT01278615::outcomeMeasures[0]::groups[OG000]	0	1	14	False	NO_CONFLICT_DETECTED	NOT_A_PATIENT_COUNT__NO_CROSS_MEASURE_SUM_EMITTED	DISJOINTNESS_UNVERIFIABLE__NO_participantFlowModule_IN_CACHE
NCT01514448	ctg_results_bor_2010_2013.txt	29	ACTUAL	1	2	2	13	ctg_results_bor_2010_2013.txt::NCT01514448::outcomeMeasures[1]::groups[OG001]	1	2	25	False	NO_CONFLICT_DETECTED	NOT_A_PATIENT_COUNT__NO_CROSS_MEASURE_SUM_EMITTED	DISJOINTNESS_UNVERIFIABLE__NO_participantFlowModule_IN_CACHE
NCT01856478	ctg_results_bor_2010_2013.txt	340	ACTUAL	2	2	2	228	ctg_results_bor_2010_2013.txt::NCT01856478::outcomeMeasures[0]::groups[OG000]	0	2	340	False	NO_CONFLICT_DETECTED	NOT_A_PATIENT_COUNT__NO_CROSS_MEASURE_SUM_EMITTED	DISJOINTNESS_UNVERIFIABLE__NO_participantFlowModule_IN_CACHE
NCT01621490	ctg_results_bor_2010_2013.txt	170	ACTUAL	6	22	23	140	ctg_results_bor_2010_2013.txt::NCT01621490::outcomeMeasures[11]::groups[OG015]	11	16	534	True	WITHIN_MEASURE_SUM_EXCEEDS_ENROLLMENT__POOLED_LABEL_IN_MEASURE	NOT_A_PATIENT_COUNT__NO_CROSS_MEASURE_SUM_EMITTED	DISJOINTNESS_UNVERIFIABLE__NO_participantFlowModule_IN_CACHE
NCT01695772	ctg_results_bor_2010_2013.txt	50	ACTUAL	1	1	1	50	ctg_results_bor_2010_2013.txt::NCT01695772::outcomeMeasures[2]::groups[OG000]	2	1	50	False	NO_CONFLICT_DETECTED	NOT_A_PATIENT_COUNT__NO_CROSS_MEASURE_SUM_EMITTED	DISJOINTNESS_UNVERIFIABLE__NO_participantFlowModule_IN_CACHE
NCT01217957	ctg_results_bor_2010_2013.txt	65	ACTUAL	5	3	4	52	ctg_results_bor_2010_2013.txt::NCT01217957::outcomeMeasures[1]::groups[OG001]	1	2	101	False	WITHIN_MEASURE_SUM_EXCEEDS_ENROLLMENT	NOT_A_PATIENT_COUNT__NO_CROSS_MEASURE_SUM_EMITTED	DISJOINTNESS_UNVERIFIABLE__NO_participantFlowModule_IN_CACHE
NCT01927419	ctg_results_bor_2010_2013.txt	142	ACTUAL	2	2	4	73	ctg_results_bor_2010_2013.txt::NCT01927419::outcomeMeasures[0]::groups[OG000]	0	2	110	False	NO_CONFLICT_DETECTED	NOT_A_PATIENT_COUNT__NO_CROSS_MEASURE_SUM_EMITTED	DISJOINTNESS_UNVERIFIABLE__NO_participantFlowModule_IN_CACHE
NCT01147822	ctg_results_bor_2010_2013.txt	367	ACTUAL	2	2	2	188	ctg_results_bor_2010_2013.txt::NCT01147822::outcomeMeasures[2]::groups[OG000]	2	2	367	False	NO_CONFLICT_DETECTED	NOT_A_PATIENT_COUNT__NO_CROSS_MEASURE_SUM_EMITTED	DISJOINTNESS_UNVERIFIABLE__NO_participantFlowModule_IN_CACHE
NCT01649271	ctg_results_bor_2010_2013.txt	13	ACTUAL	3	2	4	7	ctg_results_bor_2010_2013.txt::NCT01649271::outcomeMeasures[2]::groups[OG001]	2	2	13	False	NO_CONFLICT_DETECTED	NOT_A_PATIENT_COUNT__NO_CROSS_MEASURE_SUM_EMITTED	DISJOINTNESS_UNVERIFIABLE__NO_participantFlowModule_IN_CACHE
NCT01703754	ctg_results_bor_2010_2013.txt	12	ACTUAL	2	3	6	4	ctg_results_bor_2010_2013.txt::NCT01703754::outcomeMeasures[2]::groups[OG000]	2	3	8	False	NO_CONFLICT_DETECTED	NOT_A_PATIENT_COUNT__NO_CROSS_MEASURE_SUM_EMITTED	DISJOINTNESS_UNVERIFIABLE__NO_participantFlowModule_IN_CACHE
NCT01421667	ctg_results_bor_2010_2013.txt	176	ACTUAL	2	5	9	52	ctg_results_bor_2010_2013.txt::NCT01421667::outcomeMeasures[0]::groups[OG003]	0	4	153	False	NO_CONFLICT_DETECTED	NOT_A_PATIENT_COUNT__NO_CROSS_MEASURE_SUM_EMITTED	DISJOINTNESS_UNVERIFIABLE__NO_participantFlowModule_IN_CACHE
NCT01687400	ctg_results_bor_2010_2013.txt	114	ACTUAL	1	2	2	64	ctg_results_bor_2010_2013.txt::NCT01687400::outcomeMeasures[0]::groups[OG000]	0	2	86	False	NO_CONFLICT_DETECTED	NOT_A_PATIENT_COUNT__NO_CROSS_MEASURE_SUM_EMITTED	DISJOINTNESS_UNVERIFIABLE__NO_participantFlowModule_IN_CACHE
NCT01420081	ctg_results_bor_2010_2013.txt	67	ACTUAL	3	5	5	38	ctg_results_bor_2010_2013.txt::NCT01420081::outcomeMeasures[3]::groups[OG002]	3	3	76	False	WITHIN_MEASURE_SUM_EXCEEDS_ENROLLMENT	NOT_A_PATIENT_COUNT__NO_CROSS_MEASURE_SUM_EMITTED	DISJOINTNESS_UNVERIFIABLE__NO_participantFlowModule_IN_CACHE
NCT01325701	ctg_results_bor_2010_2013.txt	78	ACTUAL	2	2	2	70	ctg_results_bor_2010_2013.txt::NCT01325701::outcomeMeasures[0]::groups[OG000]	0	2	78	False	NO_CONFLICT_DETECTED	NOT_A_PATIENT_COUNT__NO_CROSS_MEASURE_SUM_EMITTED	DISJOINTNESS_UNVERIFIABLE__NO_participantFlowModule_IN_CACHE
NCT01728623	ctg_results_bor_2010_2013.txt	51	ACTUAL	1	3	12	25	ctg_results_bor_2010_2013.txt::NCT01728623::outcomeMeasures[3]::groups[OG000]	3	3	51	False	NO_CONFLICT_DETECTED	NOT_A_PATIENT_COUNT__NO_CROSS_MEASURE_SUM_EMITTED	DISJOINTNESS_UNVERIFIABLE__NO_participantFlowModule_IN_CACHE
NCT01901653	ctg_results_bor_2010_2013.txt	82	ACTUAL	1	2	4	67	ctg_results_bor_2010_2013.txt::NCT01901653::outcomeMeasures[1]::groups[OG000]	1	2	75	False	NO_CONFLICT_DETECTED	NOT_A_PATIENT_COUNT__NO_CROSS_MEASURE_SUM_EMITTED	DISJOINTNESS_UNVERIFIABLE__NO_participantFlowModule_IN_CACHE
NCT01714739	ctg_results_bor_2010_2013.txt	337	ACTUAL	4	7	9	287	ctg_results_bor_2010_2013.txt::NCT01714739::outcomeMeasures[5]::groups[OG003]	5	7	337	False	NO_CONFLICT_DETECTED	NOT_A_PATIENT_COUNT__NO_CROSS_MEASURE_SUM_EMITTED	DISJOINTNESS_UNVERIFIABLE__NO_participantFlowModule_IN_CACHE
NCT01670877	ctg_results_bor_2010_2013.txt	56	ACTUAL	6	6	30	21	ctg_results_bor_2010_2013.txt::NCT01670877::outcomeMeasures[3]::groups[OG003]	3	1	21	False	NO_CONFLICT_DETECTED	NOT_A_PATIENT_COUNT__NO_CROSS_MEASURE_SUM_EMITTED	DISJOINTNESS_UNVERIFIABLE__NO_participantFlowModule_IN_CACHE
NCT01374451	ctg_results_bor_2010_2013.txt	160	ACTUAL	2	2	4	81	ctg_results_bor_2010_2013.txt::NCT01374451::outcomeMeasures[2]::groups[OG001]	2	2	160	False	NO_CONFLICT_DETECTED	NOT_A_PATIENT_COUNT__NO_CROSS_MEASURE_SUM_EMITTED	DISJOINTNESS_UNVERIFIABLE__NO_participantFlowModule_IN_CACHE
NCT01938001	ctg_results_bor_2010_2013.txt	358	ACTUAL	2	2	6	180	ctg_results_bor_2010_2013.txt::NCT01938001::outcomeMeasures[1]::groups[OG001]	1	2	358	False	NO_CONFLICT_DETECTED	NOT_A_PATIENT_COUNT__NO_CROSS_MEASURE_SUM_EMITTED	DISJOINTNESS_UNVERIFIABLE__NO_participantFlowModule_IN_CACHE
NCT01794520	ctg_results_bor_2010_2013.txt	117	ACTUAL	7	7	8	36	ctg_results_bor_2010_2013.txt::NCT01794520::outcomeMeasures[6]::groups[OG004]	6	6	86	False	NO_CONFLICT_DETECTED	NOT_A_PATIENT_COUNT__NO_CROSS_MEASURE_SUM_EMITTED	DISJOINTNESS_UNVERIFIABLE__NO_participantFlowModule_IN_CACHE
NCT01496313	ctg_results_bor_2010_2013.txt	81	ACTUAL	2	2	8	41	ctg_results_bor_2010_2013.txt::NCT01496313::outcomeMeasures[0]::groups[OG001]	0	2	81	False	NO_CONFLICT_DETECTED	NOT_A_PATIENT_COUNT__NO_CROSS_MEASURE_SUM_EMITTED	DISJOINTNESS_UNVERIFIABLE__NO_participantFlowModule_IN_CACHE
NCT01849874	ctg_results_bor_2010_2013.txt	341	ACTUAL	2	2	4	198	ctg_results_bor_2010_2013.txt::NCT01849874::outcomeMeasures[2]::groups[OG000]	2	2	299	False	NO_CONFLICT_DETECTED	NOT_A_PATIENT_COUNT__NO_CROSS_MEASURE_SUM_EMITTED	DISJOINTNESS_UNVERIFIABLE__NO_participantFlowModule_IN_CACHE
NCT01138046	ctg_results_bor_2010_2013.txt	12	ACTUAL	1	1	1	12	ctg_results_bor_2010_2013.txt::NCT01138046::outcomeMeasures[5]::groups[OG000]	5	1	12	False	NO_CONFLICT_DETECTED	NOT_A_PATIENT_COUNT__NO_CROSS_MEASURE_SUM_EMITTED	DISJOINTNESS_UNVERIFIABLE__NO_participantFlowModule_IN_CACHE
NCT01125293	ctg_results_bor_2010_2013.txt	46	ACTUAL	6	1	1	23	ctg_results_bor_2010_2013.txt::NCT01125293::outcomeMeasures[5]::groups[OG000]	5	1	23	False	NO_CONFLICT_DETECTED	NOT_A_PATIENT_COUNT__NO_CROSS_MEASURE_SUM_EMITTED	DISJOINTNESS_UNVERIFIABLE__NO_participantFlowModule_IN_CACHE
NCT01597388	ctg_results_bor_2010_2013.txt	99	ACTUAL	1	9	27	37	ctg_results_bor_2010_2013.txt::NCT01597388::outcomeMeasures[31]::groups[OG004]	31	9	100	False	WITHIN_MEASURE_SUM_EXCEEDS_ENROLLMENT	NOT_A_PATIENT_COUNT__NO_CROSS_MEASURE_SUM_EMITTED	DISJOINTNESS_UNVERIFIABLE__NO_participantFlowModule_IN_CACHE
NCT01175980	ctg_results_bor_2010_2013.txt	30	ACTUAL	1	1	1	30	ctg_results_bor_2010_2013.txt::NCT01175980::outcomeMeasures[0]::groups[OG000]	0	1	30	False	NO_CONFLICT_DETECTED	NOT_A_PATIENT_COUNT__NO_CROSS_MEASURE_SUM_EMITTED	DISJOINTNESS_UNVERIFIABLE__NO_participantFlowModule_IN_CACHE
NCT01280643	ctg_results_bor_2010_2013.txt	3	ACTUAL	9	9	9	0			0	0	False	NO_CONFLICT_DETECTED	NOT_A_PATIENT_COUNT__NO_CROSS_MEASURE_SUM_EMITTED	DISJOINTNESS_UNVERIFIABLE__NO_participantFlowModule_IN_CACHE
NCT01190449	ctg_results_bor_2010_2013.txt	51	ACTUAL	2	2	2	32	ctg_results_bor_2010_2013.txt::NCT01190449::outcomeMeasures[0]::groups[OG001]	0	2	47	False	NO_CONFLICT_DETECTED	NOT_A_PATIENT_COUNT__NO_CROSS_MEASURE_SUM_EMITTED	DISJOINTNESS_UNVERIFIABLE__NO_participantFlowModule_IN_CACHE
NCT01733238	ctg_results_bor_2010_2013.txt	13	ACTUAL	1	1	1	13	ctg_results_bor_2010_2013.txt::NCT01733238::outcomeMeasures[0]::groups[OG000]	0	1	13	False	NO_CONFLICT_DETECTED	NOT_A_PATIENT_COUNT__NO_CROSS_MEASURE_SUM_EMITTED	DISJOINTNESS_UNVERIFIABLE__NO_participantFlowModule_IN_CACHE
NCT01907815	ctg_results_bor_2010_2013.txt	24	ACTUAL	1	2	2	16	ctg_results_bor_2010_2013.txt::NCT01907815::outcomeMeasures[0]::groups[OG000]	0	2	23	False	NO_CONFLICT_DETECTED	NOT_A_PATIENT_COUNT__NO_CROSS_MEASURE_SUM_EMITTED	DISJOINTNESS_UNVERIFIABLE__NO_participantFlowModule_IN_CACHE
NCT01440816	ctg_results_bor_2010_2013.txt	15	ACTUAL	2	1	1	12	ctg_results_bor_2010_2013.txt::NCT01440816::outcomeMeasures[2]::groups[OG000]	2	1	12	False	NO_CONFLICT_DETECTED	NOT_A_PATIENT_COUNT__NO_CROSS_MEASURE_SUM_EMITTED	DISJOINTNESS_UNVERIFIABLE__NO_participantFlowModule_IN_CACHE
NCT01995513	ctg_results_bor_2010_2013.txt	509	ACTUAL	2	2	4	124	ctg_results_bor_2010_2013.txt::NCT01995513::outcomeMeasures[2]::groups[OG000]	2	2	246	False	NO_CONFLICT_DETECTED	NOT_A_PATIENT_COUNT__NO_CROSS_MEASURE_SUM_EMITTED	DISJOINTNESS_UNVERIFIABLE__NO_participantFlowModule_IN_CACHE
NCT01000285	ctg_results_bor_2010_2013.txt	18	ACTUAL	1	1	1	18	ctg_results_bor_2010_2013.txt::NCT01000285::outcomeMeasures[1]::groups[OG000]	1	1	18	False	NO_CONFLICT_DETECTED	NOT_A_PATIENT_COUNT__NO_CROSS_MEASURE_SUM_EMITTED	DISJOINTNESS_UNVERIFIABLE__NO_participantFlowModule_IN_CACHE
NCT01990352	ctg_results_bor_2010_2013.txt	24	ACTUAL	1	1	1	0			0	0	False	NO_CONFLICT_DETECTED	NOT_A_PATIENT_COUNT__NO_CROSS_MEASURE_SUM_EMITTED	DISJOINTNESS_UNVERIFIABLE__NO_participantFlowModule_IN_CACHE
NCT01746225	ctg_results_bor_2010_2013.txt	258	ACTUAL	3	3	6	86	ctg_results_bor_2010_2013.txt::NCT01746225::outcomeMeasures[2]::groups[OG001]	2	3	255	False	NO_CONFLICT_DETECTED	NOT_A_PATIENT_COUNT__NO_CROSS_MEASURE_SUM_EMITTED	DISJOINTNESS_UNVERIFIABLE__NO_participantFlowModule_IN_CACHE
NCT01885195	ctg_results_bor_2010_2013.txt	110	ACTUAL	1	1	4	104	ctg_results_bor_2010_2013.txt::NCT01885195::outcomeMeasures[0]::groups[OG000]	0	1	104	False	NO_CONFLICT_DETECTED	NOT_A_PATIENT_COUNT__NO_CROSS_MEASURE_SUM_EMITTED	DISJOINTNESS_UNVERIFIABLE__NO_participantFlowModule_IN_CACHE
NCT01778530	ctg_results_bor_2010_2013.txt	2	ACTUAL	1	1	1	0			0	0	False	NO_CONFLICT_DETECTED	NOT_A_PATIENT_COUNT__NO_CROSS_MEASURE_SUM_EMITTED	DISJOINTNESS_UNVERIFIABLE__NO_participantFlowModule_IN_CACHE
NCT01896505	ctg_results_bor_2010_2013.txt	54	ACTUAL	6	3	3	23	ctg_results_bor_2010_2013.txt::NCT01896505::outcomeMeasures[7]::groups[OG002]	7	3	54	False	NO_CONFLICT_DETECTED	NOT_A_PATIENT_COUNT__NO_CROSS_MEASURE_SUM_EMITTED	DISJOINTNESS_UNVERIFIABLE__NO_participantFlowModule_IN_CACHE
NCT01232556	ctg_results_bor_2010_2013.txt	338	ACTUAL	2	2	4	172	ctg_results_bor_2010_2013.txt::NCT01232556::outcomeMeasures[2]::groups[OG001]	2	2	338	False	NO_CONFLICT_DETECTED	NOT_A_PATIENT_COUNT__NO_CROSS_MEASURE_SUM_EMITTED	DISJOINTNESS_UNVERIFIABLE__NO_participantFlowModule_IN_CACHE
NCT01782690	ctg_results_bor_2010_2013.txt	338	ACTUAL	1	1	1	270	ctg_results_bor_2010_2013.txt::NCT01782690::outcomeMeasures[7]::groups[OG000]	7	1	270	False	NO_CONFLICT_DETECTED	NOT_A_PATIENT_COUNT__NO_CROSS_MEASURE_SUM_EMITTED	DISJOINTNESS_UNVERIFIABLE__NO_participantFlowModule_IN_CACHE
NCT01945021	ctg_results_bor_2010_2013.txt	129	ACTUAL	1	1	2	127	ctg_results_bor_2010_2013.txt::NCT01945021::outcomeMeasures[0]::groups[OG000]	0	1	127	False	NO_CONFLICT_DETECTED	NOT_A_PATIENT_COUNT__NO_CROSS_MEASURE_SUM_EMITTED	DISJOINTNESS_UNVERIFIABLE__NO_participantFlowModule_IN_CACHE
NCT01127178	ctg_results_bor_2010_2013.txt	12	ACTUAL	1	2	4	9	ctg_results_bor_2010_2013.txt::NCT01127178::outcomeMeasures[3]::groups[OG000]	3	2	12	False	NO_CONFLICT_DETECTED	NOT_A_PATIENT_COUNT__NO_CROSS_MEASURE_SUM_EMITTED	DISJOINTNESS_UNVERIFIABLE__NO_participantFlowModule_IN_CACHE
NCT01356628	ctg_results_bor_2010_2013.txt	23	ACTUAL	1	1	1	19	ctg_results_bor_2010_2013.txt::NCT01356628::outcomeMeasures[3]::groups[OG000]	3	1	19	False	NO_CONFLICT_DETECTED	NOT_A_PATIENT_COUNT__NO_CROSS_MEASURE_SUM_EMITTED	DISJOINTNESS_UNVERIFIABLE__NO_participantFlowModule_IN_CACHE
NCT01943864	ctg_results_bor_2010_2013.txt	20	ACTUAL	3	1	2	20	ctg_results_bor_2010_2013.txt::NCT01943864::outcomeMeasures[19]::groups[OG000]	19	1	20	False	NO_CONFLICT_DETECTED	NOT_A_PATIENT_COUNT__NO_CROSS_MEASURE_SUM_EMITTED	DISJOINTNESS_UNVERIFIABLE__NO_participantFlowModule_IN_CACHE
NCT01696045	ctg_results_bor_2010_2013.txt	14	ACTUAL	2	2	4	8	ctg_results_bor_2010_2013.txt::NCT01696045::outcomeMeasures[2]::groups[OG001]	2	2	12	False	NO_CONFLICT_DETECTED	NOT_A_PATIENT_COUNT__NO_CROSS_MEASURE_SUM_EMITTED	DISJOINTNESS_UNVERIFIABLE__NO_participantFlowModule_IN_CACHE
NCT01391130	ctg_results_bor_2010_2013.txt	110	ACTUAL	2	2	4	72	ctg_results_bor_2010_2013.txt::NCT01391130::outcomeMeasures[1]::groups[OG000]	1	2	108	False	NO_CONFLICT_DETECTED	NOT_A_PATIENT_COUNT__NO_CROSS_MEASURE_SUM_EMITTED	DISJOINTNESS_UNVERIFIABLE__NO_participantFlowModule_IN_CACHE
NCT01990859	ctg_results_bor_2010_2013.txt	20	ACTUAL	1	1	2	20	ctg_results_bor_2010_2013.txt::NCT01990859::outcomeMeasures[6]::groups[OG000]	6	1	20	False	NO_CONFLICT_DETECTED	NOT_A_PATIENT_COUNT__NO_CROSS_MEASURE_SUM_EMITTED	DISJOINTNESS_UNVERIFIABLE__NO_participantFlowModule_IN_CACHE
NCT01378962	ctg_results_bor_2010_2013.txt	50	ACTUAL	1	1	3	50	ctg_results_bor_2010_2013.txt::NCT01378962::outcomeMeasures[3]::groups[OG000]	3	1	50	False	NO_CONFLICT_DETECTED	NOT_A_PATIENT_COUNT__NO_CROSS_MEASURE_SUM_EMITTED	DISJOINTNESS_UNVERIFIABLE__NO_participantFlowModule_IN_CACHE
NCT01032070	ctg_results_bor_2010_2013.txt	25	ACTUAL	2	2	2	13	ctg_results_bor_2010_2013.txt::NCT01032070::outcomeMeasures[0]::groups[OG000]	0	2	25	False	NO_CONFLICT_DETECTED	NOT_A_PATIENT_COUNT__NO_CROSS_MEASURE_SUM_EMITTED	DISJOINTNESS_UNVERIFIABLE__NO_participantFlowModule_IN_CACHE
NCT01721603	ctg_results_bor_2010_2013.txt	2	ACTUAL	1	1	2	2	ctg_results_bor_2010_2013.txt::NCT01721603::outcomeMeasures[2]::groups[OG000]	2	1	2	False	NO_CONFLICT_DETECTED	NOT_A_PATIENT_COUNT__NO_CROSS_MEASURE_SUM_EMITTED	DISJOINTNESS_UNVERIFIABLE__NO_participantFlowModule_IN_CACHE
NCT01081041	ctg_results_bor_2010_2013.txt	187	ACTUAL	3	3	6	77	ctg_results_bor_2010_2013.txt::NCT01081041::outcomeMeasures[4]::groups[OG001]	4	3	181	False	NO_CONFLICT_DETECTED	NOT_A_PATIENT_COUNT__NO_CROSS_MEASURE_SUM_EMITTED	DISJOINTNESS_UNVERIFIABLE__NO_participantFlowModule_IN_CACHE
NCT01612546	ctg_results_bor_2010_2013.txt	10	ACTUAL	1	1	2	10	ctg_results_bor_2010_2013.txt::NCT01612546::outcomeMeasures[1]::groups[OG000]	1	1	10	False	NO_CONFLICT_DETECTED	NOT_A_PATIENT_COUNT__NO_CROSS_MEASURE_SUM_EMITTED	DISJOINTNESS_UNVERIFIABLE__NO_participantFlowModule_IN_CACHE
NCT01740427	ctg_results_bor_2010_2013.txt	666	ACTUAL	2	2	4	444	ctg_results_bor_2010_2013.txt::NCT01740427::outcomeMeasures[1]::groups[OG000]	1	2	666	False	NO_CONFLICT_DETECTED	NOT_A_PATIENT_COUNT__NO_CROSS_MEASURE_SUM_EMITTED	DISJOINTNESS_UNVERIFIABLE__NO_participantFlowModule_IN_CACHE
NCT01416389	ctg_results_bor_2010_2013.txt	39	ACTUAL	2	2	4	26	ctg_results_bor_2010_2013.txt::NCT01416389::outcomeMeasures[1]::groups[OG000]	1	2	39	False	NO_CONFLICT_DETECTED	NOT_A_PATIENT_COUNT__NO_CROSS_MEASURE_SUM_EMITTED	DISJOINTNESS_UNVERIFIABLE__NO_participantFlowModule_IN_CACHE
NCT01742286	ctg_results_bor_2010_2013.txt	83	ACTUAL	1	4	4	30	ctg_results_bor_2010_2013.txt::NCT01742286::outcomeMeasures[1]::groups[OG000]	1	4	55	False	NO_CONFLICT_DETECTED	NOT_A_PATIENT_COUNT__NO_CROSS_MEASURE_SUM_EMITTED	DISJOINTNESS_UNVERIFIABLE__NO_participantFlowModule_IN_CACHE
NCT01519323	ctg_results_bor_2010_2013.txt	6	ACTUAL	1	1	2	6	ctg_results_bor_2010_2013.txt::NCT01519323::outcomeMeasures[3]::groups[OG000]	3	1	6	False	NO_CONFLICT_DETECTED	NOT_A_PATIENT_COUNT__NO_CROSS_MEASURE_SUM_EMITTED	DISJOINTNESS_UNVERIFIABLE__NO_participantFlowModule_IN_CACHE
NCT01137604	ctg_results_bor_2010_2013.txt	151	ACTUAL	3	4	12	42	ctg_results_bor_2010_2013.txt::NCT01137604::outcomeMeasures[0]::groups[OG001]	0	4	151	False	NO_CONFLICT_DETECTED	NOT_A_PATIENT_COUNT__NO_CROSS_MEASURE_SUM_EMITTED	DISJOINTNESS_UNVERIFIABLE__NO_participantFlowModule_IN_CACHE
NCT01107418	ctg_results_bor_2010_2013.txt	52	ACTUAL	4	1	1	49	ctg_results_bor_2010_2013.txt::NCT01107418::outcomeMeasures[14]::groups[OG000]	14	1	49	False	NO_CONFLICT_DETECTED	NOT_A_PATIENT_COUNT__NO_CROSS_MEASURE_SUM_EMITTED	DISJOINTNESS_UNVERIFIABLE__NO_participantFlowModule_IN_CACHE
NCT01268150	ctg_results_bor_2010_2013.txt	56	ACTUAL	1	1	1	56	ctg_results_bor_2010_2013.txt::NCT01268150::outcomeMeasures[0]::groups[OG000]	0	1	56	False	NO_CONFLICT_DETECTED	NOT_A_PATIENT_COUNT__NO_CROSS_MEASURE_SUM_EMITTED	DISJOINTNESS_UNVERIFIABLE__NO_participantFlowModule_IN_CACHE
NCT01609790	ctg_results_bor_2010_2013.txt	137	ACTUAL	2	2	2	58	ctg_results_bor_2010_2013.txt::NCT01609790::outcomeMeasures[5]::groups[OG000]	5	2	115	False	NO_CONFLICT_DETECTED	NOT_A_PATIENT_COUNT__NO_CROSS_MEASURE_SUM_EMITTED	DISJOINTNESS_UNVERIFIABLE__NO_participantFlowModule_IN_CACHE
NCT01182285	ctg_results_bor_2010_2013.txt	13	ACTUAL	3	1	1	8	ctg_results_bor_2010_2013.txt::NCT01182285::outcomeMeasures[2]::groups[OG000]	2	1	8	False	NO_CONFLICT_DETECTED	NOT_A_PATIENT_COUNT__NO_CROSS_MEASURE_SUM_EMITTED	DISJOINTNESS_UNVERIFIABLE__NO_participantFlowModule_IN_CACHE
NCT01889238	ctg_results_bor_2010_2013.txt	118	ACTUAL	1	1	2	97	ctg_results_bor_2010_2013.txt::NCT01889238::outcomeMeasures[5]::groups[OG000]	5	1	97	False	NO_CONFLICT_DETECTED	NOT_A_PATIENT_COUNT__NO_CROSS_MEASURE_SUM_EMITTED	DISJOINTNESS_UNVERIFIABLE__NO_participantFlowModule_IN_CACHE
NCT01652469	ctg_results_bor_2010_2013.txt	81	ACTUAL	2	2	2	42	ctg_results_bor_2010_2013.txt::NCT01652469::outcomeMeasures[2]::groups[OG001]	2	2	80	False	NO_CONFLICT_DETECTED	NOT_A_PATIENT_COUNT__NO_CROSS_MEASURE_SUM_EMITTED	DISJOINTNESS_UNVERIFIABLE__NO_participantFlowModule_IN_CACHE
NCT01709162	ctg_results_bor_2010_2013.txt	31	ACTUAL	2	2	4	0			0	0	False	NO_CONFLICT_DETECTED	NOT_A_PATIENT_COUNT__NO_CROSS_MEASURE_SUM_EMITTED	DISJOINTNESS_UNVERIFIABLE__NO_participantFlowModule_IN_CACHE
NCT01360554	ctg_results_bor_2010_2013.txt	878	ACTUAL	2	2	2	439	ctg_results_bor_2010_2013.txt::NCT01360554::outcomeMeasures[6]::groups[OG000]	6	2	878	False	NO_CONFLICT_DETECTED	NOT_A_PATIENT_COUNT__NO_CROSS_MEASURE_SUM_EMITTED	DISJOINTNESS_UNVERIFIABLE__NO_participantFlowModule_IN_CACHE
NCT01693822	ctg_results_bor_2010_2013.txt	65	ACTUAL	1	1	1	65	ctg_results_bor_2010_2013.txt::NCT01693822::outcomeMeasures[1]::groups[OG000]	1	1	65	False	NO_CONFLICT_DETECTED	NOT_A_PATIENT_COUNT__NO_CROSS_MEASURE_SUM_EMITTED	DISJOINTNESS_UNVERIFIABLE__NO_participantFlowModule_IN_CACHE
NCT01809210	ctg_results_bor_2010_2013.txt	55	ACTUAL	1	7	14	15	ctg_results_bor_2010_2013.txt::NCT01809210::outcomeMeasures[1]::groups[OG005]	1	7	55	False	NO_CONFLICT_DETECTED	NOT_A_PATIENT_COUNT__NO_CROSS_MEASURE_SUM_EMITTED	DISJOINTNESS_UNVERIFIABLE__NO_participantFlowModule_IN_CACHE
NCT01761240	ctg_results_bor_2010_2013.txt	27	ACTUAL	5	5	5	8	ctg_results_bor_2010_2013.txt::NCT01761240::outcomeMeasures[10]::groups[OG004]	10	5	27	False	NO_CONFLICT_DETECTED	NOT_A_PATIENT_COUNT__NO_CROSS_MEASURE_SUM_EMITTED	DISJOINTNESS_UNVERIFIABLE__NO_participantFlowModule_IN_CACHE
NCT01975519	ctg_results_bor_2010_2013.txt	111	ACTUAL	1	3	3	78	ctg_results_bor_2010_2013.txt::NCT01975519::outcomeMeasures[6]::groups[OG001]	6	2	81	False	NO_CONFLICT_DETECTED	NOT_A_PATIENT_COUNT__NO_CROSS_MEASURE_SUM_EMITTED	DISJOINTNESS_UNVERIFIABLE__NO_participantFlowModule_IN_CACHE
NCT01677741	ctg_results_bor_2010_2013.txt	85	ACTUAL	5	10	11	35	ctg_results_bor_2010_2013.txt::NCT01677741::outcomeMeasures[12]::groups[OG004]	12	5	98	False	WITHIN_MEASURE_SUM_EXCEEDS_ENROLLMENT	NOT_A_PATIENT_COUNT__NO_CROSS_MEASURE_SUM_EMITTED	DISJOINTNESS_UNVERIFIABLE__NO_participantFlowModule_IN_CACHE
NCT01478373	ctg_results_bor_2010_2013.txt	39	ACTUAL	1	1	2	38	ctg_results_bor_2010_2013.txt::NCT01478373::outcomeMeasures[0]::groups[OG000]	0	1	38	False	NO_CONFLICT_DETECTED	NOT_A_PATIENT_COUNT__NO_CROSS_MEASURE_SUM_EMITTED	DISJOINTNESS_UNVERIFIABLE__NO_participantFlowModule_IN_CACHE
NCT01472081	ctg_results_bor_2010_2013.txt	194	ACTUAL	5	6	12	47	ctg_results_bor_2010_2013.txt::NCT01472081::outcomeMeasures[1]::groups[OG003]	1	6	153	False	NO_CONFLICT_DETECTED	NOT_A_PATIENT_COUNT__NO_CROSS_MEASURE_SUM_EMITTED	DISJOINTNESS_UNVERIFIABLE__NO_participantFlowModule_IN_CACHE
NCT01354431	ctg_results_bor_2010_2013.txt	168	ACTUAL	3	3	3	60	ctg_results_bor_2010_2013.txt::NCT01354431::outcomeMeasures[1]::groups[OG000]	1	3	168	False	NO_CONFLICT_DETECTED	NOT_A_PATIENT_COUNT__NO_CROSS_MEASURE_SUM_EMITTED	DISJOINTNESS_UNVERIFIABLE__NO_participantFlowModule_IN_CACHE
NCT01266967	ctg_results_bor_2010_2013.txt	172	ACTUAL	1	2	8	74	ctg_results_bor_2010_2013.txt::NCT01266967::outcomeMeasures[1]::groups[OG000]	1	2	139	False	NO_CONFLICT_DETECTED	NOT_A_PATIENT_COUNT__NO_CROSS_MEASURE_SUM_EMITTED	DISJOINTNESS_UNVERIFIABLE__NO_participantFlowModule_IN_CACHE
NCT01696032	ctg_results_bor_2010_2013.txt	120	ACTUAL	2	5	10	51	ctg_results_bor_2010_2013.txt::NCT01696032::outcomeMeasures[2]::groups[OG002]	2	5	147	False	WITHIN_MEASURE_SUM_EXCEEDS_ENROLLMENT	NOT_A_PATIENT_COUNT__NO_CROSS_MEASURE_SUM_EMITTED	DISJOINTNESS_UNVERIFIABLE__NO_participantFlowModule_IN_CACHE
NCT01343043	ctg_results_bor_2010_2013.txt	50	ACTUAL	4	4	12	15	ctg_results_bor_2010_2013.txt::NCT01343043::outcomeMeasures[0]::groups[OG003]	0	4	45	False	NO_CONFLICT_DETECTED	NOT_A_PATIENT_COUNT__NO_CROSS_MEASURE_SUM_EMITTED	DISJOINTNESS_UNVERIFIABLE__NO_participantFlowModule_IN_CACHE
NCT01684215	ctg_results_bor_2010_2013.txt	61	ACTUAL	3	4	4	42	ctg_results_bor_2010_2013.txt::NCT01684215::outcomeMeasures[30]::groups[OG000]	30	1	42	False	NO_CONFLICT_DETECTED	NOT_A_PATIENT_COUNT__NO_CROSS_MEASURE_SUM_EMITTED	DISJOINTNESS_UNVERIFIABLE__NO_participantFlowModule_IN_CACHE
NCT01153763	ctg_results_bor_2010_2013.txt	92	ACTUAL	1	1	2	76	ctg_results_bor_2010_2013.txt::NCT01153763::outcomeMeasures[0]::groups[OG000]	0	1	76	False	NO_CONFLICT_DETECTED	NOT_A_PATIENT_COUNT__NO_CROSS_MEASURE_SUM_EMITTED	DISJOINTNESS_UNVERIFIABLE__NO_participantFlowModule_IN_CACHE
NCT01838642	ctg_results_bor_2010_2013.txt	3	ACTUAL	2	1	2	3	ctg_results_bor_2010_2013.txt::NCT01838642::outcomeMeasures[0]::groups[OG000]	0	1	3	False	NO_CONFLICT_DETECTED	NOT_A_PATIENT_COUNT__NO_CROSS_MEASURE_SUM_EMITTED	DISJOINTNESS_UNVERIFIABLE__NO_participantFlowModule_IN_CACHE
NCT01246986	ctg_results_bor_2010_2013.txt	204	ACTUAL	7	5	5	46	ctg_results_bor_2010_2013.txt::NCT01246986::outcomeMeasures[7]::groups[OG001]	7	5	150	False	NO_CONFLICT_DETECTED	NOT_A_PATIENT_COUNT__NO_CROSS_MEASURE_SUM_EMITTED	DISJOINTNESS_UNVERIFIABLE__NO_participantFlowModule_IN_CACHE
NCT01558661	ctg_results_bor_2010_2013.txt	33	ACTUAL	1	1	1	33	ctg_results_bor_2010_2013.txt::NCT01558661::outcomeMeasures[0]::groups[OG000]	0	1	33	False	NO_CONFLICT_DETECTED	NOT_A_PATIENT_COUNT__NO_CROSS_MEASURE_SUM_EMITTED	DISJOINTNESS_UNVERIFIABLE__NO_participantFlowModule_IN_CACHE
NCT01563354	ctg_results_bor_2010_2013.txt	124	ACTUAL	3	3	9	42	ctg_results_bor_2010_2013.txt::NCT01563354::outcomeMeasures[5]::groups[OG001]	5	3	124	False	NO_CONFLICT_DETECTED	NOT_A_PATIENT_COUNT__NO_CROSS_MEASURE_SUM_EMITTED	DISJOINTNESS_UNVERIFIABLE__NO_participantFlowModule_IN_CACHE
NCT01900652	ctg_results_bor_2010_2013.txt	111	ACTUAL	2	4	8	66	ctg_results_bor_2010_2013.txt::NCT01900652::outcomeMeasures[0]::groups[OG000]	0	4	163	False	WITHIN_MEASURE_SUM_EXCEEDS_ENROLLMENT	NOT_A_PATIENT_COUNT__NO_CROSS_MEASURE_SUM_EMITTED	DISJOINTNESS_UNVERIFIABLE__NO_participantFlowModule_IN_CACHE
NCT01494506	ctg_results_bor_2010_2013.txt	417	ACTUAL	3	4	4	151	ctg_results_bor_2010_2013.txt::NCT01494506::outcomeMeasures[2]::groups[OG000]	2	4	536	False	WITHIN_MEASURE_SUM_EXCEEDS_ENROLLMENT	NOT_A_PATIENT_COUNT__NO_CROSS_MEASURE_SUM_EMITTED	DISJOINTNESS_UNVERIFIABLE__NO_participantFlowModule_IN_CACHE
NCT01828099	ctg_results_bor_2010_2013.txt	376	ACTUAL	2	2	12	189	ctg_results_bor_2010_2013.txt::NCT01828099::outcomeMeasures[2]::groups[OG000]	2	2	376	False	NO_CONFLICT_DETECTED	NOT_A_PATIENT_COUNT__NO_CROSS_MEASURE_SUM_EMITTED	DISJOINTNESS_UNVERIFIABLE__NO_participantFlowModule_IN_CACHE
NCT01660451	ctg_results_bor_2010_2013.txt	227	ACTUAL	3	3	6	142	ctg_results_bor_2010_2013.txt::NCT01660451::outcomeMeasures[1]::groups[OG000]	1	1	142	False	NO_CONFLICT_DETECTED	NOT_A_PATIENT_COUNT__NO_CROSS_MEASURE_SUM_EMITTED	DISJOINTNESS_UNVERIFIABLE__NO_participantFlowModule_IN_CACHE
NCT01828112	ctg_results_bor_2010_2013.txt	231	ACTUAL	2	2	12	116	ctg_results_bor_2010_2013.txt::NCT01828112::outcomeMeasures[3]::groups[OG001]	3	2	231	False	NO_CONFLICT_DETECTED	NOT_A_PATIENT_COUNT__NO_CROSS_MEASURE_SUM_EMITTED	DISJOINTNESS_UNVERIFIABLE__NO_participantFlowModule_IN_CACHE
NCT01227018	ctg_results_bor_2010_2013.txt	15	ACTUAL	1	1	1	11	ctg_results_bor_2010_2013.txt::NCT01227018::outcomeMeasures[0]::groups[OG000]	0	1	11	False	NO_CONFLICT_DETECTED	NOT_A_PATIENT_COUNT__NO_CROSS_MEASURE_SUM_EMITTED	DISJOINTNESS_UNVERIFIABLE__NO_participantFlowModule_IN_CACHE
NCT01597258	ctg_results_bor_2010_2013.txt	2029	ACTUAL	1	1	1	1633	ctg_results_bor_2010_2013.txt::NCT01597258::outcomeMeasures[1]::groups[OG000]	1	1	1633	False	NO_CONFLICT_DETECTED	NOT_A_PATIENT_COUNT__NO_CROSS_MEASURE_SUM_EMITTED	DISJOINTNESS_UNVERIFIABLE__NO_participantFlowModule_IN_CACHE
NCT01858389	ctg_results_bor_2010_2013.txt	41	ACTUAL	2	1	3	16	ctg_results_bor_2010_2013.txt::NCT01858389::outcomeMeasures[0]::groups[OG000]	0	1	16	False	NO_CONFLICT_DETECTED	NOT_A_PATIENT_COUNT__NO_CROSS_MEASURE_SUM_EMITTED	DISJOINTNESS_UNVERIFIABLE__NO_participantFlowModule_IN_CACHE
NCT01159574	ctg_results_bor_2010_2013.txt	121	ACTUAL	1	1	1	120	ctg_results_bor_2010_2013.txt::NCT01159574::outcomeMeasures[0]::groups[OG000]	0	1	120	True	NO_CONFLICT_DETECTED	NOT_A_PATIENT_COUNT__NO_CROSS_MEASURE_SUM_EMITTED	DISJOINTNESS_UNVERIFIABLE__NO_participantFlowModule_IN_CACHE
NCT02001623	ctg_results_bor_2010_2013.txt	195	ACTUAL	1	15	30	55	ctg_results_bor_2010_2013.txt::NCT02001623::outcomeMeasures[25]::groups[OG009]	25	15	195	False	NO_CONFLICT_DETECTED	NOT_A_PATIENT_COUNT__NO_CROSS_MEASURE_SUM_EMITTED	DISJOINTNESS_UNVERIFIABLE__NO_participantFlowModule_IN_CACHE
NCT01775930	ctg_results_bor_2010_2013.txt	10	ACTUAL	1	1	2	9	ctg_results_bor_2010_2013.txt::NCT01775930::outcomeMeasures[1]::groups[OG000]	1	1	9	False	NO_CONFLICT_DETECTED	NOT_A_PATIENT_COUNT__NO_CROSS_MEASURE_SUM_EMITTED	DISJOINTNESS_UNVERIFIABLE__NO_participantFlowModule_IN_CACHE
NCT01589302	ctg_results_bor_2010_2013.txt	154	ACTUAL	1	1	2	152	ctg_results_bor_2010_2013.txt::NCT01589302::outcomeMeasures[1]::groups[OG000]	1	1	152	False	NO_CONFLICT_DETECTED	NOT_A_PATIENT_COUNT__NO_CROSS_MEASURE_SUM_EMITTED	DISJOINTNESS_UNVERIFIABLE__NO_participantFlowModule_IN_CACHE
NCT01628913	ctg_results_bor_2010_2013.txt	62	ACTUAL	2	2	2	0			0	0	False	NO_CONFLICT_DETECTED	NOT_A_PATIENT_COUNT__NO_CROSS_MEASURE_SUM_EMITTED	DISJOINTNESS_UNVERIFIABLE__NO_participantFlowModule_IN_CACHE
NCT01211262	ctg_results_bor_2010_2013.txt	84	ACTUAL	2	2	2	54	ctg_results_bor_2010_2013.txt::NCT01211262::outcomeMeasures[11]::groups[OG000]	11	2	69	False	NO_CONFLICT_DETECTED	NOT_A_PATIENT_COUNT__NO_CROSS_MEASURE_SUM_EMITTED	DISJOINTNESS_UNVERIFIABLE__NO_participantFlowModule_IN_CACHE
NCT01068782	ctg_results_bor_2010_2013.txt	19	ACTUAL	4	4	4	0			0	0	False	NO_CONFLICT_DETECTED	NOT_A_PATIENT_COUNT__NO_CROSS_MEASURE_SUM_EMITTED	DISJOINTNESS_UNVERIFIABLE__NO_participantFlowModule_IN_CACHE
NCT01763788	ctg_results_bor_2010_2013.txt	192	ACTUAL	2	4	4	91	ctg_results_bor_2010_2013.txt::NCT01763788::outcomeMeasures[4]::groups[OG001]	4	2	181	False	NO_CONFLICT_DETECTED	NOT_A_PATIENT_COUNT__NO_CROSS_MEASURE_SUM_EMITTED	DISJOINTNESS_UNVERIFIABLE__NO_participantFlowModule_IN_CACHE
NCT01055496	ctg_results_bor_2010_2013.txt	103	ACTUAL	2	2	2	32	ctg_results_bor_2010_2013.txt::NCT01055496::outcomeMeasures[3]::groups[OG000]	3	2	60	False	NO_CONFLICT_DETECTED	NOT_A_PATIENT_COUNT__NO_CROSS_MEASURE_SUM_EMITTED	DISJOINTNESS_UNVERIFIABLE__NO_participantFlowModule_IN_CACHE
NCT01269346	ctg_results_bor_2010_2013.txt	52	ACTUAL	1	1	1	52	ctg_results_bor_2010_2013.txt::NCT01269346::outcomeMeasures[0]::groups[OG000]	0	1	52	False	NO_CONFLICT_DETECTED	NOT_A_PATIENT_COUNT__NO_CROSS_MEASURE_SUM_EMITTED	DISJOINTNESS_UNVERIFIABLE__NO_participantFlowModule_IN_CACHE
NCT01289041	ctg_results_bor_2010_2013.txt	70	ACTUAL	1	3	3	70	ctg_results_bor_2010_2013.txt::NCT01289041::outcomeMeasures[0]::groups[OG002]	0	3	140	True	WITHIN_MEASURE_SUM_EXCEEDS_ENROLLMENT__POOLED_LABEL_IN_MEASURE	NOT_A_PATIENT_COUNT__NO_CROSS_MEASURE_SUM_EMITTED	DISJOINTNESS_UNVERIFIABLE__NO_participantFlowModule_IN_CACHE
NCT01316523	ctg_results_bor_2010_2013.txt	30	ACTUAL	1	1	1	27	ctg_results_bor_2010_2013.txt::NCT01316523::outcomeMeasures[0]::groups[OG000]	0	1	27	False	NO_CONFLICT_DETECTED	NOT_A_PATIENT_COUNT__NO_CROSS_MEASURE_SUM_EMITTED	DISJOINTNESS_UNVERIFIABLE__NO_participantFlowModule_IN_CACHE
NCT01844505	ctg_results_bor_2010_2013.txt	945	ACTUAL	3	3	3	316	ctg_results_bor_2010_2013.txt::NCT01844505::outcomeMeasures[6]::groups[OG000]	6	3	945	False	NO_CONFLICT_DETECTED	NOT_A_PATIENT_COUNT__NO_CROSS_MEASURE_SUM_EMITTED	DISJOINTNESS_UNVERIFIABLE__NO_participantFlowModule_IN_CACHE
NCT01247922	ctg_results_bor_2010_2013.txt	4	ACTUAL	1	1	1	4	ctg_results_bor_2010_2013.txt::NCT01247922::outcomeMeasures[1]::groups[OG000]	1	1	4	False	NO_CONFLICT_DETECTED	NOT_A_PATIENT_COUNT__NO_CROSS_MEASURE_SUM_EMITTED	DISJOINTNESS_UNVERIFIABLE__NO_participantFlowModule_IN_CACHE
NCT01871805	ctg_results_bor_2010_2013.txt	134	ACTUAL	2	3	5	87	ctg_results_bor_2010_2013.txt::NCT01871805::outcomeMeasures[5]::groups[OG000]	5	1	87	False	NO_CONFLICT_DETECTED	NOT_A_PATIENT_COUNT__NO_CROSS_MEASURE_SUM_EMITTED	DISJOINTNESS_UNVERIFIABLE__NO_participantFlowModule_IN_CACHE
NCT01761266	ctg_results_bor_2010_2013.txt	954	ACTUAL	2	2	6	478	ctg_results_bor_2010_2013.txt::NCT01761266::outcomeMeasures[3]::groups[OG000]	3	2	954	False	NO_CONFLICT_DETECTED	NOT_A_PATIENT_COUNT__NO_CROSS_MEASURE_SUM_EMITTED	DISJOINTNESS_UNVERIFIABLE__NO_participantFlowModule_IN_CACHE
NCT01704287	ctg_results_bor_2010_2013.txt	540	ACTUAL	5	5	8	181	ctg_results_bor_2010_2013.txt::NCT01704287::outcomeMeasures[4]::groups[OG001]	4	3	540	False	NO_CONFLICT_DETECTED	NOT_A_PATIENT_COUNT__NO_CROSS_MEASURE_SUM_EMITTED	DISJOINTNESS_UNVERIFIABLE__NO_participantFlowModule_IN_CACHE
NCT01358721	ctg_results_bor_2010_2013.txt	119	ACTUAL	4	4	16	24	ctg_results_bor_2010_2013.txt::NCT01358721::outcomeMeasures[5]::groups[OG003]	5	4	91	False	NO_CONFLICT_DETECTED	NOT_A_PATIENT_COUNT__NO_CROSS_MEASURE_SUM_EMITTED	DISJOINTNESS_UNVERIFIABLE__NO_participantFlowModule_IN_CACHE
NCT01198158	ctg_results_bor_2010_2013.txt	77	ACTUAL	2	2	2	41	ctg_results_bor_2010_2013.txt::NCT01198158::outcomeMeasures[2]::groups[OG000]	2	2	77	False	NO_CONFLICT_DETECTED	NOT_A_PATIENT_COUNT__NO_CROSS_MEASURE_SUM_EMITTED	DISJOINTNESS_UNVERIFIABLE__NO_participantFlowModule_IN_CACHE
NCT01128842	ctg_results_bor_2010_2013.txt	7	ACTUAL	1	1	2	7	ctg_results_bor_2010_2013.txt::NCT01128842::outcomeMeasures[1]::groups[OG000]	1	1	7	False	NO_CONFLICT_DETECTED	NOT_A_PATIENT_COUNT__NO_CROSS_MEASURE_SUM_EMITTED	DISJOINTNESS_UNVERIFIABLE__NO_participantFlowModule_IN_CACHE
NCT01661972	ctg_results_bor_2010_2013.txt	63	ACTUAL	2	1	1	45	ctg_results_bor_2010_2013.txt::NCT01661972::outcomeMeasures[3]::groups[OG000]	3	1	45	False	NO_CONFLICT_DETECTED	NOT_A_PATIENT_COUNT__NO_CROSS_MEASURE_SUM_EMITTED	DISJOINTNESS_UNVERIFIABLE__NO_participantFlowModule_IN_CACHE
NCT01832506	ctg_results_bor_2010_2013.txt	12	ACTUAL	1	3	3	6	ctg_results_bor_2010_2013.txt::NCT01832506::outcomeMeasures[13]::groups[OG002]	13	3	12	False	NO_CONFLICT_DETECTED	NOT_A_PATIENT_COUNT__NO_CROSS_MEASURE_SUM_EMITTED	DISJOINTNESS_UNVERIFIABLE__NO_participantFlowModule_IN_CACHE
NCT01517243	ctg_results_bor_2010_2013.txt	37	ACTUAL	1	1	1	19	ctg_results_bor_2010_2013.txt::NCT01517243::outcomeMeasures[1]::groups[OG000]	1	1	19	False	NO_CONFLICT_DETECTED	NOT_A_PATIENT_COUNT__NO_CROSS_MEASURE_SUM_EMITTED	DISJOINTNESS_UNVERIFIABLE__NO_participantFlowModule_IN_CACHE
NCT01942135	ctg_results_bor_2010_2013.txt	521	ACTUAL	2	2	2	347	ctg_results_bor_2010_2013.txt::NCT01942135::outcomeMeasures[4]::groups[OG000]	4	2	521	False	NO_CONFLICT_DETECTED	NOT_A_PATIENT_COUNT__NO_CROSS_MEASURE_SUM_EMITTED	DISJOINTNESS_UNVERIFIABLE__NO_participantFlowModule_IN_CACHE
NCT01335009	ctg_results_bor_2010_2013.txt	76	ACTUAL	2	2	2	34	ctg_results_bor_2010_2013.txt::NCT01335009::outcomeMeasures[3]::groups[OG000]	3	2	66	False	NO_CONFLICT_DETECTED	NOT_A_PATIENT_COUNT__NO_CROSS_MEASURE_SUM_EMITTED	DISJOINTNESS_UNVERIFIABLE__NO_participantFlowModule_IN_CACHE
NCT01828021	ctg_results_bor_2010_2013.txt	25	ACTUAL	1	1	2	22	ctg_results_bor_2010_2013.txt::NCT01828021::outcomeMeasures[0]::groups[OG000]	0	1	22	False	NO_CONFLICT_DETECTED	NOT_A_PATIENT_COUNT__NO_CROSS_MEASURE_SUM_EMITTED	DISJOINTNESS_UNVERIFIABLE__NO_participantFlowModule_IN_CACHE
NCT01971476	ctg_results_bor_2010_2013.txt	22	ACTUAL	1	6	6	2	ctg_results_bor_2010_2013.txt::NCT01971476::outcomeMeasures[5]::groups[OG000]	5	4	7	False	NO_CONFLICT_DETECTED	NOT_A_PATIENT_COUNT__NO_CROSS_MEASURE_SUM_EMITTED	DISJOINTNESS_UNVERIFIABLE__NO_participantFlowModule_IN_CACHE
NCT01777776	ctg_results_bor_2010_2013.txt	28	ACTUAL	4	4	4	0			0	0	False	NO_CONFLICT_DETECTED	NOT_A_PATIENT_COUNT__NO_CROSS_MEASURE_SUM_EMITTED	DISJOINTNESS_UNVERIFIABLE__NO_participantFlowModule_IN_CACHE
NCT01390948	ctg_results_bor_2010_2013.txt	124	ACTUAL	3	2	2	15	ctg_results_bor_2010_2013.txt::NCT01390948::outcomeMeasures[6]::groups[OG000]	6	2	27	False	NO_CONFLICT_DETECTED	NOT_A_PATIENT_COUNT__NO_CROSS_MEASURE_SUM_EMITTED	DISJOINTNESS_UNVERIFIABLE__NO_participantFlowModule_IN_CACHE
NCT01865747	ctg_results_bor_2010_2013.txt	658	ACTUAL	2	2	2	330	ctg_results_bor_2010_2013.txt::NCT01865747::outcomeMeasures[2]::groups[OG000]	2	2	658	False	NO_CONFLICT_DETECTED	NOT_A_PATIENT_COUNT__NO_CROSS_MEASURE_SUM_EMITTED	DISJOINTNESS_UNVERIFIABLE__NO_participantFlowModule_IN_CACHE
NCT01084252	ctg_results_bor_2010_2013.txt	351	ACTUAL	14	14	14	109	ctg_results_bor_2010_2013.txt::NCT01084252::outcomeMeasures[3]::groups[OG000]	3	2	164	False	NO_CONFLICT_DETECTED	NOT_A_PATIENT_COUNT__NO_CROSS_MEASURE_SUM_EMITTED	DISJOINTNESS_UNVERIFIABLE__NO_participantFlowModule_IN_CACHE
NCT01664533	ctg_results_bor_2010_2013.txt	57	ACTUAL	1	1	1	52	ctg_results_bor_2010_2013.txt::NCT01664533::outcomeMeasures[1]::groups[OG000]	1	1	52	False	NO_CONFLICT_DETECTED	NOT_A_PATIENT_COUNT__NO_CROSS_MEASURE_SUM_EMITTED	DISJOINTNESS_UNVERIFIABLE__NO_participantFlowModule_IN_CACHE
NCT01088984	ctg_results_bor_2010_2013.txt	43	ACTUAL	1	3	5	43	ctg_results_bor_2010_2013.txt::NCT01088984::outcomeMeasures[3]::groups[OG002]	3	3	86	True	WITHIN_MEASURE_SUM_EXCEEDS_ENROLLMENT__POOLED_LABEL_IN_MEASURE	NOT_A_PATIENT_COUNT__NO_CROSS_MEASURE_SUM_EMITTED	DISJOINTNESS_UNVERIFIABLE__NO_participantFlowModule_IN_CACHE
NCT01912274	ctg_results_bor_2010_2013.txt	50	ACTUAL	1	1	2	50	ctg_results_bor_2010_2013.txt::NCT01912274::outcomeMeasures[0]::groups[OG000]	0	1	50	False	NO_CONFLICT_DETECTED	NOT_A_PATIENT_COUNT__NO_CROSS_MEASURE_SUM_EMITTED	DISJOINTNESS_UNVERIFIABLE__NO_participantFlowModule_IN_CACHE
NCT01668784	ctg_results_bor_2010_2013.txt	821	ACTUAL	2	2	6	411	ctg_results_bor_2010_2013.txt::NCT01668784::outcomeMeasures[1]::groups[OG001]	1	2	821	False	NO_CONFLICT_DETECTED	NOT_A_PATIENT_COUNT__NO_CROSS_MEASURE_SUM_EMITTED	DISJOINTNESS_UNVERIFIABLE__NO_participantFlowModule_IN_CACHE
NCT01609556	ctg_results_bor_2010_2013.txt	206	ACTUAL	4	4	4	113	ctg_results_bor_2010_2013.txt::NCT01609556::outcomeMeasures[18]::groups[OG002]	18	4	204	False	NO_CONFLICT_DETECTED	NOT_A_PATIENT_COUNT__NO_CROSS_MEASURE_SUM_EMITTED	DISJOINTNESS_UNVERIFIABLE__NO_participantFlowModule_IN_CACHE
NCT01592370	ctg_results_bor_2010_2013.txt	320	ACTUAL	5	7	10	77	ctg_results_bor_2010_2013.txt::NCT01592370::outcomeMeasures[9]::groups[OG000]	9	3	197	False	NO_CONFLICT_DETECTED	NOT_A_PATIENT_COUNT__NO_CROSS_MEASURE_SUM_EMITTED	DISJOINTNESS_UNVERIFIABLE__NO_participantFlowModule_IN_CACHE
NCT01256359	ctg_results_bor_2010_2013.txt	83	ACTUAL	2	2	6	42	ctg_results_bor_2010_2013.txt::NCT01256359::outcomeMeasures[3]::groups[OG001]	3	2	83	False	NO_CONFLICT_DETECTED	NOT_A_PATIENT_COUNT__NO_CROSS_MEASURE_SUM_EMITTED	DISJOINTNESS_UNVERIFIABLE__NO_participantFlowModule_IN_CACHE
NCT01231659	ctg_results_bor_2010_2013.txt	72	ACTUAL	1	1	2	72	ctg_results_bor_2010_2013.txt::NCT01231659::outcomeMeasures[3]::groups[OG000]	3	1	72	False	NO_CONFLICT_DETECTED	NOT_A_PATIENT_COUNT__NO_CROSS_MEASURE_SUM_EMITTED	DISJOINTNESS_UNVERIFIABLE__NO_participantFlowModule_IN_CACHE
NCT01089413	ctg_results_bor_2010_2013.txt	201	ACTUAL	1	4	4	178	ctg_results_bor_2010_2013.txt::NCT01089413::outcomeMeasures[2]::groups[OG003]	2	4	356	False	WITHIN_MEASURE_SUM_EXCEEDS_ENROLLMENT	NOT_A_PATIENT_COUNT__NO_CROSS_MEASURE_SUM_EMITTED	DISJOINTNESS_UNVERIFIABLE__NO_participantFlowModule_IN_CACHE
NCT01232296	ctg_results_bor_2010_2013.txt	162	ACTUAL	2	2	2	83	ctg_results_bor_2010_2013.txt::NCT01232296::outcomeMeasures[2]::groups[OG001]	2	2	165	False	WITHIN_MEASURE_SUM_EXCEEDS_ENROLLMENT	NOT_A_PATIENT_COUNT__NO_CROSS_MEASURE_SUM_EMITTED	DISJOINTNESS_UNVERIFIABLE__NO_participantFlowModule_IN_CACHE
NCT01905943	ctg_results_bor_2010_2013.txt	979	ACTUAL	1	12	24	190	ctg_results_bor_2010_2013.txt::NCT01905943::outcomeMeasures[3]::groups[OG005]	3	12	972	False	NO_CONFLICT_DETECTED	NOT_A_PATIENT_COUNT__NO_CROSS_MEASURE_SUM_EMITTED	DISJOINTNESS_UNVERIFIABLE__NO_participantFlowModule_IN_CACHE
NCT01403974	ctg_results_bor_2010_2013.txt	61	ACTUAL	16	17	32	12	ctg_results_bor_2010_2013.txt::NCT01403974::outcomeMeasures[4]::groups[OG015]	4	16	61	False	NO_CONFLICT_DETECTED	NOT_A_PATIENT_COUNT__NO_CROSS_MEASURE_SUM_EMITTED	DISJOINTNESS_UNVERIFIABLE__NO_participantFlowModule_IN_CACHE
NCT01651039	ctg_results_bor_2010_2013.txt	32	ACTUAL	1	1	8	27	ctg_results_bor_2010_2013.txt::NCT01651039::outcomeMeasures[0]::groups[OG000]	0	1	27	False	NO_CONFLICT_DETECTED	NOT_A_PATIENT_COUNT__NO_CROSS_MEASURE_SUM_EMITTED	DISJOINTNESS_UNVERIFIABLE__NO_participantFlowModule_IN_CACHE
NCT01039519	ctg_results_bor_2010_2013.txt	27	ACTUAL	1	1	1	27	ctg_results_bor_2010_2013.txt::NCT01039519::outcomeMeasures[1]::groups[OG000]	1	1	27	False	NO_CONFLICT_DETECTED	NOT_A_PATIENT_COUNT__NO_CROSS_MEASURE_SUM_EMITTED	DISJOINTNESS_UNVERIFIABLE__NO_participantFlowModule_IN_CACHE
NCT01453153	ctg_results_bor_2010_2013.txt	28	ACTUAL	2	3	6	20	ctg_results_bor_2010_2013.txt::NCT01453153::outcomeMeasures[18]::groups[OG002]	18	3	28	False	NO_CONFLICT_DETECTED	NOT_A_PATIENT_COUNT__NO_CROSS_MEASURE_SUM_EMITTED	DISJOINTNESS_UNVERIFIABLE__NO_participantFlowModule_IN_CACHE
NCT01327053	ctg_results_bor_2010_2013.txt	230	ACTUAL	2	4	24	128	ctg_results_bor_2010_2013.txt::NCT01327053::outcomeMeasures[1]::groups[OG001]	1	4	230	False	NO_CONFLICT_DETECTED	NOT_A_PATIENT_COUNT__NO_CROSS_MEASURE_SUM_EMITTED	DISJOINTNESS_UNVERIFIABLE__NO_participantFlowModule_IN_CACHE
NCT01015833	ctg_results_bor_2010_2013.txt	356	ACTUAL	2	2	2	150	ctg_results_bor_2010_2013.txt::NCT01015833::outcomeMeasures[4]::groups[OG000]	4	2	300	False	NO_CONFLICT_DETECTED	NOT_A_PATIENT_COUNT__NO_CROSS_MEASURE_SUM_EMITTED	DISJOINTNESS_UNVERIFIABLE__NO_participantFlowModule_IN_CACHE
NCT01833546	ctg_results_bor_2010_2013.txt	20	ACTUAL	4	4	8	8	ctg_results_bor_2010_2013.txt::NCT01833546::outcomeMeasures[22]::groups[OG002]	22	4	20	False	NO_CONFLICT_DETECTED	NOT_A_PATIENT_COUNT__NO_CROSS_MEASURE_SUM_EMITTED	DISJOINTNESS_UNVERIFIABLE__NO_participantFlowModule_IN_CACHE
NCT01744340	ctg_results_bor_2010_2013.txt	23	ACTUAL	2	2	2	15	ctg_results_bor_2010_2013.txt::NCT01744340::outcomeMeasures[1]::groups[OG001]	1	2	23	False	NO_CONFLICT_DETECTED	NOT_A_PATIENT_COUNT__NO_CROSS_MEASURE_SUM_EMITTED	DISJOINTNESS_UNVERIFIABLE__NO_participantFlowModule_IN_CACHE
NCT01227889	ctg_results_bor_2010_2013.txt	251	ACTUAL	3	3	5	187	ctg_results_bor_2010_2013.txt::NCT01227889::outcomeMeasures[3]::groups[OG000]	3	2	250	False	NO_CONFLICT_DETECTED	NOT_A_PATIENT_COUNT__NO_CROSS_MEASURE_SUM_EMITTED	DISJOINTNESS_UNVERIFIABLE__NO_participantFlowModule_IN_CACHE
NCT01676818	ctg_results_bor_2010_2013.txt	32	ACTUAL	1	1	1	30	ctg_results_bor_2010_2013.txt::NCT01676818::outcomeMeasures[2]::groups[OG000]	2	1	30	False	NO_CONFLICT_DETECTED	NOT_A_PATIENT_COUNT__NO_CROSS_MEASURE_SUM_EMITTED	DISJOINTNESS_UNVERIFIABLE__NO_participantFlowModule_IN_CACHE
NCT02119026	ctg_results_bor_2010_2013.txt	120	ACTUAL	2	2	2	62	ctg_results_bor_2010_2013.txt::NCT02119026::outcomeMeasures[3]::groups[OG001]	3	2	120	False	NO_CONFLICT_DETECTED	NOT_A_PATIENT_COUNT__NO_CROSS_MEASURE_SUM_EMITTED	DISJOINTNESS_UNVERIFIABLE__NO_participantFlowModule_IN_CACHE
NCT02007512	ctg_results_bor_2010_2013.txt	247	ACTUAL	2	4	12	64	ctg_results_bor_2010_2013.txt::NCT02007512::outcomeMeasures[2]::groups[OG001]	2	4	247	False	NO_CONFLICT_DETECTED	NOT_A_PATIENT_COUNT__NO_CROSS_MEASURE_SUM_EMITTED	DISJOINTNESS_UNVERIFIABLE__NO_participantFlowModule_IN_CACHE
NCT01966003	ctg_results_bor_2010_2013.txt	642	ACTUAL	2	2	2	328	ctg_results_bor_2010_2013.txt::NCT01966003::outcomeMeasures[0]::groups[OG000]	0	2	642	False	NO_CONFLICT_DETECTED	NOT_A_PATIENT_COUNT__NO_CROSS_MEASURE_SUM_EMITTED	DISJOINTNESS_UNVERIFIABLE__NO_participantFlowModule_IN_CACHE
NCT01463631	ctg_results_bor_2010_2013.txt	27	ACTUAL	1	1	1	13	ctg_results_bor_2010_2013.txt::NCT01463631::outcomeMeasures[1]::groups[OG000]	1	1	13	False	NO_CONFLICT_DETECTED	NOT_A_PATIENT_COUNT__NO_CROSS_MEASURE_SUM_EMITTED	DISJOINTNESS_UNVERIFIABLE__NO_participantFlowModule_IN_CACHE
NCT01615029	ctg_results_bor_2010_2013.txt	45	ACTUAL	1	6	6	32	ctg_results_bor_2010_2013.txt::NCT01615029::outcomeMeasures[1]::groups[OG000]	1	1	32	False	NO_CONFLICT_DETECTED	NOT_A_PATIENT_COUNT__NO_CROSS_MEASURE_SUM_EMITTED	DISJOINTNESS_UNVERIFIABLE__NO_participantFlowModule_IN_CACHE
NCT01568866	ctg_results_bor_2010_2013.txt	929	ACTUAL	2	2	2	465	ctg_results_bor_2010_2013.txt::NCT01568866::outcomeMeasures[2]::groups[OG000]	2	2	929	False	NO_CONFLICT_DETECTED	NOT_A_PATIENT_COUNT__NO_CROSS_MEASURE_SUM_EMITTED	DISJOINTNESS_UNVERIFIABLE__NO_participantFlowModule_IN_CACHE
NCT01649180	ctg_results_bor_2010_2013.txt	3	ACTUAL	1	1	1	3	ctg_results_bor_2010_2013.txt::NCT01649180::outcomeMeasures[1]::groups[OG000]	1	1	3	False	NO_CONFLICT_DETECTED	NOT_A_PATIENT_COUNT__NO_CROSS_MEASURE_SUM_EMITTED	DISJOINTNESS_UNVERIFIABLE__NO_participantFlowModule_IN_CACHE
NCT01030536	ctg_results_bor_2010_2013.txt	23	ACTUAL	5	4	8	10	ctg_results_bor_2010_2013.txt::NCT01030536::outcomeMeasures[9]::groups[OG000]	9	4	20	False	NO_CONFLICT_DETECTED	NOT_A_PATIENT_COUNT__NO_CROSS_MEASURE_SUM_EMITTED	DISJOINTNESS_UNVERIFIABLE__NO_participantFlowModule_IN_CACHE
NCT01871727	ctg_results_bor_2010_2013.txt	112	ACTUAL	1	5	7	71	ctg_results_bor_2010_2013.txt::NCT01871727::outcomeMeasures[7]::groups[OG004]	7	5	92	False	NO_CONFLICT_DETECTED	NOT_A_PATIENT_COUNT__NO_CROSS_MEASURE_SUM_EMITTED	DISJOINTNESS_UNVERIFIABLE__NO_participantFlowModule_IN_CACHE
NCT01041781	ctg_results_bor_2010_2013.txt	313	ACTUAL	2	2	2	158	ctg_results_bor_2010_2013.txt::NCT01041781::outcomeMeasures[2]::groups[OG001]	2	2	312	False	NO_CONFLICT_DETECTED	NOT_A_PATIENT_COUNT__NO_CROSS_MEASURE_SUM_EMITTED	DISJOINTNESS_UNVERIFIABLE__NO_participantFlowModule_IN_CACHE
NCT02020577	ctg_results_bor_2010_2013.txt	58	ACTUAL	1	3	9	58	ctg_results_bor_2010_2013.txt::NCT02020577::outcomeMeasures[5]::groups[OG002]	5	3	116	True	WITHIN_MEASURE_SUM_EXCEEDS_ENROLLMENT__POOLED_LABEL_IN_MEASURE	NOT_A_PATIENT_COUNT__NO_CROSS_MEASURE_SUM_EMITTED	DISJOINTNESS_UNVERIFIABLE__NO_participantFlowModule_IN_CACHE
NCT01122901	ctg_results_bor_2010_2013.txt	47	ACTUAL	2	2	2	40	ctg_results_bor_2010_2013.txt::NCT01122901::outcomeMeasures[2]::groups[OG000]	2	2	47	False	NO_CONFLICT_DETECTED	NOT_A_PATIENT_COUNT__NO_CROSS_MEASURE_SUM_EMITTED	DISJOINTNESS_UNVERIFIABLE__NO_participantFlowModule_IN_CACHE
NCT01393730	ctg_results_bor_2010_2013.txt	40	ACTUAL	1	1	1	38	ctg_results_bor_2010_2013.txt::NCT01393730::outcomeMeasures[4]::groups[OG000]	4	1	38	False	NO_CONFLICT_DETECTED	NOT_A_PATIENT_COUNT__NO_CROSS_MEASURE_SUM_EMITTED	DISJOINTNESS_UNVERIFIABLE__NO_participantFlowModule_IN_CACHE
NCT01286753	ctg_results_bor_2010_2013.txt	51	ACTUAL	2	2	4	26	ctg_results_bor_2010_2013.txt::NCT01286753::outcomeMeasures[0]::groups[OG000]	2	2	48	False	NO_CONFLICT_DETECTED	NOT_A_PATIENT_COUNT__NO_CROSS_MEASURE_SUM_EMITTED	DISJOINTNESS_UNVERIFIABLE__NO_participantFlowModule_IN_CACHE
NCT01200797	ctg_results_bor_2010_2013.txt	19	ACTUAL	1	1	1	17	ctg_results_bor_2010_2013.txt::NCT01200797::outcomeMeasures[0]::groups[OG000]	0	1	17	False	NO_CONFLICT_DETECTED	NOT_A_PATIENT_COUNT__NO_CROSS_MEASURE_SUM_EMITTED	DISJOINTNESS_UNVERIFIABLE__NO_participantFlowModule_IN_CACHE
NCT01506596	ctg_results_bor_2010_2013.txt	42	ACTUAL	1	1	1	41	ctg_results_bor_2010_2013.txt::NCT01506596::outcomeMeasures[2]::groups[OG000]	2	1	41	False	NO_CONFLICT_DETECTED	NOT_A_PATIENT_COUNT__NO_CROSS_MEASURE_SUM_EMITTED	DISJOINTNESS_UNVERIFIABLE__NO_participantFlowModule_IN_CACHE
NCT01320085	ctg_results_bor_2010_2013.txt	183	ACTUAL	3	3	3	117	ctg_results_bor_2010_2013.txt::NCT01320085::outcomeMeasures[0]::groups[OG001]	0	3	183	False	NO_CONFLICT_DETECTED	NOT_A_PATIENT_COUNT__NO_CROSS_MEASURE_SUM_EMITTED	DISJOINTNESS_UNVERIFIABLE__NO_participantFlowModule_IN_CACHE
NCT01808326	ctg_results_bor_2010_2013.txt	5	ACTUAL	1	1	1	5	ctg_results_bor_2010_2013.txt::NCT01808326::outcomeMeasures[1]::groups[OG000]	1	1	5	False	NO_CONFLICT_DETECTED	NOT_A_PATIENT_COUNT__NO_CROSS_MEASURE_SUM_EMITTED	DISJOINTNESS_UNVERIFIABLE__NO_participantFlowModule_IN_CACHE
NCT01474239	ctg_results_bor_2010_2013.txt	91	ACTUAL	2	2	2	59	ctg_results_bor_2010_2013.txt::NCT01474239::outcomeMeasures[7]::groups[OG000]	7	2	91	False	NO_CONFLICT_DETECTED	NOT_A_PATIENT_COUNT__NO_CROSS_MEASURE_SUM_EMITTED	DISJOINTNESS_UNVERIFIABLE__NO_participantFlowModule_IN_CACHE
NCT01551693	ctg_results_bor_2010_2013.txt	3	ACTUAL	2	2	2	2	ctg_results_bor_2010_2013.txt::NCT01551693::outcomeMeasures[1]::groups[OG001]	1	2	3	False	NO_CONFLICT_DETECTED	NOT_A_PATIENT_COUNT__NO_CROSS_MEASURE_SUM_EMITTED	DISJOINTNESS_UNVERIFIABLE__NO_participantFlowModule_IN_CACHE
NCT02981342	ctg_results_bor_2014_2017.txt	106	ACTUAL	3	3	12	33	ctg_results_bor_2014_2017.txt::NCT02981342::outcomeMeasures[0]::groups[OG000]	0	3	99	False	NO_CONFLICT_DETECTED	NOT_A_PATIENT_COUNT__NO_CROSS_MEASURE_SUM_EMITTED	DISJOINTNESS_UNVERIFIABLE__NO_participantFlowModule_IN_CACHE
NCT02842827	ctg_results_bor_2014_2017.txt	45	ACTUAL	8	8	32	7	ctg_results_bor_2014_2017.txt::NCT02842827::outcomeMeasures[17]::groups[OG005]	17	8	39	False	NO_CONFLICT_DETECTED	NOT_A_PATIENT_COUNT__NO_CROSS_MEASURE_SUM_EMITTED	DISJOINTNESS_UNVERIFIABLE__NO_participantFlowModule_IN_CACHE
NCT02178722	ctg_results_bor_2014_2017.txt	444	ACTUAL	2	1	1	382	ctg_results_bor_2014_2017.txt::NCT02178722::outcomeMeasures[1]::groups[OG000]	1	1	382	False	NO_CONFLICT_DETECTED	NOT_A_PATIENT_COUNT__NO_CROSS_MEASURE_SUM_EMITTED	DISJOINTNESS_UNVERIFIABLE__NO_participantFlowModule_IN_CACHE
NCT03283761	ctg_results_bor_2014_2017.txt	39	ACTUAL	1	1	3	38	ctg_results_bor_2014_2017.txt::NCT03283761::outcomeMeasures[4]::groups[OG000]	4	1	38	False	NO_CONFLICT_DETECTED	NOT_A_PATIENT_COUNT__NO_CROSS_MEASURE_SUM_EMITTED	DISJOINTNESS_UNVERIFIABLE__NO_participantFlowModule_IN_CACHE
NCT02185690	ctg_results_bor_2014_2017.txt	13	ACTUAL	1	4	4	7	ctg_results_bor_2014_2017.txt::NCT02185690::outcomeMeasures[2]::groups[OG000]	1	2	12	False	NO_CONFLICT_DETECTED	NOT_A_PATIENT_COUNT__NO_CROSS_MEASURE_SUM_EMITTED	DISJOINTNESS_UNVERIFIABLE__NO_participantFlowModule_IN_CACHE
NCT02678780	ctg_results_bor_2014_2017.txt	123	ACTUAL	2	2	4	55	ctg_results_bor_2014_2017.txt::NCT02678780::outcomeMeasures[0]::groups[OG001]	0	2	107	False	NO_CONFLICT_DETECTED	NOT_A_PATIENT_COUNT__NO_CROSS_MEASURE_SUM_EMITTED	DISJOINTNESS_UNVERIFIABLE__NO_participantFlowModule_IN_CACHE
NCT02648724	ctg_results_bor_2014_2017.txt	57	ACTUAL	7	3	3	25	ctg_results_bor_2014_2017.txt::NCT02648724::outcomeMeasures[1]::groups[OG000]	1	3	45	False	NO_CONFLICT_DETECTED	NOT_A_PATIENT_COUNT__NO_CROSS_MEASURE_SUM_EMITTED	DISJOINTNESS_UNVERIFIABLE__NO_participantFlowModule_IN_CACHE
NCT02873962	ctg_results_bor_2014_2017.txt	72	ACTUAL	3	2	2	38	ctg_results_bor_2014_2017.txt::NCT02873962::outcomeMeasures[0]::groups[OG000]	0	1	38	False	NO_CONFLICT_DETECTED	NOT_A_PATIENT_COUNT__NO_CROSS_MEASURE_SUM_EMITTED	DISJOINTNESS_UNVERIFIABLE__NO_participantFlowModule_IN_CACHE
NCT03215810	ctg_results_bor_2014_2017.txt	20	ACTUAL	1	1	1	13	ctg_results_bor_2014_2017.txt::NCT03215810::outcomeMeasures[1]::groups[OG000]	1	1	13	False	NO_CONFLICT_DETECTED	NOT_A_PATIENT_COUNT__NO_CROSS_MEASURE_SUM_EMITTED	DISJOINTNESS_UNVERIFIABLE__NO_participantFlowModule_IN_CACHE
NCT02762513	ctg_results_bor_2014_2017.txt	29	ACTUAL	1	1	1	28	ctg_results_bor_2014_2017.txt::NCT02762513::outcomeMeasures[3]::groups[OG000]	3	1	28	False	NO_CONFLICT_DETECTED	NOT_A_PATIENT_COUNT__NO_CROSS_MEASURE_SUM_EMITTED	DISJOINTNESS_UNVERIFIABLE__NO_participantFlowModule_IN_CACHE
NCT02747043	ctg_results_bor_2014_2017.txt	256	ACTUAL	2	2	4	124	ctg_results_bor_2014_2017.txt::NCT02747043::outcomeMeasures[0]::groups[OG001]	0	2	247	False	NO_CONFLICT_DETECTED	NOT_A_PATIENT_COUNT__NO_CROSS_MEASURE_SUM_EMITTED	DISJOINTNESS_UNVERIFIABLE__NO_participantFlowModule_IN_CACHE
NCT02616393	ctg_results_bor_2014_2017.txt	36	ACTUAL	3	4	4	20	ctg_results_bor_2014_2017.txt::NCT02616393::outcomeMeasures[1]::groups[OG000]	0	3	32	True	NO_CONFLICT_DETECTED	NOT_A_PATIENT_COUNT__NO_CROSS_MEASURE_SUM_EMITTED	DISJOINTNESS_UNVERIFIABLE__NO_participantFlowModule_IN_CACHE
NCT03147287	ctg_results_bor_2014_2017.txt	220	ACTUAL	3	3	3	111	ctg_results_bor_2014_2017.txt::NCT03147287::outcomeMeasures[1]::groups[OG001]	1	3	220	False	NO_CONFLICT_DETECTED	NOT_A_PATIENT_COUNT__NO_CROSS_MEASURE_SUM_EMITTED	DISJOINTNESS_UNVERIFIABLE__NO_participantFlowModule_IN_CACHE
NCT03048500	ctg_results_bor_2014_2017.txt	17	ACTUAL	1	1	2	17	ctg_results_bor_2014_2017.txt::NCT03048500::outcomeMeasures[0]::groups[OG000]	0	1	17	False	NO_CONFLICT_DETECTED	NOT_A_PATIENT_COUNT__NO_CROSS_MEASURE_SUM_EMITTED	DISJOINTNESS_UNVERIFIABLE__NO_participantFlowModule_IN_CACHE
NCT02669264	ctg_results_bor_2014_2017.txt	35	ACTUAL	2	7	7	0			0	0	False	NO_CONFLICT_DETECTED	NOT_A_PATIENT_COUNT__NO_CROSS_MEASURE_SUM_EMITTED	DISJOINTNESS_UNVERIFIABLE__NO_participantFlowModule_IN_CACHE
NCT02658019	ctg_results_bor_2014_2017.txt	29	ACTUAL	1	1	2	28	ctg_results_bor_2014_2017.txt::NCT02658019::outcomeMeasures[0]::groups[OG000]	0	1	28	False	NO_CONFLICT_DETECTED	NOT_A_PATIENT_COUNT__NO_CROSS_MEASURE_SUM_EMITTED	DISJOINTNESS_UNVERIFIABLE__NO_participantFlowModule_IN_CACHE
NCT03284957	ctg_results_bor_2014_2017.txt	136	ACTUAL	5	18	39	59	ctg_results_bor_2014_2017.txt::NCT03284957::outcomeMeasures[10]::groups[OG000]	4	16	128	False	NO_CONFLICT_DETECTED	NOT_A_PATIENT_COUNT__NO_CROSS_MEASURE_SUM_EMITTED	DISJOINTNESS_UNVERIFIABLE__NO_participantFlowModule_IN_CACHE
NCT02980731	ctg_results_bor_2014_2017.txt	210	ACTUAL	1	1	2	210	ctg_results_bor_2014_2017.txt::NCT02980731::outcomeMeasures[25]::groups[OG000]	25	1	210	False	NO_CONFLICT_DETECTED	NOT_A_PATIENT_COUNT__NO_CROSS_MEASURE_SUM_EMITTED	DISJOINTNESS_UNVERIFIABLE__NO_participantFlowModule_IN_CACHE
NCT03321630	ctg_results_bor_2014_2017.txt	24	ACTUAL	1	1	1	20	ctg_results_bor_2014_2017.txt::NCT03321630::outcomeMeasures[0]::groups[OG000]	0	1	20	False	NO_CONFLICT_DETECTED	NOT_A_PATIENT_COUNT__NO_CROSS_MEASURE_SUM_EMITTED	DISJOINTNESS_UNVERIFIABLE__NO_participantFlowModule_IN_CACHE
NCT02605967	ctg_results_bor_2014_2017.txt	122	ACTUAL	2	2	2	82	ctg_results_bor_2014_2017.txt::NCT02605967::outcomeMeasures[3]::groups[OG000]	3	2	122	False	NO_CONFLICT_DETECTED	NOT_A_PATIENT_COUNT__NO_CROSS_MEASURE_SUM_EMITTED	DISJOINTNESS_UNVERIFIABLE__NO_participantFlowModule_IN_CACHE
NCT02089685	ctg_results_bor_2014_2017.txt	295	ACTUAL	4	6	30	146	ctg_results_bor_2014_2017.txt::NCT02089685::outcomeMeasures[7]::groups[OG003]	9	3	235	False	NO_CONFLICT_DETECTED	NOT_A_PATIENT_COUNT__NO_CROSS_MEASURE_SUM_EMITTED	DISJOINTNESS_UNVERIFIABLE__NO_participantFlowModule_IN_CACHE
NCT02640755	ctg_results_bor_2014_2017.txt	4	ACTUAL	3	2	2	3	ctg_results_bor_2014_2017.txt::NCT02640755::outcomeMeasures[26]::groups[OG000]	26	2	4	False	NO_CONFLICT_DETECTED	NOT_A_PATIENT_COUNT__NO_CROSS_MEASURE_SUM_EMITTED	DISJOINTNESS_UNVERIFIABLE__NO_participantFlowModule_IN_CACHE
NCT02412878	ctg_results_bor_2014_2017.txt	478	ACTUAL	2	2	2	240	ctg_results_bor_2014_2017.txt::NCT02412878::outcomeMeasures[0]::groups[OG001]	0	2	478	False	NO_CONFLICT_DETECTED	NOT_A_PATIENT_COUNT__NO_CROSS_MEASURE_SUM_EMITTED	DISJOINTNESS_UNVERIFIABLE__NO_participantFlowModule_IN_CACHE
NCT01997840	ctg_results_bor_2014_2017.txt	103	ACTUAL	1	4	6	77	ctg_results_bor_2014_2017.txt::NCT01997840::outcomeMeasures[1]::groups[OG000]	1	2	84	False	NO_CONFLICT_DETECTED	NOT_A_PATIENT_COUNT__NO_CROSS_MEASURE_SUM_EMITTED	DISJOINTNESS_UNVERIFIABLE__NO_participantFlowModule_IN_CACHE
NCT02402764	ctg_results_bor_2014_2017.txt	10	ACTUAL	1	1	3	10	ctg_results_bor_2014_2017.txt::NCT02402764::outcomeMeasures[0]::groups[OG000]	0	1	10	False	NO_CONFLICT_DETECTED	NOT_A_PATIENT_COUNT__NO_CROSS_MEASURE_SUM_EMITTED	DISJOINTNESS_UNVERIFIABLE__NO_participantFlowModule_IN_CACHE
NCT02659514	ctg_results_bor_2014_2017.txt	67	ACTUAL	2	2	4	30	ctg_results_bor_2014_2017.txt::NCT02659514::outcomeMeasures[0]::groups[OG000]	0	2	57	False	NO_CONFLICT_DETECTED	NOT_A_PATIENT_COUNT__NO_CROSS_MEASURE_SUM_EMITTED	DISJOINTNESS_UNVERIFIABLE__NO_participantFlowModule_IN_CACHE
NCT02041533	ctg_results_bor_2014_2017.txt	541	ACTUAL	2	2	2	212	ctg_results_bor_2014_2017.txt::NCT02041533::outcomeMeasures[4]::groups[OG001]	4	2	423	False	NO_CONFLICT_DETECTED	NOT_A_PATIENT_COUNT__NO_CROSS_MEASURE_SUM_EMITTED	DISJOINTNESS_UNVERIFIABLE__NO_participantFlowModule_IN_CACHE
NCT03097328	ctg_results_bor_2014_2017.txt	39	ACTUAL	1	1	1	38	ctg_results_bor_2014_2017.txt::NCT03097328::outcomeMeasures[0]::groups[OG000]	0	1	38	False	NO_CONFLICT_DETECTED	NOT_A_PATIENT_COUNT__NO_CROSS_MEASURE_SUM_EMITTED	DISJOINTNESS_UNVERIFIABLE__NO_participantFlowModule_IN_CACHE
NCT03145064	ctg_results_bor_2014_2017.txt	41	ACTUAL	1	1	1	41	ctg_results_bor_2014_2017.txt::NCT03145064::outcomeMeasures[0]::groups[OG000]	0	1	41	False	NO_CONFLICT_DETECTED	NOT_A_PATIENT_COUNT__NO_CROSS_MEASURE_SUM_EMITTED	DISJOINTNESS_UNVERIFIABLE__NO_participantFlowModule_IN_CACHE
NCT02557516	ctg_results_bor_2014_2017.txt	22	ACTUAL	4	4	4	9	ctg_results_bor_2014_2017.txt::NCT02557516::outcomeMeasures[2]::groups[OG003]	2	4	21	False	NO_CONFLICT_DETECTED	NOT_A_PATIENT_COUNT__NO_CROSS_MEASURE_SUM_EMITTED	DISJOINTNESS_UNVERIFIABLE__NO_participantFlowModule_IN_CACHE
NCT02536742	ctg_results_bor_2014_2017.txt	124	ACTUAL	1	1	2	122	ctg_results_bor_2014_2017.txt::NCT02536742::outcomeMeasures[1]::groups[OG000]	1	1	122	False	NO_CONFLICT_DETECTED	NOT_A_PATIENT_COUNT__NO_CROSS_MEASURE_SUM_EMITTED	DISJOINTNESS_UNVERIFIABLE__NO_participantFlowModule_IN_CACHE
NCT03077698	ctg_results_bor_2014_2017.txt	25	ACTUAL	1	1	1	11	ctg_results_bor_2014_2017.txt::NCT03077698::outcomeMeasures[1]::groups[OG000]	1	1	11	False	NO_CONFLICT_DETECTED	NOT_A_PATIENT_COUNT__NO_CROSS_MEASURE_SUM_EMITTED	DISJOINTNESS_UNVERIFIABLE__NO_participantFlowModule_IN_CACHE
NCT02450539	ctg_results_bor_2014_2017.txt	159	ACTUAL	2	2	4	106	ctg_results_bor_2014_2017.txt::NCT02450539::outcomeMeasures[4]::groups[OG000]	4	2	159	False	NO_CONFLICT_DETECTED	NOT_A_PATIENT_COUNT__NO_CROSS_MEASURE_SUM_EMITTED	DISJOINTNESS_UNVERIFIABLE__NO_participantFlowModule_IN_CACHE
NCT02393690	ctg_results_bor_2014_2017.txt	60	ACTUAL	2	2	2	29	ctg_results_bor_2014_2017.txt::NCT02393690::outcomeMeasures[1]::groups[OG001]	1	2	57	False	NO_CONFLICT_DETECTED	NOT_A_PATIENT_COUNT__NO_CROSS_MEASURE_SUM_EMITTED	DISJOINTNESS_UNVERIFIABLE__NO_participantFlowModule_IN_CACHE
NCT03141359	ctg_results_bor_2014_2017.txt	61	ACTUAL	1	1	1	60	ctg_results_bor_2014_2017.txt::NCT03141359::outcomeMeasures[4]::groups[OG000]	4	1	60	False	NO_CONFLICT_DETECTED	NOT_A_PATIENT_COUNT__NO_CROSS_MEASURE_SUM_EMITTED	DISJOINTNESS_UNVERIFIABLE__NO_participantFlowModule_IN_CACHE
NCT03157089	ctg_results_bor_2014_2017.txt	24	ACTUAL	1	2	6	12	ctg_results_bor_2014_2017.txt::NCT03157089::outcomeMeasures[0]::groups[OG000]	0	2	24	False	NO_CONFLICT_DETECTED	NOT_A_PATIENT_COUNT__NO_CROSS_MEASURE_SUM_EMITTED	DISJOINTNESS_UNVERIFIABLE__NO_participantFlowModule_IN_CACHE
NCT02246127	ctg_results_bor_2014_2017.txt	141	ACTUAL	2	2	8	69	ctg_results_bor_2014_2017.txt::NCT02246127::outcomeMeasures[5]::groups[OG000]	5	2	135	False	NO_CONFLICT_DETECTED	NOT_A_PATIENT_COUNT__NO_CROSS_MEASURE_SUM_EMITTED	DISJOINTNESS_UNVERIFIABLE__NO_participantFlowModule_IN_CACHE
NCT02431260	ctg_results_bor_2014_2017.txt	69	ACTUAL	1	2	2	10	ctg_results_bor_2014_2017.txt::NCT02431260::outcomeMeasures[7]::groups[OG000]	7	1	10	False	NO_CONFLICT_DETECTED	NOT_A_PATIENT_COUNT__NO_CROSS_MEASURE_SUM_EMITTED	DISJOINTNESS_UNVERIFIABLE__NO_participantFlowModule_IN_CACHE
NCT03230318	ctg_results_bor_2014_2017.txt	148	ACTUAL	1	2	2	103	ctg_results_bor_2014_2017.txt::NCT03230318::outcomeMeasures[0]::groups[OG000]	0	1	103	False	NO_CONFLICT_DETECTED	NOT_A_PATIENT_COUNT__NO_CROSS_MEASURE_SUM_EMITTED	DISJOINTNESS_UNVERIFIABLE__NO_participantFlowModule_IN_CACHE
NCT03195478	ctg_results_bor_2014_2017.txt	37	ACTUAL	4	1	4	9	ctg_results_bor_2014_2017.txt::NCT03195478::outcomeMeasures[5]::groups[OG000]	5	1	9	False	NO_CONFLICT_DETECTED	NOT_A_PATIENT_COUNT__NO_CROSS_MEASURE_SUM_EMITTED	DISJOINTNESS_UNVERIFIABLE__NO_participantFlowModule_IN_CACHE
NCT02566993	ctg_results_bor_2014_2017.txt	613	ACTUAL	3	2	10	307	ctg_results_bor_2014_2017.txt::NCT02566993::outcomeMeasures[8]::groups[OG000]	8	2	613	False	NO_CONFLICT_DETECTED	NOT_A_PATIENT_COUNT__NO_CROSS_MEASURE_SUM_EMITTED	DISJOINTNESS_UNVERIFIABLE__NO_participantFlowModule_IN_CACHE
NCT02113878	ctg_results_bor_2014_2017.txt	23	ACTUAL	2	2	2	17	ctg_results_bor_2014_2017.txt::NCT02113878::outcomeMeasures[1]::groups[OG000]	1	2	23	False	NO_CONFLICT_DETECTED	NOT_A_PATIENT_COUNT__NO_CROSS_MEASURE_SUM_EMITTED	DISJOINTNESS_UNVERIFIABLE__NO_participantFlowModule_IN_CACHE
NCT03029234	ctg_results_bor_2014_2017.txt	126	ACTUAL	1	1	9	123	ctg_results_bor_2014_2017.txt::NCT03029234::outcomeMeasures[0]::groups[OG000]	0	1	123	False	NO_CONFLICT_DETECTED	NOT_A_PATIENT_COUNT__NO_CROSS_MEASURE_SUM_EMITTED	DISJOINTNESS_UNVERIFIABLE__NO_participantFlowModule_IN_CACHE
NCT02347917	ctg_results_bor_2014_2017.txt	28	ACTUAL	1	6	10	25	ctg_results_bor_2014_2017.txt::NCT02347917::outcomeMeasures[5]::groups[OG004]	5	5	57	False	WITHIN_MEASURE_SUM_EXCEEDS_ENROLLMENT	NOT_A_PATIENT_COUNT__NO_CROSS_MEASURE_SUM_EMITTED	DISJOINTNESS_UNVERIFIABLE__NO_participantFlowModule_IN_CACHE
NCT02732119	ctg_results_bor_2014_2017.txt	104	ACTUAL	5	5	12	46	ctg_results_bor_2014_2017.txt::NCT02732119::outcomeMeasures[1]::groups[OG000]	1	2	78	False	NO_CONFLICT_DETECTED	NOT_A_PATIENT_COUNT__NO_CROSS_MEASURE_SUM_EMITTED	DISJOINTNESS_UNVERIFIABLE__NO_participantFlowModule_IN_CACHE
NCT03157128	ctg_results_bor_2014_2017.txt	857	ACTUAL	16	6	6	307	ctg_results_bor_2014_2017.txt::NCT03157128::outcomeMeasures[2]::groups[OG000]	2	6	857	False	NO_CONFLICT_DETECTED	NOT_A_PATIENT_COUNT__NO_CROSS_MEASURE_SUM_EMITTED	DISJOINTNESS_UNVERIFIABLE__NO_participantFlowModule_IN_CACHE
NCT02984995	ctg_results_bor_2014_2017.txt	37	ACTUAL	2	3	3	27	ctg_results_bor_2014_2017.txt::NCT02984995::outcomeMeasures[2]::groups[OG002]	2	3	54	True	WITHIN_MEASURE_SUM_EXCEEDS_ENROLLMENT__POOLED_LABEL_IN_MEASURE	NOT_A_PATIENT_COUNT__NO_CROSS_MEASURE_SUM_EMITTED	DISJOINTNESS_UNVERIFIABLE__NO_participantFlowModule_IN_CACHE
NCT02285439	ctg_results_bor_2014_2017.txt	105	ACTUAL	3	2	2	27	ctg_results_bor_2014_2017.txt::NCT02285439::outcomeMeasures[0]::groups[OG000]	0	2	48	False	NO_CONFLICT_DETECTED	NOT_A_PATIENT_COUNT__NO_CROSS_MEASURE_SUM_EMITTED	DISJOINTNESS_UNVERIFIABLE__NO_participantFlowModule_IN_CACHE
NCT02864251	ctg_results_bor_2014_2017.txt	367	ACTUAL	3	3	3	150	ctg_results_bor_2014_2017.txt::NCT02864251::outcomeMeasures[2]::groups[OG002]	2	3	367	False	NO_CONFLICT_DETECTED	NOT_A_PATIENT_COUNT__NO_CROSS_MEASURE_SUM_EMITTED	DISJOINTNESS_UNVERIFIABLE__NO_participantFlowModule_IN_CACHE
NCT02761694	ctg_results_bor_2014_2017.txt	78	ACTUAL	12	12	36	24	ctg_results_bor_2014_2017.txt::NCT02761694::outcomeMeasures[6]::groups[OG006]	6	12	59	False	NO_CONFLICT_DETECTED	NOT_A_PATIENT_COUNT__NO_CROSS_MEASURE_SUM_EMITTED	DISJOINTNESS_UNVERIFIABLE__NO_participantFlowModule_IN_CACHE
NCT02129556	ctg_results_bor_2014_2017.txt	58	ACTUAL	1	3	6	40	ctg_results_bor_2014_2017.txt::NCT02129556::outcomeMeasures[1]::groups[OG001]	1	3	58	False	NO_CONFLICT_DETECTED	NOT_A_PATIENT_COUNT__NO_CROSS_MEASURE_SUM_EMITTED	DISJOINTNESS_UNVERIFIABLE__NO_participantFlowModule_IN_CACHE
NCT02982720	ctg_results_bor_2014_2017.txt	4	ACTUAL	1	1	2	0			0	0	False	NO_CONFLICT_DETECTED	NOT_A_PATIENT_COUNT__NO_CROSS_MEASURE_SUM_EMITTED	DISJOINTNESS_UNVERIFIABLE__NO_participantFlowModule_IN_CACHE
NCT02069041	ctg_results_bor_2014_2017.txt	8	ACTUAL	1	1	1	8	ctg_results_bor_2014_2017.txt::NCT02069041::outcomeMeasures[4]::groups[OG000]	4	1	8	False	NO_CONFLICT_DETECTED	NOT_A_PATIENT_COUNT__NO_CROSS_MEASURE_SUM_EMITTED	DISJOINTNESS_UNVERIFIABLE__NO_participantFlowModule_IN_CACHE
NCT02045095	ctg_results_bor_2014_2017.txt	29	ACTUAL	7	7	7	5	ctg_results_bor_2014_2017.txt::NCT02045095::outcomeMeasures[17]::groups[OG005]	17	7	20	False	NO_CONFLICT_DETECTED	NOT_A_PATIENT_COUNT__NO_CROSS_MEASURE_SUM_EMITTED	DISJOINTNESS_UNVERIFIABLE__NO_participantFlowModule_IN_CACHE
NCT02834975	ctg_results_bor_2014_2017.txt	26	ACTUAL	1	1	1	25	ctg_results_bor_2014_2017.txt::NCT02834975::outcomeMeasures[0]::groups[OG000]	0	1	25	False	NO_CONFLICT_DETECTED	NOT_A_PATIENT_COUNT__NO_CROSS_MEASURE_SUM_EMITTED	DISJOINTNESS_UNVERIFIABLE__NO_participantFlowModule_IN_CACHE
NCT02872116	ctg_results_bor_2014_2017.txt	2031	ACTUAL	5	4	4	792	ctg_results_bor_2014_2017.txt::NCT02872116::outcomeMeasures[4]::groups[OG001]	4	2	1581	False	NO_CONFLICT_DETECTED	NOT_A_PATIENT_COUNT__NO_CROSS_MEASURE_SUM_EMITTED	DISJOINTNESS_UNVERIFIABLE__NO_participantFlowModule_IN_CACHE
NCT02951156	ctg_results_bor_2014_2017.txt	29	ACTUAL	5	3	6	11	ctg_results_bor_2014_2017.txt::NCT02951156::outcomeMeasures[1]::groups[OG002]	1	3	29	False	NO_CONFLICT_DETECTED	NOT_A_PATIENT_COUNT__NO_CROSS_MEASURE_SUM_EMITTED	DISJOINTNESS_UNVERIFIABLE__NO_participantFlowModule_IN_CACHE
NCT02733159	ctg_results_bor_2014_2017.txt	62	ACTUAL	1	1	2	60	ctg_results_bor_2014_2017.txt::NCT02733159::outcomeMeasures[2]::groups[OG000]	2	1	60	False	NO_CONFLICT_DETECTED	NOT_A_PATIENT_COUNT__NO_CROSS_MEASURE_SUM_EMITTED	DISJOINTNESS_UNVERIFIABLE__NO_participantFlowModule_IN_CACHE
NCT03268954	ctg_results_bor_2014_2017.txt	454	ACTUAL	2	2	12	208	ctg_results_bor_2014_2017.txt::NCT03268954::outcomeMeasures[12]::groups[OG001]	12	2	414	False	NO_CONFLICT_DETECTED	NOT_A_PATIENT_COUNT__NO_CROSS_MEASURE_SUM_EMITTED	DISJOINTNESS_UNVERIFIABLE__NO_participantFlowModule_IN_CACHE
NCT02982954	ctg_results_bor_2014_2017.txt	211	ACTUAL	4	4	8	96	ctg_results_bor_2014_2017.txt::NCT02982954::outcomeMeasures[8]::groups[OG000]	8	4	186	False	NO_CONFLICT_DETECTED	NOT_A_PATIENT_COUNT__NO_CROSS_MEASURE_SUM_EMITTED	DISJOINTNESS_UNVERIFIABLE__NO_participantFlowModule_IN_CACHE
NCT01978236	ctg_results_bor_2014_2017.txt	6	ACTUAL	2	1	1	0			0	0	False	NO_CONFLICT_DETECTED	NOT_A_PATIENT_COUNT__NO_CROSS_MEASURE_SUM_EMITTED	DISJOINTNESS_UNVERIFIABLE__NO_participantFlowModule_IN_CACHE
NCT02768701	ctg_results_bor_2014_2017.txt	40	ACTUAL	1	1	2	39	ctg_results_bor_2014_2017.txt::NCT02768701::outcomeMeasures[2]::groups[OG000]	2	1	39	False	NO_CONFLICT_DETECTED	NOT_A_PATIENT_COUNT__NO_CROSS_MEASURE_SUM_EMITTED	DISJOINTNESS_UNVERIFIABLE__NO_participantFlowModule_IN_CACHE
NCT02391116	ctg_results_bor_2014_2017.txt	67	ACTUAL	1	8	17	67	ctg_results_bor_2014_2017.txt::NCT02391116::outcomeMeasures[0]::groups[OG000]	0	1	67	False	NO_CONFLICT_DETECTED	NOT_A_PATIENT_COUNT__NO_CROSS_MEASURE_SUM_EMITTED	DISJOINTNESS_UNVERIFIABLE__NO_participantFlowModule_IN_CACHE
NCT02513472	ctg_results_bor_2014_2017.txt	258	ACTUAL	1	3	9	167	ctg_results_bor_2014_2017.txt::NCT02513472::outcomeMeasures[0]::groups[OG002]	0	3	334	True	WITHIN_MEASURE_SUM_EXCEEDS_ENROLLMENT__POOLED_LABEL_IN_MEASURE	NOT_A_PATIENT_COUNT__NO_CROSS_MEASURE_SUM_EMITTED	DISJOINTNESS_UNVERIFIABLE__NO_participantFlowModule_IN_CACHE
NCT01996865	ctg_results_bor_2014_2017.txt	503	ACTUAL	2	2	4	135	ctg_results_bor_2014_2017.txt::NCT01996865::outcomeMeasures[4]::groups[OG000]	4	2	267	False	NO_CONFLICT_DETECTED	NOT_A_PATIENT_COUNT__NO_CROSS_MEASURE_SUM_EMITTED	DISJOINTNESS_UNVERIFIABLE__NO_participantFlowModule_IN_CACHE
NCT02823574	ctg_results_bor_2014_2017.txt	425	ACTUAL	2	4	18	159	ctg_results_bor_2014_2017.txt::NCT02823574::outcomeMeasures[0]::groups[OG000]	0	2	241	False	NO_CONFLICT_DETECTED	NOT_A_PATIENT_COUNT__NO_CROSS_MEASURE_SUM_EMITTED	DISJOINTNESS_UNVERIFIABLE__NO_participantFlowModule_IN_CACHE
NCT03369223	ctg_results_bor_2014_2017.txt	356	ACTUAL	11	15	17	59	ctg_results_bor_2014_2017.txt::NCT03369223::outcomeMeasures[12]::groups[OG012]	12	14	201	False	NO_CONFLICT_DETECTED	NOT_A_PATIENT_COUNT__NO_CROSS_MEASURE_SUM_EMITTED	DISJOINTNESS_UNVERIFIABLE__NO_participantFlowModule_IN_CACHE
NCT03107988	ctg_results_bor_2014_2017.txt	65	ACTUAL	13	13	13	12	ctg_results_bor_2014_2017.txt::NCT03107988::outcomeMeasures[14]::groups[OG001]	12	6	29	False	NO_CONFLICT_DETECTED	NOT_A_PATIENT_COUNT__NO_CROSS_MEASURE_SUM_EMITTED	DISJOINTNESS_UNVERIFIABLE__NO_participantFlowModule_IN_CACHE
NCT02865135	ctg_results_bor_2014_2017.txt	11	ACTUAL	3	3	3	6	ctg_results_bor_2014_2017.txt::NCT02865135::outcomeMeasures[3]::groups[OG000]	3	3	11	False	NO_CONFLICT_DETECTED	NOT_A_PATIENT_COUNT__NO_CROSS_MEASURE_SUM_EMITTED	DISJOINTNESS_UNVERIFIABLE__NO_participantFlowModule_IN_CACHE
NCT03000452	ctg_results_bor_2014_2017.txt	18	ACTUAL	1	1	1	18	ctg_results_bor_2014_2017.txt::NCT03000452::outcomeMeasures[0]::groups[OG000]	0	1	18	False	NO_CONFLICT_DETECTED	NOT_A_PATIENT_COUNT__NO_CROSS_MEASURE_SUM_EMITTED	DISJOINTNESS_UNVERIFIABLE__NO_participantFlowModule_IN_CACHE
NCT03269552	ctg_results_bor_2014_2017.txt	4	ACTUAL	1	1	1	4	ctg_results_bor_2014_2017.txt::NCT03269552::outcomeMeasures[0]::groups[OG000]	0	1	4	False	NO_CONFLICT_DETECTED	NOT_A_PATIENT_COUNT__NO_CROSS_MEASURE_SUM_EMITTED	DISJOINTNESS_UNVERIFIABLE__NO_participantFlowModule_IN_CACHE
NCT02527434	ctg_results_bor_2014_2017.txt	64	ACTUAL	1	8	14	32	ctg_results_bor_2014_2017.txt::NCT02527434::outcomeMeasures[0]::groups[OG000]	0	3	64	False	NO_CONFLICT_DETECTED	NOT_A_PATIENT_COUNT__NO_CROSS_MEASURE_SUM_EMITTED	DISJOINTNESS_UNVERIFIABLE__NO_participantFlowModule_IN_CACHE
NCT03093155	ctg_results_bor_2014_2017.txt	78	ACTUAL	2	2	4	39	ctg_results_bor_2014_2017.txt::NCT03093155::outcomeMeasures[1]::groups[OG001]	1	2	76	False	NO_CONFLICT_DETECTED	NOT_A_PATIENT_COUNT__NO_CROSS_MEASURE_SUM_EMITTED	DISJOINTNESS_UNVERIFIABLE__NO_participantFlowModule_IN_CACHE
NCT02017717	ctg_results_bor_2014_2017.txt	529	ACTUAL	3	2	2	156	ctg_results_bor_2014_2017.txt::NCT02017717::outcomeMeasures[9]::groups[OG001]	9	2	309	False	NO_CONFLICT_DETECTED	NOT_A_PATIENT_COUNT__NO_CROSS_MEASURE_SUM_EMITTED	DISJOINTNESS_UNVERIFIABLE__NO_participantFlowModule_IN_CACHE
NCT03314935	ctg_results_bor_2014_2017.txt	149	ACTUAL	3	15	30	33	ctg_results_bor_2014_2017.txt::NCT03314935::outcomeMeasures[3]::groups[OG001]	6	15	149	False	NO_CONFLICT_DETECTED	NOT_A_PATIENT_COUNT__NO_CROSS_MEASURE_SUM_EMITTED	DISJOINTNESS_UNVERIFIABLE__NO_participantFlowModule_IN_CACHE
NCT02191891	ctg_results_bor_2014_2017.txt	32	ACTUAL	5	3	3	10	ctg_results_bor_2014_2017.txt::NCT02191891::outcomeMeasures[2]::groups[OG002]	2	3	16	False	NO_CONFLICT_DETECTED	NOT_A_PATIENT_COUNT__NO_CROSS_MEASURE_SUM_EMITTED	DISJOINTNESS_UNVERIFIABLE__NO_participantFlowModule_IN_CACHE
NCT02826486	ctg_results_bor_2014_2017.txt	80	ACTUAL	2	2	2	39	ctg_results_bor_2014_2017.txt::NCT02826486::outcomeMeasures[0]::groups[OG001]	0	2	69	False	NO_CONFLICT_DETECTED	NOT_A_PATIENT_COUNT__NO_CROSS_MEASURE_SUM_EMITTED	DISJOINTNESS_UNVERIFIABLE__NO_participantFlowModule_IN_CACHE
NCT02657369	ctg_results_bor_2014_2017.txt	34	ACTUAL	1	1	1	33	ctg_results_bor_2014_2017.txt::NCT02657369::outcomeMeasures[0]::groups[OG000]	0	1	33	False	NO_CONFLICT_DETECTED	NOT_A_PATIENT_COUNT__NO_CROSS_MEASURE_SUM_EMITTED	DISJOINTNESS_UNVERIFIABLE__NO_participantFlowModule_IN_CACHE
NCT02679170	ctg_results_bor_2014_2017.txt	692	ACTUAL	1	2	2	81	ctg_results_bor_2014_2017.txt::NCT02679170::outcomeMeasures[14]::groups[OG000]	14	2	126	False	NO_CONFLICT_DETECTED	NOT_A_PATIENT_COUNT__NO_CROSS_MEASURE_SUM_EMITTED	DISJOINTNESS_UNVERIFIABLE__NO_participantFlowModule_IN_CACHE
NCT02844439	ctg_results_bor_2014_2017.txt	40	ACTUAL	1	3	6	40	ctg_results_bor_2014_2017.txt::NCT02844439::outcomeMeasures[4]::groups[OG000]	4	3	75	True	WITHIN_MEASURE_SUM_EXCEEDS_ENROLLMENT__POOLED_LABEL_IN_MEASURE	NOT_A_PATIENT_COUNT__NO_CROSS_MEASURE_SUM_EMITTED	DISJOINTNESS_UNVERIFIABLE__NO_participantFlowModule_IN_CACHE
NCT02434081	ctg_results_bor_2014_2017.txt	94	ACTUAL	1	1	1	79	ctg_results_bor_2014_2017.txt::NCT02434081::outcomeMeasures[3]::groups[OG000]	3	1	79	False	NO_CONFLICT_DETECTED	NOT_A_PATIENT_COUNT__NO_CROSS_MEASURE_SUM_EMITTED	DISJOINTNESS_UNVERIFIABLE__NO_participantFlowModule_IN_CACHE
NCT02481830	ctg_results_bor_2014_2017.txt	569	ACTUAL	3	2	2	285	ctg_results_bor_2014_2017.txt::NCT02481830::outcomeMeasures[2]::groups[OG001]	2	2	569	False	NO_CONFLICT_DETECTED	NOT_A_PATIENT_COUNT__NO_CROSS_MEASURE_SUM_EMITTED	DISJOINTNESS_UNVERIFIABLE__NO_participantFlowModule_IN_CACHE
NCT02474355	ctg_results_bor_2014_2017.txt	3017	ACTUAL	1	1	1	2900	ctg_results_bor_2014_2017.txt::NCT02474355::outcomeMeasures[4]::groups[OG000]	4	1	2900	False	NO_CONFLICT_DETECTED	NOT_A_PATIENT_COUNT__NO_CROSS_MEASURE_SUM_EMITTED	DISJOINTNESS_UNVERIFIABLE__NO_participantFlowModule_IN_CACHE
NCT02393248	ctg_results_bor_2014_2017.txt	201	ACTUAL	25	15	15	44	ctg_results_bor_2014_2017.txt::NCT02393248::outcomeMeasures[6]::groups[OG001]	6	5	79	False	NO_CONFLICT_DETECTED	NOT_A_PATIENT_COUNT__NO_CROSS_MEASURE_SUM_EMITTED	DISJOINTNESS_UNVERIFIABLE__NO_participantFlowModule_IN_CACHE
NCT02255110	ctg_results_bor_2014_2017.txt	6	ACTUAL	1	1	2	0			0	0	False	NO_CONFLICT_DETECTED	NOT_A_PATIENT_COUNT__NO_CROSS_MEASURE_SUM_EMITTED	DISJOINTNESS_UNVERIFIABLE__NO_participantFlowModule_IN_CACHE
NCT01896479	ctg_results_bor_2014_2017.txt	247	ACTUAL	2	2	2	124	ctg_results_bor_2014_2017.txt::NCT01896479::outcomeMeasures[1]::groups[OG001]	1	2	247	False	NO_CONFLICT_DETECTED	NOT_A_PATIENT_COUNT__NO_CROSS_MEASURE_SUM_EMITTED	DISJOINTNESS_UNVERIFIABLE__NO_participantFlowModule_IN_CACHE
NCT02759835	ctg_results_bor_2014_2017.txt	37	ACTUAL	3	4	8	36	ctg_results_bor_2014_2017.txt::NCT02759835::outcomeMeasures[9]::groups[OG000]	8	3	37	False	NO_CONFLICT_DETECTED	NOT_A_PATIENT_COUNT__NO_CROSS_MEASURE_SUM_EMITTED	DISJOINTNESS_UNVERIFIABLE__NO_participantFlowModule_IN_CACHE
NCT02578641	ctg_results_bor_2014_2017.txt	330	ACTUAL	2	2	6	166	ctg_results_bor_2014_2017.txt::NCT02578641::outcomeMeasures[2]::groups[OG001]	2	2	330	False	NO_CONFLICT_DETECTED	NOT_A_PATIENT_COUNT__NO_CROSS_MEASURE_SUM_EMITTED	DISJOINTNESS_UNVERIFIABLE__NO_participantFlowModule_IN_CACHE
NCT02242942	ctg_results_bor_2014_2017.txt	445	ACTUAL	3	2	4	216	ctg_results_bor_2014_2017.txt::NCT02242942::outcomeMeasures[2]::groups[OG000]	2	2	432	False	NO_CONFLICT_DETECTED	NOT_A_PATIENT_COUNT__NO_CROSS_MEASURE_SUM_EMITTED	DISJOINTNESS_UNVERIFIABLE__NO_participantFlowModule_IN_CACHE
NCT02720510	ctg_results_bor_2014_2017.txt	6	ACTUAL	2	2	2	0			0	0	False	NO_CONFLICT_DETECTED	NOT_A_PATIENT_COUNT__NO_CROSS_MEASURE_SUM_EMITTED	DISJOINTNESS_UNVERIFIABLE__NO_participantFlowModule_IN_CACHE
NCT01937715	ctg_results_bor_2014_2017.txt	18	ACTUAL	2	5	10	5	ctg_results_bor_2014_2017.txt::NCT01937715::outcomeMeasures[2]::groups[OG003]	2	5	17	False	NO_CONFLICT_DETECTED	NOT_A_PATIENT_COUNT__NO_CROSS_MEASURE_SUM_EMITTED	DISJOINTNESS_UNVERIFIABLE__NO_participantFlowModule_IN_CACHE
NCT02407990	ctg_results_bor_2014_2017.txt	451	ACTUAL	2	2	4	335	ctg_results_bor_2014_2017.txt::NCT02407990::outcomeMeasures[6]::groups[OG000]	6	1	335	False	NO_CONFLICT_DETECTED	NOT_A_PATIENT_COUNT__NO_CROSS_MEASURE_SUM_EMITTED	DISJOINTNESS_UNVERIFIABLE__NO_participantFlowModule_IN_CACHE
NCT03006887	ctg_results_bor_2014_2017.txt	6	ACTUAL	1	1	1	6	ctg_results_bor_2014_2017.txt::NCT03006887::outcomeMeasures[2]::groups[OG000]	2	1	6	False	NO_CONFLICT_DETECTED	NOT_A_PATIENT_COUNT__NO_CROSS_MEASURE_SUM_EMITTED	DISJOINTNESS_UNVERIFIABLE__NO_participantFlowModule_IN_CACHE
NCT02703272	ctg_results_bor_2014_2017.txt	72	ACTUAL	2	4	4	35	ctg_results_bor_2014_2017.txt::NCT02703272::outcomeMeasures[7]::groups[OG002]	7	4	72	False	NO_CONFLICT_DETECTED	NOT_A_PATIENT_COUNT__NO_CROSS_MEASURE_SUM_EMITTED	DISJOINTNESS_UNVERIFIABLE__NO_participantFlowModule_IN_CACHE
NCT02227667	ctg_results_bor_2014_2017.txt	16	ACTUAL	1	1	1	16	ctg_results_bor_2014_2017.txt::NCT02227667::outcomeMeasures[0]::groups[OG000]	0	1	16	False	NO_CONFLICT_DETECTED	NOT_A_PATIENT_COUNT__NO_CROSS_MEASURE_SUM_EMITTED	DISJOINTNESS_UNVERIFIABLE__NO_participantFlowModule_IN_CACHE
NCT03224819	ctg_results_bor_2014_2017.txt	46	ACTUAL	2	14	14	6	ctg_results_bor_2014_2017.txt::NCT03224819::outcomeMeasures[16]::groups[OG009]	16	14	46	False	NO_CONFLICT_DETECTED	NOT_A_PATIENT_COUNT__NO_CROSS_MEASURE_SUM_EMITTED	DISJOINTNESS_UNVERIFIABLE__NO_participantFlowModule_IN_CACHE
NCT02460224	ctg_results_bor_2014_2017.txt	490	ACTUAL	29	29	116	121	ctg_results_bor_2014_2017.txt::NCT02460224::outcomeMeasures[1]::groups[OG000]	28	26	255	False	NO_CONFLICT_DETECTED	NOT_A_PATIENT_COUNT__NO_CROSS_MEASURE_SUM_EMITTED	DISJOINTNESS_UNVERIFIABLE__NO_participantFlowModule_IN_CACHE
NCT03083873	ctg_results_bor_2014_2017.txt	64	ACTUAL	5	4	8	17	ctg_results_bor_2014_2017.txt::NCT03083873::outcomeMeasures[0]::groups[OG001]	0	4	53	False	NO_CONFLICT_DETECTED	NOT_A_PATIENT_COUNT__NO_CROSS_MEASURE_SUM_EMITTED	DISJOINTNESS_UNVERIFIABLE__NO_participantFlowModule_IN_CACHE
NCT02923531	ctg_results_bor_2014_2017.txt	9	ACTUAL	1	1	4	9	ctg_results_bor_2014_2017.txt::NCT02923531::outcomeMeasures[5]::groups[OG000]	5	1	9	False	NO_CONFLICT_DETECTED	NOT_A_PATIENT_COUNT__NO_CROSS_MEASURE_SUM_EMITTED	DISJOINTNESS_UNVERIFIABLE__NO_participantFlowModule_IN_CACHE
NCT02694822	ctg_results_bor_2014_2017.txt	89	ACTUAL	1	6	12	51	ctg_results_bor_2014_2017.txt::NCT02694822::outcomeMeasures[4]::groups[OG005]	4	6	89	False	NO_CONFLICT_DETECTED	NOT_A_PATIENT_COUNT__NO_CROSS_MEASURE_SUM_EMITTED	DISJOINTNESS_UNVERIFIABLE__NO_participantFlowModule_IN_CACHE
NCT03110107	ctg_results_bor_2014_2017.txt	376	ACTUAL	6	26	26	44	ctg_results_bor_2014_2017.txt::NCT03110107::outcomeMeasures[5]::groups[OG008]	5	9	214	False	NO_CONFLICT_DETECTED	NOT_A_PATIENT_COUNT__NO_CROSS_MEASURE_SUM_EMITTED	DISJOINTNESS_UNVERIFIABLE__NO_participantFlowModule_IN_CACHE
NCT02783599	ctg_results_bor_2014_2017.txt	51	ACTUAL	2	1	2	51	ctg_results_bor_2014_2017.txt::NCT02783599::outcomeMeasures[4]::groups[OG000]	4	1	51	False	NO_CONFLICT_DETECTED	NOT_A_PATIENT_COUNT__NO_CROSS_MEASURE_SUM_EMITTED	DISJOINTNESS_UNVERIFIABLE__NO_participantFlowModule_IN_CACHE
NCT02028507	ctg_results_bor_2014_2017.txt	693	ACTUAL	4	2	4	206	ctg_results_bor_2014_2017.txt::NCT02028507::outcomeMeasures[3]::groups[OG000]	3	2	393	False	NO_CONFLICT_DETECTED	NOT_A_PATIENT_COUNT__NO_CROSS_MEASURE_SUM_EMITTED	DISJOINTNESS_UNVERIFIABLE__NO_participantFlowModule_IN_CACHE
NCT04439357	ctg_results_bor_2014_2017.txt	4	ACTUAL	1	1	1	4	ctg_results_bor_2014_2017.txt::NCT04439357::outcomeMeasures[0]::groups[OG000]	0	1	4	False	NO_CONFLICT_DETECTED	NOT_A_PATIENT_COUNT__NO_CROSS_MEASURE_SUM_EMITTED	DISJOINTNESS_UNVERIFIABLE__NO_participantFlowModule_IN_CACHE
NCT03042611	ctg_results_bor_2014_2017.txt	460	ACTUAL	2	2	4	308	ctg_results_bor_2014_2017.txt::NCT03042611::outcomeMeasures[2]::groups[OG000]	2	2	460	False	NO_CONFLICT_DETECTED	NOT_A_PATIENT_COUNT__NO_CROSS_MEASURE_SUM_EMITTED	DISJOINTNESS_UNVERIFIABLE__NO_participantFlowModule_IN_CACHE
NCT02706353	ctg_results_bor_2014_2017.txt	34	ACTUAL	1	6	6	18	ctg_results_bor_2014_2017.txt::NCT02706353::outcomeMeasures[1]::groups[OG005]	1	6	32	False	NO_CONFLICT_DETECTED	NOT_A_PATIENT_COUNT__NO_CROSS_MEASURE_SUM_EMITTED	DISJOINTNESS_UNVERIFIABLE__NO_participantFlowModule_IN_CACHE
NCT02519348	ctg_results_bor_2014_2017.txt	433	ACTUAL	9	9	18	104	ctg_results_bor_2014_2017.txt::NCT02519348::outcomeMeasures[5]::groups[OG001]	5	9	433	False	NO_CONFLICT_DETECTED	NOT_A_PATIENT_COUNT__NO_CROSS_MEASURE_SUM_EMITTED	DISJOINTNESS_UNVERIFIABLE__NO_participantFlowModule_IN_CACHE
NCT02038010	ctg_results_bor_2014_2017.txt	17	ACTUAL	1	2	4	10	ctg_results_bor_2014_2017.txt::NCT02038010::outcomeMeasures[4]::groups[OG000]	4	2	14	False	NO_CONFLICT_DETECTED	NOT_A_PATIENT_COUNT__NO_CROSS_MEASURE_SUM_EMITTED	DISJOINTNESS_UNVERIFIABLE__NO_participantFlowModule_IN_CACHE
NCT02562378	ctg_results_bor_2014_2017.txt	15	ACTUAL	1	3	9	9	ctg_results_bor_2014_2017.txt::NCT02562378::outcomeMeasures[2]::groups[OG002]	2	3	15	False	NO_CONFLICT_DETECTED	NOT_A_PATIENT_COUNT__NO_CROSS_MEASURE_SUM_EMITTED	DISJOINTNESS_UNVERIFIABLE__NO_participantFlowModule_IN_CACHE
NCT02231749	ctg_results_bor_2014_2017.txt	1096	ACTUAL	2	2	4	550	ctg_results_bor_2014_2017.txt::NCT02231749::outcomeMeasures[3]::groups[OG000]	3	2	1096	False	NO_CONFLICT_DETECTED	NOT_A_PATIENT_COUNT__NO_CROSS_MEASURE_SUM_EMITTED	DISJOINTNESS_UNVERIFIABLE__NO_participantFlowModule_IN_CACHE
NCT02491983	ctg_results_bor_2014_2017.txt	486	ACTUAL	2	2	4	243	ctg_results_bor_2014_2017.txt::NCT02491983::outcomeMeasures[4]::groups[OG000]	4	2	486	False	NO_CONFLICT_DETECTED	NOT_A_PATIENT_COUNT__NO_CROSS_MEASURE_SUM_EMITTED	DISJOINTNESS_UNVERIFIABLE__NO_participantFlowModule_IN_CACHE
NCT02754141	ctg_results_bor_2014_2017.txt	235	ACTUAL	3	24	48	31	ctg_results_bor_2014_2017.txt::NCT02754141::outcomeMeasures[1]::groups[OG015]	1	24	290	False	WITHIN_MEASURE_SUM_EXCEEDS_ENROLLMENT	NOT_A_PATIENT_COUNT__NO_CROSS_MEASURE_SUM_EMITTED	DISJOINTNESS_UNVERIFIABLE__NO_participantFlowModule_IN_CACHE
NCT04439266	ctg_results_bor_2014_2017.txt	5	ACTUAL	1	1	1	4	ctg_results_bor_2014_2017.txt::NCT04439266::outcomeMeasures[0]::groups[OG000]	0	1	4	False	NO_CONFLICT_DETECTED	NOT_A_PATIENT_COUNT__NO_CROSS_MEASURE_SUM_EMITTED	DISJOINTNESS_UNVERIFIABLE__NO_participantFlowModule_IN_CACHE
NCT02978716	ctg_results_bor_2014_2017.txt	102	ACTUAL	3	3	6	31	ctg_results_bor_2014_2017.txt::NCT02978716::outcomeMeasures[2]::groups[OG002]	2	3	85	False	NO_CONFLICT_DETECTED	NOT_A_PATIENT_COUNT__NO_CROSS_MEASURE_SUM_EMITTED	DISJOINTNESS_UNVERIFIABLE__NO_participantFlowModule_IN_CACHE
NCT02151981	ctg_results_bor_2014_2017.txt	421	ACTUAL	2	2	4	279	ctg_results_bor_2014_2017.txt::NCT02151981::outcomeMeasures[1]::groups[OG000]	1	2	419	False	NO_CONFLICT_DETECTED	NOT_A_PATIENT_COUNT__NO_CROSS_MEASURE_SUM_EMITTED	DISJOINTNESS_UNVERIFIABLE__NO_participantFlowModule_IN_CACHE
NCT01988493	ctg_results_bor_2014_2017.txt	117	ACTUAL	5	2	4	38	ctg_results_bor_2014_2017.txt::NCT01988493::outcomeMeasures[19]::groups[OG000]	19	2	75	False	NO_CONFLICT_DETECTED	NOT_A_PATIENT_COUNT__NO_CROSS_MEASURE_SUM_EMITTED	DISJOINTNESS_UNVERIFIABLE__NO_participantFlowModule_IN_CACHE
NCT04439214	ctg_results_bor_2014_2017.txt	47	ACTUAL	1	1	1	42	ctg_results_bor_2014_2017.txt::NCT04439214::outcomeMeasures[0]::groups[OG000]	0	1	42	False	NO_CONFLICT_DETECTED	NOT_A_PATIENT_COUNT__NO_CROSS_MEASURE_SUM_EMITTED	DISJOINTNESS_UNVERIFIABLE__NO_participantFlowModule_IN_CACHE
NCT03246958	ctg_results_bor_2014_2017.txt	53	ACTUAL	10	3	3	32	ctg_results_bor_2014_2017.txt::NCT03246958::outcomeMeasures[0]::groups[OG000]	0	3	49	False	NO_CONFLICT_DETECTED	NOT_A_PATIENT_COUNT__NO_CROSS_MEASURE_SUM_EMITTED	DISJOINTNESS_UNVERIFIABLE__NO_participantFlowModule_IN_CACHE
NCT02580058	ctg_results_bor_2014_2017.txt	566	ACTUAL	3	3	6	190	ctg_results_bor_2014_2017.txt::NCT02580058::outcomeMeasures[2]::groups[OG002]	2	3	566	False	NO_CONFLICT_DETECTED	NOT_A_PATIENT_COUNT__NO_CROSS_MEASURE_SUM_EMITTED	DISJOINTNESS_UNVERIFIABLE__NO_participantFlowModule_IN_CACHE
NCT02423343	ctg_results_bor_2014_2017.txt	41	ACTUAL	6	2	2	25	ctg_results_bor_2014_2017.txt::NCT02423343::outcomeMeasures[5]::groups[OG000]	5	2	26	False	NO_CONFLICT_DETECTED	NOT_A_PATIENT_COUNT__NO_CROSS_MEASURE_SUM_EMITTED	DISJOINTNESS_UNVERIFIABLE__NO_participantFlowModule_IN_CACHE
NCT02401815	ctg_results_bor_2014_2017.txt	51	ACTUAL	10	10	15	8	ctg_results_bor_2014_2017.txt::NCT02401815::outcomeMeasures[13]::groups[OG001]	13	5	26	False	NO_CONFLICT_DETECTED	NOT_A_PATIENT_COUNT__NO_CROSS_MEASURE_SUM_EMITTED	DISJOINTNESS_UNVERIFIABLE__NO_participantFlowModule_IN_CACHE
NCT02079636	ctg_results_bor_2014_2017.txt	142	ACTUAL	5	15	15	21	ctg_results_bor_2014_2017.txt::NCT02079636::outcomeMeasures[1]::groups[OG003]	1	15	142	False	NO_CONFLICT_DETECTED	NOT_A_PATIENT_COUNT__NO_CROSS_MEASURE_SUM_EMITTED	DISJOINTNESS_UNVERIFIABLE__NO_participantFlowModule_IN_CACHE
NCT03096847	ctg_results_bor_2014_2017.txt	502	ACTUAL	3	4	7	487	ctg_results_bor_2014_2017.txt::NCT03096847::outcomeMeasures[0]::groups[OG003]	0	4	974	True	WITHIN_MEASURE_SUM_EXCEEDS_ENROLLMENT__POOLED_LABEL_IN_MEASURE	NOT_A_PATIENT_COUNT__NO_CROSS_MEASURE_SUM_EMITTED	DISJOINTNESS_UNVERIFIABLE__NO_participantFlowModule_IN_CACHE
NCT02681549	ctg_results_bor_2014_2017.txt	41	ACTUAL	2	2	4	37	ctg_results_bor_2014_2017.txt::NCT02681549::outcomeMeasures[0]::groups[OG000]	0	2	41	False	NO_CONFLICT_DETECTED	NOT_A_PATIENT_COUNT__NO_CROSS_MEASURE_SUM_EMITTED	DISJOINTNESS_UNVERIFIABLE__NO_participantFlowModule_IN_CACHE
NCT02920008	ctg_results_bor_2014_2017.txt	302	ACTUAL	2	2	4	154	ctg_results_bor_2014_2017.txt::NCT02920008::outcomeMeasures[5]::groups[OG001]	5	2	302	False	NO_CONFLICT_DETECTED	NOT_A_PATIENT_COUNT__NO_CROSS_MEASURE_SUM_EMITTED	DISJOINTNESS_UNVERIFIABLE__NO_participantFlowModule_IN_CACHE
NCT02552121	ctg_results_bor_2014_2017.txt	33	ACTUAL	1	8	8	11	ctg_results_bor_2014_2017.txt::NCT02552121::outcomeMeasures[55]::groups[OG000]	55	6	24	False	NO_CONFLICT_DETECTED	NOT_A_PATIENT_COUNT__NO_CROSS_MEASURE_SUM_EMITTED	DISJOINTNESS_UNVERIFIABLE__NO_participantFlowModule_IN_CACHE
NCT03123055	ctg_results_bor_2014_2017.txt	28	ACTUAL	2	1	1	22	ctg_results_bor_2014_2017.txt::NCT03123055::outcomeMeasures[2]::groups[OG000]	2	1	22	False	NO_CONFLICT_DETECTED	NOT_A_PATIENT_COUNT__NO_CROSS_MEASURE_SUM_EMITTED	DISJOINTNESS_UNVERIFIABLE__NO_participantFlowModule_IN_CACHE
NCT02711852	ctg_results_bor_2014_2017.txt	19	ACTUAL	1	1	1	16	ctg_results_bor_2014_2017.txt::NCT02711852::outcomeMeasures[1]::groups[OG000]	1	1	16	False	NO_CONFLICT_DETECTED	NOT_A_PATIENT_COUNT__NO_CROSS_MEASURE_SUM_EMITTED	DISJOINTNESS_UNVERIFIABLE__NO_participantFlowModule_IN_CACHE
NCT02341014	ctg_results_bor_2014_2017.txt	27	ACTUAL	1	3	3	14	ctg_results_bor_2014_2017.txt::NCT02341014::outcomeMeasures[3]::groups[OG002]	3	3	27	False	NO_CONFLICT_DETECTED	NOT_A_PATIENT_COUNT__NO_CROSS_MEASURE_SUM_EMITTED	DISJOINTNESS_UNVERIFIABLE__NO_participantFlowModule_IN_CACHE
NCT02406742	ctg_results_bor_2014_2017.txt	47	ACTUAL	3	3	6	16	ctg_results_bor_2014_2017.txt::NCT02406742::outcomeMeasures[4]::groups[OG001]	4	3	46	False	NO_CONFLICT_DETECTED	NOT_A_PATIENT_COUNT__NO_CROSS_MEASURE_SUM_EMITTED	DISJOINTNESS_UNVERIFIABLE__NO_participantFlowModule_IN_CACHE
NCT03018080	ctg_results_bor_2014_2017.txt	40	ACTUAL	2	2	2	21	ctg_results_bor_2014_2017.txt::NCT03018080::outcomeMeasures[1]::groups[OG000]	1	2	40	False	NO_CONFLICT_DETECTED	NOT_A_PATIENT_COUNT__NO_CROSS_MEASURE_SUM_EMITTED	DISJOINTNESS_UNVERIFIABLE__NO_participantFlowModule_IN_CACHE
NCT04439279	ctg_results_bor_2014_2017.txt	35	ACTUAL	1	1	1	33	ctg_results_bor_2014_2017.txt::NCT04439279::outcomeMeasures[0]::groups[OG000]	0	1	33	False	NO_CONFLICT_DETECTED	NOT_A_PATIENT_COUNT__NO_CROSS_MEASURE_SUM_EMITTED	DISJOINTNESS_UNVERIFIABLE__NO_participantFlowModule_IN_CACHE
NCT02561962	ctg_results_bor_2014_2017.txt	42	ACTUAL	9	9	9	9	ctg_results_bor_2014_2017.txt::NCT02561962::outcomeMeasures[7]::groups[OG007]	7	9	40	False	NO_CONFLICT_DETECTED	NOT_A_PATIENT_COUNT__NO_CROSS_MEASURE_SUM_EMITTED	DISJOINTNESS_UNVERIFIABLE__NO_participantFlowModule_IN_CACHE
NCT02749903	ctg_results_bor_2014_2017.txt	46	ACTUAL	1	1	1	46	ctg_results_bor_2014_2017.txt::NCT02749903::outcomeMeasures[0]::groups[OG000]	0	1	46	False	NO_CONFLICT_DETECTED	NOT_A_PATIENT_COUNT__NO_CROSS_MEASURE_SUM_EMITTED	DISJOINTNESS_UNVERIFIABLE__NO_participantFlowModule_IN_CACHE
NCT02014441	ctg_results_bor_2014_2017.txt	61	ACTUAL	1	1	3	60	ctg_results_bor_2014_2017.txt::NCT02014441::outcomeMeasures[28]::groups[OG000]	28	1	60	False	NO_CONFLICT_DETECTED	NOT_A_PATIENT_COUNT__NO_CROSS_MEASURE_SUM_EMITTED	DISJOINTNESS_UNVERIFIABLE__NO_participantFlowModule_IN_CACHE
NCT03056001	ctg_results_bor_2014_2017.txt	30	ACTUAL	1	1	1	30	ctg_results_bor_2014_2017.txt::NCT03056001::outcomeMeasures[3]::groups[OG000]	3	1	30	False	NO_CONFLICT_DETECTED	NOT_A_PATIENT_COUNT__NO_CROSS_MEASURE_SUM_EMITTED	DISJOINTNESS_UNVERIFIABLE__NO_participantFlowModule_IN_CACHE
NCT02880371	ctg_results_bor_2014_2017.txt	82	ACTUAL	2	6	12	27	ctg_results_bor_2014_2017.txt::NCT02880371::outcomeMeasures[1]::groups[OG001]	6	6	76	False	NO_CONFLICT_DETECTED	NOT_A_PATIENT_COUNT__NO_CROSS_MEASURE_SUM_EMITTED	DISJOINTNESS_UNVERIFIABLE__NO_participantFlowModule_IN_CACHE
NCT02660034	ctg_results_bor_2014_2017.txt	229	ACTUAL	2	14	32	23	ctg_results_bor_2014_2017.txt::NCT02660034::outcomeMeasures[2]::groups[OG000]	2	9	180	False	NO_CONFLICT_DETECTED	NOT_A_PATIENT_COUNT__NO_CROSS_MEASURE_SUM_EMITTED	DISJOINTNESS_UNVERIFIABLE__NO_participantFlowModule_IN_CACHE
NCT02290431	ctg_results_bor_2014_2017.txt	31	ACTUAL	1	1	2	31	ctg_results_bor_2014_2017.txt::NCT02290431::outcomeMeasures[2]::groups[OG000]	2	1	31	False	NO_CONFLICT_DETECTED	NOT_A_PATIENT_COUNT__NO_CROSS_MEASURE_SUM_EMITTED	DISJOINTNESS_UNVERIFIABLE__NO_participantFlowModule_IN_CACHE
NCT02150967	ctg_results_bor_2014_2017.txt	143	ACTUAL	1	2	5	108	ctg_results_bor_2014_2017.txt::NCT02150967::outcomeMeasures[0]::groups[OG000]	0	1	108	False	NO_CONFLICT_DETECTED	NOT_A_PATIENT_COUNT__NO_CROSS_MEASURE_SUM_EMITTED	DISJOINTNESS_UNVERIFIABLE__NO_participantFlowModule_IN_CACHE
NCT02395172	ctg_results_bor_2014_2017.txt	792	ACTUAL	2	2	8	396	ctg_results_bor_2014_2017.txt::NCT02395172::outcomeMeasures[4]::groups[OG000]	4	2	792	False	NO_CONFLICT_DETECTED	NOT_A_PATIENT_COUNT__NO_CROSS_MEASURE_SUM_EMITTED	DISJOINTNESS_UNVERIFIABLE__NO_participantFlowModule_IN_CACHE
NCT02889900	ctg_results_bor_2014_2017.txt	62	ACTUAL	1	1	3	60	ctg_results_bor_2014_2017.txt::NCT02889900::outcomeMeasures[1]::groups[OG000]	1	1	60	False	NO_CONFLICT_DETECTED	NOT_A_PATIENT_COUNT__NO_CROSS_MEASURE_SUM_EMITTED	DISJOINTNESS_UNVERIFIABLE__NO_participantFlowModule_IN_CACHE
NCT02372006	ctg_results_bor_2014_2017.txt	56	ACTUAL	1	3	4	39	ctg_results_bor_2014_2017.txt::NCT02372006::outcomeMeasures[0]::groups[OG000]	0	1	39	False	NO_CONFLICT_DETECTED	NOT_A_PATIENT_COUNT__NO_CROSS_MEASURE_SUM_EMITTED	DISJOINTNESS_UNVERIFIABLE__NO_participantFlowModule_IN_CACHE
NCT02723955	ctg_results_bor_2014_2017.txt	829	ACTUAL	9	37	111	255	ctg_results_bor_2014_2017.txt::NCT02723955::outcomeMeasures[48]::groups[OG001]	48	8	352	False	NO_CONFLICT_DETECTED	NOT_A_PATIENT_COUNT__NO_CROSS_MEASURE_SUM_EMITTED	DISJOINTNESS_UNVERIFIABLE__NO_participantFlowModule_IN_CACHE
NCT02564744	ctg_results_bor_2014_2017.txt	100	ACTUAL	5	5	5	30	ctg_results_bor_2014_2017.txt::NCT02564744::outcomeMeasures[4]::groups[OG003]	4	5	94	False	NO_CONFLICT_DETECTED	NOT_A_PATIENT_COUNT__NO_CROSS_MEASURE_SUM_EMITTED	DISJOINTNESS_UNVERIFIABLE__NO_participantFlowModule_IN_CACHE
NCT02249949	ctg_results_bor_2014_2017.txt	15	ACTUAL	1	1	1	11	ctg_results_bor_2014_2017.txt::NCT02249949::outcomeMeasures[0]::groups[OG000]	0	1	11	False	NO_CONFLICT_DETECTED	NOT_A_PATIENT_COUNT__NO_CROSS_MEASURE_SUM_EMITTED	DISJOINTNESS_UNVERIFIABLE__NO_participantFlowModule_IN_CACHE
NCT02275910	ctg_results_bor_2014_2017.txt	40	ACTUAL	1	12	16	9	ctg_results_bor_2014_2017.txt::NCT02275910::outcomeMeasures[4]::groups[OG010]	4	12	39	False	NO_CONFLICT_DETECTED	NOT_A_PATIENT_COUNT__NO_CROSS_MEASURE_SUM_EMITTED	DISJOINTNESS_UNVERIFIABLE__NO_participantFlowModule_IN_CACHE
NCT02933255	ctg_results_bor_2014_2017.txt	24	ACTUAL	2	1	1	7	ctg_results_bor_2014_2017.txt::NCT02933255::outcomeMeasures[15]::groups[OG000]	15	1	7	False	NO_CONFLICT_DETECTED	NOT_A_PATIENT_COUNT__NO_CROSS_MEASURE_SUM_EMITTED	DISJOINTNESS_UNVERIFIABLE__NO_participantFlowModule_IN_CACHE
NCT02640508	ctg_results_bor_2014_2017.txt	29	ACTUAL	1	1	1	23	ctg_results_bor_2014_2017.txt::NCT02640508::outcomeMeasures[0]::groups[OG000]	0	1	23	False	NO_CONFLICT_DETECTED	NOT_A_PATIENT_COUNT__NO_CROSS_MEASURE_SUM_EMITTED	DISJOINTNESS_UNVERIFIABLE__NO_participantFlowModule_IN_CACHE
NCT02644278	ctg_results_bor_2014_2017.txt	15	ACTUAL	4	4	4	6	ctg_results_bor_2014_2017.txt::NCT02644278::outcomeMeasures[11]::groups[OG002]	11	4	15	False	NO_CONFLICT_DETECTED	NOT_A_PATIENT_COUNT__NO_CROSS_MEASURE_SUM_EMITTED	DISJOINTNESS_UNVERIFIABLE__NO_participantFlowModule_IN_CACHE
NCT03160079	ctg_results_bor_2014_2017.txt	16	ACTUAL	1	2	4	12	ctg_results_bor_2014_2017.txt::NCT03160079::outcomeMeasures[0]::groups[OG000]	0	2	16	False	NO_CONFLICT_DETECTED	NOT_A_PATIENT_COUNT__NO_CROSS_MEASURE_SUM_EMITTED	DISJOINTNESS_UNVERIFIABLE__NO_participantFlowModule_IN_CACHE
NCT02450903	ctg_results_bor_2014_2017.txt	20	ACTUAL	1	1	3	20	ctg_results_bor_2014_2017.txt::NCT02450903::outcomeMeasures[0]::groups[OG000]	0	1	20	False	NO_CONFLICT_DETECTED	NOT_A_PATIENT_COUNT__NO_CROSS_MEASURE_SUM_EMITTED	DISJOINTNESS_UNVERIFIABLE__NO_participantFlowModule_IN_CACHE
NCT03190213	ctg_results_bor_2014_2017.txt	6	ACTUAL	1	1	2	6	ctg_results_bor_2014_2017.txt::NCT03190213::outcomeMeasures[0]::groups[OG000]	0	1	6	False	NO_CONFLICT_DETECTED	NOT_A_PATIENT_COUNT__NO_CROSS_MEASURE_SUM_EMITTED	DISJOINTNESS_UNVERIFIABLE__NO_participantFlowModule_IN_CACHE
NCT02432274	ctg_results_bor_2014_2017.txt	117	ACTUAL	5	8	16	30	ctg_results_bor_2014_2017.txt::NCT02432274::outcomeMeasures[5]::groups[OG003]	5	7	91	False	NO_CONFLICT_DETECTED	NOT_A_PATIENT_COUNT__NO_CROSS_MEASURE_SUM_EMITTED	DISJOINTNESS_UNVERIFIABLE__NO_participantFlowModule_IN_CACHE
NCT02357810	ctg_results_bor_2014_2017.txt	178	ACTUAL	1	1	2	104	ctg_results_bor_2014_2017.txt::NCT02357810::outcomeMeasures[1]::groups[OG000]	1	1	104	False	NO_CONFLICT_DETECTED	NOT_A_PATIENT_COUNT__NO_CROSS_MEASURE_SUM_EMITTED	DISJOINTNESS_UNVERIFIABLE__NO_participantFlowModule_IN_CACHE
NCT03215095	ctg_results_bor_2014_2017.txt	11	ACTUAL	1	1	1	11	ctg_results_bor_2014_2017.txt::NCT03215095::outcomeMeasures[1]::groups[OG000]	1	1	11	False	NO_CONFLICT_DETECTED	NOT_A_PATIENT_COUNT__NO_CROSS_MEASURE_SUM_EMITTED	DISJOINTNESS_UNVERIFIABLE__NO_participantFlowModule_IN_CACHE
NCT02383966	ctg_results_bor_2014_2017.txt	243	ACTUAL	2	2	4	164	ctg_results_bor_2014_2017.txt::NCT02383966::outcomeMeasures[3]::groups[OG000]	3	2	243	False	NO_CONFLICT_DETECTED	NOT_A_PATIENT_COUNT__NO_CROSS_MEASURE_SUM_EMITTED	DISJOINTNESS_UNVERIFIABLE__NO_participantFlowModule_IN_CACHE
NCT03138499	ctg_results_bor_2014_2017.txt	23	ACTUAL	2	2	4	12	ctg_results_bor_2014_2017.txt::NCT03138499::outcomeMeasures[1]::groups[OG000]	1	2	23	False	NO_CONFLICT_DETECTED	NOT_A_PATIENT_COUNT__NO_CROSS_MEASURE_SUM_EMITTED	DISJOINTNESS_UNVERIFIABLE__NO_participantFlowModule_IN_CACHE
NCT02278250	ctg_results_bor_2014_2017.txt	97	ACTUAL	18	18	19	13	ctg_results_bor_2014_2017.txt::NCT02278250::outcomeMeasures[19]::groups[OG000]	32	10	26	False	NO_CONFLICT_DETECTED	NOT_A_PATIENT_COUNT__NO_CROSS_MEASURE_SUM_EMITTED	DISJOINTNESS_UNVERIFIABLE__NO_participantFlowModule_IN_CACHE
NCT02719574	ctg_results_bor_2014_2017.txt	336	ACTUAL	11	10	12	75	ctg_results_bor_2014_2017.txt::NCT02719574::outcomeMeasures[14]::groups[OG000]	14	6	114	False	NO_CONFLICT_DETECTED	NOT_A_PATIENT_COUNT__NO_CROSS_MEASURE_SUM_EMITTED	DISJOINTNESS_UNVERIFIABLE__NO_participantFlowModule_IN_CACHE
NCT03126110	ctg_results_bor_2014_2017.txt	145	ACTUAL	17	18	45	46	ctg_results_bor_2014_2017.txt::NCT03126110::outcomeMeasures[1]::groups[OG002]	1	6	94	False	NO_CONFLICT_DETECTED	NOT_A_PATIENT_COUNT__NO_CROSS_MEASURE_SUM_EMITTED	DISJOINTNESS_UNVERIFIABLE__NO_participantFlowModule_IN_CACHE
NCT03172624	ctg_results_bor_2014_2017.txt	64	ACTUAL	2	2	2	32	ctg_results_bor_2014_2017.txt::NCT03172624::outcomeMeasures[0]::groups[OG000]	0	2	64	False	NO_CONFLICT_DETECTED	NOT_A_PATIENT_COUNT__NO_CROSS_MEASURE_SUM_EMITTED	DISJOINTNESS_UNVERIFIABLE__NO_participantFlowModule_IN_CACHE
NCT02875223	ctg_results_bor_2014_2017.txt	75	ACTUAL	2	13	26	14	ctg_results_bor_2014_2017.txt::NCT02875223::outcomeMeasures[12]::groups[OG000]	1	9	50	False	NO_CONFLICT_DETECTED	NOT_A_PATIENT_COUNT__NO_CROSS_MEASURE_SUM_EMITTED	DISJOINTNESS_UNVERIFIABLE__NO_participantFlowModule_IN_CACHE
NCT02395627	ctg_results_bor_2014_2017.txt	38	ACTUAL	3	3	3	15	ctg_results_bor_2014_2017.txt::NCT02395627::outcomeMeasures[0]::groups[OG000]	0	2	28	False	NO_CONFLICT_DETECTED	NOT_A_PATIENT_COUNT__NO_CROSS_MEASURE_SUM_EMITTED	DISJOINTNESS_UNVERIFIABLE__NO_participantFlowModule_IN_CACHE
NCT02984683	ctg_results_bor_2014_2017.txt	23	ACTUAL	2	2	2	12	ctg_results_bor_2014_2017.txt::NCT02984683::outcomeMeasures[1]::groups[OG001]	1	2	23	False	NO_CONFLICT_DETECTED	NOT_A_PATIENT_COUNT__NO_CROSS_MEASURE_SUM_EMITTED	DISJOINTNESS_UNVERIFIABLE__NO_participantFlowModule_IN_CACHE
NCT03166631	ctg_results_bor_2014_2017.txt	62	ACTUAL	11	11	11	14	ctg_results_bor_2014_2017.txt::NCT03166631::outcomeMeasures[10]::groups[OG001]	10	4	37	False	NO_CONFLICT_DETECTED	NOT_A_PATIENT_COUNT__NO_CROSS_MEASURE_SUM_EMITTED	DISJOINTNESS_UNVERIFIABLE__NO_participantFlowModule_IN_CACHE
NCT02082977	ctg_results_bor_2014_2017.txt	41	ACTUAL	10	10	15	8	ctg_results_bor_2014_2017.txt::NCT02082977::outcomeMeasures[23]::groups[OG003]	23	5	21	False	NO_CONFLICT_DETECTED	NOT_A_PATIENT_COUNT__NO_CROSS_MEASURE_SUM_EMITTED	DISJOINTNESS_UNVERIFIABLE__NO_participantFlowModule_IN_CACHE
NCT02709720	ctg_results_bor_2014_2017.txt	68	ACTUAL	1	1	1	65	ctg_results_bor_2014_2017.txt::NCT02709720::outcomeMeasures[1]::groups[OG000]	1	1	65	False	NO_CONFLICT_DETECTED	NOT_A_PATIENT_COUNT__NO_CROSS_MEASURE_SUM_EMITTED	DISJOINTNESS_UNVERIFIABLE__NO_participantFlowModule_IN_CACHE
NCT02625623	ctg_results_bor_2014_2017.txt	371	ACTUAL	2	3	4	186	ctg_results_bor_2014_2017.txt::NCT02625623::outcomeMeasures[2]::groups[OG000]	2	2	371	False	NO_CONFLICT_DETECTED	NOT_A_PATIENT_COUNT__NO_CROSS_MEASURE_SUM_EMITTED	DISJOINTNESS_UNVERIFIABLE__NO_participantFlowModule_IN_CACHE
NCT02175017	ctg_results_bor_2014_2017.txt	104	ACTUAL	2	2	4	56	ctg_results_bor_2014_2017.txt::NCT02175017::outcomeMeasures[0]::groups[OG001]	0	2	100	False	NO_CONFLICT_DETECTED	NOT_A_PATIENT_COUNT__NO_CROSS_MEASURE_SUM_EMITTED	DISJOINTNESS_UNVERIFIABLE__NO_participantFlowModule_IN_CACHE
NCT02981108	ctg_results_bor_2014_2017.txt	364	ACTUAL	8	8	16	244	ctg_results_bor_2014_2017.txt::NCT02981108::outcomeMeasures[1]::groups[OG000]	9	8	364	False	NO_CONFLICT_DETECTED	NOT_A_PATIENT_COUNT__NO_CROSS_MEASURE_SUM_EMITTED	DISJOINTNESS_UNVERIFIABLE__NO_participantFlowModule_IN_CACHE
NCT03245151	ctg_results_bor_2014_2017.txt	64	ACTUAL	4	5	18	20	ctg_results_bor_2014_2017.txt::NCT03245151::outcomeMeasures[4]::groups[OG001]	4	3	40	False	NO_CONFLICT_DETECTED	NOT_A_PATIENT_COUNT__NO_CROSS_MEASURE_SUM_EMITTED	DISJOINTNESS_UNVERIFIABLE__NO_participantFlowModule_IN_CACHE
NCT02603419	ctg_results_bor_2014_2017.txt	34	ACTUAL	6	6	7	7	ctg_results_bor_2014_2017.txt::NCT02603419::outcomeMeasures[31]::groups[OG001]	31	5	31	False	NO_CONFLICT_DETECTED	NOT_A_PATIENT_COUNT__NO_CROSS_MEASURE_SUM_EMITTED	DISJOINTNESS_UNVERIFIABLE__NO_participantFlowModule_IN_CACHE
NCT02554812	ctg_results_bor_2014_2017.txt	409	ACTUAL	19	25	25	35	ctg_results_bor_2014_2017.txt::NCT02554812::outcomeMeasures[5]::groups[OG001]	5	7	137	False	NO_CONFLICT_DETECTED	NOT_A_PATIENT_COUNT__NO_CROSS_MEASURE_SUM_EMITTED	DISJOINTNESS_UNVERIFIABLE__NO_participantFlowModule_IN_CACHE
NCT02935634	ctg_results_bor_2014_2017.txt	190	ACTUAL	6	12	12	38	ctg_results_bor_2014_2017.txt::NCT02935634::outcomeMeasures[0]::groups[OG002]	0	12	195	False	WITHIN_MEASURE_SUM_EXCEEDS_ENROLLMENT	NOT_A_PATIENT_COUNT__NO_CROSS_MEASURE_SUM_EMITTED	DISJOINTNESS_UNVERIFIABLE__NO_participantFlowModule_IN_CACHE
NCT02928406	ctg_results_bor_2014_2017.txt	1004	ACTUAL	1	1	1	1004	ctg_results_bor_2014_2017.txt::NCT02928406::outcomeMeasures[4]::groups[OG000]	4	1	1004	False	NO_CONFLICT_DETECTED	NOT_A_PATIENT_COUNT__NO_CROSS_MEASURE_SUM_EMITTED	DISJOINTNESS_UNVERIFIABLE__NO_participantFlowModule_IN_CACHE
NCT03251924	ctg_results_bor_2014_2017.txt	80	ACTUAL	3	9	9	12	ctg_results_bor_2014_2017.txt::NCT03251924::outcomeMeasures[6]::groups[OG007]	6	9	78	False	NO_CONFLICT_DETECTED	NOT_A_PATIENT_COUNT__NO_CROSS_MEASURE_SUM_EMITTED	DISJOINTNESS_UNVERIFIABLE__NO_participantFlowModule_IN_CACHE
NCT02152137	ctg_results_bor_2014_2017.txt	19	ACTUAL	1	1	1	15	ctg_results_bor_2014_2017.txt::NCT02152137::outcomeMeasures[0]::groups[OG000]	0	1	15	False	NO_CONFLICT_DETECTED	NOT_A_PATIENT_COUNT__NO_CROSS_MEASURE_SUM_EMITTED	DISJOINTNESS_UNVERIFIABLE__NO_participantFlowModule_IN_CACHE
NCT02523469	ctg_results_bor_2014_2017.txt	67	ACTUAL	8	2	2	20	ctg_results_bor_2014_2017.txt::NCT02523469::outcomeMeasures[1]::groups[OG001]	1	2	30	False	NO_CONFLICT_DETECTED	NOT_A_PATIENT_COUNT__NO_CROSS_MEASURE_SUM_EMITTED	DISJOINTNESS_UNVERIFIABLE__NO_participantFlowModule_IN_CACHE
NCT02805660	ctg_results_bor_2014_2017.txt	83	ACTUAL	7	7	14	21	ctg_results_bor_2014_2017.txt::NCT02805660::outcomeMeasures[1]::groups[OG005]	1	7	70	False	NO_CONFLICT_DETECTED	NOT_A_PATIENT_COUNT__NO_CROSS_MEASURE_SUM_EMITTED	DISJOINTNESS_UNVERIFIABLE__NO_participantFlowModule_IN_CACHE
NCT02481050	ctg_results_bor_2014_2017.txt	58	ACTUAL	1	1	2	57	ctg_results_bor_2014_2017.txt::NCT02481050::outcomeMeasures[0]::groups[OG000]	0	1	57	False	NO_CONFLICT_DETECTED	NOT_A_PATIENT_COUNT__NO_CROSS_MEASURE_SUM_EMITTED	DISJOINTNESS_UNVERIFIABLE__NO_participantFlowModule_IN_CACHE
NCT02052778	ctg_results_bor_2014_2017.txt	407	ACTUAL	23	8	16	103	ctg_results_bor_2014_2017.txt::NCT02052778::outcomeMeasures[3]::groups[OG000]	2	7	197	False	NO_CONFLICT_DETECTED	NOT_A_PATIENT_COUNT__NO_CROSS_MEASURE_SUM_EMITTED	DISJOINTNESS_UNVERIFIABLE__NO_participantFlowModule_IN_CACHE
NCT03088540	ctg_results_bor_2014_2017.txt	712	ACTUAL	2	2	4	357	ctg_results_bor_2014_2017.txt::NCT03088540::outcomeMeasures[2]::groups[OG000]	2	2	712	False	NO_CONFLICT_DETECTED	NOT_A_PATIENT_COUNT__NO_CROSS_MEASURE_SUM_EMITTED	DISJOINTNESS_UNVERIFIABLE__NO_participantFlowModule_IN_CACHE
NCT03094169	ctg_results_bor_2014_2017.txt	49	ACTUAL	4	1	1	24	ctg_results_bor_2014_2017.txt::NCT03094169::outcomeMeasures[1]::groups[OG000]	1	1	24	False	NO_CONFLICT_DETECTED	NOT_A_PATIENT_COUNT__NO_CROSS_MEASURE_SUM_EMITTED	DISJOINTNESS_UNVERIFIABLE__NO_participantFlowModule_IN_CACHE
NCT02091141	ctg_results_bor_2014_2017.txt	673	ACTUAL	7	7	8	357	ctg_results_bor_2014_2017.txt::NCT02091141::outcomeMeasures[0]::groups[OG000]	0	7	672	False	NO_CONFLICT_DETECTED	NOT_A_PATIENT_COUNT__NO_CROSS_MEASURE_SUM_EMITTED	DISJOINTNESS_UNVERIFIABLE__NO_participantFlowModule_IN_CACHE
NCT02160041	ctg_results_bor_2014_2017.txt	84	ACTUAL	1	1	2	84	ctg_results_bor_2014_2017.txt::NCT02160041::outcomeMeasures[1]::groups[OG000]	1	1	84	False	NO_CONFLICT_DETECTED	NOT_A_PATIENT_COUNT__NO_CROSS_MEASURE_SUM_EMITTED	DISJOINTNESS_UNVERIFIABLE__NO_participantFlowModule_IN_CACHE
NCT02452554	ctg_results_bor_2014_2017.txt	62	ACTUAL	1	6	6	16	ctg_results_bor_2014_2017.txt::NCT02452554::outcomeMeasures[0]::groups[OG000]	0	6	60	False	NO_CONFLICT_DETECTED	NOT_A_PATIENT_COUNT__NO_CROSS_MEASURE_SUM_EMITTED	DISJOINTNESS_UNVERIFIABLE__NO_participantFlowModule_IN_CACHE
NCT02736617	ctg_results_bor_2014_2017.txt	10	ACTUAL	1	1	1	9	ctg_results_bor_2014_2017.txt::NCT02736617::outcomeMeasures[0]::groups[OG000]	0	1	9	False	NO_CONFLICT_DETECTED	NOT_A_PATIENT_COUNT__NO_CROSS_MEASURE_SUM_EMITTED	DISJOINTNESS_UNVERIFIABLE__NO_participantFlowModule_IN_CACHE
NCT02574078	ctg_results_bor_2014_2017.txt	341	ACTUAL	10	13	13	56	ctg_results_bor_2014_2017.txt::NCT02574078::outcomeMeasures[4]::groups[OG011]	4	13	329	False	NO_CONFLICT_DETECTED	NOT_A_PATIENT_COUNT__NO_CROSS_MEASURE_SUM_EMITTED	DISJOINTNESS_UNVERIFIABLE__NO_participantFlowModule_IN_CACHE
NCT02599324	ctg_results_bor_2014_2017.txt	263	ACTUAL	6	9	24	57	ctg_results_bor_2014_2017.txt::NCT02599324::outcomeMeasures[7]::groups[OG001]	2	4	129	False	NO_CONFLICT_DETECTED	NOT_A_PATIENT_COUNT__NO_CROSS_MEASURE_SUM_EMITTED	DISJOINTNESS_UNVERIFIABLE__NO_participantFlowModule_IN_CACHE
NCT03241173	ctg_results_bor_2014_2017.txt	52	ACTUAL	7	13	24	6	ctg_results_bor_2014_2017.txt::NCT03241173::outcomeMeasures[3]::groups[OG008]	3	11	52	False	NO_CONFLICT_DETECTED	NOT_A_PATIENT_COUNT__NO_CROSS_MEASURE_SUM_EMITTED	DISJOINTNESS_UNVERIFIABLE__NO_participantFlowModule_IN_CACHE
NCT02928224	ctg_results_bor_2014_2017.txt	702	ACTUAL	3	4	14	113	ctg_results_bor_2014_2017.txt::NCT02928224::outcomeMeasures[24]::groups[OG000]	26	2	224	False	NO_CONFLICT_DETECTED	NOT_A_PATIENT_COUNT__NO_CROSS_MEASURE_SUM_EMITTED	DISJOINTNESS_UNVERIFIABLE__NO_participantFlowModule_IN_CACHE
NCT02860546	ctg_results_bor_2014_2017.txt	18	ACTUAL	1	1	4	18	ctg_results_bor_2014_2017.txt::NCT02860546::outcomeMeasures[0]::groups[OG000]	0	1	18	False	NO_CONFLICT_DETECTED	NOT_A_PATIENT_COUNT__NO_CROSS_MEASURE_SUM_EMITTED	DISJOINTNESS_UNVERIFIABLE__NO_participantFlowModule_IN_CACHE
NCT02501096	ctg_results_bor_2014_2017.txt	357	ACTUAL	1	7	35	145	ctg_results_bor_2014_2017.txt::NCT02501096::outcomeMeasures[2]::groups[OG001]	2	7	354	False	NO_CONFLICT_DETECTED	NOT_A_PATIENT_COUNT__NO_CROSS_MEASURE_SUM_EMITTED	DISJOINTNESS_UNVERIFIABLE__NO_participantFlowModule_IN_CACHE
NCT03333915	ctg_results_bor_2014_2017.txt	128	ACTUAL	5	5	19	90	ctg_results_bor_2014_2017.txt::NCT03333915::outcomeMeasures[15]::groups[OG000]	15	2	113	False	NO_CONFLICT_DETECTED	NOT_A_PATIENT_COUNT__NO_CROSS_MEASURE_SUM_EMITTED	DISJOINTNESS_UNVERIFIABLE__NO_participantFlowModule_IN_CACHE
NCT02075840	ctg_results_bor_2014_2017.txt	303	ACTUAL	2	2	4	152	ctg_results_bor_2014_2017.txt::NCT02075840::outcomeMeasures[6]::groups[OG000]	6	2	303	False	NO_CONFLICT_DETECTED	NOT_A_PATIENT_COUNT__NO_CROSS_MEASURE_SUM_EMITTED	DISJOINTNESS_UNVERIFIABLE__NO_participantFlowModule_IN_CACHE
NCT02489903	ctg_results_bor_2014_2017.txt	139	ACTUAL	6	3	6	89	ctg_results_bor_2014_2017.txt::NCT02489903::outcomeMeasures[1]::groups[OG000]	1	3	101	False	NO_CONFLICT_DETECTED	NOT_A_PATIENT_COUNT__NO_CROSS_MEASURE_SUM_EMITTED	DISJOINTNESS_UNVERIFIABLE__NO_participantFlowModule_IN_CACHE
NCT03029780	ctg_results_bor_2014_2017.txt	104	ACTUAL	2	2	2	52	ctg_results_bor_2014_2017.txt::NCT03029780::outcomeMeasures[4]::groups[OG000]	4	2	104	False	NO_CONFLICT_DETECTED	NOT_A_PATIENT_COUNT__NO_CROSS_MEASURE_SUM_EMITTED	DISJOINTNESS_UNVERIFIABLE__NO_participantFlowModule_IN_CACHE
NCT02264574	ctg_results_bor_2014_2017.txt	229	ACTUAL	2	2	4	116	ctg_results_bor_2014_2017.txt::NCT02264574::outcomeMeasures[4]::groups[OG001]	4	2	229	False	NO_CONFLICT_DETECTED	NOT_A_PATIENT_COUNT__NO_CROSS_MEASURE_SUM_EMITTED	DISJOINTNESS_UNVERIFIABLE__NO_participantFlowModule_IN_CACHE
NCT03001882	ctg_results_bor_2014_2017.txt	230	ACTUAL	1	10	31	170	ctg_results_bor_2014_2017.txt::NCT03001882::outcomeMeasures[3]::groups[OG003]	3	4	230	False	NO_CONFLICT_DETECTED	NOT_A_PATIENT_COUNT__NO_CROSS_MEASURE_SUM_EMITTED	DISJOINTNESS_UNVERIFIABLE__NO_participantFlowModule_IN_CACHE
NCT02404441	ctg_results_bor_2014_2017.txt	319	ACTUAL	2	14	56	261	ctg_results_bor_2014_2017.txt::NCT02404441::outcomeMeasures[2]::groups[OG005]	2	6	522	False	WITHIN_MEASURE_SUM_EXCEEDS_ENROLLMENT	NOT_A_PATIENT_COUNT__NO_CROSS_MEASURE_SUM_EMITTED	DISJOINTNESS_UNVERIFIABLE__NO_participantFlowModule_IN_CACHE
NCT02247349	ctg_results_bor_2014_2017.txt	106	ACTUAL	12	6	12	35	ctg_results_bor_2014_2017.txt::NCT02247349::outcomeMeasures[17]::groups[OG003]	17	6	106	False	NO_CONFLICT_DETECTED	NOT_A_PATIENT_COUNT__NO_CROSS_MEASURE_SUM_EMITTED	DISJOINTNESS_UNVERIFIABLE__NO_participantFlowModule_IN_CACHE
NCT02709889	ctg_results_bor_2014_2017.txt	200	ACTUAL	1	8	16	43	ctg_results_bor_2014_2017.txt::NCT02709889::outcomeMeasures[1]::groups[OG007]	1	8	200	False	NO_CONFLICT_DETECTED	NOT_A_PATIENT_COUNT__NO_CROSS_MEASURE_SUM_EMITTED	DISJOINTNESS_UNVERIFIABLE__NO_participantFlowModule_IN_CACHE
NCT02038933	ctg_results_bor_2014_2017.txt	121	ACTUAL	1	2	4	87	ctg_results_bor_2014_2017.txt::NCT02038933::outcomeMeasures[0]::groups[OG000]	0	2	121	False	NO_CONFLICT_DETECTED	NOT_A_PATIENT_COUNT__NO_CROSS_MEASURE_SUM_EMITTED	DISJOINTNESS_UNVERIFIABLE__NO_participantFlowModule_IN_CACHE
NCT02903914	ctg_results_bor_2014_2017.txt	260	ACTUAL	8	9	18	118	ctg_results_bor_2014_2017.txt::NCT02903914::outcomeMeasures[3]::groups[OG008]	3	9	249	False	NO_CONFLICT_DETECTED	NOT_A_PATIENT_COUNT__NO_CROSS_MEASURE_SUM_EMITTED	DISJOINTNESS_UNVERIFIABLE__NO_participantFlowModule_IN_CACHE
NCT02651987	ctg_results_bor_2014_2017.txt	99	ACTUAL	1	2	6	51	ctg_results_bor_2014_2017.txt::NCT02651987::outcomeMeasures[4]::groups[OG001]	4	2	99	False	NO_CONFLICT_DETECTED	NOT_A_PATIENT_COUNT__NO_CROSS_MEASURE_SUM_EMITTED	DISJOINTNESS_UNVERIFIABLE__NO_participantFlowModule_IN_CACHE
NCT02495233	ctg_results_bor_2014_2017.txt	10	ACTUAL	2	2	2	6	ctg_results_bor_2014_2017.txt::NCT02495233::outcomeMeasures[10]::groups[OG001]	10	2	9	False	NO_CONFLICT_DETECTED	NOT_A_PATIENT_COUNT__NO_CROSS_MEASURE_SUM_EMITTED	DISJOINTNESS_UNVERIFIABLE__NO_participantFlowModule_IN_CACHE
NCT02756611	ctg_results_bor_2014_2017.txt	258	ACTUAL	1	1	4	258	ctg_results_bor_2014_2017.txt::NCT02756611::outcomeMeasures[2]::groups[OG000]	2	1	258	False	NO_CONFLICT_DETECTED	NOT_A_PATIENT_COUNT__NO_CROSS_MEASURE_SUM_EMITTED	DISJOINTNESS_UNVERIFIABLE__NO_participantFlowModule_IN_CACHE
NCT02548962	ctg_results_bor_2014_2017.txt	11	ACTUAL	3	2	2	8	ctg_results_bor_2014_2017.txt::NCT02548962::outcomeMeasures[0]::groups[OG000]	0	2	11	False	NO_CONFLICT_DETECTED	NOT_A_PATIENT_COUNT__NO_CROSS_MEASURE_SUM_EMITTED	DISJOINTNESS_UNVERIFIABLE__NO_participantFlowModule_IN_CACHE
NCT04439240	ctg_results_bor_2014_2017.txt	52	ACTUAL	1	1	1	48	ctg_results_bor_2014_2017.txt::NCT04439240::outcomeMeasures[0]::groups[OG000]	0	1	48	False	NO_CONFLICT_DETECTED	NOT_A_PATIENT_COUNT__NO_CROSS_MEASURE_SUM_EMITTED	DISJOINTNESS_UNVERIFIABLE__NO_participantFlowModule_IN_CACHE
NCT02409368	ctg_results_bor_2014_2017.txt	812	ACTUAL	1	3	3	456	ctg_results_bor_2014_2017.txt::NCT02409368::outcomeMeasures[5]::groups[OG001]	5	3	670	False	NO_CONFLICT_DETECTED	NOT_A_PATIENT_COUNT__NO_CROSS_MEASURE_SUM_EMITTED	DISJOINTNESS_UNVERIFIABLE__NO_participantFlowModule_IN_CACHE
NCT02551991	ctg_results_bor_2014_2017.txt	56	ACTUAL	1	6	18	32	ctg_results_bor_2014_2017.txt::NCT02551991::outcomeMeasures[2]::groups[OG005]	2	6	88	False	WITHIN_MEASURE_SUM_EXCEEDS_ENROLLMENT	NOT_A_PATIENT_COUNT__NO_CROSS_MEASURE_SUM_EMITTED	DISJOINTNESS_UNVERIFIABLE__NO_participantFlowModule_IN_CACHE
NCT02500043	ctg_results_bor_2014_2017.txt	507	ACTUAL	2	2	4	290	ctg_results_bor_2014_2017.txt::NCT02500043::outcomeMeasures[3]::groups[OG000]	3	2	435	False	NO_CONFLICT_DETECTED	NOT_A_PATIENT_COUNT__NO_CROSS_MEASURE_SUM_EMITTED	DISJOINTNESS_UNVERIFIABLE__NO_participantFlowModule_IN_CACHE
NCT02735980	ctg_results_bor_2014_2017.txt	133	ACTUAL	3	6	6	60	ctg_results_bor_2014_2017.txt::NCT02735980::outcomeMeasures[0]::groups[OG001]	0	3	133	False	NO_CONFLICT_DETECTED	NOT_A_PATIENT_COUNT__NO_CROSS_MEASURE_SUM_EMITTED	DISJOINTNESS_UNVERIFIABLE__NO_participantFlowModule_IN_CACHE
NCT02600897	ctg_results_bor_2014_2017.txt	114	ACTUAL	4	4	16	40	ctg_results_bor_2014_2017.txt::NCT02600897::outcomeMeasures[6]::groups[OG002]	6	4	95	False	NO_CONFLICT_DETECTED	NOT_A_PATIENT_COUNT__NO_CROSS_MEASURE_SUM_EMITTED	DISJOINTNESS_UNVERIFIABLE__NO_participantFlowModule_IN_CACHE
NCT02895360	ctg_results_bor_2014_2017.txt	43	ACTUAL	2	5	5	20	ctg_results_bor_2014_2017.txt::NCT02895360::outcomeMeasures[6]::groups[OG000]	6	5	59	False	WITHIN_MEASURE_SUM_EXCEEDS_ENROLLMENT	NOT_A_PATIENT_COUNT__NO_CROSS_MEASURE_SUM_EMITTED	DISJOINTNESS_UNVERIFIABLE__NO_participantFlowModule_IN_CACHE
NCT03283696	ctg_results_bor_2014_2017.txt	24	ACTUAL	1	2	4	16	ctg_results_bor_2014_2017.txt::NCT03283696::outcomeMeasures[6]::groups[OG000]	6	2	24	False	NO_CONFLICT_DETECTED	NOT_A_PATIENT_COUNT__NO_CROSS_MEASURE_SUM_EMITTED	DISJOINTNESS_UNVERIFIABLE__NO_participantFlowModule_IN_CACHE
NCT03311126	ctg_results_bor_2014_2017.txt	21	ACTUAL	1	1	1	20	ctg_results_bor_2014_2017.txt::NCT03311126::outcomeMeasures[3]::groups[OG000]	3	1	20	False	NO_CONFLICT_DETECTED	NOT_A_PATIENT_COUNT__NO_CROSS_MEASURE_SUM_EMITTED	DISJOINTNESS_UNVERIFIABLE__NO_participantFlowModule_IN_CACHE
NCT03144804	ctg_results_bor_2014_2017.txt	36	ACTUAL	1	1	2	36	ctg_results_bor_2014_2017.txt::NCT03144804::outcomeMeasures[3]::groups[OG000]	3	1	36	False	NO_CONFLICT_DETECTED	NOT_A_PATIENT_COUNT__NO_CROSS_MEASURE_SUM_EMITTED	DISJOINTNESS_UNVERIFIABLE__NO_participantFlowModule_IN_CACHE
NCT02071225	ctg_results_bor_2014_2017.txt	72	ACTUAL	1	1	2	70	ctg_results_bor_2014_2017.txt::NCT02071225::outcomeMeasures[0]::groups[OG000]	0	1	70	False	NO_CONFLICT_DETECTED	NOT_A_PATIENT_COUNT__NO_CROSS_MEASURE_SUM_EMITTED	DISJOINTNESS_UNVERIFIABLE__NO_participantFlowModule_IN_CACHE
NCT02654132	ctg_results_bor_2014_2017.txt	117	ACTUAL	2	2	2	60	ctg_results_bor_2014_2017.txt::NCT02654132::outcomeMeasures[1]::groups[OG000]	1	2	117	False	NO_CONFLICT_DETECTED	NOT_A_PATIENT_COUNT__NO_CROSS_MEASURE_SUM_EMITTED	DISJOINTNESS_UNVERIFIABLE__NO_participantFlowModule_IN_CACHE
NCT03238248	ctg_results_bor_2014_2017.txt	71	ACTUAL	1	1	1	67	ctg_results_bor_2014_2017.txt::NCT03238248::outcomeMeasures[2]::groups[OG000]	2	1	67	False	NO_CONFLICT_DETECTED	NOT_A_PATIENT_COUNT__NO_CROSS_MEASURE_SUM_EMITTED	DISJOINTNESS_UNVERIFIABLE__NO_participantFlowModule_IN_CACHE
NCT02205333	ctg_results_bor_2014_2017.txt	48	ACTUAL	9	9	27	8	ctg_results_bor_2014_2017.txt::NCT02205333::outcomeMeasures[7]::groups[OG000]	7	9	48	False	NO_CONFLICT_DETECTED	NOT_A_PATIENT_COUNT__NO_CROSS_MEASURE_SUM_EMITTED	DISJOINTNESS_UNVERIFIABLE__NO_participantFlowModule_IN_CACHE
NCT02027376	ctg_results_bor_2014_2017.txt	12	ACTUAL	1	3	3	5	ctg_results_bor_2014_2017.txt::NCT02027376::outcomeMeasures[8]::groups[OG000]	8	3	10	False	NO_CONFLICT_DETECTED	NOT_A_PATIENT_COUNT__NO_CROSS_MEASURE_SUM_EMITTED	DISJOINTNESS_UNVERIFIABLE__NO_participantFlowModule_IN_CACHE
NCT02834247	ctg_results_bor_2014_2017.txt	41	ACTUAL	5	1	2	15	ctg_results_bor_2014_2017.txt::NCT02834247::outcomeMeasures[2]::groups[OG000]	2	1	15	False	NO_CONFLICT_DETECTED	NOT_A_PATIENT_COUNT__NO_CROSS_MEASURE_SUM_EMITTED	DISJOINTNESS_UNVERIFIABLE__NO_participantFlowModule_IN_CACHE
NCT02419417	ctg_results_bor_2014_2017.txt	83	ACTUAL	2	11	22	13	ctg_results_bor_2014_2017.txt::NCT02419417::outcomeMeasures[2]::groups[OG002]	2	11	83	False	NO_CONFLICT_DETECTED	NOT_A_PATIENT_COUNT__NO_CROSS_MEASURE_SUM_EMITTED	DISJOINTNESS_UNVERIFIABLE__NO_participantFlowModule_IN_CACHE
NCT02904226	ctg_results_bor_2014_2017.txt	242	ACTUAL	8	6	12	90	ctg_results_bor_2014_2017.txt::NCT02904226::outcomeMeasures[7]::groups[OG003]	7	6	202	False	NO_CONFLICT_DETECTED	NOT_A_PATIENT_COUNT__NO_CROSS_MEASURE_SUM_EMITTED	DISJOINTNESS_UNVERIFIABLE__NO_participantFlowModule_IN_CACHE
NCT02314117	ctg_results_bor_2014_2017.txt	645	ACTUAL	2	2	4	326	ctg_results_bor_2014_2017.txt::NCT02314117::outcomeMeasures[3]::groups[OG000]	3	2	645	False	NO_CONFLICT_DETECTED	NOT_A_PATIENT_COUNT__NO_CROSS_MEASURE_SUM_EMITTED	DISJOINTNESS_UNVERIFIABLE__NO_participantFlowModule_IN_CACHE
NCT02291614	ctg_results_bor_2014_2017.txt	45	ACTUAL	11	11	11	10	ctg_results_bor_2014_2017.txt::NCT02291614::outcomeMeasures[17]::groups[OG009]	17	11	44	False	NO_CONFLICT_DETECTED	NOT_A_PATIENT_COUNT__NO_CROSS_MEASURE_SUM_EMITTED	DISJOINTNESS_UNVERIFIABLE__NO_participantFlowModule_IN_CACHE
NCT02509507	ctg_results_bor_2014_2017.txt	127	ACTUAL	2	9	36	24	ctg_results_bor_2014_2017.txt::NCT02509507::outcomeMeasures[3]::groups[OG002]	4	9	127	False	NO_CONFLICT_DETECTED	NOT_A_PATIENT_COUNT__NO_CROSS_MEASURE_SUM_EMITTED	DISJOINTNESS_UNVERIFIABLE__NO_participantFlowModule_IN_CACHE
NCT02848001	ctg_results_bor_2014_2017.txt	101	ACTUAL	2	17	17	15	ctg_results_bor_2014_2017.txt::NCT02848001::outcomeMeasures[15]::groups[OG004]	15	17	101	False	NO_CONFLICT_DETECTED	NOT_A_PATIENT_COUNT__NO_CROSS_MEASURE_SUM_EMITTED	DISJOINTNESS_UNVERIFIABLE__NO_participantFlowModule_IN_CACHE
NCT02979899	ctg_results_bor_2014_2017.txt	128	ACTUAL	2	2	2	62	ctg_results_bor_2014_2017.txt::NCT02979899::outcomeMeasures[1]::groups[OG000]	1	2	123	False	NO_CONFLICT_DETECTED	NOT_A_PATIENT_COUNT__NO_CROSS_MEASURE_SUM_EMITTED	DISJOINTNESS_UNVERIFIABLE__NO_participantFlowModule_IN_CACHE
NCT03009344	ctg_results_bor_2014_2017.txt	7	ACTUAL	1	1	1	7	ctg_results_bor_2014_2017.txt::NCT03009344::outcomeMeasures[25]::groups[OG000]	25	1	7	False	NO_CONFLICT_DETECTED	NOT_A_PATIENT_COUNT__NO_CROSS_MEASURE_SUM_EMITTED	DISJOINTNESS_UNVERIFIABLE__NO_participantFlowModule_IN_CACHE
NCT02203604	ctg_results_bor_2014_2017.txt	9	ACTUAL	1	1	2	9	ctg_results_bor_2014_2017.txt::NCT02203604::outcomeMeasures[0]::groups[OG000]	0	1	9	False	NO_CONFLICT_DETECTED	NOT_A_PATIENT_COUNT__NO_CROSS_MEASURE_SUM_EMITTED	DISJOINTNESS_UNVERIFIABLE__NO_participantFlowModule_IN_CACHE
NCT02304406	ctg_results_bor_2014_2017.txt	449	ACTUAL	0	1	1	448	ctg_results_bor_2014_2017.txt::NCT02304406::outcomeMeasures[9]::groups[OG000]	9	1	448	False	NO_CONFLICT_DETECTED	NOT_A_PATIENT_COUNT__NO_CROSS_MEASURE_SUM_EMITTED	DISJOINTNESS_UNVERIFIABLE__NO_participantFlowModule_IN_CACHE
NCT02186301	ctg_results_bor_2014_2017.txt	100	ACTUAL	2	3	3	50	ctg_results_bor_2014_2017.txt::NCT02186301::outcomeMeasures[1]::groups[OG002]	1	3	100	False	NO_CONFLICT_DETECTED	NOT_A_PATIENT_COUNT__NO_CROSS_MEASURE_SUM_EMITTED	DISJOINTNESS_UNVERIFIABLE__NO_participantFlowModule_IN_CACHE
NCT02134015	ctg_results_bor_2014_2017.txt	145	ACTUAL	2	2	4	48	ctg_results_bor_2014_2017.txt::NCT02134015::outcomeMeasures[6]::groups[OG000]	6	2	94	False	NO_CONFLICT_DETECTED	NOT_A_PATIENT_COUNT__NO_CROSS_MEASURE_SUM_EMITTED	DISJOINTNESS_UNVERIFIABLE__NO_participantFlowModule_IN_CACHE
NCT03029598	ctg_results_bor_2014_2017.txt	29	ACTUAL	1	1	3	23	ctg_results_bor_2014_2017.txt::NCT03029598::outcomeMeasures[0]::groups[OG000]	0	1	23	False	NO_CONFLICT_DETECTED	NOT_A_PATIENT_COUNT__NO_CROSS_MEASURE_SUM_EMITTED	DISJOINTNESS_UNVERIFIABLE__NO_participantFlowModule_IN_CACHE
NCT02115048	ctg_results_bor_2014_2017.txt	44	ACTUAL	2	2	2	18	ctg_results_bor_2014_2017.txt::NCT02115048::outcomeMeasures[2]::groups[OG000]	2	2	36	False	NO_CONFLICT_DETECTED	NOT_A_PATIENT_COUNT__NO_CROSS_MEASURE_SUM_EMITTED	DISJOINTNESS_UNVERIFIABLE__NO_participantFlowModule_IN_CACHE
NCT03289533	ctg_results_bor_2014_2017.txt	22	ACTUAL	1	1	1	22	ctg_results_bor_2014_2017.txt::NCT03289533::outcomeMeasures[5]::groups[OG000]	5	1	22	False	NO_CONFLICT_DETECTED	NOT_A_PATIENT_COUNT__NO_CROSS_MEASURE_SUM_EMITTED	DISJOINTNESS_UNVERIFIABLE__NO_participantFlowModule_IN_CACHE
NCT02733042	ctg_results_bor_2014_2017.txt	106	ACTUAL	4	19	38	10	ctg_results_bor_2014_2017.txt::NCT02733042::outcomeMeasures[2]::groups[OG010]	2	18	98	False	NO_CONFLICT_DETECTED	NOT_A_PATIENT_COUNT__NO_CROSS_MEASURE_SUM_EMITTED	DISJOINTNESS_UNVERIFIABLE__NO_participantFlowModule_IN_CACHE
NCT02040870	ctg_results_bor_2014_2017.txt	103	ACTUAL	1	1	6	103	ctg_results_bor_2014_2017.txt::NCT02040870::outcomeMeasures[5]::groups[OG000]	5	1	103	False	NO_CONFLICT_DETECTED	NOT_A_PATIENT_COUNT__NO_CROSS_MEASURE_SUM_EMITTED	DISJOINTNESS_UNVERIFIABLE__NO_participantFlowModule_IN_CACHE
NCT02867592	ctg_results_bor_2014_2017.txt	109	ACTUAL	1	6	6	29	ctg_results_bor_2014_2017.txt::NCT02867592::outcomeMeasures[1]::groups[OG000]	0	5	75	False	NO_CONFLICT_DETECTED	NOT_A_PATIENT_COUNT__NO_CROSS_MEASURE_SUM_EMITTED	DISJOINTNESS_UNVERIFIABLE__NO_participantFlowModule_IN_CACHE
NCT02810457	ctg_results_bor_2014_2017.txt	731	ACTUAL	2	2	6	367	ctg_results_bor_2014_2017.txt::NCT02810457::outcomeMeasures[0]::groups[OG001]	0	2	731	False	NO_CONFLICT_DETECTED	NOT_A_PATIENT_COUNT__NO_CROSS_MEASURE_SUM_EMITTED	DISJOINTNESS_UNVERIFIABLE__NO_participantFlowModule_IN_CACHE
NCT02762981	ctg_results_bor_2014_2017.txt	85	ACTUAL	1	4	6	54	ctg_results_bor_2014_2017.txt::NCT02762981::outcomeMeasures[2]::groups[OG000]	2	2	73	False	NO_CONFLICT_DETECTED	NOT_A_PATIENT_COUNT__NO_CROSS_MEASURE_SUM_EMITTED	DISJOINTNESS_UNVERIFIABLE__NO_participantFlowModule_IN_CACHE
NCT02124772	ctg_results_bor_2014_2017.txt	139	ACTUAL	13	13	39	20	ctg_results_bor_2014_2017.txt::NCT02124772::outcomeMeasures[10]::groups[OG011]	10	13	139	False	NO_CONFLICT_DETECTED	NOT_A_PATIENT_COUNT__NO_CROSS_MEASURE_SUM_EMITTED	DISJOINTNESS_UNVERIFIABLE__NO_participantFlowModule_IN_CACHE
NCT03046953	ctg_results_bor_2014_2017.txt	35	ACTUAL	1	1	1	32	ctg_results_bor_2014_2017.txt::NCT03046953::outcomeMeasures[0]::groups[OG000]	0	1	32	False	NO_CONFLICT_DETECTED	NOT_A_PATIENT_COUNT__NO_CROSS_MEASURE_SUM_EMITTED	DISJOINTNESS_UNVERIFIABLE__NO_participantFlowModule_IN_CACHE
NCT03312738	ctg_results_bor_2014_2017.txt	159	ACTUAL	2	2	8	80	ctg_results_bor_2014_2017.txt::NCT03312738::outcomeMeasures[3]::groups[OG000]	3	2	159	False	NO_CONFLICT_DETECTED	NOT_A_PATIENT_COUNT__NO_CROSS_MEASURE_SUM_EMITTED	DISJOINTNESS_UNVERIFIABLE__NO_participantFlowModule_IN_CACHE
NCT02540291	ctg_results_bor_2014_2017.txt	31	ACTUAL	1	4	12	8	ctg_results_bor_2014_2017.txt::NCT02540291::outcomeMeasures[3]::groups[OG000]	3	4	30	False	NO_CONFLICT_DETECTED	NOT_A_PATIENT_COUNT__NO_CROSS_MEASURE_SUM_EMITTED	DISJOINTNESS_UNVERIFIABLE__NO_participantFlowModule_IN_CACHE
NCT02421588	ctg_results_bor_2014_2017.txt	442	ACTUAL	2	2	4	221	ctg_results_bor_2014_2017.txt::NCT02421588::outcomeMeasures[3]::groups[OG000]	3	2	442	False	NO_CONFLICT_DETECTED	NOT_A_PATIENT_COUNT__NO_CROSS_MEASURE_SUM_EMITTED	DISJOINTNESS_UNVERIFIABLE__NO_participantFlowModule_IN_CACHE
NCT02606305	ctg_results_bor_2014_2017.txt	264	ACTUAL	5	15	30	60	ctg_results_bor_2014_2017.txt::NCT02606305::outcomeMeasures[1]::groups[OG002]	5	15	207	False	NO_CONFLICT_DETECTED	NOT_A_PATIENT_COUNT__NO_CROSS_MEASURE_SUM_EMITTED	DISJOINTNESS_UNVERIFIABLE__NO_participantFlowModule_IN_CACHE
NCT02717611	ctg_results_bor_2014_2017.txt	60	ACTUAL	1	1	1	60	ctg_results_bor_2014_2017.txt::NCT02717611::outcomeMeasures[0]::groups[OG000]	0	1	60	False	NO_CONFLICT_DETECTED	NOT_A_PATIENT_COUNT__NO_CROSS_MEASURE_SUM_EMITTED	DISJOINTNESS_UNVERIFIABLE__NO_participantFlowModule_IN_CACHE
NCT02271945	ctg_results_bor_2014_2017.txt	10	ACTUAL	2	2	2	5	ctg_results_bor_2014_2017.txt::NCT02271945::outcomeMeasures[4]::groups[OG000]	4	2	10	False	NO_CONFLICT_DETECTED	NOT_A_PATIENT_COUNT__NO_CROSS_MEASURE_SUM_EMITTED	DISJOINTNESS_UNVERIFIABLE__NO_participantFlowModule_IN_CACHE
NCT03290950	ctg_results_bor_2014_2017.txt	69	ACTUAL	2	2	2	41	ctg_results_bor_2014_2017.txt::NCT03290950::outcomeMeasures[0]::groups[OG001]	0	2	69	False	NO_CONFLICT_DETECTED	NOT_A_PATIENT_COUNT__NO_CROSS_MEASURE_SUM_EMITTED	DISJOINTNESS_UNVERIFIABLE__NO_participantFlowModule_IN_CACHE
NCT02787642	ctg_results_bor_2014_2017.txt	41	ACTUAL	1	1	1	26	ctg_results_bor_2014_2017.txt::NCT02787642::outcomeMeasures[3]::groups[OG000]	3	1	26	True	NO_CONFLICT_DETECTED	NOT_A_PATIENT_COUNT__NO_CROSS_MEASURE_SUM_EMITTED	DISJOINTNESS_UNVERIFIABLE__NO_participantFlowModule_IN_CACHE
NCT03126591	ctg_results_bor_2014_2017.txt	41	ACTUAL	3	3	6	28	ctg_results_bor_2014_2017.txt::NCT03126591::outcomeMeasures[5]::groups[OG002]	5	3	41	False	NO_CONFLICT_DETECTED	NOT_A_PATIENT_COUNT__NO_CROSS_MEASURE_SUM_EMITTED	DISJOINTNESS_UNVERIFIABLE__NO_participantFlowModule_IN_CACHE
NCT03427073	ctg_results_bor_2014_2017.txt	20	ACTUAL	2	8	8	4	ctg_results_bor_2014_2017.txt::NCT03427073::outcomeMeasures[1]::groups[OG005]	1	8	20	False	NO_CONFLICT_DETECTED	NOT_A_PATIENT_COUNT__NO_CROSS_MEASURE_SUM_EMITTED	DISJOINTNESS_UNVERIFIABLE__NO_participantFlowModule_IN_CACHE
NCT03191786	ctg_results_bor_2014_2017.txt	453	ACTUAL	2	2	2	302	ctg_results_bor_2014_2017.txt::NCT03191786::outcomeMeasures[2]::groups[OG000]	2	2	453	False	NO_CONFLICT_DETECTED	NOT_A_PATIENT_COUNT__NO_CROSS_MEASURE_SUM_EMITTED	DISJOINTNESS_UNVERIFIABLE__NO_participantFlowModule_IN_CACHE
NCT02611323	ctg_results_bor_2014_2017.txt	133	ACTUAL	4	4	8	41	ctg_results_bor_2014_2017.txt::NCT02611323::outcomeMeasures[9]::groups[OG001]	9	4	97	False	NO_CONFLICT_DETECTED	NOT_A_PATIENT_COUNT__NO_CROSS_MEASURE_SUM_EMITTED	DISJOINTNESS_UNVERIFIABLE__NO_participantFlowModule_IN_CACHE
NCT02667886	ctg_results_bor_2014_2017.txt	74	ACTUAL	5	2	8	59	ctg_results_bor_2014_2017.txt::NCT02667886::outcomeMeasures[1]::groups[OG001]	1	2	62	False	NO_CONFLICT_DETECTED	NOT_A_PATIENT_COUNT__NO_CROSS_MEASURE_SUM_EMITTED	DISJOINTNESS_UNVERIFIABLE__NO_participantFlowModule_IN_CACHE
NCT02171260	ctg_results_bor_2014_2017.txt	23	ACTUAL	1	4	4	6	ctg_results_bor_2014_2017.txt::NCT02171260::outcomeMeasures[12]::groups[OG000]	12	4	22	False	NO_CONFLICT_DETECTED	NOT_A_PATIENT_COUNT__NO_CROSS_MEASURE_SUM_EMITTED	DISJOINTNESS_UNVERIFIABLE__NO_participantFlowModule_IN_CACHE
NCT02335983	ctg_results_bor_2014_2017.txt	107	ACTUAL	6	8	16	46	ctg_results_bor_2014_2017.txt::NCT02335983::outcomeMeasures[9]::groups[OG003]	9	8	171	False	WITHIN_MEASURE_SUM_EXCEEDS_ENROLLMENT	NOT_A_PATIENT_COUNT__NO_CROSS_MEASURE_SUM_EMITTED	DISJOINTNESS_UNVERIFIABLE__NO_participantFlowModule_IN_CACHE
NCT02343549	ctg_results_bor_2014_2017.txt	13	ACTUAL	1	1	1	9	ctg_results_bor_2014_2017.txt::NCT02343549::outcomeMeasures[3]::groups[OG000]	3	1	9	False	NO_CONFLICT_DETECTED	NOT_A_PATIENT_COUNT__NO_CROSS_MEASURE_SUM_EMITTED	DISJOINTNESS_UNVERIFIABLE__NO_participantFlowModule_IN_CACHE
NCT02302339	ctg_results_bor_2014_2017.txt	132	ACTUAL	4	4	4	62	ctg_results_bor_2014_2017.txt::NCT02302339::outcomeMeasures[0]::groups[OG000]	0	4	126	False	NO_CONFLICT_DETECTED	NOT_A_PATIENT_COUNT__NO_CROSS_MEASURE_SUM_EMITTED	DISJOINTNESS_UNVERIFIABLE__NO_participantFlowModule_IN_CACHE
NCT02939183	ctg_results_bor_2014_2017.txt	61	ACTUAL	5	8	16	10	ctg_results_bor_2014_2017.txt::NCT02939183::outcomeMeasures[7]::groups[OG006]	7	8	45	False	NO_CONFLICT_DETECTED	NOT_A_PATIENT_COUNT__NO_CROSS_MEASURE_SUM_EMITTED	DISJOINTNESS_UNVERIFIABLE__NO_participantFlowModule_IN_CACHE
NCT02138786	ctg_results_bor_2014_2017.txt	27	ACTUAL	1	1	2	25	ctg_results_bor_2014_2017.txt::NCT02138786::outcomeMeasures[0]::groups[OG000]	0	1	25	False	NO_CONFLICT_DETECTED	NOT_A_PATIENT_COUNT__NO_CROSS_MEASURE_SUM_EMITTED	DISJOINTNESS_UNVERIFIABLE__NO_participantFlowModule_IN_CACHE
NCT02384239	ctg_results_bor_2014_2017.txt	70	ACTUAL	2	2	2	36	ctg_results_bor_2014_2017.txt::NCT02384239::outcomeMeasures[3]::groups[OG000]	3	2	68	False	NO_CONFLICT_DETECTED	NOT_A_PATIENT_COUNT__NO_CROSS_MEASURE_SUM_EMITTED	DISJOINTNESS_UNVERIFIABLE__NO_participantFlowModule_IN_CACHE
NCT04439253	ctg_results_bor_2014_2017.txt	4	ACTUAL	1	1	1	4	ctg_results_bor_2014_2017.txt::NCT04439253::outcomeMeasures[0]::groups[OG000]	0	1	4	False	NO_CONFLICT_DETECTED	NOT_A_PATIENT_COUNT__NO_CROSS_MEASURE_SUM_EMITTED	DISJOINTNESS_UNVERIFIABLE__NO_participantFlowModule_IN_CACHE
NCT02789345	ctg_results_bor_2014_2017.txt	29	ACTUAL	3	1	2	25	ctg_results_bor_2014_2017.txt::NCT02789345::outcomeMeasures[3]::groups[OG000]	3	1	25	False	NO_CONFLICT_DETECTED	NOT_A_PATIENT_COUNT__NO_CROSS_MEASURE_SUM_EMITTED	DISJOINTNESS_UNVERIFIABLE__NO_participantFlowModule_IN_CACHE
NCT02941926	ctg_results_bor_2014_2017.txt	3246	ACTUAL	1	1	2	3246	ctg_results_bor_2014_2017.txt::NCT02941926::outcomeMeasures[2]::groups[OG000]	2	1	3246	False	NO_CONFLICT_DETECTED	NOT_A_PATIENT_COUNT__NO_CROSS_MEASURE_SUM_EMITTED	DISJOINTNESS_UNVERIFIABLE__NO_participantFlowModule_IN_CACHE
NCT03245736	ctg_results_bor_2014_2017.txt	5	ACTUAL	1	1	1	5	ctg_results_bor_2014_2017.txt::NCT03245736::outcomeMeasures[1]::groups[OG000]	1	1	5	False	NO_CONFLICT_DETECTED	NOT_A_PATIENT_COUNT__NO_CROSS_MEASURE_SUM_EMITTED	DISJOINTNESS_UNVERIFIABLE__NO_participantFlowModule_IN_CACHE
NCT02906332	ctg_results_bor_2014_2017.txt	12	ACTUAL	1	1	1	11	ctg_results_bor_2014_2017.txt::NCT02906332::outcomeMeasures[2]::groups[OG000]	2	1	11	False	NO_CONFLICT_DETECTED	NOT_A_PATIENT_COUNT__NO_CROSS_MEASURE_SUM_EMITTED	DISJOINTNESS_UNVERIFIABLE__NO_participantFlowModule_IN_CACHE
NCT02152631	ctg_results_bor_2014_2017.txt	453	ACTUAL	2	2	2	270	ctg_results_bor_2014_2017.txt::NCT02152631::outcomeMeasures[1]::groups[OG000]	1	2	453	False	NO_CONFLICT_DETECTED	NOT_A_PATIENT_COUNT__NO_CROSS_MEASURE_SUM_EMITTED	DISJOINTNESS_UNVERIFIABLE__NO_participantFlowModule_IN_CACHE
NCT01946477	ctg_results_bor_2014_2017.txt	186	ACTUAL	2	3	3	112	ctg_results_bor_2014_2017.txt::NCT01946477::outcomeMeasures[0]::groups[OG001]	0	3	186	False	NO_CONFLICT_DETECTED	NOT_A_PATIENT_COUNT__NO_CROSS_MEASURE_SUM_EMITTED	DISJOINTNESS_UNVERIFIABLE__NO_participantFlowModule_IN_CACHE
NCT02108964	ctg_results_bor_2014_2017.txt	225	ACTUAL	2	8	18	68	ctg_results_bor_2014_2017.txt::NCT02108964::outcomeMeasures[8]::groups[OG002]	8	8	207	False	NO_CONFLICT_DETECTED	NOT_A_PATIENT_COUNT__NO_CROSS_MEASURE_SUM_EMITTED	DISJOINTNESS_UNVERIFIABLE__NO_participantFlowModule_IN_CACHE
NCT02441517	ctg_results_bor_2014_2017.txt	4	ACTUAL	1	1	1	4	ctg_results_bor_2014_2017.txt::NCT02441517::outcomeMeasures[4]::groups[OG000]	4	1	4	False	NO_CONFLICT_DETECTED	NOT_A_PATIENT_COUNT__NO_CROSS_MEASURE_SUM_EMITTED	DISJOINTNESS_UNVERIFIABLE__NO_participantFlowModule_IN_CACHE
NCT02089334	ctg_results_bor_2014_2017.txt	24	ACTUAL	1	4	4	11	ctg_results_bor_2014_2017.txt::NCT02089334::outcomeMeasures[4]::groups[OG003]	4	4	22	False	NO_CONFLICT_DETECTED	NOT_A_PATIENT_COUNT__NO_CROSS_MEASURE_SUM_EMITTED	DISJOINTNESS_UNVERIFIABLE__NO_participantFlowModule_IN_CACHE
NCT02730247	ctg_results_bor_2014_2017.txt	7	ACTUAL	1	1	1	6	ctg_results_bor_2014_2017.txt::NCT02730247::outcomeMeasures[5]::groups[OG000]	5	1	6	False	NO_CONFLICT_DETECTED	NOT_A_PATIENT_COUNT__NO_CROSS_MEASURE_SUM_EMITTED	DISJOINTNESS_UNVERIFIABLE__NO_participantFlowModule_IN_CACHE
NCT02193958	ctg_results_bor_2014_2017.txt	55	ACTUAL	9	9	9	17	ctg_results_bor_2014_2017.txt::NCT02193958::outcomeMeasures[1]::groups[OG008]	1	9	55	False	NO_CONFLICT_DETECTED	NOT_A_PATIENT_COUNT__NO_CROSS_MEASURE_SUM_EMITTED	DISJOINTNESS_UNVERIFIABLE__NO_participantFlowModule_IN_CACHE
NCT03271047	ctg_results_bor_2014_2017.txt	75	ACTUAL	4	4	4	27	ctg_results_bor_2014_2017.txt::NCT03271047::outcomeMeasures[1]::groups[OG000]	1	2	54	False	NO_CONFLICT_DETECTED	NOT_A_PATIENT_COUNT__NO_CROSS_MEASURE_SUM_EMITTED	DISJOINTNESS_UNVERIFIABLE__NO_participantFlowModule_IN_CACHE
NCT03213678	ctg_results_bor_2014_2017.txt	18	ACTUAL	1	1	1	17	ctg_results_bor_2014_2017.txt::NCT03213678::outcomeMeasures[0]::groups[OG000]	0	1	17	False	NO_CONFLICT_DETECTED	NOT_A_PATIENT_COUNT__NO_CROSS_MEASURE_SUM_EMITTED	DISJOINTNESS_UNVERIFIABLE__NO_participantFlowModule_IN_CACHE
NCT02714218	ctg_results_bor_2014_2017.txt	387	ACTUAL	3	2	2	180	ctg_results_bor_2014_2017.txt::NCT02714218::outcomeMeasures[2]::groups[OG000]	2	2	358	False	NO_CONFLICT_DETECTED	NOT_A_PATIENT_COUNT__NO_CROSS_MEASURE_SUM_EMITTED	DISJOINTNESS_UNVERIFIABLE__NO_participantFlowModule_IN_CACHE
NCT02574455	ctg_results_bor_2014_2017.txt	529	ACTUAL	2	2	8	235	ctg_results_bor_2014_2017.txt::NCT02574455::outcomeMeasures[4]::groups[OG000]	4	2	468	False	NO_CONFLICT_DETECTED	NOT_A_PATIENT_COUNT__NO_CROSS_MEASURE_SUM_EMITTED	DISJOINTNESS_UNVERIFIABLE__NO_participantFlowModule_IN_CACHE
NCT02296125	ctg_results_bor_2014_2017.txt	674	ACTUAL	2	4	8	279	ctg_results_bor_2014_2017.txt::NCT02296125::outcomeMeasures[2]::groups[OG000]	2	4	692	False	WITHIN_MEASURE_SUM_EXCEEDS_ENROLLMENT	NOT_A_PATIENT_COUNT__NO_CROSS_MEASURE_SUM_EMITTED	DISJOINTNESS_UNVERIFIABLE__NO_participantFlowModule_IN_CACHE
NCT02327078	ctg_results_bor_2014_2017.txt	307	ACTUAL	9	16	16	58	ctg_results_bor_2014_2017.txt::NCT02327078::outcomeMeasures[3]::groups[OG005]	3	9	259	False	NO_CONFLICT_DETECTED	NOT_A_PATIENT_COUNT__NO_CROSS_MEASURE_SUM_EMITTED	DISJOINTNESS_UNVERIFIABLE__NO_participantFlowModule_IN_CACHE
NCT03053440	ctg_results_bor_2014_2017.txt	201	ACTUAL	2	2	2	102	ctg_results_bor_2014_2017.txt::NCT03053440::outcomeMeasures[1]::groups[OG001]	1	2	201	False	NO_CONFLICT_DETECTED	NOT_A_PATIENT_COUNT__NO_CROSS_MEASURE_SUM_EMITTED	DISJOINTNESS_UNVERIFIABLE__NO_participantFlowModule_IN_CACHE
NCT02905266	ctg_results_bor_2014_2017.txt	106	ACTUAL	2	2	2	53	ctg_results_bor_2014_2017.txt::NCT02905266::outcomeMeasures[8]::groups[OG000]	8	2	106	False	NO_CONFLICT_DETECTED	NOT_A_PATIENT_COUNT__NO_CROSS_MEASURE_SUM_EMITTED	DISJOINTNESS_UNVERIFIABLE__NO_participantFlowModule_IN_CACHE
NCT03176277	ctg_results_bor_2014_2017.txt	42	ACTUAL	4	5	5	22	ctg_results_bor_2014_2017.txt::NCT03176277::outcomeMeasures[26]::groups[OG000]	14	4	40	True	NO_CONFLICT_DETECTED	NOT_A_PATIENT_COUNT__NO_CROSS_MEASURE_SUM_EMITTED	DISJOINTNESS_UNVERIFIABLE__NO_participantFlowModule_IN_CACHE
NCT03311334	ctg_results_bor_2014_2017.txt	47	ACTUAL	2	3	8	0			0	0	False	NO_CONFLICT_DETECTED	NOT_A_PATIENT_COUNT__NO_CROSS_MEASURE_SUM_EMITTED	DISJOINTNESS_UNVERIFIABLE__NO_participantFlowModule_IN_CACHE
NCT02364609	ctg_results_bor_2014_2017.txt	11	ACTUAL	2	2	2	6	ctg_results_bor_2014_2017.txt::NCT02364609::outcomeMeasures[1]::groups[OG000]	1	2	10	False	NO_CONFLICT_DETECTED	NOT_A_PATIENT_COUNT__NO_CROSS_MEASURE_SUM_EMITTED	DISJOINTNESS_UNVERIFIABLE__NO_participantFlowModule_IN_CACHE
NCT02319044	ctg_results_bor_2014_2017.txt	267	ACTUAL	3	4	18	257	ctg_results_bor_2014_2017.txt::NCT02319044::outcomeMeasures[2]::groups[OG003]	2	4	514	True	WITHIN_MEASURE_SUM_EXCEEDS_ENROLLMENT__POOLED_LABEL_IN_MEASURE	NOT_A_PATIENT_COUNT__NO_CROSS_MEASURE_SUM_EMITTED	DISJOINTNESS_UNVERIFIABLE__NO_participantFlowModule_IN_CACHE
NCT02315066	ctg_results_bor_2014_2017.txt	174	ACTUAL	2	14	14	30	ctg_results_bor_2014_2017.txt::NCT02315066::outcomeMeasures[24]::groups[OG005]	6	8	87	False	NO_CONFLICT_DETECTED	NOT_A_PATIENT_COUNT__NO_CROSS_MEASURE_SUM_EMITTED	DISJOINTNESS_UNVERIFIABLE__NO_participantFlowModule_IN_CACHE
NCT03343054	ctg_results_bor_2014_2017.txt	28	ACTUAL	1	3	4	19	ctg_results_bor_2014_2017.txt::NCT03343054::outcomeMeasures[1]::groups[OG000]	1	1	19	False	NO_CONFLICT_DETECTED	NOT_A_PATIENT_COUNT__NO_CROSS_MEASURE_SUM_EMITTED	DISJOINTNESS_UNVERIFIABLE__NO_participantFlowModule_IN_CACHE
NCT03132922	ctg_results_bor_2014_2017.txt	71	ACTUAL	2	4	8	32	ctg_results_bor_2014_2017.txt::NCT03132922::outcomeMeasures[3]::groups[OG002]	3	4	42	False	NO_CONFLICT_DETECTED	NOT_A_PATIENT_COUNT__NO_CROSS_MEASURE_SUM_EMITTED	DISJOINTNESS_UNVERIFIABLE__NO_participantFlowModule_IN_CACHE
NCT03213704	ctg_results_bor_2014_2017.txt	9	ACTUAL	1	1	1	9	ctg_results_bor_2014_2017.txt::NCT03213704::outcomeMeasures[0]::groups[OG000]	0	1	9	False	NO_CONFLICT_DETECTED	NOT_A_PATIENT_COUNT__NO_CROSS_MEASURE_SUM_EMITTED	DISJOINTNESS_UNVERIFIABLE__NO_participantFlowModule_IN_CACHE
NCT02287233	ctg_results_bor_2014_2017.txt	94	ACTUAL	3	1	1	82	ctg_results_bor_2014_2017.txt::NCT02287233::outcomeMeasures[7]::groups[OG000]	7	1	82	False	NO_CONFLICT_DETECTED	NOT_A_PATIENT_COUNT__NO_CROSS_MEASURE_SUM_EMITTED	DISJOINTNESS_UNVERIFIABLE__NO_participantFlowModule_IN_CACHE
NCT03116152	ctg_results_bor_2014_2017.txt	190	ACTUAL	2	2	2	95	ctg_results_bor_2014_2017.txt::NCT03116152::outcomeMeasures[2]::groups[OG000]	2	2	190	False	NO_CONFLICT_DETECTED	NOT_A_PATIENT_COUNT__NO_CROSS_MEASURE_SUM_EMITTED	DISJOINTNESS_UNVERIFIABLE__NO_participantFlowModule_IN_CACHE
NCT03323398	ctg_results_bor_2014_2017.txt	79	ACTUAL	2	9	18	13	ctg_results_bor_2014_2017.txt::NCT03323398::outcomeMeasures[2]::groups[OG008]	2	9	48	False	NO_CONFLICT_DETECTED	NOT_A_PATIENT_COUNT__NO_CROSS_MEASURE_SUM_EMITTED	DISJOINTNESS_UNVERIFIABLE__NO_participantFlowModule_IN_CACHE
NCT03150810	ctg_results_bor_2014_2017.txt	139	ACTUAL	13	13	26	25	ctg_results_bor_2014_2017.txt::NCT03150810::outcomeMeasures[2]::groups[OG012]	2	13	127	False	NO_CONFLICT_DETECTED	NOT_A_PATIENT_COUNT__NO_CROSS_MEASURE_SUM_EMITTED	DISJOINTNESS_UNVERIFIABLE__NO_participantFlowModule_IN_CACHE
NCT02789137	ctg_results_bor_2014_2017.txt	111	ACTUAL	0	1	1	111	ctg_results_bor_2014_2017.txt::NCT02789137::outcomeMeasures[29]::groups[OG000]	29	1	111	False	NO_CONFLICT_DETECTED	NOT_A_PATIENT_COUNT__NO_CROSS_MEASURE_SUM_EMITTED	DISJOINTNESS_UNVERIFIABLE__NO_participantFlowModule_IN_CACHE
NCT02625610	ctg_results_bor_2014_2017.txt	499	ACTUAL	2	2	4	250	ctg_results_bor_2014_2017.txt::NCT02625610::outcomeMeasures[2]::groups[OG000]	2	2	499	False	NO_CONFLICT_DETECTED	NOT_A_PATIENT_COUNT__NO_CROSS_MEASURE_SUM_EMITTED	DISJOINTNESS_UNVERIFIABLE__NO_participantFlowModule_IN_CACHE
NCT02488759	ctg_results_bor_2014_2017.txt	578	ACTUAL	5	5	10	195	ctg_results_bor_2014_2017.txt::NCT02488759::outcomeMeasures[3]::groups[OG001]	3	5	455	False	NO_CONFLICT_DETECTED	NOT_A_PATIENT_COUNT__NO_CROSS_MEASURE_SUM_EMITTED	DISJOINTNESS_UNVERIFIABLE__NO_participantFlowModule_IN_CACHE
NCT03065179	ctg_results_bor_2014_2017.txt	29	ACTUAL	1	1	1	25	ctg_results_bor_2014_2017.txt::NCT03065179::outcomeMeasures[2]::groups[OG000]	2	1	25	False	NO_CONFLICT_DETECTED	NOT_A_PATIENT_COUNT__NO_CROSS_MEASURE_SUM_EMITTED	DISJOINTNESS_UNVERIFIABLE__NO_participantFlowModule_IN_CACHE
NCT02370238	ctg_results_bor_2014_2017.txt	194	ACTUAL	2	4	6	57	ctg_results_bor_2014_2017.txt::NCT02370238::outcomeMeasures[2]::groups[OG000]	2	2	111	False	NO_CONFLICT_DETECTED	NOT_A_PATIENT_COUNT__NO_CROSS_MEASURE_SUM_EMITTED	DISJOINTNESS_UNVERIFIABLE__NO_participantFlowModule_IN_CACHE
NCT02867618	ctg_results_bor_2014_2017.txt	14	ACTUAL	1	1	1	0			0	0	False	NO_CONFLICT_DETECTED	NOT_A_PATIENT_COUNT__NO_CROSS_MEASURE_SUM_EMITTED	DISJOINTNESS_UNVERIFIABLE__NO_participantFlowModule_IN_CACHE
NCT02869789	ctg_results_bor_2014_2017.txt	1041	ACTUAL	1	3	3	395	ctg_results_bor_2014_2017.txt::NCT02869789::outcomeMeasures[4]::groups[OG001]	4	3	843	False	NO_CONFLICT_DETECTED	NOT_A_PATIENT_COUNT__NO_CROSS_MEASURE_SUM_EMITTED	DISJOINTNESS_UNVERIFIABLE__NO_participantFlowModule_IN_CACHE
NCT03260023	ctg_results_bor_2014_2017.txt	143	ACTUAL	2	7	10	46	ctg_results_bor_2014_2017.txt::NCT03260023::outcomeMeasures[4]::groups[OG002]	4	4	99	False	NO_CONFLICT_DETECTED	NOT_A_PATIENT_COUNT__NO_CROSS_MEASURE_SUM_EMITTED	DISJOINTNESS_UNVERIFIABLE__NO_participantFlowModule_IN_CACHE
NCT02259231	ctg_results_bor_2014_2017.txt	41	ACTUAL	7	7	7	6	ctg_results_bor_2014_2017.txt::NCT02259231::outcomeMeasures[0]::groups[OG000]	0	7	34	False	NO_CONFLICT_DETECTED	NOT_A_PATIENT_COUNT__NO_CROSS_MEASURE_SUM_EMITTED	DISJOINTNESS_UNVERIFIABLE__NO_participantFlowModule_IN_CACHE
NCT01870726	ctg_results_bor_2014_2017.txt	43	ACTUAL	2	7	7	10	ctg_results_bor_2014_2017.txt::NCT01870726::outcomeMeasures[12]::groups[OG006]	12	7	43	False	NO_CONFLICT_DETECTED	NOT_A_PATIENT_COUNT__NO_CROSS_MEASURE_SUM_EMITTED	DISJOINTNESS_UNVERIFIABLE__NO_participantFlowModule_IN_CACHE
NCT02676778	ctg_results_bor_2014_2017.txt	45	ACTUAL	1	3	3	19	ctg_results_bor_2014_2017.txt::NCT02676778::outcomeMeasures[0]::groups[OG001]	0	2	36	False	NO_CONFLICT_DETECTED	NOT_A_PATIENT_COUNT__NO_CROSS_MEASURE_SUM_EMITTED	DISJOINTNESS_UNVERIFIABLE__NO_participantFlowModule_IN_CACHE
NCT02828124	ctg_results_bor_2014_2017.txt	25	ACTUAL	4	4	8	0			0	0	False	NO_CONFLICT_DETECTED	NOT_A_PATIENT_COUNT__NO_CROSS_MEASURE_SUM_EMITTED	DISJOINTNESS_UNVERIFIABLE__NO_participantFlowModule_IN_CACHE
NCT02445586	ctg_results_bor_2014_2017.txt	52	ACTUAL	1	1	2	52	ctg_results_bor_2014_2017.txt::NCT02445586::outcomeMeasures[27]::groups[OG000]	27	1	52	False	NO_CONFLICT_DETECTED	NOT_A_PATIENT_COUNT__NO_CROSS_MEASURE_SUM_EMITTED	DISJOINTNESS_UNVERIFIABLE__NO_participantFlowModule_IN_CACHE
NCT02187042	ctg_results_bor_2014_2017.txt	70	ACTUAL	1	1	1	39	ctg_results_bor_2014_2017.txt::NCT02187042::outcomeMeasures[15]::groups[OG000]	15	1	39	False	NO_CONFLICT_DETECTED	NOT_A_PATIENT_COUNT__NO_CROSS_MEASURE_SUM_EMITTED	DISJOINTNESS_UNVERIFIABLE__NO_participantFlowModule_IN_CACHE
NCT02499120	ctg_results_bor_2014_2017.txt	125	ACTUAL	2	2	2	65	ctg_results_bor_2014_2017.txt::NCT02499120::outcomeMeasures[2]::groups[OG000]	2	2	125	False	NO_CONFLICT_DETECTED	NOT_A_PATIENT_COUNT__NO_CROSS_MEASURE_SUM_EMITTED	DISJOINTNESS_UNVERIFIABLE__NO_participantFlowModule_IN_CACHE
NCT03074318	ctg_results_bor_2014_2017.txt	35	ACTUAL	4	9	10	23	ctg_results_bor_2014_2017.txt::NCT03074318::outcomeMeasures[1]::groups[OG000]	5	4	34	False	NO_CONFLICT_DETECTED	NOT_A_PATIENT_COUNT__NO_CROSS_MEASURE_SUM_EMITTED	DISJOINTNESS_UNVERIFIABLE__NO_participantFlowModule_IN_CACHE
NCT02323126	ctg_results_bor_2014_2017.txt	64	ACTUAL	3	3	6	30	ctg_results_bor_2014_2017.txt::NCT02323126::outcomeMeasures[1]::groups[OG002]	1	3	64	False	NO_CONFLICT_DETECTED	NOT_A_PATIENT_COUNT__NO_CROSS_MEASURE_SUM_EMITTED	DISJOINTNESS_UNVERIFIABLE__NO_participantFlowModule_IN_CACHE
NCT02886585	ctg_results_bor_2014_2017.txt	101	ACTUAL	4	2	3	40	ctg_results_bor_2014_2017.txt::NCT02886585::outcomeMeasures[6]::groups[OG000]	6	2	60	False	NO_CONFLICT_DETECTED	NOT_A_PATIENT_COUNT__NO_CROSS_MEASURE_SUM_EMITTED	DISJOINTNESS_UNVERIFIABLE__NO_participantFlowModule_IN_CACHE
NCT03085225	ctg_results_bor_2014_2017.txt	40	ACTUAL	1	4	10	14	ctg_results_bor_2014_2017.txt::NCT03085225::outcomeMeasures[1]::groups[OG000]	1	2	28	False	NO_CONFLICT_DETECTED	NOT_A_PATIENT_COUNT__NO_CROSS_MEASURE_SUM_EMITTED	DISJOINTNESS_UNVERIFIABLE__NO_participantFlowModule_IN_CACHE
NCT03222856	ctg_results_bor_2014_2017.txt	44	ACTUAL	1	1	2	44	ctg_results_bor_2014_2017.txt::NCT03222856::outcomeMeasures[6]::groups[OG000]	6	1	44	False	NO_CONFLICT_DETECTED	NOT_A_PATIENT_COUNT__NO_CROSS_MEASURE_SUM_EMITTED	DISJOINTNESS_UNVERIFIABLE__NO_participantFlowModule_IN_CACHE
NCT02105636	ctg_results_bor_2014_2017.txt	361	ACTUAL	2	2	2	240	ctg_results_bor_2014_2017.txt::NCT02105636::outcomeMeasures[2]::groups[OG000]	2	2	361	False	NO_CONFLICT_DETECTED	NOT_A_PATIENT_COUNT__NO_CROSS_MEASURE_SUM_EMITTED	DISJOINTNESS_UNVERIFIABLE__NO_participantFlowModule_IN_CACHE
NCT02999672	ctg_results_bor_2014_2017.txt	20	ACTUAL	2	2	2	13	ctg_results_bor_2014_2017.txt::NCT02999672::outcomeMeasures[0]::groups[OG000]	0	2	20	False	NO_CONFLICT_DETECTED	NOT_A_PATIENT_COUNT__NO_CROSS_MEASURE_SUM_EMITTED	DISJOINTNESS_UNVERIFIABLE__NO_participantFlowModule_IN_CACHE
NCT02472145	ctg_results_bor_2014_2017.txt	326	ACTUAL	2	2	4	159	ctg_results_bor_2014_2017.txt::NCT02472145::outcomeMeasures[0]::groups[OG000]	0	2	316	False	NO_CONFLICT_DETECTED	NOT_A_PATIENT_COUNT__NO_CROSS_MEASURE_SUM_EMITTED	DISJOINTNESS_UNVERIFIABLE__NO_participantFlowModule_IN_CACHE
NCT02023905	ctg_results_bor_2014_2017.txt	27	ACTUAL	3	3	3	16	ctg_results_bor_2014_2017.txt::NCT02023905::outcomeMeasures[4]::groups[OG000]	4	3	27	False	NO_CONFLICT_DETECTED	NOT_A_PATIENT_COUNT__NO_CROSS_MEASURE_SUM_EMITTED	DISJOINTNESS_UNVERIFIABLE__NO_participantFlowModule_IN_CACHE
NCT03090737	ctg_results_bor_2014_2017.txt	129	ACTUAL	1	1	1	129	ctg_results_bor_2014_2017.txt::NCT03090737::outcomeMeasures[2]::groups[OG000]	2	1	129	False	NO_CONFLICT_DETECTED	NOT_A_PATIENT_COUNT__NO_CROSS_MEASURE_SUM_EMITTED	DISJOINTNESS_UNVERIFIABLE__NO_participantFlowModule_IN_CACHE
NCT02067156	ctg_results_bor_2014_2017.txt	26	ACTUAL	1	1	1	21	ctg_results_bor_2014_2017.txt::NCT02067156::outcomeMeasures[2]::groups[OG000]	2	1	21	False	NO_CONFLICT_DETECTED	NOT_A_PATIENT_COUNT__NO_CROSS_MEASURE_SUM_EMITTED	DISJOINTNESS_UNVERIFIABLE__NO_participantFlowModule_IN_CACHE
NCT03351231	ctg_results_bor_2014_2017.txt	7	ACTUAL	2	1	1	0			0	0	False	NO_CONFLICT_DETECTED	NOT_A_PATIENT_COUNT__NO_CROSS_MEASURE_SUM_EMITTED	DISJOINTNESS_UNVERIFIABLE__NO_participantFlowModule_IN_CACHE
NCT03175172	ctg_results_bor_2014_2017.txt	10	ACTUAL	1	1	2	9	ctg_results_bor_2014_2017.txt::NCT03175172::outcomeMeasures[0]::groups[OG000]	0	1	9	False	NO_CONFLICT_DETECTED	NOT_A_PATIENT_COUNT__NO_CROSS_MEASURE_SUM_EMITTED	DISJOINTNESS_UNVERIFIABLE__NO_participantFlowModule_IN_CACHE
NCT03084237	ctg_results_bor_2014_2017.txt	652	ACTUAL	2	2	2	327	ctg_results_bor_2014_2017.txt::NCT03084237::outcomeMeasures[0]::groups[OG001]	0	2	652	False	NO_CONFLICT_DETECTED	NOT_A_PATIENT_COUNT__NO_CROSS_MEASURE_SUM_EMITTED	DISJOINTNESS_UNVERIFIABLE__NO_participantFlowModule_IN_CACHE
NCT03148795	ctg_results_bor_2014_2017.txt	128	ACTUAL	1	1	2	104	ctg_results_bor_2014_2017.txt::NCT03148795::outcomeMeasures[0]::groups[OG000]	0	1	104	False	NO_CONFLICT_DETECTED	NOT_A_PATIENT_COUNT__NO_CROSS_MEASURE_SUM_EMITTED	DISJOINTNESS_UNVERIFIABLE__NO_participantFlowModule_IN_CACHE
NCT02195479	ctg_results_bor_2014_2017.txt	706	ACTUAL	2	2	2	356	ctg_results_bor_2014_2017.txt::NCT02195479::outcomeMeasures[1]::groups[OG000]	1	2	706	False	NO_CONFLICT_DETECTED	NOT_A_PATIENT_COUNT__NO_CROSS_MEASURE_SUM_EMITTED	DISJOINTNESS_UNVERIFIABLE__NO_participantFlowModule_IN_CACHE
NCT02159066	ctg_results_bor_2014_2017.txt	158	ACTUAL	5	6	6	83	ctg_results_bor_2014_2017.txt::NCT02159066::outcomeMeasures[24]::groups[OG001]	24	2	158	False	NO_CONFLICT_DETECTED	NOT_A_PATIENT_COUNT__NO_CROSS_MEASURE_SUM_EMITTED	DISJOINTNESS_UNVERIFIABLE__NO_participantFlowModule_IN_CACHE
NCT03125200	ctg_results_bor_2014_2017.txt	21	ACTUAL	1	7	14	5	ctg_results_bor_2014_2017.txt::NCT03125200::outcomeMeasures[9]::groups[OG003]	9	7	21	False	NO_CONFLICT_DETECTED	NOT_A_PATIENT_COUNT__NO_CROSS_MEASURE_SUM_EMITTED	DISJOINTNESS_UNVERIFIABLE__NO_participantFlowModule_IN_CACHE
NCT03215706	ctg_results_bor_2014_2017.txt	719	ACTUAL	2	2	6	361	ctg_results_bor_2014_2017.txt::NCT03215706::outcomeMeasures[2]::groups[OG000]	2	2	719	False	NO_CONFLICT_DETECTED	NOT_A_PATIENT_COUNT__NO_CROSS_MEASURE_SUM_EMITTED	DISJOINTNESS_UNVERIFIABLE__NO_participantFlowModule_IN_CACHE
NCT02348216	ctg_results_bor_2014_2017.txt	307	ACTUAL	7	7	11	77	ctg_results_bor_2014_2017.txt::NCT02348216::outcomeMeasures[1]::groups[OG000]	9	4	169	False	NO_CONFLICT_DETECTED	NOT_A_PATIENT_COUNT__NO_CROSS_MEASURE_SUM_EMITTED	DISJOINTNESS_UNVERIFIABLE__NO_participantFlowModule_IN_CACHE
NCT02046733	ctg_results_bor_2014_2017.txt	222	ACTUAL	2	2	2	69	ctg_results_bor_2014_2017.txt::NCT02046733::outcomeMeasures[2]::groups[OG001]	2	2	133	False	NO_CONFLICT_DETECTED	NOT_A_PATIENT_COUNT__NO_CROSS_MEASURE_SUM_EMITTED	DISJOINTNESS_UNVERIFIABLE__NO_participantFlowModule_IN_CACHE
NCT02031458	ctg_results_bor_2014_2017.txt	667	ACTUAL	1	4	12	520	ctg_results_bor_2014_2017.txt::NCT02031458::outcomeMeasures[0]::groups[OG003]	0	4	1179	False	WITHIN_MEASURE_SUM_EXCEEDS_ENROLLMENT	NOT_A_PATIENT_COUNT__NO_CROSS_MEASURE_SUM_EMITTED	DISJOINTNESS_UNVERIFIABLE__NO_participantFlowModule_IN_CACHE
NCT02674568	ctg_results_bor_2014_2017.txt	342	ACTUAL	1	2	8	287	ctg_results_bor_2014_2017.txt::NCT02674568::outcomeMeasures[0]::groups[OG001]	0	2	525	False	WITHIN_MEASURE_SUM_EXCEEDS_ENROLLMENT	NOT_A_PATIENT_COUNT__NO_CROSS_MEASURE_SUM_EMITTED	DISJOINTNESS_UNVERIFIABLE__NO_participantFlowModule_IN_CACHE
NCT02064387	ctg_results_bor_2014_2017.txt	79	ACTUAL	4	12	22	35	ctg_results_bor_2014_2017.txt::NCT02064387::outcomeMeasures[70]::groups[OG000]	69	10	38	False	NO_CONFLICT_DETECTED	NOT_A_PATIENT_COUNT__NO_CROSS_MEASURE_SUM_EMITTED	DISJOINTNESS_UNVERIFIABLE__NO_participantFlowModule_IN_CACHE
NCT02444793	ctg_results_bor_2014_2017.txt	24	ACTUAL	1	4	4	11	ctg_results_bor_2014_2017.txt::NCT02444793::outcomeMeasures[28]::groups[OG000]	28	4	24	False	NO_CONFLICT_DETECTED	NOT_A_PATIENT_COUNT__NO_CROSS_MEASURE_SUM_EMITTED	DISJOINTNESS_UNVERIFIABLE__NO_participantFlowModule_IN_CACHE
NCT02387216	ctg_results_bor_2014_2017.txt	153	ACTUAL	2	2	2	71	ctg_results_bor_2014_2017.txt::NCT02387216::outcomeMeasures[2]::groups[OG000]	2	2	109	False	NO_CONFLICT_DETECTED	NOT_A_PATIENT_COUNT__NO_CROSS_MEASURE_SUM_EMITTED	DISJOINTNESS_UNVERIFIABLE__NO_participantFlowModule_IN_CACHE
NCT02924376	ctg_results_bor_2014_2017.txt	147	ACTUAL	3	5	21	128	ctg_results_bor_2014_2017.txt::NCT02924376::outcomeMeasures[2]::groups[OG004]	6	3	145	False	NO_CONFLICT_DETECTED	NOT_A_PATIENT_COUNT__NO_CROSS_MEASURE_SUM_EMITTED	DISJOINTNESS_UNVERIFIABLE__NO_participantFlowModule_IN_CACHE
NCT02992743	ctg_results_bor_2014_2017.txt	23	ACTUAL	1	2	8	10	ctg_results_bor_2014_2017.txt::NCT02992743::outcomeMeasures[0]::groups[OG000]	0	2	20	False	NO_CONFLICT_DETECTED	NOT_A_PATIENT_COUNT__NO_CROSS_MEASURE_SUM_EMITTED	DISJOINTNESS_UNVERIFIABLE__NO_participantFlowModule_IN_CACHE
NCT02095132	ctg_results_bor_2014_2017.txt	76	ACTUAL	1	9	9	19	ctg_results_bor_2014_2017.txt::NCT02095132::outcomeMeasures[6]::groups[OG006]	6	9	75	False	NO_CONFLICT_DETECTED	NOT_A_PATIENT_COUNT__NO_CROSS_MEASURE_SUM_EMITTED	DISJOINTNESS_UNVERIFIABLE__NO_participantFlowModule_IN_CACHE
NCT03207867	ctg_results_bor_2014_2017.txt	315	ACTUAL	4	17	66	30	ctg_results_bor_2014_2017.txt::NCT03207867::outcomeMeasures[0]::groups[OG009]	0	12	202	False	NO_CONFLICT_DETECTED	NOT_A_PATIENT_COUNT__NO_CROSS_MEASURE_SUM_EMITTED	DISJOINTNESS_UNVERIFIABLE__NO_participantFlowModule_IN_CACHE
NCT02403895	ctg_results_bor_2014_2017.txt	11	ACTUAL	1	1	2	11	ctg_results_bor_2014_2017.txt::NCT02403895::outcomeMeasures[3]::groups[OG000]	3	1	11	False	NO_CONFLICT_DETECTED	NOT_A_PATIENT_COUNT__NO_CROSS_MEASURE_SUM_EMITTED	DISJOINTNESS_UNVERIFIABLE__NO_participantFlowModule_IN_CACHE
NCT02612779	ctg_results_bor_2014_2017.txt	74	ACTUAL	2	2	2	68	ctg_results_bor_2014_2017.txt::NCT02612779::outcomeMeasures[2]::groups[OG000]	2	1	68	False	NO_CONFLICT_DETECTED	NOT_A_PATIENT_COUNT__NO_CROSS_MEASURE_SUM_EMITTED	DISJOINTNESS_UNVERIFIABLE__NO_participantFlowModule_IN_CACHE
NCT03279237	ctg_results_bor_2014_2017.txt	25	ACTUAL	1	1	2	25	ctg_results_bor_2014_2017.txt::NCT03279237::outcomeMeasures[2]::groups[OG000]	2	1	25	False	NO_CONFLICT_DETECTED	NOT_A_PATIENT_COUNT__NO_CROSS_MEASURE_SUM_EMITTED	DISJOINTNESS_UNVERIFIABLE__NO_participantFlowModule_IN_CACHE
NCT02407054	ctg_results_bor_2014_2017.txt	142	ACTUAL	3	2	2	65	ctg_results_bor_2014_2017.txt::NCT02407054::outcomeMeasures[4]::groups[OG000]	4	2	129	False	NO_CONFLICT_DETECTED	NOT_A_PATIENT_COUNT__NO_CROSS_MEASURE_SUM_EMITTED	DISJOINTNESS_UNVERIFIABLE__NO_participantFlowModule_IN_CACHE
NCT02215096	ctg_results_bor_2014_2017.txt	37	ACTUAL	2	4	8	12	ctg_results_bor_2014_2017.txt::NCT02215096::outcomeMeasures[13]::groups[OG002]	13	4	36	False	NO_CONFLICT_DETECTED	NOT_A_PATIENT_COUNT__NO_CROSS_MEASURE_SUM_EMITTED	DISJOINTNESS_UNVERIFIABLE__NO_participantFlowModule_IN_CACHE
NCT03263429	ctg_results_bor_2014_2017.txt	29	ACTUAL	1	1	2	17	ctg_results_bor_2014_2017.txt::NCT03263429::outcomeMeasures[1]::groups[OG000]	1	1	17	False	NO_CONFLICT_DETECTED	NOT_A_PATIENT_COUNT__NO_CROSS_MEASURE_SUM_EMITTED	DISJOINTNESS_UNVERIFIABLE__NO_participantFlowModule_IN_CACHE
NCT02712905	ctg_results_bor_2014_2017.txt	116	ACTUAL	2	18	54	36	ctg_results_bor_2014_2017.txt::NCT02712905::outcomeMeasures[2]::groups[OG009]	2	6	53	False	NO_CONFLICT_DETECTED	NOT_A_PATIENT_COUNT__NO_CROSS_MEASURE_SUM_EMITTED	DISJOINTNESS_UNVERIFIABLE__NO_participantFlowModule_IN_CACHE
NCT02675231	ctg_results_bor_2014_2017.txt	237	ACTUAL	3	3	9	79	ctg_results_bor_2014_2017.txt::NCT02675231::outcomeMeasures[4]::groups[OG000]	4	3	237	False	NO_CONFLICT_DETECTED	NOT_A_PATIENT_COUNT__NO_CROSS_MEASURE_SUM_EMITTED	DISJOINTNESS_UNVERIFIABLE__NO_participantFlowModule_IN_CACHE
NCT02272413	ctg_results_bor_2014_2017.txt	671	ACTUAL	2	2	2	335	ctg_results_bor_2014_2017.txt::NCT02272413::outcomeMeasures[0]::groups[OG000]	0	2	663	False	NO_CONFLICT_DETECTED	NOT_A_PATIENT_COUNT__NO_CROSS_MEASURE_SUM_EMITTED	DISJOINTNESS_UNVERIFIABLE__NO_participantFlowModule_IN_CACHE
NCT02475681	ctg_results_bor_2014_2017.txt	535	ACTUAL	3	3	3	179	ctg_results_bor_2014_2017.txt::NCT02475681::outcomeMeasures[2]::groups[OG001]	2	3	535	False	NO_CONFLICT_DETECTED	NOT_A_PATIENT_COUNT__NO_CROSS_MEASURE_SUM_EMITTED	DISJOINTNESS_UNVERIFIABLE__NO_participantFlowModule_IN_CACHE
NCT03063632	ctg_results_bor_2014_2017.txt	28	ACTUAL	2	2	4	16	ctg_results_bor_2014_2017.txt::NCT03063632::outcomeMeasures[0]::groups[OG000]	0	2	28	False	NO_CONFLICT_DETECTED	NOT_A_PATIENT_COUNT__NO_CROSS_MEASURE_SUM_EMITTED	DISJOINTNESS_UNVERIFIABLE__NO_participantFlowModule_IN_CACHE
NCT02756364	ctg_results_bor_2014_2017.txt	141	ACTUAL	3	3	6	47	ctg_results_bor_2014_2017.txt::NCT02756364::outcomeMeasures[3]::groups[OG001]	3	3	140	False	NO_CONFLICT_DETECTED	NOT_A_PATIENT_COUNT__NO_CROSS_MEASURE_SUM_EMITTED	DISJOINTNESS_UNVERIFIABLE__NO_participantFlowModule_IN_CACHE
NCT02069704	ctg_results_bor_2014_2017.txt	142	ACTUAL	2	2	2	71	ctg_results_bor_2014_2017.txt::NCT02069704::outcomeMeasures[4]::groups[OG000]	4	2	142	False	NO_CONFLICT_DETECTED	NOT_A_PATIENT_COUNT__NO_CROSS_MEASURE_SUM_EMITTED	DISJOINTNESS_UNVERIFIABLE__NO_participantFlowModule_IN_CACHE
NCT03363893	ctg_results_bor_2014_2017.txt	124	ACTUAL	5	22	34	23	ctg_results_bor_2014_2017.txt::NCT03363893::outcomeMeasures[5]::groups[OG007]	7	17	138	False	WITHIN_MEASURE_SUM_EXCEEDS_ENROLLMENT	NOT_A_PATIENT_COUNT__NO_CROSS_MEASURE_SUM_EMITTED	DISJOINTNESS_UNVERIFIABLE__NO_participantFlowModule_IN_CACHE
NCT02748564	ctg_results_bor_2014_2017.txt	10	ACTUAL	1	4	4	10	ctg_results_bor_2014_2017.txt::NCT02748564::outcomeMeasures[1]::groups[OG000]	0	3	10	False	NO_CONFLICT_DETECTED	NOT_A_PATIENT_COUNT__NO_CROSS_MEASURE_SUM_EMITTED	DISJOINTNESS_UNVERIFIABLE__NO_participantFlowModule_IN_CACHE
NCT02335944	ctg_results_bor_2014_2017.txt	177	ACTUAL	6	10	20	52	ctg_results_bor_2014_2017.txt::NCT02335944::outcomeMeasures[1]::groups[OG000]	19	4	144	False	NO_CONFLICT_DETECTED	NOT_A_PATIENT_COUNT__NO_CROSS_MEASURE_SUM_EMITTED	DISJOINTNESS_UNVERIFIABLE__NO_participantFlowModule_IN_CACHE
NCT01981187	ctg_results_bor_2014_2017.txt	12	ACTUAL	1	1	2	12	ctg_results_bor_2014_2017.txt::NCT01981187::outcomeMeasures[0]::groups[OG000]	0	1	12	False	NO_CONFLICT_DETECTED	NOT_A_PATIENT_COUNT__NO_CROSS_MEASURE_SUM_EMITTED	DISJOINTNESS_UNVERIFIABLE__NO_participantFlowModule_IN_CACHE
NCT02260804	ctg_results_bor_2014_2017.txt	258	ACTUAL	2	2	4	130	ctg_results_bor_2014_2017.txt::NCT02260804::outcomeMeasures[0]::groups[OG000]	0	2	258	False	NO_CONFLICT_DETECTED	NOT_A_PATIENT_COUNT__NO_CROSS_MEASURE_SUM_EMITTED	DISJOINTNESS_UNVERIFIABLE__NO_participantFlowModule_IN_CACHE
NCT02049957	ctg_results_bor_2014_2017.txt	118	ACTUAL	9	4	12	43	ctg_results_bor_2014_2017.txt::NCT02049957::outcomeMeasures[1]::groups[OG000]	1	4	94	False	NO_CONFLICT_DETECTED	NOT_A_PATIENT_COUNT__NO_CROSS_MEASURE_SUM_EMITTED	DISJOINTNESS_UNVERIFIABLE__NO_participantFlowModule_IN_CACHE
NCT02664181	ctg_results_bor_2014_2017.txt	13	ACTUAL	2	2	2	8	ctg_results_bor_2014_2017.txt::NCT02664181::outcomeMeasures[0]::groups[OG001]	0	2	13	False	NO_CONFLICT_DETECTED	NOT_A_PATIENT_COUNT__NO_CROSS_MEASURE_SUM_EMITTED	DISJOINTNESS_UNVERIFIABLE__NO_participantFlowModule_IN_CACHE
NCT02101775	ctg_results_bor_2014_2017.txt	124	ACTUAL	2	3	3	61	ctg_results_bor_2014_2017.txt::NCT02101775::outcomeMeasures[1]::groups[OG000]	1	3	119	False	NO_CONFLICT_DETECTED	NOT_A_PATIENT_COUNT__NO_CROSS_MEASURE_SUM_EMITTED	DISJOINTNESS_UNVERIFIABLE__NO_participantFlowModule_IN_CACHE
NCT02406781	ctg_results_bor_2014_2017.txt	129	ACTUAL	7	8	11	30	ctg_results_bor_2014_2017.txt::NCT02406781::outcomeMeasures[2]::groups[OG005]	2	7	112	False	NO_CONFLICT_DETECTED	NOT_A_PATIENT_COUNT__NO_CROSS_MEASURE_SUM_EMITTED	DISJOINTNESS_UNVERIFIABLE__NO_participantFlowModule_IN_CACHE
NCT03344536	ctg_results_bor_2014_2017.txt	10	ACTUAL	1	1	1	10	ctg_results_bor_2014_2017.txt::NCT03344536::outcomeMeasures[1]::groups[OG000]	1	1	10	False	NO_CONFLICT_DETECTED	NOT_A_PATIENT_COUNT__NO_CROSS_MEASURE_SUM_EMITTED	DISJOINTNESS_UNVERIFIABLE__NO_participantFlowModule_IN_CACHE
NCT02350764	ctg_results_bor_2014_2017.txt	29	ACTUAL	1	1	1	29	ctg_results_bor_2014_2017.txt::NCT02350764::outcomeMeasures[0]::groups[OG000]	0	1	29	False	NO_CONFLICT_DETECTED	NOT_A_PATIENT_COUNT__NO_CROSS_MEASURE_SUM_EMITTED	DISJOINTNESS_UNVERIFIABLE__NO_participantFlowModule_IN_CACHE
NCT02092909	ctg_results_bor_2014_2017.txt	31	ACTUAL	1	4	4	12	ctg_results_bor_2014_2017.txt::NCT02092909::outcomeMeasures[1]::groups[OG002]	1	4	26	False	NO_CONFLICT_DETECTED	NOT_A_PATIENT_COUNT__NO_CROSS_MEASURE_SUM_EMITTED	DISJOINTNESS_UNVERIFIABLE__NO_participantFlowModule_IN_CACHE
NCT02963493	ctg_results_bor_2014_2017.txt	157	ACTUAL	1	3	6	157	ctg_results_bor_2014_2017.txt::NCT02963493::outcomeMeasures[0]::groups[OG000]	0	3	331	False	WITHIN_MEASURE_SUM_EXCEEDS_ENROLLMENT	NOT_A_PATIENT_COUNT__NO_CROSS_MEASURE_SUM_EMITTED	DISJOINTNESS_UNVERIFIABLE__NO_participantFlowModule_IN_CACHE
NCT02328014	ctg_results_bor_2014_2017.txt	40	ACTUAL	1	4	4	22	ctg_results_bor_2014_2017.txt::NCT02328014::outcomeMeasures[0]::groups[OG003]	0	4	40	False	NO_CONFLICT_DETECTED	NOT_A_PATIENT_COUNT__NO_CROSS_MEASURE_SUM_EMITTED	DISJOINTNESS_UNVERIFIABLE__NO_participantFlowModule_IN_CACHE
NCT02588092	ctg_results_bor_2014_2017.txt	35	ACTUAL	2	10	10	0			0	0	False	NO_CONFLICT_DETECTED	NOT_A_PATIENT_COUNT__NO_CROSS_MEASURE_SUM_EMITTED	DISJOINTNESS_UNVERIFIABLE__NO_participantFlowModule_IN_CACHE
NCT02807844	ctg_results_bor_2014_2017.txt	141	ACTUAL	10	10	54	21	ctg_results_bor_2014_2017.txt::NCT02807844::outcomeMeasures[1]::groups[OG002]	22	10	141	False	NO_CONFLICT_DETECTED	NOT_A_PATIENT_COUNT__NO_CROSS_MEASURE_SUM_EMITTED	DISJOINTNESS_UNVERIFIABLE__NO_participantFlowModule_IN_CACHE
NCT02162771	ctg_results_bor_2014_2017.txt	140	ACTUAL	2	2	2	68	ctg_results_bor_2014_2017.txt::NCT02162771::outcomeMeasures[2]::groups[OG001]	2	2	134	False	NO_CONFLICT_DETECTED	NOT_A_PATIENT_COUNT__NO_CROSS_MEASURE_SUM_EMITTED	DISJOINTNESS_UNVERIFIABLE__NO_participantFlowModule_IN_CACHE
NCT02658812	ctg_results_bor_2014_2017.txt	11	ACTUAL	1	1	1	9	ctg_results_bor_2014_2017.txt::NCT02658812::outcomeMeasures[0]::groups[OG000]	0	1	9	False	NO_CONFLICT_DETECTED	NOT_A_PATIENT_COUNT__NO_CROSS_MEASURE_SUM_EMITTED	DISJOINTNESS_UNVERIFIABLE__NO_participantFlowModule_IN_CACHE
NCT02102490	ctg_results_bor_2014_2017.txt	132	ACTUAL	1	1	3	132	ctg_results_bor_2014_2017.txt::NCT02102490::outcomeMeasures[0]::groups[OG000]	0	1	132	False	NO_CONFLICT_DETECTED	NOT_A_PATIENT_COUNT__NO_CROSS_MEASURE_SUM_EMITTED	DISJOINTNESS_UNVERIFIABLE__NO_participantFlowModule_IN_CACHE
NCT02654990	ctg_results_bor_2014_2017.txt	248	ACTUAL	3	3	6	83	ctg_results_bor_2014_2017.txt::NCT02654990::outcomeMeasures[0]::groups[OG001]	0	3	248	False	NO_CONFLICT_DETECTED	NOT_A_PATIENT_COUNT__NO_CROSS_MEASURE_SUM_EMITTED	DISJOINTNESS_UNVERIFIABLE__NO_participantFlowModule_IN_CACHE
NCT02368691	ctg_results_bor_2014_2017.txt	32	ACTUAL	1	1	4	32	ctg_results_bor_2014_2017.txt::NCT02368691::outcomeMeasures[1]::groups[OG000]	1	1	32	False	NO_CONFLICT_DETECTED	NOT_A_PATIENT_COUNT__NO_CROSS_MEASURE_SUM_EMITTED	DISJOINTNESS_UNVERIFIABLE__NO_participantFlowModule_IN_CACHE
NCT03287804	ctg_results_bor_2014_2017.txt	12	ACTUAL	1	1	2	11	ctg_results_bor_2014_2017.txt::NCT03287804::outcomeMeasures[2]::groups[OG000]	2	1	11	False	NO_CONFLICT_DETECTED	NOT_A_PATIENT_COUNT__NO_CROSS_MEASURE_SUM_EMITTED	DISJOINTNESS_UNVERIFIABLE__NO_participantFlowModule_IN_CACHE
NCT02658084	ctg_results_bor_2014_2017.txt	2	ACTUAL	2	1	2	0			0	0	False	NO_CONFLICT_DETECTED	NOT_A_PATIENT_COUNT__NO_CROSS_MEASURE_SUM_EMITTED	DISJOINTNESS_UNVERIFIABLE__NO_participantFlowModule_IN_CACHE
NCT02913313	ctg_results_bor_2014_2017.txt	101	ACTUAL	6	14	14	20	ctg_results_bor_2014_2017.txt::NCT02913313::outcomeMeasures[7]::groups[OG006]	7	13	96	False	NO_CONFLICT_DETECTED	NOT_A_PATIENT_COUNT__NO_CROSS_MEASURE_SUM_EMITTED	DISJOINTNESS_UNVERIFIABLE__NO_participantFlowModule_IN_CACHE
NCT03306420	ctg_results_bor_2014_2017.txt	15	ACTUAL	5	5	10	3	ctg_results_bor_2014_2017.txt::NCT03306420::outcomeMeasures[16]::groups[OG000]	18	5	15	False	NO_CONFLICT_DETECTED	NOT_A_PATIENT_COUNT__NO_CROSS_MEASURE_SUM_EMITTED	DISJOINTNESS_UNVERIFIABLE__NO_participantFlowModule_IN_CACHE
NCT02839707	ctg_results_bor_2014_2017.txt	444	ACTUAL	3	3	6	160	ctg_results_bor_2014_2017.txt::NCT02839707::outcomeMeasures[5]::groups[OG001]	5	3	435	False	NO_CONFLICT_DETECTED	NOT_A_PATIENT_COUNT__NO_CROSS_MEASURE_SUM_EMITTED	DISJOINTNESS_UNVERIFIABLE__NO_participantFlowModule_IN_CACHE
NCT02392507	ctg_results_bor_2014_2017.txt	54	ACTUAL	1	1	2	51	ctg_results_bor_2014_2017.txt::NCT02392507::outcomeMeasures[0]::groups[OG000]	0	1	51	False	NO_CONFLICT_DETECTED	NOT_A_PATIENT_COUNT__NO_CROSS_MEASURE_SUM_EMITTED	DISJOINTNESS_UNVERIFIABLE__NO_participantFlowModule_IN_CACHE
NCT02448537	ctg_results_bor_2014_2017.txt	42	ACTUAL	3	3	6	20	ctg_results_bor_2014_2017.txt::NCT02448537::outcomeMeasures[0]::groups[OG000]	0	3	42	False	NO_CONFLICT_DETECTED	NOT_A_PATIENT_COUNT__NO_CROSS_MEASURE_SUM_EMITTED	DISJOINTNESS_UNVERIFIABLE__NO_participantFlowModule_IN_CACHE
NCT03011372	ctg_results_bor_2014_2017.txt	47	ACTUAL	1	1	2	45	ctg_results_bor_2014_2017.txt::NCT03011372::outcomeMeasures[2]::groups[OG000]	2	1	45	False	NO_CONFLICT_DETECTED	NOT_A_PATIENT_COUNT__NO_CROSS_MEASURE_SUM_EMITTED	DISJOINTNESS_UNVERIFIABLE__NO_participantFlowModule_IN_CACHE
NCT03098030	ctg_results_bor_2014_2017.txt	483	ACTUAL	4	3	6	190	ctg_results_bor_2014_2017.txt::NCT03098030::outcomeMeasures[2]::groups[OG001]	2	3	471	False	NO_CONFLICT_DETECTED	NOT_A_PATIENT_COUNT__NO_CROSS_MEASURE_SUM_EMITTED	DISJOINTNESS_UNVERIFIABLE__NO_participantFlowModule_IN_CACHE
NCT04439136	ctg_results_bor_2014_2017.txt	40	ACTUAL	1	1	1	37	ctg_results_bor_2014_2017.txt::NCT04439136::outcomeMeasures[0]::groups[OG000]	0	1	37	False	NO_CONFLICT_DETECTED	NOT_A_PATIENT_COUNT__NO_CROSS_MEASURE_SUM_EMITTED	DISJOINTNESS_UNVERIFIABLE__NO_participantFlowModule_IN_CACHE
NCT02631577	ctg_results_bor_2014_2017.txt	38	ACTUAL	2	2	4	32	ctg_results_bor_2014_2017.txt::NCT02631577::outcomeMeasures[3]::groups[OG001]	3	1	32	False	NO_CONFLICT_DETECTED	NOT_A_PATIENT_COUNT__NO_CROSS_MEASURE_SUM_EMITTED	DISJOINTNESS_UNVERIFIABLE__NO_participantFlowModule_IN_CACHE
NCT02626000	ctg_results_bor_2014_2017.txt	36	ACTUAL	1	1	3	32	ctg_results_bor_2014_2017.txt::NCT02626000::outcomeMeasures[1]::groups[OG000]	1	1	32	False	NO_CONFLICT_DETECTED	NOT_A_PATIENT_COUNT__NO_CROSS_MEASURE_SUM_EMITTED	DISJOINTNESS_UNVERIFIABLE__NO_participantFlowModule_IN_CACHE
NCT02458638	ctg_results_bor_2014_2017.txt	474	ACTUAL	1	1	6	433	ctg_results_bor_2014_2017.txt::NCT02458638::outcomeMeasures[2]::groups[OG000]	2	1	433	False	NO_CONFLICT_DETECTED	NOT_A_PATIENT_COUNT__NO_CROSS_MEASURE_SUM_EMITTED	DISJOINTNESS_UNVERIFIABLE__NO_participantFlowModule_IN_CACHE
NCT03164616	ctg_results_bor_2014_2017.txt	1186	ACTUAL	3	3	6	335	ctg_results_bor_2014_2017.txt::NCT03164616::outcomeMeasures[4]::groups[OG000]	4	3	997	False	NO_CONFLICT_DETECTED	NOT_A_PATIENT_COUNT__NO_CROSS_MEASURE_SUM_EMITTED	DISJOINTNESS_UNVERIFIABLE__NO_participantFlowModule_IN_CACHE
NCT03071406	ctg_results_bor_2014_2017.txt	50	ACTUAL	2	2	2	25	ctg_results_bor_2014_2017.txt::NCT03071406::outcomeMeasures[0]::groups[OG000]	0	2	48	False	NO_CONFLICT_DETECTED	NOT_A_PATIENT_COUNT__NO_CROSS_MEASURE_SUM_EMITTED	DISJOINTNESS_UNVERIFIABLE__NO_participantFlowModule_IN_CACHE
NCT02345330	ctg_results_bor_2014_2017.txt	4	ACTUAL	1	1	2	0			0	0	False	NO_CONFLICT_DETECTED	NOT_A_PATIENT_COUNT__NO_CROSS_MEASURE_SUM_EMITTED	DISJOINTNESS_UNVERIFIABLE__NO_participantFlowModule_IN_CACHE
NCT02848651	ctg_results_bor_2014_2017.txt	153	ACTUAL	1	7	8	152	ctg_results_bor_2014_2017.txt::NCT02848651::outcomeMeasures[0]::groups[OG000]	9	6	357	False	WITHIN_MEASURE_SUM_EXCEEDS_ENROLLMENT	NOT_A_PATIENT_COUNT__NO_CROSS_MEASURE_SUM_EMITTED	DISJOINTNESS_UNVERIFIABLE__NO_participantFlowModule_IN_CACHE
NCT02341456	ctg_results_bor_2014_2017.txt	19	ACTUAL	3	3	9	6	ctg_results_bor_2014_2017.txt::NCT02341456::outcomeMeasures[6]::groups[OG000]	6	3	18	False	NO_CONFLICT_DETECTED	NOT_A_PATIENT_COUNT__NO_CROSS_MEASURE_SUM_EMITTED	DISJOINTNESS_UNVERIFIABLE__NO_participantFlowModule_IN_CACHE
NCT02564900	ctg_results_bor_2014_2017.txt	292	ACTUAL	2	15	45	67	ctg_results_bor_2014_2017.txt::NCT02564900::outcomeMeasures[0]::groups[OG007]	0	15	304	False	WITHIN_MEASURE_SUM_EXCEEDS_ENROLLMENT	NOT_A_PATIENT_COUNT__NO_CROSS_MEASURE_SUM_EMITTED	DISJOINTNESS_UNVERIFIABLE__NO_participantFlowModule_IN_CACHE
NCT03141177	ctg_results_bor_2014_2017.txt	701	ACTUAL	3	3	3	328	ctg_results_bor_2014_2017.txt::NCT03141177::outcomeMeasures[2]::groups[OG002]	2	3	701	False	NO_CONFLICT_DETECTED	NOT_A_PATIENT_COUNT__NO_CROSS_MEASURE_SUM_EMITTED	DISJOINTNESS_UNVERIFIABLE__NO_participantFlowModule_IN_CACHE
NCT02516553	ctg_results_bor_2014_2017.txt	174	ACTUAL	22	22	27	22	ctg_results_bor_2014_2017.txt::NCT02516553::outcomeMeasures[7]::groups[OG021]	7	22	174	False	NO_CONFLICT_DETECTED	NOT_A_PATIENT_COUNT__NO_CROSS_MEASURE_SUM_EMITTED	DISJOINTNESS_UNVERIFIABLE__NO_participantFlowModule_IN_CACHE
NCT03138538	ctg_results_bor_2014_2017.txt	27	ACTUAL	6	6	12	8	ctg_results_bor_2014_2017.txt::NCT03138538::outcomeMeasures[15]::groups[OG003]	15	6	27	False	NO_CONFLICT_DETECTED	NOT_A_PATIENT_COUNT__NO_CROSS_MEASURE_SUM_EMITTED	DISJOINTNESS_UNVERIFIABLE__NO_participantFlowModule_IN_CACHE
NCT02292758	ctg_results_bor_2014_2017.txt	36	ACTUAL	2	2	4	19	ctg_results_bor_2014_2017.txt::NCT02292758::outcomeMeasures[5]::groups[OG000]	5	2	36	False	NO_CONFLICT_DETECTED	NOT_A_PATIENT_COUNT__NO_CROSS_MEASURE_SUM_EMITTED	DISJOINTNESS_UNVERIFIABLE__NO_participantFlowModule_IN_CACHE
NCT02435849	ctg_results_bor_2014_2017.txt	80	ACTUAL	1	2	9	79	ctg_results_bor_2014_2017.txt::NCT02435849::outcomeMeasures[0]::groups[OG000]	0	2	80	False	NO_CONFLICT_DETECTED	NOT_A_PATIENT_COUNT__NO_CROSS_MEASURE_SUM_EMITTED	DISJOINTNESS_UNVERIFIABLE__NO_participantFlowModule_IN_CACHE
NCT02250326	ctg_results_bor_2014_2017.txt	240	ACTUAL	3	3	3	81	ctg_results_bor_2014_2017.txt::NCT02250326::outcomeMeasures[2]::groups[OG000]	2	3	240	False	NO_CONFLICT_DETECTED	NOT_A_PATIENT_COUNT__NO_CROSS_MEASURE_SUM_EMITTED	DISJOINTNESS_UNVERIFIABLE__NO_participantFlowModule_IN_CACHE
NCT03022578	ctg_results_bor_2014_2017.txt	7	ACTUAL	1	1	1	4	ctg_results_bor_2014_2017.txt::NCT03022578::outcomeMeasures[0]::groups[OG000]	0	1	4	False	NO_CONFLICT_DETECTED	NOT_A_PATIENT_COUNT__NO_CROSS_MEASURE_SUM_EMITTED	DISJOINTNESS_UNVERIFIABLE__NO_participantFlowModule_IN_CACHE
NCT02098538	ctg_results_bor_2014_2017.txt	38	ACTUAL	1	1	1	38	ctg_results_bor_2014_2017.txt::NCT02098538::outcomeMeasures[1]::groups[OG000]	1	1	38	False	NO_CONFLICT_DETECTED	NOT_A_PATIENT_COUNT__NO_CROSS_MEASURE_SUM_EMITTED	DISJOINTNESS_UNVERIFIABLE__NO_participantFlowModule_IN_CACHE
NCT01946152	ctg_results_bor_2014_2017.txt	21	ACTUAL	1	4	4	8	ctg_results_bor_2014_2017.txt::NCT01946152::outcomeMeasures[2]::groups[OG003]	2	4	20	False	NO_CONFLICT_DETECTED	NOT_A_PATIENT_COUNT__NO_CROSS_MEASURE_SUM_EMITTED	DISJOINTNESS_UNVERIFIABLE__NO_participantFlowModule_IN_CACHE
NCT02454478	ctg_results_bor_2014_2017.txt	7	ACTUAL	1	1	3	7	ctg_results_bor_2014_2017.txt::NCT02454478::outcomeMeasures[7]::groups[OG000]	7	1	7	False	NO_CONFLICT_DETECTED	NOT_A_PATIENT_COUNT__NO_CROSS_MEASURE_SUM_EMITTED	DISJOINTNESS_UNVERIFIABLE__NO_participantFlowModule_IN_CACHE
NCT02699515	ctg_results_bor_2014_2017.txt	114	ACTUAL	1	8	11	31	ctg_results_bor_2014_2017.txt::NCT02699515::outcomeMeasures[9]::groups[OG001]	12	5	100	False	NO_CONFLICT_DETECTED	NOT_A_PATIENT_COUNT__NO_CROSS_MEASURE_SUM_EMITTED	DISJOINTNESS_UNVERIFIABLE__NO_participantFlowModule_IN_CACHE
NCT02684058	ctg_results_bor_2014_2017.txt	151	ACTUAL	3	3	15	73	ctg_results_bor_2014_2017.txt::NCT02684058::outcomeMeasures[0]::groups[OG000]	0	2	110	False	NO_CONFLICT_DETECTED	NOT_A_PATIENT_COUNT__NO_CROSS_MEASURE_SUM_EMITTED	DISJOINTNESS_UNVERIFIABLE__NO_participantFlowModule_IN_CACHE
NCT02308020	ctg_results_bor_2014_2017.txt	162	ACTUAL	6	4	20	58	ctg_results_bor_2014_2017.txt::NCT02308020::outcomeMeasures[6]::groups[OG001]	6	4	136	False	NO_CONFLICT_DETECTED	NOT_A_PATIENT_COUNT__NO_CROSS_MEASURE_SUM_EMITTED	DISJOINTNESS_UNVERIFIABLE__NO_participantFlowModule_IN_CACHE
NCT03330197	ctg_results_bor_2014_2017.txt	6	ACTUAL	2	2	2	3	ctg_results_bor_2014_2017.txt::NCT03330197::outcomeMeasures[5]::groups[OG000]	5	2	5	False	NO_CONFLICT_DETECTED	NOT_A_PATIENT_COUNT__NO_CROSS_MEASURE_SUM_EMITTED	DISJOINTNESS_UNVERIFIABLE__NO_participantFlowModule_IN_CACHE
NCT02587962	ctg_results_bor_2014_2017.txt	34	ACTUAL	1	5	5	15	ctg_results_bor_2014_2017.txt::NCT02587962::outcomeMeasures[7]::groups[OG004]	7	5	34	False	NO_CONFLICT_DETECTED	NOT_A_PATIENT_COUNT__NO_CROSS_MEASURE_SUM_EMITTED	DISJOINTNESS_UNVERIFIABLE__NO_participantFlowModule_IN_CACHE
NCT02936323	ctg_results_bor_2014_2017.txt	89	ACTUAL	4	10	10	26	ctg_results_bor_2014_2017.txt::NCT02936323::outcomeMeasures[13]::groups[OG000]	13	2	38	False	NO_CONFLICT_DETECTED	NOT_A_PATIENT_COUNT__NO_CROSS_MEASURE_SUM_EMITTED	DISJOINTNESS_UNVERIFIABLE__NO_participantFlowModule_IN_CACHE
NCT02657889	ctg_results_bor_2014_2017.txt	122	ACTUAL	1	2	6	55	ctg_results_bor_2014_2017.txt::NCT02657889::outcomeMeasures[1]::groups[OG001]	1	2	108	False	NO_CONFLICT_DETECTED	NOT_A_PATIENT_COUNT__NO_CROSS_MEASURE_SUM_EMITTED	DISJOINTNESS_UNVERIFIABLE__NO_participantFlowModule_IN_CACHE
NCT02151903	ctg_results_bor_2014_2017.txt	5	ACTUAL	2	2	2	3	ctg_results_bor_2014_2017.txt::NCT02151903::outcomeMeasures[0]::groups[OG000]	0	2	5	False	NO_CONFLICT_DETECTED	NOT_A_PATIENT_COUNT__NO_CROSS_MEASURE_SUM_EMITTED	DISJOINTNESS_UNVERIFIABLE__NO_participantFlowModule_IN_CACHE
NCT02832167	ctg_results_bor_2014_2017.txt	239	ACTUAL	1	1	3	239	ctg_results_bor_2014_2017.txt::NCT02832167::outcomeMeasures[0]::groups[OG000]	0	1	239	False	NO_CONFLICT_DETECTED	NOT_A_PATIENT_COUNT__NO_CROSS_MEASURE_SUM_EMITTED	DISJOINTNESS_UNVERIFIABLE__NO_participantFlowModule_IN_CACHE
NCT02612311	ctg_results_bor_2014_2017.txt	603	ACTUAL	4	4	4	211	ctg_results_bor_2014_2017.txt::NCT02612311::outcomeMeasures[1]::groups[OG001]	1	4	603	False	NO_CONFLICT_DETECTED	NOT_A_PATIENT_COUNT__NO_CROSS_MEASURE_SUM_EMITTED	DISJOINTNESS_UNVERIFIABLE__NO_participantFlowModule_IN_CACHE
NCT02899299	ctg_results_bor_2014_2017.txt	605	ACTUAL	2	2	6	303	ctg_results_bor_2014_2017.txt::NCT02899299::outcomeMeasures[1]::groups[OG000]	1	2	605	False	NO_CONFLICT_DETECTED	NOT_A_PATIENT_COUNT__NO_CROSS_MEASURE_SUM_EMITTED	DISJOINTNESS_UNVERIFIABLE__NO_participantFlowModule_IN_CACHE
NCT02383927	ctg_results_bor_2014_2017.txt	63	ACTUAL	2	4	8	23	ctg_results_bor_2014_2017.txt::NCT02383927::outcomeMeasures[0]::groups[OG002]	0	4	49	False	NO_CONFLICT_DETECTED	NOT_A_PATIENT_COUNT__NO_CROSS_MEASURE_SUM_EMITTED	DISJOINTNESS_UNVERIFIABLE__NO_participantFlowModule_IN_CACHE
NCT03075527	ctg_results_bor_2014_2017.txt	19	ACTUAL	1	1	1	19	ctg_results_bor_2014_2017.txt::NCT03075527::outcomeMeasures[0]::groups[OG000]	0	1	19	False	NO_CONFLICT_DETECTED	NOT_A_PATIENT_COUNT__NO_CROSS_MEASURE_SUM_EMITTED	DISJOINTNESS_UNVERIFIABLE__NO_participantFlowModule_IN_CACHE
NCT03123783	ctg_results_bor_2014_2017.txt	140	ACTUAL	6	4	4	48	ctg_results_bor_2014_2017.txt::NCT03123783::outcomeMeasures[2]::groups[OG000]	2	4	118	False	NO_CONFLICT_DETECTED	NOT_A_PATIENT_COUNT__NO_CROSS_MEASURE_SUM_EMITTED	DISJOINTNESS_UNVERIFIABLE__NO_participantFlowModule_IN_CACHE
NCT02711137	ctg_results_bor_2014_2017.txt	137	ACTUAL	14	14	14	86	ctg_results_bor_2014_2017.txt::NCT02711137::outcomeMeasures[2]::groups[OG006]	2	14	134	False	NO_CONFLICT_DETECTED	NOT_A_PATIENT_COUNT__NO_CROSS_MEASURE_SUM_EMITTED	DISJOINTNESS_UNVERIFIABLE__NO_participantFlowModule_IN_CACHE
NCT02353143	ctg_results_bor_2014_2017.txt	71	ACTUAL	1	9	9	15	ctg_results_bor_2014_2017.txt::NCT02353143::outcomeMeasures[8]::groups[OG004]	8	9	40	False	NO_CONFLICT_DETECTED	NOT_A_PATIENT_COUNT__NO_CROSS_MEASURE_SUM_EMITTED	DISJOINTNESS_UNVERIFIABLE__NO_participantFlowModule_IN_CACHE
NCT03334617	ctg_results_bor_2014_2017.txt	528	ACTUAL	22	22	22	58	ctg_results_bor_2014_2017.txt::NCT03334617::outcomeMeasures[0]::groups[OG008]	0	22	527	False	NO_CONFLICT_DETECTED	NOT_A_PATIENT_COUNT__NO_CROSS_MEASURE_SUM_EMITTED	DISJOINTNESS_UNVERIFIABLE__NO_participantFlowModule_IN_CACHE
NCT02414139	ctg_results_bor_2014_2017.txt	373	ACTUAL	10	12	36	100	ctg_results_bor_2014_2017.txt::NCT02414139::outcomeMeasures[0]::groups[OG010]	0	12	533	False	WITHIN_MEASURE_SUM_EXCEEDS_ENROLLMENT	NOT_A_PATIENT_COUNT__NO_CROSS_MEASURE_SUM_EMITTED	DISJOINTNESS_UNVERIFIABLE__NO_participantFlowModule_IN_CACHE
NCT03132636	ctg_results_bor_2014_2017.txt	138	ACTUAL	2	2	4	84	ctg_results_bor_2014_2017.txt::NCT03132636::outcomeMeasures[0]::groups[OG001]	0	2	138	False	NO_CONFLICT_DETECTED	NOT_A_PATIENT_COUNT__NO_CROSS_MEASURE_SUM_EMITTED	DISJOINTNESS_UNVERIFIABLE__NO_participantFlowModule_IN_CACHE
NCT02528357	ctg_results_bor_2014_2017.txt	141	ACTUAL	3	19	38	13	ctg_results_bor_2014_2017.txt::NCT02528357::outcomeMeasures[31]::groups[OG004]	31	8	74	False	NO_CONFLICT_DETECTED	NOT_A_PATIENT_COUNT__NO_CROSS_MEASURE_SUM_EMITTED	DISJOINTNESS_UNVERIFIABLE__NO_participantFlowModule_IN_CACHE
NCT02465528	ctg_results_bor_2014_2017.txt	22	ACTUAL	4	4	8	12	ctg_results_bor_2014_2017.txt::NCT02465528::outcomeMeasures[0]::groups[OG002]	0	4	22	False	NO_CONFLICT_DETECTED	NOT_A_PATIENT_COUNT__NO_CROSS_MEASURE_SUM_EMITTED	DISJOINTNESS_UNVERIFIABLE__NO_participantFlowModule_IN_CACHE
NCT03146663	ctg_results_bor_2014_2017.txt	53	ACTUAL	2	2	4	26	ctg_results_bor_2014_2017.txt::NCT03146663::outcomeMeasures[0]::groups[OG001]	0	2	50	False	NO_CONFLICT_DETECTED	NOT_A_PATIENT_COUNT__NO_CROSS_MEASURE_SUM_EMITTED	DISJOINTNESS_UNVERIFIABLE__NO_participantFlowModule_IN_CACHE
NCT02604511	ctg_results_bor_2014_2017.txt	31	ACTUAL	1	1	2	30	ctg_results_bor_2014_2017.txt::NCT02604511::outcomeMeasures[0]::groups[OG000]	0	1	30	False	NO_CONFLICT_DETECTED	NOT_A_PATIENT_COUNT__NO_CROSS_MEASURE_SUM_EMITTED	DISJOINTNESS_UNVERIFIABLE__NO_participantFlowModule_IN_CACHE
NCT03041311	ctg_results_bor_2014_2017.txt	107	ACTUAL	2	2	4	52	ctg_results_bor_2014_2017.txt::NCT03041311::outcomeMeasures[7]::groups[OG001]	7	2	102	False	NO_CONFLICT_DETECTED	NOT_A_PATIENT_COUNT__NO_CROSS_MEASURE_SUM_EMITTED	DISJOINTNESS_UNVERIFIABLE__NO_participantFlowModule_IN_CACHE
NCT02463032	ctg_results_bor_2014_2017.txt	136	ACTUAL	2	2	8	72	ctg_results_bor_2014_2017.txt::NCT02463032::outcomeMeasures[1]::groups[OG000]	1	2	136	False	NO_CONFLICT_DETECTED	NOT_A_PATIENT_COUNT__NO_CROSS_MEASURE_SUM_EMITTED	DISJOINTNESS_UNVERIFIABLE__NO_participantFlowModule_IN_CACHE
NCT02545075	ctg_results_bor_2014_2017.txt	182	ACTUAL	2	2	4	122	ctg_results_bor_2014_2017.txt::NCT02545075::outcomeMeasures[4]::groups[OG000]	4	2	182	False	NO_CONFLICT_DETECTED	NOT_A_PATIENT_COUNT__NO_CROSS_MEASURE_SUM_EMITTED	DISJOINTNESS_UNVERIFIABLE__NO_participantFlowModule_IN_CACHE
NCT02981303	ctg_results_bor_2014_2017.txt	64	ACTUAL	2	2	9	44	ctg_results_bor_2014_2017.txt::NCT02981303::outcomeMeasures[0]::groups[OG001]	0	2	64	False	NO_CONFLICT_DETECTED	NOT_A_PATIENT_COUNT__NO_CROSS_MEASURE_SUM_EMITTED	DISJOINTNESS_UNVERIFIABLE__NO_participantFlowModule_IN_CACHE
NCT02795988	ctg_results_bor_2014_2017.txt	64	ACTUAL	3	4	8	18	ctg_results_bor_2014_2017.txt::NCT02795988::outcomeMeasures[5]::groups[OG000]	5	4	46	False	NO_CONFLICT_DETECTED	NOT_A_PATIENT_COUNT__NO_CROSS_MEASURE_SUM_EMITTED	DISJOINTNESS_UNVERIFIABLE__NO_participantFlowModule_IN_CACHE
NCT03045328	ctg_results_bor_2014_2017.txt	22	ACTUAL	1	1	1	20	ctg_results_bor_2014_2017.txt::NCT03045328::outcomeMeasures[3]::groups[OG000]	3	1	20	False	NO_CONFLICT_DETECTED	NOT_A_PATIENT_COUNT__NO_CROSS_MEASURE_SUM_EMITTED	DISJOINTNESS_UNVERIFIABLE__NO_participantFlowModule_IN_CACHE
NCT02289456	ctg_results_bor_2014_2017.txt	40	ACTUAL	1	1	2	40	ctg_results_bor_2014_2017.txt::NCT02289456::outcomeMeasures[6]::groups[OG000]	6	1	40	False	NO_CONFLICT_DETECTED	NOT_A_PATIENT_COUNT__NO_CROSS_MEASURE_SUM_EMITTED	DISJOINTNESS_UNVERIFIABLE__NO_participantFlowModule_IN_CACHE
NCT02644122	ctg_results_bor_2014_2017.txt	1	ACTUAL	1	1	1	0			0	0	False	NO_CONFLICT_DETECTED	NOT_A_PATIENT_COUNT__NO_CROSS_MEASURE_SUM_EMITTED	DISJOINTNESS_UNVERIFIABLE__NO_participantFlowModule_IN_CACHE
NCT02592707	ctg_results_bor_2014_2017.txt	40	ACTUAL	1	5	15	40	ctg_results_bor_2014_2017.txt::NCT02592707::outcomeMeasures[19]::groups[OG004]	19	5	80	True	WITHIN_MEASURE_SUM_EXCEEDS_ENROLLMENT__POOLED_LABEL_IN_MEASURE	NOT_A_PATIENT_COUNT__NO_CROSS_MEASURE_SUM_EMITTED	DISJOINTNESS_UNVERIFIABLE__NO_participantFlowModule_IN_CACHE
NCT02078648	ctg_results_bor_2014_2017.txt	74	ACTUAL	2	2	4	46	ctg_results_bor_2014_2017.txt::NCT02078648::outcomeMeasures[3]::groups[OG000]	3	2	74	False	NO_CONFLICT_DETECTED	NOT_A_PATIENT_COUNT__NO_CROSS_MEASURE_SUM_EMITTED	DISJOINTNESS_UNVERIFIABLE__NO_participantFlowModule_IN_CACHE
NCT02684006	ctg_results_bor_2014_2017.txt	886	ACTUAL	2	2	2	444	ctg_results_bor_2014_2017.txt::NCT02684006::outcomeMeasures[4]::groups[OG001]	4	2	886	False	NO_CONFLICT_DETECTED	NOT_A_PATIENT_COUNT__NO_CROSS_MEASURE_SUM_EMITTED	DISJOINTNESS_UNVERIFIABLE__NO_participantFlowModule_IN_CACHE
NCT02259114	ctg_results_bor_2014_2017.txt	47	ACTUAL	2	5	5	19	ctg_results_bor_2014_2017.txt::NCT02259114::outcomeMeasures[3]::groups[OG000]	3	5	42	False	NO_CONFLICT_DETECTED	NOT_A_PATIENT_COUNT__NO_CROSS_MEASURE_SUM_EMITTED	DISJOINTNESS_UNVERIFIABLE__NO_participantFlowModule_IN_CACHE
NCT02094573	ctg_results_bor_2014_2017.txt	222	ACTUAL	2	2	10	112	ctg_results_bor_2014_2017.txt::NCT02094573::outcomeMeasures[0]::groups[OG000]	0	2	222	False	NO_CONFLICT_DETECTED	NOT_A_PATIENT_COUNT__NO_CROSS_MEASURE_SUM_EMITTED	DISJOINTNESS_UNVERIFIABLE__NO_participantFlowModule_IN_CACHE
NCT02152956	ctg_results_bor_2014_2017.txt	244	ACTUAL	13	13	26	185	ctg_results_bor_2014_2017.txt::NCT02152956::outcomeMeasures[1]::groups[OG011]	1	13	244	False	NO_CONFLICT_DETECTED	NOT_A_PATIENT_COUNT__NO_CROSS_MEASURE_SUM_EMITTED	DISJOINTNESS_UNVERIFIABLE__NO_participantFlowModule_IN_CACHE
NCT02737072	ctg_results_bor_2014_2017.txt	9	ACTUAL	3	3	6	3	ctg_results_bor_2014_2017.txt::NCT02737072::outcomeMeasures[4]::groups[OG000]	4	3	9	False	NO_CONFLICT_DETECTED	NOT_A_PATIENT_COUNT__NO_CROSS_MEASURE_SUM_EMITTED	DISJOINTNESS_UNVERIFIABLE__NO_participantFlowModule_IN_CACHE
NCT02227108	ctg_results_bor_2014_2017.txt	37	ACTUAL	1	1	4	28	ctg_results_bor_2014_2017.txt::NCT02227108::outcomeMeasures[2]::groups[OG000]	2	1	28	False	NO_CONFLICT_DETECTED	NOT_A_PATIENT_COUNT__NO_CROSS_MEASURE_SUM_EMITTED	DISJOINTNESS_UNVERIFIABLE__NO_participantFlowModule_IN_CACHE
NCT02919696	ctg_results_bor_2014_2017.txt	26	ACTUAL	2	2	2	13	ctg_results_bor_2014_2017.txt::NCT02919696::outcomeMeasures[6]::groups[OG001]	6	2	25	False	NO_CONFLICT_DETECTED	NOT_A_PATIENT_COUNT__NO_CROSS_MEASURE_SUM_EMITTED	DISJOINTNESS_UNVERIFIABLE__NO_participantFlowModule_IN_CACHE
NCT03158688	ctg_results_bor_2014_2017.txt	466	ACTUAL	2	2	6	312	ctg_results_bor_2014_2017.txt::NCT03158688::outcomeMeasures[1]::groups[OG001]	1	2	466	False	NO_CONFLICT_DETECTED	NOT_A_PATIENT_COUNT__NO_CROSS_MEASURE_SUM_EMITTED	DISJOINTNESS_UNVERIFIABLE__NO_participantFlowModule_IN_CACHE
NCT01973608	ctg_results_bor_2014_2017.txt	12	ACTUAL	4	4	4	4	ctg_results_bor_2014_2017.txt::NCT01973608::outcomeMeasures[1]::groups[OG002]	1	4	8	False	NO_CONFLICT_DETECTED	NOT_A_PATIENT_COUNT__NO_CROSS_MEASURE_SUM_EMITTED	DISJOINTNESS_UNVERIFIABLE__NO_participantFlowModule_IN_CACHE
NCT02961881	ctg_results_bor_2014_2017.txt	35	ACTUAL	1	5	5	7	ctg_results_bor_2014_2017.txt::NCT02961881::outcomeMeasures[16]::groups[OG001]	16	5	31	False	NO_CONFLICT_DETECTED	NOT_A_PATIENT_COUNT__NO_CROSS_MEASURE_SUM_EMITTED	DISJOINTNESS_UNVERIFIABLE__NO_participantFlowModule_IN_CACHE
NCT02289209	ctg_results_bor_2014_2017.txt	48	ACTUAL	1	1	2	32	ctg_results_bor_2014_2017.txt::NCT02289209::outcomeMeasures[2]::groups[OG000]	2	1	32	False	NO_CONFLICT_DETECTED	NOT_A_PATIENT_COUNT__NO_CROSS_MEASURE_SUM_EMITTED	DISJOINTNESS_UNVERIFIABLE__NO_participantFlowModule_IN_CACHE
NCT02253992	ctg_results_bor_2014_2017.txt	232	ACTUAL	1	12	24	43	ctg_results_bor_2014_2017.txt::NCT02253992::outcomeMeasures[3]::groups[OG005]	3	12	160	False	NO_CONFLICT_DETECTED	NOT_A_PATIENT_COUNT__NO_CROSS_MEASURE_SUM_EMITTED	DISJOINTNESS_UNVERIFIABLE__NO_participantFlowModule_IN_CACHE
NCT02005471	ctg_results_bor_2014_2017.txt	389	ACTUAL	4	2	10	195	ctg_results_bor_2014_2017.txt::NCT02005471::outcomeMeasures[8]::groups[OG000]	8	2	389	False	NO_CONFLICT_DETECTED	NOT_A_PATIENT_COUNT__NO_CROSS_MEASURE_SUM_EMITTED	DISJOINTNESS_UNVERIFIABLE__NO_participantFlowModule_IN_CACHE
NCT02432235	ctg_results_bor_2014_2017.txt	133	ACTUAL	12	12	12	41	ctg_results_bor_2014_2017.txt::NCT02432235::outcomeMeasures[4]::groups[OG006]	4	12	130	False	NO_CONFLICT_DETECTED	NOT_A_PATIENT_COUNT__NO_CROSS_MEASURE_SUM_EMITTED	DISJOINTNESS_UNVERIFIABLE__NO_participantFlowModule_IN_CACHE
NCT03332017	ctg_results_bor_2014_2017.txt	217	ACTUAL	2	2	6	145	ctg_results_bor_2014_2017.txt::NCT03332017::outcomeMeasures[0]::groups[OG001]	0	2	217	False	NO_CONFLICT_DETECTED	NOT_A_PATIENT_COUNT__NO_CROSS_MEASURE_SUM_EMITTED	DISJOINTNESS_UNVERIFIABLE__NO_participantFlowModule_IN_CACHE
NCT04439318	ctg_results_bor_2014_2017.txt	50	ACTUAL	1	1	1	46	ctg_results_bor_2014_2017.txt::NCT04439318::outcomeMeasures[0]::groups[OG000]	0	1	46	False	NO_CONFLICT_DETECTED	NOT_A_PATIENT_COUNT__NO_CROSS_MEASURE_SUM_EMITTED	DISJOINTNESS_UNVERIFIABLE__NO_participantFlowModule_IN_CACHE
NCT02879617	ctg_results_bor_2014_2017.txt	47	ACTUAL	1	1	4	38	ctg_results_bor_2014_2017.txt::NCT02879617::outcomeMeasures[11]::groups[OG000]	11	1	38	False	NO_CONFLICT_DETECTED	NOT_A_PATIENT_COUNT__NO_CROSS_MEASURE_SUM_EMITTED	DISJOINTNESS_UNVERIFIABLE__NO_participantFlowModule_IN_CACHE
NCT02509052	ctg_results_bor_2014_2017.txt	12	ACTUAL	3	3	6	5	ctg_results_bor_2014_2017.txt::NCT02509052::outcomeMeasures[1]::groups[OG002]	1	3	11	False	NO_CONFLICT_DETECTED	NOT_A_PATIENT_COUNT__NO_CROSS_MEASURE_SUM_EMITTED	DISJOINTNESS_UNVERIFIABLE__NO_participantFlowModule_IN_CACHE
NCT02085070	ctg_results_bor_2014_2017.txt	65	ACTUAL	2	2	2	42	ctg_results_bor_2014_2017.txt::NCT02085070::outcomeMeasures[0]::groups[OG001]	0	2	65	False	NO_CONFLICT_DETECTED	NOT_A_PATIENT_COUNT__NO_CROSS_MEASURE_SUM_EMITTED	DISJOINTNESS_UNVERIFIABLE__NO_participantFlowModule_IN_CACHE
NCT02579616	ctg_results_bor_2014_2017.txt	29	ACTUAL	1	1	3	26	ctg_results_bor_2014_2017.txt::NCT02579616::outcomeMeasures[0]::groups[OG000]	0	1	26	False	NO_CONFLICT_DETECTED	NOT_A_PATIENT_COUNT__NO_CROSS_MEASURE_SUM_EMITTED	DISJOINTNESS_UNVERIFIABLE__NO_participantFlowModule_IN_CACHE
NCT03143153	ctg_results_bor_2014_2017.txt	970	ACTUAL	3	3	3	325	ctg_results_bor_2014_2017.txt::NCT03143153::outcomeMeasures[4]::groups[OG000]	4	3	970	False	NO_CONFLICT_DETECTED	NOT_A_PATIENT_COUNT__NO_CROSS_MEASURE_SUM_EMITTED	DISJOINTNESS_UNVERIFIABLE__NO_participantFlowModule_IN_CACHE
NCT03184870	ctg_results_bor_2014_2017.txt	332	ACTUAL	13	18	18	35	ctg_results_bor_2014_2017.txt::NCT03184870::outcomeMeasures[10]::groups[OG013]	10	18	315	False	NO_CONFLICT_DETECTED	NOT_A_PATIENT_COUNT__NO_CROSS_MEASURE_SUM_EMITTED	DISJOINTNESS_UNVERIFIABLE__NO_participantFlowModule_IN_CACHE
NCT02181738	ctg_results_bor_2014_2017.txt	294	ACTUAL	1	3	15	100	ctg_results_bor_2014_2017.txt::NCT02181738::outcomeMeasures[0]::groups[OG002]	0	3	243	False	NO_CONFLICT_DETECTED	NOT_A_PATIENT_COUNT__NO_CROSS_MEASURE_SUM_EMITTED	DISJOINTNESS_UNVERIFIABLE__NO_participantFlowModule_IN_CACHE
NCT02724878	ctg_results_bor_2014_2017.txt	65	ACTUAL	1	1	6	60	ctg_results_bor_2014_2017.txt::NCT02724878::outcomeMeasures[0]::groups[OG000]	0	1	60	False	NO_CONFLICT_DETECTED	NOT_A_PATIENT_COUNT__NO_CROSS_MEASURE_SUM_EMITTED	DISJOINTNESS_UNVERIFIABLE__NO_participantFlowModule_IN_CACHE
NCT02213133	ctg_results_bor_2014_2017.txt	45	ACTUAL	3	3	3	33	ctg_results_bor_2014_2017.txt::NCT02213133::outcomeMeasures[0]::groups[OG000]	0	3	38	False	NO_CONFLICT_DETECTED	NOT_A_PATIENT_COUNT__NO_CROSS_MEASURE_SUM_EMITTED	DISJOINTNESS_UNVERIFIABLE__NO_participantFlowModule_IN_CACHE
NCT02823990	ctg_results_bor_2014_2017.txt	13	ACTUAL	1	1	4	12	ctg_results_bor_2014_2017.txt::NCT02823990::outcomeMeasures[0]::groups[OG000]	0	1	12	False	NO_CONFLICT_DETECTED	NOT_A_PATIENT_COUNT__NO_CROSS_MEASURE_SUM_EMITTED	DISJOINTNESS_UNVERIFIABLE__NO_participantFlowModule_IN_CACHE
NCT02394795	ctg_results_bor_2014_2017.txt	823	ACTUAL	2	2	2	397	ctg_results_bor_2014_2017.txt::NCT02394795::outcomeMeasures[4]::groups[OG001]	4	2	791	False	NO_CONFLICT_DETECTED	NOT_A_PATIENT_COUNT__NO_CROSS_MEASURE_SUM_EMITTED	DISJOINTNESS_UNVERIFIABLE__NO_participantFlowModule_IN_CACHE
NCT02726581	ctg_results_bor_2014_2017.txt	170	ACTUAL	3	2	6	75	ctg_results_bor_2014_2017.txt::NCT02726581::outcomeMeasures[2]::groups[OG000]	2	2	146	False	NO_CONFLICT_DETECTED	NOT_A_PATIENT_COUNT__NO_CROSS_MEASURE_SUM_EMITTED	DISJOINTNESS_UNVERIFIABLE__NO_participantFlowModule_IN_CACHE
NCT02893930	ctg_results_bor_2014_2017.txt	13	ACTUAL	1	1	2	12	ctg_results_bor_2014_2017.txt::NCT02893930::outcomeMeasures[0]::groups[OG000]	0	1	12	False	NO_CONFLICT_DETECTED	NOT_A_PATIENT_COUNT__NO_CROSS_MEASURE_SUM_EMITTED	DISJOINTNESS_UNVERIFIABLE__NO_participantFlowModule_IN_CACHE
NCT02923921	ctg_results_bor_2014_2017.txt	567	ACTUAL	2	2	4	284	ctg_results_bor_2014_2017.txt::NCT02923921::outcomeMeasures[2]::groups[OG001]	2	2	567	False	NO_CONFLICT_DETECTED	NOT_A_PATIENT_COUNT__NO_CROSS_MEASURE_SUM_EMITTED	DISJOINTNESS_UNVERIFIABLE__NO_participantFlowModule_IN_CACHE
NCT02101034	ctg_results_bor_2014_2017.txt	96	ACTUAL	5	5	5	28	ctg_results_bor_2014_2017.txt::NCT02101034::outcomeMeasures[1]::groups[OG002]	1	3	79	False	NO_CONFLICT_DETECTED	NOT_A_PATIENT_COUNT__NO_CROSS_MEASURE_SUM_EMITTED	DISJOINTNESS_UNVERIFIABLE__NO_participantFlowModule_IN_CACHE
NCT02901899	ctg_results_bor_2014_2017.txt	45	ACTUAL	1	1	3	38	ctg_results_bor_2014_2017.txt::NCT02901899::outcomeMeasures[0]::groups[OG000]	0	1	38	False	NO_CONFLICT_DETECTED	NOT_A_PATIENT_COUNT__NO_CROSS_MEASURE_SUM_EMITTED	DISJOINTNESS_UNVERIFIABLE__NO_participantFlowModule_IN_CACHE
NCT02279719	ctg_results_bor_2014_2017.txt	97	ACTUAL	3	3	6	31	ctg_results_bor_2014_2017.txt::NCT02279719::outcomeMeasures[3]::groups[OG002]	3	3	69	False	NO_CONFLICT_DETECTED	NOT_A_PATIENT_COUNT__NO_CROSS_MEASURE_SUM_EMITTED	DISJOINTNESS_UNVERIFIABLE__NO_participantFlowModule_IN_CACHE
NCT02305563	ctg_results_bor_2014_2017.txt	70	ACTUAL	4	5	5	26	ctg_results_bor_2014_2017.txt::NCT02305563::outcomeMeasures[7]::groups[OG000]	7	3	64	False	NO_CONFLICT_DETECTED	NOT_A_PATIENT_COUNT__NO_CROSS_MEASURE_SUM_EMITTED	DISJOINTNESS_UNVERIFIABLE__NO_participantFlowModule_IN_CACHE
NCT03159195	ctg_results_bor_2014_2017.txt	652	ACTUAL	1	2	6	360	ctg_results_bor_2014_2017.txt::NCT03159195::outcomeMeasures[2]::groups[OG000]	2	2	652	False	NO_CONFLICT_DETECTED	NOT_A_PATIENT_COUNT__NO_CROSS_MEASURE_SUM_EMITTED	DISJOINTNESS_UNVERIFIABLE__NO_participantFlowModule_IN_CACHE
NCT02325739	ctg_results_bor_2014_2017.txt	172	ACTUAL	11	11	34	36	ctg_results_bor_2014_2017.txt::NCT02325739::outcomeMeasures[3]::groups[OG009]	3	11	172	False	NO_CONFLICT_DETECTED	NOT_A_PATIENT_COUNT__NO_CROSS_MEASURE_SUM_EMITTED	DISJOINTNESS_UNVERIFIABLE__NO_participantFlowModule_IN_CACHE
NCT02711956	ctg_results_bor_2014_2017.txt	75	ACTUAL	1	4	4	45	ctg_results_bor_2014_2017.txt::NCT02711956::outcomeMeasures[2]::groups[OG000]	2	2	75	False	NO_CONFLICT_DETECTED	NOT_A_PATIENT_COUNT__NO_CROSS_MEASURE_SUM_EMITTED	DISJOINTNESS_UNVERIFIABLE__NO_participantFlowModule_IN_CACHE
NCT03308942	ctg_results_bor_2014_2017.txt	53	ACTUAL	5	5	10	20	ctg_results_bor_2014_2017.txt::NCT03308942::outcomeMeasures[1]::groups[OG000]	1	1	20	False	NO_CONFLICT_DETECTED	NOT_A_PATIENT_COUNT__NO_CROSS_MEASURE_SUM_EMITTED	DISJOINTNESS_UNVERIFIABLE__NO_participantFlowModule_IN_CACHE
NCT03206970	ctg_results_bor_2014_2017.txt	86	ACTUAL	1	1	2	86	ctg_results_bor_2014_2017.txt::NCT03206970::outcomeMeasures[0]::groups[OG000]	0	1	86	False	NO_CONFLICT_DETECTED	NOT_A_PATIENT_COUNT__NO_CROSS_MEASURE_SUM_EMITTED	DISJOINTNESS_UNVERIFIABLE__NO_participantFlowModule_IN_CACHE
NCT02702388	ctg_results_bor_2014_2017.txt	241	ACTUAL	2	2	2	77	ctg_results_bor_2014_2017.txt::NCT02702388::outcomeMeasures[0]::groups[OG001]	0	2	152	False	NO_CONFLICT_DETECTED	NOT_A_PATIENT_COUNT__NO_CROSS_MEASURE_SUM_EMITTED	DISJOINTNESS_UNVERIFIABLE__NO_participantFlowModule_IN_CACHE
NCT02073123	ctg_results_bor_2014_2017.txt	131	ACTUAL	3	3	6	114	ctg_results_bor_2014_2017.txt::NCT02073123::outcomeMeasures[1]::groups[OG002]	1	3	122	False	NO_CONFLICT_DETECTED	NOT_A_PATIENT_COUNT__NO_CROSS_MEASURE_SUM_EMITTED	DISJOINTNESS_UNVERIFIABLE__NO_participantFlowModule_IN_CACHE
NCT02671435	ctg_results_bor_2014_2017.txt	383	ACTUAL	15	2	2	41	ctg_results_bor_2014_2017.txt::NCT02671435::outcomeMeasures[9]::groups[OG001]	9	2	81	False	NO_CONFLICT_DETECTED	NOT_A_PATIENT_COUNT__NO_CROSS_MEASURE_SUM_EMITTED	DISJOINTNESS_UNVERIFIABLE__NO_participantFlowModule_IN_CACHE
NCT02347332	ctg_results_bor_2014_2017.txt	459	ACTUAL	2	2	4	230	ctg_results_bor_2014_2017.txt::NCT02347332::outcomeMeasures[2]::groups[OG000]	2	2	459	False	NO_CONFLICT_DETECTED	NOT_A_PATIENT_COUNT__NO_CROSS_MEASURE_SUM_EMITTED	DISJOINTNESS_UNVERIFIABLE__NO_participantFlowModule_IN_CACHE
NCT03318939	ctg_results_bor_2014_2017.txt	648	ACTUAL	14	7	14	248	ctg_results_bor_2014_2017.txt::NCT03318939::outcomeMeasures[0]::groups[OG004]	0	7	647	False	NO_CONFLICT_DETECTED	NOT_A_PATIENT_COUNT__NO_CROSS_MEASURE_SUM_EMITTED	DISJOINTNESS_UNVERIFIABLE__NO_participantFlowModule_IN_CACHE
NCT02985957	ctg_results_bor_2014_2017.txt	351	ACTUAL	7	8	18	71	ctg_results_bor_2014_2017.txt::NCT02985957::outcomeMeasures[9]::groups[OG003]	9	6	276	False	NO_CONFLICT_DETECTED	NOT_A_PATIENT_COUNT__NO_CROSS_MEASURE_SUM_EMITTED	DISJOINTNESS_UNVERIFIABLE__NO_participantFlowModule_IN_CACHE
NCT02337829	ctg_results_bor_2014_2017.txt	48	ACTUAL	2	6	6	31	ctg_results_bor_2014_2017.txt::NCT02337829::outcomeMeasures[0]::groups[OG002]	0	6	94	True	WITHIN_MEASURE_SUM_EXCEEDS_ENROLLMENT__POOLED_LABEL_IN_MEASURE	NOT_A_PATIENT_COUNT__NO_CROSS_MEASURE_SUM_EMITTED	DISJOINTNESS_UNVERIFIABLE__NO_participantFlowModule_IN_CACHE
NCT02763319	ctg_results_bor_2014_2017.txt	453	ACTUAL	2	2	6	227	ctg_results_bor_2014_2017.txt::NCT02763319::outcomeMeasures[2]::groups[OG001]	2	2	453	False	NO_CONFLICT_DETECTED	NOT_A_PATIENT_COUNT__NO_CROSS_MEASURE_SUM_EMITTED	DISJOINTNESS_UNVERIFIABLE__NO_participantFlowModule_IN_CACHE
NCT02027428	ctg_results_bor_2014_2017.txt	427	ACTUAL	2	3	7	420	ctg_results_bor_2014_2017.txt::NCT02027428::outcomeMeasures[6]::groups[OG000]	6	3	622	True	WITHIN_MEASURE_SUM_EXCEEDS_ENROLLMENT__POOLED_LABEL_IN_MEASURE	NOT_A_PATIENT_COUNT__NO_CROSS_MEASURE_SUM_EMITTED	DISJOINTNESS_UNVERIFIABLE__NO_participantFlowModule_IN_CACHE
NCT02834390	ctg_results_bor_2014_2017.txt	7	ACTUAL	2	2	2	4	ctg_results_bor_2014_2017.txt::NCT02834390::outcomeMeasures[1]::groups[OG000]	1	2	7	False	NO_CONFLICT_DETECTED	NOT_A_PATIENT_COUNT__NO_CROSS_MEASURE_SUM_EMITTED	DISJOINTNESS_UNVERIFIABLE__NO_participantFlowModule_IN_CACHE
NCT03189524	ctg_results_bor_2014_2017.txt	44	ACTUAL	3	1	3	23	ctg_results_bor_2014_2017.txt::NCT03189524::outcomeMeasures[1]::groups[OG000]	1	1	23	False	NO_CONFLICT_DETECTED	NOT_A_PATIENT_COUNT__NO_CROSS_MEASURE_SUM_EMITTED	DISJOINTNESS_UNVERIFIABLE__NO_participantFlowModule_IN_CACHE
NCT02631876	ctg_results_bor_2014_2017.txt	366	ACTUAL	2	2	4	248	ctg_results_bor_2014_2017.txt::NCT02631876::outcomeMeasures[2]::groups[OG000]	2	2	366	False	NO_CONFLICT_DETECTED	NOT_A_PATIENT_COUNT__NO_CROSS_MEASURE_SUM_EMITTED	DISJOINTNESS_UNVERIFIABLE__NO_participantFlowModule_IN_CACHE
NCT03173560	ctg_results_bor_2014_2017.txt	343	ACTUAL	2	2	4	156	ctg_results_bor_2014_2017.txt::NCT03173560::outcomeMeasures[0]::groups[OG000]	0	2	311	False	NO_CONFLICT_DETECTED	NOT_A_PATIENT_COUNT__NO_CROSS_MEASURE_SUM_EMITTED	DISJOINTNESS_UNVERIFIABLE__NO_participantFlowModule_IN_CACHE
NCT02080260	ctg_results_bor_2014_2017.txt	20	ACTUAL	1	1	1	20	ctg_results_bor_2014_2017.txt::NCT02080260::outcomeMeasures[3]::groups[OG000]	3	1	20	False	NO_CONFLICT_DETECTED	NOT_A_PATIENT_COUNT__NO_CROSS_MEASURE_SUM_EMITTED	DISJOINTNESS_UNVERIFIABLE__NO_participantFlowModule_IN_CACHE
NCT03262935	ctg_results_bor_2014_2017.txt	437	ACTUAL	2	2	2	252	ctg_results_bor_2014_2017.txt::NCT03262935::outcomeMeasures[2]::groups[OG000]	2	2	374	False	NO_CONFLICT_DETECTED	NOT_A_PATIENT_COUNT__NO_CROSS_MEASURE_SUM_EMITTED	DISJOINTNESS_UNVERIFIABLE__NO_participantFlowModule_IN_CACHE
NCT02996110	ctg_results_bor_2014_2017.txt	182	ACTUAL	4	5	5	76	ctg_results_bor_2014_2017.txt::NCT02996110::outcomeMeasures[0]::groups[OG000]	0	5	212	False	WITHIN_MEASURE_SUM_EXCEEDS_ENROLLMENT	NOT_A_PATIENT_COUNT__NO_CROSS_MEASURE_SUM_EMITTED	DISJOINTNESS_UNVERIFIABLE__NO_participantFlowModule_IN_CACHE
NCT03195491	ctg_results_bor_2014_2017.txt	400	ACTUAL	1	3	3	400	ctg_results_bor_2014_2017.txt::NCT03195491::outcomeMeasures[7]::groups[OG002]	7	3	800	False	WITHIN_MEASURE_SUM_EXCEEDS_ENROLLMENT	NOT_A_PATIENT_COUNT__NO_CROSS_MEASURE_SUM_EMITTED	DISJOINTNESS_UNVERIFIABLE__NO_participantFlowModule_IN_CACHE
NCT02608268	ctg_results_bor_2014_2017.txt	252	ACTUAL	10	30	62	17	ctg_results_bor_2014_2017.txt::NCT02608268::outcomeMeasures[6]::groups[OG000]	7	30	252	False	NO_CONFLICT_DETECTED	NOT_A_PATIENT_COUNT__NO_CROSS_MEASURE_SUM_EMITTED	DISJOINTNESS_UNVERIFIABLE__NO_participantFlowModule_IN_CACHE
NCT02494570	ctg_results_bor_2014_2017.txt	34	ACTUAL	1	2	2	31	ctg_results_bor_2014_2017.txt::NCT02494570::outcomeMeasures[0]::groups[OG000]	0	1	31	False	NO_CONFLICT_DETECTED	NOT_A_PATIENT_COUNT__NO_CROSS_MEASURE_SUM_EMITTED	DISJOINTNESS_UNVERIFIABLE__NO_participantFlowModule_IN_CACHE
NCT02060188	ctg_results_bor_2014_2017.txt	385	ACTUAL	6	9	15	119	ctg_results_bor_2014_2017.txt::NCT02060188::outcomeMeasures[0]::groups[OG001]	0	9	385	False	NO_CONFLICT_DETECTED	NOT_A_PATIENT_COUNT__NO_CROSS_MEASURE_SUM_EMITTED	DISJOINTNESS_UNVERIFIABLE__NO_participantFlowModule_IN_CACHE
NCT02588612	ctg_results_bor_2014_2017.txt	10	ACTUAL	1	1	2	5	ctg_results_bor_2014_2017.txt::NCT02588612::outcomeMeasures[5]::groups[OG000]	5	1	5	False	NO_CONFLICT_DETECTED	NOT_A_PATIENT_COUNT__NO_CROSS_MEASURE_SUM_EMITTED	DISJOINTNESS_UNVERIFIABLE__NO_participantFlowModule_IN_CACHE
NCT03292406	ctg_results_bor_2014_2017.txt	86	ACTUAL	3	3	12	16	ctg_results_bor_2014_2017.txt::NCT03292406::outcomeMeasures[2]::groups[OG000]	2	3	29	False	NO_CONFLICT_DETECTED	NOT_A_PATIENT_COUNT__NO_CROSS_MEASURE_SUM_EMITTED	DISJOINTNESS_UNVERIFIABLE__NO_participantFlowModule_IN_CACHE
NCT02538965	ctg_results_bor_2014_2017.txt	17	ACTUAL	1	1	1	0			0	0	False	NO_CONFLICT_DETECTED	NOT_A_PATIENT_COUNT__NO_CROSS_MEASURE_SUM_EMITTED	DISJOINTNESS_UNVERIFIABLE__NO_participantFlowModule_IN_CACHE
NCT02915744	ctg_results_bor_2014_2017.txt	178	ACTUAL	2	2	4	92	ctg_results_bor_2014_2017.txt::NCT02915744::outcomeMeasures[5]::groups[OG000]	5	2	178	False	NO_CONFLICT_DETECTED	NOT_A_PATIENT_COUNT__NO_CROSS_MEASURE_SUM_EMITTED	DISJOINTNESS_UNVERIFIABLE__NO_participantFlowModule_IN_CACHE
NCT02829723	ctg_results_bor_2014_2017.txt	192	ACTUAL	2	27	333	22	ctg_results_bor_2014_2017.txt::NCT02829723::outcomeMeasures[15]::groups[OG025]	13	24	120	False	NO_CONFLICT_DETECTED	NOT_A_PATIENT_COUNT__NO_CROSS_MEASURE_SUM_EMITTED	DISJOINTNESS_UNVERIFIABLE__NO_participantFlowModule_IN_CACHE
NCT02759588	ctg_results_bor_2014_2017.txt	46	ACTUAL	4	8	12	11	ctg_results_bor_2014_2017.txt::NCT02759588::outcomeMeasures[8]::groups[OG002]	2	4	24	False	NO_CONFLICT_DETECTED	NOT_A_PATIENT_COUNT__NO_CROSS_MEASURE_SUM_EMITTED	DISJOINTNESS_UNVERIFIABLE__NO_participantFlowModule_IN_CACHE
NCT02337946	ctg_results_bor_2014_2017.txt	164	ACTUAL	2	2	2	57	ctg_results_bor_2014_2017.txt::NCT02337946::outcomeMeasures[3]::groups[OG001]	3	2	113	False	NO_CONFLICT_DETECTED	NOT_A_PATIENT_COUNT__NO_CROSS_MEASURE_SUM_EMITTED	DISJOINTNESS_UNVERIFIABLE__NO_participantFlowModule_IN_CACHE
NCT02399813	ctg_results_bor_2014_2017.txt	36	ACTUAL	1	1	1	36	ctg_results_bor_2014_2017.txt::NCT02399813::outcomeMeasures[0]::groups[OG000]	0	1	36	False	NO_CONFLICT_DETECTED	NOT_A_PATIENT_COUNT__NO_CROSS_MEASURE_SUM_EMITTED	DISJOINTNESS_UNVERIFIABLE__NO_participantFlowModule_IN_CACHE
NCT03138889	ctg_results_bor_2014_2017.txt	162	ACTUAL	6	3	3	60	ctg_results_bor_2014_2017.txt::NCT03138889::outcomeMeasures[2]::groups[OG000]	2	2	73	False	NO_CONFLICT_DETECTED	NOT_A_PATIENT_COUNT__NO_CROSS_MEASURE_SUM_EMITTED	DISJOINTNESS_UNVERIFIABLE__NO_participantFlowModule_IN_CACHE
NCT03099174	ctg_results_bor_2014_2017.txt	133	ACTUAL	8	4	12	33	ctg_results_bor_2014_2017.txt::NCT03099174::outcomeMeasures[10]::groups[OG001]	10	3	79	False	NO_CONFLICT_DETECTED	NOT_A_PATIENT_COUNT__NO_CROSS_MEASURE_SUM_EMITTED	DISJOINTNESS_UNVERIFIABLE__NO_participantFlowModule_IN_CACHE
NCT02212015	ctg_results_bor_2014_2017.txt	26	ACTUAL	1	1	3	26	ctg_results_bor_2014_2017.txt::NCT02212015::outcomeMeasures[6]::groups[OG000]	6	1	26	False	NO_CONFLICT_DETECTED	NOT_A_PATIENT_COUNT__NO_CROSS_MEASURE_SUM_EMITTED	DISJOINTNESS_UNVERIFIABLE__NO_participantFlowModule_IN_CACHE
NCT02990338	ctg_results_bor_2014_2017.txt	307	ACTUAL	2	2	6	154	ctg_results_bor_2014_2017.txt::NCT02990338::outcomeMeasures[1]::groups[OG001]	1	2	307	False	NO_CONFLICT_DETECTED	NOT_A_PATIENT_COUNT__NO_CROSS_MEASURE_SUM_EMITTED	DISJOINTNESS_UNVERIFIABLE__NO_participantFlowModule_IN_CACHE
NCT02097225	ctg_results_bor_2014_2017.txt	22	ACTUAL	5	4	4	8	ctg_results_bor_2014_2017.txt::NCT02097225::outcomeMeasures[4]::groups[OG003]	4	4	21	False	NO_CONFLICT_DETECTED	NOT_A_PATIENT_COUNT__NO_CROSS_MEASURE_SUM_EMITTED	DISJOINTNESS_UNVERIFIABLE__NO_participantFlowModule_IN_CACHE
NCT03181308	ctg_results_bor_2014_2017.txt	11	ACTUAL	1	2	2	7	ctg_results_bor_2014_2017.txt::NCT03181308::outcomeMeasures[1]::groups[OG001]	1	2	10	False	NO_CONFLICT_DETECTED	NOT_A_PATIENT_COUNT__NO_CROSS_MEASURE_SUM_EMITTED	DISJOINTNESS_UNVERIFIABLE__NO_participantFlowModule_IN_CACHE
NCT02243605	ctg_results_bor_2014_2017.txt	90	ACTUAL	1	2	4	42	ctg_results_bor_2014_2017.txt::NCT02243605::outcomeMeasures[1]::groups[OG000]	3	2	81	False	NO_CONFLICT_DETECTED	NOT_A_PATIENT_COUNT__NO_CROSS_MEASURE_SUM_EMITTED	DISJOINTNESS_UNVERIFIABLE__NO_participantFlowModule_IN_CACHE
NCT03026166	ctg_results_bor_2014_2017.txt	42	ACTUAL	3	2	2	29	ctg_results_bor_2014_2017.txt::NCT03026166::outcomeMeasures[2]::groups[OG000]	2	2	40	False	NO_CONFLICT_DETECTED	NOT_A_PATIENT_COUNT__NO_CROSS_MEASURE_SUM_EMITTED	DISJOINTNESS_UNVERIFIABLE__NO_participantFlowModule_IN_CACHE
NCT02094872	ctg_results_bor_2014_2017.txt	49	ACTUAL	1	1	1	20	ctg_results_bor_2014_2017.txt::NCT02094872::outcomeMeasures[0]::groups[OG000]	0	1	20	False	NO_CONFLICT_DETECTED	NOT_A_PATIENT_COUNT__NO_CROSS_MEASURE_SUM_EMITTED	DISJOINTNESS_UNVERIFIABLE__NO_participantFlowModule_IN_CACHE
NCT02898077	ctg_results_bor_2014_2017.txt	440	ACTUAL	2	2	4	294	ctg_results_bor_2014_2017.txt::NCT02898077::outcomeMeasures[3]::groups[OG000]	3	2	440	False	NO_CONFLICT_DETECTED	NOT_A_PATIENT_COUNT__NO_CROSS_MEASURE_SUM_EMITTED	DISJOINTNESS_UNVERIFIABLE__NO_participantFlowModule_IN_CACHE
NCT02706405	ctg_results_bor_2014_2017.txt	30	ACTUAL	8	8	8	7	ctg_results_bor_2014_2017.txt::NCT02706405::outcomeMeasures[10]::groups[OG007]	10	8	28	False	NO_CONFLICT_DETECTED	NOT_A_PATIENT_COUNT__NO_CROSS_MEASURE_SUM_EMITTED	DISJOINTNESS_UNVERIFIABLE__NO_participantFlowModule_IN_CACHE
NCT03250676	ctg_results_bor_2014_2017.txt	151	ACTUAL	2	5	15	94	ctg_results_bor_2014_2017.txt::NCT03250676::outcomeMeasures[1]::groups[OG003]	1	5	126	False	NO_CONFLICT_DETECTED	NOT_A_PATIENT_COUNT__NO_CROSS_MEASURE_SUM_EMITTED	DISJOINTNESS_UNVERIFIABLE__NO_participantFlowModule_IN_CACHE
NCT03348904	ctg_results_bor_2014_2017.txt	2	ACTUAL	3	3	3	0			0	0	False	NO_CONFLICT_DETECTED	NOT_A_PATIENT_COUNT__NO_CROSS_MEASURE_SUM_EMITTED	DISJOINTNESS_UNVERIFIABLE__NO_participantFlowModule_IN_CACHE
NCT03061812	ctg_results_bor_2014_2017.txt	444	ACTUAL	2	2	6	287	ctg_results_bor_2014_2017.txt::NCT03061812::outcomeMeasures[3]::groups[OG001]	3	2	416	False	NO_CONFLICT_DETECTED	NOT_A_PATIENT_COUNT__NO_CROSS_MEASURE_SUM_EMITTED	DISJOINTNESS_UNVERIFIABLE__NO_participantFlowModule_IN_CACHE
NCT03057600	ctg_results_bor_2014_2017.txt	52	ACTUAL	4	4	8	19	ctg_results_bor_2014_2017.txt::NCT03057600::outcomeMeasures[0]::groups[OG002]	0	4	51	False	NO_CONFLICT_DETECTED	NOT_A_PATIENT_COUNT__NO_CROSS_MEASURE_SUM_EMITTED	DISJOINTNESS_UNVERIFIABLE__NO_participantFlowModule_IN_CACHE
NCT03275285	ctg_results_bor_2014_2017.txt	302	ACTUAL	2	2	2	179	ctg_results_bor_2014_2017.txt::NCT03275285::outcomeMeasures[0]::groups[OG001]	0	2	302	False	NO_CONFLICT_DETECTED	NOT_A_PATIENT_COUNT__NO_CROSS_MEASURE_SUM_EMITTED	DISJOINTNESS_UNVERIFIABLE__NO_participantFlowModule_IN_CACHE
NCT02879162	ctg_results_bor_2014_2017.txt	140	ACTUAL	1	1	1	136	ctg_results_bor_2014_2017.txt::NCT02879162::outcomeMeasures[0]::groups[OG000]	0	1	136	False	NO_CONFLICT_DETECTED	NOT_A_PATIENT_COUNT__NO_CROSS_MEASURE_SUM_EMITTED	DISJOINTNESS_UNVERIFIABLE__NO_participantFlowModule_IN_CACHE
NCT02741570	ctg_results_bor_2014_2017.txt	947	ACTUAL	2	2	4	475	ctg_results_bor_2014_2017.txt::NCT02741570::outcomeMeasures[4]::groups[OG001]	4	2	947	False	NO_CONFLICT_DETECTED	NOT_A_PATIENT_COUNT__NO_CROSS_MEASURE_SUM_EMITTED	DISJOINTNESS_UNVERIFIABLE__NO_participantFlowModule_IN_CACHE
NCT02983045	ctg_results_bor_2014_2017.txt	557	ACTUAL	4	2	2	429	ctg_results_bor_2014_2017.txt::NCT02983045::outcomeMeasures[2]::groups[OG000]	2	2	446	False	NO_CONFLICT_DETECTED	NOT_A_PATIENT_COUNT__NO_CROSS_MEASURE_SUM_EMITTED	DISJOINTNESS_UNVERIFIABLE__NO_participantFlowModule_IN_CACHE
NCT02549937	ctg_results_bor_2014_2017.txt	130	ACTUAL	6	9	18	30	ctg_results_bor_2014_2017.txt::NCT02549937::outcomeMeasures[8]::groups[OG008]	8	9	120	False	NO_CONFLICT_DETECTED	NOT_A_PATIENT_COUNT__NO_CROSS_MEASURE_SUM_EMITTED	DISJOINTNESS_UNVERIFIABLE__NO_participantFlowModule_IN_CACHE
NCT02501473	ctg_results_bor_2014_2017.txt	52	ACTUAL	8	7	21	14	ctg_results_bor_2014_2017.txt::NCT02501473::outcomeMeasures[2]::groups[OG005]	2	7	51	False	NO_CONFLICT_DETECTED	NOT_A_PATIENT_COUNT__NO_CROSS_MEASURE_SUM_EMITTED	DISJOINTNESS_UNVERIFIABLE__NO_participantFlowModule_IN_CACHE
NCT02599402	ctg_results_bor_2014_2017.txt	533	ACTUAL	2	9	9	533	ctg_results_bor_2014_2017.txt::NCT02599402::outcomeMeasures[10]::groups[OG000]	10	9	1640	True	WITHIN_MEASURE_SUM_EXCEEDS_ENROLLMENT__POOLED_LABEL_IN_MEASURE	NOT_A_PATIENT_COUNT__NO_CROSS_MEASURE_SUM_EMITTED	DISJOINTNESS_UNVERIFIABLE__NO_participantFlowModule_IN_CACHE
NCT02583269	ctg_results_bor_2014_2017.txt	24	ACTUAL	5	1	1	16	ctg_results_bor_2014_2017.txt::NCT02583269::outcomeMeasures[8]::groups[OG000]	8	1	16	False	NO_CONFLICT_DETECTED	NOT_A_PATIENT_COUNT__NO_CROSS_MEASURE_SUM_EMITTED	DISJOINTNESS_UNVERIFIABLE__NO_participantFlowModule_IN_CACHE
NCT02118337	ctg_results_bor_2014_2017.txt	97	ACTUAL	9	9	18	42	ctg_results_bor_2014_2017.txt::NCT02118337::outcomeMeasures[4]::groups[OG001]	4	3	67	False	NO_CONFLICT_DETECTED	NOT_A_PATIENT_COUNT__NO_CROSS_MEASURE_SUM_EMITTED	DISJOINTNESS_UNVERIFIABLE__NO_participantFlowModule_IN_CACHE
NCT02681523	ctg_results_bor_2014_2017.txt	8	ACTUAL	1	1	1	6	ctg_results_bor_2014_2017.txt::NCT02681523::outcomeMeasures[1]::groups[OG000]	1	1	6	False	NO_CONFLICT_DETECTED	NOT_A_PATIENT_COUNT__NO_CROSS_MEASURE_SUM_EMITTED	DISJOINTNESS_UNVERIFIABLE__NO_participantFlowModule_IN_CACHE
NCT03329690	ctg_results_bor_2014_2017.txt	233	ACTUAL	4	6	22	126	ctg_results_bor_2014_2017.txt::NCT03329690::outcomeMeasures[0]::groups[OG000]	5	6	293	False	WITHIN_MEASURE_SUM_EXCEEDS_ENROLLMENT	NOT_A_PATIENT_COUNT__NO_CROSS_MEASURE_SUM_EMITTED	DISJOINTNESS_UNVERIFIABLE__NO_participantFlowModule_IN_CACHE
NCT03035890	ctg_results_bor_2014_2017.txt	35	ACTUAL	1	1	1	34	ctg_results_bor_2014_2017.txt::NCT03035890::outcomeMeasures[0]::groups[OG000]	0	1	34	False	NO_CONFLICT_DETECTED	NOT_A_PATIENT_COUNT__NO_CROSS_MEASURE_SUM_EMITTED	DISJOINTNESS_UNVERIFIABLE__NO_participantFlowModule_IN_CACHE
NCT03098550	ctg_results_bor_2014_2017.txt	105	ACTUAL	2	3	6	43	ctg_results_bor_2014_2017.txt::NCT03098550::outcomeMeasures[4]::groups[OG002]	4	3	105	False	NO_CONFLICT_DETECTED	NOT_A_PATIENT_COUNT__NO_CROSS_MEASURE_SUM_EMITTED	DISJOINTNESS_UNVERIFIABLE__NO_participantFlowModule_IN_CACHE
NCT02101788	ctg_results_bor_2014_2017.txt	260	ACTUAL	2	2	2	130	ctg_results_bor_2014_2017.txt::NCT02101788::outcomeMeasures[3]::groups[OG000]	3	2	260	False	NO_CONFLICT_DETECTED	NOT_A_PATIENT_COUNT__NO_CROSS_MEASURE_SUM_EMITTED	DISJOINTNESS_UNVERIFIABLE__NO_participantFlowModule_IN_CACHE
NCT03102242	ctg_results_bor_2014_2017.txt	64	ACTUAL	1	1	2	62	ctg_results_bor_2014_2017.txt::NCT03102242::outcomeMeasures[0]::groups[OG000]	0	1	62	False	NO_CONFLICT_DETECTED	NOT_A_PATIENT_COUNT__NO_CROSS_MEASURE_SUM_EMITTED	DISJOINTNESS_UNVERIFIABLE__NO_participantFlowModule_IN_CACHE
NCT02570308	ctg_results_bor_2014_2017.txt	146	ACTUAL	2	3	6	127	ctg_results_bor_2014_2017.txt::NCT02570308::outcomeMeasures[1]::groups[OG000]	4	2	146	False	NO_CONFLICT_DETECTED	NOT_A_PATIENT_COUNT__NO_CROSS_MEASURE_SUM_EMITTED	DISJOINTNESS_UNVERIFIABLE__NO_participantFlowModule_IN_CACHE
NCT02752685	ctg_results_bor_2014_2017.txt	70	ACTUAL	3	3	3	29	ctg_results_bor_2014_2017.txt::NCT02752685::outcomeMeasures[0]::groups[OG001]	0	3	67	False	NO_CONFLICT_DETECTED	NOT_A_PATIENT_COUNT__NO_CROSS_MEASURE_SUM_EMITTED	DISJOINTNESS_UNVERIFIABLE__NO_participantFlowModule_IN_CACHE
NCT03104699	ctg_results_bor_2014_2017.txt	211	ACTUAL	1	1	3	160	ctg_results_bor_2014_2017.txt::NCT03104699::outcomeMeasures[2]::groups[OG000]	2	1	160	False	NO_CONFLICT_DETECTED	NOT_A_PATIENT_COUNT__NO_CROSS_MEASURE_SUM_EMITTED	DISJOINTNESS_UNVERIFIABLE__NO_participantFlowModule_IN_CACHE
NCT02185768	ctg_results_bor_2014_2017.txt	46	ACTUAL	1	1	2	44	ctg_results_bor_2014_2017.txt::NCT02185768::outcomeMeasures[0]::groups[OG000]	0	1	44	False	NO_CONFLICT_DETECTED	NOT_A_PATIENT_COUNT__NO_CROSS_MEASURE_SUM_EMITTED	DISJOINTNESS_UNVERIFIABLE__NO_participantFlowModule_IN_CACHE
NCT02119676	ctg_results_bor_2014_2017.txt	396	ACTUAL	2	4	4	111	ctg_results_bor_2014_2017.txt::NCT02119676::outcomeMeasures[2]::groups[OG003]	2	4	396	False	NO_CONFLICT_DETECTED	NOT_A_PATIENT_COUNT__NO_CROSS_MEASURE_SUM_EMITTED	DISJOINTNESS_UNVERIFIABLE__NO_participantFlowModule_IN_CACHE
NCT02260440	ctg_results_bor_2014_2017.txt	31	ACTUAL	1	1	1	30	ctg_results_bor_2014_2017.txt::NCT02260440::outcomeMeasures[0]::groups[OG000]	0	1	30	False	NO_CONFLICT_DETECTED	NOT_A_PATIENT_COUNT__NO_CROSS_MEASURE_SUM_EMITTED	DISJOINTNESS_UNVERIFIABLE__NO_participantFlowModule_IN_CACHE
NCT03168438	ctg_results_bor_2014_2017.txt	6	ACTUAL	2	2	2	3	ctg_results_bor_2014_2017.txt::NCT03168438::outcomeMeasures[6]::groups[OG000]	6	2	6	False	NO_CONFLICT_DETECTED	NOT_A_PATIENT_COUNT__NO_CROSS_MEASURE_SUM_EMITTED	DISJOINTNESS_UNVERIFIABLE__NO_participantFlowModule_IN_CACHE
NCT02220855	ctg_results_bor_2014_2017.txt	14	ACTUAL	1	1	1	14	ctg_results_bor_2014_2017.txt::NCT02220855::outcomeMeasures[0]::groups[OG000]	0	1	14	False	NO_CONFLICT_DETECTED	NOT_A_PATIENT_COUNT__NO_CROSS_MEASURE_SUM_EMITTED	DISJOINTNESS_UNVERIFIABLE__NO_participantFlowModule_IN_CACHE
NCT03122548	ctg_results_bor_2014_2017.txt	5	ACTUAL	1	1	2	5	ctg_results_bor_2014_2017.txt::NCT03122548::outcomeMeasures[1]::groups[OG000]	1	1	5	False	NO_CONFLICT_DETECTED	NOT_A_PATIENT_COUNT__NO_CROSS_MEASURE_SUM_EMITTED	DISJOINTNESS_UNVERIFIABLE__NO_participantFlowModule_IN_CACHE
NCT02769962	ctg_results_bor_2014_2017.txt	45	ACTUAL	2	2	2	3	ctg_results_bor_2014_2017.txt::NCT02769962::outcomeMeasures[4]::groups[OG000]	4	1	3	False	NO_CONFLICT_DETECTED	NOT_A_PATIENT_COUNT__NO_CROSS_MEASURE_SUM_EMITTED	DISJOINTNESS_UNVERIFIABLE__NO_participantFlowModule_IN_CACHE
NCT02441946	ctg_results_bor_2014_2017.txt	224	ACTUAL	3	1	1	224	ctg_results_bor_2014_2017.txt::NCT02441946::outcomeMeasures[2]::groups[OG000]	2	1	224	False	NO_CONFLICT_DETECTED	NOT_A_PATIENT_COUNT__NO_CROSS_MEASURE_SUM_EMITTED	DISJOINTNESS_UNVERIFIABLE__NO_participantFlowModule_IN_CACHE
NCT03056755	ctg_results_bor_2014_2017.txt	383	ACTUAL	3	3	6	119	ctg_results_bor_2014_2017.txt::NCT03056755::outcomeMeasures[3]::groups[OG000]	3	3	348	False	NO_CONFLICT_DETECTED	NOT_A_PATIENT_COUNT__NO_CROSS_MEASURE_SUM_EMITTED	DISJOINTNESS_UNVERIFIABLE__NO_participantFlowModule_IN_CACHE
NCT02314247	ctg_results_bor_2014_2017.txt	16	ACTUAL	1	2	14	9	ctg_results_bor_2014_2017.txt::NCT02314247::outcomeMeasures[0]::groups[OG000]	0	2	16	False	NO_CONFLICT_DETECTED	NOT_A_PATIENT_COUNT__NO_CROSS_MEASURE_SUM_EMITTED	DISJOINTNESS_UNVERIFIABLE__NO_participantFlowModule_IN_CACHE
NCT02616185	ctg_results_bor_2014_2017.txt	91	ACTUAL	1	2	4	54	ctg_results_bor_2014_2017.txt::NCT02616185::outcomeMeasures[26]::groups[OG001]	26	2	86	False	NO_CONFLICT_DETECTED	NOT_A_PATIENT_COUNT__NO_CROSS_MEASURE_SUM_EMITTED	DISJOINTNESS_UNVERIFIABLE__NO_participantFlowModule_IN_CACHE
NCT02855944	ctg_results_bor_2014_2017.txt	349	ACTUAL	2	2	8	230	ctg_results_bor_2014_2017.txt::NCT02855944::outcomeMeasures[7]::groups[OG000]	7	2	341	False	NO_CONFLICT_DETECTED	NOT_A_PATIENT_COUNT__NO_CROSS_MEASURE_SUM_EMITTED	DISJOINTNESS_UNVERIFIABLE__NO_participantFlowModule_IN_CACHE
NCT02277093	ctg_results_bor_2014_2017.txt	11	ACTUAL	1	1	1	11	ctg_results_bor_2014_2017.txt::NCT02277093::outcomeMeasures[2]::groups[OG000]	2	1	11	False	NO_CONFLICT_DETECTED	NOT_A_PATIENT_COUNT__NO_CROSS_MEASURE_SUM_EMITTED	DISJOINTNESS_UNVERIFIABLE__NO_participantFlowModule_IN_CACHE
NCT02472977	ctg_results_bor_2014_2017.txt	61	ACTUAL	2	3	3	27	ctg_results_bor_2014_2017.txt::NCT02472977::outcomeMeasures[1]::groups[OG001]	1	2	33	False	NO_CONFLICT_DETECTED	NOT_A_PATIENT_COUNT__NO_CROSS_MEASURE_SUM_EMITTED	DISJOINTNESS_UNVERIFIABLE__NO_participantFlowModule_IN_CACHE
NCT03206918	ctg_results_bor_2014_2017.txt	91	ACTUAL	1	1	2	91	ctg_results_bor_2014_2017.txt::NCT03206918::outcomeMeasures[0]::groups[OG000]	0	1	91	False	NO_CONFLICT_DETECTED	NOT_A_PATIENT_COUNT__NO_CROSS_MEASURE_SUM_EMITTED	DISJOINTNESS_UNVERIFIABLE__NO_participantFlowModule_IN_CACHE
NCT02614794	ctg_results_bor_2014_2017.txt	612	ACTUAL	2	2	6	410	ctg_results_bor_2014_2017.txt::NCT02614794::outcomeMeasures[8]::groups[OG000]	8	2	612	False	NO_CONFLICT_DETECTED	NOT_A_PATIENT_COUNT__NO_CROSS_MEASURE_SUM_EMITTED	DISJOINTNESS_UNVERIFIABLE__NO_participantFlowModule_IN_CACHE
NCT02624986	ctg_results_bor_2014_2017.txt	25	ACTUAL	8	8	32	0			0	0	False	NO_CONFLICT_DETECTED	NOT_A_PATIENT_COUNT__NO_CROSS_MEASURE_SUM_EMITTED	DISJOINTNESS_UNVERIFIABLE__NO_participantFlowModule_IN_CACHE
NCT03225105	ctg_results_bor_2014_2017.txt	15	ACTUAL	4	4	4	5	ctg_results_bor_2014_2017.txt::NCT03225105::outcomeMeasures[6]::groups[OG002]	6	4	15	False	NO_CONFLICT_DETECTED	NOT_A_PATIENT_COUNT__NO_CROSS_MEASURE_SUM_EMITTED	DISJOINTNESS_UNVERIFIABLE__NO_participantFlowModule_IN_CACHE
NCT02202746	ctg_results_bor_2014_2017.txt	178	ACTUAL	3	3	6	173	ctg_results_bor_2014_2017.txt::NCT02202746::outcomeMeasures[1]::groups[OG002]	1	3	346	True	WITHIN_MEASURE_SUM_EXCEEDS_ENROLLMENT__POOLED_LABEL_IN_MEASURE	NOT_A_PATIENT_COUNT__NO_CROSS_MEASURE_SUM_EMITTED	DISJOINTNESS_UNVERIFIABLE__NO_participantFlowModule_IN_CACHE
NCT03057366	ctg_results_bor_2014_2017.txt	8	ACTUAL	1	2	2	5	ctg_results_bor_2014_2017.txt::NCT03057366::outcomeMeasures[14]::groups[OG000]	14	2	7	False	NO_CONFLICT_DETECTED	NOT_A_PATIENT_COUNT__NO_CROSS_MEASURE_SUM_EMITTED	DISJOINTNESS_UNVERIFIABLE__NO_participantFlowModule_IN_CACHE
NCT03330405	ctg_results_bor_2014_2017.txt	223	ACTUAL	13	10	11	42	ctg_results_bor_2014_2017.txt::NCT03330405::outcomeMeasures[1]::groups[OG000]	1	8	170	False	NO_CONFLICT_DETECTED	NOT_A_PATIENT_COUNT__NO_CROSS_MEASURE_SUM_EMITTED	DISJOINTNESS_UNVERIFIABLE__NO_participantFlowModule_IN_CACHE
NCT02713529	ctg_results_bor_2014_2017.txt	117	ACTUAL	1	6	6	41	ctg_results_bor_2014_2017.txt::NCT02713529::outcomeMeasures[4]::groups[OG001]	4	6	116	False	NO_CONFLICT_DETECTED	NOT_A_PATIENT_COUNT__NO_CROSS_MEASURE_SUM_EMITTED	DISJOINTNESS_UNVERIFIABLE__NO_participantFlowModule_IN_CACHE
NCT03203473	ctg_results_bor_2014_2017.txt	85	ACTUAL	3	2	2	0			0	0	False	NO_CONFLICT_DETECTED	NOT_A_PATIENT_COUNT__NO_CROSS_MEASURE_SUM_EMITTED	DISJOINTNESS_UNVERIFIABLE__NO_participantFlowModule_IN_CACHE
NCT03250273	ctg_results_bor_2014_2017.txt	44	ACTUAL	2	2	2	27	ctg_results_bor_2014_2017.txt::NCT03250273::outcomeMeasures[0]::groups[OG001]	0	2	40	False	NO_CONFLICT_DETECTED	NOT_A_PATIENT_COUNT__NO_CROSS_MEASURE_SUM_EMITTED	DISJOINTNESS_UNVERIFIABLE__NO_participantFlowModule_IN_CACHE
NCT02252172	ctg_results_bor_2014_2017.txt	737	ACTUAL	2	2	4	369	ctg_results_bor_2014_2017.txt::NCT02252172::outcomeMeasures[5]::groups[OG000]	5	2	737	False	NO_CONFLICT_DETECTED	NOT_A_PATIENT_COUNT__NO_CROSS_MEASURE_SUM_EMITTED	DISJOINTNESS_UNVERIFIABLE__NO_participantFlowModule_IN_CACHE
NCT02520141	ctg_results_bor_2014_2017.txt	61	ACTUAL	1	1	2	60	ctg_results_bor_2014_2017.txt::NCT02520141::outcomeMeasures[2]::groups[OG000]	2	1	60	False	NO_CONFLICT_DETECTED	NOT_A_PATIENT_COUNT__NO_CROSS_MEASURE_SUM_EMITTED	DISJOINTNESS_UNVERIFIABLE__NO_participantFlowModule_IN_CACHE
NCT02083653	ctg_results_bor_2014_2017.txt	254	ACTUAL	3	3	3	86	ctg_results_bor_2014_2017.txt::NCT02083653::outcomeMeasures[1]::groups[OG001]	1	3	254	False	NO_CONFLICT_DETECTED	NOT_A_PATIENT_COUNT__NO_CROSS_MEASURE_SUM_EMITTED	DISJOINTNESS_UNVERIFIABLE__NO_participantFlowModule_IN_CACHE
NCT03213691	ctg_results_bor_2014_2017.txt	21	ACTUAL	1	1	1	20	ctg_results_bor_2014_2017.txt::NCT03213691::outcomeMeasures[0]::groups[OG000]	0	1	20	False	NO_CONFLICT_DETECTED	NOT_A_PATIENT_COUNT__NO_CROSS_MEASURE_SUM_EMITTED	DISJOINTNESS_UNVERIFIABLE__NO_participantFlowModule_IN_CACHE
NCT02576509	ctg_results_bor_2014_2017.txt	743	ACTUAL	2	2	4	372	ctg_results_bor_2014_2017.txt::NCT02576509::outcomeMeasures[1]::groups[OG001]	1	2	743	False	NO_CONFLICT_DETECTED	NOT_A_PATIENT_COUNT__NO_CROSS_MEASURE_SUM_EMITTED	DISJOINTNESS_UNVERIFIABLE__NO_participantFlowModule_IN_CACHE
NCT02517398	ctg_results_bor_2014_2017.txt	600	ACTUAL	1	23	38	83	ctg_results_bor_2014_2017.txt::NCT02517398::outcomeMeasures[4]::groups[OG003]	12	23	600	False	NO_CONFLICT_DETECTED	NOT_A_PATIENT_COUNT__NO_CROSS_MEASURE_SUM_EMITTED	DISJOINTNESS_UNVERIFIABLE__NO_participantFlowModule_IN_CACHE
NCT02132598	ctg_results_bor_2014_2017.txt	5	ACTUAL	1	1	2	4	ctg_results_bor_2014_2017.txt::NCT02132598::outcomeMeasures[0]::groups[OG000]	0	1	4	False	NO_CONFLICT_DETECTED	NOT_A_PATIENT_COUNT__NO_CROSS_MEASURE_SUM_EMITTED	DISJOINTNESS_UNVERIFIABLE__NO_participantFlowModule_IN_CACHE
NCT01999335	ctg_results_bor_2014_2017.txt	33	ACTUAL	5	5	10	10	ctg_results_bor_2014_2017.txt::NCT01999335::outcomeMeasures[2]::groups[OG003]	2	5	31	False	NO_CONFLICT_DETECTED	NOT_A_PATIENT_COUNT__NO_CROSS_MEASURE_SUM_EMITTED	DISJOINTNESS_UNVERIFIABLE__NO_participantFlowModule_IN_CACHE
NCT02750514	ctg_results_bor_2014_2017.txt	295	ACTUAL	5	5	5	106	ctg_results_bor_2014_2017.txt::NCT02750514::outcomeMeasures[0]::groups[OG001]	0	5	309	False	WITHIN_MEASURE_SUM_EXCEEDS_ENROLLMENT	NOT_A_PATIENT_COUNT__NO_CROSS_MEASURE_SUM_EMITTED	DISJOINTNESS_UNVERIFIABLE__NO_participantFlowModule_IN_CACHE
NCT02106884	ctg_results_bor_2014_2017.txt	146	ACTUAL	2	2	2	73	ctg_results_bor_2014_2017.txt::NCT02106884::outcomeMeasures[2]::groups[OG001]	2	2	145	False	NO_CONFLICT_DETECTED	NOT_A_PATIENT_COUNT__NO_CROSS_MEASURE_SUM_EMITTED	DISJOINTNESS_UNVERIFIABLE__NO_participantFlowModule_IN_CACHE
NCT02955069	ctg_results_bor_2014_2017.txt	116	ACTUAL	1	2	8	95	ctg_results_bor_2014_2017.txt::NCT02955069::outcomeMeasures[0]::groups[OG000]	0	2	116	False	NO_CONFLICT_DETECTED	NOT_A_PATIENT_COUNT__NO_CROSS_MEASURE_SUM_EMITTED	DISJOINTNESS_UNVERIFIABLE__NO_participantFlowModule_IN_CACHE
NCT02517918	ctg_results_bor_2014_2017.txt	23	ACTUAL	1	3	3	14	ctg_results_bor_2014_2017.txt::NCT02517918::outcomeMeasures[5]::groups[OG000]	5	1	14	False	NO_CONFLICT_DETECTED	NOT_A_PATIENT_COUNT__NO_CROSS_MEASURE_SUM_EMITTED	DISJOINTNESS_UNVERIFIABLE__NO_participantFlowModule_IN_CACHE
NCT02859324	ctg_results_bor_2014_2017.txt	21	ACTUAL	1	3	6	9	ctg_results_bor_2014_2017.txt::NCT02859324::outcomeMeasures[2]::groups[OG001]	2	3	21	False	NO_CONFLICT_DETECTED	NOT_A_PATIENT_COUNT__NO_CROSS_MEASURE_SUM_EMITTED	DISJOINTNESS_UNVERIFIABLE__NO_participantFlowModule_IN_CACHE
NCT02915783	ctg_results_bor_2014_2017.txt	41	ACTUAL	1	1	1	31	ctg_results_bor_2014_2017.txt::NCT02915783::outcomeMeasures[0]::groups[OG000]	0	1	31	False	NO_CONFLICT_DETECTED	NOT_A_PATIENT_COUNT__NO_CROSS_MEASURE_SUM_EMITTED	DISJOINTNESS_UNVERIFIABLE__NO_participantFlowModule_IN_CACHE
NCT02669017	ctg_results_bor_2014_2017.txt	183	ACTUAL	2	9	9	68	ctg_results_bor_2014_2017.txt::NCT02669017::outcomeMeasures[4]::groups[OG007]	4	9	180	False	NO_CONFLICT_DETECTED	NOT_A_PATIENT_COUNT__NO_CROSS_MEASURE_SUM_EMITTED	DISJOINTNESS_UNVERIFIABLE__NO_participantFlowModule_IN_CACHE
NCT02675452	ctg_results_bor_2014_2017.txt	141	ACTUAL	8	29	29	13	ctg_results_bor_2014_2017.txt::NCT02675452::outcomeMeasures[1]::groups[OG012]	1	15	91	False	NO_CONFLICT_DETECTED	NOT_A_PATIENT_COUNT__NO_CROSS_MEASURE_SUM_EMITTED	DISJOINTNESS_UNVERIFIABLE__NO_participantFlowModule_IN_CACHE
NCT02326025	ctg_results_bor_2014_2017.txt	49	ACTUAL	2	2	2	25	ctg_results_bor_2014_2017.txt::NCT02326025::outcomeMeasures[7]::groups[OG000]	7	2	49	False	NO_CONFLICT_DETECTED	NOT_A_PATIENT_COUNT__NO_CROSS_MEASURE_SUM_EMITTED	DISJOINTNESS_UNVERIFIABLE__NO_participantFlowModule_IN_CACHE
NCT02564198	ctg_results_bor_2014_2017.txt	29	ACTUAL	1	3	6	15	ctg_results_bor_2014_2017.txt::NCT02564198::outcomeMeasures[3]::groups[OG001]	3	3	29	False	NO_CONFLICT_DETECTED	NOT_A_PATIENT_COUNT__NO_CROSS_MEASURE_SUM_EMITTED	DISJOINTNESS_UNVERIFIABLE__NO_participantFlowModule_IN_CACHE
NCT02301156	ctg_results_bor_2014_2017.txt	126	ACTUAL	2	2	2	64	ctg_results_bor_2014_2017.txt::NCT02301156::outcomeMeasures[0]::groups[OG000]	0	2	126	False	NO_CONFLICT_DETECTED	NOT_A_PATIENT_COUNT__NO_CROSS_MEASURE_SUM_EMITTED	DISJOINTNESS_UNVERIFIABLE__NO_participantFlowModule_IN_CACHE
NCT03158272	ctg_results_bor_2014_2017.txt	19	ACTUAL	2	4	4	6	ctg_results_bor_2014_2017.txt::NCT03158272::outcomeMeasures[19]::groups[OG002]	19	4	19	False	NO_CONFLICT_DETECTED	NOT_A_PATIENT_COUNT__NO_CROSS_MEASURE_SUM_EMITTED	DISJOINTNESS_UNVERIFIABLE__NO_participantFlowModule_IN_CACHE
NCT02994953	ctg_results_bor_2014_2017.txt	52	ACTUAL	6	6	11	16	ctg_results_bor_2014_2017.txt::NCT02994953::outcomeMeasures[5]::groups[OG000]	23	5	36	False	NO_CONFLICT_DETECTED	NOT_A_PATIENT_COUNT__NO_CROSS_MEASURE_SUM_EMITTED	DISJOINTNESS_UNVERIFIABLE__NO_participantFlowModule_IN_CACHE
NCT02598960	ctg_results_bor_2014_2017.txt	295	ACTUAL	5	13	26	188	ctg_results_bor_2014_2017.txt::NCT02598960::outcomeMeasures[3]::groups[OG011]	3	13	292	False	NO_CONFLICT_DETECTED	NOT_A_PATIENT_COUNT__NO_CROSS_MEASURE_SUM_EMITTED	DISJOINTNESS_UNVERIFIABLE__NO_participantFlowModule_IN_CACHE
NCT02265510	ctg_results_bor_2014_2017.txt	83	ACTUAL	3	4	4	8	ctg_results_bor_2014_2017.txt::NCT02265510::outcomeMeasures[1]::groups[OG002]	1	4	19	False	NO_CONFLICT_DETECTED	NOT_A_PATIENT_COUNT__NO_CROSS_MEASURE_SUM_EMITTED	DISJOINTNESS_UNVERIFIABLE__NO_participantFlowModule_IN_CACHE
NCT02842580	ctg_results_bor_2014_2017.txt	21	ACTUAL	2	2	2	11	ctg_results_bor_2014_2017.txt::NCT02842580::outcomeMeasures[1]::groups[OG000]	1	2	21	False	NO_CONFLICT_DETECTED	NOT_A_PATIENT_COUNT__NO_CROSS_MEASURE_SUM_EMITTED	DISJOINTNESS_UNVERIFIABLE__NO_participantFlowModule_IN_CACHE
NCT02658890	ctg_results_bor_2014_2017.txt	627	ACTUAL	3	27	54	80	ctg_results_bor_2014_2017.txt::NCT02658890::outcomeMeasures[3]::groups[OG013]	3	18	535	False	NO_CONFLICT_DETECTED	NOT_A_PATIENT_COUNT__NO_CROSS_MEASURE_SUM_EMITTED	DISJOINTNESS_UNVERIFIABLE__NO_participantFlowModule_IN_CACHE
NCT02477826	ctg_results_bor_2014_2017.txt	2747	ACTUAL	4	10	10	397	ctg_results_bor_2014_2017.txt::NCT02477826::outcomeMeasures[2]::groups[OG002]	2	10	2747	False	NO_CONFLICT_DETECTED	NOT_A_PATIENT_COUNT__NO_CROSS_MEASURE_SUM_EMITTED	DISJOINTNESS_UNVERIFIABLE__NO_participantFlowModule_IN_CACHE
NCT02718300	ctg_results_bor_2014_2017.txt	74	ACTUAL	4	3	3	32	ctg_results_bor_2014_2017.txt::NCT02718300::outcomeMeasures[15]::groups[OG002]	15	3	74	False	NO_CONFLICT_DETECTED	NOT_A_PATIENT_COUNT__NO_CROSS_MEASURE_SUM_EMITTED	DISJOINTNESS_UNVERIFIABLE__NO_participantFlowModule_IN_CACHE
NCT02399085	ctg_results_bor_2014_2017.txt	81	ACTUAL	1	2	2	80	ctg_results_bor_2014_2017.txt::NCT02399085::outcomeMeasures[0]::groups[OG000]	0	1	80	False	NO_CONFLICT_DETECTED	NOT_A_PATIENT_COUNT__NO_CROSS_MEASURE_SUM_EMITTED	DISJOINTNESS_UNVERIFIABLE__NO_participantFlowModule_IN_CACHE
NCT04439123	ctg_results_bor_2014_2017.txt	35	ACTUAL	1	1	1	35	ctg_results_bor_2014_2017.txt::NCT04439123::outcomeMeasures[0]::groups[OG000]	0	1	35	False	NO_CONFLICT_DETECTED	NOT_A_PATIENT_COUNT__NO_CROSS_MEASURE_SUM_EMITTED	DISJOINTNESS_UNVERIFIABLE__NO_participantFlowModule_IN_CACHE
NCT02661815	ctg_results_bor_2014_2017.txt	6	ACTUAL	4	4	4	4	ctg_results_bor_2014_2017.txt::NCT02661815::outcomeMeasures[1]::groups[OG003]	1	1	4	False	NO_CONFLICT_DETECTED	NOT_A_PATIENT_COUNT__NO_CROSS_MEASURE_SUM_EMITTED	DISJOINTNESS_UNVERIFIABLE__NO_participantFlowModule_IN_CACHE
NCT02387996	ctg_results_bor_2014_2017.txt	270	ACTUAL	1	1	4	270	ctg_results_bor_2014_2017.txt::NCT02387996::outcomeMeasures[4]::groups[OG000]	4	1	270	False	NO_CONFLICT_DETECTED	NOT_A_PATIENT_COUNT__NO_CROSS_MEASURE_SUM_EMITTED	DISJOINTNESS_UNVERIFIABLE__NO_participantFlowModule_IN_CACHE
NCT02432846	ctg_results_bor_2014_2017.txt	88	ACTUAL	2	6	30	45	ctg_results_bor_2014_2017.txt::NCT02432846::outcomeMeasures[5]::groups[OG004]	5	6	140	False	WITHIN_MEASURE_SUM_EXCEEDS_ENROLLMENT	NOT_A_PATIENT_COUNT__NO_CROSS_MEASURE_SUM_EMITTED	DISJOINTNESS_UNVERIFIABLE__NO_participantFlowModule_IN_CACHE
NCT02336451	ctg_results_bor_2014_2017.txt	156	ACTUAL	5	5	65	44	ctg_results_bor_2014_2017.txt::NCT02336451::outcomeMeasures[0]::groups[OG003]	0	5	156	False	NO_CONFLICT_DETECTED	NOT_A_PATIENT_COUNT__NO_CROSS_MEASURE_SUM_EMITTED	DISJOINTNESS_UNVERIFIABLE__NO_participantFlowModule_IN_CACHE
NCT02123823	ctg_results_bor_2014_2017.txt	164	ACTUAL	4	2	6	70	ctg_results_bor_2014_2017.txt::NCT02123823::outcomeMeasures[3]::groups[OG000]	3	2	140	False	NO_CONFLICT_DETECTED	NOT_A_PATIENT_COUNT__NO_CROSS_MEASURE_SUM_EMITTED	DISJOINTNESS_UNVERIFIABLE__NO_participantFlowModule_IN_CACHE
NCT02927769	ctg_results_bor_2014_2017.txt	72	ACTUAL	2	2	4	44	ctg_results_bor_2014_2017.txt::NCT02927769::outcomeMeasures[3]::groups[OG001]	3	2	72	False	NO_CONFLICT_DETECTED	NOT_A_PATIENT_COUNT__NO_CROSS_MEASURE_SUM_EMITTED	DISJOINTNESS_UNVERIFIABLE__NO_participantFlowModule_IN_CACHE
NCT03379259	ctg_results_bor_2014_2017.txt	39	ACTUAL	4	6	12	12	ctg_results_bor_2014_2017.txt::NCT03379259::outcomeMeasures[5]::groups[OG000]	8	6	39	False	NO_CONFLICT_DETECTED	NOT_A_PATIENT_COUNT__NO_CROSS_MEASURE_SUM_EMITTED	DISJOINTNESS_UNVERIFIABLE__NO_participantFlowModule_IN_CACHE
NCT02201329	ctg_results_bor_2014_2017.txt	5	ACTUAL	1	1	1	5	ctg_results_bor_2014_2017.txt::NCT02201329::outcomeMeasures[2]::groups[OG000]	2	1	5	False	NO_CONFLICT_DETECTED	NOT_A_PATIENT_COUNT__NO_CROSS_MEASURE_SUM_EMITTED	DISJOINTNESS_UNVERIFIABLE__NO_participantFlowModule_IN_CACHE
NCT02536794	ctg_results_bor_2014_2017.txt	30	ACTUAL	1	1	4	27	ctg_results_bor_2014_2017.txt::NCT02536794::outcomeMeasures[0]::groups[OG000]	0	1	27	False	NO_CONFLICT_DETECTED	NOT_A_PATIENT_COUNT__NO_CROSS_MEASURE_SUM_EMITTED	DISJOINTNESS_UNVERIFIABLE__NO_participantFlowModule_IN_CACHE
NCT02094261	ctg_results_bor_2014_2017.txt	210	ACTUAL	1	1	2	199	ctg_results_bor_2014_2017.txt::NCT02094261::outcomeMeasures[0]::groups[OG000]	0	1	199	False	NO_CONFLICT_DETECTED	NOT_A_PATIENT_COUNT__NO_CROSS_MEASURE_SUM_EMITTED	DISJOINTNESS_UNVERIFIABLE__NO_participantFlowModule_IN_CACHE
NCT02087241	ctg_results_bor_2014_2017.txt	22	ACTUAL	2	4	8	7	ctg_results_bor_2014_2017.txt::NCT02087241::outcomeMeasures[1]::groups[OG003]	1	4	14	False	NO_CONFLICT_DETECTED	NOT_A_PATIENT_COUNT__NO_CROSS_MEASURE_SUM_EMITTED	DISJOINTNESS_UNVERIFIABLE__NO_participantFlowModule_IN_CACHE
NCT02718417	ctg_results_bor_2014_2017.txt	998	ACTUAL	3	3	6	335	ctg_results_bor_2014_2017.txt::NCT02718417::outcomeMeasures[3]::groups[OG002]	3	3	998	False	NO_CONFLICT_DETECTED	NOT_A_PATIENT_COUNT__NO_CROSS_MEASURE_SUM_EMITTED	DISJOINTNESS_UNVERIFIABLE__NO_participantFlowModule_IN_CACHE
NCT03200717	ctg_results_bor_2014_2017.txt	62	ACTUAL	2	3	6	62	ctg_results_bor_2014_2017.txt::NCT03200717::outcomeMeasures[1]::groups[OG002]	1	3	124	True	WITHIN_MEASURE_SUM_EXCEEDS_ENROLLMENT__POOLED_LABEL_IN_MEASURE	NOT_A_PATIENT_COUNT__NO_CROSS_MEASURE_SUM_EMITTED	DISJOINTNESS_UNVERIFIABLE__NO_participantFlowModule_IN_CACHE
NCT02457910	ctg_results_bor_2014_2017.txt	30	ACTUAL	7	2	2	14	ctg_results_bor_2014_2017.txt::NCT02457910::outcomeMeasures[0]::groups[OG000]	0	2	19	False	NO_CONFLICT_DETECTED	NOT_A_PATIENT_COUNT__NO_CROSS_MEASURE_SUM_EMITTED	DISJOINTNESS_UNVERIFIABLE__NO_participantFlowModule_IN_CACHE
NCT03099486	ctg_results_bor_2014_2017.txt	2	ACTUAL	1	1	1	2	ctg_results_bor_2014_2017.txt::NCT03099486::outcomeMeasures[2]::groups[OG000]	2	1	2	False	NO_CONFLICT_DETECTED	NOT_A_PATIENT_COUNT__NO_CROSS_MEASURE_SUM_EMITTED	DISJOINTNESS_UNVERIFIABLE__NO_participantFlowModule_IN_CACHE
NCT02165397	ctg_results_bor_2014_2017.txt	181	ACTUAL	3	3	3	75	ctg_results_bor_2014_2017.txt::NCT02165397::outcomeMeasures[1]::groups[OG000]	1	3	181	False	NO_CONFLICT_DETECTED	NOT_A_PATIENT_COUNT__NO_CROSS_MEASURE_SUM_EMITTED	DISJOINTNESS_UNVERIFIABLE__NO_participantFlowModule_IN_CACHE
NCT03412773	ctg_results_bor_2014_2017.txt	684	ACTUAL	3	3	13	342	ctg_results_bor_2014_2017.txt::NCT03412773::outcomeMeasures[3]::groups[OG000]	4	3	684	False	NO_CONFLICT_DETECTED	NOT_A_PATIENT_COUNT__NO_CROSS_MEASURE_SUM_EMITTED	DISJOINTNESS_UNVERIFIABLE__NO_participantFlowModule_IN_CACHE
NCT02082210	ctg_results_bor_2014_2017.txt	97	ACTUAL	2	4	8	45	ctg_results_bor_2014_2017.txt::NCT02082210::outcomeMeasures[1]::groups[OG001]	1	4	91	False	NO_CONFLICT_DETECTED	NOT_A_PATIENT_COUNT__NO_CROSS_MEASURE_SUM_EMITTED	DISJOINTNESS_UNVERIFIABLE__NO_participantFlowModule_IN_CACHE
NCT02763254	ctg_results_bor_2014_2017.txt	1	ACTUAL	1	1	1	0			0	0	False	NO_CONFLICT_DETECTED	NOT_A_PATIENT_COUNT__NO_CROSS_MEASURE_SUM_EMITTED	DISJOINTNESS_UNVERIFIABLE__NO_participantFlowModule_IN_CACHE
NCT02146833	ctg_results_bor_2014_2017.txt	20	ACTUAL	3	1	2	20	ctg_results_bor_2014_2017.txt::NCT02146833::outcomeMeasures[2]::groups[OG000]	2	1	20	False	NO_CONFLICT_DETECTED	NOT_A_PATIENT_COUNT__NO_CROSS_MEASURE_SUM_EMITTED	DISJOINTNESS_UNVERIFIABLE__NO_participantFlowModule_IN_CACHE
NCT03480646	ctg_results_bor_2014_2017.txt	175	ACTUAL	8	12	13	38	ctg_results_bor_2014_2017.txt::NCT03480646::outcomeMeasures[0]::groups[OG006]	0	9	170	False	NO_CONFLICT_DETECTED	NOT_A_PATIENT_COUNT__NO_CROSS_MEASURE_SUM_EMITTED	DISJOINTNESS_UNVERIFIABLE__NO_participantFlowModule_IN_CACHE
NCT02546986	ctg_results_bor_2014_2017.txt	100	ACTUAL	2	2	2	51	ctg_results_bor_2014_2017.txt::NCT02546986::outcomeMeasures[3]::groups[OG000]	3	2	100	False	NO_CONFLICT_DETECTED	NOT_A_PATIENT_COUNT__NO_CROSS_MEASURE_SUM_EMITTED	DISJOINTNESS_UNVERIFIABLE__NO_participantFlowModule_IN_CACHE
NCT02718911	ctg_results_bor_2014_2017.txt	72	ACTUAL	3	10	20	20	ctg_results_bor_2014_2017.txt::NCT02718911::outcomeMeasures[1]::groups[OG009]	1	10	72	False	NO_CONFLICT_DETECTED	NOT_A_PATIENT_COUNT__NO_CROSS_MEASURE_SUM_EMITTED	DISJOINTNESS_UNVERIFIABLE__NO_participantFlowModule_IN_CACHE
NCT02613221	ctg_results_bor_2014_2017.txt	56	ACTUAL	1	1	2	54	ctg_results_bor_2014_2017.txt::NCT02613221::outcomeMeasures[4]::groups[OG000]	4	1	54	False	NO_CONFLICT_DETECTED	NOT_A_PATIENT_COUNT__NO_CROSS_MEASURE_SUM_EMITTED	DISJOINTNESS_UNVERIFIABLE__NO_participantFlowModule_IN_CACHE
NCT03336216	ctg_results_bor_2014_2017.txt	205	ACTUAL	4	4	8	49	ctg_results_bor_2014_2017.txt::NCT03336216::outcomeMeasures[4]::groups[OG001]	4	4	179	False	NO_CONFLICT_DETECTED	NOT_A_PATIENT_COUNT__NO_CROSS_MEASURE_SUM_EMITTED	DISJOINTNESS_UNVERIFIABLE__NO_participantFlowModule_IN_CACHE
NCT03014648	ctg_results_bor_2014_2017.txt	28	ACTUAL	1	3	3	16	ctg_results_bor_2014_2017.txt::NCT03014648::outcomeMeasures[0]::groups[OG002]	0	3	26	False	NO_CONFLICT_DETECTED	NOT_A_PATIENT_COUNT__NO_CROSS_MEASURE_SUM_EMITTED	DISJOINTNESS_UNVERIFIABLE__NO_participantFlowModule_IN_CACHE
NCT02475213	ctg_results_bor_2014_2017.txt	146	ACTUAL	8	10	40	19	ctg_results_bor_2014_2017.txt::NCT02475213::outcomeMeasures[9]::groups[OG006]	9	10	125	False	NO_CONFLICT_DETECTED	NOT_A_PATIENT_COUNT__NO_CROSS_MEASURE_SUM_EMITTED	DISJOINTNESS_UNVERIFIABLE__NO_participantFlowModule_IN_CACHE
NCT03284424	ctg_results_bor_2014_2017.txt	159	ACTUAL	2	2	4	105	ctg_results_bor_2014_2017.txt::NCT03284424::outcomeMeasures[0]::groups[OG000]	0	2	159	False	NO_CONFLICT_DETECTED	NOT_A_PATIENT_COUNT__NO_CROSS_MEASURE_SUM_EMITTED	DISJOINTNESS_UNVERIFIABLE__NO_participantFlowModule_IN_CACHE
NCT02291289	ctg_results_bor_2014_2017.txt	1044	ACTUAL	13	8	16	297	ctg_results_bor_2014_2017.txt::NCT02291289::outcomeMeasures[3]::groups[OG002]	3	8	609	False	NO_CONFLICT_DETECTED	NOT_A_PATIENT_COUNT__NO_CROSS_MEASURE_SUM_EMITTED	DISJOINTNESS_UNVERIFIABLE__NO_participantFlowModule_IN_CACHE
NCT02588261	ctg_results_bor_2014_2017.txt	530	ACTUAL	2	2	2	267	ctg_results_bor_2014_2017.txt::NCT02588261::outcomeMeasures[2]::groups[OG000]	2	2	530	False	NO_CONFLICT_DETECTED	NOT_A_PATIENT_COUNT__NO_CROSS_MEASURE_SUM_EMITTED	DISJOINTNESS_UNVERIFIABLE__NO_participantFlowModule_IN_CACHE
NCT03248492	ctg_results_bor_2014_2017.txt	253	ACTUAL	4	5	10	184	ctg_results_bor_2014_2017.txt::NCT03248492::outcomeMeasures[0]::groups[OG001]	1	4	433	False	WITHIN_MEASURE_SUM_EXCEEDS_ENROLLMENT	NOT_A_PATIENT_COUNT__NO_CROSS_MEASURE_SUM_EMITTED	DISJOINTNESS_UNVERIFIABLE__NO_participantFlowModule_IN_CACHE
NCT02155647	ctg_results_bor_2014_2017.txt	204	ACTUAL	2	2	3	116	ctg_results_bor_2014_2017.txt::NCT02155647::outcomeMeasures[1]::groups[OG000]	1	1	116	False	NO_CONFLICT_DETECTED	NOT_A_PATIENT_COUNT__NO_CROSS_MEASURE_SUM_EMITTED	DISJOINTNESS_UNVERIFIABLE__NO_participantFlowModule_IN_CACHE
NCT03261947	ctg_results_bor_2014_2017.txt	101	ACTUAL	5	5	9	31	ctg_results_bor_2014_2017.txt::NCT03261947::outcomeMeasures[2]::groups[OG001]	11	5	92	False	NO_CONFLICT_DETECTED	NOT_A_PATIENT_COUNT__NO_CROSS_MEASURE_SUM_EMITTED	DISJOINTNESS_UNVERIFIABLE__NO_participantFlowModule_IN_CACHE
NCT03182244	ctg_results_bor_2014_2017.txt	276	ACTUAL	2	2	2	139	ctg_results_bor_2014_2017.txt::NCT03182244::outcomeMeasures[8]::groups[OG001]	8	2	276	False	NO_CONFLICT_DETECTED	NOT_A_PATIENT_COUNT__NO_CROSS_MEASURE_SUM_EMITTED	DISJOINTNESS_UNVERIFIABLE__NO_participantFlowModule_IN_CACHE
NCT02320058	ctg_results_bor_2014_2017.txt	119	ACTUAL	1	2	12	101	ctg_results_bor_2014_2017.txt::NCT02320058::outcomeMeasures[0]::groups[OG000]	0	2	119	False	NO_CONFLICT_DETECTED	NOT_A_PATIENT_COUNT__NO_CROSS_MEASURE_SUM_EMITTED	DISJOINTNESS_UNVERIFIABLE__NO_participantFlowModule_IN_CACHE
NCT02952248	ctg_results_bor_2014_2017.txt	110	ACTUAL	7	7	7	31	ctg_results_bor_2014_2017.txt::NCT02952248::outcomeMeasures[2]::groups[OG002]	2	4	96	False	NO_CONFLICT_DETECTED	NOT_A_PATIENT_COUNT__NO_CROSS_MEASURE_SUM_EMITTED	DISJOINTNESS_UNVERIFIABLE__NO_participantFlowModule_IN_CACHE
NCT02411591	ctg_results_bor_2014_2017.txt	66	ACTUAL	1	4	8	66	ctg_results_bor_2014_2017.txt::NCT02411591::outcomeMeasures[2]::groups[OG003]	2	4	132	True	WITHIN_MEASURE_SUM_EXCEEDS_ENROLLMENT__POOLED_LABEL_IN_MEASURE	NOT_A_PATIENT_COUNT__NO_CROSS_MEASURE_SUM_EMITTED	DISJOINTNESS_UNVERIFIABLE__NO_participantFlowModule_IN_CACHE
NCT02032810	ctg_results_bor_2014_2017.txt	17	ACTUAL	1	2	2	11	ctg_results_bor_2014_2017.txt::NCT02032810::outcomeMeasures[1]::groups[OG001]	1	2	17	False	NO_CONFLICT_DETECTED	NOT_A_PATIENT_COUNT__NO_CROSS_MEASURE_SUM_EMITTED	DISJOINTNESS_UNVERIFIABLE__NO_participantFlowModule_IN_CACHE
NCT03233204	ctg_results_bor_2014_2017.txt	6	ACTUAL	1	1	1	6	ctg_results_bor_2014_2017.txt::NCT03233204::outcomeMeasures[0]::groups[OG000]	0	1	6	False	NO_CONFLICT_DETECTED	NOT_A_PATIENT_COUNT__NO_CROSS_MEASURE_SUM_EMITTED	DISJOINTNESS_UNVERIFIABLE__NO_participantFlowModule_IN_CACHE
NCT02516813	ctg_results_bor_2014_2017.txt	52	ACTUAL	12	9	18	8	ctg_results_bor_2014_2017.txt::NCT02516813::outcomeMeasures[7]::groups[OG007]	7	9	45	False	NO_CONFLICT_DETECTED	NOT_A_PATIENT_COUNT__NO_CROSS_MEASURE_SUM_EMITTED	DISJOINTNESS_UNVERIFIABLE__NO_participantFlowModule_IN_CACHE
NCT02442349	ctg_results_bor_2014_2017.txt	171	ACTUAL	1	1	1	166	ctg_results_bor_2014_2017.txt::NCT02442349::outcomeMeasures[0]::groups[OG000]	0	1	166	False	NO_CONFLICT_DETECTED	NOT_A_PATIENT_COUNT__NO_CROSS_MEASURE_SUM_EMITTED	DISJOINTNESS_UNVERIFIABLE__NO_participantFlowModule_IN_CACHE
NCT02988817	ctg_results_bor_2014_2017.txt	306	ACTUAL	1	20	20	55	ctg_results_bor_2014_2017.txt::NCT02988817::outcomeMeasures[18]::groups[OG017]	18	20	306	False	NO_CONFLICT_DETECTED	NOT_A_PATIENT_COUNT__NO_CROSS_MEASURE_SUM_EMITTED	DISJOINTNESS_UNVERIFIABLE__NO_participantFlowModule_IN_CACHE
NCT02763566	ctg_results_bor_2014_2017.txt	463	ACTUAL	4	4	12	207	ctg_results_bor_2014_2017.txt::NCT02763566::outcomeMeasures[3]::groups[OG000]	3	4	463	False	NO_CONFLICT_DETECTED	NOT_A_PATIENT_COUNT__NO_CROSS_MEASURE_SUM_EMITTED	DISJOINTNESS_UNVERIFIABLE__NO_participantFlowModule_IN_CACHE
NCT02336165	ctg_results_bor_2014_2017.txt	159	ACTUAL	5	5	5	40	ctg_results_bor_2014_2017.txt::NCT02336165::outcomeMeasures[6]::groups[OG000]	6	5	159	False	NO_CONFLICT_DETECTED	NOT_A_PATIENT_COUNT__NO_CROSS_MEASURE_SUM_EMITTED	DISJOINTNESS_UNVERIFIABLE__NO_participantFlowModule_IN_CACHE
NCT03115801	ctg_results_bor_2014_2017.txt	6	ACTUAL	2	2	4	4	ctg_results_bor_2014_2017.txt::NCT03115801::outcomeMeasures[0]::groups[OG000]	0	2	6	False	NO_CONFLICT_DETECTED	NOT_A_PATIENT_COUNT__NO_CROSS_MEASURE_SUM_EMITTED	DISJOINTNESS_UNVERIFIABLE__NO_participantFlowModule_IN_CACHE
NCT02754882	ctg_results_bor_2014_2017.txt	763	ACTUAL	2	2	4	383	ctg_results_bor_2014_2017.txt::NCT02754882::outcomeMeasures[0]::groups[OG000]	0	2	762	False	NO_CONFLICT_DETECTED	NOT_A_PATIENT_COUNT__NO_CROSS_MEASURE_SUM_EMITTED	DISJOINTNESS_UNVERIFIABLE__NO_participantFlowModule_IN_CACHE
NCT02725268	ctg_results_bor_2014_2017.txt	241	ACTUAL	4	4	12	87	ctg_results_bor_2014_2017.txt::NCT02725268::outcomeMeasures[4]::groups[OG000]	4	4	234	False	NO_CONFLICT_DETECTED	NOT_A_PATIENT_COUNT__NO_CROSS_MEASURE_SUM_EMITTED	DISJOINTNESS_UNVERIFIABLE__NO_participantFlowModule_IN_CACHE
NCT03338790	ctg_results_bor_2014_2017.txt	292	ACTUAL	3	4	16	85	ctg_results_bor_2014_2017.txt::NCT03338790::outcomeMeasures[13]::groups[OG000]	13	4	276	False	NO_CONFLICT_DETECTED	NOT_A_PATIENT_COUNT__NO_CROSS_MEASURE_SUM_EMITTED	DISJOINTNESS_UNVERIFIABLE__NO_participantFlowModule_IN_CACHE
NCT03150862	ctg_results_bor_2014_2017.txt	116	ACTUAL	5	9	21	32	ctg_results_bor_2014_2017.txt::NCT03150862::outcomeMeasures[3]::groups[OG000]	11	8	97	False	NO_CONFLICT_DETECTED	NOT_A_PATIENT_COUNT__NO_CROSS_MEASURE_SUM_EMITTED	DISJOINTNESS_UNVERIFIABLE__NO_participantFlowModule_IN_CACHE
NCT02743221	ctg_results_bor_2014_2017.txt	154	ACTUAL	2	2	4	77	ctg_results_bor_2014_2017.txt::NCT02743221::outcomeMeasures[1]::groups[OG000]	1	2	153	False	NO_CONFLICT_DETECTED	NOT_A_PATIENT_COUNT__NO_CROSS_MEASURE_SUM_EMITTED	DISJOINTNESS_UNVERIFIABLE__NO_participantFlowModule_IN_CACHE
NCT02603432	ctg_results_bor_2014_2017.txt	700	ACTUAL	2	2	4	350	ctg_results_bor_2014_2017.txt::NCT02603432::outcomeMeasures[3]::groups[OG000]	3	2	700	False	NO_CONFLICT_DETECTED	NOT_A_PATIENT_COUNT__NO_CROSS_MEASURE_SUM_EMITTED	DISJOINTNESS_UNVERIFIABLE__NO_participantFlowModule_IN_CACHE
NCT02596971	ctg_results_bor_2014_2017.txt	91	ACTUAL	3	2	8	40	ctg_results_bor_2014_2017.txt::NCT02596971::outcomeMeasures[5]::groups[OG000]	5	2	80	False	NO_CONFLICT_DETECTED	NOT_A_PATIENT_COUNT__NO_CROSS_MEASURE_SUM_EMITTED	DISJOINTNESS_UNVERIFIABLE__NO_participantFlowModule_IN_CACHE
NCT03180736	ctg_results_bor_2014_2017.txt	304	ACTUAL	2	2	2	153	ctg_results_bor_2014_2017.txt::NCT03180736::outcomeMeasures[1]::groups[OG001]	1	2	304	False	NO_CONFLICT_DETECTED	NOT_A_PATIENT_COUNT__NO_CROSS_MEASURE_SUM_EMITTED	DISJOINTNESS_UNVERIFIABLE__NO_participantFlowModule_IN_CACHE
NCT02593786	ctg_results_bor_2014_2017.txt	58	ACTUAL	2	4	16	20	ctg_results_bor_2014_2017.txt::NCT02593786::outcomeMeasures[3]::groups[OG001]	3	4	58	False	NO_CONFLICT_DETECTED	NOT_A_PATIENT_COUNT__NO_CROSS_MEASURE_SUM_EMITTED	DISJOINTNESS_UNVERIFIABLE__NO_participantFlowModule_IN_CACHE
NCT02509039	ctg_results_bor_2014_2017.txt	15	ACTUAL	1	4	4	5	ctg_results_bor_2014_2017.txt::NCT02509039::outcomeMeasures[11]::groups[OG003]	11	4	13	False	NO_CONFLICT_DETECTED	NOT_A_PATIENT_COUNT__NO_CROSS_MEASURE_SUM_EMITTED	DISJOINTNESS_UNVERIFIABLE__NO_participantFlowModule_IN_CACHE
NCT02795429	ctg_results_bor_2014_2017.txt	89	ACTUAL	5	5	20	32	ctg_results_bor_2014_2017.txt::NCT02795429::outcomeMeasures[5]::groups[OG000]	6	5	89	False	NO_CONFLICT_DETECTED	NOT_A_PATIENT_COUNT__NO_CROSS_MEASURE_SUM_EMITTED	DISJOINTNESS_UNVERIFIABLE__NO_participantFlowModule_IN_CACHE
NCT02151149	ctg_results_bor_2014_2017.txt	143	ACTUAL	2	2	2	72	ctg_results_bor_2014_2017.txt::NCT02151149::outcomeMeasures[9]::groups[OG001]	9	2	143	False	NO_CONFLICT_DETECTED	NOT_A_PATIENT_COUNT__NO_CROSS_MEASURE_SUM_EMITTED	DISJOINTNESS_UNVERIFIABLE__NO_participantFlowModule_IN_CACHE
NCT02091960	ctg_results_bor_2014_2017.txt	103	ACTUAL	1	1	3	89	ctg_results_bor_2014_2017.txt::NCT02091960::outcomeMeasures[0]::groups[OG000]	0	1	89	False	NO_CONFLICT_DETECTED	NOT_A_PATIENT_COUNT__NO_CROSS_MEASURE_SUM_EMITTED	DISJOINTNESS_UNVERIFIABLE__NO_participantFlowModule_IN_CACHE
NCT03251378	ctg_results_bor_2014_2017.txt	129	ACTUAL	7	7	14	41	ctg_results_bor_2014_2017.txt::NCT03251378::outcomeMeasures[11]::groups[OG003]	11	7	122	False	NO_CONFLICT_DETECTED	NOT_A_PATIENT_COUNT__NO_CROSS_MEASURE_SUM_EMITTED	DISJOINTNESS_UNVERIFIABLE__NO_participantFlowModule_IN_CACHE
NCT02639182	ctg_results_bor_2014_2017.txt	133	ACTUAL	2	2	4	67	ctg_results_bor_2014_2017.txt::NCT02639182::outcomeMeasures[2]::groups[OG000]	2	2	133	False	NO_CONFLICT_DETECTED	NOT_A_PATIENT_COUNT__NO_CROSS_MEASURE_SUM_EMITTED	DISJOINTNESS_UNVERIFIABLE__NO_participantFlowModule_IN_CACHE
NCT02276027	ctg_results_bor_2014_2017.txt	66	ACTUAL	4	4	12	26	ctg_results_bor_2014_2017.txt::NCT02276027::outcomeMeasures[0]::groups[OG002]	0	4	66	False	NO_CONFLICT_DETECTED	NOT_A_PATIENT_COUNT__NO_CROSS_MEASURE_SUM_EMITTED	DISJOINTNESS_UNVERIFIABLE__NO_participantFlowModule_IN_CACHE
NCT02975934	ctg_results_bor_2014_2017.txt	405	ACTUAL	2	2	8	269	ctg_results_bor_2014_2017.txt::NCT02975934::outcomeMeasures[11]::groups[OG000]	11	2	399	False	NO_CONFLICT_DETECTED	NOT_A_PATIENT_COUNT__NO_CROSS_MEASURE_SUM_EMITTED	DISJOINTNESS_UNVERIFIABLE__NO_participantFlowModule_IN_CACHE
NCT02644967	ctg_results_bor_2014_2017.txt	53	ACTUAL	1	1	1	53	ctg_results_bor_2014_2017.txt::NCT02644967::outcomeMeasures[0]::groups[OG000]	0	1	53	False	NO_CONFLICT_DETECTED	NOT_A_PATIENT_COUNT__NO_CROSS_MEASURE_SUM_EMITTED	DISJOINTNESS_UNVERIFIABLE__NO_participantFlowModule_IN_CACHE
NCT02773030	ctg_results_bor_2014_2017.txt	466	ACTUAL	11	37	111	107	ctg_results_bor_2014_2017.txt::NCT02773030::outcomeMeasures[1]::groups[OG016]	5	37	466	False	NO_CONFLICT_DETECTED	NOT_A_PATIENT_COUNT__NO_CROSS_MEASURE_SUM_EMITTED	DISJOINTNESS_UNVERIFIABLE__NO_participantFlowModule_IN_CACHE
NCT02038946	ctg_results_bor_2014_2017.txt	116	ACTUAL	1	1	2	92	ctg_results_bor_2014_2017.txt::NCT02038946::outcomeMeasures[0]::groups[OG000]	0	1	92	False	NO_CONFLICT_DETECTED	NOT_A_PATIENT_COUNT__NO_CROSS_MEASURE_SUM_EMITTED	DISJOINTNESS_UNVERIFIABLE__NO_participantFlowModule_IN_CACHE
NCT02048722	ctg_results_bor_2014_2017.txt	31	ACTUAL	1	1	1	23	ctg_results_bor_2014_2017.txt::NCT02048722::outcomeMeasures[4]::groups[OG000]	4	1	23	False	NO_CONFLICT_DETECTED	NOT_A_PATIENT_COUNT__NO_CROSS_MEASURE_SUM_EMITTED	DISJOINTNESS_UNVERIFIABLE__NO_participantFlowModule_IN_CACHE
NCT02604342	ctg_results_bor_2014_2017.txt	119	ACTUAL	2	2	6	79	ctg_results_bor_2014_2017.txt::NCT02604342::outcomeMeasures[3]::groups[OG000]	3	2	119	False	NO_CONFLICT_DETECTED	NOT_A_PATIENT_COUNT__NO_CROSS_MEASURE_SUM_EMITTED	DISJOINTNESS_UNVERIFIABLE__NO_participantFlowModule_IN_CACHE
NCT02502266	ctg_results_bor_2014_2017.txt	582	ACTUAL	7	7	10	96	ctg_results_bor_2014_2017.txt::NCT02502266::outcomeMeasures[4]::groups[OG002]	4	6	299	False	NO_CONFLICT_DETECTED	NOT_A_PATIENT_COUNT__NO_CROSS_MEASURE_SUM_EMITTED	DISJOINTNESS_UNVERIFIABLE__NO_participantFlowModule_IN_CACHE
NCT04439175	ctg_results_bor_2014_2017.txt	70	ACTUAL	1	1	1	61	ctg_results_bor_2014_2017.txt::NCT04439175::outcomeMeasures[0]::groups[OG000]	0	1	61	False	NO_CONFLICT_DETECTED	NOT_A_PATIENT_COUNT__NO_CROSS_MEASURE_SUM_EMITTED	DISJOINTNESS_UNVERIFIABLE__NO_participantFlowModule_IN_CACHE
NCT02504892	ctg_results_bor_2014_2017.txt	3	ACTUAL	2	1	1	3	ctg_results_bor_2014_2017.txt::NCT02504892::outcomeMeasures[0]::groups[OG000]	0	1	3	False	NO_CONFLICT_DETECTED	NOT_A_PATIENT_COUNT__NO_CROSS_MEASURE_SUM_EMITTED	DISJOINTNESS_UNVERIFIABLE__NO_participantFlowModule_IN_CACHE
NCT02575807	ctg_results_bor_2014_2017.txt	35	ACTUAL	5	5	10	16	ctg_results_bor_2014_2017.txt::NCT02575807::outcomeMeasures[6]::groups[OG002]	6	5	32	False	NO_CONFLICT_DETECTED	NOT_A_PATIENT_COUNT__NO_CROSS_MEASURE_SUM_EMITTED	DISJOINTNESS_UNVERIFIABLE__NO_participantFlowModule_IN_CACHE
NCT03071094	ctg_results_bor_2014_2017.txt	14	ACTUAL	2	1	1	12	ctg_results_bor_2014_2017.txt::NCT03071094::outcomeMeasures[2]::groups[OG000]	2	1	12	False	NO_CONFLICT_DETECTED	NOT_A_PATIENT_COUNT__NO_CROSS_MEASURE_SUM_EMITTED	DISJOINTNESS_UNVERIFIABLE__NO_participantFlowModule_IN_CACHE
NCT02608229	ctg_results_bor_2014_2017.txt	18	ACTUAL	2	2	2	5	ctg_results_bor_2014_2017.txt::NCT02608229::outcomeMeasures[2]::groups[OG000]	2	2	7	False	NO_CONFLICT_DETECTED	NOT_A_PATIENT_COUNT__NO_CROSS_MEASURE_SUM_EMITTED	DISJOINTNESS_UNVERIFIABLE__NO_participantFlowModule_IN_CACHE
NCT02983799	ctg_results_bor_2014_2017.txt	272	ACTUAL	4	9	19	89	ctg_results_bor_2014_2017.txt::NCT02983799::outcomeMeasures[0]::groups[OG003]	0	5	270	False	NO_CONFLICT_DETECTED	NOT_A_PATIENT_COUNT__NO_CROSS_MEASURE_SUM_EMITTED	DISJOINTNESS_UNVERIFIABLE__NO_participantFlowModule_IN_CACHE
NCT03338972	ctg_results_bor_2014_2017.txt	28	ACTUAL	4	4	4	8	ctg_results_bor_2014_2017.txt::NCT03338972::outcomeMeasures[4]::groups[OG001]	4	4	25	False	NO_CONFLICT_DETECTED	NOT_A_PATIENT_COUNT__NO_CROSS_MEASURE_SUM_EMITTED	DISJOINTNESS_UNVERIFIABLE__NO_participantFlowModule_IN_CACHE
NCT02489123	ctg_results_bor_2014_2017.txt	8	ACTUAL	1	1	2	8	ctg_results_bor_2014_2017.txt::NCT02489123::outcomeMeasures[5]::groups[OG000]	5	1	8	False	NO_CONFLICT_DETECTED	NOT_A_PATIENT_COUNT__NO_CROSS_MEASURE_SUM_EMITTED	DISJOINTNESS_UNVERIFIABLE__NO_participantFlowModule_IN_CACHE
NCT02228096	ctg_results_bor_2014_2017.txt	75	ACTUAL	1	3	10	64	ctg_results_bor_2014_2017.txt::NCT02228096::outcomeMeasures[0]::groups[OG000]	15	2	80	False	WITHIN_MEASURE_SUM_EXCEEDS_ENROLLMENT	NOT_A_PATIENT_COUNT__NO_CROSS_MEASURE_SUM_EMITTED	DISJOINTNESS_UNVERIFIABLE__NO_participantFlowModule_IN_CACHE
NCT02443324	ctg_results_bor_2014_2017.txt	175	ACTUAL	7	6	12	41	ctg_results_bor_2014_2017.txt::NCT02443324::outcomeMeasures[1]::groups[OG000]	1	6	172	False	NO_CONFLICT_DETECTED	NOT_A_PATIENT_COUNT__NO_CROSS_MEASURE_SUM_EMITTED	DISJOINTNESS_UNVERIFIABLE__NO_participantFlowModule_IN_CACHE
NCT02920996	ctg_results_bor_2014_2017.txt	12	ACTUAL	2	1	1	12	ctg_results_bor_2014_2017.txt::NCT02920996::outcomeMeasures[0]::groups[OG000]	0	1	12	False	NO_CONFLICT_DETECTED	NOT_A_PATIENT_COUNT__NO_CROSS_MEASURE_SUM_EMITTED	DISJOINTNESS_UNVERIFIABLE__NO_participantFlowModule_IN_CACHE
NCT02451930	ctg_results_bor_2014_2017.txt	71	ACTUAL	1	3	4	68	ctg_results_bor_2014_2017.txt::NCT02451930::outcomeMeasures[2]::groups[OG000]	2	1	68	False	NO_CONFLICT_DETECTED	NOT_A_PATIENT_COUNT__NO_CROSS_MEASURE_SUM_EMITTED	DISJOINTNESS_UNVERIFIABLE__NO_participantFlowModule_IN_CACHE
NCT03410030	ctg_results_bor_2014_2017.txt	17	ACTUAL	4	3	6	7	ctg_results_bor_2014_2017.txt::NCT03410030::outcomeMeasures[14]::groups[OG002]	14	3	17	False	NO_CONFLICT_DETECTED	NOT_A_PATIENT_COUNT__NO_CROSS_MEASURE_SUM_EMITTED	DISJOINTNESS_UNVERIFIABLE__NO_participantFlowModule_IN_CACHE
NCT02423902	ctg_results_bor_2014_2017.txt	9	ACTUAL	1	2	4	8	ctg_results_bor_2014_2017.txt::NCT02423902::outcomeMeasures[2]::groups[OG001]	2	2	9	False	NO_CONFLICT_DETECTED	NOT_A_PATIENT_COUNT__NO_CROSS_MEASURE_SUM_EMITTED	DISJOINTNESS_UNVERIFIABLE__NO_participantFlowModule_IN_CACHE
NCT03105336	ctg_results_bor_2014_2017.txt	159	ACTUAL	2	2	8	127	ctg_results_bor_2014_2017.txt::NCT03105336::outcomeMeasures[0]::groups[OG000]	4	2	158	False	NO_CONFLICT_DETECTED	NOT_A_PATIENT_COUNT__NO_CROSS_MEASURE_SUM_EMITTED	DISJOINTNESS_UNVERIFIABLE__NO_participantFlowModule_IN_CACHE
NCT02959437	ctg_results_bor_2014_2017.txt	70	ACTUAL	3	4	4	62	ctg_results_bor_2014_2017.txt::NCT02959437::outcomeMeasures[1]::groups[OG000]	1	2	70	False	NO_CONFLICT_DETECTED	NOT_A_PATIENT_COUNT__NO_CROSS_MEASURE_SUM_EMITTED	DISJOINTNESS_UNVERIFIABLE__NO_participantFlowModule_IN_CACHE
NCT02729896	ctg_results_bor_2014_2017.txt	36	ACTUAL	3	3	6	16	ctg_results_bor_2014_2017.txt::NCT02729896::outcomeMeasures[2]::groups[OG002]	2	3	26	False	NO_CONFLICT_DETECTED	NOT_A_PATIENT_COUNT__NO_CROSS_MEASURE_SUM_EMITTED	DISJOINTNESS_UNVERIFIABLE__NO_participantFlowModule_IN_CACHE
NCT02698410	ctg_results_bor_2014_2017.txt	40	ACTUAL	1	1	4	40	ctg_results_bor_2014_2017.txt::NCT02698410::outcomeMeasures[0]::groups[OG000]	0	1	40	False	NO_CONFLICT_DETECTED	NOT_A_PATIENT_COUNT__NO_CROSS_MEASURE_SUM_EMITTED	DISJOINTNESS_UNVERIFIABLE__NO_participantFlowModule_IN_CACHE
NCT02854436	ctg_results_bor_2014_2017.txt	289	ACTUAL	1	1	4	202	ctg_results_bor_2014_2017.txt::NCT02854436::outcomeMeasures[2]::groups[OG000]	2	1	202	False	NO_CONFLICT_DETECTED	NOT_A_PATIENT_COUNT__NO_CROSS_MEASURE_SUM_EMITTED	DISJOINTNESS_UNVERIFIABLE__NO_participantFlowModule_IN_CACHE
NCT02857426	ctg_results_bor_2014_2017.txt	66	ACTUAL	2	2	4	47	ctg_results_bor_2014_2017.txt::NCT02857426::outcomeMeasures[0]::groups[OG000]	0	2	66	False	NO_CONFLICT_DETECTED	NOT_A_PATIENT_COUNT__NO_CROSS_MEASURE_SUM_EMITTED	DISJOINTNESS_UNVERIFIABLE__NO_participantFlowModule_IN_CACHE
NCT02975700	ctg_results_bor_2014_2017.txt	6	ACTUAL	1	1	3	6	ctg_results_bor_2014_2017.txt::NCT02975700::outcomeMeasures[0]::groups[OG000]	0	1	6	False	NO_CONFLICT_DETECTED	NOT_A_PATIENT_COUNT__NO_CROSS_MEASURE_SUM_EMITTED	DISJOINTNESS_UNVERIFIABLE__NO_participantFlowModule_IN_CACHE
NCT03006926	ctg_results_bor_2014_2017.txt	104	ACTUAL	1	2	2	100	ctg_results_bor_2014_2017.txt::NCT03006926::outcomeMeasures[3]::groups[OG000]	3	1	100	False	NO_CONFLICT_DETECTED	NOT_A_PATIENT_COUNT__NO_CROSS_MEASURE_SUM_EMITTED	DISJOINTNESS_UNVERIFIABLE__NO_participantFlowModule_IN_CACHE
NCT02341625	ctg_results_bor_2014_2017.txt	126	ACTUAL	4	10	20	25	ctg_results_bor_2014_2017.txt::NCT02341625::outcomeMeasures[8]::groups[OG000]	8	10	96	False	NO_CONFLICT_DETECTED	NOT_A_PATIENT_COUNT__NO_CROSS_MEASURE_SUM_EMITTED	DISJOINTNESS_UNVERIFIABLE__NO_participantFlowModule_IN_CACHE
NCT02874404	ctg_results_bor_2014_2017.txt	13	ACTUAL	3	1	1	13	ctg_results_bor_2014_2017.txt::NCT02874404::outcomeMeasures[1]::groups[OG000]	1	1	13	True	NO_CONFLICT_DETECTED	NOT_A_PATIENT_COUNT__NO_CROSS_MEASURE_SUM_EMITTED	DISJOINTNESS_UNVERIFIABLE__NO_participantFlowModule_IN_CACHE
NCT02737475	ctg_results_bor_2014_2017.txt	166	ACTUAL	9	27	27	18	ctg_results_bor_2014_2017.txt::NCT02737475::outcomeMeasures[8]::groups[OG015]	8	27	165	False	NO_CONFLICT_DETECTED	NOT_A_PATIENT_COUNT__NO_CROSS_MEASURE_SUM_EMITTED	DISJOINTNESS_UNVERIFIABLE__NO_participantFlowModule_IN_CACHE
NCT03269136	ctg_results_bor_2014_2017.txt	101	ACTUAL	4	21	41	30	ctg_results_bor_2014_2017.txt::NCT03269136::outcomeMeasures[7]::groups[OG018]	7	20	159	False	WITHIN_MEASURE_SUM_EXCEEDS_ENROLLMENT	NOT_A_PATIENT_COUNT__NO_CROSS_MEASURE_SUM_EMITTED	DISJOINTNESS_UNVERIFIABLE__NO_participantFlowModule_IN_CACHE
NCT02872714	ctg_results_bor_2014_2017.txt	263	ACTUAL	3	8	23	248	ctg_results_bor_2014_2017.txt::NCT02872714::outcomeMeasures[3]::groups[OG007]	3	3	599	False	WITHIN_MEASURE_SUM_EXCEEDS_ENROLLMENT	NOT_A_PATIENT_COUNT__NO_CROSS_MEASURE_SUM_EMITTED	DISJOINTNESS_UNVERIFIABLE__NO_participantFlowModule_IN_CACHE
NCT04999969	ctg_results_bor_2018_2021.txt	126	ACTUAL	1	1	2	126	ctg_results_bor_2018_2021.txt::NCT04999969::outcomeMeasures[2]::groups[OG000]	2	1	126	False	NO_CONFLICT_DETECTED	NOT_A_PATIENT_COUNT__NO_CROSS_MEASURE_SUM_EMITTED	DISJOINTNESS_UNVERIFIABLE__NO_participantFlowModule_IN_CACHE
NCT04393454	ctg_results_bor_2018_2021.txt	6	ACTUAL	1	1	2	6	ctg_results_bor_2018_2021.txt::NCT04393454::outcomeMeasures[4]::groups[OG000]	4	1	6	False	NO_CONFLICT_DETECTED	NOT_A_PATIENT_COUNT__NO_CROSS_MEASURE_SUM_EMITTED	DISJOINTNESS_UNVERIFIABLE__NO_participantFlowModule_IN_CACHE
NCT03436056	ctg_results_bor_2018_2021.txt	2	ACTUAL	3	3	9	2	ctg_results_bor_2018_2021.txt::NCT03436056::outcomeMeasures[3]::groups[OG000]	3	1	2	False	NO_CONFLICT_DETECTED	NOT_A_PATIENT_COUNT__NO_CROSS_MEASURE_SUM_EMITTED	DISJOINTNESS_UNVERIFIABLE__NO_participantFlowModule_IN_CACHE
NCT03974022	ctg_results_bor_2018_2021.txt	315	ACTUAL	9	15	16	107	ctg_results_bor_2018_2021.txt::NCT03974022::outcomeMeasures[1]::groups[OG001]	1	2	192	False	NO_CONFLICT_DETECTED	NOT_A_PATIENT_COUNT__NO_CROSS_MEASURE_SUM_EMITTED	DISJOINTNESS_UNVERIFIABLE__NO_participantFlowModule_IN_CACHE
NCT03254927	ctg_results_bor_2018_2021.txt	30	ACTUAL	1	1	1	30	ctg_results_bor_2018_2021.txt::NCT03254927::outcomeMeasures[0]::groups[OG000]	0	1	30	False	NO_CONFLICT_DETECTED	NOT_A_PATIENT_COUNT__NO_CROSS_MEASURE_SUM_EMITTED	DISJOINTNESS_UNVERIFIABLE__NO_participantFlowModule_IN_CACHE
NCT03783442	ctg_results_bor_2018_2021.txt	649	ACTUAL	2	2	2	326	ctg_results_bor_2018_2021.txt::NCT03783442::outcomeMeasures[2]::groups[OG000]	2	2	649	False	NO_CONFLICT_DETECTED	NOT_A_PATIENT_COUNT__NO_CROSS_MEASURE_SUM_EMITTED	DISJOINTNESS_UNVERIFIABLE__NO_participantFlowModule_IN_CACHE
NCT03976102	ctg_results_bor_2018_2021.txt	317	ACTUAL	2	2	8	162	ctg_results_bor_2018_2021.txt::NCT03976102::outcomeMeasures[0]::groups[OG000]	0	2	317	False	NO_CONFLICT_DETECTED	NOT_A_PATIENT_COUNT__NO_CROSS_MEASURE_SUM_EMITTED	DISJOINTNESS_UNVERIFIABLE__NO_participantFlowModule_IN_CACHE
NCT03744468	ctg_results_bor_2018_2021.txt	147	ACTUAL	20	20	40	22	ctg_results_bor_2018_2021.txt::NCT03744468::outcomeMeasures[7]::groups[OG001]	7	4	82	False	NO_CONFLICT_DETECTED	NOT_A_PATIENT_COUNT__NO_CROSS_MEASURE_SUM_EMITTED	DISJOINTNESS_UNVERIFIABLE__NO_participantFlowModule_IN_CACHE
NCT04611126	ctg_results_bor_2018_2021.txt	6	ACTUAL	2	2	2	5	ctg_results_bor_2018_2021.txt::NCT04611126::outcomeMeasures[3]::groups[OG000]	3	1	5	False	NO_CONFLICT_DETECTED	NOT_A_PATIENT_COUNT__NO_CROSS_MEASURE_SUM_EMITTED	DISJOINTNESS_UNVERIFIABLE__NO_participantFlowModule_IN_CACHE
NCT04466891	ctg_results_bor_2018_2021.txt	87	ACTUAL	1	2	6	80	ctg_results_bor_2018_2021.txt::NCT04466891::outcomeMeasures[0]::groups[OG000]	0	2	87	False	NO_CONFLICT_DETECTED	NOT_A_PATIENT_COUNT__NO_CROSS_MEASURE_SUM_EMITTED	DISJOINTNESS_UNVERIFIABLE__NO_participantFlowModule_IN_CACHE
NCT03936959	ctg_results_bor_2018_2021.txt	10	ACTUAL	3	3	6	4	ctg_results_bor_2018_2021.txt::NCT03936959::outcomeMeasures[4]::groups[OG001]	4	3	10	False	NO_CONFLICT_DETECTED	NOT_A_PATIENT_COUNT__NO_CROSS_MEASURE_SUM_EMITTED	DISJOINTNESS_UNVERIFIABLE__NO_participantFlowModule_IN_CACHE
NCT03729596	ctg_results_bor_2018_2021.txt	143	ACTUAL	10	11	21	41	ctg_results_bor_2018_2021.txt::NCT03729596::outcomeMeasures[2]::groups[OG005]	3	10	143	False	NO_CONFLICT_DETECTED	NOT_A_PATIENT_COUNT__NO_CROSS_MEASURE_SUM_EMITTED	DISJOINTNESS_UNVERIFIABLE__NO_participantFlowModule_IN_CACHE
NCT05061420	ctg_results_bor_2018_2021.txt	59	ACTUAL	3	3	6	20	ctg_results_bor_2018_2021.txt::NCT05061420::outcomeMeasures[0]::groups[OG000]	6	3	59	False	NO_CONFLICT_DETECTED	NOT_A_PATIENT_COUNT__NO_CROSS_MEASURE_SUM_EMITTED	DISJOINTNESS_UNVERIFIABLE__NO_participantFlowModule_IN_CACHE
NCT04313608	ctg_results_bor_2018_2021.txt	23	ACTUAL	2	2	2	17	ctg_results_bor_2018_2021.txt::NCT04313608::outcomeMeasures[3]::groups[OG000]	3	2	23	False	NO_CONFLICT_DETECTED	NOT_A_PATIENT_COUNT__NO_CROSS_MEASURE_SUM_EMITTED	DISJOINTNESS_UNVERIFIABLE__NO_participantFlowModule_IN_CACHE
NCT04647526	ctg_results_bor_2018_2021.txt	455	ACTUAL	4	2	4	276	ctg_results_bor_2018_2021.txt::NCT04647526::outcomeMeasures[3]::groups[OG000]	3	2	412	False	NO_CONFLICT_DETECTED	NOT_A_PATIENT_COUNT__NO_CROSS_MEASURE_SUM_EMITTED	DISJOINTNESS_UNVERIFIABLE__NO_participantFlowModule_IN_CACHE
NCT04875806	ctg_results_bor_2018_2021.txt	40	ACTUAL	5	5	10	18	ctg_results_bor_2018_2021.txt::NCT04875806::outcomeMeasures[1]::groups[OG004]	1	5	40	False	NO_CONFLICT_DETECTED	NOT_A_PATIENT_COUNT__NO_CROSS_MEASURE_SUM_EMITTED	DISJOINTNESS_UNVERIFIABLE__NO_participantFlowModule_IN_CACHE
NCT04996004	ctg_results_bor_2018_2021.txt	76	ACTUAL	4	6	12	32	ctg_results_bor_2018_2021.txt::NCT04996004::outcomeMeasures[19]::groups[OG003]	19	6	76	False	NO_CONFLICT_DETECTED	NOT_A_PATIENT_COUNT__NO_CROSS_MEASURE_SUM_EMITTED	DISJOINTNESS_UNVERIFIABLE__NO_participantFlowModule_IN_CACHE
NCT03894540	ctg_results_bor_2018_2021.txt	22	ACTUAL	4	6	18	11	ctg_results_bor_2018_2021.txt::NCT03894540::outcomeMeasures[3]::groups[OG004]	3	6	22	False	NO_CONFLICT_DETECTED	NOT_A_PATIENT_COUNT__NO_CROSS_MEASURE_SUM_EMITTED	DISJOINTNESS_UNVERIFIABLE__NO_participantFlowModule_IN_CACHE
NCT04209855	ctg_results_bor_2018_2021.txt	453	ACTUAL	2	2	2	227	ctg_results_bor_2018_2021.txt::NCT04209855::outcomeMeasures[1]::groups[OG000]	1	2	453	False	NO_CONFLICT_DETECTED	NOT_A_PATIENT_COUNT__NO_CROSS_MEASURE_SUM_EMITTED	DISJOINTNESS_UNVERIFIABLE__NO_participantFlowModule_IN_CACHE
NCT04567615	ctg_results_bor_2018_2021.txt	266	ACTUAL	3	3	12	128	ctg_results_bor_2018_2021.txt::NCT04567615::outcomeMeasures[0]::groups[OG000]	0	3	266	False	NO_CONFLICT_DETECTED	NOT_A_PATIENT_COUNT__NO_CROSS_MEASURE_SUM_EMITTED	DISJOINTNESS_UNVERIFIABLE__NO_participantFlowModule_IN_CACHE
NCT03188432	ctg_results_bor_2018_2021.txt	50	ACTUAL	1	1	1	41	ctg_results_bor_2018_2021.txt::NCT03188432::outcomeMeasures[7]::groups[OG000]	7	1	41	False	NO_CONFLICT_DETECTED	NOT_A_PATIENT_COUNT__NO_CROSS_MEASURE_SUM_EMITTED	DISJOINTNESS_UNVERIFIABLE__NO_participantFlowModule_IN_CACHE
NCT03666143	ctg_results_bor_2018_2021.txt	216	ACTUAL	1	1	2	199	ctg_results_bor_2018_2021.txt::NCT03666143::outcomeMeasures[1]::groups[OG000]	1	1	199	False	NO_CONFLICT_DETECTED	NOT_A_PATIENT_COUNT__NO_CROSS_MEASURE_SUM_EMITTED	DISJOINTNESS_UNVERIFIABLE__NO_participantFlowModule_IN_CACHE
NCT03753919	ctg_results_bor_2018_2021.txt	79	ACTUAL	1	3	9	37	ctg_results_bor_2018_2021.txt::NCT03753919::outcomeMeasures[6]::groups[OG000]	6	3	79	False	NO_CONFLICT_DETECTED	NOT_A_PATIENT_COUNT__NO_CROSS_MEASURE_SUM_EMITTED	DISJOINTNESS_UNVERIFIABLE__NO_participantFlowModule_IN_CACHE
NCT04627064	ctg_results_bor_2018_2021.txt	11	ACTUAL	2	2	4	11	ctg_results_bor_2018_2021.txt::NCT04627064::outcomeMeasures[0]::groups[OG000]	0	1	11	False	NO_CONFLICT_DETECTED	NOT_A_PATIENT_COUNT__NO_CROSS_MEASURE_SUM_EMITTED	DISJOINTNESS_UNVERIFIABLE__NO_participantFlowModule_IN_CACHE
NCT04854434	ctg_results_bor_2018_2021.txt	13	ACTUAL	3	3	8	5	ctg_results_bor_2018_2021.txt::NCT04854434::outcomeMeasures[2]::groups[OG000]	2	2	9	False	NO_CONFLICT_DETECTED	NOT_A_PATIENT_COUNT__NO_CROSS_MEASURE_SUM_EMITTED	DISJOINTNESS_UNVERIFIABLE__NO_participantFlowModule_IN_CACHE
NCT04526899	ctg_results_bor_2018_2021.txt	184	ACTUAL	3	1	1	89	ctg_results_bor_2018_2021.txt::NCT04526899::outcomeMeasures[0]::groups[OG000]	0	1	89	False	NO_CONFLICT_DETECTED	NOT_A_PATIENT_COUNT__NO_CROSS_MEASURE_SUM_EMITTED	DISJOINTNESS_UNVERIFIABLE__NO_participantFlowModule_IN_CACHE
NCT03490760	ctg_results_bor_2018_2021.txt	9	ACTUAL	1	1	2	6	ctg_results_bor_2018_2021.txt::NCT03490760::outcomeMeasures[1]::groups[OG000]	1	1	6	False	NO_CONFLICT_DETECTED	NOT_A_PATIENT_COUNT__NO_CROSS_MEASURE_SUM_EMITTED	DISJOINTNESS_UNVERIFIABLE__NO_participantFlowModule_IN_CACHE
NCT04155541	ctg_results_bor_2018_2021.txt	40	ACTUAL	1	1	1	31	ctg_results_bor_2018_2021.txt::NCT04155541::outcomeMeasures[1]::groups[OG000]	1	1	31	False	NO_CONFLICT_DETECTED	NOT_A_PATIENT_COUNT__NO_CROSS_MEASURE_SUM_EMITTED	DISJOINTNESS_UNVERIFIABLE__NO_participantFlowModule_IN_CACHE
NCT03484923	ctg_results_bor_2018_2021.txt	196	ACTUAL	5	5	10	45	ctg_results_bor_2018_2021.txt::NCT03484923::outcomeMeasures[0]::groups[OG000]	0	5	196	False	NO_CONFLICT_DETECTED	NOT_A_PATIENT_COUNT__NO_CROSS_MEASURE_SUM_EMITTED	DISJOINTNESS_UNVERIFIABLE__NO_participantFlowModule_IN_CACHE
NCT04534283	ctg_results_bor_2018_2021.txt	16	ACTUAL	1	1	2	12	ctg_results_bor_2018_2021.txt::NCT04534283::outcomeMeasures[0]::groups[OG000]	0	1	12	False	NO_CONFLICT_DETECTED	NOT_A_PATIENT_COUNT__NO_CROSS_MEASURE_SUM_EMITTED	DISJOINTNESS_UNVERIFIABLE__NO_participantFlowModule_IN_CACHE
NCT03552029	ctg_results_bor_2018_2021.txt	10	ACTUAL	3	2	4	6	ctg_results_bor_2018_2021.txt::NCT03552029::outcomeMeasures[2]::groups[OG001]	2	2	10	False	NO_CONFLICT_DETECTED	NOT_A_PATIENT_COUNT__NO_CROSS_MEASURE_SUM_EMITTED	DISJOINTNESS_UNVERIFIABLE__NO_participantFlowModule_IN_CACHE
NCT03520920	ctg_results_bor_2018_2021.txt	41	ACTUAL	2	3	6	20	ctg_results_bor_2018_2021.txt::NCT03520920::outcomeMeasures[0]::groups[OG000]	0	3	41	False	NO_CONFLICT_DETECTED	NOT_A_PATIENT_COUNT__NO_CROSS_MEASURE_SUM_EMITTED	DISJOINTNESS_UNVERIFIABLE__NO_participantFlowModule_IN_CACHE
NCT03639610	ctg_results_bor_2018_2021.txt	35	ACTUAL	3	3	6	21	ctg_results_bor_2018_2021.txt::NCT03639610::outcomeMeasures[6]::groups[OG000]	6	3	35	False	NO_CONFLICT_DETECTED	NOT_A_PATIENT_COUNT__NO_CROSS_MEASURE_SUM_EMITTED	DISJOINTNESS_UNVERIFIABLE__NO_participantFlowModule_IN_CACHE
NCT04284774	ctg_results_bor_2018_2021.txt	5	ACTUAL	1	1	1	5	ctg_results_bor_2018_2021.txt::NCT04284774::outcomeMeasures[0]::groups[OG000]	0	1	5	False	NO_CONFLICT_DETECTED	NOT_A_PATIENT_COUNT__NO_CROSS_MEASURE_SUM_EMITTED	DISJOINTNESS_UNVERIFIABLE__NO_participantFlowModule_IN_CACHE
NCT03779113	ctg_results_bor_2018_2021.txt	69	ACTUAL	1	14	42	25	ctg_results_bor_2018_2021.txt::NCT03779113::outcomeMeasures[3]::groups[OG000]	3	8	46	False	NO_CONFLICT_DETECTED	NOT_A_PATIENT_COUNT__NO_CROSS_MEASURE_SUM_EMITTED	DISJOINTNESS_UNVERIFIABLE__NO_participantFlowModule_IN_CACHE
NCT04984811	ctg_results_bor_2018_2021.txt	33	ACTUAL	1	1	2	25	ctg_results_bor_2018_2021.txt::NCT04984811::outcomeMeasures[0]::groups[OG000]	0	1	25	False	NO_CONFLICT_DETECTED	NOT_A_PATIENT_COUNT__NO_CROSS_MEASURE_SUM_EMITTED	DISJOINTNESS_UNVERIFIABLE__NO_participantFlowModule_IN_CACHE
NCT03679754	ctg_results_bor_2018_2021.txt	36	ACTUAL	1	1	1	36	ctg_results_bor_2018_2021.txt::NCT03679754::outcomeMeasures[10]::groups[OG000]	10	1	36	False	NO_CONFLICT_DETECTED	NOT_A_PATIENT_COUNT__NO_CROSS_MEASURE_SUM_EMITTED	DISJOINTNESS_UNVERIFIABLE__NO_participantFlowModule_IN_CACHE
NCT03871829	ctg_results_bor_2018_2021.txt	88	ACTUAL	2	2	2	41	ctg_results_bor_2018_2021.txt::NCT03871829::outcomeMeasures[1]::groups[OG001]	1	2	80	False	NO_CONFLICT_DETECTED	NOT_A_PATIENT_COUNT__NO_CROSS_MEASURE_SUM_EMITTED	DISJOINTNESS_UNVERIFIABLE__NO_participantFlowModule_IN_CACHE
NCT04099641	ctg_results_bor_2018_2021.txt	80	ACTUAL	1	2	2	61	ctg_results_bor_2018_2021.txt::NCT04099641::outcomeMeasures[2]::groups[OG000]	2	2	80	False	NO_CONFLICT_DETECTED	NOT_A_PATIENT_COUNT__NO_CROSS_MEASURE_SUM_EMITTED	DISJOINTNESS_UNVERIFIABLE__NO_participantFlowModule_IN_CACHE
NCT03840902	ctg_results_bor_2018_2021.txt	153	ACTUAL	2	2	2	78	ctg_results_bor_2018_2021.txt::NCT03840902::outcomeMeasures[3]::groups[OG001]	3	2	153	False	NO_CONFLICT_DETECTED	NOT_A_PATIENT_COUNT__NO_CROSS_MEASURE_SUM_EMITTED	DISJOINTNESS_UNVERIFIABLE__NO_participantFlowModule_IN_CACHE
NCT04887831	ctg_results_bor_2018_2021.txt	92	ACTUAL	2	2	8	46	ctg_results_bor_2018_2021.txt::NCT04887831::outcomeMeasures[1]::groups[OG000]	1	2	91	False	NO_CONFLICT_DETECTED	NOT_A_PATIENT_COUNT__NO_CROSS_MEASURE_SUM_EMITTED	DISJOINTNESS_UNVERIFIABLE__NO_participantFlowModule_IN_CACHE
NCT03256344	ctg_results_bor_2018_2021.txt	36	ACTUAL	2	2	8	24	ctg_results_bor_2018_2021.txt::NCT03256344::outcomeMeasures[1]::groups[OG001]	1	2	34	False	NO_CONFLICT_DETECTED	NOT_A_PATIENT_COUNT__NO_CROSS_MEASURE_SUM_EMITTED	DISJOINTNESS_UNVERIFIABLE__NO_participantFlowModule_IN_CACHE
NCT04205799	ctg_results_bor_2018_2021.txt	57	ACTUAL	1	1	2	54	ctg_results_bor_2018_2021.txt::NCT04205799::outcomeMeasures[0]::groups[OG000]	0	1	54	False	NO_CONFLICT_DETECTED	NOT_A_PATIENT_COUNT__NO_CROSS_MEASURE_SUM_EMITTED	DISJOINTNESS_UNVERIFIABLE__NO_participantFlowModule_IN_CACHE
NCT03992131	ctg_results_bor_2018_2021.txt	25	ACTUAL	3	6	12	6	ctg_results_bor_2018_2021.txt::NCT03992131::outcomeMeasures[3]::groups[OG000]	3	6	25	False	NO_CONFLICT_DETECTED	NOT_A_PATIENT_COUNT__NO_CROSS_MEASURE_SUM_EMITTED	DISJOINTNESS_UNVERIFIABLE__NO_participantFlowModule_IN_CACHE
NCT03713593	ctg_results_bor_2018_2021.txt	794	ACTUAL	2	2	8	399	ctg_results_bor_2018_2021.txt::NCT03713593::outcomeMeasures[2]::groups[OG001]	2	2	794	False	NO_CONFLICT_DETECTED	NOT_A_PATIENT_COUNT__NO_CROSS_MEASURE_SUM_EMITTED	DISJOINTNESS_UNVERIFIABLE__NO_participantFlowModule_IN_CACHE
NCT03481556	ctg_results_bor_2018_2021.txt	56	ACTUAL	2	8	8	27	ctg_results_bor_2018_2021.txt::NCT03481556::outcomeMeasures[1]::groups[OG003]	1	4	56	False	NO_CONFLICT_DETECTED	NOT_A_PATIENT_COUNT__NO_CROSS_MEASURE_SUM_EMITTED	DISJOINTNESS_UNVERIFIABLE__NO_participantFlowModule_IN_CACHE
NCT03382912	ctg_results_bor_2018_2021.txt	52	ACTUAL	2	2	4	27	ctg_results_bor_2018_2021.txt::NCT03382912::outcomeMeasures[0]::groups[OG000]	0	2	52	False	NO_CONFLICT_DETECTED	NOT_A_PATIENT_COUNT__NO_CROSS_MEASURE_SUM_EMITTED	DISJOINTNESS_UNVERIFIABLE__NO_participantFlowModule_IN_CACHE
NCT04267120	ctg_results_bor_2018_2021.txt	11	ACTUAL	1	1	1	10	ctg_results_bor_2018_2021.txt::NCT04267120::outcomeMeasures[0]::groups[OG000]	0	1	10	False	NO_CONFLICT_DETECTED	NOT_A_PATIENT_COUNT__NO_CROSS_MEASURE_SUM_EMITTED	DISJOINTNESS_UNVERIFIABLE__NO_participantFlowModule_IN_CACHE
NCT04082364	ctg_results_bor_2018_2021.txt	82	ACTUAL	5	5	10	48	ctg_results_bor_2018_2021.txt::NCT04082364::outcomeMeasures[1]::groups[OG000]	4	5	81	False	NO_CONFLICT_DETECTED	NOT_A_PATIENT_COUNT__NO_CROSS_MEASURE_SUM_EMITTED	DISJOINTNESS_UNVERIFIABLE__NO_participantFlowModule_IN_CACHE
NCT03991130	ctg_results_bor_2018_2021.txt	6	ACTUAL	1	1	1	5	ctg_results_bor_2018_2021.txt::NCT03991130::outcomeMeasures[0]::groups[OG000]	0	1	5	False	NO_CONFLICT_DETECTED	NOT_A_PATIENT_COUNT__NO_CROSS_MEASURE_SUM_EMITTED	DISJOINTNESS_UNVERIFIABLE__NO_participantFlowModule_IN_CACHE
NCT04762602	ctg_results_bor_2018_2021.txt	42	ACTUAL	2	8	16	12	ctg_results_bor_2018_2021.txt::NCT04762602::outcomeMeasures[3]::groups[OG003]	3	8	38	False	NO_CONFLICT_DETECTED	NOT_A_PATIENT_COUNT__NO_CROSS_MEASURE_SUM_EMITTED	DISJOINTNESS_UNVERIFIABLE__NO_participantFlowModule_IN_CACHE
NCT05104567	ctg_results_bor_2018_2021.txt	138	ACTUAL	7	7	14	30	ctg_results_bor_2018_2021.txt::NCT05104567::outcomeMeasures[3]::groups[OG000]	7	7	138	False	NO_CONFLICT_DETECTED	NOT_A_PATIENT_COUNT__NO_CROSS_MEASURE_SUM_EMITTED	DISJOINTNESS_UNVERIFIABLE__NO_participantFlowModule_IN_CACHE
NCT03911869	ctg_results_bor_2018_2021.txt	13	ACTUAL	2	2	7	10	ctg_results_bor_2018_2021.txt::NCT03911869::outcomeMeasures[9]::groups[OG000]	9	2	13	False	NO_CONFLICT_DETECTED	NOT_A_PATIENT_COUNT__NO_CROSS_MEASURE_SUM_EMITTED	DISJOINTNESS_UNVERIFIABLE__NO_participantFlowModule_IN_CACHE
NCT04296942	ctg_results_bor_2018_2021.txt	1	ACTUAL	3	3	3	1	ctg_results_bor_2018_2021.txt::NCT04296942::outcomeMeasures[0]::groups[OG000]	0	1	1	False	NO_CONFLICT_DETECTED	NOT_A_PATIENT_COUNT__NO_CROSS_MEASURE_SUM_EMITTED	DISJOINTNESS_UNVERIFIABLE__NO_participantFlowModule_IN_CACHE
NCT03565991	ctg_results_bor_2018_2021.txt	202	ACTUAL	1	2	2	159	ctg_results_bor_2018_2021.txt::NCT03565991::outcomeMeasures[0]::groups[OG000]	0	2	200	False	NO_CONFLICT_DETECTED	NOT_A_PATIENT_COUNT__NO_CROSS_MEASURE_SUM_EMITTED	DISJOINTNESS_UNVERIFIABLE__NO_participantFlowModule_IN_CACHE
NCT03794349	ctg_results_bor_2018_2021.txt	94	ACTUAL	2	2	2	47	ctg_results_bor_2018_2021.txt::NCT03794349::outcomeMeasures[0]::groups[OG001]	0	2	91	False	NO_CONFLICT_DETECTED	NOT_A_PATIENT_COUNT__NO_CROSS_MEASURE_SUM_EMITTED	DISJOINTNESS_UNVERIFIABLE__NO_participantFlowModule_IN_CACHE
NCT04698187	ctg_results_bor_2018_2021.txt	44	ACTUAL	1	1	3	44	ctg_results_bor_2018_2021.txt::NCT04698187::outcomeMeasures[0]::groups[OG000]	0	1	44	False	NO_CONFLICT_DETECTED	NOT_A_PATIENT_COUNT__NO_CROSS_MEASURE_SUM_EMITTED	DISJOINTNESS_UNVERIFIABLE__NO_participantFlowModule_IN_CACHE
NCT03447314	ctg_results_bor_2018_2021.txt	54	ACTUAL	18	18	36	9	ctg_results_bor_2018_2021.txt::NCT03447314::outcomeMeasures[19]::groups[OG000]	19	9	54	False	NO_CONFLICT_DETECTED	NOT_A_PATIENT_COUNT__NO_CROSS_MEASURE_SUM_EMITTED	DISJOINTNESS_UNVERIFIABLE__NO_participantFlowModule_IN_CACHE
NCT04849416	ctg_results_bor_2018_2021.txt	87	ACTUAL	1	1	3	28	ctg_results_bor_2018_2021.txt::NCT04849416::outcomeMeasures[0]::groups[OG000]	0	1	28	False	NO_CONFLICT_DETECTED	NOT_A_PATIENT_COUNT__NO_CROSS_MEASURE_SUM_EMITTED	DISJOINTNESS_UNVERIFIABLE__NO_participantFlowModule_IN_CACHE
NCT04619004	ctg_results_bor_2018_2021.txt	277	ACTUAL	2	2	6	225	ctg_results_bor_2018_2021.txt::NCT04619004::outcomeMeasures[0]::groups[OG000]	0	2	275	False	NO_CONFLICT_DETECTED	NOT_A_PATIENT_COUNT__NO_CROSS_MEASURE_SUM_EMITTED	DISJOINTNESS_UNVERIFIABLE__NO_participantFlowModule_IN_CACHE
NCT03453164	ctg_results_bor_2018_2021.txt	41	ACTUAL	1	1	1	40	ctg_results_bor_2018_2021.txt::NCT03453164::outcomeMeasures[0]::groups[OG000]	0	1	40	False	NO_CONFLICT_DETECTED	NOT_A_PATIENT_COUNT__NO_CROSS_MEASURE_SUM_EMITTED	DISJOINTNESS_UNVERIFIABLE__NO_participantFlowModule_IN_CACHE
NCT04306900	ctg_results_bor_2018_2021.txt	185	ACTUAL	8	11	22	41	ctg_results_bor_2018_2021.txt::NCT04306900::outcomeMeasures[2]::groups[OG001]	5	11	173	False	NO_CONFLICT_DETECTED	NOT_A_PATIENT_COUNT__NO_CROSS_MEASURE_SUM_EMITTED	DISJOINTNESS_UNVERIFIABLE__NO_participantFlowModule_IN_CACHE
NCT04157517	ctg_results_bor_2018_2021.txt	45	ACTUAL	5	10	20	12	ctg_results_bor_2018_2021.txt::NCT04157517::outcomeMeasures[5]::groups[OG001]	20	9	39	False	NO_CONFLICT_DETECTED	NOT_A_PATIENT_COUNT__NO_CROSS_MEASURE_SUM_EMITTED	DISJOINTNESS_UNVERIFIABLE__NO_participantFlowModule_IN_CACHE
NCT03932331	ctg_results_bor_2018_2021.txt	105	ACTUAL	1	3	6	60	ctg_results_bor_2018_2021.txt::NCT03932331::outcomeMeasures[18]::groups[OG001]	18	2	94	False	NO_CONFLICT_DETECTED	NOT_A_PATIENT_COUNT__NO_CROSS_MEASURE_SUM_EMITTED	DISJOINTNESS_UNVERIFIABLE__NO_participantFlowModule_IN_CACHE
NCT04539327	ctg_results_bor_2018_2021.txt	51	ACTUAL	0	1	3	28	ctg_results_bor_2018_2021.txt::NCT04539327::outcomeMeasures[16]::groups[OG000]	16	1	28	False	NO_CONFLICT_DETECTED	NOT_A_PATIENT_COUNT__NO_CROSS_MEASURE_SUM_EMITTED	DISJOINTNESS_UNVERIFIABLE__NO_participantFlowModule_IN_CACHE
NCT04189445	ctg_results_bor_2018_2021.txt	115	ACTUAL	3	2	6	87	ctg_results_bor_2018_2021.txt::NCT04189445::outcomeMeasures[0]::groups[OG000]	0	2	115	False	NO_CONFLICT_DETECTED	NOT_A_PATIENT_COUNT__NO_CROSS_MEASURE_SUM_EMITTED	DISJOINTNESS_UNVERIFIABLE__NO_participantFlowModule_IN_CACHE
NCT03829501	ctg_results_bor_2018_2021.txt	222	ACTUAL	4	23	69	43	ctg_results_bor_2018_2021.txt::NCT03829501::outcomeMeasures[6]::groups[OG007]	6	23	222	False	NO_CONFLICT_DETECTED	NOT_A_PATIENT_COUNT__NO_CROSS_MEASURE_SUM_EMITTED	DISJOINTNESS_UNVERIFIABLE__NO_participantFlowModule_IN_CACHE
NCT04488822	ctg_results_bor_2018_2021.txt	40	ACTUAL	1	1	2	40	ctg_results_bor_2018_2021.txt::NCT04488822::outcomeMeasures[0]::groups[OG000]	0	1	40	False	NO_CONFLICT_DETECTED	NOT_A_PATIENT_COUNT__NO_CROSS_MEASURE_SUM_EMITTED	DISJOINTNESS_UNVERIFIABLE__NO_participantFlowModule_IN_CACHE
NCT03811002	ctg_results_bor_2018_2021.txt	544	ACTUAL	2	2	2	274	ctg_results_bor_2018_2021.txt::NCT03811002::outcomeMeasures[3]::groups[OG001]	3	2	544	False	NO_CONFLICT_DETECTED	NOT_A_PATIENT_COUNT__NO_CROSS_MEASURE_SUM_EMITTED	DISJOINTNESS_UNVERIFIABLE__NO_participantFlowModule_IN_CACHE
NCT03580655	ctg_results_bor_2018_2021.txt	107	ACTUAL	1	1	4	107	ctg_results_bor_2018_2021.txt::NCT03580655::outcomeMeasures[7]::groups[OG000]	7	1	107	False	NO_CONFLICT_DETECTED	NOT_A_PATIENT_COUNT__NO_CROSS_MEASURE_SUM_EMITTED	DISJOINTNESS_UNVERIFIABLE__NO_participantFlowModule_IN_CACHE
NCT03386721	ctg_results_bor_2018_2021.txt	256	ACTUAL	17	15	30	44	ctg_results_bor_2018_2021.txt::NCT03386721::outcomeMeasures[0]::groups[OG011]	0	14	246	False	NO_CONFLICT_DETECTED	NOT_A_PATIENT_COUNT__NO_CROSS_MEASURE_SUM_EMITTED	DISJOINTNESS_UNVERIFIABLE__NO_participantFlowModule_IN_CACHE
NCT04985604	ctg_results_bor_2018_2021.txt	23	ACTUAL	2	2	4	15	ctg_results_bor_2018_2021.txt::NCT04985604::outcomeMeasures[0]::groups[OG001]	0	2	23	False	NO_CONFLICT_DETECTED	NOT_A_PATIENT_COUNT__NO_CROSS_MEASURE_SUM_EMITTED	DISJOINTNESS_UNVERIFIABLE__NO_participantFlowModule_IN_CACHE
NCT03822117	ctg_results_bor_2018_2021.txt	111	ACTUAL	1	4	8	49	ctg_results_bor_2018_2021.txt::NCT03822117::outcomeMeasures[0]::groups[OG000]	0	1	49	False	NO_CONFLICT_DETECTED	NOT_A_PATIENT_COUNT__NO_CROSS_MEASURE_SUM_EMITTED	DISJOINTNESS_UNVERIFIABLE__NO_participantFlowModule_IN_CACHE
NCT03599518	ctg_results_bor_2018_2021.txt	20	ACTUAL	1	5	10	6	ctg_results_bor_2018_2021.txt::NCT03599518::outcomeMeasures[2]::groups[OG002]	2	5	20	False	NO_CONFLICT_DETECTED	NOT_A_PATIENT_COUNT__NO_CROSS_MEASURE_SUM_EMITTED	DISJOINTNESS_UNVERIFIABLE__NO_participantFlowModule_IN_CACHE
NCT04154189	ctg_results_bor_2018_2021.txt	81	ACTUAL	2	2	4	41	ctg_results_bor_2018_2021.txt::NCT04154189::outcomeMeasures[5]::groups[OG001]	5	2	81	False	NO_CONFLICT_DETECTED	NOT_A_PATIENT_COUNT__NO_CROSS_MEASURE_SUM_EMITTED	DISJOINTNESS_UNVERIFIABLE__NO_participantFlowModule_IN_CACHE
NCT03353675	ctg_results_bor_2018_2021.txt	44	ACTUAL	1	1	3	40	ctg_results_bor_2018_2021.txt::NCT03353675::outcomeMeasures[0]::groups[OG000]	0	1	40	False	NO_CONFLICT_DETECTED	NOT_A_PATIENT_COUNT__NO_CROSS_MEASURE_SUM_EMITTED	DISJOINTNESS_UNVERIFIABLE__NO_participantFlowModule_IN_CACHE
NCT04535401	ctg_results_bor_2018_2021.txt	10	ACTUAL	1	4	8	3	ctg_results_bor_2018_2021.txt::NCT04535401::outcomeMeasures[11]::groups[OG000]	11	4	10	False	NO_CONFLICT_DETECTED	NOT_A_PATIENT_COUNT__NO_CROSS_MEASURE_SUM_EMITTED	DISJOINTNESS_UNVERIFIABLE__NO_participantFlowModule_IN_CACHE
NCT03446040	ctg_results_bor_2018_2021.txt	92	ACTUAL	4	3	3	43	ctg_results_bor_2018_2021.txt::NCT03446040::outcomeMeasures[3]::groups[OG000]	3	3	95	False	WITHIN_MEASURE_SUM_EXCEEDS_ENROLLMENT	NOT_A_PATIENT_COUNT__NO_CROSS_MEASURE_SUM_EMITTED	DISJOINTNESS_UNVERIFIABLE__NO_participantFlowModule_IN_CACHE
NCT04056910	ctg_results_bor_2018_2021.txt	15	ACTUAL	1	1	1	7	ctg_results_bor_2018_2021.txt::NCT04056910::outcomeMeasures[0]::groups[OG000]	0	1	7	False	NO_CONFLICT_DETECTED	NOT_A_PATIENT_COUNT__NO_CROSS_MEASURE_SUM_EMITTED	DISJOINTNESS_UNVERIFIABLE__NO_participantFlowModule_IN_CACHE
NCT03444376	ctg_results_bor_2018_2021.txt	65	ACTUAL	1	1	2	60	ctg_results_bor_2018_2021.txt::NCT03444376::outcomeMeasures[1]::groups[OG000]	1	1	60	False	NO_CONFLICT_DETECTED	NOT_A_PATIENT_COUNT__NO_CROSS_MEASURE_SUM_EMITTED	DISJOINTNESS_UNVERIFIABLE__NO_participantFlowModule_IN_CACHE
NCT03692325	ctg_results_bor_2018_2021.txt	33	ACTUAL	1	1	1	33	ctg_results_bor_2018_2021.txt::NCT03692325::outcomeMeasures[0]::groups[OG000]	0	1	33	False	NO_CONFLICT_DETECTED	NOT_A_PATIENT_COUNT__NO_CROSS_MEASURE_SUM_EMITTED	DISJOINTNESS_UNVERIFIABLE__NO_participantFlowModule_IN_CACHE
NCT04720417	ctg_results_bor_2018_2021.txt	13	ACTUAL	1	1	2	12	ctg_results_bor_2018_2021.txt::NCT04720417::outcomeMeasures[0]::groups[OG000]	0	1	12	False	NO_CONFLICT_DETECTED	NOT_A_PATIENT_COUNT__NO_CROSS_MEASURE_SUM_EMITTED	DISJOINTNESS_UNVERIFIABLE__NO_participantFlowModule_IN_CACHE
NCT04753658	ctg_results_bor_2018_2021.txt	15	ACTUAL	1	1	7	15	ctg_results_bor_2018_2021.txt::NCT04753658::outcomeMeasures[3]::groups[OG000]	3	1	15	False	NO_CONFLICT_DETECTED	NOT_A_PATIENT_COUNT__NO_CROSS_MEASURE_SUM_EMITTED	DISJOINTNESS_UNVERIFIABLE__NO_participantFlowModule_IN_CACHE
NCT04031885	ctg_results_bor_2018_2021.txt	4	ACTUAL	2	2	2	3	ctg_results_bor_2018_2021.txt::NCT04031885::outcomeMeasures[0]::groups[OG001]	0	2	4	False	NO_CONFLICT_DETECTED	NOT_A_PATIENT_COUNT__NO_CROSS_MEASURE_SUM_EMITTED	DISJOINTNESS_UNVERIFIABLE__NO_participantFlowModule_IN_CACHE
NCT04027946	ctg_results_bor_2018_2021.txt	6	ACTUAL	1	1	1	3	ctg_results_bor_2018_2021.txt::NCT04027946::outcomeMeasures[2]::groups[OG000]	2	1	3	False	NO_CONFLICT_DETECTED	NOT_A_PATIENT_COUNT__NO_CROSS_MEASURE_SUM_EMITTED	DISJOINTNESS_UNVERIFIABLE__NO_participantFlowModule_IN_CACHE
NCT03511664	ctg_results_bor_2018_2021.txt	861	ACTUAL	2	2	4	319	ctg_results_bor_2018_2021.txt::NCT03511664::outcomeMeasures[3]::groups[OG000]	3	2	439	False	NO_CONFLICT_DETECTED	NOT_A_PATIENT_COUNT__NO_CROSS_MEASURE_SUM_EMITTED	DISJOINTNESS_UNVERIFIABLE__NO_participantFlowModule_IN_CACHE
NCT03255083	ctg_results_bor_2018_2021.txt	13	ACTUAL	1	4	8	6	ctg_results_bor_2018_2021.txt::NCT03255083::outcomeMeasures[2]::groups[OG000]	2	4	13	False	NO_CONFLICT_DETECTED	NOT_A_PATIENT_COUNT__NO_CROSS_MEASURE_SUM_EMITTED	DISJOINTNESS_UNVERIFIABLE__NO_participantFlowModule_IN_CACHE
NCT03734029	ctg_results_bor_2018_2021.txt	557	ACTUAL	2	2	4	373	ctg_results_bor_2018_2021.txt::NCT03734029::outcomeMeasures[8]::groups[OG000]	8	2	557	False	NO_CONFLICT_DETECTED	NOT_A_PATIENT_COUNT__NO_CROSS_MEASURE_SUM_EMITTED	DISJOINTNESS_UNVERIFIABLE__NO_participantFlowModule_IN_CACHE
NCT04768686	ctg_results_bor_2018_2021.txt	20	ACTUAL	1	2	4	10	ctg_results_bor_2018_2021.txt::NCT04768686::outcomeMeasures[0]::groups[OG000]	0	2	20	False	NO_CONFLICT_DETECTED	NOT_A_PATIENT_COUNT__NO_CROSS_MEASURE_SUM_EMITTED	DISJOINTNESS_UNVERIFIABLE__NO_participantFlowModule_IN_CACHE
NCT03873493	ctg_results_bor_2018_2021.txt	14	ACTUAL	1	1	2	14	ctg_results_bor_2018_2021.txt::NCT03873493::outcomeMeasures[0]::groups[OG000]	0	1	14	False	NO_CONFLICT_DETECTED	NOT_A_PATIENT_COUNT__NO_CROSS_MEASURE_SUM_EMITTED	DISJOINTNESS_UNVERIFIABLE__NO_participantFlowModule_IN_CACHE
NCT03428802	ctg_results_bor_2018_2021.txt	21	ACTUAL	1	1	1	20	ctg_results_bor_2018_2021.txt::NCT03428802::outcomeMeasures[0]::groups[OG000]	0	1	20	False	NO_CONFLICT_DETECTED	NOT_A_PATIENT_COUNT__NO_CROSS_MEASURE_SUM_EMITTED	DISJOINTNESS_UNVERIFIABLE__NO_participantFlowModule_IN_CACHE
NCT03910439	ctg_results_bor_2018_2021.txt	4	ACTUAL	1	1	1	4	ctg_results_bor_2018_2021.txt::NCT03910439::outcomeMeasures[0]::groups[OG000]	0	1	4	False	NO_CONFLICT_DETECTED	NOT_A_PATIENT_COUNT__NO_CROSS_MEASURE_SUM_EMITTED	DISJOINTNESS_UNVERIFIABLE__NO_participantFlowModule_IN_CACHE
NCT04148937	ctg_results_bor_2018_2021.txt	52	ACTUAL	7	8	16	17	ctg_results_bor_2018_2021.txt::NCT04148937::outcomeMeasures[4]::groups[OG007]	4	8	52	False	NO_CONFLICT_DETECTED	NOT_A_PATIENT_COUNT__NO_CROSS_MEASURE_SUM_EMITTED	DISJOINTNESS_UNVERIFIABLE__NO_participantFlowModule_IN_CACHE
NCT03703375	ctg_results_bor_2018_2021.txt	93	ACTUAL	3	2	4	19	ctg_results_bor_2018_2021.txt::NCT03703375::outcomeMeasures[3]::groups[OG001]	3	2	33	False	NO_CONFLICT_DETECTED	NOT_A_PATIENT_COUNT__NO_CROSS_MEASURE_SUM_EMITTED	DISJOINTNESS_UNVERIFIABLE__NO_participantFlowModule_IN_CACHE
NCT04137289	ctg_results_bor_2018_2021.txt	110	ACTUAL	9	9	18	22	ctg_results_bor_2018_2021.txt::NCT04137289::outcomeMeasures[2]::groups[OG003]	2	9	104	False	NO_CONFLICT_DETECTED	NOT_A_PATIENT_COUNT__NO_CROSS_MEASURE_SUM_EMITTED	DISJOINTNESS_UNVERIFIABLE__NO_participantFlowModule_IN_CACHE
NCT03814005	ctg_results_bor_2018_2021.txt	17	ACTUAL	3	3	3	8	ctg_results_bor_2018_2021.txt::NCT03814005::outcomeMeasures[19]::groups[OG000]	19	3	11	False	NO_CONFLICT_DETECTED	NOT_A_PATIENT_COUNT__NO_CROSS_MEASURE_SUM_EMITTED	DISJOINTNESS_UNVERIFIABLE__NO_participantFlowModule_IN_CACHE
NCT04751383	ctg_results_bor_2018_2021.txt	12	ACTUAL	2	1	1	0			0	0	False	NO_CONFLICT_DETECTED	NOT_A_PATIENT_COUNT__NO_CROSS_MEASURE_SUM_EMITTED	DISJOINTNESS_UNVERIFIABLE__NO_participantFlowModule_IN_CACHE
NCT03459222	ctg_results_bor_2018_2021.txt	229	ACTUAL	2	6	12	65	ctg_results_bor_2018_2021.txt::NCT03459222::outcomeMeasures[3]::groups[OG004]	3	6	229	False	NO_CONFLICT_DETECTED	NOT_A_PATIENT_COUNT__NO_CROSS_MEASURE_SUM_EMITTED	DISJOINTNESS_UNVERIFIABLE__NO_participantFlowModule_IN_CACHE
NCT04659044	ctg_results_bor_2018_2021.txt	3	ACTUAL	1	1	2	2	ctg_results_bor_2018_2021.txt::NCT04659044::outcomeMeasures[1]::groups[OG000]	1	1	2	False	NO_CONFLICT_DETECTED	NOT_A_PATIENT_COUNT__NO_CROSS_MEASURE_SUM_EMITTED	DISJOINTNESS_UNVERIFIABLE__NO_participantFlowModule_IN_CACHE
NCT04134936	ctg_results_bor_2018_2021.txt	66	ACTUAL	2	2	4	33	ctg_results_bor_2018_2021.txt::NCT04134936::outcomeMeasures[1]::groups[OG000]	1	2	66	False	NO_CONFLICT_DETECTED	NOT_A_PATIENT_COUNT__NO_CROSS_MEASURE_SUM_EMITTED	DISJOINTNESS_UNVERIFIABLE__NO_participantFlowModule_IN_CACHE
NCT04666038	ctg_results_bor_2018_2021.txt	238	ACTUAL	2	2	2	119	ctg_results_bor_2018_2021.txt::NCT04666038::outcomeMeasures[5]::groups[OG000]	5	2	238	False	NO_CONFLICT_DETECTED	NOT_A_PATIENT_COUNT__NO_CROSS_MEASURE_SUM_EMITTED	DISJOINTNESS_UNVERIFIABLE__NO_participantFlowModule_IN_CACHE
NCT04329949	ctg_results_bor_2018_2021.txt	43	ACTUAL	1	1	4	43	ctg_results_bor_2018_2021.txt::NCT04329949::outcomeMeasures[0]::groups[OG000]	0	1	43	False	NO_CONFLICT_DETECTED	NOT_A_PATIENT_COUNT__NO_CROSS_MEASURE_SUM_EMITTED	DISJOINTNESS_UNVERIFIABLE__NO_participantFlowModule_IN_CACHE
NCT04442126	ctg_results_bor_2018_2021.txt	52	ACTUAL	1	9	9	21	ctg_results_bor_2018_2021.txt::NCT04442126::outcomeMeasures[3]::groups[OG008]	3	9	52	False	NO_CONFLICT_DETECTED	NOT_A_PATIENT_COUNT__NO_CROSS_MEASURE_SUM_EMITTED	DISJOINTNESS_UNVERIFIABLE__NO_participantFlowModule_IN_CACHE
NCT03999684	ctg_results_bor_2018_2021.txt	18	ACTUAL	1	1	1	18	ctg_results_bor_2018_2021.txt::NCT03999684::outcomeMeasures[0]::groups[OG000]	0	1	18	False	NO_CONFLICT_DETECTED	NOT_A_PATIENT_COUNT__NO_CROSS_MEASURE_SUM_EMITTED	DISJOINTNESS_UNVERIFIABLE__NO_participantFlowModule_IN_CACHE
NCT04479436	ctg_results_bor_2018_2021.txt	40	ACTUAL	2	2	4	39	ctg_results_bor_2018_2021.txt::NCT04479436::outcomeMeasures[0]::groups[OG000]	0	2	40	False	NO_CONFLICT_DETECTED	NOT_A_PATIENT_COUNT__NO_CROSS_MEASURE_SUM_EMITTED	DISJOINTNESS_UNVERIFIABLE__NO_participantFlowModule_IN_CACHE
NCT04541706	ctg_results_bor_2018_2021.txt	100	ACTUAL	1	1	2	100	ctg_results_bor_2018_2021.txt::NCT04541706::outcomeMeasures[1]::groups[OG000]	1	1	100	False	NO_CONFLICT_DETECTED	NOT_A_PATIENT_COUNT__NO_CROSS_MEASURE_SUM_EMITTED	DISJOINTNESS_UNVERIFIABLE__NO_participantFlowModule_IN_CACHE
NCT03797326	ctg_results_bor_2018_2021.txt	611	ACTUAL	2	8	16	105	ctg_results_bor_2018_2021.txt::NCT03797326::outcomeMeasures[1]::groups[OG001]	1	6	540	False	NO_CONFLICT_DETECTED	NOT_A_PATIENT_COUNT__NO_CROSS_MEASURE_SUM_EMITTED	DISJOINTNESS_UNVERIFIABLE__NO_participantFlowModule_IN_CACHE
NCT03922100	ctg_results_bor_2018_2021.txt	63	ACTUAL	1	13	15	10	ctg_results_bor_2018_2021.txt::NCT03922100::outcomeMeasures[10]::groups[OG006]	10	13	61	False	NO_CONFLICT_DETECTED	NOT_A_PATIENT_COUNT__NO_CROSS_MEASURE_SUM_EMITTED	DISJOINTNESS_UNVERIFIABLE__NO_participantFlowModule_IN_CACHE
NCT03430791	ctg_results_bor_2018_2021.txt	5	ACTUAL	2	2	4	4	ctg_results_bor_2018_2021.txt::NCT03430791::outcomeMeasures[0]::groups[OG000]	0	1	4	False	NO_CONFLICT_DETECTED	NOT_A_PATIENT_COUNT__NO_CROSS_MEASURE_SUM_EMITTED	DISJOINTNESS_UNVERIFIABLE__NO_participantFlowModule_IN_CACHE
NCT03439046	ctg_results_bor_2018_2021.txt	287	ACTUAL	2	2	4	236	ctg_results_bor_2018_2021.txt::NCT03439046::outcomeMeasures[15]::groups[OG000]	15	2	253	False	NO_CONFLICT_DETECTED	NOT_A_PATIENT_COUNT__NO_CROSS_MEASURE_SUM_EMITTED	DISJOINTNESS_UNVERIFIABLE__NO_participantFlowModule_IN_CACHE
NCT03410693	ctg_results_bor_2018_2021.txt	175	ACTUAL	2	4	4	88	ctg_results_bor_2018_2021.txt::NCT03410693::outcomeMeasures[0]::groups[OG001]	0	4	300	False	WITHIN_MEASURE_SUM_EXCEEDS_ENROLLMENT	NOT_A_PATIENT_COUNT__NO_CROSS_MEASURE_SUM_EMITTED	DISJOINTNESS_UNVERIFIABLE__NO_participantFlowModule_IN_CACHE
NCT03520075	ctg_results_bor_2018_2021.txt	192	ACTUAL	19	19	25	32	ctg_results_bor_2018_2021.txt::NCT03520075::outcomeMeasures[2]::groups[OG000]	2	6	114	False	NO_CONFLICT_DETECTED	NOT_A_PATIENT_COUNT__NO_CROSS_MEASURE_SUM_EMITTED	DISJOINTNESS_UNVERIFIABLE__NO_participantFlowModule_IN_CACHE
NCT04577963	ctg_results_bor_2018_2021.txt	52	ACTUAL	2	5	15	39	ctg_results_bor_2018_2021.txt::NCT04577963::outcomeMeasures[2]::groups[OG003]	5	5	58	False	WITHIN_MEASURE_SUM_EXCEEDS_ENROLLMENT	NOT_A_PATIENT_COUNT__NO_CROSS_MEASURE_SUM_EMITTED	DISJOINTNESS_UNVERIFIABLE__NO_participantFlowModule_IN_CACHE
NCT03489343	ctg_results_bor_2018_2021.txt	24	ACTUAL	7	7	21	6	ctg_results_bor_2018_2021.txt::NCT03489343::outcomeMeasures[2]::groups[OG005]	2	7	23	False	NO_CONFLICT_DETECTED	NOT_A_PATIENT_COUNT__NO_CROSS_MEASURE_SUM_EMITTED	DISJOINTNESS_UNVERIFIABLE__NO_participantFlowModule_IN_CACHE
NCT04690855	ctg_results_bor_2018_2021.txt	1	ACTUAL	1	1	4	1	ctg_results_bor_2018_2021.txt::NCT04690855::outcomeMeasures[0]::groups[OG000]	0	1	1	False	NO_CONFLICT_DETECTED	NOT_A_PATIENT_COUNT__NO_CROSS_MEASURE_SUM_EMITTED	DISJOINTNESS_UNVERIFIABLE__NO_participantFlowModule_IN_CACHE
NCT04402008	ctg_results_bor_2018_2021.txt	42	ACTUAL	3	1	2	0			0	0	False	NO_CONFLICT_DETECTED	NOT_A_PATIENT_COUNT__NO_CROSS_MEASURE_SUM_EMITTED	DISJOINTNESS_UNVERIFIABLE__NO_participantFlowModule_IN_CACHE
NCT04172597	ctg_results_bor_2018_2021.txt	1	ACTUAL	5	5	10	1	ctg_results_bor_2018_2021.txt::NCT04172597::outcomeMeasures[0]::groups[OG004]	0	1	1	False	NO_CONFLICT_DETECTED	NOT_A_PATIENT_COUNT__NO_CROSS_MEASURE_SUM_EMITTED	DISJOINTNESS_UNVERIFIABLE__NO_participantFlowModule_IN_CACHE
NCT04400474	ctg_results_bor_2018_2021.txt	93	ACTUAL	1	6	6	24	ctg_results_bor_2018_2021.txt::NCT04400474::outcomeMeasures[0]::groups[OG002]	0	6	93	False	NO_CONFLICT_DETECTED	NOT_A_PATIENT_COUNT__NO_CROSS_MEASURE_SUM_EMITTED	DISJOINTNESS_UNVERIFIABLE__NO_participantFlowModule_IN_CACHE
NCT05228470	ctg_results_bor_2018_2021.txt	39	ACTUAL	1	3	3	38	ctg_results_bor_2018_2021.txt::NCT05228470::outcomeMeasures[1]::groups[OG002]	1	3	76	False	WITHIN_MEASURE_SUM_EXCEEDS_ENROLLMENT	NOT_A_PATIENT_COUNT__NO_CROSS_MEASURE_SUM_EMITTED	DISJOINTNESS_UNVERIFIABLE__NO_participantFlowModule_IN_CACHE
NCT03523585	ctg_results_bor_2018_2021.txt	608	ACTUAL	3	2	2	406	ctg_results_bor_2018_2021.txt::NCT03523585::outcomeMeasures[2]::groups[OG000]	2	2	608	False	NO_CONFLICT_DETECTED	NOT_A_PATIENT_COUNT__NO_CROSS_MEASURE_SUM_EMITTED	DISJOINTNESS_UNVERIFIABLE__NO_participantFlowModule_IN_CACHE
NCT03126630	ctg_results_bor_2018_2021.txt	49	ACTUAL	2	2	2	18	ctg_results_bor_2018_2021.txt::NCT03126630::outcomeMeasures[0]::groups[OG001]	0	2	35	False	NO_CONFLICT_DETECTED	NOT_A_PATIENT_COUNT__NO_CROSS_MEASURE_SUM_EMITTED	DISJOINTNESS_UNVERIFIABLE__NO_participantFlowModule_IN_CACHE
NCT04629339	ctg_results_bor_2018_2021.txt	16	ACTUAL	1	5	10	7	ctg_results_bor_2018_2021.txt::NCT04629339::outcomeMeasures[0]::groups[OG003]	0	5	16	False	NO_CONFLICT_DETECTED	NOT_A_PATIENT_COUNT__NO_CROSS_MEASURE_SUM_EMITTED	DISJOINTNESS_UNVERIFIABLE__NO_participantFlowModule_IN_CACHE
NCT04677595	ctg_results_bor_2018_2021.txt	36	ACTUAL	2	6	14	21	ctg_results_bor_2018_2021.txt::NCT04677595::outcomeMeasures[0]::groups[OG001]	0	2	36	False	NO_CONFLICT_DETECTED	NOT_A_PATIENT_COUNT__NO_CROSS_MEASURE_SUM_EMITTED	DISJOINTNESS_UNVERIFIABLE__NO_participantFlowModule_IN_CACHE
NCT04238819	ctg_results_bor_2018_2021.txt	47	ACTUAL	7	7	11	13	ctg_results_bor_2018_2021.txt::NCT04238819::outcomeMeasures[12]::groups[OG001]	13	4	26	False	NO_CONFLICT_DETECTED	NOT_A_PATIENT_COUNT__NO_CROSS_MEASURE_SUM_EMITTED	DISJOINTNESS_UNVERIFIABLE__NO_participantFlowModule_IN_CACHE
NCT04824794	ctg_results_bor_2018_2021.txt	130	ACTUAL	2	11	18	45	ctg_results_bor_2018_2021.txt::NCT04824794::outcomeMeasures[3]::groups[OG001]	3	2	88	False	NO_CONFLICT_DETECTED	NOT_A_PATIENT_COUNT__NO_CROSS_MEASURE_SUM_EMITTED	DISJOINTNESS_UNVERIFIABLE__NO_participantFlowModule_IN_CACHE
NCT03468985	ctg_results_bor_2018_2021.txt	3	ACTUAL	4	4	4	2	ctg_results_bor_2018_2021.txt::NCT03468985::outcomeMeasures[2]::groups[OG001]	2	2	3	False	NO_CONFLICT_DETECTED	NOT_A_PATIENT_COUNT__NO_CROSS_MEASURE_SUM_EMITTED	DISJOINTNESS_UNVERIFIABLE__NO_participantFlowModule_IN_CACHE
NCT04524689	ctg_results_bor_2018_2021.txt	57	ACTUAL	6	6	12	23	ctg_results_bor_2018_2021.txt::NCT04524689::outcomeMeasures[1]::groups[OG000]	5	6	57	False	NO_CONFLICT_DETECTED	NOT_A_PATIENT_COUNT__NO_CROSS_MEASURE_SUM_EMITTED	DISJOINTNESS_UNVERIFIABLE__NO_participantFlowModule_IN_CACHE
NCT04287868	ctg_results_bor_2018_2021.txt	51	ACTUAL	2	4	4	50	ctg_results_bor_2018_2021.txt::NCT04287868::outcomeMeasures[0]::groups[OG000]	0	4	124	True	WITHIN_MEASURE_SUM_EXCEEDS_ENROLLMENT__POOLED_LABEL_IN_MEASURE	NOT_A_PATIENT_COUNT__NO_CROSS_MEASURE_SUM_EMITTED	DISJOINTNESS_UNVERIFIABLE__NO_participantFlowModule_IN_CACHE
NCT03834220	ctg_results_bor_2018_2021.txt	63	ACTUAL	3	3	6	30	ctg_results_bor_2018_2021.txt::NCT03834220::outcomeMeasures[0]::groups[OG000]	2	3	63	False	NO_CONFLICT_DETECTED	NOT_A_PATIENT_COUNT__NO_CROSS_MEASURE_SUM_EMITTED	DISJOINTNESS_UNVERIFIABLE__NO_participantFlowModule_IN_CACHE
NCT04739761	ctg_results_bor_2018_2021.txt	506	ACTUAL	1	2	3	263	ctg_results_bor_2018_2021.txt::NCT04739761::outcomeMeasures[3]::groups[OG000]	3	1	263	False	NO_CONFLICT_DETECTED	NOT_A_PATIENT_COUNT__NO_CROSS_MEASURE_SUM_EMITTED	DISJOINTNESS_UNVERIFIABLE__NO_participantFlowModule_IN_CACHE
NCT03896503	ctg_results_bor_2018_2021.txt	104	ACTUAL	3	5	5	20	ctg_results_bor_2018_2021.txt::NCT03896503::outcomeMeasures[2]::groups[OG001]	2	5	72	False	NO_CONFLICT_DETECTED	NOT_A_PATIENT_COUNT__NO_CROSS_MEASURE_SUM_EMITTED	DISJOINTNESS_UNVERIFIABLE__NO_participantFlowModule_IN_CACHE
NCT03406156	ctg_results_bor_2018_2021.txt	120	ACTUAL	2	2	2	84	ctg_results_bor_2018_2021.txt::NCT03406156::outcomeMeasures[2]::groups[OG000]	2	2	120	False	NO_CONFLICT_DETECTED	NOT_A_PATIENT_COUNT__NO_CROSS_MEASURE_SUM_EMITTED	DISJOINTNESS_UNVERIFIABLE__NO_participantFlowModule_IN_CACHE
NCT04401800	ctg_results_bor_2018_2021.txt	64	ACTUAL	1	1	7	62	ctg_results_bor_2018_2021.txt::NCT04401800::outcomeMeasures[0]::groups[OG000]	0	1	62	False	NO_CONFLICT_DETECTED	NOT_A_PATIENT_COUNT__NO_CROSS_MEASURE_SUM_EMITTED	DISJOINTNESS_UNVERIFIABLE__NO_participantFlowModule_IN_CACHE
NCT03232892	ctg_results_bor_2018_2021.txt	1	ACTUAL	1	1	2	0			0	0	False	NO_CONFLICT_DETECTED	NOT_A_PATIENT_COUNT__NO_CROSS_MEASURE_SUM_EMITTED	DISJOINTNESS_UNVERIFIABLE__NO_participantFlowModule_IN_CACHE
NCT03965689	ctg_results_bor_2018_2021.txt	27	ACTUAL	1	1	1	25	ctg_results_bor_2018_2021.txt::NCT03965689::outcomeMeasures[0]::groups[OG000]	0	1	25	False	NO_CONFLICT_DETECTED	NOT_A_PATIENT_COUNT__NO_CROSS_MEASURE_SUM_EMITTED	DISJOINTNESS_UNVERIFIABLE__NO_participantFlowModule_IN_CACHE
NCT04408924	ctg_results_bor_2018_2021.txt	44	ACTUAL	1	1	3	44	ctg_results_bor_2018_2021.txt::NCT04408924::outcomeMeasures[0]::groups[OG000]	0	1	44	False	NO_CONFLICT_DETECTED	NOT_A_PATIENT_COUNT__NO_CROSS_MEASURE_SUM_EMITTED	DISJOINTNESS_UNVERIFIABLE__NO_participantFlowModule_IN_CACHE
NCT03451825	ctg_results_bor_2018_2021.txt	21	ACTUAL	2	2	2	15	ctg_results_bor_2018_2021.txt::NCT03451825::outcomeMeasures[2]::groups[OG001]	2	2	21	False	NO_CONFLICT_DETECTED	NOT_A_PATIENT_COUNT__NO_CROSS_MEASURE_SUM_EMITTED	DISJOINTNESS_UNVERIFIABLE__NO_participantFlowModule_IN_CACHE
NCT03256045	ctg_results_bor_2018_2021.txt	9	ACTUAL	1	1	1	9	ctg_results_bor_2018_2021.txt::NCT03256045::outcomeMeasures[0]::groups[OG000]	0	1	9	False	NO_CONFLICT_DETECTED	NOT_A_PATIENT_COUNT__NO_CROSS_MEASURE_SUM_EMITTED	DISJOINTNESS_UNVERIFIABLE__NO_participantFlowModule_IN_CACHE
NCT03332667	ctg_results_bor_2018_2021.txt	45	ACTUAL	4	4	4	15	ctg_results_bor_2018_2021.txt::NCT03332667::outcomeMeasures[4]::groups[OG002]	4	3	26	False	NO_CONFLICT_DETECTED	NOT_A_PATIENT_COUNT__NO_CROSS_MEASURE_SUM_EMITTED	DISJOINTNESS_UNVERIFIABLE__NO_participantFlowModule_IN_CACHE
NCT04236141	ctg_results_bor_2018_2021.txt	42	ACTUAL	2	2	6	28	ctg_results_bor_2018_2021.txt::NCT04236141::outcomeMeasures[2]::groups[OG000]	2	2	42	False	NO_CONFLICT_DETECTED	NOT_A_PATIENT_COUNT__NO_CROSS_MEASURE_SUM_EMITTED	DISJOINTNESS_UNVERIFIABLE__NO_participantFlowModule_IN_CACHE
NCT03367819	ctg_results_bor_2018_2021.txt	44	ACTUAL	6	2	2	24	ctg_results_bor_2018_2021.txt::NCT03367819::outcomeMeasures[6]::groups[OG000]	6	2	44	False	NO_CONFLICT_DETECTED	NOT_A_PATIENT_COUNT__NO_CROSS_MEASURE_SUM_EMITTED	DISJOINTNESS_UNVERIFIABLE__NO_participantFlowModule_IN_CACHE
NCT04880863	ctg_results_bor_2018_2021.txt	38	ACTUAL	1	1	2	32	ctg_results_bor_2018_2021.txt::NCT04880863::outcomeMeasures[0]::groups[OG000]	0	1	32	False	NO_CONFLICT_DETECTED	NOT_A_PATIENT_COUNT__NO_CROSS_MEASURE_SUM_EMITTED	DISJOINTNESS_UNVERIFIABLE__NO_participantFlowModule_IN_CACHE
NCT03486314	ctg_results_bor_2018_2021.txt	20	ACTUAL	2	2	2	7	ctg_results_bor_2018_2021.txt::NCT03486314::outcomeMeasures[6]::groups[OG001]	6	2	13	False	NO_CONFLICT_DETECTED	NOT_A_PATIENT_COUNT__NO_CROSS_MEASURE_SUM_EMITTED	DISJOINTNESS_UNVERIFIABLE__NO_participantFlowModule_IN_CACHE
NCT04716634	ctg_results_bor_2018_2021.txt	84	ACTUAL	3	3	9	31	ctg_results_bor_2018_2021.txt::NCT04716634::outcomeMeasures[2]::groups[OG000]	2	3	84	False	NO_CONFLICT_DETECTED	NOT_A_PATIENT_COUNT__NO_CROSS_MEASURE_SUM_EMITTED	DISJOINTNESS_UNVERIFIABLE__NO_participantFlowModule_IN_CACHE
NCT04079296	ctg_results_bor_2018_2021.txt	43	ACTUAL	5	4	4	12	ctg_results_bor_2018_2021.txt::NCT04079296::outcomeMeasures[43]::groups[OG003]	43	4	16	False	NO_CONFLICT_DETECTED	NOT_A_PATIENT_COUNT__NO_CROSS_MEASURE_SUM_EMITTED	DISJOINTNESS_UNVERIFIABLE__NO_participantFlowModule_IN_CACHE
NCT03711188	ctg_results_bor_2018_2021.txt	16	ACTUAL	1	2	4	11	ctg_results_bor_2018_2021.txt::NCT03711188::outcomeMeasures[1]::groups[OG000]	1	2	16	False	NO_CONFLICT_DETECTED	NOT_A_PATIENT_COUNT__NO_CROSS_MEASURE_SUM_EMITTED	DISJOINTNESS_UNVERIFIABLE__NO_participantFlowModule_IN_CACHE
NCT03575351	ctg_results_bor_2018_2021.txt	184	ACTUAL	2	2	6	92	ctg_results_bor_2018_2021.txt::NCT03575351::outcomeMeasures[1]::groups[OG000]	1	2	184	False	NO_CONFLICT_DETECTED	NOT_A_PATIENT_COUNT__NO_CROSS_MEASURE_SUM_EMITTED	DISJOINTNESS_UNVERIFIABLE__NO_participantFlowModule_IN_CACHE
NCT03981146	ctg_results_bor_2018_2021.txt	35	ACTUAL	1	1	1	35	ctg_results_bor_2018_2021.txt::NCT03981146::outcomeMeasures[1]::groups[OG000]	1	1	35	False	NO_CONFLICT_DETECTED	NOT_A_PATIENT_COUNT__NO_CROSS_MEASURE_SUM_EMITTED	DISJOINTNESS_UNVERIFIABLE__NO_participantFlowModule_IN_CACHE
NCT03451773	ctg_results_bor_2018_2021.txt	7	ACTUAL	2	2	4	6	ctg_results_bor_2018_2021.txt::NCT03451773::outcomeMeasures[2]::groups[OG001]	2	2	7	False	NO_CONFLICT_DETECTED	NOT_A_PATIENT_COUNT__NO_CROSS_MEASURE_SUM_EMITTED	DISJOINTNESS_UNVERIFIABLE__NO_participantFlowModule_IN_CACHE
NCT04454489	ctg_results_bor_2018_2021.txt	21	ACTUAL	1	1	3	15	ctg_results_bor_2018_2021.txt::NCT04454489::outcomeMeasures[0]::groups[OG000]	0	1	15	False	NO_CONFLICT_DETECTED	NOT_A_PATIENT_COUNT__NO_CROSS_MEASURE_SUM_EMITTED	DISJOINTNESS_UNVERIFIABLE__NO_participantFlowModule_IN_CACHE
NCT03663166	ctg_results_bor_2018_2021.txt	19	ACTUAL	2	1	1	19	ctg_results_bor_2018_2021.txt::NCT03663166::outcomeMeasures[3]::groups[OG000]	3	1	19	False	NO_CONFLICT_DETECTED	NOT_A_PATIENT_COUNT__NO_CROSS_MEASURE_SUM_EMITTED	DISJOINTNESS_UNVERIFIABLE__NO_participantFlowModule_IN_CACHE
NCT03376659	ctg_results_bor_2018_2021.txt	8	ACTUAL	3	1	2	8	ctg_results_bor_2018_2021.txt::NCT03376659::outcomeMeasures[3]::groups[OG000]	3	1	8	False	NO_CONFLICT_DETECTED	NOT_A_PATIENT_COUNT__NO_CROSS_MEASURE_SUM_EMITTED	DISJOINTNESS_UNVERIFIABLE__NO_participantFlowModule_IN_CACHE
NCT04099888	ctg_results_bor_2018_2021.txt	41	ACTUAL	2	2	6	19	ctg_results_bor_2018_2021.txt::NCT04099888::outcomeMeasures[2]::groups[OG000]	2	2	34	False	NO_CONFLICT_DETECTED	NOT_A_PATIENT_COUNT__NO_CROSS_MEASURE_SUM_EMITTED	DISJOINTNESS_UNVERIFIABLE__NO_participantFlowModule_IN_CACHE
NCT03665285	ctg_results_bor_2018_2021.txt	109	ACTUAL	9	9	18	47	ctg_results_bor_2018_2021.txt::NCT03665285::outcomeMeasures[1]::groups[OG007]	1	9	109	False	NO_CONFLICT_DETECTED	NOT_A_PATIENT_COUNT__NO_CROSS_MEASURE_SUM_EMITTED	DISJOINTNESS_UNVERIFIABLE__NO_participantFlowModule_IN_CACHE
NCT04527991	ctg_results_bor_2018_2021.txt	711	ACTUAL	2	2	8	356	ctg_results_bor_2018_2021.txt::NCT04527991::outcomeMeasures[3]::groups[OG001]	3	2	711	False	NO_CONFLICT_DETECTED	NOT_A_PATIENT_COUNT__NO_CROSS_MEASURE_SUM_EMITTED	DISJOINTNESS_UNVERIFIABLE__NO_participantFlowModule_IN_CACHE
NCT04320888	ctg_results_bor_2018_2021.txt	1	ACTUAL	1	1	1	1	ctg_results_bor_2018_2021.txt::NCT04320888::outcomeMeasures[0]::groups[OG000]	0	1	1	False	NO_CONFLICT_DETECTED	NOT_A_PATIENT_COUNT__NO_CROSS_MEASURE_SUM_EMITTED	DISJOINTNESS_UNVERIFIABLE__NO_participantFlowModule_IN_CACHE
NCT03661723	ctg_results_bor_2018_2021.txt	60	ACTUAL	4	2	2	30	ctg_results_bor_2018_2021.txt::NCT03661723::outcomeMeasures[0]::groups[OG000]	0	2	60	False	NO_CONFLICT_DETECTED	NOT_A_PATIENT_COUNT__NO_CROSS_MEASURE_SUM_EMITTED	DISJOINTNESS_UNVERIFIABLE__NO_participantFlowModule_IN_CACHE
NCT04702880	ctg_results_bor_2018_2021.txt	135	ACTUAL	2	2	2	68	ctg_results_bor_2018_2021.txt::NCT04702880::outcomeMeasures[2]::groups[OG001]	2	2	135	False	NO_CONFLICT_DETECTED	NOT_A_PATIENT_COUNT__NO_CROSS_MEASURE_SUM_EMITTED	DISJOINTNESS_UNVERIFIABLE__NO_participantFlowModule_IN_CACHE
NCT04296890	ctg_results_bor_2018_2021.txt	106	ACTUAL	1	1	1	105	ctg_results_bor_2018_2021.txt::NCT04296890::outcomeMeasures[0]::groups[OG000]	0	1	105	False	NO_CONFLICT_DETECTED	NOT_A_PATIENT_COUNT__NO_CROSS_MEASURE_SUM_EMITTED	DISJOINTNESS_UNVERIFIABLE__NO_participantFlowModule_IN_CACHE
NCT04702737	ctg_results_bor_2018_2021.txt	41	ACTUAL	2	1	2	25	ctg_results_bor_2018_2021.txt::NCT04702737::outcomeMeasures[3]::groups[OG000]	3	1	25	False	NO_CONFLICT_DETECTED	NOT_A_PATIENT_COUNT__NO_CROSS_MEASURE_SUM_EMITTED	DISJOINTNESS_UNVERIFIABLE__NO_participantFlowModule_IN_CACHE
NCT05004350	ctg_results_bor_2018_2021.txt	107	ACTUAL	2	3	10	65	ctg_results_bor_2018_2021.txt::NCT05004350::outcomeMeasures[26]::groups[OG000]	26	2	97	False	NO_CONFLICT_DETECTED	NOT_A_PATIENT_COUNT__NO_CROSS_MEASURE_SUM_EMITTED	DISJOINTNESS_UNVERIFIABLE__NO_participantFlowModule_IN_CACHE
NCT03505710	ctg_results_bor_2018_2021.txt	181	ACTUAL	3	3	9	91	ctg_results_bor_2018_2021.txt::NCT03505710::outcomeMeasures[0]::groups[OG002]	0	3	181	False	NO_CONFLICT_DETECTED	NOT_A_PATIENT_COUNT__NO_CROSS_MEASURE_SUM_EMITTED	DISJOINTNESS_UNVERIFIABLE__NO_participantFlowModule_IN_CACHE
NCT04729387	ctg_results_bor_2018_2021.txt	358	ACTUAL	2	2	4	180	ctg_results_bor_2018_2021.txt::NCT04729387::outcomeMeasures[2]::groups[OG000]	2	2	358	False	NO_CONFLICT_DETECTED	NOT_A_PATIENT_COUNT__NO_CROSS_MEASURE_SUM_EMITTED	DISJOINTNESS_UNVERIFIABLE__NO_participantFlowModule_IN_CACHE
NCT04816214	ctg_results_bor_2018_2021.txt	6	ACTUAL	3	3	10	6	ctg_results_bor_2018_2021.txt::NCT04816214::outcomeMeasures[11]::groups[OG000]	11	1	6	False	NO_CONFLICT_DETECTED	NOT_A_PATIENT_COUNT__NO_CROSS_MEASURE_SUM_EMITTED	DISJOINTNESS_UNVERIFIABLE__NO_participantFlowModule_IN_CACHE
NCT03773107	ctg_results_bor_2018_2021.txt	12	ACTUAL	2	5	9	5	ctg_results_bor_2018_2021.txt::NCT03773107::outcomeMeasures[1]::groups[OG000]	1	3	12	False	NO_CONFLICT_DETECTED	NOT_A_PATIENT_COUNT__NO_CROSS_MEASURE_SUM_EMITTED	DISJOINTNESS_UNVERIFIABLE__NO_participantFlowModule_IN_CACHE
NCT03955471	ctg_results_bor_2018_2021.txt	41	ACTUAL	1	1	5	41	ctg_results_bor_2018_2021.txt::NCT03955471::outcomeMeasures[0]::groups[OG000]	0	1	41	False	NO_CONFLICT_DETECTED	NOT_A_PATIENT_COUNT__NO_CROSS_MEASURE_SUM_EMITTED	DISJOINTNESS_UNVERIFIABLE__NO_participantFlowModule_IN_CACHE
NCT04075396	ctg_results_bor_2018_2021.txt	29	ACTUAL	1	2	4	15	ctg_results_bor_2018_2021.txt::NCT04075396::outcomeMeasures[36]::groups[OG000]	36	2	28	False	NO_CONFLICT_DETECTED	NOT_A_PATIENT_COUNT__NO_CROSS_MEASURE_SUM_EMITTED	DISJOINTNESS_UNVERIFIABLE__NO_participantFlowModule_IN_CACHE
NCT04764474	ctg_results_bor_2018_2021.txt	46	ACTUAL	1	8	40	10	ctg_results_bor_2018_2021.txt::NCT04764474::outcomeMeasures[3]::groups[OG002]	3	8	41	False	NO_CONFLICT_DETECTED	NOT_A_PATIENT_COUNT__NO_CROSS_MEASURE_SUM_EMITTED	DISJOINTNESS_UNVERIFIABLE__NO_participantFlowModule_IN_CACHE
NCT04822350	ctg_results_bor_2018_2021.txt	596	ACTUAL	1	1	4	530	ctg_results_bor_2018_2021.txt::NCT04822350::outcomeMeasures[8]::groups[OG000]	8	1	530	True	NO_CONFLICT_DETECTED	NOT_A_PATIENT_COUNT__NO_CROSS_MEASURE_SUM_EMITTED	DISJOINTNESS_UNVERIFIABLE__NO_participantFlowModule_IN_CACHE
NCT07084896	ctg_results_bor_2018_2021.txt	106	ACTUAL	1	7	9	37	ctg_results_bor_2018_2021.txt::NCT07084896::outcomeMeasures[4]::groups[OG001]	4	2	71	False	NO_CONFLICT_DETECTED	NOT_A_PATIENT_COUNT__NO_CROSS_MEASURE_SUM_EMITTED	DISJOINTNESS_UNVERIFIABLE__NO_participantFlowModule_IN_CACHE
NCT03245450	ctg_results_bor_2018_2021.txt	40	ACTUAL	1	3	6	9	ctg_results_bor_2018_2021.txt::NCT03245450::outcomeMeasures[1]::groups[OG000]	1	3	27	False	NO_CONFLICT_DETECTED	NOT_A_PATIENT_COUNT__NO_CROSS_MEASURE_SUM_EMITTED	DISJOINTNESS_UNVERIFIABLE__NO_participantFlowModule_IN_CACHE
NCT04622774	ctg_results_bor_2018_2021.txt	56	ACTUAL	10	10	10	13	ctg_results_bor_2018_2021.txt::NCT04622774::outcomeMeasures[2]::groups[OG000]	5	8	37	False	NO_CONFLICT_DETECTED	NOT_A_PATIENT_COUNT__NO_CROSS_MEASURE_SUM_EMITTED	DISJOINTNESS_UNVERIFIABLE__NO_participantFlowModule_IN_CACHE
NCT03365791	ctg_results_bor_2018_2021.txt	76	ACTUAL	1	1	2	75	ctg_results_bor_2018_2021.txt::NCT03365791::outcomeMeasures[0]::groups[OG000]	0	1	75	False	NO_CONFLICT_DETECTED	NOT_A_PATIENT_COUNT__NO_CROSS_MEASURE_SUM_EMITTED	DISJOINTNESS_UNVERIFIABLE__NO_participantFlowModule_IN_CACHE
NCT03255018	ctg_results_bor_2018_2021.txt	12	ACTUAL	1	2	4	9	ctg_results_bor_2018_2021.txt::NCT03255018::outcomeMeasures[0]::groups[OG001]	0	2	11	False	NO_CONFLICT_DETECTED	NOT_A_PATIENT_COUNT__NO_CROSS_MEASURE_SUM_EMITTED	DISJOINTNESS_UNVERIFIABLE__NO_participantFlowModule_IN_CACHE
NCT03396471	ctg_results_bor_2018_2021.txt	14	ACTUAL	1	1	4	14	ctg_results_bor_2018_2021.txt::NCT03396471::outcomeMeasures[0]::groups[OG000]	0	1	14	False	NO_CONFLICT_DETECTED	NOT_A_PATIENT_COUNT__NO_CROSS_MEASURE_SUM_EMITTED	DISJOINTNESS_UNVERIFIABLE__NO_participantFlowModule_IN_CACHE
NCT03759184	ctg_results_bor_2018_2021.txt	1	ACTUAL	2	1	1	1	ctg_results_bor_2018_2021.txt::NCT03759184::outcomeMeasures[7]::groups[OG000]	7	1	1	False	NO_CONFLICT_DETECTED	NOT_A_PATIENT_COUNT__NO_CROSS_MEASURE_SUM_EMITTED	DISJOINTNESS_UNVERIFIABLE__NO_participantFlowModule_IN_CACHE
NCT04099277	ctg_results_bor_2018_2021.txt	2	ACTUAL	4	1	2	0			0	0	False	NO_CONFLICT_DETECTED	NOT_A_PATIENT_COUNT__NO_CROSS_MEASURE_SUM_EMITTED	DISJOINTNESS_UNVERIFIABLE__NO_participantFlowModule_IN_CACHE
NCT03637764	ctg_results_bor_2018_2021.txt	107	ACTUAL	4	3	3	29	ctg_results_bor_2018_2021.txt::NCT03637764::outcomeMeasures[3]::groups[OG001]	3	3	74	False	NO_CONFLICT_DETECTED	NOT_A_PATIENT_COUNT__NO_CROSS_MEASURE_SUM_EMITTED	DISJOINTNESS_UNVERIFIABLE__NO_participantFlowModule_IN_CACHE
NCT04761198	ctg_results_bor_2018_2021.txt	76	ACTUAL	8	11	22	10	ctg_results_bor_2018_2021.txt::NCT04761198::outcomeMeasures[0]::groups[OG000]	0	11	72	False	NO_CONFLICT_DETECTED	NOT_A_PATIENT_COUNT__NO_CROSS_MEASURE_SUM_EMITTED	DISJOINTNESS_UNVERIFIABLE__NO_participantFlowModule_IN_CACHE
NCT05047536	ctg_results_bor_2018_2021.txt	61	ACTUAL	1	10	10	14	ctg_results_bor_2018_2021.txt::NCT05047536::outcomeMeasures[4]::groups[OG007]	4	10	51	False	NO_CONFLICT_DETECTED	NOT_A_PATIENT_COUNT__NO_CROSS_MEASURE_SUM_EMITTED	DISJOINTNESS_UNVERIFIABLE__NO_participantFlowModule_IN_CACHE
NCT03848845	ctg_results_bor_2018_2021.txt	41	ACTUAL	2	3	4	28	ctg_results_bor_2018_2021.txt::NCT03848845::outcomeMeasures[11]::groups[OG000]	11	1	28	False	NO_CONFLICT_DETECTED	NOT_A_PATIENT_COUNT__NO_CROSS_MEASURE_SUM_EMITTED	DISJOINTNESS_UNVERIFIABLE__NO_participantFlowModule_IN_CACHE
NCT03850691	ctg_results_bor_2018_2021.txt	4	ACTUAL	2	2	2	3	ctg_results_bor_2018_2021.txt::NCT03850691::outcomeMeasures[0]::groups[OG001]	0	2	4	False	NO_CONFLICT_DETECTED	NOT_A_PATIENT_COUNT__NO_CROSS_MEASURE_SUM_EMITTED	DISJOINTNESS_UNVERIFIABLE__NO_participantFlowModule_IN_CACHE
NCT03776812	ctg_results_bor_2018_2021.txt	178	ACTUAL	3	4	10	60	ctg_results_bor_2018_2021.txt::NCT03776812::outcomeMeasures[11]::groups[OG001]	11	3	178	False	NO_CONFLICT_DETECTED	NOT_A_PATIENT_COUNT__NO_CROSS_MEASURE_SUM_EMITTED	DISJOINTNESS_UNVERIFIABLE__NO_participantFlowModule_IN_CACHE
NCT03697304	ctg_results_bor_2018_2021.txt	211	ACTUAL	8	8	16	42	ctg_results_bor_2018_2021.txt::NCT03697304::outcomeMeasures[10]::groups[OG002]	8	5	134	False	NO_CONFLICT_DETECTED	NOT_A_PATIENT_COUNT__NO_CROSS_MEASURE_SUM_EMITTED	DISJOINTNESS_UNVERIFIABLE__NO_participantFlowModule_IN_CACHE
NCT03410108	ctg_results_bor_2018_2021.txt	104	ACTUAL	1	2	5	104	ctg_results_bor_2018_2021.txt::NCT03410108::outcomeMeasures[2]::groups[OG000]	2	1	104	False	NO_CONFLICT_DETECTED	NOT_A_PATIENT_COUNT__NO_CROSS_MEASURE_SUM_EMITTED	DISJOINTNESS_UNVERIFIABLE__NO_participantFlowModule_IN_CACHE
NCT03428126	ctg_results_bor_2018_2021.txt	29	ACTUAL	1	1	2	29	ctg_results_bor_2018_2021.txt::NCT03428126::outcomeMeasures[0]::groups[OG000]	0	1	29	False	NO_CONFLICT_DETECTED	NOT_A_PATIENT_COUNT__NO_CROSS_MEASURE_SUM_EMITTED	DISJOINTNESS_UNVERIFIABLE__NO_participantFlowModule_IN_CACHE
NCT04206787	ctg_results_bor_2018_2021.txt	72	ACTUAL	1	1	1	67	ctg_results_bor_2018_2021.txt::NCT04206787::outcomeMeasures[2]::groups[OG000]	2	1	67	False	NO_CONFLICT_DETECTED	NOT_A_PATIENT_COUNT__NO_CROSS_MEASURE_SUM_EMITTED	DISJOINTNESS_UNVERIFIABLE__NO_participantFlowModule_IN_CACHE
NCT04837196	ctg_results_bor_2018_2021.txt	24	ACTUAL	5	5	20	7	ctg_results_bor_2018_2021.txt::NCT04837196::outcomeMeasures[32]::groups[OG001]	32	5	22	False	NO_CONFLICT_DETECTED	NOT_A_PATIENT_COUNT__NO_CROSS_MEASURE_SUM_EMITTED	DISJOINTNESS_UNVERIFIABLE__NO_participantFlowModule_IN_CACHE
NCT04699461	ctg_results_bor_2018_2021.txt	6	ACTUAL	2	2	4	0			0	0	False	NO_CONFLICT_DETECTED	NOT_A_PATIENT_COUNT__NO_CROSS_MEASURE_SUM_EMITTED	DISJOINTNESS_UNVERIFIABLE__NO_participantFlowModule_IN_CACHE
NCT05179603	ctg_results_bor_2018_2021.txt	14	ACTUAL	2	1	3	14	ctg_results_bor_2018_2021.txt::NCT05179603::outcomeMeasures[0]::groups[OG000]	0	1	14	False	NO_CONFLICT_DETECTED	NOT_A_PATIENT_COUNT__NO_CROSS_MEASURE_SUM_EMITTED	DISJOINTNESS_UNVERIFIABLE__NO_participantFlowModule_IN_CACHE
NCT03729245	ctg_results_bor_2018_2021.txt	623	ACTUAL	2	2	2	312	ctg_results_bor_2018_2021.txt::NCT03729245::outcomeMeasures[0]::groups[OG001]	0	2	623	False	NO_CONFLICT_DETECTED	NOT_A_PATIENT_COUNT__NO_CROSS_MEASURE_SUM_EMITTED	DISJOINTNESS_UNVERIFIABLE__NO_participantFlowModule_IN_CACHE
NCT03526900	ctg_results_bor_2018_2021.txt	40	ACTUAL	1	1	2	40	ctg_results_bor_2018_2021.txt::NCT03526900::outcomeMeasures[1]::groups[OG000]	1	1	40	False	NO_CONFLICT_DETECTED	NOT_A_PATIENT_COUNT__NO_CROSS_MEASURE_SUM_EMITTED	DISJOINTNESS_UNVERIFIABLE__NO_participantFlowModule_IN_CACHE
NCT04699630	ctg_results_bor_2018_2021.txt	121	ACTUAL	3	3	6	60	ctg_results_bor_2018_2021.txt::NCT04699630::outcomeMeasures[0]::groups[OG000]	5	3	121	False	NO_CONFLICT_DETECTED	NOT_A_PATIENT_COUNT__NO_CROSS_MEASURE_SUM_EMITTED	DISJOINTNESS_UNVERIFIABLE__NO_participantFlowModule_IN_CACHE
NCT04182204	ctg_results_bor_2018_2021.txt	270	ACTUAL	3	3	10	129	ctg_results_bor_2018_2021.txt::NCT04182204::outcomeMeasures[4]::groups[OG001]	6	3	270	False	NO_CONFLICT_DETECTED	NOT_A_PATIENT_COUNT__NO_CROSS_MEASURE_SUM_EMITTED	DISJOINTNESS_UNVERIFIABLE__NO_participantFlowModule_IN_CACHE
NCT03445533	ctg_results_bor_2018_2021.txt	481	ACTUAL	2	2	2	243	ctg_results_bor_2018_2021.txt::NCT03445533::outcomeMeasures[0]::groups[OG000]	0	2	481	False	NO_CONFLICT_DETECTED	NOT_A_PATIENT_COUNT__NO_CROSS_MEASURE_SUM_EMITTED	DISJOINTNESS_UNVERIFIABLE__NO_participantFlowModule_IN_CACHE
NCT03349450	ctg_results_bor_2018_2021.txt	25	ACTUAL	1	1	1	25	ctg_results_bor_2018_2021.txt::NCT03349450::outcomeMeasures[0]::groups[OG000]	0	1	25	False	NO_CONFLICT_DETECTED	NOT_A_PATIENT_COUNT__NO_CROSS_MEASURE_SUM_EMITTED	DISJOINTNESS_UNVERIFIABLE__NO_participantFlowModule_IN_CACHE
NCT04581824	ctg_results_bor_2018_2021.txt	243	ACTUAL	2	2	2	122	ctg_results_bor_2018_2021.txt::NCT04581824::outcomeMeasures[17]::groups[OG001]	17	2	243	False	NO_CONFLICT_DETECTED	NOT_A_PATIENT_COUNT__NO_CROSS_MEASURE_SUM_EMITTED	DISJOINTNESS_UNVERIFIABLE__NO_participantFlowModule_IN_CACHE
NCT03483103	ctg_results_bor_2018_2021.txt	74	ACTUAL	1	1	1	61	ctg_results_bor_2018_2021.txt::NCT03483103::outcomeMeasures[0]::groups[OG000]	0	1	61	False	NO_CONFLICT_DETECTED	NOT_A_PATIENT_COUNT__NO_CROSS_MEASURE_SUM_EMITTED	DISJOINTNESS_UNVERIFIABLE__NO_participantFlowModule_IN_CACHE
NCT03934684	ctg_results_bor_2018_2021.txt	101	ACTUAL	2	2	4	52	ctg_results_bor_2018_2021.txt::NCT03934684::outcomeMeasures[3]::groups[OG001]	3	2	101	False	NO_CONFLICT_DETECTED	NOT_A_PATIENT_COUNT__NO_CROSS_MEASURE_SUM_EMITTED	DISJOINTNESS_UNVERIFIABLE__NO_participantFlowModule_IN_CACHE
NCT04327986	ctg_results_bor_2018_2021.txt	3	ACTUAL	3	1	2	0			0	0	False	NO_CONFLICT_DETECTED	NOT_A_PATIENT_COUNT__NO_CROSS_MEASURE_SUM_EMITTED	DISJOINTNESS_UNVERIFIABLE__NO_participantFlowModule_IN_CACHE
NCT03725605	ctg_results_bor_2018_2021.txt	6	ACTUAL	1	1	3	4	ctg_results_bor_2018_2021.txt::NCT03725605::outcomeMeasures[5]::groups[OG000]	5	1	4	False	NO_CONFLICT_DETECTED	NOT_A_PATIENT_COUNT__NO_CROSS_MEASURE_SUM_EMITTED	DISJOINTNESS_UNVERIFIABLE__NO_participantFlowModule_IN_CACHE
NCT04128696	ctg_results_bor_2018_2021.txt	315	ACTUAL	2	2	6	157	ctg_results_bor_2018_2021.txt::NCT04128696::outcomeMeasures[10]::groups[OG000]	10	2	313	False	NO_CONFLICT_DETECTED	NOT_A_PATIENT_COUNT__NO_CROSS_MEASURE_SUM_EMITTED	DISJOINTNESS_UNVERIFIABLE__NO_participantFlowModule_IN_CACHE
NCT04602078	ctg_results_bor_2018_2021.txt	82	ACTUAL	1	1	3	66	ctg_results_bor_2018_2021.txt::NCT04602078::outcomeMeasures[0]::groups[OG000]	0	1	66	False	NO_CONFLICT_DETECTED	NOT_A_PATIENT_COUNT__NO_CROSS_MEASURE_SUM_EMITTED	DISJOINTNESS_UNVERIFIABLE__NO_participantFlowModule_IN_CACHE
NCT04282980	ctg_results_bor_2018_2021.txt	39	ACTUAL	1	1	2	38	ctg_results_bor_2018_2021.txt::NCT04282980::outcomeMeasures[1]::groups[OG000]	1	1	38	False	NO_CONFLICT_DETECTED	NOT_A_PATIENT_COUNT__NO_CROSS_MEASURE_SUM_EMITTED	DISJOINTNESS_UNVERIFIABLE__NO_participantFlowModule_IN_CACHE
NCT03859427	ctg_results_bor_2018_2021.txt	454	ACTUAL	2	2	2	228	ctg_results_bor_2018_2021.txt::NCT03859427::outcomeMeasures[0]::groups[OG001]	0	2	454	False	NO_CONFLICT_DETECTED	NOT_A_PATIENT_COUNT__NO_CROSS_MEASURE_SUM_EMITTED	DISJOINTNESS_UNVERIFIABLE__NO_participantFlowModule_IN_CACHE
NCT03651271	ctg_results_bor_2018_2021.txt	100	ACTUAL	5	5	10	72	ctg_results_bor_2018_2021.txt::NCT03651271::outcomeMeasures[0]::groups[OG001]	0	5	100	False	NO_CONFLICT_DETECTED	NOT_A_PATIENT_COUNT__NO_CROSS_MEASURE_SUM_EMITTED	DISJOINTNESS_UNVERIFIABLE__NO_participantFlowModule_IN_CACHE
NCT03941873	ctg_results_bor_2018_2021.txt	111	ACTUAL	4	2	4	78	ctg_results_bor_2018_2021.txt::NCT03941873::outcomeMeasures[1]::groups[OG001]	1	2	98	False	NO_CONFLICT_DETECTED	NOT_A_PATIENT_COUNT__NO_CROSS_MEASURE_SUM_EMITTED	DISJOINTNESS_UNVERIFIABLE__NO_participantFlowModule_IN_CACHE
NCT03391973	ctg_results_bor_2018_2021.txt	33	ACTUAL	1	1	1	27	ctg_results_bor_2018_2021.txt::NCT03391973::outcomeMeasures[0]::groups[OG000]	0	1	27	False	NO_CONFLICT_DETECTED	NOT_A_PATIENT_COUNT__NO_CROSS_MEASURE_SUM_EMITTED	DISJOINTNESS_UNVERIFIABLE__NO_participantFlowModule_IN_CACHE
NCT04154956	ctg_results_bor_2018_2021.txt	389	ACTUAL	2	2	2	189	ctg_results_bor_2018_2021.txt::NCT04154956::outcomeMeasures[2]::groups[OG000]	2	2	376	False	NO_CONFLICT_DETECTED	NOT_A_PATIENT_COUNT__NO_CROSS_MEASURE_SUM_EMITTED	DISJOINTNESS_UNVERIFIABLE__NO_participantFlowModule_IN_CACHE
NCT03674827	ctg_results_bor_2018_2021.txt	36	ACTUAL	2	6	6	16	ctg_results_bor_2018_2021.txt::NCT03674827::outcomeMeasures[16]::groups[OG005]	16	6	36	False	NO_CONFLICT_DETECTED	NOT_A_PATIENT_COUNT__NO_CROSS_MEASURE_SUM_EMITTED	DISJOINTNESS_UNVERIFIABLE__NO_participantFlowModule_IN_CACHE
NCT04907851	ctg_results_bor_2018_2021.txt	45	ACTUAL	3	3	6	20	ctg_results_bor_2018_2021.txt::NCT04907851::outcomeMeasures[2]::groups[OG001]	3	3	45	False	NO_CONFLICT_DETECTED	NOT_A_PATIENT_COUNT__NO_CROSS_MEASURE_SUM_EMITTED	DISJOINTNESS_UNVERIFIABLE__NO_participantFlowModule_IN_CACHE
NCT04376502	ctg_results_bor_2018_2021.txt	12	ACTUAL	1	1	2	6	ctg_results_bor_2018_2021.txt::NCT04376502::outcomeMeasures[0]::groups[OG000]	0	1	6	False	NO_CONFLICT_DETECTED	NOT_A_PATIENT_COUNT__NO_CROSS_MEASURE_SUM_EMITTED	DISJOINTNESS_UNVERIFIABLE__NO_participantFlowModule_IN_CACHE
NCT03318900	ctg_results_bor_2018_2021.txt	5	ACTUAL	1	3	3	0			0	0	False	NO_CONFLICT_DETECTED	NOT_A_PATIENT_COUNT__NO_CROSS_MEASURE_SUM_EMITTED	DISJOINTNESS_UNVERIFIABLE__NO_participantFlowModule_IN_CACHE
NCT02913430	ctg_results_bor_2018_2021.txt	7	ACTUAL	2	2	6	5	ctg_results_bor_2018_2021.txt::NCT02913430::outcomeMeasures[1]::groups[OG000]	1	2	7	False	NO_CONFLICT_DETECTED	NOT_A_PATIENT_COUNT__NO_CROSS_MEASURE_SUM_EMITTED	DISJOINTNESS_UNVERIFIABLE__NO_participantFlowModule_IN_CACHE
NCT04921358	ctg_results_bor_2018_2021.txt	377	ACTUAL	2	2	4	190	ctg_results_bor_2018_2021.txt::NCT04921358::outcomeMeasures[3]::groups[OG001]	3	2	377	False	NO_CONFLICT_DETECTED	NOT_A_PATIENT_COUNT__NO_CROSS_MEASURE_SUM_EMITTED	DISJOINTNESS_UNVERIFIABLE__NO_participantFlowModule_IN_CACHE
NCT05382936	ctg_results_bor_2018_2021.txt	20	ACTUAL	2	4	4	7	ctg_results_bor_2018_2021.txt::NCT05382936::outcomeMeasures[1]::groups[OG001]	1	4	20	False	NO_CONFLICT_DETECTED	NOT_A_PATIENT_COUNT__NO_CROSS_MEASURE_SUM_EMITTED	DISJOINTNESS_UNVERIFIABLE__NO_participantFlowModule_IN_CACHE
NCT03391232	ctg_results_bor_2018_2021.txt	11	ACTUAL	1	2	4	6	ctg_results_bor_2018_2021.txt::NCT03391232::outcomeMeasures[3]::groups[OG001]	3	2	11	False	NO_CONFLICT_DETECTED	NOT_A_PATIENT_COUNT__NO_CROSS_MEASURE_SUM_EMITTED	DISJOINTNESS_UNVERIFIABLE__NO_participantFlowModule_IN_CACHE
NCT03267498	ctg_results_bor_2018_2021.txt	40	ACTUAL	1	1	1	40	ctg_results_bor_2018_2021.txt::NCT03267498::outcomeMeasures[1]::groups[OG000]	1	1	40	False	NO_CONFLICT_DETECTED	NOT_A_PATIENT_COUNT__NO_CROSS_MEASURE_SUM_EMITTED	DISJOINTNESS_UNVERIFIABLE__NO_participantFlowModule_IN_CACHE
NCT03611556	ctg_results_bor_2018_2021.txt	213	ACTUAL	7	3	3	70	ctg_results_bor_2018_2021.txt::NCT03611556::outcomeMeasures[5]::groups[OG002]	5	3	170	False	NO_CONFLICT_DETECTED	NOT_A_PATIENT_COUNT__NO_CROSS_MEASURE_SUM_EMITTED	DISJOINTNESS_UNVERIFIABLE__NO_participantFlowModule_IN_CACHE
NCT04939701	ctg_results_bor_2018_2021.txt	16	ACTUAL	3	3	15	6	ctg_results_bor_2018_2021.txt::NCT04939701::outcomeMeasures[29]::groups[OG001]	29	3	13	False	NO_CONFLICT_DETECTED	NOT_A_PATIENT_COUNT__NO_CROSS_MEASURE_SUM_EMITTED	DISJOINTNESS_UNVERIFIABLE__NO_participantFlowModule_IN_CACHE
NCT04231981	ctg_results_bor_2018_2021.txt	18	ACTUAL	1	1	2	18	ctg_results_bor_2018_2021.txt::NCT04231981::outcomeMeasures[0]::groups[OG000]	0	1	18	False	NO_CONFLICT_DETECTED	NOT_A_PATIENT_COUNT__NO_CROSS_MEASURE_SUM_EMITTED	DISJOINTNESS_UNVERIFIABLE__NO_participantFlowModule_IN_CACHE
NCT04703192	ctg_results_bor_2018_2021.txt	155	ACTUAL	2	1	1	119	ctg_results_bor_2018_2021.txt::NCT04703192::outcomeMeasures[0]::groups[OG000]	0	1	119	False	NO_CONFLICT_DETECTED	NOT_A_PATIENT_COUNT__NO_CROSS_MEASURE_SUM_EMITTED	DISJOINTNESS_UNVERIFIABLE__NO_participantFlowModule_IN_CACHE
NCT04149821	ctg_results_bor_2018_2021.txt	1	ACTUAL	2	2	2	1	ctg_results_bor_2018_2021.txt::NCT04149821::outcomeMeasures[0]::groups[OG001]	0	1	1	False	NO_CONFLICT_DETECTED	NOT_A_PATIENT_COUNT__NO_CROSS_MEASURE_SUM_EMITTED	DISJOINTNESS_UNVERIFIABLE__NO_participantFlowModule_IN_CACHE
NCT04216316	ctg_results_bor_2018_2021.txt	12	ACTUAL	2	3	3	11	ctg_results_bor_2018_2021.txt::NCT04216316::outcomeMeasures[8]::groups[OG000]	8	1	11	False	NO_CONFLICT_DETECTED	NOT_A_PATIENT_COUNT__NO_CROSS_MEASURE_SUM_EMITTED	DISJOINTNESS_UNVERIFIABLE__NO_participantFlowModule_IN_CACHE
NCT04313504	ctg_results_bor_2018_2021.txt	10	ACTUAL	1	1	1	10	ctg_results_bor_2018_2021.txt::NCT04313504::outcomeMeasures[0]::groups[OG000]	0	1	10	False	NO_CONFLICT_DETECTED	NOT_A_PATIENT_COUNT__NO_CROSS_MEASURE_SUM_EMITTED	DISJOINTNESS_UNVERIFIABLE__NO_participantFlowModule_IN_CACHE
NCT04514484	ctg_results_bor_2018_2021.txt	8	ACTUAL	1	1	3	6	ctg_results_bor_2018_2021.txt::NCT04514484::outcomeMeasures[1]::groups[OG000]	1	1	6	False	NO_CONFLICT_DETECTED	NOT_A_PATIENT_COUNT__NO_CROSS_MEASURE_SUM_EMITTED	DISJOINTNESS_UNVERIFIABLE__NO_participantFlowModule_IN_CACHE
NCT05068440	ctg_results_bor_2018_2021.txt	65	ACTUAL	1	1	2	65	ctg_results_bor_2018_2021.txt::NCT05068440::outcomeMeasures[0]::groups[OG000]	0	1	65	False	NO_CONFLICT_DETECTED	NOT_A_PATIENT_COUNT__NO_CROSS_MEASURE_SUM_EMITTED	DISJOINTNESS_UNVERIFIABLE__NO_participantFlowModule_IN_CACHE
NCT03828292	ctg_results_bor_2018_2021.txt	15	ACTUAL	3	4	8	4	ctg_results_bor_2018_2021.txt::NCT03828292::outcomeMeasures[102]::groups[OG000]	102	2	8	False	NO_CONFLICT_DETECTED	NOT_A_PATIENT_COUNT__NO_CROSS_MEASURE_SUM_EMITTED	DISJOINTNESS_UNVERIFIABLE__NO_participantFlowModule_IN_CACHE
NCT05091346	ctg_results_bor_2018_2021.txt	89	ACTUAL	2	5	15	31	ctg_results_bor_2018_2021.txt::NCT05091346::outcomeMeasures[3]::groups[OG002]	6	5	89	False	NO_CONFLICT_DETECTED	NOT_A_PATIENT_COUNT__NO_CROSS_MEASURE_SUM_EMITTED	DISJOINTNESS_UNVERIFIABLE__NO_participantFlowModule_IN_CACHE
NCT03972488	ctg_results_bor_2018_2021.txt	226	ACTUAL	5	2	4	151	ctg_results_bor_2018_2021.txt::NCT03972488::outcomeMeasures[1]::groups[OG000]	1	2	226	False	NO_CONFLICT_DETECTED	NOT_A_PATIENT_COUNT__NO_CROSS_MEASURE_SUM_EMITTED	DISJOINTNESS_UNVERIFIABLE__NO_participantFlowModule_IN_CACHE
NCT04062448	ctg_results_bor_2018_2021.txt	16	ACTUAL	1	1	1	16	ctg_results_bor_2018_2021.txt::NCT04062448::outcomeMeasures[0]::groups[OG000]	0	1	16	False	NO_CONFLICT_DETECTED	NOT_A_PATIENT_COUNT__NO_CROSS_MEASURE_SUM_EMITTED	DISJOINTNESS_UNVERIFIABLE__NO_participantFlowModule_IN_CACHE
NCT03774082	ctg_results_bor_2018_2021.txt	46	ACTUAL	1	4	12	45	ctg_results_bor_2018_2021.txt::NCT03774082::outcomeMeasures[0]::groups[OG003]	0	4	90	True	WITHIN_MEASURE_SUM_EXCEEDS_ENROLLMENT__POOLED_LABEL_IN_MEASURE	NOT_A_PATIENT_COUNT__NO_CROSS_MEASURE_SUM_EMITTED	DISJOINTNESS_UNVERIFIABLE__NO_participantFlowModule_IN_CACHE
NCT03823131	ctg_results_bor_2018_2021.txt	14	ACTUAL	3	1	3	14	ctg_results_bor_2018_2021.txt::NCT03823131::outcomeMeasures[0]::groups[OG000]	0	1	14	False	NO_CONFLICT_DETECTED	NOT_A_PATIENT_COUNT__NO_CROSS_MEASURE_SUM_EMITTED	DISJOINTNESS_UNVERIFIABLE__NO_participantFlowModule_IN_CACHE
NCT03901339	ctg_results_bor_2018_2021.txt	543	ACTUAL	2	2	4	272	ctg_results_bor_2018_2021.txt::NCT03901339::outcomeMeasures[2]::groups[OG000]	2	2	543	False	NO_CONFLICT_DETECTED	NOT_A_PATIENT_COUNT__NO_CROSS_MEASURE_SUM_EMITTED	DISJOINTNESS_UNVERIFIABLE__NO_participantFlowModule_IN_CACHE
NCT04179864	ctg_results_bor_2018_2021.txt	102	ACTUAL	4	4	12	14	ctg_results_bor_2018_2021.txt::NCT04179864::outcomeMeasures[4]::groups[OG003]	4	4	31	False	NO_CONFLICT_DETECTED	NOT_A_PATIENT_COUNT__NO_CROSS_MEASURE_SUM_EMITTED	DISJOINTNESS_UNVERIFIABLE__NO_participantFlowModule_IN_CACHE
NCT03522298	ctg_results_bor_2018_2021.txt	30	ACTUAL	1	4	4	11	ctg_results_bor_2018_2021.txt::NCT03522298::outcomeMeasures[13]::groups[OG003]	13	4	30	False	NO_CONFLICT_DETECTED	NOT_A_PATIENT_COUNT__NO_CROSS_MEASURE_SUM_EMITTED	DISJOINTNESS_UNVERIFIABLE__NO_participantFlowModule_IN_CACHE
NCT04364620	ctg_results_bor_2018_2021.txt	35	ACTUAL	1	1	2	35	ctg_results_bor_2018_2021.txt::NCT04364620::outcomeMeasures[0]::groups[OG000]	0	1	35	False	NO_CONFLICT_DETECTED	NOT_A_PATIENT_COUNT__NO_CROSS_MEASURE_SUM_EMITTED	DISJOINTNESS_UNVERIFIABLE__NO_participantFlowModule_IN_CACHE
NCT04024436	ctg_results_bor_2018_2021.txt	64	ACTUAL	4	4	7	22	ctg_results_bor_2018_2021.txt::NCT04024436::outcomeMeasures[4]::groups[OG000]	5	3	60	False	NO_CONFLICT_DETECTED	NOT_A_PATIENT_COUNT__NO_CROSS_MEASURE_SUM_EMITTED	DISJOINTNESS_UNVERIFIABLE__NO_participantFlowModule_IN_CACHE
NCT03929029	ctg_results_bor_2018_2021.txt	11	ACTUAL	2	2	2	5	ctg_results_bor_2018_2021.txt::NCT03929029::outcomeMeasures[1]::groups[OG000]	1	2	10	False	NO_CONFLICT_DETECTED	NOT_A_PATIENT_COUNT__NO_CROSS_MEASURE_SUM_EMITTED	DISJOINTNESS_UNVERIFIABLE__NO_participantFlowModule_IN_CACHE
NCT03631199	ctg_results_bor_2018_2021.txt	673	ACTUAL	5	5	10	323	ctg_results_bor_2018_2021.txt::NCT03631199::outcomeMeasures[4]::groups[OG001]	4	2	643	False	NO_CONFLICT_DETECTED	NOT_A_PATIENT_COUNT__NO_CROSS_MEASURE_SUM_EMITTED	DISJOINTNESS_UNVERIFIABLE__NO_participantFlowModule_IN_CACHE
NCT03260504	ctg_results_bor_2018_2021.txt	6	ACTUAL	1	2	4	3	ctg_results_bor_2018_2021.txt::NCT03260504::outcomeMeasures[1]::groups[OG000]	1	2	5	False	NO_CONFLICT_DETECTED	NOT_A_PATIENT_COUNT__NO_CROSS_MEASURE_SUM_EMITTED	DISJOINTNESS_UNVERIFIABLE__NO_participantFlowModule_IN_CACHE
NCT03274804	ctg_results_bor_2018_2021.txt	20	ACTUAL	1	2	2	19	ctg_results_bor_2018_2021.txt::NCT03274804::outcomeMeasures[2]::groups[OG000]	2	1	19	False	NO_CONFLICT_DETECTED	NOT_A_PATIENT_COUNT__NO_CROSS_MEASURE_SUM_EMITTED	DISJOINTNESS_UNVERIFIABLE__NO_participantFlowModule_IN_CACHE
NCT03724890	ctg_results_bor_2018_2021.txt	57	ACTUAL	3	11	11	11	ctg_results_bor_2018_2021.txt::NCT03724890::outcomeMeasures[54]::groups[OG001]	54	5	29	False	NO_CONFLICT_DETECTED	NOT_A_PATIENT_COUNT__NO_CROSS_MEASURE_SUM_EMITTED	DISJOINTNESS_UNVERIFIABLE__NO_participantFlowModule_IN_CACHE
NCT03985423	ctg_results_bor_2018_2021.txt	7	ACTUAL	1	1	2	0			0	0	False	NO_CONFLICT_DETECTED	NOT_A_PATIENT_COUNT__NO_CROSS_MEASURE_SUM_EMITTED	DISJOINTNESS_UNVERIFIABLE__NO_participantFlowModule_IN_CACHE
NCT03846427	ctg_results_bor_2018_2021.txt	68	ACTUAL	1	1	3	66	ctg_results_bor_2018_2021.txt::NCT03846427::outcomeMeasures[0]::groups[OG000]	0	1	66	False	NO_CONFLICT_DETECTED	NOT_A_PATIENT_COUNT__NO_CROSS_MEASURE_SUM_EMITTED	DISJOINTNESS_UNVERIFIABLE__NO_participantFlowModule_IN_CACHE
NCT03377491	ctg_results_bor_2018_2021.txt	571	ACTUAL	2	2	2	244	ctg_results_bor_2018_2021.txt::NCT03377491::outcomeMeasures[3]::groups[OG000]	3	2	487	False	NO_CONFLICT_DETECTED	NOT_A_PATIENT_COUNT__NO_CROSS_MEASURE_SUM_EMITTED	DISJOINTNESS_UNVERIFIABLE__NO_participantFlowModule_IN_CACHE
NCT04565327	ctg_results_bor_2018_2021.txt	7	ACTUAL	2	1	1	0			0	0	False	NO_CONFLICT_DETECTED	NOT_A_PATIENT_COUNT__NO_CROSS_MEASURE_SUM_EMITTED	DISJOINTNESS_UNVERIFIABLE__NO_participantFlowModule_IN_CACHE
NCT03519178	ctg_results_bor_2018_2021.txt	155	ACTUAL	8	2	2	45	ctg_results_bor_2018_2021.txt::NCT03519178::outcomeMeasures[6]::groups[OG000]	6	2	67	False	NO_CONFLICT_DETECTED	NOT_A_PATIENT_COUNT__NO_CROSS_MEASURE_SUM_EMITTED	DISJOINTNESS_UNVERIFIABLE__NO_participantFlowModule_IN_CACHE
NCT03409614	ctg_results_bor_2018_2021.txt	789	ACTUAL	5	5	8	312	ctg_results_bor_2018_2021.txt::NCT03409614::outcomeMeasures[3]::groups[OG000]	3	2	466	False	NO_CONFLICT_DETECTED	NOT_A_PATIENT_COUNT__NO_CROSS_MEASURE_SUM_EMITTED	DISJOINTNESS_UNVERIFIABLE__NO_participantFlowModule_IN_CACHE
NCT03582033	ctg_results_bor_2018_2021.txt	83	ACTUAL	3	10	20	22	ctg_results_bor_2018_2021.txt::NCT03582033::outcomeMeasures[29]::groups[OG004]	29	5	35	False	NO_CONFLICT_DETECTED	NOT_A_PATIENT_COUNT__NO_CROSS_MEASURE_SUM_EMITTED	DISJOINTNESS_UNVERIFIABLE__NO_participantFlowModule_IN_CACHE
NCT03568461	ctg_results_bor_2018_2021.txt	98	ACTUAL	1	1	2	94	ctg_results_bor_2018_2021.txt::NCT03568461::outcomeMeasures[0]::groups[OG000]	0	1	94	False	NO_CONFLICT_DETECTED	NOT_A_PATIENT_COUNT__NO_CROSS_MEASURE_SUM_EMITTED	DISJOINTNESS_UNVERIFIABLE__NO_participantFlowModule_IN_CACHE
NCT03750786	ctg_results_bor_2018_2021.txt	490	ACTUAL	2	2	2	245	ctg_results_bor_2018_2021.txt::NCT03750786::outcomeMeasures[0]::groups[OG000]	0	2	490	False	NO_CONFLICT_DETECTED	NOT_A_PATIENT_COUNT__NO_CROSS_MEASURE_SUM_EMITTED	DISJOINTNESS_UNVERIFIABLE__NO_participantFlowModule_IN_CACHE
NCT03384940	ctg_results_bor_2018_2021.txt	86	ACTUAL	3	3	15	53	ctg_results_bor_2018_2021.txt::NCT03384940::outcomeMeasures[0]::groups[OG000]	0	3	86	False	NO_CONFLICT_DETECTED	NOT_A_PATIENT_COUNT__NO_CROSS_MEASURE_SUM_EMITTED	DISJOINTNESS_UNVERIFIABLE__NO_participantFlowModule_IN_CACHE
NCT04052997	ctg_results_bor_2018_2021.txt	117	ACTUAL	1	1	1	117	ctg_results_bor_2018_2021.txt::NCT04052997::outcomeMeasures[0]::groups[OG000]	0	1	117	False	NO_CONFLICT_DETECTED	NOT_A_PATIENT_COUNT__NO_CROSS_MEASURE_SUM_EMITTED	DISJOINTNESS_UNVERIFIABLE__NO_participantFlowModule_IN_CACHE
NCT03785210	ctg_results_bor_2018_2021.txt	22	ACTUAL	1	2	2	16	ctg_results_bor_2018_2021.txt::NCT03785210::outcomeMeasures[0]::groups[OG001]	0	2	22	False	NO_CONFLICT_DETECTED	NOT_A_PATIENT_COUNT__NO_CROSS_MEASURE_SUM_EMITTED	DISJOINTNESS_UNVERIFIABLE__NO_participantFlowModule_IN_CACHE
NCT04885998	ctg_results_bor_2018_2021.txt	23	ACTUAL	2	4	8	8	ctg_results_bor_2018_2021.txt::NCT04885998::outcomeMeasures[2]::groups[OG003]	2	4	23	False	NO_CONFLICT_DETECTED	NOT_A_PATIENT_COUNT__NO_CROSS_MEASURE_SUM_EMITTED	DISJOINTNESS_UNVERIFIABLE__NO_participantFlowModule_IN_CACHE
NCT04914897	ctg_results_bor_2018_2021.txt	106	ACTUAL	4	4	8	40	ctg_results_bor_2018_2021.txt::NCT04914897::outcomeMeasures[1]::groups[OG000]	7	4	106	False	NO_CONFLICT_DETECTED	NOT_A_PATIENT_COUNT__NO_CROSS_MEASURE_SUM_EMITTED	DISJOINTNESS_UNVERIFIABLE__NO_participantFlowModule_IN_CACHE
NCT03839823	ctg_results_bor_2018_2021.txt	222	ACTUAL	2	2	4	112	ctg_results_bor_2018_2021.txt::NCT03839823::outcomeMeasures[3]::groups[OG000]	3	2	222	False	NO_CONFLICT_DETECTED	NOT_A_PATIENT_COUNT__NO_CROSS_MEASURE_SUM_EMITTED	DISJOINTNESS_UNVERIFIABLE__NO_participantFlowModule_IN_CACHE
NCT03529110	ctg_results_bor_2018_2021.txt	524	ACTUAL	2	2	2	263	ctg_results_bor_2018_2021.txt::NCT03529110::outcomeMeasures[2]::groups[OG001]	2	2	524	False	NO_CONFLICT_DETECTED	NOT_A_PATIENT_COUNT__NO_CROSS_MEASURE_SUM_EMITTED	DISJOINTNESS_UNVERIFIABLE__NO_participantFlowModule_IN_CACHE
NCT04455620	ctg_results_bor_2018_2021.txt	49	ACTUAL	1	5	10	24	ctg_results_bor_2018_2021.txt::NCT04455620::outcomeMeasures[3]::groups[OG002]	3	5	49	False	NO_CONFLICT_DETECTED	NOT_A_PATIENT_COUNT__NO_CROSS_MEASURE_SUM_EMITTED	DISJOINTNESS_UNVERIFIABLE__NO_participantFlowModule_IN_CACHE
NCT03382561	ctg_results_bor_2018_2021.txt	160	ACTUAL	2	2	2	75	ctg_results_bor_2018_2021.txt::NCT03382561::outcomeMeasures[2]::groups[OG000]	2	2	144	False	NO_CONFLICT_DETECTED	NOT_A_PATIENT_COUNT__NO_CROSS_MEASURE_SUM_EMITTED	DISJOINTNESS_UNVERIFIABLE__NO_participantFlowModule_IN_CACHE
NCT04812535	ctg_results_bor_2018_2021.txt	30	ACTUAL	4	4	8	10	ctg_results_bor_2018_2021.txt::NCT04812535::outcomeMeasures[0]::groups[OG000]	0	4	25	False	NO_CONFLICT_DETECTED	NOT_A_PATIENT_COUNT__NO_CROSS_MEASURE_SUM_EMITTED	DISJOINTNESS_UNVERIFIABLE__NO_participantFlowModule_IN_CACHE
NCT03767335	ctg_results_bor_2018_2021.txt	62	ACTUAL	1	3	9	42	ctg_results_bor_2018_2021.txt::NCT03767335::outcomeMeasures[3]::groups[OG002]	3	3	48	False	NO_CONFLICT_DETECTED	NOT_A_PATIENT_COUNT__NO_CROSS_MEASURE_SUM_EMITTED	DISJOINTNESS_UNVERIFIABLE__NO_participantFlowModule_IN_CACHE
NCT03676192	ctg_results_bor_2018_2021.txt	689	ACTUAL	2	2	2	347	ctg_results_bor_2018_2021.txt::NCT03676192::outcomeMeasures[0]::groups[OG001]	0	2	689	False	NO_CONFLICT_DETECTED	NOT_A_PATIENT_COUNT__NO_CROSS_MEASURE_SUM_EMITTED	DISJOINTNESS_UNVERIFIABLE__NO_participantFlowModule_IN_CACHE
NCT04220775	ctg_results_bor_2018_2021.txt	3	ACTUAL	1	2	2	2	ctg_results_bor_2018_2021.txt::NCT04220775::outcomeMeasures[2]::groups[OG000]	2	1	2	False	NO_CONFLICT_DETECTED	NOT_A_PATIENT_COUNT__NO_CROSS_MEASURE_SUM_EMITTED	DISJOINTNESS_UNVERIFIABLE__NO_participantFlowModule_IN_CACHE
NCT03917381	ctg_results_bor_2018_2021.txt	429	ACTUAL	2	26	51	40	ctg_results_bor_2018_2021.txt::NCT03917381::outcomeMeasures[2]::groups[OG000]	7	25	389	False	NO_CONFLICT_DETECTED	NOT_A_PATIENT_COUNT__NO_CROSS_MEASURE_SUM_EMITTED	DISJOINTNESS_UNVERIFIABLE__NO_participantFlowModule_IN_CACHE
NCT04544995	ctg_results_bor_2018_2021.txt	47	ACTUAL	5	7	10	11	ctg_results_bor_2018_2021.txt::NCT04544995::outcomeMeasures[5]::groups[OG000]	5	4	25	False	NO_CONFLICT_DETECTED	NOT_A_PATIENT_COUNT__NO_CROSS_MEASURE_SUM_EMITTED	DISJOINTNESS_UNVERIFIABLE__NO_participantFlowModule_IN_CACHE
NCT03418922	ctg_results_bor_2018_2021.txt	30	ACTUAL	2	2	2	24	ctg_results_bor_2018_2021.txt::NCT03418922::outcomeMeasures[8]::groups[OG001]	8	2	30	False	NO_CONFLICT_DETECTED	NOT_A_PATIENT_COUNT__NO_CROSS_MEASURE_SUM_EMITTED	DISJOINTNESS_UNVERIFIABLE__NO_participantFlowModule_IN_CACHE
NCT03730012	ctg_results_bor_2018_2021.txt	11	ACTUAL	2	2	2	8	ctg_results_bor_2018_2021.txt::NCT03730012::outcomeMeasures[5]::groups[OG001]	5	2	11	False	NO_CONFLICT_DETECTED	NOT_A_PATIENT_COUNT__NO_CROSS_MEASURE_SUM_EMITTED	DISJOINTNESS_UNVERIFIABLE__NO_participantFlowModule_IN_CACHE
NCT03921866	ctg_results_bor_2018_2021.txt	191	ACTUAL	0	1	1	185	ctg_results_bor_2018_2021.txt::NCT03921866::outcomeMeasures[57]::groups[OG000]	57	1	185	False	NO_CONFLICT_DETECTED	NOT_A_PATIENT_COUNT__NO_CROSS_MEASURE_SUM_EMITTED	DISJOINTNESS_UNVERIFIABLE__NO_participantFlowModule_IN_CACHE
NCT04280081	ctg_results_bor_2018_2021.txt	77	ACTUAL	1	9	9	47	ctg_results_bor_2018_2021.txt::NCT04280081::outcomeMeasures[1]::groups[OG000]	1	3	77	False	NO_CONFLICT_DETECTED	NOT_A_PATIENT_COUNT__NO_CROSS_MEASURE_SUM_EMITTED	DISJOINTNESS_UNVERIFIABLE__NO_participantFlowModule_IN_CACHE
NCT04649359	ctg_results_bor_2018_2021.txt	187	ACTUAL	2	2	4	123	ctg_results_bor_2018_2021.txt::NCT04649359::outcomeMeasures[0]::groups[OG000]	0	2	187	False	NO_CONFLICT_DETECTED	NOT_A_PATIENT_COUNT__NO_CROSS_MEASURE_SUM_EMITTED	DISJOINTNESS_UNVERIFIABLE__NO_participantFlowModule_IN_CACHE
NCT04251169	ctg_results_bor_2018_2021.txt	20	ACTUAL	1	1	2	18	ctg_results_bor_2018_2021.txt::NCT04251169::outcomeMeasures[0]::groups[OG000]	0	1	18	False	NO_CONFLICT_DETECTED	NOT_A_PATIENT_COUNT__NO_CROSS_MEASURE_SUM_EMITTED	DISJOINTNESS_UNVERIFIABLE__NO_participantFlowModule_IN_CACHE
NCT06790303	ctg_results_bor_2018_2021.txt	8	ACTUAL	1	1	3	8	ctg_results_bor_2018_2021.txt::NCT06790303::outcomeMeasures[9]::groups[OG000]	9	1	8	False	NO_CONFLICT_DETECTED	NOT_A_PATIENT_COUNT__NO_CROSS_MEASURE_SUM_EMITTED	DISJOINTNESS_UNVERIFIABLE__NO_participantFlowModule_IN_CACHE
NCT04822298	ctg_results_bor_2018_2021.txt	3	ACTUAL	3	1	1	3	ctg_results_bor_2018_2021.txt::NCT04822298::outcomeMeasures[2]::groups[OG000]	2	1	3	False	NO_CONFLICT_DETECTED	NOT_A_PATIENT_COUNT__NO_CROSS_MEASURE_SUM_EMITTED	DISJOINTNESS_UNVERIFIABLE__NO_participantFlowModule_IN_CACHE
NCT03747484	ctg_results_bor_2018_2021.txt	7	ACTUAL	2	5	5	2	ctg_results_bor_2018_2021.txt::NCT03747484::outcomeMeasures[1]::groups[OG003]	1	5	7	False	NO_CONFLICT_DETECTED	NOT_A_PATIENT_COUNT__NO_CROSS_MEASURE_SUM_EMITTED	DISJOINTNESS_UNVERIFIABLE__NO_participantFlowModule_IN_CACHE
NCT04989816	ctg_results_bor_2018_2021.txt	95	ACTUAL	1	1	4	73	ctg_results_bor_2018_2021.txt::NCT04989816::outcomeMeasures[0]::groups[OG000]	0	1	73	False	NO_CONFLICT_DETECTED	NOT_A_PATIENT_COUNT__NO_CROSS_MEASURE_SUM_EMITTED	DISJOINTNESS_UNVERIFIABLE__NO_participantFlowModule_IN_CACHE
NCT03414047	ctg_results_bor_2018_2021.txt	172	ACTUAL	4	4	8	53	ctg_results_bor_2018_2021.txt::NCT03414047::outcomeMeasures[0]::groups[OG000]	0	4	169	False	NO_CONFLICT_DETECTED	NOT_A_PATIENT_COUNT__NO_CROSS_MEASURE_SUM_EMITTED	DISJOINTNESS_UNVERIFIABLE__NO_participantFlowModule_IN_CACHE
NCT03585764	ctg_results_bor_2018_2021.txt	46	ACTUAL	4	4	4	3	ctg_results_bor_2018_2021.txt::NCT03585764::outcomeMeasures[4]::groups[OG000]	4	3	9	False	NO_CONFLICT_DETECTED	NOT_A_PATIENT_COUNT__NO_CROSS_MEASURE_SUM_EMITTED	DISJOINTNESS_UNVERIFIABLE__NO_participantFlowModule_IN_CACHE
NCT04075604	ctg_results_bor_2018_2021.txt	23	ACTUAL	3	3	3	12	ctg_results_bor_2018_2021.txt::NCT04075604::outcomeMeasures[2]::groups[OG002]	2	3	23	False	NO_CONFLICT_DETECTED	NOT_A_PATIENT_COUNT__NO_CROSS_MEASURE_SUM_EMITTED	DISJOINTNESS_UNVERIFIABLE__NO_participantFlowModule_IN_CACHE
NCT04217317	ctg_results_bor_2018_2021.txt	6	ACTUAL	1	1	2	6	ctg_results_bor_2018_2021.txt::NCT04217317::outcomeMeasures[1]::groups[OG000]	1	1	6	False	NO_CONFLICT_DETECTED	NOT_A_PATIENT_COUNT__NO_CROSS_MEASURE_SUM_EMITTED	DISJOINTNESS_UNVERIFIABLE__NO_participantFlowModule_IN_CACHE
NCT04745832	ctg_results_bor_2018_2021.txt	82	ACTUAL	2	2	4	0			0	0	False	NO_CONFLICT_DETECTED	NOT_A_PATIENT_COUNT__NO_CROSS_MEASURE_SUM_EMITTED	DISJOINTNESS_UNVERIFIABLE__NO_participantFlowModule_IN_CACHE
NCT03499899	ctg_results_bor_2018_2021.txt	88	ACTUAL	3	3	6	34	ctg_results_bor_2018_2021.txt::NCT03499899::outcomeMeasures[0]::groups[OG001]	0	3	88	False	NO_CONFLICT_DETECTED	NOT_A_PATIENT_COUNT__NO_CROSS_MEASURE_SUM_EMITTED	DISJOINTNESS_UNVERIFIABLE__NO_participantFlowModule_IN_CACHE
NCT04163718	ctg_results_bor_2018_2021.txt	12	ACTUAL	1	1	1	9	ctg_results_bor_2018_2021.txt::NCT04163718::outcomeMeasures[0]::groups[OG000]	0	1	9	False	NO_CONFLICT_DETECTED	NOT_A_PATIENT_COUNT__NO_CROSS_MEASURE_SUM_EMITTED	DISJOINTNESS_UNVERIFIABLE__NO_participantFlowModule_IN_CACHE
NCT05054725	ctg_results_bor_2018_2021.txt	47	ACTUAL	2	2	4	43	ctg_results_bor_2018_2021.txt::NCT05054725::outcomeMeasures[0]::groups[OG001]	0	2	47	False	NO_CONFLICT_DETECTED	NOT_A_PATIENT_COUNT__NO_CROSS_MEASURE_SUM_EMITTED	DISJOINTNESS_UNVERIFIABLE__NO_participantFlowModule_IN_CACHE
NCT04387071	ctg_results_bor_2018_2021.txt	2	ACTUAL	7	1	2	2	ctg_results_bor_2018_2021.txt::NCT04387071::outcomeMeasures[0]::groups[OG000]	0	1	2	False	NO_CONFLICT_DETECTED	NOT_A_PATIENT_COUNT__NO_CROSS_MEASURE_SUM_EMITTED	DISJOINTNESS_UNVERIFIABLE__NO_participantFlowModule_IN_CACHE
NCT03835819	ctg_results_bor_2018_2021.txt	18	ACTUAL	1	1	1	18	ctg_results_bor_2018_2021.txt::NCT03835819::outcomeMeasures[0]::groups[OG000]	0	1	18	False	NO_CONFLICT_DETECTED	NOT_A_PATIENT_COUNT__NO_CROSS_MEASURE_SUM_EMITTED	DISJOINTNESS_UNVERIFIABLE__NO_participantFlowModule_IN_CACHE
NCT04971187	ctg_results_bor_2018_2021.txt	3	ACTUAL	1	1	2	0			0	0	False	NO_CONFLICT_DETECTED	NOT_A_PATIENT_COUNT__NO_CROSS_MEASURE_SUM_EMITTED	DISJOINTNESS_UNVERIFIABLE__NO_participantFlowModule_IN_CACHE
NCT04820023	ctg_results_bor_2018_2021.txt	45	ACTUAL	9	10	10	9	ctg_results_bor_2018_2021.txt::NCT04820023::outcomeMeasures[2]::groups[OG007]	2	9	45	False	NO_CONFLICT_DETECTED	NOT_A_PATIENT_COUNT__NO_CROSS_MEASURE_SUM_EMITTED	DISJOINTNESS_UNVERIFIABLE__NO_participantFlowModule_IN_CACHE
NCT04211337	ctg_results_bor_2018_2021.txt	291	ACTUAL	2	2	2	193	ctg_results_bor_2018_2021.txt::NCT04211337::outcomeMeasures[2]::groups[OG000]	2	2	291	False	NO_CONFLICT_DETECTED	NOT_A_PATIENT_COUNT__NO_CROSS_MEASURE_SUM_EMITTED	DISJOINTNESS_UNVERIFIABLE__NO_participantFlowModule_IN_CACHE
NCT03433469	ctg_results_bor_2018_2021.txt	27	ACTUAL	1	1	2	27	ctg_results_bor_2018_2021.txt::NCT03433469::outcomeMeasures[1]::groups[OG000]	1	1	27	False	NO_CONFLICT_DETECTED	NOT_A_PATIENT_COUNT__NO_CROSS_MEASURE_SUM_EMITTED	DISJOINTNESS_UNVERIFIABLE__NO_participantFlowModule_IN_CACHE
NCT05109442	ctg_results_bor_2018_2021.txt	112	ACTUAL	2	6	14	43	ctg_results_bor_2018_2021.txt::NCT05109442::outcomeMeasures[1]::groups[OG000]	1	4	94	False	NO_CONFLICT_DETECTED	NOT_A_PATIENT_COUNT__NO_CROSS_MEASURE_SUM_EMITTED	DISJOINTNESS_UNVERIFIABLE__NO_participantFlowModule_IN_CACHE
NCT03291054	ctg_results_bor_2018_2021.txt	1	ACTUAL	1	1	1	0			0	0	False	NO_CONFLICT_DETECTED	NOT_A_PATIENT_COUNT__NO_CROSS_MEASURE_SUM_EMITTED	DISJOINTNESS_UNVERIFIABLE__NO_participantFlowModule_IN_CACHE
NCT03647488	ctg_results_bor_2018_2021.txt	18	ACTUAL	3	1	2	18	ctg_results_bor_2018_2021.txt::NCT03647488::outcomeMeasures[6]::groups[OG000]	6	1	18	False	NO_CONFLICT_DETECTED	NOT_A_PATIENT_COUNT__NO_CROSS_MEASURE_SUM_EMITTED	DISJOINTNESS_UNVERIFIABLE__NO_participantFlowModule_IN_CACHE
NCT03400176	ctg_results_bor_2018_2021.txt	39	ACTUAL	2	9	17	24	ctg_results_bor_2018_2021.txt::NCT03400176::outcomeMeasures[7]::groups[OG003]	7	4	48	True	WITHIN_MEASURE_SUM_EXCEEDS_ENROLLMENT__POOLED_LABEL_IN_MEASURE	NOT_A_PATIENT_COUNT__NO_CROSS_MEASURE_SUM_EMITTED	DISJOINTNESS_UNVERIFIABLE__NO_participantFlowModule_IN_CACHE
NCT04363801	ctg_results_bor_2018_2021.txt	247	ACTUAL	5	9	12	85	ctg_results_bor_2018_2021.txt::NCT04363801::outcomeMeasures[18]::groups[OG000]	18	2	170	False	NO_CONFLICT_DETECTED	NOT_A_PATIENT_COUNT__NO_CROSS_MEASURE_SUM_EMITTED	DISJOINTNESS_UNVERIFIABLE__NO_participantFlowModule_IN_CACHE
NCT05014828	ctg_results_bor_2018_2021.txt	58	ACTUAL	6	4	8	27	ctg_results_bor_2018_2021.txt::NCT05014828::outcomeMeasures[1]::groups[OG000]	1	4	58	False	NO_CONFLICT_DETECTED	NOT_A_PATIENT_COUNT__NO_CROSS_MEASURE_SUM_EMITTED	DISJOINTNESS_UNVERIFIABLE__NO_participantFlowModule_IN_CACHE
NCT03737994	ctg_results_bor_2018_2021.txt	10	ACTUAL	10	4	7	3	ctg_results_bor_2018_2021.txt::NCT03737994::outcomeMeasures[0]::groups[OG000]	0	4	8	False	NO_CONFLICT_DETECTED	NOT_A_PATIENT_COUNT__NO_CROSS_MEASURE_SUM_EMITTED	DISJOINTNESS_UNVERIFIABLE__NO_participantFlowModule_IN_CACHE
NCT03735121	ctg_results_bor_2018_2021.txt	438	ACTUAL	5	2	2	245	ctg_results_bor_2018_2021.txt::NCT03735121::outcomeMeasures[12]::groups[OG001]	12	2	369	False	NO_CONFLICT_DETECTED	NOT_A_PATIENT_COUNT__NO_CROSS_MEASURE_SUM_EMITTED	DISJOINTNESS_UNVERIFIABLE__NO_participantFlowModule_IN_CACHE
NCT05057247	ctg_results_bor_2018_2021.txt	26	ACTUAL	1	1	1	26	ctg_results_bor_2018_2021.txt::NCT05057247::outcomeMeasures[0]::groups[OG000]	0	1	26	False	NO_CONFLICT_DETECTED	NOT_A_PATIENT_COUNT__NO_CROSS_MEASURE_SUM_EMITTED	DISJOINTNESS_UNVERIFIABLE__NO_participantFlowModule_IN_CACHE
NCT04209621	ctg_results_bor_2018_2021.txt	3	ACTUAL	1	1	1	3	ctg_results_bor_2018_2021.txt::NCT04209621::outcomeMeasures[0]::groups[OG000]	0	1	3	False	NO_CONFLICT_DETECTED	NOT_A_PATIENT_COUNT__NO_CROSS_MEASURE_SUM_EMITTED	DISJOINTNESS_UNVERIFIABLE__NO_participantFlowModule_IN_CACHE
NCT03631706	ctg_results_bor_2018_2021.txt	304	ACTUAL	2	2	2	152	ctg_results_bor_2018_2021.txt::NCT03631706::outcomeMeasures[3]::groups[OG000]	3	2	304	False	NO_CONFLICT_DETECTED	NOT_A_PATIENT_COUNT__NO_CROSS_MEASURE_SUM_EMITTED	DISJOINTNESS_UNVERIFIABLE__NO_participantFlowModule_IN_CACHE
NCT04427072	ctg_results_bor_2018_2021.txt	22	ACTUAL	2	2	12	15	ctg_results_bor_2018_2021.txt::NCT04427072::outcomeMeasures[1]::groups[OG000]	1	2	22	False	NO_CONFLICT_DETECTED	NOT_A_PATIENT_COUNT__NO_CROSS_MEASURE_SUM_EMITTED	DISJOINTNESS_UNVERIFIABLE__NO_participantFlowModule_IN_CACHE
NCT03595228	ctg_results_bor_2018_2021.txt	29	ACTUAL	1	1	1	26	ctg_results_bor_2018_2021.txt::NCT03595228::outcomeMeasures[0]::groups[OG000]	0	1	26	False	NO_CONFLICT_DETECTED	NOT_A_PATIENT_COUNT__NO_CROSS_MEASURE_SUM_EMITTED	DISJOINTNESS_UNVERIFIABLE__NO_participantFlowModule_IN_CACHE
NCT04452877	ctg_results_bor_2018_2021.txt	40	ACTUAL	1	1	2	40	ctg_results_bor_2018_2021.txt::NCT04452877::outcomeMeasures[0]::groups[OG000]	0	1	40	False	NO_CONFLICT_DETECTED	NOT_A_PATIENT_COUNT__NO_CROSS_MEASURE_SUM_EMITTED	DISJOINTNESS_UNVERIFIABLE__NO_participantFlowModule_IN_CACHE
NCT03525392	ctg_results_bor_2018_2021.txt	14	ACTUAL	1	5	10	2	ctg_results_bor_2018_2021.txt::NCT03525392::outcomeMeasures[17]::groups[OG002]	17	5	6	False	NO_CONFLICT_DETECTED	NOT_A_PATIENT_COUNT__NO_CROSS_MEASURE_SUM_EMITTED	DISJOINTNESS_UNVERIFIABLE__NO_participantFlowModule_IN_CACHE
NCT05087992	ctg_results_bor_2018_2021.txt	13	ACTUAL	3	3	6	9	ctg_results_bor_2018_2021.txt::NCT05087992::outcomeMeasures[2]::groups[OG000]	2	3	13	False	NO_CONFLICT_DETECTED	NOT_A_PATIENT_COUNT__NO_CROSS_MEASURE_SUM_EMITTED	DISJOINTNESS_UNVERIFIABLE__NO_participantFlowModule_IN_CACHE
NCT04187833	ctg_results_bor_2018_2021.txt	8	ACTUAL	1	1	2	7	ctg_results_bor_2018_2021.txt::NCT04187833::outcomeMeasures[0]::groups[OG000]	0	1	7	False	NO_CONFLICT_DETECTED	NOT_A_PATIENT_COUNT__NO_CROSS_MEASURE_SUM_EMITTED	DISJOINTNESS_UNVERIFIABLE__NO_participantFlowModule_IN_CACHE
NCT04632992	ctg_results_bor_2018_2021.txt	252	ACTUAL	15	14	14	28	ctg_results_bor_2018_2021.txt::NCT04632992::outcomeMeasures[0]::groups[OG009]	0	14	252	False	NO_CONFLICT_DETECTED	NOT_A_PATIENT_COUNT__NO_CROSS_MEASURE_SUM_EMITTED	DISJOINTNESS_UNVERIFIABLE__NO_participantFlowModule_IN_CACHE
NCT03621982	ctg_results_bor_2018_2021.txt	78	ACTUAL	2	2	2	44	ctg_results_bor_2018_2021.txt::NCT03621982::outcomeMeasures[7]::groups[OG000]	7	2	77	False	NO_CONFLICT_DETECTED	NOT_A_PATIENT_COUNT__NO_CROSS_MEASURE_SUM_EMITTED	DISJOINTNESS_UNVERIFIABLE__NO_participantFlowModule_IN_CACHE
NCT03526250	ctg_results_bor_2018_2021.txt	23	ACTUAL	1	1	1	20	ctg_results_bor_2018_2021.txt::NCT03526250::outcomeMeasures[0]::groups[OG000]	0	1	20	False	NO_CONFLICT_DETECTED	NOT_A_PATIENT_COUNT__NO_CROSS_MEASURE_SUM_EMITTED	DISJOINTNESS_UNVERIFIABLE__NO_participantFlowModule_IN_CACHE
NCT06655818	ctg_results_bor_2018_2021.txt	4	ACTUAL	1	1	3	4	ctg_results_bor_2018_2021.txt::NCT06655818::outcomeMeasures[5]::groups[OG000]	5	1	4	False	NO_CONFLICT_DETECTED	NOT_A_PATIENT_COUNT__NO_CROSS_MEASURE_SUM_EMITTED	DISJOINTNESS_UNVERIFIABLE__NO_participantFlowModule_IN_CACHE
NCT07217184	ctg_results_bor_2018_2021.txt	30	ACTUAL	1	3	9	10	ctg_results_bor_2018_2021.txt::NCT07217184::outcomeMeasures[5]::groups[OG000]	5	3	30	False	NO_CONFLICT_DETECTED	NOT_A_PATIENT_COUNT__NO_CROSS_MEASURE_SUM_EMITTED	DISJOINTNESS_UNVERIFIABLE__NO_participantFlowModule_IN_CACHE
NCT04750824	ctg_results_bor_2018_2021.txt	110	ACTUAL	2	4	12	72	ctg_results_bor_2018_2021.txt::NCT04750824::outcomeMeasures[0]::groups[OG000]	0	4	162	False	WITHIN_MEASURE_SUM_EXCEEDS_ENROLLMENT	NOT_A_PATIENT_COUNT__NO_CROSS_MEASURE_SUM_EMITTED	DISJOINTNESS_UNVERIFIABLE__NO_participantFlowModule_IN_CACHE
NCT04447755	ctg_results_bor_2018_2021.txt	127	ACTUAL	7	7	35	65	ctg_results_bor_2018_2021.txt::NCT04447755::outcomeMeasures[0]::groups[OG006]	0	7	124	False	NO_CONFLICT_DETECTED	NOT_A_PATIENT_COUNT__NO_CROSS_MEASURE_SUM_EMITTED	DISJOINTNESS_UNVERIFIABLE__NO_participantFlowModule_IN_CACHE
NCT04751929	ctg_results_bor_2018_2021.txt	19	ACTUAL	4	4	4	8	ctg_results_bor_2018_2021.txt::NCT04751929::outcomeMeasures[1]::groups[OG001]	1	3	19	False	NO_CONFLICT_DETECTED	NOT_A_PATIENT_COUNT__NO_CROSS_MEASURE_SUM_EMITTED	DISJOINTNESS_UNVERIFIABLE__NO_participantFlowModule_IN_CACHE
NCT03512353	ctg_results_bor_2018_2021.txt	7	ACTUAL	1	3	4	6	ctg_results_bor_2018_2021.txt::NCT03512353::outcomeMeasures[16]::groups[OG000]	16	1	6	False	NO_CONFLICT_DETECTED	NOT_A_PATIENT_COUNT__NO_CROSS_MEASURE_SUM_EMITTED	DISJOINTNESS_UNVERIFIABLE__NO_participantFlowModule_IN_CACHE
NCT05093322	ctg_results_bor_2018_2021.txt	13	ACTUAL	2	2	4	10	ctg_results_bor_2018_2021.txt::NCT05093322::outcomeMeasures[6]::groups[OG000]	6	2	13	False	NO_CONFLICT_DETECTED	NOT_A_PATIENT_COUNT__NO_CROSS_MEASURE_SUM_EMITTED	DISJOINTNESS_UNVERIFIABLE__NO_participantFlowModule_IN_CACHE
NCT03386357	ctg_results_bor_2018_2021.txt	115	ACTUAL	2	2	2	58	ctg_results_bor_2018_2021.txt::NCT03386357::outcomeMeasures[1]::groups[OG001]	1	2	115	False	NO_CONFLICT_DETECTED	NOT_A_PATIENT_COUNT__NO_CROSS_MEASURE_SUM_EMITTED	DISJOINTNESS_UNVERIFIABLE__NO_participantFlowModule_IN_CACHE
NCT03752177	ctg_results_bor_2018_2021.txt	12	ACTUAL	2	1	2	0			0	0	False	NO_CONFLICT_DETECTED	NOT_A_PATIENT_COUNT__NO_CROSS_MEASURE_SUM_EMITTED	DISJOINTNESS_UNVERIFIABLE__NO_participantFlowModule_IN_CACHE
NCT04325828	ctg_results_bor_2018_2021.txt	31	ACTUAL	1	1	3	24	ctg_results_bor_2018_2021.txt::NCT04325828::outcomeMeasures[0]::groups[OG000]	0	1	24	False	NO_CONFLICT_DETECTED	NOT_A_PATIENT_COUNT__NO_CROSS_MEASURE_SUM_EMITTED	DISJOINTNESS_UNVERIFIABLE__NO_participantFlowModule_IN_CACHE
NCT03421652	ctg_results_bor_2018_2021.txt	20	ACTUAL	1	1	1	20	ctg_results_bor_2018_2021.txt::NCT03421652::outcomeMeasures[1]::groups[OG000]	1	1	20	False	NO_CONFLICT_DETECTED	NOT_A_PATIENT_COUNT__NO_CROSS_MEASURE_SUM_EMITTED	DISJOINTNESS_UNVERIFIABLE__NO_participantFlowModule_IN_CACHE
NCT04513522	ctg_results_bor_2018_2021.txt	101	ACTUAL	1	1	1	85	ctg_results_bor_2018_2021.txt::NCT04513522::outcomeMeasures[4]::groups[OG000]	4	1	85	False	NO_CONFLICT_DETECTED	NOT_A_PATIENT_COUNT__NO_CROSS_MEASURE_SUM_EMITTED	DISJOINTNESS_UNVERIFIABLE__NO_participantFlowModule_IN_CACHE
NCT03411031	ctg_results_bor_2018_2021.txt	18	ACTUAL	2	2	2	9	ctg_results_bor_2018_2021.txt::NCT03411031::outcomeMeasures[1]::groups[OG000]	1	2	18	False	NO_CONFLICT_DETECTED	NOT_A_PATIENT_COUNT__NO_CROSS_MEASURE_SUM_EMITTED	DISJOINTNESS_UNVERIFIABLE__NO_participantFlowModule_IN_CACHE
NCT04195555	ctg_results_bor_2018_2021.txt	3	ACTUAL	1	1	1	2	ctg_results_bor_2018_2021.txt::NCT04195555::outcomeMeasures[0]::groups[OG000]	0	1	2	False	NO_CONFLICT_DETECTED	NOT_A_PATIENT_COUNT__NO_CROSS_MEASURE_SUM_EMITTED	DISJOINTNESS_UNVERIFIABLE__NO_participantFlowModule_IN_CACHE
NCT04426825	ctg_results_bor_2018_2021.txt	23	ACTUAL	1	1	6	23	ctg_results_bor_2018_2021.txt::NCT04426825::outcomeMeasures[3]::groups[OG000]	3	1	23	False	NO_CONFLICT_DETECTED	NOT_A_PATIENT_COUNT__NO_CROSS_MEASURE_SUM_EMITTED	DISJOINTNESS_UNVERIFIABLE__NO_participantFlowModule_IN_CACHE
NCT04144140	ctg_results_bor_2018_2021.txt	24	ACTUAL	2	7	15	11	ctg_results_bor_2018_2021.txt::NCT04144140::outcomeMeasures[8]::groups[OG003]	8	6	24	False	NO_CONFLICT_DETECTED	NOT_A_PATIENT_COUNT__NO_CROSS_MEASURE_SUM_EMITTED	DISJOINTNESS_UNVERIFIABLE__NO_participantFlowModule_IN_CACHE
NCT03538717	ctg_results_bor_2018_2021.txt	157	ACTUAL	0	1	2	91	ctg_results_bor_2018_2021.txt::NCT03538717::outcomeMeasures[23]::groups[OG000]	23	1	91	False	NO_CONFLICT_DETECTED	NOT_A_PATIENT_COUNT__NO_CROSS_MEASURE_SUM_EMITTED	DISJOINTNESS_UNVERIFIABLE__NO_participantFlowModule_IN_CACHE
NCT03854227	ctg_results_bor_2018_2021.txt	54	ACTUAL	6	12	12	11	ctg_results_bor_2018_2021.txt::NCT03854227::outcomeMeasures[5]::groups[OG000]	22	9	23	False	NO_CONFLICT_DETECTED	NOT_A_PATIENT_COUNT__NO_CROSS_MEASURE_SUM_EMITTED	DISJOINTNESS_UNVERIFIABLE__NO_participantFlowModule_IN_CACHE
NCT04703322	ctg_results_bor_2018_2021.txt	9	ACTUAL	1	1	3	0			0	0	False	NO_CONFLICT_DETECTED	NOT_A_PATIENT_COUNT__NO_CROSS_MEASURE_SUM_EMITTED	DISJOINTNESS_UNVERIFIABLE__NO_participantFlowModule_IN_CACHE
NCT04044768	ctg_results_bor_2018_2021.txt	52	ACTUAL	1	2	4	44	ctg_results_bor_2018_2021.txt::NCT04044768::outcomeMeasures[0]::groups[OG000]	0	2	52	False	NO_CONFLICT_DETECTED	NOT_A_PATIENT_COUNT__NO_CROSS_MEASURE_SUM_EMITTED	DISJOINTNESS_UNVERIFIABLE__NO_participantFlowModule_IN_CACHE
NCT03395080	ctg_results_bor_2018_2021.txt	111	ACTUAL	6	8	16	26	ctg_results_bor_2018_2021.txt::NCT03395080::outcomeMeasures[0]::groups[OG000]	2	8	102	False	NO_CONFLICT_DETECTED	NOT_A_PATIENT_COUNT__NO_CROSS_MEASURE_SUM_EMITTED	DISJOINTNESS_UNVERIFIABLE__NO_participantFlowModule_IN_CACHE
NCT03662659	ctg_results_bor_2018_2021.txt	274	ACTUAL	2	2	6	138	ctg_results_bor_2018_2021.txt::NCT03662659::outcomeMeasures[1]::groups[OG000]	1	2	274	False	NO_CONFLICT_DETECTED	NOT_A_PATIENT_COUNT__NO_CROSS_MEASURE_SUM_EMITTED	DISJOINTNESS_UNVERIFIABLE__NO_participantFlowModule_IN_CACHE
NCT03609359	ctg_results_bor_2018_2021.txt	29	ACTUAL	1	1	3	29	ctg_results_bor_2018_2021.txt::NCT03609359::outcomeMeasures[0]::groups[OG000]	0	1	29	False	NO_CONFLICT_DETECTED	NOT_A_PATIENT_COUNT__NO_CROSS_MEASURE_SUM_EMITTED	DISJOINTNESS_UNVERIFIABLE__NO_participantFlowModule_IN_CACHE
NCT04798586	ctg_results_bor_2018_2021.txt	4	ACTUAL	1	1	1	4	ctg_results_bor_2018_2021.txt::NCT04798586::outcomeMeasures[12]::groups[OG000]	12	1	4	False	NO_CONFLICT_DETECTED	NOT_A_PATIENT_COUNT__NO_CROSS_MEASURE_SUM_EMITTED	DISJOINTNESS_UNVERIFIABLE__NO_participantFlowModule_IN_CACHE
NCT03272464	ctg_results_bor_2018_2021.txt	1	ACTUAL	1	1	1	1	ctg_results_bor_2018_2021.txt::NCT03272464::outcomeMeasures[1]::groups[OG000]	1	1	1	False	NO_CONFLICT_DETECTED	NOT_A_PATIENT_COUNT__NO_CROSS_MEASURE_SUM_EMITTED	DISJOINTNESS_UNVERIFIABLE__NO_participantFlowModule_IN_CACHE
NCT06160609	ctg_results_bor_2018_2021.txt	9	ACTUAL	1	2	6	6	ctg_results_bor_2018_2021.txt::NCT06160609::outcomeMeasures[5]::groups[OG000]	5	2	9	False	NO_CONFLICT_DETECTED	NOT_A_PATIENT_COUNT__NO_CROSS_MEASURE_SUM_EMITTED	DISJOINTNESS_UNVERIFIABLE__NO_participantFlowModule_IN_CACHE
NCT04033432	ctg_results_bor_2018_2021.txt	14	ACTUAL	1	2	2	14	ctg_results_bor_2018_2021.txt::NCT04033432::outcomeMeasures[0]::groups[OG000]	0	1	14	False	NO_CONFLICT_DETECTED	NOT_A_PATIENT_COUNT__NO_CROSS_MEASURE_SUM_EMITTED	DISJOINTNESS_UNVERIFIABLE__NO_participantFlowModule_IN_CACHE
NCT04896658	ctg_results_bor_2018_2021.txt	10	ACTUAL	2	5	5	4	ctg_results_bor_2018_2021.txt::NCT04896658::outcomeMeasures[1]::groups[OG003]	1	3	10	False	NO_CONFLICT_DETECTED	NOT_A_PATIENT_COUNT__NO_CROSS_MEASURE_SUM_EMITTED	DISJOINTNESS_UNVERIFIABLE__NO_participantFlowModule_IN_CACHE
NCT03498521	ctg_results_bor_2018_2021.txt	529	ACTUAL	2	2	4	326	ctg_results_bor_2018_2021.txt::NCT03498521::outcomeMeasures[2]::groups[OG000]	2	2	436	False	NO_CONFLICT_DETECTED	NOT_A_PATIENT_COUNT__NO_CROSS_MEASURE_SUM_EMITTED	DISJOINTNESS_UNVERIFIABLE__NO_participantFlowModule_IN_CACHE
NCT04628780	ctg_results_bor_2018_2021.txt	37	ACTUAL	4	6	6	11	ctg_results_bor_2018_2021.txt::NCT04628780::outcomeMeasures[10]::groups[OG004]	10	6	29	False	NO_CONFLICT_DETECTED	NOT_A_PATIENT_COUNT__NO_CROSS_MEASURE_SUM_EMITTED	DISJOINTNESS_UNVERIFIABLE__NO_participantFlowModule_IN_CACHE
NCT04407442	ctg_results_bor_2018_2021.txt	5	ACTUAL	1	1	2	4	ctg_results_bor_2018_2021.txt::NCT04407442::outcomeMeasures[0]::groups[OG000]	0	1	4	False	NO_CONFLICT_DETECTED	NOT_A_PATIENT_COUNT__NO_CROSS_MEASURE_SUM_EMITTED	DISJOINTNESS_UNVERIFIABLE__NO_participantFlowModule_IN_CACHE
NCT03899792	ctg_results_bor_2018_2021.txt	36	ACTUAL	3	3	3	15	ctg_results_bor_2018_2021.txt::NCT03899792::outcomeMeasures[1]::groups[OG000]	1	3	36	False	NO_CONFLICT_DETECTED	NOT_A_PATIENT_COUNT__NO_CROSS_MEASURE_SUM_EMITTED	DISJOINTNESS_UNVERIFIABLE__NO_participantFlowModule_IN_CACHE
NCT03445000	ctg_results_bor_2018_2021.txt	14	ACTUAL	1	1	1	13	ctg_results_bor_2018_2021.txt::NCT03445000::outcomeMeasures[0]::groups[OG000]	0	1	13	False	NO_CONFLICT_DETECTED	NOT_A_PATIENT_COUNT__NO_CROSS_MEASURE_SUM_EMITTED	DISJOINTNESS_UNVERIFIABLE__NO_participantFlowModule_IN_CACHE
NCT03525834	ctg_results_bor_2018_2021.txt	40	ACTUAL	1	1	2	40	ctg_results_bor_2018_2021.txt::NCT03525834::outcomeMeasures[1]::groups[OG000]	1	1	40	False	NO_CONFLICT_DETECTED	NOT_A_PATIENT_COUNT__NO_CROSS_MEASURE_SUM_EMITTED	DISJOINTNESS_UNVERIFIABLE__NO_participantFlowModule_IN_CACHE
NCT03761914	ctg_results_bor_2018_2021.txt	26	ACTUAL	5	3	4	16	ctg_results_bor_2018_2021.txt::NCT03761914::outcomeMeasures[0]::groups[OG000]	0	1	16	False	NO_CONFLICT_DETECTED	NOT_A_PATIENT_COUNT__NO_CROSS_MEASURE_SUM_EMITTED	DISJOINTNESS_UNVERIFIABLE__NO_participantFlowModule_IN_CACHE
NCT03625323	ctg_results_bor_2018_2021.txt	187	ACTUAL	3	3	6	114	ctg_results_bor_2018_2021.txt::NCT03625323::outcomeMeasures[0]::groups[OG000]	0	3	187	False	NO_CONFLICT_DETECTED	NOT_A_PATIENT_COUNT__NO_CROSS_MEASURE_SUM_EMITTED	DISJOINTNESS_UNVERIFIABLE__NO_participantFlowModule_IN_CACHE
NCT04632459	ctg_results_bor_2018_2021.txt	26	ACTUAL	1	1	1	26	ctg_results_bor_2018_2021.txt::NCT04632459::outcomeMeasures[0]::groups[OG000]	0	1	26	False	NO_CONFLICT_DETECTED	NOT_A_PATIENT_COUNT__NO_CROSS_MEASURE_SUM_EMITTED	DISJOINTNESS_UNVERIFIABLE__NO_participantFlowModule_IN_CACHE
NCT04349267	ctg_results_bor_2018_2021.txt	44	ACTUAL	3	7	7	15	ctg_results_bor_2018_2021.txt::NCT04349267::outcomeMeasures[2]::groups[OG006]	2	7	44	False	NO_CONFLICT_DETECTED	NOT_A_PATIENT_COUNT__NO_CROSS_MEASURE_SUM_EMITTED	DISJOINTNESS_UNVERIFIABLE__NO_participantFlowModule_IN_CACHE
NCT03999749	ctg_results_bor_2018_2021.txt	71	ACTUAL	1	1	1	70	ctg_results_bor_2018_2021.txt::NCT03999749::outcomeMeasures[1]::groups[OG000]	1	1	70	False	NO_CONFLICT_DETECTED	NOT_A_PATIENT_COUNT__NO_CROSS_MEASURE_SUM_EMITTED	DISJOINTNESS_UNVERIFIABLE__NO_participantFlowModule_IN_CACHE
NCT03760666	ctg_results_bor_2018_2021.txt	17	ACTUAL	1	3	3	0			0	0	False	NO_CONFLICT_DETECTED	NOT_A_PATIENT_COUNT__NO_CROSS_MEASURE_SUM_EMITTED	DISJOINTNESS_UNVERIFIABLE__NO_participantFlowModule_IN_CACHE
NCT03774654	ctg_results_bor_2018_2021.txt	13	ACTUAL	2	4	4	4	ctg_results_bor_2018_2021.txt::NCT03774654::outcomeMeasures[1]::groups[OG001]	1	4	13	False	NO_CONFLICT_DETECTED	NOT_A_PATIENT_COUNT__NO_CROSS_MEASURE_SUM_EMITTED	DISJOINTNESS_UNVERIFIABLE__NO_participantFlowModule_IN_CACHE
NCT04907539	ctg_results_bor_2018_2021.txt	25	ACTUAL	2	2	4	11	ctg_results_bor_2018_2021.txt::NCT04907539::outcomeMeasures[0]::groups[OG000]	0	1	11	False	NO_CONFLICT_DETECTED	NOT_A_PATIENT_COUNT__NO_CROSS_MEASURE_SUM_EMITTED	DISJOINTNESS_UNVERIFIABLE__NO_participantFlowModule_IN_CACHE
NCT03760081	ctg_results_bor_2018_2021.txt	19	ACTUAL	2	2	4	13	ctg_results_bor_2018_2021.txt::NCT03760081::outcomeMeasures[1]::groups[OG001]	1	2	19	False	NO_CONFLICT_DETECTED	NOT_A_PATIENT_COUNT__NO_CROSS_MEASURE_SUM_EMITTED	DISJOINTNESS_UNVERIFIABLE__NO_participantFlowModule_IN_CACHE
NCT04221438	ctg_results_bor_2018_2021.txt	3	ACTUAL	1	1	1	3	ctg_results_bor_2018_2021.txt::NCT04221438::outcomeMeasures[1]::groups[OG000]	1	1	3	False	NO_CONFLICT_DETECTED	NOT_A_PATIENT_COUNT__NO_CROSS_MEASURE_SUM_EMITTED	DISJOINTNESS_UNVERIFIABLE__NO_participantFlowModule_IN_CACHE
NCT04139317	ctg_results_bor_2018_2021.txt	76	ACTUAL	2	2	4	51	ctg_results_bor_2018_2021.txt::NCT04139317::outcomeMeasures[1]::groups[OG000]	1	2	76	False	NO_CONFLICT_DETECTED	NOT_A_PATIENT_COUNT__NO_CROSS_MEASURE_SUM_EMITTED	DISJOINTNESS_UNVERIFIABLE__NO_participantFlowModule_IN_CACHE
NCT04421378	ctg_results_bor_2018_2021.txt	74	ACTUAL	8	3	6	19	ctg_results_bor_2018_2021.txt::NCT04421378::outcomeMeasures[7]::groups[OG000]	7	3	36	False	NO_CONFLICT_DETECTED	NOT_A_PATIENT_COUNT__NO_CROSS_MEASURE_SUM_EMITTED	DISJOINTNESS_UNVERIFIABLE__NO_participantFlowModule_IN_CACHE
NCT05020015	ctg_results_bor_2018_2021.txt	27	ACTUAL	4	4	4	10	ctg_results_bor_2018_2021.txt::NCT05020015::outcomeMeasures[3]::groups[OG002]	3	4	26	False	NO_CONFLICT_DETECTED	NOT_A_PATIENT_COUNT__NO_CROSS_MEASURE_SUM_EMITTED	DISJOINTNESS_UNVERIFIABLE__NO_participantFlowModule_IN_CACHE
NCT04212221	ctg_results_bor_2018_2021.txt	89	ACTUAL	2	8	18	36	ctg_results_bor_2018_2021.txt::NCT04212221::outcomeMeasures[2]::groups[OG001]	2	2	69	False	NO_CONFLICT_DETECTED	NOT_A_PATIENT_COUNT__NO_CROSS_MEASURE_SUM_EMITTED	DISJOINTNESS_UNVERIFIABLE__NO_participantFlowModule_IN_CACHE
NCT04208958	ctg_results_bor_2018_2021.txt	56	ACTUAL	1	1	3	54	ctg_results_bor_2018_2021.txt::NCT04208958::outcomeMeasures[1]::groups[OG000]	1	1	54	False	NO_CONFLICT_DETECTED	NOT_A_PATIENT_COUNT__NO_CROSS_MEASURE_SUM_EMITTED	DISJOINTNESS_UNVERIFIABLE__NO_participantFlowModule_IN_CACHE
NCT03415854	ctg_results_bor_2018_2021.txt	34	ACTUAL	1	1	1	14	ctg_results_bor_2018_2021.txt::NCT03415854::outcomeMeasures[0]::groups[OG000]	0	1	14	False	NO_CONFLICT_DETECTED	NOT_A_PATIENT_COUNT__NO_CROSS_MEASURE_SUM_EMITTED	DISJOINTNESS_UNVERIFIABLE__NO_participantFlowModule_IN_CACHE
NCT04072445	ctg_results_bor_2018_2021.txt	28	ACTUAL	1	1	2	20	ctg_results_bor_2018_2021.txt::NCT04072445::outcomeMeasures[1]::groups[OG000]	1	1	20	False	NO_CONFLICT_DETECTED	NOT_A_PATIENT_COUNT__NO_CROSS_MEASURE_SUM_EMITTED	DISJOINTNESS_UNVERIFIABLE__NO_participantFlowModule_IN_CACHE
NCT03719690	ctg_results_bor_2018_2021.txt	296	ACTUAL	2	1	2	59	ctg_results_bor_2018_2021.txt::NCT03719690::outcomeMeasures[1]::groups[OG000]	1	1	59	False	NO_CONFLICT_DETECTED	NOT_A_PATIENT_COUNT__NO_CROSS_MEASURE_SUM_EMITTED	DISJOINTNESS_UNVERIFIABLE__NO_participantFlowModule_IN_CACHE
NCT04543188	ctg_results_bor_2018_2021.txt	65	ACTUAL	9	15	68	9	ctg_results_bor_2018_2021.txt::NCT04543188::outcomeMeasures[9]::groups[OG003]	28	11	37	False	NO_CONFLICT_DETECTED	NOT_A_PATIENT_COUNT__NO_CROSS_MEASURE_SUM_EMITTED	DISJOINTNESS_UNVERIFIABLE__NO_participantFlowModule_IN_CACHE
NCT03575065	ctg_results_bor_2018_2021.txt	88	ACTUAL	2	2	10	55	ctg_results_bor_2018_2021.txt::NCT03575065::outcomeMeasures[0]::groups[OG000]	0	2	76	False	NO_CONFLICT_DETECTED	NOT_A_PATIENT_COUNT__NO_CROSS_MEASURE_SUM_EMITTED	DISJOINTNESS_UNVERIFIABLE__NO_participantFlowModule_IN_CACHE
NCT03968419	ctg_results_bor_2018_2021.txt	88	ACTUAL	3	3	3	35	ctg_results_bor_2018_2021.txt::NCT03968419::outcomeMeasures[5]::groups[OG000]	5	3	88	False	NO_CONFLICT_DETECTED	NOT_A_PATIENT_COUNT__NO_CROSS_MEASURE_SUM_EMITTED	DISJOINTNESS_UNVERIFIABLE__NO_participantFlowModule_IN_CACHE
NCT03372057	ctg_results_bor_2018_2021.txt	156	ACTUAL	3	3	5	123	ctg_results_bor_2018_2021.txt::NCT03372057::outcomeMeasures[1]::groups[OG000]	1	1	123	False	NO_CONFLICT_DETECTED	NOT_A_PATIENT_COUNT__NO_CROSS_MEASURE_SUM_EMITTED	DISJOINTNESS_UNVERIFIABLE__NO_participantFlowModule_IN_CACHE
NCT04457778	ctg_results_bor_2018_2021.txt	58	ACTUAL	2	11	11	11	ctg_results_bor_2018_2021.txt::NCT04457778::outcomeMeasures[18]::groups[OG005]	18	11	52	False	NO_CONFLICT_DETECTED	NOT_A_PATIENT_COUNT__NO_CROSS_MEASURE_SUM_EMITTED	DISJOINTNESS_UNVERIFIABLE__NO_participantFlowModule_IN_CACHE
NCT04122625	ctg_results_bor_2018_2021.txt	46	ACTUAL	6	6	18	11	ctg_results_bor_2018_2021.txt::NCT04122625::outcomeMeasures[1]::groups[OG003]	10	6	46	False	NO_CONFLICT_DETECTED	NOT_A_PATIENT_COUNT__NO_CROSS_MEASURE_SUM_EMITTED	DISJOINTNESS_UNVERIFIABLE__NO_participantFlowModule_IN_CACHE
NCT04436107	ctg_results_bor_2018_2021.txt	66	ACTUAL	4	14	27	50	ctg_results_bor_2018_2021.txt::NCT04436107::outcomeMeasures[1]::groups[OG001]	1	2	89	False	WITHIN_MEASURE_SUM_EXCEEDS_ENROLLMENT	NOT_A_PATIENT_COUNT__NO_CROSS_MEASURE_SUM_EMITTED	DISJOINTNESS_UNVERIFIABLE__NO_participantFlowModule_IN_CACHE
NCT03768505	ctg_results_bor_2018_2021.txt	169	ACTUAL	1	1	1	0			0	0	False	NO_CONFLICT_DETECTED	NOT_A_PATIENT_COUNT__NO_CROSS_MEASURE_SUM_EMITTED	DISJOINTNESS_UNVERIFIABLE__NO_participantFlowModule_IN_CACHE
NCT04639245	ctg_results_bor_2018_2021.txt	1	ACTUAL	1	1	2	1	ctg_results_bor_2018_2021.txt::NCT04639245::outcomeMeasures[1]::groups[OG000]	1	1	1	False	NO_CONFLICT_DETECTED	NOT_A_PATIENT_COUNT__NO_CROSS_MEASURE_SUM_EMITTED	DISJOINTNESS_UNVERIFIABLE__NO_participantFlowModule_IN_CACHE
NCT04339062	ctg_results_bor_2018_2021.txt	12	ACTUAL	2	2	2	11	ctg_results_bor_2018_2021.txt::NCT04339062::outcomeMeasures[3]::groups[OG001]	3	1	11	False	NO_CONFLICT_DETECTED	NOT_A_PATIENT_COUNT__NO_CROSS_MEASURE_SUM_EMITTED	DISJOINTNESS_UNVERIFIABLE__NO_participantFlowModule_IN_CACHE
NCT04607421	ctg_results_bor_2018_2021.txt	841	ACTUAL	7	7	21	243	ctg_results_bor_2018_2021.txt::NCT04607421::outcomeMeasures[36]::groups[OG002]	36	3	637	False	NO_CONFLICT_DETECTED	NOT_A_PATIENT_COUNT__NO_CROSS_MEASURE_SUM_EMITTED	DISJOINTNESS_UNVERIFIABLE__NO_participantFlowModule_IN_CACHE
NCT03539484	ctg_results_bor_2018_2021.txt	26	ACTUAL	3	7	14	13	ctg_results_bor_2018_2021.txt::NCT03539484::outcomeMeasures[15]::groups[OG004]	15	7	26	False	NO_CONFLICT_DETECTED	NOT_A_PATIENT_COUNT__NO_CROSS_MEASURE_SUM_EMITTED	DISJOINTNESS_UNVERIFIABLE__NO_participantFlowModule_IN_CACHE
NCT04075721	ctg_results_bor_2018_2021.txt	10	ACTUAL	3	3	3	4	ctg_results_bor_2018_2021.txt::NCT04075721::outcomeMeasures[19]::groups[OG001]	19	3	10	False	NO_CONFLICT_DETECTED	NOT_A_PATIENT_COUNT__NO_CROSS_MEASURE_SUM_EMITTED	DISJOINTNESS_UNVERIFIABLE__NO_participantFlowModule_IN_CACHE
NCT04538378	ctg_results_bor_2018_2021.txt	4	ACTUAL	1	1	1	4	ctg_results_bor_2018_2021.txt::NCT04538378::outcomeMeasures[0]::groups[OG000]	0	1	4	False	NO_CONFLICT_DETECTED	NOT_A_PATIENT_COUNT__NO_CROSS_MEASURE_SUM_EMITTED	DISJOINTNESS_UNVERIFIABLE__NO_participantFlowModule_IN_CACHE
NCT03468426	ctg_results_bor_2018_2021.txt	252	ACTUAL	11	9	18	238	ctg_results_bor_2018_2021.txt::NCT03468426::outcomeMeasures[28]::groups[OG008]	28	9	476	False	WITHIN_MEASURE_SUM_EXCEEDS_ENROLLMENT	NOT_A_PATIENT_COUNT__NO_CROSS_MEASURE_SUM_EMITTED	DISJOINTNESS_UNVERIFIABLE__NO_participantFlowModule_IN_CACHE
NCT03406871	ctg_results_bor_2018_2021.txt	50	ACTUAL	4	1	2	50	ctg_results_bor_2018_2021.txt::NCT03406871::outcomeMeasures[1]::groups[OG000]	1	1	50	False	NO_CONFLICT_DETECTED	NOT_A_PATIENT_COUNT__NO_CROSS_MEASURE_SUM_EMITTED	DISJOINTNESS_UNVERIFIABLE__NO_participantFlowModule_IN_CACHE
NCT04088500	ctg_results_bor_2018_2021.txt	5	ACTUAL	1	1	3	5	ctg_results_bor_2018_2021.txt::NCT04088500::outcomeMeasures[0]::groups[OG000]	0	1	5	False	NO_CONFLICT_DETECTED	NOT_A_PATIENT_COUNT__NO_CROSS_MEASURE_SUM_EMITTED	DISJOINTNESS_UNVERIFIABLE__NO_participantFlowModule_IN_CACHE
NCT04738292	ctg_results_bor_2018_2021.txt	11	ACTUAL	1	1	1	11	ctg_results_bor_2018_2021.txt::NCT04738292::outcomeMeasures[0]::groups[OG000]	0	1	11	False	NO_CONFLICT_DETECTED	NOT_A_PATIENT_COUNT__NO_CROSS_MEASURE_SUM_EMITTED	DISJOINTNESS_UNVERIFIABLE__NO_participantFlowModule_IN_CACHE
NCT03790111	ctg_results_bor_2018_2021.txt	53	ACTUAL	1	1	12	53	ctg_results_bor_2018_2021.txt::NCT03790111::outcomeMeasures[5]::groups[OG000]	5	1	53	False	NO_CONFLICT_DETECTED	NOT_A_PATIENT_COUNT__NO_CROSS_MEASURE_SUM_EMITTED	DISJOINTNESS_UNVERIFIABLE__NO_participantFlowModule_IN_CACHE
NCT03685344	ctg_results_bor_2018_2021.txt	13	ACTUAL	1	4	8	7	ctg_results_bor_2018_2021.txt::NCT03685344::outcomeMeasures[4]::groups[OG002]	4	3	12	False	NO_CONFLICT_DETECTED	NOT_A_PATIENT_COUNT__NO_CROSS_MEASURE_SUM_EMITTED	DISJOINTNESS_UNVERIFIABLE__NO_participantFlowModule_IN_CACHE
NCT03906071	ctg_results_bor_2018_2021.txt	577	ACTUAL	2	2	4	290	ctg_results_bor_2018_2021.txt::NCT03906071::outcomeMeasures[5]::groups[OG001]	5	2	572	False	NO_CONFLICT_DETECTED	NOT_A_PATIENT_COUNT__NO_CROSS_MEASURE_SUM_EMITTED	DISJOINTNESS_UNVERIFIABLE__NO_participantFlowModule_IN_CACHE
NCT03382600	ctg_results_bor_2018_2021.txt	100	ACTUAL	2	2	6	54	ctg_results_bor_2018_2021.txt::NCT03382600::outcomeMeasures[0]::groups[OG000]	0	2	100	False	NO_CONFLICT_DETECTED	NOT_A_PATIENT_COUNT__NO_CROSS_MEASURE_SUM_EMITTED	DISJOINTNESS_UNVERIFIABLE__NO_participantFlowModule_IN_CACHE
NCT04008030	ctg_results_bor_2018_2021.txt	839	ACTUAL	3	3	5	296	ctg_results_bor_2018_2021.txt::NCT04008030::outcomeMeasures[13]::groups[OG001]	13	2	582	False	NO_CONFLICT_DETECTED	NOT_A_PATIENT_COUNT__NO_CROSS_MEASURE_SUM_EMITTED	DISJOINTNESS_UNVERIFIABLE__NO_participantFlowModule_IN_CACHE
NCT04171700	ctg_results_bor_2018_2021.txt	83	ACTUAL	1	2	6	61	ctg_results_bor_2018_2021.txt::NCT04171700::outcomeMeasures[0]::groups[OG000]	0	2	81	False	NO_CONFLICT_DETECTED	NOT_A_PATIENT_COUNT__NO_CROSS_MEASURE_SUM_EMITTED	DISJOINTNESS_UNVERIFIABLE__NO_participantFlowModule_IN_CACHE
NCT03523572	ctg_results_bor_2018_2021.txt	86	ACTUAL	6	6	15	32	ctg_results_bor_2018_2021.txt::NCT03523572::outcomeMeasures[1]::groups[OG001]	1	5	86	False	NO_CONFLICT_DETECTED	NOT_A_PATIENT_COUNT__NO_CROSS_MEASURE_SUM_EMITTED	DISJOINTNESS_UNVERIFIABLE__NO_participantFlowModule_IN_CACHE
NCT03673501	ctg_results_bor_2018_2021.txt	453	ACTUAL	2	2	4	227	ctg_results_bor_2018_2021.txt::NCT03673501::outcomeMeasures[3]::groups[OG001]	3	2	453	False	NO_CONFLICT_DETECTED	NOT_A_PATIENT_COUNT__NO_CROSS_MEASURE_SUM_EMITTED	DISJOINTNESS_UNVERIFIABLE__NO_participantFlowModule_IN_CACHE
NCT03704467	ctg_results_bor_2018_2021.txt	3	ACTUAL	1	1	1	3	ctg_results_bor_2018_2021.txt::NCT03704467::outcomeMeasures[2]::groups[OG000]	2	1	3	False	NO_CONFLICT_DETECTED	NOT_A_PATIENT_COUNT__NO_CROSS_MEASURE_SUM_EMITTED	DISJOINTNESS_UNVERIFIABLE__NO_participantFlowModule_IN_CACHE
NCT03541369	ctg_results_bor_2018_2021.txt	64	ACTUAL	2	18	18	7	ctg_results_bor_2018_2021.txt::NCT03541369::outcomeMeasures[9]::groups[OG012]	9	18	64	False	NO_CONFLICT_DETECTED	NOT_A_PATIENT_COUNT__NO_CROSS_MEASURE_SUM_EMITTED	DISJOINTNESS_UNVERIFIABLE__NO_participantFlowModule_IN_CACHE
NCT03834961	ctg_results_bor_2018_2021.txt	33	ACTUAL	1	2	2	18	ctg_results_bor_2018_2021.txt::NCT03834961::outcomeMeasures[0]::groups[OG000]	0	1	18	False	NO_CONFLICT_DETECTED	NOT_A_PATIENT_COUNT__NO_CROSS_MEASURE_SUM_EMITTED	DISJOINTNESS_UNVERIFIABLE__NO_participantFlowModule_IN_CACHE
NCT03088813	ctg_results_bor_2018_2021.txt	491	ACTUAL	4	4	6	232	ctg_results_bor_2018_2021.txt::NCT03088813::outcomeMeasures[7]::groups[OG001]	7	2	461	False	NO_CONFLICT_DETECTED	NOT_A_PATIENT_COUNT__NO_CROSS_MEASURE_SUM_EMITTED	DISJOINTNESS_UNVERIFIABLE__NO_participantFlowModule_IN_CACHE
NCT03493451	ctg_results_bor_2018_2021.txt	77	ACTUAL	3	3	6	44	ctg_results_bor_2018_2021.txt::NCT03493451::outcomeMeasures[0]::groups[OG001]	0	3	77	False	NO_CONFLICT_DETECTED	NOT_A_PATIENT_COUNT__NO_CROSS_MEASURE_SUM_EMITTED	DISJOINTNESS_UNVERIFIABLE__NO_participantFlowModule_IN_CACHE
NCT03837353	ctg_results_bor_2018_2021.txt	18	ACTUAL	4	6	6	4	ctg_results_bor_2018_2021.txt::NCT03837353::outcomeMeasures[1]::groups[OG003]	1	6	18	False	NO_CONFLICT_DETECTED	NOT_A_PATIENT_COUNT__NO_CROSS_MEASURE_SUM_EMITTED	DISJOINTNESS_UNVERIFIABLE__NO_participantFlowModule_IN_CACHE
NCT04179396	ctg_results_bor_2018_2021.txt	8	ACTUAL	2	2	2	8	ctg_results_bor_2018_2021.txt::NCT04179396::outcomeMeasures[2]::groups[OG000]	2	1	8	False	NO_CONFLICT_DETECTED	NOT_A_PATIENT_COUNT__NO_CROSS_MEASURE_SUM_EMITTED	DISJOINTNESS_UNVERIFIABLE__NO_participantFlowModule_IN_CACHE
NCT03368196	ctg_results_bor_2018_2021.txt	12	ACTUAL	1	1	3	11	ctg_results_bor_2018_2021.txt::NCT03368196::outcomeMeasures[5]::groups[OG000]	5	1	11	False	NO_CONFLICT_DETECTED	NOT_A_PATIENT_COUNT__NO_CROSS_MEASURE_SUM_EMITTED	DISJOINTNESS_UNVERIFIABLE__NO_participantFlowModule_IN_CACHE
NCT04941768	ctg_results_bor_2018_2021.txt	105	ACTUAL	1	1	2	91	ctg_results_bor_2018_2021.txt::NCT04941768::outcomeMeasures[3]::groups[OG000]	3	1	91	False	NO_CONFLICT_DETECTED	NOT_A_PATIENT_COUNT__NO_CROSS_MEASURE_SUM_EMITTED	DISJOINTNESS_UNVERIFIABLE__NO_participantFlowModule_IN_CACHE
NCT07217119	ctg_results_bor_2018_2021.txt	25	ACTUAL	1	3	9	10	ctg_results_bor_2018_2021.txt::NCT07217119::outcomeMeasures[5]::groups[OG001]	5	3	25	False	NO_CONFLICT_DETECTED	NOT_A_PATIENT_COUNT__NO_CROSS_MEASURE_SUM_EMITTED	DISJOINTNESS_UNVERIFIABLE__NO_participantFlowModule_IN_CACHE
NCT05041257	ctg_results_bor_2018_2021.txt	79	ACTUAL	1	1	1	79	ctg_results_bor_2018_2021.txt::NCT05041257::outcomeMeasures[0]::groups[OG000]	0	1	79	False	NO_CONFLICT_DETECTED	NOT_A_PATIENT_COUNT__NO_CROSS_MEASURE_SUM_EMITTED	DISJOINTNESS_UNVERIFIABLE__NO_participantFlowModule_IN_CACHE
NCT05159388	ctg_results_bor_2018_2021.txt	46	ACTUAL	1	5	10	14	ctg_results_bor_2018_2021.txt::NCT05159388::outcomeMeasures[6]::groups[OG002]	7	5	45	False	NO_CONFLICT_DETECTED	NOT_A_PATIENT_COUNT__NO_CROSS_MEASURE_SUM_EMITTED	DISJOINTNESS_UNVERIFIABLE__NO_participantFlowModule_IN_CACHE
NCT03904108	ctg_results_bor_2018_2021.txt	3	ACTUAL	1	1	1	0			0	0	False	NO_CONFLICT_DETECTED	NOT_A_PATIENT_COUNT__NO_CROSS_MEASURE_SUM_EMITTED	DISJOINTNESS_UNVERIFIABLE__NO_participantFlowModule_IN_CACHE
NCT04634825	ctg_results_bor_2018_2021.txt	62	ACTUAL	2	2	4	48	ctg_results_bor_2018_2021.txt::NCT04634825::outcomeMeasures[0]::groups[OG000]	7	2	62	False	NO_CONFLICT_DETECTED	NOT_A_PATIENT_COUNT__NO_CROSS_MEASURE_SUM_EMITTED	DISJOINTNESS_UNVERIFIABLE__NO_participantFlowModule_IN_CACHE
NCT03969420	ctg_results_bor_2018_2021.txt	11	ACTUAL	4	4	8	0			0	0	False	NO_CONFLICT_DETECTED	NOT_A_PATIENT_COUNT__NO_CROSS_MEASURE_SUM_EMITTED	DISJOINTNESS_UNVERIFIABLE__NO_participantFlowModule_IN_CACHE
NCT04083235	ctg_results_bor_2018_2021.txt	770	ACTUAL	2	2	2	387	ctg_results_bor_2018_2021.txt::NCT04083235::outcomeMeasures[2]::groups[OG001]	2	2	770	False	NO_CONFLICT_DETECTED	NOT_A_PATIENT_COUNT__NO_CROSS_MEASURE_SUM_EMITTED	DISJOINTNESS_UNVERIFIABLE__NO_participantFlowModule_IN_CACHE
NCT04655976	ctg_results_bor_2018_2021.txt	758	ACTUAL	3	3	3	305	ctg_results_bor_2018_2021.txt::NCT04655976::outcomeMeasures[3]::groups[OG000]	3	3	758	False	NO_CONFLICT_DETECTED	NOT_A_PATIENT_COUNT__NO_CROSS_MEASURE_SUM_EMITTED	DISJOINTNESS_UNVERIFIABLE__NO_participantFlowModule_IN_CACHE
NCT03474497	ctg_results_bor_2018_2021.txt	18	ACTUAL	1	1	3	14	ctg_results_bor_2018_2021.txt::NCT03474497::outcomeMeasures[0]::groups[OG000]	0	1	14	False	NO_CONFLICT_DETECTED	NOT_A_PATIENT_COUNT__NO_CROSS_MEASURE_SUM_EMITTED	DISJOINTNESS_UNVERIFIABLE__NO_participantFlowModule_IN_CACHE
NCT03914742	ctg_results_bor_2018_2021.txt	67	ACTUAL	5	2	2	24	ctg_results_bor_2018_2021.txt::NCT03914742::outcomeMeasures[2]::groups[OG001]	2	2	39	False	NO_CONFLICT_DETECTED	NOT_A_PATIENT_COUNT__NO_CROSS_MEASURE_SUM_EMITTED	DISJOINTNESS_UNVERIFIABLE__NO_participantFlowModule_IN_CACHE
NCT03679767	ctg_results_bor_2018_2021.txt	121	ACTUAL	4	4	8	35	ctg_results_bor_2018_2021.txt::NCT03679767::outcomeMeasures[0]::groups[OG000]	0	4	121	False	NO_CONFLICT_DETECTED	NOT_A_PATIENT_COUNT__NO_CROSS_MEASURE_SUM_EMITTED	DISJOINTNESS_UNVERIFIABLE__NO_participantFlowModule_IN_CACHE
NCT04285567	ctg_results_bor_2018_2021.txt	166	ACTUAL	2	2	16	86	ctg_results_bor_2018_2021.txt::NCT04285567::outcomeMeasures[0]::groups[OG001]	0	2	166	False	NO_CONFLICT_DETECTED	NOT_A_PATIENT_COUNT__NO_CROSS_MEASURE_SUM_EMITTED	DISJOINTNESS_UNVERIFIABLE__NO_participantFlowModule_IN_CACHE
NCT03207347	ctg_results_bor_2018_2021.txt	37	ACTUAL	2	2	2	18	ctg_results_bor_2018_2021.txt::NCT03207347::outcomeMeasures[0]::groups[OG000]	0	2	31	False	NO_CONFLICT_DETECTED	NOT_A_PATIENT_COUNT__NO_CROSS_MEASURE_SUM_EMITTED	DISJOINTNESS_UNVERIFIABLE__NO_participantFlowModule_IN_CACHE
NCT03294083	ctg_results_bor_2018_2021.txt	95	ACTUAL	6	6	12	30	ctg_results_bor_2018_2021.txt::NCT03294083::outcomeMeasures[1]::groups[OG004]	1	6	95	False	NO_CONFLICT_DETECTED	NOT_A_PATIENT_COUNT__NO_CROSS_MEASURE_SUM_EMITTED	DISJOINTNESS_UNVERIFIABLE__NO_participantFlowModule_IN_CACHE
NCT03558191	ctg_results_bor_2018_2021.txt	156	ACTUAL	1	1	3	152	ctg_results_bor_2018_2021.txt::NCT03558191::outcomeMeasures[0]::groups[OG000]	0	1	152	False	NO_CONFLICT_DETECTED	NOT_A_PATIENT_COUNT__NO_CROSS_MEASURE_SUM_EMITTED	DISJOINTNESS_UNVERIFIABLE__NO_participantFlowModule_IN_CACHE
NCT03210714	ctg_results_bor_2018_2021.txt	20	ACTUAL	1	1	1	20	ctg_results_bor_2018_2021.txt::NCT03210714::outcomeMeasures[0]::groups[OG000]	0	1	20	False	NO_CONFLICT_DETECTED	NOT_A_PATIENT_COUNT__NO_CROSS_MEASURE_SUM_EMITTED	DISJOINTNESS_UNVERIFIABLE__NO_participantFlowModule_IN_CACHE
NCT04623775	ctg_results_bor_2018_2021.txt	468	ACTUAL	4	2	4	158	ctg_results_bor_2018_2021.txt::NCT04623775::outcomeMeasures[1]::groups[OG000]	1	2	309	False	NO_CONFLICT_DETECTED	NOT_A_PATIENT_COUNT__NO_CROSS_MEASURE_SUM_EMITTED	DISJOINTNESS_UNVERIFIABLE__NO_participantFlowModule_IN_CACHE
NCT03560531	ctg_results_bor_2018_2021.txt	181	ACTUAL	2	8	24	75	ctg_results_bor_2018_2021.txt::NCT03560531::outcomeMeasures[0]::groups[OG007]	0	8	131	False	NO_CONFLICT_DETECTED	NOT_A_PATIENT_COUNT__NO_CROSS_MEASURE_SUM_EMITTED	DISJOINTNESS_UNVERIFIABLE__NO_participantFlowModule_IN_CACHE
NCT03354390	ctg_results_bor_2018_2021.txt	17	ACTUAL	4	4	4	6	ctg_results_bor_2018_2021.txt::NCT03354390::outcomeMeasures[1]::groups[OG003]	1	4	15	False	NO_CONFLICT_DETECTED	NOT_A_PATIENT_COUNT__NO_CROSS_MEASURE_SUM_EMITTED	DISJOINTNESS_UNVERIFIABLE__NO_participantFlowModule_IN_CACHE
NCT04665765	ctg_results_bor_2018_2021.txt	41	ACTUAL	1	1	1	38	ctg_results_bor_2018_2021.txt::NCT04665765::outcomeMeasures[3]::groups[OG000]	3	1	38	False	NO_CONFLICT_DETECTED	NOT_A_PATIENT_COUNT__NO_CROSS_MEASURE_SUM_EMITTED	DISJOINTNESS_UNVERIFIABLE__NO_participantFlowModule_IN_CACHE
NCT04646005	ctg_results_bor_2018_2021.txt	113	ACTUAL	1	1	1	113	ctg_results_bor_2018_2021.txt::NCT04646005::outcomeMeasures[0]::groups[OG000]	0	1	113	False	NO_CONFLICT_DETECTED	NOT_A_PATIENT_COUNT__NO_CROSS_MEASURE_SUM_EMITTED	DISJOINTNESS_UNVERIFIABLE__NO_participantFlowModule_IN_CACHE
NCT04282109	ctg_results_bor_2018_2021.txt	141	ACTUAL	2	16	20	93	ctg_results_bor_2018_2021.txt::NCT04282109::outcomeMeasures[2]::groups[OG000]	2	2	141	False	NO_CONFLICT_DETECTED	NOT_A_PATIENT_COUNT__NO_CROSS_MEASURE_SUM_EMITTED	DISJOINTNESS_UNVERIFIABLE__NO_participantFlowModule_IN_CACHE
NCT04382898	ctg_results_bor_2018_2021.txt	75	ACTUAL	6	3	3	27	ctg_results_bor_2018_2021.txt::NCT04382898::outcomeMeasures[2]::groups[OG000]	2	1	27	False	NO_CONFLICT_DETECTED	NOT_A_PATIENT_COUNT__NO_CROSS_MEASURE_SUM_EMITTED	DISJOINTNESS_UNVERIFIABLE__NO_participantFlowModule_IN_CACHE
NCT03224104	ctg_results_bor_2018_2021.txt	71	ACTUAL	3	5	5	50	ctg_results_bor_2018_2021.txt::NCT03224104::outcomeMeasures[4]::groups[OG004]	4	5	71	False	NO_CONFLICT_DETECTED	NOT_A_PATIENT_COUNT__NO_CROSS_MEASURE_SUM_EMITTED	DISJOINTNESS_UNVERIFIABLE__NO_participantFlowModule_IN_CACHE
NCT03905135	ctg_results_bor_2018_2021.txt	8	ACTUAL	2	2	2	6	ctg_results_bor_2018_2021.txt::NCT03905135::outcomeMeasures[4]::groups[OG000]	4	2	8	False	NO_CONFLICT_DETECTED	NOT_A_PATIENT_COUNT__NO_CROSS_MEASURE_SUM_EMITTED	DISJOINTNESS_UNVERIFIABLE__NO_participantFlowModule_IN_CACHE
NCT04225117	ctg_results_bor_2018_2021.txt	329	ACTUAL	9	8	15	46	ctg_results_bor_2018_2021.txt::NCT04225117::outcomeMeasures[0]::groups[OG004]	0	7	285	False	NO_CONFLICT_DETECTED	NOT_A_PATIENT_COUNT__NO_CROSS_MEASURE_SUM_EMITTED	DISJOINTNESS_UNVERIFIABLE__NO_participantFlowModule_IN_CACHE
NCT04332653	ctg_results_bor_2018_2021.txt	215	ACTUAL	9	11	30	27	ctg_results_bor_2018_2021.txt::NCT04332653::outcomeMeasures[2]::groups[OG003]	6	11	184	False	NO_CONFLICT_DETECTED	NOT_A_PATIENT_COUNT__NO_CROSS_MEASURE_SUM_EMITTED	DISJOINTNESS_UNVERIFIABLE__NO_participantFlowModule_IN_CACHE
NCT03684694	ctg_results_bor_2018_2021.txt	136	ACTUAL	4	6	9	48	ctg_results_bor_2018_2021.txt::NCT03684694::outcomeMeasures[5]::groups[OG000]	5	3	88	False	NO_CONFLICT_DETECTED	NOT_A_PATIENT_COUNT__NO_CROSS_MEASURE_SUM_EMITTED	DISJOINTNESS_UNVERIFIABLE__NO_participantFlowModule_IN_CACHE
NCT04979988	ctg_results_bor_2018_2021.txt	51	ACTUAL	1	2	4	29	ctg_results_bor_2018_2021.txt::NCT04979988::outcomeMeasures[26]::groups[OG000]	26	2	51	False	NO_CONFLICT_DETECTED	NOT_A_PATIENT_COUNT__NO_CROSS_MEASURE_SUM_EMITTED	DISJOINTNESS_UNVERIFIABLE__NO_participantFlowModule_IN_CACHE
NCT03583086	ctg_results_bor_2018_2021.txt	88	ACTUAL	6	5	10	18	ctg_results_bor_2018_2021.txt::NCT03583086::outcomeMeasures[1]::groups[OG000]	1	5	77	False	NO_CONFLICT_DETECTED	NOT_A_PATIENT_COUNT__NO_CROSS_MEASURE_SUM_EMITTED	DISJOINTNESS_UNVERIFIABLE__NO_participantFlowModule_IN_CACHE
NCT05113966	ctg_results_bor_2018_2021.txt	30	ACTUAL	1	1	3	30	ctg_results_bor_2018_2021.txt::NCT05113966::outcomeMeasures[1]::groups[OG000]	1	1	30	False	NO_CONFLICT_DETECTED	NOT_A_PATIENT_COUNT__NO_CROSS_MEASURE_SUM_EMITTED	DISJOINTNESS_UNVERIFIABLE__NO_participantFlowModule_IN_CACHE
NCT04166383	ctg_results_bor_2018_2021.txt	14	ACTUAL	1	1	1	13	ctg_results_bor_2018_2021.txt::NCT04166383::outcomeMeasures[1]::groups[OG000]	1	1	13	False	NO_CONFLICT_DETECTED	NOT_A_PATIENT_COUNT__NO_CROSS_MEASURE_SUM_EMITTED	DISJOINTNESS_UNVERIFIABLE__NO_participantFlowModule_IN_CACHE
NCT03822468	ctg_results_bor_2018_2021.txt	376	ACTUAL	2	2	4	188	ctg_results_bor_2018_2021.txt::NCT03822468::outcomeMeasures[0]::groups[OG000]	0	2	376	False	NO_CONFLICT_DETECTED	NOT_A_PATIENT_COUNT__NO_CROSS_MEASURE_SUM_EMITTED	DISJOINTNESS_UNVERIFIABLE__NO_participantFlowModule_IN_CACHE
NCT04033991	ctg_results_bor_2018_2021.txt	684	ACTUAL	1	2	6	622	ctg_results_bor_2018_2021.txt::NCT04033991::outcomeMeasures[6]::groups[OG000]	6	2	743	False	WITHIN_MEASURE_SUM_EXCEEDS_ENROLLMENT	NOT_A_PATIENT_COUNT__NO_CROSS_MEASURE_SUM_EMITTED	DISJOINTNESS_UNVERIFIABLE__NO_participantFlowModule_IN_CACHE
NCT03990961	ctg_results_bor_2018_2021.txt	5	ACTUAL	1	1	1	5	ctg_results_bor_2018_2021.txt::NCT03990961::outcomeMeasures[0]::groups[OG000]	0	1	5	False	NO_CONFLICT_DETECTED	NOT_A_PATIENT_COUNT__NO_CROSS_MEASURE_SUM_EMITTED	DISJOINTNESS_UNVERIFIABLE__NO_participantFlowModule_IN_CACHE
NCT05017103	ctg_results_bor_2018_2021.txt	6	ACTUAL	1	1	1	4	ctg_results_bor_2018_2021.txt::NCT05017103::outcomeMeasures[0]::groups[OG000]	0	1	4	False	NO_CONFLICT_DETECTED	NOT_A_PATIENT_COUNT__NO_CROSS_MEASURE_SUM_EMITTED	DISJOINTNESS_UNVERIFIABLE__NO_participantFlowModule_IN_CACHE
NCT03431350	ctg_results_bor_2018_2021.txt	136	ACTUAL	4	5	5	21	ctg_results_bor_2018_2021.txt::NCT03431350::outcomeMeasures[1]::groups[OG000]	1	2	32	False	NO_CONFLICT_DETECTED	NOT_A_PATIENT_COUNT__NO_CROSS_MEASURE_SUM_EMITTED	DISJOINTNESS_UNVERIFIABLE__NO_participantFlowModule_IN_CACHE
NCT04307134	ctg_results_bor_2018_2021.txt	108	ACTUAL	1	1	1	94	ctg_results_bor_2018_2021.txt::NCT04307134::outcomeMeasures[22]::groups[OG000]	22	1	94	False	NO_CONFLICT_DETECTED	NOT_A_PATIENT_COUNT__NO_CROSS_MEASURE_SUM_EMITTED	DISJOINTNESS_UNVERIFIABLE__NO_participantFlowModule_IN_CACHE
NCT04377932	ctg_results_bor_2018_2021.txt	14	ACTUAL	1	3	3	8	ctg_results_bor_2018_2021.txt::NCT04377932::outcomeMeasures[1]::groups[OG000]	1	3	13	False	NO_CONFLICT_DETECTED	NOT_A_PATIENT_COUNT__NO_CROSS_MEASURE_SUM_EMITTED	DISJOINTNESS_UNVERIFIABLE__NO_participantFlowModule_IN_CACHE
NCT03430063	ctg_results_bor_2018_2021.txt	28	ACTUAL	3	3	6	11	ctg_results_bor_2018_2021.txt::NCT03430063::outcomeMeasures[0]::groups[OG001]	0	3	27	False	NO_CONFLICT_DETECTED	NOT_A_PATIENT_COUNT__NO_CROSS_MEASURE_SUM_EMITTED	DISJOINTNESS_UNVERIFIABLE__NO_participantFlowModule_IN_CACHE
NCT03975647	ctg_results_bor_2018_2021.txt	466	ACTUAL	2	2	4	191	ctg_results_bor_2018_2021.txt::NCT03975647::outcomeMeasures[3]::groups[OG001]	3	2	379	False	NO_CONFLICT_DETECTED	NOT_A_PATIENT_COUNT__NO_CROSS_MEASURE_SUM_EMITTED	DISJOINTNESS_UNVERIFIABLE__NO_participantFlowModule_IN_CACHE
NCT04633278	ctg_results_bor_2018_2021.txt	24	ACTUAL	1	2	8	17	ctg_results_bor_2018_2021.txt::NCT04633278::outcomeMeasures[0]::groups[OG000]	0	2	24	False	NO_CONFLICT_DETECTED	NOT_A_PATIENT_COUNT__NO_CROSS_MEASURE_SUM_EMITTED	DISJOINTNESS_UNVERIFIABLE__NO_participantFlowModule_IN_CACHE
NCT04282018	ctg_results_bor_2018_2021.txt	97	ACTUAL	14	14	26	11	ctg_results_bor_2018_2021.txt::NCT04282018::outcomeMeasures[14]::groups[OG003]	16	8	58	False	NO_CONFLICT_DETECTED	NOT_A_PATIENT_COUNT__NO_CROSS_MEASURE_SUM_EMITTED	DISJOINTNESS_UNVERIFIABLE__NO_participantFlowModule_IN_CACHE
NCT04904185	ctg_results_bor_2018_2021.txt	8	ACTUAL	2	2	2	6	ctg_results_bor_2018_2021.txt::NCT04904185::outcomeMeasures[3]::groups[OG000]	3	1	6	False	NO_CONFLICT_DETECTED	NOT_A_PATIENT_COUNT__NO_CROSS_MEASURE_SUM_EMITTED	DISJOINTNESS_UNVERIFIABLE__NO_participantFlowModule_IN_CACHE
NCT03792750	ctg_results_bor_2018_2021.txt	12	ACTUAL	1	1	2	12	ctg_results_bor_2018_2021.txt::NCT03792750::outcomeMeasures[15]::groups[OG000]	15	1	12	False	NO_CONFLICT_DETECTED	NOT_A_PATIENT_COUNT__NO_CROSS_MEASURE_SUM_EMITTED	DISJOINTNESS_UNVERIFIABLE__NO_participantFlowModule_IN_CACHE
NCT03517449	ctg_results_bor_2018_2021.txt	827	ACTUAL	2	2	4	416	ctg_results_bor_2018_2021.txt::NCT03517449::outcomeMeasures[5]::groups[OG001]	5	2	827	False	NO_CONFLICT_DETECTED	NOT_A_PATIENT_COUNT__NO_CROSS_MEASURE_SUM_EMITTED	DISJOINTNESS_UNVERIFIABLE__NO_participantFlowModule_IN_CACHE
NCT04035486	ctg_results_bor_2018_2021.txt	587	ACTUAL	2	3	6	279	ctg_results_bor_2018_2021.txt::NCT04035486::outcomeMeasures[10]::groups[OG000]	10	2	557	False	NO_CONFLICT_DETECTED	NOT_A_PATIENT_COUNT__NO_CROSS_MEASURE_SUM_EMITTED	DISJOINTNESS_UNVERIFIABLE__NO_participantFlowModule_IN_CACHE
NCT03964727	ctg_results_bor_2018_2021.txt	227	ACTUAL	6	6	18	43	ctg_results_bor_2018_2021.txt::NCT03964727::outcomeMeasures[0]::groups[OG003]	0	6	223	False	NO_CONFLICT_DETECTED	NOT_A_PATIENT_COUNT__NO_CROSS_MEASURE_SUM_EMITTED	DISJOINTNESS_UNVERIFIABLE__NO_participantFlowModule_IN_CACHE
NCT04515394	ctg_results_bor_2018_2021.txt	3	ACTUAL	1	1	1	2	ctg_results_bor_2018_2021.txt::NCT04515394::outcomeMeasures[1]::groups[OG000]	1	1	2	False	NO_CONFLICT_DETECTED	NOT_A_PATIENT_COUNT__NO_CROSS_MEASURE_SUM_EMITTED	DISJOINTNESS_UNVERIFIABLE__NO_participantFlowModule_IN_CACHE
NCT04825288	ctg_results_bor_2018_2021.txt	76	ACTUAL	2	5	10	33	ctg_results_bor_2018_2021.txt::NCT04825288::outcomeMeasures[4]::groups[OG003]	4	2	65	False	NO_CONFLICT_DETECTED	NOT_A_PATIENT_COUNT__NO_CROSS_MEASURE_SUM_EMITTED	DISJOINTNESS_UNVERIFIABLE__NO_participantFlowModule_IN_CACHE
NCT04574583	ctg_results_bor_2018_2021.txt	12	ACTUAL	3	3	3	5	ctg_results_bor_2018_2021.txt::NCT04574583::outcomeMeasures[5]::groups[OG001]	5	3	10	False	NO_CONFLICT_DETECTED	NOT_A_PATIENT_COUNT__NO_CROSS_MEASURE_SUM_EMITTED	DISJOINTNESS_UNVERIFIABLE__NO_participantFlowModule_IN_CACHE
NCT04020185	ctg_results_bor_2018_2021.txt	40	ACTUAL	5	8	8	6	ctg_results_bor_2018_2021.txt::NCT04020185::outcomeMeasures[1]::groups[OG004]	1	8	31	False	NO_CONFLICT_DETECTED	NOT_A_PATIENT_COUNT__NO_CROSS_MEASURE_SUM_EMITTED	DISJOINTNESS_UNVERIFIABLE__NO_participantFlowModule_IN_CACHE
NCT04222972	ctg_results_bor_2018_2021.txt	223	ACTUAL	2	2	6	113	ctg_results_bor_2018_2021.txt::NCT04222972::outcomeMeasures[1]::groups[OG000]	1	2	223	False	NO_CONFLICT_DETECTED	NOT_A_PATIENT_COUNT__NO_CROSS_MEASURE_SUM_EMITTED	DISJOINTNESS_UNVERIFIABLE__NO_participantFlowModule_IN_CACHE
NCT04003623	ctg_results_bor_2018_2021.txt	1	ACTUAL	1	2	4	0			0	0	False	NO_CONFLICT_DETECTED	NOT_A_PATIENT_COUNT__NO_CROSS_MEASURE_SUM_EMITTED	DISJOINTNESS_UNVERIFIABLE__NO_participantFlowModule_IN_CACHE
NCT04028388	ctg_results_bor_2018_2021.txt	135	ACTUAL	2	2	6	46	ctg_results_bor_2018_2021.txt::NCT04028388::outcomeMeasures[6]::groups[OG000]	6	2	92	False	NO_CONFLICT_DETECTED	NOT_A_PATIENT_COUNT__NO_CROSS_MEASURE_SUM_EMITTED	DISJOINTNESS_UNVERIFIABLE__NO_participantFlowModule_IN_CACHE
NCT03971474	ctg_results_bor_2018_2021.txt	166	ACTUAL	2	2	4	69	ctg_results_bor_2018_2021.txt::NCT03971474::outcomeMeasures[1]::groups[OG001]	1	2	136	False	NO_CONFLICT_DETECTED	NOT_A_PATIENT_COUNT__NO_CROSS_MEASURE_SUM_EMITTED	DISJOINTNESS_UNVERIFIABLE__NO_participantFlowModule_IN_CACHE
NCT05061537	ctg_results_bor_2018_2021.txt	13	ACTUAL	5	4	5	4	ctg_results_bor_2018_2021.txt::NCT05061537::outcomeMeasures[9]::groups[OG002]	9	3	10	False	NO_CONFLICT_DETECTED	NOT_A_PATIENT_COUNT__NO_CROSS_MEASURE_SUM_EMITTED	DISJOINTNESS_UNVERIFIABLE__NO_participantFlowModule_IN_CACHE
NCT04577807	ctg_results_bor_2018_2021.txt	27	ACTUAL	2	4	20	12	ctg_results_bor_2018_2021.txt::NCT04577807::outcomeMeasures[0]::groups[OG001]	0	4	25	False	NO_CONFLICT_DETECTED	NOT_A_PATIENT_COUNT__NO_CROSS_MEASURE_SUM_EMITTED	DISJOINTNESS_UNVERIFIABLE__NO_participantFlowModule_IN_CACHE
NCT04704154	ctg_results_bor_2018_2021.txt	175	ACTUAL	1	6	12	45	ctg_results_bor_2018_2021.txt::NCT04704154::outcomeMeasures[0]::groups[OG004]	0	6	175	False	NO_CONFLICT_DETECTED	NOT_A_PATIENT_COUNT__NO_CROSS_MEASURE_SUM_EMITTED	DISJOINTNESS_UNVERIFIABLE__NO_participantFlowModule_IN_CACHE
NCT03391466	ctg_results_bor_2018_2021.txt	359	ACTUAL	2	2	2	180	ctg_results_bor_2018_2021.txt::NCT03391466::outcomeMeasures[1]::groups[OG000]	1	2	359	False	NO_CONFLICT_DETECTED	NOT_A_PATIENT_COUNT__NO_CROSS_MEASURE_SUM_EMITTED	DISJOINTNESS_UNVERIFIABLE__NO_participantFlowModule_IN_CACHE
NCT03438396	ctg_results_bor_2018_2021.txt	102	ACTUAL	1	1	1	101	ctg_results_bor_2018_2021.txt::NCT03438396::outcomeMeasures[0]::groups[OG000]	0	1	101	False	NO_CONFLICT_DETECTED	NOT_A_PATIENT_COUNT__NO_CROSS_MEASURE_SUM_EMITTED	DISJOINTNESS_UNVERIFIABLE__NO_participantFlowModule_IN_CACHE
NCT05715216	ctg_results_bor_2018_2021.txt	23	ACTUAL	1	1	1	19	ctg_results_bor_2018_2021.txt::NCT05715216::outcomeMeasures[0]::groups[OG000]	0	1	19	False	NO_CONFLICT_DETECTED	NOT_A_PATIENT_COUNT__NO_CROSS_MEASURE_SUM_EMITTED	DISJOINTNESS_UNVERIFIABLE__NO_participantFlowModule_IN_CACHE
NCT04753216	ctg_results_bor_2018_2021.txt	3	ACTUAL	1	1	2	2	ctg_results_bor_2018_2021.txt::NCT04753216::outcomeMeasures[0]::groups[OG000]	0	1	2	False	NO_CONFLICT_DETECTED	NOT_A_PATIENT_COUNT__NO_CROSS_MEASURE_SUM_EMITTED	DISJOINTNESS_UNVERIFIABLE__NO_participantFlowModule_IN_CACHE
NCT03451084	ctg_results_bor_2018_2021.txt	24	ACTUAL	6	4	4	0			0	0	False	NO_CONFLICT_DETECTED	NOT_A_PATIENT_COUNT__NO_CROSS_MEASURE_SUM_EMITTED	DISJOINTNESS_UNVERIFIABLE__NO_participantFlowModule_IN_CACHE
NCT03419897	ctg_results_bor_2018_2021.txt	249	ACTUAL	1	1	4	249	ctg_results_bor_2018_2021.txt::NCT03419897::outcomeMeasures[0]::groups[OG000]	0	1	249	False	NO_CONFLICT_DETECTED	NOT_A_PATIENT_COUNT__NO_CROSS_MEASURE_SUM_EMITTED	DISJOINTNESS_UNVERIFIABLE__NO_participantFlowModule_IN_CACHE
NCT04003610	ctg_results_bor_2018_2021.txt	7	ACTUAL	3	3	3	6	ctg_results_bor_2018_2021.txt::NCT04003610::outcomeMeasures[2]::groups[OG002]	2	2	7	False	NO_CONFLICT_DETECTED	NOT_A_PATIENT_COUNT__NO_CROSS_MEASURE_SUM_EMITTED	DISJOINTNESS_UNVERIFIABLE__NO_participantFlowModule_IN_CACHE
NCT04197713	ctg_results_bor_2018_2021.txt	13	ACTUAL	1	2	2	10	ctg_results_bor_2018_2021.txt::NCT04197713::outcomeMeasures[3]::groups[OG001]	3	2	13	False	NO_CONFLICT_DETECTED	NOT_A_PATIENT_COUNT__NO_CROSS_MEASURE_SUM_EMITTED	DISJOINTNESS_UNVERIFIABLE__NO_participantFlowModule_IN_CACHE
NCT03744676	ctg_results_bor_2018_2021.txt	104	ACTUAL	1	1	2	82	ctg_results_bor_2018_2021.txt::NCT03744676::outcomeMeasures[12]::groups[OG000]	12	1	82	False	NO_CONFLICT_DETECTED	NOT_A_PATIENT_COUNT__NO_CROSS_MEASURE_SUM_EMITTED	DISJOINTNESS_UNVERIFIABLE__NO_participantFlowModule_IN_CACHE
NCT04601857	ctg_results_bor_2018_2021.txt	43	ACTUAL	2	2	4	26	ctg_results_bor_2018_2021.txt::NCT04601857::outcomeMeasures[0]::groups[OG001]	0	2	43	False	NO_CONFLICT_DETECTED	NOT_A_PATIENT_COUNT__NO_CROSS_MEASURE_SUM_EMITTED	DISJOINTNESS_UNVERIFIABLE__NO_participantFlowModule_IN_CACHE
NCT03872427	ctg_results_bor_2018_2021.txt	54	ACTUAL	1	4	4	26	ctg_results_bor_2018_2021.txt::NCT03872427::outcomeMeasures[0]::groups[OG001]	0	4	54	False	NO_CONFLICT_DETECTED	NOT_A_PATIENT_COUNT__NO_CROSS_MEASURE_SUM_EMITTED	DISJOINTNESS_UNVERIFIABLE__NO_participantFlowModule_IN_CACHE
NCT03420521	ctg_results_bor_2018_2021.txt	9	ACTUAL	1	1	2	8	ctg_results_bor_2018_2021.txt::NCT03420521::outcomeMeasures[0]::groups[OG000]	0	1	8	False	NO_CONFLICT_DETECTED	NOT_A_PATIENT_COUNT__NO_CROSS_MEASURE_SUM_EMITTED	DISJOINTNESS_UNVERIFIABLE__NO_participantFlowModule_IN_CACHE
NCT03514121	ctg_results_bor_2018_2021.txt	95	ACTUAL	1	2	2	54	ctg_results_bor_2018_2021.txt::NCT03514121::outcomeMeasures[9]::groups[OG000]	9	1	54	False	NO_CONFLICT_DETECTED	NOT_A_PATIENT_COUNT__NO_CROSS_MEASURE_SUM_EMITTED	DISJOINTNESS_UNVERIFIABLE__NO_participantFlowModule_IN_CACHE
NCT03396952	ctg_results_bor_2018_2021.txt	27	ACTUAL	1	1	1	23	ctg_results_bor_2018_2021.txt::NCT03396952::outcomeMeasures[0]::groups[OG000]	0	1	23	False	NO_CONFLICT_DETECTED	NOT_A_PATIENT_COUNT__NO_CROSS_MEASURE_SUM_EMITTED	DISJOINTNESS_UNVERIFIABLE__NO_participantFlowModule_IN_CACHE
NCT04248829	ctg_results_bor_2018_2021.txt	393	ACTUAL	2	2	4	197	ctg_results_bor_2018_2021.txt::NCT04248829::outcomeMeasures[1]::groups[OG001]	1	2	393	False	NO_CONFLICT_DETECTED	NOT_A_PATIENT_COUNT__NO_CROSS_MEASURE_SUM_EMITTED	DISJOINTNESS_UNVERIFIABLE__NO_participantFlowModule_IN_CACHE
NCT03428958	ctg_results_bor_2018_2021.txt	111	ACTUAL	15	9	18	15	ctg_results_bor_2018_2021.txt::NCT03428958::outcomeMeasures[1]::groups[OG004]	1	9	71	False	NO_CONFLICT_DETECTED	NOT_A_PATIENT_COUNT__NO_CROSS_MEASURE_SUM_EMITTED	DISJOINTNESS_UNVERIFIABLE__NO_participantFlowModule_IN_CACHE
NCT03849768	ctg_results_bor_2018_2021.txt	429	ACTUAL	2	2	4	215	ctg_results_bor_2018_2021.txt::NCT03849768::outcomeMeasures[1]::groups[OG001]	1	2	429	False	NO_CONFLICT_DETECTED	NOT_A_PATIENT_COUNT__NO_CROSS_MEASURE_SUM_EMITTED	DISJOINTNESS_UNVERIFIABLE__NO_participantFlowModule_IN_CACHE
NCT04783415	ctg_results_bor_2018_2021.txt	12	ACTUAL	1	1	1	12	ctg_results_bor_2018_2021.txt::NCT04783415::outcomeMeasures[1]::groups[OG000]	1	1	12	False	NO_CONFLICT_DETECTED	NOT_A_PATIENT_COUNT__NO_CROSS_MEASURE_SUM_EMITTED	DISJOINTNESS_UNVERIFIABLE__NO_participantFlowModule_IN_CACHE
NCT04276415	ctg_results_bor_2018_2021.txt	34	ACTUAL	3	8	26	13	ctg_results_bor_2018_2021.txt::NCT04276415::outcomeMeasures[16]::groups[OG003]	16	6	34	False	NO_CONFLICT_DETECTED	NOT_A_PATIENT_COUNT__NO_CROSS_MEASURE_SUM_EMITTED	DISJOINTNESS_UNVERIFIABLE__NO_participantFlowModule_IN_CACHE
NCT05751629	ctg_results_bor_2018_2021.txt	41	ACTUAL	1	1	2	39	ctg_results_bor_2018_2021.txt::NCT05751629::outcomeMeasures[0]::groups[OG000]	0	1	39	False	NO_CONFLICT_DETECTED	NOT_A_PATIENT_COUNT__NO_CROSS_MEASURE_SUM_EMITTED	DISJOINTNESS_UNVERIFIABLE__NO_participantFlowModule_IN_CACHE
NCT03773302	ctg_results_bor_2018_2021.txt	48	ACTUAL	2	6	12	29	ctg_results_bor_2018_2021.txt::NCT03773302::outcomeMeasures[3]::groups[OG000]	3	4	96	False	WITHIN_MEASURE_SUM_EXCEEDS_ENROLLMENT	NOT_A_PATIENT_COUNT__NO_CROSS_MEASURE_SUM_EMITTED	DISJOINTNESS_UNVERIFIABLE__NO_participantFlowModule_IN_CACHE
NCT04014075	ctg_results_bor_2018_2021.txt	79	ACTUAL	1	1	4	79	ctg_results_bor_2018_2021.txt::NCT04014075::outcomeMeasures[0]::groups[OG000]	0	1	79	False	NO_CONFLICT_DETECTED	NOT_A_PATIENT_COUNT__NO_CROSS_MEASURE_SUM_EMITTED	DISJOINTNESS_UNVERIFIABLE__NO_participantFlowModule_IN_CACHE
NCT03666988	ctg_results_bor_2018_2021.txt	31	ACTUAL	5	6	6	16	ctg_results_bor_2018_2021.txt::NCT03666988::outcomeMeasures[4]::groups[OG001]	4	3	31	False	NO_CONFLICT_DETECTED	NOT_A_PATIENT_COUNT__NO_CROSS_MEASURE_SUM_EMITTED	DISJOINTNESS_UNVERIFIABLE__NO_participantFlowModule_IN_CACHE
NCT04150029	ctg_results_bor_2018_2021.txt	90	ACTUAL	1	2	2	49	ctg_results_bor_2018_2021.txt::NCT04150029::outcomeMeasures[3]::groups[OG001]	3	2	52	False	NO_CONFLICT_DETECTED	NOT_A_PATIENT_COUNT__NO_CROSS_MEASURE_SUM_EMITTED	DISJOINTNESS_UNVERIFIABLE__NO_participantFlowModule_IN_CACHE
NCT04068610	ctg_results_bor_2018_2021.txt	61	ACTUAL	3	3	3	26	ctg_results_bor_2018_2021.txt::NCT04068610::outcomeMeasures[4]::groups[OG000]	4	2	52	False	NO_CONFLICT_DETECTED	NOT_A_PATIENT_COUNT__NO_CROSS_MEASURE_SUM_EMITTED	DISJOINTNESS_UNVERIFIABLE__NO_participantFlowModule_IN_CACHE
NCT03996473	ctg_results_bor_2018_2021.txt	8	ACTUAL	4	1	4	7	ctg_results_bor_2018_2021.txt::NCT03996473::outcomeMeasures[5]::groups[OG000]	5	1	7	False	NO_CONFLICT_DETECTED	NOT_A_PATIENT_COUNT__NO_CROSS_MEASURE_SUM_EMITTED	DISJOINTNESS_UNVERIFIABLE__NO_participantFlowModule_IN_CACHE
NCT04852679	ctg_results_bor_2018_2021.txt	43	ACTUAL	1	1	4	43	ctg_results_bor_2018_2021.txt::NCT04852679::outcomeMeasures[0]::groups[OG000]	0	1	43	False	NO_CONFLICT_DETECTED	NOT_A_PATIENT_COUNT__NO_CROSS_MEASURE_SUM_EMITTED	DISJOINTNESS_UNVERIFIABLE__NO_participantFlowModule_IN_CACHE
NCT04495621	ctg_results_bor_2018_2021.txt	29	ACTUAL	1	2	4	14	ctg_results_bor_2018_2021.txt::NCT04495621::outcomeMeasures[1]::groups[OG001]	1	2	19	False	NO_CONFLICT_DETECTED	NOT_A_PATIENT_COUNT__NO_CROSS_MEASURE_SUM_EMITTED	DISJOINTNESS_UNVERIFIABLE__NO_participantFlowModule_IN_CACHE
NCT04696055	ctg_results_bor_2018_2021.txt	95	ACTUAL	1	2	4	68	ctg_results_bor_2018_2021.txt::NCT04696055::outcomeMeasures[0]::groups[OG000]	0	2	95	False	NO_CONFLICT_DETECTED	NOT_A_PATIENT_COUNT__NO_CROSS_MEASURE_SUM_EMITTED	DISJOINTNESS_UNVERIFIABLE__NO_participantFlowModule_IN_CACHE
NCT04585815	ctg_results_bor_2018_2021.txt	34	ACTUAL	2	8	15	9	ctg_results_bor_2018_2021.txt::NCT04585815::outcomeMeasures[9]::groups[OG001]	9	2	13	False	NO_CONFLICT_DETECTED	NOT_A_PATIENT_COUNT__NO_CROSS_MEASURE_SUM_EMITTED	DISJOINTNESS_UNVERIFIABLE__NO_participantFlowModule_IN_CACHE
NCT03321981	ctg_results_bor_2018_2021.txt	105	ACTUAL	3	3	9	43	ctg_results_bor_2018_2021.txt::NCT03321981::outcomeMeasures[0]::groups[OG002]	0	3	88	False	NO_CONFLICT_DETECTED	NOT_A_PATIENT_COUNT__NO_CROSS_MEASURE_SUM_EMITTED	DISJOINTNESS_UNVERIFIABLE__NO_participantFlowModule_IN_CACHE
NCT03414983	ctg_results_bor_2018_2021.txt	196	ACTUAL	2	2	12	127	ctg_results_bor_2018_2021.txt::NCT03414983::outcomeMeasures[2]::groups[OG000]	2	2	195	False	NO_CONFLICT_DETECTED	NOT_A_PATIENT_COUNT__NO_CROSS_MEASURE_SUM_EMITTED	DISJOINTNESS_UNVERIFIABLE__NO_participantFlowModule_IN_CACHE
NCT03515551	ctg_results_bor_2018_2021.txt	29	ACTUAL	2	8	8	5	ctg_results_bor_2018_2021.txt::NCT03515551::outcomeMeasures[6]::groups[OG002]	6	7	29	False	NO_CONFLICT_DETECTED	NOT_A_PATIENT_COUNT__NO_CROSS_MEASURE_SUM_EMITTED	DISJOINTNESS_UNVERIFIABLE__NO_participantFlowModule_IN_CACHE
NCT04047862	ctg_results_bor_2018_2021.txt	446	ACTUAL	19	19	50	59	ctg_results_bor_2018_2021.txt::NCT04047862::outcomeMeasures[4]::groups[OG008]	4	12	382	False	NO_CONFLICT_DETECTED	NOT_A_PATIENT_COUNT__NO_CROSS_MEASURE_SUM_EMITTED	DISJOINTNESS_UNVERIFIABLE__NO_participantFlowModule_IN_CACHE
NCT04377087	ctg_results_bor_2018_2021.txt	3	ACTUAL	1	1	1	0			0	0	False	NO_CONFLICT_DETECTED	NOT_A_PATIENT_COUNT__NO_CROSS_MEASURE_SUM_EMITTED	DISJOINTNESS_UNVERIFIABLE__NO_participantFlowModule_IN_CACHE
NCT04649060	ctg_results_bor_2018_2021.txt	54	ACTUAL	2	2	4	27	ctg_results_bor_2018_2021.txt::NCT04649060::outcomeMeasures[1]::groups[OG000]	1	2	54	False	NO_CONFLICT_DETECTED	NOT_A_PATIENT_COUNT__NO_CROSS_MEASURE_SUM_EMITTED	DISJOINTNESS_UNVERIFIABLE__NO_participantFlowModule_IN_CACHE
NCT04488003	ctg_results_bor_2018_2021.txt	104	ACTUAL	3	1	1	77	ctg_results_bor_2018_2021.txt::NCT04488003::outcomeMeasures[0]::groups[OG000]	0	1	77	False	NO_CONFLICT_DETECTED	NOT_A_PATIENT_COUNT__NO_CROSS_MEASURE_SUM_EMITTED	DISJOINTNESS_UNVERIFIABLE__NO_participantFlowModule_IN_CACHE
NCT03734692	ctg_results_bor_2018_2021.txt	24	ACTUAL	1	1	1	24	ctg_results_bor_2018_2021.txt::NCT03734692::outcomeMeasures[0]::groups[OG000]	0	1	24	False	NO_CONFLICT_DETECTED	NOT_A_PATIENT_COUNT__NO_CROSS_MEASURE_SUM_EMITTED	DISJOINTNESS_UNVERIFIABLE__NO_participantFlowModule_IN_CACHE
NCT04408599	ctg_results_bor_2018_2021.txt	46	ACTUAL	7	7	14	10	ctg_results_bor_2018_2021.txt::NCT04408599::outcomeMeasures[1]::groups[OG003]	1	7	46	False	NO_CONFLICT_DETECTED	NOT_A_PATIENT_COUNT__NO_CROSS_MEASURE_SUM_EMITTED	DISJOINTNESS_UNVERIFIABLE__NO_participantFlowModule_IN_CACHE
NCT03770494	ctg_results_bor_2018_2021.txt	54	ACTUAL	1	14	27	6	ctg_results_bor_2018_2021.txt::NCT03770494::outcomeMeasures[5]::groups[OG009]	5	13	54	False	NO_CONFLICT_DETECTED	NOT_A_PATIENT_COUNT__NO_CROSS_MEASURE_SUM_EMITTED	DISJOINTNESS_UNVERIFIABLE__NO_participantFlowModule_IN_CACHE
NCT03212274	ctg_results_bor_2018_2021.txt	89	ACTUAL	1	6	6	25	ctg_results_bor_2018_2021.txt::NCT03212274::outcomeMeasures[0]::groups[OG004]	0	6	89	False	NO_CONFLICT_DETECTED	NOT_A_PATIENT_COUNT__NO_CROSS_MEASURE_SUM_EMITTED	DISJOINTNESS_UNVERIFIABLE__NO_participantFlowModule_IN_CACHE
NCT03456726	ctg_results_bor_2018_2021.txt	20	ACTUAL	2	2	4	17	ctg_results_bor_2018_2021.txt::NCT03456726::outcomeMeasures[0]::groups[OG000]	0	2	20	False	NO_CONFLICT_DETECTED	NOT_A_PATIENT_COUNT__NO_CROSS_MEASURE_SUM_EMITTED	DISJOINTNESS_UNVERIFIABLE__NO_participantFlowModule_IN_CACHE
NCT04895735	ctg_results_bor_2018_2021.txt	45	ACTUAL	1	5	6	24	ctg_results_bor_2018_2021.txt::NCT04895735::outcomeMeasures[0]::groups[OG002]	0	3	44	False	NO_CONFLICT_DETECTED	NOT_A_PATIENT_COUNT__NO_CROSS_MEASURE_SUM_EMITTED	DISJOINTNESS_UNVERIFIABLE__NO_participantFlowModule_IN_CACHE
NCT04165031	ctg_results_bor_2018_2021.txt	5	ACTUAL	6	5	8	0			0	0	False	NO_CONFLICT_DETECTED	NOT_A_PATIENT_COUNT__NO_CROSS_MEASURE_SUM_EMITTED	DISJOINTNESS_UNVERIFIABLE__NO_participantFlowModule_IN_CACHE
NCT03769181	ctg_results_bor_2018_2021.txt	58	ACTUAL	4	4	5	18	ctg_results_bor_2018_2021.txt::NCT03769181::outcomeMeasures[31]::groups[OG000]	7	3	40	False	NO_CONFLICT_DETECTED	NOT_A_PATIENT_COUNT__NO_CROSS_MEASURE_SUM_EMITTED	DISJOINTNESS_UNVERIFIABLE__NO_participantFlowModule_IN_CACHE
NCT04068181	ctg_results_bor_2018_2021.txt	72	ACTUAL	4	4	36	26	ctg_results_bor_2018_2021.txt::NCT04068181::outcomeMeasures[0]::groups[OG000]	0	4	71	False	NO_CONFLICT_DETECTED	NOT_A_PATIENT_COUNT__NO_CROSS_MEASURE_SUM_EMITTED	DISJOINTNESS_UNVERIFIABLE__NO_participantFlowModule_IN_CACHE
NCT04477486	ctg_results_bor_2018_2021.txt	13	ACTUAL	1	1	1	12	ctg_results_bor_2018_2021.txt::NCT04477486::outcomeMeasures[0]::groups[OG000]	0	1	12	False	NO_CONFLICT_DETECTED	NOT_A_PATIENT_COUNT__NO_CROSS_MEASURE_SUM_EMITTED	DISJOINTNESS_UNVERIFIABLE__NO_participantFlowModule_IN_CACHE
NCT03915951	ctg_results_bor_2018_2021.txt	98	ACTUAL	1	2	6	59	ctg_results_bor_2018_2021.txt::NCT03915951::outcomeMeasures[0]::groups[OG000]	0	2	98	False	NO_CONFLICT_DETECTED	NOT_A_PATIENT_COUNT__NO_CROSS_MEASURE_SUM_EMITTED	DISJOINTNESS_UNVERIFIABLE__NO_participantFlowModule_IN_CACHE
NCT04499924	ctg_results_bor_2018_2021.txt	17	ACTUAL	4	2	6	9	ctg_results_bor_2018_2021.txt::NCT04499924::outcomeMeasures[6]::groups[OG001]	6	2	17	False	NO_CONFLICT_DETECTED	NOT_A_PATIENT_COUNT__NO_CROSS_MEASURE_SUM_EMITTED	DISJOINTNESS_UNVERIFIABLE__NO_participantFlowModule_IN_CACHE
NCT03435107	ctg_results_bor_2018_2021.txt	33	ACTUAL	1	1	2	33	ctg_results_bor_2018_2021.txt::NCT03435107::outcomeMeasures[0]::groups[OG000]	0	1	33	False	NO_CONFLICT_DETECTED	NOT_A_PATIENT_COUNT__NO_CROSS_MEASURE_SUM_EMITTED	DISJOINTNESS_UNVERIFIABLE__NO_participantFlowModule_IN_CACHE
NCT03783936	ctg_results_bor_2018_2021.txt	18	ACTUAL	1	1	2	18	ctg_results_bor_2018_2021.txt::NCT03783936::outcomeMeasures[0]::groups[OG000]	0	1	18	False	NO_CONFLICT_DETECTED	NOT_A_PATIENT_COUNT__NO_CROSS_MEASURE_SUM_EMITTED	DISJOINTNESS_UNVERIFIABLE__NO_participantFlowModule_IN_CACHE
NCT03853109	ctg_results_bor_2018_2021.txt	171	ACTUAL	8	8	8	41	ctg_results_bor_2018_2021.txt::NCT03853109::outcomeMeasures[8]::groups[OG005]	8	8	168	False	NO_CONFLICT_DETECTED	NOT_A_PATIENT_COUNT__NO_CROSS_MEASURE_SUM_EMITTED	DISJOINTNESS_UNVERIFIABLE__NO_participantFlowModule_IN_CACHE
NCT04570332	ctg_results_bor_2018_2021.txt	42	ACTUAL	1	1	2	40	ctg_results_bor_2018_2021.txt::NCT04570332::outcomeMeasures[0]::groups[OG000]	0	1	40	False	NO_CONFLICT_DETECTED	NOT_A_PATIENT_COUNT__NO_CROSS_MEASURE_SUM_EMITTED	DISJOINTNESS_UNVERIFIABLE__NO_participantFlowModule_IN_CACHE
NCT04704219	ctg_results_bor_2018_2021.txt	160	ACTUAL	1	1	3	158	ctg_results_bor_2018_2021.txt::NCT04704219::outcomeMeasures[0]::groups[OG000]	0	1	158	False	NO_CONFLICT_DETECTED	NOT_A_PATIENT_COUNT__NO_CROSS_MEASURE_SUM_EMITTED	DISJOINTNESS_UNVERIFIABLE__NO_participantFlowModule_IN_CACHE
NCT04358458	ctg_results_bor_2018_2021.txt	46	ACTUAL	2	8	8	8	ctg_results_bor_2018_2021.txt::NCT04358458::outcomeMeasures[21]::groups[OG003]	21	8	41	False	NO_CONFLICT_DETECTED	NOT_A_PATIENT_COUNT__NO_CROSS_MEASURE_SUM_EMITTED	DISJOINTNESS_UNVERIFIABLE__NO_participantFlowModule_IN_CACHE
NCT03786926	ctg_results_bor_2018_2021.txt	53	ACTUAL	1	11	22	13	ctg_results_bor_2018_2021.txt::NCT03786926::outcomeMeasures[3]::groups[OG007]	3	11	49	False	NO_CONFLICT_DETECTED	NOT_A_PATIENT_COUNT__NO_CROSS_MEASURE_SUM_EMITTED	DISJOINTNESS_UNVERIFIABLE__NO_participantFlowModule_IN_CACHE
NCT03370302	ctg_results_bor_2018_2021.txt	28	ACTUAL	2	6	6	7	ctg_results_bor_2018_2021.txt::NCT03370302::outcomeMeasures[16]::groups[OG002]	16	6	28	False	NO_CONFLICT_DETECTED	NOT_A_PATIENT_COUNT__NO_CROSS_MEASURE_SUM_EMITTED	DISJOINTNESS_UNVERIFIABLE__NO_participantFlowModule_IN_CACHE
NCT03744715	ctg_results_bor_2018_2021.txt	7	ACTUAL	1	6	12	0			0	0	False	NO_CONFLICT_DETECTED	NOT_A_PATIENT_COUNT__NO_CROSS_MEASURE_SUM_EMITTED	DISJOINTNESS_UNVERIFIABLE__NO_participantFlowModule_IN_CACHE
NCT04752358	ctg_results_bor_2018_2021.txt	3	ACTUAL	1	2	8	2	ctg_results_bor_2018_2021.txt::NCT04752358::outcomeMeasures[6]::groups[OG000]	6	2	3	False	NO_CONFLICT_DETECTED	NOT_A_PATIENT_COUNT__NO_CROSS_MEASURE_SUM_EMITTED	DISJOINTNESS_UNVERIFIABLE__NO_participantFlowModule_IN_CACHE
NCT03514017	ctg_results_bor_2018_2021.txt	5	ACTUAL	1	1	1	3	ctg_results_bor_2018_2021.txt::NCT03514017::outcomeMeasures[0]::groups[OG000]	0	1	3	False	NO_CONFLICT_DETECTED	NOT_A_PATIENT_COUNT__NO_CROSS_MEASURE_SUM_EMITTED	DISJOINTNESS_UNVERIFIABLE__NO_participantFlowModule_IN_CACHE
NCT04316182	ctg_results_bor_2018_2021.txt	24	ACTUAL	1	1	1	24	ctg_results_bor_2018_2021.txt::NCT04316182::outcomeMeasures[6]::groups[OG000]	6	1	24	False	NO_CONFLICT_DETECTED	NOT_A_PATIENT_COUNT__NO_CROSS_MEASURE_SUM_EMITTED	DISJOINTNESS_UNVERIFIABLE__NO_participantFlowModule_IN_CACHE
NCT03452579	ctg_results_bor_2018_2021.txt	90	ACTUAL	2	2	2	45	ctg_results_bor_2018_2021.txt::NCT03452579::outcomeMeasures[4]::groups[OG000]	4	2	90	False	NO_CONFLICT_DETECTED	NOT_A_PATIENT_COUNT__NO_CROSS_MEASURE_SUM_EMITTED	DISJOINTNESS_UNVERIFIABLE__NO_participantFlowModule_IN_CACHE
NCT03190915	ctg_results_bor_2018_2021.txt	10	ACTUAL	1	1	1	10	ctg_results_bor_2018_2021.txt::NCT03190915::outcomeMeasures[0]::groups[OG000]	0	1	10	False	NO_CONFLICT_DETECTED	NOT_A_PATIENT_COUNT__NO_CROSS_MEASURE_SUM_EMITTED	DISJOINTNESS_UNVERIFIABLE__NO_participantFlowModule_IN_CACHE
NCT04508140	ctg_results_bor_2018_2021.txt	18	ACTUAL	2	2	8	11	ctg_results_bor_2018_2021.txt::NCT04508140::outcomeMeasures[0]::groups[OG000]	0	2	16	False	NO_CONFLICT_DETECTED	NOT_A_PATIENT_COUNT__NO_CROSS_MEASURE_SUM_EMITTED	DISJOINTNESS_UNVERIFIABLE__NO_participantFlowModule_IN_CACHE
NCT03739619	ctg_results_bor_2018_2021.txt	3	ACTUAL	1	1	1	2	ctg_results_bor_2018_2021.txt::NCT03739619::outcomeMeasures[2]::groups[OG000]	2	1	2	False	NO_CONFLICT_DETECTED	NOT_A_PATIENT_COUNT__NO_CROSS_MEASURE_SUM_EMITTED	DISJOINTNESS_UNVERIFIABLE__NO_participantFlowModule_IN_CACHE
NCT03901469	ctg_results_bor_2018_2021.txt	115	ACTUAL	4	7	12	37	ctg_results_bor_2018_2021.txt::NCT03901469::outcomeMeasures[2]::groups[OG000]	5	5	70	False	NO_CONFLICT_DETECTED	NOT_A_PATIENT_COUNT__NO_CROSS_MEASURE_SUM_EMITTED	DISJOINTNESS_UNVERIFIABLE__NO_participantFlowModule_IN_CACHE
NCT03681951	ctg_results_bor_2018_2021.txt	8	ACTUAL	4	6	6	8	ctg_results_bor_2018_2021.txt::NCT03681951::outcomeMeasures[8]::groups[OG000]	8	1	8	False	NO_CONFLICT_DETECTED	NOT_A_PATIENT_COUNT__NO_CROSS_MEASURE_SUM_EMITTED	DISJOINTNESS_UNVERIFIABLE__NO_participantFlowModule_IN_CACHE
NCT04719273	ctg_results_bor_2018_2021.txt	14	ACTUAL	1	1	2	14	ctg_results_bor_2018_2021.txt::NCT04719273::outcomeMeasures[0]::groups[OG000]	0	1	14	False	NO_CONFLICT_DETECTED	NOT_A_PATIENT_COUNT__NO_CROSS_MEASURE_SUM_EMITTED	DISJOINTNESS_UNVERIFIABLE__NO_participantFlowModule_IN_CACHE
NCT03484702	ctg_results_bor_2018_2021.txt	113	ACTUAL	1	6	12	36	ctg_results_bor_2018_2021.txt::NCT03484702::outcomeMeasures[0]::groups[OG000]	12	6	88	False	NO_CONFLICT_DETECTED	NOT_A_PATIENT_COUNT__NO_CROSS_MEASURE_SUM_EMITTED	DISJOINTNESS_UNVERIFIABLE__NO_participantFlowModule_IN_CACHE
NCT03462719	ctg_results_bor_2018_2021.txt	211	ACTUAL	2	2	4	106	ctg_results_bor_2018_2021.txt::NCT03462719::outcomeMeasures[2]::groups[OG000]	2	2	211	False	NO_CONFLICT_DETECTED	NOT_A_PATIENT_COUNT__NO_CROSS_MEASURE_SUM_EMITTED	DISJOINTNESS_UNVERIFIABLE__NO_participantFlowModule_IN_CACHE
NCT04173507	ctg_results_bor_2018_2021.txt	47	ACTUAL	1	1	2	42	ctg_results_bor_2018_2021.txt::NCT04173507::outcomeMeasures[0]::groups[OG000]	0	1	42	False	NO_CONFLICT_DETECTED	NOT_A_PATIENT_COUNT__NO_CROSS_MEASURE_SUM_EMITTED	DISJOINTNESS_UNVERIFIABLE__NO_participantFlowModule_IN_CACHE
NCT03571828	ctg_results_bor_2018_2021.txt	10	ACTUAL	2	2	4	8	ctg_results_bor_2018_2021.txt::NCT03571828::outcomeMeasures[6]::groups[OG000]	6	2	9	False	NO_CONFLICT_DETECTED	NOT_A_PATIENT_COUNT__NO_CROSS_MEASURE_SUM_EMITTED	DISJOINTNESS_UNVERIFIABLE__NO_participantFlowModule_IN_CACHE
NCT03668119	ctg_results_bor_2018_2021.txt	212	ACTUAL	2	2	12	88	ctg_results_bor_2018_2021.txt::NCT03668119::outcomeMeasures[0]::groups[OG000]	2	2	135	False	NO_CONFLICT_DETECTED	NOT_A_PATIENT_COUNT__NO_CROSS_MEASURE_SUM_EMITTED	DISJOINTNESS_UNVERIFIABLE__NO_participantFlowModule_IN_CACHE
NCT04484142	ctg_results_bor_2018_2021.txt	137	ACTUAL	1	1	1	137	ctg_results_bor_2018_2021.txt::NCT04484142::outcomeMeasures[0]::groups[OG000]	0	1	137	False	NO_CONFLICT_DETECTED	NOT_A_PATIENT_COUNT__NO_CROSS_MEASURE_SUM_EMITTED	DISJOINTNESS_UNVERIFIABLE__NO_participantFlowModule_IN_CACHE
NCT04323436	ctg_results_bor_2018_2021.txt	31	ACTUAL	3	3	6	31	ctg_results_bor_2018_2021.txt::NCT04323436::outcomeMeasures[0]::groups[OG000]	0	1	31	False	NO_CONFLICT_DETECTED	NOT_A_PATIENT_COUNT__NO_CROSS_MEASURE_SUM_EMITTED	DISJOINTNESS_UNVERIFIABLE__NO_participantFlowModule_IN_CACHE
NCT04194944	ctg_results_bor_2018_2021.txt	261	ACTUAL	2	3	10	159	ctg_results_bor_2018_2021.txt::NCT04194944::outcomeMeasures[7]::groups[OG000]	7	2	261	False	NO_CONFLICT_DETECTED	NOT_A_PATIENT_COUNT__NO_CROSS_MEASURE_SUM_EMITTED	DISJOINTNESS_UNVERIFIABLE__NO_participantFlowModule_IN_CACHE
NCT04695977	ctg_results_bor_2018_2021.txt	20	ACTUAL	2	2	3	11	ctg_results_bor_2018_2021.txt::NCT04695977::outcomeMeasures[0]::groups[OG000]	0	2	20	False	NO_CONFLICT_DETECTED	NOT_A_PATIENT_COUNT__NO_CROSS_MEASURE_SUM_EMITTED	DISJOINTNESS_UNVERIFIABLE__NO_participantFlowModule_IN_CACHE
NCT04302324	ctg_results_bor_2018_2021.txt	11	ACTUAL	1	1	3	9	ctg_results_bor_2018_2021.txt::NCT04302324::outcomeMeasures[0]::groups[OG000]	0	1	9	False	NO_CONFLICT_DETECTED	NOT_A_PATIENT_COUNT__NO_CROSS_MEASURE_SUM_EMITTED	DISJOINTNESS_UNVERIFIABLE__NO_participantFlowModule_IN_CACHE
NCT04205630	ctg_results_bor_2018_2021.txt	64	ACTUAL	1	1	1	61	ctg_results_bor_2018_2021.txt::NCT04205630::outcomeMeasures[0]::groups[OG000]	0	1	61	False	NO_CONFLICT_DETECTED	NOT_A_PATIENT_COUNT__NO_CROSS_MEASURE_SUM_EMITTED	DISJOINTNESS_UNVERIFIABLE__NO_participantFlowModule_IN_CACHE
NCT04995419	ctg_results_bor_2018_2021.txt	40	ACTUAL	1	1	4	40	ctg_results_bor_2018_2021.txt::NCT04995419::outcomeMeasures[0]::groups[OG000]	0	1	40	False	NO_CONFLICT_DETECTED	NOT_A_PATIENT_COUNT__NO_CROSS_MEASURE_SUM_EMITTED	DISJOINTNESS_UNVERIFIABLE__NO_participantFlowModule_IN_CACHE
NCT03548207	ctg_results_bor_2018_2021.txt	126	ACTUAL	1	3	8	68	ctg_results_bor_2018_2021.txt::NCT03548207::outcomeMeasures[1]::groups[OG000]	19	3	106	False	NO_CONFLICT_DETECTED	NOT_A_PATIENT_COUNT__NO_CROSS_MEASURE_SUM_EMITTED	DISJOINTNESS_UNVERIFIABLE__NO_participantFlowModule_IN_CACHE
NCT03635983	ctg_results_bor_2018_2021.txt	783	ACTUAL	2	2	14	272	ctg_results_bor_2018_2021.txt::NCT03635983::outcomeMeasures[0]::groups[OG001]	0	2	543	False	NO_CONFLICT_DETECTED	NOT_A_PATIENT_COUNT__NO_CROSS_MEASURE_SUM_EMITTED	DISJOINTNESS_UNVERIFIABLE__NO_participantFlowModule_IN_CACHE
NCT04579757	ctg_results_bor_2018_2021.txt	87	ACTUAL	2	9	27	20	ctg_results_bor_2018_2021.txt::NCT04579757::outcomeMeasures[2]::groups[OG002]	5	9	87	False	NO_CONFLICT_DETECTED	NOT_A_PATIENT_COUNT__NO_CROSS_MEASURE_SUM_EMITTED	DISJOINTNESS_UNVERIFIABLE__NO_participantFlowModule_IN_CACHE
NCT05071053	ctg_results_bor_2018_2021.txt	35	ACTUAL	1	1	2	35	ctg_results_bor_2018_2021.txt::NCT05071053::outcomeMeasures[1]::groups[OG000]	1	1	35	False	NO_CONFLICT_DETECTED	NOT_A_PATIENT_COUNT__NO_CROSS_MEASURE_SUM_EMITTED	DISJOINTNESS_UNVERIFIABLE__NO_participantFlowModule_IN_CACHE
NCT04579679	ctg_results_bor_2018_2021.txt	78	ACTUAL	1	4	8	31	ctg_results_bor_2018_2021.txt::NCT04579679::outcomeMeasures[0]::groups[OG001]	0	4	75	False	NO_CONFLICT_DETECTED	NOT_A_PATIENT_COUNT__NO_CROSS_MEASURE_SUM_EMITTED	DISJOINTNESS_UNVERIFIABLE__NO_participantFlowModule_IN_CACHE
NCT04913220	ctg_results_bor_2018_2021.txt	46	ACTUAL	2	4	8	20	ctg_results_bor_2018_2021.txt::NCT04913220::outcomeMeasures[0]::groups[OG000]	0	4	46	False	NO_CONFLICT_DETECTED	NOT_A_PATIENT_COUNT__NO_CROSS_MEASURE_SUM_EMITTED	DISJOINTNESS_UNVERIFIABLE__NO_participantFlowModule_IN_CACHE
NCT04394624	ctg_results_bor_2018_2021.txt	31	ACTUAL	2	2	3	31	ctg_results_bor_2018_2021.txt::NCT04394624::outcomeMeasures[10]::groups[OG000]	10	1	31	False	NO_CONFLICT_DETECTED	NOT_A_PATIENT_COUNT__NO_CROSS_MEASURE_SUM_EMITTED	DISJOINTNESS_UNVERIFIABLE__NO_participantFlowModule_IN_CACHE
NCT04579380	ctg_results_bor_2018_2021.txt	217	ACTUAL	1	9	9	31	ctg_results_bor_2018_2021.txt::NCT04579380::outcomeMeasures[0]::groups[OG005]	0	9	212	False	NO_CONFLICT_DETECTED	NOT_A_PATIENT_COUNT__NO_CROSS_MEASURE_SUM_EMITTED	DISJOINTNESS_UNVERIFIABLE__NO_participantFlowModule_IN_CACHE
NCT03573947	ctg_results_bor_2018_2021.txt	46	ACTUAL	1	1	1	46	ctg_results_bor_2018_2021.txt::NCT03573947::outcomeMeasures[2]::groups[OG000]	2	1	46	False	NO_CONFLICT_DETECTED	NOT_A_PATIENT_COUNT__NO_CROSS_MEASURE_SUM_EMITTED	DISJOINTNESS_UNVERIFIABLE__NO_participantFlowModule_IN_CACHE
NCT04656652	ctg_results_bor_2018_2021.txt	605	ACTUAL	2	2	2	305	ctg_results_bor_2018_2021.txt::NCT04656652::outcomeMeasures[3]::groups[OG001]	3	2	604	False	NO_CONFLICT_DETECTED	NOT_A_PATIENT_COUNT__NO_CROSS_MEASURE_SUM_EMITTED	DISJOINTNESS_UNVERIFIABLE__NO_participantFlowModule_IN_CACHE
NCT03657043	ctg_results_bor_2018_2021.txt	98	ACTUAL	4	1	5	79	ctg_results_bor_2018_2021.txt::NCT03657043::outcomeMeasures[1]::groups[OG000]	1	1	79	False	NO_CONFLICT_DETECTED	NOT_A_PATIENT_COUNT__NO_CROSS_MEASURE_SUM_EMITTED	DISJOINTNESS_UNVERIFIABLE__NO_participantFlowModule_IN_CACHE
NCT03450057	ctg_results_bor_2018_2021.txt	38	ACTUAL	1	1	2	38	ctg_results_bor_2018_2021.txt::NCT03450057::outcomeMeasures[1]::groups[OG000]	1	1	38	False	NO_CONFLICT_DETECTED	NOT_A_PATIENT_COUNT__NO_CROSS_MEASURE_SUM_EMITTED	DISJOINTNESS_UNVERIFIABLE__NO_participantFlowModule_IN_CACHE
NCT04147234	ctg_results_bor_2018_2021.txt	42	ACTUAL	7	7	14	8	ctg_results_bor_2018_2021.txt::NCT04147234::outcomeMeasures[0]::groups[OG001]	0	5	28	False	NO_CONFLICT_DETECTED	NOT_A_PATIENT_COUNT__NO_CROSS_MEASURE_SUM_EMITTED	DISJOINTNESS_UNVERIFIABLE__NO_participantFlowModule_IN_CACHE
NCT04191616	ctg_results_bor_2018_2021.txt	54	ACTUAL	1	1	1	52	ctg_results_bor_2018_2021.txt::NCT04191616::outcomeMeasures[0]::groups[OG000]	0	1	52	False	NO_CONFLICT_DETECTED	NOT_A_PATIENT_COUNT__NO_CROSS_MEASURE_SUM_EMITTED	DISJOINTNESS_UNVERIFIABLE__NO_participantFlowModule_IN_CACHE
NCT03754933	ctg_results_bor_2018_2021.txt	10	ACTUAL	1	1	1	8	ctg_results_bor_2018_2021.txt::NCT03754933::outcomeMeasures[1]::groups[OG000]	1	1	8	False	NO_CONFLICT_DETECTED	NOT_A_PATIENT_COUNT__NO_CROSS_MEASURE_SUM_EMITTED	DISJOINTNESS_UNVERIFIABLE__NO_participantFlowModule_IN_CACHE
NCT03361306	ctg_results_bor_2018_2021.txt	15	ACTUAL	1	1	1	15	ctg_results_bor_2018_2021.txt::NCT03361306::outcomeMeasures[1]::groups[OG000]	1	1	15	False	NO_CONFLICT_DETECTED	NOT_A_PATIENT_COUNT__NO_CROSS_MEASURE_SUM_EMITTED	DISJOINTNESS_UNVERIFIABLE__NO_participantFlowModule_IN_CACHE
NCT04026412	ctg_results_bor_2018_2021.txt	925	ACTUAL	3	3	6	320	ctg_results_bor_2018_2021.txt::NCT04026412::outcomeMeasures[3]::groups[OG001]	3	3	925	False	NO_CONFLICT_DETECTED	NOT_A_PATIENT_COUNT__NO_CROSS_MEASURE_SUM_EMITTED	DISJOINTNESS_UNVERIFIABLE__NO_participantFlowModule_IN_CACHE
NCT04205409	ctg_results_bor_2018_2021.txt	20	ACTUAL	1	1	1	20	ctg_results_bor_2018_2021.txt::NCT04205409::outcomeMeasures[0]::groups[OG000]	0	1	20	False	NO_CONFLICT_DETECTED	NOT_A_PATIENT_COUNT__NO_CROSS_MEASURE_SUM_EMITTED	DISJOINTNESS_UNVERIFIABLE__NO_participantFlowModule_IN_CACHE
NCT05537766	ctg_results_bor_2022_2026.txt	19	ACTUAL	4	4	12	10	ctg_results_bor_2022_2026.txt::NCT05537766::outcomeMeasures[9]::groups[OG002]	9	3	13	False	NO_CONFLICT_DETECTED	NOT_A_PATIENT_COUNT__NO_CROSS_MEASURE_SUM_EMITTED	DISJOINTNESS_UNVERIFIABLE__NO_participantFlowModule_IN_CACHE
NCT05184842	ctg_results_bor_2022_2026.txt	91	ESTIMATED	1	1	6	21	ctg_results_bor_2022_2026.txt::NCT05184842::outcomeMeasures[9]::groups[OG000]	9	1	21	False	NO_CONFLICT_DETECTED	NOT_A_PATIENT_COUNT__NO_CROSS_MEASURE_SUM_EMITTED	DISJOINTNESS_UNVERIFIABLE__NO_participantFlowModule_IN_CACHE
NCT05654623	ctg_results_bor_2022_2026.txt	624	ACTUAL	2	2	4	274	ctg_results_bor_2022_2026.txt::NCT05654623::outcomeMeasures[5]::groups[OG000]	5	2	546	False	NO_CONFLICT_DETECTED	NOT_A_PATIENT_COUNT__NO_CROSS_MEASURE_SUM_EMITTED	DISJOINTNESS_UNVERIFIABLE__NO_participantFlowModule_IN_CACHE
NCT05513703	ctg_results_bor_2022_2026.txt	9	ACTUAL	1	1	2	9	ctg_results_bor_2022_2026.txt::NCT05513703::outcomeMeasures[0]::groups[OG000]	0	1	9	False	NO_CONFLICT_DETECTED	NOT_A_PATIENT_COUNT__NO_CROSS_MEASURE_SUM_EMITTED	DISJOINTNESS_UNVERIFIABLE__NO_participantFlowModule_IN_CACHE
NCT06837090	ctg_results_bor_2022_2026.txt	20	ACTUAL	1	1	1	20	ctg_results_bor_2022_2026.txt::NCT06837090::outcomeMeasures[1]::groups[OG000]	1	1	20	False	NO_CONFLICT_DETECTED	NOT_A_PATIENT_COUNT__NO_CROSS_MEASURE_SUM_EMITTED	DISJOINTNESS_UNVERIFIABLE__NO_participantFlowModule_IN_CACHE
NCT05326464	ctg_results_bor_2022_2026.txt	18	ACTUAL	2	2	2	9	ctg_results_bor_2022_2026.txt::NCT05326464::outcomeMeasures[3]::groups[OG000]	3	2	18	False	NO_CONFLICT_DETECTED	NOT_A_PATIENT_COUNT__NO_CROSS_MEASURE_SUM_EMITTED	DISJOINTNESS_UNVERIFIABLE__NO_participantFlowModule_IN_CACHE
NCT04933695	ctg_results_bor_2022_2026.txt	42	ACTUAL	2	1	2	41	ctg_results_bor_2022_2026.txt::NCT04933695::outcomeMeasures[0]::groups[OG000]	0	1	41	False	NO_CONFLICT_DETECTED	NOT_A_PATIENT_COUNT__NO_CROSS_MEASURE_SUM_EMITTED	DISJOINTNESS_UNVERIFIABLE__NO_participantFlowModule_IN_CACHE
NCT05267470	ctg_results_bor_2022_2026.txt	74	ACTUAL	4	5	10	29	ctg_results_bor_2022_2026.txt::NCT05267470::outcomeMeasures[5]::groups[OG002]	5	5	74	False	NO_CONFLICT_DETECTED	NOT_A_PATIENT_COUNT__NO_CROSS_MEASURE_SUM_EMITTED	DISJOINTNESS_UNVERIFIABLE__NO_participantFlowModule_IN_CACHE
NCT05513742	ctg_results_bor_2022_2026.txt	49	ACTUAL	1	1	2	49	ctg_results_bor_2022_2026.txt::NCT05513742::outcomeMeasures[0]::groups[OG000]	0	1	49	False	NO_CONFLICT_DETECTED	NOT_A_PATIENT_COUNT__NO_CROSS_MEASURE_SUM_EMITTED	DISJOINTNESS_UNVERIFIABLE__NO_participantFlowModule_IN_CACHE
NCT05245071	ctg_results_bor_2022_2026.txt	22	ACTUAL	1	1	2	22	ctg_results_bor_2022_2026.txt::NCT05245071::outcomeMeasures[0]::groups[OG000]	0	1	22	False	NO_CONFLICT_DETECTED	NOT_A_PATIENT_COUNT__NO_CROSS_MEASURE_SUM_EMITTED	DISJOINTNESS_UNVERIFIABLE__NO_participantFlowModule_IN_CACHE
NCT05256381	ctg_results_bor_2022_2026.txt	166	ACTUAL	1	6	79	40	ctg_results_bor_2022_2026.txt::NCT05256381::outcomeMeasures[0]::groups[OG004]	0	6	142	False	NO_CONFLICT_DETECTED	NOT_A_PATIENT_COUNT__NO_CROSS_MEASURE_SUM_EMITTED	DISJOINTNESS_UNVERIFIABLE__NO_participantFlowModule_IN_CACHE
NCT05461794	ctg_results_bor_2022_2026.txt	96	ACTUAL	3	3	10	39	ctg_results_bor_2022_2026.txt::NCT05461794::outcomeMeasures[0]::groups[OG000]	3	3	96	False	NO_CONFLICT_DETECTED	NOT_A_PATIENT_COUNT__NO_CROSS_MEASURE_SUM_EMITTED	DISJOINTNESS_UNVERIFIABLE__NO_participantFlowModule_IN_CACHE
NCT06094296	ctg_results_bor_2022_2026.txt	1	ACTUAL	5	3	9	0			0	0	False	NO_CONFLICT_DETECTED	NOT_A_PATIENT_COUNT__NO_CROSS_MEASURE_SUM_EMITTED	DISJOINTNESS_UNVERIFIABLE__NO_participantFlowModule_IN_CACHE
NCT05407675	ctg_results_bor_2022_2026.txt	68	ACTUAL	7	13	13	11	ctg_results_bor_2022_2026.txt::NCT05407675::outcomeMeasures[5]::groups[OG003]	5	13	68	False	NO_CONFLICT_DETECTED	NOT_A_PATIENT_COUNT__NO_CROSS_MEASURE_SUM_EMITTED	DISJOINTNESS_UNVERIFIABLE__NO_participantFlowModule_IN_CACHE
NCT05267054	ctg_results_bor_2022_2026.txt	53	ACTUAL	2	2	4	27	ctg_results_bor_2022_2026.txt::NCT05267054::outcomeMeasures[2]::groups[OG001]	2	2	50	False	NO_CONFLICT_DETECTED	NOT_A_PATIENT_COUNT__NO_CROSS_MEASURE_SUM_EMITTED	DISJOINTNESS_UNVERIFIABLE__NO_participantFlowModule_IN_CACHE
NCT05243641	ctg_results_bor_2022_2026.txt	10	ACTUAL	2	6	7	5	ctg_results_bor_2022_2026.txt::NCT05243641::outcomeMeasures[3]::groups[OG000]	3	2	7	False	NO_CONFLICT_DETECTED	NOT_A_PATIENT_COUNT__NO_CROSS_MEASURE_SUM_EMITTED	DISJOINTNESS_UNVERIFIABLE__NO_participantFlowModule_IN_CACHE
NCT05613088	ctg_results_bor_2022_2026.txt	106	ACTUAL	2	2	4	70	ctg_results_bor_2022_2026.txt::NCT05613088::outcomeMeasures[0]::groups[OG000]	0	2	106	False	NO_CONFLICT_DETECTED	NOT_A_PATIENT_COUNT__NO_CROSS_MEASURE_SUM_EMITTED	DISJOINTNESS_UNVERIFIABLE__NO_participantFlowModule_IN_CACHE
NCT05323656	ctg_results_bor_2022_2026.txt	55	ACTUAL	2	2	4	28	ctg_results_bor_2022_2026.txt::NCT05323656::outcomeMeasures[5]::groups[OG001]	5	2	55	False	NO_CONFLICT_DETECTED	NOT_A_PATIENT_COUNT__NO_CROSS_MEASURE_SUM_EMITTED	DISJOINTNESS_UNVERIFIABLE__NO_participantFlowModule_IN_CACHE
NCT05126433	ctg_results_bor_2022_2026.txt	47	ACTUAL	3	3	6	19	ctg_results_bor_2022_2026.txt::NCT05126433::outcomeMeasures[0]::groups[OG002]	0	3	46	False	NO_CONFLICT_DETECTED	NOT_A_PATIENT_COUNT__NO_CROSS_MEASURE_SUM_EMITTED	DISJOINTNESS_UNVERIFIABLE__NO_participantFlowModule_IN_CACHE
NCT05218499	ctg_results_bor_2022_2026.txt	400	ACTUAL	3	3	6	162	ctg_results_bor_2022_2026.txt::NCT05218499::outcomeMeasures[1]::groups[OG002]	1	3	400	False	NO_CONFLICT_DETECTED	NOT_A_PATIENT_COUNT__NO_CROSS_MEASURE_SUM_EMITTED	DISJOINTNESS_UNVERIFIABLE__NO_participantFlowModule_IN_CACHE
NCT05169567	ctg_results_bor_2022_2026.txt	368	ACTUAL	2	2	2	186	ctg_results_bor_2022_2026.txt::NCT05169567::outcomeMeasures[2]::groups[OG001]	2	2	368	False	NO_CONFLICT_DETECTED	NOT_A_PATIENT_COUNT__NO_CROSS_MEASURE_SUM_EMITTED	DISJOINTNESS_UNVERIFIABLE__NO_participantFlowModule_IN_CACHE
NCT05691829	ctg_results_bor_2022_2026.txt	19	ACTUAL	1	1	2	13	ctg_results_bor_2022_2026.txt::NCT05691829::outcomeMeasures[0]::groups[OG000]	0	1	13	False	NO_CONFLICT_DETECTED	NOT_A_PATIENT_COUNT__NO_CROSS_MEASURE_SUM_EMITTED	DISJOINTNESS_UNVERIFIABLE__NO_participantFlowModule_IN_CACHE
NCT05949632	ctg_results_bor_2022_2026.txt	5	ACTUAL	2	1	2	5	ctg_results_bor_2022_2026.txt::NCT05949632::outcomeMeasures[6]::groups[OG000]	6	1	5	False	NO_CONFLICT_DETECTED	NOT_A_PATIENT_COUNT__NO_CROSS_MEASURE_SUM_EMITTED	DISJOINTNESS_UNVERIFIABLE__NO_participantFlowModule_IN_CACHE
NCT05198349	ctg_results_bor_2022_2026.txt	15	ACTUAL	1	4	4	6	ctg_results_bor_2022_2026.txt::NCT05198349::outcomeMeasures[7]::groups[OG002]	7	4	15	False	NO_CONFLICT_DETECTED	NOT_A_PATIENT_COUNT__NO_CROSS_MEASURE_SUM_EMITTED	DISJOINTNESS_UNVERIFIABLE__NO_participantFlowModule_IN_CACHE
NCT05543629	ctg_results_bor_2022_2026.txt	36	ACTUAL	6	8	16	8	ctg_results_bor_2022_2026.txt::NCT05543629::outcomeMeasures[9]::groups[OG006]	9	8	36	False	NO_CONFLICT_DETECTED	NOT_A_PATIENT_COUNT__NO_CROSS_MEASURE_SUM_EMITTED	DISJOINTNESS_UNVERIFIABLE__NO_participantFlowModule_IN_CACHE
NCT05160168	ctg_results_bor_2022_2026.txt	32	ACTUAL	4	10	34	7	ctg_results_bor_2022_2026.txt::NCT05160168::outcomeMeasures[9]::groups[OG001]	9	7	32	False	NO_CONFLICT_DETECTED	NOT_A_PATIENT_COUNT__NO_CROSS_MEASURE_SUM_EMITTED	DISJOINTNESS_UNVERIFIABLE__NO_participantFlowModule_IN_CACHE
NCT05565391	ctg_results_bor_2022_2026.txt	508	ACTUAL	2	3	7	233	ctg_results_bor_2022_2026.txt::NCT05565391::outcomeMeasures[0]::groups[OG001]	0	3	508	False	NO_CONFLICT_DETECTED	NOT_A_PATIENT_COUNT__NO_CROSS_MEASURE_SUM_EMITTED	DISJOINTNESS_UNVERIFIABLE__NO_participantFlowModule_IN_CACHE
NCT05440786	ctg_results_bor_2022_2026.txt	46	ACTUAL	2	2	8	30	ctg_results_bor_2022_2026.txt::NCT05440786::outcomeMeasures[5]::groups[OG000]	5	2	46	False	NO_CONFLICT_DETECTED	NOT_A_PATIENT_COUNT__NO_CROSS_MEASURE_SUM_EMITTED	DISJOINTNESS_UNVERIFIABLE__NO_participantFlowModule_IN_CACHE
NCT05551117	ctg_results_bor_2022_2026.txt	192	ACTUAL	4	4	9	83	ctg_results_bor_2022_2026.txt::NCT05551117::outcomeMeasures[5]::groups[OG000]	5	2	154	False	NO_CONFLICT_DETECTED	NOT_A_PATIENT_COUNT__NO_CROSS_MEASURE_SUM_EMITTED	DISJOINTNESS_UNVERIFIABLE__NO_participantFlowModule_IN_CACHE
NCT05374538	ctg_results_bor_2022_2026.txt	3	ACTUAL	5	5	10	3	ctg_results_bor_2022_2026.txt::NCT05374538::outcomeMeasures[1]::groups[OG001]	1	1	3	False	NO_CONFLICT_DETECTED	NOT_A_PATIENT_COUNT__NO_CROSS_MEASURE_SUM_EMITTED	DISJOINTNESS_UNVERIFIABLE__NO_participantFlowModule_IN_CACHE
NCT05619172	ctg_results_bor_2022_2026.txt	16	ACTUAL	2	1	13	16	ctg_results_bor_2022_2026.txt::NCT05619172::outcomeMeasures[0]::groups[OG000]	0	1	16	False	NO_CONFLICT_DETECTED	NOT_A_PATIENT_COUNT__NO_CROSS_MEASURE_SUM_EMITTED	DISJOINTNESS_UNVERIFIABLE__NO_participantFlowModule_IN_CACHE
NCT05577715	ctg_results_bor_2022_2026.txt	31	ACTUAL	1	1	2	31	ctg_results_bor_2022_2026.txt::NCT05577715::outcomeMeasures[0]::groups[OG000]	0	1	31	False	NO_CONFLICT_DETECTED	NOT_A_PATIENT_COUNT__NO_CROSS_MEASURE_SUM_EMITTED	DISJOINTNESS_UNVERIFIABLE__NO_participantFlowModule_IN_CACHE
NCT05198843	ctg_results_bor_2022_2026.txt	1	ACTUAL	1	1	2	0			0	0	False	NO_CONFLICT_DETECTED	NOT_A_PATIENT_COUNT__NO_CROSS_MEASURE_SUM_EMITTED	DISJOINTNESS_UNVERIFIABLE__NO_participantFlowModule_IN_CACHE
NCT06119217	ctg_results_bor_2022_2026.txt	194	ACTUAL	3	3	3	48	ctg_results_bor_2022_2026.txt::NCT06119217::outcomeMeasures[2]::groups[OG002]	2	3	125	False	NO_CONFLICT_DETECTED	NOT_A_PATIENT_COUNT__NO_CROSS_MEASURE_SUM_EMITTED	DISJOINTNESS_UNVERIFIABLE__NO_participantFlowModule_IN_CACHE
NCT06018129	ctg_results_bor_2022_2026.txt	9	ACTUAL	2	4	4	3	ctg_results_bor_2022_2026.txt::NCT06018129::outcomeMeasures[11]::groups[OG001]	11	4	9	False	NO_CONFLICT_DETECTED	NOT_A_PATIENT_COUNT__NO_CROSS_MEASURE_SUM_EMITTED	DISJOINTNESS_UNVERIFIABLE__NO_participantFlowModule_IN_CACHE
NCT04683939	ctg_results_bor_2022_2026.txt	13	ACTUAL	3	4	8	0			0	0	False	NO_CONFLICT_DETECTED	NOT_A_PATIENT_COUNT__NO_CROSS_MEASURE_SUM_EMITTED	DISJOINTNESS_UNVERIFIABLE__NO_participantFlowModule_IN_CACHE
NCT05445843	ctg_results_bor_2022_2026.txt	95	ACTUAL	2	2	2	72	ctg_results_bor_2022_2026.txt::NCT05445843::outcomeMeasures[0]::groups[OG000]	0	1	72	False	NO_CONFLICT_DETECTED	NOT_A_PATIENT_COUNT__NO_CROSS_MEASURE_SUM_EMITTED	DISJOINTNESS_UNVERIFIABLE__NO_participantFlowModule_IN_CACHE
NCT05460273	ctg_results_bor_2022_2026.txt	119	ACTUAL	1	2	12	77	ctg_results_bor_2022_2026.txt::NCT05460273::outcomeMeasures[0]::groups[OG000]	0	2	117	False	NO_CONFLICT_DETECTED	NOT_A_PATIENT_COUNT__NO_CROSS_MEASURE_SUM_EMITTED	DISJOINTNESS_UNVERIFIABLE__NO_participantFlowModule_IN_CACHE
NCT05169684	ctg_results_bor_2022_2026.txt	10	ACTUAL	6	2	4	7	ctg_results_bor_2022_2026.txt::NCT05169684::outcomeMeasures[5]::groups[OG001]	5	2	10	False	NO_CONFLICT_DETECTED	NOT_A_PATIENT_COUNT__NO_CROSS_MEASURE_SUM_EMITTED	DISJOINTNESS_UNVERIFIABLE__NO_participantFlowModule_IN_CACHE
NCT04926831	ctg_results_bor_2022_2026.txt	4	ACTUAL	2	1	1	3	ctg_results_bor_2022_2026.txt::NCT04926831::outcomeMeasures[1]::groups[OG000]	1	1	3	False	NO_CONFLICT_DETECTED	NOT_A_PATIENT_COUNT__NO_CROSS_MEASURE_SUM_EMITTED	DISJOINTNESS_UNVERIFIABLE__NO_participantFlowModule_IN_CACHE
NCT05650164	ctg_results_bor_2022_2026.txt	171	ACTUAL	1	1	2	150	ctg_results_bor_2022_2026.txt::NCT05650164::outcomeMeasures[29]::groups[OG000]	29	1	150	False	NO_CONFLICT_DETECTED	NOT_A_PATIENT_COUNT__NO_CROSS_MEASURE_SUM_EMITTED	DISJOINTNESS_UNVERIFIABLE__NO_participantFlowModule_IN_CACHE
NCT04933617	ctg_results_bor_2022_2026.txt	8	ACTUAL	2	2	4	5	ctg_results_bor_2022_2026.txt::NCT04933617::outcomeMeasures[1]::groups[OG000]	1	2	8	False	NO_CONFLICT_DETECTED	NOT_A_PATIENT_COUNT__NO_CROSS_MEASURE_SUM_EMITTED	DISJOINTNESS_UNVERIFIABLE__NO_participantFlowModule_IN_CACHE
NCT05148234	ctg_results_bor_2022_2026.txt	2	ACTUAL	4	1	2	0			0	0	False	NO_CONFLICT_DETECTED	NOT_A_PATIENT_COUNT__NO_CROSS_MEASURE_SUM_EMITTED	DISJOINTNESS_UNVERIFIABLE__NO_participantFlowModule_IN_CACHE
NCT04268277	ctg_results_bor_2022_2026.txt	22	ACTUAL	1	1	1	22	ctg_results_bor_2022_2026.txt::NCT04268277::outcomeMeasures[1]::groups[OG000]	1	1	22	False	NO_CONFLICT_DETECTED	NOT_A_PATIENT_COUNT__NO_CROSS_MEASURE_SUM_EMITTED	DISJOINTNESS_UNVERIFIABLE__NO_participantFlowModule_IN_CACHE
NCT05397171	ctg_results_bor_2022_2026.txt	17	ACTUAL	2	3	6	7	ctg_results_bor_2022_2026.txt::NCT05397171::outcomeMeasures[2]::groups[OG002]	2	3	16	False	NO_CONFLICT_DETECTED	NOT_A_PATIENT_COUNT__NO_CROSS_MEASURE_SUM_EMITTED	DISJOINTNESS_UNVERIFIABLE__NO_participantFlowModule_IN_CACHE
NCT05765734	ctg_results_bor_2022_2026.txt	18	ACTUAL	9	7	16	5	ctg_results_bor_2022_2026.txt::NCT05765734::outcomeMeasures[4]::groups[OG003]	4	5	18	False	NO_CONFLICT_DETECTED	NOT_A_PATIENT_COUNT__NO_CROSS_MEASURE_SUM_EMITTED	DISJOINTNESS_UNVERIFIABLE__NO_participantFlowModule_IN_CACHE
NCT05731947	ctg_results_bor_2022_2026.txt	41	ACTUAL	4	5	12	20	ctg_results_bor_2022_2026.txt::NCT05731947::outcomeMeasures[2]::groups[OG003]	2	4	37	False	NO_CONFLICT_DETECTED	NOT_A_PATIENT_COUNT__NO_CROSS_MEASURE_SUM_EMITTED	DISJOINTNESS_UNVERIFIABLE__NO_participantFlowModule_IN_CACHE
NCT05255601	ctg_results_bor_2022_2026.txt	5	ACTUAL	1	1	1	0			0	0	False	NO_CONFLICT_DETECTED	NOT_A_PATIENT_COUNT__NO_CROSS_MEASURE_SUM_EMITTED	DISJOINTNESS_UNVERIFIABLE__NO_participantFlowModule_IN_CACHE
NCT04899349	ctg_results_bor_2022_2026.txt	2	ACTUAL	2	2	4	2	ctg_results_bor_2022_2026.txt::NCT04899349::outcomeMeasures[2]::groups[OG000]	2	1	2	False	NO_CONFLICT_DETECTED	NOT_A_PATIENT_COUNT__NO_CROSS_MEASURE_SUM_EMITTED	DISJOINTNESS_UNVERIFIABLE__NO_participantFlowModule_IN_CACHE
NCT05911321	ctg_results_bor_2022_2026.txt	6	ACTUAL	1	1	1	5	ctg_results_bor_2022_2026.txt::NCT05911321::outcomeMeasures[0]::groups[OG000]	0	1	5	False	NO_CONFLICT_DETECTED	NOT_A_PATIENT_COUNT__NO_CROSS_MEASURE_SUM_EMITTED	DISJOINTNESS_UNVERIFIABLE__NO_participantFlowModule_IN_CACHE
NCT05222555	ctg_results_bor_2022_2026.txt	53	ACTUAL	1	2	2	47	ctg_results_bor_2022_2026.txt::NCT05222555::outcomeMeasures[4]::groups[OG001]	4	2	53	False	NO_CONFLICT_DETECTED	NOT_A_PATIENT_COUNT__NO_CROSS_MEASURE_SUM_EMITTED	DISJOINTNESS_UNVERIFIABLE__NO_participantFlowModule_IN_CACHE
NCT05491317	ctg_results_bor_2022_2026.txt	13	ACTUAL	2	2	4	7	ctg_results_bor_2022_2026.txt::NCT05491317::outcomeMeasures[1]::groups[OG001]	1	2	13	False	NO_CONFLICT_DETECTED	NOT_A_PATIENT_COUNT__NO_CROSS_MEASURE_SUM_EMITTED	DISJOINTNESS_UNVERIFIABLE__NO_participantFlowModule_IN_CACHE
NCT05144009	ctg_results_bor_2022_2026.txt	41	ACTUAL	2	2	2	24	ctg_results_bor_2022_2026.txt::NCT05144009::outcomeMeasures[2]::groups[OG001]	2	2	41	False	NO_CONFLICT_DETECTED	NOT_A_PATIENT_COUNT__NO_CROSS_MEASURE_SUM_EMITTED	DISJOINTNESS_UNVERIFIABLE__NO_participantFlowModule_IN_CACHE
NCT05313009	ctg_results_bor_2022_2026.txt	5	ACTUAL	2	2	6	1	ctg_results_bor_2022_2026.txt::NCT05313009::outcomeMeasures[0]::groups[OG000]	0	1	1	False	NO_CONFLICT_DETECTED	NOT_A_PATIENT_COUNT__NO_CROSS_MEASURE_SUM_EMITTED	DISJOINTNESS_UNVERIFIABLE__NO_participantFlowModule_IN_CACHE
NCT05986682	ctg_results_bor_2022_2026.txt	30	ACTUAL	0	1	1	30	ctg_results_bor_2022_2026.txt::NCT05986682::outcomeMeasures[5]::groups[OG000]	5	1	30	False	NO_CONFLICT_DETECTED	NOT_A_PATIENT_COUNT__NO_CROSS_MEASURE_SUM_EMITTED	DISJOINTNESS_UNVERIFIABLE__NO_participantFlowModule_IN_CACHE
NCT05493501	ctg_results_bor_2022_2026.txt	8	ACTUAL	3	3	9	0			0	0	False	NO_CONFLICT_DETECTED	NOT_A_PATIENT_COUNT__NO_CROSS_MEASURE_SUM_EMITTED	DISJOINTNESS_UNVERIFIABLE__NO_participantFlowModule_IN_CACHE
NCT05005273	ctg_results_bor_2022_2026.txt	1	ACTUAL	2	2	4	0			0	0	False	NO_CONFLICT_DETECTED	NOT_A_PATIENT_COUNT__NO_CROSS_MEASURE_SUM_EMITTED	DISJOINTNESS_UNVERIFIABLE__NO_participantFlowModule_IN_CACHE
NCT05954143	ctg_results_bor_2022_2026.txt	11	ACTUAL	2	2	4	4	ctg_results_bor_2022_2026.txt::NCT05954143::outcomeMeasures[0]::groups[OG000]	0	2	8	False	NO_CONFLICT_DETECTED	NOT_A_PATIENT_COUNT__NO_CROSS_MEASURE_SUM_EMITTED	DISJOINTNESS_UNVERIFIABLE__NO_participantFlowModule_IN_CACHE
NCT05164666	ctg_results_bor_2022_2026.txt	2	ACTUAL	1	2	6	1	ctg_results_bor_2022_2026.txt::NCT05164666::outcomeMeasures[3]::groups[OG000]	3	1	1	False	NO_CONFLICT_DETECTED	NOT_A_PATIENT_COUNT__NO_CROSS_MEASURE_SUM_EMITTED	DISJOINTNESS_UNVERIFIABLE__NO_participantFlowModule_IN_CACHE
NCT05534789	ctg_results_bor_2022_2026.txt	106	ACTUAL	0	1	1	104	ctg_results_bor_2022_2026.txt::NCT05534789::outcomeMeasures[9]::groups[OG000]	9	1	104	True	NO_CONFLICT_DETECTED	NOT_A_PATIENT_COUNT__NO_CROSS_MEASURE_SUM_EMITTED	DISJOINTNESS_UNVERIFIABLE__NO_participantFlowModule_IN_CACHE
NCT04893018	ctg_results_bor_2022_2026.txt	8	ACTUAL	1	2	2	5	ctg_results_bor_2022_2026.txt::NCT04893018::outcomeMeasures[1]::groups[OG000]	1	2	7	False	NO_CONFLICT_DETECTED	NOT_A_PATIENT_COUNT__NO_CROSS_MEASURE_SUM_EMITTED	DISJOINTNESS_UNVERIFIABLE__NO_participantFlowModule_IN_CACHE
NCT06024174	ctg_results_bor_2022_2026.txt	5	ACTUAL	3	2	4	0			0	0	False	NO_CONFLICT_DETECTED	NOT_A_PATIENT_COUNT__NO_CROSS_MEASURE_SUM_EMITTED	DISJOINTNESS_UNVERIFIABLE__NO_participantFlowModule_IN_CACHE
NCT07150091	ctg_results_bor_2022_2026.txt	20	ACTUAL	1	2	6	10	ctg_results_bor_2022_2026.txt::NCT07150091::outcomeMeasures[5]::groups[OG000]	5	2	20	False	NO_CONFLICT_DETECTED	NOT_A_PATIENT_COUNT__NO_CROSS_MEASURE_SUM_EMITTED	DISJOINTNESS_UNVERIFIABLE__NO_participantFlowModule_IN_CACHE
NCT05347485	ctg_results_bor_2022_2026.txt	86	ACTUAL	1	1	2	82	ctg_results_bor_2022_2026.txt::NCT05347485::outcomeMeasures[0]::groups[OG000]	0	1	82	False	NO_CONFLICT_DETECTED	NOT_A_PATIENT_COUNT__NO_CROSS_MEASURE_SUM_EMITTED	DISJOINTNESS_UNVERIFIABLE__NO_participantFlowModule_IN_CACHE
NCT05714553	ctg_results_bor_2022_2026.txt	19	ACTUAL	2	2	4	9	ctg_results_bor_2022_2026.txt::NCT05714553::outcomeMeasures[1]::groups[OG000]	1	2	12	False	NO_CONFLICT_DETECTED	NOT_A_PATIENT_COUNT__NO_CROSS_MEASURE_SUM_EMITTED	DISJOINTNESS_UNVERIFIABLE__NO_participantFlowModule_IN_CACHE
NCT05177042	ctg_results_bor_2022_2026.txt	45	ACTUAL	2	1	3	45	ctg_results_bor_2022_2026.txt::NCT05177042::outcomeMeasures[11]::groups[OG000]	11	1	45	False	NO_CONFLICT_DETECTED	NOT_A_PATIENT_COUNT__NO_CROSS_MEASURE_SUM_EMITTED	DISJOINTNESS_UNVERIFIABLE__NO_participantFlowModule_IN_CACHE
NCT05311176	ctg_results_bor_2022_2026.txt	7	ACTUAL	2	1	1	5	ctg_results_bor_2022_2026.txt::NCT05311176::outcomeMeasures[2]::groups[OG000]	2	1	5	False	NO_CONFLICT_DETECTED	NOT_A_PATIENT_COUNT__NO_CROSS_MEASURE_SUM_EMITTED	DISJOINTNESS_UNVERIFIABLE__NO_participantFlowModule_IN_CACHE
NCT06029127	ctg_results_bor_2022_2026.txt	35	ACTUAL	2	2	6	21	ctg_results_bor_2022_2026.txt::NCT06029127::outcomeMeasures[0]::groups[OG000]	0	2	35	False	NO_CONFLICT_DETECTED	NOT_A_PATIENT_COUNT__NO_CROSS_MEASURE_SUM_EMITTED	DISJOINTNESS_UNVERIFIABLE__NO_participantFlowModule_IN_CACHE
NCT06056310	ctg_results_bor_2022_2026.txt	18	ACTUAL	1	1	1	0			0	0	False	NO_CONFLICT_DETECTED	NOT_A_PATIENT_COUNT__NO_CROSS_MEASURE_SUM_EMITTED	DISJOINTNESS_UNVERIFIABLE__NO_participantFlowModule_IN_CACHE
NCT05909904	ctg_results_bor_2022_2026.txt	160	ACTUAL	4	4	12	40	ctg_results_bor_2022_2026.txt::NCT05909904::outcomeMeasures[0]::groups[OG000]	0	4	160	False	NO_CONFLICT_DETECTED	NOT_A_PATIENT_COUNT__NO_CROSS_MEASURE_SUM_EMITTED	DISJOINTNESS_UNVERIFIABLE__NO_participantFlowModule_IN_CACHE
NCT07150104	ctg_results_bor_2022_2026.txt	14	ACTUAL	1	1	3	14	ctg_results_bor_2022_2026.txt::NCT07150104::outcomeMeasures[5]::groups[OG000]	5	1	14	False	NO_CONFLICT_DETECTED	NOT_A_PATIENT_COUNT__NO_CROSS_MEASURE_SUM_EMITTED	DISJOINTNESS_UNVERIFIABLE__NO_participantFlowModule_IN_CACHE
NCT05215951	ctg_results_bor_2022_2026.txt	4	ACTUAL	1	1	1	4	ctg_results_bor_2022_2026.txt::NCT05215951::outcomeMeasures[0]::groups[OG000]	0	1	4	False	NO_CONFLICT_DETECTED	NOT_A_PATIENT_COUNT__NO_CROSS_MEASURE_SUM_EMITTED	DISJOINTNESS_UNVERIFIABLE__NO_participantFlowModule_IN_CACHE
NCT05435339	ctg_results_bor_2022_2026.txt	31	ACTUAL	1	8	16	9	ctg_results_bor_2022_2026.txt::NCT05435339::outcomeMeasures[11]::groups[OG007]	11	8	31	False	NO_CONFLICT_DETECTED	NOT_A_PATIENT_COUNT__NO_CROSS_MEASURE_SUM_EMITTED	DISJOINTNESS_UNVERIFIABLE__NO_participantFlowModule_IN_CACHE
NCT05431777	ctg_results_bor_2022_2026.txt	79	ACTUAL	1	1	1	79	ctg_results_bor_2022_2026.txt::NCT05431777::outcomeMeasures[14]::groups[OG000]	14	1	79	False	NO_CONFLICT_DETECTED	NOT_A_PATIENT_COUNT__NO_CROSS_MEASURE_SUM_EMITTED	DISJOINTNESS_UNVERIFIABLE__NO_participantFlowModule_IN_CACHE
NCT05167409	ctg_results_bor_2022_2026.txt	19	ACTUAL	3	3	9	9	ctg_results_bor_2022_2026.txt::NCT05167409::outcomeMeasures[0]::groups[OG001]	0	3	16	False	NO_CONFLICT_DETECTED	NOT_A_PATIENT_COUNT__NO_CROSS_MEASURE_SUM_EMITTED	DISJOINTNESS_UNVERIFIABLE__NO_participantFlowModule_IN_CACHE
NCT06502977	ctg_results_bor_2022_2026.txt	32	ACTUAL	1	1	1	31	ctg_results_bor_2022_2026.txt::NCT06502977::outcomeMeasures[0]::groups[OG000]	0	1	31	False	NO_CONFLICT_DETECTED	NOT_A_PATIENT_COUNT__NO_CROSS_MEASURE_SUM_EMITTED	DISJOINTNESS_UNVERIFIABLE__NO_participantFlowModule_IN_CACHE
NCT04181333	ctg_results_bor_2022_2026.txt	8	ACTUAL	1	1	1	7	ctg_results_bor_2022_2026.txt::NCT04181333::outcomeMeasures[1]::groups[OG000]	1	1	7	False	NO_CONFLICT_DETECTED	NOT_A_PATIENT_COUNT__NO_CROSS_MEASURE_SUM_EMITTED	DISJOINTNESS_UNVERIFIABLE__NO_participantFlowModule_IN_CACHE
NCT06528093	ctg_results_bor_2022_2026.txt	8	ACTUAL	3	3	6	3	ctg_results_bor_2022_2026.txt::NCT06528093::outcomeMeasures[0]::groups[OG001]	0	3	8	False	NO_CONFLICT_DETECTED	NOT_A_PATIENT_COUNT__NO_CROSS_MEASURE_SUM_EMITTED	DISJOINTNESS_UNVERIFIABLE__NO_participantFlowModule_IN_CACHE
NCT05267106	ctg_results_bor_2022_2026.txt	83	ACTUAL	2	2	8	74	ctg_results_bor_2022_2026.txt::NCT05267106::outcomeMeasures[0]::groups[OG000]	4	2	83	False	NO_CONFLICT_DETECTED	NOT_A_PATIENT_COUNT__NO_CROSS_MEASURE_SUM_EMITTED	DISJOINTNESS_UNVERIFIABLE__NO_participantFlowModule_IN_CACHE
NCT05714345	ctg_results_bor_2022_2026.txt	2	ACTUAL	2	2	4	1	ctg_results_bor_2022_2026.txt::NCT05714345::outcomeMeasures[6]::groups[OG000]	6	2	2	False	NO_CONFLICT_DETECTED	NOT_A_PATIENT_COUNT__NO_CROSS_MEASURE_SUM_EMITTED	DISJOINTNESS_UNVERIFIABLE__NO_participantFlowModule_IN_CACHE
