{
  "_title": "AF2 NR4A3 LBD (AF-Q92570) benchmarked against experimental apo NMR ensemble 8XTT",
  "_method": {
    "pdb": "8XTT",
    "pdb_title": "Nuclear receptor Nor1 ligand binding domain (apo, solution NMR)",
    "af2_model": "AFDB AF-Q92570, LBD 373-626 (UniProt numbering)",
    "n_conformers": 20,
    "n_conformers_processed": 20,
    "alignment": "global BLOSUM62 (Biopython PairwiseAligner), 8XTT chain vs Q92570 LBD",
    "alignment_identity": 1.0,
    "fpocket_site": "pocket whose lining residues most overlap the mapped Pocket-5 residue set",
    "druggable_reference_boundary": 0.53,
    "note": "Per-conformer fpocket druggability of the mapped Pocket-5 site is a DISTRIBUTION across the NMR ensemble; compare to the static AF2 0.495. RMSDs are Ca-only after rigid superposition on the mapped LBD Ca set. Apo NMR ensembles show intrinsic ~1-3 A spread \u2014 RMSD is read against that expectation, not zero."
  },
  "af2_static_pocket5_druggability": 0.495,
  "pocket5_residues_uniprot": [
    406,
    407,
    410,
    411,
    412,
    481,
    484,
    485,
    531,
    534
  ],
  "handles_uniprot": [
    406,
    407,
    410,
    412,
    484,
    531,
    534
  ],
  "mapped_pocket5_8xtt": [
    28,
    29,
    32,
    33,
    34,
    103,
    106,
    107,
    153,
    156
  ],
  "mapped_handles_8xtt": [
    28,
    29,
    32,
    34,
    106,
    153,
    156
  ],
  "per_conformer_druggability_distribution": {
    "n": 20,
    "min": 0.0,
    "median": 0.012,
    "max": 0.925,
    "q1": 0.0055000000000000005,
    "q3": 0.28400000000000003,
    "iqr": 0.2785,
    "mean": 0.19935,
    "frac_ge_threshold": 0.2,
    "threshold": 0.53
  },
  "global_ca_rmsd_distribution": {
    "n": 20,
    "min": 4.8144922801395635,
    "median": 7.633329902865742,
    "max": 10.302670707421692,
    "q1": 6.697535918093223,
    "q3": 8.632672230486866,
    "iqr": 1.9351363123936434,
    "mean": 7.612691615322625,
    "frac_ge_threshold": 1.0,
    "threshold": 0.0
  },
  "pocket_ca_rmsd_distribution": {
    "n": 20,
    "min": 2.2936492180251338,
    "median": 3.559913332708936,
    "max": 4.42795518125439,
    "q1": 3.1751249204345493,
    "q3": 3.746121782121244,
    "iqr": 0.5709968616866945,
    "mean": 3.4623503978785815,
    "frac_ge_threshold": 1.0,
    "threshold": 0.0
  },
  "handle_ca_rmsd_distribution": {
    "n": 20,
    "min": 2.4577254175785104,
    "median": 3.4360356008904094,
    "max": 4.853025706470734,
    "q1": 3.2058594938951006,
    "q3": 3.9193087403167377,
    "iqr": 0.7134492464216371,
    "mean": 3.4951262189997694,
    "frac_ge_threshold": 1.0,
    "threshold": 0.0
  },
  "per_handle_displacement_distribution_uniprot": {
    "406": {
      "n": 20,
      "min": 2.2502730961206994,
      "median": 3.6286266337423623,
      "max": 4.943428013421827,
      "q1": 3.3150509039517932,
      "q3": 3.999867444871475,
      "iqr": 0.6848165409196816,
      "mean": 3.615787156193907,
      "frac_ge_threshold": 1.0,
      "threshold": 0.0
    },
    "407": {
      "n": 20,
      "min": 2.527649719433816,
      "median": 3.881150867868733,
      "max": 5.581950054458477,
      "q1": 3.466406455914514,
      "q3": 4.308902882858576,
      "iqr": 0.8424964269440625,
      "mean": 3.8287824685736056,
      "frac_ge_threshold": 1.0,
      "threshold": 0.0
    },
    "410": {
      "n": 20,
      "min": 1.8972640537043368,
      "median": 3.2497152653620605,
      "max": 4.471803081879908,
      "q1": 2.9682690819365405,
      "q3": 3.6467491695260295,
      "iqr": 0.678480087589489,
      "mean": 3.2710111383524705,
      "frac_ge_threshold": 1.0,
      "threshold": 0.0
    },
    "412": {
      "n": 20,
      "min": 1.1640860416904204,
      "median": 3.8537572804129843,
      "max": 6.525718099233982,
      "q1": 3.3253366805281717,
      "q3": 4.801124390425019,
      "iqr": 1.4757877098968475,
      "mean": 4.00523788873887,
      "frac_ge_threshold": 1.0,
      "threshold": 0.0
    },
    "484": {
      "n": 20,
      "min": 1.2094654309656014,
      "median": 2.0437307499377058,
      "max": 2.8856448098086958,
      "q1": 1.788607498380503,
      "q3": 2.357842515215036,
      "iqr": 0.5692350168345333,
      "mean": 2.068119363253194,
      "frac_ge_threshold": 1.0,
      "threshold": 0.0
    },
    "531": {
      "n": 20,
      "min": 2.1354180023958387,
      "median": 3.8396992393029987,
      "max": 5.255775504728309,
      "q1": 3.3485693241214234,
      "q3": 4.083246402353552,
      "iqr": 0.7346770782321288,
      "mean": 3.7985930946373805,
      "frac_ge_threshold": 1.0,
      "threshold": 0.0
    },
    "534": {
      "n": 20,
      "min": 1.3203718591611926,
      "median": 3.130169415857362,
      "max": 4.63870705933129,
      "q1": 2.8325165354386788,
      "q3": 3.8249699921209768,
      "iqr": 0.992453456682298,
      "mean": 3.236359151816253,
      "frac_ge_threshold": 1.0,
      "threshold": 0.0
    }
  },
  "per_conformer": [
    {
      "model": 1,
      "site_druggability": 0.009,
      "site_pocket": 18,
      "site_overlap_residues": 8,
      "max_druggability": 0.786,
      "global_ca_rmsd": 5.735690028459794,
      "pocket_ca_rmsd": 3.003134809049459,
      "handle_ca_rmsd": 3.347878432670947,
      "handle_displacements_uniprot": {
        "406": 3.333,
        "407": 3.55,
        "410": 3.522,
        "412": 4.708,
        "484": 1.6,
        "531": 3.277,
        "534": 2.623
      }
    },
    {
      "model": 2,
      "site_druggability": 0.925,
      "site_pocket": 1,
      "site_overlap_residues": 8,
      "max_druggability": 0.925,
      "global_ca_rmsd": 6.793287083729778,
      "pocket_ca_rmsd": 3.632708604683754,
      "handle_ca_rmsd": 3.8810922476996654,
      "handle_displacements_uniprot": {
        "406": 3.352,
        "407": 3.709,
        "410": 4.24,
        "412": 5.996,
        "484": 1.965,
        "531": 3.772,
        "534": 2.902
      }
    },
    {
      "model": 3,
      "site_druggability": 0.015,
      "site_pocket": 20,
      "site_overlap_residues": 9,
      "max_druggability": 0.434,
      "global_ca_rmsd": 5.970926201376084,
      "pocket_ca_rmsd": 3.0127726496240554,
      "handle_ca_rmsd": 3.2245700699336965,
      "handle_displacements_uniprot": {
        "406": 3.012,
        "407": 3.295,
        "410": 3.661,
        "412": 4.165,
        "484": 2.098,
        "531": 3.372,
        "534": 2.514
      }
    },
    {
      "model": 4,
      "site_druggability": 0.0,
      "site_pocket": 4,
      "site_overlap_residues": 4,
      "max_druggability": 0.848,
      "global_ca_rmsd": 7.453805354440035,
      "pocket_ca_rmsd": 3.2620030358965373,
      "handle_ca_rmsd": 3.231460424851363,
      "handle_displacements_uniprot": {
        "406": 3.819,
        "407": 3.991,
        "410": 2.611,
        "412": 3.355,
        "484": 1.562,
        "531": 3.692,
        "534": 2.904
      }
    },
    {
      "model": 5,
      "site_druggability": 0.001,
      "site_pocket": 11,
      "site_overlap_residues": 7,
      "max_druggability": 0.846,
      "global_ca_rmsd": 8.13661384476412,
      "pocket_ca_rmsd": 3.884158481453864,
      "handle_ca_rmsd": 4.072408937914579,
      "handle_displacements_uniprot": {
        "406": 4.261,
        "407": 4.7,
        "410": 3.228,
        "412": 4.04,
        "484": 2.832,
        "531": 4.812,
        "534": 4.233
      }
    },
    {
      "model": 6,
      "site_druggability": 0.537,
      "site_pocket": 6,
      "site_overlap_residues": 7,
      "max_druggability": 0.787,
      "global_ca_rmsd": 8.01073133348751,
      "pocket_ca_rmsd": 3.4871180607341183,
      "handle_ca_rmsd": 3.4016546542149033,
      "handle_displacements_uniprot": {
        "406": 4.135,
        "407": 3.977,
        "410": 3.086,
        "412": 3.334,
        "484": 2.031,
        "531": 3.842,
        "534": 2.925
      }
    },
    {
      "model": 7,
      "site_druggability": 0.006,
      "site_pocket": 11,
      "site_overlap_residues": 6,