record_type	nct_id	shard	outcome_measure_index	outcome_measure_title	group_id	group_title	class_index	class_title	category_index	category_title	category_value	category_is_integer	producer_label	producer_kept	class_all_category_sum	reported_denominator	contributing_class_sum	residual_sum_minus_reported	n_contributing_classes	verdict	note	source_pointer
CLASS	NCT01744249	ctg_placebo_onc_2010_2013	1	Objective Response Rate (ORR) (Investigator Assessment)	OG000	Axitinib + Sandostatin LAR	0								126	126	126	0	1	RECOVERABLE	sum of cells 118 != reported denominator 126 (difference -8)	ctg_placebo_onc_2010_2013.txt :: studies[nct=NCT01744249] :: outcomeMeasures[1] :: groups[OG000] :: classes[0]
CATEGORY	NCT01744249	ctg_placebo_onc_2010_2013	1	Objective Response Rate (ORR) (Investigator Assessment)	OG000	Axitinib + Sandostatin LAR	0		0	Complete response	2	yes	CR	yes	126	126	126	0	1	RECOVERABLE		ctg_placebo_onc_2010_2013.txt :: studies[nct=NCT01744249] :: outcomeMeasures[1] :: groups[OG000] :: classes[0] :: categories[0]
CATEGORY	NCT01744249	ctg_placebo_onc_2010_2013	1	Objective Response Rate (ORR) (Investigator Assessment)	OG000	Axitinib + Sandostatin LAR	0		1	Partial response	20	yes	PR	yes	126	126	126	0	1	RECOVERABLE		ctg_placebo_onc_2010_2013.txt :: studies[nct=NCT01744249] :: outcomeMeasures[1] :: groups[OG000] :: classes[0] :: categories[1]
CATEGORY	NCT01744249	ctg_placebo_onc_2010_2013	1	Objective Response Rate (ORR) (Investigator Assessment)	OG000	Axitinib + Sandostatin LAR	0		2	Stable disease	87	yes	SD	yes	126	126	126	0	1	RECOVERABLE		ctg_placebo_onc_2010_2013.txt :: studies[nct=NCT01744249] :: outcomeMeasures[1] :: groups[OG000] :: classes[0] :: categories[2]
CATEGORY	NCT01744249	ctg_placebo_onc_2010_2013	1	Objective Response Rate (ORR) (Investigator Assessment)	OG000	Axitinib + Sandostatin LAR	0		3	Progressive disease	9	yes	PD	yes	126	126	126	0	1	RECOVERABLE		ctg_placebo_onc_2010_2013.txt :: studies[nct=NCT01744249] :: outcomeMeasures[1] :: groups[OG000] :: classes[0] :: categories[3]
CATEGORY	NCT01744249	ctg_placebo_onc_2010_2013	1	Objective Response Rate (ORR) (Investigator Assessment)	OG000	Axitinib + Sandostatin LAR	0		4	Not evaluable	8	yes		dropped	126	126	126	0	1	RECOVERABLE		ctg_placebo_onc_2010_2013.txt :: studies[nct=NCT01744249] :: outcomeMeasures[1] :: groups[OG000] :: classes[0] :: categories[4]
CLASS	NCT01744249	ctg_placebo_onc_2010_2013	1	Objective Response Rate (ORR) (Investigator Assessment)	OG001	Placebo + Sandostatin LAR	0								130	130	130	0	1	RECOVERABLE	sum of cells 127 != reported denominator 130 (difference -3)	ctg_placebo_onc_2010_2013.txt :: studies[nct=NCT01744249] :: outcomeMeasures[1] :: groups[OG001] :: classes[0]
CATEGORY	NCT01744249	ctg_placebo_onc_2010_2013	1	Objective Response Rate (ORR) (Investigator Assessment)	OG001	Placebo + Sandostatin LAR	0		0	Complete response	1	yes	CR	yes	130	130	130	0	1	RECOVERABLE		ctg_placebo_onc_2010_2013.txt :: studies[nct=NCT01744249] :: outcomeMeasures[1] :: groups[OG001] :: classes[0] :: categories[0]
CATEGORY	NCT01744249	ctg_placebo_onc_2010_2013	1	Objective Response Rate (ORR) (Investigator Assessment)	OG001	Placebo + Sandostatin LAR	0		1	Partial response	5	yes	PR	yes	130	130	130	0	1	RECOVERABLE		ctg_placebo_onc_2010_2013.txt :: studies[nct=NCT01744249] :: outcomeMeasures[1] :: groups[OG001] :: classes[0] :: categories[1]
CATEGORY	NCT01744249	ctg_placebo_onc_2010_2013	1	Objective Response Rate (ORR) (Investigator Assessment)	OG001	Placebo + Sandostatin LAR	0		2	Stable disease	96	yes	SD	yes	130	130	130	0	1	RECOVERABLE		ctg_placebo_onc_2010_2013.txt :: studies[nct=NCT01744249] :: outcomeMeasures[1] :: groups[OG001] :: classes[0] :: categories[2]
CATEGORY	NCT01744249	ctg_placebo_onc_2010_2013	1	Objective Response Rate (ORR) (Investigator Assessment)	OG001	Placebo + Sandostatin LAR	0		3	Progressive disease	25	yes	PD	yes	130	130	130	0	1	RECOVERABLE		ctg_placebo_onc_2010_2013.txt :: studies[nct=NCT01744249] :: outcomeMeasures[1] :: groups[OG001] :: classes[0] :: categories[3]
CATEGORY	NCT01744249	ctg_placebo_onc_2010_2013	1	Objective Response Rate (ORR) (Investigator Assessment)	OG001	Placebo + Sandostatin LAR	0		4	Not evaluable	3	yes		dropped	130	130	130	0	1	RECOVERABLE		ctg_placebo_onc_2010_2013.txt :: studies[nct=NCT01744249] :: outcomeMeasures[1] :: groups[OG001] :: classes[0] :: categories[4]
CLASS	NCT01744249	ctg_placebo_onc_2010_2013	5	Objective Response Rate (ORR) (Central Blinded Assessment)	OG000	Axitinib + Sandostatin LAR	0								117	117	117	0	1	RECOVERABLE	sum of cells 114 != reported denominator 117 (difference -3)	ctg_placebo_onc_2010_2013.txt :: studies[nct=NCT01744249] :: outcomeMeasures[5] :: groups[OG000] :: classes[0]
CATEGORY	NCT01744249	ctg_placebo_onc_2010_2013	5	Objective Response Rate (ORR) (Central Blinded Assessment)	OG000	Axitinib + Sandostatin LAR	0		0	Complete response	2	yes	CR	yes	117	117	117	0	1	RECOVERABLE		ctg_placebo_onc_2010_2013.txt :: studies[nct=NCT01744249] :: outcomeMeasures[5] :: groups[OG000] :: classes[0] :: categories[0]
CATEGORY	NCT01744249	ctg_placebo_onc_2010_2013	5	Objective Response Rate (ORR) (Central Blinded Assessment)	OG000	Axitinib + Sandostatin LAR	0		1	Partial response	13	yes	PR	yes	117	117	117	0	1	RECOVERABLE		ctg_placebo_onc_2010_2013.txt :: studies[nct=NCT01744249] :: outcomeMeasures[5] :: groups[OG000] :: classes[0] :: categories[1]
CATEGORY	NCT01744249	ctg_placebo_onc_2010_2013	5	Objective Response Rate (ORR) (Central Blinded Assessment)	OG000	Axitinib + Sandostatin LAR	0		2	Stable disease	98	yes	SD	yes	117	117	117	0	1	RECOVERABLE		ctg_placebo_onc_2010_2013.txt :: studies[nct=NCT01744249] :: outcomeMeasures[5] :: groups[OG000] :: classes[0] :: categories[2]
CATEGORY	NCT01744249	ctg_placebo_onc_2010_2013	5	Objective Response Rate (ORR) (Central Blinded Assessment)	OG000	Axitinib + Sandostatin LAR	0		3	Progressive disease	1	yes	PD	yes	117	117	117	0	1	RECOVERABLE		ctg_placebo_onc_2010_2013.txt :: studies[nct=NCT01744249] :: outcomeMeasures[5] :: groups[OG000] :: classes[0] :: categories[3]
CATEGORY	NCT01744249	ctg_placebo_onc_2010_2013	5	Objective Response Rate (ORR) (Central Blinded Assessment)	OG000	Axitinib + Sandostatin LAR	0		4	Not evaluable	3	yes		dropped	117	117	117	0	1	RECOVERABLE		ctg_placebo_onc_2010_2013.txt :: studies[nct=NCT01744249] :: outcomeMeasures[5] :: groups[OG000] :: classes[0] :: categories[4]
CLASS	NCT01744249	ctg_placebo_onc_2010_2013	5	Objective Response Rate (ORR) (Central Blinded Assessment)	OG001	Placebo + Sandostatin LAR	0								126	126	126	0	1	RECOVERABLE	sum of cells 125 != reported denominator 126 (difference -1)	ctg_placebo_onc_2010_2013.txt :: studies[nct=NCT01744249] :: outcomeMeasures[5] :: groups[OG001] :: classes[0]
CATEGORY	NCT01744249	ctg_placebo_onc_2010_2013	5	Objective Response Rate (ORR) (Central Blinded Assessment)	OG001	Placebo + Sandostatin LAR	0		0	Complete response	0	yes	CR	yes	126	126	126	0	1	RECOVERABLE		ctg_placebo_onc_2010_2013.txt :: studies[nct=NCT01744249] :: outcomeMeasures[5] :: groups[OG001] :: classes[0] :: categories[0]
CATEGORY	NCT01744249	ctg_placebo_onc_2010_2013	5	Objective Response Rate (ORR) (Central Blinded Assessment)	OG001	Placebo + Sandostatin LAR	0		1	Partial response	4	yes	PR	yes	126	126	126	0	1	RECOVERABLE		ctg_placebo_onc_2010_2013.txt :: studies[nct=NCT01744249] :: outcomeMeasures[5] :: groups[OG001] :: classes[0] :: categories[1]
CATEGORY	NCT01744249	ctg_placebo_onc_2010_2013	5	Objective Response Rate (ORR) (Central Blinded Assessment)	OG001	Placebo + Sandostatin LAR	0		2	Stable disease	109	yes	SD	yes	126	126	126	0	1	RECOVERABLE		ctg_placebo_onc_2010_2013.txt :: studies[nct=NCT01744249] :: outcomeMeasures[5] :: groups[OG001] :: classes[0] :: categories[2]
CATEGORY	NCT01744249	ctg_placebo_onc_2010_2013	5	Objective Response Rate (ORR) (Central Blinded Assessment)	OG001	Placebo + Sandostatin LAR	0		3	Progressive disease	12	yes	PD	yes	126	126	126	0	1	RECOVERABLE		ctg_placebo_onc_2010_2013.txt :: studies[nct=NCT01744249] :: outcomeMeasures[5] :: groups[OG001] :: classes[0] :: categories[3]
CATEGORY	NCT01744249	ctg_placebo_onc_2010_2013	5	Objective Response Rate (ORR) (Central Blinded Assessment)	OG001	Placebo + Sandostatin LAR	0		4	Not evaluable	1	yes		dropped	126	126	126	0	1	RECOVERABLE		ctg_placebo_onc_2010_2013.txt :: studies[nct=NCT01744249] :: outcomeMeasures[5] :: groups[OG001] :: classes[0] :: categories[4]
CLASS	NCT00942162	ctg_results_bor_1999_2009	7	Best Overall Response (BOR) by GS	OG000	GSK2132231A GS+ Group	0								71	71	71	0	1	RECOVERABLE_DENOM_ONLY	cross-class overwrite with conflicting values for SD (last class wins)	ctg_results_bor_1999_2009.txt :: studies[nct=NCT00942162] :: outcomeMeasures[7] :: groups[OG000] :: classes[0]
CATEGORY	NCT00942162	ctg_results_bor_1999_2009	7	Best Overall Response (BOR) by GS	OG000	GSK2132231A GS+ Group	0		0	CR	0	yes	CR	yes	71	71	71	0	1	RECOVERABLE_DENOM_ONLY		ctg_results_bor_1999_2009.txt :: studies[nct=NCT00942162] :: outcomeMeasures[7] :: groups[OG000] :: classes[0] :: categories[0]
CATEGORY	NCT00942162	ctg_results_bor_1999_2009	7	Best Overall Response (BOR) by GS	OG000	GSK2132231A GS+ Group	0		1	PR	3	yes	PR	yes	71	71	71	0	1	RECOVERABLE_DENOM_ONLY		ctg_results_bor_1999_2009.txt :: studies[nct=NCT00942162] :: outcomeMeasures[7] :: groups[OG000] :: classes[0] :: categories[1]
CATEGORY	NCT00942162	ctg_results_bor_1999_2009	7	Best Overall Response (BOR) by GS	OG000	GSK2132231A GS+ Group	0		2	SD	11	yes	SD	overwritten	71	71	71	0	1	RECOVERABLE_DENOM_ONLY		ctg_results_bor_1999_2009.txt :: studies[nct=NCT00942162] :: outcomeMeasures[7] :: groups[OG000] :: classes[0] :: categories[2]
CATEGORY	NCT00942162	ctg_results_bor_1999_2009	7	Best Overall Response (BOR) by GS	OG000	GSK2132231A GS+ Group	0		3	SD/ PR	3	yes	SD	yes	71	71	71	0	1	RECOVERABLE_DENOM_ONLY		ctg_results_bor_1999_2009.txt :: studies[nct=NCT00942162] :: outcomeMeasures[7] :: groups[OG000] :: classes[0] :: categories[3]
CATEGORY	NCT00942162	ctg_results_bor_1999_2009	7	Best Overall Response (BOR) by GS	OG000	GSK2132231A GS+ Group	0		4	PD	51	yes	PD	yes	71	71	71	0	1	RECOVERABLE_DENOM_ONLY		ctg_results_bor_1999_2009.txt :: studies[nct=NCT00942162] :: outcomeMeasures[7] :: groups[OG000] :: classes[0] :: categories[4]
CATEGORY	NCT00942162	ctg_results_bor_1999_2009	7	Best Overall Response (BOR) by GS	OG000	GSK2132231A GS+ Group	0		5	NE	3	yes		dropped	71	71	71	0	1	RECOVERABLE_DENOM_ONLY		ctg_results_bor_1999_2009.txt :: studies[nct=NCT00942162] :: outcomeMeasures[7] :: groups[OG000] :: classes[0] :: categories[5]
CATEGORY	NCT00942162	ctg_results_bor_1999_2009	7	Best Overall Response (BOR) by GS	OG000	GSK2132231A GS+ Group	0		6	Missing	0	yes		dropped	71	71	71	0	1	RECOVERABLE_DENOM_ONLY		ctg_results_bor_1999_2009.txt :: studies[nct=NCT00942162] :: outcomeMeasures[7] :: groups[OG000] :: classes[0] :: categories[6]
CLASS	NCT00942162	ctg_results_bor_1999_2009	7	Best Overall Response (BOR) by GS	OG001	GSK2132231A GS- Group	0								50	50	50	0	1	RECOVERABLE_DENOM_ONLY	cross-class overwrite with conflicting values for SD (last class wins)	ctg_results_bor_1999_2009.txt :: studies[nct=NCT00942162] :: outcomeMeasures[7] :: groups[OG001] :: classes[0]
CATEGORY	NCT00942162	ctg_results_bor_1999_2009	7	Best Overall Response (BOR) by GS	OG001	GSK2132231A GS- Group	0		0	CR	1	yes	CR	yes	50	50	50	0	1	RECOVERABLE_DENOM_ONLY		ctg_results_bor_1999_2009.txt :: studies[nct=NCT00942162] :: outcomeMeasures[7] :: groups[OG001] :: classes[0] :: categories[0]
CATEGORY	NCT00942162	ctg_results_bor_1999_2009	7	Best Overall Response (BOR) by GS	OG001	GSK2132231A GS- Group	0		1	PR	0	yes	PR	yes	50	50	50	0	1	RECOVERABLE_DENOM_ONLY		ctg_results_bor_1999_2009.txt :: studies[nct=NCT00942162] :: outcomeMeasures[7] :: groups[OG001] :: classes[0] :: categories[1]
CATEGORY	NCT00942162	ctg_results_bor_1999_2009	7	Best Overall Response (BOR) by GS	OG001	GSK2132231A GS- Group	0		2	SD	4	yes	SD	overwritten	50	50	50	0	1	RECOVERABLE_DENOM_ONLY		ctg_results_bor_1999_2009.txt :: studies[nct=NCT00942162] :: outcomeMeasures[7] :: groups[OG001] :: classes[0] :: categories[2]
CATEGORY	NCT00942162	ctg_results_bor_1999_2009	7	Best Overall Response (BOR) by GS	OG001	GSK2132231A GS- Group	0		3	SD/ PR	0	yes	SD	yes	50	50	50	0	1	RECOVERABLE_DENOM_ONLY		ctg_results_bor_1999_2009.txt :: studies[nct=NCT00942162] :: outcomeMeasures[7] :: groups[OG001] :: classes[0] :: categories[3]
CATEGORY	NCT00942162	ctg_results_bor_1999_2009	7	Best Overall Response (BOR) by GS	OG001	GSK2132231A GS- Group	0		4	PD	44	yes	PD	yes	50	50	50	0	1	RECOVERABLE_DENOM_ONLY		ctg_results_bor_1999_2009.txt :: studies[nct=NCT00942162] :: outcomeMeasures[7] :: groups[OG001] :: classes[0] :: categories[4]
CATEGORY	NCT00942162	ctg_results_bor_1999_2009	7	Best Overall Response (BOR) by GS	OG001	GSK2132231A GS- Group	0		5	NE	1	yes		dropped	50	50	50	0	1	RECOVERABLE_DENOM_ONLY		ctg_results_bor_1999_2009.txt :: studies[nct=NCT00942162] :: outcomeMeasures[7] :: groups[OG001] :: classes[0] :: categories[5]
CATEGORY	NCT00942162	ctg_results_bor_1999_2009	7	Best Overall Response (BOR) by GS	OG001	GSK2132231A GS- Group	0		6	Missing	0	yes		dropped	50	50	50	0	1	RECOVERABLE_DENOM_ONLY		ctg_results_bor_1999_2009.txt :: studies[nct=NCT00942162] :: outcomeMeasures[7] :: groups[OG001] :: classes[0] :: categories[6]
CLASS	NCT00942162	ctg_results_bor_1999_2009	7	Best Overall Response (BOR) by GS	OG002	GSK2132231A GS-unknown Group	0								2	2	2	0	1	RECOVERABLE	repeated cross-class assignment (values agreed) for SD	ctg_results_bor_1999_2009.txt :: studies[nct=NCT00942162] :: outcomeMeasures[7] :: groups[OG002] :: classes[0]
CATEGORY	NCT00942162	ctg_results_bor_1999_2009	7	Best Overall Response (BOR) by GS	OG002	GSK2132231A GS-unknown Group	0		0	CR	0	yes	CR	yes	2	2	2	0	1	RECOVERABLE		ctg_results_bor_1999_2009.txt :: studies[nct=NCT00942162] :: outcomeMeasures[7] :: groups[OG002] :: classes[0] :: categories[0]
CATEGORY	NCT00942162	ctg_results_bor_1999_2009	7	Best Overall Response (BOR) by GS	OG002	GSK2132231A GS-unknown Group	0		1	PR	0	yes	PR	yes	2	2	2	0	1	RECOVERABLE		ctg_results_bor_1999_2009.txt :: studies[nct=NCT00942162] :: outcomeMeasures[7] :: groups[OG002] :: classes[0] :: categories[1]
CATEGORY	NCT00942162	ctg_results_bor_1999_2009	7	Best Overall Response (BOR) by GS	OG002	GSK2132231A GS-unknown Group	0		2	SD	0	yes	SD	overwritten	2	2	2	0	1	RECOVERABLE		ctg_results_bor_1999_2009.txt :: studies[nct=NCT00942162] :: outcomeMeasures[7] :: groups[OG002] :: classes[0] :: categories[2]
CATEGORY	NCT00942162	ctg_results_bor_1999_2009	7	Best Overall Response (BOR) by GS	OG002	GSK2132231A GS-unknown Group	0		3	SD/ PR	0	yes	SD	yes	2	2	2	0	1	RECOVERABLE		ctg_results_bor_1999_2009.txt :: studies[nct=NCT00942162] :: outcomeMeasures[7] :: groups[OG002] :: classes[0] :: categories[3]
CATEGORY	NCT00942162	ctg_results_bor_1999_2009	7	Best Overall Response (BOR) by GS	OG002	GSK2132231A GS-unknown Group	0		4	PD	2	yes	PD	yes	2	2	2	0	1	RECOVERABLE		ctg_results_bor_1999_2009.txt :: studies[nct=NCT00942162] :: outcomeMeasures[7] :: groups[OG002] :: classes[0] :: categories[4]
CATEGORY	NCT00942162	ctg_results_bor_1999_2009	7	Best Overall Response (BOR) by GS	OG002	GSK2132231A GS-unknown Group	0		5	NE	0	yes		dropped	2	2	2	0	1	RECOVERABLE		ctg_results_bor_1999_2009.txt :: studies[nct=NCT00942162] :: outcomeMeasures[7] :: groups[OG002] :: classes[0] :: categories[5]
CATEGORY	NCT00942162	ctg_results_bor_1999_2009	7	Best Overall Response (BOR) by GS	OG002	GSK2132231A GS-unknown Group	0		6	Missing	0	yes		dropped	2	2	2	0	1	RECOVERABLE		ctg_results_bor_1999_2009.txt :: studies[nct=NCT00942162] :: outcomeMeasures[7] :: groups[OG002] :: classes[0] :: categories[6]
CLASS	NCT00654238	ctg_results_bor_1999_2009	0	To Determine the Efficacy (Best Response) of BAY 43-9006 (Objective Response Rate and Stable Disease) in Patients With Metastatic Thyroid Carcinoma.	OG000	Sorafenib	0	Differentiated							44	55	55	0	4	RECOVERABLE_DENOM_ONLY	cross-class overwrite with conflicting values for PD,PR,SD (last class wins) ; cells drawn from 4 different classes (Differentiated; Poorly Differenitated; Medullary; Anaplastic)	ctg_results_bor_1999_2009.txt :: studies[nct=NCT00654238] :: outcomeMeasures[0] :: groups[OG000] :: classes[0]
CATEGORY	NCT00654238	ctg_results_bor_1999_2009	0	To Determine the Efficacy (Best Response) of BAY 43-9006 (Objective Response Rate and Stable Disease) in Patients With Metastatic Thyroid Carcinoma.	OG000	Sorafenib	0	Differentiated	0	Complete Response	0	yes	CR	overwritten	44	55	55	0	4	RECOVERABLE_DENOM_ONLY		ctg_results_bor_1999_2009.txt :: studies[nct=NCT00654238] :: outcomeMeasures[0] :: groups[OG000] :: classes[0] :: categories[0]
CATEGORY	NCT00654238	ctg_results_bor_1999_2009	0	To Determine the Efficacy (Best Response) of BAY 43-9006 (Objective Response Rate and Stable Disease) in Patients With Metastatic Thyroid Carcinoma.	OG000	Sorafenib	0	Differentiated	1	Partial response	16	yes	PR	overwritten	44	55	55	0	4	RECOVERABLE_DENOM_ONLY		ctg_results_bor_1999_2009.txt :: studies[nct=NCT00654238] :: outcomeMeasures[0] :: groups[OG000] :: classes[0] :: categories[1]
CATEGORY	NCT00654238	ctg_results_bor_1999_2009	0	To Determine the Efficacy (Best Response) of BAY 43-9006 (Objective Response Rate and Stable Disease) in Patients With Metastatic Thyroid Carcinoma.	OG000	Sorafenib	0	Differentiated	2	Stable Disease	22	yes	SD	overwritten	44	55	55	0	4	RECOVERABLE_DENOM_ONLY		ctg_results_bor_1999_2009.txt :: studies[nct=NCT00654238] :: outcomeMeasures[0] :: groups[OG000] :: classes[0] :: categories[2]
CATEGORY	NCT00654238	ctg_results_bor_1999_2009	0	To Determine the Efficacy (Best Response) of BAY 43-9006 (Objective Response Rate and Stable Disease) in Patients With Metastatic Thyroid Carcinoma.	OG000	Sorafenib	0	Differentiated	3	Progressive Disease	1	yes	PD	overwritten	44	55	55	0	4	RECOVERABLE_DENOM_ONLY		ctg_results_bor_1999_2009.txt :: studies[nct=NCT00654238] :: outcomeMeasures[0] :: groups[OG000] :: classes[0] :: categories[3]
CATEGORY	NCT00654238	ctg_results_bor_1999_2009	0	To Determine the Efficacy (Best Response) of BAY 43-9006 (Objective Response Rate and Stable Disease) in Patients With Metastatic Thyroid Carcinoma.	OG000	Sorafenib	0	Differentiated	4	Not Evaluable for Response	5	yes		dropped	44	55	55	0	4	RECOVERABLE_DENOM_ONLY		ctg_results_bor_1999_2009.txt :: studies[nct=NCT00654238] :: outcomeMeasures[0] :: groups[OG000] :: classes[0] :: categories[4]
CLASS	NCT00654238	ctg_results_bor_1999_2009	0	To Determine the Efficacy (Best Response) of BAY 43-9006 (Objective Response Rate and Stable Disease) in Patients With Metastatic Thyroid Carcinoma.	OG000	Sorafenib	1	Poorly Differenitated							6	55	55	0	4	RECOVERABLE_DENOM_ONLY	cross-class overwrite with conflicting values for PD,PR,SD (last class wins) ; cells drawn from 4 different classes (Differentiated; Poorly Differenitated; Medullary; Anaplastic)	ctg_results_bor_1999_2009.txt :: studies[nct=NCT00654238] :: outcomeMeasures[0] :: groups[OG000] :: classes[1]
CATEGORY	NCT00654238	ctg_results_bor_1999_2009	0	To Determine the Efficacy (Best Response) of BAY 43-9006 (Objective Response Rate and Stable Disease) in Patients With Metastatic Thyroid Carcinoma.	OG000	Sorafenib	1	Poorly Differenitated	0	Complete Response	0	yes	CR	overwritten	6	55	55	0	4	RECOVERABLE_DENOM_ONLY		ctg_results_bor_1999_2009.txt :: studies[nct=NCT00654238] :: outcomeMeasures[0] :: groups[OG000] :: classes[1] :: categories[0]
CATEGORY	NCT00654238	ctg_results_bor_1999_2009	0	To Determine the Efficacy (Best Response) of BAY 43-9006 (Objective Response Rate and Stable Disease) in Patients With Metastatic Thyroid Carcinoma.	OG000	Sorafenib	1	Poorly Differenitated	1	Partial response	2	yes	PR	overwritten	6	55	55	0	4	RECOVERABLE_DENOM_ONLY		ctg_results_bor_1999_2009.txt :: studies[nct=NCT00654238] :: outcomeMeasures[0] :: groups[OG000] :: classes[1] :: categories[1]
CATEGORY	NCT00654238	ctg_results_bor_1999_2009	0	To Determine the Efficacy (Best Response) of BAY 43-9006 (Objective Response Rate and Stable Disease) in Patients With Metastatic Thyroid Carcinoma.	OG000	Sorafenib	1	Poorly Differenitated	2	Stable Disease	1	yes	SD	overwritten	6	55	55	0	4	RECOVERABLE_DENOM_ONLY		ctg_results_bor_1999_2009.txt :: studies[nct=NCT00654238] :: outcomeMeasures[0] :: groups[OG000] :: classes[1] :: categories[2]
CATEGORY	NCT00654238	ctg_results_bor_1999_2009	0	To Determine the Efficacy (Best Response) of BAY 43-9006 (Objective Response Rate and Stable Disease) in Patients With Metastatic Thyroid Carcinoma.	OG000	Sorafenib	1	Poorly Differenitated	3	Progressive Disease	1	yes	PD	overwritten	6	55	55	0	4	RECOVERABLE_DENOM_ONLY		ctg_results_bor_1999_2009.txt :: studies[nct=NCT00654238] :: outcomeMeasures[0] :: groups[OG000] :: classes[1] :: categories[3]
CATEGORY	NCT00654238	ctg_results_bor_1999_2009	0	To Determine the Efficacy (Best Response) of BAY 43-9006 (Objective Response Rate and Stable Disease) in Patients With Metastatic Thyroid Carcinoma.	OG000	Sorafenib	1	Poorly Differenitated	4	Not Evaluable for Response	2	yes		dropped	6	55	55	0	4	RECOVERABLE_DENOM_ONLY		ctg_results_bor_1999_2009.txt :: studies[nct=NCT00654238] :: outcomeMeasures[0] :: groups[OG000] :: classes[1] :: categories[4]
CLASS	NCT00654238	ctg_results_bor_1999_2009	0	To Determine the Efficacy (Best Response) of BAY 43-9006 (Objective Response Rate and Stable Disease) in Patients With Metastatic Thyroid Carcinoma.	OG000	Sorafenib	2	Medullary							3	55	55	0	4	RECOVERABLE_DENOM_ONLY	cross-class overwrite with conflicting values for PD,PR,SD (last class wins) ; cells drawn from 4 different classes (Differentiated; Poorly Differenitated; Medullary; Anaplastic)	ctg_results_bor_1999_2009.txt :: studies[nct=NCT00654238] :: outcomeMeasures[0] :: groups[OG000] :: classes[2]
CATEGORY	NCT00654238	ctg_results_bor_1999_2009	0	To Determine the Efficacy (Best Response) of BAY 43-9006 (Objective Response Rate and Stable Disease) in Patients With Metastatic Thyroid Carcinoma.	OG000	Sorafenib	2	Medullary	0	Complete Response	0	yes	CR	overwritten	3	55	55	0	4	RECOVERABLE_DENOM_ONLY		ctg_results_bor_1999_2009.txt :: studies[nct=NCT00654238] :: outcomeMeasures[0] :: groups[OG000] :: classes[2] :: categories[0]
CATEGORY	NCT00654238	ctg_results_bor_1999_2009	0	To Determine the Efficacy (Best Response) of BAY 43-9006 (Objective Response Rate and Stable Disease) in Patients With Metastatic Thyroid Carcinoma.	OG000	Sorafenib	2	Medullary	1	Partial response	1	yes	PR	overwritten	3	55	55	0	4	RECOVERABLE_DENOM_ONLY		ctg_results_bor_1999_2009.txt :: studies[nct=NCT00654238] :: outcomeMeasures[0] :: groups[OG000] :: classes[2] :: categories[1]
CATEGORY	NCT00654238	ctg_results_bor_1999_2009	0	To Determine the Efficacy (Best Response) of BAY 43-9006 (Objective Response Rate and Stable Disease) in Patients With Metastatic Thyroid Carcinoma.	OG000	Sorafenib	2	Medullary	2	Stable Disease	2	yes	SD	overwritten	3	55	55	0	4	RECOVERABLE_DENOM_ONLY		ctg_results_bor_1999_2009.txt :: studies[nct=NCT00654238] :: outcomeMeasures[0] :: groups[OG000] :: classes[2] :: categories[2]
CATEGORY	NCT00654238	ctg_results_bor_1999_2009	0	To Determine the Efficacy (Best Response) of BAY 43-9006 (Objective Response Rate and Stable Disease) in Patients With Metastatic Thyroid Carcinoma.	OG000	Sorafenib	2	Medullary	3	Progressive Disease	0	yes	PD	overwritten	3	55	55	0	4	RECOVERABLE_DENOM_ONLY		ctg_results_bor_1999_2009.txt :: studies[nct=NCT00654238] :: outcomeMeasures[0] :: groups[OG000] :: classes[2] :: categories[3]
CATEGORY	NCT00654238	ctg_results_bor_1999_2009	0	To Determine the Efficacy (Best Response) of BAY 43-9006 (Objective Response Rate and Stable Disease) in Patients With Metastatic Thyroid Carcinoma.	OG000	Sorafenib	2	Medullary	4	Not Evaluable for Response	0	yes		dropped	3	55	55	0	4	RECOVERABLE_DENOM_ONLY		ctg_results_bor_1999_2009.txt :: studies[nct=NCT00654238] :: outcomeMeasures[0] :: groups[OG000] :: classes[2] :: categories[4]
CLASS	NCT00654238	ctg_results_bor_1999_2009	0	To Determine the Efficacy (Best Response) of BAY 43-9006 (Objective Response Rate and Stable Disease) in Patients With Metastatic Thyroid Carcinoma.	OG000	Sorafenib	3	Anaplastic							2	55	55	0	4	RECOVERABLE_DENOM_ONLY	cross-class overwrite with conflicting values for PD,PR,SD (last class wins) ; cells drawn from 4 different classes (Differentiated; Poorly Differenitated; Medullary; Anaplastic)	ctg_results_bor_1999_2009.txt :: studies[nct=NCT00654238] :: outcomeMeasures[0] :: groups[OG000] :: classes[3]
CATEGORY	NCT00654238	ctg_results_bor_1999_2009	0	To Determine the Efficacy (Best Response) of BAY 43-9006 (Objective Response Rate and Stable Disease) in Patients With Metastatic Thyroid Carcinoma.	OG000	Sorafenib	3	Anaplastic	0	Complete Response	0	yes	CR	yes	2	55	55	0	4	RECOVERABLE_DENOM_ONLY		ctg_results_bor_1999_2009.txt :: studies[nct=NCT00654238] :: outcomeMeasures[0] :: groups[OG000] :: classes[3] :: categories[0]
CATEGORY	NCT00654238	ctg_results_bor_1999_2009	0	To Determine the Efficacy (Best Response) of BAY 43-9006 (Objective Response Rate and Stable Disease) in Patients With Metastatic Thyroid Carcinoma.	OG000	Sorafenib	3	Anaplastic	1	Partial response	0	yes	PR	yes	2	55	55	0	4	RECOVERABLE_DENOM_ONLY		ctg_results_bor_1999_2009.txt :: studies[nct=NCT00654238] :: outcomeMeasures[0] :: groups[OG000] :: classes[3] :: categories[1]
CATEGORY	NCT00654238	ctg_results_bor_1999_2009	0	To Determine the Efficacy (Best Response) of BAY 43-9006 (Objective Response Rate and Stable Disease) in Patients With Metastatic Thyroid Carcinoma.	OG000	Sorafenib	3	Anaplastic	2	Stable Disease	0	yes	SD	yes	2	55	55	0	4	RECOVERABLE_DENOM_ONLY		ctg_results_bor_1999_2009.txt :: studies[nct=NCT00654238] :: outcomeMeasures[0] :: groups[OG000] :: classes[3] :: categories[2]
CATEGORY	NCT00654238	ctg_results_bor_1999_2009	0	To Determine the Efficacy (Best Response) of BAY 43-9006 (Objective Response Rate and Stable Disease) in Patients With Metastatic Thyroid Carcinoma.	OG000	Sorafenib	3	Anaplastic	3	Progressive Disease	1	yes	PD	yes	2	55	55	0	4	RECOVERABLE_DENOM_ONLY		ctg_results_bor_1999_2009.txt :: studies[nct=NCT00654238] :: outcomeMeasures[0] :: groups[OG000] :: classes[3] :: categories[3]
CATEGORY	NCT00654238	ctg_results_bor_1999_2009	0	To Determine the Efficacy (Best Response) of BAY 43-9006 (Objective Response Rate and Stable Disease) in Patients With Metastatic Thyroid Carcinoma.	OG000	Sorafenib	3	Anaplastic	4	Not Evaluable for Response	1	yes		dropped	2	55	55	0	4	RECOVERABLE_DENOM_ONLY		ctg_results_bor_1999_2009.txt :: studies[nct=NCT00654238] :: outcomeMeasures[0] :: groups[OG000] :: classes[3] :: categories[4]
CLASS	NCT01648764	ctg_results_bor_1999_2009	5	Number of Participants With Best Overall Response (BOR)	OG005	90 mg LY - Arm A Dose Escalation	0								5	5	5	0	1	RECOVERABLE	sum of cells 2 != reported denominator 5 (difference -3)	ctg_results_bor_1999_2009.txt :: studies[nct=NCT01648764] :: outcomeMeasures[5] :: groups[OG005] :: classes[0]
CATEGORY	NCT01648764	ctg_results_bor_1999_2009	5	Number of Participants With Best Overall Response (BOR)	OG005	90 mg LY - Arm A Dose Escalation	0		0	Complete Response	0	yes	CR	yes	5	5	5	0	1	RECOVERABLE		ctg_results_bor_1999_2009.txt :: studies[nct=NCT01648764] :: outcomeMeasures[5] :: groups[OG005] :: classes[0] :: categories[0]
CATEGORY	NCT01648764	ctg_results_bor_1999_2009	5	Number of Participants With Best Overall Response (BOR)	OG005	90 mg LY - Arm A Dose Escalation	0		1	Partial Response	0	yes	PR	yes	5	5	5	0	1	RECOVERABLE		ctg_results_bor_1999_2009.txt :: studies[nct=NCT01648764] :: outcomeMeasures[5] :: groups[OG005] :: classes[0] :: categories[1]
CATEGORY	NCT01648764	ctg_results_bor_1999_2009	5	Number of Participants With Best Overall Response (BOR)	OG005	90 mg LY - Arm A Dose Escalation	0		2	Stable Disease	0	yes	SD	yes	5	5	5	0	1	RECOVERABLE		ctg_results_bor_1999_2009.txt :: studies[nct=NCT01648764] :: outcomeMeasures[5] :: groups[OG005] :: classes[0] :: categories[2]
CATEGORY	NCT01648764	ctg_results_bor_1999_2009	5	Number of Participants With Best Overall Response (BOR)	OG005	90 mg LY - Arm A Dose Escalation	0		3	Progressive Disease	2	yes	PD	yes	5	5	5	0	1	RECOVERABLE		ctg_results_bor_1999_2009.txt :: studies[nct=NCT01648764] :: outcomeMeasures[5] :: groups[OG005] :: classes[0] :: categories[3]
CATEGORY	NCT01648764	ctg_results_bor_1999_2009	5	Number of Participants With Best Overall Response (BOR)	OG005	90 mg LY - Arm A Dose Escalation	0		4	Unknown	3	yes		dropped	5	5	5	0	1	RECOVERABLE		ctg_results_bor_1999_2009.txt :: studies[nct=NCT01648764] :: outcomeMeasures[5] :: groups[OG005] :: classes[0] :: categories[4]
CLASS	NCT01648764	ctg_results_bor_1999_2009	5	Number of Participants With Best Overall Response (BOR)	OG006	100 mg LY - Arm A Dose Escalation	0								9	9	9	0	1	RECOVERABLE	sum of cells 5 != reported denominator 9 (difference -4)	ctg_results_bor_1999_2009.txt :: studies[nct=NCT01648764] :: outcomeMeasures[5] :: groups[OG006] :: classes[0]
CATEGORY	NCT01648764	ctg_results_bor_1999_2009	5	Number of Participants With Best Overall Response (BOR)	OG006	100 mg LY - Arm A Dose Escalation	0		0	Complete Response	0	yes	CR	yes	9	9	9	0	1	RECOVERABLE		ctg_results_bor_1999_2009.txt :: studies[nct=NCT01648764] :: outcomeMeasures[5] :: groups[OG006] :: classes[0] :: categories[0]
CATEGORY	NCT01648764	ctg_results_bor_1999_2009	5	Number of Participants With Best Overall Response (BOR)	OG006	100 mg LY - Arm A Dose Escalation	0		1	Partial Response	0	yes	PR	yes	9	9	9	0	1	RECOVERABLE		ctg_results_bor_1999_2009.txt :: studies[nct=NCT01648764] :: outcomeMeasures[5] :: groups[OG006] :: classes[0] :: categories[1]
CATEGORY	NCT01648764	ctg_results_bor_1999_2009	5	Number of Participants With Best Overall Response (BOR)	OG006	100 mg LY - Arm A Dose Escalation	0		2	Stable Disease	1	yes	SD	yes	9	9	9	0	1	RECOVERABLE		ctg_results_bor_1999_2009.txt :: studies[nct=NCT01648764] :: outcomeMeasures[5] :: groups[OG006] :: classes[0] :: categories[2]
CATEGORY	NCT01648764	ctg_results_bor_1999_2009	5	Number of Participants With Best Overall Response (BOR)	OG006	100 mg LY - Arm A Dose Escalation	0		3	Progressive Disease	4	yes	PD	yes	9	9	9	0	1	RECOVERABLE		ctg_results_bor_1999_2009.txt :: studies[nct=NCT01648764] :: outcomeMeasures[5] :: groups[OG006] :: classes[0] :: categories[3]
CATEGORY	NCT01648764	ctg_results_bor_1999_2009	5	Number of Participants With Best Overall Response (BOR)	OG006	100 mg LY - Arm A Dose Escalation	0		4	Unknown	4	yes		dropped	9	9	9	0	1	RECOVERABLE		ctg_results_bor_1999_2009.txt :: studies[nct=NCT01648764] :: outcomeMeasures[5] :: groups[OG006] :: classes[0] :: categories[4]
CLASS	NCT01648764	ctg_results_bor_1999_2009	5	Number of Participants With Best Overall Response (BOR)	OG009	60 mg LY - Arm B Dose Escalation	0								7	7	7	0	1	RECOVERABLE	sum of cells 5 != reported denominator 7 (difference -2)	ctg_results_bor_1999_2009.txt :: studies[nct=NCT01648764] :: outcomeMeasures[5] :: groups[OG009] :: classes[0]
CATEGORY	NCT01648764	ctg_results_bor_1999_2009	5	Number of Participants With Best Overall Response (BOR)	OG009	60 mg LY - Arm B Dose Escalation	0		0	Complete Response	0	yes	CR	yes	7	7	7	0	1	RECOVERABLE		ctg_results_bor_1999_2009.txt :: studies[nct=NCT01648764] :: outcomeMeasures[5] :: groups[OG009] :: classes[0] :: categories[0]
CATEGORY	NCT01648764	ctg_results_bor_1999_2009	5	Number of Participants With Best Overall Response (BOR)	OG009	60 mg LY - Arm B Dose Escalation	0		1	Partial Response	0	yes	PR	yes	7	7	7	0	1	RECOVERABLE		ctg_results_bor_1999_2009.txt :: studies[nct=NCT01648764] :: outcomeMeasures[5] :: groups[OG009] :: classes[0] :: categories[1]
CATEGORY	NCT01648764	ctg_results_bor_1999_2009	5	Number of Participants With Best Overall Response (BOR)	OG009	60 mg LY - Arm B Dose Escalation	0		2	Stable Disease	2	yes	SD	yes	7	7	7	0	1	RECOVERABLE		ctg_results_bor_1999_2009.txt :: studies[nct=NCT01648764] :: outcomeMeasures[5] :: groups[OG009] :: classes[0] :: categories[2]
CATEGORY	NCT01648764	ctg_results_bor_1999_2009	5	Number of Participants With Best Overall Response (BOR)	OG009	60 mg LY - Arm B Dose Escalation	0		3	Progressive Disease	3	yes	PD	yes	7	7	7	0	1	RECOVERABLE		ctg_results_bor_1999_2009.txt :: studies[nct=NCT01648764] :: outcomeMeasures[5] :: groups[OG009] :: classes[0] :: categories[3]
CATEGORY	NCT01648764	ctg_results_bor_1999_2009	5	Number of Participants With Best Overall Response (BOR)	OG009	60 mg LY - Arm B Dose Escalation	0		4	Unknown	2	yes		dropped	7	7	7	0	1	RECOVERABLE		ctg_results_bor_1999_2009.txt :: studies[nct=NCT01648764] :: outcomeMeasures[5] :: groups[OG009] :: classes[0] :: categories[4]
CLASS	NCT01648764	ctg_results_bor_1999_2009	5	Number of Participants With Best Overall Response (BOR)	OG011	80 mg LY - Arm B Dose Escalation	0								9	9	9	0	1	RECOVERABLE	sum of cells 3 != reported denominator 9 (difference -6)	ctg_results_bor_1999_2009.txt :: studies[nct=NCT01648764] :: outcomeMeasures[5] :: groups[OG011] :: classes[0]
CATEGORY	NCT01648764	ctg_results_bor_1999_2009	5	Number of Participants With Best Overall Response (BOR)	OG011	80 mg LY - Arm B Dose Escalation	0		0	Complete Response	0	yes	CR	yes	9	9	9	0	1	RECOVERABLE		ctg_results_bor_1999_2009.txt :: studies[nct=NCT01648764] :: outcomeMeasures[5] :: groups[OG011] :: classes[0] :: categories[0]
CATEGORY	NCT01648764	ctg_results_bor_1999_2009	5	Number of Participants With Best Overall Response (BOR)	OG011	80 mg LY - Arm B Dose Escalation	0		1	Partial Response	0	yes	PR	yes	9	9	9	0	1	RECOVERABLE		ctg_results_bor_1999_2009.txt :: studies[nct=NCT01648764] :: outcomeMeasures[5] :: groups[OG011] :: classes[0] :: categories[1]
CATEGORY	NCT01648764	ctg_results_bor_1999_2009	5	Number of Participants With Best Overall Response (BOR)	OG011	80 mg LY - Arm B Dose Escalation	0		2	Stable Disease	0	yes	SD	yes	9	9	9	0	1	RECOVERABLE		ctg_results_bor_1999_2009.txt :: studies[nct=NCT01648764] :: outcomeMeasures[5] :: groups[OG011] :: classes[0] :: categories[2]
CATEGORY	NCT01648764	ctg_results_bor_1999_2009	5	Number of Participants With Best Overall Response (BOR)	OG011	80 mg LY - Arm B Dose Escalation	0		3	Progressive Disease	3	yes	PD	yes	9	9	9	0	1	RECOVERABLE		ctg_results_bor_1999_2009.txt :: studies[nct=NCT01648764] :: outcomeMeasures[5] :: groups[OG011] :: classes[0] :: categories[3]
CATEGORY	NCT01648764	ctg_results_bor_1999_2009	5	Number of Participants With Best Overall Response (BOR)	OG011	80 mg LY - Arm B Dose Escalation	0		4	Unknown	6	yes		dropped	9	9	9	0	1	RECOVERABLE		ctg_results_bor_1999_2009.txt :: studies[nct=NCT01648764] :: outcomeMeasures[5] :: groups[OG011] :: classes[0] :: categories[4]
CLASS	NCT01648764	ctg_results_bor_1999_2009	5	Number of Participants With Best Overall Response (BOR)	OG012	90 mg LY - Arm B Dose Escalation	0								7	7	7	0	1	RECOVERABLE	sum of cells 4 != reported denominator 7 (difference -3)	ctg_results_bor_1999_2009.txt :: studies[nct=NCT01648764] :: outcomeMeasures[5] :: groups[OG012] :: classes[0]
CATEGORY	NCT01648764	ctg_results_bor_1999_2009	5	Number of Participants With Best Overall Response (BOR)	OG012	90 mg LY - Arm B Dose Escalation	0		0	Complete Response	0	yes	CR	yes	7	7	7	0	1	RECOVERABLE		ctg_results_bor_1999_2009.txt :: studies[nct=NCT01648764] :: outcomeMeasures[5] :: groups[OG012] :: classes[0] :: categories[0]
CATEGORY	NCT01648764	ctg_results_bor_1999_2009	5	Number of Participants With Best Overall Response (BOR)	OG012	90 mg LY - Arm B Dose Escalation	0		1	Partial Response	0	yes	PR	yes	7	7	7	0	1	RECOVERABLE		ctg_results_bor_1999_2009.txt :: studies[nct=NCT01648764] :: outcomeMeasures[5] :: groups[OG012] :: classes[0] :: categories[1]
CATEGORY	NCT01648764	ctg_results_bor_1999_2009	5	Number of Participants With Best Overall Response (BOR)	OG012	90 mg LY - Arm B Dose Escalation	0		2	Stable Disease	0	yes	SD	yes	7	7	7	0	1	RECOVERABLE		ctg_results_bor_1999_2009.txt :: studies[nct=NCT01648764] :: outcomeMeasures[5] :: groups[OG012] :: classes[0] :: categories[2]
CATEGORY	NCT01648764	ctg_results_bor_1999_2009	5	Number of Participants With Best Overall Response (BOR)	OG012	90 mg LY - Arm B Dose Escalation	0		3	Progressive Disease	4	yes	PD	yes	7	7	7	0	1	RECOVERABLE		ctg_results_bor_1999_2009.txt :: studies[nct=NCT01648764] :: outcomeMeasures[5] :: groups[OG012] :: classes[0] :: categories[3]
CATEGORY	NCT01648764	ctg_results_bor_1999_2009	5	Number of Participants With Best Overall Response (BOR)	OG012	90 mg LY - Arm B Dose Escalation	0		4	Unknown	3	yes		dropped	7	7	7	0	1	RECOVERABLE		ctg_results_bor_1999_2009.txt :: studies[nct=NCT01648764] :: outcomeMeasures[5] :: groups[OG012] :: classes[0] :: categories[4]
CLASS	NCT01648764	ctg_results_bor_1999_2009	5	Number of Participants With Best Overall Response (BOR)	OG013	90 mg LY - Arm A Dose Confirmation	0								12	12	12	0	1	RECOVERABLE	sum of cells 10 != reported denominator 12 (difference -2)	ctg_results_bor_1999_2009.txt :: studies[nct=NCT01648764] :: outcomeMeasures[5] :: groups[OG013] :: classes[0]
CATEGORY	NCT01648764	ctg_results_bor_1999_2009	5	Number of Participants With Best Overall Response (BOR)	OG013	90 mg LY - Arm A Dose Confirmation	0		0	Complete Response	0	yes	CR	yes	12	12	12	0	1	RECOVERABLE		ctg_results_bor_1999_2009.txt :: studies[nct=NCT01648764] :: outcomeMeasures[5] :: groups[OG013] :: classes[0] :: categories[0]
CATEGORY	NCT01648764	ctg_results_bor_1999_2009	5	Number of Participants With Best Overall Response (BOR)	OG013	90 mg LY - Arm A Dose Confirmation	0		1	Partial Response	0	yes	PR	yes	12	12	12	0	1	RECOVERABLE		ctg_results_bor_1999_2009.txt :: studies[nct=NCT01648764] :: outcomeMeasures[5] :: groups[OG013] :: classes[0] :: categories[1]
CATEGORY	NCT01648764	ctg_results_bor_1999_2009	5	Number of Participants With Best Overall Response (BOR)	OG013	90 mg LY - Arm A Dose Confirmation	0		2	Stable Disease	0	yes	SD	yes	12	12	12	0	1	RECOVERABLE		ctg_results_bor_1999_2009.txt :: studies[nct=NCT01648764] :: outcomeMeasures[5] :: groups[OG013] :: classes[0] :: categories[2]
CATEGORY	NCT01648764	ctg_results_bor_1999_2009	5	Number of Participants With Best Overall Response (BOR)	OG013	90 mg LY - Arm A Dose Confirmation	0		3	Progressive Disease	10	yes	PD	yes	12	12	12	0	1	RECOVERABLE		ctg_results_bor_1999_2009.txt :: studies[nct=NCT01648764] :: outcomeMeasures[5] :: groups[OG013] :: classes[0] :: categories[3]
CATEGORY	NCT01648764	ctg_results_bor_1999_2009	5	Number of Participants With Best Overall Response (BOR)	OG013	90 mg LY - Arm A Dose Confirmation	0		4	Unknown	2	yes		dropped	12	12	12	0	1	RECOVERABLE		ctg_results_bor_1999_2009.txt :: studies[nct=NCT01648764] :: outcomeMeasures[5] :: groups[OG013] :: classes[0] :: categories[4]
CLASS	NCT00946153	ctg_results_bor_1999_2009	2	Phase 1: Best Overall Response (BOR) of Lenvatinib by Investigator Assessment	OG000	Phase 1: Group 1: Lenvatinib: 12 mg	0								6	6	6	0	1	RECOVERABLE	sum of cells 5 != reported denominator 6 (difference -1)	ctg_results_bor_1999_2009.txt :: studies[nct=NCT00946153] :: outcomeMeasures[2] :: groups[OG000] :: classes[0]
CATEGORY	NCT00946153	ctg_results_bor_1999_2009	2	Phase 1: Best Overall Response (BOR) of Lenvatinib by Investigator Assessment	OG000	Phase 1: Group 1: Lenvatinib: 12 mg	0		0	Complete Response	0	yes	CR	yes	6	6	6	0	1	RECOVERABLE		ctg_results_bor_1999_2009.txt :: studies[nct=NCT00946153] :: outcomeMeasures[2] :: groups[OG000] :: classes[0] :: categories[0]
CATEGORY	NCT00946153	ctg_results_bor_1999_2009	2	Phase 1: Best Overall Response (BOR) of Lenvatinib by Investigator Assessment	OG000	Phase 1: Group 1: Lenvatinib: 12 mg	0		1	Partial Response	1	yes	PR	yes	6	6	6	0	1	RECOVERABLE		ctg_results_bor_1999_2009.txt :: studies[nct=NCT00946153] :: outcomeMeasures[2] :: groups[OG000] :: classes[0] :: categories[1]
CATEGORY	NCT00946153	ctg_results_bor_1999_2009	2	Phase 1: Best Overall Response (BOR) of Lenvatinib by Investigator Assessment	OG000	Phase 1: Group 1: Lenvatinib: 12 mg	0		2	Stable Disease	2	yes	SD	yes	6	6	6	0	1	RECOVERABLE		ctg_results_bor_1999_2009.txt :: studies[nct=NCT00946153] :: outcomeMeasures[2] :: groups[OG000] :: classes[0] :: categories[2]
CATEGORY	NCT00946153	ctg_results_bor_1999_2009	2	Phase 1: Best Overall Response (BOR) of Lenvatinib by Investigator Assessment	OG000	Phase 1: Group 1: Lenvatinib: 12 mg	0		3	Progressive Disease	2	yes	PD	yes	6	6	6	0	1	RECOVERABLE		ctg_results_bor_1999_2009.txt :: studies[nct=NCT00946153] :: outcomeMeasures[2] :: groups[OG000] :: classes[0] :: categories[3]
CATEGORY	NCT00946153	ctg_results_bor_1999_2009	2	Phase 1: Best Overall Response (BOR) of Lenvatinib by Investigator Assessment	OG000	Phase 1: Group 1: Lenvatinib: 12 mg	0		4	Not Evaluable	1	yes		dropped	6	6	6	0	1	RECOVERABLE		ctg_results_bor_1999_2009.txt :: studies[nct=NCT00946153] :: outcomeMeasures[2] :: groups[OG000] :: classes[0] :: categories[4]
CLASS	NCT00600340	ctg_results_bor_1999_2009	3	Best Overall Response (ITT Population)	OG000	Bevacizumab Plus Paclitaxel	0								285	285	285	0	1	RECOVERABLE	sum of cells 270 != reported denominator 285 (difference -15)	ctg_results_bor_1999_2009.txt :: studies[nct=NCT00600340] :: outcomeMeasures[3] :: groups[OG000] :: classes[0]
CATEGORY	NCT00600340	ctg_results_bor_1999_2009	3	Best Overall Response (ITT Population)	OG000	Bevacizumab Plus Paclitaxel	0		0	Complete response	10	yes	CR	yes	285	285	285	0	1	RECOVERABLE		ctg_results_bor_1999_2009.txt :: studies[nct=NCT00600340] :: outcomeMeasures[3] :: groups[OG000] :: classes[0] :: categories[0]
CATEGORY	NCT00600340	ctg_results_bor_1999_2009	3	Best Overall Response (ITT Population)	OG000	Bevacizumab Plus Paclitaxel	0		1	Partial response	115	yes	PR	yes	285	285	285	0	1	RECOVERABLE		ctg_results_bor_1999_2009.txt :: studies[nct=NCT00600340] :: outcomeMeasures[3] :: groups[OG000] :: classes[0] :: categories[1]
CATEGORY	NCT00600340	ctg_results_bor_1999_2009	3	Best Overall Response (ITT Population)	OG000	Bevacizumab Plus Paclitaxel	0		2	Stable disease	127	yes	SD	yes	285	285	285	0	1	RECOVERABLE		ctg_results_bor_1999_2009.txt :: studies[nct=NCT00600340] :: outcomeMeasures[3] :: groups[OG000] :: classes[0] :: categories[2]
CATEGORY	NCT00600340	ctg_results_bor_1999_2009	3	Best Overall Response (ITT Population)	OG000	Bevacizumab Plus Paclitaxel	0		3	Progressive disease	18	yes	PD	yes	285	285	285	0	1	RECOVERABLE		ctg_results_bor_1999_2009.txt :: studies[nct=NCT00600340] :: outcomeMeasures[3] :: groups[OG000] :: classes[0] :: categories[3]
CATEGORY	NCT00600340	ctg_results_bor_1999_2009	3	Best Overall Response (ITT Population)	OG000	Bevacizumab Plus Paclitaxel	0		4	Not evaluable	15	yes		dropped	285	285	285	0	1	RECOVERABLE		ctg_results_bor_1999_2009.txt :: studies[nct=NCT00600340] :: outcomeMeasures[3] :: groups[OG000] :: classes[0] :: categories[4]
CLASS	NCT00600340	ctg_results_bor_1999_2009	3	Best Overall Response (ITT Population)	OG001	Bevacizumab Plus Capecitabine	0								279	279	279	0	1	RECOVERABLE	sum of cells 261 != reported denominator 279 (difference -18)	ctg_results_bor_1999_2009.txt :: studies[nct=NCT00600340] :: outcomeMeasures[3] :: groups[OG001] :: classes[0]
CATEGORY	NCT00600340	ctg_results_bor_1999_2009	3	Best Overall Response (ITT Population)	OG001	Bevacizumab Plus Capecitabine	0		0	Complete response	2	yes	CR	yes	279	279	279	0	1	RECOVERABLE		ctg_results_bor_1999_2009.txt :: studies[nct=NCT00600340] :: outcomeMeasures[3] :: groups[OG001] :: classes[0] :: categories[0]
CATEGORY	NCT00600340	ctg_results_bor_1999_2009	3	Best Overall Response (ITT Population)	OG001	Bevacizumab Plus Capecitabine	0		1	Partial response	74	yes	PR	yes	279	279	279	0	1	RECOVERABLE		ctg_results_bor_1999_2009.txt :: studies[nct=NCT00600340] :: outcomeMeasures[3] :: groups[OG001] :: classes[0] :: categories[1]
CATEGORY	NCT00600340	ctg_results_bor_1999_2009	3	Best Overall Response (ITT Population)	OG001	Bevacizumab Plus Capecitabine	0		2	Stable disease	138	yes	SD	yes	279	279	279	0	1	RECOVERABLE		ctg_results_bor_1999_2009.txt :: studies[nct=NCT00600340] :: outcomeMeasures[3] :: groups[OG001] :: classes[0] :: categories[2]
CATEGORY	NCT00600340	ctg_results_bor_1999_2009	3	Best Overall Response (ITT Population)	OG001	Bevacizumab Plus Capecitabine	0		3	Progressive disease	47	yes	PD	yes	279	279	279	0	1	RECOVERABLE		ctg_results_bor_1999_2009.txt :: studies[nct=NCT00600340] :: outcomeMeasures[3] :: groups[OG001] :: classes[0] :: categories[3]
CATEGORY	NCT00600340	ctg_results_bor_1999_2009	3	Best Overall Response (ITT Population)	OG001	Bevacizumab Plus Capecitabine	0		4	Not evaluable	18	yes		dropped	279	279	279	0	1	RECOVERABLE		ctg_results_bor_1999_2009.txt :: studies[nct=NCT00600340] :: outcomeMeasures[3] :: groups[OG001] :: classes[0] :: categories[4]
CLASS	NCT00600340	ctg_results_bor_1999_2009	4	Best Overall Response (PP Population)	OG000	Bevacizumab Plus Paclitaxel	0								266	266	266	0	1	RECOVERABLE	sum of cells 255 != reported denominator 266 (difference -11)	ctg_results_bor_1999_2009.txt :: studies[nct=NCT00600340] :: outcomeMeasures[4] :: groups[OG000] :: classes[0]
CATEGORY	NCT00600340	ctg_results_bor_1999_2009	4	Best Overall Response (PP Population)	OG000	Bevacizumab Plus Paclitaxel	0		0	Complete response	10	yes	CR	yes	266	266	266	0	1	RECOVERABLE		ctg_results_bor_1999_2009.txt :: studies[nct=NCT00600340] :: outcomeMeasures[4] :: groups[OG000] :: classes[0] :: categories[0]
CATEGORY	NCT00600340	ctg_results_bor_1999_2009	4	Best Overall Response (PP Population)	OG000	Bevacizumab Plus Paclitaxel	0		1	Partial response	111	yes	PR	yes	266	266	266	0	1	RECOVERABLE		ctg_results_bor_1999_2009.txt :: studies[nct=NCT00600340] :: outcomeMeasures[4] :: groups[OG000] :: classes[0] :: categories[1]
CATEGORY	NCT00600340	ctg_results_bor_1999_2009	4	Best Overall Response (PP Population)	OG000	Bevacizumab Plus Paclitaxel	0		2	Stable disease	117	yes	SD	yes	266	266	266	0	1	RECOVERABLE		ctg_results_bor_1999_2009.txt :: studies[nct=NCT00600340] :: outcomeMeasures[4] :: groups[OG000] :: classes[0] :: categories[2]
CATEGORY	NCT00600340	ctg_results_bor_1999_2009	4	Best Overall Response (PP Population)	OG000	Bevacizumab Plus Paclitaxel	0		3	Progressive disease	17	yes	PD	yes	266	266	266	0	1	RECOVERABLE		ctg_results_bor_1999_2009.txt :: studies[nct=NCT00600340] :: outcomeMeasures[4] :: groups[OG000] :: classes[0] :: categories[3]
CATEGORY	NCT00600340	ctg_results_bor_1999_2009	4	Best Overall Response (PP Population)	OG000	Bevacizumab Plus Paclitaxel	0		4	Not evaluable	11	yes		dropped	266	266	266	0	1	RECOVERABLE		ctg_results_bor_1999_2009.txt :: studies[nct=NCT00600340] :: outcomeMeasures[4] :: groups[OG000] :: classes[0] :: categories[4]
CLASS	NCT00600340	ctg_results_bor_1999_2009	4	Best Overall Response (PP Population)	OG001	Bevacizumab Plus Capecitabine	0								265	265	265	0	1	RECOVERABLE	sum of cells 249 != reported denominator 265 (difference -16)	ctg_results_bor_1999_2009.txt :: studies[nct=NCT00600340] :: outcomeMeasures[4] :: groups[OG001] :: classes[0]
CATEGORY	NCT00600340	ctg_results_bor_1999_2009	4	Best Overall Response (PP Population)	OG001	Bevacizumab Plus Capecitabine	0		0	Complete response	2	yes	CR	yes	265	265	265	0	1	RECOVERABLE		ctg_results_bor_1999_2009.txt :: studies[nct=NCT00600340] :: outcomeMeasures[4] :: groups[OG001] :: classes[0] :: categories[0]
CATEGORY	NCT00600340	ctg_results_bor_1999_2009	4	Best Overall Response (PP Population)	OG001	Bevacizumab Plus Capecitabine	0		1	Partial response	72	yes	PR	yes	265	265	265	0	1	RECOVERABLE		ctg_results_bor_1999_2009.txt :: studies[nct=NCT00600340] :: outcomeMeasures[4] :: groups[OG001] :: classes[0] :: categories[1]
CATEGORY	NCT00600340	ctg_results_bor_1999_2009	4	Best Overall Response (PP Population)	OG001	Bevacizumab Plus Capecitabine	0		2	Stable disease	130	yes	SD	yes	265	265	265	0	1	RECOVERABLE		ctg_results_bor_1999_2009.txt :: studies[nct=NCT00600340] :: outcomeMeasures[4] :: groups[OG001] :: classes[0] :: categories[2]
CATEGORY	NCT00600340	ctg_results_bor_1999_2009	4	Best Overall Response (PP Population)	OG001	Bevacizumab Plus Capecitabine	0		3	Progressive disease	45	yes	PD	yes	265	265	265	0	1	RECOVERABLE		ctg_results_bor_1999_2009.txt :: studies[nct=NCT00600340] :: outcomeMeasures[4] :: groups[OG001] :: classes[0] :: categories[3]
CATEGORY	NCT00600340	ctg_results_bor_1999_2009	4	Best Overall Response (PP Population)	OG001	Bevacizumab Plus Capecitabine	0		4	Not evaluable	16	yes		dropped	265	265	265	0	1	RECOVERABLE		ctg_results_bor_1999_2009.txt :: studies[nct=NCT00600340] :: outcomeMeasures[4] :: groups[OG001] :: classes[0] :: categories[4]
CLASS	NCT00600340	ctg_results_bor_1999_2009	5	Unconfirmed Best Overall Response (ITT Population)	OG000	Bevacizumab Plus Paclitaxel	0								285	285	285	0	1	RECOVERABLE	sum of cells 270 != reported denominator 285 (difference -15)	ctg_results_bor_1999_2009.txt :: studies[nct=NCT00600340] :: outcomeMeasures[5] :: groups[OG000] :: classes[0]
CATEGORY	NCT00600340	ctg_results_bor_1999_2009	5	Unconfirmed Best Overall Response (ITT Population)	OG000	Bevacizumab Plus Paclitaxel	0		0	Complete response	16	yes	CR	yes	285	285	285	0	1	RECOVERABLE		ctg_results_bor_1999_2009.txt :: studies[nct=NCT00600340] :: outcomeMeasures[5] :: groups[OG000] :: classes[0] :: categories[0]
CATEGORY	NCT00600340	ctg_results_bor_1999_2009	5	Unconfirmed Best Overall Response (ITT Population)	OG000	Bevacizumab Plus Paclitaxel	0		1	Partial response	147	yes	PR	yes	285	285	285	0	1	RECOVERABLE		ctg_results_bor_1999_2009.txt :: studies[nct=NCT00600340] :: outcomeMeasures[5] :: groups[OG000] :: classes[0] :: categories[1]
CATEGORY	NCT00600340	ctg_results_bor_1999_2009	5	Unconfirmed Best Overall Response (ITT Population)	OG000	Bevacizumab Plus Paclitaxel	0		2	Stable disease	89	yes	SD	yes	285	285	285	0	1	RECOVERABLE		ctg_results_bor_1999_2009.txt :: studies[nct=NCT00600340] :: outcomeMeasures[5] :: groups[OG000] :: classes[0] :: categories[2]
CATEGORY	NCT00600340	ctg_results_bor_1999_2009	5	Unconfirmed Best Overall Response (ITT Population)	OG000	Bevacizumab Plus Paclitaxel	0		3	Progressive disease	18	yes	PD	yes	285	285	285	0	1	RECOVERABLE		ctg_results_bor_1999_2009.txt :: studies[nct=NCT00600340] :: outcomeMeasures[5] :: groups[OG000] :: classes[0] :: categories[3]
CATEGORY	NCT00600340	ctg_results_bor_1999_2009	5	Unconfirmed Best Overall Response (ITT Population)	OG000	Bevacizumab Plus Paclitaxel	0		4	Not evaluable	15	yes		dropped	285	285	285	0	1	RECOVERABLE		ctg_results_bor_1999_2009.txt :: studies[nct=NCT00600340] :: outcomeMeasures[5] :: groups[OG000] :: classes[0] :: categories[4]
CLASS	NCT00600340	ctg_results_bor_1999_2009	5	Unconfirmed Best Overall Response (ITT Population)	OG001	Bevacizumab Plus Capecitabine	0								279	279	279	0	1	RECOVERABLE	sum of cells 261 != reported denominator 279 (difference -18)	ctg_results_bor_1999_2009.txt :: studies[nct=NCT00600340] :: outcomeMeasures[5] :: groups[OG001] :: classes[0]
CATEGORY	NCT00600340	ctg_results_bor_1999_2009	5	Unconfirmed Best Overall Response (ITT Population)	OG001	Bevacizumab Plus Capecitabine	0		0	Complete response	4	yes	CR	yes	279	279	279	0	1	RECOVERABLE		ctg_results_bor_1999_2009.txt :: studies[nct=NCT00600340] :: outcomeMeasures[5] :: groups[OG001] :: classes[0] :: categories[0]
CATEGORY	NCT00600340	ctg_results_bor_1999_2009	5	Unconfirmed Best Overall Response (ITT Population)	OG001	Bevacizumab Plus Capecitabine	0		1	Partial response	101	yes	PR	yes	279	279	279	0	1	RECOVERABLE		ctg_results_bor_1999_2009.txt :: studies[nct=NCT00600340] :: outcomeMeasures[5] :: groups[OG001] :: classes[0] :: categories[1]
CATEGORY	NCT00600340	ctg_results_bor_1999_2009	5	Unconfirmed Best Overall Response (ITT Population)	OG001	Bevacizumab Plus Capecitabine	0		2	Stable disease	109	yes	SD	yes	279	279	279	0	1	RECOVERABLE		ctg_results_bor_1999_2009.txt :: studies[nct=NCT00600340] :: outcomeMeasures[5] :: groups[OG001] :: classes[0] :: categories[2]
CATEGORY	NCT00600340	ctg_results_bor_1999_2009	5	Unconfirmed Best Overall Response (ITT Population)	OG001	Bevacizumab Plus Capecitabine	0		3	Progressive disease	47	yes	PD	yes	279	279	279	0	1	RECOVERABLE		ctg_results_bor_1999_2009.txt :: studies[nct=NCT00600340] :: outcomeMeasures[5] :: groups[OG001] :: classes[0] :: categories[3]
CATEGORY	NCT00600340	ctg_results_bor_1999_2009	5	Unconfirmed Best Overall Response (ITT Population)	OG001	Bevacizumab Plus Capecitabine	0		4	Not evaluable	18	yes		dropped	279	279	279	0	1	RECOVERABLE		ctg_results_bor_1999_2009.txt :: studies[nct=NCT00600340] :: outcomeMeasures[5] :: groups[OG001] :: classes[0] :: categories[4]
CLASS	NCT00600340	ctg_results_bor_1999_2009	6	Unconfirmed Best Overall Response (PP Population)	OG000	Bevacizumab Plus Paclitaxel	0								266	266	266	0	1	RECOVERABLE	sum of cells 255 != reported denominator 266 (difference -11)	ctg_results_bor_1999_2009.txt :: studies[nct=NCT00600340] :: outcomeMeasures[6] :: groups[OG000] :: classes[0]
CATEGORY	NCT00600340	ctg_results_bor_1999_2009	6	Unconfirmed Best Overall Response (PP Population)	OG000	Bevacizumab Plus Paclitaxel	0		0	Complete response	16	yes	CR	yes	266	266	266	0	1	RECOVERABLE		ctg_results_bor_1999_2009.txt :: studies[nct=NCT00600340] :: outcomeMeasures[6] :: groups[OG000] :: classes[0] :: categories[0]
CATEGORY	NCT00600340	ctg_results_bor_1999_2009	6	Unconfirmed Best Overall Response (PP Population)	OG000	Bevacizumab Plus Paclitaxel	0		1	Partial response	141	yes	PR	yes	266	266	266	0	1	RECOVERABLE		ctg_results_bor_1999_2009.txt :: studies[nct=NCT00600340] :: outcomeMeasures[6] :: groups[OG000] :: classes[0] :: categories[1]
CATEGORY	NCT00600340	ctg_results_bor_1999_2009	6	Unconfirmed Best Overall Response (PP Population)	OG000	Bevacizumab Plus Paclitaxel	0		2	Stable disease	81	yes	SD	yes	266	266	266	0	1	RECOVERABLE		ctg_results_bor_1999_2009.txt :: studies[nct=NCT00600340] :: outcomeMeasures[6] :: groups[OG000] :: classes[0] :: categories[2]
CATEGORY	NCT00600340	ctg_results_bor_1999_2009	6	Unconfirmed Best Overall Response (PP Population)	OG000	Bevacizumab Plus Paclitaxel	0		3	Progressive disease	17	yes	PD	yes	266	266	266	0	1	RECOVERABLE		ctg_results_bor_1999_2009.txt :: studies[nct=NCT00600340] :: outcomeMeasures[6] :: groups[OG000] :: classes[0] :: categories[3]
CATEGORY	NCT00600340	ctg_results_bor_1999_2009	6	Unconfirmed Best Overall Response (PP Population)	OG000	Bevacizumab Plus Paclitaxel	0		4	Not evaluable	11	yes		dropped	266	266	266	0	1	RECOVERABLE		ctg_results_bor_1999_2009.txt :: studies[nct=NCT00600340] :: outcomeMeasures[6] :: groups[OG000] :: classes[0] :: categories[4]
CLASS	NCT00600340	ctg_results_bor_1999_2009	6	Unconfirmed Best Overall Response (PP Population)	OG001	Bevacizumab Plus Capecitabine	0								265	265	265	0	1	RECOVERABLE	sum of cells 249 != reported denominator 265 (difference -16)	ctg_results_bor_1999_2009.txt :: studies[nct=NCT00600340] :: outcomeMeasures[6] :: groups[OG001] :: classes[0]
CATEGORY	NCT00600340	ctg_results_bor_1999_2009	6	Unconfirmed Best Overall Response (PP Population)	OG001	Bevacizumab Plus Capecitabine	0		0	Complete response	4	yes	CR	yes	265	265	265	0	1	RECOVERABLE		ctg_results_bor_1999_2009.txt :: studies[nct=NCT00600340] :: outcomeMeasures[6] :: groups[OG001] :: classes[0] :: categories[0]
CATEGORY	NCT00600340	ctg_results_bor_1999_2009	6	Unconfirmed Best Overall Response (PP Population)	OG001	Bevacizumab Plus Capecitabine	0		1	Partial response	96	yes	PR	yes	265	265	265	0	1	RECOVERABLE		ctg_results_bor_1999_2009.txt :: studies[nct=NCT00600340] :: outcomeMeasures[6] :: groups[OG001] :: classes[0] :: categories[1]
CATEGORY	NCT00600340	ctg_results_bor_1999_2009	6	Unconfirmed Best Overall Response (PP Population)	OG001	Bevacizumab Plus Capecitabine	0		2	Stable disease	104	yes	SD	yes	265	265	265	0	1	RECOVERABLE		ctg_results_bor_1999_2009.txt :: studies[nct=NCT00600340] :: outcomeMeasures[6] :: groups[OG001] :: classes[0] :: categories[2]
CATEGORY	NCT00600340	ctg_results_bor_1999_2009	6	Unconfirmed Best Overall Response (PP Population)	OG001	Bevacizumab Plus Capecitabine	0		3	Progressive disease	45	yes	PD	yes	265	265	265	0	1	RECOVERABLE		ctg_results_bor_1999_2009.txt :: studies[nct=NCT00600340] :: outcomeMeasures[6] :: groups[OG001] :: classes[0] :: categories[3]
CATEGORY	NCT00600340	ctg_results_bor_1999_2009	6	Unconfirmed Best Overall Response (PP Population)	OG001	Bevacizumab Plus Capecitabine	0		4	Not evaluable	16	yes		dropped	265	265	265	0	1	RECOVERABLE		ctg_results_bor_1999_2009.txt :: studies[nct=NCT00600340] :: outcomeMeasures[6] :: groups[OG001] :: classes[0] :: categories[4]
CLASS	NCT01188876	ctg_results_bor_2010_2013	1	Best Overall Response	OG000	Carboplatin/Pralatrexate	0								50	50	50	0	1	RECOVERABLE	sum of cells 48 != reported denominator 50 (difference -2)	ctg_results_bor_2010_2013.txt :: studies[nct=NCT01188876] :: outcomeMeasures[1] :: groups[OG000] :: classes[0]
CATEGORY	NCT01188876	ctg_results_bor_2010_2013	1	Best Overall Response	OG000	Carboplatin/Pralatrexate	0		0	Complete Response	0	yes	CR	yes	50	50	50	0	1	RECOVERABLE		ctg_results_bor_2010_2013.txt :: studies[nct=NCT01188876] :: outcomeMeasures[1] :: groups[OG000] :: classes[0] :: categories[0]
CATEGORY	NCT01188876	ctg_results_bor_2010_2013	1	Best Overall Response	OG000	Carboplatin/Pralatrexate	0		1	Partial Response	19	yes	PR	yes	50	50	50	0	1	RECOVERABLE		ctg_results_bor_2010_2013.txt :: studies[nct=NCT01188876] :: outcomeMeasures[1] :: groups[OG000] :: classes[0] :: categories[1]
CATEGORY	NCT01188876	ctg_results_bor_2010_2013	1	Best Overall Response	OG000	Carboplatin/Pralatrexate	0		2	Stable Disease	24	yes	SD	yes	50	50	50	0	1	RECOVERABLE		ctg_results_bor_2010_2013.txt :: studies[nct=NCT01188876] :: outcomeMeasures[1] :: groups[OG000] :: classes[0] :: categories[2]
CATEGORY	NCT01188876	ctg_results_bor_2010_2013	1	Best Overall Response	OG000	Carboplatin/Pralatrexate	0		3	Progressive Disease	5	yes	PD	yes	50	50	50	0	1	RECOVERABLE		ctg_results_bor_2010_2013.txt :: studies[nct=NCT01188876] :: outcomeMeasures[1] :: groups[OG000] :: classes[0] :: categories[3]
CATEGORY	NCT01188876	ctg_results_bor_2010_2013	1	Best Overall Response	OG000	Carboplatin/Pralatrexate	0		4	Unevaluable	2	yes		dropped	50	50	50	0	1	RECOVERABLE		ctg_results_bor_2010_2013.txt :: studies[nct=NCT01188876] :: outcomeMeasures[1] :: groups[OG000] :: classes[0] :: categories[4]
CLASS	NCT01403948	ctg_results_bor_2010_2013	3	Best Overall Response Based on All Assessment	OG000	BI 836826 1 mg iv (Caucasian Patients)	0								1	1	1	0	1	RECOVERABLE	repeated cross-class assignment (values agreed) for CR	ctg_results_bor_2010_2013.txt :: studies[nct=NCT01403948] :: outcomeMeasures[3] :: groups[OG000] :: classes[0]
CATEGORY	NCT01403948	ctg_results_bor_2010_2013	3	Best Overall Response Based on All Assessment	OG000	BI 836826 1 mg iv (Caucasian Patients)	0		0	Complete remission	0	yes	CR	overwritten	1	1	1	0	1	RECOVERABLE		ctg_results_bor_2010_2013.txt :: studies[nct=NCT01403948] :: outcomeMeasures[3] :: groups[OG000] :: classes[0] :: categories[0]
CATEGORY	NCT01403948	ctg_results_bor_2010_2013	3	Best Overall Response Based on All Assessment	OG000	BI 836826 1 mg iv (Caucasian Patients)	0		1	Complete remission unconfirmed	0	yes	CR	yes	1	1	1	0	1	RECOVERABLE		ctg_results_bor_2010_2013.txt :: studies[nct=NCT01403948] :: outcomeMeasures[3] :: groups[OG000] :: classes[0] :: categories[1]
CATEGORY	NCT01403948	ctg_results_bor_2010_2013	3	Best Overall Response Based on All Assessment	OG000	BI 836826 1 mg iv (Caucasian Patients)	0		2	Partial remission	0	yes	PR	yes	1	1	1	0	1	RECOVERABLE		ctg_results_bor_2010_2013.txt :: studies[nct=NCT01403948] :: outcomeMeasures[3] :: groups[OG000] :: classes[0] :: categories[2]
CATEGORY	NCT01403948	ctg_results_bor_2010_2013	3	Best Overall Response Based on All Assessment	OG000	BI 836826 1 mg iv (Caucasian Patients)	0		3	Stable disease	1	yes	SD	yes	1	1	1	0	1	RECOVERABLE		ctg_results_bor_2010_2013.txt :: studies[nct=NCT01403948] :: outcomeMeasures[3] :: groups[OG000] :: classes[0] :: categories[3]
CATEGORY	NCT01403948	ctg_results_bor_2010_2013	3	Best Overall Response Based on All Assessment	OG000	BI 836826 1 mg iv (Caucasian Patients)	0		4	Progressive disease	0	yes	PD	yes	1	1	1	0	1	RECOVERABLE		ctg_results_bor_2010_2013.txt :: studies[nct=NCT01403948] :: outcomeMeasures[3] :: groups[OG000] :: classes[0] :: categories[4]
CATEGORY	NCT01403948	ctg_results_bor_2010_2013	3	Best Overall Response Based on All Assessment	OG000	BI 836826 1 mg iv (Caucasian Patients)	0		5	Missing	0	yes		dropped	1	1	1	0	1	RECOVERABLE		ctg_results_bor_2010_2013.txt :: studies[nct=NCT01403948] :: outcomeMeasures[3] :: groups[OG000] :: classes[0] :: categories[5]
CLASS	NCT01403948	ctg_results_bor_2010_2013	3	Best Overall Response Based on All Assessment	OG001	BI 836826 3 mg iv (Caucasian Patients)	0								4	4	4	0	1	RECOVERABLE	repeated cross-class assignment (values agreed) for CR ; sum of cells 3 != reported denominator 4 (difference -1)	ctg_results_bor_2010_2013.txt :: studies[nct=NCT01403948] :: outcomeMeasures[3] :: groups[OG001] :: classes[0]
CATEGORY	NCT01403948	ctg_results_bor_2010_2013	3	Best Overall Response Based on All Assessment	OG001	BI 836826 3 mg iv (Caucasian Patients)	0		0	Complete remission	0	yes	CR	overwritten	4	4	4	0	1	RECOVERABLE		ctg_results_bor_2010_2013.txt :: studies[nct=NCT01403948] :: outcomeMeasures[3] :: groups[OG001] :: classes[0] :: categories[0]
CATEGORY	NCT01403948	ctg_results_bor_2010_2013	3	Best Overall Response Based on All Assessment	OG001	BI 836826 3 mg iv (Caucasian Patients)	0		1	Complete remission unconfirmed	0	yes	CR	yes	4	4	4	0	1	RECOVERABLE		ctg_results_bor_2010_2013.txt :: studies[nct=NCT01403948] :: outcomeMeasures[3] :: groups[OG001] :: classes[0] :: categories[1]
CATEGORY	NCT01403948	ctg_results_bor_2010_2013	3	Best Overall Response Based on All Assessment	OG001	BI 836826 3 mg iv (Caucasian Patients)	0		2	Partial remission	0	yes	PR	yes	4	4	4	0	1	RECOVERABLE		ctg_results_bor_2010_2013.txt :: studies[nct=NCT01403948] :: outcomeMeasures[3] :: groups[OG001] :: classes[0] :: categories[2]
CATEGORY	NCT01403948	ctg_results_bor_2010_2013	3	Best Overall Response Based on All Assessment	OG001	BI 836826 3 mg iv (Caucasian Patients)	0		3	Stable disease	3	yes	SD	yes	4	4	4	0	1	RECOVERABLE		ctg_results_bor_2010_2013.txt :: studies[nct=NCT01403948] :: outcomeMeasures[3] :: groups[OG001] :: classes[0] :: categories[3]
CATEGORY	NCT01403948	ctg_results_bor_2010_2013	3	Best Overall Response Based on All Assessment	OG001	BI 836826 3 mg iv (Caucasian Patients)	0		4	Progressive disease	0	yes	PD	yes	4	4	4	0	1	RECOVERABLE		ctg_results_bor_2010_2013.txt :: studies[nct=NCT01403948] :: outcomeMeasures[3] :: groups[OG001] :: classes[0] :: categories[4]
CATEGORY	NCT01403948	ctg_results_bor_2010_2013	3	Best Overall Response Based on All Assessment	OG001	BI 836826 3 mg iv (Caucasian Patients)	0		5	Missing	1	yes		dropped	4	4	4	0	1	RECOVERABLE		ctg_results_bor_2010_2013.txt :: studies[nct=NCT01403948] :: outcomeMeasures[3] :: groups[OG001] :: classes[0] :: categories[5]
CLASS	NCT01403948	ctg_results_bor_2010_2013	3	Best Overall Response Based on All Assessment	OG002	BI 836826 9 mg iv (Caucasian Patients)	0								3	3	3	0	1	RECOVERABLE	repeated cross-class assignment (values agreed) for CR	ctg_results_bor_2010_2013.txt :: studies[nct=NCT01403948] :: outcomeMeasures[3] :: groups[OG002] :: classes[0]
CATEGORY	NCT01403948	ctg_results_bor_2010_2013	3	Best Overall Response Based on All Assessment	OG002	BI 836826 9 mg iv (Caucasian Patients)	0		0	Complete remission	0	yes	CR	overwritten	3	3	3	0	1	RECOVERABLE		ctg_results_bor_2010_2013.txt :: studies[nct=NCT01403948] :: outcomeMeasures[3] :: groups[OG002] :: classes[0] :: categories[0]
CATEGORY	NCT01403948	ctg_results_bor_2010_2013	3	Best Overall Response Based on All Assessment	OG002	BI 836826 9 mg iv (Caucasian Patients)	0		1	Complete remission unconfirmed	0	yes	CR	yes	3	3	3	0	1	RECOVERABLE		ctg_results_bor_2010_2013.txt :: studies[nct=NCT01403948] :: outcomeMeasures[3] :: groups[OG002] :: classes[0] :: categories[1]
CATEGORY	NCT01403948	ctg_results_bor_2010_2013	3	Best Overall Response Based on All Assessment	OG002	BI 836826 9 mg iv (Caucasian Patients)	0		2	Partial remission	0	yes	PR	yes	3	3	3	0	1	RECOVERABLE		ctg_results_bor_2010_2013.txt :: studies[nct=NCT01403948] :: outcomeMeasures[3] :: groups[OG002] :: classes[0] :: categories[2]
CATEGORY	NCT01403948	ctg_results_bor_2010_2013	3	Best Overall Response Based on All Assessment	OG002	BI 836826 9 mg iv (Caucasian Patients)	0		3	Stable disease	2	yes	SD	yes	3	3	3	0	1	RECOVERABLE		ctg_results_bor_2010_2013.txt :: studies[nct=NCT01403948] :: outcomeMeasures[3] :: groups[OG002] :: classes[0] :: categories[3]
CATEGORY	NCT01403948	ctg_results_bor_2010_2013	3	Best Overall Response Based on All Assessment	OG002	BI 836826 9 mg iv (Caucasian Patients)	0		4	Progressive disease	1	yes	PD	yes	3	3	3	0	1	RECOVERABLE		ctg_results_bor_2010_2013.txt :: studies[nct=NCT01403948] :: outcomeMeasures[3] :: groups[OG002] :: classes[0] :: categories[4]
CATEGORY	NCT01403948	ctg_results_bor_2010_2013	3	Best Overall Response Based on All Assessment	OG002	BI 836826 9 mg iv (Caucasian Patients)	0		5	Missing	0	yes		dropped	3	3	3	0	1	RECOVERABLE		ctg_results_bor_2010_2013.txt :: studies[nct=NCT01403948] :: outcomeMeasures[3] :: groups[OG002] :: classes[0] :: categories[5]
CLASS	NCT01403948	ctg_results_bor_2010_2013	3	Best Overall Response Based on All Assessment	OG003	BI 836826 25 mg iv (Caucasian Patients)	0								4	4	4	0	1	RECOVERABLE	repeated cross-class assignment (values agreed) for CR	ctg_results_bor_2010_2013.txt :: studies[nct=NCT01403948] :: outcomeMeasures[3] :: groups[OG003] :: classes[0]
CATEGORY	NCT01403948	ctg_results_bor_2010_2013	3	Best Overall Response Based on All Assessment	OG003	BI 836826 25 mg iv (Caucasian Patients)	0		0	Complete remission	0	yes	CR	overwritten	4	4	4	0	1	RECOVERABLE		ctg_results_bor_2010_2013.txt :: studies[nct=NCT01403948] :: outcomeMeasures[3] :: groups[OG003] :: classes[0] :: categories[0]
CATEGORY	NCT01403948	ctg_results_bor_2010_2013	3	Best Overall Response Based on All Assessment	OG003	BI 836826 25 mg iv (Caucasian Patients)	0		1	Complete remission unconfirmed	0	yes	CR	yes	4	4	4	0	1	RECOVERABLE		ctg_results_bor_2010_2013.txt :: studies[nct=NCT01403948] :: outcomeMeasures[3] :: groups[OG003] :: classes[0] :: categories[1]
CATEGORY	NCT01403948	ctg_results_bor_2010_2013	3	Best Overall Response Based on All Assessment	OG003	BI 836826 25 mg iv (Caucasian Patients)	0		2	Partial remission	0	yes	PR	yes	4	4	4	0	1	RECOVERABLE		ctg_results_bor_2010_2013.txt :: studies[nct=NCT01403948] :: outcomeMeasures[3] :: groups[OG003] :: classes[0] :: categories[2]
CATEGORY	NCT01403948	ctg_results_bor_2010_2013	3	Best Overall Response Based on All Assessment	OG003	BI 836826 25 mg iv (Caucasian Patients)	0		3	Stable disease	2	yes	SD	yes	4	4	4	0	1	RECOVERABLE		ctg_results_bor_2010_2013.txt :: studies[nct=NCT01403948] :: outcomeMeasures[3] :: groups[OG003] :: classes[0] :: categories[3]
CATEGORY	NCT01403948	ctg_results_bor_2010_2013	3	Best Overall Response Based on All Assessment	OG003	BI 836826 25 mg iv (Caucasian Patients)	0		4	Progressive disease	2	yes	PD	yes	4	4	4	0	1	RECOVERABLE		ctg_results_bor_2010_2013.txt :: studies[nct=NCT01403948] :: outcomeMeasures[3] :: groups[OG003] :: classes[0] :: categories[4]
CATEGORY	NCT01403948	ctg_results_bor_2010_2013	3	Best Overall Response Based on All Assessment	OG003	BI 836826 25 mg iv (Caucasian Patients)	0		5	Missing	0	yes		dropped	4	4	4	0	1	RECOVERABLE		ctg_results_bor_2010_2013.txt :: studies[nct=NCT01403948] :: outcomeMeasures[3] :: groups[OG003] :: classes[0] :: categories[5]
CLASS	NCT01403948	ctg_results_bor_2010_2013	3	Best Overall Response Based on All Assessment	OG004	BI 836826 50 mg iv (Caucasian Patients)	0								6	6	6	0	1	RECOVERABLE	repeated cross-class assignment (values agreed) for CR ; sum of cells 5 != reported denominator 6 (difference -1)	ctg_results_bor_2010_2013.txt :: studies[nct=NCT01403948] :: outcomeMeasures[3] :: groups[OG004] :: classes[0]
CATEGORY	NCT01403948	ctg_results_bor_2010_2013	3	Best Overall Response Based on All Assessment	OG004	BI 836826 50 mg iv (Caucasian Patients)	0		0	Complete remission	0	yes	CR	overwritten	6	6	6	0	1	RECOVERABLE		ctg_results_bor_2010_2013.txt :: studies[nct=NCT01403948] :: outcomeMeasures[3] :: groups[OG004] :: classes[0] :: categories[0]
CATEGORY	NCT01403948	ctg_results_bor_2010_2013	3	Best Overall Response Based on All Assessment	OG004	BI 836826 50 mg iv (Caucasian Patients)	0		1	Complete remission unconfirmed	0	yes	CR	yes	6	6	6	0	1	RECOVERABLE		ctg_results_bor_2010_2013.txt :: studies[nct=NCT01403948] :: outcomeMeasures[3] :: groups[OG004] :: classes[0] :: categories[1]
CATEGORY	NCT01403948	ctg_results_bor_2010_2013	3	Best Overall Response Based on All Assessment	OG004	BI 836826 50 mg iv (Caucasian Patients)	0		2	Partial remission	1	yes	PR	yes	6	6	6	0	1	RECOVERABLE		ctg_results_bor_2010_2013.txt :: studies[nct=NCT01403948] :: outcomeMeasures[3] :: groups[OG004] :: classes[0] :: categories[2]
CATEGORY	NCT01403948	ctg_results_bor_2010_2013	3	Best Overall Response Based on All Assessment	OG004	BI 836826 50 mg iv (Caucasian Patients)	0		3	Stable disease	3	yes	SD	yes	6	6	6	0	1	RECOVERABLE		ctg_results_bor_2010_2013.txt :: studies[nct=NCT01403948] :: outcomeMeasures[3] :: groups[OG004] :: classes[0] :: categories[3]
CATEGORY	NCT01403948	ctg_results_bor_2010_2013	3	Best Overall Response Based on All Assessment	OG004	BI 836826 50 mg iv (Caucasian Patients)	0		4	Progressive disease	1	yes	PD	yes	6	6	6	0	1	RECOVERABLE		ctg_results_bor_2010_2013.txt :: studies[nct=NCT01403948] :: outcomeMeasures[3] :: groups[OG004] :: classes[0] :: categories[4]
CATEGORY	NCT01403948	ctg_results_bor_2010_2013	3	Best Overall Response Based on All Assessment	OG004	BI 836826 50 mg iv (Caucasian Patients)	0		5	Missing	1	yes		dropped	6	6	6	0	1	RECOVERABLE		ctg_results_bor_2010_2013.txt :: studies[nct=NCT01403948] :: outcomeMeasures[3] :: groups[OG004] :: classes[0] :: categories[5]
CLASS	NCT01403948	ctg_results_bor_2010_2013	3	Best Overall Response Based on All Assessment	OG005	BI 836826 50mg iv (Korean Patients)	0								7	7	7	0	1	RECOVERABLE_DENOM_ONLY	cross-class overwrite with conflicting values for CR (last class wins)	ctg_results_bor_2010_2013.txt :: studies[nct=NCT01403948] :: outcomeMeasures[3] :: groups[OG005] :: classes[0]
CATEGORY	NCT01403948	ctg_results_bor_2010_2013	3	Best Overall Response Based on All Assessment	OG005	BI 836826 50mg iv (Korean Patients)	0		0	Complete remission	1	yes	CR	overwritten	7	7	7	0	1	RECOVERABLE_DENOM_ONLY		ctg_results_bor_2010_2013.txt :: studies[nct=NCT01403948] :: outcomeMeasures[3] :: groups[OG005] :: classes[0] :: categories[0]
CATEGORY	NCT01403948	ctg_results_bor_2010_2013	3	Best Overall Response Based on All Assessment	OG005	BI 836826 50mg iv (Korean Patients)	0		1	Complete remission unconfirmed	0	yes	CR	yes	7	7	7	0	1	RECOVERABLE_DENOM_ONLY		ctg_results_bor_2010_2013.txt :: studies[nct=NCT01403948] :: outcomeMeasures[3] :: groups[OG005] :: classes[0] :: categories[1]
CATEGORY	NCT01403948	ctg_results_bor_2010_2013	3	Best Overall Response Based on All Assessment	OG005	BI 836826 50mg iv (Korean Patients)	0		2	Partial remission	0	yes	PR	yes	7	7	7	0	1	RECOVERABLE_DENOM_ONLY		ctg_results_bor_2010_2013.txt :: studies[nct=NCT01403948] :: outcomeMeasures[3] :: groups[OG005] :: classes[0] :: categories[2]
CATEGORY	NCT01403948	ctg_results_bor_2010_2013	3	Best Overall Response Based on All Assessment	OG005	BI 836826 50mg iv (Korean Patients)	0		3	Stable disease	3	yes	SD	yes	7	7	7	0	1	RECOVERABLE_DENOM_ONLY		ctg_results_bor_2010_2013.txt :: studies[nct=NCT01403948] :: outcomeMeasures[3] :: groups[OG005] :: classes[0] :: categories[3]
CATEGORY	NCT01403948	ctg_results_bor_2010_2013	3	Best Overall Response Based on All Assessment	OG005	BI 836826 50mg iv (Korean Patients)	0		4	Progressive disease	3	yes	PD	yes	7	7	7	0	1	RECOVERABLE_DENOM_ONLY		ctg_results_bor_2010_2013.txt :: studies[nct=NCT01403948] :: outcomeMeasures[3] :: groups[OG005] :: classes[0] :: categories[4]
CATEGORY	NCT01403948	ctg_results_bor_2010_2013	3	Best Overall Response Based on All Assessment	OG005	BI 836826 50mg iv (Korean Patients)	0		5	Missing	0	yes		dropped	7	7	7	0	1	RECOVERABLE_DENOM_ONLY		ctg_results_bor_2010_2013.txt :: studies[nct=NCT01403948] :: outcomeMeasures[3] :: groups[OG005] :: classes[0] :: categories[5]
CLASS	NCT01403948	ctg_results_bor_2010_2013	3	Best Overall Response Based on All Assessment	OG006	BI 836826 100 mg iv (Caucasian Patients)	0								6	6	6	0	1	RECOVERABLE	repeated cross-class assignment (values agreed) for CR ; sum of cells 5 != reported denominator 6 (difference -1)	ctg_results_bor_2010_2013.txt :: studies[nct=NCT01403948] :: outcomeMeasures[3] :: groups[OG006] :: classes[0]
CATEGORY	NCT01403948	ctg_results_bor_2010_2013	3	Best Overall Response Based on All Assessment	OG006	BI 836826 100 mg iv (Caucasian Patients)	0		0	Complete remission	0	yes	CR	overwritten	6	6	6	0	1	RECOVERABLE		ctg_results_bor_2010_2013.txt :: studies[nct=NCT01403948] :: outcomeMeasures[3] :: groups[OG006] :: classes[0] :: categories[0]
CATEGORY	NCT01403948	ctg_results_bor_2010_2013	3	Best Overall Response Based on All Assessment	OG006	BI 836826 100 mg iv (Caucasian Patients)	0		1	Complete remission unconfirmed	0	yes	CR	yes	6	6	6	0	1	RECOVERABLE		ctg_results_bor_2010_2013.txt :: studies[nct=NCT01403948] :: outcomeMeasures[3] :: groups[OG006] :: classes[0] :: categories[1]
CATEGORY	NCT01403948	ctg_results_bor_2010_2013	3	Best Overall Response Based on All Assessment	OG006	BI 836826 100 mg iv (Caucasian Patients)	0		2	Partial remission	3	yes	PR	yes	6	6	6	0	1	RECOVERABLE		ctg_results_bor_2010_2013.txt :: studies[nct=NCT01403948] :: outcomeMeasures[3] :: groups[OG006] :: classes[0] :: categories[2]
CATEGORY	NCT01403948	ctg_results_bor_2010_2013	3	Best Overall Response Based on All Assessment	OG006	BI 836826 100 mg iv (Caucasian Patients)	0		3	Stable disease	2	yes	SD	yes	6	6	6	0	1	RECOVERABLE		ctg_results_bor_2010_2013.txt :: studies[nct=NCT01403948] :: outcomeMeasures[3] :: groups[OG006] :: classes[0] :: categories[3]
CATEGORY	NCT01403948	ctg_results_bor_2010_2013	3	Best Overall Response Based on All Assessment	OG006	BI 836826 100 mg iv (Caucasian Patients)	0		4	Progressive disease	0	yes	PD	yes	6	6	6	0	1	RECOVERABLE		ctg_results_bor_2010_2013.txt :: studies[nct=NCT01403948] :: outcomeMeasures[3] :: groups[OG006] :: classes[0] :: categories[4]
CATEGORY	NCT01403948	ctg_results_bor_2010_2013	3	Best Overall Response Based on All Assessment	OG006	BI 836826 100 mg iv (Caucasian Patients)	0		5	Missing	1	yes		dropped	6	6	6	0	1	RECOVERABLE		ctg_results_bor_2010_2013.txt :: studies[nct=NCT01403948] :: outcomeMeasures[3] :: groups[OG006] :: classes[0] :: categories[5]
CLASS	NCT01403948	ctg_results_bor_2010_2013	3	Best Overall Response Based on All Assessment	OG007	BI 836826 100 mg iv (Korean Patients)	0								4	4	4	0	1	RECOVERABLE	repeated cross-class assignment (values agreed) for CR	ctg_results_bor_2010_2013.txt :: studies[nct=NCT01403948] :: outcomeMeasures[3] :: groups[OG007] :: classes[0]
CATEGORY	NCT01403948	ctg_results_bor_2010_2013	3	Best Overall Response Based on All Assessment	OG007	BI 836826 100 mg iv (Korean Patients)	0		0	Complete remission	0	yes	CR	overwritten	4	4	4	0	1	RECOVERABLE		ctg_results_bor_2010_2013.txt :: studies[nct=NCT01403948] :: outcomeMeasures[3] :: groups[OG007] :: classes[0] :: categories[0]
CATEGORY	NCT01403948	ctg_results_bor_2010_2013	3	Best Overall Response Based on All Assessment	OG007	BI 836826 100 mg iv (Korean Patients)	0		1	Complete remission unconfirmed	0	yes	CR	yes	4	4	4	0	1	RECOVERABLE		ctg_results_bor_2010_2013.txt :: studies[nct=NCT01403948] :: outcomeMeasures[3] :: groups[OG007] :: classes[0] :: categories[1]
CATEGORY	NCT01403948	ctg_results_bor_2010_2013	3	Best Overall Response Based on All Assessment	OG007	BI 836826 100 mg iv (Korean Patients)	0		2	Partial remission	0	yes	PR	yes	4	4	4	0	1	RECOVERABLE		ctg_results_bor_2010_2013.txt :: studies[nct=NCT01403948] :: outcomeMeasures[3] :: groups[OG007] :: classes[0] :: categories[2]
CATEGORY	NCT01403948	ctg_results_bor_2010_2013	3	Best Overall Response Based on All Assessment	OG007	BI 836826 100 mg iv (Korean Patients)	0		3	Stable disease	2	yes	SD	yes	4	4	4	0	1	RECOVERABLE		ctg_results_bor_2010_2013.txt :: studies[nct=NCT01403948] :: outcomeMeasures[3] :: groups[OG007] :: classes[0] :: categories[3]
CATEGORY	NCT01403948	ctg_results_bor_2010_2013	3	Best Overall Response Based on All Assessment	OG007	BI 836826 100 mg iv (Korean Patients)	0		4	Progressive disease	2	yes	PD	yes	4	4	4	0	1	RECOVERABLE		ctg_results_bor_2010_2013.txt :: studies[nct=NCT01403948] :: outcomeMeasures[3] :: groups[OG007] :: classes[0] :: categories[4]
CATEGORY	NCT01403948	ctg_results_bor_2010_2013	3	Best Overall Response Based on All Assessment	OG007	BI 836826 100 mg iv (Korean Patients)	0		5	Missing	0	yes		dropped	4	4	4	0	1	RECOVERABLE		ctg_results_bor_2010_2013.txt :: studies[nct=NCT01403948] :: outcomeMeasures[3] :: groups[OG007] :: classes[0] :: categories[5]
CLASS	NCT01403948	ctg_results_bor_2010_2013	3	Best Overall Response Based on All Assessment	OG008	BI 836826 150 mg iv (Caucasian Patients)	0								6	6	6	0	1	RECOVERABLE	repeated cross-class assignment (values agreed) for CR ; sum of cells 5 != reported denominator 6 (difference -1)	ctg_results_bor_2010_2013.txt :: studies[nct=NCT01403948] :: outcomeMeasures[3] :: groups[OG008] :: classes[0]
CATEGORY	NCT01403948	ctg_results_bor_2010_2013	3	Best Overall Response Based on All Assessment	OG008	BI 836826 150 mg iv (Caucasian Patients)	0		0	Complete remission	0	yes	CR	overwritten	6	6	6	0	1	RECOVERABLE		ctg_results_bor_2010_2013.txt :: studies[nct=NCT01403948] :: outcomeMeasures[3] :: groups[OG008] :: classes[0] :: categories[0]
CATEGORY	NCT01403948	ctg_results_bor_2010_2013	3	Best Overall Response Based on All Assessment	OG008	BI 836826 150 mg iv (Caucasian Patients)	0		1	Complete remission unconfirmed	0	yes	CR	yes	6	6	6	0	1	RECOVERABLE		ctg_results_bor_2010_2013.txt :: studies[nct=NCT01403948] :: outcomeMeasures[3] :: groups[OG008] :: classes[0] :: categories[1]
CATEGORY	NCT01403948	ctg_results_bor_2010_2013	3	Best Overall Response Based on All Assessment	OG008	BI 836826 150 mg iv (Caucasian Patients)	0		2	Partial remission	0	yes	PR	yes	6	6	6	0	1	RECOVERABLE		ctg_results_bor_2010_2013.txt :: studies[nct=NCT01403948] :: outcomeMeasures[3] :: groups[OG008] :: classes[0] :: categories[2]
CATEGORY	NCT01403948	ctg_results_bor_2010_2013	3	Best Overall Response Based on All Assessment	OG008	BI 836826 150 mg iv (Caucasian Patients)	0		3	Stable disease	0	yes	SD	yes	6	6	6	0	1	RECOVERABLE		ctg_results_bor_2010_2013.txt :: studies[nct=NCT01403948] :: outcomeMeasures[3] :: groups[OG008] :: classes[0] :: categories[3]
CATEGORY	NCT01403948	ctg_results_bor_2010_2013	3	Best Overall Response Based on All Assessment	OG008	BI 836826 150 mg iv (Caucasian Patients)	0		4	Progressive disease	5	yes	PD	yes	6	6	6	0	1	RECOVERABLE		ctg_results_bor_2010_2013.txt :: studies[nct=NCT01403948] :: outcomeMeasures[3] :: groups[OG008] :: classes[0] :: categories[4]
CATEGORY	NCT01403948	ctg_results_bor_2010_2013	3	Best Overall Response Based on All Assessment	OG008	BI 836826 150 mg iv (Caucasian Patients)	0		5	Missing	1	yes		dropped	6	6	6	0	1	RECOVERABLE		ctg_results_bor_2010_2013.txt :: studies[nct=NCT01403948] :: outcomeMeasures[3] :: groups[OG008] :: classes[0] :: categories[5]
CLASS	NCT01403948	ctg_results_bor_2010_2013	3	Best Overall Response Based on All Assessment	OG009	BI 836826 200 mg iv (Caucasian Patients)	0								7	7	7	0	1	RECOVERABLE	repeated cross-class assignment (values agreed) for CR ; sum of cells 6 != reported denominator 7 (difference -1)	ctg_results_bor_2010_2013.txt :: studies[nct=NCT01403948] :: outcomeMeasures[3] :: groups[OG009] :: classes[0]
CATEGORY	NCT01403948	ctg_results_bor_2010_2013	3	Best Overall Response Based on All Assessment	OG009	BI 836826 200 mg iv (Caucasian Patients)	0		0	Complete remission	0	yes	CR	overwritten	7	7	7	0	1	RECOVERABLE		ctg_results_bor_2010_2013.txt :: studies[nct=NCT01403948] :: outcomeMeasures[3] :: groups[OG009] :: classes[0] :: categories[0]
CATEGORY	NCT01403948	ctg_results_bor_2010_2013	3	Best Overall Response Based on All Assessment	OG009	BI 836826 200 mg iv (Caucasian Patients)	0		1	Complete remission unconfirmed	0	yes	CR	yes	7	7	7	0	1	RECOVERABLE		ctg_results_bor_2010_2013.txt :: studies[nct=NCT01403948] :: outcomeMeasures[3] :: groups[OG009] :: classes[0] :: categories[1]
CATEGORY	NCT01403948	ctg_results_bor_2010_2013	3	Best Overall Response Based on All Assessment	OG009	BI 836826 200 mg iv (Caucasian Patients)	0		2	Partial remission	0	yes	PR	yes	7	7	7	0	1	RECOVERABLE		ctg_results_bor_2010_2013.txt :: studies[nct=NCT01403948] :: outcomeMeasures[3] :: groups[OG009] :: classes[0] :: categories[2]
CATEGORY	NCT01403948	ctg_results_bor_2010_2013	3	Best Overall Response Based on All Assessment	OG009	BI 836826 200 mg iv (Caucasian Patients)	0		3	Stable disease	2	yes	SD	yes	7	7	7	0	1	RECOVERABLE		ctg_results_bor_2010_2013.txt :: studies[nct=NCT01403948] :: outcomeMeasures[3] :: groups[OG009] :: classes[0] :: categories[3]
CATEGORY	NCT01403948	ctg_results_bor_2010_2013	3	Best Overall Response Based on All Assessment	OG009	BI 836826 200 mg iv (Caucasian Patients)	0		4	Progressive disease	4	yes	PD	yes	7	7	7	0	1	RECOVERABLE		ctg_results_bor_2010_2013.txt :: studies[nct=NCT01403948] :: outcomeMeasures[3] :: groups[OG009] :: classes[0] :: categories[4]
CATEGORY	NCT01403948	ctg_results_bor_2010_2013	3	Best Overall Response Based on All Assessment	OG009	BI 836826 200 mg iv (Caucasian Patients)	0		5	Missing	1	yes		dropped	7	7	7	0	1	RECOVERABLE		ctg_results_bor_2010_2013.txt :: studies[nct=NCT01403948] :: outcomeMeasures[3] :: groups[OG009] :: classes[0] :: categories[5]
CLASS	NCT01403948	ctg_results_bor_2010_2013	4	Best Overall Response Based on Imaging Data	OG000	BI 836826 1 mg iv (Caucasian Patients)	0								1	1	1	0	1	RECOVERABLE	repeated cross-class assignment (values agreed) for CR	ctg_results_bor_2010_2013.txt :: studies[nct=NCT01403948] :: outcomeMeasures[4] :: groups[OG000] :: classes[0]
CATEGORY	NCT01403948	ctg_results_bor_2010_2013	4	Best Overall Response Based on Imaging Data	OG000	BI 836826 1 mg iv (Caucasian Patients)	0		0	Complete remission	0	yes	CR	overwritten	1	1	1	0	1	RECOVERABLE		ctg_results_bor_2010_2013.txt :: studies[nct=NCT01403948] :: outcomeMeasures[4] :: groups[OG000] :: classes[0] :: categories[0]
CATEGORY	NCT01403948	ctg_results_bor_2010_2013	4	Best Overall Response Based on Imaging Data	OG000	BI 836826 1 mg iv (Caucasian Patients)	0		1	Complete remission unconfirmed	0	yes	CR	yes	1	1	1	0	1	RECOVERABLE		ctg_results_bor_2010_2013.txt :: studies[nct=NCT01403948] :: outcomeMeasures[4] :: groups[OG000] :: classes[0] :: categories[1]
CATEGORY	NCT01403948	ctg_results_bor_2010_2013	4	Best Overall Response Based on Imaging Data	OG000	BI 836826 1 mg iv (Caucasian Patients)	0		2	Partial remission	0	yes	PR	yes	1	1	1	0	1	RECOVERABLE		ctg_results_bor_2010_2013.txt :: studies[nct=NCT01403948] :: outcomeMeasures[4] :: groups[OG000] :: classes[0] :: categories[2]
CATEGORY	NCT01403948	ctg_results_bor_2010_2013	4	Best Overall Response Based on Imaging Data	OG000	BI 836826 1 mg iv (Caucasian Patients)	0		3	Stable disease	1	yes	SD	yes	1	1	1	0	1	RECOVERABLE		ctg_results_bor_2010_2013.txt :: studies[nct=NCT01403948] :: outcomeMeasures[4] :: groups[OG000] :: classes[0] :: categories[3]
CATEGORY	NCT01403948	ctg_results_bor_2010_2013	4	Best Overall Response Based on Imaging Data	OG000	BI 836826 1 mg iv (Caucasian Patients)	0		4	Progressive disease	0	yes	PD	yes	1	1	1	0	1	RECOVERABLE		ctg_results_bor_2010_2013.txt :: studies[nct=NCT01403948] :: outcomeMeasures[4] :: groups[OG000] :: classes[0] :: categories[4]
CATEGORY	NCT01403948	ctg_results_bor_2010_2013	4	Best Overall Response Based on Imaging Data	OG000	BI 836826 1 mg iv (Caucasian Patients)	0		5	Missing	0	yes		dropped	1	1	1	0	1	RECOVERABLE		ctg_results_bor_2010_2013.txt :: studies[nct=NCT01403948] :: outcomeMeasures[4] :: groups[OG000] :: classes[0] :: categories[5]
CLASS	NCT01403948	ctg_results_bor_2010_2013	4	Best Overall Response Based on Imaging Data	OG001	BI 836826 3 mg iv (Caucasian Patients)	0								4	4	4	0	1	RECOVERABLE	repeated cross-class assignment (values agreed) for CR ; sum of cells 3 != reported denominator 4 (difference -1)	ctg_results_bor_2010_2013.txt :: studies[nct=NCT01403948] :: outcomeMeasures[4] :: groups[OG001] :: classes[0]
CATEGORY	NCT01403948	ctg_results_bor_2010_2013	4	Best Overall Response Based on Imaging Data	OG001	BI 836826 3 mg iv (Caucasian Patients)	0		0	Complete remission	0	yes	CR	overwritten	4	4	4	0	1	RECOVERABLE		ctg_results_bor_2010_2013.txt :: studies[nct=NCT01403948] :: outcomeMeasures[4] :: groups[OG001] :: classes[0] :: categories[0]
CATEGORY	NCT01403948	ctg_results_bor_2010_2013	4	Best Overall Response Based on Imaging Data	OG001	BI 836826 3 mg iv (Caucasian Patients)	0		1	Complete remission unconfirmed	0	yes	CR	yes	4	4	4	0	1	RECOVERABLE		ctg_results_bor_2010_2013.txt :: studies[nct=NCT01403948] :: outcomeMeasures[4] :: groups[OG001] :: classes[0] :: categories[1]
CATEGORY	NCT01403948	ctg_results_bor_2010_2013	4	Best Overall Response Based on Imaging Data	OG001	BI 836826 3 mg iv (Caucasian Patients)	0		2	Partial remission	0	yes	PR	yes	4	4	4	0	1	RECOVERABLE		ctg_results_bor_2010_2013.txt :: studies[nct=NCT01403948] :: outcomeMeasures[4] :: groups[OG001] :: classes[0] :: categories[2]
CATEGORY	NCT01403948	ctg_results_bor_2010_2013	4	Best Overall Response Based on Imaging Data	OG001	BI 836826 3 mg iv (Caucasian Patients)	0		3	Stable disease	1	yes	SD	yes	4	4	4	0	1	RECOVERABLE		ctg_results_bor_2010_2013.txt :: studies[nct=NCT01403948] :: outcomeMeasures[4] :: groups[OG001] :: classes[0] :: categories[3]
CATEGORY	NCT01403948	ctg_results_bor_2010_2013	4	Best Overall Response Based on Imaging Data	OG001	BI 836826 3 mg iv (Caucasian Patients)	0		4	Progressive disease	2	yes	PD	yes	4	4	4	0	1	RECOVERABLE		ctg_results_bor_2010_2013.txt :: studies[nct=NCT01403948] :: outcomeMeasures[4] :: groups[OG001] :: classes[0] :: categories[4]
CATEGORY	NCT01403948	ctg_results_bor_2010_2013	4	Best Overall Response Based on Imaging Data	OG001	BI 836826 3 mg iv (Caucasian Patients)	0		5	Missing	1	yes		dropped	4	4	4	0	1	RECOVERABLE		ctg_results_bor_2010_2013.txt :: studies[nct=NCT01403948] :: outcomeMeasures[4] :: groups[OG001] :: classes[0] :: categories[5]
CLASS	NCT01403948	ctg_results_bor_2010_2013	4	Best Overall Response Based on Imaging Data	OG002	BI 836826 9 mg iv (Caucasian Patients)	0								3	3	3	0	1	RECOVERABLE	repeated cross-class assignment (values agreed) for CR	ctg_results_bor_2010_2013.txt :: studies[nct=NCT01403948] :: outcomeMeasures[4] :: groups[OG002] :: classes[0]
CATEGORY	NCT01403948	ctg_results_bor_2010_2013	4	Best Overall Response Based on Imaging Data	OG002	BI 836826 9 mg iv (Caucasian Patients)	0		0	Complete remission	0	yes	CR	overwritten	3	3	3	0	1	RECOVERABLE		ctg_results_bor_2010_2013.txt :: studies[nct=NCT01403948] :: outcomeMeasures[4] :: groups[OG002] :: classes[0] :: categories[0]
CATEGORY	NCT01403948	ctg_results_bor_2010_2013	4	Best Overall Response Based on Imaging Data	OG002	BI 836826 9 mg iv (Caucasian Patients)	0		1	Complete remission unconfirmed	0	yes	CR	yes	3	3	3	0	1	RECOVERABLE		ctg_results_bor_2010_2013.txt :: studies[nct=NCT01403948] :: outcomeMeasures[4] :: groups[OG002] :: classes[0] :: categories[1]
CATEGORY	NCT01403948	ctg_results_bor_2010_2013	4	Best Overall Response Based on Imaging Data	OG002	BI 836826 9 mg iv (Caucasian Patients)	0		2	Partial remission	0	yes	PR	yes	3	3	3	0	1	RECOVERABLE		ctg_results_bor_2010_2013.txt :: studies[nct=NCT01403948] :: outcomeMeasures[4] :: groups[OG002] :: classes[0] :: categories[2]
CATEGORY	NCT01403948	ctg_results_bor_2010_2013	4	Best Overall Response Based on Imaging Data	OG002	BI 836826 9 mg iv (Caucasian Patients)	0		3	Stable disease	1	yes	SD	yes	3	3	3	0	1	RECOVERABLE		ctg_results_bor_2010_2013.txt :: studies[nct=NCT01403948] :: outcomeMeasures[4] :: groups[OG002] :: classes[0] :: categories[3]
CATEGORY	NCT01403948	ctg_results_bor_2010_2013	4	Best Overall Response Based on Imaging Data	OG002	BI 836826 9 mg iv (Caucasian Patients)	0		4	Progressive disease	2	yes	PD	yes	3	3	3	0	1	RECOVERABLE		ctg_results_bor_2010_2013.txt :: studies[nct=NCT01403948] :: outcomeMeasures[4] :: groups[OG002] :: classes[0] :: categories[4]
CATEGORY	NCT01403948	ctg_results_bor_2010_2013	4	Best Overall Response Based on Imaging Data	OG002	BI 836826 9 mg iv (Caucasian Patients)	0		5	Missing	0	yes		dropped	3	3	3	0	1	RECOVERABLE		ctg_results_bor_2010_2013.txt :: studies[nct=NCT01403948] :: outcomeMeasures[4] :: groups[OG002] :: classes[0] :: categories[5]
CLASS	NCT01403948	ctg_results_bor_2010_2013	4	Best Overall Response Based on Imaging Data	OG003	BI 836826 25 mg iv (Caucasian Patients)	0								4	4	4	0	1	RECOVERABLE	repeated cross-class assignment (values agreed) for CR	ctg_results_bor_2010_2013.txt :: studies[nct=NCT01403948] :: outcomeMeasures[4] :: groups[OG003] :: classes[0]
CATEGORY	NCT01403948	ctg_results_bor_2010_2013	4	Best Overall Response Based on Imaging Data	OG003	BI 836826 25 mg iv (Caucasian Patients)	0		0	Complete remission	0	yes	CR	overwritten	4	4	4	0	1	RECOVERABLE		ctg_results_bor_2010_2013.txt :: studies[nct=NCT01403948] :: outcomeMeasures[4] :: groups[OG003] :: classes[0] :: categories[0]
CATEGORY	NCT01403948	ctg_results_bor_2010_2013	4	Best Overall Response Based on Imaging Data	OG003	BI 836826 25 mg iv (Caucasian Patients)	0		1	Complete remission unconfirmed	0	yes	CR	yes	4	4	4	0	1	RECOVERABLE		ctg_results_bor_2010_2013.txt :: studies[nct=NCT01403948] :: outcomeMeasures[4] :: groups[OG003] :: classes[0] :: categories[1]
CATEGORY	NCT01403948	ctg_results_bor_2010_2013	4	Best Overall Response Based on Imaging Data	OG003	BI 836826 25 mg iv (Caucasian Patients)	0		2	Partial remission	0	yes	PR	yes	4	4	4	0	1	RECOVERABLE		ctg_results_bor_2010_2013.txt :: studies[nct=NCT01403948] :: outcomeMeasures[4] :: groups[OG003] :: classes[0] :: categories[2]
CATEGORY	NCT01403948	ctg_results_bor_2010_2013	4	Best Overall Response Based on Imaging Data	OG003	BI 836826 25 mg iv (Caucasian Patients)	0		3	Stable disease	0	yes	SD	yes	4	4	4	0	1	RECOVERABLE		ctg_results_bor_2010_2013.txt :: studies[nct=NCT01403948] :: outcomeMeasures[4] :: groups[OG003] :: classes[0] :: categories[3]
CATEGORY	NCT01403948	ctg_results_bor_2010_2013	4	Best Overall Response Based on Imaging Data	OG003	BI 836826 25 mg iv (Caucasian Patients)	0		4	Progressive disease	4	yes	PD	yes	4	4	4	0	1	RECOVERABLE		ctg_results_bor_2010_2013.txt :: studies[nct=NCT01403948] :: outcomeMeasures[4] :: groups[OG003] :: classes[0] :: categories[4]
CATEGORY	NCT01403948	ctg_results_bor_2010_2013	4	Best Overall Response Based on Imaging Data	OG003	BI 836826 25 mg iv (Caucasian Patients)	0		5	Missing	0	yes		dropped	4	4	4	0	1	RECOVERABLE		ctg_results_bor_2010_2013.txt :: studies[nct=NCT01403948] :: outcomeMeasures[4] :: groups[OG003] :: classes[0] :: categories[5]
CLASS	NCT01403948	ctg_results_bor_2010_2013	4	Best Overall Response Based on Imaging Data	OG004	BI 836826 50 mg iv (Caucasian Patients)	0								6	6	6	0	1	RECOVERABLE	repeated cross-class assignment (values agreed) for CR ; sum of cells 5 != reported denominator 6 (difference -1)	ctg_results_bor_2010_2013.txt :: studies[nct=NCT01403948] :: outcomeMeasures[4] :: groups[OG004] :: classes[0]
CATEGORY	NCT01403948	ctg_results_bor_2010_2013	4	Best Overall Response Based on Imaging Data	OG004	BI 836826 50 mg iv (Caucasian Patients)	0		0	Complete remission	0	yes	CR	overwritten	6	6	6	0	1	RECOVERABLE		ctg_results_bor_2010_2013.txt :: studies[nct=NCT01403948] :: outcomeMeasures[4] :: groups[OG004] :: classes[0] :: categories[0]
CATEGORY	NCT01403948	ctg_results_bor_2010_2013	4	Best Overall Response Based on Imaging Data	OG004	BI 836826 50 mg iv (Caucasian Patients)	0		1	Complete remission unconfirmed	0	yes	CR	yes	6	6	6	0	1	RECOVERABLE		ctg_results_bor_2010_2013.txt :: studies[nct=NCT01403948] :: outcomeMeasures[4] :: groups[OG004] :: classes[0] :: categories[1]
CATEGORY	NCT01403948	ctg_results_bor_2010_2013	4	Best Overall Response Based on Imaging Data	OG004	BI 836826 50 mg iv (Caucasian Patients)	0		2	Partial remission	0	yes	PR	yes	6	6	6	0	1	RECOVERABLE		ctg_results_bor_2010_2013.txt :: studies[nct=NCT01403948] :: outcomeMeasures[4] :: groups[OG004] :: classes[0] :: categories[2]
CATEGORY	NCT01403948	ctg_results_bor_2010_2013	4	Best Overall Response Based on Imaging Data	OG004	BI 836826 50 mg iv (Caucasian Patients)	0		3	Stable disease	3	yes	SD	yes	6	6	6	0	1	RECOVERABLE		ctg_results_bor_2010_2013.txt :: studies[nct=NCT01403948] :: outcomeMeasures[4] :: groups[OG004] :: classes[0] :: categories[3]
CATEGORY	NCT01403948	ctg_results_bor_2010_2013	4	Best Overall Response Based on Imaging Data	OG004	BI 836826 50 mg iv (Caucasian Patients)	0		4	Progressive disease	2	yes	PD	yes	6	6	6	0	1	RECOVERABLE		ctg_results_bor_2010_2013.txt :: studies[nct=NCT01403948] :: outcomeMeasures[4] :: groups[OG004] :: classes[0] :: categories[4]
CATEGORY	NCT01403948	ctg_results_bor_2010_2013	4	Best Overall Response Based on Imaging Data	OG004	BI 836826 50 mg iv (Caucasian Patients)	0		5	Missing	1	yes		dropped	6	6	6	0	1	RECOVERABLE		ctg_results_bor_2010_2013.txt :: studies[nct=NCT01403948] :: outcomeMeasures[4] :: groups[OG004] :: classes[0] :: categories[5]
CLASS	NCT01403948	ctg_results_bor_2010_2013	4	Best Overall Response Based on Imaging Data	OG005	BI 836826 50mg iv (Korean Patients)	0								7	7	7	0	1	RECOVERABLE_DENOM_ONLY	cross-class overwrite with conflicting values for CR (last class wins)	ctg_results_bor_2010_2013.txt :: studies[nct=NCT01403948] :: outcomeMeasures[4] :: groups[OG005] :: classes[0]
CATEGORY	NCT01403948	ctg_results_bor_2010_2013	4	Best Overall Response Based on Imaging Data	OG005	BI 836826 50mg iv (Korean Patients)	0		0	Complete remission	1	yes	CR	overwritten	7	7	7	0	1	RECOVERABLE_DENOM_ONLY		ctg_results_bor_2010_2013.txt :: studies[nct=NCT01403948] :: outcomeMeasures[4] :: groups[OG005] :: classes[0] :: categories[0]
CATEGORY	NCT01403948	ctg_results_bor_2010_2013	4	Best Overall Response Based on Imaging Data	OG005	BI 836826 50mg iv (Korean Patients)	0		1	Complete remission unconfirmed	0	yes	CR	yes	7	7	7	0	1	RECOVERABLE_DENOM_ONLY		ctg_results_bor_2010_2013.txt :: studies[nct=NCT01403948] :: outcomeMeasures[4] :: groups[OG005] :: classes[0] :: categories[1]
CATEGORY	NCT01403948	ctg_results_bor_2010_2013	4	Best Overall Response Based on Imaging Data	OG005	BI 836826 50mg iv (Korean Patients)	0		2	Partial remission	0	yes	PR	yes	7	7	7	0	1	RECOVERABLE_DENOM_ONLY		ctg_results_bor_2010_2013.txt :: studies[nct=NCT01403948] :: outcomeMeasures[4] :: groups[OG005] :: classes[0] :: categories[2]
CATEGORY	NCT01403948	ctg_results_bor_2010_2013	4	Best Overall Response Based on Imaging Data	OG005	BI 836826 50mg iv (Korean Patients)	0		3	Stable disease	1	yes	SD	yes	7	7	7	0	1	RECOVERABLE_DENOM_ONLY		ctg_results_bor_2010_2013.txt :: studies[nct=NCT01403948] :: outcomeMeasures[4] :: groups[OG005] :: classes[0] :: categories[3]
CATEGORY	NCT01403948	ctg_results_bor_2010_2013	4	Best Overall Response Based on Imaging Data	OG005	BI 836826 50mg iv (Korean Patients)	0		4	Progressive disease	5	yes	PD	yes	7	7	7	0	1	RECOVERABLE_DENOM_ONLY		ctg_results_bor_2010_2013.txt :: studies[nct=NCT01403948] :: outcomeMeasures[4] :: groups[OG005] :: classes[0] :: categories[4]
CATEGORY	NCT01403948	ctg_results_bor_2010_2013	4	Best Overall Response Based on Imaging Data	OG005	BI 836826 50mg iv (Korean Patients)	0		5	Missing	0	yes		dropped	7	7	7	0	1	RECOVERABLE_DENOM_ONLY		ctg_results_bor_2010_2013.txt :: studies[nct=NCT01403948] :: outcomeMeasures[4] :: groups[OG005] :: classes[0] :: categories[5]
CLASS	NCT01403948	ctg_results_bor_2010_2013	4	Best Overall Response Based on Imaging Data	OG006	BI 836826 100 mg iv (Caucasian Patients)	0								6	6	6	0	1	RECOVERABLE	repeated cross-class assignment (values agreed) for CR ; sum of cells 5 != reported denominator 6 (difference -1)	ctg_results_bor_2010_2013.txt :: studies[nct=NCT01403948] :: outcomeMeasures[4] :: groups[OG006] :: classes[0]
CATEGORY	NCT01403948	ctg_results_bor_2010_2013	4	Best Overall Response Based on Imaging Data	OG006	BI 836826 100 mg iv (Caucasian Patients)	0		0	Complete remission	0	yes	CR	overwritten	6	6	6	0	1	RECOVERABLE		ctg_results_bor_2010_2013.txt :: studies[nct=NCT01403948] :: outcomeMeasures[4] :: groups[OG006] :: classes[0] :: categories[0]
CATEGORY	NCT01403948	ctg_results_bor_2010_2013	4	Best Overall Response Based on Imaging Data	OG006	BI 836826 100 mg iv (Caucasian Patients)	0		1	Complete remission unconfirmed	0	yes	CR	yes	6	6	6	0	1	RECOVERABLE		ctg_results_bor_2010_2013.txt :: studies[nct=NCT01403948] :: outcomeMeasures[4] :: groups[OG006] :: classes[0] :: categories[1]
CATEGORY	NCT01403948	ctg_results_bor_2010_2013	4	Best Overall Response Based on Imaging Data	OG006	BI 836826 100 mg iv (Caucasian Patients)	0		2	Partial remission	2	yes	PR	yes	6	6	6	0	1	RECOVERABLE		ctg_results_bor_2010_2013.txt :: studies[nct=NCT01403948] :: outcomeMeasures[4] :: groups[OG006] :: classes[0] :: categories[2]
CATEGORY	NCT01403948	ctg_results_bor_2010_2013	4	Best Overall Response Based on Imaging Data	OG006	BI 836826 100 mg iv (Caucasian Patients)	0		3	Stable disease	1	yes	SD	yes	6	6	6	0	1	RECOVERABLE		ctg_results_bor_2010_2013.txt :: studies[nct=NCT01403948] :: outcomeMeasures[4] :: groups[OG006] :: classes[0] :: categories[3]
CATEGORY	NCT01403948	ctg_results_bor_2010_2013	4	Best Overall Response Based on Imaging Data	OG006	BI 836826 100 mg iv (Caucasian Patients)	0		4	Progressive disease	2	yes	PD	yes	6	6	6	0	1	RECOVERABLE		ctg_results_bor_2010_2013.txt :: studies[nct=NCT01403948] :: outcomeMeasures[4] :: groups[OG006] :: classes[0] :: categories[4]
CATEGORY	NCT01403948	ctg_results_bor_2010_2013	4	Best Overall Response Based on Imaging Data	OG006	BI 836826 100 mg iv (Caucasian Patients)	0		5	Missing	1	yes		dropped	6	6	6	0	1	RECOVERABLE		ctg_results_bor_2010_2013.txt :: studies[nct=NCT01403948] :: outcomeMeasures[4] :: groups[OG006] :: classes[0] :: categories[5]
CLASS	NCT01403948	ctg_results_bor_2010_2013	4	Best Overall Response Based on Imaging Data	OG007	BI 836826 100 mg iv (Korean Patients)	0								4	4	4	0	1	RECOVERABLE	repeated cross-class assignment (values agreed) for CR	ctg_results_bor_2010_2013.txt :: studies[nct=NCT01403948] :: outcomeMeasures[4] :: groups[OG007] :: classes[0]
CATEGORY	NCT01403948	ctg_results_bor_2010_2013	4	Best Overall Response Based on Imaging Data	OG007	BI 836826 100 mg iv (Korean Patients)	0		0	Complete remission	0	yes	CR	overwritten	4	4	4	0	1	RECOVERABLE		ctg_results_bor_2010_2013.txt :: studies[nct=NCT01403948] :: outcomeMeasures[4] :: groups[OG007] :: classes[0] :: categories[0]
CATEGORY	NCT01403948	ctg_results_bor_2010_2013	4	Best Overall Response Based on Imaging Data	OG007	BI 836826 100 mg iv (Korean Patients)	0		1	Complete remission unconfirmed	0	yes	CR	yes	4	4	4	0	1	RECOVERABLE		ctg_results_bor_2010_2013.txt :: studies[nct=NCT01403948] :: outcomeMeasures[4] :: groups[OG007] :: classes[0] :: categories[1]
CATEGORY	NCT01403948	ctg_results_bor_2010_2013	4	Best Overall Response Based on Imaging Data	OG007	BI 836826 100 mg iv (Korean Patients)	0		2	Partial remission	0	yes	PR	yes	4	4	4	0	1	RECOVERABLE		ctg_results_bor_2010_2013.txt :: studies[nct=NCT01403948] :: outcomeMeasures[4] :: groups[OG007] :: classes[0] :: categories[2]
CATEGORY	NCT01403948	ctg_results_bor_2010_2013	4	Best Overall Response Based on Imaging Data	OG007	BI 836826 100 mg iv (Korean Patients)	0		3	Stable disease	0	yes	SD	yes	4	4	4	0	1	RECOVERABLE		ctg_results_bor_2010_2013.txt :: studies[nct=NCT01403948] :: outcomeMeasures[4] :: groups[OG007] :: classes[0] :: categories[3]
CATEGORY	NCT01403948	ctg_results_bor_2010_2013	4	Best Overall Response Based on Imaging Data	OG007	BI 836826 100 mg iv (Korean Patients)	0		4	Progressive disease	4	yes	PD	yes	4	4	4	0	1	RECOVERABLE		ctg_results_bor_2010_2013.txt :: studies[nct=NCT01403948] :: outcomeMeasures[4] :: groups[OG007] :: classes[0] :: categories[4]
CATEGORY	NCT01403948	ctg_results_bor_2010_2013	4	Best Overall Response Based on Imaging Data	OG007	BI 836826 100 mg iv (Korean Patients)	0		5	Missing	0	yes		dropped	4	4	4	0	1	RECOVERABLE		ctg_results_bor_2010_2013.txt :: studies[nct=NCT01403948] :: outcomeMeasures[4] :: groups[OG007] :: classes[0] :: categories[5]
CLASS	NCT01403948	ctg_results_bor_2010_2013	4	Best Overall Response Based on Imaging Data	OG008	BI 836826 150 mg iv (Caucasian Patients)	0								6	6	6	0	1	RECOVERABLE	repeated cross-class assignment (values agreed) for CR ; sum of cells 5 != reported denominator 6 (difference -1)	ctg_results_bor_2010_2013.txt :: studies[nct=NCT01403948] :: outcomeMeasures[4] :: groups[OG008] :: classes[0]
CATEGORY	NCT01403948	ctg_results_bor_2010_2013	4	Best Overall Response Based on Imaging Data	OG008	BI 836826 150 mg iv (Caucasian Patients)	0		0	Complete remission	0	yes	CR	overwritten	6	6	6	0	1	RECOVERABLE		ctg_results_bor_2010_2013.txt :: studies[nct=NCT01403948] :: outcomeMeasures[4] :: groups[OG008] :: classes[0] :: categories[0]
CATEGORY	NCT01403948	ctg_results_bor_2010_2013	4	Best Overall Response Based on Imaging Data	OG008	BI 836826 150 mg iv (Caucasian Patients)	0		1	Complete remission unconfirmed	0	yes	CR	yes	6	6	6	0	1	RECOVERABLE		ctg_results_bor_2010_2013.txt :: studies[nct=NCT01403948] :: outcomeMeasures[4] :: groups[OG008] :: classes[0] :: categories[1]
CATEGORY	NCT01403948	ctg_results_bor_2010_2013	4	Best Overall Response Based on Imaging Data	OG008	BI 836826 150 mg iv (Caucasian Patients)	0		2	Partial remission	0	yes	PR	yes	6	6	6	0	1	RECOVERABLE		ctg_results_bor_2010_2013.txt :: studies[nct=NCT01403948] :: outcomeMeasures[4] :: groups[OG008] :: classes[0] :: categories[2]
CATEGORY	NCT01403948	ctg_results_bor_2010_2013	4	Best Overall Response Based on Imaging Data	OG008	BI 836826 150 mg iv (Caucasian Patients)	0		3	Stable disease	0	yes	SD	yes	6	6	6	0	1	RECOVERABLE		ctg_results_bor_2010_2013.txt :: studies[nct=NCT01403948] :: outcomeMeasures[4] :: groups[OG008] :: classes[0] :: categories[3]
CATEGORY	NCT01403948	ctg_results_bor_2010_2013	4	Best Overall Response Based on Imaging Data	OG008	BI 836826 150 mg iv (Caucasian Patients)	0		4	Progressive disease	5	yes	PD	yes	6	6	6	0	1	RECOVERABLE		ctg_results_bor_2010_2013.txt :: studies[nct=NCT01403948] :: outcomeMeasures[4] :: groups[OG008] :: classes[0] :: categories[4]
CATEGORY	NCT01403948	ctg_results_bor_2010_2013	4	Best Overall Response Based on Imaging Data	OG008	BI 836826 150 mg iv (Caucasian Patients)	0		5	Missing	1	yes		dropped	6	6	6	0	1	RECOVERABLE		ctg_results_bor_2010_2013.txt :: studies[nct=NCT01403948] :: outcomeMeasures[4] :: groups[OG008] :: classes[0] :: categories[5]
CLASS	NCT01403948	ctg_results_bor_2010_2013	4	Best Overall Response Based on Imaging Data	OG009	BI 836826 200 mg iv (Caucasian Patients)	0								7	7	7	0	1	RECOVERABLE	repeated cross-class assignment (values agreed) for CR ; sum of cells 6 != reported denominator 7 (difference -1)	ctg_results_bor_2010_2013.txt :: studies[nct=NCT01403948] :: outcomeMeasures[4] :: groups[OG009] :: classes[0]
CATEGORY	NCT01403948	ctg_results_bor_2010_2013	4	Best Overall Response Based on Imaging Data	OG009	BI 836826 200 mg iv (Caucasian Patients)	0		0	Complete remission	0	yes	CR	overwritten	7	7	7	0	1	RECOVERABLE		ctg_results_bor_2010_2013.txt :: studies[nct=NCT01403948] :: outcomeMeasures[4] :: groups[OG009] :: classes[0] :: categories[0]
CATEGORY	NCT01403948	ctg_results_bor_2010_2013	4	Best Overall Response Based on Imaging Data	OG009	BI 836826 200 mg iv (Caucasian Patients)	0		1	Complete remission unconfirmed	0	yes	CR	yes	7	7	7	0	1	RECOVERABLE		ctg_results_bor_2010_2013.txt :: studies[nct=NCT01403948] :: outcomeMeasures[4] :: groups[OG009] :: classes[0] :: categories[1]
CATEGORY	NCT01403948	ctg_results_bor_2010_2013	4	Best Overall Response Based on Imaging Data	OG009	BI 836826 200 mg iv (Caucasian Patients)	0		2	Partial remission	0	yes	PR	yes	7	7	7	0	1	RECOVERABLE		ctg_results_bor_2010_2013.txt :: studies[nct=NCT01403948] :: outcomeMeasures[4] :: groups[OG009] :: classes[0] :: categories[2]
CATEGORY	NCT01403948	ctg_results_bor_2010_2013	4	Best Overall Response Based on Imaging Data	OG009	BI 836826 200 mg iv (Caucasian Patients)	0		3	Stable disease	2	yes	SD	yes	7	7	7	0	1	RECOVERABLE		ctg_results_bor_2010_2013.txt :: studies[nct=NCT01403948] :: outcomeMeasures[4] :: groups[OG009] :: classes[0] :: categories[3]
CATEGORY	NCT01403948	ctg_results_bor_2010_2013	4	Best Overall Response Based on Imaging Data	OG009	BI 836826 200 mg iv (Caucasian Patients)	0		4	Progressive disease	4	yes	PD	yes	7	7	7	0	1	RECOVERABLE		ctg_results_bor_2010_2013.txt :: studies[nct=NCT01403948] :: outcomeMeasures[4] :: groups[OG009] :: classes[0] :: categories[4]
CATEGORY	NCT01403948	ctg_results_bor_2010_2013	4	Best Overall Response Based on Imaging Data	OG009	BI 836826 200 mg iv (Caucasian Patients)	0		5	Missing	1	yes		dropped	7	7	7	0	1	RECOVERABLE		ctg_results_bor_2010_2013.txt :: studies[nct=NCT01403948] :: outcomeMeasures[4] :: groups[OG009] :: classes[0] :: categories[5]
CLASS	NCT01478321	ctg_results_bor_2010_2013	4	Response of Patients With Recurrent High Grade Malignant Gliomas Treated With Concurrent Radiation, Temozolomide, and Bevacizumab Followed by Adjuvant Temozolomide and Bevacizumab	OG000	Treatment (Radiation, Chemotherapy, Monoclonal Antibody)	0								54	54	54	0	1	RECOVERABLE	sum of cells 50 != reported denominator 54 (difference -4)	ctg_results_bor_2010_2013.txt :: studies[nct=NCT01478321] :: outcomeMeasures[4] :: groups[OG000] :: classes[0]
CATEGORY	NCT01478321	ctg_results_bor_2010_2013	4	Response of Patients With Recurrent High Grade Malignant Gliomas Treated With Concurrent Radiation, Temozolomide, and Bevacizumab Followed by Adjuvant Temozolomide and Bevacizumab	OG000	Treatment (Radiation, Chemotherapy, Monoclonal Antibody)	0		0	Complete Response	3	yes	CR	yes	54	54	54	0	1	RECOVERABLE		ctg_results_bor_2010_2013.txt :: studies[nct=NCT01478321] :: outcomeMeasures[4] :: groups[OG000] :: classes[0] :: categories[0]
CATEGORY	NCT01478321	ctg_results_bor_2010_2013	4	Response of Patients With Recurrent High Grade Malignant Gliomas Treated With Concurrent Radiation, Temozolomide, and Bevacizumab Followed by Adjuvant Temozolomide and Bevacizumab	OG000	Treatment (Radiation, Chemotherapy, Monoclonal Antibody)	0		1	Partial Response	10	yes	PR	yes	54	54	54	0	1	RECOVERABLE		ctg_results_bor_2010_2013.txt :: studies[nct=NCT01478321] :: outcomeMeasures[4] :: groups[OG000] :: classes[0] :: categories[1]
CATEGORY	NCT01478321	ctg_results_bor_2010_2013	4	Response of Patients With Recurrent High Grade Malignant Gliomas Treated With Concurrent Radiation, Temozolomide, and Bevacizumab Followed by Adjuvant Temozolomide and Bevacizumab	OG000	Treatment (Radiation, Chemotherapy, Monoclonal Antibody)	0		2	Stable Disease	28	yes	SD	yes	54	54	54	0	1	RECOVERABLE		ctg_results_bor_2010_2013.txt :: studies[nct=NCT01478321] :: outcomeMeasures[4] :: groups[OG000] :: classes[0] :: categories[2]
CATEGORY	NCT01478321	ctg_results_bor_2010_2013	4	Response of Patients With Recurrent High Grade Malignant Gliomas Treated With Concurrent Radiation, Temozolomide, and Bevacizumab Followed by Adjuvant Temozolomide and Bevacizumab	OG000	Treatment (Radiation, Chemotherapy, Monoclonal Antibody)	0		3	Progressive Disease	9	yes	PD	yes	54	54	54	0	1	RECOVERABLE		ctg_results_bor_2010_2013.txt :: studies[nct=NCT01478321] :: outcomeMeasures[4] :: groups[OG000] :: classes[0] :: categories[3]
CATEGORY	NCT01478321	ctg_results_bor_2010_2013	4	Response of Patients With Recurrent High Grade Malignant Gliomas Treated With Concurrent Radiation, Temozolomide, and Bevacizumab Followed by Adjuvant Temozolomide and Bevacizumab	OG000	Treatment (Radiation, Chemotherapy, Monoclonal Antibody)	0		4	Not Evaluable	4	yes		dropped	54	54	54	0	1	RECOVERABLE		ctg_results_bor_2010_2013.txt :: studies[nct=NCT01478321] :: outcomeMeasures[4] :: groups[OG000] :: classes[0] :: categories[4]
CLASS	NCT01832727	ctg_results_bor_2010_2013	3	Best Overall Response in Phase 2 as Assessed by Investigator	OG000	Phase 2 300 mg 2/7 Schedule	0								18	18	18	0	1	RECOVERABLE	sum of cells 13 != reported denominator 18 (difference -5)	ctg_results_bor_2010_2013.txt :: studies[nct=NCT01832727] :: outcomeMeasures[3] :: groups[OG000] :: classes[0]
CATEGORY	NCT01832727	ctg_results_bor_2010_2013	3	Best Overall Response in Phase 2 as Assessed by Investigator	OG000	Phase 2 300 mg 2/7 Schedule	0		0	Stringent Complete Response (sCR)	0	yes		dropped	18	18	18	0	1	RECOVERABLE		ctg_results_bor_2010_2013.txt :: studies[nct=NCT01832727] :: outcomeMeasures[3] :: groups[OG000] :: classes[0] :: categories[0]
CATEGORY	NCT01832727	ctg_results_bor_2010_2013	3	Best Overall Response in Phase 2 as Assessed by Investigator	OG000	Phase 2 300 mg 2/7 Schedule	0		1	Complete Response (CR)	1	yes	CR	yes	18	18	18	0	1	RECOVERABLE		ctg_results_bor_2010_2013.txt :: studies[nct=NCT01832727] :: outcomeMeasures[3] :: groups[OG000] :: classes[0] :: categories[1]
CATEGORY	NCT01832727	ctg_results_bor_2010_2013	3	Best Overall Response in Phase 2 as Assessed by Investigator	OG000	Phase 2 300 mg 2/7 Schedule	0		2	Near Complete Response (nCR)	0	yes		dropped	18	18	18	0	1	RECOVERABLE		ctg_results_bor_2010_2013.txt :: studies[nct=NCT01832727] :: outcomeMeasures[3] :: groups[OG000] :: classes[0] :: categories[2]
CATEGORY	NCT01832727	ctg_results_bor_2010_2013	3	Best Overall Response in Phase 2 as Assessed by Investigator	OG000	Phase 2 300 mg 2/7 Schedule	0		3	Very Good Partial Response (VGPR)	2	yes		dropped	18	18	18	0	1	RECOVERABLE		ctg_results_bor_2010_2013.txt :: studies[nct=NCT01832727] :: outcomeMeasures[3] :: groups[OG000] :: classes[0] :: categories[3]
CATEGORY	NCT01832727	ctg_results_bor_2010_2013	3	Best Overall Response in Phase 2 as Assessed by Investigator	OG000	Phase 2 300 mg 2/7 Schedule	0		4	Partial Response (PR)	9	yes	PR	yes	18	18	18	0	1	RECOVERABLE		ctg_results_bor_2010_2013.txt :: studies[nct=NCT01832727] :: outcomeMeasures[3] :: groups[OG000] :: classes[0] :: categories[4]
CATEGORY	NCT01832727	ctg_results_bor_2010_2013	3	Best Overall Response in Phase 2 as Assessed by Investigator	OG000	Phase 2 300 mg 2/7 Schedule	0		5	Minimal Response (MR)	1	yes		dropped	18	18	18	0	1	RECOVERABLE		ctg_results_bor_2010_2013.txt :: studies[nct=NCT01832727] :: outcomeMeasures[3] :: groups[OG000] :: classes[0] :: categories[5]
CATEGORY	NCT01832727	ctg_results_bor_2010_2013	3	Best Overall Response in Phase 2 as Assessed by Investigator	OG000	Phase 2 300 mg 2/7 Schedule	0		6	Stable Disease (SD)	2	yes	SD	yes	18	18	18	0	1	RECOVERABLE		ctg_results_bor_2010_2013.txt :: studies[nct=NCT01832727] :: outcomeMeasures[3] :: groups[OG000] :: classes[0] :: categories[6]
CATEGORY	NCT01832727	ctg_results_bor_2010_2013	3	Best Overall Response in Phase 2 as Assessed by Investigator	OG000	Phase 2 300 mg 2/7 Schedule	0		7	Progressive Disease (PD)	1	yes	PD	yes	18	18	18	0	1	RECOVERABLE		ctg_results_bor_2010_2013.txt :: studies[nct=NCT01832727] :: outcomeMeasures[3] :: groups[OG000] :: classes[0] :: categories[7]
CATEGORY	NCT01832727	ctg_results_bor_2010_2013	3	Best Overall Response in Phase 2 as Assessed by Investigator	OG000	Phase 2 300 mg 2/7 Schedule	0		8	Not Evaluable (NE)	2	yes		dropped	18	18	18	0	1	RECOVERABLE		ctg_results_bor_2010_2013.txt :: studies[nct=NCT01832727] :: outcomeMeasures[3] :: groups[OG000] :: classes[0] :: categories[8]
CATEGORY	NCT01832727	ctg_results_bor_2010_2013	3	Best Overall Response in Phase 2 as Assessed by Investigator	OG000	Phase 2 300 mg 2/7 Schedule	0		9	Unknown	0	yes		dropped	18	18	18	0	1	RECOVERABLE		ctg_results_bor_2010_2013.txt :: studies[nct=NCT01832727] :: outcomeMeasures[3] :: groups[OG000] :: classes[0] :: categories[9]
CLASS	NCT01853644	ctg_results_bor_2010_2013	4	Overall Best Response of Patients With Platinum-resistant Ovarian Cancer to Treatment With Single Agent Tivozanib	OG000	Treatment (Tivozanib)	0								30	30	30	0	1	RECOVERABLE	sum of cells 24 != reported denominator 30 (difference -6)	ctg_results_bor_2010_2013.txt :: studies[nct=NCT01853644] :: outcomeMeasures[4] :: groups[OG000] :: classes[0]
CATEGORY	NCT01853644	ctg_results_bor_2010_2013	4	Overall Best Response of Patients With Platinum-resistant Ovarian Cancer to Treatment With Single Agent Tivozanib	OG000	Treatment (Tivozanib)	0		0	CR	0	yes	CR	yes	30	30	30	0	1	RECOVERABLE		ctg_results_bor_2010_2013.txt :: studies[nct=NCT01853644] :: outcomeMeasures[4] :: groups[OG000] :: classes[0] :: categories[0]
CATEGORY	NCT01853644	ctg_results_bor_2010_2013	4	Overall Best Response of Patients With Platinum-resistant Ovarian Cancer to Treatment With Single Agent Tivozanib	OG000	Treatment (Tivozanib)	0		1	PR	4	yes	PR	yes	30	30	30	0	1	RECOVERABLE		ctg_results_bor_2010_2013.txt :: studies[nct=NCT01853644] :: outcomeMeasures[4] :: groups[OG000] :: classes[0] :: categories[1]
CATEGORY	NCT01853644	ctg_results_bor_2010_2013	4	Overall Best Response of Patients With Platinum-resistant Ovarian Cancer to Treatment With Single Agent Tivozanib	OG000	Treatment (Tivozanib)	0		2	SD	14	yes	SD	yes	30	30	30	0	1	RECOVERABLE		ctg_results_bor_2010_2013.txt :: studies[nct=NCT01853644] :: outcomeMeasures[4] :: groups[OG000] :: classes[0] :: categories[2]
CATEGORY	NCT01853644	ctg_results_bor_2010_2013	4	Overall Best Response of Patients With Platinum-resistant Ovarian Cancer to Treatment With Single Agent Tivozanib	OG000	Treatment (Tivozanib)	0		3	PD	6	yes	PD	yes	30	30	30	0	1	RECOVERABLE		ctg_results_bor_2010_2013.txt :: studies[nct=NCT01853644] :: outcomeMeasures[4] :: groups[OG000] :: classes[0] :: categories[3]
CATEGORY	NCT01853644	ctg_results_bor_2010_2013	4	Overall Best Response of Patients With Platinum-resistant Ovarian Cancer to Treatment With Single Agent Tivozanib	OG000	Treatment (Tivozanib)	0		4	Not Evaluable	6	yes		dropped	30	30	30	0	1	RECOVERABLE		ctg_results_bor_2010_2013.txt :: studies[nct=NCT01853644] :: outcomeMeasures[4] :: groups[OG000] :: classes[0] :: categories[4]
CLASS	NCT01859741	ctg_results_bor_2010_2013	3	Phase 2: Best Overall Tumor Response Based on Investigator Assessment (ITT Population)	OG000	P2: Placebo + CIS or CARB	0								72	72	72	0	1	RECOVERABLE	sum of cells 65 != reported denominator 72 (difference -7)	ctg_results_bor_2010_2013.txt :: studies[nct=NCT01859741] :: outcomeMeasures[3] :: groups[OG000] :: classes[0]
CATEGORY	NCT01859741	ctg_results_bor_2010_2013	3	Phase 2: Best Overall Tumor Response Based on Investigator Assessment (ITT Population)	OG000	P2: Placebo + CIS or CARB	0		0	Complete Response	2	yes	CR	yes	72	72	72	0	1	RECOVERABLE		ctg_results_bor_2010_2013.txt :: studies[nct=NCT01859741] :: outcomeMeasures[3] :: groups[OG000] :: classes[0] :: categories[0]
CATEGORY	NCT01859741	ctg_results_bor_2010_2013	3	Phase 2: Best Overall Tumor Response Based on Investigator Assessment (ITT Population)	OG000	P2: Placebo + CIS or CARB	0		1	Partial Response	49	yes	PR	yes	72	72	72	0	1	RECOVERABLE		ctg_results_bor_2010_2013.txt :: studies[nct=NCT01859741] :: outcomeMeasures[3] :: groups[OG000] :: classes[0] :: categories[1]
CATEGORY	NCT01859741	ctg_results_bor_2010_2013	3	Phase 2: Best Overall Tumor Response Based on Investigator Assessment (ITT Population)	OG000	P2: Placebo + CIS or CARB	0		2	Stable Disease	10	yes	SD	yes	72	72	72	0	1	RECOVERABLE		ctg_results_bor_2010_2013.txt :: studies[nct=NCT01859741] :: outcomeMeasures[3] :: groups[OG000] :: classes[0] :: categories[2]
CATEGORY	NCT01859741	ctg_results_bor_2010_2013	3	Phase 2: Best Overall Tumor Response Based on Investigator Assessment (ITT Population)	OG000	P2: Placebo + CIS or CARB	0		3	Progressive Disease	4	yes	PD	yes	72	72	72	0	1	RECOVERABLE		ctg_results_bor_2010_2013.txt :: studies[nct=NCT01859741] :: outcomeMeasures[3] :: groups[OG000] :: classes[0] :: categories[3]
CATEGORY	NCT01859741	ctg_results_bor_2010_2013	3	Phase 2: Best Overall Tumor Response Based on Investigator Assessment (ITT Population)	OG000	P2: Placebo + CIS or CARB	0		4	Not Evaluable	1	yes		dropped	72	72	72	0	1	RECOVERABLE		ctg_results_bor_2010_2013.txt :: studies[nct=NCT01859741] :: outcomeMeasures[3] :: groups[OG000] :: classes[0] :: categories[4]
CATEGORY	NCT01859741	ctg_results_bor_2010_2013	3	Phase 2: Best Overall Tumor Response Based on Investigator Assessment (ITT Population)	OG000	P2: Placebo + CIS or CARB	0		5	No Post-Baseline Tumor Assessment Collected	6	yes		dropped	72	72	72	0	1	RECOVERABLE		ctg_results_bor_2010_2013.txt :: studies[nct=NCT01859741] :: outcomeMeasures[3] :: groups[OG000] :: classes[0] :: categories[5]
CLASS	NCT01859741	ctg_results_bor_2010_2013	3	Phase 2: Best Overall Tumor Response Based on Investigator Assessment (ITT Population)	OG001	P2: OMP-59R5 15 mg/kg + ETO and CIS or CARB	0								73	73	73	0	1	RECOVERABLE	sum of cells 61 != reported denominator 73 (difference -12)	ctg_results_bor_2010_2013.txt :: studies[nct=NCT01859741] :: outcomeMeasures[3] :: groups[OG001] :: classes[0]
CATEGORY	NCT01859741	ctg_results_bor_2010_2013	3	Phase 2: Best Overall Tumor Response Based on Investigator Assessment (ITT Population)	OG001	P2: OMP-59R5 15 mg/kg + ETO and CIS or CARB	0		0	Complete Response	1	yes	CR	yes	73	73	73	0	1	RECOVERABLE		ctg_results_bor_2010_2013.txt :: studies[nct=NCT01859741] :: outcomeMeasures[3] :: groups[OG001] :: classes[0] :: categories[0]
CATEGORY	NCT01859741	ctg_results_bor_2010_2013	3	Phase 2: Best Overall Tumor Response Based on Investigator Assessment (ITT Population)	OG001	P2: OMP-59R5 15 mg/kg + ETO and CIS or CARB	0		1	Partial Response	49	yes	PR	yes	73	73	73	0	1	RECOVERABLE		ctg_results_bor_2010_2013.txt :: studies[nct=NCT01859741] :: outcomeMeasures[3] :: groups[OG001] :: classes[0] :: categories[1]
CATEGORY	NCT01859741	ctg_results_bor_2010_2013	3	Phase 2: Best Overall Tumor Response Based on Investigator Assessment (ITT Population)	OG001	P2: OMP-59R5 15 mg/kg + ETO and CIS or CARB	0		2	Stable Disease	9	yes	SD	yes	73	73	73	0	1	RECOVERABLE		ctg_results_bor_2010_2013.txt :: studies[nct=NCT01859741] :: outcomeMeasures[3] :: groups[OG001] :: classes[0] :: categories[2]
CATEGORY	NCT01859741	ctg_results_bor_2010_2013	3	Phase 2: Best Overall Tumor Response Based on Investigator Assessment (ITT Population)	OG001	P2: OMP-59R5 15 mg/kg + ETO and CIS or CARB	0		3	Progressive Disease	2	yes	PD	yes	73	73	73	0	1	RECOVERABLE		ctg_results_bor_2010_2013.txt :: studies[nct=NCT01859741] :: outcomeMeasures[3] :: groups[OG001] :: classes[0] :: categories[3]
CATEGORY	NCT01859741	ctg_results_bor_2010_2013	3	Phase 2: Best Overall Tumor Response Based on Investigator Assessment (ITT Population)	OG001	P2: OMP-59R5 15 mg/kg + ETO and CIS or CARB	0		4	Not Evaluable	1	yes		dropped	73	73	73	0	1	RECOVERABLE		ctg_results_bor_2010_2013.txt :: studies[nct=NCT01859741] :: outcomeMeasures[3] :: groups[OG001] :: classes[0] :: categories[4]
CATEGORY	NCT01859741	ctg_results_bor_2010_2013	3	Phase 2: Best Overall Tumor Response Based on Investigator Assessment (ITT Population)	OG001	P2: OMP-59R5 15 mg/kg + ETO and CIS or CARB	0		5	No Post-Baseline Tumor Assessment Collected	11	yes		dropped	73	73	73	0	1	RECOVERABLE		ctg_results_bor_2010_2013.txt :: studies[nct=NCT01859741] :: outcomeMeasures[3] :: groups[OG001] :: classes[0] :: categories[5]
CLASS	NCT01296932	ctg_results_bor_2010_2013	4	Best Overall Response According to 'International Workshop on Chronic Lymphocytic Leukemia' (IWCLL) Criteria	OG000	BI 836826 1 Milligram	0								3	3	3	0	1	RECOVERABLE	repeated cross-class assignment (values agreed) for CR	ctg_results_bor_2010_2013.txt :: studies[nct=NCT01296932] :: outcomeMeasures[4] :: groups[OG000] :: classes[0]
CATEGORY	NCT01296932	ctg_results_bor_2010_2013	4	Best Overall Response According to 'International Workshop on Chronic Lymphocytic Leukemia' (IWCLL) Criteria	OG000	BI 836826 1 Milligram	0		0	Complete remission	0	yes	CR	overwritten	3	3	3	0	1	RECOVERABLE		ctg_results_bor_2010_2013.txt :: studies[nct=NCT01296932] :: outcomeMeasures[4] :: groups[OG000] :: classes[0] :: categories[0]
CATEGORY	NCT01296932	ctg_results_bor_2010_2013	4	Best Overall Response According to 'International Workshop on Chronic Lymphocytic Leukemia' (IWCLL) Criteria	OG000	BI 836826 1 Milligram	0		1	Complete remission with incomplete marrow recovery	0	yes	CR	yes	3	3	3	0	1	RECOVERABLE		ctg_results_bor_2010_2013.txt :: studies[nct=NCT01296932] :: outcomeMeasures[4] :: groups[OG000] :: classes[0] :: categories[1]
CATEGORY	NCT01296932	ctg_results_bor_2010_2013	4	Best Overall Response According to 'International Workshop on Chronic Lymphocytic Leukemia' (IWCLL) Criteria	OG000	BI 836826 1 Milligram	0		2	Partial remission	0	yes	PR	yes	3	3	3	0	1	RECOVERABLE		ctg_results_bor_2010_2013.txt :: studies[nct=NCT01296932] :: outcomeMeasures[4] :: groups[OG000] :: classes[0] :: categories[2]
CATEGORY	NCT01296932	ctg_results_bor_2010_2013	4	Best Overall Response According to 'International Workshop on Chronic Lymphocytic Leukemia' (IWCLL) Criteria	OG000	BI 836826 1 Milligram	0		3	Stable disease	3	yes	SD	yes	3	3	3	0	1	RECOVERABLE		ctg_results_bor_2010_2013.txt :: studies[nct=NCT01296932] :: outcomeMeasures[4] :: groups[OG000] :: classes[0] :: categories[3]
CATEGORY	NCT01296932	ctg_results_bor_2010_2013	4	Best Overall Response According to 'International Workshop on Chronic Lymphocytic Leukemia' (IWCLL) Criteria	OG000	BI 836826 1 Milligram	0		4	Progressive disease	0	yes	PD	yes	3	3	3	0	1	RECOVERABLE		ctg_results_bor_2010_2013.txt :: studies[nct=NCT01296932] :: outcomeMeasures[4] :: groups[OG000] :: classes[0] :: categories[4]
CATEGORY	NCT01296932	ctg_results_bor_2010_2013	4	Best Overall Response According to 'International Workshop on Chronic Lymphocytic Leukemia' (IWCLL) Criteria	OG000	BI 836826 1 Milligram	0		5	Not evaluable	0	yes		dropped	3	3	3	0	1	RECOVERABLE		ctg_results_bor_2010_2013.txt :: studies[nct=NCT01296932] :: outcomeMeasures[4] :: groups[OG000] :: classes[0] :: categories[5]
CLASS	NCT01296932	ctg_results_bor_2010_2013	4	Best Overall Response According to 'International Workshop on Chronic Lymphocytic Leukemia' (IWCLL) Criteria	OG001	BI 836826 3 Milligram	0								3	3	3	0	1	RECOVERABLE	repeated cross-class assignment (values agreed) for CR	ctg_results_bor_2010_2013.txt :: studies[nct=NCT01296932] :: outcomeMeasures[4] :: groups[OG001] :: classes[0]
CATEGORY	NCT01296932	ctg_results_bor_2010_2013	4	Best Overall Response According to 'International Workshop on Chronic Lymphocytic Leukemia' (IWCLL) Criteria	OG001	BI 836826 3 Milligram	0		0	Complete remission	0	yes	CR	overwritten	3	3	3	0	1	RECOVERABLE		ctg_results_bor_2010_2013.txt :: studies[nct=NCT01296932] :: outcomeMeasures[4] :: groups[OG001] :: classes[0] :: categories[0]
CATEGORY	NCT01296932	ctg_results_bor_2010_2013	4	Best Overall Response According to 'International Workshop on Chronic Lymphocytic Leukemia' (IWCLL) Criteria	OG001	BI 836826 3 Milligram	0		1	Complete remission with incomplete marrow recovery	0	yes	CR	yes	3	3	3	0	1	RECOVERABLE		ctg_results_bor_2010_2013.txt :: studies[nct=NCT01296932] :: outcomeMeasures[4] :: groups[OG001] :: classes[0] :: categories[1]
CATEGORY	NCT01296932	ctg_results_bor_2010_2013	4	Best Overall Response According to 'International Workshop on Chronic Lymphocytic Leukemia' (IWCLL) Criteria	OG001	BI 836826 3 Milligram	0		2	Partial remission	0	yes	PR	yes	3	3	3	0	1	RECOVERABLE		ctg_results_bor_2010_2013.txt :: studies[nct=NCT01296932] :: outcomeMeasures[4] :: groups[OG001] :: classes[0] :: categories[2]
CATEGORY	NCT01296932	ctg_results_bor_2010_2013	4	Best Overall Response According to 'International Workshop on Chronic Lymphocytic Leukemia' (IWCLL) Criteria	OG001	BI 836826 3 Milligram	0		3	Stable disease	3	yes	SD	yes	3	3	3	0	1	RECOVERABLE		ctg_results_bor_2010_2013.txt :: studies[nct=NCT01296932] :: outcomeMeasures[4] :: groups[OG001] :: classes[0] :: categories[3]
CATEGORY	NCT01296932	ctg_results_bor_2010_2013	4	Best Overall Response According to 'International Workshop on Chronic Lymphocytic Leukemia' (IWCLL) Criteria	OG001	BI 836826 3 Milligram	0		4	Progressive disease	0	yes	PD	yes	3	3	3	0	1	RECOVERABLE		ctg_results_bor_2010_2013.txt :: studies[nct=NCT01296932] :: outcomeMeasures[4] :: groups[OG001] :: classes[0] :: categories[4]
CATEGORY	NCT01296932	ctg_results_bor_2010_2013	4	Best Overall Response According to 'International Workshop on Chronic Lymphocytic Leukemia' (IWCLL) Criteria	OG001	BI 836826 3 Milligram	0		5	Not evaluable	0	yes		dropped	3	3	3	0	1	RECOVERABLE		ctg_results_bor_2010_2013.txt :: studies[nct=NCT01296932] :: outcomeMeasures[4] :: groups[OG001] :: classes[0] :: categories[5]
CLASS	NCT01296932	ctg_results_bor_2010_2013	4	Best Overall Response According to 'International Workshop on Chronic Lymphocytic Leukemia' (IWCLL) Criteria	OG002	BI 836826 9 Milligram	0								6	6	6	0	1	RECOVERABLE	repeated cross-class assignment (values agreed) for CR	ctg_results_bor_2010_2013.txt :: studies[nct=NCT01296932] :: outcomeMeasures[4] :: groups[OG002] :: classes[0]
CATEGORY	NCT01296932	ctg_results_bor_2010_2013	4	Best Overall Response According to 'International Workshop on Chronic Lymphocytic Leukemia' (IWCLL) Criteria	OG002	BI 836826 9 Milligram	0		0	Complete remission	0	yes	CR	overwritten	6	6	6	0	1	RECOVERABLE		ctg_results_bor_2010_2013.txt :: studies[nct=NCT01296932] :: outcomeMeasures[4] :: groups[OG002] :: classes[0] :: categories[0]
CATEGORY	NCT01296932	ctg_results_bor_2010_2013	4	Best Overall Response According to 'International Workshop on Chronic Lymphocytic Leukemia' (IWCLL) Criteria	OG002	BI 836826 9 Milligram	0		1	Complete remission with incomplete marrow recovery	0	yes	CR	yes	6	6	6	0	1	RECOVERABLE		ctg_results_bor_2010_2013.txt :: studies[nct=NCT01296932] :: outcomeMeasures[4] :: groups[OG002] :: classes[0] :: categories[1]
CATEGORY	NCT01296932	ctg_results_bor_2010_2013	4	Best Overall Response According to 'International Workshop on Chronic Lymphocytic Leukemia' (IWCLL) Criteria	OG002	BI 836826 9 Milligram	0		2	Partial remission	4	yes	PR	yes	6	6	6	0	1	RECOVERABLE		ctg_results_bor_2010_2013.txt :: studies[nct=NCT01296932] :: outcomeMeasures[4] :: groups[OG002] :: classes[0] :: categories[2]
CATEGORY	NCT01296932	ctg_results_bor_2010_2013	4	Best Overall Response According to 'International Workshop on Chronic Lymphocytic Leukemia' (IWCLL) Criteria	OG002	BI 836826 9 Milligram	0		3	Stable disease	2	yes	SD	yes	6	6	6	0	1	RECOVERABLE		ctg_results_bor_2010_2013.txt :: studies[nct=NCT01296932] :: outcomeMeasures[4] :: groups[OG002] :: classes[0] :: categories[3]
CATEGORY	NCT01296932	ctg_results_bor_2010_2013	4	Best Overall Response According to 'International Workshop on Chronic Lymphocytic Leukemia' (IWCLL) Criteria	OG002	BI 836826 9 Milligram	0		4	Progressive disease	0	yes	PD	yes	6	6	6	0	1	RECOVERABLE		ctg_results_bor_2010_2013.txt :: studies[nct=NCT01296932] :: outcomeMeasures[4] :: groups[OG002] :: classes[0] :: categories[4]
CATEGORY	NCT01296932	ctg_results_bor_2010_2013	4	Best Overall Response According to 'International Workshop on Chronic Lymphocytic Leukemia' (IWCLL) Criteria	OG002	BI 836826 9 Milligram	0		5	Not evaluable	0	yes		dropped	6	6	6	0	1	RECOVERABLE		ctg_results_bor_2010_2013.txt :: studies[nct=NCT01296932] :: outcomeMeasures[4] :: groups[OG002] :: classes[0] :: categories[5]
CLASS	NCT01296932	ctg_results_bor_2010_2013	4	Best Overall Response According to 'International Workshop on Chronic Lymphocytic Leukemia' (IWCLL) Criteria	OG003	BI 836826 25 Milligram	0								6	6	6	0	1	RECOVERABLE	repeated cross-class assignment (values agreed) for CR ; sum of cells 5 != reported denominator 6 (difference -1)	ctg_results_bor_2010_2013.txt :: studies[nct=NCT01296932] :: outcomeMeasures[4] :: groups[OG003] :: classes[0]
CATEGORY	NCT01296932	ctg_results_bor_2010_2013	4	Best Overall Response According to 'International Workshop on Chronic Lymphocytic Leukemia' (IWCLL) Criteria	OG003	BI 836826 25 Milligram	0		0	Complete remission	0	yes	CR	overwritten	6	6	6	0	1	RECOVERABLE		ctg_results_bor_2010_2013.txt :: studies[nct=NCT01296932] :: outcomeMeasures[4] :: groups[OG003] :: classes[0] :: categories[0]
CATEGORY	NCT01296932	ctg_results_bor_2010_2013	4	Best Overall Response According to 'International Workshop on Chronic Lymphocytic Leukemia' (IWCLL) Criteria	OG003	BI 836826 25 Milligram	0		1	Complete remission with incomplete marrow recovery	0	yes	CR	yes	6	6	6	0	1	RECOVERABLE		ctg_results_bor_2010_2013.txt :: studies[nct=NCT01296932] :: outcomeMeasures[4] :: groups[OG003] :: classes[0] :: categories[1]
CATEGORY	NCT01296932	ctg_results_bor_2010_2013	4	Best Overall Response According to 'International Workshop on Chronic Lymphocytic Leukemia' (IWCLL) Criteria	OG003	BI 836826 25 Milligram	0		2	Partial remission	1	yes	PR	yes	6	6	6	0	1	RECOVERABLE		ctg_results_bor_2010_2013.txt :: studies[nct=NCT01296932] :: outcomeMeasures[4] :: groups[OG003] :: classes[0] :: categories[2]
CATEGORY	NCT01296932	ctg_results_bor_2010_2013	4	Best Overall Response According to 'International Workshop on Chronic Lymphocytic Leukemia' (IWCLL) Criteria	OG003	BI 836826 25 Milligram	0		3	Stable disease	4	yes	SD	yes	6	6	6	0	1	RECOVERABLE		ctg_results_bor_2010_2013.txt :: studies[nct=NCT01296932] :: outcomeMeasures[4] :: groups[OG003] :: classes[0] :: categories[3]
CATEGORY	NCT01296932	ctg_results_bor_2010_2013	4	Best Overall Response According to 'International Workshop on Chronic Lymphocytic Leukemia' (IWCLL) Criteria	OG003	BI 836826 25 Milligram	0		4	Progressive disease	0	yes	PD	yes	6	6	6	0	1	RECOVERABLE		ctg_results_bor_2010_2013.txt :: studies[nct=NCT01296932] :: outcomeMeasures[4] :: groups[OG003] :: classes[0] :: categories[4]
CATEGORY	NCT01296932	ctg_results_bor_2010_2013	4	Best Overall Response According to 'International Workshop on Chronic Lymphocytic Leukemia' (IWCLL) Criteria	OG003	BI 836826 25 Milligram	0		5	Not evaluable	1	yes		dropped	6	6	6	0	1	RECOVERABLE		ctg_results_bor_2010_2013.txt :: studies[nct=NCT01296932] :: outcomeMeasures[4] :: groups[OG003] :: classes[0] :: categories[5]
CLASS	NCT01296932	ctg_results_bor_2010_2013	4	Best Overall Response According to 'International Workshop on Chronic Lymphocytic Leukemia' (IWCLL) Criteria	OG004	BI 836826 50 Milligram	0								3	3	3	0	1	RECOVERABLE	repeated cross-class assignment (values agreed) for CR	ctg_results_bor_2010_2013.txt :: studies[nct=NCT01296932] :: outcomeMeasures[4] :: groups[OG004] :: classes[0]
CATEGORY	NCT01296932	ctg_results_bor_2010_2013	4	Best Overall Response According to 'International Workshop on Chronic Lymphocytic Leukemia' (IWCLL) Criteria	OG004	BI 836826 50 Milligram	0		0	Complete remission	0	yes	CR	overwritten	3	3	3	0	1	RECOVERABLE		ctg_results_bor_2010_2013.txt :: studies[nct=NCT01296932] :: outcomeMeasures[4] :: groups[OG004] :: classes[0] :: categories[0]
CATEGORY	NCT01296932	ctg_results_bor_2010_2013	4	Best Overall Response According to 'International Workshop on Chronic Lymphocytic Leukemia' (IWCLL) Criteria	OG004	BI 836826 50 Milligram	0		1	Complete remission with incomplete marrow recovery	0	yes	CR	yes	3	3	3	0	1	RECOVERABLE		ctg_results_bor_2010_2013.txt :: studies[nct=NCT01296932] :: outcomeMeasures[4] :: groups[OG004] :: classes[0] :: categories[1]
CATEGORY	NCT01296932	ctg_results_bor_2010_2013	4	Best Overall Response According to 'International Workshop on Chronic Lymphocytic Leukemia' (IWCLL) Criteria	OG004	BI 836826 50 Milligram	0		2	Partial remission	0	yes	PR	yes	3	3	3	0	1	RECOVERABLE		ctg_results_bor_2010_2013.txt :: studies[nct=NCT01296932] :: outcomeMeasures[4] :: groups[OG004] :: classes[0] :: categories[2]
CATEGORY	NCT01296932	ctg_results_bor_2010_2013	4	Best Overall Response According to 'International Workshop on Chronic Lymphocytic Leukemia' (IWCLL) Criteria	OG004	BI 836826 50 Milligram	0		3	Stable disease	3	yes	SD	yes	3	3	3	0	1	RECOVERABLE		ctg_results_bor_2010_2013.txt :: studies[nct=NCT01296932] :: outcomeMeasures[4] :: groups[OG004] :: classes[0] :: categories[3]
CATEGORY	NCT01296932	ctg_results_bor_2010_2013	4	Best Overall Response According to 'International Workshop on Chronic Lymphocytic Leukemia' (IWCLL) Criteria	OG004	BI 836826 50 Milligram	0		4	Progressive disease	0	yes	PD	yes	3	3	3	0	1	RECOVERABLE		ctg_results_bor_2010_2013.txt :: studies[nct=NCT01296932] :: outcomeMeasures[4] :: groups[OG004] :: classes[0] :: categories[4]
CATEGORY	NCT01296932	ctg_results_bor_2010_2013	4	Best Overall Response According to 'International Workshop on Chronic Lymphocytic Leukemia' (IWCLL) Criteria	OG004	BI 836826 50 Milligram	0		5	Not evaluable	0	yes		dropped	3	3	3	0	1	RECOVERABLE		ctg_results_bor_2010_2013.txt :: studies[nct=NCT01296932] :: outcomeMeasures[4] :: groups[OG004] :: classes[0] :: categories[5]
CLASS	NCT01296932	ctg_results_bor_2010_2013	4	Best Overall Response According to 'International Workshop on Chronic Lymphocytic Leukemia' (IWCLL) Criteria	OG005	BI 836826 100 Milligram	0								3	3	3	0	1	RECOVERABLE	repeated cross-class assignment (values agreed) for CR	ctg_results_bor_2010_2013.txt :: studies[nct=NCT01296932] :: outcomeMeasures[4] :: groups[OG005] :: classes[0]
CATEGORY	NCT01296932	ctg_results_bor_2010_2013	4	Best Overall Response According to 'International Workshop on Chronic Lymphocytic Leukemia' (IWCLL) Criteria	OG005	BI 836826 100 Milligram	0		0	Complete remission	0	yes	CR	overwritten	3	3	3	0	1	RECOVERABLE		ctg_results_bor_2010_2013.txt :: studies[nct=NCT01296932] :: outcomeMeasures[4] :: groups[OG005] :: classes[0] :: categories[0]
CATEGORY	NCT01296932	ctg_results_bor_2010_2013	4	Best Overall Response According to 'International Workshop on Chronic Lymphocytic Leukemia' (IWCLL) Criteria	OG005	BI 836826 100 Milligram	0		1	Complete remission with incomplete marrow recovery	0	yes	CR	yes	3	3	3	0	1	RECOVERABLE		ctg_results_bor_2010_2013.txt :: studies[nct=NCT01296932] :: outcomeMeasures[4] :: groups[OG005] :: classes[0] :: categories[1]
CATEGORY	NCT01296932	ctg_results_bor_2010_2013	4	Best Overall Response According to 'International Workshop on Chronic Lymphocytic Leukemia' (IWCLL) Criteria	OG005	BI 836826 100 Milligram	0		2	Partial remission	0	yes	PR	yes	3	3	3	0	1	RECOVERABLE		ctg_results_bor_2010_2013.txt :: studies[nct=NCT01296932] :: outcomeMeasures[4] :: groups[OG005] :: classes[0] :: categories[2]
CATEGORY	NCT01296932	ctg_results_bor_2010_2013	4	Best Overall Response According to 'International Workshop on Chronic Lymphocytic Leukemia' (IWCLL) Criteria	OG005	BI 836826 100 Milligram	0		3	Stable disease	3	yes	SD	yes	3	3	3	0	1	RECOVERABLE		ctg_results_bor_2010_2013.txt :: studies[nct=NCT01296932] :: outcomeMeasures[4] :: groups[OG005] :: classes[0] :: categories[3]
CATEGORY	NCT01296932	ctg_results_bor_2010_2013	4	Best Overall Response According to 'International Workshop on Chronic Lymphocytic Leukemia' (IWCLL) Criteria	OG005	BI 836826 100 Milligram	0		4	Progressive disease	0	yes	PD	yes	3	3	3	0	1	RECOVERABLE		ctg_results_bor_2010_2013.txt :: studies[nct=NCT01296932] :: outcomeMeasures[4] :: groups[OG005] :: classes[0] :: categories[4]
CATEGORY	NCT01296932	ctg_results_bor_2010_2013	4	Best Overall Response According to 'International Workshop on Chronic Lymphocytic Leukemia' (IWCLL) Criteria	OG005	BI 836826 100 Milligram	0		5	Not evaluable	0	yes		dropped	3	3	3	0	1	RECOVERABLE		ctg_results_bor_2010_2013.txt :: studies[nct=NCT01296932] :: outcomeMeasures[4] :: groups[OG005] :: classes[0] :: categories[5]
CLASS	NCT01296932	ctg_results_bor_2010_2013	4	Best Overall Response According to 'International Workshop on Chronic Lymphocytic Leukemia' (IWCLL) Criteria	OG006	BI 836826 200 Milligram	0								6	6	6	0	1	RECOVERABLE	repeated cross-class assignment (values agreed) for CR	ctg_results_bor_2010_2013.txt :: studies[nct=NCT01296932] :: outcomeMeasures[4] :: groups[OG006] :: classes[0]
CATEGORY	NCT01296932	ctg_results_bor_2010_2013	4	Best Overall Response According to 'International Workshop on Chronic Lymphocytic Leukemia' (IWCLL) Criteria	OG006	BI 836826 200 Milligram	0		0	Complete remission	0	yes	CR	overwritten	6	6	6	0	1	RECOVERABLE		ctg_results_bor_2010_2013.txt :: studies[nct=NCT01296932] :: outcomeMeasures[4] :: groups[OG006] :: classes[0] :: categories[0]
CATEGORY	NCT01296932	ctg_results_bor_2010_2013	4	Best Overall Response According to 'International Workshop on Chronic Lymphocytic Leukemia' (IWCLL) Criteria	OG006	BI 836826 200 Milligram	0		1	Complete remission with incomplete marrow recovery	0	yes	CR	yes	6	6	6	0	1	RECOVERABLE		ctg_results_bor_2010_2013.txt :: studies[nct=NCT01296932] :: outcomeMeasures[4] :: groups[OG006] :: classes[0] :: categories[1]
CATEGORY	NCT01296932	ctg_results_bor_2010_2013	4	Best Overall Response According to 'International Workshop on Chronic Lymphocytic Leukemia' (IWCLL) Criteria	OG006	BI 836826 200 Milligram	0		2	Partial remission	4	yes	PR	yes	6	6	6	0	1	RECOVERABLE		ctg_results_bor_2010_2013.txt :: studies[nct=NCT01296932] :: outcomeMeasures[4] :: groups[OG006] :: classes[0] :: categories[2]
CATEGORY	NCT01296932	ctg_results_bor_2010_2013	4	Best Overall Response According to 'International Workshop on Chronic Lymphocytic Leukemia' (IWCLL) Criteria	OG006	BI 836826 200 Milligram	0		3	Stable disease	2	yes	SD	yes	6	6	6	0	1	RECOVERABLE		ctg_results_bor_2010_2013.txt :: studies[nct=NCT01296932] :: outcomeMeasures[4] :: groups[OG006] :: classes[0] :: categories[3]
CATEGORY	NCT01296932	ctg_results_bor_2010_2013	4	Best Overall Response According to 'International Workshop on Chronic Lymphocytic Leukemia' (IWCLL) Criteria	OG006	BI 836826 200 Milligram	0		4	Progressive disease	0	yes	PD	yes	6	6	6	0	1	RECOVERABLE		ctg_results_bor_2010_2013.txt :: studies[nct=NCT01296932] :: outcomeMeasures[4] :: groups[OG006] :: classes[0] :: categories[4]
CATEGORY	NCT01296932	ctg_results_bor_2010_2013	4	Best Overall Response According to 'International Workshop on Chronic Lymphocytic Leukemia' (IWCLL) Criteria	OG006	BI 836826 200 Milligram	0		5	Not evaluable	0	yes		dropped	6	6	6	0	1	RECOVERABLE		ctg_results_bor_2010_2013.txt :: studies[nct=NCT01296932] :: outcomeMeasures[4] :: groups[OG006] :: classes[0] :: categories[5]
CLASS	NCT01296932	ctg_results_bor_2010_2013	4	Best Overall Response According to 'International Workshop on Chronic Lymphocytic Leukemia' (IWCLL) Criteria	OG007	BI 836826 400 Milligram	0								3	3	3	0	1	RECOVERABLE	repeated cross-class assignment (values agreed) for CR	ctg_results_bor_2010_2013.txt :: studies[nct=NCT01296932] :: outcomeMeasures[4] :: groups[OG007] :: classes[0]
CATEGORY	NCT01296932	ctg_results_bor_2010_2013	4	Best Overall Response According to 'International Workshop on Chronic Lymphocytic Leukemia' (IWCLL) Criteria	OG007	BI 836826 400 Milligram	0		0	Complete remission	0	yes	CR	overwritten	3	3	3	0	1	RECOVERABLE		ctg_results_bor_2010_2013.txt :: studies[nct=NCT01296932] :: outcomeMeasures[4] :: groups[OG007] :: classes[0] :: categories[0]
CATEGORY	NCT01296932	ctg_results_bor_2010_2013	4	Best Overall Response According to 'International Workshop on Chronic Lymphocytic Leukemia' (IWCLL) Criteria	OG007	BI 836826 400 Milligram	0		1	Complete remission with incomplete marrow recovery	0	yes	CR	yes	3	3	3	0	1	RECOVERABLE		ctg_results_bor_2010_2013.txt :: studies[nct=NCT01296932] :: outcomeMeasures[4] :: groups[OG007] :: classes[0] :: categories[1]
CATEGORY	NCT01296932	ctg_results_bor_2010_2013	4	Best Overall Response According to 'International Workshop on Chronic Lymphocytic Leukemia' (IWCLL) Criteria	OG007	BI 836826 400 Milligram	0		2	Partial remission	2	yes	PR	yes	3	3	3	0	1	RECOVERABLE		ctg_results_bor_2010_2013.txt :: studies[nct=NCT01296932] :: outcomeMeasures[4] :: groups[OG007] :: classes[0] :: categories[2]
CATEGORY	NCT01296932	ctg_results_bor_2010_2013	4	Best Overall Response According to 'International Workshop on Chronic Lymphocytic Leukemia' (IWCLL) Criteria	OG007	BI 836826 400 Milligram	0		3	Stable disease	1	yes	SD	yes	3	3	3	0	1	RECOVERABLE		ctg_results_bor_2010_2013.txt :: studies[nct=NCT01296932] :: outcomeMeasures[4] :: groups[OG007] :: classes[0] :: categories[3]
CATEGORY	NCT01296932	ctg_results_bor_2010_2013	4	Best Overall Response According to 'International Workshop on Chronic Lymphocytic Leukemia' (IWCLL) Criteria	OG007	BI 836826 400 Milligram	0		4	Progressive disease	0	yes	PD	yes	3	3	3	0	1	RECOVERABLE		ctg_results_bor_2010_2013.txt :: studies[nct=NCT01296932] :: outcomeMeasures[4] :: groups[OG007] :: classes[0] :: categories[4]
CATEGORY	NCT01296932	ctg_results_bor_2010_2013	4	Best Overall Response According to 'International Workshop on Chronic Lymphocytic Leukemia' (IWCLL) Criteria	OG007	BI 836826 400 Milligram	0		5	Not evaluable	0	yes		dropped	3	3	3	0	1	RECOVERABLE		ctg_results_bor_2010_2013.txt :: studies[nct=NCT01296932] :: outcomeMeasures[4] :: groups[OG007] :: classes[0] :: categories[5]
CLASS	NCT01296932	ctg_results_bor_2010_2013	4	Best Overall Response According to 'International Workshop on Chronic Lymphocytic Leukemia' (IWCLL) Criteria	OG008	BI 836826 800 Milligram	0								4	4	4	0	1	RECOVERABLE	repeated cross-class assignment (values agreed) for CR	ctg_results_bor_2010_2013.txt :: studies[nct=NCT01296932] :: outcomeMeasures[4] :: groups[OG008] :: classes[0]
CATEGORY	NCT01296932	ctg_results_bor_2010_2013	4	Best Overall Response According to 'International Workshop on Chronic Lymphocytic Leukemia' (IWCLL) Criteria	OG008	BI 836826 800 Milligram	0		0	Complete remission	0	yes	CR	overwritten	4	4	4	0	1	RECOVERABLE		ctg_results_bor_2010_2013.txt :: studies[nct=NCT01296932] :: outcomeMeasures[4] :: groups[OG008] :: classes[0] :: categories[0]
CATEGORY	NCT01296932	ctg_results_bor_2010_2013	4	Best Overall Response According to 'International Workshop on Chronic Lymphocytic Leukemia' (IWCLL) Criteria	OG008	BI 836826 800 Milligram	0		1	Complete remission with incomplete marrow recovery	0	yes	CR	yes	4	4	4	0	1	RECOVERABLE		ctg_results_bor_2010_2013.txt :: studies[nct=NCT01296932] :: outcomeMeasures[4] :: groups[OG008] :: classes[0] :: categories[1]
CATEGORY	NCT01296932	ctg_results_bor_2010_2013	4	Best Overall Response According to 'International Workshop on Chronic Lymphocytic Leukemia' (IWCLL) Criteria	OG008	BI 836826 800 Milligram	0		2	Partial remission	2	yes	PR	yes	4	4	4	0	1	RECOVERABLE		ctg_results_bor_2010_2013.txt :: studies[nct=NCT01296932] :: outcomeMeasures[4] :: groups[OG008] :: classes[0] :: categories[2]
CATEGORY	NCT01296932	ctg_results_bor_2010_2013	4	Best Overall Response According to 'International Workshop on Chronic Lymphocytic Leukemia' (IWCLL) Criteria	OG008	BI 836826 800 Milligram	0		3	Stable disease	2	yes	SD	yes	4	4	4	0	1	RECOVERABLE		ctg_results_bor_2010_2013.txt :: studies[nct=NCT01296932] :: outcomeMeasures[4] :: groups[OG008] :: classes[0] :: categories[3]
CATEGORY	NCT01296932	ctg_results_bor_2010_2013	4	Best Overall Response According to 'International Workshop on Chronic Lymphocytic Leukemia' (IWCLL) Criteria	OG008	BI 836826 800 Milligram	0		4	Progressive disease	0	yes	PD	yes	4	4	4	0	1	RECOVERABLE		ctg_results_bor_2010_2013.txt :: studies[nct=NCT01296932] :: outcomeMeasures[4] :: groups[OG008] :: classes[0] :: categories[4]
CATEGORY	NCT01296932	ctg_results_bor_2010_2013	4	Best Overall Response According to 'International Workshop on Chronic Lymphocytic Leukemia' (IWCLL) Criteria	OG008	BI 836826 800 Milligram	0		5	Not evaluable	0	yes		dropped	4	4	4	0	1	RECOVERABLE		ctg_results_bor_2010_2013.txt :: studies[nct=NCT01296932] :: outcomeMeasures[4] :: groups[OG008] :: classes[0] :: categories[5]
CLASS	NCT01124734	ctg_results_bor_2010_2013	0	Clinical Response to High-Dose Interleukin-2 (H-D IL-2) Followed by Low Dose Temozolomide	OG001	Course 1 Cycle 2	0								17	17	17	0	1	RECOVERABLE	sum of cells 16 != reported denominator 17 (difference -1)	ctg_results_bor_2010_2013.txt :: studies[nct=NCT01124734] :: outcomeMeasures[0] :: groups[OG001] :: classes[0]
CATEGORY	NCT01124734	ctg_results_bor_2010_2013	0	Clinical Response to High-Dose Interleukin-2 (H-D IL-2) Followed by Low Dose Temozolomide	OG001	Course 1 Cycle 2	0		0	Stable Disease	4	yes	SD	yes	17	17	17	0	1	RECOVERABLE		ctg_results_bor_2010_2013.txt :: studies[nct=NCT01124734] :: outcomeMeasures[0] :: groups[OG001] :: classes[0] :: categories[0]
CATEGORY	NCT01124734	ctg_results_bor_2010_2013	0	Clinical Response to High-Dose Interleukin-2 (H-D IL-2) Followed by Low Dose Temozolomide	OG001	Course 1 Cycle 2	0		1	Partial Response	1	yes	PR	yes	17	17	17	0	1	RECOVERABLE		ctg_results_bor_2010_2013.txt :: studies[nct=NCT01124734] :: outcomeMeasures[0] :: groups[OG001] :: classes[0] :: categories[1]
CATEGORY	NCT01124734	ctg_results_bor_2010_2013	0	Clinical Response to High-Dose Interleukin-2 (H-D IL-2) Followed by Low Dose Temozolomide	OG001	Course 1 Cycle 2	0		2	Progressive Disease	9	yes	PD	yes	17	17	17	0	1	RECOVERABLE		ctg_results_bor_2010_2013.txt :: studies[nct=NCT01124734] :: outcomeMeasures[0] :: groups[OG001] :: classes[0] :: categories[2]
CATEGORY	NCT01124734	ctg_results_bor_2010_2013	0	Clinical Response to High-Dose Interleukin-2 (H-D IL-2) Followed by Low Dose Temozolomide	OG001	Course 1 Cycle 2	0		3	Minor Response	1	yes		dropped	17	17	17	0	1	RECOVERABLE		ctg_results_bor_2010_2013.txt :: studies[nct=NCT01124734] :: outcomeMeasures[0] :: groups[OG001] :: classes[0] :: categories[3]
CATEGORY	NCT01124734	ctg_results_bor_2010_2013	0	Clinical Response to High-Dose Interleukin-2 (H-D IL-2) Followed by Low Dose Temozolomide	OG001	Course 1 Cycle 2	0		4	Complete Response	2	yes	CR	yes	17	17	17	0	1	RECOVERABLE		ctg_results_bor_2010_2013.txt :: studies[nct=NCT01124734] :: outcomeMeasures[0] :: groups[OG001] :: classes[0] :: categories[4]
CLASS	NCT01562028	ctg_results_bor_2010_2013	3	Objective Response	OG000	T790M Positive	0								37	37	37	0	1	RECOVERABLE	sum of cells 36 != reported denominator 37 (difference -1)	ctg_results_bor_2010_2013.txt :: studies[nct=NCT01562028] :: outcomeMeasures[3] :: groups[OG000] :: classes[0]
CATEGORY	NCT01562028	ctg_results_bor_2010_2013	3	Objective Response	OG000	T790M Positive	0		0	Complete Response	3	yes	CR	yes	37	37	37	0	1	RECOVERABLE		ctg_results_bor_2010_2013.txt :: studies[nct=NCT01562028] :: outcomeMeasures[3] :: groups[OG000] :: classes[0] :: categories[0]
CATEGORY	NCT01562028	ctg_results_bor_2010_2013	3	Objective Response	OG000	T790M Positive	0		1	Partial Response	24	yes	PR	yes	37	37	37	0	1	RECOVERABLE		ctg_results_bor_2010_2013.txt :: studies[nct=NCT01562028] :: outcomeMeasures[3] :: groups[OG000] :: classes[0] :: categories[1]
CATEGORY	NCT01562028	ctg_results_bor_2010_2013	3	Objective Response	OG000	T790M Positive	0		2	Stable Disease	8	yes	SD	yes	37	37	37	0	1	RECOVERABLE		ctg_results_bor_2010_2013.txt :: studies[nct=NCT01562028] :: outcomeMeasures[3] :: groups[OG000] :: classes[0] :: categories[2]
CATEGORY	NCT01562028	ctg_results_bor_2010_2013	3	Objective Response	OG000	T790M Positive	0		3	Progressive Disease	1	yes	PD	yes	37	37	37	0	1	RECOVERABLE		ctg_results_bor_2010_2013.txt :: studies[nct=NCT01562028] :: outcomeMeasures[3] :: groups[OG000] :: classes[0] :: categories[3]
CATEGORY	NCT01562028	ctg_results_bor_2010_2013	3	Objective Response	OG000	T790M Positive	0		4	Non-Evaluable	1	yes		dropped	37	37	37	0	1	RECOVERABLE		ctg_results_bor_2010_2013.txt :: studies[nct=NCT01562028] :: outcomeMeasures[3] :: groups[OG000] :: classes[0] :: categories[4]
CLASS	NCT01562028	ctg_results_bor_2010_2013	3	Objective Response	OG001	T790M Negative	0								72	72	72	0	1	RECOVERABLE	sum of cells 69 != reported denominator 72 (difference -3)	ctg_results_bor_2010_2013.txt :: studies[nct=NCT01562028] :: outcomeMeasures[3] :: groups[OG001] :: classes[0]
CATEGORY	NCT01562028	ctg_results_bor_2010_2013	3	Objective Response	OG001	T790M Negative	0		0	Complete Response	3	yes	CR	yes	72	72	72	0	1	RECOVERABLE		ctg_results_bor_2010_2013.txt :: studies[nct=NCT01562028] :: outcomeMeasures[3] :: groups[OG001] :: classes[0] :: categories[0]
CATEGORY	NCT01562028	ctg_results_bor_2010_2013	3	Objective Response	OG001	T790M Negative	0		1	Partial Response	54	yes	PR	yes	72	72	72	0	1	RECOVERABLE		ctg_results_bor_2010_2013.txt :: studies[nct=NCT01562028] :: outcomeMeasures[3] :: groups[OG001] :: classes[0] :: categories[1]
CATEGORY	NCT01562028	ctg_results_bor_2010_2013	3	Objective Response	OG001	T790M Negative	0		2	Stable Disease	9	yes	SD	yes	72	72	72	0	1	RECOVERABLE		ctg_results_bor_2010_2013.txt :: studies[nct=NCT01562028] :: outcomeMeasures[3] :: groups[OG001] :: classes[0] :: categories[2]
CATEGORY	NCT01562028	ctg_results_bor_2010_2013	3	Objective Response	OG001	T790M Negative	0		3	Progressive Disease	3	yes	PD	yes	72	72	72	0	1	RECOVERABLE		ctg_results_bor_2010_2013.txt :: studies[nct=NCT01562028] :: outcomeMeasures[3] :: groups[OG001] :: classes[0] :: categories[3]
CATEGORY	NCT01562028	ctg_results_bor_2010_2013	3	Objective Response	OG001	T790M Negative	0		4	Non-Evaluable	3	yes		dropped	72	72	72	0	1	RECOVERABLE		ctg_results_bor_2010_2013.txt :: studies[nct=NCT01562028] :: outcomeMeasures[3] :: groups[OG001] :: classes[0] :: categories[4]
CLASS	NCT01790503	ctg_results_bor_2010_2013	6	Summary of Best Overall Response by Subgroups in the Modified Intent-To-Treat Population on the Recommended Phase 2 Dose	OG000	Combined 800 mg, 5 Days/Week	0	Age group: 18-64 years							39	53	197	144	8	UNRESOLVED	cross-class overwrite with conflicting values for CR,PD,PR,SD (last class wins) ; cells drawn from 8 different classes (Age group: 18-64 years; Age group: 65+ years; Complete resection; Partial resection; Baseline KPS: 70-89; Baseline KPS: 90-100; MGMT status: methylated; MGMT status: unmethylated)	ctg_results_bor_2010_2013.txt :: studies[nct=NCT01790503] :: outcomeMeasures[6] :: groups[OG000] :: classes[0]
CATEGORY	NCT01790503	ctg_results_bor_2010_2013	6	Summary of Best Overall Response by Subgroups in the Modified Intent-To-Treat Population on the Recommended Phase 2 Dose	OG000	Combined 800 mg, 5 Days/Week	0	Age group: 18-64 years	0	Complete response (CR)	2	yes	CR	overwritten	39	53	197	144	8	UNRESOLVED		ctg_results_bor_2010_2013.txt :: studies[nct=NCT01790503] :: outcomeMeasures[6] :: groups[OG000] :: classes[0] :: categories[0]
CATEGORY	NCT01790503	ctg_results_bor_2010_2013	6	Summary of Best Overall Response by Subgroups in the Modified Intent-To-Treat Population on the Recommended Phase 2 Dose	OG000	Combined 800 mg, 5 Days/Week	0	Age group: 18-64 years	1	Partial response (PR)	4	yes	PR	overwritten	39	53	197	144	8	UNRESOLVED		ctg_results_bor_2010_2013.txt :: studies[nct=NCT01790503] :: outcomeMeasures[6] :: groups[OG000] :: classes[0] :: categories[1]
CATEGORY	NCT01790503	ctg_results_bor_2010_2013	6	Summary of Best Overall Response by Subgroups in the Modified Intent-To-Treat Population on the Recommended Phase 2 Dose	OG000	Combined 800 mg, 5 Days/Week	0	Age group: 18-64 years	2	CR+PR	6	yes	CR	overwritten	39	53	197	144	8	UNRESOLVED		ctg_results_bor_2010_2013.txt :: studies[nct=NCT01790503] :: outcomeMeasures[6] :: groups[OG000] :: classes[0] :: categories[2]
CATEGORY	NCT01790503	ctg_results_bor_2010_2013	6	Summary of Best Overall Response by Subgroups in the Modified Intent-To-Treat Population on the Recommended Phase 2 Dose	OG000	Combined 800 mg, 5 Days/Week	0	Age group: 18-64 years	3	Stable disease	18	yes	SD	overwritten	39	53	197	144	8	UNRESOLVED		ctg_results_bor_2010_2013.txt :: studies[nct=NCT01790503] :: outcomeMeasures[6] :: groups[OG000] :: classes[0] :: categories[3]
CATEGORY	NCT01790503	ctg_results_bor_2010_2013	6	Summary of Best Overall Response by Subgroups in the Modified Intent-To-Treat Population on the Recommended Phase 2 Dose	OG000	Combined 800 mg, 5 Days/Week	0	Age group: 18-64 years	4	Progressive disease	9	yes	PD	overwritten	39	53	197	144	8	UNRESOLVED		ctg_results_bor_2010_2013.txt :: studies[nct=NCT01790503] :: outcomeMeasures[6] :: groups[OG000] :: classes[0] :: categories[4]
CATEGORY	NCT01790503	ctg_results_bor_2010_2013	6	Summary of Best Overall Response by Subgroups in the Modified Intent-To-Treat Population on the Recommended Phase 2 Dose	OG000	Combined 800 mg, 5 Days/Week	0	Age group: 18-64 years	5	Unable to access	0	yes		dropped	39	53	197	144	8	UNRESOLVED		ctg_results_bor_2010_2013.txt :: studies[nct=NCT01790503] :: outcomeMeasures[6] :: groups[OG000] :: classes[0] :: categories[5]
CATEGORY	NCT01790503	ctg_results_bor_2010_2013	6	Summary of Best Overall Response by Subgroups in the Modified Intent-To-Treat Population on the Recommended Phase 2 Dose	OG000	Combined 800 mg, 5 Days/Week	0	Age group: 18-64 years	6	Unknown	0	yes		dropped	39	53	197	144	8	UNRESOLVED		ctg_results_bor_2010_2013.txt :: studies[nct=NCT01790503] :: outcomeMeasures[6] :: groups[OG000] :: classes[0] :: categories[6]
CLASS	NCT01790503	ctg_results_bor_2010_2013	6	Summary of Best Overall Response by Subgroups in the Modified Intent-To-Treat Population on the Recommended Phase 2 Dose	OG000	Combined 800 mg, 5 Days/Week	1	Age group: 65+ years							11	53	197	144	8	UNRESOLVED	cross-class overwrite with conflicting values for CR,PD,PR,SD (last class wins) ; cells drawn from 8 different classes (Age group: 18-64 years; Age group: 65+ years; Complete resection; Partial resection; Baseline KPS: 70-89; Baseline KPS: 90-100; MGMT status: methylated; MGMT status: unmethylated)	ctg_results_bor_2010_2013.txt :: studies[nct=NCT01790503] :: outcomeMeasures[6] :: groups[OG000] :: classes[1]
CATEGORY	NCT01790503	ctg_results_bor_2010_2013	6	Summary of Best Overall Response by Subgroups in the Modified Intent-To-Treat Population on the Recommended Phase 2 Dose	OG000	Combined 800 mg, 5 Days/Week	1	Age group: 65+ years	0	Complete response (CR)	0	yes	CR	overwritten	11	53	197	144	8	UNRESOLVED		ctg_results_bor_2010_2013.txt :: studies[nct=NCT01790503] :: outcomeMeasures[6] :: groups[OG000] :: classes[1] :: categories[0]
CATEGORY	NCT01790503	ctg_results_bor_2010_2013	6	Summary of Best Overall Response by Subgroups in the Modified Intent-To-Treat Population on the Recommended Phase 2 Dose	OG000	Combined 800 mg, 5 Days/Week	1	Age group: 65+ years	1	Partial response (PR)	1	yes	PR	overwritten	11	53	197	144	8	UNRESOLVED		ctg_results_bor_2010_2013.txt :: studies[nct=NCT01790503] :: outcomeMeasures[6] :: groups[OG000] :: classes[1] :: categories[1]
CATEGORY	NCT01790503	ctg_results_bor_2010_2013	6	Summary of Best Overall Response by Subgroups in the Modified Intent-To-Treat Population on the Recommended Phase 2 Dose	OG000	Combined 800 mg, 5 Days/Week	1	Age group: 65+ years	2	CR+PR	1	yes	CR	overwritten	11	53	197	144	8	UNRESOLVED		ctg_results_bor_2010_2013.txt :: studies[nct=NCT01790503] :: outcomeMeasures[6] :: groups[OG000] :: classes[1] :: categories[2]
CATEGORY	NCT01790503	ctg_results_bor_2010_2013	6	Summary of Best Overall Response by Subgroups in the Modified Intent-To-Treat Population on the Recommended Phase 2 Dose	OG000	Combined 800 mg, 5 Days/Week	1	Age group: 65+ years	3	Stable disease	6	yes	SD	overwritten	11	53	197	144	8	UNRESOLVED		ctg_results_bor_2010_2013.txt :: studies[nct=NCT01790503] :: outcomeMeasures[6] :: groups[OG000] :: classes[1] :: categories[3]
CATEGORY	NCT01790503	ctg_results_bor_2010_2013	6	Summary of Best Overall Response by Subgroups in the Modified Intent-To-Treat Population on the Recommended Phase 2 Dose	OG000	Combined 800 mg, 5 Days/Week	1	Age group: 65+ years	4	Progressive disease	3	yes	PD	overwritten	11	53	197	144	8	UNRESOLVED		ctg_results_bor_2010_2013.txt :: studies[nct=NCT01790503] :: outcomeMeasures[6] :: groups[OG000] :: classes[1] :: categories[4]
CATEGORY	NCT01790503	ctg_results_bor_2010_2013	6	Summary of Best Overall Response by Subgroups in the Modified Intent-To-Treat Population on the Recommended Phase 2 Dose	OG000	Combined 800 mg, 5 Days/Week	1	Age group: 65+ years	5	Unable to access	0	yes		dropped	11	53	197	144	8	UNRESOLVED		ctg_results_bor_2010_2013.txt :: studies[nct=NCT01790503] :: outcomeMeasures[6] :: groups[OG000] :: classes[1] :: categories[5]
CATEGORY	NCT01790503	ctg_results_bor_2010_2013	6	Summary of Best Overall Response by Subgroups in the Modified Intent-To-Treat Population on the Recommended Phase 2 Dose	OG000	Combined 800 mg, 5 Days/Week	1	Age group: 65+ years	6	Unknown	0	yes		dropped	11	53	197	144	8	UNRESOLVED		ctg_results_bor_2010_2013.txt :: studies[nct=NCT01790503] :: outcomeMeasures[6] :: groups[OG000] :: classes[1] :: categories[6]
CLASS	NCT01790503	ctg_results_bor_2010_2013	6	Summary of Best Overall Response by Subgroups in the Modified Intent-To-Treat Population on the Recommended Phase 2 Dose	OG000	Combined 800 mg, 5 Days/Week	2	Complete resection							21	53	197	144	8	UNRESOLVED	cross-class overwrite with conflicting values for CR,PD,PR,SD (last class wins) ; cells drawn from 8 different classes (Age group: 18-64 years; Age group: 65+ years; Complete resection; Partial resection; Baseline KPS: 70-89; Baseline KPS: 90-100; MGMT status: methylated; MGMT status: unmethylated)	ctg_results_bor_2010_2013.txt :: studies[nct=NCT01790503] :: outcomeMeasures[6] :: groups[OG000] :: classes[2]
CATEGORY	NCT01790503	ctg_results_bor_2010_2013	6	Summary of Best Overall Response by Subgroups in the Modified Intent-To-Treat Population on the Recommended Phase 2 Dose	OG000	Combined 800 mg, 5 Days/Week	2	Complete resection	0	Complete response (CR)	1	yes	CR	overwritten	21	53	197	144	8	UNRESOLVED		ctg_results_bor_2010_2013.txt :: studies[nct=NCT01790503] :: outcomeMeasures[6] :: groups[OG000] :: classes[2] :: categories[0]
CATEGORY	NCT01790503	ctg_results_bor_2010_2013	6	Summary of Best Overall Response by Subgroups in the Modified Intent-To-Treat Population on the Recommended Phase 2 Dose	OG000	Combined 800 mg, 5 Days/Week	2	Complete resection	1	Partial response (PR)	2	yes	PR	overwritten	21	53	197	144	8	UNRESOLVED		ctg_results_bor_2010_2013.txt :: studies[nct=NCT01790503] :: outcomeMeasures[6] :: groups[OG000] :: classes[2] :: categories[1]
CATEGORY	NCT01790503	ctg_results_bor_2010_2013	6	Summary of Best Overall Response by Subgroups in the Modified Intent-To-Treat Population on the Recommended Phase 2 Dose	OG000	Combined 800 mg, 5 Days/Week	2	Complete resection	2	CR+PR	3	yes	CR	overwritten	21	53	197	144	8	UNRESOLVED		ctg_results_bor_2010_2013.txt :: studies[nct=NCT01790503] :: outcomeMeasures[6] :: groups[OG000] :: classes[2] :: categories[2]
CATEGORY	NCT01790503	ctg_results_bor_2010_2013	6	Summary of Best Overall Response by Subgroups in the Modified Intent-To-Treat Population on the Recommended Phase 2 Dose	OG000	Combined 800 mg, 5 Days/Week	2	Complete resection	3	Stable disease	10	yes	SD	overwritten	21	53	197	144	8	UNRESOLVED		ctg_results_bor_2010_2013.txt :: studies[nct=NCT01790503] :: outcomeMeasures[6] :: groups[OG000] :: classes[2] :: categories[3]
CATEGORY	NCT01790503	ctg_results_bor_2010_2013	6	Summary of Best Overall Response by Subgroups in the Modified Intent-To-Treat Population on the Recommended Phase 2 Dose	OG000	Combined 800 mg, 5 Days/Week	2	Complete resection	4	Progressive disease	5	yes	PD	overwritten	21	53	197	144	8	UNRESOLVED		ctg_results_bor_2010_2013.txt :: studies[nct=NCT01790503] :: outcomeMeasures[6] :: groups[OG000] :: classes[2] :: categories[4]
CATEGORY	NCT01790503	ctg_results_bor_2010_2013	6	Summary of Best Overall Response by Subgroups in the Modified Intent-To-Treat Population on the Recommended Phase 2 Dose	OG000	Combined 800 mg, 5 Days/Week	2	Complete resection	5	Unable to access	0	yes		dropped	21	53	197	144	8	UNRESOLVED		ctg_results_bor_2010_2013.txt :: studies[nct=NCT01790503] :: outcomeMeasures[6] :: groups[OG000] :: classes[2] :: categories[5]
CATEGORY	NCT01790503	ctg_results_bor_2010_2013	6	Summary of Best Overall Response by Subgroups in the Modified Intent-To-Treat Population on the Recommended Phase 2 Dose	OG000	Combined 800 mg, 5 Days/Week	2	Complete resection	6	Unknown	0	yes		dropped	21	53	197	144	8	UNRESOLVED		ctg_results_bor_2010_2013.txt :: studies[nct=NCT01790503] :: outcomeMeasures[6] :: groups[OG000] :: classes[2] :: categories[6]
CLASS	NCT01790503	ctg_results_bor_2010_2013	6	Summary of Best Overall Response by Subgroups in the Modified Intent-To-Treat Population on the Recommended Phase 2 Dose	OG000	Combined 800 mg, 5 Days/Week	3	Partial resection							27	53	197	144	8	UNRESOLVED	cross-class overwrite with conflicting values for CR,PD,PR,SD (last class wins) ; cells drawn from 8 different classes (Age group: 18-64 years; Age group: 65+ years; Complete resection; Partial resection; Baseline KPS: 70-89; Baseline KPS: 90-100; MGMT status: methylated; MGMT status: unmethylated)	ctg_results_bor_2010_2013.txt :: studies[nct=NCT01790503] :: outcomeMeasures[6] :: groups[OG000] :: classes[3]
CATEGORY	NCT01790503	ctg_results_bor_2010_2013	6	Summary of Best Overall Response by Subgroups in the Modified Intent-To-Treat Population on the Recommended Phase 2 Dose	OG000	Combined 800 mg, 5 Days/Week	3	Partial resection	0	Complete response (CR)	1	yes	CR	overwritten	27	53	197	144	8	UNRESOLVED		ctg_results_bor_2010_2013.txt :: studies[nct=NCT01790503] :: outcomeMeasures[6] :: groups[OG000] :: classes[3] :: categories[0]
CATEGORY	NCT01790503	ctg_results_bor_2010_2013	6	Summary of Best Overall Response by Subgroups in the Modified Intent-To-Treat Population on the Recommended Phase 2 Dose	OG000	Combined 800 mg, 5 Days/Week	3	Partial resection	1	Partial response (PR)	3	yes	PR	overwritten	27	53	197	144	8	UNRESOLVED		ctg_results_bor_2010_2013.txt :: studies[nct=NCT01790503] :: outcomeMeasures[6] :: groups[OG000] :: classes[3] :: categories[1]
CATEGORY	NCT01790503	ctg_results_bor_2010_2013	6	Summary of Best Overall Response by Subgroups in the Modified Intent-To-Treat Population on the Recommended Phase 2 Dose	OG000	Combined 800 mg, 5 Days/Week	3	Partial resection	2	CR+PR	4	yes	CR	overwritten	27	53	197	144	8	UNRESOLVED		ctg_results_bor_2010_2013.txt :: studies[nct=NCT01790503] :: outcomeMeasures[6] :: groups[OG000] :: classes[3] :: categories[2]
CATEGORY	NCT01790503	ctg_results_bor_2010_2013	6	Summary of Best Overall Response by Subgroups in the Modified Intent-To-Treat Population on the Recommended Phase 2 Dose	OG000	Combined 800 mg, 5 Days/Week	3	Partial resection	3	Stable disease	13	yes	SD	overwritten	27	53	197	144	8	UNRESOLVED		ctg_results_bor_2010_2013.txt :: studies[nct=NCT01790503] :: outcomeMeasures[6] :: groups[OG000] :: classes[3] :: categories[3]
CATEGORY	NCT01790503	ctg_results_bor_2010_2013	6	Summary of Best Overall Response by Subgroups in the Modified Intent-To-Treat Population on the Recommended Phase 2 Dose	OG000	Combined 800 mg, 5 Days/Week	3	Partial resection	4	Progressive disease	6	yes	PD	overwritten	27	53	197	144	8	UNRESOLVED		ctg_results_bor_2010_2013.txt :: studies[nct=NCT01790503] :: outcomeMeasures[6] :: groups[OG000] :: classes[3] :: categories[4]
CATEGORY	NCT01790503	ctg_results_bor_2010_2013	6	Summary of Best Overall Response by Subgroups in the Modified Intent-To-Treat Population on the Recommended Phase 2 Dose	OG000	Combined 800 mg, 5 Days/Week	3	Partial resection	5	Unable to access	0	yes		dropped	27	53	197	144	8	UNRESOLVED		ctg_results_bor_2010_2013.txt :: studies[nct=NCT01790503] :: outcomeMeasures[6] :: groups[OG000] :: classes[3] :: categories[5]
CATEGORY	NCT01790503	ctg_results_bor_2010_2013	6	Summary of Best Overall Response by Subgroups in the Modified Intent-To-Treat Population on the Recommended Phase 2 Dose	OG000	Combined 800 mg, 5 Days/Week	3	Partial resection	6	Unknown	0	yes		dropped	27	53	197	144	8	UNRESOLVED		ctg_results_bor_2010_2013.txt :: studies[nct=NCT01790503] :: outcomeMeasures[6] :: groups[OG000] :: classes[3] :: categories[6]
CLASS	NCT01790503	ctg_results_bor_2010_2013	6	Summary of Best Overall Response by Subgroups in the Modified Intent-To-Treat Population on the Recommended Phase 2 Dose	OG000	Combined 800 mg, 5 Days/Week	4	Baseline KPS: 70-89							17	53	197	144	8	UNRESOLVED	cross-class overwrite with conflicting values for CR,PD,PR,SD (last class wins) ; cells drawn from 8 different classes (Age group: 18-64 years; Age group: 65+ years; Complete resection; Partial resection; Baseline KPS: 70-89; Baseline KPS: 90-100; MGMT status: methylated; MGMT status: unmethylated)	ctg_results_bor_2010_2013.txt :: studies[nct=NCT01790503] :: outcomeMeasures[6] :: groups[OG000] :: classes[4]
CATEGORY	NCT01790503	ctg_results_bor_2010_2013	6	Summary of Best Overall Response by Subgroups in the Modified Intent-To-Treat Population on the Recommended Phase 2 Dose	OG000	Combined 800 mg, 5 Days/Week	4	Baseline KPS: 70-89	0	Complete response (CR)	0	yes	CR	overwritten	17	53	197	144	8	UNRESOLVED		ctg_results_bor_2010_2013.txt :: studies[nct=NCT01790503] :: outcomeMeasures[6] :: groups[OG000] :: classes[4] :: categories[0]
CATEGORY	NCT01790503	ctg_results_bor_2010_2013	6	Summary of Best Overall Response by Subgroups in the Modified Intent-To-Treat Population on the Recommended Phase 2 Dose	OG000	Combined 800 mg, 5 Days/Week	4	Baseline KPS: 70-89	1	Partial response (PR)	1	yes	PR	overwritten	17	53	197	144	8	UNRESOLVED		ctg_results_bor_2010_2013.txt :: studies[nct=NCT01790503] :: outcomeMeasures[6] :: groups[OG000] :: classes[4] :: categories[1]
CATEGORY	NCT01790503	ctg_results_bor_2010_2013	6	Summary of Best Overall Response by Subgroups in the Modified Intent-To-Treat Population on the Recommended Phase 2 Dose	OG000	Combined 800 mg, 5 Days/Week	4	Baseline KPS: 70-89	2	CR+PR	1	yes	CR	overwritten	17	53	197	144	8	UNRESOLVED		ctg_results_bor_2010_2013.txt :: studies[nct=NCT01790503] :: outcomeMeasures[6] :: groups[OG000] :: classes[4] :: categories[2]
CATEGORY	NCT01790503	ctg_results_bor_2010_2013	6	Summary of Best Overall Response by Subgroups in the Modified Intent-To-Treat Population on the Recommended Phase 2 Dose	OG000	Combined 800 mg, 5 Days/Week	4	Baseline KPS: 70-89	3	Stable disease	7	yes	SD	overwritten	17	53	197	144	8	UNRESOLVED		ctg_results_bor_2010_2013.txt :: studies[nct=NCT01790503] :: outcomeMeasures[6] :: groups[OG000] :: classes[4] :: categories[3]
CATEGORY	NCT01790503	ctg_results_bor_2010_2013	6	Summary of Best Overall Response by Subgroups in the Modified Intent-To-Treat Population on the Recommended Phase 2 Dose	OG000	Combined 800 mg, 5 Days/Week	4	Baseline KPS: 70-89	4	Progressive disease	8	yes	PD	overwritten	17	53	197	144	8	UNRESOLVED		ctg_results_bor_2010_2013.txt :: studies[nct=NCT01790503] :: outcomeMeasures[6] :: groups[OG000] :: classes[4] :: categories[4]
CATEGORY	NCT01790503	ctg_results_bor_2010_2013	6	Summary of Best Overall Response by Subgroups in the Modified Intent-To-Treat Population on the Recommended Phase 2 Dose	OG000	Combined 800 mg, 5 Days/Week	4	Baseline KPS: 70-89	5	Unable to access	0	yes		dropped	17	53	197	144	8	UNRESOLVED		ctg_results_bor_2010_2013.txt :: studies[nct=NCT01790503] :: outcomeMeasures[6] :: groups[OG000] :: classes[4] :: categories[5]
CATEGORY	NCT01790503	ctg_results_bor_2010_2013	6	Summary of Best Overall Response by Subgroups in the Modified Intent-To-Treat Population on the Recommended Phase 2 Dose	OG000	Combined 800 mg, 5 Days/Week	4	Baseline KPS: 70-89	6	Unknown	0	yes		dropped	17	53	197	144	8	UNRESOLVED		ctg_results_bor_2010_2013.txt :: studies[nct=NCT01790503] :: outcomeMeasures[6] :: groups[OG000] :: classes[4] :: categories[6]
CLASS	NCT01790503	ctg_results_bor_2010_2013	6	Summary of Best Overall Response by Subgroups in the Modified Intent-To-Treat Population on the Recommended Phase 2 Dose	OG000	Combined 800 mg, 5 Days/Week	5	Baseline KPS: 90-100							33	53	197	144	8	UNRESOLVED	cross-class overwrite with conflicting values for CR,PD,PR,SD (last class wins) ; cells drawn from 8 different classes (Age group: 18-64 years; Age group: 65+ years; Complete resection; Partial resection; Baseline KPS: 70-89; Baseline KPS: 90-100; MGMT status: methylated; MGMT status: unmethylated)	ctg_results_bor_2010_2013.txt :: studies[nct=NCT01790503] :: outcomeMeasures[6] :: groups[OG000] :: classes[5]
CATEGORY	NCT01790503	ctg_results_bor_2010_2013	6	Summary of Best Overall Response by Subgroups in the Modified Intent-To-Treat Population on the Recommended Phase 2 Dose	OG000	Combined 800 mg, 5 Days/Week	5	Baseline KPS: 90-100	0	Complete response (CR)	2	yes	CR	overwritten	33	53	197	144	8	UNRESOLVED		ctg_results_bor_2010_2013.txt :: studies[nct=NCT01790503] :: outcomeMeasures[6] :: groups[OG000] :: classes[5] :: categories[0]
CATEGORY	NCT01790503	ctg_results_bor_2010_2013	6	Summary of Best Overall Response by Subgroups in the Modified Intent-To-Treat Population on the Recommended Phase 2 Dose	OG000	Combined 800 mg, 5 Days/Week	5	Baseline KPS: 90-100	1	Partial response (PR)	4	yes	PR	overwritten	33	53	197	144	8	UNRESOLVED		ctg_results_bor_2010_2013.txt :: studies[nct=NCT01790503] :: outcomeMeasures[6] :: groups[OG000] :: classes[5] :: categories[1]
CATEGORY	NCT01790503	ctg_results_bor_2010_2013	6	Summary of Best Overall Response by Subgroups in the Modified Intent-To-Treat Population on the Recommended Phase 2 Dose	OG000	Combined 800 mg, 5 Days/Week	5	Baseline KPS: 90-100	2	CR+PR	6	yes	CR	overwritten	33	53	197	144	8	UNRESOLVED		ctg_results_bor_2010_2013.txt :: studies[nct=NCT01790503] :: outcomeMeasures[6] :: groups[OG000] :: classes[5] :: categories[2]
CATEGORY	NCT01790503	ctg_results_bor_2010_2013	6	Summary of Best Overall Response by Subgroups in the Modified Intent-To-Treat Population on the Recommended Phase 2 Dose	OG000	Combined 800 mg, 5 Days/Week	5	Baseline KPS: 90-100	3	Stable disease	17	yes	SD	overwritten	33	53	197	144	8	UNRESOLVED		ctg_results_bor_2010_2013.txt :: studies[nct=NCT01790503] :: outcomeMeasures[6] :: groups[OG000] :: classes[5] :: categories[3]
CATEGORY	NCT01790503	ctg_results_bor_2010_2013	6	Summary of Best Overall Response by Subgroups in the Modified Intent-To-Treat Population on the Recommended Phase 2 Dose	OG000	Combined 800 mg, 5 Days/Week	5	Baseline KPS: 90-100	4	Progressive disease	4	yes	PD	overwritten	33	53	197	144	8	UNRESOLVED		ctg_results_bor_2010_2013.txt :: studies[nct=NCT01790503] :: outcomeMeasures[6] :: groups[OG000] :: classes[5] :: categories[4]
CATEGORY	NCT01790503	ctg_results_bor_2010_2013	6	Summary of Best Overall Response by Subgroups in the Modified Intent-To-Treat Population on the Recommended Phase 2 Dose	OG000	Combined 800 mg, 5 Days/Week	5	Baseline KPS: 90-100	5	Unable to access	0	yes		dropped	33	53	197	144	8	UNRESOLVED		ctg_results_bor_2010_2013.txt :: studies[nct=NCT01790503] :: outcomeMeasures[6] :: groups[OG000] :: classes[5] :: categories[5]
CATEGORY	NCT01790503	ctg_results_bor_2010_2013	6	Summary of Best Overall Response by Subgroups in the Modified Intent-To-Treat Population on the Recommended Phase 2 Dose	OG000	Combined 800 mg, 5 Days/Week	5	Baseline KPS: 90-100	6	Unknown	0	yes		dropped	33	53	197	144	8	UNRESOLVED		ctg_results_bor_2010_2013.txt :: studies[nct=NCT01790503] :: outcomeMeasures[6] :: groups[OG000] :: classes[5] :: categories[6]
CLASS	NCT01790503	ctg_results_bor_2010_2013	6	Summary of Best Overall Response by Subgroups in the Modified Intent-To-Treat Population on the Recommended Phase 2 Dose	OG000	Combined 800 mg, 5 Days/Week	6	MGMT status: methylated							22	53	197	144	8	UNRESOLVED	cross-class overwrite with conflicting values for CR,PD,PR,SD (last class wins) ; cells drawn from 8 different classes (Age group: 18-64 years; Age group: 65+ years; Complete resection; Partial resection; Baseline KPS: 70-89; Baseline KPS: 90-100; MGMT status: methylated; MGMT status: unmethylated)	ctg_results_bor_2010_2013.txt :: studies[nct=NCT01790503] :: outcomeMeasures[6] :: groups[OG000] :: classes[6]
CATEGORY	NCT01790503	ctg_results_bor_2010_2013	6	Summary of Best Overall Response by Subgroups in the Modified Intent-To-Treat Population on the Recommended Phase 2 Dose	OG000	Combined 800 mg, 5 Days/Week	6	MGMT status: methylated	0	Complete response (CR)	1	yes	CR	overwritten	22	53	197	144	8	UNRESOLVED		ctg_results_bor_2010_2013.txt :: studies[nct=NCT01790503] :: outcomeMeasures[6] :: groups[OG000] :: classes[6] :: categories[0]
CATEGORY	NCT01790503	ctg_results_bor_2010_2013	6	Summary of Best Overall Response by Subgroups in the Modified Intent-To-Treat Population on the Recommended Phase 2 Dose	OG000	Combined 800 mg, 5 Days/Week	6	MGMT status: methylated	1	Partial response (PR)	3	yes	PR	overwritten	22	53	197	144	8	UNRESOLVED		ctg_results_bor_2010_2013.txt :: studies[nct=NCT01790503] :: outcomeMeasures[6] :: groups[OG000] :: classes[6] :: categories[1]
CATEGORY	NCT01790503	ctg_results_bor_2010_2013	6	Summary of Best Overall Response by Subgroups in the Modified Intent-To-Treat Population on the Recommended Phase 2 Dose	OG000	Combined 800 mg, 5 Days/Week	6	MGMT status: methylated	2	CR+PR	4	yes	CR	overwritten	22	53	197	144	8	UNRESOLVED		ctg_results_bor_2010_2013.txt :: studies[nct=NCT01790503] :: outcomeMeasures[6] :: groups[OG000] :: classes[6] :: categories[2]
CATEGORY	NCT01790503	ctg_results_bor_2010_2013	6	Summary of Best Overall Response by Subgroups in the Modified Intent-To-Treat Population on the Recommended Phase 2 Dose	OG000	Combined 800 mg, 5 Days/Week	6	MGMT status: methylated	3	Stable disease	11	yes	SD	overwritten	22	53	197	144	8	UNRESOLVED		ctg_results_bor_2010_2013.txt :: studies[nct=NCT01790503] :: outcomeMeasures[6] :: groups[OG000] :: classes[6] :: categories[3]
CATEGORY	NCT01790503	ctg_results_bor_2010_2013	6	Summary of Best Overall Response by Subgroups in the Modified Intent-To-Treat Population on the Recommended Phase 2 Dose	OG000	Combined 800 mg, 5 Days/Week	6	MGMT status: methylated	4	Progressive disease	3	yes	PD	overwritten	22	53	197	144	8	UNRESOLVED		ctg_results_bor_2010_2013.txt :: studies[nct=NCT01790503] :: outcomeMeasures[6] :: groups[OG000] :: classes[6] :: categories[4]
CATEGORY	NCT01790503	ctg_results_bor_2010_2013	6	Summary of Best Overall Response by Subgroups in the Modified Intent-To-Treat Population on the Recommended Phase 2 Dose	OG000	Combined 800 mg, 5 Days/Week	6	MGMT status: methylated	5	Unable to access	0	yes		dropped	22	53	197	144	8	UNRESOLVED		ctg_results_bor_2010_2013.txt :: studies[nct=NCT01790503] :: outcomeMeasures[6] :: groups[OG000] :: classes[6] :: categories[5]
CATEGORY	NCT01790503	ctg_results_bor_2010_2013	6	Summary of Best Overall Response by Subgroups in the Modified Intent-To-Treat Population on the Recommended Phase 2 Dose	OG000	Combined 800 mg, 5 Days/Week	6	MGMT status: methylated	6	Unknown	0	yes		dropped	22	53	197	144	8	UNRESOLVED		ctg_results_bor_2010_2013.txt :: studies[nct=NCT01790503] :: outcomeMeasures[6] :: groups[OG000] :: classes[6] :: categories[6]
CLASS	NCT01790503	ctg_results_bor_2010_2013	6	Summary of Best Overall Response by Subgroups in the Modified Intent-To-Treat Population on the Recommended Phase 2 Dose	OG000	Combined 800 mg, 5 Days/Week	7	MGMT status: unmethylated							27	53	197	144	8	UNRESOLVED	cross-class overwrite with conflicting values for CR,PD,PR,SD (last class wins) ; cells drawn from 8 different classes (Age group: 18-64 years; Age group: 65+ years; Complete resection; Partial resection; Baseline KPS: 70-89; Baseline KPS: 90-100; MGMT status: methylated; MGMT status: unmethylated)	ctg_results_bor_2010_2013.txt :: studies[nct=NCT01790503] :: outcomeMeasures[6] :: groups[OG000] :: classes[7]
CATEGORY	NCT01790503	ctg_results_bor_2010_2013	6	Summary of Best Overall Response by Subgroups in the Modified Intent-To-Treat Population on the Recommended Phase 2 Dose	OG000	Combined 800 mg, 5 Days/Week	7	MGMT status: unmethylated	0	Complete response (CR)	1	yes	CR	overwritten	27	53	197	144	8	UNRESOLVED		ctg_results_bor_2010_2013.txt :: studies[nct=NCT01790503] :: outcomeMeasures[6] :: groups[OG000] :: classes[7] :: categories[0]
CATEGORY	NCT01790503	ctg_results_bor_2010_2013	6	Summary of Best Overall Response by Subgroups in the Modified Intent-To-Treat Population on the Recommended Phase 2 Dose	OG000	Combined 800 mg, 5 Days/Week	7	MGMT status: unmethylated	1	Partial response (PR)	2	yes	PR	yes	27	53	197	144	8	UNRESOLVED		ctg_results_bor_2010_2013.txt :: studies[nct=NCT01790503] :: outcomeMeasures[6] :: groups[OG000] :: classes[7] :: categories[1]
CATEGORY	NCT01790503	ctg_results_bor_2010_2013	6	Summary of Best Overall Response by Subgroups in the Modified Intent-To-Treat Population on the Recommended Phase 2 Dose	OG000	Combined 800 mg, 5 Days/Week	7	MGMT status: unmethylated	2	CR+PR	3	yes	CR	yes	27	53	197	144	8	UNRESOLVED		ctg_results_bor_2010_2013.txt :: studies[nct=NCT01790503] :: outcomeMeasures[6] :: groups[OG000] :: classes[7] :: categories[2]
CATEGORY	NCT01790503	ctg_results_bor_2010_2013	6	Summary of Best Overall Response by Subgroups in the Modified Intent-To-Treat Population on the Recommended Phase 2 Dose	OG000	Combined 800 mg, 5 Days/Week	7	MGMT status: unmethylated	3	Stable disease	12	yes	SD	yes	27	53	197	144	8	UNRESOLVED		ctg_results_bor_2010_2013.txt :: studies[nct=NCT01790503] :: outcomeMeasures[6] :: groups[OG000] :: classes[7] :: categories[3]
CATEGORY	NCT01790503	ctg_results_bor_2010_2013	6	Summary of Best Overall Response by Subgroups in the Modified Intent-To-Treat Population on the Recommended Phase 2 Dose	OG000	Combined 800 mg, 5 Days/Week	7	MGMT status: unmethylated	4	Progressive disease	9	yes	PD	yes	27	53	197	144	8	UNRESOLVED		ctg_results_bor_2010_2013.txt :: studies[nct=NCT01790503] :: outcomeMeasures[6] :: groups[OG000] :: classes[7] :: categories[4]
CATEGORY	NCT01790503	ctg_results_bor_2010_2013	6	Summary of Best Overall Response by Subgroups in the Modified Intent-To-Treat Population on the Recommended Phase 2 Dose	OG000	Combined 800 mg, 5 Days/Week	7	MGMT status: unmethylated	5	Unable to access	0	yes		dropped	27	53	197	144	8	UNRESOLVED		ctg_results_bor_2010_2013.txt :: studies[nct=NCT01790503] :: outcomeMeasures[6] :: groups[OG000] :: classes[7] :: categories[5]
CATEGORY	NCT01790503	ctg_results_bor_2010_2013	6	Summary of Best Overall Response by Subgroups in the Modified Intent-To-Treat Population on the Recommended Phase 2 Dose	OG000	Combined 800 mg, 5 Days/Week	7	MGMT status: unmethylated	6	Unknown	0	yes		dropped	27	53	197	144	8	UNRESOLVED		ctg_results_bor_2010_2013.txt :: studies[nct=NCT01790503] :: outcomeMeasures[6] :: groups[OG000] :: classes[7] :: categories[6]
CLASS	NCT01740297	ctg_results_bor_2010_2013	3	Phase 2: Best Overall Response	OG000	Phase 2: Ipilimumab	0								100	100	100	0	1	RECOVERABLE	sum of cells 75 != reported denominator 100 (difference -25)	ctg_results_bor_2010_2013.txt :: studies[nct=NCT01740297] :: outcomeMeasures[3] :: groups[OG000] :: classes[0]
CATEGORY	NCT01740297	ctg_results_bor_2010_2013	3	Phase 2: Best Overall Response	OG000	Phase 2: Ipilimumab	0		0	Complete Response (CR)	7	yes	CR	yes	100	100	100	0	1	RECOVERABLE		ctg_results_bor_2010_2013.txt :: studies[nct=NCT01740297] :: outcomeMeasures[3] :: groups[OG000] :: classes[0] :: categories[0]
CATEGORY	NCT01740297	ctg_results_bor_2010_2013	3	Phase 2: Best Overall Response	OG000	Phase 2: Ipilimumab	0		1	Partial Response (PR)	11	yes	PR	yes	100	100	100	0	1	RECOVERABLE		ctg_results_bor_2010_2013.txt :: studies[nct=NCT01740297] :: outcomeMeasures[3] :: groups[OG000] :: classes[0] :: categories[1]
CATEGORY	NCT01740297	ctg_results_bor_2010_2013	3	Phase 2: Best Overall Response	OG000	Phase 2: Ipilimumab	0		2	Stable Disease (SD)	24	yes	SD	yes	100	100	100	0	1	RECOVERABLE		ctg_results_bor_2010_2013.txt :: studies[nct=NCT01740297] :: outcomeMeasures[3] :: groups[OG000] :: classes[0] :: categories[2]
CATEGORY	NCT01740297	ctg_results_bor_2010_2013	3	Phase 2: Best Overall Response	OG000	Phase 2: Ipilimumab	0		3	Progressive Disease (PD)	33	yes	PD	yes	100	100	100	0	1	RECOVERABLE		ctg_results_bor_2010_2013.txt :: studies[nct=NCT01740297] :: outcomeMeasures[3] :: groups[OG000] :: classes[0] :: categories[3]
CATEGORY	NCT01740297	ctg_results_bor_2010_2013	3	Phase 2: Best Overall Response	OG000	Phase 2: Ipilimumab	0		4	Unevaluable (UE)	17	yes		dropped	100	100	100	0	1	RECOVERABLE		ctg_results_bor_2010_2013.txt :: studies[nct=NCT01740297] :: outcomeMeasures[3] :: groups[OG000] :: classes[0] :: categories[4]
CATEGORY	NCT01740297	ctg_results_bor_2010_2013	3	Phase 2: Best Overall Response	OG000	Phase 2: Ipilimumab	0		5	Not Done (ND)	8	yes		dropped	100	100	100	0	1	RECOVERABLE		ctg_results_bor_2010_2013.txt :: studies[nct=NCT01740297] :: outcomeMeasures[3] :: groups[OG000] :: classes[0] :: categories[5]
CLASS	NCT01740297	ctg_results_bor_2010_2013	3	Phase 2: Best Overall Response	OG001	Phase 2: Talimogene Laherparepvec + Ipilimumab	0								98	98	98	0	1	RECOVERABLE	sum of cells 88 != reported denominator 98 (difference -10)	ctg_results_bor_2010_2013.txt :: studies[nct=NCT01740297] :: outcomeMeasures[3] :: groups[OG001] :: classes[0]
CATEGORY	NCT01740297	ctg_results_bor_2010_2013	3	Phase 2: Best Overall Response	OG001	Phase 2: Talimogene Laherparepvec + Ipilimumab	0		0	Complete Response (CR)	13	yes	CR	yes	98	98	98	0	1	RECOVERABLE		ctg_results_bor_2010_2013.txt :: studies[nct=NCT01740297] :: outcomeMeasures[3] :: groups[OG001] :: classes[0] :: categories[0]
CATEGORY	NCT01740297	ctg_results_bor_2010_2013	3	Phase 2: Best Overall Response	OG001	Phase 2: Talimogene Laherparepvec + Ipilimumab	0		1	Partial Response (PR)	25	yes	PR	yes	98	98	98	0	1	RECOVERABLE		ctg_results_bor_2010_2013.txt :: studies[nct=NCT01740297] :: outcomeMeasures[3] :: groups[OG001] :: classes[0] :: categories[1]
CATEGORY	NCT01740297	ctg_results_bor_2010_2013	3	Phase 2: Best Overall Response	OG001	Phase 2: Talimogene Laherparepvec + Ipilimumab	0		2	Stable Disease (SD)	19	yes	SD	yes	98	98	98	0	1	RECOVERABLE		ctg_results_bor_2010_2013.txt :: studies[nct=NCT01740297] :: outcomeMeasures[3] :: groups[OG001] :: classes[0] :: categories[2]
CATEGORY	NCT01740297	ctg_results_bor_2010_2013	3	Phase 2: Best Overall Response	OG001	Phase 2: Talimogene Laherparepvec + Ipilimumab	0		3	Progressive Disease (PD)	31	yes	PD	yes	98	98	98	0	1	RECOVERABLE		ctg_results_bor_2010_2013.txt :: studies[nct=NCT01740297] :: outcomeMeasures[3] :: groups[OG001] :: classes[0] :: categories[3]
CATEGORY	NCT01740297	ctg_results_bor_2010_2013	3	Phase 2: Best Overall Response	OG001	Phase 2: Talimogene Laherparepvec + Ipilimumab	0		4	Unevaluable (UE)	4	yes		dropped	98	98	98	0	1	RECOVERABLE		ctg_results_bor_2010_2013.txt :: studies[nct=NCT01740297] :: outcomeMeasures[3] :: groups[OG001] :: classes[0] :: categories[4]
CATEGORY	NCT01740297	ctg_results_bor_2010_2013	3	Phase 2: Best Overall Response	OG001	Phase 2: Talimogene Laherparepvec + Ipilimumab	0		5	Not Done (ND)	6	yes		dropped	98	98	98	0	1	RECOVERABLE		ctg_results_bor_2010_2013.txt :: studies[nct=NCT01740297] :: outcomeMeasures[3] :: groups[OG001] :: classes[0] :: categories[5]
CLASS	NCT01746225	ctg_results_bor_2010_2013	3	Best Overall Response	OG000	A: Nab-Paclitaxel 150 mg/m2 Days 1,15	0								83	83	83	0	1	RECOVERABLE	sum of cells 81 != reported denominator 83 (difference -2)	ctg_results_bor_2010_2013.txt :: studies[nct=NCT01746225] :: outcomeMeasures[3] :: groups[OG000] :: classes[0]
CATEGORY	NCT01746225	ctg_results_bor_2010_2013	3	Best Overall Response	OG000	A: Nab-Paclitaxel 150 mg/m2 Days 1,15	0		0	Complete Response (CR)	5	yes	CR	yes	83	83	83	0	1	RECOVERABLE		ctg_results_bor_2010_2013.txt :: studies[nct=NCT01746225] :: outcomeMeasures[3] :: groups[OG000] :: classes[0] :: categories[0]
CATEGORY	NCT01746225	ctg_results_bor_2010_2013	3	Best Overall Response	OG000	A: Nab-Paclitaxel 150 mg/m2 Days 1,15	0		1	Partial Response (PR)	34	yes	PR	yes	83	83	83	0	1	RECOVERABLE		ctg_results_bor_2010_2013.txt :: studies[nct=NCT01746225] :: outcomeMeasures[3] :: groups[OG000] :: classes[0] :: categories[1]
CATEGORY	NCT01746225	ctg_results_bor_2010_2013	3	Best Overall Response	OG000	A: Nab-Paclitaxel 150 mg/m2 Days 1,15	0		2	Stable Disease (SD)/Non-CR/Non-PD	39	yes	SD	yes	83	83	83	0	1	RECOVERABLE		ctg_results_bor_2010_2013.txt :: studies[nct=NCT01746225] :: outcomeMeasures[3] :: groups[OG000] :: classes[0] :: categories[2]
CATEGORY	NCT01746225	ctg_results_bor_2010_2013	3	Best Overall Response	OG000	A: Nab-Paclitaxel 150 mg/m2 Days 1,15	0		3	Progressive Disease (PD)	3	yes	PD	yes	83	83	83	0	1	RECOVERABLE		ctg_results_bor_2010_2013.txt :: studies[nct=NCT01746225] :: outcomeMeasures[3] :: groups[OG000] :: classes[0] :: categories[3]
CATEGORY	NCT01746225	ctg_results_bor_2010_2013	3	Best Overall Response	OG000	A: Nab-Paclitaxel 150 mg/m2 Days 1,15	0		4	Not Evaluable (NE)	2	yes		dropped	83	83	83	0	1	RECOVERABLE		ctg_results_bor_2010_2013.txt :: studies[nct=NCT01746225] :: outcomeMeasures[3] :: groups[OG000] :: classes[0] :: categories[4]
CLASS	NCT01746225	ctg_results_bor_2010_2013	3	Best Overall Response	OG001	B: Nab-Paclitaxel 100 mg/m2 Days 1,8,15	0								86	86	86	0	1	RECOVERABLE	sum of cells 85 != reported denominator 86 (difference -1)	ctg_results_bor_2010_2013.txt :: studies[nct=NCT01746225] :: outcomeMeasures[3] :: groups[OG001] :: classes[0]
CATEGORY	NCT01746225	ctg_results_bor_2010_2013	3	Best Overall Response	OG001	B: Nab-Paclitaxel 100 mg/m2 Days 1,8,15	0		0	Complete Response (CR)	6	yes	CR	yes	86	86	86	0	1	RECOVERABLE		ctg_results_bor_2010_2013.txt :: studies[nct=NCT01746225] :: outcomeMeasures[3] :: groups[OG001] :: classes[0] :: categories[0]
CATEGORY	NCT01746225	ctg_results_bor_2010_2013	3	Best Overall Response	OG001	B: Nab-Paclitaxel 100 mg/m2 Days 1,8,15	0		1	Partial Response (PR)	41	yes	PR	yes	86	86	86	0	1	RECOVERABLE		ctg_results_bor_2010_2013.txt :: studies[nct=NCT01746225] :: outcomeMeasures[3] :: groups[OG001] :: classes[0] :: categories[1]
CATEGORY	NCT01746225	ctg_results_bor_2010_2013	3	Best Overall Response	OG001	B: Nab-Paclitaxel 100 mg/m2 Days 1,8,15	0		2	Stable Disease (SD)/Non-CR/Non-PD	33	yes	SD	yes	86	86	86	0	1	RECOVERABLE		ctg_results_bor_2010_2013.txt :: studies[nct=NCT01746225] :: outcomeMeasures[3] :: groups[OG001] :: classes[0] :: categories[2]
CATEGORY	NCT01746225	ctg_results_bor_2010_2013	3	Best Overall Response	OG001	B: Nab-Paclitaxel 100 mg/m2 Days 1,8,15	0		3	Progressive Disease (PD)	5	yes	PD	yes	86	86	86	0	1	RECOVERABLE		ctg_results_bor_2010_2013.txt :: studies[nct=NCT01746225] :: outcomeMeasures[3] :: groups[OG001] :: classes[0] :: categories[3]
CATEGORY	NCT01746225	ctg_results_bor_2010_2013	3	Best Overall Response	OG001	B: Nab-Paclitaxel 100 mg/m2 Days 1,8,15	0		4	Not Evaluable (NE)	1	yes		dropped	86	86	86	0	1	RECOVERABLE		ctg_results_bor_2010_2013.txt :: studies[nct=NCT01746225] :: outcomeMeasures[3] :: groups[OG001] :: classes[0] :: categories[4]
CLASS	NCT01746225	ctg_results_bor_2010_2013	3	Best Overall Response	OG002	C: Nab-Paclitaxel 75 mg/m2 Days 1,8,15,22	0								86	86	86	0	1	RECOVERABLE	sum of cells 81 != reported denominator 86 (difference -5)	ctg_results_bor_2010_2013.txt :: studies[nct=NCT01746225] :: outcomeMeasures[3] :: groups[OG002] :: classes[0]
CATEGORY	NCT01746225	ctg_results_bor_2010_2013	3	Best Overall Response	OG002	C: Nab-Paclitaxel 75 mg/m2 Days 1,8,15,22	0		0	Complete Response (CR)	4	yes	CR	yes	86	86	86	0	1	RECOVERABLE		ctg_results_bor_2010_2013.txt :: studies[nct=NCT01746225] :: outcomeMeasures[3] :: groups[OG002] :: classes[0] :: categories[0]
CATEGORY	NCT01746225	ctg_results_bor_2010_2013	3	Best Overall Response	OG002	C: Nab-Paclitaxel 75 mg/m2 Days 1,8,15,22	0		1	Partial Response (PR)	35	yes	PR	yes	86	86	86	0	1	RECOVERABLE		ctg_results_bor_2010_2013.txt :: studies[nct=NCT01746225] :: outcomeMeasures[3] :: groups[OG002] :: classes[0] :: categories[1]
CATEGORY	NCT01746225	ctg_results_bor_2010_2013	3	Best Overall Response	OG002	C: Nab-Paclitaxel 75 mg/m2 Days 1,8,15,22	0		2	Stable Disease (SD)/Non-CR/Non-PD	31	yes	SD	yes	86	86	86	0	1	RECOVERABLE		ctg_results_bor_2010_2013.txt :: studies[nct=NCT01746225] :: outcomeMeasures[3] :: groups[OG002] :: classes[0] :: categories[2]
CATEGORY	NCT01746225	ctg_results_bor_2010_2013	3	Best Overall Response	OG002	C: Nab-Paclitaxel 75 mg/m2 Days 1,8,15,22	0		3	Progressive Disease (PD)	11	yes	PD	yes	86	86	86	0	1	RECOVERABLE		ctg_results_bor_2010_2013.txt :: studies[nct=NCT01746225] :: outcomeMeasures[3] :: groups[OG002] :: classes[0] :: categories[3]
CATEGORY	NCT01746225	ctg_results_bor_2010_2013	3	Best Overall Response	OG002	C: Nab-Paclitaxel 75 mg/m2 Days 1,8,15,22	0		4	Not Evaluable (NE)	5	yes		dropped	86	86	86	0	1	RECOVERABLE		ctg_results_bor_2010_2013.txt :: studies[nct=NCT01746225] :: outcomeMeasures[3] :: groups[OG002] :: classes[0] :: categories[4]
CLASS	NCT01876446	ctg_results_bor_2010_2013	3	Best Response	OG000	A: Chemo Resistant	0								20	20	20	0	1	RECOVERABLE	sum of cells 19 != reported denominator 20 (difference -1)	ctg_results_bor_2010_2013.txt :: studies[nct=NCT01876446] :: outcomeMeasures[3] :: groups[OG000] :: classes[0]
CATEGORY	NCT01876446	ctg_results_bor_2010_2013	3	Best Response	OG000	A: Chemo Resistant	0		0	CR Complete Response/Remission	0	yes	CR	yes	20	20	20	0	1	RECOVERABLE		ctg_results_bor_2010_2013.txt :: studies[nct=NCT01876446] :: outcomeMeasures[3] :: groups[OG000] :: classes[0] :: categories[0]
CATEGORY	NCT01876446	ctg_results_bor_2010_2013	3	Best Response	OG000	A: Chemo Resistant	0		1	PR Partial Response/Remission	4	yes	PR	yes	20	20	20	0	1	RECOVERABLE		ctg_results_bor_2010_2013.txt :: studies[nct=NCT01876446] :: outcomeMeasures[3] :: groups[OG000] :: classes[0] :: categories[1]
CATEGORY	NCT01876446	ctg_results_bor_2010_2013	3	Best Response	OG000	A: Chemo Resistant	0		2	SD Stable Disease	6	yes	SD	yes	20	20	20	0	1	RECOVERABLE		ctg_results_bor_2010_2013.txt :: studies[nct=NCT01876446] :: outcomeMeasures[3] :: groups[OG000] :: classes[0] :: categories[2]
CATEGORY	NCT01876446	ctg_results_bor_2010_2013	3	Best Response	OG000	A: Chemo Resistant	0		3	PD Progressive Disease	9	yes	PD	yes	20	20	20	0	1	RECOVERABLE		ctg_results_bor_2010_2013.txt :: studies[nct=NCT01876446] :: outcomeMeasures[3] :: groups[OG000] :: classes[0] :: categories[3]
CATEGORY	NCT01876446	ctg_results_bor_2010_2013	3	Best Response	OG000	A: Chemo Resistant	0		4	NE Not Evaluable	1	yes		dropped	20	20	20	0	1	RECOVERABLE		ctg_results_bor_2010_2013.txt :: studies[nct=NCT01876446] :: outcomeMeasures[3] :: groups[OG000] :: classes[0] :: categories[4]
CLASS	NCT01876446	ctg_results_bor_2010_2013	3	Best Response	OG001	B: Chemo Sensitive	0								18	18	18	0	1	RECOVERABLE	sum of cells 16 != reported denominator 18 (difference -2)	ctg_results_bor_2010_2013.txt :: studies[nct=NCT01876446] :: outcomeMeasures[3] :: groups[OG001] :: classes[0]
CATEGORY	NCT01876446	ctg_results_bor_2010_2013	3	Best Response	OG001	B: Chemo Sensitive	0		0	CR Complete Response/Remission	1	yes	CR	yes	18	18	18	0	1	RECOVERABLE		ctg_results_bor_2010_2013.txt :: studies[nct=NCT01876446] :: outcomeMeasures[3] :: groups[OG001] :: classes[0] :: categories[0]
CATEGORY	NCT01876446	ctg_results_bor_2010_2013	3	Best Response	OG001	B: Chemo Sensitive	0		1	PR Partial Response/Remission	6	yes	PR	yes	18	18	18	0	1	RECOVERABLE		ctg_results_bor_2010_2013.txt :: studies[nct=NCT01876446] :: outcomeMeasures[3] :: groups[OG001] :: classes[0] :: categories[1]
CATEGORY	NCT01876446	ctg_results_bor_2010_2013	3	Best Response	OG001	B: Chemo Sensitive	0		2	SD Stable Disease	7	yes	SD	yes	18	18	18	0	1	RECOVERABLE		ctg_results_bor_2010_2013.txt :: studies[nct=NCT01876446] :: outcomeMeasures[3] :: groups[OG001] :: classes[0] :: categories[2]
CATEGORY	NCT01876446	ctg_results_bor_2010_2013	3	Best Response	OG001	B: Chemo Sensitive	0		3	PD Progressive Disease	2	yes	PD	yes	18	18	18	0	1	RECOVERABLE		ctg_results_bor_2010_2013.txt :: studies[nct=NCT01876446] :: outcomeMeasures[3] :: groups[OG001] :: classes[0] :: categories[3]
CATEGORY	NCT01876446	ctg_results_bor_2010_2013	3	Best Response	OG001	B: Chemo Sensitive	0		4	NE Not Evaluable	2	yes		dropped	18	18	18	0	1	RECOVERABLE		ctg_results_bor_2010_2013.txt :: studies[nct=NCT01876446] :: outcomeMeasures[3] :: groups[OG001] :: classes[0] :: categories[4]
CLASS	NCT01975519	ctg_results_bor_2010_2013	6	Objective Response Rate in Patients With Advanced Soft Tissue Sarcoma by RECIST 1.1	OG001	10 mg/kg TRC105 + Pazopanib	0								78	78	78	0	1	RECOVERABLE	sum of cells 74 != reported denominator 78 (difference -4)	ctg_results_bor_2010_2013.txt :: studies[nct=NCT01975519] :: outcomeMeasures[6] :: groups[OG001] :: classes[0]
CATEGORY	NCT01975519	ctg_results_bor_2010_2013	6	Objective Response Rate in Patients With Advanced Soft Tissue Sarcoma by RECIST 1.1	OG001	10 mg/kg TRC105 + Pazopanib	0		0	Complete Response (CR)	3	yes	CR	yes	78	78	78	0	1	RECOVERABLE		ctg_results_bor_2010_2013.txt :: studies[nct=NCT01975519] :: outcomeMeasures[6] :: groups[OG001] :: classes[0] :: categories[0]
CATEGORY	NCT01975519	ctg_results_bor_2010_2013	6	Objective Response Rate in Patients With Advanced Soft Tissue Sarcoma by RECIST 1.1	OG001	10 mg/kg TRC105 + Pazopanib	0		1	Partial Response (PR)	1	yes	PR	yes	78	78	78	0	1	RECOVERABLE		ctg_results_bor_2010_2013.txt :: studies[nct=NCT01975519] :: outcomeMeasures[6] :: groups[OG001] :: classes[0] :: categories[1]
CATEGORY	NCT01975519	ctg_results_bor_2010_2013	6	Objective Response Rate in Patients With Advanced Soft Tissue Sarcoma by RECIST 1.1	OG001	10 mg/kg TRC105 + Pazopanib	0		2	Stable Disease (SD)	43	yes	SD	yes	78	78	78	0	1	RECOVERABLE		ctg_results_bor_2010_2013.txt :: studies[nct=NCT01975519] :: outcomeMeasures[6] :: groups[OG001] :: classes[0] :: categories[2]
CATEGORY	NCT01975519	ctg_results_bor_2010_2013	6	Objective Response Rate in Patients With Advanced Soft Tissue Sarcoma by RECIST 1.1	OG001	10 mg/kg TRC105 + Pazopanib	0		3	Progressive Disease (PD)	27	yes	PD	yes	78	78	78	0	1	RECOVERABLE		ctg_results_bor_2010_2013.txt :: studies[nct=NCT01975519] :: outcomeMeasures[6] :: groups[OG001] :: classes[0] :: categories[3]
CATEGORY	NCT01975519	ctg_results_bor_2010_2013	6	Objective Response Rate in Patients With Advanced Soft Tissue Sarcoma by RECIST 1.1	OG001	10 mg/kg TRC105 + Pazopanib	0		4	Not Evaluable	4	yes		dropped	78	78	78	0	1	RECOVERABLE		ctg_results_bor_2010_2013.txt :: studies[nct=NCT01975519] :: outcomeMeasures[6] :: groups[OG001] :: classes[0] :: categories[4]
CLASS	NCT01558661	ctg_results_bor_2010_2013	0	Overall Response Rate	OG000	AG-013736 (AXITINIB)	0								33	33	33	0	1	RECOVERABLE	sum of cells 32 != reported denominator 33 (difference -1)	ctg_results_bor_2010_2013.txt :: studies[nct=NCT01558661] :: outcomeMeasures[0] :: groups[OG000] :: classes[0]
CATEGORY	NCT01558661	ctg_results_bor_2010_2013	0	Overall Response Rate	OG000	AG-013736 (AXITINIB)	0		0	Complete Response	0	yes	CR	yes	33	33	33	0	1	RECOVERABLE		ctg_results_bor_2010_2013.txt :: studies[nct=NCT01558661] :: outcomeMeasures[0] :: groups[OG000] :: classes[0] :: categories[0]
CATEGORY	NCT01558661	ctg_results_bor_2010_2013	0	Overall Response Rate	OG000	AG-013736 (AXITINIB)	0		1	Partial Response	3	yes	PR	yes	33	33	33	0	1	RECOVERABLE		ctg_results_bor_2010_2013.txt :: studies[nct=NCT01558661] :: outcomeMeasures[0] :: groups[OG000] :: classes[0] :: categories[1]
CATEGORY	NCT01558661	ctg_results_bor_2010_2013	0	Overall Response Rate	OG000	AG-013736 (AXITINIB)	0		2	Stable Disease	25	yes	SD	yes	33	33	33	0	1	RECOVERABLE		ctg_results_bor_2010_2013.txt :: studies[nct=NCT01558661] :: outcomeMeasures[0] :: groups[OG000] :: classes[0] :: categories[2]
CATEGORY	NCT01558661	ctg_results_bor_2010_2013	0	Overall Response Rate	OG000	AG-013736 (AXITINIB)	0		3	Progressive Disease	4	yes	PD	yes	33	33	33	0	1	RECOVERABLE		ctg_results_bor_2010_2013.txt :: studies[nct=NCT01558661] :: outcomeMeasures[0] :: groups[OG000] :: classes[0] :: categories[3]
CATEGORY	NCT01558661	ctg_results_bor_2010_2013	0	Overall Response Rate	OG000	AG-013736 (AXITINIB)	0		4	Non-evaluable	1	yes		dropped	33	33	33	0	1	RECOVERABLE		ctg_results_bor_2010_2013.txt :: studies[nct=NCT01558661] :: outcomeMeasures[0] :: groups[OG000] :: classes[0] :: categories[4]
CLASS	NCT01256359	ctg_results_bor_2010_2013	3	Objective Response Rate	OG000	Docetaxel and AZD6244	0								41	41	41	0	1	RECOVERABLE	sum of cells 32 != reported denominator 41 (difference -9)	ctg_results_bor_2010_2013.txt :: studies[nct=NCT01256359] :: outcomeMeasures[3] :: groups[OG000] :: classes[0]
CATEGORY	NCT01256359	ctg_results_bor_2010_2013	3	Objective Response Rate	OG000	Docetaxel and AZD6244	0		0	Complete response	1	yes	CR	yes	41	41	41	0	1	RECOVERABLE		ctg_results_bor_2010_2013.txt :: studies[nct=NCT01256359] :: outcomeMeasures[3] :: groups[OG000] :: classes[0] :: categories[0]
CATEGORY	NCT01256359	ctg_results_bor_2010_2013	3	Objective Response Rate	OG000	Docetaxel and AZD6244	0		1	Partial response	12	yes	PR	yes	41	41	41	0	1	RECOVERABLE		ctg_results_bor_2010_2013.txt :: studies[nct=NCT01256359] :: outcomeMeasures[3] :: groups[OG000] :: classes[0] :: categories[1]
CATEGORY	NCT01256359	ctg_results_bor_2010_2013	3	Objective Response Rate	OG000	Docetaxel and AZD6244	0		2	Stable disease	14	yes	SD	yes	41	41	41	0	1	RECOVERABLE		ctg_results_bor_2010_2013.txt :: studies[nct=NCT01256359] :: outcomeMeasures[3] :: groups[OG000] :: classes[0] :: categories[2]
CATEGORY	NCT01256359	ctg_results_bor_2010_2013	3	Objective Response Rate	OG000	Docetaxel and AZD6244	0		3	Progressive disease	5	yes	PD	yes	41	41	41	0	1	RECOVERABLE		ctg_results_bor_2010_2013.txt :: studies[nct=NCT01256359] :: outcomeMeasures[3] :: groups[OG000] :: classes[0] :: categories[3]
CATEGORY	NCT01256359	ctg_results_bor_2010_2013	3	Objective Response Rate	OG000	Docetaxel and AZD6244	0		4	Not applicable	9	yes		dropped	41	41	41	0	1	RECOVERABLE		ctg_results_bor_2010_2013.txt :: studies[nct=NCT01256359] :: outcomeMeasures[3] :: groups[OG000] :: classes[0] :: categories[4]
CLASS	NCT01256359	ctg_results_bor_2010_2013	3	Objective Response Rate	OG001	Docetaxel and Placebo	0								42	42	42	0	1	RECOVERABLE	sum of cells 40 != reported denominator 42 (difference -2)	ctg_results_bor_2010_2013.txt :: studies[nct=NCT01256359] :: outcomeMeasures[3] :: groups[OG001] :: classes[0]
CATEGORY	NCT01256359	ctg_results_bor_2010_2013	3	Objective Response Rate	OG001	Docetaxel and Placebo	0		0	Complete response	0	yes	CR	yes	42	42	42	0	1	RECOVERABLE		ctg_results_bor_2010_2013.txt :: studies[nct=NCT01256359] :: outcomeMeasures[3] :: groups[OG001] :: classes[0] :: categories[0]
CATEGORY	NCT01256359	ctg_results_bor_2010_2013	3	Objective Response Rate	OG001	Docetaxel and Placebo	0		1	Partial response	6	yes	PR	yes	42	42	42	0	1	RECOVERABLE		ctg_results_bor_2010_2013.txt :: studies[nct=NCT01256359] :: outcomeMeasures[3] :: groups[OG001] :: classes[0] :: categories[1]
CATEGORY	NCT01256359	ctg_results_bor_2010_2013	3	Objective Response Rate	OG001	Docetaxel and Placebo	0		2	Stable disease	15	yes	SD	yes	42	42	42	0	1	RECOVERABLE		ctg_results_bor_2010_2013.txt :: studies[nct=NCT01256359] :: outcomeMeasures[3] :: groups[OG001] :: classes[0] :: categories[2]
CATEGORY	NCT01256359	ctg_results_bor_2010_2013	3	Objective Response Rate	OG001	Docetaxel and Placebo	0		3	Progressive disease	19	yes	PD	yes	42	42	42	0	1	RECOVERABLE		ctg_results_bor_2010_2013.txt :: studies[nct=NCT01256359] :: outcomeMeasures[3] :: groups[OG001] :: classes[0] :: categories[3]
CATEGORY	NCT01256359	ctg_results_bor_2010_2013	3	Objective Response Rate	OG001	Docetaxel and Placebo	0		4	Not applicable	2	yes		dropped	42	42	42	0	1	RECOVERABLE		ctg_results_bor_2010_2013.txt :: studies[nct=NCT01256359] :: outcomeMeasures[3] :: groups[OG001] :: classes[0] :: categories[4]
CLASS	NCT01256359	ctg_results_bor_2010_2013	50	Objective Response Rate in Patients With Mutated NRAS	OG000	Docetaxel and AZD6244	0								20	20	20	0	1	RECOVERABLE	sum of cells 16 != reported denominator 20 (difference -4)	ctg_results_bor_2010_2013.txt :: studies[nct=NCT01256359] :: outcomeMeasures[50] :: groups[OG000] :: classes[0]
CATEGORY	NCT01256359	ctg_results_bor_2010_2013	50	Objective Response Rate in Patients With Mutated NRAS	OG000	Docetaxel and AZD6244	0		0	Complete response	1	yes	CR	yes	20	20	20	0	1	RECOVERABLE		ctg_results_bor_2010_2013.txt :: studies[nct=NCT01256359] :: outcomeMeasures[50] :: groups[OG000] :: classes[0] :: categories[0]
CATEGORY	NCT01256359	ctg_results_bor_2010_2013	50	Objective Response Rate in Patients With Mutated NRAS	OG000	Docetaxel and AZD6244	0		1	Partial response	6	yes	PR	yes	20	20	20	0	1	RECOVERABLE		ctg_results_bor_2010_2013.txt :: studies[nct=NCT01256359] :: outcomeMeasures[50] :: groups[OG000] :: classes[0] :: categories[1]
CATEGORY	NCT01256359	ctg_results_bor_2010_2013	50	Objective Response Rate in Patients With Mutated NRAS	OG000	Docetaxel and AZD6244	0		2	Stable disease	7	yes	SD	yes	20	20	20	0	1	RECOVERABLE		ctg_results_bor_2010_2013.txt :: studies[nct=NCT01256359] :: outcomeMeasures[50] :: groups[OG000] :: classes[0] :: categories[2]
CATEGORY	NCT01256359	ctg_results_bor_2010_2013	50	Objective Response Rate in Patients With Mutated NRAS	OG000	Docetaxel and AZD6244	0		3	Progressive disease	2	yes	PD	yes	20	20	20	0	1	RECOVERABLE		ctg_results_bor_2010_2013.txt :: studies[nct=NCT01256359] :: outcomeMeasures[50] :: groups[OG000] :: classes[0] :: categories[3]
CATEGORY	NCT01256359	ctg_results_bor_2010_2013	50	Objective Response Rate in Patients With Mutated NRAS	OG000	Docetaxel and AZD6244	0		4	Not applicable	4	yes		dropped	20	20	20	0	1	RECOVERABLE		ctg_results_bor_2010_2013.txt :: studies[nct=NCT01256359] :: outcomeMeasures[50] :: groups[OG000] :: classes[0] :: categories[4]
CLASS	NCT02046733	ctg_results_bor_2014_2017	2	Objective Response (OR)	OG000	Observation	0								64	64	64	0	1	RECOVERABLE	sum of cells 62 != reported denominator 64 (difference -2)	ctg_results_bor_2014_2017.txt :: studies[nct=NCT02046733] :: outcomeMeasures[2] :: groups[OG000] :: classes[0]
CATEGORY	NCT02046733	ctg_results_bor_2014_2017	2	Objective Response (OR)	OG000	Observation	0		0	Complete response	8	yes	CR	yes	64	64	64	0	1	RECOVERABLE		ctg_results_bor_2014_2017.txt :: studies[nct=NCT02046733] :: outcomeMeasures[2] :: groups[OG000] :: classes[0] :: categories[0]
CATEGORY	NCT02046733	ctg_results_bor_2014_2017	2	Objective Response (OR)	OG000	Observation	0		1	Partial response	22	yes	PR	yes	64	64	64	0	1	RECOVERABLE		ctg_results_bor_2014_2017.txt :: studies[nct=NCT02046733] :: outcomeMeasures[2] :: groups[OG000] :: classes[0] :: categories[1]
CATEGORY	NCT02046733	ctg_results_bor_2014_2017	2	Objective Response (OR)	OG000	Observation	0		2	Stable disease	22	yes	SD	yes	64	64	64	0	1	RECOVERABLE		ctg_results_bor_2014_2017.txt :: studies[nct=NCT02046733] :: outcomeMeasures[2] :: groups[OG000] :: classes[0] :: categories[2]
CATEGORY	NCT02046733	ctg_results_bor_2014_2017	2	Objective Response (OR)	OG000	Observation	0		3	Progressive disease	10	yes	PD	yes	64	64	64	0	1	RECOVERABLE		ctg_results_bor_2014_2017.txt :: studies[nct=NCT02046733] :: outcomeMeasures[2] :: groups[OG000] :: classes[0] :: categories[3]
CATEGORY	NCT02046733	ctg_results_bor_2014_2017	2	Objective Response (OR)	OG000	Observation	0		4	Non-evaluable	2	yes		dropped	64	64	64	0	1	RECOVERABLE		ctg_results_bor_2014_2017.txt :: studies[nct=NCT02046733] :: outcomeMeasures[2] :: groups[OG000] :: classes[0] :: categories[4]
CLASS	NCT02046733	ctg_results_bor_2014_2017	2	Objective Response (OR)	OG001	Nivolumab + Ipilimumab	0								69	69	69	0	1	RECOVERABLE	sum of cells 63 != reported denominator 69 (difference -6)	ctg_results_bor_2014_2017.txt :: studies[nct=NCT02046733] :: outcomeMeasures[2] :: groups[OG001] :: classes[0]
CATEGORY	NCT02046733	ctg_results_bor_2014_2017	2	Objective Response (OR)	OG001	Nivolumab + Ipilimumab	0		0	Complete response	6	yes	CR	yes	69	69	69	0	1	RECOVERABLE		ctg_results_bor_2014_2017.txt :: studies[nct=NCT02046733] :: outcomeMeasures[2] :: groups[OG001] :: classes[0] :: categories[0]
CATEGORY	NCT02046733	ctg_results_bor_2014_2017	2	Objective Response (OR)	OG001	Nivolumab + Ipilimumab	0		1	Partial response	20	yes	PR	yes	69	69	69	0	1	RECOVERABLE		ctg_results_bor_2014_2017.txt :: studies[nct=NCT02046733] :: outcomeMeasures[2] :: groups[OG001] :: classes[0] :: categories[1]
CATEGORY	NCT02046733	ctg_results_bor_2014_2017	2	Objective Response (OR)	OG001	Nivolumab + Ipilimumab	0		2	Stable disease	28	yes	SD	yes	69	69	69	0	1	RECOVERABLE		ctg_results_bor_2014_2017.txt :: studies[nct=NCT02046733] :: outcomeMeasures[2] :: groups[OG001] :: classes[0] :: categories[2]
CATEGORY	NCT02046733	ctg_results_bor_2014_2017	2	Objective Response (OR)	OG001	Nivolumab + Ipilimumab	0		3	Progressive disease	9	yes	PD	yes	69	69	69	0	1	RECOVERABLE		ctg_results_bor_2014_2017.txt :: studies[nct=NCT02046733] :: outcomeMeasures[2] :: groups[OG001] :: classes[0] :: categories[3]
CATEGORY	NCT02046733	ctg_results_bor_2014_2017	2	Objective Response (OR)	OG001	Nivolumab + Ipilimumab	0		4	Non-evaluable	6	yes		dropped	69	69	69	0	1	RECOVERABLE		ctg_results_bor_2014_2017.txt :: studies[nct=NCT02046733] :: outcomeMeasures[2] :: groups[OG001] :: classes[0] :: categories[4]
