nct	group_norm	payload	results_group_id	om_type	participants_denom	n_competing	om_indices	constructs	assessment_criteria	classification	distinguishing_fields	selected_om_index	selected_title	would_change_selection	alternative_if_construct_rule_added	competing_titles	competing_timeframes	competing_population_descriptions	competing_paramtypes	competing_units	notes
NCT03744468	phase 1 (dose escalation): surzebiclimab 2 mg + tislelizumab	ctg_results_bor_2018_2021	OG000	SECONDARY	1	2	8;10	ORR;DCR	RECIST1.1;RECIST1.1	BASIS_EXISTS	construct=ORR|DCR	8	Phase 1: Overall Response Rate (ORR)	NO		Phase 1: Overall Response Rate (ORR) ||| Phase 1: Disease Control Rate (DCR)	Maximum time on study: up to 57.5 months ||| Maximum time on study: up to 57.5 months	Analysis was performed on efficacy evaluable analysis set. The participant in the 'Phase 1 (Dose Escalation): Surzebiclimab 1600 mg' cohort was not included in the efficacy evaluable analysis set. ||| Analysis was performed on efficacy evaluable analysis set. The participant in the 'Phase 1 (Dose Escalation): Surzebiclimab 1600 mg' cohort was not included in the efficacy evaluable analysis set.	NUMBER;NUMBER	percentage of participants;percentage of participants	
NCT03744468	phase 1 (dose escalation): surzebiclimab 6 mg + tislelizumab	ctg_results_bor_2018_2021	OG001	SECONDARY	1	2	8;10	ORR;DCR	RECIST1.1;RECIST1.1	BASIS_EXISTS	construct=ORR|DCR	8	Phase 1: Overall Response Rate (ORR)	NO		Phase 1: Overall Response Rate (ORR) ||| Phase 1: Disease Control Rate (DCR)	Maximum time on study: up to 57.5 months ||| Maximum time on study: up to 57.5 months	Analysis was performed on efficacy evaluable analysis set. The participant in the 'Phase 1 (Dose Escalation): Surzebiclimab 1600 mg' cohort was not included in the efficacy evaluable analysis set. ||| Analysis was performed on efficacy evaluable analysis set. The participant in the 'Phase 1 (Dose Escalation): Surzebiclimab 1600 mg' cohort was not included in the efficacy evaluable analysis set.	NUMBER;NUMBER	percentage of participants;percentage of participants	
NCT03744468	phase 1 (dose escalation): surzebiclimab 20 mg + tislelizumab	ctg_results_bor_2018_2021	OG002	SECONDARY	3	2	8;10	ORR;DCR	RECIST1.1;RECIST1.1	BASIS_EXISTS	construct=ORR|DCR	8	Phase 1: Overall Response Rate (ORR)	NO		Phase 1: Overall Response Rate (ORR) ||| Phase 1: Disease Control Rate (DCR)	Maximum time on study: up to 57.5 months ||| Maximum time on study: up to 57.5 months	Analysis was performed on efficacy evaluable analysis set. The participant in the 'Phase 1 (Dose Escalation): Surzebiclimab 1600 mg' cohort was not included in the efficacy evaluable analysis set. ||| Analysis was performed on efficacy evaluable analysis set. The participant in the 'Phase 1 (Dose Escalation): Surzebiclimab 1600 mg' cohort was not included in the efficacy evaluable analysis set.	NUMBER;NUMBER	percentage of participants;percentage of participants	
NCT03744468	phase 1 (dose escalation): surzebiclimab 60 mg + tislelizumab	ctg_results_bor_2018_2021	OG003	SECONDARY	5	2	8;10	ORR;DCR	RECIST1.1;RECIST1.1	BASIS_EXISTS	construct=ORR|DCR	8	Phase 1: Overall Response Rate (ORR)	NO		Phase 1: Overall Response Rate (ORR) ||| Phase 1: Disease Control Rate (DCR)	Maximum time on study: up to 57.5 months ||| Maximum time on study: up to 57.5 months	Analysis was performed on efficacy evaluable analysis set. The participant in the 'Phase 1 (Dose Escalation): Surzebiclimab 1600 mg' cohort was not included in the efficacy evaluable analysis set. ||| Analysis was performed on efficacy evaluable analysis set. The participant in the 'Phase 1 (Dose Escalation): Surzebiclimab 1600 mg' cohort was not included in the efficacy evaluable analysis set.	NUMBER;NUMBER	percentage of participants;percentage of participants	
NCT03744468	phase 1 (dose escalation): surzebiclimab 200 mg + tislelizumab	ctg_results_bor_2018_2021	OG004	SECONDARY	6	2	8;10	ORR;DCR	RECIST1.1;RECIST1.1	BASIS_EXISTS	construct=ORR|DCR	8	Phase 1: Overall Response Rate (ORR)	NO		Phase 1: Overall Response Rate (ORR) ||| Phase 1: Disease Control Rate (DCR)	Maximum time on study: up to 57.5 months ||| Maximum time on study: up to 57.5 months	Analysis was performed on efficacy evaluable analysis set. The participant in the 'Phase 1 (Dose Escalation): Surzebiclimab 1600 mg' cohort was not included in the efficacy evaluable analysis set. ||| Analysis was performed on efficacy evaluable analysis set. The participant in the 'Phase 1 (Dose Escalation): Surzebiclimab 1600 mg' cohort was not included in the efficacy evaluable analysis set.	NUMBER;NUMBER	percentage of participants;percentage of participants	
NCT03744468	phase 1 (dose escalation): surzebiclimab 400 mg + tislelizumab	ctg_results_bor_2018_2021	OG005	SECONDARY	4	2	8;10	ORR;DCR	RECIST1.1;RECIST1.1	BASIS_EXISTS	construct=ORR|DCR	8	Phase 1: Overall Response Rate (ORR)	NO		Phase 1: Overall Response Rate (ORR) ||| Phase 1: Disease Control Rate (DCR)	Maximum time on study: up to 57.5 months ||| Maximum time on study: up to 57.5 months	Analysis was performed on efficacy evaluable analysis set. The participant in the 'Phase 1 (Dose Escalation): Surzebiclimab 1600 mg' cohort was not included in the efficacy evaluable analysis set. ||| Analysis was performed on efficacy evaluable analysis set. The participant in the 'Phase 1 (Dose Escalation): Surzebiclimab 1600 mg' cohort was not included in the efficacy evaluable analysis set.	NUMBER;NUMBER	percentage of participants;percentage of participants	
NCT03744468	phase 1 (dose escalation): surzebiclimab 800 mg + tislelizumab	ctg_results_bor_2018_2021	OG006	SECONDARY	7	2	8;10	ORR;DCR	RECIST1.1;RECIST1.1	BASIS_EXISTS	construct=ORR|DCR	8	Phase 1: Overall Response Rate (ORR)	NO		Phase 1: Overall Response Rate (ORR) ||| Phase 1: Disease Control Rate (DCR)	Maximum time on study: up to 57.5 months ||| Maximum time on study: up to 57.5 months	Analysis was performed on efficacy evaluable analysis set. The participant in the 'Phase 1 (Dose Escalation): Surzebiclimab 1600 mg' cohort was not included in the efficacy evaluable analysis set. ||| Analysis was performed on efficacy evaluable analysis set. The participant in the 'Phase 1 (Dose Escalation): Surzebiclimab 1600 mg' cohort was not included in the efficacy evaluable analysis set.	NUMBER;NUMBER	percentage of participants;percentage of participants	
NCT03744468	phase 1 (dose escalation): surzebiclimab 1600 mg + tislelizumab	ctg_results_bor_2018_2021	OG007	SECONDARY	3	2	8;10	ORR;DCR	RECIST1.1;RECIST1.1	BASIS_EXISTS	construct=ORR|DCR	8	Phase 1: Overall Response Rate (ORR)	NO		Phase 1: Overall Response Rate (ORR) ||| Phase 1: Disease Control Rate (DCR)	Maximum time on study: up to 57.5 months ||| Maximum time on study: up to 57.5 months	Analysis was performed on efficacy evaluable analysis set. The participant in the 'Phase 1 (Dose Escalation): Surzebiclimab 1600 mg' cohort was not included in the efficacy evaluable analysis set. ||| Analysis was performed on efficacy evaluable analysis set. The participant in the 'Phase 1 (Dose Escalation): Surzebiclimab 1600 mg' cohort was not included in the efficacy evaluable analysis set.	NUMBER;NUMBER	percentage of participants;percentage of participants	
NCT03744468	phase 1 (dose escalation): surzebiclimab 60 mg	ctg_results_bor_2018_2021	OG008	SECONDARY	1	2	8;10	ORR;DCR	RECIST1.1;RECIST1.1	BASIS_EXISTS	construct=ORR|DCR	8	Phase 1: Overall Response Rate (ORR)	NO		Phase 1: Overall Response Rate (ORR) ||| Phase 1: Disease Control Rate (DCR)	Maximum time on study: up to 57.5 months ||| Maximum time on study: up to 57.5 months	Analysis was performed on efficacy evaluable analysis set. The participant in the 'Phase 1 (Dose Escalation): Surzebiclimab 1600 mg' cohort was not included in the efficacy evaluable analysis set. ||| Analysis was performed on efficacy evaluable analysis set. The participant in the 'Phase 1 (Dose Escalation): Surzebiclimab 1600 mg' cohort was not included in the efficacy evaluable analysis set.	NUMBER;NUMBER	percentage of participants;percentage of participants	
NCT03744468	phase 1 (dose escalation): surzebiclimab 1600 mg	ctg_results_bor_2018_2021	OG009	SECONDARY	0	2	8;10	ORR;DCR	RECIST1.1;RECIST1.1	BASIS_EXISTS	construct=ORR|DCR	8	Phase 1: Overall Response Rate (ORR)	NO		Phase 1: Overall Response Rate (ORR) ||| Phase 1: Disease Control Rate (DCR)	Maximum time on study: up to 57.5 months ||| Maximum time on study: up to 57.5 months	Analysis was performed on efficacy evaluable analysis set. The participant in the 'Phase 1 (Dose Escalation): Surzebiclimab 1600 mg' cohort was not included in the efficacy evaluable analysis set. ||| Analysis was performed on efficacy evaluable analysis set. The participant in the 'Phase 1 (Dose Escalation): Surzebiclimab 1600 mg' cohort was not included in the efficacy evaluable analysis set.	NUMBER;NUMBER	percentage of participants;percentage of participants	Participants denominator = 0 for this group
NCT03744468	phase 2 (safety lead-in): cohort a: alcestobart 300 mg + tislelizumab	ctg_results_bor_2018_2021	OG000	SECONDARY	4	2	9;11	ORR;DCR	RECIST1.1;RECIST1.1	BASIS_EXISTS	construct=ORR|DCR	9	Phase 2 (Safety Lead- In): Overall Response Rate (ORR)	NO		Phase 2 (Safety Lead- In): Overall Response Rate (ORR) ||| Phase 2 (Safety Lead-In): Disease Control Rate (DCR)	Maximum time on study: Cohort A: up to 22.1 months; Cohort B: up to 21.5 months ||| Maximum time on study: Cohort A: up to 22.1 months; Cohort B: up to 21.5 months	Analysis was performed on efficacy evaluable analysis set. ||| Analysis was performed on efficacy evaluable analysis set.	NUMBER;NUMBER	percentage of participants;percentage of participants	
NCT03744468	phase 2 (safety lead-in): cohort a: alcestobart 600 mg + tislelizumab	ctg_results_bor_2018_2021	OG001	SECONDARY	6	2	9;11	ORR;DCR	RECIST1.1;RECIST1.1	BASIS_EXISTS	construct=ORR|DCR	9	Phase 2 (Safety Lead- In): Overall Response Rate (ORR)	NO		Phase 2 (Safety Lead- In): Overall Response Rate (ORR) ||| Phase 2 (Safety Lead-In): Disease Control Rate (DCR)	Maximum time on study: Cohort A: up to 22.1 months; Cohort B: up to 21.5 months ||| Maximum time on study: Cohort A: up to 22.1 months; Cohort B: up to 21.5 months	Analysis was performed on efficacy evaluable analysis set. ||| Analysis was performed on efficacy evaluable analysis set.	NUMBER;NUMBER	percentage of participants;percentage of participants	
NCT03744468	phase 2 (safety lead-in): cohort a: alcestobart 1200 mg + tislelizumab	ctg_results_bor_2018_2021	OG002	SECONDARY	6	2	9;11	ORR;DCR	RECIST1.1;RECIST1.1	BASIS_EXISTS	construct=ORR|DCR	9	Phase 2 (Safety Lead- In): Overall Response Rate (ORR)	NO		Phase 2 (Safety Lead- In): Overall Response Rate (ORR) ||| Phase 2 (Safety Lead-In): Disease Control Rate (DCR)	Maximum time on study: Cohort A: up to 22.1 months; Cohort B: up to 21.5 months ||| Maximum time on study: Cohort A: up to 22.1 months; Cohort B: up to 21.5 months	Analysis was performed on efficacy evaluable analysis set. ||| Analysis was performed on efficacy evaluable analysis set.	NUMBER;NUMBER	percentage of participants;percentage of participants	
NCT03744468	phase 2 (safety lead-in): cohort b: alcestobart 300 mg + surzebiclimab + tislelizumab	ctg_results_bor_2018_2021	OG003	SECONDARY	3	2	9;11	ORR;DCR	RECIST1.1;RECIST1.1	BASIS_EXISTS	construct=ORR|DCR	9	Phase 2 (Safety Lead- In): Overall Response Rate (ORR)	NO		Phase 2 (Safety Lead- In): Overall Response Rate (ORR) ||| Phase 2 (Safety Lead-In): Disease Control Rate (DCR)	Maximum time on study: Cohort A: up to 22.1 months; Cohort B: up to 21.5 months ||| Maximum time on study: Cohort A: up to 22.1 months; Cohort B: up to 21.5 months	Analysis was performed on efficacy evaluable analysis set. ||| Analysis was performed on efficacy evaluable analysis set.	NUMBER;NUMBER	percentage of participants;percentage of participants	
NCT03744468	phase 2 (safety lead-in): cohort b: alcestobart 600 mg + surzebiclimab + tislelizumab	ctg_results_bor_2018_2021	OG004	SECONDARY	6	2	9;11	ORR;DCR	RECIST1.1;RECIST1.1	BASIS_EXISTS	construct=ORR|DCR	9	Phase 2 (Safety Lead- In): Overall Response Rate (ORR)	NO		Phase 2 (Safety Lead- In): Overall Response Rate (ORR) ||| Phase 2 (Safety Lead-In): Disease Control Rate (DCR)	Maximum time on study: Cohort A: up to 22.1 months; Cohort B: up to 21.5 months ||| Maximum time on study: Cohort A: up to 22.1 months; Cohort B: up to 21.5 months	Analysis was performed on efficacy evaluable analysis set. ||| Analysis was performed on efficacy evaluable analysis set.	NUMBER;NUMBER	percentage of participants;percentage of participants	
NCT03744468	phase 2 (safety lead-in): cohort b: alcestobart 900 mg + surzebiclimab + tislelizumab	ctg_results_bor_2018_2021	OG005	SECONDARY	6	2	9;11	ORR;DCR	RECIST1.1;RECIST1.1	BASIS_EXISTS	construct=ORR|DCR	9	Phase 2 (Safety Lead- In): Overall Response Rate (ORR)	NO		Phase 2 (Safety Lead- In): Overall Response Rate (ORR) ||| Phase 2 (Safety Lead-In): Disease Control Rate (DCR)	Maximum time on study: Cohort A: up to 22.1 months; Cohort B: up to 21.5 months ||| Maximum time on study: Cohort A: up to 22.1 months; Cohort B: up to 21.5 months	Analysis was performed on efficacy evaluable analysis set. ||| Analysis was performed on efficacy evaluable analysis set.	NUMBER;NUMBER	percentage of participants;percentage of participants	
NCT04720417	treatment (defactinib, vs-6766)	ctg_results_bor_2018_2021	OG000	PRIMARY	12	2	0;1	BOR_DISTRIBUTION;DCR	RECIST_unversioned;RECIST_unversioned	BASIS_EXISTS	construct=BOR_DISTRIBUTION|DCR; populationDescription	0	Best Overall Response	UNDETERMINED(no ORR-type candidate)		Best Overall Response ||| Disease Control Rate	From baseline through last follow-up visit (up to 24 months per participant) ||| From baseline through last follow-up visit (up to 24 months per participant)	No subjects met this criteria. The trial was closed before the anticipated accrual of 18 patients, but of the 12 patients that were treated the best overall response rate was 0% as no patient achieved CR or PR. All subjects died or relapsed disease/progression and did not complete. ||| The trial was closed before the anticipated accrual of 18 patients, but of the 12 patients that were treated the disease control rate was 50% (6 patients with SD).	COUNT_OF_PARTICIPANTS;COUNT_OF_PARTICIPANTS	participants;participants	
NCT03629925	sintilimab+ gemcitabine plus platinum	ctg_placebo_onc_2018_2021	OG000	SECONDARY	179	2	2;4	ORR;DCR	RECIST1.1;RECIST1.1	BASIS_EXISTS	construct=ORR|DCR	2	ORR(Objective Response Rate)	NO		ORR(Objective Response Rate) ||| DCR (Disease Control Rate)	Through Database Cutoff Date of 25 March 2020 (up to approximately 18 months) ||| Through Database Cutoff Date of 25 March 2020 (up to approximately 18 months)	(empty) ||| (empty)	NUMBER;NUMBER	percentage of participants;percentage of participants	
NCT03629925	placebo+gemcitabine plus platinum	ctg_placebo_onc_2018_2021	OG001	SECONDARY	178	2	2;4	ORR;DCR	RECIST1.1;RECIST1.1	BASIS_EXISTS	construct=ORR|DCR	2	ORR(Objective Response Rate)	NO		ORR(Objective Response Rate) ||| DCR (Disease Control Rate)	Through Database Cutoff Date of 25 March 2020 (up to approximately 18 months) ||| Through Database Cutoff Date of 25 March 2020 (up to approximately 18 months)	(empty) ||| (empty)	NUMBER;NUMBER	percentage of participants;percentage of participants	
NCT03671330	premenopausal cohort - ribociclib	ctg_placebo_onc_2018_2021	OG000	SECONDARY	79	2	5;6	ORR;CBR	RECIST1.1;RECIST1.1	BASIS_EXISTS	construct=ORR|CBR	5	Pre and Postmenopausal Cohorts: Overall Response Rate (ORR)	NO		Pre and Postmenopausal Cohorts: Overall Response Rate (ORR) ||| Pre and Postmenopausal Cohorts: Clinical Benefit Rate (CBR)	Up to approximately 80 months ||| Up to approximately 80 months	Full Analysis Set (FAS), except the PK Cohort. ||| Full Analysis Set (FAS), except the PK Cohort.	NUMBER;NUMBER	percentage (%) of responders;percentage (%) of responders	
NCT03671330	premenopausal cohort - placebo	ctg_placebo_onc_2018_2021	OG001	SECONDARY	77	2	5;6	ORR;CBR	RECIST1.1;RECIST1.1	BASIS_EXISTS	construct=ORR|CBR	5	Pre and Postmenopausal Cohorts: Overall Response Rate (ORR)	NO		Pre and Postmenopausal Cohorts: Overall Response Rate (ORR) ||| Pre and Postmenopausal Cohorts: Clinical Benefit Rate (CBR)	Up to approximately 80 months ||| Up to approximately 80 months	Full Analysis Set (FAS), except the PK Cohort. ||| Full Analysis Set (FAS), except the PK Cohort.	NUMBER;NUMBER	percentage (%) of responders;percentage (%) of responders	
NCT03671330	postmenopausal cohort - ribociclib	ctg_placebo_onc_2018_2021	OG002	SECONDARY	77	2	5;6	ORR;CBR	RECIST1.1;RECIST1.1	BASIS_EXISTS	construct=ORR|CBR	5	Pre and Postmenopausal Cohorts: Overall Response Rate (ORR)	NO		Pre and Postmenopausal Cohorts: Overall Response Rate (ORR) ||| Pre and Postmenopausal Cohorts: Clinical Benefit Rate (CBR)	Up to approximately 80 months ||| Up to approximately 80 months	Full Analysis Set (FAS), except the PK Cohort. ||| Full Analysis Set (FAS), except the PK Cohort.	NUMBER;NUMBER	percentage (%) of responders;percentage (%) of responders	
NCT03671330	postmenopausal cohort - placebo	ctg_placebo_onc_2018_2021	OG003	SECONDARY	77	2	5;6	ORR;CBR	RECIST1.1;RECIST1.1	BASIS_EXISTS	construct=ORR|CBR	5	Pre and Postmenopausal Cohorts: Overall Response Rate (ORR)	NO		Pre and Postmenopausal Cohorts: Overall Response Rate (ORR) ||| Pre and Postmenopausal Cohorts: Clinical Benefit Rate (CBR)	Up to approximately 80 months ||| Up to approximately 80 months	Full Analysis Set (FAS), except the PK Cohort. ||| Full Analysis Set (FAS), except the PK Cohort.	NUMBER;NUMBER	percentage (%) of responders;percentage (%) of responders	
NCT04194775	nofazinlimab + lenvatinib	ctg_placebo_onc_2018_2021	OG000	SECONDARY	353	2	1;7	ORR;DCR	RECIST1.1;RECIST_unversioned	BASIS_EXISTS	construct=ORR|DCR; assessmentCriteria=RECIST1.1|RECIST_unversioned	1	Objective Response Rate (ORR) Assessed by Blinded Independent Central Review Committee(BICR)	NO		Objective Response Rate (ORR) Assessed by Blinded Independent Central Review Committee(BICR) ||| Disease Control Rate (DCR) Evaluated by Blinded Independent Central Review Committee(BICR) Based on Response Evaluation Criteria in Solid Tumors(RECIST) v1.1	From enrollment to end of follow-up, a median of 42.5 months ||| From enrollment to end of follow-up, a median of 42.5 months	Analysis population consisted of all randomized participants ||| Analysis population consisted of all randomized participants	NUMBER;NUMBER	percentage of participants;percentage of participants	
NCT04194775	placebo + lenvatinib	ctg_placebo_onc_2018_2021	OG001	SECONDARY	181	2	1;7	ORR;DCR	RECIST1.1;RECIST_unversioned	BASIS_EXISTS	construct=ORR|DCR; assessmentCriteria=RECIST1.1|RECIST_unversioned	1	Objective Response Rate (ORR) Assessed by Blinded Independent Central Review Committee(BICR)	NO		Objective Response Rate (ORR) Assessed by Blinded Independent Central Review Committee(BICR) ||| Disease Control Rate (DCR) Evaluated by Blinded Independent Central Review Committee(BICR) Based on Response Evaluation Criteria in Solid Tumors(RECIST) v1.1	From enrollment to end of follow-up, a median of 42.5 months ||| From enrollment to end of follow-up, a median of 42.5 months	Analysis population consisted of all randomized participants ||| Analysis population consisted of all randomized participants	NUMBER;NUMBER	percentage of participants;percentage of participants	
NCT03581786	placebo combine with chemotherapy	ctg_placebo_onc_2018_2021	OG000	SECONDARY	143	2	8;14	ORR;ORR	RECIST1.1;irRECIST	BASIS_EXISTS	assessmentCriteria=RECIST1.1|irRECIST	8	IRC-assessed ORR According to RECIST v1.1	DEPENDS(no preregistered ordering for this field)		IRC-assessed ORR According to RECIST v1.1 ||| ORR IRC-assessed Per irRECIST	From date of randomization, until disease progression , loss of clinical benefit ,withdrawal of consent, death, or study termination by the Sponsor, whichever occurs first. Up to 2 approximately years ||| From date of randomization, until disease progression , loss of clinical benefit ,withdrawal of consent, death, or study termination by the Sponsor, whichever occurs first. Up to 2 approximately years	(empty) ||| (empty)	NUMBER;NUMBER	percentage of participants;percentage of participants	
NCT03581786	toripalimab injection(js001 )combine with chemotherapy	ctg_placebo_onc_2018_2021	OG001	SECONDARY	146	2	8;14	ORR;ORR	RECIST1.1;irRECIST	BASIS_EXISTS	assessmentCriteria=RECIST1.1|irRECIST	8	IRC-assessed ORR According to RECIST v1.1	DEPENDS(no preregistered ordering for this field)		IRC-assessed ORR According to RECIST v1.1 ||| ORR IRC-assessed Per irRECIST	From date of randomization, until disease progression , loss of clinical benefit ,withdrawal of consent, death, or study termination by the Sponsor, whichever occurs first. Up to 2 approximately years ||| From date of randomization, until disease progression , loss of clinical benefit ,withdrawal of consent, death, or study termination by the Sponsor, whichever occurs first. Up to 2 approximately years	(empty) ||| (empty)	NUMBER;NUMBER	percentage of participants;percentage of participants	
NCT04607668	trilaciclib + folfoxiri/bevacizumab	ctg_placebo_onc_2018_2021	OG000	SECONDARY	137	3	9;10;11	BOR_DISTRIBUTION;ORR;DURATION_OF_RESPONSE	RECIST1.1;RECIST1.1;none	BASIS_EXISTS	construct=BOR_DISTRIBUTION|ORR|DURATION_OF_RESPONSE; assessmentCriteria=RECIST1.1|RECIST1.1|none; timeFrame; unitOfMeasure=percentage of participants|percentage of participants|months; paramType=NUMBER|NUMBER|MEDIAN	9	Best Overall Response (BOR)	YES	om 10: Objective Response Rate (ORR)	Best Overall Response (BOR) ||| Objective Response Rate (ORR) ||| Duration of Objective Response (DOR)	Through Induction Period - on average 24 weeks (up to 12 cycles) of FOLFOXIRI/bevacizumab ||| Assessed from the day of the first dose of the study drug, through 30 days after the last dose of the study drug, up to 115 weeks ||| Assessed from the day of the first dose of the study drug, through 30 days after the last dose of the study drug, up to 115 weeks	The Response Evaluable (RE) population included those patients in the mITT population who received at least 1 dose of any study drug and had measurable (target) tumor lesion(s) at the baseline tumor assessment. The patients also had at least 1 post-baseline tumor assessment, discontinued treatment because of clinical progression prior to their first post-baseline tumor scan, or died due to disease progression prior to their first post-baseline tumor scan. ||| The Response Evaluable (RE) population included those patients in the mITT population who received at least 1 dose of any study drug and had measurable (target) tumor lesion(s) at the baseline tumor assessment. The patients also had at least 1 post-baseline tumor assessment, discontinued treatment because of clinical progression prior to their first post-baseline tumor scan, or died due to disease progression prior to their first post-baseline tumor scan. ||| The Response Evaluable (RE) population included those patients in the mITT population who received at least 1 dose of any study drug and had measurable (target) tumor lesion(s) at the baseline tumor assessment. The patients also had at least 1 post-baseline tumor assessment, discontinued treatment because of clinical progression prior to their first post-baseline tumor scan, or died due to disease progression prior to their first post-baseline tumor scan.	NUMBER;NUMBER;MEDIAN	percentage of participants;percentage of participants;months	
NCT04607668	placebo + folfoxiri/bevacizumab	ctg_placebo_onc_2018_2021	OG001	SECONDARY	140	3	9;10;11	BOR_DISTRIBUTION;ORR;DURATION_OF_RESPONSE	RECIST1.1;RECIST1.1;none	BASIS_EXISTS	construct=BOR_DISTRIBUTION|ORR|DURATION_OF_RESPONSE; assessmentCriteria=RECIST1.1|RECIST1.1|none; timeFrame; unitOfMeasure=percentage of participants|percentage of participants|months; paramType=NUMBER|NUMBER|MEDIAN	9	Best Overall Response (BOR)	YES	om 10: Objective Response Rate (ORR)	Best Overall Response (BOR) ||| Objective Response Rate (ORR) ||| Duration of Objective Response (DOR)	Through Induction Period - on average 24 weeks (up to 12 cycles) of FOLFOXIRI/bevacizumab ||| Assessed from the day of the first dose of the study drug, through 30 days after the last dose of the study drug, up to 115 weeks ||| Assessed from the day of the first dose of the study drug, through 30 days after the last dose of the study drug, up to 115 weeks	The Response Evaluable (RE) population included those patients in the mITT population who received at least 1 dose of any study drug and had measurable (target) tumor lesion(s) at the baseline tumor assessment. The patients also had at least 1 post-baseline tumor assessment, discontinued treatment because of clinical progression prior to their first post-baseline tumor scan, or died due to disease progression prior to their first post-baseline tumor scan. ||| The Response Evaluable (RE) population included those patients in the mITT population who received at least 1 dose of any study drug and had measurable (target) tumor lesion(s) at the baseline tumor assessment. The patients also had at least 1 post-baseline tumor assessment, discontinued treatment because of clinical progression prior to their first post-baseline tumor scan, or died due to disease progression prior to their first post-baseline tumor scan. ||| The Response Evaluable (RE) population included those patients in the mITT population who received at least 1 dose of any study drug and had measurable (target) tumor lesion(s) at the baseline tumor assessment. The patients also had at least 1 post-baseline tumor assessment, discontinued treatment because of clinical progression prior to their first post-baseline tumor scan, or died due to disease progression prior to their first post-baseline tumor scan.	NUMBER;NUMBER;MEDIAN	percentage of participants;percentage of participants;months	
NCT03602859	paclitaxel + carboplatin + dostarlimab pbo +/- bev, then niraparib+dostarlimab pbo +/- bev (arm2)	ctg_placebo_onc_2018_2021	OG000	SECONDARY	385	2	6;8	ORR;DCR	RECIST1.1;RECIST1.1	BASIS_EXISTS	construct=ORR|DCR	6	Objective Response Rate (ORR)	NO		Objective Response Rate (ORR) ||| Disease Control Rate (DCR)	Up to approximately 316 weeks ||| Up to approximately 316 weeks	The Intent-to-Treat (ITT) population included all randomized participants. As pre-specified in the protocol, the comparison of data was performed only between Arm 2 and Arm 3. ||| The Intent-to-Treat (ITT) population included all randomized participants. As pre-specified in the protocol, the comparison of data was performed only between Arm 2 and Arm 3.	NUMBER;NUMBER	percentage of participants;percentage of participants	
NCT03602859	paclitaxel + carboplatin + dostarlimab +/- bev, then niraparib+dostarlimab +/- bev (arm3)	ctg_placebo_onc_2018_2021	OG001	SECONDARY	753	2	6;8	ORR;DCR	RECIST1.1;RECIST1.1	BASIS_EXISTS	construct=ORR|DCR	6	Objective Response Rate (ORR)	NO		Objective Response Rate (ORR) ||| Disease Control Rate (DCR)	Up to approximately 316 weeks ||| Up to approximately 316 weeks	The Intent-to-Treat (ITT) population included all randomized participants. As pre-specified in the protocol, the comparison of data was performed only between Arm 2 and Arm 3. ||| The Intent-to-Treat (ITT) population included all randomized participants. As pre-specified in the protocol, the comparison of data was performed only between Arm 2 and Arm 3.	NUMBER;NUMBER	percentage of participants;percentage of participants	
NCT04060862	phase iii: ipatasertib + palbociclib +fulvestrant	ctg_placebo_onc_2018_2021	OG000	SECONDARY	0	3	6;7;8	ORR;DURATION_OF_RESPONSE;CBR	RECIST1.1;RECIST1.1;RECIST1.1	BASIS_EXISTS	construct=ORR|DURATION_OF_RESPONSE|CBR; timeFrame	6	Phase III: Objective Response Rate (ORR) as Determined by the Investigator According to RECIST v1.1	NO		Phase III: Objective Response Rate (ORR) as Determined by the Investigator According to RECIST v1.1 ||| Phase III: Duration of Objective Response (DOR) as Determined by the Investigator According to RECIST v1.1 ||| Phase III: Clinical Benefit Rate (CBR) as Determined by the Investigator According to RECIST v1.1	From randomization in Phase III up to approximately 36 months ||| From randomization in Phase III until the first occurrence of disease progression or death from any cause, whichever occurs first, up to approximately 36 months ||| From randomization in Phase III until the first occurrence of disease progression or death from any cause, whichever occurs first, up to approximately 36 months	The study was terminated before initiation of Phase III as per sponsor's decision; hence this outcome measure was not assessed or analyzed, and no data collected. ||| The study was terminated before initiation of Phase III as per sponsor's decision; hence this outcome measure was not assessed or analyzed, and no data collected. ||| The study was terminated before initiation of Phase III as per sponsor's decision; hence this outcome measure was not assessed or analyzed, and no data collected.	None;None;None	;;	Participants denominator = 0 for this group
NCT04060862	phase iii: placebo + palbociclib + fulvestrant	ctg_placebo_onc_2018_2021	OG001	SECONDARY	0	3	6;7;8	ORR;DURATION_OF_RESPONSE;CBR	RECIST1.1;RECIST1.1;RECIST1.1	BASIS_EXISTS	construct=ORR|DURATION_OF_RESPONSE|CBR; timeFrame	6	Phase III: Objective Response Rate (ORR) as Determined by the Investigator According to RECIST v1.1	NO		Phase III: Objective Response Rate (ORR) as Determined by the Investigator According to RECIST v1.1 ||| Phase III: Duration of Objective Response (DOR) as Determined by the Investigator According to RECIST v1.1 ||| Phase III: Clinical Benefit Rate (CBR) as Determined by the Investigator According to RECIST v1.1	From randomization in Phase III up to approximately 36 months ||| From randomization in Phase III until the first occurrence of disease progression or death from any cause, whichever occurs first, up to approximately 36 months ||| From randomization in Phase III until the first occurrence of disease progression or death from any cause, whichever occurs first, up to approximately 36 months	The study was terminated before initiation of Phase III as per sponsor's decision; hence this outcome measure was not assessed or analyzed, and no data collected. ||| The study was terminated before initiation of Phase III as per sponsor's decision; hence this outcome measure was not assessed or analyzed, and no data collected. ||| The study was terminated before initiation of Phase III as per sponsor's decision; hence this outcome measure was not assessed or analyzed, and no data collected.	None;None;None	;;	Participants denominator = 0 for this group
NCT04322539	fruquintinib + bsc group	ctg_placebo_onc_2018_2021	OG000	SECONDARY	461	2	2;3	ORR;DCR	RECIST1.1;RECIST1.1	BASIS_EXISTS	construct=ORR|DCR	2	Objective Response Rate (ORR) Per Response Evaluation Criteria in Solid Tumors Version 1.1 (RECIST 1.1)	NO		Objective Response Rate (ORR) Per Response Evaluation Criteria in Solid Tumors Version 1.1 (RECIST 1.1) ||| Disease Control Rate (DCR) Per Response Evaluation Criteria in Solid Tumors Version 1.1 (RECIST 1.1)	From randomization until the first documentation of best overall response (up to 22 months) ||| From randomization until the first documentation of best overall response (up to 22 months)	ITT population included all randomized participants. ||| ITT population included all randomized participants.	NUMBER;NUMBER	percentage of participants;percentage of participants	
NCT04322539	placebo + bsc group	ctg_placebo_onc_2018_2021	OG001	SECONDARY	230	2	2;3	ORR;DCR	RECIST1.1;RECIST1.1	BASIS_EXISTS	construct=ORR|DCR	2	Objective Response Rate (ORR) Per Response Evaluation Criteria in Solid Tumors Version 1.1 (RECIST 1.1)	NO		Objective Response Rate (ORR) Per Response Evaluation Criteria in Solid Tumors Version 1.1 (RECIST 1.1) ||| Disease Control Rate (DCR) Per Response Evaluation Criteria in Solid Tumors Version 1.1 (RECIST 1.1)	From randomization until the first documentation of best overall response (up to 22 months) ||| From randomization until the first documentation of best overall response (up to 22 months)	ITT population included all randomized participants. ||| ITT population included all randomized participants.	NUMBER;NUMBER	percentage of participants;percentage of participants	
NCT03829969	toripalimab	ctg_placebo_onc_2018_2021	OG000	SECONDARY	257	2	2;3	ORR;DCR	RECIST1.0+RECIST1.1;RECIST1.1	BASIS_EXISTS	construct=ORR|DCR; assessmentCriteria=RECIST1.0+RECIST1.1|RECIST1.1	2	ORR(Overall Response Rate:BICR)	NO		ORR(Overall Response Rate:BICR) ||| DCR(Disease Control Rate:BICR )	Up to 2 approximately years ||| Up to 2 approximately years	(empty) ||| (empty)	COUNT_OF_PARTICIPANTS;COUNT_OF_PARTICIPANTS	participants;participants	
NCT03829969	placebo	ctg_placebo_onc_2018_2021	OG001	SECONDARY	257	2	2;3	ORR;DCR	RECIST1.0+RECIST1.1;RECIST1.1	BASIS_EXISTS	construct=ORR|DCR; assessmentCriteria=RECIST1.0+RECIST1.1|RECIST1.1	2	ORR(Overall Response Rate:BICR)	NO		ORR(Overall Response Rate:BICR) ||| DCR(Disease Control Rate:BICR )	Up to 2 approximately years ||| Up to 2 approximately years	(empty) ||| (empty)	COUNT_OF_PARTICIPANTS;COUNT_OF_PARTICIPANTS	participants;participants	
NCT04902885	part i ( safety run-in and pk evaluation); trilaciclib group	ctg_placebo_onc_2018_2021	OG000	SECONDARY	9	2	16;17	ORR;DCR	RECIST1.1;RECIST1.1	BASIS_EXISTS	construct=ORR|DCR	16	Objective Tumor Response Rate (ORR)	NO		Objective Tumor Response Rate (ORR) ||| Disease Control Rate (DCR)	From date of randomization , 21 day treatment cycle to the end of the treatment until (if earlier) disease progression, start of subsequent anticancer treatment, withdrawal of informed consent, or death, acessed up to a maximum of 18 months ||| From date of randomization , 21 day treatment cycle to the end of the treatment until (if earlier) disease progression, start of subsequent anticancer treatment, withdrawal of informed consent, or death, acessed up to a maximum of 18 months	Response Evaluable Analysis Set (RES): all patients who took at least one dose of study drug, had measurable disease at baseline, and completed at least one post-treatment tumor imaging assessment. This analysis set was used for the analysis of anti-tumor efficacy endpoints related to tumor RECIST1.1 assessment. efficacy endpoints related to tumor RECIST1.1 assessment. ||| Response Evaluable Analysis Set (RES): all patients who took at least one dose of study drug, had measurable disease at baseline, and completed at least one post-treatment tumor imaging assessment. This analysis set was used for the analysis of anti-tumor efficacy endpoints related to tumor RECIST1.1 assessment. efficacy endpoints related to tumor RECIST1.1 assessment.	COUNT_OF_PARTICIPANTS;COUNT_OF_PARTICIPANTS	participants;participants	
NCT04902885	part ii ( randomized double-blind, placebo-controlled ), trilaciclib group	ctg_placebo_onc_2018_2021	OG001	SECONDARY	38	2	16;17	ORR;DCR	RECIST1.1;RECIST1.1	BASIS_EXISTS	construct=ORR|DCR	16	Objective Tumor Response Rate (ORR)	NO		Objective Tumor Response Rate (ORR) ||| Disease Control Rate (DCR)	From date of randomization , 21 day treatment cycle to the end of the treatment until (if earlier) disease progression, start of subsequent anticancer treatment, withdrawal of informed consent, or death, acessed up to a maximum of 18 months ||| From date of randomization , 21 day treatment cycle to the end of the treatment until (if earlier) disease progression, start of subsequent anticancer treatment, withdrawal of informed consent, or death, acessed up to a maximum of 18 months	Response Evaluable Analysis Set (RES): all patients who took at least one dose of study drug, had measurable disease at baseline, and completed at least one post-treatment tumor imaging assessment. This analysis set was used for the analysis of anti-tumor efficacy endpoints related to tumor RECIST1.1 assessment. efficacy endpoints related to tumor RECIST1.1 assessment. ||| Response Evaluable Analysis Set (RES): all patients who took at least one dose of study drug, had measurable disease at baseline, and completed at least one post-treatment tumor imaging assessment. This analysis set was used for the analysis of anti-tumor efficacy endpoints related to tumor RECIST1.1 assessment. efficacy endpoints related to tumor RECIST1.1 assessment.	COUNT_OF_PARTICIPANTS;COUNT_OF_PARTICIPANTS	participants;participants	
NCT04902885	part ii ( randomized double-blind, placebo-controlled ), placebo group	ctg_placebo_onc_2018_2021	OG002	SECONDARY	38	2	16;17	ORR;DCR	RECIST1.1;RECIST1.1	BASIS_EXISTS	construct=ORR|DCR	16	Objective Tumor Response Rate (ORR)	NO		Objective Tumor Response Rate (ORR) ||| Disease Control Rate (DCR)	From date of randomization , 21 day treatment cycle to the end of the treatment until (if earlier) disease progression, start of subsequent anticancer treatment, withdrawal of informed consent, or death, acessed up to a maximum of 18 months ||| From date of randomization , 21 day treatment cycle to the end of the treatment until (if earlier) disease progression, start of subsequent anticancer treatment, withdrawal of informed consent, or death, acessed up to a maximum of 18 months	Response Evaluable Analysis Set (RES): all patients who took at least one dose of study drug, had measurable disease at baseline, and completed at least one post-treatment tumor imaging assessment. This analysis set was used for the analysis of anti-tumor efficacy endpoints related to tumor RECIST1.1 assessment. efficacy endpoints related to tumor RECIST1.1 assessment. ||| Response Evaluable Analysis Set (RES): all patients who took at least one dose of study drug, had measurable disease at baseline, and completed at least one post-treatment tumor imaging assessment. This analysis set was used for the analysis of anti-tumor efficacy endpoints related to tumor RECIST1.1 assessment. efficacy endpoints related to tumor RECIST1.1 assessment.	COUNT_OF_PARTICIPANTS;COUNT_OF_PARTICIPANTS	participants;participants	
NCT03710876	treatment group	ctg_placebo_onc_2018_2021	OG000	SECONDARY	27	3	2;3;4	ORR;DCR;CBR	RECIST1.1+mRECIST;none;none	BASIS_EXISTS	construct=ORR|DCR|CBR; assessmentCriteria=RECIST1.1+mRECIST|none|none	2	Best Response: Objective Response Rate (ORR)	NO		Best Response: Objective Response Rate (ORR) ||| Best Response: Disease Control Rate (DCR) ||| Best Response: Clinical Benefit Rate (CBR)	4 years and 8 months ||| 4 years and 8 months ||| 4 years and 8 months	The Full Analysis Set, which comprised all patients who were appropriately randomized into the study and who received at least 1 dose of study drug (rAd-IFN, celecoxib, or gemcitabine). ||| The Full Analysis Set, which comprised all patients who were appropriately randomized into the study and who received at least 1 dose of study drug (rAd-IFN, celecoxib, or gemcitabine). ||| The Full Analysis Set, which comprised all patients who were appropriately randomized into the study and who received at least 1 dose of study drug (rAd-IFN, celecoxib, or gemcitabine).	COUNT_OF_PARTICIPANTS;COUNT_OF_PARTICIPANTS;COUNT_OF_PARTICIPANTS	participants;participants;participants	
NCT03710876	control group	ctg_placebo_onc_2018_2021	OG001	SECONDARY	22	3	2;3;4	ORR;DCR;CBR	RECIST1.1+mRECIST;none;none	BASIS_EXISTS	construct=ORR|DCR|CBR; assessmentCriteria=RECIST1.1+mRECIST|none|none	2	Best Response: Objective Response Rate (ORR)	NO		Best Response: Objective Response Rate (ORR) ||| Best Response: Disease Control Rate (DCR) ||| Best Response: Clinical Benefit Rate (CBR)	4 years and 8 months ||| 4 years and 8 months ||| 4 years and 8 months	The Full Analysis Set, which comprised all patients who were appropriately randomized into the study and who received at least 1 dose of study drug (rAd-IFN, celecoxib, or gemcitabine). ||| The Full Analysis Set, which comprised all patients who were appropriately randomized into the study and who received at least 1 dose of study drug (rAd-IFN, celecoxib, or gemcitabine). ||| The Full Analysis Set, which comprised all patients who were appropriately randomized into the study and who received at least 1 dose of study drug (rAd-IFN, celecoxib, or gemcitabine).	COUNT_OF_PARTICIPANTS;COUNT_OF_PARTICIPANTS;COUNT_OF_PARTICIPANTS	participants;participants;participants	
NCT03817125	ser-401 matching placebo/ nivolumab	ctg_placebo_onc_2018_2021	OG000	SECONDARY	6	2	2;3	ORR;DCR	RECIST1.1;RECIST1.1	BASIS_EXISTS	construct=ORR|DCR	2	Objective Response Rate (ORR)	NO		Objective Response Rate (ORR) ||| Disease Control Rate (DCR)	Up to week 52 ||| Up to week 52	(empty) ||| (empty)	COUNT_OF_PARTICIPANTS;COUNT_OF_PARTICIPANTS	participants;participants	
NCT03817125	ser-401/ nivolumab	ctg_placebo_onc_2018_2021	OG001	SECONDARY	8	2	2;3	ORR;DCR	RECIST1.1;RECIST1.1	BASIS_EXISTS	construct=ORR|DCR	2	Objective Response Rate (ORR)	NO		Objective Response Rate (ORR) ||| Disease Control Rate (DCR)	Up to week 52 ||| Up to week 52	(empty) ||| (empty)	COUNT_OF_PARTICIPANTS;COUNT_OF_PARTICIPANTS	participants;participants	
NCT04005716	arm a: tislelizumab + chemotherapy	ctg_placebo_onc_2018_2021	OG000	SECONDARY	227	2	3;4	DCR;CBR	RECIST1.1;RECIST1.1	BASIS_EXISTS	construct=DCR|CBR	3	Disease Control Rate (DCR)	UNDETERMINED(no ORR-type candidate)		Disease Control Rate (DCR) ||| Clinical Benefit Rate (CBR)	From randomization to the primary completion cut-off on April 19, 2023, the median follow-up was 15.44 months (range: 0.2-44.9) for Arm A and 13.22 months (range: 0.1-40.8) for Arm B. ||| From randomization to the primary completion cut-off on April 19, 2023, the median follow-up was 15.44 months (range: 0.2-44.9) for Arm A and 13.22 months (range: 0.1-40.8) for Arm B.	Intent to treat analysis set ||| Intent to treat analysis set	NUMBER;NUMBER	percentage of participants;percentage of participants	
NCT04005716	arm b: placebo + chemotherapy	ctg_placebo_onc_2018_2021	OG001	SECONDARY	230	2	3;4	DCR;CBR	RECIST1.1;RECIST1.1	BASIS_EXISTS	construct=DCR|CBR	3	Disease Control Rate (DCR)	UNDETERMINED(no ORR-type candidate)		Disease Control Rate (DCR) ||| Clinical Benefit Rate (CBR)	From randomization to the primary completion cut-off on April 19, 2023, the median follow-up was 15.44 months (range: 0.2-44.9) for Arm A and 13.22 months (range: 0.1-40.8) for Arm B. ||| From randomization to the primary completion cut-off on April 19, 2023, the median follow-up was 15.44 months (range: 0.2-44.9) for Arm A and 13.22 months (range: 0.1-40.8) for Arm B.	Intent to treat analysis set ||| Intent to treat analysis set	NUMBER;NUMBER	percentage of participants;percentage of participants	
NCT04428333	feladilimab + pembrolizumab + 5-fu-platinum chemotherapy	ctg_placebo_onc_2018_2021	OG000	SECONDARY	52	2	6;8	ORR;DCR	RECIST1.1;RECIST1.1	BASIS_EXISTS	construct=ORR|DCR	6	Overall Response Rate (ORR) Per RECIST v1.1 in mITT Population	NO		Overall Response Rate (ORR) Per RECIST v1.1 in mITT Population ||| Disease Control Rate (DCR) Per RECIST v1.1 in mITT Population	Up to approximately 7 months ||| Up to approximately 7 months	All participants in the mITT population were analyzed ||| All participants in the mITT population were analyzed	NUMBER;NUMBER	percentage of participants;percentage of participants	
NCT04428333	placebo + pembrolizumab + 5-fu-platinum chemotherapy	ctg_placebo_onc_2018_2021	OG001	SECONDARY	55	2	6;8	ORR;DCR	RECIST1.1;RECIST1.1	BASIS_EXISTS	construct=ORR|DCR	6	Overall Response Rate (ORR) Per RECIST v1.1 in mITT Population	NO		Overall Response Rate (ORR) Per RECIST v1.1 in mITT Population ||| Disease Control Rate (DCR) Per RECIST v1.1 in mITT Population	Up to approximately 7 months ||| Up to approximately 7 months	All participants in the mITT population were analyzed ||| All participants in the mITT population were analyzed	NUMBER;NUMBER	percentage of participants;percentage of participants	
NCT05269355	unesbulin and dacarbazine	ctg_placebo_onc_2022_2026	OG000	SECONDARY	209	2	2;3	ORR;DCR	RECIST1.1;RECIST1.1	BASIS_EXISTS	construct=ORR|DCR	2	Objective Response Rate (ORR) Per Independent Central Review Using RECIST V1.1	NO		Objective Response Rate (ORR) Per Independent Central Review Using RECIST V1.1 ||| Disease Control Rate (DCR) Per Independent Central Review Using RECIST V1.1	Up to approximately 2 years ||| Up to approximately 2 years	The mITT set included randomized participants with 1 to 3 prior lines of therapy. ||| The mITT set included randomized participants with 1 to 3 prior lines of therapy.	NUMBER;NUMBER	percentage of participants;percentage of participants	
NCT05269355	placebo and dacarbazine	ctg_placebo_onc_2022_2026	OG001	SECONDARY	105	2	2;3	ORR;DCR	RECIST1.1;RECIST1.1	BASIS_EXISTS	construct=ORR|DCR	2	Objective Response Rate (ORR) Per Independent Central Review Using RECIST V1.1	NO		Objective Response Rate (ORR) Per Independent Central Review Using RECIST V1.1 ||| Disease Control Rate (DCR) Per Independent Central Review Using RECIST V1.1	Up to approximately 2 years ||| Up to approximately 2 years	The mITT set included randomized participants with 1 to 3 prior lines of therapy. ||| The mITT set included randomized participants with 1 to 3 prior lines of therapy.	NUMBER;NUMBER	percentage of participants;percentage of participants	
NCT03936959	3 mg - 10 mg ly3434172	ctg_results_bor_2018_2021	OG000	SECONDARY	3	2	4;7	ORR;DCR	none;none	BASIS_EXISTS	construct=ORR|DCR	4	Objective Response Rate (ORR): Percentage of Participants With a Complete Response (CR) or Partial Response (PR)	NO		Objective Response Rate (ORR): Percentage of Participants With a Complete Response (CR) or Partial Response (PR) ||| Disease Control Rate (DCR): Percentage of Participants Who Exhibit Stable Disease (SD), CR or PR	Baseline through Measured Progressive Disease (Up to 8.4 Months) ||| Baseline through Measured Progressive Disease (Up to 8.4 Months)	All participants who received any quantity of LY3434172, regardless of their eligibility for the study. ||| All participants who received any quantity of LY3434172, regardless of their eligibility for the study.	NUMBER;NUMBER	percentage of participants;percentage of participants	
NCT03936959	30 mg ly3434172	ctg_results_bor_2018_2021	OG001	SECONDARY	4	2	4;7	ORR;DCR	none;none	BASIS_EXISTS	construct=ORR|DCR	4	Objective Response Rate (ORR): Percentage of Participants With a Complete Response (CR) or Partial Response (PR)	NO		Objective Response Rate (ORR): Percentage of Participants With a Complete Response (CR) or Partial Response (PR) ||| Disease Control Rate (DCR): Percentage of Participants Who Exhibit Stable Disease (SD), CR or PR	Baseline through Measured Progressive Disease (Up to 8.4 Months) ||| Baseline through Measured Progressive Disease (Up to 8.4 Months)	All participants who received any quantity of LY3434172, regardless of their eligibility for the study. ||| All participants who received any quantity of LY3434172, regardless of their eligibility for the study.	NUMBER;NUMBER	percentage of participants;percentage of participants	
NCT03936959	100 mg ly3434172	ctg_results_bor_2018_2021	OG002	SECONDARY	3	2	4;7	ORR;DCR	none;none	BASIS_EXISTS	construct=ORR|DCR	4	Objective Response Rate (ORR): Percentage of Participants With a Complete Response (CR) or Partial Response (PR)	NO		Objective Response Rate (ORR): Percentage of Participants With a Complete Response (CR) or Partial Response (PR) ||| Disease Control Rate (DCR): Percentage of Participants Who Exhibit Stable Disease (SD), CR or PR	Baseline through Measured Progressive Disease (Up to 8.4 Months) ||| Baseline through Measured Progressive Disease (Up to 8.4 Months)	All participants who received any quantity of LY3434172, regardless of their eligibility for the study. ||| All participants who received any quantity of LY3434172, regardless of their eligibility for the study.	NUMBER;NUMBER	percentage of participants;percentage of participants	
NCT04875806	0.5mg/kg nc762	ctg_results_bor_2018_2021	OG000	SECONDARY	4	2	1;3	ORR;DCR	RECIST_unversioned;RECIST_unversioned	BASIS_EXISTS	construct=ORR|DCR; populationDescription	1	Objective Response Rate (ORR) as Assessed by Response Evaluation Criteria in Solid Tumors (RECIST) v1.1	NO		Objective Response Rate (ORR) as Assessed by Response Evaluation Criteria in Solid Tumors (RECIST) v1.1 ||| Disease Control Rate (DCR) as Assessed by Response Evaluation Criteria in Solid Tumors (RECIST) v1.1	Approximately 1 year ||| Approximately 1 year	The full analysis set (FAS) includes all subjects enrolled in the study who received at least one full dose of NC762 ||| The FAS includes all subjects enrolled in the study who received at least one full dose of NC762	COUNT_OF_PARTICIPANTS;COUNT_OF_PARTICIPANTS	participants;participants	
NCT04875806	1.5mg/kg nc762	ctg_results_bor_2018_2021	OG001	SECONDARY	4	2	1;3	ORR;DCR	RECIST_unversioned;RECIST_unversioned	BASIS_EXISTS	construct=ORR|DCR; populationDescription	1	Objective Response Rate (ORR) as Assessed by Response Evaluation Criteria in Solid Tumors (RECIST) v1.1	NO		Objective Response Rate (ORR) as Assessed by Response Evaluation Criteria in Solid Tumors (RECIST) v1.1 ||| Disease Control Rate (DCR) as Assessed by Response Evaluation Criteria in Solid Tumors (RECIST) v1.1	Approximately 1 year ||| Approximately 1 year	The full analysis set (FAS) includes all subjects enrolled in the study who received at least one full dose of NC762 ||| The FAS includes all subjects enrolled in the study who received at least one full dose of NC762	COUNT_OF_PARTICIPANTS;COUNT_OF_PARTICIPANTS	participants;participants	
NCT04875806	5mg/kg nc762	ctg_results_bor_2018_2021	OG002	SECONDARY	3	2	1;3	ORR;DCR	RECIST_unversioned;RECIST_unversioned	BASIS_EXISTS	construct=ORR|DCR; populationDescription	1	Objective Response Rate (ORR) as Assessed by Response Evaluation Criteria in Solid Tumors (RECIST) v1.1	NO		Objective Response Rate (ORR) as Assessed by Response Evaluation Criteria in Solid Tumors (RECIST) v1.1 ||| Disease Control Rate (DCR) as Assessed by Response Evaluation Criteria in Solid Tumors (RECIST) v1.1	Approximately 1 year ||| Approximately 1 year	The full analysis set (FAS) includes all subjects enrolled in the study who received at least one full dose of NC762 ||| The FAS includes all subjects enrolled in the study who received at least one full dose of NC762	COUNT_OF_PARTICIPANTS;COUNT_OF_PARTICIPANTS	participants;participants	
NCT04875806	10mg/kg nc762	ctg_results_bor_2018_2021	OG003	SECONDARY	11	2	1;3	ORR;DCR	RECIST_unversioned;RECIST_unversioned	BASIS_EXISTS	construct=ORR|DCR; populationDescription	1	Objective Response Rate (ORR) as Assessed by Response Evaluation Criteria in Solid Tumors (RECIST) v1.1	NO		Objective Response Rate (ORR) as Assessed by Response Evaluation Criteria in Solid Tumors (RECIST) v1.1 ||| Disease Control Rate (DCR) as Assessed by Response Evaluation Criteria in Solid Tumors (RECIST) v1.1	Approximately 1 year ||| Approximately 1 year	The full analysis set (FAS) includes all subjects enrolled in the study who received at least one full dose of NC762 ||| The FAS includes all subjects enrolled in the study who received at least one full dose of NC762	COUNT_OF_PARTICIPANTS;COUNT_OF_PARTICIPANTS	participants;participants	
NCT04875806	20mg/kg nc762	ctg_results_bor_2018_2021	OG004	SECONDARY	18	2	1;3	ORR;DCR	RECIST_unversioned;RECIST_unversioned	BASIS_EXISTS	construct=ORR|DCR; populationDescription	1	Objective Response Rate (ORR) as Assessed by Response Evaluation Criteria in Solid Tumors (RECIST) v1.1	NO		Objective Response Rate (ORR) as Assessed by Response Evaluation Criteria in Solid Tumors (RECIST) v1.1 ||| Disease Control Rate (DCR) as Assessed by Response Evaluation Criteria in Solid Tumors (RECIST) v1.1	Approximately 1 year ||| Approximately 1 year	The full analysis set (FAS) includes all subjects enrolled in the study who received at least one full dose of NC762 ||| The FAS includes all subjects enrolled in the study who received at least one full dose of NC762	COUNT_OF_PARTICIPANTS;COUNT_OF_PARTICIPANTS	participants;participants	
NCT03894540	ipn60090 20 mg	ctg_results_bor_2018_2021	OG000	SECONDARY	1	3	3;4;5	BOR_DISTRIBUTION;ORR;DCR	RECIST1.1;RECIST1.1;RECIST1.1	BASIS_EXISTS	construct=BOR_DISTRIBUTION|ORR|DCR; unitOfMeasure=participants|percentage of participants|percentage of participants; paramType=COUNT_OF_PARTICIPANTS|NUMBER|NUMBER	3	Best Overall Response (BOR) in Part A	YES	om 4: Objective Response Rate (ORR) in Part A	Best Overall Response (BOR) in Part A ||| Objective Response Rate (ORR) in Part A ||| Disease Control Rate (DCR) in Part A	RECIST assessments performed at baseline (within 28 days before start of study drug), every 6 weeks +/-1 week for first 24 weeks, then every 12 weeks +/-2 weeks thereafter. Up to data cut-off for study termination (maximum of 247 days). ||| RECIST assessments performed at baseline (within 28 days before start of study drug), every 6 weeks +/-1 week for first 24 weeks, then every 12 weeks +/-2 weeks thereafter. Up to data cut-off for study termination (maximum of 247 days). ||| RECIST assessments performed at baseline (within 28 days before start of study drug), every 6 weeks +/-1 week for first 24 weeks, then every 12 weeks +/-2 weeks thereafter. Up to data cut-off for study termination (maximum of 247 days).	Efficacy population included all participants who received at least one dose of IPN60090. ||| Efficacy population included all participants who received at least one dose of IPN60090. ||| Efficacy population included all participants who received at least one dose of IPN60090.	COUNT_OF_PARTICIPANTS;NUMBER;NUMBER	participants;percentage of participants;percentage of participants	
NCT03894540	ipn60090 40 mg	ctg_results_bor_2018_2021	OG001	SECONDARY	1	3	3;4;5	BOR_DISTRIBUTION;ORR;DCR	RECIST1.1;RECIST1.1;RECIST1.1	BASIS_EXISTS	construct=BOR_DISTRIBUTION|ORR|DCR; unitOfMeasure=participants|percentage of participants|percentage of participants; paramType=COUNT_OF_PARTICIPANTS|NUMBER|NUMBER	3	Best Overall Response (BOR) in Part A	YES	om 4: Objective Response Rate (ORR) in Part A	Best Overall Response (BOR) in Part A ||| Objective Response Rate (ORR) in Part A ||| Disease Control Rate (DCR) in Part A	RECIST assessments performed at baseline (within 28 days before start of study drug), every 6 weeks +/-1 week for first 24 weeks, then every 12 weeks +/-2 weeks thereafter. Up to data cut-off for study termination (maximum of 247 days). ||| RECIST assessments performed at baseline (within 28 days before start of study drug), every 6 weeks +/-1 week for first 24 weeks, then every 12 weeks +/-2 weeks thereafter. Up to data cut-off for study termination (maximum of 247 days). ||| RECIST assessments performed at baseline (within 28 days before start of study drug), every 6 weeks +/-1 week for first 24 weeks, then every 12 weeks +/-2 weeks thereafter. Up to data cut-off for study termination (maximum of 247 days).	Efficacy population included all participants who received at least one dose of IPN60090. ||| Efficacy population included all participants who received at least one dose of IPN60090. ||| Efficacy population included all participants who received at least one dose of IPN60090.	COUNT_OF_PARTICIPANTS;NUMBER;NUMBER	participants;percentage of participants;percentage of participants	
NCT03894540	ipn60090 80 mg	ctg_results_bor_2018_2021	OG002	SECONDARY	1	3	3;4;5	BOR_DISTRIBUTION;ORR;DCR	RECIST1.1;RECIST1.1;RECIST1.1	BASIS_EXISTS	construct=BOR_DISTRIBUTION|ORR|DCR; unitOfMeasure=participants|percentage of participants|percentage of participants; paramType=COUNT_OF_PARTICIPANTS|NUMBER|NUMBER	3	Best Overall Response (BOR) in Part A	YES	om 4: Objective Response Rate (ORR) in Part A	Best Overall Response (BOR) in Part A ||| Objective Response Rate (ORR) in Part A ||| Disease Control Rate (DCR) in Part A	RECIST assessments performed at baseline (within 28 days before start of study drug), every 6 weeks +/-1 week for first 24 weeks, then every 12 weeks +/-2 weeks thereafter. Up to data cut-off for study termination (maximum of 247 days). ||| RECIST assessments performed at baseline (within 28 days before start of study drug), every 6 weeks +/-1 week for first 24 weeks, then every 12 weeks +/-2 weeks thereafter. Up to data cut-off for study termination (maximum of 247 days). ||| RECIST assessments performed at baseline (within 28 days before start of study drug), every 6 weeks +/-1 week for first 24 weeks, then every 12 weeks +/-2 weeks thereafter. Up to data cut-off for study termination (maximum of 247 days).	Efficacy population included all participants who received at least one dose of IPN60090. ||| Efficacy population included all participants who received at least one dose of IPN60090. ||| Efficacy population included all participants who received at least one dose of IPN60090.	COUNT_OF_PARTICIPANTS;NUMBER;NUMBER	participants;percentage of participants;percentage of participants	
NCT03894540	ipn60090 120 mg	ctg_results_bor_2018_2021	OG003	SECONDARY	4	3	3;4;5	BOR_DISTRIBUTION;ORR;DCR	RECIST1.1;RECIST1.1;RECIST1.1	BASIS_EXISTS	construct=BOR_DISTRIBUTION|ORR|DCR; unitOfMeasure=participants|percentage of participants|percentage of participants; paramType=COUNT_OF_PARTICIPANTS|NUMBER|NUMBER	3	Best Overall Response (BOR) in Part A	YES	om 4: Objective Response Rate (ORR) in Part A	Best Overall Response (BOR) in Part A ||| Objective Response Rate (ORR) in Part A ||| Disease Control Rate (DCR) in Part A	RECIST assessments performed at baseline (within 28 days before start of study drug), every 6 weeks +/-1 week for first 24 weeks, then every 12 weeks +/-2 weeks thereafter. Up to data cut-off for study termination (maximum of 247 days). ||| RECIST assessments performed at baseline (within 28 days before start of study drug), every 6 weeks +/-1 week for first 24 weeks, then every 12 weeks +/-2 weeks thereafter. Up to data cut-off for study termination (maximum of 247 days). ||| RECIST assessments performed at baseline (within 28 days before start of study drug), every 6 weeks +/-1 week for first 24 weeks, then every 12 weeks +/-2 weeks thereafter. Up to data cut-off for study termination (maximum of 247 days).	Efficacy population included all participants who received at least one dose of IPN60090. ||| Efficacy population included all participants who received at least one dose of IPN60090. ||| Efficacy population included all participants who received at least one dose of IPN60090.	COUNT_OF_PARTICIPANTS;NUMBER;NUMBER	participants;percentage of participants;percentage of participants	
NCT03894540	ipn60090 180 mg	ctg_results_bor_2018_2021	OG004	SECONDARY	11	3	3;4;5	BOR_DISTRIBUTION;ORR;DCR	RECIST1.1;RECIST1.1;RECIST1.1	BASIS_EXISTS	construct=BOR_DISTRIBUTION|ORR|DCR; unitOfMeasure=participants|percentage of participants|percentage of participants; paramType=COUNT_OF_PARTICIPANTS|NUMBER|NUMBER	3	Best Overall Response (BOR) in Part A	YES	om 4: Objective Response Rate (ORR) in Part A	Best Overall Response (BOR) in Part A ||| Objective Response Rate (ORR) in Part A ||| Disease Control Rate (DCR) in Part A	RECIST assessments performed at baseline (within 28 days before start of study drug), every 6 weeks +/-1 week for first 24 weeks, then every 12 weeks +/-2 weeks thereafter. Up to data cut-off for study termination (maximum of 247 days). ||| RECIST assessments performed at baseline (within 28 days before start of study drug), every 6 weeks +/-1 week for first 24 weeks, then every 12 weeks +/-2 weeks thereafter. Up to data cut-off for study termination (maximum of 247 days). ||| RECIST assessments performed at baseline (within 28 days before start of study drug), every 6 weeks +/-1 week for first 24 weeks, then every 12 weeks +/-2 weeks thereafter. Up to data cut-off for study termination (maximum of 247 days).	Efficacy population included all participants who received at least one dose of IPN60090. ||| Efficacy population included all participants who received at least one dose of IPN60090. ||| Efficacy population included all participants who received at least one dose of IPN60090.	COUNT_OF_PARTICIPANTS;NUMBER;NUMBER	participants;percentage of participants;percentage of participants	
NCT03894540	ipn60090 240 mg	ctg_results_bor_2018_2021	OG005	SECONDARY	4	3	3;4;5	BOR_DISTRIBUTION;ORR;DCR	RECIST1.1;RECIST1.1;RECIST1.1	BASIS_EXISTS	construct=BOR_DISTRIBUTION|ORR|DCR; unitOfMeasure=participants|percentage of participants|percentage of participants; paramType=COUNT_OF_PARTICIPANTS|NUMBER|NUMBER	3	Best Overall Response (BOR) in Part A	YES	om 4: Objective Response Rate (ORR) in Part A	Best Overall Response (BOR) in Part A ||| Objective Response Rate (ORR) in Part A ||| Disease Control Rate (DCR) in Part A	RECIST assessments performed at baseline (within 28 days before start of study drug), every 6 weeks +/-1 week for first 24 weeks, then every 12 weeks +/-2 weeks thereafter. Up to data cut-off for study termination (maximum of 247 days). ||| RECIST assessments performed at baseline (within 28 days before start of study drug), every 6 weeks +/-1 week for first 24 weeks, then every 12 weeks +/-2 weeks thereafter. Up to data cut-off for study termination (maximum of 247 days). ||| RECIST assessments performed at baseline (within 28 days before start of study drug), every 6 weeks +/-1 week for first 24 weeks, then every 12 weeks +/-2 weeks thereafter. Up to data cut-off for study termination (maximum of 247 days).	Efficacy population included all participants who received at least one dose of IPN60090. ||| Efficacy population included all participants who received at least one dose of IPN60090. ||| Efficacy population included all participants who received at least one dose of IPN60090.	COUNT_OF_PARTICIPANTS;NUMBER;NUMBER	participants;percentage of participants;percentage of participants	
NCT03753919	cohort 1: advanced, radioiodine-refractory differentiated thyroid carcinoma (dtc)	ctg_results_bor_2018_2021	OG000	SECONDARY	37	3	6;7;8	ORR;ORR;ORR	RECIST1.1+iRECIST;RECIST1.1;irRECIST	BASIS_EXISTS	assessmentCriteria=RECIST1.1+iRECIST|RECIST1.1|irRECIST; timeFrame	6	Overall Response Rate (ORR)	DEPENDS(no preregistered ordering for this field)		Overall Response Rate (ORR) ||| Overall Response (OR) Best Response According to RECIST 1.1 ||| Overall Response (OR) Best Response According irRecist Criteria	Through study completion, average 1 year ||| Throughout the trial period, with a following up to 4 years from the start of treatment ||| Throughout the trial period, with a following up to 4 years from the start of treatment	Patients with progressive, refractory advanced thyroid carcinoma ||| Patients with progressive, refractory advanced thyroid carcinoma ||| Patients with progressive, refractory advanced thyroid carcinoma	NUMBER;NUMBER;NUMBER	percentage of patients;percentage of patients;percentage of patients	
NCT03753919	cohort 2: advanced medullary thyroid carcinoma (mtc)	ctg_results_bor_2018_2021	OG001	SECONDARY	30	3	6;7;8	ORR;ORR;ORR	RECIST1.1+iRECIST;RECIST1.1;irRECIST	BASIS_EXISTS	assessmentCriteria=RECIST1.1+iRECIST|RECIST1.1|irRECIST; timeFrame	6	Overall Response Rate (ORR)	DEPENDS(no preregistered ordering for this field)		Overall Response Rate (ORR) ||| Overall Response (OR) Best Response According to RECIST 1.1 ||| Overall Response (OR) Best Response According irRecist Criteria	Through study completion, average 1 year ||| Throughout the trial period, with a following up to 4 years from the start of treatment ||| Throughout the trial period, with a following up to 4 years from the start of treatment	Patients with progressive, refractory advanced thyroid carcinoma ||| Patients with progressive, refractory advanced thyroid carcinoma ||| Patients with progressive, refractory advanced thyroid carcinoma	NUMBER;NUMBER;NUMBER	percentage of patients;percentage of patients;percentage of patients	
NCT03753919	cohort 3: advanced anaplastic thyroid carcinoma (atc)	ctg_results_bor_2018_2021	OG002	SECONDARY	12	3	6;7;8	ORR;ORR;ORR	RECIST1.1+iRECIST;RECIST1.1;irRECIST	BASIS_EXISTS	assessmentCriteria=RECIST1.1+iRECIST|RECIST1.1|irRECIST; timeFrame	6	Overall Response Rate (ORR)	DEPENDS(no preregistered ordering for this field)		Overall Response Rate (ORR) ||| Overall Response (OR) Best Response According to RECIST 1.1 ||| Overall Response (OR) Best Response According irRecist Criteria	Through study completion, average 1 year ||| Throughout the trial period, with a following up to 4 years from the start of treatment ||| Throughout the trial period, with a following up to 4 years from the start of treatment	Patients with progressive, refractory advanced thyroid carcinoma ||| Patients with progressive, refractory advanced thyroid carcinoma ||| Patients with progressive, refractory advanced thyroid carcinoma	NUMBER;NUMBER;NUMBER	percentage of patients;percentage of patients;percentage of patients	
NCT04854434	arm c: standard of care (soc)	ctg_results_bor_2018_2021	OG001	SECONDARY	0	2	9;10	DCR;DCR	RECIST_unversioned;RECIST_unversioned	BASIS_EXISTS	populationDescription	9	Arm B and C: Percentage of Participants With Confirmed Disease Control Rate as Per Response Evaluation Criteria in Solid Tumors Version 1.1	DEPENDS(no preregistered ordering for this field)		Arm B and C: Percentage of Participants With Confirmed Disease Control Rate as Per Response Evaluation Criteria in Solid Tumors Version 1.1 ||| Arm A and C: Percentage of Participants With Confirmed Disease Control Rate as Per Response Evaluation Criteria in Solid Tumors Version 1.1	From the date of randomization up to death (up to 8 months) ||| From the date of randomization up to death (up to 8 months)	"ITT population included all participants randomized to study treatment and were analyzed in the treatment arm to which they were randomized. Here, ""overall number of participants analyzed"" signifies those who had response (CR/PR/SD) in specified arm. Data for this outcome measure was not planned to be collected and analyzed for Arm A. ||| ITT population included all participants randomized to study treatment and were analyzed in the treatment arm to which they were randomized. Here, ""overall number of participants analyzed"" signifies those who had response (CR/PR/SD) in specified arm. Data for this outcome measure was not planned to be collected and analyzed for Arm B."	NUMBER;NUMBER	percentage of participants;percentage of participants	Participants denominator = 0 for this group
NCT03552029	part 1, cohort 1: quizartinib + milademetan	ctg_results_bor_2018_2021	OG000	SECONDARY	4	2	2;3	BOR_DISTRIBUTION;ORR	none;none	BASIS_EXISTS	construct=BOR_DISTRIBUTION|ORR; populationDescription	2	Number of Participants With Best Overall Response Following Administration of Milademetan in Combination With Quizartinib	YES	om 3: Overall Response Rate Following Administration of Milademetan in Combination With Quizartinib	Number of Participants With Best Overall Response Following Administration of Milademetan in Combination With Quizartinib ||| Overall Response Rate Following Administration of Milademetan in Combination With Quizartinib	Baseline up to first documented response, disease progression, withdrawal, or death (whichever occurs first), up to approximately 2 years 3 months ||| Baseline up to first documented response, disease progression, withdrawal, or death (whichever occurs first), up to approximately 2 years 3 months	Best Overall Response was assessed in the Full Analysis Set. ||| Overall response rate was assessed in the Full Analysis Set.	COUNT_OF_PARTICIPANTS;COUNT_OF_PARTICIPANTS	participants;participants	
NCT03552029	part 1, cohort 1a: quizartinib + milademetan	ctg_results_bor_2018_2021	OG001	SECONDARY	6	2	2;3	BOR_DISTRIBUTION;ORR	none;none	BASIS_EXISTS	construct=BOR_DISTRIBUTION|ORR; populationDescription	2	Number of Participants With Best Overall Response Following Administration of Milademetan in Combination With Quizartinib	YES	om 3: Overall Response Rate Following Administration of Milademetan in Combination With Quizartinib	Number of Participants With Best Overall Response Following Administration of Milademetan in Combination With Quizartinib ||| Overall Response Rate Following Administration of Milademetan in Combination With Quizartinib	Baseline up to first documented response, disease progression, withdrawal, or death (whichever occurs first), up to approximately 2 years 3 months ||| Baseline up to first documented response, disease progression, withdrawal, or death (whichever occurs first), up to approximately 2 years 3 months	Best Overall Response was assessed in the Full Analysis Set. ||| Overall response rate was assessed in the Full Analysis Set.	COUNT_OF_PARTICIPANTS;COUNT_OF_PARTICIPANTS	participants;participants	
NCT03639610	cohort 1a, melflufen 40 mg	ctg_results_bor_2018_2021	OG000	SECONDARY	21	2	6;7	ORR;CBR	none;none	BASIS_EXISTS	construct=ORR|CBR; timeFrame	6	Overall Response Rate	NO		Overall Response Rate ||| Clinical Benefit Rate	Patients were assessed for response after each cycle. After discontinuation of therapy, patients continued to be assessed until disease progression (confirmed on 2 consecutive assessments) (maximum duration 127.1 weeks). ||| Patients were assessed for response after each cycle (maximum duration 127.1 weeks).	This analysis was performed in the Safety Analysis Set, which is defined as all patients who received at least 1 or partial dose of melflufen or dexamethasone. ||| This analysis was performed in the Safety Analysis Set, which is defined as all patients who received at least 1 or partial dose of melflufen or dexamethasone.	COUNT_OF_PARTICIPANTS;COUNT_OF_PARTICIPANTS	participants;participants	
NCT03639610	cohort 1b, melflufen 30 mg	ctg_results_bor_2018_2021	OG001	SECONDARY	10	2	6;7	ORR;CBR	none;none	BASIS_EXISTS	construct=ORR|CBR; timeFrame	6	Overall Response Rate	NO		Overall Response Rate ||| Clinical Benefit Rate	Patients were assessed for response after each cycle. After discontinuation of therapy, patients continued to be assessed until disease progression (confirmed on 2 consecutive assessments) (maximum duration 127.1 weeks). ||| Patients were assessed for response after each cycle (maximum duration 127.1 weeks).	This analysis was performed in the Safety Analysis Set, which is defined as all patients who received at least 1 or partial dose of melflufen or dexamethasone. ||| This analysis was performed in the Safety Analysis Set, which is defined as all patients who received at least 1 or partial dose of melflufen or dexamethasone.	COUNT_OF_PARTICIPANTS;COUNT_OF_PARTICIPANTS	participants;participants	
NCT03639610	cohort 2a, melflufen 20 mg	ctg_results_bor_2018_2021	OG002	SECONDARY	4	2	6;7	ORR;CBR	none;none	BASIS_EXISTS	construct=ORR|CBR; timeFrame	6	Overall Response Rate	NO		Overall Response Rate ||| Clinical Benefit Rate	Patients were assessed for response after each cycle. After discontinuation of therapy, patients continued to be assessed until disease progression (confirmed on 2 consecutive assessments) (maximum duration 127.1 weeks). ||| Patients were assessed for response after each cycle (maximum duration 127.1 weeks).	This analysis was performed in the Safety Analysis Set, which is defined as all patients who received at least 1 or partial dose of melflufen or dexamethasone. ||| This analysis was performed in the Safety Analysis Set, which is defined as all patients who received at least 1 or partial dose of melflufen or dexamethasone.	COUNT_OF_PARTICIPANTS;COUNT_OF_PARTICIPANTS	participants;participants	
NCT03779113	dose expansion stage: hl	ctg_results_bor_2018_2021	OG000	PRIMARY	25	2	4;5	CR_RATE;CBR	none;none	BASIS_EXISTS	construct=CR_RATE|CBR	4	Dose Expansion Stage: Complete Response Rate	UNDETERMINED(no ORR-type candidate)		Dose Expansion Stage: Complete Response Rate ||| Dose Expansion Stage: Clinical Benefit Rate (CBR)	Tumor assessments performed every 8 weeks (+/-7 days) for the first 24 weeks and every 12 weeks (+/-7 days) thereafter until first progression, initiation of new anticancer therapy or death. Approximately 42 months ||| Tumor assessments performed every 8 weeks (+/-7 days) for the first 24 weeks and every 12 weeks (+/-7 days) thereafter until first progression, initiation of new anticancer therapy or death. Approximately 42 months	The RES included all patients who received at least 1 dose of HMPL-523, had a baseline tumor measurement, and had at least 1 post-baseline tumor measurement or clinical restaging, unless death occurred before the first post-baseline assessment. ||| The RES included all patients who received at least 1 dose of HMPL-523, had a baseline tumor measurement, and had at least 1 post-baseline tumor measurement or clinical restaging, unless death occurred before the first post-baseline assessment.	NUMBER;NUMBER	percentage of patients;percentage of patients	
NCT03779113	dose expansion stage: cll	ctg_results_bor_2018_2021	OG001	PRIMARY	1	2	4;5	CR_RATE;CBR	none;none	BASIS_EXISTS	construct=CR_RATE|CBR	4	Dose Expansion Stage: Complete Response Rate	UNDETERMINED(no ORR-type candidate)		Dose Expansion Stage: Complete Response Rate ||| Dose Expansion Stage: Clinical Benefit Rate (CBR)	Tumor assessments performed every 8 weeks (+/-7 days) for the first 24 weeks and every 12 weeks (+/-7 days) thereafter until first progression, initiation of new anticancer therapy or death. Approximately 42 months ||| Tumor assessments performed every 8 weeks (+/-7 days) for the first 24 weeks and every 12 weeks (+/-7 days) thereafter until first progression, initiation of new anticancer therapy or death. Approximately 42 months	The RES included all patients who received at least 1 dose of HMPL-523, had a baseline tumor measurement, and had at least 1 post-baseline tumor measurement or clinical restaging, unless death occurred before the first post-baseline assessment. ||| The RES included all patients who received at least 1 dose of HMPL-523, had a baseline tumor measurement, and had at least 1 post-baseline tumor measurement or clinical restaging, unless death occurred before the first post-baseline assessment.	NUMBER;NUMBER	percentage of patients;percentage of patients	
NCT03779113	dose expansion stage: cll-post btk	ctg_results_bor_2018_2021	OG002	PRIMARY	7	2	4;5	CR_RATE;CBR	none;none	BASIS_EXISTS	construct=CR_RATE|CBR	4	Dose Expansion Stage: Complete Response Rate	UNDETERMINED(no ORR-type candidate)		Dose Expansion Stage: Complete Response Rate ||| Dose Expansion Stage: Clinical Benefit Rate (CBR)	Tumor assessments performed every 8 weeks (+/-7 days) for the first 24 weeks and every 12 weeks (+/-7 days) thereafter until first progression, initiation of new anticancer therapy or death. Approximately 42 months ||| Tumor assessments performed every 8 weeks (+/-7 days) for the first 24 weeks and every 12 weeks (+/-7 days) thereafter until first progression, initiation of new anticancer therapy or death. Approximately 42 months	The RES included all patients who received at least 1 dose of HMPL-523, had a baseline tumor measurement, and had at least 1 post-baseline tumor measurement or clinical restaging, unless death occurred before the first post-baseline assessment. ||| The RES included all patients who received at least 1 dose of HMPL-523, had a baseline tumor measurement, and had at least 1 post-baseline tumor measurement or clinical restaging, unless death occurred before the first post-baseline assessment.	NUMBER;NUMBER	percentage of patients;percentage of patients	
NCT03779113	dose expansion stage: fl	ctg_results_bor_2018_2021	OG003	PRIMARY	2	2	4;5	CR_RATE;CBR	none;none	BASIS_EXISTS	construct=CR_RATE|CBR	4	Dose Expansion Stage: Complete Response Rate	UNDETERMINED(no ORR-type candidate)		Dose Expansion Stage: Complete Response Rate ||| Dose Expansion Stage: Clinical Benefit Rate (CBR)	Tumor assessments performed every 8 weeks (+/-7 days) for the first 24 weeks and every 12 weeks (+/-7 days) thereafter until first progression, initiation of new anticancer therapy or death. Approximately 42 months ||| Tumor assessments performed every 8 weeks (+/-7 days) for the first 24 weeks and every 12 weeks (+/-7 days) thereafter until first progression, initiation of new anticancer therapy or death. Approximately 42 months	The RES included all patients who received at least 1 dose of HMPL-523, had a baseline tumor measurement, and had at least 1 post-baseline tumor measurement or clinical restaging, unless death occurred before the first post-baseline assessment. ||| The RES included all patients who received at least 1 dose of HMPL-523, had a baseline tumor measurement, and had at least 1 post-baseline tumor measurement or clinical restaging, unless death occurred before the first post-baseline assessment.	NUMBER;NUMBER	percentage of patients;percentage of patients	
NCT03779113	dose expansion stage: mzl	ctg_results_bor_2018_2021	OG004	PRIMARY	1	2	4;5	CR_RATE;CBR	none;none	BASIS_EXISTS	construct=CR_RATE|CBR	4	Dose Expansion Stage: Complete Response Rate	UNDETERMINED(no ORR-type candidate)		Dose Expansion Stage: Complete Response Rate ||| Dose Expansion Stage: Clinical Benefit Rate (CBR)	Tumor assessments performed every 8 weeks (+/-7 days) for the first 24 weeks and every 12 weeks (+/-7 days) thereafter until first progression, initiation of new anticancer therapy or death. Approximately 42 months ||| Tumor assessments performed every 8 weeks (+/-7 days) for the first 24 weeks and every 12 weeks (+/-7 days) thereafter until first progression, initiation of new anticancer therapy or death. Approximately 42 months	The RES included all patients who received at least 1 dose of HMPL-523, had a baseline tumor measurement, and had at least 1 post-baseline tumor measurement or clinical restaging, unless death occurred before the first post-baseline assessment. ||| The RES included all patients who received at least 1 dose of HMPL-523, had a baseline tumor measurement, and had at least 1 post-baseline tumor measurement or clinical restaging, unless death occurred before the first post-baseline assessment.	NUMBER;NUMBER	percentage of patients;percentage of patients	
NCT03779113	dose expansion stage: lpl/wm	ctg_results_bor_2018_2021	OG005	PRIMARY	1	2	4;5	CR_RATE;CBR	none;none	BASIS_EXISTS	construct=CR_RATE|CBR	4	Dose Expansion Stage: Complete Response Rate	UNDETERMINED(no ORR-type candidate)		Dose Expansion Stage: Complete Response Rate ||| Dose Expansion Stage: Clinical Benefit Rate (CBR)	Tumor assessments performed every 8 weeks (+/-7 days) for the first 24 weeks and every 12 weeks (+/-7 days) thereafter until first progression, initiation of new anticancer therapy or death. Approximately 42 months ||| Tumor assessments performed every 8 weeks (+/-7 days) for the first 24 weeks and every 12 weeks (+/-7 days) thereafter until first progression, initiation of new anticancer therapy or death. Approximately 42 months	The RES included all patients who received at least 1 dose of HMPL-523, had a baseline tumor measurement, and had at least 1 post-baseline tumor measurement or clinical restaging, unless death occurred before the first post-baseline assessment. ||| The RES included all patients who received at least 1 dose of HMPL-523, had a baseline tumor measurement, and had at least 1 post-baseline tumor measurement or clinical restaging, unless death occurred before the first post-baseline assessment.	NUMBER;NUMBER	percentage of patients;percentage of patients	
NCT03779113	dose expansion stage: mcl	ctg_results_bor_2018_2021	OG006	PRIMARY	1	2	4;5	CR_RATE;CBR	none;none	BASIS_EXISTS	construct=CR_RATE|CBR	4	Dose Expansion Stage: Complete Response Rate	UNDETERMINED(no ORR-type candidate)		Dose Expansion Stage: Complete Response Rate ||| Dose Expansion Stage: Clinical Benefit Rate (CBR)	Tumor assessments performed every 8 weeks (+/-7 days) for the first 24 weeks and every 12 weeks (+/-7 days) thereafter until first progression, initiation of new anticancer therapy or death. Approximately 42 months ||| Tumor assessments performed every 8 weeks (+/-7 days) for the first 24 weeks and every 12 weeks (+/-7 days) thereafter until first progression, initiation of new anticancer therapy or death. Approximately 42 months	The RES included all patients who received at least 1 dose of HMPL-523, had a baseline tumor measurement, and had at least 1 post-baseline tumor measurement or clinical restaging, unless death occurred before the first post-baseline assessment. ||| The RES included all patients who received at least 1 dose of HMPL-523, had a baseline tumor measurement, and had at least 1 post-baseline tumor measurement or clinical restaging, unless death occurred before the first post-baseline assessment.	NUMBER;NUMBER	percentage of patients;percentage of patients	
NCT03779113	dose expansion stage: ptcl	ctg_results_bor_2018_2021	OG007	PRIMARY	8	2	4;5	CR_RATE;CBR	none;none	BASIS_EXISTS	construct=CR_RATE|CBR	4	Dose Expansion Stage: Complete Response Rate	UNDETERMINED(no ORR-type candidate)		Dose Expansion Stage: Complete Response Rate ||| Dose Expansion Stage: Clinical Benefit Rate (CBR)	Tumor assessments performed every 8 weeks (+/-7 days) for the first 24 weeks and every 12 weeks (+/-7 days) thereafter until first progression, initiation of new anticancer therapy or death. Approximately 42 months ||| Tumor assessments performed every 8 weeks (+/-7 days) for the first 24 weeks and every 12 weeks (+/-7 days) thereafter until first progression, initiation of new anticancer therapy or death. Approximately 42 months	The RES included all patients who received at least 1 dose of HMPL-523, had a baseline tumor measurement, and had at least 1 post-baseline tumor measurement or clinical restaging, unless death occurred before the first post-baseline assessment. ||| The RES included all patients who received at least 1 dose of HMPL-523, had a baseline tumor measurement, and had at least 1 post-baseline tumor measurement or clinical restaging, unless death occurred before the first post-baseline assessment.	NUMBER;NUMBER	percentage of patients;percentage of patients	
NCT03779113	dose escalation stage: hmpl-523 100 mg qd	ctg_results_bor_2018_2021	OG000	SECONDARY	4	3	20;21;22	ORR;CR_RATE;CBR	none;none;none	BASIS_EXISTS	construct=ORR|CR_RATE|CBR	20	Dose Escalation Stage: Objective Response Rate	NO		Dose Escalation Stage: Objective Response Rate ||| Dose Escalation Stage: Complete Response Rate ||| Dose Escalation Stage: Clinical Benefit Rate	Tumor assessments performed every 8 weeks (+/-7 days) for the first 24 weeks and every 12 weeks (+/-7 days) thereafter until first progression, initiation of new anticancer therapy or death. Approximately 42 months ||| Tumor assessments performed every 8 weeks (+/-7 days) for the first 24 weeks and every 12 weeks (+/-7 days) thereafter until first progression, initiation of new anticancer therapy or death. Approximately 42 months ||| Tumor assessments performed every 8 weeks (+/-7 days) for the first 24 weeks and every 12 weeks (+/-7 days) thereafter until first progression, initiation of new anticancer therapy or death. Approximately 42 months	The RES included all patients who received at least 1 dose of HMPL-523, had a baseline tumor measurement, and had at least 1 post-baseline tumor measurement or clinical restaging, unless death occurred before the first post-baseline assessment. ||| The RES included all patients who received at least 1 dose of HMPL-523, had a baseline tumor measurement, and had at least 1 post-baseline tumor measurement or clinical restaging, unless death occurred before the first post-baseline assessment. ||| The RES included all patients who received at least 1 dose of HMPL-523, had a baseline tumor measurement, and had at least 1 post-baseline tumor measurement or clinical restaging, unless death occurred before the first post-baseline assessment.	NUMBER;NUMBER;NUMBER	percentage of patients;percentage of patients;percentage of patients	
NCT03779113	dose escalation stage: hmpl-523 200 mg qd	ctg_results_bor_2018_2021	OG001	SECONDARY	3	3	20;21;22	ORR;CR_RATE;CBR	none;none;none	BASIS_EXISTS	construct=ORR|CR_RATE|CBR	20	Dose Escalation Stage: Objective Response Rate	NO		Dose Escalation Stage: Objective Response Rate ||| Dose Escalation Stage: Complete Response Rate ||| Dose Escalation Stage: Clinical Benefit Rate	Tumor assessments performed every 8 weeks (+/-7 days) for the first 24 weeks and every 12 weeks (+/-7 days) thereafter until first progression, initiation of new anticancer therapy or death. Approximately 42 months ||| Tumor assessments performed every 8 weeks (+/-7 days) for the first 24 weeks and every 12 weeks (+/-7 days) thereafter until first progression, initiation of new anticancer therapy or death. Approximately 42 months ||| Tumor assessments performed every 8 weeks (+/-7 days) for the first 24 weeks and every 12 weeks (+/-7 days) thereafter until first progression, initiation of new anticancer therapy or death. Approximately 42 months	The RES included all patients who received at least 1 dose of HMPL-523, had a baseline tumor measurement, and had at least 1 post-baseline tumor measurement or clinical restaging, unless death occurred before the first post-baseline assessment. ||| The RES included all patients who received at least 1 dose of HMPL-523, had a baseline tumor measurement, and had at least 1 post-baseline tumor measurement or clinical restaging, unless death occurred before the first post-baseline assessment. ||| The RES included all patients who received at least 1 dose of HMPL-523, had a baseline tumor measurement, and had at least 1 post-baseline tumor measurement or clinical restaging, unless death occurred before the first post-baseline assessment.	NUMBER;NUMBER;NUMBER	percentage of patients;percentage of patients;percentage of patients	
NCT03779113	dose escalation stage: hmpl-523 400 mg qd	ctg_results_bor_2018_2021	OG002	SECONDARY	2	3	20;21;22	ORR;CR_RATE;CBR	none;none;none	BASIS_EXISTS	construct=ORR|CR_RATE|CBR	20	Dose Escalation Stage: Objective Response Rate	NO		Dose Escalation Stage: Objective Response Rate ||| Dose Escalation Stage: Complete Response Rate ||| Dose Escalation Stage: Clinical Benefit Rate	Tumor assessments performed every 8 weeks (+/-7 days) for the first 24 weeks and every 12 weeks (+/-7 days) thereafter until first progression, initiation of new anticancer therapy or death. Approximately 42 months ||| Tumor assessments performed every 8 weeks (+/-7 days) for the first 24 weeks and every 12 weeks (+/-7 days) thereafter until first progression, initiation of new anticancer therapy or death. Approximately 42 months ||| Tumor assessments performed every 8 weeks (+/-7 days) for the first 24 weeks and every 12 weeks (+/-7 days) thereafter until first progression, initiation of new anticancer therapy or death. Approximately 42 months	The RES included all patients who received at least 1 dose of HMPL-523, had a baseline tumor measurement, and had at least 1 post-baseline tumor measurement or clinical restaging, unless death occurred before the first post-baseline assessment. ||| The RES included all patients who received at least 1 dose of HMPL-523, had a baseline tumor measurement, and had at least 1 post-baseline tumor measurement or clinical restaging, unless death occurred before the first post-baseline assessment. ||| The RES included all patients who received at least 1 dose of HMPL-523, had a baseline tumor measurement, and had at least 1 post-baseline tumor measurement or clinical restaging, unless death occurred before the first post-baseline assessment.	NUMBER;NUMBER;NUMBER	percentage of patients;percentage of patients;percentage of patients	
NCT03779113	dose escalation stage: hmpl-523 600 mg qd	ctg_results_bor_2018_2021	OG003	SECONDARY	3	3	20;21;22	ORR;CR_RATE;CBR	none;none;none	BASIS_EXISTS	construct=ORR|CR_RATE|CBR	20	Dose Escalation Stage: Objective Response Rate	NO		Dose Escalation Stage: Objective Response Rate ||| Dose Escalation Stage: Complete Response Rate ||| Dose Escalation Stage: Clinical Benefit Rate	Tumor assessments performed every 8 weeks (+/-7 days) for the first 24 weeks and every 12 weeks (+/-7 days) thereafter until first progression, initiation of new anticancer therapy or death. Approximately 42 months ||| Tumor assessments performed every 8 weeks (+/-7 days) for the first 24 weeks and every 12 weeks (+/-7 days) thereafter until first progression, initiation of new anticancer therapy or death. Approximately 42 months ||| Tumor assessments performed every 8 weeks (+/-7 days) for the first 24 weeks and every 12 weeks (+/-7 days) thereafter until first progression, initiation of new anticancer therapy or death. Approximately 42 months	The RES included all patients who received at least 1 dose of HMPL-523, had a baseline tumor measurement, and had at least 1 post-baseline tumor measurement or clinical restaging, unless death occurred before the first post-baseline assessment. ||| The RES included all patients who received at least 1 dose of HMPL-523, had a baseline tumor measurement, and had at least 1 post-baseline tumor measurement or clinical restaging, unless death occurred before the first post-baseline assessment. ||| The RES included all patients who received at least 1 dose of HMPL-523, had a baseline tumor measurement, and had at least 1 post-baseline tumor measurement or clinical restaging, unless death occurred before the first post-baseline assessment.	NUMBER;NUMBER;NUMBER	percentage of patients;percentage of patients;percentage of patients	
NCT03779113	dose escalation stage: hmpl-523 700 mg qd	ctg_results_bor_2018_2021	OG004	SECONDARY	3	3	20;21;22	ORR;CR_RATE;CBR	none;none;none	BASIS_EXISTS	construct=ORR|CR_RATE|CBR	20	Dose Escalation Stage: Objective Response Rate	NO		Dose Escalation Stage: Objective Response Rate ||| Dose Escalation Stage: Complete Response Rate ||| Dose Escalation Stage: Clinical Benefit Rate	Tumor assessments performed every 8 weeks (+/-7 days) for the first 24 weeks and every 12 weeks (+/-7 days) thereafter until first progression, initiation of new anticancer therapy or death. Approximately 42 months ||| Tumor assessments performed every 8 weeks (+/-7 days) for the first 24 weeks and every 12 weeks (+/-7 days) thereafter until first progression, initiation of new anticancer therapy or death. Approximately 42 months ||| Tumor assessments performed every 8 weeks (+/-7 days) for the first 24 weeks and every 12 weeks (+/-7 days) thereafter until first progression, initiation of new anticancer therapy or death. Approximately 42 months	The RES included all patients who received at least 1 dose of HMPL-523, had a baseline tumor measurement, and had at least 1 post-baseline tumor measurement or clinical restaging, unless death occurred before the first post-baseline assessment. ||| The RES included all patients who received at least 1 dose of HMPL-523, had a baseline tumor measurement, and had at least 1 post-baseline tumor measurement or clinical restaging, unless death occurred before the first post-baseline assessment. ||| The RES included all patients who received at least 1 dose of HMPL-523, had a baseline tumor measurement, and had at least 1 post-baseline tumor measurement or clinical restaging, unless death occurred before the first post-baseline assessment.	NUMBER;NUMBER;NUMBER	percentage of patients;percentage of patients;percentage of patients	
NCT03779113	dose escalation stage: hmpl-523 800 mg qd	ctg_results_bor_2018_2021	OG005	SECONDARY	4	3	20;21;22	ORR;CR_RATE;CBR	none;none;none	BASIS_EXISTS	construct=ORR|CR_RATE|CBR	20	Dose Escalation Stage: Objective Response Rate	NO		Dose Escalation Stage: Objective Response Rate ||| Dose Escalation Stage: Complete Response Rate ||| Dose Escalation Stage: Clinical Benefit Rate	Tumor assessments performed every 8 weeks (+/-7 days) for the first 24 weeks and every 12 weeks (+/-7 days) thereafter until first progression, initiation of new anticancer therapy or death. Approximately 42 months ||| Tumor assessments performed every 8 weeks (+/-7 days) for the first 24 weeks and every 12 weeks (+/-7 days) thereafter until first progression, initiation of new anticancer therapy or death. Approximately 42 months ||| Tumor assessments performed every 8 weeks (+/-7 days) for the first 24 weeks and every 12 weeks (+/-7 days) thereafter until first progression, initiation of new anticancer therapy or death. Approximately 42 months	The RES included all patients who received at least 1 dose of HMPL-523, had a baseline tumor measurement, and had at least 1 post-baseline tumor measurement or clinical restaging, unless death occurred before the first post-baseline assessment. ||| The RES included all patients who received at least 1 dose of HMPL-523, had a baseline tumor measurement, and had at least 1 post-baseline tumor measurement or clinical restaging, unless death occurred before the first post-baseline assessment. ||| The RES included all patients who received at least 1 dose of HMPL-523, had a baseline tumor measurement, and had at least 1 post-baseline tumor measurement or clinical restaging, unless death occurred before the first post-baseline assessment.	NUMBER;NUMBER;NUMBER	percentage of patients;percentage of patients;percentage of patients	
NCT03713593	lenvatinib + pembrolizumab	ctg_results_bor_2018_2021	OG000	SECONDARY	395	2	2;7	ORR;ORR	RECIST1.1;mRECIST	BASIS_EXISTS	assessmentCriteria=RECIST1.1|mRECIST	2	Objective Response Rate (ORR) Per Response Evaluation Criteria in Solid Tumors Version 1.1 (RECIST 1.1)	DEPENDS(no preregistered ordering for this field)		Objective Response Rate (ORR) Per Response Evaluation Criteria in Solid Tumors Version 1.1 (RECIST 1.1) ||| Objective Response Rate (ORR) Per Modified Response Evaluation Criteria in Solid Tumors (mRECIST)	Up to approximately 41 months ||| Up to approximately 41 months	The analysis population consisted of all randomized participants. Participants were analyzed in the treatment group to which they were randomized. ||| The analysis population consisted of all randomized participants. Participants were analyzed in the treatment group to which they were randomized.	NUMBER;NUMBER	percentage of participants;percentage of participants	
NCT03713593	lenvatinib + placebo	ctg_results_bor_2018_2021	OG001	SECONDARY	399	2	2;7	ORR;ORR	RECIST1.1;mRECIST	BASIS_EXISTS	assessmentCriteria=RECIST1.1|mRECIST	2	Objective Response Rate (ORR) Per Response Evaluation Criteria in Solid Tumors Version 1.1 (RECIST 1.1)	DEPENDS(no preregistered ordering for this field)		Objective Response Rate (ORR) Per Response Evaluation Criteria in Solid Tumors Version 1.1 (RECIST 1.1) ||| Objective Response Rate (ORR) Per Modified Response Evaluation Criteria in Solid Tumors (mRECIST)	Up to approximately 41 months ||| Up to approximately 41 months	The analysis population consisted of all randomized participants. Participants were analyzed in the treatment group to which they were randomized. ||| The analysis population consisted of all randomized participants. Participants were analyzed in the treatment group to which they were randomized.	NUMBER;NUMBER	percentage of participants;percentage of participants	
NCT04082364	trastuzumab and chemotherapy arm	ctg_results_bor_2018_2021	OG001	SECONDARY	8	2	4;5	DCR;ORR	none;RECIST1.1	BASIS_EXISTS	construct=DCR|ORR; assessmentCriteria=none|RECIST1.1; populationDescription; unitOfMeasure=percent of participants|percent of participants with cr+pr	4	Disease Control Rate	YES	om 5: ORR for Cohort B	Disease Control Rate ||| ORR for Cohort B	Throughout the study, an average of 11 months. ||| Throughout the study, an average of 11 months.	All participants in Cohort A and B who received at least one dose of study treatment and had baseline radiographic tumor assessment. ||| All participants in Cohort B who received at least one dose of study treatment and had baseline radiographic tumor assessment.	NUMBER;NUMBER	percent of participants;percent of participants with cr+pr	
NCT04082364	margetuximab, retifanlimab, and chemotherapy arm	ctg_results_bor_2018_2021	OG002	SECONDARY	9	2	4;5	DCR;ORR	none;RECIST1.1	BASIS_EXISTS	construct=DCR|ORR; assessmentCriteria=none|RECIST1.1; populationDescription; unitOfMeasure=percent of participants|percent of participants with cr+pr	4	Disease Control Rate	YES	om 5: ORR for Cohort B	Disease Control Rate ||| ORR for Cohort B	Throughout the study, an average of 11 months. ||| Throughout the study, an average of 11 months.	All participants in Cohort A and B who received at least one dose of study treatment and had baseline radiographic tumor assessment. ||| All participants in Cohort B who received at least one dose of study treatment and had baseline radiographic tumor assessment.	NUMBER;NUMBER	percent of participants;percent of participants with cr+pr	
NCT04082364	margetuximab, tebotelimab and chemotherapy arm	ctg_results_bor_2018_2021	OG003	SECONDARY	6	2	4;5	DCR;ORR	none;RECIST1.1	BASIS_EXISTS	construct=DCR|ORR; assessmentCriteria=none|RECIST1.1; populationDescription; unitOfMeasure=percent of participants|percent of participants with cr+pr	4	Disease Control Rate	YES	om 5: ORR for Cohort B	Disease Control Rate ||| ORR for Cohort B	Throughout the study, an average of 11 months. ||| Throughout the study, an average of 11 months.	All participants in Cohort A and B who received at least one dose of study treatment and had baseline radiographic tumor assessment. ||| All participants in Cohort B who received at least one dose of study treatment and had baseline radiographic tumor assessment.	NUMBER;NUMBER	percent of participants;percent of participants with cr+pr	
NCT04082364	margetuximab and chemotherapy arm	ctg_results_bor_2018_2021	OG004	SECONDARY	10	2	4;5	DCR;ORR	none;RECIST1.1	BASIS_EXISTS	construct=DCR|ORR; assessmentCriteria=none|RECIST1.1; populationDescription; unitOfMeasure=percent of participants|percent of participants with cr+pr	4	Disease Control Rate	YES	om 5: ORR for Cohort B	Disease Control Rate ||| ORR for Cohort B	Throughout the study, an average of 11 months. ||| Throughout the study, an average of 11 months.	All participants in Cohort A and B who received at least one dose of study treatment and had baseline radiographic tumor assessment. ||| All participants in Cohort B who received at least one dose of study treatment and had baseline radiographic tumor assessment.	NUMBER;NUMBER	percent of participants;percent of participants with cr+pr	
NCT03911869	safety lead-in phase: encorafenib 300 mg bid + binimetinib 45 mg bid	ctg_results_bor_2018_2021	OG000	SECONDARY	10	2	9;10	RESPONSE_RATE_UNQUALIFIED;RESPONSE_RATE_UNQUALIFIED	RECIST1.1;RECIST1.1+mRECIST	BASIS_EXISTS	assessmentCriteria=RECIST1.1|RECIST1.1+mRECIST	9	Extracranial Response Rate Based on RECIST v1.1: SLI Phase and Phase 2	DEPENDS(no preregistered ordering for this field)		Extracranial Response Rate Based on RECIST v1.1: SLI Phase and Phase 2 ||| Global Response Rate: SLI Phase and Phase 2	From date of first dose until disease progression, death due to any cause or subsequent therapy initiation, whichever occurred first in SLI Phase (approximately up to 10.4 months) and Phase 2 (approximately up to 8.3 months) ||| From date of first dose until disease progression, death due to any cause or subsequent therapy initiation, whichever occurred first in SLI Phase (approximately up to 10.4 months) and Phase 2 (approximately up to 8.3 months)	The safety set included all participants who received at least 1 dose of any study drug. ||| The safety set included all participants who received at least 1 dose of any study drug.	NUMBER;NUMBER	percentage of participants;percentage of participants	
NCT03829501	alomfilimab 0.8 mg	ctg_results_bor_2018_2021	OG000	SECONDARY	4	3	6;9;11	BOR_DISTRIBUTION;ORR;ORR	RECIST1.1;RECIST1.1+iRECIST;RECIST1.1	BASIS_EXISTS	construct=BOR_DISTRIBUTION|ORR|ORR; assessmentCriteria=RECIST1.1|RECIST1.1+iRECIST|RECIST1.1; timeFrame; populationDescription; unitOfMeasure=participants|percentage of participants|percentage of participants; paramType=COUNT_OF_PARTICIPANTS|NUMBER|NUMBER	6	Best Overall Response (BOR) Per RECIST 1.1	YES	om 9: ORR Per iRECIST	Best Overall Response (BOR) Per RECIST 1.1 ||| ORR Per iRECIST ||| Phase 1: ORR Per RECIST 1.1	From first dose of study treatment (Day 1) up to the end of the long term follow-up, approximately 236 and 162 weeks for Phase 1 and 2, respectively ||| From first dose of study treatment (Day 1) up to the end of the long term follow-up, approximately 236 and 162 weeks for Phase 1 and 2, respectively ||| From first dose of study treatment (Day 1) up to the end of the long term follow-up, approximately 236 weeks	Full Analysis Set: all participants who were allocated to study drug, regardless of treatment ultimately received. ||| Full Analysis Set: all participants who were allocated to study drug, regardless of treatment ultimately received. The number of participants analyzed is inclusive of those with measurable disease at baseline only for the purpose of evaluating ORR. ||| Full Analysis Set: all participants who were allocated to study drug, regardless of treatment ultimately received. Inclusive of participants with measurable disease at baseline only.	COUNT_OF_PARTICIPANTS;NUMBER;NUMBER	participants;percentage of participants;percentage of participants	
NCT03829501	alomfilimab 2.4 mg	ctg_results_bor_2018_2021	OG001	SECONDARY	5	3	6;9;11	BOR_DISTRIBUTION;ORR;ORR	RECIST1.1;RECIST1.1+iRECIST;RECIST1.1	BASIS_EXISTS	construct=BOR_DISTRIBUTION|ORR|ORR; assessmentCriteria=RECIST1.1|RECIST1.1+iRECIST|RECIST1.1; timeFrame; populationDescription; unitOfMeasure=participants|percentage of participants|percentage of participants; paramType=COUNT_OF_PARTICIPANTS|NUMBER|NUMBER	6	Best Overall Response (BOR) Per RECIST 1.1	YES	om 9: ORR Per iRECIST	Best Overall Response (BOR) Per RECIST 1.1 ||| ORR Per iRECIST ||| Phase 1: ORR Per RECIST 1.1	From first dose of study treatment (Day 1) up to the end of the long term follow-up, approximately 236 and 162 weeks for Phase 1 and 2, respectively ||| From first dose of study treatment (Day 1) up to the end of the long term follow-up, approximately 236 and 162 weeks for Phase 1 and 2, respectively ||| From first dose of study treatment (Day 1) up to the end of the long term follow-up, approximately 236 weeks	Full Analysis Set: all participants who were allocated to study drug, regardless of treatment ultimately received. ||| Full Analysis Set: all participants who were allocated to study drug, regardless of treatment ultimately received. The number of participants analyzed is inclusive of those with measurable disease at baseline only for the purpose of evaluating ORR. ||| Full Analysis Set: all participants who were allocated to study drug, regardless of treatment ultimately received. Inclusive of participants with measurable disease at baseline only.	COUNT_OF_PARTICIPANTS;NUMBER;NUMBER	participants;percentage of participants;percentage of participants	
NCT03829501	alomfilimab 24 mg	ctg_results_bor_2018_2021	OG003	SECONDARY	8	3	6;9;11	BOR_DISTRIBUTION;ORR;ORR	RECIST1.1;RECIST1.1+iRECIST;RECIST1.1	BASIS_EXISTS	construct=BOR_DISTRIBUTION|ORR|ORR; assessmentCriteria=RECIST1.1|RECIST1.1+iRECIST|RECIST1.1; timeFrame; populationDescription; unitOfMeasure=participants|percentage of participants|percentage of participants; paramType=COUNT_OF_PARTICIPANTS|NUMBER|NUMBER	6	Best Overall Response (BOR) Per RECIST 1.1	YES	om 9: ORR Per iRECIST	Best Overall Response (BOR) Per RECIST 1.1 ||| ORR Per iRECIST ||| Phase 1: ORR Per RECIST 1.1	From first dose of study treatment (Day 1) up to the end of the long term follow-up, approximately 236 and 162 weeks for Phase 1 and 2, respectively ||| From first dose of study treatment (Day 1) up to the end of the long term follow-up, approximately 236 and 162 weeks for Phase 1 and 2, respectively ||| From first dose of study treatment (Day 1) up to the end of the long term follow-up, approximately 236 weeks	Full Analysis Set: all participants who were allocated to study drug, regardless of treatment ultimately received. ||| Full Analysis Set: all participants who were allocated to study drug, regardless of treatment ultimately received. The number of participants analyzed is inclusive of those with measurable disease at baseline only for the purpose of evaluating ORR. ||| Full Analysis Set: all participants who were allocated to study drug, regardless of treatment ultimately received. Inclusive of participants with measurable disease at baseline only.	COUNT_OF_PARTICIPANTS;NUMBER;NUMBER	participants;percentage of participants;percentage of participants	
NCT03829501	alomfilimab 80 mg	ctg_results_bor_2018_2021	OG004	SECONDARY	7	3	6;9;11	BOR_DISTRIBUTION;ORR;ORR	RECIST1.1;RECIST1.1+iRECIST;RECIST1.1	BASIS_EXISTS	construct=BOR_DISTRIBUTION|ORR|ORR; assessmentCriteria=RECIST1.1|RECIST1.1+iRECIST|RECIST1.1; timeFrame; populationDescription; unitOfMeasure=participants|percentage of participants|percentage of participants; paramType=COUNT_OF_PARTICIPANTS|NUMBER|NUMBER	6	Best Overall Response (BOR) Per RECIST 1.1	YES	om 9: ORR Per iRECIST	Best Overall Response (BOR) Per RECIST 1.1 ||| ORR Per iRECIST ||| Phase 1: ORR Per RECIST 1.1	From first dose of study treatment (Day 1) up to the end of the long term follow-up, approximately 236 and 162 weeks for Phase 1 and 2, respectively ||| From first dose of study treatment (Day 1) up to the end of the long term follow-up, approximately 236 and 162 weeks for Phase 1 and 2, respectively ||| From first dose of study treatment (Day 1) up to the end of the long term follow-up, approximately 236 weeks	Full Analysis Set: all participants who were allocated to study drug, regardless of treatment ultimately received. ||| Full Analysis Set: all participants who were allocated to study drug, regardless of treatment ultimately received. The number of participants analyzed is inclusive of those with measurable disease at baseline only for the purpose of evaluating ORR. ||| Full Analysis Set: all participants who were allocated to study drug, regardless of treatment ultimately received. Inclusive of participants with measurable disease at baseline only.	COUNT_OF_PARTICIPANTS;NUMBER;NUMBER	participants;percentage of participants;percentage of participants	
NCT03829501	alomfilimab 240 mg	ctg_results_bor_2018_2021	OG005	SECONDARY	5	3	6;9;11	BOR_DISTRIBUTION;ORR;ORR	RECIST1.1;RECIST1.1+iRECIST;RECIST1.1	BASIS_EXISTS	construct=BOR_DISTRIBUTION|ORR|ORR; assessmentCriteria=RECIST1.1|RECIST1.1+iRECIST|RECIST1.1; timeFrame; populationDescription; unitOfMeasure=participants|percentage of participants|percentage of participants; paramType=COUNT_OF_PARTICIPANTS|NUMBER|NUMBER	6	Best Overall Response (BOR) Per RECIST 1.1	YES	om 9: ORR Per iRECIST	Best Overall Response (BOR) Per RECIST 1.1 ||| ORR Per iRECIST ||| Phase 1: ORR Per RECIST 1.1	From first dose of study treatment (Day 1) up to the end of the long term follow-up, approximately 236 and 162 weeks for Phase 1 and 2, respectively ||| From first dose of study treatment (Day 1) up to the end of the long term follow-up, approximately 236 and 162 weeks for Phase 1 and 2, respectively ||| From first dose of study treatment (Day 1) up to the end of the long term follow-up, approximately 236 weeks	Full Analysis Set: all participants who were allocated to study drug, regardless of treatment ultimately received. ||| Full Analysis Set: all participants who were allocated to study drug, regardless of treatment ultimately received. The number of participants analyzed is inclusive of those with measurable disease at baseline only for the purpose of evaluating ORR. ||| Full Analysis Set: all participants who were allocated to study drug, regardless of treatment ultimately received. Inclusive of participants with measurable disease at baseline only.	COUNT_OF_PARTICIPANTS;NUMBER;NUMBER	participants;percentage of participants;percentage of participants	
NCT03829501	alomfilimab 8 mg + atezolizumab	ctg_results_bor_2018_2021	OG008	SECONDARY	36	3	6;9;11	BOR_DISTRIBUTION;ORR;ORR	RECIST1.1;RECIST1.1+iRECIST;RECIST1.1	BASIS_EXISTS	construct=BOR_DISTRIBUTION|ORR|ORR; assessmentCriteria=RECIST1.1|RECIST1.1+iRECIST|RECIST1.1; timeFrame; populationDescription; unitOfMeasure=participants|percentage of participants|percentage of participants; paramType=COUNT_OF_PARTICIPANTS|NUMBER|NUMBER	6	Best Overall Response (BOR) Per RECIST 1.1	YES	om 9: ORR Per iRECIST	Best Overall Response (BOR) Per RECIST 1.1 ||| ORR Per iRECIST ||| Phase 1: ORR Per RECIST 1.1	From first dose of study treatment (Day 1) up to the end of the long term follow-up, approximately 236 and 162 weeks for Phase 1 and 2, respectively ||| From first dose of study treatment (Day 1) up to the end of the long term follow-up, approximately 236 and 162 weeks for Phase 1 and 2, respectively ||| From first dose of study treatment (Day 1) up to the end of the long term follow-up, approximately 236 weeks	Full Analysis Set: all participants who were allocated to study drug, regardless of treatment ultimately received. ||| Full Analysis Set: all participants who were allocated to study drug, regardless of treatment ultimately received. The number of participants analyzed is inclusive of those with measurable disease at baseline only for the purpose of evaluating ORR. ||| Full Analysis Set: all participants who were allocated to study drug, regardless of treatment ultimately received. Inclusive of participants with measurable disease at baseline only.	COUNT_OF_PARTICIPANTS;NUMBER;NUMBER	participants;percentage of participants;percentage of participants	
NCT03829501	alomfilimab 24 mg + atezolizumab	ctg_results_bor_2018_2021	OG009	SECONDARY	9	3	6;9;11	BOR_DISTRIBUTION;ORR;ORR	RECIST1.1;RECIST1.1+iRECIST;RECIST1.1	BASIS_EXISTS	construct=BOR_DISTRIBUTION|ORR|ORR; assessmentCriteria=RECIST1.1|RECIST1.1+iRECIST|RECIST1.1; timeFrame; populationDescription; unitOfMeasure=participants|percentage of participants|percentage of participants; paramType=COUNT_OF_PARTICIPANTS|NUMBER|NUMBER	6	Best Overall Response (BOR) Per RECIST 1.1	YES	om 9: ORR Per iRECIST	Best Overall Response (BOR) Per RECIST 1.1 ||| ORR Per iRECIST ||| Phase 1: ORR Per RECIST 1.1	From first dose of study treatment (Day 1) up to the end of the long term follow-up, approximately 236 and 162 weeks for Phase 1 and 2, respectively ||| From first dose of study treatment (Day 1) up to the end of the long term follow-up, approximately 236 and 162 weeks for Phase 1 and 2, respectively ||| From first dose of study treatment (Day 1) up to the end of the long term follow-up, approximately 236 weeks	Full Analysis Set: all participants who were allocated to study drug, regardless of treatment ultimately received. ||| Full Analysis Set: all participants who were allocated to study drug, regardless of treatment ultimately received. The number of participants analyzed is inclusive of those with measurable disease at baseline only for the purpose of evaluating ORR. ||| Full Analysis Set: all participants who were allocated to study drug, regardless of treatment ultimately received. Inclusive of participants with measurable disease at baseline only.	COUNT_OF_PARTICIPANTS;NUMBER;NUMBER	participants;percentage of participants;percentage of participants	
NCT03829501	alomfilimab 80 mg + atezolizumab	ctg_results_bor_2018_2021	OG010	SECONDARY	9	3	6;9;11	BOR_DISTRIBUTION;ORR;ORR	RECIST1.1;RECIST1.1+iRECIST;RECIST1.1	BASIS_EXISTS	construct=BOR_DISTRIBUTION|ORR|ORR; assessmentCriteria=RECIST1.1|RECIST1.1+iRECIST|RECIST1.1; timeFrame; populationDescription; unitOfMeasure=participants|percentage of participants|percentage of participants; paramType=COUNT_OF_PARTICIPANTS|NUMBER|NUMBER	6	Best Overall Response (BOR) Per RECIST 1.1	YES	om 9: ORR Per iRECIST	Best Overall Response (BOR) Per RECIST 1.1 ||| ORR Per iRECIST ||| Phase 1: ORR Per RECIST 1.1	From first dose of study treatment (Day 1) up to the end of the long term follow-up, approximately 236 and 162 weeks for Phase 1 and 2, respectively ||| From first dose of study treatment (Day 1) up to the end of the long term follow-up, approximately 236 and 162 weeks for Phase 1 and 2, respectively ||| From first dose of study treatment (Day 1) up to the end of the long term follow-up, approximately 236 weeks	Full Analysis Set: all participants who were allocated to study drug, regardless of treatment ultimately received. ||| Full Analysis Set: all participants who were allocated to study drug, regardless of treatment ultimately received. The number of participants analyzed is inclusive of those with measurable disease at baseline only for the purpose of evaluating ORR. ||| Full Analysis Set: all participants who were allocated to study drug, regardless of treatment ultimately received. Inclusive of participants with measurable disease at baseline only.	COUNT_OF_PARTICIPANTS;NUMBER;NUMBER	participants;percentage of participants;percentage of participants	
NCT03822117	cohort c: other fgfr mutations or arrangements	ctg_results_bor_2018_2021	OG002	PRIMARY	0	2	0;1	ORR;ORR	RANO+RECIST1.1;RANO+RECIST1.1	BASIS_EXISTS	timeFrame; populationDescription	0	Objective Response Rate (ORR), Defined as the Percentage of Participants With a Best Overall Response of Complete Response (CR) or Partial Response (PR) Based on RECIST v1.1 or RANO, in Participants With FGFR1-3 In-frame Fusions or FGFR2 Arrangements	DEPENDS(no preregistered ordering for this field)		Objective Response Rate (ORR), Defined as the Percentage of Participants With a Best Overall Response of Complete Response (CR) or Partial Response (PR) Based on RECIST v1.1 or RANO, in Participants With FGFR1-3 In-frame Fusions or FGFR2 Arrangements ||| ORR, Defined as the Percentage of Participants With a Best Overall Response of CR or PR Based on RECIST v1.1 or RANO, in Participants With Known or Likely Activating FGFR1-3 Mutations	up to 483 days ||| up to 449 days	Efficacy Evaluable Population: all enrolled participants in Cohorts A, B, and C who received at least 1 dose of pemigatinib. Confidence interval was calculated based on the exact method for binomial distribution. ||| Efficacy Evaluable Population. Confidence interval was calculated based on the exact method for binomial distribution.	NUMBER;NUMBER	percentage of participants;percentage of participants	Participants denominator = 0 for this group
NCT03822117	other	ctg_results_bor_2018_2021	OG003	PRIMARY	0	2	0;1	ORR;ORR	RANO+RECIST1.1;RANO+RECIST1.1	BASIS_EXISTS	timeFrame; populationDescription	0	Objective Response Rate (ORR), Defined as the Percentage of Participants With a Best Overall Response of Complete Response (CR) or Partial Response (PR) Based on RECIST v1.1 or RANO, in Participants With FGFR1-3 In-frame Fusions or FGFR2 Arrangements	DEPENDS(no preregistered ordering for this field)		Objective Response Rate (ORR), Defined as the Percentage of Participants With a Best Overall Response of Complete Response (CR) or Partial Response (PR) Based on RECIST v1.1 or RANO, in Participants With FGFR1-3 In-frame Fusions or FGFR2 Arrangements ||| ORR, Defined as the Percentage of Participants With a Best Overall Response of CR or PR Based on RECIST v1.1 or RANO, in Participants With Known or Likely Activating FGFR1-3 Mutations	up to 483 days ||| up to 449 days	Efficacy Evaluable Population: all enrolled participants in Cohorts A, B, and C who received at least 1 dose of pemigatinib. Confidence interval was calculated based on the exact method for binomial distribution. ||| Efficacy Evaluable Population. Confidence interval was calculated based on the exact method for binomial distribution.	NUMBER;NUMBER	percentage of participants;percentage of participants	Participants denominator = 0 for this group
NCT03599518	ds-1205c 200 mg + gefitinib	ctg_results_bor_2018_2021	OG000	SECONDARY	5	2	2;3	BOR_DISTRIBUTION;DCR	RECIST_unversioned;RECIST1.0	BASIS_EXISTS	construct=BOR_DISTRIBUTION|DCR; assessmentCriteria=RECIST_unversioned|RECIST1.0; populationDescription	2	Number of Participants With Best Overall Response With Confirmation as Assessed by Investigator Following Administration of DS-1205c in Combination With Gefitinib	UNDETERMINED(no ORR-type candidate)		Number of Participants With Best Overall Response With Confirmation as Assessed by Investigator Following Administration of DS-1205c in Combination With Gefitinib ||| Disease Control Rate Assessed by Investigator Following Administration of DS-1205c in Combination With Gefitinib	Screening; Cycle 0 (7-day cycle); Cycle 1 and beyond (21-day cycles), Every 6 weeks (± 7 days) in the first 24 weeks after Day 1 of Cycle 1, and every 12 weeks (± 7 days) thereafter; and end-of-treatment, 30 days after last dose, up to 1 year ||| Screening; Cycle 0 (7-day cycle); Cycle 1 and beyond (21-day cycles), Every 6 weeks (± 7 days) in the first 24 weeks after Day 1 of Cycle 1, and every 12 weeks (± 7 days) thereafter; and end-of-treatment, 30 days after last dose, up to 1 year	Best overall response was assessed in the Full Analysis Set. ||| Disease control rate (DCR) was assessed in the Full Analysis Set.	COUNT_OF_PARTICIPANTS;COUNT_OF_PARTICIPANTS	participants;participants	
NCT03599518	ds-1205c 400 mg + gefitinib	ctg_results_bor_2018_2021	OG001	SECONDARY	4	2	2;3	BOR_DISTRIBUTION;DCR	RECIST_unversioned;RECIST1.0	BASIS_EXISTS	construct=BOR_DISTRIBUTION|DCR; assessmentCriteria=RECIST_unversioned|RECIST1.0; populationDescription	2	Number of Participants With Best Overall Response With Confirmation as Assessed by Investigator Following Administration of DS-1205c in Combination With Gefitinib	UNDETERMINED(no ORR-type candidate)		Number of Participants With Best Overall Response With Confirmation as Assessed by Investigator Following Administration of DS-1205c in Combination With Gefitinib ||| Disease Control Rate Assessed by Investigator Following Administration of DS-1205c in Combination With Gefitinib	Screening; Cycle 0 (7-day cycle); Cycle 1 and beyond (21-day cycles), Every 6 weeks (± 7 days) in the first 24 weeks after Day 1 of Cycle 1, and every 12 weeks (± 7 days) thereafter; and end-of-treatment, 30 days after last dose, up to 1 year ||| Screening; Cycle 0 (7-day cycle); Cycle 1 and beyond (21-day cycles), Every 6 weeks (± 7 days) in the first 24 weeks after Day 1 of Cycle 1, and every 12 weeks (± 7 days) thereafter; and end-of-treatment, 30 days after last dose, up to 1 year	Best overall response was assessed in the Full Analysis Set. ||| Disease control rate (DCR) was assessed in the Full Analysis Set.	COUNT_OF_PARTICIPANTS;COUNT_OF_PARTICIPANTS	participants;participants	
NCT03599518	ds-1205c 800 mg + gefitinib	ctg_results_bor_2018_2021	OG002	SECONDARY	6	2	2;3	BOR_DISTRIBUTION;DCR	RECIST_unversioned;RECIST1.0	BASIS_EXISTS	construct=BOR_DISTRIBUTION|DCR; assessmentCriteria=RECIST_unversioned|RECIST1.0; populationDescription	2	Number of Participants With Best Overall Response With Confirmation as Assessed by Investigator Following Administration of DS-1205c in Combination With Gefitinib	UNDETERMINED(no ORR-type candidate)		Number of Participants With Best Overall Response With Confirmation as Assessed by Investigator Following Administration of DS-1205c in Combination With Gefitinib ||| Disease Control Rate Assessed by Investigator Following Administration of DS-1205c in Combination With Gefitinib	Screening; Cycle 0 (7-day cycle); Cycle 1 and beyond (21-day cycles), Every 6 weeks (± 7 days) in the first 24 weeks after Day 1 of Cycle 1, and every 12 weeks (± 7 days) thereafter; and end-of-treatment, 30 days after last dose, up to 1 year ||| Screening; Cycle 0 (7-day cycle); Cycle 1 and beyond (21-day cycles), Every 6 weeks (± 7 days) in the first 24 weeks after Day 1 of Cycle 1, and every 12 weeks (± 7 days) thereafter; and end-of-treatment, 30 days after last dose, up to 1 year	Best overall response was assessed in the Full Analysis Set. ||| Disease control rate (DCR) was assessed in the Full Analysis Set.	COUNT_OF_PARTICIPANTS;COUNT_OF_PARTICIPANTS	participants;participants	
NCT03599518	ds-1205c 1000 mg + gefitinib	ctg_results_bor_2018_2021	OG003	SECONDARY	1	2	2;3	BOR_DISTRIBUTION;DCR	RECIST_unversioned;RECIST1.0	BASIS_EXISTS	construct=BOR_DISTRIBUTION|DCR; assessmentCriteria=RECIST_unversioned|RECIST1.0; populationDescription	2	Number of Participants With Best Overall Response With Confirmation as Assessed by Investigator Following Administration of DS-1205c in Combination With Gefitinib	UNDETERMINED(no ORR-type candidate)		Number of Participants With Best Overall Response With Confirmation as Assessed by Investigator Following Administration of DS-1205c in Combination With Gefitinib ||| Disease Control Rate Assessed by Investigator Following Administration of DS-1205c in Combination With Gefitinib	Screening; Cycle 0 (7-day cycle); Cycle 1 and beyond (21-day cycles), Every 6 weeks (± 7 days) in the first 24 weeks after Day 1 of Cycle 1, and every 12 weeks (± 7 days) thereafter; and end-of-treatment, 30 days after last dose, up to 1 year ||| Screening; Cycle 0 (7-day cycle); Cycle 1 and beyond (21-day cycles), Every 6 weeks (± 7 days) in the first 24 weeks after Day 1 of Cycle 1, and every 12 weeks (± 7 days) thereafter; and end-of-treatment, 30 days after last dose, up to 1 year	Best overall response was assessed in the Full Analysis Set. ||| Disease control rate (DCR) was assessed in the Full Analysis Set.	COUNT_OF_PARTICIPANTS;COUNT_OF_PARTICIPANTS	participants;participants	
NCT03599518	ds-1205c 1200 mg + gefitinib	ctg_results_bor_2018_2021	OG004	SECONDARY	4	2	2;3	BOR_DISTRIBUTION;DCR	RECIST_unversioned;RECIST1.0	BASIS_EXISTS	construct=BOR_DISTRIBUTION|DCR; assessmentCriteria=RECIST_unversioned|RECIST1.0; populationDescription	2	Number of Participants With Best Overall Response With Confirmation as Assessed by Investigator Following Administration of DS-1205c in Combination With Gefitinib	UNDETERMINED(no ORR-type candidate)		Number of Participants With Best Overall Response With Confirmation as Assessed by Investigator Following Administration of DS-1205c in Combination With Gefitinib ||| Disease Control Rate Assessed by Investigator Following Administration of DS-1205c in Combination With Gefitinib	Screening; Cycle 0 (7-day cycle); Cycle 1 and beyond (21-day cycles), Every 6 weeks (± 7 days) in the first 24 weeks after Day 1 of Cycle 1, and every 12 weeks (± 7 days) thereafter; and end-of-treatment, 30 days after last dose, up to 1 year ||| Screening; Cycle 0 (7-day cycle); Cycle 1 and beyond (21-day cycles), Every 6 weeks (± 7 days) in the first 24 weeks after Day 1 of Cycle 1, and every 12 weeks (± 7 days) thereafter; and end-of-treatment, 30 days after last dose, up to 1 year	Best overall response was assessed in the Full Analysis Set. ||| Disease control rate (DCR) was assessed in the Full Analysis Set.	COUNT_OF_PARTICIPANTS;COUNT_OF_PARTICIPANTS	participants;participants	
NCT04154189	treatment arm a: lenvatinib + ifosfamide + etoposide	ctg_results_bor_2018_2021	OG000	SECONDARY	40	2	5;6	ORR;ORR	RECIST1.1;RECIST1.1	BASIS_EXISTS	timeFrame	5	Objective Response Rate at Month 4 (ORR-4m) by IIR Assessment	DEPENDS(no preregistered ordering for this field)		Objective Response Rate at Month 4 (ORR-4m) by IIR Assessment ||| ORR by IIR Assessment	Month 4 ||| From the date of randomization to the date of the first documentation of CR or PR (up to 20.5 months)	FAS included all randomized participants regardless of the treatment actually received. ||| FAS included all randomized participants regardless of the treatment actually received.	NUMBER;NUMBER	percentage of participants;percentage of participants	
NCT04154189	treatment arm b: ifosfamide + etoposide	ctg_results_bor_2018_2021	OG001	SECONDARY	41	2	5;6	ORR;ORR	RECIST1.1;RECIST1.1	BASIS_EXISTS	timeFrame	5	Objective Response Rate at Month 4 (ORR-4m) by IIR Assessment	DEPENDS(no preregistered ordering for this field)		Objective Response Rate at Month 4 (ORR-4m) by IIR Assessment ||| ORR by IIR Assessment	Month 4 ||| From the date of randomization to the date of the first documentation of CR or PR (up to 20.5 months)	FAS included all randomized participants regardless of the treatment actually received. ||| FAS included all randomized participants regardless of the treatment actually received.	NUMBER;NUMBER	percentage of participants;percentage of participants	
NCT04535401	treatment (elimusertib, folfiri) - dose level -1	ctg_results_bor_2018_2021	OG000	SECONDARY	3	2	11;12	ORR;CBR	RECIST1.1;RECIST1.1	BASIS_EXISTS	construct=ORR|CBR	11	Overall Response Rate (ORR)	NO		Overall Response Rate (ORR) ||| Clinical Benefit Rate (CBR)	Up to 1 year post treatment ||| Up to 1 year post treatment	Treated patients who were radiologically evaluable. ||| Treated patients who were radiologically evaluable.	NUMBER;NUMBER	percentage of patients;percentage of patients	
NCT04535401	treatment (elimusertib, folfiri) - dose level -1b	ctg_results_bor_2018_2021	OG001	SECONDARY	3	2	11;12	ORR;CBR	RECIST1.1;RECIST1.1	BASIS_EXISTS	construct=ORR|CBR	11	Overall Response Rate (ORR)	NO		Overall Response Rate (ORR) ||| Clinical Benefit Rate (CBR)	Up to 1 year post treatment ||| Up to 1 year post treatment	Treated patients who were radiologically evaluable. ||| Treated patients who were radiologically evaluable.	NUMBER;NUMBER	percentage of patients;percentage of patients	
NCT04535401	treatment (elimusertib, folfiri) - dose level 1	ctg_results_bor_2018_2021	OG002	SECONDARY	3	2	11;12	ORR;CBR	RECIST1.1;RECIST1.1	BASIS_EXISTS	construct=ORR|CBR	11	Overall Response Rate (ORR)	NO		Overall Response Rate (ORR) ||| Clinical Benefit Rate (CBR)	Up to 1 year post treatment ||| Up to 1 year post treatment	Treated patients who were radiologically evaluable. ||| Treated patients who were radiologically evaluable.	NUMBER;NUMBER	percentage of patients;percentage of patients	
NCT04535401	treatment (elimusertib, folfiri) - dose level 1b	ctg_results_bor_2018_2021	OG003	SECONDARY	1	2	11;12	ORR;CBR	RECIST1.1;RECIST1.1	BASIS_EXISTS	construct=ORR|CBR	11	Overall Response Rate (ORR)	NO		Overall Response Rate (ORR) ||| Clinical Benefit Rate (CBR)	Up to 1 year post treatment ||| Up to 1 year post treatment	Treated patients who were radiologically evaluable. ||| Treated patients who were radiologically evaluable.	NUMBER;NUMBER	percentage of patients;percentage of patients	
NCT04753658	lorlatinib	ctg_results_bor_2018_2021	OG000	PRIMARY	15	6	3;4;5;6;7;9	ORR;ORR;BOR_DISTRIBUTION;BOR_DISTRIBUTION;ORR;ORR	INRC;none;none;none;none;none	BASIS_EXISTS	construct=ORR|ORR|BOR_DISTRIBUTION|BOR_DISTRIBUTION|ORR|ORR; assessmentCriteria=INRC|none|none|none|none|none; timeFrame; populationDescription; unitOfMeasure=participants|participants|participants|participants|percentage of participants|months; paramType=COUNT_OF_PARTICIPANTS|COUNT_OF_PARTICIPANTS|COUNT_OF_PARTICIPANTS|COUNT_OF_PARTICIPANTS|NUMBER|MEDIAN	3	Number of Participants According to Health Care Professional (HCP) Reported Objective Response	NO		Number of Participants According to Health Care Professional (HCP) Reported Objective Response ||| Number of Participants According to Derived Objective Response ||| Number of Participants With Best Overall Response Based on HCP Reported Objective Response ||| Number of Participants With Best Overall Response Based on Derived Objective Response ||| Overall Response Rate Based on HCP Reported Response ||| Duration of HCP Reported Overall Responses	From start of lorlatinib treatment until CR, PR, MR, SD or PD, up to maximum of 36.2 months of treatment (data was retrieved and evaluated retrospectively during approximately 18 months of this study) ||| From start of lorlatinib treatment until CR, PR, MR, SD or PD, up to maximum of 36.2 months of treatment (data was retrieved and evaluated retrospectively during approximately 18 months of this study) ||| From start of lorlatinib treatment until CR, PR, MR, SD or PD, Up to maximum of 36.2 months of treatment (data was retrieved and evaluated retrospectively during approximately 18 months of this study) ||| From start of lorlatinib treatment until CR, PR, MR, SD or PD, up to maximum of 36.2 months of treatment (data was retrieved and evaluated retrospectively during approximately 18 months of this study) ||| From start of lorlatinib treatment until CR or PR, up to maximum of 36.2 months of treatment (data was retrieved and evaluated retrospectively during approximately 18 months of this study) ||| From date of CR or PR until earliest date of PD or death or censoring date, up to maximum of 36.2 months of treatment (data was retrieved and evaluated retrospectively during approximately 18 months of this study)	All participants for whom data was collected using the data collection tool and observed in this study were included in the analysis. ||| All participants for whom data was collected using the data collection tool and observed in this study were included in the analysis. ||| All participants for whom data was collected using the data collection tool and observed in this study were included in the analysis. ||| All participants for whom data was collected using the data collection tool and observed were included in the analysis. ||| All participants for whom data was collected using the data collection tool and observed in this study were included in the analysis. ||| All participants for whom data was collected using the data collection tool and observed in this study were included in the analysis.	COUNT_OF_PARTICIPANTS;COUNT_OF_PARTICIPANTS;COUNT_OF_PARTICIPANTS;COUNT_OF_PARTICIPANTS;NUMBER;MEDIAN	participants;participants;participants;participants;percentage of participants;months	
NCT04134936	arm a	ctg_results_bor_2018_2021	OG000	SECONDARY	33	2	1;4	ORR;ORR	none;none	BASIS_EXISTS	timeFrame	1	Objective Response Rate (ORR) at the End of Treatment (EOT)	DEPENDS(no preregistered ordering for this field)		Objective Response Rate (ORR) at the End of Treatment (EOT) ||| Best Objective Response Rate (ORR) Until the End of Study (EOS)	6 months approximately ||| 24 months approximately	(empty) ||| (empty)	COUNT_OF_PARTICIPANTS;COUNT_OF_PARTICIPANTS	participants;participants	
NCT04134936	arm b	ctg_results_bor_2018_2021	OG001	SECONDARY	33	2	1;4	ORR;ORR	none;none	BASIS_EXISTS	timeFrame	1	Objective Response Rate (ORR) at the End of Treatment (EOT)	DEPENDS(no preregistered ordering for this field)		Objective Response Rate (ORR) at the End of Treatment (EOT) ||| Best Objective Response Rate (ORR) Until the End of Study (EOS)	6 months approximately ||| 24 months approximately	(empty) ||| (empty)	COUNT_OF_PARTICIPANTS;COUNT_OF_PARTICIPANTS	participants;participants	
NCT04238819	part a cohort a1	ctg_results_bor_2018_2021	OG000	SECONDARY	7	3	12;16;18	ORR;CBR;DCR	RANO;RANO;RANO	BASIS_EXISTS	construct=ORR|CBR|DCR; timeFrame	12	Percentage of Participants With Overall Response Rate (ORR): Part A	NO		Percentage of Participants With Overall Response Rate (ORR): Part A ||| Percentage of Participants With Clinical Benefit Rate (CBR): Part A ||| Percentage of Participants With Disease Control Rate (DCR): Part A	Date of first dose to disease progression or death (Up to 25 Months) ||| Date of first dose to disease progression or death due to any cause (Up to 25 Months) ||| Date of first dose to measured progressive disease (Up to 25 Months)	All participants in Part A who received at least one dose of the study drug and had evaluable data for this outcome. Per pre-specified statistical analysis plan, analysis was performed as per the study treatments received. ||| All participants in Part A who received at least one dose of the study drug and had evaluable data for this outcome. Per pre-specified statistical analysis plan, analysis was performed as per the study treatments received. ||| All participants in Part A who received at least one dose of the study drug and had evaluable data for this outcome. Per pre-specified statistical analysis plan, analysis was performed as per the study treatments received.	NUMBER;NUMBER;NUMBER	percentage of participants;percentage of participants;percentage of participants	
NCT04238819	part a cohort a-1	ctg_results_bor_2018_2021	OG001	SECONDARY	13	3	12;16;18	ORR;CBR;DCR	RANO;RANO;RANO	BASIS_EXISTS	construct=ORR|CBR|DCR; timeFrame	12	Percentage of Participants With Overall Response Rate (ORR): Part A	NO		Percentage of Participants With Overall Response Rate (ORR): Part A ||| Percentage of Participants With Clinical Benefit Rate (CBR): Part A ||| Percentage of Participants With Disease Control Rate (DCR): Part A	Date of first dose to disease progression or death (Up to 25 Months) ||| Date of first dose to disease progression or death due to any cause (Up to 25 Months) ||| Date of first dose to measured progressive disease (Up to 25 Months)	All participants in Part A who received at least one dose of the study drug and had evaluable data for this outcome. Per pre-specified statistical analysis plan, analysis was performed as per the study treatments received. ||| All participants in Part A who received at least one dose of the study drug and had evaluable data for this outcome. Per pre-specified statistical analysis plan, analysis was performed as per the study treatments received. ||| All participants in Part A who received at least one dose of the study drug and had evaluable data for this outcome. Per pre-specified statistical analysis plan, analysis was performed as per the study treatments received.	NUMBER;NUMBER;NUMBER	percentage of participants;percentage of participants;percentage of participants	
NCT04524689	tusamitamab ravtansine 150 mg/m^2 + pembrolizumab + cisplatin/carboplatin	ctg_results_bor_2018_2021	OG002	SECONDARY	6	2	5;7	DCR;ORR	RECIST1.1;RECIST1.1	BASIS_EXISTS	construct=DCR|ORR; timeFrame; populationDescription	5	All Cohorts: Disease Control Rate (DCR)	YES	om 7: Triplet Cohort: Objective Response Rate	All Cohorts: Disease Control Rate (DCR) ||| Triplet Cohort: Objective Response Rate	Tumor assessments performed at baseline, then every 6 weeks for first 24 weeks, and every 9 weeks thereafter, approximately 158.4 weeks (doublet), 113 weeks (triplet), and 139.9 weeks (quadruplet) ||| Tumor assessments performed at baseline, then every 6 weeks for first 24 weeks, and every 9 weeks thereafter, approximately 113 weeks	All-treated population included all participants assigned to study treatment and who actually received at least 1 dose of study treatment. Data is reported for Part A (doublet cohort), Part B (triplet cohort) and Part C (quadruplet cohort) at both tusamitamab ravtansine doses. ||| All-treated population included all participants assigned to study treatment and who actually received at least 1 dose of study treatment. Data is reported for Part B (triplet cohort) at both tusamitamab ravtansine doses.	NUMBER;NUMBER	percentage of participants;percentage of participants	
NCT04524689	tusamitamab ravtansine 170 mg/m^2 + pembrolizumab + cisplatin/carboplatin	ctg_results_bor_2018_2021	OG003	SECONDARY	1	2	5;7	DCR;ORR	RECIST1.1;RECIST1.1	BASIS_EXISTS	construct=DCR|ORR; timeFrame; populationDescription	5	All Cohorts: Disease Control Rate (DCR)	YES	om 7: Triplet Cohort: Objective Response Rate	All Cohorts: Disease Control Rate (DCR) ||| Triplet Cohort: Objective Response Rate	Tumor assessments performed at baseline, then every 6 weeks for first 24 weeks, and every 9 weeks thereafter, approximately 158.4 weeks (doublet), 113 weeks (triplet), and 139.9 weeks (quadruplet) ||| Tumor assessments performed at baseline, then every 6 weeks for first 24 weeks, and every 9 weeks thereafter, approximately 113 weeks	All-treated population included all participants assigned to study treatment and who actually received at least 1 dose of study treatment. Data is reported for Part A (doublet cohort), Part B (triplet cohort) and Part C (quadruplet cohort) at both tusamitamab ravtansine doses. ||| All-treated population included all participants assigned to study treatment and who actually received at least 1 dose of study treatment. Data is reported for Part B (triplet cohort) at both tusamitamab ravtansine doses.	NUMBER;NUMBER	percentage of participants;percentage of participants	
NCT04099888	pci treatment in conjunction with standard of care (soc)	ctg_results_bor_2018_2021	OG000	SECONDARY	19	3	2;3;5	BOR_DISTRIBUTION;ORR;DCR	RECIST1.1;RECIST1.1;RECIST1.1	BASIS_EXISTS	construct=BOR_DISTRIBUTION|ORR|DCR; timeFrame	2	Best Overall Response (BOR)	YES	om 3: Objective Response Rate (ORR)	Best Overall Response (BOR) ||| Objective Response Rate (ORR) ||| Overall Disease Control Rate (DCR)	Up to 18 months ||| Up to 18 months ||| 6 months and 12 months	Modified intent-to-treat (mITT) analysis set (all randomized participants who received at least 1 dose of study treatment and had a RECIST assessment at baseline). ||| Modified intent-to-treat (mITT) analysis set (all randomized participants who received at least 1 dose of study treatment and had a RECIST assessment at baseline). ||| Modified intent-to-treat (mITT) analysis set (all randomized participants who received at least 1 dose of study treatment and had a RECIST assessment at baseline).	COUNT_OF_PARTICIPANTS;COUNT_OF_PARTICIPANTS;COUNT_OF_PARTICIPANTS	participants;participants;participants	
NCT04099888	standard of care (soc)	ctg_results_bor_2018_2021	OG001	SECONDARY	15	3	2;3;5	BOR_DISTRIBUTION;ORR;DCR	RECIST1.1;RECIST1.1;RECIST1.1	BASIS_EXISTS	construct=BOR_DISTRIBUTION|ORR|DCR; timeFrame	2	Best Overall Response (BOR)	YES	om 3: Objective Response Rate (ORR)	Best Overall Response (BOR) ||| Objective Response Rate (ORR) ||| Overall Disease Control Rate (DCR)	Up to 18 months ||| Up to 18 months ||| 6 months and 12 months	Modified intent-to-treat (mITT) analysis set (all randomized participants who received at least 1 dose of study treatment and had a RECIST assessment at baseline). ||| Modified intent-to-treat (mITT) analysis set (all randomized participants who received at least 1 dose of study treatment and had a RECIST assessment at baseline). ||| Modified intent-to-treat (mITT) analysis set (all randomized participants who received at least 1 dose of study treatment and had a RECIST assessment at baseline).	COUNT_OF_PARTICIPANTS;COUNT_OF_PARTICIPANTS;COUNT_OF_PARTICIPANTS	participants;participants;participants	
NCT03665285	nc318 8mg	ctg_results_bor_2018_2021	OG000	SECONDARY	4	2	1;3	ORR;DCR	RECIST_unversioned;RECIST_unversioned	BASIS_EXISTS	construct=ORR|DCR	1	Objective Response Rate (ORR) as Assessed by Response Evaluation Criteria in Solid Tumors (RECIST) v1.1	NO		Objective Response Rate (ORR) as Assessed by Response Evaluation Criteria in Solid Tumors (RECIST) v1.1 ||| Disease Control Rate (DCR) as Assessed by Response Evaluation Criteria in Solid Tumors (RECIST) v1.1	Approximately 1 year ||| Approximately 1 year	The full analysis set (FAS) includes all subjects enrolled in the study who received at least one full dose of NC318. ||| The full analysis set (FAS) includes all subjects enrolled in the study who received at least one full dose of NC318.	COUNT_OF_PARTICIPANTS;COUNT_OF_PARTICIPANTS	participants;participants	
NCT03665285	nc318 24mg	ctg_results_bor_2018_2021	OG001	SECONDARY	4	2	1;3	ORR;DCR	RECIST_unversioned;RECIST_unversioned	BASIS_EXISTS	construct=ORR|DCR	1	Objective Response Rate (ORR) as Assessed by Response Evaluation Criteria in Solid Tumors (RECIST) v1.1	NO		Objective Response Rate (ORR) as Assessed by Response Evaluation Criteria in Solid Tumors (RECIST) v1.1 ||| Disease Control Rate (DCR) as Assessed by Response Evaluation Criteria in Solid Tumors (RECIST) v1.1	Approximately 1 year ||| Approximately 1 year	The full analysis set (FAS) includes all subjects enrolled in the study who received at least one full dose of NC318. ||| The full analysis set (FAS) includes all subjects enrolled in the study who received at least one full dose of NC318.	COUNT_OF_PARTICIPANTS;COUNT_OF_PARTICIPANTS	participants;participants	
NCT03665285	nc318 80mg	ctg_results_bor_2018_2021	OG002	SECONDARY	10	2	1;3	ORR;DCR	RECIST_unversioned;RECIST_unversioned	BASIS_EXISTS	construct=ORR|DCR	1	Objective Response Rate (ORR) as Assessed by Response Evaluation Criteria in Solid Tumors (RECIST) v1.1	NO		Objective Response Rate (ORR) as Assessed by Response Evaluation Criteria in Solid Tumors (RECIST) v1.1 ||| Disease Control Rate (DCR) as Assessed by Response Evaluation Criteria in Solid Tumors (RECIST) v1.1	Approximately 1 year ||| Approximately 1 year	The full analysis set (FAS) includes all subjects enrolled in the study who received at least one full dose of NC318. ||| The full analysis set (FAS) includes all subjects enrolled in the study who received at least one full dose of NC318.	COUNT_OF_PARTICIPANTS;COUNT_OF_PARTICIPANTS	participants;participants	
NCT03665285	nc318 240mg	ctg_results_bor_2018_2021	OG003	SECONDARY	12	2	1;3	ORR;DCR	RECIST_unversioned;RECIST_unversioned	BASIS_EXISTS	construct=ORR|DCR	1	Objective Response Rate (ORR) as Assessed by Response Evaluation Criteria in Solid Tumors (RECIST) v1.1	NO		Objective Response Rate (ORR) as Assessed by Response Evaluation Criteria in Solid Tumors (RECIST) v1.1 ||| Disease Control Rate (DCR) as Assessed by Response Evaluation Criteria in Solid Tumors (RECIST) v1.1	Approximately 1 year ||| Approximately 1 year	The full analysis set (FAS) includes all subjects enrolled in the study who received at least one full dose of NC318. ||| The full analysis set (FAS) includes all subjects enrolled in the study who received at least one full dose of NC318.	COUNT_OF_PARTICIPANTS;COUNT_OF_PARTICIPANTS	participants;participants	
NCT03665285	nc318 400mg	ctg_results_bor_2018_2021	OG004	SECONDARY	11	2	1;3	ORR;DCR	RECIST_unversioned;RECIST_unversioned	BASIS_EXISTS	construct=ORR|DCR	1	Objective Response Rate (ORR) as Assessed by Response Evaluation Criteria in Solid Tumors (RECIST) v1.1	NO		Objective Response Rate (ORR) as Assessed by Response Evaluation Criteria in Solid Tumors (RECIST) v1.1 ||| Disease Control Rate (DCR) as Assessed by Response Evaluation Criteria in Solid Tumors (RECIST) v1.1	Approximately 1 year ||| Approximately 1 year	The full analysis set (FAS) includes all subjects enrolled in the study who received at least one full dose of NC318. ||| The full analysis set (FAS) includes all subjects enrolled in the study who received at least one full dose of NC318.	COUNT_OF_PARTICIPANTS;COUNT_OF_PARTICIPANTS	participants;participants	
NCT03665285	nc318 800mg	ctg_results_bor_2018_2021	OG005	SECONDARY	4	2	1;3	ORR;DCR	RECIST_unversioned;RECIST_unversioned	BASIS_EXISTS	construct=ORR|DCR	1	Objective Response Rate (ORR) as Assessed by Response Evaluation Criteria in Solid Tumors (RECIST) v1.1	NO		Objective Response Rate (ORR) as Assessed by Response Evaluation Criteria in Solid Tumors (RECIST) v1.1 ||| Disease Control Rate (DCR) as Assessed by Response Evaluation Criteria in Solid Tumors (RECIST) v1.1	Approximately 1 year ||| Approximately 1 year	The full analysis set (FAS) includes all subjects enrolled in the study who received at least one full dose of NC318. ||| The full analysis set (FAS) includes all subjects enrolled in the study who received at least one full dose of NC318.	COUNT_OF_PARTICIPANTS;COUNT_OF_PARTICIPANTS	participants;participants	
NCT03665285	nc318 1600mg	ctg_results_bor_2018_2021	OG006	SECONDARY	4	2	1;3	ORR;DCR	RECIST_unversioned;RECIST_unversioned	BASIS_EXISTS	construct=ORR|DCR	1	Objective Response Rate (ORR) as Assessed by Response Evaluation Criteria in Solid Tumors (RECIST) v1.1	NO		Objective Response Rate (ORR) as Assessed by Response Evaluation Criteria in Solid Tumors (RECIST) v1.1 ||| Disease Control Rate (DCR) as Assessed by Response Evaluation Criteria in Solid Tumors (RECIST) v1.1	Approximately 1 year ||| Approximately 1 year	The full analysis set (FAS) includes all subjects enrolled in the study who received at least one full dose of NC318. ||| The full analysis set (FAS) includes all subjects enrolled in the study who received at least one full dose of NC318.	COUNT_OF_PARTICIPANTS;COUNT_OF_PARTICIPANTS	participants;participants	
NCT03665285	dose expansion: 400mg q2w	ctg_results_bor_2018_2021	OG007	SECONDARY	47	2	1;3	ORR;DCR	RECIST_unversioned;RECIST_unversioned	BASIS_EXISTS	construct=ORR|DCR	1	Objective Response Rate (ORR) as Assessed by Response Evaluation Criteria in Solid Tumors (RECIST) v1.1	NO		Objective Response Rate (ORR) as Assessed by Response Evaluation Criteria in Solid Tumors (RECIST) v1.1 ||| Disease Control Rate (DCR) as Assessed by Response Evaluation Criteria in Solid Tumors (RECIST) v1.1	Approximately 1 year ||| Approximately 1 year	The full analysis set (FAS) includes all subjects enrolled in the study who received at least one full dose of NC318. ||| The full analysis set (FAS) includes all subjects enrolled in the study who received at least one full dose of NC318.	COUNT_OF_PARTICIPANTS;COUNT_OF_PARTICIPANTS	participants;participants	
NCT03665285	dose expansion: 800mg qw	ctg_results_bor_2018_2021	OG008	SECONDARY	13	2	1;3	ORR;DCR	RECIST_unversioned;RECIST_unversioned	BASIS_EXISTS	construct=ORR|DCR	1	Objective Response Rate (ORR) as Assessed by Response Evaluation Criteria in Solid Tumors (RECIST) v1.1	NO		Objective Response Rate (ORR) as Assessed by Response Evaluation Criteria in Solid Tumors (RECIST) v1.1 ||| Disease Control Rate (DCR) as Assessed by Response Evaluation Criteria in Solid Tumors (RECIST) v1.1	Approximately 1 year ||| Approximately 1 year	The full analysis set (FAS) includes all subjects enrolled in the study who received at least one full dose of NC318. ||| The full analysis set (FAS) includes all subjects enrolled in the study who received at least one full dose of NC318.	COUNT_OF_PARTICIPANTS;COUNT_OF_PARTICIPANTS	participants;participants	
NCT04702737	tarlatamab dose expansion	ctg_results_bor_2018_2021	OG000	SECONDARY	25	2	3;7	ORR;DCR	PCWG+RECIST1.1;PCWG+RECIST1.1	BASIS_EXISTS	construct=ORR|DCR	3	Objective Response Rate (ORR)	NO		Objective Response Rate (ORR) ||| Disease Control Rate (DCR)	Up to approximately 3 years ||| Up to approximately 3 years	Evaluable by Central Reviewer Analysis Set: all participants who were enrolled, received at least 1 dose of tarlatamab, had measurable baseline disease per RECIST 1.1 with PCWG3 modifications as assessed by a central reviewer. ||| Evaluable by Central Reviewer Analysis Set: all participants who were enrolled, received at least 1 dose of tarlatamab, had measurable baseline disease per RECIST 1.1 with PCWG3 modifications as assessed by a central reviewer.	NUMBER;NUMBER	percentage of participants;percentage of participants	
NCT05004350	randomized phase: enco + cetux	ctg_results_bor_2018_2021	OG000	SECONDARY	65	2	26;30	ORR;DCR	RECIST_unversioned;RECIST1.1	BASIS_EXISTS	construct=ORR|DCR; assessmentCriteria=RECIST_unversioned|RECIST1.1	26	Randomized Phase 2: Confirmed Objective Response Rate (cORR) in ENCO + CETUX Arm vs Control Arm Per BICR	NO		Randomized Phase 2: Confirmed Objective Response Rate (cORR) in ENCO + CETUX Arm vs Control Arm Per BICR ||| Randomized Phase 2: Confirmed Disease Control Rate (cDCR) in ENCO + CETUX Arm vs Control Arm Per BICR	Every 6 weeks (± 7 days) from first dose for the first 24 week, then every 12 weeks (± 7 days) until 30 days safety follow-up, with a maximum treatment exposure of 116 weeks ||| Every 6 weeks (± 7 days) from first dose for the first 24 week, then every 12 weeks (± 7 days) until 30 days safety follow-up, with a maximum treatment exposure of 116 weeks	The Full Analysis Set consisted of all randomized participants who received at least one dose of study intervention. ||| The Full Analysis Set consisted of all randomized participants who received at least one dose of study intervention.	NUMBER;NUMBER	percentage of participants;percentage of participants	
NCT05004350	randomized phase: control arm	ctg_results_bor_2018_2021	OG001	SECONDARY	32	2	26;30	ORR;DCR	RECIST_unversioned;RECIST1.1	BASIS_EXISTS	construct=ORR|DCR; assessmentCriteria=RECIST_unversioned|RECIST1.1	26	Randomized Phase 2: Confirmed Objective Response Rate (cORR) in ENCO + CETUX Arm vs Control Arm Per BICR	NO		Randomized Phase 2: Confirmed Objective Response Rate (cORR) in ENCO + CETUX Arm vs Control Arm Per BICR ||| Randomized Phase 2: Confirmed Disease Control Rate (cDCR) in ENCO + CETUX Arm vs Control Arm Per BICR	Every 6 weeks (± 7 days) from first dose for the first 24 week, then every 12 weeks (± 7 days) until 30 days safety follow-up, with a maximum treatment exposure of 116 weeks ||| Every 6 weeks (± 7 days) from first dose for the first 24 week, then every 12 weeks (± 7 days) until 30 days safety follow-up, with a maximum treatment exposure of 116 weeks	The Full Analysis Set consisted of all randomized participants who received at least one dose of study intervention. ||| The Full Analysis Set consisted of all randomized participants who received at least one dose of study intervention.	NUMBER;NUMBER	percentage of participants;percentage of participants	
NCT04816214	randomized part: capmatinib + osimertinib	ctg_results_bor_2018_2021	OG000	SECONDARY	0	3	16;17;34	ORR;RESPONSE_RATE_UNQUALIFIED;DCR	RECIST1.1;RANO;RANO	BASIS_EXISTS	construct=ORR|RESPONSE_RATE_UNQUALIFIED|DCR; assessmentCriteria=RECIST1.1|RANO|RANO	16	Randomized Part: Overall Response Rate (ORR) as Per BIRC Assessment	NO		Randomized Part: Overall Response Rate (ORR) as Per BIRC Assessment ||| Randomized Part: Overall Intracranial Response Rate (OIRR) as Per BIRC Assessment ||| Randomized Part: Intracranial Disease Control Rate (IDCR) Based on BIRC	Planned to be assessed up to 37 months ||| Planned to be assessed up to 37 months ||| Planned to be assessed up to 37 months	Due to early study termination, the randomized part of the study was not conducted. Hence the data was not collected for the outcome measures in the randomized part of the study. ||| Due to early study termination, the randomized part of the study was not conducted. Hence the data was not collected for the outcome measures in the randomized part of the study. ||| Due to early study termination, the randomized part of the study was not conducted. Hence the data was not collected for the outcome measures in the randomized part of the study.	None;None;None	;;	Participants denominator = 0 for this group
NCT04816214	randomized part: platinum + pemetrexed based doublet chemotherapy	ctg_results_bor_2018_2021	OG001	SECONDARY	0	3	16;17;34	ORR;RESPONSE_RATE_UNQUALIFIED;DCR	RECIST1.1;RANO;RANO	BASIS_EXISTS	construct=ORR|RESPONSE_RATE_UNQUALIFIED|DCR; assessmentCriteria=RECIST1.1|RANO|RANO	16	Randomized Part: Overall Response Rate (ORR) as Per BIRC Assessment	NO		Randomized Part: Overall Response Rate (ORR) as Per BIRC Assessment ||| Randomized Part: Overall Intracranial Response Rate (OIRR) as Per BIRC Assessment ||| Randomized Part: Intracranial Disease Control Rate (IDCR) Based on BIRC	Planned to be assessed up to 37 months ||| Planned to be assessed up to 37 months ||| Planned to be assessed up to 37 months	Due to early study termination, the randomized part of the study was not conducted. Hence the data was not collected for the outcome measures in the randomized part of the study. ||| Due to early study termination, the randomized part of the study was not conducted. Hence the data was not collected for the outcome measures in the randomized part of the study. ||| Due to early study termination, the randomized part of the study was not conducted. Hence the data was not collected for the outcome measures in the randomized part of the study.	None;None;None	;;	Participants denominator = 0 for this group
NCT03773107	phase i 5mg ruxolitinib	ctg_results_bor_2018_2021	OG000	SECONDARY	5	2	1;3	ORR;DCR	IMWG;none	BASIS_EXISTS	construct=ORR|DCR; assessmentCriteria=IMWG|none; populationDescription	1	Objective Response Rate (ORR)	NO		Objective Response Rate (ORR) ||| Disease Control Rate	Approximately 180 days after treatment start (disease assessment occurred after every 28-day cycle) ||| Approximately 180 days after treatment start (disease assessment occurred after every 28-day cycle)	Participants who initiate protocol-directed therapy and have measurable disease at baseline. ||| Number of participants who achieved a disease response of stables disease or better and maintained the response for at least 8 weeks.	NUMBER;NUMBER	participants;participants	
NCT03773107	phase i 10 mg ruxolitinib	ctg_results_bor_2018_2021	OG001	SECONDARY	4	3	1;2;3	ORR;CBR;DCR	IMWG;IMWG;none	BASIS_EXISTS	construct=ORR|CBR|DCR; assessmentCriteria=IMWG|IMWG|none; populationDescription	1	Objective Response Rate (ORR)	NO		Objective Response Rate (ORR) ||| Clinical Benefit Rate ||| Disease Control Rate	Approximately 180 days after treatment start (disease assessment occurred after every 28-day cycle) ||| Approximately 180 days after treatment start (disease assessment occurred after every 28-day cycle) ||| Approximately 180 days after treatment start (disease assessment occurred after every 28-day cycle)	Participants who initiate protocol-directed therapy and have measurable disease at baseline. ||| Participants who initiate protocol-directed therapy and have measurable disease at baseline. ||| Number of participants who achieved a disease response of stables disease or better and maintained the response for at least 8 weeks.	NUMBER;NUMBER;NUMBER	participants;participants;participants	
NCT03773107	phase i 15 mg ruxolitinib	ctg_results_bor_2018_2021	OG002	SECONDARY	3	2	2;3	CBR;DCR	IMWG;none	BASIS_EXISTS	construct=CBR|DCR; assessmentCriteria=IMWG|none; populationDescription	2	Clinical Benefit Rate	UNDETERMINED(no ORR-type candidate)		Clinical Benefit Rate ||| Disease Control Rate	Approximately 180 days after treatment start (disease assessment occurred after every 28-day cycle) ||| Approximately 180 days after treatment start (disease assessment occurred after every 28-day cycle)	Participants who initiate protocol-directed therapy and have measurable disease at baseline. ||| Number of participants who achieved a disease response of stables disease or better and maintained the response for at least 8 weeks.	NUMBER;NUMBER	participants;participants	
NCT04764474	cohort 1: hmpl-306 dose level 1	ctg_results_bor_2018_2021	OG000	SECONDARY	3	2	4;7	ORR;CBR	none;none	BASIS_EXISTS	construct=ORR|CBR	4	Objective Response Rate (ORR)	NO		Objective Response Rate (ORR) ||| Clinical Benefit Rate (CBR)	Tumor assessments performed every 8 weeks (+/-7 days) for the first 24 weeks and every 12 weeks (+/-14 days) thereafter until end of treatment, or end of efficacy follow-up period, approximately 45 months ||| Tumor assessments performed every 8 weeks (+/-7 days) for the first 24 weeks and every 12 weeks (+/-14 days) thereafter until end of treatment, or end of efficacy follow-up period, approximately 45 months	The efficacy analysis set included all enrolled patients who received at least 1 dose of study drug from Cycle 1 Day 1 in continuous cycle (i.e., excluding single oral dose from the PK week for the dose escalation part). As only 1 patient was enrolled in dose expansion part, all data of patient were pooled in dose escalation part at Dose Level 8 cohort (Cohort 8) for the data analysis. Thus, no separate arm was created for dose expansion part. ||| The efficacy analysis set included all enrolled patients who received at least 1 dose of study drug from Cycle 1 Day 1 in continuous cycle (i.e., excluding single oral dose from the PK week for the dose escalation part). As only 1 patient was enrolled in dose expansion part, all data of patient were pooled in dose escalation part at Dose Level 8 cohort (Cohort 8) for the data analysis. Thus, no separate arm was created for dose expansion part.	NUMBER;NUMBER	percentage of patients;percentage of patients	
NCT04764474	cohort 2: hmpl-306 dose level 2	ctg_results_bor_2018_2021	OG001	SECONDARY	3	2	4;7	ORR;CBR	none;none	BASIS_EXISTS	construct=ORR|CBR	4	Objective Response Rate (ORR)	NO		Objective Response Rate (ORR) ||| Clinical Benefit Rate (CBR)	Tumor assessments performed every 8 weeks (+/-7 days) for the first 24 weeks and every 12 weeks (+/-14 days) thereafter until end of treatment, or end of efficacy follow-up period, approximately 45 months ||| Tumor assessments performed every 8 weeks (+/-7 days) for the first 24 weeks and every 12 weeks (+/-14 days) thereafter until end of treatment, or end of efficacy follow-up period, approximately 45 months	The efficacy analysis set included all enrolled patients who received at least 1 dose of study drug from Cycle 1 Day 1 in continuous cycle (i.e., excluding single oral dose from the PK week for the dose escalation part). As only 1 patient was enrolled in dose expansion part, all data of patient were pooled in dose escalation part at Dose Level 8 cohort (Cohort 8) for the data analysis. Thus, no separate arm was created for dose expansion part. ||| The efficacy analysis set included all enrolled patients who received at least 1 dose of study drug from Cycle 1 Day 1 in continuous cycle (i.e., excluding single oral dose from the PK week for the dose escalation part). As only 1 patient was enrolled in dose expansion part, all data of patient were pooled in dose escalation part at Dose Level 8 cohort (Cohort 8) for the data analysis. Thus, no separate arm was created for dose expansion part.	NUMBER;NUMBER	percentage of patients;percentage of patients	
NCT04764474	cohort 3: hmpl-306 dose level 3	ctg_results_bor_2018_2021	OG002	SECONDARY	10	2	4;7	ORR;CBR	none;none	BASIS_EXISTS	construct=ORR|CBR	4	Objective Response Rate (ORR)	NO		Objective Response Rate (ORR) ||| Clinical Benefit Rate (CBR)	Tumor assessments performed every 8 weeks (+/-7 days) for the first 24 weeks and every 12 weeks (+/-14 days) thereafter until end of treatment, or end of efficacy follow-up period, approximately 45 months ||| Tumor assessments performed every 8 weeks (+/-7 days) for the first 24 weeks and every 12 weeks (+/-14 days) thereafter until end of treatment, or end of efficacy follow-up period, approximately 45 months	The efficacy analysis set included all enrolled patients who received at least 1 dose of study drug from Cycle 1 Day 1 in continuous cycle (i.e., excluding single oral dose from the PK week for the dose escalation part). As only 1 patient was enrolled in dose expansion part, all data of patient were pooled in dose escalation part at Dose Level 8 cohort (Cohort 8) for the data analysis. Thus, no separate arm was created for dose expansion part. ||| The efficacy analysis set included all enrolled patients who received at least 1 dose of study drug from Cycle 1 Day 1 in continuous cycle (i.e., excluding single oral dose from the PK week for the dose escalation part). As only 1 patient was enrolled in dose expansion part, all data of patient were pooled in dose escalation part at Dose Level 8 cohort (Cohort 8) for the data analysis. Thus, no separate arm was created for dose expansion part.	NUMBER;NUMBER	percentage of patients;percentage of patients	
NCT04764474	cohort 4: hmpl-306 dose level 4	ctg_results_bor_2018_2021	OG003	SECONDARY	5	2	4;7	ORR;CBR	none;none	BASIS_EXISTS	construct=ORR|CBR	4	Objective Response Rate (ORR)	NO		Objective Response Rate (ORR) ||| Clinical Benefit Rate (CBR)	Tumor assessments performed every 8 weeks (+/-7 days) for the first 24 weeks and every 12 weeks (+/-14 days) thereafter until end of treatment, or end of efficacy follow-up period, approximately 45 months ||| Tumor assessments performed every 8 weeks (+/-7 days) for the first 24 weeks and every 12 weeks (+/-14 days) thereafter until end of treatment, or end of efficacy follow-up period, approximately 45 months	The efficacy analysis set included all enrolled patients who received at least 1 dose of study drug from Cycle 1 Day 1 in continuous cycle (i.e., excluding single oral dose from the PK week for the dose escalation part). As only 1 patient was enrolled in dose expansion part, all data of patient were pooled in dose escalation part at Dose Level 8 cohort (Cohort 8) for the data analysis. Thus, no separate arm was created for dose expansion part. ||| The efficacy analysis set included all enrolled patients who received at least 1 dose of study drug from Cycle 1 Day 1 in continuous cycle (i.e., excluding single oral dose from the PK week for the dose escalation part). As only 1 patient was enrolled in dose expansion part, all data of patient were pooled in dose escalation part at Dose Level 8 cohort (Cohort 8) for the data analysis. Thus, no separate arm was created for dose expansion part.	NUMBER;NUMBER	percentage of patients;percentage of patients	
NCT04764474	cohort 5: hmpl-306 dose level 5	ctg_results_bor_2018_2021	OG004	SECONDARY	5	2	4;7	ORR;CBR	none;none	BASIS_EXISTS	construct=ORR|CBR	4	Objective Response Rate (ORR)	NO		Objective Response Rate (ORR) ||| Clinical Benefit Rate (CBR)	Tumor assessments performed every 8 weeks (+/-7 days) for the first 24 weeks and every 12 weeks (+/-14 days) thereafter until end of treatment, or end of efficacy follow-up period, approximately 45 months ||| Tumor assessments performed every 8 weeks (+/-7 days) for the first 24 weeks and every 12 weeks (+/-14 days) thereafter until end of treatment, or end of efficacy follow-up period, approximately 45 months	The efficacy analysis set included all enrolled patients who received at least 1 dose of study drug from Cycle 1 Day 1 in continuous cycle (i.e., excluding single oral dose from the PK week for the dose escalation part). As only 1 patient was enrolled in dose expansion part, all data of patient were pooled in dose escalation part at Dose Level 8 cohort (Cohort 8) for the data analysis. Thus, no separate arm was created for dose expansion part. ||| The efficacy analysis set included all enrolled patients who received at least 1 dose of study drug from Cycle 1 Day 1 in continuous cycle (i.e., excluding single oral dose from the PK week for the dose escalation part). As only 1 patient was enrolled in dose expansion part, all data of patient were pooled in dose escalation part at Dose Level 8 cohort (Cohort 8) for the data analysis. Thus, no separate arm was created for dose expansion part.	NUMBER;NUMBER	percentage of patients;percentage of patients	
NCT04764474	cohort 6: hmpl-306 dose level 6	ctg_results_bor_2018_2021	OG005	SECONDARY	4	2	4;7	ORR;CBR	none;none	BASIS_EXISTS	construct=ORR|CBR	4	Objective Response Rate (ORR)	NO		Objective Response Rate (ORR) ||| Clinical Benefit Rate (CBR)	Tumor assessments performed every 8 weeks (+/-7 days) for the first 24 weeks and every 12 weeks (+/-14 days) thereafter until end of treatment, or end of efficacy follow-up period, approximately 45 months ||| Tumor assessments performed every 8 weeks (+/-7 days) for the first 24 weeks and every 12 weeks (+/-14 days) thereafter until end of treatment, or end of efficacy follow-up period, approximately 45 months	The efficacy analysis set included all enrolled patients who received at least 1 dose of study drug from Cycle 1 Day 1 in continuous cycle (i.e., excluding single oral dose from the PK week for the dose escalation part). As only 1 patient was enrolled in dose expansion part, all data of patient were pooled in dose escalation part at Dose Level 8 cohort (Cohort 8) for the data analysis. Thus, no separate arm was created for dose expansion part. ||| The efficacy analysis set included all enrolled patients who received at least 1 dose of study drug from Cycle 1 Day 1 in continuous cycle (i.e., excluding single oral dose from the PK week for the dose escalation part). As only 1 patient was enrolled in dose expansion part, all data of patient were pooled in dose escalation part at Dose Level 8 cohort (Cohort 8) for the data analysis. Thus, no separate arm was created for dose expansion part.	NUMBER;NUMBER	percentage of patients;percentage of patients	
NCT04764474	cohort 7: hmpl-306 dose level 7	ctg_results_bor_2018_2021	OG006	SECONDARY	3	2	4;7	ORR;CBR	none;none	BASIS_EXISTS	construct=ORR|CBR	4	Objective Response Rate (ORR)	NO		Objective Response Rate (ORR) ||| Clinical Benefit Rate (CBR)	Tumor assessments performed every 8 weeks (+/-7 days) for the first 24 weeks and every 12 weeks (+/-14 days) thereafter until end of treatment, or end of efficacy follow-up period, approximately 45 months ||| Tumor assessments performed every 8 weeks (+/-7 days) for the first 24 weeks and every 12 weeks (+/-14 days) thereafter until end of treatment, or end of efficacy follow-up period, approximately 45 months	The efficacy analysis set included all enrolled patients who received at least 1 dose of study drug from Cycle 1 Day 1 in continuous cycle (i.e., excluding single oral dose from the PK week for the dose escalation part). As only 1 patient was enrolled in dose expansion part, all data of patient were pooled in dose escalation part at Dose Level 8 cohort (Cohort 8) for the data analysis. Thus, no separate arm was created for dose expansion part. ||| The efficacy analysis set included all enrolled patients who received at least 1 dose of study drug from Cycle 1 Day 1 in continuous cycle (i.e., excluding single oral dose from the PK week for the dose escalation part). As only 1 patient was enrolled in dose expansion part, all data of patient were pooled in dose escalation part at Dose Level 8 cohort (Cohort 8) for the data analysis. Thus, no separate arm was created for dose expansion part.	NUMBER;NUMBER	percentage of patients;percentage of patients	
NCT04764474	cohort 8: hmpl-306 dose level 8	ctg_results_bor_2018_2021	OG007	SECONDARY	8	2	4;7	ORR;CBR	none;none	BASIS_EXISTS	construct=ORR|CBR	4	Objective Response Rate (ORR)	NO		Objective Response Rate (ORR) ||| Clinical Benefit Rate (CBR)	Tumor assessments performed every 8 weeks (+/-7 days) for the first 24 weeks and every 12 weeks (+/-14 days) thereafter until end of treatment, or end of efficacy follow-up period, approximately 45 months ||| Tumor assessments performed every 8 weeks (+/-7 days) for the first 24 weeks and every 12 weeks (+/-14 days) thereafter until end of treatment, or end of efficacy follow-up period, approximately 45 months	The efficacy analysis set included all enrolled patients who received at least 1 dose of study drug from Cycle 1 Day 1 in continuous cycle (i.e., excluding single oral dose from the PK week for the dose escalation part). As only 1 patient was enrolled in dose expansion part, all data of patient were pooled in dose escalation part at Dose Level 8 cohort (Cohort 8) for the data analysis. Thus, no separate arm was created for dose expansion part. ||| The efficacy analysis set included all enrolled patients who received at least 1 dose of study drug from Cycle 1 Day 1 in continuous cycle (i.e., excluding single oral dose from the PK week for the dose escalation part). As only 1 patient was enrolled in dose expansion part, all data of patient were pooled in dose escalation part at Dose Level 8 cohort (Cohort 8) for the data analysis. Thus, no separate arm was created for dose expansion part.	NUMBER;NUMBER	percentage of patients;percentage of patients	
NCT04822350	all participants	ctg_results_bor_2018_2021	OG000	SECONDARY	530	2	8;9	ORR;ORR	RECIST1.1;RECIST1.1	BASIS_EXISTS	populationDescription	8	Overall Response Rate (ORR) According to RECIST 1.1: Overall	DEPENDS(no preregistered ordering for this field)		Overall Response Rate (ORR) According to RECIST 1.1: Overall ||| ORR According to RECIST 1.1: by Histology Group	From the date of first dose of avelumab until documented disease progression, death or start of new anticancer therapy (for a maximum of 62.3 months follow-up) ||| From the date of first dose of avelumab until documented disease progression, death or start of new anticancer therapy (for a maximum of 62.3 months follow-up)	"FAS was defined as all enrolled participants who received at least one injection of avelumab. Here, ""Overall Number of Participants Analyzed"" signifies participants evaluable for this outcome measure. ||| FAS was defined as all enrolled participants who received at least one injection of avelumab. Here, ""Overall Number of Participants Analyzed"" signifies participants evaluable for this outcome measure and ""Number Analyzed"" signifies number of participants evaluable for the specified rows."	NUMBER;NUMBER	percentage of participants;percentage of participants	
NCT03697304	module c, cohort 1: gec patients	ctg_results_bor_2018_2021	OG000	PRIMARY	28	2	8;9	ORR;ORR	RECIST_unversioned;RECIST_unversioned	BASIS_EXISTS	paramType=NUMBER|MEDIAN	8	[Module C] Objective Response (OR)	DEPENDS(no preregistered ordering for this field)		[Module C] Objective Response (OR) ||| [Module C] Objective Response (OR) - Bayesian Hierarchical Model	From first drug administration until the earliest of disease progression, death or last evaluable tumor assessment before start of subsequent anti-cancer therapy. Up to approximately 188.3 weeks. ||| From first drug administration until the earliest of disease progression, death or last evaluable tumor assessment before start of subsequent anti-cancer therapy. Up to approximately 188.3 weeks.	Treated set of the module C: all patients treated with at least one dose of trial medications. ||| Treated set of the module C: all patients treated with at least one dose of trial medications.	NUMBER;MEDIAN	percentage of participants;percentage of participants	
NCT03697304	module c, cohort 2: 2ary resistance patients	ctg_results_bor_2018_2021	OG001	PRIMARY	30	2	8;9	ORR;ORR	RECIST_unversioned;RECIST_unversioned	BASIS_EXISTS	paramType=NUMBER|MEDIAN	8	[Module C] Objective Response (OR)	DEPENDS(no preregistered ordering for this field)		[Module C] Objective Response (OR) ||| [Module C] Objective Response (OR) - Bayesian Hierarchical Model	From first drug administration until the earliest of disease progression, death or last evaluable tumor assessment before start of subsequent anti-cancer therapy. Up to approximately 188.3 weeks. ||| From first drug administration until the earliest of disease progression, death or last evaluable tumor assessment before start of subsequent anti-cancer therapy. Up to approximately 188.3 weeks.	Treated set of the module C: all patients treated with at least one dose of trial medications. ||| Treated set of the module C: all patients treated with at least one dose of trial medications.	NUMBER;MEDIAN	percentage of participants;percentage of participants	
NCT03697304	module c, cohort 3: 1ary resistance patients	ctg_results_bor_2018_2021	OG002	PRIMARY	28	2	8;9	ORR;ORR	RECIST_unversioned;RECIST_unversioned	BASIS_EXISTS	paramType=NUMBER|MEDIAN	8	[Module C] Objective Response (OR)	DEPENDS(no preregistered ordering for this field)		[Module C] Objective Response (OR) ||| [Module C] Objective Response (OR) - Bayesian Hierarchical Model	From first drug administration until the earliest of disease progression, death or last evaluable tumor assessment before start of subsequent anti-cancer therapy. Up to approximately 188.3 weeks. ||| From first drug administration until the earliest of disease progression, death or last evaluable tumor assessment before start of subsequent anti-cancer therapy. Up to approximately 188.3 weeks.	Treated set of the module C: all patients treated with at least one dose of trial medications. ||| Treated set of the module C: all patients treated with at least one dose of trial medications.	NUMBER;MEDIAN	percentage of participants;percentage of participants	
NCT03697304	module c, cohort 4: crc patients	ctg_results_bor_2018_2021	OG003	PRIMARY	30	2	8;9	ORR;ORR	RECIST_unversioned;RECIST_unversioned	BASIS_EXISTS	paramType=NUMBER|MEDIAN	8	[Module C] Objective Response (OR)	DEPENDS(no preregistered ordering for this field)		[Module C] Objective Response (OR) ||| [Module C] Objective Response (OR) - Bayesian Hierarchical Model	From first drug administration until the earliest of disease progression, death or last evaluable tumor assessment before start of subsequent anti-cancer therapy. Up to approximately 188.3 weeks. ||| From first drug administration until the earliest of disease progression, death or last evaluable tumor assessment before start of subsequent anti-cancer therapy. Up to approximately 188.3 weeks.	Treated set of the module C: all patients treated with at least one dose of trial medications. ||| Treated set of the module C: all patients treated with at least one dose of trial medications.	NUMBER;MEDIAN	percentage of participants;percentage of participants	
NCT03697304	module c, cohort 5: ec patients	ctg_results_bor_2018_2021	OG004	PRIMARY	18	2	8;9	ORR;ORR	RECIST_unversioned;RECIST_unversioned	BASIS_EXISTS	paramType=NUMBER|MEDIAN	8	[Module C] Objective Response (OR)	DEPENDS(no preregistered ordering for this field)		[Module C] Objective Response (OR) ||| [Module C] Objective Response (OR) - Bayesian Hierarchical Model	From first drug administration until the earliest of disease progression, death or last evaluable tumor assessment before start of subsequent anti-cancer therapy. Up to approximately 188.3 weeks. ||| From first drug administration until the earliest of disease progression, death or last evaluable tumor assessment before start of subsequent anti-cancer therapy. Up to approximately 188.3 weeks.	Treated set of the module C: all patients treated with at least one dose of trial medications. ||| Treated set of the module C: all patients treated with at least one dose of trial medications.	NUMBER;MEDIAN	percentage of participants;percentage of participants	
NCT03697304	module a, cohort 1: gec patients	ctg_results_bor_2018_2021	OG000	PRIMARY	2	2	10;11	ORR;ORR	RECIST_unversioned;RECIST_unversioned	BASIS_EXISTS	paramType=NUMBER|MEDIAN	10	[Module A] Objective Response (OR)	DEPENDS(no preregistered ordering for this field)		[Module A] Objective Response (OR) ||| [Module A] Objective Response (OR) - Bayesian Hierarchical Model	From first drug administration until the earliest of disease progression, death or last evaluable tumor assessment before start of subsequent anti-cancer therapy. Up to approximately 152.4 weeks. ||| From first drug administration until the earliest of disease progression, death or last evaluable tumor assessment before start of subsequent anti-cancer therapy. Up to approximately 152.4 weeks.	Treated set of the module A: all patients treated with at least one dose of trial medications. ||| Treated set of the module A: all patients treated with at least one dose of trial medications.	NUMBER;MEDIAN	percentage of participants;percentage of participants	
NCT03697304	module a, cohort 2: 2ary resistance patients	ctg_results_bor_2018_2021	OG001	PRIMARY	33	2	10;11	ORR;ORR	RECIST_unversioned;RECIST_unversioned	BASIS_EXISTS	paramType=NUMBER|MEDIAN	10	[Module A] Objective Response (OR)	DEPENDS(no preregistered ordering for this field)		[Module A] Objective Response (OR) ||| [Module A] Objective Response (OR) - Bayesian Hierarchical Model	From first drug administration until the earliest of disease progression, death or last evaluable tumor assessment before start of subsequent anti-cancer therapy. Up to approximately 152.4 weeks. ||| From first drug administration until the earliest of disease progression, death or last evaluable tumor assessment before start of subsequent anti-cancer therapy. Up to approximately 152.4 weeks.	Treated set of the module A: all patients treated with at least one dose of trial medications. ||| Treated set of the module A: all patients treated with at least one dose of trial medications.	NUMBER;MEDIAN	percentage of participants;percentage of participants	
NCT03697304	module a, cohort 3: 1ary resistance patients	ctg_results_bor_2018_2021	OG002	PRIMARY	42	2	10;11	ORR;ORR	RECIST_unversioned;RECIST_unversioned	BASIS_EXISTS	paramType=NUMBER|MEDIAN	10	[Module A] Objective Response (OR)	DEPENDS(no preregistered ordering for this field)		[Module A] Objective Response (OR) ||| [Module A] Objective Response (OR) - Bayesian Hierarchical Model	From first drug administration until the earliest of disease progression, death or last evaluable tumor assessment before start of subsequent anti-cancer therapy. Up to approximately 152.4 weeks. ||| From first drug administration until the earliest of disease progression, death or last evaluable tumor assessment before start of subsequent anti-cancer therapy. Up to approximately 152.4 weeks.	Treated set of the module A: all patients treated with at least one dose of trial medications. ||| Treated set of the module A: all patients treated with at least one dose of trial medications.	NUMBER;MEDIAN	percentage of participants;percentage of participants	
NCT04182204	stage 2: r-gemox	ctg_results_bor_2018_2021	OG000	SECONDARY	126	2	4;5	CR_RATE;ORR	Lugano;Lugano	BASIS_EXISTS	construct=CR_RATE|ORR	4	Stage 2: Complete Response Rate (CRR), as Determined by an Independent Review Committee (IRC) at the End of Treatment	YES	om 5: Stage 2: Objective Response Rate (ORR) as Determined by an IRC at End of Treatment	Stage 2: Complete Response Rate (CRR), as Determined by an Independent Review Committee (IRC) at the End of Treatment ||| Stage 2: Objective Response Rate (ORR) as Determined by an IRC at End of Treatment	Up to approximately 8.5 months ||| Up to approximately 8.5 months	ITT population included all randomized participants. ||| ITT population included all randomized participants.	NUMBER;NUMBER	percentage of participants;percentage of participants	
NCT04182204	stage 2: pola-r-gemox	ctg_results_bor_2018_2021	OG001	SECONDARY	129	2	4;5	CR_RATE;ORR	Lugano;Lugano	BASIS_EXISTS	construct=CR_RATE|ORR	4	Stage 2: Complete Response Rate (CRR), as Determined by an Independent Review Committee (IRC) at the End of Treatment	YES	om 5: Stage 2: Objective Response Rate (ORR) as Determined by an IRC at End of Treatment	Stage 2: Complete Response Rate (CRR), as Determined by an Independent Review Committee (IRC) at the End of Treatment ||| Stage 2: Objective Response Rate (ORR) as Determined by an IRC at End of Treatment	Up to approximately 8.5 months ||| Up to approximately 8.5 months	ITT population included all randomized participants. ||| ITT population included all randomized participants.	NUMBER;NUMBER	percentage of participants;percentage of participants	
NCT04182204	stage 1: pola-r-gemox	ctg_results_bor_2018_2021	OG000	SECONDARY	15	2	6;8	BOR_DISTRIBUTION;ORR	Lugano;Lugano	BASIS_EXISTS	construct=BOR_DISTRIBUTION|ORR; timeFrame	6	Stage 1 and Stage 2: Percentage of Participants With Best Overall Response (BOR) as Determined by the Investigator	YES	om 8: Stage 1 and Stage 2: ORR as Determined by the Investigator at End of Treatment	Stage 1 and Stage 2: Percentage of Participants With Best Overall Response (BOR) as Determined by the Investigator ||| Stage 1 and Stage 2: ORR as Determined by the Investigator at End of Treatment	Up to approximately 34 months ||| Stage 1: Up to approximately 6.2 months and Stage 2: Up to approximately 8.5 months	Safety run-in population included all participants who received any amount of any study drug during stage 1. ITT population included all randomized participants in stage 2. ||| Safety run-in population included all participants who received any amount of any study drug during stage 1. ITT population included all randomized participants in stage 2.	NUMBER;NUMBER	percentage of participants;percentage of participants	
NCT03934684	carfilzomib, lenalidomide and dexamethasone (krd)	ctg_results_bor_2018_2021	OG000	SECONDARY	49	2	3;4	ORR;CBR	IMWG;IMWG	BASIS_EXISTS	construct=ORR|CBR	3	Overall Response Rate (ORR) as Per IMWG-URC	NO		Overall Response Rate (ORR) as Per IMWG-URC ||| Clinical Benefit Rate (CBR) as Per IMWG-URC	From the first dose date of any IP until the end of trial; median (min, max) time on trial was 8.7 (0.1, 37.2) months ||| From the first dose date of any IP until the end of trial; median (min, max) time on trial was 8.7 (0.1, 37.2) months	Safety analysis set included all enrolled participants who received at least one dose of IP. ||| Safety analysis set included all enrolled participants who received at least one dose of IP.	NUMBER;NUMBER	percentage of participants;percentage of participants	
NCT03934684	carfilzomib and dexamethasone (kd)	ctg_results_bor_2018_2021	OG001	SECONDARY	52	2	3;4	ORR;CBR	IMWG;IMWG	BASIS_EXISTS	construct=ORR|CBR	3	Overall Response Rate (ORR) as Per IMWG-URC	NO		Overall Response Rate (ORR) as Per IMWG-URC ||| Clinical Benefit Rate (CBR) as Per IMWG-URC	From the first dose date of any IP until the end of trial; median (min, max) time on trial was 8.7 (0.1, 37.2) months ||| From the first dose date of any IP until the end of trial; median (min, max) time on trial was 8.7 (0.1, 37.2) months	Safety analysis set included all enrolled participants who received at least one dose of IP. ||| Safety analysis set included all enrolled participants who received at least one dose of IP.	NUMBER;NUMBER	percentage of participants;percentage of participants	
NCT03725605	ltx-315 plus til infusion	ctg_results_bor_2018_2021	OG000	SECONDARY	4	3	5;6;7	ORR;CBR;RESPONSE_RATE_UNQUALIFIED	RECIST1.0;RECIST1.1;none	BASIS_EXISTS	construct=ORR|CBR|RESPONSE_RATE_UNQUALIFIED; assessmentCriteria=RECIST1.0|RECIST1.1|none; timeFrame; populationDescription; paramType=NUMBER|NUMBER|COUNT_OF_PARTICIPANTS	5	Objective Response Rate	NO		Objective Response Rate ||| Clinical Benefit Rate ||| Best Overall Tumour Response Rate	EoT (Step 2, Week 7) and up to 15 months after EoT. ||| Up to 15 months ||| Assessed at Visit 25 (Step 2, Week 7, Day 42)	ORR was evaluated for the 4 subjects who progressed to Step 2. ||| The endpoint was evaluated for the 4 subjects who progressed to Step 2. ||| Evaluated for the 4 subjects who progressed to Step 2.	NUMBER;NUMBER;COUNT_OF_PARTICIPANTS	participants;participants;participants	
NCT04128696	participants receiving feladilimab and pembrolizumab	ctg_results_bor_2018_2021	OG000	SECONDARY	157	2	10;12	ORR;DCR	RECIST1.1;RECIST1.1	BASIS_EXISTS	construct=ORR|DCR	10	Overall Response Rate (ORR) Per RECIST v1.1 in the PD-L1 CPS ≥1 Population	NO		Overall Response Rate (ORR) Per RECIST v1.1 in the PD-L1 CPS ≥1 Population ||| Disease Control Rate (DCR) Per RECIST v1.1 in the PD-L1 CPS ≥1 Population	Up to approximately 16 months ||| Up to approximately 16 months	All participants with PD-L1 CPS ≥1 in the mITT population were analyzed. ||| All participants with PD-L1 CPS ≥1 in the mITT population were analyzed.	NUMBER;NUMBER	percentage of participants;percentage of participants	
NCT04128696	participants receiving placebo and pembrolizumab	ctg_results_bor_2018_2021	OG001	SECONDARY	156	2	10;12	ORR;DCR	RECIST1.1;RECIST1.1	BASIS_EXISTS	construct=ORR|DCR	10	Overall Response Rate (ORR) Per RECIST v1.1 in the PD-L1 CPS ≥1 Population	NO		Overall Response Rate (ORR) Per RECIST v1.1 in the PD-L1 CPS ≥1 Population ||| Disease Control Rate (DCR) Per RECIST v1.1 in the PD-L1 CPS ≥1 Population	Up to approximately 16 months ||| Up to approximately 16 months	All participants with PD-L1 CPS ≥1 in the mITT population were analyzed. ||| All participants with PD-L1 CPS ≥1 in the mITT population were analyzed.	NUMBER;NUMBER	percentage of participants;percentage of participants	
NCT04282980	dcc-2618	ctg_results_bor_2018_2021	OG000	SECONDARY	38	2	1;4	ORR;DCR	none;none	BASIS_EXISTS	construct=ORR|DCR	1	Objective Response Rate (ORR)	NO		Objective Response Rate (ORR) ||| Disease Control Rate (DCR) (Confirmed CR + Confirmed PR + SD) for 12 Weeks	Approximately 15 months since the first subject enrolled. ||| Approximately 15 months since the first subject enrolled.	1 subject discontinued treatment due to clinical progression during the intensive blood sampling period and a total of 38 subjects who entered treatment period (continuous dose period) were included in the Efficacy Analysis Set (EAS). ||| 1 subject discontinued treatment due to clinical progression during the intensive blood sampling period and a total of 38 subjects who entered treatment period (continuous dose period) were included in the Efficacy Analysis Set (EAS).	COUNT_OF_PARTICIPANTS;COUNT_OF_PARTICIPANTS	participants;participants	
NCT04514484	treatment (cabozantinib s-malate, nivolumab)	ctg_results_bor_2018_2021	OG000	SECONDARY	6	3	1;2;3	ORR;BOR_DISTRIBUTION;BOR_DISTRIBUTION	RECIST1.1;RECIST1.1;RECIST1.1	BASIS_EXISTS	construct=ORR|BOR_DISTRIBUTION|BOR_DISTRIBUTION; populationDescription; paramType=NUMBER|NUMBER|MEDIAN	1	Objective Response Rate (ORR)	NO		Objective Response Rate (ORR) ||| Best Overall Response ||| Best Overall Response (Off Treatment)	Up to 24 months ||| Up to 24 months ||| Up to 24 months	Treated patients who were evaluated for efficacy. ||| Treated patients who were evaluated for efficacy. ||| Off treatment patients who were evaluated for efficacy.	NUMBER;NUMBER;MEDIAN	percentage of patients;percentage of patients;percentage of patients	
NCT03828292	main study - part 1: belantamab mafodotin 2.5 milligram/ kilogram (mg/kg)	ctg_results_bor_2018_2021	OG000	SECONDARY	4	2	102;104	ORR;CBR	IMWG;IMWG	BASIS_EXISTS	construct=ORR|CBR	102	Part 1 - Percentage of Participants With Overall Response Rate (ORR)	NO		Part 1 - Percentage of Participants With Overall Response Rate (ORR) ||| Part 1: Clinical Benefit Rate (CBR)	Up to approximately 141 weeks ||| Up to approximately 141 weeks	All treated population ||| All treated population	NUMBER;NUMBER	percentage of participants;percentage of participants	
NCT03828292	main study - part 1: belantamab mafodotin 3.4 mg/kg	ctg_results_bor_2018_2021	OG001	SECONDARY	4	2	102;104	ORR;CBR	IMWG;IMWG	BASIS_EXISTS	construct=ORR|CBR	102	Part 1 - Percentage of Participants With Overall Response Rate (ORR)	NO		Part 1 - Percentage of Participants With Overall Response Rate (ORR) ||| Part 1: Clinical Benefit Rate (CBR)	Up to approximately 141 weeks ||| Up to approximately 141 weeks	All treated population ||| All treated population	NUMBER;NUMBER	percentage of participants;percentage of participants	
NCT03828292	main study - part 2: arma-belantamab mafodotin 2.5 mg/kg + bortezomib and dexamethasone (bor/dex)	ctg_results_bor_2018_2021	OG000	SECONDARY	3	2	103;105	ORR;CBR	IMWG;IMWG	BASIS_EXISTS	construct=ORR|CBR	103	Part 2 - Percentage of Participants With ORR	NO		Part 2 - Percentage of Participants With ORR ||| Part 2: Clinical Benefit Rate (CBR)	Up to approximately 212 weeks ||| Up to approximately 212 weeks	All treated population ||| All treated population	NUMBER;NUMBER	percentage of participants;percentage of participants	
NCT03828292	main study - part2: armb- belantamab mafodotin 2.5 mg/kg + pomalidomide and dexamethasone (pom/dex)	ctg_results_bor_2018_2021	OG001	SECONDARY	4	2	103;105	ORR;CBR	IMWG;IMWG	BASIS_EXISTS	construct=ORR|CBR	103	Part 2 - Percentage of Participants With ORR	NO		Part 2 - Percentage of Participants With ORR ||| Part 2: Clinical Benefit Rate (CBR)	Up to approximately 212 weeks ||| Up to approximately 212 weeks	All treated population ||| All treated population	NUMBER;NUMBER	percentage of participants;percentage of participants	
NCT05091346	phase 1b, dose escalation: e7386 100 mg + pembrolizumab 200 mg	ctg_results_bor_2018_2021	OG000	SECONDARY	6	2	6;7	DCR;CBR	RECIST1.1;RECIST1.1	BASIS_EXISTS	construct=DCR|CBR	6	Phase 1b and Phase 2 Parts: Disease Control Rate (DCR)	UNDETERMINED(no ORR-type candidate)		Phase 1b and Phase 2 Parts: Disease Control Rate (DCR) ||| Phase 1b and Phase 2 Parts: Clinical Benefit Rate (CBR)	Phase 1b Part: Up to 11.73 months; Phase 2 Part: Up to 20.40 months ||| Phase 1b Part: Up to 11.73 months; Phase 2 Part: Up to 20.40 months	Efficacy Analysis Set included all participants with measurable disease at Baseline who received at least 1 dose of any study drug. ||| Efficacy Analysis Set included all participants with measurable disease at Baseline who received at least 1 dose of any study drug.	NUMBER;NUMBER	percentage of participants;percentage of participants	
NCT05091346	phase 1b, dose escalation: e7386 120 mg + pembrolizumab 200 mg	ctg_results_bor_2018_2021	OG001	SECONDARY	6	2	6;7	DCR;CBR	RECIST1.1;RECIST1.1	BASIS_EXISTS	construct=DCR|CBR	6	Phase 1b and Phase 2 Parts: Disease Control Rate (DCR)	UNDETERMINED(no ORR-type candidate)		Phase 1b and Phase 2 Parts: Disease Control Rate (DCR) ||| Phase 1b and Phase 2 Parts: Clinical Benefit Rate (CBR)	Phase 1b Part: Up to 11.73 months; Phase 2 Part: Up to 20.40 months ||| Phase 1b Part: Up to 11.73 months; Phase 2 Part: Up to 20.40 months	Efficacy Analysis Set included all participants with measurable disease at Baseline who received at least 1 dose of any study drug. ||| Efficacy Analysis Set included all participants with measurable disease at Baseline who received at least 1 dose of any study drug.	NUMBER;NUMBER	percentage of participants;percentage of participants	
NCT03972488	lutathera® plus octreotide lar 30 mg (investigational arm)	ctg_results_bor_2018_2021	OG000	SECONDARY	151	2	1;3	ORR;DCR	RECIST1.1;RECIST1.1	BASIS_EXISTS	construct=ORR|DCR	1	Overall Response Rate (ORR) Per Central Assessment (Key Secondary)	NO		Overall Response Rate (ORR) Per Central Assessment (Key Secondary) ||| Disease Control Rate (DCR) Per Central Assessment	Up to approx. 42 months ||| Up to approx. 42 months	FAS comprises all participants to whom study treatment has been assigned by randomization. ||| FAS comprises all participants to whom study treatment has been assigned by randomization.	NUMBER;NUMBER	percentage of participants;percentage of participants	
NCT03972488	octreotide lar 60 mg (control arm)	ctg_results_bor_2018_2021	OG001	SECONDARY	75	2	1;3	ORR;DCR	RECIST1.1;RECIST1.1	BASIS_EXISTS	construct=ORR|DCR	1	Overall Response Rate (ORR) Per Central Assessment (Key Secondary)	NO		Overall Response Rate (ORR) Per Central Assessment (Key Secondary) ||| Disease Control Rate (DCR) Per Central Assessment	Up to approx. 42 months ||| Up to approx. 42 months	FAS comprises all participants to whom study treatment has been assigned by randomization. ||| FAS comprises all participants to whom study treatment has been assigned by randomization.	NUMBER;NUMBER	percentage of participants;percentage of participants	
NCT04179864	phase 1b: tazemetostat + enzalutamide	ctg_results_bor_2018_2021	OG000	SECONDARY	6	3	4;5;6	ORR;BOR_DISTRIBUTION;DCR	none;none;PCWG+RECIST1.1	BASIS_EXISTS	construct=ORR|BOR_DISTRIBUTION|DCR; assessmentCriteria=none|none|PCWG+RECIST1.1; timeFrame; populationDescription	4	Phase 1b and 2: Objective Response Rate (ORR)	NO		Phase 1b and 2: Objective Response Rate (ORR) ||| Phase 1b and 2: Best Overall Response (BOR) ||| Phase 1b and 2: Disease Control Rate (DCR) at 6 Months	Tumor assessments performed at screening (within 4 weeks of randomization) and every 8 weeks for first 6 months and then every 12 weeks thereafter, until death, PD, unacceptable toxicity, consent withdrawal, or termination of study.Approximately 259 weeks ||| Tumor assessments performed at screening (within 4 weeks of randomization) and every 8 weeks for first 6 months and then every 12 weeks thereafter, until death, PD, unacceptable toxicity, consent withdrawal, or termination of study.Approximately 259 weeks ||| Baseline and at 6 months (24 weeks)	"Phase 1b: Safety population included all participants who received any dose of study drugs. Phase 2: ITT population included all participants who were randomized into study. Only those participants with response are reported. As pre-specified in SAP, efficacy results for phase 1b were performed by ""treatment group"" for Phase 1b which refers to 1) Tazemetostat + Enzalutamide and 2) Tazemetostat + Abiraterone/Prednisone regardless of dose level, hence pooled data for Phase 1b is presented. ||| Phase 1b: Safety population included all participants who received any dose of study drugs. Phase 2: ITT population included all participants who were randomized into study. Only those participants with response are reported. As pre-specified in SAP, efficacy results for phase 1b were performed by ""treatment group"" for Phase 1b which refers to 1) Tazemetostat + Enzalutamide and 2) Tazemetostat + Abiraterone/Prednisone regardless of dose level, hence pooled data for Phase 1b is presented. ||| Phase 1b:Safety population:all participants who received any dose of study drugs.Phase 2:ITT population:all participants who were randomized into study.Only those participants with data collected at specified timepoints are reported. As pre-specified in SAP, efficacy results for phase 1b were performed by ""treatment group"" for Phase 1b which refers to 1) Tazemetostat + Enzalutamide and 2) Tazemetostat + Abiraterone/Prednisone regardless of dose level, hence pooled data for Phase 1b is presented."	NUMBER;NUMBER;NUMBER	percentage of participants;percentage of participants;percentage of participants	
NCT04179864	phase 1b: tazemetostat + abiraterone/prednisone	ctg_results_bor_2018_2021	OG001	SECONDARY	1	3	4;5;6	ORR;BOR_DISTRIBUTION;DCR	none;none;PCWG+RECIST1.1	BASIS_EXISTS	construct=ORR|BOR_DISTRIBUTION|DCR; assessmentCriteria=none|none|PCWG+RECIST1.1; timeFrame; populationDescription	4	Phase 1b and 2: Objective Response Rate (ORR)	NO		Phase 1b and 2: Objective Response Rate (ORR) ||| Phase 1b and 2: Best Overall Response (BOR) ||| Phase 1b and 2: Disease Control Rate (DCR) at 6 Months	Tumor assessments performed at screening (within 4 weeks of randomization) and every 8 weeks for first 6 months and then every 12 weeks thereafter, until death, PD, unacceptable toxicity, consent withdrawal, or termination of study.Approximately 259 weeks ||| Tumor assessments performed at screening (within 4 weeks of randomization) and every 8 weeks for first 6 months and then every 12 weeks thereafter, until death, PD, unacceptable toxicity, consent withdrawal, or termination of study.Approximately 259 weeks ||| Baseline and at 6 months (24 weeks)	"Phase 1b: Safety population included all participants who received any dose of study drugs. Phase 2: ITT population included all participants who were randomized into study. Only those participants with response are reported. As pre-specified in SAP, efficacy results for phase 1b were performed by ""treatment group"" for Phase 1b which refers to 1) Tazemetostat + Enzalutamide and 2) Tazemetostat + Abiraterone/Prednisone regardless of dose level, hence pooled data for Phase 1b is presented. ||| Phase 1b: Safety population included all participants who received any dose of study drugs. Phase 2: ITT population included all participants who were randomized into study. Only those participants with response are reported. As pre-specified in SAP, efficacy results for phase 1b were performed by ""treatment group"" for Phase 1b which refers to 1) Tazemetostat + Enzalutamide and 2) Tazemetostat + Abiraterone/Prednisone regardless of dose level, hence pooled data for Phase 1b is presented. ||| Phase 1b:Safety population:all participants who received any dose of study drugs.Phase 2:ITT population:all participants who were randomized into study.Only those participants with data collected at specified timepoints are reported. As pre-specified in SAP, efficacy results for phase 1b were performed by ""treatment group"" for Phase 1b which refers to 1) Tazemetostat + Enzalutamide and 2) Tazemetostat + Abiraterone/Prednisone regardless of dose level, hence pooled data for Phase 1b is presented."	NUMBER;NUMBER;NUMBER	percentage of participants;percentage of participants;percentage of participants	
NCT04179864	phase 2: tazemetostat 1200 mg + enzalutamide	ctg_results_bor_2018_2021	OG002	SECONDARY	10	3	4;5;6	ORR;BOR_DISTRIBUTION;DCR	none;none;PCWG+RECIST1.1	BASIS_EXISTS	construct=ORR|BOR_DISTRIBUTION|DCR; assessmentCriteria=none|none|PCWG+RECIST1.1; timeFrame; populationDescription	4	Phase 1b and 2: Objective Response Rate (ORR)	NO		Phase 1b and 2: Objective Response Rate (ORR) ||| Phase 1b and 2: Best Overall Response (BOR) ||| Phase 1b and 2: Disease Control Rate (DCR) at 6 Months	Tumor assessments performed at screening (within 4 weeks of randomization) and every 8 weeks for first 6 months and then every 12 weeks thereafter, until death, PD, unacceptable toxicity, consent withdrawal, or termination of study.Approximately 259 weeks ||| Tumor assessments performed at screening (within 4 weeks of randomization) and every 8 weeks for first 6 months and then every 12 weeks thereafter, until death, PD, unacceptable toxicity, consent withdrawal, or termination of study.Approximately 259 weeks ||| Baseline and at 6 months (24 weeks)	"Phase 1b: Safety population included all participants who received any dose of study drugs. Phase 2: ITT population included all participants who were randomized into study. Only those participants with response are reported. As pre-specified in SAP, efficacy results for phase 1b were performed by ""treatment group"" for Phase 1b which refers to 1) Tazemetostat + Enzalutamide and 2) Tazemetostat + Abiraterone/Prednisone regardless of dose level, hence pooled data for Phase 1b is presented. ||| Phase 1b: Safety population included all participants who received any dose of study drugs. Phase 2: ITT population included all participants who were randomized into study. Only those participants with response are reported. As pre-specified in SAP, efficacy results for phase 1b were performed by ""treatment group"" for Phase 1b which refers to 1) Tazemetostat + Enzalutamide and 2) Tazemetostat + Abiraterone/Prednisone regardless of dose level, hence pooled data for Phase 1b is presented. ||| Phase 1b:Safety population:all participants who received any dose of study drugs.Phase 2:ITT population:all participants who were randomized into study.Only those participants with data collected at specified timepoints are reported. As pre-specified in SAP, efficacy results for phase 1b were performed by ""treatment group"" for Phase 1b which refers to 1) Tazemetostat + Enzalutamide and 2) Tazemetostat + Abiraterone/Prednisone regardless of dose level, hence pooled data for Phase 1b is presented."	NUMBER;NUMBER;NUMBER	percentage of participants;percentage of participants;percentage of participants	
NCT04179864	phase 2: enzalutamide	ctg_results_bor_2018_2021	OG003	SECONDARY	14	3	4;5;6	ORR;BOR_DISTRIBUTION;DCR	none;none;PCWG+RECIST1.1	BASIS_EXISTS	construct=ORR|BOR_DISTRIBUTION|DCR; assessmentCriteria=none|none|PCWG+RECIST1.1; timeFrame; populationDescription	4	Phase 1b and 2: Objective Response Rate (ORR)	NO		Phase 1b and 2: Objective Response Rate (ORR) ||| Phase 1b and 2: Best Overall Response (BOR) ||| Phase 1b and 2: Disease Control Rate (DCR) at 6 Months	Tumor assessments performed at screening (within 4 weeks of randomization) and every 8 weeks for first 6 months and then every 12 weeks thereafter, until death, PD, unacceptable toxicity, consent withdrawal, or termination of study.Approximately 259 weeks ||| Tumor assessments performed at screening (within 4 weeks of randomization) and every 8 weeks for first 6 months and then every 12 weeks thereafter, until death, PD, unacceptable toxicity, consent withdrawal, or termination of study.Approximately 259 weeks ||| Baseline and at 6 months (24 weeks)	"Phase 1b: Safety population included all participants who received any dose of study drugs. Phase 2: ITT population included all participants who were randomized into study. Only those participants with response are reported. As pre-specified in SAP, efficacy results for phase 1b were performed by ""treatment group"" for Phase 1b which refers to 1) Tazemetostat + Enzalutamide and 2) Tazemetostat + Abiraterone/Prednisone regardless of dose level, hence pooled data for Phase 1b is presented. ||| Phase 1b: Safety population included all participants who received any dose of study drugs. Phase 2: ITT population included all participants who were randomized into study. Only those participants with response are reported. As pre-specified in SAP, efficacy results for phase 1b were performed by ""treatment group"" for Phase 1b which refers to 1) Tazemetostat + Enzalutamide and 2) Tazemetostat + Abiraterone/Prednisone regardless of dose level, hence pooled data for Phase 1b is presented. ||| Phase 1b:Safety population:all participants who received any dose of study drugs.Phase 2:ITT population:all participants who were randomized into study.Only those participants with data collected at specified timepoints are reported. As pre-specified in SAP, efficacy results for phase 1b were performed by ""treatment group"" for Phase 1b which refers to 1) Tazemetostat + Enzalutamide and 2) Tazemetostat + Abiraterone/Prednisone regardless of dose level, hence pooled data for Phase 1b is presented."	NUMBER;NUMBER;NUMBER	percentage of participants;percentage of participants;percentage of participants	
NCT04024436	futibatinib plus fulvestrant (cohort 4)	ctg_results_bor_2018_2021	OG000	SECONDARY	22	2	4;5	ORR;CBR	none;none	BASIS_EXISTS	construct=ORR|CBR; populationDescription	4	Overall Response Rate (ORR) - Cohort 4	NO		Overall Response Rate (ORR) - Cohort 4 ||| Clinical Benefit Rate (CBR) - Cohort 1,2, and 4	At the end of every 2 cycles until disease progression (up to 40 months) ||| At the end of every 2 cycles until disease progression (up to 40 months)	All treated population included all enrolled participants who received at least 1 dose of study drug. This outcome measure was planned to be reported for only Cohort 4 as pre-specified in Protocol and SAP. ||| All treated population included all enrolled participants who received at least 1 dose of study drug. This outcome measure was planned to be reported for only Cohorts 1, 2 and 4 as pre-specified in Protocol and SAP.	NUMBER;NUMBER	percentage of participants;percentage of participants	
NCT03582033	part a: sea-bcma 100mg	ctg_results_bor_2018_2021	OG000	SECONDARY	2	2	29;33	ORR;BOR_DISTRIBUTION	IMWG;IMWG	BASIS_EXISTS	construct=ORR|BOR_DISTRIBUTION	29	Objective Response Rate (ORR) as Per the International Myeloma Working Group (IMWG) Uniform Response Criteria: Part A	NO		Objective Response Rate (ORR) as Per the International Myeloma Working Group (IMWG) Uniform Response Criteria: Part A ||| Percentage of Participants With Best Overall Response (BOR) as Per the IMWG Uniform Response Criteria: Part A	From the first dose of study treatment until the first documented sCR or CR or PR or VGPR or new anti-cancer therapies or death, whichever occurred first (maximum up to 45 months) ||| From the first dose of study treatment until the first documented sCR or CR or PR or VGPR or new anti-cancer therapies or death, whichever occurred first (maximum up to 45 months)	All treated participants analysis set included all treated participants who received any amount of SEA-BCMA. ||| All treated participants analysis set included all treated participants who received any amount of SEA-BCMA.	NUMBER;NUMBER	percentage of participants;percentage of participants	
NCT03582033	part a: sea-bcma 200mg	ctg_results_bor_2018_2021	OG001	SECONDARY	2	2	29;33	ORR;BOR_DISTRIBUTION	IMWG;IMWG	BASIS_EXISTS	construct=ORR|BOR_DISTRIBUTION	29	Objective Response Rate (ORR) as Per the International Myeloma Working Group (IMWG) Uniform Response Criteria: Part A	NO		Objective Response Rate (ORR) as Per the International Myeloma Working Group (IMWG) Uniform Response Criteria: Part A ||| Percentage of Participants With Best Overall Response (BOR) as Per the IMWG Uniform Response Criteria: Part A	From the first dose of study treatment until the first documented sCR or CR or PR or VGPR or new anti-cancer therapies or death, whichever occurred first (maximum up to 45 months) ||| From the first dose of study treatment until the first documented sCR or CR or PR or VGPR or new anti-cancer therapies or death, whichever occurred first (maximum up to 45 months)	All treated participants analysis set included all treated participants who received any amount of SEA-BCMA. ||| All treated participants analysis set included all treated participants who received any amount of SEA-BCMA.	NUMBER;NUMBER	percentage of participants;percentage of participants	
NCT03582033	part a: sea-bcma 400mg	ctg_results_bor_2018_2021	OG002	SECONDARY	2	2	29;33	ORR;BOR_DISTRIBUTION	IMWG;IMWG	BASIS_EXISTS	construct=ORR|BOR_DISTRIBUTION	29	Objective Response Rate (ORR) as Per the International Myeloma Working Group (IMWG) Uniform Response Criteria: Part A	NO		Objective Response Rate (ORR) as Per the International Myeloma Working Group (IMWG) Uniform Response Criteria: Part A ||| Percentage of Participants With Best Overall Response (BOR) as Per the IMWG Uniform Response Criteria: Part A	From the first dose of study treatment until the first documented sCR or CR or PR or VGPR or new anti-cancer therapies or death, whichever occurred first (maximum up to 45 months) ||| From the first dose of study treatment until the first documented sCR or CR or PR or VGPR or new anti-cancer therapies or death, whichever occurred first (maximum up to 45 months)	All treated participants analysis set included all treated participants who received any amount of SEA-BCMA. ||| All treated participants analysis set included all treated participants who received any amount of SEA-BCMA.	NUMBER;NUMBER	percentage of participants;percentage of participants	
NCT03582033	part a: sea-bcma 800mg	ctg_results_bor_2018_2021	OG003	SECONDARY	7	2	29;33	ORR;BOR_DISTRIBUTION	IMWG;IMWG	BASIS_EXISTS	construct=ORR|BOR_DISTRIBUTION	29	Objective Response Rate (ORR) as Per the International Myeloma Working Group (IMWG) Uniform Response Criteria: Part A	NO		Objective Response Rate (ORR) as Per the International Myeloma Working Group (IMWG) Uniform Response Criteria: Part A ||| Percentage of Participants With Best Overall Response (BOR) as Per the IMWG Uniform Response Criteria: Part A	From the first dose of study treatment until the first documented sCR or CR or PR or VGPR or new anti-cancer therapies or death, whichever occurred first (maximum up to 45 months) ||| From the first dose of study treatment until the first documented sCR or CR or PR or VGPR or new anti-cancer therapies or death, whichever occurred first (maximum up to 45 months)	All treated participants analysis set included all treated participants who received any amount of SEA-BCMA. ||| All treated participants analysis set included all treated participants who received any amount of SEA-BCMA.	NUMBER;NUMBER	percentage of participants;percentage of participants	
NCT03582033	part a: sea-bcma 1600mg	ctg_results_bor_2018_2021	OG004	SECONDARY	22	2	29;33	ORR;BOR_DISTRIBUTION	IMWG;IMWG	BASIS_EXISTS	construct=ORR|BOR_DISTRIBUTION	29	Objective Response Rate (ORR) as Per the International Myeloma Working Group (IMWG) Uniform Response Criteria: Part A	NO		Objective Response Rate (ORR) as Per the International Myeloma Working Group (IMWG) Uniform Response Criteria: Part A ||| Percentage of Participants With Best Overall Response (BOR) as Per the IMWG Uniform Response Criteria: Part A	From the first dose of study treatment until the first documented sCR or CR or PR or VGPR or new anti-cancer therapies or death, whichever occurred first (maximum up to 45 months) ||| From the first dose of study treatment until the first documented sCR or CR or PR or VGPR or new anti-cancer therapies or death, whichever occurred first (maximum up to 45 months)	All treated participants analysis set included all treated participants who received any amount of SEA-BCMA. ||| All treated participants analysis set included all treated participants who received any amount of SEA-BCMA.	NUMBER;NUMBER	percentage of participants;percentage of participants	
NCT04885998	part 1 cohort 1: tarlatamab dose a/dose b + amg 404	ctg_results_bor_2018_2021	OG000	SECONDARY	7	2	2;4	ORR;DCR	RECIST1.1+mRECIST;RECIST1.1+mRECIST	BASIS_EXISTS	construct=ORR|DCR	2	Objective Response Rate Per Modified Response Evaluation Criteria in Solid Tumors (RECIST) Version 1.1	NO		Objective Response Rate Per Modified Response Evaluation Criteria in Solid Tumors (RECIST) Version 1.1 ||| Disease Control Rate Per Modified RECIST v1.1	From first dose of IP up to a minimum of last dose date + 65 days or EOS; median (min, max) duration was 4.2 (0.4, 25.4) months ||| From first dose of IP up to a minimum of last dose date + 65 days or EOS; median (min, max) duration was 4.2 (0.4, 25.4) months	The safety analysis set included all participants who received at least 1 dose of IP (tarlatamab or AMG 404). ||| The safety analysis set included all participants who received at least 1 dose of IP (tarlatamab or AMG 404).	NUMBER;NUMBER	percentage of participants;percentage of participants	
NCT04885998	part 1 cohort 2: tarlatamab dose a/dose c + amg 404	ctg_results_bor_2018_2021	OG001	SECONDARY	5	2	2;4	ORR;DCR	RECIST1.1+mRECIST;RECIST1.1+mRECIST	BASIS_EXISTS	construct=ORR|DCR	2	Objective Response Rate Per Modified Response Evaluation Criteria in Solid Tumors (RECIST) Version 1.1	NO		Objective Response Rate Per Modified Response Evaluation Criteria in Solid Tumors (RECIST) Version 1.1 ||| Disease Control Rate Per Modified RECIST v1.1	From first dose of IP up to a minimum of last dose date + 65 days or EOS; median (min, max) duration was 4.2 (0.4, 25.4) months ||| From first dose of IP up to a minimum of last dose date + 65 days or EOS; median (min, max) duration was 4.2 (0.4, 25.4) months	The safety analysis set included all participants who received at least 1 dose of IP (tarlatamab or AMG 404). ||| The safety analysis set included all participants who received at least 1 dose of IP (tarlatamab or AMG 404).	NUMBER;NUMBER	percentage of participants;percentage of participants	
NCT04885998	part 1 cohort 3: tarlatamab dose a/dose d + amg 404	ctg_results_bor_2018_2021	OG002	SECONDARY	3	2	2;4	ORR;DCR	RECIST1.1+mRECIST;RECIST1.1+mRECIST	BASIS_EXISTS	construct=ORR|DCR	2	Objective Response Rate Per Modified Response Evaluation Criteria in Solid Tumors (RECIST) Version 1.1	NO		Objective Response Rate Per Modified Response Evaluation Criteria in Solid Tumors (RECIST) Version 1.1 ||| Disease Control Rate Per Modified RECIST v1.1	From first dose of IP up to a minimum of last dose date + 65 days or EOS; median (min, max) duration was 4.2 (0.4, 25.4) months ||| From first dose of IP up to a minimum of last dose date + 65 days or EOS; median (min, max) duration was 4.2 (0.4, 25.4) months	The safety analysis set included all participants who received at least 1 dose of IP (tarlatamab or AMG 404). ||| The safety analysis set included all participants who received at least 1 dose of IP (tarlatamab or AMG 404).	NUMBER;NUMBER	percentage of participants;percentage of participants	
NCT04885998	part 2 dose expansion cohort: tarlatamab dose a/dose b + amg 404	ctg_results_bor_2018_2021	OG003	SECONDARY	8	2	2;4	ORR;DCR	RECIST1.1+mRECIST;RECIST1.1+mRECIST	BASIS_EXISTS	construct=ORR|DCR	2	Objective Response Rate Per Modified Response Evaluation Criteria in Solid Tumors (RECIST) Version 1.1	NO		Objective Response Rate Per Modified Response Evaluation Criteria in Solid Tumors (RECIST) Version 1.1 ||| Disease Control Rate Per Modified RECIST v1.1	From first dose of IP up to a minimum of last dose date + 65 days or EOS; median (min, max) duration was 4.2 (0.4, 25.4) months ||| From first dose of IP up to a minimum of last dose date + 65 days or EOS; median (min, max) duration was 4.2 (0.4, 25.4) months	The safety analysis set included all participants who received at least 1 dose of IP (tarlatamab or AMG 404). ||| The safety analysis set included all participants who received at least 1 dose of IP (tarlatamab or AMG 404).	NUMBER;NUMBER	percentage of participants;percentage of participants	
NCT03839823	ribociclib 600 mg	ctg_results_bor_2018_2021	OG000	SECONDARY	112	2	3;4	ORR;CBR	RECIST1.1;RECIST1.1	BASIS_EXISTS	construct=ORR|CBR	3	Overall Response Rate (ORR)	NO		Overall Response Rate (ORR) ||| Clinical Benefit Rate	Up to approximately 34 months ||| Up to approximately 34 months	The full analysis set comprised all patients to whom study treatment was assigned by randomization. ||| The full analysis set comprised all patients to whom study treatment was assigned by randomization.	NUMBER;NUMBER	percentage of participants;percentage of participants	
NCT03839823	combination chemotherapy	ctg_results_bor_2018_2021	OG001	SECONDARY	110	2	3;4	ORR;CBR	RECIST1.1;RECIST1.1	BASIS_EXISTS	construct=ORR|CBR	3	Overall Response Rate (ORR)	NO		Overall Response Rate (ORR) ||| Clinical Benefit Rate	Up to approximately 34 months ||| Up to approximately 34 months	The full analysis set comprised all patients to whom study treatment was assigned by randomization. ||| The full analysis set comprised all patients to whom study treatment was assigned by randomization.	NUMBER;NUMBER	percentage of participants;percentage of participants	
NCT03767335	dose escalation cohort 1	ctg_results_bor_2018_2021	OG000	SECONDARY	3	3	3;4;5	BOR_DISTRIBUTION;ORR;DCR	none;none;none	BASIS_EXISTS	construct=BOR_DISTRIBUTION|ORR|DCR	3	Best Overall Response (BOR) of MEN1611 in Combination With Trastuzumab ± Fulvestrant	YES	om 4: Objective Response Rate (ORR) of MEN1611 in Combination With Trastuzumab ± Fulvestrant	Best Overall Response (BOR) of MEN1611 in Combination With Trastuzumab ± Fulvestrant ||| Objective Response Rate (ORR) of MEN1611 in Combination With Trastuzumab ± Fulvestrant ||| Disease Control Rate (DCR) of MEN1611 in Combination With Trastuzumab ± Fulvestrant	Up to 3 years ||| Up to 3 years ||| Up to 3 years	Efficacy Population included all eligible participants who received at least 8 weeks of any treatment and had at least 1 disease assessment. Here, 'Overall Number of Participants Analyzed' = participants who were evaluable for this Outcome Measure. ||| Efficacy Population included all eligible participants who received at least 8 weeks of any treatment and had at least 1 disease assessment. Here, 'Overall Number of Participants Analyzed' = participants who were evaluable for this Outcome Measure. ||| Efficacy Population included all eligible participants who received at least 8 weeks of any treatment and had at least 1 disease assessment. Here, 'Overall Number of Participants Analyzed' = participants who were evaluable for this Outcome Measure.	NUMBER;NUMBER;NUMBER	percentage of participants;percentage of participants;percentage of participants	
NCT03767335	dose escalation cohort 2	ctg_results_bor_2018_2021	OG001	SECONDARY	3	3	3;4;5	BOR_DISTRIBUTION;ORR;DCR	none;none;none	BASIS_EXISTS	construct=BOR_DISTRIBUTION|ORR|DCR	3	Best Overall Response (BOR) of MEN1611 in Combination With Trastuzumab ± Fulvestrant	YES	om 4: Objective Response Rate (ORR) of MEN1611 in Combination With Trastuzumab ± Fulvestrant	Best Overall Response (BOR) of MEN1611 in Combination With Trastuzumab ± Fulvestrant ||| Objective Response Rate (ORR) of MEN1611 in Combination With Trastuzumab ± Fulvestrant ||| Disease Control Rate (DCR) of MEN1611 in Combination With Trastuzumab ± Fulvestrant	Up to 3 years ||| Up to 3 years ||| Up to 3 years	Efficacy Population included all eligible participants who received at least 8 weeks of any treatment and had at least 1 disease assessment. Here, 'Overall Number of Participants Analyzed' = participants who were evaluable for this Outcome Measure. ||| Efficacy Population included all eligible participants who received at least 8 weeks of any treatment and had at least 1 disease assessment. Here, 'Overall Number of Participants Analyzed' = participants who were evaluable for this Outcome Measure. ||| Efficacy Population included all eligible participants who received at least 8 weeks of any treatment and had at least 1 disease assessment. Here, 'Overall Number of Participants Analyzed' = participants who were evaluable for this Outcome Measure.	NUMBER;NUMBER;NUMBER	percentage of participants;percentage of participants;percentage of participants	
NCT03767335	dose expansion cohort	ctg_results_bor_2018_2021	OG002	SECONDARY	42	3	3;4;5	BOR_DISTRIBUTION;ORR;DCR	none;none;none	BASIS_EXISTS	construct=BOR_DISTRIBUTION|ORR|DCR	3	Best Overall Response (BOR) of MEN1611 in Combination With Trastuzumab ± Fulvestrant	YES	om 4: Objective Response Rate (ORR) of MEN1611 in Combination With Trastuzumab ± Fulvestrant	Best Overall Response (BOR) of MEN1611 in Combination With Trastuzumab ± Fulvestrant ||| Objective Response Rate (ORR) of MEN1611 in Combination With Trastuzumab ± Fulvestrant ||| Disease Control Rate (DCR) of MEN1611 in Combination With Trastuzumab ± Fulvestrant	Up to 3 years ||| Up to 3 years ||| Up to 3 years	Efficacy Population included all eligible participants who received at least 8 weeks of any treatment and had at least 1 disease assessment. Here, 'Overall Number of Participants Analyzed' = participants who were evaluable for this Outcome Measure. ||| Efficacy Population included all eligible participants who received at least 8 weeks of any treatment and had at least 1 disease assessment. Here, 'Overall Number of Participants Analyzed' = participants who were evaluable for this Outcome Measure. ||| Efficacy Population included all eligible participants who received at least 8 weeks of any treatment and had at least 1 disease assessment. Here, 'Overall Number of Participants Analyzed' = participants who were evaluable for this Outcome Measure.	NUMBER;NUMBER;NUMBER	percentage of participants;percentage of participants;percentage of participants	
NCT04544995	part 2a: niraparib 100 mg + dostarlimab 7.5 mg/kg (osteosarcoma)	ctg_results_bor_2018_2021	OG000	SECONDARY	9	2	22;24	ORR;DCR	RECIST1.1;RECIST1.1	BASIS_EXISTS	construct=ORR|DCR; populationDescription	22	Part 2A: Objective Response Rate (ORR) by the Investigator Using RECIST v1.1	NO		Part 2A: Objective Response Rate (ORR) by the Investigator Using RECIST v1.1 ||| Part 2A: Disease Control Rate (DCR) by the Investigator Using RECIST v1.1	Up to approximately 196 weeks ||| Up to approximately 196 weeks	Modified Intent-to-treat (mITT) population for Osteosarcoma cohort. Only those participants at specified timepoint have been anaysed. Data from 1 participant treated in Part 1A Cohort 1A at the same dose level as 8 participants treated in Part 2A were pooled and analyzed collectively for this outcome measure. ||| Modified Intent-to-treat (mITT) population for Part 2A Osteosarcoma cohort. Data from 1 participant treated in Part 1A Cohort 1A at the same dose level as 8 participants treated in Part 2A were pooled and analyzed collectively for this outcome measure.	NUMBER;NUMBER	percentage of participants;percentage of participants	
NCT04217317	cpi-613 in combination with bendamustine	ctg_results_bor_2018_2021	OG000	SECONDARY	6	2	1;2	ORR;DCR	Lugano;Lugano	BASIS_EXISTS	construct=ORR|DCR; timeFrame	1	Overall Response Rate	NO		Overall Response Rate ||| Disease Control Rate	Patients are monitored for best overall response during and after study treatment. Follow-up for response ranged from 2 to 6 months after start of treatment. ||| Patients are monitored for response during and after study treatment. Follow-up for response ranged from 2 to 6 months after start of treatment.	(empty) ||| (empty)	COUNT_OF_PARTICIPANTS;COUNT_OF_PARTICIPANTS	participants;participants	
NCT04745832	rituximab plus zandelisib	ctg_results_bor_2018_2021	OG000	SECONDARY	0	2	1;2	ORR;CR_RATE	Lugano;none	BASIS_EXISTS	construct=ORR|CR_RATE; assessmentCriteria=Lugano|none; populationDescription	1	Overall Response Rate (ORR)	NO		Overall Response Rate (ORR) ||| Complete Response Rate (CRR)	1 year 7 months ||| 1 year 7 months	A decision was made to terminate this Phase 3 study early due to business reasons. For the 82 subjects enrolled no scans had been collected at the time of termination, therefore no data were analyzed. ||| A decision was made to terminate this Phase 3 study early due to business reasons. For the 84 subjects enrolled no scans had been collected at the time of termination, therefore no data were analyzed.	None;None	;	Participants denominator = 0 for this group
NCT04745832	rituximab plus chemotherapy	ctg_results_bor_2018_2021	OG001	SECONDARY	0	2	1;2	ORR;CR_RATE	Lugano;none	BASIS_EXISTS	construct=ORR|CR_RATE; assessmentCriteria=Lugano|none; populationDescription	1	Overall Response Rate (ORR)	NO		Overall Response Rate (ORR) ||| Complete Response Rate (CRR)	1 year 7 months ||| 1 year 7 months	A decision was made to terminate this Phase 3 study early due to business reasons. For the 82 subjects enrolled no scans had been collected at the time of termination, therefore no data were analyzed. ||| A decision was made to terminate this Phase 3 study early due to business reasons. For the 84 subjects enrolled no scans had been collected at the time of termination, therefore no data were analyzed.	None;None	;	Participants denominator = 0 for this group
NCT04387071	treatment (cmp-001, incagn01949)	ctg_results_bor_2018_2021	OG000	PRIMARY	2	2	0;1	DCR;ORR	RECIST_unversioned;RECIST1.1+iRECIST	BASIS_EXISTS	construct=DCR|ORR; assessmentCriteria=RECIST_unversioned|RECIST1.1+iRECIST; timeFrame; populationDescription	0	Disease Control Rate	YES	om 1: Objective Response Rate (CR + PR)	Disease Control Rate ||| Objective Response Rate (CR + PR)	Through end of treatment, up to 2 months ||| Through end of treatment, up to 2 months.	All enrolled subjects were included in the analysis. ||| All enrolled subjects are included in the analysis.	COUNT_OF_PARTICIPANTS;COUNT_OF_PARTICIPANTS	participants;participants	
NCT03647488	run-in part: capmatinib + spartalizumab	ctg_results_bor_2018_2021	OG000	SECONDARY	18	2	6;7	ORR;DCR	RECIST1.1;RECIST1.1	BASIS_EXISTS	construct=ORR|DCR	6	Objective Response Rate (ORR) Based on RECIST 1.1 and as Per Investigator Assessment	NO		Objective Response Rate (ORR) Based on RECIST 1.1 and as Per Investigator Assessment ||| Disease Control Rate (DCR) Based on RECIST 1.1 and as Per Investigator Assessment	From start of treatment until end of treatment, assessed up to 68 weeks (run-in part) ||| From start of treatment until end of treatment, assessed up to 68 weeks (run-in part)	All participants in the run-in who received at least one dose of any component of study treatment. ||| All participants in the run-in who received at least one dose of any component of study treatment.	NUMBER;NUMBER	percentage of participants;percentage of participants	
NCT04427072	capmatinib	ctg_results_bor_2018_2021	OG000	SECONDARY	1	2	11;14	RESPONSE_RATE_UNQUALIFIED;DCR	RANO;RANO	BASIS_EXISTS	construct=RESPONSE_RATE_UNQUALIFIED|DCR	11	Overall Intracranial Response Rate (OIRR)	UNDETERMINED(no ORR-type candidate)		Overall Intracranial Response Rate (OIRR) ||| Intracranial Disease Control Rate (IDCR)	Up to approximately 21 months ||| Up to approximately 21 months	The full analysis set - brain metastases (FAS-BM) comprised all participants in the FAS who had measurable and/or non-measurable brain metastases at baseline as determined by the BIRC and at least one post-baseline assessment. The FAS-BM was used in the analyses of intracranial anti-tumor activity per RANO-BM criteria. Data are reported for responders only. ||| The full analysis set - brain metastases (FAS-BM) comprised all participants in the FAS who had measurable and/or non-measurable brain metastases at baseline as determined by the BIRC and at least one post-baseline assessment. The FAS-BM was used in the analyses of intracranial anti-tumor activity per RANO-BM criteria. Data are reported for responders only.	NUMBER;NUMBER	percentage of participants;percentage of participants	
NCT04427072	docetaxel	ctg_results_bor_2018_2021	OG001	SECONDARY	0	2	11;14	RESPONSE_RATE_UNQUALIFIED;DCR	RANO;RANO	BASIS_EXISTS	construct=RESPONSE_RATE_UNQUALIFIED|DCR	11	Overall Intracranial Response Rate (OIRR)	UNDETERMINED(no ORR-type candidate)		Overall Intracranial Response Rate (OIRR) ||| Intracranial Disease Control Rate (IDCR)	Up to approximately 21 months ||| Up to approximately 21 months	The full analysis set - brain metastases (FAS-BM) comprised all participants in the FAS who had measurable and/or non-measurable brain metastases at baseline as determined by the BIRC and at least one post-baseline assessment. The FAS-BM was used in the analyses of intracranial anti-tumor activity per RANO-BM criteria. Data are reported for responders only. ||| The full analysis set - brain metastases (FAS-BM) comprised all participants in the FAS who had measurable and/or non-measurable brain metastases at baseline as determined by the BIRC and at least one post-baseline assessment. The FAS-BM was used in the analyses of intracranial anti-tumor activity per RANO-BM criteria. Data are reported for responders only.	NUMBER;NUMBER	percentage of participants;percentage of participants	Participants denominator = 0 for this group
NCT04750824	all afatinib patients	ctg_results_bor_2018_2021	OG000	PRIMARY	72	2	0;1	ORR;ORR	none;RECIST1.1	BASIS_EXISTS	assessmentCriteria=none|RECIST1.1	0	Objective Response Rate (ORR): Based on Charted/Physician-reported Disease Response	DEPENDS(no preregistered ordering for this field)		Objective Response Rate (ORR): Based on Charted/Physician-reported Disease Response ||| Objective Response Rate (ORR): Based on Lesion Measurements and RECIST v1.1 Criteria	From the index date (i.e., anytime between 01-January-2017 and 31-March-2020) until data collection (i.e. 11-Nov-2020 to 20-Jan-2021), up to 4 years and 19 days. ||| From the index date (i.e., anytime between 01-January-2017 and 31-March-2020) until data collection (i.e. 11-Nov-2020 to 20-Jan-2021), up to 4 years and 19 days.	All patients who initiated index therapy (i.e., afatinib in any line; other systemic therapy among those without any history of afatinib) between 01 January 2017 and 31 March 2020. ||| All patients who initiated index therapy (i.e., afatinib in any line; other systemic therapy among those without any history of afatinib) between 01 January 2017 and 31 March 2020.	NUMBER;NUMBER	percentage of patients;percentage of patients	
NCT04750824	all non-afatinib (other systemic therapies)	ctg_results_bor_2018_2021	OG001	PRIMARY	38	2	0;1	ORR;ORR	none;RECIST1.1	BASIS_EXISTS	assessmentCriteria=none|RECIST1.1	0	Objective Response Rate (ORR): Based on Charted/Physician-reported Disease Response	DEPENDS(no preregistered ordering for this field)		Objective Response Rate (ORR): Based on Charted/Physician-reported Disease Response ||| Objective Response Rate (ORR): Based on Lesion Measurements and RECIST v1.1 Criteria	From the index date (i.e., anytime between 01-January-2017 and 31-March-2020) until data collection (i.e. 11-Nov-2020 to 20-Jan-2021), up to 4 years and 19 days. ||| From the index date (i.e., anytime between 01-January-2017 and 31-March-2020) until data collection (i.e. 11-Nov-2020 to 20-Jan-2021), up to 4 years and 19 days.	All patients who initiated index therapy (i.e., afatinib in any line; other systemic therapy among those without any history of afatinib) between 01 January 2017 and 31 March 2020. ||| All patients who initiated index therapy (i.e., afatinib in any line; other systemic therapy among those without any history of afatinib) between 01 January 2017 and 31 March 2020.	NUMBER;NUMBER	percentage of patients;percentage of patients	
NCT04750824	first line afatinib patients	ctg_results_bor_2018_2021	OG002	PRIMARY	16	2	0;1	ORR;ORR	none;RECIST1.1	BASIS_EXISTS	assessmentCriteria=none|RECIST1.1	0	Objective Response Rate (ORR): Based on Charted/Physician-reported Disease Response	DEPENDS(no preregistered ordering for this field)		Objective Response Rate (ORR): Based on Charted/Physician-reported Disease Response ||| Objective Response Rate (ORR): Based on Lesion Measurements and RECIST v1.1 Criteria	From the index date (i.e., anytime between 01-January-2017 and 31-March-2020) until data collection (i.e. 11-Nov-2020 to 20-Jan-2021), up to 4 years and 19 days. ||| From the index date (i.e., anytime between 01-January-2017 and 31-March-2020) until data collection (i.e. 11-Nov-2020 to 20-Jan-2021), up to 4 years and 19 days.	All patients who initiated index therapy (i.e., afatinib in any line; other systemic therapy among those without any history of afatinib) between 01 January 2017 and 31 March 2020. ||| All patients who initiated index therapy (i.e., afatinib in any line; other systemic therapy among those without any history of afatinib) between 01 January 2017 and 31 March 2020.	NUMBER;NUMBER	percentage of patients;percentage of patients	
NCT04750824	first line non-afatinib patients	ctg_results_bor_2018_2021	OG003	PRIMARY	36	2	0;1	ORR;ORR	none;RECIST1.1	BASIS_EXISTS	assessmentCriteria=none|RECIST1.1	0	Objective Response Rate (ORR): Based on Charted/Physician-reported Disease Response	DEPENDS(no preregistered ordering for this field)		Objective Response Rate (ORR): Based on Charted/Physician-reported Disease Response ||| Objective Response Rate (ORR): Based on Lesion Measurements and RECIST v1.1 Criteria	From the index date (i.e., anytime between 01-January-2017 and 31-March-2020) until data collection (i.e. 11-Nov-2020 to 20-Jan-2021), up to 4 years and 19 days. ||| From the index date (i.e., anytime between 01-January-2017 and 31-March-2020) until data collection (i.e. 11-Nov-2020 to 20-Jan-2021), up to 4 years and 19 days.	All patients who initiated index therapy (i.e., afatinib in any line; other systemic therapy among those without any history of afatinib) between 01 January 2017 and 31 March 2020. ||| All patients who initiated index therapy (i.e., afatinib in any line; other systemic therapy among those without any history of afatinib) between 01 January 2017 and 31 March 2020.	NUMBER;NUMBER	percentage of patients;percentage of patients	
NCT05093322	dose level 1	ctg_results_bor_2018_2021	OG000	SECONDARY	10	2	6;7	ORR;DCR	RECIST1.1;RECIST1.1	BASIS_EXISTS	construct=ORR|DCR	6	Objective Response Rate (ORR)	NO		Objective Response Rate (ORR) ||| Disease Control Rate (DCR)	RECIST assessments performed at baseline (within 28 days before start of study treatment), Day 1 of Cycle 3 and until confirmed objective disease progression. Up to approximately 19 weeks. ||| RECIST assessments performed at baseline (within 28 days before start of study treatment), Day 1 of Cycle 3 and until confirmed objective disease progression. Up to approximately 19 weeks.	The Safety analysis set included all patients who received at least 1 dose of surufatinib or gemcitabine. ||| The Safety analysis set included all patients who received at least 1 dose of surufatinib or gemcitabine.	NUMBER;NUMBER	percentage of patients;percentage of patients	
NCT05093322	dose level 2	ctg_results_bor_2018_2021	OG001	SECONDARY	3	2	6;7	ORR;DCR	RECIST1.1;RECIST1.1	BASIS_EXISTS	construct=ORR|DCR	6	Objective Response Rate (ORR)	NO		Objective Response Rate (ORR) ||| Disease Control Rate (DCR)	RECIST assessments performed at baseline (within 28 days before start of study treatment), Day 1 of Cycle 3 and until confirmed objective disease progression. Up to approximately 19 weeks. ||| RECIST assessments performed at baseline (within 28 days before start of study treatment), Day 1 of Cycle 3 and until confirmed objective disease progression. Up to approximately 19 weeks.	The Safety analysis set included all patients who received at least 1 dose of surufatinib or gemcitabine. ||| The Safety analysis set included all patients who received at least 1 dose of surufatinib or gemcitabine.	NUMBER;NUMBER	percentage of patients;percentage of patients	
NCT03752177	ly3415244 dose expansion	ctg_results_bor_2018_2021	OG000	SECONDARY	0	2	2;5	ORR;DCR	RECIST_unversioned;RECIST1.1	BASIS_EXISTS	construct=ORR|DCR; assessmentCriteria=RECIST_unversioned|RECIST1.1	2	Phase1b: Objective Response Rate (ORR): Percentage of Participants Who Achieve Complete Response (CR) or Partial Response (PR)	NO		Phase1b: Objective Response Rate (ORR): Percentage of Participants Who Achieve Complete Response (CR) or Partial Response (PR) ||| Phase1b: Disease Control Rate (DCR): Percentage of Participants With a Best Overall Response of CR, PR, and Stable Disease	Baseline through Measured Progressive Disease (Up To 24 Months) ||| Baseline through Measured Progressive Disease (Up To 24 Months)	Zero participants were analyzed for this outcome. Data were not captured as study was terminated early and no participant were enrolled into Phase 1b expansion. ||| Zero participants were analyzed for this outcome. Data were not captured as study was terminated early and no participant were enrolled into Phase 1b expansion.	None;None	;	Participants denominator = 0 for this group
NCT04144140	dose expansion part	ctg_results_bor_2018_2021	OG000	PRIMARY	0	2	2;6	ORR;DCR	RECIST1.1+mRECIST;RECIST1.1+mRECIST	BASIS_EXISTS	construct=ORR|DCR; timeFrame	2	Dose Expansion Part: Objective Response Rate Based on Modified Response Evaluation Criteria In Solid Tumors (mRECIST) v1.1	NO		Dose Expansion Part: Objective Response Rate Based on Modified Response Evaluation Criteria In Solid Tumors (mRECIST) v1.1 ||| Dose Expansion Part: Disease Control Rate (DCR) Based on mRECIST v1.1	From date of first dose of study drug until confirmed CR or PR (up to 29 months) ||| From first dose of study drug until confirmed CR or PR or >=5 weeks after first dose for SD (up to 29 months)	The full analysis set included all participants who received at least 1 dose of study drug. No participants were enrolled in the Dose Expansion part. Hence, no data collection and analysis were done during Dose Expansion part. ||| The full analysis set included all participants who received at least 1 dose of study drug. No participants were enrolled in the Dose Expansion part. Hence, no data collection and analysis were done during Dose Expansion part.	None;None	;	Participants denominator = 0 for this group
NCT03538717	long responders to axitinib	ctg_results_bor_2018_2021	OG000	SECONDARY	91	2	23;24	ORR;CBR	RECIST1.1;RECIST1.1	BASIS_EXISTS	construct=ORR|CBR	23	Objective Response Rate (ORR) to Axitinib as Second Line of Treatment and Subsequent Treatment in Group of Long Responders	NO		Objective Response Rate (ORR) to Axitinib as Second Line of Treatment and Subsequent Treatment in Group of Long Responders ||| Clinical Benefit Rate (CBR) to Axitinib as the Second Line of Treatment and Subsequent Treatment in Group of Long Responders	From first dose of axitinib as second line of treatment and from first dose of axitinib as subsequent treatment up to a maximum axitinib therapy duration of 5.4 years approximately (data collected and observed retrospectively for 1 year) ||| From first dose of axitinib as second line of treatment and from first dose of axitinib as subsequent treatment up to a maximum axitinib therapy duration of 5.4 years approximately (data collected and observed retrospectively for 1 year)	FAS population was analyzed. This outcome measure as per protocol was intended to be analyzed only in long responders group. ||| FAS population was analyzed. This outcome measure as per protocol was intended to be analyzed only in long responders group.	COUNT_OF_PARTICIPANTS;COUNT_OF_PARTICIPANTS	participants;participants	
NCT03662659	bms986213 + chemotherapy	ctg_results_bor_2018_2021	OG000	PRIMARY	97	2	0;9	ORR;ORR	none;none	BASIS_EXISTS	timeFrame	0	BICR-Assessed Objective Response Rate (ORR) in Randomized LAG-3 Positive (>=1 %) Participants	DEPENDS(no preregistered ordering for this field)		BICR-Assessed Objective Response Rate (ORR) in Randomized LAG-3 Positive (>=1 %) Participants ||| BICR-Assessed Objective Response Rate (ORR) in Randomized LAG-3 Positive (>=1 %) Participants - Extended Collection	Up to 25 months ||| From randomization date to the date of objectively documented progression, death due to any cause, or date of subsequent anticancer therapy, whichever occurs first (Up to 63 months)	All randomized LAG-3 positive (\>=1%) participants ||| All randomized LAG-3 positive (\>=1%) participants	NUMBER;NUMBER	percentage of participants;percentage of participants	
NCT03662659	nivolumab + chemotherapy	ctg_results_bor_2018_2021	OG001	PRIMARY	98	2	0;9	ORR;ORR	none;none	BASIS_EXISTS	timeFrame	0	BICR-Assessed Objective Response Rate (ORR) in Randomized LAG-3 Positive (>=1 %) Participants	DEPENDS(no preregistered ordering for this field)		BICR-Assessed Objective Response Rate (ORR) in Randomized LAG-3 Positive (>=1 %) Participants ||| BICR-Assessed Objective Response Rate (ORR) in Randomized LAG-3 Positive (>=1 %) Participants - Extended Collection	Up to 25 months ||| From randomization date to the date of objectively documented progression, death due to any cause, or date of subsequent anticancer therapy, whichever occurs first (Up to 63 months)	All randomized LAG-3 positive (\>=1%) participants ||| All randomized LAG-3 positive (\>=1%) participants	NUMBER;NUMBER	percentage of participants;percentage of participants	
NCT03525834	everolimus	ctg_results_bor_2018_2021	OG000	SECONDARY	40	2	1;2	BOR_DISTRIBUTION;PROGRESSION_STATUS	none;none	BASIS_EXISTS	construct=BOR_DISTRIBUTION|PROGRESSION_STATUS	1	Percentage of Participants With Best Overall Response (BOR) Status of Angiomyolipoma (AML) Response During Maximum Treatment Duration of 48 Weeks	UNDETERMINED(no ORR-type candidate)		Percentage of Participants With Best Overall Response (BOR) Status of Angiomyolipoma (AML) Response During Maximum Treatment Duration of 48 Weeks ||| Percentage of Participants With Best Overall Response Status of Angiomyolipoma (AML) Progression During Maximum Treatment Duration of 48 Weeks	Baseline, 48 weeks ||| Baseline, 48 weeks	All participants who received at least one dose of study treatment ||| All participants who received at least one dose of study treatment	COUNT_OF_PARTICIPANTS;COUNT_OF_PARTICIPANTS	participants;participants	
NCT03761914	ovarian cancer (ovc)	ctg_results_bor_2018_2021	OG000	PRIMARY	16	2	0;1	ORR;ORR	RECIST1.1;RECIST1.1	BASIS_EXISTS	populationDescription	0	Overall Response Rate (ORR) - Best Overall Response	DEPENDS(no preregistered ordering for this field)		Overall Response Rate (ORR) - Best Overall Response ||| Overall Response Rate (ORR) - Overall Response Rate	33 months ||| 33 months	Participants who have received at least one dose of pembrolizumab (mITT population). Patients only enrolled in the Ovarian Cancer (OvC) arm. One subject enrolled in the Colorectal Cancer (CRC) arm but discontinued before efficacy can be assessed. The other arms/groups were removed from this study. ||| Participants who have received at least one dose of pembrolizumab (mITT population). Patients only enrolled in the Ovarian Cancer (OvC) arm. One subject from the Colorectal Cancer (CRC) arm enrolled but discontinued before efficacy can be assessed. The other arms/groups were removed from this study.	COUNT_OF_PARTICIPANTS;COUNT_OF_PARTICIPANTS	participants;participants	
NCT04139317	capmatinib 400mg bid + pembrolizumab 200mg q3w	ctg_results_bor_2018_2021	OG000	SECONDARY	51	2	1;2	ORR;DCR	RECIST1.1;RECIST1.1	BASIS_EXISTS	construct=ORR|DCR	1	Overall Response Rate (ORR) by Investigator Assessment as Per RECIST 1.1	NO		Overall Response Rate (ORR) by Investigator Assessment as Per RECIST 1.1 ||| Disease Control Rate (DCR) by Investigator Assessment as Per RECIST 1.1	Up to 1.3 years ||| Up to 1.3 years	All patients to whom study treatment had been assigned by randomization. ||| All patients to whom study treatment had been assigned by randomization.	NUMBER;NUMBER	percentage of participants;percentage of participants	
NCT04139317	pembrolizumab 200mg q3w	ctg_results_bor_2018_2021	OG001	SECONDARY	25	2	1;2	ORR;DCR	RECIST1.1;RECIST1.1	BASIS_EXISTS	construct=ORR|DCR	1	Overall Response Rate (ORR) by Investigator Assessment as Per RECIST 1.1	NO		Overall Response Rate (ORR) by Investigator Assessment as Per RECIST 1.1 ||| Disease Control Rate (DCR) by Investigator Assessment as Per RECIST 1.1	Up to 1.3 years ||| Up to 1.3 years	All patients to whom study treatment had been assigned by randomization. ||| All patients to whom study treatment had been assigned by randomization.	NUMBER;NUMBER	percentage of participants;percentage of participants	
NCT04421378	arm c: selinexor + lomustine/carmustine	ctg_results_bor_2018_2021	OG000	SECONDARY	19	2	7;8	ORR;DCR	RANO;RANO	BASIS_EXISTS	construct=ORR|DCR	7	Phase 1a and 1b: Overall Response Rate (ORR) Based on Modified Response Assessment in Neuro-Oncology (RANO) Criteria in Arm C, D and E	NO		Phase 1a and 1b: Overall Response Rate (ORR) Based on Modified Response Assessment in Neuro-Oncology (RANO) Criteria in Arm C, D and E ||| Phase 1a and 1b: Disease Control Rate (DCR) Based on Modified Response Assessment in Neuro-Oncology (RANO) Criteria in Arm C, D and E	From first dose of study treatment until death due to any cause (Up to 15.41 months) ||| From first dose of study treatment until death due to any cause (Up to 15.41 months)	The mITT population consisted of participants in Phase 1a and Phase 1b who have been assigned to study intervention and who have received \>=1 dose of study drug. Due to the early study termination and pre-specified analysis, data was collected/reported according to disease characteristics and combined dose range (60 to 80 mg or 40 to 80 mg) participants received regardless of study phase. The 'per arm' or 'per dose level' data was not collected. ||| The mITT population consisted of participants in Phase 1a and Phase 1b who have been assigned to study intervention and who have received \>=1 dose of study drug. Due to the early study termination and pre-specified analysis, data was collected/reported according to disease characteristics and combined dose range (60 to 80 mg or 40 to 80 mg) participants received regardless of study phase. The 'per arm' or 'per dose level' data was not collected.	NUMBER;NUMBER	percentage of participants;percentage of participants	
NCT04421378	arm d: selinexor + bevacizumab	ctg_results_bor_2018_2021	OG001	SECONDARY	14	2	7;8	ORR;DCR	RANO;RANO	BASIS_EXISTS	construct=ORR|DCR	7	Phase 1a and 1b: Overall Response Rate (ORR) Based on Modified Response Assessment in Neuro-Oncology (RANO) Criteria in Arm C, D and E	NO		Phase 1a and 1b: Overall Response Rate (ORR) Based on Modified Response Assessment in Neuro-Oncology (RANO) Criteria in Arm C, D and E ||| Phase 1a and 1b: Disease Control Rate (DCR) Based on Modified Response Assessment in Neuro-Oncology (RANO) Criteria in Arm C, D and E	From first dose of study treatment until death due to any cause (Up to 15.41 months) ||| From first dose of study treatment until death due to any cause (Up to 15.41 months)	The mITT population consisted of participants in Phase 1a and Phase 1b who have been assigned to study intervention and who have received \>=1 dose of study drug. Due to the early study termination and pre-specified analysis, data was collected/reported according to disease characteristics and combined dose range (60 to 80 mg or 40 to 80 mg) participants received regardless of study phase. The 'per arm' or 'per dose level' data was not collected. ||| The mITT population consisted of participants in Phase 1a and Phase 1b who have been assigned to study intervention and who have received \>=1 dose of study drug. Due to the early study termination and pre-specified analysis, data was collected/reported according to disease characteristics and combined dose range (60 to 80 mg or 40 to 80 mg) participants received regardless of study phase. The 'per arm' or 'per dose level' data was not collected.	NUMBER;NUMBER	percentage of participants;percentage of participants	
NCT04421378	arm e: selinexor + tumor treating fields	ctg_results_bor_2018_2021	OG002	SECONDARY	3	2	7;8	ORR;DCR	RANO;RANO	BASIS_EXISTS	construct=ORR|DCR	7	Phase 1a and 1b: Overall Response Rate (ORR) Based on Modified Response Assessment in Neuro-Oncology (RANO) Criteria in Arm C, D and E	NO		Phase 1a and 1b: Overall Response Rate (ORR) Based on Modified Response Assessment in Neuro-Oncology (RANO) Criteria in Arm C, D and E ||| Phase 1a and 1b: Disease Control Rate (DCR) Based on Modified Response Assessment in Neuro-Oncology (RANO) Criteria in Arm C, D and E	From first dose of study treatment until death due to any cause (Up to 15.41 months) ||| From first dose of study treatment until death due to any cause (Up to 15.41 months)	The mITT population consisted of participants in Phase 1a and Phase 1b who have been assigned to study intervention and who have received \>=1 dose of study drug. Due to the early study termination and pre-specified analysis, data was collected/reported according to disease characteristics and combined dose range (60 to 80 mg or 40 to 80 mg) participants received regardless of study phase. The 'per arm' or 'per dose level' data was not collected. ||| The mITT population consisted of participants in Phase 1a and Phase 1b who have been assigned to study intervention and who have received \>=1 dose of study drug. Due to the early study termination and pre-specified analysis, data was collected/reported according to disease characteristics and combined dose range (60 to 80 mg or 40 to 80 mg) participants received regardless of study phase. The 'per arm' or 'per dose level' data was not collected.	NUMBER;NUMBER	percentage of participants;percentage of participants	
NCT04072445	treatment (trifluridine and tipiracil, irinotecan)	ctg_results_bor_2018_2021	OG000	SECONDARY	20	2	1;2	ORR;DCR	none;none	BASIS_EXISTS	construct=ORR|DCR	1	Overall Response Rate (ORR)	NO		Overall Response Rate (ORR) ||| Disease Control Rate (DCR)	Up to 20 months ||| Up to 20 months	7 patients went off treatment early on and weren't evaluated for response post-baseline ||| 7 patients went off treatment early on and weren't evaluated for response post-baseline	NUMBER;NUMBER	percentage of participants;percentage of participants	
NCT04543188	phase 1b: cohort 1	ctg_results_bor_2018_2021	OG000	PRIMARY	1	2	7;9	RESPONSE_RATE_UNQUALIFIED;ORR	RECIST1.1;RECIST1.1+mRECIST	BASIS_EXISTS	construct=RESPONSE_RATE_UNQUALIFIED|ORR; assessmentCriteria=RECIST1.1|RECIST1.1+mRECIST; populationDescription	7	Extracranial Response Rate by Response Evaluation Criteria in Solid Tumors (RECIST) v1.1: Phase 1b	YES	om 9: Overall Response Rate (ORR): Phase 1b	Extracranial Response Rate by Response Evaluation Criteria in Solid Tumors (RECIST) v1.1: Phase 1b ||| Overall Response Rate (ORR): Phase 1b	From date of first dose until CR or PR (maximum treatment exposure: 400 days) ||| From date of first dose until CR or PR (maximum treatment exposure: 400 days)	Extracranial response evaluable set included all participants enrolled and received at least one dose of study treatment and had measurable tumor at baseline and at least one post baseline extracranial assessment. ||| The response evaluable population included all participants who received at least one dose of study treatment and had measurable disease at baseline and at least one post baseline disease assessment.	NUMBER;NUMBER	percentage of participants;percentage of participants	
NCT04543188	phase 1b: cohort 3	ctg_results_bor_2018_2021	OG001	PRIMARY	1	2	7;9	RESPONSE_RATE_UNQUALIFIED;ORR	RECIST1.1;RECIST1.1+mRECIST	BASIS_EXISTS	construct=RESPONSE_RATE_UNQUALIFIED|ORR; assessmentCriteria=RECIST1.1|RECIST1.1+mRECIST; populationDescription	7	Extracranial Response Rate by Response Evaluation Criteria in Solid Tumors (RECIST) v1.1: Phase 1b	YES	om 9: Overall Response Rate (ORR): Phase 1b	Extracranial Response Rate by Response Evaluation Criteria in Solid Tumors (RECIST) v1.1: Phase 1b ||| Overall Response Rate (ORR): Phase 1b	From date of first dose until CR or PR (maximum treatment exposure: 400 days) ||| From date of first dose until CR or PR (maximum treatment exposure: 400 days)	Extracranial response evaluable set included all participants enrolled and received at least one dose of study treatment and had measurable tumor at baseline and at least one post baseline extracranial assessment. ||| The response evaluable population included all participants who received at least one dose of study treatment and had measurable disease at baseline and at least one post baseline disease assessment.	NUMBER;NUMBER	percentage of participants;percentage of participants	
NCT04543188	phase 1b: cohort 4	ctg_results_bor_2018_2021	OG002	PRIMARY	1	2	7;9	RESPONSE_RATE_UNQUALIFIED;ORR	RECIST1.1;RECIST1.1+mRECIST	BASIS_EXISTS	construct=RESPONSE_RATE_UNQUALIFIED|ORR; assessmentCriteria=RECIST1.1|RECIST1.1+mRECIST; populationDescription	7	Extracranial Response Rate by Response Evaluation Criteria in Solid Tumors (RECIST) v1.1: Phase 1b	YES	om 9: Overall Response Rate (ORR): Phase 1b	Extracranial Response Rate by Response Evaluation Criteria in Solid Tumors (RECIST) v1.1: Phase 1b ||| Overall Response Rate (ORR): Phase 1b	From date of first dose until CR or PR (maximum treatment exposure: 400 days) ||| From date of first dose until CR or PR (maximum treatment exposure: 400 days)	Extracranial response evaluable set included all participants enrolled and received at least one dose of study treatment and had measurable tumor at baseline and at least one post baseline extracranial assessment. ||| The response evaluable population included all participants who received at least one dose of study treatment and had measurable disease at baseline and at least one post baseline disease assessment.	NUMBER;NUMBER	percentage of participants;percentage of participants	
NCT04543188	phase 1a: pf-07284890 50 mg qd	ctg_results_bor_2018_2021	OG000	SECONDARY	2	2	26;28	RESPONSE_RATE_UNQUALIFIED;ORR	RECIST1.1;RECIST1.1+mRECIST	BASIS_EXISTS	construct=RESPONSE_RATE_UNQUALIFIED|ORR; assessmentCriteria=RECIST1.1|RECIST1.1+mRECIST; populationDescription	26	Extracranial Response Rate by RECISTv1.1: Phase 1a	YES	om 28: ORR by RECISTv1.1: Phase 1a	Extracranial Response Rate by RECISTv1.1: Phase 1a ||| ORR by RECISTv1.1: Phase 1a	From date of first dose until CR or PR (maximum treatment exposure: 542 days) ||| From date of first dose until CR or PR (maximum treatment exposure: 542 days)	Extracranial response evaluable set included all participants enrolled and received at least one dose of study treatment and had measurable tumor at baseline and at least one post baseline extracranial assessment. ||| The response evaluable population included all participants who received at least one dose of study treatment and had measurable disease at baseline and at least one post baseline disease assessment.	NUMBER;NUMBER	percentage of participants;percentage of participants	
NCT04543188	phase 1a: pf-07284890 200 mg qd	ctg_results_bor_2018_2021	OG002	SECONDARY	3	2	26;28	RESPONSE_RATE_UNQUALIFIED;ORR	RECIST1.1;RECIST1.1+mRECIST	BASIS_EXISTS	construct=RESPONSE_RATE_UNQUALIFIED|ORR; assessmentCriteria=RECIST1.1|RECIST1.1+mRECIST; populationDescription	26	Extracranial Response Rate by RECISTv1.1: Phase 1a	YES	om 28: ORR by RECISTv1.1: Phase 1a	Extracranial Response Rate by RECISTv1.1: Phase 1a ||| ORR by RECISTv1.1: Phase 1a	From date of first dose until CR or PR (maximum treatment exposure: 542 days) ||| From date of first dose until CR or PR (maximum treatment exposure: 542 days)	Extracranial response evaluable set included all participants enrolled and received at least one dose of study treatment and had measurable tumor at baseline and at least one post baseline extracranial assessment. ||| The response evaluable population included all participants who received at least one dose of study treatment and had measurable disease at baseline and at least one post baseline disease assessment.	NUMBER;NUMBER	percentage of participants;percentage of participants	
NCT04543188	phase 1a: pf-07284890 200 mg bid	ctg_results_bor_2018_2021	OG003	SECONDARY	3	2	26;28	RESPONSE_RATE_UNQUALIFIED;ORR	RECIST1.1;RECIST1.1+mRECIST	BASIS_EXISTS	construct=RESPONSE_RATE_UNQUALIFIED|ORR; assessmentCriteria=RECIST1.1|RECIST1.1+mRECIST; populationDescription	26	Extracranial Response Rate by RECISTv1.1: Phase 1a	YES	om 28: ORR by RECISTv1.1: Phase 1a	Extracranial Response Rate by RECISTv1.1: Phase 1a ||| ORR by RECISTv1.1: Phase 1a	From date of first dose until CR or PR (maximum treatment exposure: 542 days) ||| From date of first dose until CR or PR (maximum treatment exposure: 542 days)	Extracranial response evaluable set included all participants enrolled and received at least one dose of study treatment and had measurable tumor at baseline and at least one post baseline extracranial assessment. ||| The response evaluable population included all participants who received at least one dose of study treatment and had measurable disease at baseline and at least one post baseline disease assessment.	NUMBER;NUMBER	percentage of participants;percentage of participants	
NCT04543188	phase 1a: pf-07284890 300 mg bid	ctg_results_bor_2018_2021	OG004	SECONDARY	6	2	26;28	RESPONSE_RATE_UNQUALIFIED;ORR	RECIST1.1;RECIST1.1+mRECIST	BASIS_EXISTS	construct=RESPONSE_RATE_UNQUALIFIED|ORR; assessmentCriteria=RECIST1.1|RECIST1.1+mRECIST; populationDescription	26	Extracranial Response Rate by RECISTv1.1: Phase 1a	YES	om 28: ORR by RECISTv1.1: Phase 1a	Extracranial Response Rate by RECISTv1.1: Phase 1a ||| ORR by RECISTv1.1: Phase 1a	From date of first dose until CR or PR (maximum treatment exposure: 542 days) ||| From date of first dose until CR or PR (maximum treatment exposure: 542 days)	Extracranial response evaluable set included all participants enrolled and received at least one dose of study treatment and had measurable tumor at baseline and at least one post baseline extracranial assessment. ||| The response evaluable population included all participants who received at least one dose of study treatment and had measurable disease at baseline and at least one post baseline disease assessment.	NUMBER;NUMBER	percentage of participants;percentage of participants	
NCT04543188	phase 1a: pf-07284890 100 mg qd + binimetinib 45 mg bid	ctg_results_bor_2018_2021	OG006	SECONDARY	4	2	26;28	RESPONSE_RATE_UNQUALIFIED;ORR	RECIST1.1;RECIST1.1+mRECIST	BASIS_EXISTS	construct=RESPONSE_RATE_UNQUALIFIED|ORR; assessmentCriteria=RECIST1.1|RECIST1.1+mRECIST; populationDescription	26	Extracranial Response Rate by RECISTv1.1: Phase 1a	YES	om 28: ORR by RECISTv1.1: Phase 1a	Extracranial Response Rate by RECISTv1.1: Phase 1a ||| ORR by RECISTv1.1: Phase 1a	From date of first dose until CR or PR (maximum treatment exposure: 542 days) ||| From date of first dose until CR or PR (maximum treatment exposure: 542 days)	Extracranial response evaluable set included all participants enrolled and received at least one dose of study treatment and had measurable tumor at baseline and at least one post baseline extracranial assessment. ||| The response evaluable population included all participants who received at least one dose of study treatment and had measurable disease at baseline and at least one post baseline disease assessment.	NUMBER;NUMBER	percentage of participants;percentage of participants	
NCT04543188	phase 1a: pf-07284890 100 mg bid + binimetinib 45 mg bid	ctg_results_bor_2018_2021	OG007	SECONDARY	4	2	26;28	RESPONSE_RATE_UNQUALIFIED;ORR	RECIST1.1;RECIST1.1+mRECIST	BASIS_EXISTS	construct=RESPONSE_RATE_UNQUALIFIED|ORR; assessmentCriteria=RECIST1.1|RECIST1.1+mRECIST; populationDescription	26	Extracranial Response Rate by RECISTv1.1: Phase 1a	YES	om 28: ORR by RECISTv1.1: Phase 1a	Extracranial Response Rate by RECISTv1.1: Phase 1a ||| ORR by RECISTv1.1: Phase 1a	From date of first dose until CR or PR (maximum treatment exposure: 542 days) ||| From date of first dose until CR or PR (maximum treatment exposure: 542 days)	Extracranial response evaluable set included all participants enrolled and received at least one dose of study treatment and had measurable tumor at baseline and at least one post baseline extracranial assessment. ||| The response evaluable population included all participants who received at least one dose of study treatment and had measurable disease at baseline and at least one post baseline disease assessment.	NUMBER;NUMBER	percentage of participants;percentage of participants	
NCT04543188	phase 1a: pf-07284890 150 mg bid + binimetinib 45 mg bid	ctg_results_bor_2018_2021	OG008	SECONDARY	1	2	26;28	RESPONSE_RATE_UNQUALIFIED;ORR	RECIST1.1;RECIST1.1+mRECIST	BASIS_EXISTS	construct=RESPONSE_RATE_UNQUALIFIED|ORR; assessmentCriteria=RECIST1.1|RECIST1.1+mRECIST; populationDescription	26	Extracranial Response Rate by RECISTv1.1: Phase 1a	YES	om 28: ORR by RECISTv1.1: Phase 1a	Extracranial Response Rate by RECISTv1.1: Phase 1a ||| ORR by RECISTv1.1: Phase 1a	From date of first dose until CR or PR (maximum treatment exposure: 542 days) ||| From date of first dose until CR or PR (maximum treatment exposure: 542 days)	Extracranial response evaluable set included all participants enrolled and received at least one dose of study treatment and had measurable tumor at baseline and at least one post baseline extracranial assessment. ||| The response evaluable population included all participants who received at least one dose of study treatment and had measurable disease at baseline and at least one post baseline disease assessment.	NUMBER;NUMBER	percentage of participants;percentage of participants	
NCT04543188	phase 1a: pf-07284890 225 mg bid + binimetinib 45 mg bid	ctg_results_bor_2018_2021	OG009	SECONDARY	3	2	26;28	RESPONSE_RATE_UNQUALIFIED;ORR	RECIST1.1;RECIST1.1+mRECIST	BASIS_EXISTS	construct=RESPONSE_RATE_UNQUALIFIED|ORR; assessmentCriteria=RECIST1.1|RECIST1.1+mRECIST; populationDescription	26	Extracranial Response Rate by RECISTv1.1: Phase 1a	YES	om 28: ORR by RECISTv1.1: Phase 1a	Extracranial Response Rate by RECISTv1.1: Phase 1a ||| ORR by RECISTv1.1: Phase 1a	From date of first dose until CR or PR (maximum treatment exposure: 542 days) ||| From date of first dose until CR or PR (maximum treatment exposure: 542 days)	Extracranial response evaluable set included all participants enrolled and received at least one dose of study treatment and had measurable tumor at baseline and at least one post baseline extracranial assessment. ||| The response evaluable population included all participants who received at least one dose of study treatment and had measurable disease at baseline and at least one post baseline disease assessment.	NUMBER;NUMBER	percentage of participants;percentage of participants	
NCT04543188	phase 1a: pf-07284890 300 mg bid + binimetinib 45 mg bid	ctg_results_bor_2018_2021	OG010	SECONDARY	5	2	26;28	RESPONSE_RATE_UNQUALIFIED;ORR	RECIST1.1;RECIST1.1+mRECIST	BASIS_EXISTS	construct=RESPONSE_RATE_UNQUALIFIED|ORR; assessmentCriteria=RECIST1.1|RECIST1.1+mRECIST; populationDescription	26	Extracranial Response Rate by RECISTv1.1: Phase 1a	YES	om 28: ORR by RECISTv1.1: Phase 1a	Extracranial Response Rate by RECISTv1.1: Phase 1a ||| ORR by RECISTv1.1: Phase 1a	From date of first dose until CR or PR (maximum treatment exposure: 542 days) ||| From date of first dose until CR or PR (maximum treatment exposure: 542 days)	Extracranial response evaluable set included all participants enrolled and received at least one dose of study treatment and had measurable tumor at baseline and at least one post baseline extracranial assessment. ||| The response evaluable population included all participants who received at least one dose of study treatment and had measurable disease at baseline and at least one post baseline disease assessment.	NUMBER;NUMBER	percentage of participants;percentage of participants	
NCT04436107	gcb subtype: zanubrutinib + lenalidomide 25 mg	ctg_results_bor_2018_2021	OG000	SECONDARY	16	2	27;30	ORR;CR_RATE	Lugano;Lugano	BASIS_EXISTS	construct=ORR|CR_RATE; populationDescription	27	Part 2: Overall Response Rate by Immunohistochemistry Subtypes	NO		Part 2: Overall Response Rate by Immunohistochemistry Subtypes ||| Part 2: Complete Response Rate by Immunohistochemistry Subtypes	Response was assessed every 12 weeks for the first 48 weeks and every 16 weeks for the next 48 weeks and every 24 weeks thereafter; maximum time on follow-up was 31 months in the RP2D group. ||| Response was assessed every 12 weeks for the first 48 weeks and every 16 weeks for the next 48 weeks and every 24 weeks thereafter; maximum time on follow-up was 31 months in the RP2D group.	The efficacy analysis set was defined as all participants who were exposed to at least one dose of medication with confirmed R/R DLBCL. Participants with no post-baseline response assessments were treated as non-responders. For Part 2 clinical outcomes analyzed by subtype, results include all participants who received the RP2D of lenalidomide (25 mg) with non-missing subtype. ||| The efficacy analysis set was defined as all participants who were exposed to at least one dose of medication with confirmed R/R DLBCL. Participants with no post-baseline response assessments were treated as non-responders. CRR by IHC subtype was a prespecified secondary endpoint in Part 2 only. For Part 2 clinical outcomes analyzed by subtype, results include all participants who received the RP2D of lenalidomide (25 mg) with non-missing subtype.	NUMBER;NUMBER	percentage of participants;percentage of participants	
NCT04436107	non-gcb subtype: zanubrutinib + lenalidomide 25 mg	ctg_results_bor_2018_2021	OG001	SECONDARY	34	2	27;30	ORR;CR_RATE	Lugano;Lugano	BASIS_EXISTS	construct=ORR|CR_RATE; populationDescription	27	Part 2: Overall Response Rate by Immunohistochemistry Subtypes	NO		Part 2: Overall Response Rate by Immunohistochemistry Subtypes ||| Part 2: Complete Response Rate by Immunohistochemistry Subtypes	Response was assessed every 12 weeks for the first 48 weeks and every 16 weeks for the next 48 weeks and every 24 weeks thereafter; maximum time on follow-up was 31 months in the RP2D group. ||| Response was assessed every 12 weeks for the first 48 weeks and every 16 weeks for the next 48 weeks and every 24 weeks thereafter; maximum time on follow-up was 31 months in the RP2D group.	The efficacy analysis set was defined as all participants who were exposed to at least one dose of medication with confirmed R/R DLBCL. Participants with no post-baseline response assessments were treated as non-responders. For Part 2 clinical outcomes analyzed by subtype, results include all participants who received the RP2D of lenalidomide (25 mg) with non-missing subtype. ||| The efficacy analysis set was defined as all participants who were exposed to at least one dose of medication with confirmed R/R DLBCL. Participants with no post-baseline response assessments were treated as non-responders. CRR by IHC subtype was a prespecified secondary endpoint in Part 2 only. For Part 2 clinical outcomes analyzed by subtype, results include all participants who received the RP2D of lenalidomide (25 mg) with non-missing subtype.	NUMBER;NUMBER	percentage of participants;percentage of participants	
NCT04436107	abc subtype: zanubrutinib + lenalidomide 25 mg	ctg_results_bor_2018_2021	OG000	SECONDARY	35	2	28;31	ORR;CR_RATE	Lugano;Lugano	BASIS_EXISTS	construct=ORR|CR_RATE; populationDescription	28	Part 2: Overall Response Rate by Gene Expression Profiling Subtypes	NO		Part 2: Overall Response Rate by Gene Expression Profiling Subtypes ||| Part 2: Complete Response Rate by Gene Expression Profiling Subtypes	Response was assessed every 12 weeks for the first 48 weeks and every 16 weeks for the next 48 weeks and every 24 weeks thereafter; maximum time on follow-up was 31 months in the RP2D group. ||| Response was assessed every 12 weeks for the first 48 weeks and every 16 weeks for the next 48 weeks and every 24 weeks thereafter; maximum time on follow-up was 31 months in the RP2D group.	The efficacy analysis set was defined as all participants who were exposed to at least one dose of medication with confirmed R/R DLBCL. Participants with no post-baseline response assessments were treated as non-responders. For Part 2 clinical outcomes analyzed by subtype, results include all participants who received the RP2D of lenalidomide (25 mg) with non-missing subtype (four participants had a missing GEP-subtype and are not included). ||| The efficacy analysis set was defined as all participants who were exposed to at least one dose of medication with confirmed R/R DLBCL. Participants with no post-baseline response assessments were treated as non-responders. CRR by GEP subtype was a prespecified secondary endpoint in Part 2 only. For Part 2 clinical outcomes analyzed by subtype, results include all participants who received the RP2D of lenalidomide (25 mg) with non-missing subtype.	NUMBER;NUMBER	percentage of participants;percentage of participants	
NCT03790111	xermelo 250mg plus 1l therapy for a week, then xermelo 500mg	ctg_results_bor_2018_2021	OG000	SECONDARY	53	5	6;7;8;9;10	DCR;DCR;ORR;ORR;RESPONSE_RATE_UNQUALIFIED	none;none;none;none;none	BASIS_EXISTS	construct=DCR|DCR|ORR|ORR|RESPONSE_RATE_UNQUALIFIED; timeFrame	6	Disease Control Rate (DCR), Central Radiologist's Assessment	YES	om 8: Overall (Objective) Response Rate (ORR), Central Radiologist's Assessment	Disease Control Rate (DCR), Central Radiologist's Assessment ||| Disease Control Rate (DCR), Central Radiologist's Assessment ||| Overall (Objective) Response Rate (ORR), Central Radiologist's Assessment ||| Overall (Objective) Response Rate (ORR), Central Radiologist's Assessment ||| Overall (Objective) Response Rate, Central Radiologist's Assessment	Month 12 ||| End of Study up to 24 months ||| Month 6 ||| Month 12 ||| End of Study as defined up to 24 months	Safety Population ||| Safety Population ||| Safety Population ||| Safety Population ||| Safety Population	COUNT_OF_PARTICIPANTS;COUNT_OF_PARTICIPANTS;COUNT_OF_PARTICIPANTS;COUNT_OF_PARTICIPANTS;COUNT_OF_PARTICIPANTS	participants;participants;participants;participants;participants	
NCT03685344	dose escalation: loncastuximab tesirine 90 μg/kg	ctg_results_bor_2018_2021	OG000	SECONDARY	3	2	4;6	ORR;CR_RATE	Lugano;Lugano	BASIS_EXISTS	construct=ORR|CR_RATE	4	Overall Response Rate (ORR)	NO		Overall Response Rate (ORR) ||| Complete Response Rate (CRR)	Up to 1.5 years ||| Up to 1.5 years	Efficacy analysis set - All participants who received at least one dose of study drug, had valid baseline disease assessment(s) and at least one valid post-baseline disease assessment. Participants who did not have a post-baseline assessment due to early clinical progression or death (after receiving study drug) were also included. The study was terminated prior to initiation of the dose expansion, so results are only presented for the dose escalation. ||| Efficacy analysis set - All participants who received at least one dose of study drug, had valid baseline disease assessment(s) and at least one valid post-baseline disease assessment. Participants who did not have a post-baseline assessment due to early clinical progression or death (after receiving study drug) were also included. The study was terminated prior to initiation of the dose expansion, so results are only presented for the dose escalation.	NUMBER;NUMBER	percentage of participants;percentage of participants	
NCT03685344	dose escalation: loncastuximab tesirine 120 μg/kg	ctg_results_bor_2018_2021	OG001	SECONDARY	2	2	4;6	ORR;CR_RATE	Lugano;Lugano	BASIS_EXISTS	construct=ORR|CR_RATE	4	Overall Response Rate (ORR)	NO		Overall Response Rate (ORR) ||| Complete Response Rate (CRR)	Up to 1.5 years ||| Up to 1.5 years	Efficacy analysis set - All participants who received at least one dose of study drug, had valid baseline disease assessment(s) and at least one valid post-baseline disease assessment. Participants who did not have a post-baseline assessment due to early clinical progression or death (after receiving study drug) were also included. The study was terminated prior to initiation of the dose expansion, so results are only presented for the dose escalation. ||| Efficacy analysis set - All participants who received at least one dose of study drug, had valid baseline disease assessment(s) and at least one valid post-baseline disease assessment. Participants who did not have a post-baseline assessment due to early clinical progression or death (after receiving study drug) were also included. The study was terminated prior to initiation of the dose expansion, so results are only presented for the dose escalation.	NUMBER;NUMBER	percentage of participants;percentage of participants	
NCT03685344	dose escalation: loncastuximab tesirine 150 μg/kg	ctg_results_bor_2018_2021	OG002	SECONDARY	7	2	4;6	ORR;CR_RATE	Lugano;Lugano	BASIS_EXISTS	construct=ORR|CR_RATE	4	Overall Response Rate (ORR)	NO		Overall Response Rate (ORR) ||| Complete Response Rate (CRR)	Up to 1.5 years ||| Up to 1.5 years	Efficacy analysis set - All participants who received at least one dose of study drug, had valid baseline disease assessment(s) and at least one valid post-baseline disease assessment. Participants who did not have a post-baseline assessment due to early clinical progression or death (after receiving study drug) were also included. The study was terminated prior to initiation of the dose expansion, so results are only presented for the dose escalation. ||| Efficacy analysis set - All participants who received at least one dose of study drug, had valid baseline disease assessment(s) and at least one valid post-baseline disease assessment. Participants who did not have a post-baseline assessment due to early clinical progression or death (after receiving study drug) were also included. The study was terminated prior to initiation of the dose expansion, so results are only presented for the dose escalation.	NUMBER;NUMBER	percentage of participants;percentage of participants	
NCT03685344	dose expansion: loncastuximab tesirine	ctg_results_bor_2018_2021	OG003	SECONDARY	0	2	4;6	ORR;CR_RATE	Lugano;Lugano	BASIS_EXISTS	construct=ORR|CR_RATE	4	Overall Response Rate (ORR)	NO		Overall Response Rate (ORR) ||| Complete Response Rate (CRR)	Up to 1.5 years ||| Up to 1.5 years	Efficacy analysis set - All participants who received at least one dose of study drug, had valid baseline disease assessment(s) and at least one valid post-baseline disease assessment. Participants who did not have a post-baseline assessment due to early clinical progression or death (after receiving study drug) were also included. The study was terminated prior to initiation of the dose expansion, so results are only presented for the dose escalation. ||| Efficacy analysis set - All participants who received at least one dose of study drug, had valid baseline disease assessment(s) and at least one valid post-baseline disease assessment. Participants who did not have a post-baseline assessment due to early clinical progression or death (after receiving study drug) were also included. The study was terminated prior to initiation of the dose expansion, so results are only presented for the dose escalation.	NUMBER;NUMBER	percentage of participants;percentage of participants	Participants denominator = 0 for this group
NCT03906071	nivolumab and sitravatinib	ctg_results_bor_2018_2021	OG000	SECONDARY	282	2	5;7	ORR;CBR	RECIST1.1;RECIST1.1	BASIS_EXISTS	construct=ORR|CBR; populationDescription	5	Objective Response Rate (ORR) Per Central Radiographic Assessment	NO		Objective Response Rate (ORR) Per Central Radiographic Assessment ||| Clinical Benefit Rate Per Central Radiographic Assessment	From randomization until disease progression or start of new anti-cancer therapy (Up to approximately 44 months) ||| From randomization until disease progression or start of new anti-cancer therapy (Up to approximately 44 months)	The Modified Intent-to-Treat Population: all patients who are randomized into this study and have measurable disease (per RECIST 1.1) at baseline per central radiographic assessment. ||| The Modified Intent-to-Treat Population: all patients who are randomized into this study and have measurable disease (per RECIST 1.1) at baseline.	NUMBER;NUMBER	percentage of participants;percentage of participants	
NCT03906071	docetaxel	ctg_results_bor_2018_2021	OG001	SECONDARY	290	2	5;7	ORR;CBR	RECIST1.1;RECIST1.1	BASIS_EXISTS	construct=ORR|CBR; populationDescription	5	Objective Response Rate (ORR) Per Central Radiographic Assessment	NO		Objective Response Rate (ORR) Per Central Radiographic Assessment ||| Clinical Benefit Rate Per Central Radiographic Assessment	From randomization until disease progression or start of new anti-cancer therapy (Up to approximately 44 months) ||| From randomization until disease progression or start of new anti-cancer therapy (Up to approximately 44 months)	The Modified Intent-to-Treat Population: all patients who are randomized into this study and have measurable disease (per RECIST 1.1) at baseline per central radiographic assessment. ||| The Modified Intent-to-Treat Population: all patients who are randomized into this study and have measurable disease (per RECIST 1.1) at baseline.	NUMBER;NUMBER	percentage of participants;percentage of participants	
NCT03969420	lead-in cohort: arm 1	ctg_results_bor_2018_2021	OG000	SECONDARY	0	2	2;4	CR_RATE;COMBINED_RESPONSE_RATE	none;none	BASIS_EXISTS	construct=CR_RATE|COMBINED_RESPONSE_RATE	2	Complete Response Rate	UNDETERMINED(no ORR-type candidate)		Complete Response Rate ||| Combined Response Rate	Response assessments were measured from date of first dose through end of treatment date, an average of 3 months ||| Response assessments were measured from date of first dose through end of treatment date, an average of 3 months	The sponsor decided not to continue the study based on the overall company strategy in AML. Data collection and analysis were not conducted. ||| The sponsor decided not to continue the study based on the overall company strategy in AML. Data collection and analysis were not conducted.	None;None	;	Participants denominator = 0 for this group
NCT03969420	lead-in cohort: arm 2	ctg_results_bor_2018_2021	OG001	SECONDARY	0	2	2;4	CR_RATE;COMBINED_RESPONSE_RATE	none;none	BASIS_EXISTS	construct=CR_RATE|COMBINED_RESPONSE_RATE	2	Complete Response Rate	UNDETERMINED(no ORR-type candidate)		Complete Response Rate ||| Combined Response Rate	Response assessments were measured from date of first dose through end of treatment date, an average of 3 months ||| Response assessments were measured from date of first dose through end of treatment date, an average of 3 months	The sponsor decided not to continue the study based on the overall company strategy in AML. Data collection and analysis were not conducted. ||| The sponsor decided not to continue the study based on the overall company strategy in AML. Data collection and analysis were not conducted.	None;None	;	Participants denominator = 0 for this group
NCT03969420	stage 1: arm 1	ctg_results_bor_2018_2021	OG002	SECONDARY	0	2	2;4	CR_RATE;COMBINED_RESPONSE_RATE	none;none	BASIS_EXISTS	construct=CR_RATE|COMBINED_RESPONSE_RATE	2	Complete Response Rate	UNDETERMINED(no ORR-type candidate)		Complete Response Rate ||| Combined Response Rate	Response assessments were measured from date of first dose through end of treatment date, an average of 3 months ||| Response assessments were measured from date of first dose through end of treatment date, an average of 3 months	The sponsor decided not to continue the study based on the overall company strategy in AML. Data collection and analysis were not conducted. ||| The sponsor decided not to continue the study based on the overall company strategy in AML. Data collection and analysis were not conducted.	None;None	;	Participants denominator = 0 for this group
NCT03969420	stage 1: arm 2	ctg_results_bor_2018_2021	OG003	SECONDARY	0	2	2;4	CR_RATE;COMBINED_RESPONSE_RATE	none;none	BASIS_EXISTS	construct=CR_RATE|COMBINED_RESPONSE_RATE	2	Complete Response Rate	UNDETERMINED(no ORR-type candidate)		Complete Response Rate ||| Combined Response Rate	Response assessments were measured from date of first dose through end of treatment date, an average of 3 months ||| Response assessments were measured from date of first dose through end of treatment date, an average of 3 months	The sponsor decided not to continue the study based on the overall company strategy in AML. Data collection and analysis were not conducted. ||| The sponsor decided not to continue the study based on the overall company strategy in AML. Data collection and analysis were not conducted.	None;None	;	Participants denominator = 0 for this group
NCT04282109	arm 1	ctg_results_bor_2018_2021	OG000	SECONDARY	93	2	2;3	ORR;DCR	none;none	BASIS_EXISTS	construct=ORR|DCR	2	Overall Response Rate (ORR)	NO		Overall Response Rate (ORR) ||| Disease Control Rate (DCR)	Up to 2 years ||| Up to 2 years	(empty) ||| (empty)	NUMBER;NUMBER	percentage of participants;percentage of participants	
NCT04282109	arm 2	ctg_results_bor_2018_2021	OG001	SECONDARY	48	2	2;3	ORR;DCR	none;none	BASIS_EXISTS	construct=ORR|DCR	2	Overall Response Rate (ORR)	NO		Overall Response Rate (ORR) ||| Disease Control Rate (DCR)	Up to 2 years ||| Up to 2 years	(empty) ||| (empty)	NUMBER;NUMBER	percentage of participants;percentage of participants	
NCT04979988	lorlatinib 2l	ctg_results_bor_2018_2021	OG000	SECONDARY	29	2	26;29	ORR;ORR	RECIST1.1;RECIST1.1	BASIS_EXISTS	timeFrame	26	Objective Response Rate for Lorlatinib as the Second Line Therapy and the Third Line or Later Therapy	DEPENDS(no preregistered ordering for this field)		Objective Response Rate for Lorlatinib as the Second Line Therapy and the Third Line or Later Therapy ||| Objective Response Rate for Alectinib	From the date of initiation of lorlatinib treatment to the date of treatment discontinuation, from 01-May-2019 to 15-Oct-2021 (approximately 30 months); retrospective data was retrieved and analyzed during 4 months of this observational study ||| From the date of initiation of alectinib treatment to the date of any-cause treatment discontinuation (maximum of 61.8 months of alectinib treatment); retrospective data was retrieved and analyzed during 4 months of this observational study	FAS comprised of participants with confirmed ALK+ NSCLC who started treatment with lorlatinib as the second-line or later therapy from 01-May-2019 to 31-Dec-2020 and had confirmed treatment with alectinib in the first line setting in a medical record. ||| FAS comprised of participants with confirmed ALK+ NSCLC who started treatment with lorlatinib as the second-line or later therapy from 01-May-2019 to 31-Dec-2020 and had confirmed treatment with alectinib in the first line setting in a medical record.	NUMBER;NUMBER	percentage of participants;percentage of participants	
NCT04979988	lorlatinib 3l or later	ctg_results_bor_2018_2021	OG001	SECONDARY	22	2	26;29	ORR;ORR	RECIST1.1;RECIST1.1	BASIS_EXISTS	timeFrame	26	Objective Response Rate for Lorlatinib as the Second Line Therapy and the Third Line or Later Therapy	DEPENDS(no preregistered ordering for this field)		Objective Response Rate for Lorlatinib as the Second Line Therapy and the Third Line or Later Therapy ||| Objective Response Rate for Alectinib	From the date of initiation of lorlatinib treatment to the date of treatment discontinuation, from 01-May-2019 to 15-Oct-2021 (approximately 30 months); retrospective data was retrieved and analyzed during 4 months of this observational study ||| From the date of initiation of alectinib treatment to the date of any-cause treatment discontinuation (maximum of 61.8 months of alectinib treatment); retrospective data was retrieved and analyzed during 4 months of this observational study	FAS comprised of participants with confirmed ALK+ NSCLC who started treatment with lorlatinib as the second-line or later therapy from 01-May-2019 to 31-Dec-2020 and had confirmed treatment with alectinib in the first line setting in a medical record. ||| FAS comprised of participants with confirmed ALK+ NSCLC who started treatment with lorlatinib as the second-line or later therapy from 01-May-2019 to 31-Dec-2020 and had confirmed treatment with alectinib in the first line setting in a medical record.	NUMBER;NUMBER	percentage of participants;percentage of participants	
NCT03583086	dose expansion - non small-cell-lung cancer acquired resistance	ctg_results_bor_2018_2021	OG000	PRIMARY	18	2	1;4	ORR;DCR	RECIST_unversioned;RECIST_unversioned	BASIS_EXISTS	construct=ORR|DCR; timeFrame	1	Objective Response Rate in Phase II.	NO		Objective Response Rate in Phase II. ||| Disease Control Rate in Phase II. Best Response Per Response Evaluation Criteria in Solid Tumors (RECIST)	Up to 1 year. ||| Up to 1 year	Patients who received 200mg vorolanib daily with 240mg nivolumab every two weeks and were available for measurement of tumor response. ||| Patients who received 200mg vorolanib daily with 240mg nivolumab every two weeks and were available for measurement of tumor response.	NUMBER;NUMBER	percentage of participants;percentage of participants	
NCT03583086	dose expansion - non small-cell-lung cancer naive	ctg_results_bor_2018_2021	OG001	PRIMARY	15	2	1;4	ORR;DCR	RECIST_unversioned;RECIST_unversioned	BASIS_EXISTS	construct=ORR|DCR; timeFrame	1	Objective Response Rate in Phase II.	NO		Objective Response Rate in Phase II. ||| Disease Control Rate in Phase II. Best Response Per Response Evaluation Criteria in Solid Tumors (RECIST)	Up to 1 year. ||| Up to 1 year	Patients who received 200mg vorolanib daily with 240mg nivolumab every two weeks and were available for measurement of tumor response. ||| Patients who received 200mg vorolanib daily with 240mg nivolumab every two weeks and were available for measurement of tumor response.	NUMBER;NUMBER	percentage of participants;percentage of participants	
NCT03583086	dose expansion - non small-cell-lung cancer primary refractory	ctg_results_bor_2018_2021	OG002	PRIMARY	17	2	1;4	ORR;DCR	RECIST_unversioned;RECIST_unversioned	BASIS_EXISTS	construct=ORR|DCR; timeFrame	1	Objective Response Rate in Phase II.	NO		Objective Response Rate in Phase II. ||| Disease Control Rate in Phase II. Best Response Per Response Evaluation Criteria in Solid Tumors (RECIST)	Up to 1 year. ||| Up to 1 year	Patients who received 200mg vorolanib daily with 240mg nivolumab every two weeks and were available for measurement of tumor response. ||| Patients who received 200mg vorolanib daily with 240mg nivolumab every two weeks and were available for measurement of tumor response.	NUMBER;NUMBER	percentage of participants;percentage of participants	
NCT03583086	dose expansion - small cell lung cancer - progressed on platinum-based chemotherapy	ctg_results_bor_2018_2021	OG003	PRIMARY	18	2	1;4	ORR;DCR	RECIST_unversioned;RECIST_unversioned	BASIS_EXISTS	construct=ORR|DCR; timeFrame	1	Objective Response Rate in Phase II.	NO		Objective Response Rate in Phase II. ||| Disease Control Rate in Phase II. Best Response Per Response Evaluation Criteria in Solid Tumors (RECIST)	Up to 1 year. ||| Up to 1 year	Patients who received 200mg vorolanib daily with 240mg nivolumab every two weeks and were available for measurement of tumor response. ||| Patients who received 200mg vorolanib daily with 240mg nivolumab every two weeks and were available for measurement of tumor response.	NUMBER;NUMBER	percentage of participants;percentage of participants	
NCT03583086	dose expansion - thymic carcinoma	ctg_results_bor_2018_2021	OG004	PRIMARY	9	2	1;4	ORR;DCR	RECIST_unversioned;RECIST_unversioned	BASIS_EXISTS	construct=ORR|DCR; timeFrame	1	Objective Response Rate in Phase II.	NO		Objective Response Rate in Phase II. ||| Disease Control Rate in Phase II. Best Response Per Response Evaluation Criteria in Solid Tumors (RECIST)	Up to 1 year. ||| Up to 1 year	Patients who received 200mg vorolanib daily with 240mg nivolumab every two weeks and were available for measurement of tumor response. ||| Patients who received 200mg vorolanib daily with 240mg nivolumab every two weeks and were available for measurement of tumor response.	NUMBER;NUMBER	percentage of participants;percentage of participants	
NCT05113966	trilaciclib + sacituzumab govitecan-hziy	ctg_results_bor_2018_2021	OG000	SECONDARY	30	2	1;2	ORR;CBR	RECIST1.1;RECIST1.1	BASIS_EXISTS	construct=ORR|CBR; populationDescription	1	Objective Response Rate (ORR)	NO		Objective Response Rate (ORR) ||| Clinical Benefit Rate (CBR)	Up to approximately 24 months ||| Up to approximately 24 months	The Response Evaluable (RE) population included all participants who were in the FAS and who had measurable (target) tumor lesion(s) at the baseline tumor assessment and either (i) had at least 1 post-baseline tumor assessment, or (ii) do not have post-dose tumor assessment but had clinical progression as noted by the Investigator, or (iii) died due to disease progression prior to their first post-baseline tumor scan. ||| RE: population included all participants who were in the FAS and who had measurable (target) tumor lesion(s) at the baseline tumor assessment and either (i) had at least 1 post-baseline tumor assessment, or (ii) did not have post-dose tumor assessment but had clinical progression as noted by the Investigator, or (iii) died due to disease progression prior to their first post-baseline tumor scan.	NUMBER;NUMBER	percentage of participants;percentage of participants	
NCT04033991	participants with mrcc and/or arcc: first line sunitinib treatment	ctg_results_bor_2018_2021	OG000	SECONDARY	622	2	6;7	BOR_DISTRIBUTION;ORR	RECIST1.1;RECIST1.1	BASIS_EXISTS	construct=BOR_DISTRIBUTION|ORR; timeFrame; unitOfMeasure=participants|percentage of participants; paramType=COUNT_OF_PARTICIPANTS|NUMBER	6	Number of Participants With Best Overall Response (BOR) for Complete Response (CR), Partial Response (PR), Stable Disease (SD), PD and Surgical CR as Per RECIST v 1.1	YES	om 7: Objective Response Rate (ORR)	Number of Participants With Best Overall Response (BOR) for Complete Response (CR), Partial Response (PR), Stable Disease (SD), PD and Surgical CR as Per RECIST v 1.1 ||| Objective Response Rate (ORR)	Start of treatment till BOR of CR, PR, PD, SD, Surgical CR, or death/initiation of new therapy, whichever occurred first; from 2002 to 30 June 2018, anytime in these 16 years (data retrieved and observed retrospectively for approximately 1.2 years) ||| From start of treatment until CR,PR,PD,death/initiation of new therapy, whichever occurred first, from inception of database(2002) until 30 June 2018, anytime in these 16 years (from data retrieved and observed retrospectively for approximately 1.2 years)	Analysis population included all eligible participants with mRCC and/or aRCC, received sunitinib as first-line treatment and/or axitinib as second-line treatment from 2002 till 30 June 2018. ||| Analysis population included all eligible participants with mRCC and/or aRCC, received sunitinib as first-line treatment and/or axitinib as second-line treatment from 2002 till 30 June 2018.	COUNT_OF_PARTICIPANTS;NUMBER	participants;percentage of participants	
NCT04033991	participants with mrcc and/or arcc: second line axitinib treatment	ctg_results_bor_2018_2021	OG001	SECONDARY	121	2	6;7	BOR_DISTRIBUTION;ORR	RECIST1.1;RECIST1.1	BASIS_EXISTS	construct=BOR_DISTRIBUTION|ORR; timeFrame; unitOfMeasure=participants|percentage of participants; paramType=COUNT_OF_PARTICIPANTS|NUMBER	6	Number of Participants With Best Overall Response (BOR) for Complete Response (CR), Partial Response (PR), Stable Disease (SD), PD and Surgical CR as Per RECIST v 1.1	YES	om 7: Objective Response Rate (ORR)	Number of Participants With Best Overall Response (BOR) for Complete Response (CR), Partial Response (PR), Stable Disease (SD), PD and Surgical CR as Per RECIST v 1.1 ||| Objective Response Rate (ORR)	Start of treatment till BOR of CR, PR, PD, SD, Surgical CR, or death/initiation of new therapy, whichever occurred first; from 2002 to 30 June 2018, anytime in these 16 years (data retrieved and observed retrospectively for approximately 1.2 years) ||| From start of treatment until CR,PR,PD,death/initiation of new therapy, whichever occurred first, from inception of database(2002) until 30 June 2018, anytime in these 16 years (from data retrieved and observed retrospectively for approximately 1.2 years)	Analysis population included all eligible participants with mRCC and/or aRCC, received sunitinib as first-line treatment and/or axitinib as second-line treatment from 2002 till 30 June 2018. ||| Analysis population included all eligible participants with mRCC and/or aRCC, received sunitinib as first-line treatment and/or axitinib as second-line treatment from 2002 till 30 June 2018.	COUNT_OF_PARTICIPANTS;NUMBER	participants;percentage of participants	
NCT03792750	bms-986205 monotherapy and in combination with nivolumab	ctg_results_bor_2018_2021	OG000	SECONDARY	12	2	15;16	ORR;BOR_DISTRIBUTION	RECIST_unversioned;RECIST_unversioned	BASIS_EXISTS	construct=ORR|BOR_DISTRIBUTION; populationDescription	15	Objective Response Rate (ORR)	NO		Objective Response Rate (ORR) ||| Best Overall Response (BOR)	From first dose up to approximately 2 years ||| From first dose up to approximately 2 years	All Treated Participants ||| All treated Participants	COUNT_OF_PARTICIPANTS;COUNT_OF_PARTICIPANTS	participants;participants	
NCT04035486	randomized: azd9291 + chemo	ctg_results_bor_2018_2021	OG000	SECONDARY	279	2	10;13	ORR;DCR	RECIST1.1;RECIST1.1	BASIS_EXISTS	construct=ORR|DCR	10	Objective Response Rate (ORR) (Randomized Component)	NO		Objective Response Rate (ORR) (Randomized Component) ||| Disease Control Rate (DCR) by Investigator (Randomized Component)	Up to approximately 33 months after the first patient is randomized. ||| Up to approximately 33 months after the first patient is randomized.	Full Analysis Set, includes all randomized participants. ||| Full Analysis Set, includes all randomized participants.	NUMBER;NUMBER	percent of participants;percent of participants	
NCT04035486	randomized: azd9291	ctg_results_bor_2018_2021	OG001	SECONDARY	278	2	10;13	ORR;DCR	RECIST1.1;RECIST1.1	BASIS_EXISTS	construct=ORR|DCR	10	Objective Response Rate (ORR) (Randomized Component)	NO		Objective Response Rate (ORR) (Randomized Component) ||| Disease Control Rate (DCR) by Investigator (Randomized Component)	Up to approximately 33 months after the first patient is randomized. ||| Up to approximately 33 months after the first patient is randomized.	Full Analysis Set, includes all randomized participants. ||| Full Analysis Set, includes all randomized participants.	NUMBER;NUMBER	percent of participants;percent of participants	
NCT04222972	arm a: treatment period- soc	ctg_results_bor_2018_2021	OG000	SECONDARY	113	3	1;6;7	ORR;CBR;DCR	RECIST1.1;RECIST1.1;RECIST1.1	BASIS_EXISTS	construct=ORR|CBR|DCR	1	Arm A vs Arm B: Objective Response Rate (ORR)	NO		Arm A vs Arm B: Objective Response Rate (ORR) ||| Arm A vs Arm B: Clinical Benefit Rate (CBR) ||| Arm A vs Arm B: Disease Control Rate (DCR)	Up to approximately 50 months ||| Up to approximately 50 months ||| Up to approximately 50 months	ITT population included all randomized participants whether or not the assigned study treatment is received. As specified in the protocol, assessment of this outcome measure was limited to Arms A and B, as the objective was to compare pralsetinib with SOC platinum-containing anticancer treatment regimens. ||| ITT population included all randomized participants whether or not the assigned study treatment is received. As specified in the protocol, assessment of this outcome measure was limited to Arms A and B, as the objective was to compare pralsetinib with SOC platinum-containing anticancer treatment regimens. ||| ITT population included all randomized participants whether or not the assigned study treatment is received. As specified in the protocol, assessment of this outcome measure was limited to Arms A and B, as the objective was to compare pralsetinib with SOC platinum-containing anticancer treatment regimens.	NUMBER;NUMBER;NUMBER	percentage of participants;percentage of participants;percentage of participants	
NCT04222972	arm b: treatment period- pralsetinib	ctg_results_bor_2018_2021	OG001	SECONDARY	110	3	1;6;7	ORR;CBR;DCR	RECIST1.1;RECIST1.1;RECIST1.1	BASIS_EXISTS	construct=ORR|CBR|DCR	1	Arm A vs Arm B: Objective Response Rate (ORR)	NO		Arm A vs Arm B: Objective Response Rate (ORR) ||| Arm A vs Arm B: Clinical Benefit Rate (CBR) ||| Arm A vs Arm B: Disease Control Rate (DCR)	Up to approximately 50 months ||| Up to approximately 50 months ||| Up to approximately 50 months	ITT population included all randomized participants whether or not the assigned study treatment is received. As specified in the protocol, assessment of this outcome measure was limited to Arms A and B, as the objective was to compare pralsetinib with SOC platinum-containing anticancer treatment regimens. ||| ITT population included all randomized participants whether or not the assigned study treatment is received. As specified in the protocol, assessment of this outcome measure was limited to Arms A and B, as the objective was to compare pralsetinib with SOC platinum-containing anticancer treatment regimens. ||| ITT population included all randomized participants whether or not the assigned study treatment is received. As specified in the protocol, assessment of this outcome measure was limited to Arms A and B, as the objective was to compare pralsetinib with SOC platinum-containing anticancer treatment regimens.	NUMBER;NUMBER;NUMBER	percentage of participants;percentage of participants;percentage of participants	
NCT03744676	lisocabtagene maraleucel (jcar017)	ctg_results_bor_2018_2021	OG000	SECONDARY	82	2	12;13	ORR;CR_RATE	Lugano;Lugano	BASIS_EXISTS	construct=ORR|CR_RATE	12	Objective Response Rate (ORR)	NO		Objective Response Rate (ORR) ||| Complete Response Rate (CRR)	From first dose to up to approximately 41 months ||| From first dose to up to approximately 41 months	All participants who received at least one JCAR017 infusion ||| All participants who received at least one JCAR017 infusion	NUMBER;NUMBER	percentage of participants;percentage of participants	
NCT04248829	lazertinib 240 mg	ctg_results_bor_2018_2021	OG000	SECONDARY	196	2	1;3	ORR;DCR	RECIST1.1;RECIST1.1	BASIS_EXISTS	construct=ORR|DCR	1	Objective Response Rate (ORR) According to RECIST v1.1 by Investigator Assessments	NO		Objective Response Rate (ORR) According to RECIST v1.1 by Investigator Assessments ||| Disease Control Rate (DCR) According to RECIST v1.1 by Investigator Assessments	At baseline and every 6 weeks for the first 18 months and then every 12 weeks relative to randomization until progression, assessed up to 29 months per participant. ||| At baseline and every 6 weeks for the first 18 months and then every 12 weeks relative to randomization until progression, assessed up to 29 months per participant.	The full analysis set (FAS), FAS included all randomized participants. ||| The full analysis set (FAS), FAS included all randomized participants.	NUMBER;NUMBER	percentage of participants;percentage of participants	
NCT04248829	gefitnib 250 mg	ctg_results_bor_2018_2021	OG001	SECONDARY	197	2	1;3	ORR;DCR	RECIST1.1;RECIST1.1	BASIS_EXISTS	construct=ORR|DCR	1	Objective Response Rate (ORR) According to RECIST v1.1 by Investigator Assessments	NO		Objective Response Rate (ORR) According to RECIST v1.1 by Investigator Assessments ||| Disease Control Rate (DCR) According to RECIST v1.1 by Investigator Assessments	At baseline and every 6 weeks for the first 18 months and then every 12 weeks relative to randomization until progression, assessed up to 29 months per participant. ||| At baseline and every 6 weeks for the first 18 months and then every 12 weeks relative to randomization until progression, assessed up to 29 months per participant.	The full analysis set (FAS), FAS included all randomized participants. ||| The full analysis set (FAS), FAS included all randomized participants.	NUMBER;NUMBER	percentage of participants;percentage of participants	
NCT03849768	hs-10296	ctg_results_bor_2018_2021	OG000	SECONDARY	214	2	1;3	ORR;DCR	RECIST1.1;none	BASIS_EXISTS	construct=ORR|DCR; assessmentCriteria=RECIST1.1|none; timeFrame; unitOfMeasure=percentage of participants|percentage	1	Percentage of Participants With Objective Response Rate (ORR)	NO		Percentage of Participants With Objective Response Rate (ORR) ||| Assess the Anti-tumor Activity: Disease Control Rate (DCR)	From baseline, then every 6 weeks, until disease progression or discontinuation from study.（up to 24 months） ||| From baseline, then every 6 weeks, until disease progression or discontinuation from study.	(empty) ||| (empty)	NUMBER;NUMBER	percentage of participants;percentage	
NCT03849768	gefitinib	ctg_results_bor_2018_2021	OG001	SECONDARY	215	2	1;3	ORR;DCR	RECIST1.1;none	BASIS_EXISTS	construct=ORR|DCR; assessmentCriteria=RECIST1.1|none; timeFrame; unitOfMeasure=percentage of participants|percentage	1	Percentage of Participants With Objective Response Rate (ORR)	NO		Percentage of Participants With Objective Response Rate (ORR) ||| Assess the Anti-tumor Activity: Disease Control Rate (DCR)	From baseline, then every 6 weeks, until disease progression or discontinuation from study.（up to 24 months） ||| From baseline, then every 6 weeks, until disease progression or discontinuation from study.	(empty) ||| (empty)	NUMBER;NUMBER	percentage of participants;percentage	
NCT04014075	trastuzumab deruxtecan	ctg_results_bor_2018_2021	OG000	PRIMARY	79	2	0;1	ORR;ORR	RECIST1.1;RECIST1.1	BASIS_EXISTS	timeFrame; populationDescription	0	Percentage of Participants With Objective Response Rate (ORR) Based on Independent Central Review Following Treatment With DS8201a in Participants With HER2-Positive Unresectable or Metastatic Gastric or Gastro-Esophageal Junction (GEJ) Adenocarcinoma	DEPENDS(no preregistered ordering for this field)		Percentage of Participants With Objective Response Rate (ORR) Based on Independent Central Review Following Treatment With DS8201a in Participants With HER2-Positive Unresectable or Metastatic Gastric or Gastro-Esophageal Junction (GEJ) Adenocarcinoma ||| Percentage of Participants With Objective Response Rate (ORR) Based on Independent Central Review Following Treatment With DS8201a in Participants With HER2-Positive Unresectable or Metastatic Gastric or Gastro-Esophageal Junction (GEJ) Adenocarcinoma	Up to 16 months (data cut-off) ||| Up to 23 months (data cut-off)	Objective response rate was assessed in the Full Analysis Set at data cut-off date of 09 April 2021. ||| Objective response rate was assessed in the Full Analysis Set at data cut-off date of 08 Nov 2021.	NUMBER;NUMBER	percentage of participants;percentage of participants	
NCT04649060	arm a (melflufen+dexamethasone+daratumumab)	ctg_results_bor_2018_2021	OG000	SECONDARY	27	2	1;4	ORR;CBR	none;none	BASIS_EXISTS	construct=ORR|CBR	1	Overall Response Rate (ORR)	NO		Overall Response Rate (ORR) ||| Clinical Benefit Rate (CBR)	From the date of randomization until the end of study (approximately 12 months). ||| From the date of randomization until the end of study (approximately 12 months).	Analysis was performed using the Full Analysis Set (FAS). ||| Analysis was performed using the Full Analysis Set (FAS).	NUMBER;NUMBER	percentage of patients;percentage of patients	
NCT04649060	arm b (daratumumab)	ctg_results_bor_2018_2021	OG001	SECONDARY	27	2	1;4	ORR;CBR	none;none	BASIS_EXISTS	construct=ORR|CBR	1	Overall Response Rate (ORR)	NO		Overall Response Rate (ORR) ||| Clinical Benefit Rate (CBR)	From the date of randomization until the end of study (approximately 12 months). ||| From the date of randomization until the end of study (approximately 12 months).	Analysis was performed using the Full Analysis Set (FAS). ||| Analysis was performed using the Full Analysis Set (FAS).	NUMBER;NUMBER	percentage of patients;percentage of patients	
NCT04408599	nc410 3mg	ctg_results_bor_2018_2021	OG000	SECONDARY	3	2	1;3	ORR;DCR	RECIST_unversioned;RECIST_unversioned	BASIS_EXISTS	construct=ORR|DCR; populationDescription	1	Objective Response Rate Per Response Evaluation Criteria in Solid Tumors (RECIST) v1.1	NO		Objective Response Rate Per Response Evaluation Criteria in Solid Tumors (RECIST) v1.1 ||| Disease Control Rate Per Response Evaluation Criteria in Solid Tumors (RECIST) v1.1	Approximately 1 year ||| Approximately 1 year	The full analysis set (FAS) includes all subjects enrolled in the study who received at least one full dose of NC410. ||| The FAS includes all subjects enrolled in the study who received at least one full dose of NC410	COUNT_OF_PARTICIPANTS;COUNT_OF_PARTICIPANTS	participants;participants	
NCT04408599	nc410 6mg	ctg_results_bor_2018_2021	OG001	SECONDARY	3	2	1;3	ORR;DCR	RECIST_unversioned;RECIST_unversioned	BASIS_EXISTS	construct=ORR|DCR; populationDescription	1	Objective Response Rate Per Response Evaluation Criteria in Solid Tumors (RECIST) v1.1	NO		Objective Response Rate Per Response Evaluation Criteria in Solid Tumors (RECIST) v1.1 ||| Disease Control Rate Per Response Evaluation Criteria in Solid Tumors (RECIST) v1.1	Approximately 1 year ||| Approximately 1 year	The full analysis set (FAS) includes all subjects enrolled in the study who received at least one full dose of NC410. ||| The FAS includes all subjects enrolled in the study who received at least one full dose of NC410	COUNT_OF_PARTICIPANTS;COUNT_OF_PARTICIPANTS	participants;participants	
NCT04408599	nc410 15mg	ctg_results_bor_2018_2021	OG002	SECONDARY	4	2	1;3	ORR;DCR	RECIST_unversioned;RECIST_unversioned	BASIS_EXISTS	construct=ORR|DCR; populationDescription	1	Objective Response Rate Per Response Evaluation Criteria in Solid Tumors (RECIST) v1.1	NO		Objective Response Rate Per Response Evaluation Criteria in Solid Tumors (RECIST) v1.1 ||| Disease Control Rate Per Response Evaluation Criteria in Solid Tumors (RECIST) v1.1	Approximately 1 year ||| Approximately 1 year	The full analysis set (FAS) includes all subjects enrolled in the study who received at least one full dose of NC410. ||| The FAS includes all subjects enrolled in the study who received at least one full dose of NC410	COUNT_OF_PARTICIPANTS;COUNT_OF_PARTICIPANTS	participants;participants	
NCT04408599	nc410 30mg	ctg_results_bor_2018_2021	OG003	SECONDARY	10	2	1;3	ORR;DCR	RECIST_unversioned;RECIST_unversioned	BASIS_EXISTS	construct=ORR|DCR; populationDescription	1	Objective Response Rate Per Response Evaluation Criteria in Solid Tumors (RECIST) v1.1	NO		Objective Response Rate Per Response Evaluation Criteria in Solid Tumors (RECIST) v1.1 ||| Disease Control Rate Per Response Evaluation Criteria in Solid Tumors (RECIST) v1.1	Approximately 1 year ||| Approximately 1 year	The full analysis set (FAS) includes all subjects enrolled in the study who received at least one full dose of NC410. ||| The FAS includes all subjects enrolled in the study who received at least one full dose of NC410	COUNT_OF_PARTICIPANTS;COUNT_OF_PARTICIPANTS	participants;participants	
NCT04408599	nc410 60mg	ctg_results_bor_2018_2021	OG004	SECONDARY	10	2	1;3	ORR;DCR	RECIST_unversioned;RECIST_unversioned	BASIS_EXISTS	construct=ORR|DCR; populationDescription	1	Objective Response Rate Per Response Evaluation Criteria in Solid Tumors (RECIST) v1.1	NO		Objective Response Rate Per Response Evaluation Criteria in Solid Tumors (RECIST) v1.1 ||| Disease Control Rate Per Response Evaluation Criteria in Solid Tumors (RECIST) v1.1	Approximately 1 year ||| Approximately 1 year	The full analysis set (FAS) includes all subjects enrolled in the study who received at least one full dose of NC410. ||| The FAS includes all subjects enrolled in the study who received at least one full dose of NC410	COUNT_OF_PARTICIPANTS;COUNT_OF_PARTICIPANTS	participants;participants	
NCT04408599	nc410 100mg	ctg_results_bor_2018_2021	OG005	SECONDARY	10	2	1;3	ORR;DCR	RECIST_unversioned;RECIST_unversioned	BASIS_EXISTS	construct=ORR|DCR; populationDescription	1	Objective Response Rate Per Response Evaluation Criteria in Solid Tumors (RECIST) v1.1	NO		Objective Response Rate Per Response Evaluation Criteria in Solid Tumors (RECIST) v1.1 ||| Disease Control Rate Per Response Evaluation Criteria in Solid Tumors (RECIST) v1.1	Approximately 1 year ||| Approximately 1 year	The full analysis set (FAS) includes all subjects enrolled in the study who received at least one full dose of NC410. ||| The FAS includes all subjects enrolled in the study who received at least one full dose of NC410	COUNT_OF_PARTICIPANTS;COUNT_OF_PARTICIPANTS	participants;participants	
NCT04408599	nc410 200mg	ctg_results_bor_2018_2021	OG006	SECONDARY	6	2	1;3	ORR;DCR	RECIST_unversioned;RECIST_unversioned	BASIS_EXISTS	construct=ORR|DCR; populationDescription	1	Objective Response Rate Per Response Evaluation Criteria in Solid Tumors (RECIST) v1.1	NO		Objective Response Rate Per Response Evaluation Criteria in Solid Tumors (RECIST) v1.1 ||| Disease Control Rate Per Response Evaluation Criteria in Solid Tumors (RECIST) v1.1	Approximately 1 year ||| Approximately 1 year	The full analysis set (FAS) includes all subjects enrolled in the study who received at least one full dose of NC410. ||| The FAS includes all subjects enrolled in the study who received at least one full dose of NC410	COUNT_OF_PARTICIPANTS;COUNT_OF_PARTICIPANTS	participants;participants	
NCT03786926	dose escalation stage: hmpl-689 5 mg qd	ctg_results_bor_2018_2021	OG000	SECONDARY	3	2	3;6	ORR;CBR	none;none	BASIS_EXISTS	construct=ORR|CBR; timeFrame; populationDescription	3	Dose Escalation and Dose Expansion Stages: Objective Response Rate (ORR)	NO		Dose Escalation and Dose Expansion Stages: Objective Response Rate (ORR) ||| Dose Escalation and Dose Expansion Stages: Clinical Benefit Rate (CBR)	Tumor assessments performed every 8 weeks (+/-7 days) for the first 24 weeks and every 12 weeks (+/-7days) thereafter, up to a maximum of 58 months ||| Tumor assessments performed every 8 weeks (+/-7 days) for the first 24 weeks and every 12 weeks (+/-7 days) thereafter, up to a maximum of 58 months	The efficacy analysis set (EAS) included all patients who received at least 1 dose of HMPL-689 and had a baseline tumor assessment and at least 1 evaluable post-baseline assessment unless death occurred before the first post-baseline assessment. ||| The EAS included all patients who received at least 1 dose of HMPL-689 and had a baseline tumor assessment and at least 1 evaluable post-baseline assessment unless death occurred before the first post-baseline assessment.	NUMBER;NUMBER	percentage of patients;percentage of patients	
NCT03786926	dose escalation stage: hmpl-689 10 mg qd	ctg_results_bor_2018_2021	OG001	SECONDARY	3	2	3;6	ORR;CBR	none;none	BASIS_EXISTS	construct=ORR|CBR; timeFrame; populationDescription	3	Dose Escalation and Dose Expansion Stages: Objective Response Rate (ORR)	NO		Dose Escalation and Dose Expansion Stages: Objective Response Rate (ORR) ||| Dose Escalation and Dose Expansion Stages: Clinical Benefit Rate (CBR)	Tumor assessments performed every 8 weeks (+/-7 days) for the first 24 weeks and every 12 weeks (+/-7days) thereafter, up to a maximum of 58 months ||| Tumor assessments performed every 8 weeks (+/-7 days) for the first 24 weeks and every 12 weeks (+/-7 days) thereafter, up to a maximum of 58 months	The efficacy analysis set (EAS) included all patients who received at least 1 dose of HMPL-689 and had a baseline tumor assessment and at least 1 evaluable post-baseline assessment unless death occurred before the first post-baseline assessment. ||| The EAS included all patients who received at least 1 dose of HMPL-689 and had a baseline tumor assessment and at least 1 evaluable post-baseline assessment unless death occurred before the first post-baseline assessment.	NUMBER;NUMBER	percentage of patients;percentage of patients	
NCT03786926	dose escalation stage: hmpl-689 15 mg qd	ctg_results_bor_2018_2021	OG002	SECONDARY	5	2	3;6	ORR;CBR	none;none	BASIS_EXISTS	construct=ORR|CBR; timeFrame; populationDescription	3	Dose Escalation and Dose Expansion Stages: Objective Response Rate (ORR)	NO		Dose Escalation and Dose Expansion Stages: Objective Response Rate (ORR) ||| Dose Escalation and Dose Expansion Stages: Clinical Benefit Rate (CBR)	Tumor assessments performed every 8 weeks (+/-7 days) for the first 24 weeks and every 12 weeks (+/-7days) thereafter, up to a maximum of 58 months ||| Tumor assessments performed every 8 weeks (+/-7 days) for the first 24 weeks and every 12 weeks (+/-7 days) thereafter, up to a maximum of 58 months	The efficacy analysis set (EAS) included all patients who received at least 1 dose of HMPL-689 and had a baseline tumor assessment and at least 1 evaluable post-baseline assessment unless death occurred before the first post-baseline assessment. ||| The EAS included all patients who received at least 1 dose of HMPL-689 and had a baseline tumor assessment and at least 1 evaluable post-baseline assessment unless death occurred before the first post-baseline assessment.	NUMBER;NUMBER	percentage of patients;percentage of patients	
NCT03786926	dose escalation stage: hmpl-689 20 mg qd	ctg_results_bor_2018_2021	OG003	SECONDARY	2	2	3;6	ORR;CBR	none;none	BASIS_EXISTS	construct=ORR|CBR; timeFrame; populationDescription	3	Dose Escalation and Dose Expansion Stages: Objective Response Rate (ORR)	NO		Dose Escalation and Dose Expansion Stages: Objective Response Rate (ORR) ||| Dose Escalation and Dose Expansion Stages: Clinical Benefit Rate (CBR)	Tumor assessments performed every 8 weeks (+/-7 days) for the first 24 weeks and every 12 weeks (+/-7days) thereafter, up to a maximum of 58 months ||| Tumor assessments performed every 8 weeks (+/-7 days) for the first 24 weeks and every 12 weeks (+/-7 days) thereafter, up to a maximum of 58 months	The efficacy analysis set (EAS) included all patients who received at least 1 dose of HMPL-689 and had a baseline tumor assessment and at least 1 evaluable post-baseline assessment unless death occurred before the first post-baseline assessment. ||| The EAS included all patients who received at least 1 dose of HMPL-689 and had a baseline tumor assessment and at least 1 evaluable post-baseline assessment unless death occurred before the first post-baseline assessment.	NUMBER;NUMBER	percentage of patients;percentage of patients	
NCT03786926	dose escalation stage: hmpl-689 25 mg qd	ctg_results_bor_2018_2021	OG004	SECONDARY	5	2	3;6	ORR;CBR	none;none	BASIS_EXISTS	construct=ORR|CBR; timeFrame; populationDescription	3	Dose Escalation and Dose Expansion Stages: Objective Response Rate (ORR)	NO		Dose Escalation and Dose Expansion Stages: Objective Response Rate (ORR) ||| Dose Escalation and Dose Expansion Stages: Clinical Benefit Rate (CBR)	Tumor assessments performed every 8 weeks (+/-7 days) for the first 24 weeks and every 12 weeks (+/-7days) thereafter, up to a maximum of 58 months ||| Tumor assessments performed every 8 weeks (+/-7 days) for the first 24 weeks and every 12 weeks (+/-7 days) thereafter, up to a maximum of 58 months	The efficacy analysis set (EAS) included all patients who received at least 1 dose of HMPL-689 and had a baseline tumor assessment and at least 1 evaluable post-baseline assessment unless death occurred before the first post-baseline assessment. ||| The EAS included all patients who received at least 1 dose of HMPL-689 and had a baseline tumor assessment and at least 1 evaluable post-baseline assessment unless death occurred before the first post-baseline assessment.	NUMBER;NUMBER	percentage of patients;percentage of patients	
NCT03786926	dose escalation stage: hmpl-689 30 mg qd	ctg_results_bor_2018_2021	OG005	SECONDARY	3	2	3;6	ORR;CBR	none;none	BASIS_EXISTS	construct=ORR|CBR; timeFrame; populationDescription	3	Dose Escalation and Dose Expansion Stages: Objective Response Rate (ORR)	NO		Dose Escalation and Dose Expansion Stages: Objective Response Rate (ORR) ||| Dose Escalation and Dose Expansion Stages: Clinical Benefit Rate (CBR)	Tumor assessments performed every 8 weeks (+/-7 days) for the first 24 weeks and every 12 weeks (+/-7days) thereafter, up to a maximum of 58 months ||| Tumor assessments performed every 8 weeks (+/-7 days) for the first 24 weeks and every 12 weeks (+/-7 days) thereafter, up to a maximum of 58 months	The efficacy analysis set (EAS) included all patients who received at least 1 dose of HMPL-689 and had a baseline tumor assessment and at least 1 evaluable post-baseline assessment unless death occurred before the first post-baseline assessment. ||| The EAS included all patients who received at least 1 dose of HMPL-689 and had a baseline tumor assessment and at least 1 evaluable post-baseline assessment unless death occurred before the first post-baseline assessment.	NUMBER;NUMBER	percentage of patients;percentage of patients	
NCT03786926	dose expansion stage: cll/sll	ctg_results_bor_2018_2021	OG006	SECONDARY	3	2	3;6	ORR;CBR	none;none	BASIS_EXISTS	construct=ORR|CBR; timeFrame; populationDescription	3	Dose Escalation and Dose Expansion Stages: Objective Response Rate (ORR)	NO		Dose Escalation and Dose Expansion Stages: Objective Response Rate (ORR) ||| Dose Escalation and Dose Expansion Stages: Clinical Benefit Rate (CBR)	Tumor assessments performed every 8 weeks (+/-7 days) for the first 24 weeks and every 12 weeks (+/-7days) thereafter, up to a maximum of 58 months ||| Tumor assessments performed every 8 weeks (+/-7 days) for the first 24 weeks and every 12 weeks (+/-7 days) thereafter, up to a maximum of 58 months	The efficacy analysis set (EAS) included all patients who received at least 1 dose of HMPL-689 and had a baseline tumor assessment and at least 1 evaluable post-baseline assessment unless death occurred before the first post-baseline assessment. ||| The EAS included all patients who received at least 1 dose of HMPL-689 and had a baseline tumor assessment and at least 1 evaluable post-baseline assessment unless death occurred before the first post-baseline assessment.	NUMBER;NUMBER	percentage of patients;percentage of patients	
NCT03786926	dose expansion stage: fl	ctg_results_bor_2018_2021	OG007	SECONDARY	13	2	3;6	ORR;CBR	none;none	BASIS_EXISTS	construct=ORR|CBR; timeFrame; populationDescription	3	Dose Escalation and Dose Expansion Stages: Objective Response Rate (ORR)	NO		Dose Escalation and Dose Expansion Stages: Objective Response Rate (ORR) ||| Dose Escalation and Dose Expansion Stages: Clinical Benefit Rate (CBR)	Tumor assessments performed every 8 weeks (+/-7 days) for the first 24 weeks and every 12 weeks (+/-7days) thereafter, up to a maximum of 58 months ||| Tumor assessments performed every 8 weeks (+/-7 days) for the first 24 weeks and every 12 weeks (+/-7 days) thereafter, up to a maximum of 58 months	The efficacy analysis set (EAS) included all patients who received at least 1 dose of HMPL-689 and had a baseline tumor assessment and at least 1 evaluable post-baseline assessment unless death occurred before the first post-baseline assessment. ||| The EAS included all patients who received at least 1 dose of HMPL-689 and had a baseline tumor assessment and at least 1 evaluable post-baseline assessment unless death occurred before the first post-baseline assessment.	NUMBER;NUMBER	percentage of patients;percentage of patients	
NCT03786926	dose expansion stage: mzl	ctg_results_bor_2018_2021	OG008	SECONDARY	6	2	3;6	ORR;CBR	none;none	BASIS_EXISTS	construct=ORR|CBR; timeFrame; populationDescription	3	Dose Escalation and Dose Expansion Stages: Objective Response Rate (ORR)	NO		Dose Escalation and Dose Expansion Stages: Objective Response Rate (ORR) ||| Dose Escalation and Dose Expansion Stages: Clinical Benefit Rate (CBR)	Tumor assessments performed every 8 weeks (+/-7 days) for the first 24 weeks and every 12 weeks (+/-7days) thereafter, up to a maximum of 58 months ||| Tumor assessments performed every 8 weeks (+/-7 days) for the first 24 weeks and every 12 weeks (+/-7 days) thereafter, up to a maximum of 58 months	The efficacy analysis set (EAS) included all patients who received at least 1 dose of HMPL-689 and had a baseline tumor assessment and at least 1 evaluable post-baseline assessment unless death occurred before the first post-baseline assessment. ||| The EAS included all patients who received at least 1 dose of HMPL-689 and had a baseline tumor assessment and at least 1 evaluable post-baseline assessment unless death occurred before the first post-baseline assessment.	NUMBER;NUMBER	percentage of patients;percentage of patients	
NCT03786926	dose expansion stage: lpl/wm	ctg_results_bor_2018_2021	OG009	SECONDARY	2	2	3;6	ORR;CBR	none;none	BASIS_EXISTS	construct=ORR|CBR; timeFrame; populationDescription	3	Dose Escalation and Dose Expansion Stages: Objective Response Rate (ORR)	NO		Dose Escalation and Dose Expansion Stages: Objective Response Rate (ORR) ||| Dose Escalation and Dose Expansion Stages: Clinical Benefit Rate (CBR)	Tumor assessments performed every 8 weeks (+/-7 days) for the first 24 weeks and every 12 weeks (+/-7days) thereafter, up to a maximum of 58 months ||| Tumor assessments performed every 8 weeks (+/-7 days) for the first 24 weeks and every 12 weeks (+/-7 days) thereafter, up to a maximum of 58 months	The efficacy analysis set (EAS) included all patients who received at least 1 dose of HMPL-689 and had a baseline tumor assessment and at least 1 evaluable post-baseline assessment unless death occurred before the first post-baseline assessment. ||| The EAS included all patients who received at least 1 dose of HMPL-689 and had a baseline tumor assessment and at least 1 evaluable post-baseline assessment unless death occurred before the first post-baseline assessment.	NUMBER;NUMBER	percentage of patients;percentage of patients	
NCT03786926	dose expansion stage: mcl	ctg_results_bor_2018_2021	OG010	SECONDARY	4	2	3;6	ORR;CBR	none;none	BASIS_EXISTS	construct=ORR|CBR; timeFrame; populationDescription	3	Dose Escalation and Dose Expansion Stages: Objective Response Rate (ORR)	NO		Dose Escalation and Dose Expansion Stages: Objective Response Rate (ORR) ||| Dose Escalation and Dose Expansion Stages: Clinical Benefit Rate (CBR)	Tumor assessments performed every 8 weeks (+/-7 days) for the first 24 weeks and every 12 weeks (+/-7days) thereafter, up to a maximum of 58 months ||| Tumor assessments performed every 8 weeks (+/-7 days) for the first 24 weeks and every 12 weeks (+/-7 days) thereafter, up to a maximum of 58 months	The efficacy analysis set (EAS) included all patients who received at least 1 dose of HMPL-689 and had a baseline tumor assessment and at least 1 evaluable post-baseline assessment unless death occurred before the first post-baseline assessment. ||| The EAS included all patients who received at least 1 dose of HMPL-689 and had a baseline tumor assessment and at least 1 evaluable post-baseline assessment unless death occurred before the first post-baseline assessment.	NUMBER;NUMBER	percentage of patients;percentage of patients	
NCT03901469	part 1 dose escalation: cohort 2	ctg_results_bor_2018_2021	OG001	SECONDARY	6	2	4;5	CBR;ORR	RECIST1.1;RECIST1.1	BASIS_EXISTS	construct=CBR|ORR	4	Part 1, Expansion Cohorts A and C: Clinical Benefit Rate (CBR)	YES	om 5: Part 1, Part 2, and Expansion Cohort C: Objective Response Rate (ORR)	Part 1, Expansion Cohorts A and C: Clinical Benefit Rate (CBR) ||| Part 1, Part 2, and Expansion Cohort C: Objective Response Rate (ORR)	From screening up to 18 months ||| From screening up to 18 months	"Patients who have received at least 3 weeks of per-protocol treatment during Cycle 1, or \<3 weeks of treatment in Cycle 1 because of a DLT, will comprise the Efficacy Population. Patients who were determined to be ""unevaluable"" during Cycle 1 by the Sponsor and Investigator will not be included in the Efficacy Population. ||| Patients who have received at least 3 weeks of per-protocol treatment during Cycle 1, or \<3 weeks of treatment in Cycle 1 because of a DLT, will comprise the Efficacy Population. Patients who were determined to be ""unevaluable"" during Cycle 1 by the Sponsor and Investigator will not be included in the Efficacy Population."	NUMBER;NUMBER	percentage of participants;percentage of participants	
NCT03901469	part 1 dose escalation: cohort 3	ctg_results_bor_2018_2021	OG002	SECONDARY	3	2	4;5	CBR;ORR	RECIST1.1;RECIST1.1	BASIS_EXISTS	construct=CBR|ORR	4	Part 1, Expansion Cohorts A and C: Clinical Benefit Rate (CBR)	YES	om 5: Part 1, Part 2, and Expansion Cohort C: Objective Response Rate (ORR)	Part 1, Expansion Cohorts A and C: Clinical Benefit Rate (CBR) ||| Part 1, Part 2, and Expansion Cohort C: Objective Response Rate (ORR)	From screening up to 18 months ||| From screening up to 18 months	"Patients who have received at least 3 weeks of per-protocol treatment during Cycle 1, or \<3 weeks of treatment in Cycle 1 because of a DLT, will comprise the Efficacy Population. Patients who were determined to be ""unevaluable"" during Cycle 1 by the Sponsor and Investigator will not be included in the Efficacy Population. ||| Patients who have received at least 3 weeks of per-protocol treatment during Cycle 1, or \<3 weeks of treatment in Cycle 1 because of a DLT, will comprise the Efficacy Population. Patients who were determined to be ""unevaluable"" during Cycle 1 by the Sponsor and Investigator will not be included in the Efficacy Population."	NUMBER;NUMBER	percentage of participants;percentage of participants	
NCT03901469	expansion cohort c - combination treatment in trop2-adc-naïve patients	ctg_results_bor_2018_2021	OG004	SECONDARY	18	2	4;5	CBR;ORR	RECIST1.1;RECIST1.1	BASIS_EXISTS	construct=CBR|ORR	4	Part 1, Expansion Cohorts A and C: Clinical Benefit Rate (CBR)	YES	om 5: Part 1, Part 2, and Expansion Cohort C: Objective Response Rate (ORR)	Part 1, Expansion Cohorts A and C: Clinical Benefit Rate (CBR) ||| Part 1, Part 2, and Expansion Cohort C: Objective Response Rate (ORR)	From screening up to 18 months ||| From screening up to 18 months	"Patients who have received at least 3 weeks of per-protocol treatment during Cycle 1, or \<3 weeks of treatment in Cycle 1 because of a DLT, will comprise the Efficacy Population. Patients who were determined to be ""unevaluable"" during Cycle 1 by the Sponsor and Investigator will not be included in the Efficacy Population. ||| Patients who have received at least 3 weeks of per-protocol treatment during Cycle 1, or \<3 weeks of treatment in Cycle 1 because of a DLT, will comprise the Efficacy Population. Patients who were determined to be ""unevaluable"" during Cycle 1 by the Sponsor and Investigator will not be included in the Efficacy Population."	NUMBER;NUMBER	percentage of participants;percentage of participants	
NCT04173507	talazoparib plus avelumab	ctg_results_bor_2018_2021	OG000	PRIMARY	42	2	0;1	ORR;DCR	RECIST1.1;none	BASIS_EXISTS	construct=ORR|DCR; assessmentCriteria=RECIST1.1|none; timeFrame	0	Objective Response Rate (ORR)	NO		Objective Response Rate (ORR) ||| Disease Control Rate at 12 Weeks (DCR12)	From date of registration to progression or treatment discontinuation, up to 1 year and 9 months ||| 12 weeks after registration	Eligible and evaluable participants ||| Eligible and evaluable participants	NUMBER;NUMBER	percentage of participants;percentage of participants	
NCT03668119	arm b: nivolumab	ctg_results_bor_2018_2021	OG000	SECONDARY	47	2	1;8	ORR;CBR	RANO;RANO	BASIS_EXISTS	construct=ORR|CBR; populationDescription	1	Objective Response Rate (ORR) Per Blinded Independent Central Review (BICR) - Arm B	NO		Objective Response Rate (ORR) Per Blinded Independent Central Review (BICR) - Arm B ||| Clinical Benefit Rate (CBR) Per Blinded Independent Central Review (BICR)	From date of randomization up to 57 months ||| From date of randomization up to 57 months	All participants randomized in a salvage setting to arm B by TMB-High status ||| All participants randomized in a salvage setting by TMB-High status	NUMBER;NUMBER	percentage of participants;percentage of participants	
NCT04323436	randomized part: capmatinib 400 mg bid + spartalizumab 400 mg q4w	ctg_results_bor_2018_2021	OG000	SECONDARY	0	2	20;21	DCR;ORR	RECIST1.1;RECIST1.1	BASIS_EXISTS	construct=DCR|ORR	20	Randomized Part: Disease Control Rate (DCR) by BIRC and Investigator Assessment as Per RECIST 1.1	YES	om 21: Randomized Part: Overall Response Rate (ORR) by BIRC and Investigator Assessment as Per RECIST 1.1	Randomized Part: Disease Control Rate (DCR) by BIRC and Investigator Assessment as Per RECIST 1.1 ||| Randomized Part: Overall Response Rate (ORR) by BIRC and Investigator Assessment as Per RECIST 1.1	Up to 6 years ||| Up to 6 years	All patients to whom study treatment had been assigned and who received at least one dose of study treatment in the randomized part. The randomized part of the study was not initiated and data was not collected. ||| All patients to whom study treatment had been assigned and who received at least one dose of study treatment in the randomized part. The randomized part of the study was not initiated and data was not collected.	None;None	;	Participants denominator = 0 for this group
NCT04323436	randomized part: capmatinib 400 mg bid + placebo	ctg_results_bor_2018_2021	OG001	SECONDARY	0	2	20;21	DCR;ORR	RECIST1.1;RECIST1.1	BASIS_EXISTS	construct=DCR|ORR	20	Randomized Part: Disease Control Rate (DCR) by BIRC and Investigator Assessment as Per RECIST 1.1	YES	om 21: Randomized Part: Overall Response Rate (ORR) by BIRC and Investigator Assessment as Per RECIST 1.1	Randomized Part: Disease Control Rate (DCR) by BIRC and Investigator Assessment as Per RECIST 1.1 ||| Randomized Part: Overall Response Rate (ORR) by BIRC and Investigator Assessment as Per RECIST 1.1	Up to 6 years ||| Up to 6 years	All patients to whom study treatment had been assigned and who received at least one dose of study treatment in the randomized part. The randomized part of the study was not initiated and data was not collected. ||| All patients to whom study treatment had been assigned and who received at least one dose of study treatment in the randomized part. The randomized part of the study was not initiated and data was not collected.	None;None	;	Participants denominator = 0 for this group
NCT04194944	pemetrexed and platinum with pembrolizumab (trt b)	ctg_results_bor_2018_2021	OG001	SECONDARY	83	2	2;6	DCR;ORR	none;none	BASIS_EXISTS	construct=DCR|ORR; timeFrame	2	Percentage of Participant With Disease Control Rate (DCR) by BICR (With Pembrolizumab)	YES	om 6: Overall Response Rate (ORR): Percentage of Participants With Complete Response (CR) or Partial Response (PR) by BICR (With Pembrolizumab)	Percentage of Participant With Disease Control Rate (DCR) by BICR (With Pembrolizumab) ||| Overall Response Rate (ORR): Percentage of Participants With Complete Response (CR) or Partial Response (PR) by BICR (With Pembrolizumab)	Baseline to Progressive Disease or Death from Any Cause Up to 31 Months ||| Baseline through Disease Progression or Death Up to 31 Months	ITT Pembrolizumab: Participants included in the ITT population who were stratified with the intent to receive pembrolizumab in the event of the control-arm assignment. ||| ITT Pembrolizumab: Participants included in the ITT population who were stratified with the intent to receive pembrolizumab in the event of the control-arm assignment.	NUMBER;NUMBER	percentage of participants;percentage of participants	
NCT05537766	substudy a (relapsed/refractory waldenstrom macroglobulinemia): brexucabtagene autoleucel	ctg_results_bor_2022_2026	OG000	SECONDARY	0	2	9;10	TIME_TO_RESPONSE;TIME_TO_RESPONSE	Lugano;Lugano	BASIS_EXISTS	title(free text names distinct quantities)	9	All Substudies (Substudies A, B, C and D): Time to First Objective Response	NO		All Substudies (Substudies A, B, C and D): Time to First Objective Response ||| All Substudies (Substudies A, B, C and D): Time to Best Objective Response	Up to 2 years ||| Up to 2 years	Participants in substudies B, C and D, in the Modified Intent-to-Treat Analysis Set with objective response were analyzed. Substudy A was withdrawn, therefore no participants were enrolled in it. Hence, data is not available. ||| Participants in substudies B, C and D, in the Modified Intent-to-Treat Analysis Set with objective response were analyzed. Substudy A was withdrawn, therefore no participants were enrolled in it. Hence, data is not available.	MEAN;MEAN	days;days	R1 admitted non-rate outcome (time-to / duration) via title regex; Participants denominator = 0 for this group
NCT05184842	decitabine/venetoclax (single arm)	ctg_results_bor_2022_2026	OG000	POST_HOC	21	2	9;10	ORR;BOR_DISTRIBUTION	none;none	BASIS_EXISTS	construct=ORR|BOR_DISTRIBUTION	9	Overall Response Rate (ORR) in Patients With AML by Intention-to-treat (ITT) Analysis	NO		Overall Response Rate (ORR) in Patients With AML by Intention-to-treat (ITT) Analysis ||| Best Overall Response in Patients With AML Based on ITT Analysis	At the time of censoring of data, up to ~21 months ||| At the time of censoring of data, up to ~21 months	21 patients who comprised the Primary Outcome analysis were part of the AML cohort. ||| 21 patients who comprised the Primary Outcome analysis were part of the AML cohort.	COUNT_OF_PARTICIPANTS;COUNT_OF_PARTICIPANTS	participants;participants	
NCT05323656	setanaxib 1600 mg and pembrolizumab 200 mg	ctg_results_bor_2022_2026	OG000	SECONDARY	27	2	5;7	ORR;DCR	RECIST1.1;RECIST1.1	BASIS_EXISTS	construct=ORR|DCR; unitOfMeasure=participants|percentage of participants; paramType=COUNT_OF_PARTICIPANTS|NUMBER	5	Overall Response Rate (ORR)	NO		Overall Response Rate (ORR) ||| Disease Control Rate (DCR)	Baseline up to approximately 12 months ||| Baseline up to approximately 12 months	Full Analysis Set ||| Full Analysis Set	COUNT_OF_PARTICIPANTS;NUMBER	participants;percentage of participants	
NCT05323656	placebo and pembrolizumab 200 mg	ctg_results_bor_2022_2026	OG001	SECONDARY	28	2	5;7	ORR;DCR	RECIST1.1;RECIST1.1	BASIS_EXISTS	construct=ORR|DCR; unitOfMeasure=participants|percentage of participants; paramType=COUNT_OF_PARTICIPANTS|NUMBER	5	Overall Response Rate (ORR)	NO		Overall Response Rate (ORR) ||| Disease Control Rate (DCR)	Baseline up to approximately 12 months ||| Baseline up to approximately 12 months	Full Analysis Set ||| Full Analysis Set	COUNT_OF_PARTICIPANTS;NUMBER	participants;percentage of participants	
NCT05543629	part a: treatment 1	ctg_results_bor_2022_2026	OG000	SECONDARY	5	2	9;10	ORR;DCR	RECIST1.1;RECIST1.1	BASIS_EXISTS	construct=ORR|DCR	9	Objective Response Rate (ORR) Per Recist v1.1 by Investigator	NO		Objective Response Rate (ORR) Per Recist v1.1 by Investigator ||| Disease Control Rate (DCR) Per Recist v1.1 by Investigator	From first dose to 100 days post last dose (Approximately 6 Months) ||| From first dose to 100 days post last dose (Approximately 6 Months)	All Treated Participants ||| All Treated Participants	NUMBER;NUMBER	percentage of participants;percentage of participants	
NCT05543629	part a: treatment 2	ctg_results_bor_2022_2026	OG001	SECONDARY	3	2	9;10	ORR;DCR	RECIST1.1;RECIST1.1	BASIS_EXISTS	construct=ORR|DCR	9	Objective Response Rate (ORR) Per Recist v1.1 by Investigator	NO		Objective Response Rate (ORR) Per Recist v1.1 by Investigator ||| Disease Control Rate (DCR) Per Recist v1.1 by Investigator	From first dose to 100 days post last dose (Approximately 6 Months) ||| From first dose to 100 days post last dose (Approximately 6 Months)	All Treated Participants ||| All Treated Participants	NUMBER;NUMBER	percentage of participants;percentage of participants	
NCT05543629	part a: treatment 3	ctg_results_bor_2022_2026	OG002	SECONDARY	4	2	9;10	ORR;DCR	RECIST1.1;RECIST1.1	BASIS_EXISTS	construct=ORR|DCR	9	Objective Response Rate (ORR) Per Recist v1.1 by Investigator	NO		Objective Response Rate (ORR) Per Recist v1.1 by Investigator ||| Disease Control Rate (DCR) Per Recist v1.1 by Investigator	From first dose to 100 days post last dose (Approximately 6 Months) ||| From first dose to 100 days post last dose (Approximately 6 Months)	All Treated Participants ||| All Treated Participants	NUMBER;NUMBER	percentage of participants;percentage of participants	
NCT05543629	part a: treatment 4	ctg_results_bor_2022_2026	OG003	SECONDARY	3	2	9;10	ORR;DCR	RECIST1.1;RECIST1.1	BASIS_EXISTS	construct=ORR|DCR	9	Objective Response Rate (ORR) Per Recist v1.1 by Investigator	NO		Objective Response Rate (ORR) Per Recist v1.1 by Investigator ||| Disease Control Rate (DCR) Per Recist v1.1 by Investigator	From first dose to 100 days post last dose (Approximately 6 Months) ||| From first dose to 100 days post last dose (Approximately 6 Months)	All Treated Participants ||| All Treated Participants	NUMBER;NUMBER	percentage of participants;percentage of participants	
NCT05543629	part a: treatment 5	ctg_results_bor_2022_2026	OG004	SECONDARY	3	2	9;10	ORR;DCR	RECIST1.1;RECIST1.1	BASIS_EXISTS	construct=ORR|DCR	9	Objective Response Rate (ORR) Per Recist v1.1 by Investigator	NO		Objective Response Rate (ORR) Per Recist v1.1 by Investigator ||| Disease Control Rate (DCR) Per Recist v1.1 by Investigator	From first dose to 100 days post last dose (Approximately 6 Months) ||| From first dose to 100 days post last dose (Approximately 6 Months)	All Treated Participants ||| All Treated Participants	NUMBER;NUMBER	percentage of participants;percentage of participants	
NCT05543629	part b1: treatment 1	ctg_results_bor_2022_2026	OG005	SECONDARY	7	2	9;10	ORR;DCR	RECIST1.1;RECIST1.1	BASIS_EXISTS	construct=ORR|DCR	9	Objective Response Rate (ORR) Per Recist v1.1 by Investigator	NO		Objective Response Rate (ORR) Per Recist v1.1 by Investigator ||| Disease Control Rate (DCR) Per Recist v1.1 by Investigator	From first dose to 100 days post last dose (Approximately 6 Months) ||| From first dose to 100 days post last dose (Approximately 6 Months)	All Treated Participants ||| All Treated Participants	NUMBER;NUMBER	percentage of participants;percentage of participants	
NCT05543629	part b1: treatment 2	ctg_results_bor_2022_2026	OG006	SECONDARY	8	2	9;10	ORR;DCR	RECIST1.1;RECIST1.1	BASIS_EXISTS	construct=ORR|DCR	9	Objective Response Rate (ORR) Per Recist v1.1 by Investigator	NO		Objective Response Rate (ORR) Per Recist v1.1 by Investigator ||| Disease Control Rate (DCR) Per Recist v1.1 by Investigator	From first dose to 100 days post last dose (Approximately 6 Months) ||| From first dose to 100 days post last dose (Approximately 6 Months)	All Treated Participants ||| All Treated Participants	NUMBER;NUMBER	percentage of participants;percentage of participants	
NCT05543629	part b2: treatment 1	ctg_results_bor_2022_2026	OG007	SECONDARY	3	2	9;10	ORR;DCR	RECIST1.1;RECIST1.1	BASIS_EXISTS	construct=ORR|DCR	9	Objective Response Rate (ORR) Per Recist v1.1 by Investigator	NO		Objective Response Rate (ORR) Per Recist v1.1 by Investigator ||| Disease Control Rate (DCR) Per Recist v1.1 by Investigator	From first dose to 100 days post last dose (Approximately 6 Months) ||| From first dose to 100 days post last dose (Approximately 6 Months)	All Treated Participants ||| All Treated Participants	NUMBER;NUMBER	percentage of participants;percentage of participants	
NCT05565391	study c1071003 cohort a	ctg_results_bor_2022_2026	OG000	PRIMARY	123	2	0;1	ORR;ORR	IMWG;IMWG	BASIS_EXISTS	populationDescription	0	Objective Response Rate (ORR)-Unweighted Analysis	DEPENDS(no preregistered ordering for this field)		Objective Response Rate (ORR)-Unweighted Analysis ||| Objective Response Rate-Comparison Between Elranatamab in Study C1071003 Cohort A and COTA Cohort Using Inverse Probability of Treatment Weights (IPTW) Analysis	From index date until first documentation of progression, death, or the start of new anticancer therapy (median follow-up of 10.4 months for study C1071003 cohort A, 8.8 months and 7.7 months for COTA and Flatiron Health cohorts) ||| From index date until first documentation of progression, death, or the start of new anticancer therapy (median follow-up of 10.4 months for study C1071003 cohort A, 8.8 months and 7.7 months for COTA and Flatiron Health cohorts)	"Eligible participants from study C1071003 (Cohort A) and RW participants identified from COTA and Flatiron Health databases were included. ||| Eligible participants from study C1071003 (Cohort A) and RW participants identified from COTA and Flatiron Health databases were included. Here, ""Overall Number of Participants Analyzed"" is the number of participants after application of IPTW method to raw numbers and is different from the actual participants included in the reporting arm."	NUMBER;NUMBER	percentage of participants;percentage of participants	
NCT05440786	abemaciclib + irinotecan +temozolomide	ctg_results_bor_2022_2026	OG000	SECONDARY	30	2	5;9	ORR;DCR	RECIST1.1;RECIST1.1	BASIS_EXISTS	construct=ORR|DCR; timeFrame	5	Overall Response Rate (ORR): Percentage of Participants Who Achieved a Complete Response (CR) or Partial Response (PR) Assessed by BIRC	NO		Overall Response Rate (ORR): Percentage of Participants Who Achieved a Complete Response (CR) or Partial Response (PR) Assessed by BIRC ||| Percentage of Participants With a Best Overall Response of CR, PR, Stable Disease (SD) or Non-CR/Non-PD: Disease Control Rate (DCR) Assessed by BIRC	From Date of Randomization until Disease Progression, Death Due to Any Cause, Concomitant Radiotherapy/Surgery, or Start of New Anti-Cancer Therapy (Up to 22.36 Months) ||| From Date of Randomization until Disease Progression, or Death Due to Any Cause, Concomitant Radiotherapy/Surgery, or Start of New Anti-Cancer Therapy (Up to 22.36 Months)	All randomized participants. ||| All randomized participants.	NUMBER;NUMBER	percentage of participants;percentage of participants	
NCT05440786	irinotecan +temozolomide	ctg_results_bor_2022_2026	OG001	SECONDARY	16	2	5;9	ORR;DCR	RECIST1.1;RECIST1.1	BASIS_EXISTS	construct=ORR|DCR; timeFrame	5	Overall Response Rate (ORR): Percentage of Participants Who Achieved a Complete Response (CR) or Partial Response (PR) Assessed by BIRC	NO		Overall Response Rate (ORR): Percentage of Participants Who Achieved a Complete Response (CR) or Partial Response (PR) Assessed by BIRC ||| Percentage of Participants With a Best Overall Response of CR, PR, Stable Disease (SD) or Non-CR/Non-PD: Disease Control Rate (DCR) Assessed by BIRC	From Date of Randomization until Disease Progression, Death Due to Any Cause, Concomitant Radiotherapy/Surgery, or Start of New Anti-Cancer Therapy (Up to 22.36 Months) ||| From Date of Randomization until Disease Progression, or Death Due to Any Cause, Concomitant Radiotherapy/Surgery, or Start of New Anti-Cancer Therapy (Up to 22.36 Months)	All randomized participants. ||| All randomized participants.	NUMBER;NUMBER	percentage of participants;percentage of participants	
NCT05374538	dose escalation phase, cohort 1a: vic-1911 monotherapy	ctg_results_bor_2022_2026	OG000	SECONDARY	0	2	1;4	ORR;DCR	RECIST_unversioned;none	BASIS_EXISTS	construct=ORR|DCR; assessmentCriteria=RECIST_unversioned|none; populationDescription	1	Objective Response Rate	NO		Objective Response Rate ||| Disease Control Rate	Assessed at the end of Cycle 2 and every 2 cycles thereafter up to 8 months. Each cycle is 28 days. ||| Assessed at the end of Cycle 2 and every 2 cycles thereafter up to 8 months. Each cycle is 28 days.	No subjects were treated in the Dose Escalation Phase, Cohort 1a. The Expansion Phase did not open. ||| No data displayed because Outcome Measure had zero participants with CR, PR or SD.	COUNT_OF_PARTICIPANTS;COUNT_OF_PARTICIPANTS	participants;participants	Participants denominator = 0 for this group
NCT05374538	dose escalation phase, cohort 1b: vic-1911 plus sotorasib combination therapy	ctg_results_bor_2022_2026	OG001	SECONDARY	3	2	1;4	ORR;DCR	RECIST_unversioned;none	BASIS_EXISTS	construct=ORR|DCR; assessmentCriteria=RECIST_unversioned|none; populationDescription	1	Objective Response Rate	NO		Objective Response Rate ||| Disease Control Rate	Assessed at the end of Cycle 2 and every 2 cycles thereafter up to 8 months. Each cycle is 28 days. ||| Assessed at the end of Cycle 2 and every 2 cycles thereafter up to 8 months. Each cycle is 28 days.	No subjects were treated in the Dose Escalation Phase, Cohort 1a. The Expansion Phase did not open. ||| No data displayed because Outcome Measure had zero participants with CR, PR or SD.	COUNT_OF_PARTICIPANTS;COUNT_OF_PARTICIPANTS	participants;participants	
NCT05374538	expansion phase, cohort 2a: vic-1911 monotherapy	ctg_results_bor_2022_2026	OG002	SECONDARY	0	2	1;4	ORR;DCR	RECIST_unversioned;none	BASIS_EXISTS	construct=ORR|DCR; assessmentCriteria=RECIST_unversioned|none; populationDescription	1	Objective Response Rate	NO		Objective Response Rate ||| Disease Control Rate	Assessed at the end of Cycle 2 and every 2 cycles thereafter up to 8 months. Each cycle is 28 days. ||| Assessed at the end of Cycle 2 and every 2 cycles thereafter up to 8 months. Each cycle is 28 days.	No subjects were treated in the Dose Escalation Phase, Cohort 1a. The Expansion Phase did not open. ||| No data displayed because Outcome Measure had zero participants with CR, PR or SD.	COUNT_OF_PARTICIPANTS;COUNT_OF_PARTICIPANTS	participants;participants	Participants denominator = 0 for this group
NCT05374538	expansion phase, cohort 2b: vic-1911 plus sotorasib combination therapy	ctg_results_bor_2022_2026	OG003	SECONDARY	0	2	1;4	ORR;DCR	RECIST_unversioned;none	BASIS_EXISTS	construct=ORR|DCR; assessmentCriteria=RECIST_unversioned|none; populationDescription	1	Objective Response Rate	NO		Objective Response Rate ||| Disease Control Rate	Assessed at the end of Cycle 2 and every 2 cycles thereafter up to 8 months. Each cycle is 28 days. ||| Assessed at the end of Cycle 2 and every 2 cycles thereafter up to 8 months. Each cycle is 28 days.	No subjects were treated in the Dose Escalation Phase, Cohort 1a. The Expansion Phase did not open. ||| No data displayed because Outcome Measure had zero participants with CR, PR or SD.	COUNT_OF_PARTICIPANTS;COUNT_OF_PARTICIPANTS	participants;participants	Participants denominator = 0 for this group
NCT05374538	expansion phase, cohort 2c: vic-1911 plus sotorasib combination therapy	ctg_results_bor_2022_2026	OG004	SECONDARY	0	2	1;4	ORR;DCR	RECIST_unversioned;none	BASIS_EXISTS	construct=ORR|DCR; assessmentCriteria=RECIST_unversioned|none; populationDescription	1	Objective Response Rate	NO		Objective Response Rate ||| Disease Control Rate	Assessed at the end of Cycle 2 and every 2 cycles thereafter up to 8 months. Each cycle is 28 days. ||| Assessed at the end of Cycle 2 and every 2 cycles thereafter up to 8 months. Each cycle is 28 days.	No subjects were treated in the Dose Escalation Phase, Cohort 1a. The Expansion Phase did not open. ||| No data displayed because Outcome Measure had zero participants with CR, PR or SD.	COUNT_OF_PARTICIPANTS;COUNT_OF_PARTICIPANTS	participants;participants	Participants denominator = 0 for this group
NCT04933617	dose escalation: arm 1, dose level 1, original: 30mg copanlisib	ctg_results_bor_2022_2026	OG000	SECONDARY	5	2	1;3	ORR;CR_RATE	Lugano;Lugano	BASIS_EXISTS	construct=ORR|CR_RATE; timeFrame	1	Overall Response Rate (ORR)	NO		Overall Response Rate (ORR) ||| Complete Response Rate	Response was assessed after cycles 1, 3 and 6 (each cycle is 21 days), approximately 63 days. ||| Response was assessed after cycles 1, 3 and 6 (each cycle is 21 days). Approximately 63 days.	(empty) ||| (empty)	NUMBER;NUMBER	percentage of participants;percentage of participants	
NCT04933617	dose escalation: arm 1, dose level 1, modified: 30mg copanlisib	ctg_results_bor_2022_2026	OG001	SECONDARY	3	2	1;3	ORR;CR_RATE	Lugano;Lugano	BASIS_EXISTS	construct=ORR|CR_RATE; timeFrame	1	Overall Response Rate (ORR)	NO		Overall Response Rate (ORR) ||| Complete Response Rate	Response was assessed after cycles 1, 3 and 6 (each cycle is 21 days), approximately 63 days. ||| Response was assessed after cycles 1, 3 and 6 (each cycle is 21 days). Approximately 63 days.	(empty) ||| (empty)	NUMBER;NUMBER	percentage of participants;percentage of participants	
NCT05397171	azd8853 300 mg	ctg_results_bor_2022_2026	OG000	SECONDARY	3	2	2;3	ORR;DCR	none;none	BASIS_EXISTS	construct=ORR|DCR; timeFrame; populationDescription	2	Objective Response Rate (ORR)	NO		Objective Response Rate (ORR) ||| Disease Control Rate (DCR) at 15 Weeks	First dose until progression of disease (PD) or last evaluable assessment in the absence of progression (1 Year) ||| 15 weeks	"Response evaluable set included all dosed participants who had measurable disease at baseline. Here, ""number of participants analyzed"" specifies all participants who were evaluated for this outcome measure. ||| Response evaluable set included all dosed participants who had measurable disease at baseline."	COUNT_OF_PARTICIPANTS;COUNT_OF_PARTICIPANTS	participants;participants	
NCT05397171	azd8853 1000 mg	ctg_results_bor_2022_2026	OG001	SECONDARY	6	2	2;3	ORR;DCR	none;none	BASIS_EXISTS	construct=ORR|DCR; timeFrame; populationDescription	2	Objective Response Rate (ORR)	NO		Objective Response Rate (ORR) ||| Disease Control Rate (DCR) at 15 Weeks	First dose until progression of disease (PD) or last evaluable assessment in the absence of progression (1 Year) ||| 15 weeks	"Response evaluable set included all dosed participants who had measurable disease at baseline. Here, ""number of participants analyzed"" specifies all participants who were evaluated for this outcome measure. ||| Response evaluable set included all dosed participants who had measurable disease at baseline."	COUNT_OF_PARTICIPANTS;COUNT_OF_PARTICIPANTS	participants;participants	
NCT05397171	azd8853 3000 mg	ctg_results_bor_2022_2026	OG002	SECONDARY	7	2	2;3	ORR;DCR	none;none	BASIS_EXISTS	construct=ORR|DCR; timeFrame; populationDescription	2	Objective Response Rate (ORR)	NO		Objective Response Rate (ORR) ||| Disease Control Rate (DCR) at 15 Weeks	First dose until progression of disease (PD) or last evaluable assessment in the absence of progression (1 Year) ||| 15 weeks	"Response evaluable set included all dosed participants who had measurable disease at baseline. Here, ""number of participants analyzed"" specifies all participants who were evaluated for this outcome measure. ||| Response evaluable set included all dosed participants who had measurable disease at baseline."	COUNT_OF_PARTICIPANTS;COUNT_OF_PARTICIPANTS	participants;participants	
NCT05765734	part a1: dose escalation: 50 mg	ctg_results_bor_2022_2026	OG000	SECONDARY	3	2	4;6	ORR;DCR	RECIST1.1;none	BASIS_EXISTS	construct=ORR|DCR; assessmentCriteria=RECIST1.1|none; populationDescription	4	Part A1: Dose Escalation: Percentage of Participants With ORR	NO		Part A1: Dose Escalation: Percentage of Participants With ORR ||| Part A1: Dose Escalation: Percentage of Participants Exhibiting Disease Control Rate (DCR)	From first dose of the study drug up to 30 days after the last dose (up to approximately 21.7 months) ||| From first dose of the study drug up to 30 days after the last dose (up to approximately 21.7 months)	The all treated population included all participants who received at least one dose of the study drug. ||| The all treated population included all participants who received at least one dose of study drug.	NUMBER;NUMBER	percentage of participants;percentage of participants	
NCT05765734	part a1: dose escalation: 100 mg	ctg_results_bor_2022_2026	OG001	SECONDARY	3	2	4;6	ORR;DCR	RECIST1.1;none	BASIS_EXISTS	construct=ORR|DCR; assessmentCriteria=RECIST1.1|none; populationDescription	4	Part A1: Dose Escalation: Percentage of Participants With ORR	NO		Part A1: Dose Escalation: Percentage of Participants With ORR ||| Part A1: Dose Escalation: Percentage of Participants Exhibiting Disease Control Rate (DCR)	From first dose of the study drug up to 30 days after the last dose (up to approximately 21.7 months) ||| From first dose of the study drug up to 30 days after the last dose (up to approximately 21.7 months)	The all treated population included all participants who received at least one dose of the study drug. ||| The all treated population included all participants who received at least one dose of study drug.	NUMBER;NUMBER	percentage of participants;percentage of participants	
NCT05765734	part a1: dose escalation: 200 mg	ctg_results_bor_2022_2026	OG002	SECONDARY	3	2	4;6	ORR;DCR	RECIST1.1;none	BASIS_EXISTS	construct=ORR|DCR; assessmentCriteria=RECIST1.1|none; populationDescription	4	Part A1: Dose Escalation: Percentage of Participants With ORR	NO		Part A1: Dose Escalation: Percentage of Participants With ORR ||| Part A1: Dose Escalation: Percentage of Participants Exhibiting Disease Control Rate (DCR)	From first dose of the study drug up to 30 days after the last dose (up to approximately 21.7 months) ||| From first dose of the study drug up to 30 days after the last dose (up to approximately 21.7 months)	The all treated population included all participants who received at least one dose of the study drug. ||| The all treated population included all participants who received at least one dose of study drug.	NUMBER;NUMBER	percentage of participants;percentage of participants	
NCT05765734	part a1: dose escalation: 350 mg	ctg_results_bor_2022_2026	OG003	SECONDARY	5	2	4;6	ORR;DCR	RECIST1.1;none	BASIS_EXISTS	construct=ORR|DCR; assessmentCriteria=RECIST1.1|none; populationDescription	4	Part A1: Dose Escalation: Percentage of Participants With ORR	NO		Part A1: Dose Escalation: Percentage of Participants With ORR ||| Part A1: Dose Escalation: Percentage of Participants Exhibiting Disease Control Rate (DCR)	From first dose of the study drug up to 30 days after the last dose (up to approximately 21.7 months) ||| From first dose of the study drug up to 30 days after the last dose (up to approximately 21.7 months)	The all treated population included all participants who received at least one dose of the study drug. ||| The all treated population included all participants who received at least one dose of study drug.	NUMBER;NUMBER	percentage of participants;percentage of participants	
NCT05765734	part a1: dose escalation: 500 mg	ctg_results_bor_2022_2026	OG004	SECONDARY	4	2	4;6	ORR;DCR	RECIST1.1;none	BASIS_EXISTS	construct=ORR|DCR; assessmentCriteria=RECIST1.1|none; populationDescription	4	Part A1: Dose Escalation: Percentage of Participants With ORR	NO		Part A1: Dose Escalation: Percentage of Participants With ORR ||| Part A1: Dose Escalation: Percentage of Participants Exhibiting Disease Control Rate (DCR)	From first dose of the study drug up to 30 days after the last dose (up to approximately 21.7 months) ||| From first dose of the study drug up to 30 days after the last dose (up to approximately 21.7 months)	The all treated population included all participants who received at least one dose of the study drug. ||| The all treated population included all participants who received at least one dose of study drug.	NUMBER;NUMBER	percentage of participants;percentage of participants	
NCT04899349	alpelisib + fulvestrant + dapagliflozin + metformin xr	ctg_results_bor_2022_2026	OG000	SECONDARY	2	2	2;3	ORR;CBR	RECIST1.1;RECIST1.1	BASIS_EXISTS	construct=ORR|CBR	2	Overall Response Rate (ORR) With Confirmed Response Based on Local Investigator Assessment as Per RECIST 1.1.	NO		Overall Response Rate (ORR) With Confirmed Response Based on Local Investigator Assessment as Per RECIST 1.1. ||| Clinical Benefit Rate (CBR) With Confirmed Response Based on Local Investigator Assessment as Per RECIST 1.1	Up to 7.4 months ||| Up to 7.4 months	All participants to whom study treatment was assigned by randomization. The trial was early terminated and no participants were randomized to the Alpelisib + Fulvestrant + Metformin XR arm. ||| All participants to whom study treatment was assigned by randomization. The trial was early terminated and no participants were randomized to the Alpelisib + Fulvestrant + Metformin XR arm.	COUNT_OF_PARTICIPANTS;COUNT_OF_PARTICIPANTS	participants;participants	
NCT04899349	alpelisib + fulvestrant + metformin xr	ctg_results_bor_2022_2026	OG001	SECONDARY	0	2	2;3	ORR;CBR	RECIST1.1;RECIST1.1	BASIS_EXISTS	construct=ORR|CBR	2	Overall Response Rate (ORR) With Confirmed Response Based on Local Investigator Assessment as Per RECIST 1.1.	NO		Overall Response Rate (ORR) With Confirmed Response Based on Local Investigator Assessment as Per RECIST 1.1. ||| Clinical Benefit Rate (CBR) With Confirmed Response Based on Local Investigator Assessment as Per RECIST 1.1	Up to 7.4 months ||| Up to 7.4 months	All participants to whom study treatment was assigned by randomization. The trial was early terminated and no participants were randomized to the Alpelisib + Fulvestrant + Metformin XR arm. ||| All participants to whom study treatment was assigned by randomization. The trial was early terminated and no participants were randomized to the Alpelisib + Fulvestrant + Metformin XR arm.	COUNT_OF_PARTICIPANTS;COUNT_OF_PARTICIPANTS	participants;participants	Participants denominator = 0 for this group
NCT05493501	aumolertinib monotherapy	ctg_results_bor_2022_2026	OG000	SECONDARY	0	2	2;3	ORR;DCR	RECIST1.1;RECIST1.1	BASIS_EXISTS	construct=ORR|DCR	2	Objective Response Rate (ORR) as Assessed by BICR Per RECIST v1.1	NO		Objective Response Rate (ORR) as Assessed by BICR Per RECIST v1.1 ||| Disease Control Rate (DCR) as Assessed by BICR Per RECIST v1.1	Up to 5 years ||| Up to 5 years	data not collected, 0 participants analyzed ||| data not collected, 0 participants analyzed	None;None	;	Participants denominator = 0 for this group
NCT05493501	aumolertinib + platinum-based doublet chemotherapy	ctg_results_bor_2022_2026	OG001	SECONDARY	0	2	2;3	ORR;DCR	RECIST1.1;RECIST1.1	BASIS_EXISTS	construct=ORR|DCR	2	Objective Response Rate (ORR) as Assessed by BICR Per RECIST v1.1	NO		Objective Response Rate (ORR) as Assessed by BICR Per RECIST v1.1 ||| Disease Control Rate (DCR) as Assessed by BICR Per RECIST v1.1	Up to 5 years ||| Up to 5 years	data not collected, 0 participants analyzed ||| data not collected, 0 participants analyzed	None;None	;	Participants denominator = 0 for this group
NCT05493501	osimertinib monotherapy	ctg_results_bor_2022_2026	OG002	SECONDARY	0	2	2;3	ORR;DCR	RECIST1.1;RECIST1.1	BASIS_EXISTS	construct=ORR|DCR	2	Objective Response Rate (ORR) as Assessed by BICR Per RECIST v1.1	NO		Objective Response Rate (ORR) as Assessed by BICR Per RECIST v1.1 ||| Disease Control Rate (DCR) as Assessed by BICR Per RECIST v1.1	Up to 5 years ||| Up to 5 years	data not collected, 0 participants analyzed ||| data not collected, 0 participants analyzed	None;None	;	Participants denominator = 0 for this group
NCT05164666	tak-103, cohort -2	ctg_results_bor_2022_2026	OG000	SECONDARY	1	3	3;4;5	ORR;ORR;DCR	RECIST1.1;iRECIST;RECIST1.1	BASIS_EXISTS	construct=ORR|ORR|DCR; assessmentCriteria=RECIST1.1|iRECIST|RECIST1.1	3	Overall Response Rate (ORR) Assessed by Investigator According to RECIST 1.1	NO		Overall Response Rate (ORR) Assessed by Investigator According to RECIST 1.1 ||| ORR Assessed by Investigator According to Immune RECIST (iRECIST) ||| Disease Control Rate (DCR) Assessed by Investigator According to RECIST 1.1	Up to 24 months ||| Up to 24 months ||| Up to 24 months	"The Response-Evaluable Analysis Set included participants who received any dose of TAK-103, had measurable disease at baseline and at least 1 post-treatment evaluation. Here, ""Overall Number of Participants Analyzed"" signifies participants who were evaluable for this outcome measure. ||| The Response-Evaluable Analysis Set included participants who received any dose of TAK-103, had measurable disease at baseline and at least 1 post-treatment evaluation. Here, ""Overall Number of Participants Analyzed"" signifies participants who were evaluable for this outcome measure. ||| The Response-Evaluable Analysis Set included participants who received any dose of TAK-103, had measurable disease at baseline and at least 1 post-treatment evaluation. Here, ""Overall Number of Participants Analyzed"" signifies participants who were evaluable for this outcome measure."	NUMBER;NUMBER;NUMBER	percentage of participants;percentage of participants;percentage of participants	
NCT05164666	tak-103, cohort 1	ctg_results_bor_2022_2026	OG001	SECONDARY	0	3	3;4;5	ORR;ORR;DCR	RECIST1.1;iRECIST;RECIST1.1	BASIS_EXISTS	construct=ORR|ORR|DCR; assessmentCriteria=RECIST1.1|iRECIST|RECIST1.1	3	Overall Response Rate (ORR) Assessed by Investigator According to RECIST 1.1	NO		Overall Response Rate (ORR) Assessed by Investigator According to RECIST 1.1 ||| ORR Assessed by Investigator According to Immune RECIST (iRECIST) ||| Disease Control Rate (DCR) Assessed by Investigator According to RECIST 1.1	Up to 24 months ||| Up to 24 months ||| Up to 24 months	"The Response-Evaluable Analysis Set included participants who received any dose of TAK-103, had measurable disease at baseline and at least 1 post-treatment evaluation. Here, ""Overall Number of Participants Analyzed"" signifies participants who were evaluable for this outcome measure. ||| The Response-Evaluable Analysis Set included participants who received any dose of TAK-103, had measurable disease at baseline and at least 1 post-treatment evaluation. Here, ""Overall Number of Participants Analyzed"" signifies participants who were evaluable for this outcome measure. ||| The Response-Evaluable Analysis Set included participants who received any dose of TAK-103, had measurable disease at baseline and at least 1 post-treatment evaluation. Here, ""Overall Number of Participants Analyzed"" signifies participants who were evaluable for this outcome measure."	NUMBER;NUMBER;NUMBER	percentage of participants;percentage of participants;percentage of participants	Participants denominator = 0 for this group
NCT05177042	bavdegalutamide + abiraterone	ctg_results_bor_2022_2026	OG000	SECONDARY	45	2	11;12	PSA30_RESPONSE;PSA50_RESPONSE	none;none	BASIS_EXISTS	construct=PSA30_RESPONSE|PSA50_RESPONSE	11	PSA30 Response Rate	UNDETERMINED(no ORR-type candidate)		PSA30 Response Rate ||| PSA50 Response Rate	Baseline up to approximately 152 weeks ||| Baseline up to approximately 152 weeks	The PSA Efficacy Analysis Set was used. ||| The PSA Efficacy Analysis Set was used.	NUMBER;NUMBER	percentage of participants;percentage of participants	
