nct	group_norm	group_title_source	results_group_id	payload	n_candidates	outcome_indices	selected_index	outcome_type	participants_denominator	classification	primary_basis	all_bases	distinguishing_field	values_by_index	titles_by_index	reported_cells_differ	would_change_selection	would_change_to_index
NCT02519348	china cohort: durvalumab 20 mg/kg	China Cohort: Durvalumab 20 mg/kg	5:OG006,6:OG006	ctg_results_bor_2014_2017.txt	2	5,6	5	SECONDARY	3	BASIS_EXISTS	ENDPOINT_CONSTRUCT	ENDPOINT_CONSTRUCT|STRUCTURE	title (endpoint construct named)	[5] ORR || [6] DCR	[5] Overall Objective Response Rate (ORR) Based on Investigator Assessments and Blinded Independent Central Review… || [6] Disease Control Rate (DCR) Based on Investigator Assessments and BICR	True	NOT_DETERMINED	
NCT02519348	china cohort: tremelimumab 1 mg/kg + durvalumab 20 mg/kg	China Cohort: Tremelimumab 1 mg/kg + Durvalumab 20 mg/kg	5:OG008,6:OG008	ctg_results_bor_2014_2017.txt	2	5,6	5	SECONDARY	6	BASIS_EXISTS	ENDPOINT_CONSTRUCT	ENDPOINT_CONSTRUCT|STRUCTURE	title (endpoint construct named)	[5] ORR || [6] DCR	[5] Overall Objective Response Rate (ORR) Based on Investigator Assessments and Blinded Independent Central Review… || [6] Disease Control Rate (DCR) Based on Investigator Assessments and BICR	True	NOT_DETERMINED	
NCT02519348	china cohort: tremelimumab 10 mg/kg	China Cohort: Tremelimumab 10 mg/kg	5:OG007,6:OG007	ctg_results_bor_2014_2017.txt	2	5,6	5	SECONDARY	5	BASIS_EXISTS	ENDPOINT_CONSTRUCT	ENDPOINT_CONSTRUCT|STRUCTURE	title (endpoint construct named)	[5] ORR || [6] DCR	[5] Overall Objective Response Rate (ORR) Based on Investigator Assessments and Blinded Independent Central Review… || [6] Disease Control Rate (DCR) Based on Investigator Assessments and BICR	True	NOT_DETERMINED	
NCT02519348	part 1: tremelimumab 1 mg/kg + durvalumab 20 mg/kg	Part 1: Tremelimumab 1 mg/kg + Durvalumab 20 mg/kg	5:OG000,6:OG000	ctg_results_bor_2014_2017.txt	2	5,6	5	SECONDARY	40	BASIS_EXISTS	ENDPOINT_CONSTRUCT	ENDPOINT_CONSTRUCT|STRUCTURE	title (endpoint construct named)	[5] ORR || [6] DCR	[5] Overall Objective Response Rate (ORR) Based on Investigator Assessments and Blinded Independent Central Review… || [6] Disease Control Rate (DCR) Based on Investigator Assessments and BICR	True	NOT_DETERMINED	
NCT02519348	part 4: durvalumab 1120 mg + bevacizumab 15 mg/kg	Part 4: Durvalumab 1120 mg + Bevacizumab 15 mg/kg	5:OG005,6:OG005	ctg_results_bor_2014_2017.txt	2	5,6	5	SECONDARY	47	BASIS_EXISTS	ENDPOINT_CONSTRUCT	ENDPOINT_CONSTRUCT|STRUCTURE	title (endpoint construct named)	[5] ORR || [6] DCR	[5] Overall Objective Response Rate (ORR) Based on Investigator Assessments and Blinded Independent Central Review… || [6] Disease Control Rate (DCR) Based on Investigator Assessments and BICR	True	NOT_DETERMINED	
NCT02519348	parts 2 and 3: durvalumab 1500 mg	Parts 2 and 3: Durvalumab 1500 mg	5:OG001,6:OG001	ctg_results_bor_2014_2017.txt	2	5,6	5	SECONDARY	104	BASIS_EXISTS	ENDPOINT_CONSTRUCT	ENDPOINT_CONSTRUCT|STRUCTURE	title (endpoint construct named)	[5] ORR || [6] DCR	[5] Overall Objective Response Rate (ORR) Based on Investigator Assessments and Blinded Independent Central Review… || [6] Disease Control Rate (DCR) Based on Investigator Assessments and BICR	True	NOT_DETERMINED	
NCT02519348	parts 2 and 3: tremelimumab 300 mg + durvalumab 1500 mg	Parts 2 and 3: Tremelimumab 300 mg + Durvalumab 1500 mg	5:OG002,6:OG002	ctg_results_bor_2014_2017.txt	2	5,6	5	SECONDARY	75	BASIS_EXISTS	ENDPOINT_CONSTRUCT	ENDPOINT_CONSTRUCT|STRUCTURE	title (endpoint construct named)	[5] ORR || [6] DCR	[5] Overall Objective Response Rate (ORR) Based on Investigator Assessments and Blinded Independent Central Review… || [6] Disease Control Rate (DCR) Based on Investigator Assessments and BICR	True	NOT_DETERMINED	
NCT02519348	parts 2 and 3: tremelimumab 75 mg + durvalumab 1500 mg	Parts 2 and 3: Tremelimumab 75 mg + Durvalumab 1500 mg	5:OG004,6:OG004	ctg_results_bor_2014_2017.txt	2	5,6	5	SECONDARY	84	BASIS_EXISTS	ENDPOINT_CONSTRUCT	ENDPOINT_CONSTRUCT|STRUCTURE	title (endpoint construct named)	[5] ORR || [6] DCR	[5] Overall Objective Response Rate (ORR) Based on Investigator Assessments and Blinded Independent Central Review… || [6] Disease Control Rate (DCR) Based on Investigator Assessments and BICR	True	NOT_DETERMINED	
NCT02519348	parts 2 and 3: tremelimumab 750 mg	Parts 2 and 3: Tremelimumab 750 mg	5:OG003,6:OG003	ctg_results_bor_2014_2017.txt	2	5,6	5	SECONDARY	69	BASIS_EXISTS	ENDPOINT_CONSTRUCT	ENDPOINT_CONSTRUCT|STRUCTURE	title (endpoint construct named)	[5] ORR || [6] DCR	[5] Overall Objective Response Rate (ORR) Based on Investigator Assessments and Blinded Independent Central Review… || [6] Disease Control Rate (DCR) Based on Investigator Assessments and BICR	True	NOT_DETERMINED	
NCT02520141	phase ii open-label, single arm study of ramucirumab administered at 8 mg/kg iv	Phase II Open-label, Single Arm Study of Ramucirumab Administered at 8 mg/kg IV	2:OG000,3:OG000	ctg_results_bor_2014_2017.txt	2	2,3	2	SECONDARY	60	BASIS_EXISTS	ENDPOINT_CONSTRUCT	ENDPOINT_CONSTRUCT|PARAM_UNIT	title (endpoint construct named)	[2] ORR || [3] DCR	[2] Overall Response Rate (RR) || [3] Percentage of Disease Control Rate	True	NOT_DETERMINED	
NCT02525536	trebananib 10 mg/kg	Trebananib 10 mg/kg	9:OG001,10:OG001	ctg_results_bor_1999_2009.txt	2	9,10	9	SECONDARY	6	BASIS_EXISTS	ENDPOINT_CONSTRUCT	ENDPOINT_CONSTRUCT|PARAM_UNIT|POPULATION|STRUCTURE	title (endpoint construct named)	[9] BOR || [10] ORR	[9] Number of Participants With Best Overall Response || [10] Percentage of Participants With Objective Response	True	YES	10
NCT02525536	trebananib 3 mg/kg	Trebananib 3 mg/kg	9:OG000,10:OG000	ctg_results_bor_1999_2009.txt	2	9,10	9	SECONDARY	6	BASIS_EXISTS	ENDPOINT_CONSTRUCT	ENDPOINT_CONSTRUCT|PARAM_UNIT|POPULATION|STRUCTURE	title (endpoint construct named)	[9] BOR || [10] ORR	[9] Number of Participants With Best Overall Response || [10] Percentage of Participants With Objective Response	True	YES	10
NCT02525536	trebananib 30 mg/kg	Trebananib 30 mg/kg	9:OG002,10:OG002	ctg_results_bor_1999_2009.txt	2	9,10	9	SECONDARY	6	BASIS_EXISTS	ENDPOINT_CONSTRUCT	ENDPOINT_CONSTRUCT|PARAM_UNIT|POPULATION|STRUCTURE	title (endpoint construct named)	[9] BOR || [10] ORR	[9] Number of Participants With Best Overall Response || [10] Percentage of Participants With Objective Response	True	YES	10
NCT02528357	part 1: gsk3174998 0.003 mg/kg	Part 1: GSK3174998 0.003 mg/kg	30:OG000,33:OG000	ctg_results_bor_2014_2017.txt	2	30,33	30	SECONDARY	1	BASIS_EXISTS	ENDPOINT_CONSTRUCT	ENDPOINT_CONSTRUCT|ASSESSMENT_CRITERIA	title (endpoint construct named)	[30] ORR || [33] DCR	[30] Part 1: Objective Response Rate (ORR) || [33] Part 1: Disease Control Rate (DCR)	False	NOT_DETERMINED	
NCT02528357	part 1: gsk3174998 0.01 mg/kg	Part 1: GSK3174998 0.01 mg/kg	30:OG001,33:OG001	ctg_results_bor_2014_2017.txt	2	30,33	30	SECONDARY	1	BASIS_EXISTS	ENDPOINT_CONSTRUCT	ENDPOINT_CONSTRUCT|ASSESSMENT_CRITERIA	title (endpoint construct named)	[30] ORR || [33] DCR	[30] Part 1: Objective Response Rate (ORR) || [33] Part 1: Disease Control Rate (DCR)	False	NOT_DETERMINED	
NCT02528357	part 1: gsk3174998 0.03 mg/kg	Part 1: GSK3174998 0.03 mg/kg	30:OG002,33:OG002	ctg_results_bor_2014_2017.txt	2	30,33	30	SECONDARY	8	BASIS_EXISTS	ENDPOINT_CONSTRUCT	ENDPOINT_CONSTRUCT|ASSESSMENT_CRITERIA	title (endpoint construct named)	[30] ORR || [33] DCR	[30] Part 1: Objective Response Rate (ORR) || [33] Part 1: Disease Control Rate (DCR)	False	NOT_DETERMINED	
NCT02528357	part 1: gsk3174998 0.1 mg/kg	Part 1: GSK3174998 0.1 mg/kg	30:OG003,33:OG003	ctg_results_bor_2014_2017.txt	2	30,33	30	SECONDARY	10	BASIS_EXISTS	ENDPOINT_CONSTRUCT	ENDPOINT_CONSTRUCT|ASSESSMENT_CRITERIA	title (endpoint construct named)	[30] ORR || [33] DCR	[30] Part 1: Objective Response Rate (ORR) || [33] Part 1: Disease Control Rate (DCR)	True	NOT_DETERMINED	
NCT02528357	part 1: gsk3174998 0.3 mg/kg	Part 1: GSK3174998 0.3 mg/kg	30:OG004,33:OG004	ctg_results_bor_2014_2017.txt	2	30,33	30	SECONDARY	10	BASIS_EXISTS	ENDPOINT_CONSTRUCT	ENDPOINT_CONSTRUCT|ASSESSMENT_CRITERIA	title (endpoint construct named)	[30] ORR || [33] DCR	[30] Part 1: Objective Response Rate (ORR) || [33] Part 1: Disease Control Rate (DCR)	True	NOT_DETERMINED	
NCT02528357	part 1: gsk3174998 1.0 mg/kg	Part 1: GSK3174998 1.0 mg/kg	30:OG005,33:OG005	ctg_results_bor_2014_2017.txt	2	30,33	30	SECONDARY	4	BASIS_EXISTS	ENDPOINT_CONSTRUCT	ENDPOINT_CONSTRUCT|ASSESSMENT_CRITERIA	title (endpoint construct named)	[30] ORR || [33] DCR	[30] Part 1: Objective Response Rate (ORR) || [33] Part 1: Disease Control Rate (DCR)	False	NOT_DETERMINED	
NCT02528357	part 1: gsk3174998 10.0 mg/kg	Part 1: GSK3174998 10.0 mg/kg	30:OG007,33:OG007	ctg_results_bor_2014_2017.txt	2	30,33	30	SECONDARY	4	BASIS_EXISTS	ENDPOINT_CONSTRUCT	ENDPOINT_CONSTRUCT|ASSESSMENT_CRITERIA	title (endpoint construct named)	[30] ORR || [33] DCR	[30] Part 1: Objective Response Rate (ORR) || [33] Part 1: Disease Control Rate (DCR)	True	NOT_DETERMINED	
NCT02528357	part 1: gsk3174998 3.0 mg/kg	Part 1: GSK3174998 3.0 mg/kg	30:OG006,33:OG006	ctg_results_bor_2014_2017.txt	2	30,33	30	SECONDARY	7	BASIS_EXISTS	ENDPOINT_CONSTRUCT	ENDPOINT_CONSTRUCT|ASSESSMENT_CRITERIA	title (endpoint construct named)	[30] ORR || [33] DCR	[30] Part 1: Objective Response Rate (ORR) || [33] Part 1: Disease Control Rate (DCR)	True	NOT_DETERMINED	
NCT02528357	part 2a: gsk3174998 0.003 mg/kg + pembrolizumab 200 mg	Part 2A: GSK3174998 0.003 mg/kg + Pembrolizumab 200 mg	31:OG000,34:OG000	ctg_results_bor_2014_2017.txt	2	31,34	31	SECONDARY	5	BASIS_EXISTS	ENDPOINT_CONSTRUCT	ENDPOINT_CONSTRUCT	title (endpoint construct named)	[31] ORR || [34] DCR	[31] Part 2A: Objective Response Rate (ORR) || [34] Part 2A: Disease Control Rate (DCR)	False	NOT_DETERMINED	
NCT02528357	part 2a: gsk3174998 0.01 mg/kg + pembrolizumab 200 mg	Part 2A: GSK3174998 0.01 mg/kg + Pembrolizumab 200 mg	31:OG001,34:OG001	ctg_results_bor_2014_2017.txt	2	31,34	31	SECONDARY	6	BASIS_EXISTS	ENDPOINT_CONSTRUCT	ENDPOINT_CONSTRUCT	title (endpoint construct named)	[31] ORR || [34] DCR	[31] Part 2A: Objective Response Rate (ORR) || [34] Part 2A: Disease Control Rate (DCR)	True	NOT_DETERMINED	
NCT02528357	part 2a: gsk3174998 0.03 mg/kg + pembrolizumab 200 mg	Part 2A: GSK3174998 0.03 mg/kg + Pembrolizumab 200 mg	31:OG002,34:OG002	ctg_results_bor_2014_2017.txt	2	31,34	31	SECONDARY	10	BASIS_EXISTS	ENDPOINT_CONSTRUCT	ENDPOINT_CONSTRUCT	title (endpoint construct named)	[31] ORR || [34] DCR	[31] Part 2A: Objective Response Rate (ORR) || [34] Part 2A: Disease Control Rate (DCR)	False	NOT_DETERMINED	
NCT02528357	part 2a: gsk3174998 0.1 mg/kg + pembrolizumab 200 mg	Part 2A: GSK3174998 0.1 mg/kg + Pembrolizumab 200 mg	31:OG003,34:OG003	ctg_results_bor_2014_2017.txt	2	31,34	31	SECONDARY	12	BASIS_EXISTS	ENDPOINT_CONSTRUCT	ENDPOINT_CONSTRUCT	title (endpoint construct named)	[31] ORR || [34] DCR	[31] Part 2A: Objective Response Rate (ORR) || [34] Part 2A: Disease Control Rate (DCR)	True	NOT_DETERMINED	
NCT02528357	part 2a: gsk3174998 0.3 mg/kg + pembrolizumab 200 mg	Part 2A: GSK3174998 0.3 mg/kg + Pembrolizumab 200 mg	31:OG004,34:OG004	ctg_results_bor_2014_2017.txt	2	31,34	31	SECONDARY	13	BASIS_EXISTS	ENDPOINT_CONSTRUCT	ENDPOINT_CONSTRUCT	title (endpoint construct named)	[31] ORR || [34] DCR	[31] Part 2A: Objective Response Rate (ORR) || [34] Part 2A: Disease Control Rate (DCR)	True	NOT_DETERMINED	
NCT02528357	part 2a: gsk3174998 1.0 mg/kg + pembrolizumab 200 mg	Part 2A: GSK3174998 1.0 mg/kg + Pembrolizumab 200 mg	31:OG005,34:OG005	ctg_results_bor_2014_2017.txt	2	31,34	31	SECONDARY	12	BASIS_EXISTS	ENDPOINT_CONSTRUCT	ENDPOINT_CONSTRUCT	title (endpoint construct named)	[31] ORR || [34] DCR	[31] Part 2A: Objective Response Rate (ORR) || [34] Part 2A: Disease Control Rate (DCR)	True	NOT_DETERMINED	
NCT02528357	part 2a: gsk3174998 10.0 mg/kg + pembrolizumab 200 mg	Part 2A: GSK3174998 10.0 mg/kg + Pembrolizumab 200 mg	31:OG007,34:OG007	ctg_results_bor_2014_2017.txt	2	31,34	31	SECONDARY	4	BASIS_EXISTS	ENDPOINT_CONSTRUCT	ENDPOINT_CONSTRUCT	title (endpoint construct named)	[31] ORR || [34] DCR	[31] Part 2A: Objective Response Rate (ORR) || [34] Part 2A: Disease Control Rate (DCR)	False	NOT_DETERMINED	
NCT02528357	part 2a: gsk3174998 3.0 mg/kg + pembrolizumab 200 mg	Part 2A: GSK3174998 3.0 mg/kg + Pembrolizumab 200 mg	31:OG006,34:OG006	ctg_results_bor_2014_2017.txt	2	31,34	31	SECONDARY	12	BASIS_EXISTS	ENDPOINT_CONSTRUCT	ENDPOINT_CONSTRUCT	title (endpoint construct named)	[31] ORR || [34] DCR	[31] Part 2A: Objective Response Rate (ORR) || [34] Part 2A: Disease Control Rate (DCR)	True	NOT_DETERMINED	
NCT02528357	part 2b: melanoma cohort	Part 2B: Melanoma Cohort	32:OG000,35:OG000	ctg_results_bor_2014_2017.txt	2	32,35	32	SECONDARY	9	BASIS_EXISTS	ENDPOINT_CONSTRUCT	ENDPOINT_CONSTRUCT	title (endpoint construct named)	[32] ORR || [35] DCR	[32] Part 2B: Objective Response Rate (ORR) || [35] Part 2B: Disease Control Rate (DCR)	True	NOT_DETERMINED	
NCT02528357	part 2b: nsclc cohort	Part 2B: NSCLC Cohort	32:OG002,35:OG002	ctg_results_bor_2014_2017.txt	2	32,35	32	SECONDARY	5	BASIS_EXISTS	ENDPOINT_CONSTRUCT	ENDPOINT_CONSTRUCT	title (endpoint construct named)	[32] ORR || [35] DCR	[32] Part 2B: Objective Response Rate (ORR) || [35] Part 2B: Disease Control Rate (DCR)	True	NOT_DETERMINED	
NCT02528357	part 2b: soft tissue sarcoma cohort	Part 2B: Soft Tissue Sarcoma Cohort	32:OG001,35:OG001	ctg_results_bor_2014_2017.txt	2	32,35	32	SECONDARY	8	BASIS_EXISTS	ENDPOINT_CONSTRUCT	ENDPOINT_CONSTRUCT	title (endpoint construct named)	[32] ORR || [35] DCR	[32] Part 2B: Objective Response Rate (ORR) || [35] Part 2B: Disease Control Rate (DCR)	False	NOT_DETERMINED	
NCT02536742	experimental	Experimental	1:OG000,2:OG000	ctg_results_bor_2014_2017.txt	2	1,2	1	SECONDARY	122	BASIS_EXISTS	ASSESSMENT_CRITERIA	ASSESSMENT_CRITERIA|STRUCTURE	title+description (named criteria set/version)	[1] RECIST(unversioned) || [2] (none named)	[1] Best Overall Response || [2] Best Overall Response of Complete Response (CR) or Partial Response (PR) or Stable Disease (SD)	True	NOT_DETERMINED	
NCT02540291	e7046 125 mg	E7046 125 mg	3:OG000,6:OG000	ctg_results_bor_2014_2017.txt	2	3,6	3	SECONDARY	8	BASIS_EXISTS	ENDPOINT_CONSTRUCT	ENDPOINT_CONSTRUCT|ASSESSMENT_CRITERIA|TIME_FRAME	title (endpoint construct named)	[3] ORR || [6] DCR	[3] Objective Response Rate (ORR) || [6] Disease Control Rate (DCR)	True	NOT_DETERMINED	
NCT02540291	e7046 250 mg	E7046 250 mg	3:OG001,6:OG001	ctg_results_bor_2014_2017.txt	2	3,6	3	SECONDARY	8	BASIS_EXISTS	ENDPOINT_CONSTRUCT	ENDPOINT_CONSTRUCT|ASSESSMENT_CRITERIA|TIME_FRAME	title (endpoint construct named)	[3] ORR || [6] DCR	[3] Objective Response Rate (ORR) || [6] Disease Control Rate (DCR)	True	NOT_DETERMINED	
NCT02540291	e7046 500 mg	E7046 500 mg	3:OG002,6:OG002	ctg_results_bor_2014_2017.txt	2	3,6	3	SECONDARY	7	BASIS_EXISTS	ENDPOINT_CONSTRUCT	ENDPOINT_CONSTRUCT|ASSESSMENT_CRITERIA|TIME_FRAME	title (endpoint construct named)	[3] ORR || [6] DCR	[3] Objective Response Rate (ORR) || [6] Disease Control Rate (DCR)	False	NOT_DETERMINED	
NCT02540291	e7046 750 mg	E7046 750 mg	3:OG003,6:OG003	ctg_results_bor_2014_2017.txt	2	3,6	3	SECONDARY	7	BASIS_EXISTS	ENDPOINT_CONSTRUCT	ENDPOINT_CONSTRUCT|ASSESSMENT_CRITERIA|TIME_FRAME	title (endpoint construct named)	[3] ORR || [6] DCR	[3] Objective Response Rate (ORR) || [6] Disease Control Rate (DCR)	True	NOT_DETERMINED	
NCT02545075	dacarbazine (250 mg/m2)	Dacarbazine (250 mg/m2)	4:OG001,5:OG001	ctg_results_bor_2014_2017.txt	2	4,5	4	SECONDARY	60	BASIS_EXISTS	ENDPOINT_CONSTRUCT	ENDPOINT_CONSTRUCT	title (endpoint construct named)	[4] DCR || [5] ORR	[4] Disease Control Rate ( DCR ) || [5] Best Overall Response Rate ( BORR )	True	YES	5
NCT02545075	ipilimumab (3 mg/kg)	Ipilimumab (3 mg/kg)	4:OG000,5:OG000	ctg_results_bor_2014_2017.txt	2	4,5	4	SECONDARY	122	BASIS_EXISTS	ENDPOINT_CONSTRUCT	ENDPOINT_CONSTRUCT	title (endpoint construct named)	[4] DCR || [5] ORR	[4] Disease Control Rate ( DCR ) || [5] Best Overall Response Rate ( BORR )	True	YES	5
NCT02549937	dose-escalation phase: surufatinib 100 mg	Dose-Escalation Phase: Surufatinib 100 mg	8:OG001,9:OG001	ctg_results_bor_2014_2017.txt	2	8,9	8	SECONDARY	6	BASIS_EXISTS	ENDPOINT_CONSTRUCT	ENDPOINT_CONSTRUCT	title (endpoint construct named)	[8] ORR || [9] DCR	[8] Dose-Escalation and Dose-Expansion Phase: Objective Response Rate (ORR) || [9] Dose-Escalation and Dose-Expansion Phase: Disease Control Rate (DCR)	True	NOT_DETERMINED	
NCT02549937	dose-escalation phase: surufatinib 200 mg	Dose-Escalation Phase: Surufatinib 200 mg	8:OG002,9:OG002	ctg_results_bor_2014_2017.txt	2	8,9	8	SECONDARY	3	BASIS_EXISTS	ENDPOINT_CONSTRUCT	ENDPOINT_CONSTRUCT	title (endpoint construct named)	[8] ORR || [9] DCR	[8] Dose-Escalation and Dose-Expansion Phase: Objective Response Rate (ORR) || [9] Dose-Escalation and Dose-Expansion Phase: Disease Control Rate (DCR)	True	NOT_DETERMINED	
NCT02549937	dose-escalation phase: surufatinib 300 mg	Dose-Escalation Phase: Surufatinib 300 mg	8:OG003,9:OG003	ctg_results_bor_2014_2017.txt	2	8,9	8	SECONDARY	8	BASIS_EXISTS	ENDPOINT_CONSTRUCT	ENDPOINT_CONSTRUCT	title (endpoint construct named)	[8] ORR || [9] DCR	[8] Dose-Escalation and Dose-Expansion Phase: Objective Response Rate (ORR) || [9] Dose-Escalation and Dose-Expansion Phase: Disease Control Rate (DCR)	True	NOT_DETERMINED	
NCT02549937	dose-escalation phase: surufatinib 400 mg	Dose-Escalation Phase: Surufatinib 400 mg	8:OG004,9:OG004	ctg_results_bor_2014_2017.txt	2	8,9	8	SECONDARY	11	BASIS_EXISTS	ENDPOINT_CONSTRUCT	ENDPOINT_CONSTRUCT	title (endpoint construct named)	[8] ORR || [9] DCR	[8] Dose-Escalation and Dose-Expansion Phase: Objective Response Rate (ORR) || [9] Dose-Escalation and Dose-Expansion Phase: Disease Control Rate (DCR)	True	NOT_DETERMINED	
NCT02549937	dose-escalation phase: surufatinib 50 mg	Dose-Escalation Phase: Surufatinib 50 mg	8:OG000,9:OG000	ctg_results_bor_2014_2017.txt	2	8,9	8	SECONDARY	3	BASIS_EXISTS	ENDPOINT_CONSTRUCT	ENDPOINT_CONSTRUCT	title (endpoint construct named)	[8] ORR || [9] DCR	[8] Dose-Escalation and Dose-Expansion Phase: Objective Response Rate (ORR) || [9] Dose-Escalation and Dose-Expansion Phase: Disease Control Rate (DCR)	True	NOT_DETERMINED	
NCT02549937	dose-expansion phase: arm a: btc	Dose-Expansion Phase: Arm A: BTC	8:OG005,9:OG005	ctg_results_bor_2014_2017.txt	2	8,9	8	SECONDARY	27	BASIS_EXISTS	ENDPOINT_CONSTRUCT	ENDPOINT_CONSTRUCT	title (endpoint construct named)	[8] ORR || [9] DCR	[8] Dose-Escalation and Dose-Expansion Phase: Objective Response Rate (ORR) || [9] Dose-Escalation and Dose-Expansion Phase: Disease Control Rate (DCR)	True	NOT_DETERMINED	
NCT02549937	dose-expansion phase: arm b: pnet	Dose-Expansion Phase: Arm B: pNET	8:OG006,9:OG006	ctg_results_bor_2014_2017.txt	2	8,9	8	SECONDARY	16	BASIS_EXISTS	ENDPOINT_CONSTRUCT	ENDPOINT_CONSTRUCT	title (endpoint construct named)	[8] ORR || [9] DCR	[8] Dose-Escalation and Dose-Expansion Phase: Objective Response Rate (ORR) || [9] Dose-Escalation and Dose-Expansion Phase: Disease Control Rate (DCR)	True	NOT_DETERMINED	
NCT02549937	dose-expansion phase: arm c: epnet	Dose-Expansion Phase: Arm C: epNET	8:OG007,9:OG007	ctg_results_bor_2014_2017.txt	2	8,9	8	SECONDARY	16	BASIS_EXISTS	ENDPOINT_CONSTRUCT	ENDPOINT_CONSTRUCT	title (endpoint construct named)	[8] ORR || [9] DCR	[8] Dose-Escalation and Dose-Expansion Phase: Objective Response Rate (ORR) || [9] Dose-Escalation and Dose-Expansion Phase: Disease Control Rate (DCR)	True	NOT_DETERMINED	
NCT02549937	dose-expansion phase: arm d: sts	Dose-Expansion Phase: Arm D: STS	8:OG008,9:OG008	ctg_results_bor_2014_2017.txt	2	8,9	8	SECONDARY	30	BASIS_EXISTS	ENDPOINT_CONSTRUCT	ENDPOINT_CONSTRUCT	title (endpoint construct named)	[8] ORR || [9] DCR	[8] Dose-Escalation and Dose-Expansion Phase: Objective Response Rate (ORR) || [9] Dose-Escalation and Dose-Expansion Phase: Disease Control Rate (DCR)	True	NOT_DETERMINED	
NCT02551991	cohort -1: pooled	Cohort -1: Pooled	2:OG005,4:OG005	ctg_results_bor_2014_2017.txt	2	2,4	2	SECONDARY	32	BASIS_EXISTS	ENDPOINT_CONSTRUCT	ENDPOINT_CONSTRUCT|PARAM_UNIT|TIME_FRAME	title (endpoint construct named)	[2] BOR || [4] DCR	[2] Best Overall Response (BOR) || [4] Disease Control Rate (DCR)	True	NOT_DETERMINED	
NCT02551991	dose expansion: cohort -1	Dose Expansion: Cohort -1	2:OG004,4:OG004	ctg_results_bor_2014_2017.txt	2	2,4	2	SECONDARY	25	BASIS_EXISTS	ENDPOINT_CONSTRUCT	ENDPOINT_CONSTRUCT|PARAM_UNIT|TIME_FRAME	title (endpoint construct named)	[2] BOR || [4] DCR	[2] Best Overall Response (BOR) || [4] Disease Control Rate (DCR)	True	NOT_DETERMINED	
NCT02551991	dose exploration: cohort -1	Dose Exploration: Cohort -1	2:OG001,4:OG001	ctg_results_bor_2014_2017.txt	2	2,4	2	SECONDARY	7	BASIS_EXISTS	ENDPOINT_CONSTRUCT	ENDPOINT_CONSTRUCT|PARAM_UNIT|TIME_FRAME	title (endpoint construct named)	[2] BOR || [4] DCR	[2] Best Overall Response (BOR) || [4] Disease Control Rate (DCR)	True	NOT_DETERMINED	
NCT02551991	dose exploration: cohort -2b	Dose Exploration: Cohort -2B	2:OG002,4:OG002	ctg_results_bor_2014_2017.txt	2	2,4	2	SECONDARY	10	BASIS_EXISTS	ENDPOINT_CONSTRUCT	ENDPOINT_CONSTRUCT|PARAM_UNIT|TIME_FRAME	title (endpoint construct named)	[2] BOR || [4] DCR	[2] Best Overall Response (BOR) || [4] Disease Control Rate (DCR)	True	NOT_DETERMINED	
NCT02551991	dose exploration: cohort -3	Dose Exploration: Cohort -3	2:OG003,4:OG003	ctg_results_bor_2014_2017.txt	2	2,4	2	SECONDARY	7	BASIS_EXISTS	ENDPOINT_CONSTRUCT	ENDPOINT_CONSTRUCT|PARAM_UNIT|TIME_FRAME	title (endpoint construct named)	[2] BOR || [4] DCR	[2] Best Overall Response (BOR) || [4] Disease Control Rate (DCR)	True	NOT_DETERMINED	
NCT02551991	dose exploration: cohort 1	Dose Exploration: Cohort 1	2:OG000,4:OG000	ctg_results_bor_2014_2017.txt	2	2,4	2	SECONDARY	7	BASIS_EXISTS	ENDPOINT_CONSTRUCT	ENDPOINT_CONSTRUCT|PARAM_UNIT|TIME_FRAME	title (endpoint construct named)	[2] BOR || [4] DCR	[2] Best Overall Response (BOR) || [4] Disease Control Rate (DCR)	True	NOT_DETERMINED	
NCT02562378	cohort 1, trastuzumab + doxorubicin (45 mg/m2)	Cohort 1, Trastuzumab + Doxorubicin (45 mg/m2)	2:OG000,3:OG000	ctg_results_bor_2014_2017.txt	2	2,3	2	SECONDARY	3	BASIS_EXISTS	ENDPOINT_CONSTRUCT	ENDPOINT_CONSTRUCT|ASSESSMENT_CRITERIA|PARAM_UNIT|POPULATION|STRUCTURE	title (endpoint construct named)	[2] ORR || [3] BOR	[2] Overall Response Rate || [3] Best Overall Response	True	NOT_DETERMINED	
NCT02562378	cohort 2, trastuzumab + doxorubicin (50 mg/m2)	Cohort 2, Trastuzumab + Doxorubicin (50 mg/m2)	2:OG001,3:OG001	ctg_results_bor_2014_2017.txt	2	2,3	2	SECONDARY	3	BASIS_EXISTS	ENDPOINT_CONSTRUCT	ENDPOINT_CONSTRUCT|ASSESSMENT_CRITERIA|PARAM_UNIT|POPULATION|STRUCTURE	title (endpoint construct named)	[2] ORR || [3] BOR	[2] Overall Response Rate || [3] Best Overall Response	True	NOT_DETERMINED	
NCT02562378	cohort 3, trastuzumab + doxorubicin (60 mg/m2)	Cohort 3, Trastuzumab + Doxorubicin (60 mg/m2)	2:OG002,3:OG002	ctg_results_bor_2014_2017.txt	2	2,3	2	SECONDARY	9	BASIS_EXISTS	ENDPOINT_CONSTRUCT	ENDPOINT_CONSTRUCT|ASSESSMENT_CRITERIA|PARAM_UNIT|POPULATION|STRUCTURE	title (endpoint construct named)	[2] ORR || [3] BOR	[2] Overall Response Rate || [3] Best Overall Response	True	NOT_DETERMINED	
NCT02570308	phase 1 dose escalation	Phase 1 Dose Escalation	2:OG000,8:OG000	ctg_results_bor_2014_2017.txt	2	2,8	2	SECONDARY	19	BASIS_EXISTS	RESPONSE_DEPTH	RESPONSE_DEPTH|ASSESSMENT_CRITERIA|PARAM_UNIT	title/description (response-depth threshold)	[2] FULL || [8] MINOR+	[2] Objective Response Rate in Phase 1 || [8] Minor Response Rate	True	NOT_DETERMINED	
NCT02575807	phase 1: crs-207	Phase 1: CRS-207	4:OG000,6:OG000	ctg_results_bor_2014_2017.txt	2	4,6	4	SECONDARY	8	BASIS_EXISTS	ENDPOINT_CONSTRUCT	ENDPOINT_CONSTRUCT|POPULATION|TIME_FRAME|STRUCTURE	title (endpoint construct named)	[4] ORR || [6] DCR	[4] Phase 1: Objective Response Rate (ORR) by mRECIST || [6] Disease Control Rate (DCR)	True	NOT_DETERMINED	
NCT02575807	phase 1: crs-207/ido 100 mg	Phase 1: CRS-207/IDO 100 mg	4:OG001,6:OG001	ctg_results_bor_2014_2017.txt	2	4,6	4	SECONDARY	4	BASIS_EXISTS	ENDPOINT_CONSTRUCT	ENDPOINT_CONSTRUCT|POPULATION|TIME_FRAME|STRUCTURE	title (endpoint construct named)	[4] ORR || [6] DCR	[4] Phase 1: Objective Response Rate (ORR) by mRECIST || [6] Disease Control Rate (DCR)	True	NOT_DETERMINED	
NCT02578641	chemo + ebv-ctl	Chemo + EBV-CTL	2:OG000,3:OG000,4:OG000	ctg_results_bor_2014_2017.txt	3	2,3,4	2	SECONDARY	164	BASIS_EXISTS	ENDPOINT_CONSTRUCT	ENDPOINT_CONSTRUCT|STRUCTURE	title (endpoint construct named)	[2] ORR || [3] CBR || [4] BOR	[2] Overall Response Rate (ORR) of Subjects With Advanced Nasopharyngeal Carcinoma. || [3] Clinical Benefit Rate (CBR) of Subjects With Advanced Nasopharyngeal Carcinoma. || [4] Best Overall Response (BOR) of Subjects With Advanced Nasopharyngeal Carcinoma.	True	NOT_DETERMINED	
NCT02578641	chemo only	Chemo Only	2:OG001,3:OG001,4:OG001	ctg_results_bor_2014_2017.txt	3	2,3,4	2	SECONDARY	166	BASIS_EXISTS	ENDPOINT_CONSTRUCT	ENDPOINT_CONSTRUCT|STRUCTURE	title (endpoint construct named)	[2] ORR || [3] CBR || [4] BOR	[2] Overall Response Rate (ORR) of Subjects With Advanced Nasopharyngeal Carcinoma. || [3] Clinical Benefit Rate (CBR) of Subjects With Advanced Nasopharyngeal Carcinoma. || [4] Best Overall Response (BOR) of Subjects With Advanced Nasopharyngeal Carcinoma.	True	NOT_DETERMINED	
NCT02588612	lete-cel	Lete-cel	5:OG000,8:OG000	ctg_results_bor_2014_2017.txt	2	5,8	5	SECONDARY	5	BASIS_EXISTS	ENDPOINT_CONSTRUCT	ENDPOINT_CONSTRUCT|ASSESSMENT_CRITERIA|TIME_FRAME	title (endpoint construct named)	[5] ORR || [8] DCR	[5] Overall Response Rate (ORR) || [8] Disease Control Rate (DCR)	False	NOT_DETERMINED	
NCT02592707	all participants	All Participants	19:OG004,20:OG004,21:OG004	ctg_results_bor_2014_2017.txt	3	19,20,21	19	SECONDARY	40	BASIS_EXISTS	ENDPOINT_CONSTRUCT	ENDPOINT_CONSTRUCT|ASSESSMENT_CRITERIA|PARAM_UNIT|STRUCTURE	title (endpoint construct named)	[19] ORR || [20] DCR || [21] BOR	[19] Overall Response Rate (ORR) || [20] Disease Control Rate (DCR) || [21] Best Overall Response	True	NOT_DETERMINED	
NCT02592707	part a: 177lu-ipn01072 4.5 gbq	Part A: 177Lu-IPN01072 4.5 GBq	19:OG000,20:OG000,21:OG000	ctg_results_bor_2014_2017.txt	3	19,20,21	19	SECONDARY	15	BASIS_EXISTS	ENDPOINT_CONSTRUCT	ENDPOINT_CONSTRUCT|ASSESSMENT_CRITERIA|PARAM_UNIT|STRUCTURE	title (endpoint construct named)	[19] ORR || [20] DCR || [21] BOR	[19] Overall Response Rate (ORR) || [20] Disease Control Rate (DCR) || [21] Best Overall Response	True	NOT_DETERMINED	
NCT02592707	part b cohort 1: 177lu-ipn01072 6 gbq	Part B Cohort 1: 177Lu-IPN01072 6 GBq	19:OG001,20:OG001,21:OG001	ctg_results_bor_2014_2017.txt	3	19,20,21	19	SECONDARY	6	BASIS_EXISTS	ENDPOINT_CONSTRUCT	ENDPOINT_CONSTRUCT|ASSESSMENT_CRITERIA|PARAM_UNIT|STRUCTURE	title (endpoint construct named)	[19] ORR || [20] DCR || [21] BOR	[19] Overall Response Rate (ORR) || [20] Disease Control Rate (DCR) || [21] Best Overall Response	True	NOT_DETERMINED	
NCT02592707	part b cohort 3: 177lu-ipn01072 4.5 gbq	Part B Cohort 3: 177Lu-IPN01072 4.5 GBq	19:OG002,20:OG002,21:OG002	ctg_results_bor_2014_2017.txt	3	19,20,21	19	SECONDARY	9	BASIS_EXISTS	ENDPOINT_CONSTRUCT	ENDPOINT_CONSTRUCT|ASSESSMENT_CRITERIA|PARAM_UNIT|STRUCTURE	title (endpoint construct named)	[19] ORR || [20] DCR || [21] BOR	[19] Overall Response Rate (ORR) || [20] Disease Control Rate (DCR) || [21] Best Overall Response	True	NOT_DETERMINED	
NCT02592707	part b cohort 6: 177lu-ipn01072 4.5 gbq	Part B Cohort 6: 177Lu-IPN01072 4.5 GBq	19:OG003,20:OG003,21:OG003	ctg_results_bor_2014_2017.txt	3	19,20,21	19	SECONDARY	10	BASIS_EXISTS	ENDPOINT_CONSTRUCT	ENDPOINT_CONSTRUCT|ASSESSMENT_CRITERIA|PARAM_UNIT|STRUCTURE	title (endpoint construct named)	[19] ORR || [20] DCR || [21] BOR	[19] Overall Response Rate (ORR) || [20] Disease Control Rate (DCR) || [21] Best Overall Response	True	NOT_DETERMINED	
NCT02593786	cohort a: nivolumab 3 mg/kg q2w	Cohort A: Nivolumab 3 mg/kg Q2W	6:OG000,7:OG000	ctg_results_bor_2014_2017.txt	2	6,7	6	SECONDARY	15	BASIS_EXISTS	ENDPOINT_CONSTRUCT	ENDPOINT_CONSTRUCT	title (endpoint construct named)	[6] ORR || [7] DCR	[6] Response Rate at 24 Weeks || [7] Disease Control Rate (DCR) at 24 Weeks	False	NOT_DETERMINED	
NCT02593786	cohort b: nivolumab 240 mg q2w	Cohort B: Nivolumab 240 mg Q2W	6:OG001,7:OG001	ctg_results_bor_2014_2017.txt	2	6,7	6	SECONDARY	20	BASIS_EXISTS	ENDPOINT_CONSTRUCT	ENDPOINT_CONSTRUCT	title (endpoint construct named)	[6] ORR || [7] DCR	[6] Response Rate at 24 Weeks || [7] Disease Control Rate (DCR) at 24 Weeks	True	NOT_DETERMINED	
NCT02593786	cohort c: nivolumab 360 mg q3w	Cohort C: Nivolumab 360 mg Q3W	6:OG002,7:OG002	ctg_results_bor_2014_2017.txt	2	6,7	6	SECONDARY	11	BASIS_EXISTS	ENDPOINT_CONSTRUCT	ENDPOINT_CONSTRUCT	title (endpoint construct named)	[6] ORR || [7] DCR	[6] Response Rate at 24 Weeks || [7] Disease Control Rate (DCR) at 24 Weeks	True	NOT_DETERMINED	
NCT02593786	cohort d: nivolumab 480 mg q4w	Cohort D: Nivolumab 480 mg Q4W	6:OG003,7:OG003	ctg_results_bor_2014_2017.txt	2	6,7	6	SECONDARY	12	BASIS_EXISTS	ENDPOINT_CONSTRUCT	ENDPOINT_CONSTRUCT|STRUCTURE	title (endpoint construct named)	[6] ORR || [7] DCR	[6] Response Rate at 24 Weeks || [7] Disease Control Rate (DCR) at 24 Weeks	True	NOT_DETERMINED	
NCT02596971	atezo-g-benda cohort (safety run-in and expansion phases)	Atezo-G-Benda Cohort (Safety Run-In and Expansion Phases)	5:OG000,7:OG000	ctg_results_bor_2014_2017.txt	2	5,7	5	SECONDARY	40	BASIS_EXISTS	ASSESSMENT_CRITERIA	ASSESSMENT_CRITERIA	title+description (named criteria set/version)	[5] Cheson || [7] Lugano	[5] Percentage of Participants With Objective Response (CR or PR) at EOI, as Determined by the IRC Using Modified … || [7] Percentage of Participants With Objective Response (CR or PR) at EOI, as Determined by the IRC Using Lugano 20…	False	NOT_DETERMINED	
NCT02596971	atezo-r-chop cohort (expansion phase)	Atezo-R-CHOP Cohort (Expansion Phase)	5:OG001,7:OG001	ctg_results_bor_2014_2017.txt	2	5,7	5	SECONDARY	40	BASIS_EXISTS	ASSESSMENT_CRITERIA	ASSESSMENT_CRITERIA	title+description (named criteria set/version)	[5] Cheson || [7] Lugano	[5] Percentage of Participants With Objective Response (CR or PR) at EOI, as Determined by the IRC Using Modified … || [7] Percentage of Participants With Objective Response (CR or PR) at EOI, as Determined by the IRC Using Lugano 20…	True	NOT_DETERMINED	
NCT02598960	part a: bms-986156 100mg	Part A: BMS-986156 100mg	3:OG002,4:OG002	ctg_results_bor_2014_2017.txt	2	3,4	3	SECONDARY	4	BASIS_EXISTS	ENDPOINT_CONSTRUCT	ENDPOINT_CONSTRUCT|PARAM_UNIT|TIME_FRAME|STRUCTURE	title (endpoint construct named)	[3] BOR || [4] ORR	[3] Best Overall Response || [4] Overall Response Rate	True	YES	4
NCT02598960	part a: bms-986156 10mg	Part A: BMS-986156 10mg	3:OG000,4:OG000	ctg_results_bor_2014_2017.txt	2	3,4	3	SECONDARY	4	BASIS_EXISTS	ENDPOINT_CONSTRUCT	ENDPOINT_CONSTRUCT|PARAM_UNIT|TIME_FRAME|STRUCTURE	title (endpoint construct named)	[3] BOR || [4] ORR	[3] Best Overall Response || [4] Overall Response Rate	True	YES	4
NCT02598960	part a: bms-986156 240mg	Part A: BMS-986156 240mg	3:OG003,4:OG003	ctg_results_bor_2014_2017.txt	2	3,4	3	SECONDARY	6	BASIS_EXISTS	ENDPOINT_CONSTRUCT	ENDPOINT_CONSTRUCT|PARAM_UNIT|TIME_FRAME|STRUCTURE	title (endpoint construct named)	[3] BOR || [4] ORR	[3] Best Overall Response || [4] Overall Response Rate	True	YES	4
NCT02598960	part a: bms-986156 30mg	Part A: BMS-986156 30mg	3:OG001,4:OG001	ctg_results_bor_2014_2017.txt	2	3,4	3	SECONDARY	6	BASIS_EXISTS	ENDPOINT_CONSTRUCT	ENDPOINT_CONSTRUCT|PARAM_UNIT|TIME_FRAME|STRUCTURE	title (endpoint construct named)	[3] BOR || [4] ORR	[3] Best Overall Response || [4] Overall Response Rate	True	YES	4
NCT02598960	part a: bms-986156 800mg	Part A: BMS-986156 800mg	3:OG004,4:OG004	ctg_results_bor_2014_2017.txt	2	3,4	3	SECONDARY	9	BASIS_EXISTS	ENDPOINT_CONSTRUCT	ENDPOINT_CONSTRUCT|PARAM_UNIT|TIME_FRAME|STRUCTURE	title (endpoint construct named)	[3] BOR || [4] ORR	[3] Best Overall Response || [4] Overall Response Rate	True	YES	4
NCT02598960	part b: bms-986156 100mg + nivo 240mg	Part B: BMS-986156 100mg + Nivo 240mg	3:OG008,4:OG008	ctg_results_bor_2014_2017.txt	2	3,4	3	SECONDARY	9	BASIS_EXISTS	ENDPOINT_CONSTRUCT	ENDPOINT_CONSTRUCT|PARAM_UNIT|TIME_FRAME|STRUCTURE	title (endpoint construct named)	[3] BOR || [4] ORR	[3] Best Overall Response || [4] Overall Response Rate	True	YES	4
NCT02598960	part b: bms-986156 240mg + nivo 240mg	Part B: BMS-986156 240mg + Nivo 240mg	3:OG009,4:OG009	ctg_results_bor_2014_2017.txt	2	3,4	3	SECONDARY	14	BASIS_EXISTS	ENDPOINT_CONSTRUCT	ENDPOINT_CONSTRUCT|PARAM_UNIT|TIME_FRAME|STRUCTURE	title (endpoint construct named)	[3] BOR || [4] ORR	[3] Best Overall Response || [4] Overall Response Rate	True	YES	4
NCT02598960	part b: bms-986156 30mg + nivo 240mg	Part B: BMS-986156 30mg + Nivo 240mg	3:OG007,4:OG007	ctg_results_bor_2014_2017.txt	2	3,4	3	SECONDARY	3	BASIS_EXISTS	ENDPOINT_CONSTRUCT	ENDPOINT_CONSTRUCT|PARAM_UNIT|TIME_FRAME|STRUCTURE	title (endpoint construct named)	[3] BOR || [4] ORR	[3] Best Overall Response || [4] Overall Response Rate	True	YES	4
NCT02598960	part b: bms-986156 800mg + nivo 240mg	Part B: BMS-986156 800mg + Nivo 240mg	3:OG010,4:OG010	ctg_results_bor_2014_2017.txt	2	3,4	3	SECONDARY	11	BASIS_EXISTS	ENDPOINT_CONSTRUCT	ENDPOINT_CONSTRUCT|PARAM_UNIT|TIME_FRAME|STRUCTURE	title (endpoint construct named)	[3] BOR || [4] ORR	[3] Best Overall Response || [4] Overall Response Rate	True	YES	4
NCT02598960	part c: bms-986156 240mg	Part C: BMS-986156 240mg	3:OG005,4:OG005	ctg_results_bor_2014_2017.txt	2	3,4	3	SECONDARY	3	BASIS_EXISTS	ENDPOINT_CONSTRUCT	ENDPOINT_CONSTRUCT|PARAM_UNIT|TIME_FRAME|STRUCTURE	title (endpoint construct named)	[3] BOR || [4] ORR	[3] Best Overall Response || [4] Overall Response Rate	True	YES	4
NCT02598960	part c: bms-986156 800mg	Part C: BMS-986156 800mg	3:OG006,4:OG006	ctg_results_bor_2014_2017.txt	2	3,4	3	SECONDARY	2	BASIS_EXISTS	ENDPOINT_CONSTRUCT	ENDPOINT_CONSTRUCT|PARAM_UNIT|TIME_FRAME|STRUCTURE	title (endpoint construct named)	[3] BOR || [4] ORR	[3] Best Overall Response || [4] Overall Response Rate	True	YES	4
NCT02598960	part d: bms-986156 240mg + nivo 240mg	Part D: BMS-986156 240mg + Nivo 240mg	3:OG011,4:OG011	ctg_results_bor_2014_2017.txt	2	3,4	3	SECONDARY	188	BASIS_EXISTS	ENDPOINT_CONSTRUCT	ENDPOINT_CONSTRUCT|PARAM_UNIT|TIME_FRAME|STRUCTURE	title (endpoint construct named)	[3] BOR || [4] ORR	[3] Best Overall Response || [4] Overall Response Rate	True	YES	4
NCT02598960	part e: bms-986156 480mg + nivo 480mg	Part E: BMS-986156 480mg + Nivo 480mg	3:OG012,4:OG012	ctg_results_bor_2014_2017.txt	2	3,4	3	SECONDARY	33	BASIS_EXISTS	ENDPOINT_CONSTRUCT	ENDPOINT_CONSTRUCT|PARAM_UNIT|TIME_FRAME|STRUCTURE	title (endpoint construct named)	[3] BOR || [4] ORR	[3] Best Overall Response || [4] Overall Response Rate	True	YES	4
NCT02599324	cohort 1 (rcc): ibrutinib 560 mg + everolimus	Cohort 1 (RCC): Ibrutinib 560 mg + Everolimus	3:OG000,4:OG000	ctg_results_bor_2014_2017.txt	2	3,4	3	SECONDARY	3	BASIS_EXISTS	ENDPOINT_CONSTRUCT	ENDPOINT_CONSTRUCT	title (endpoint construct named)	[3] ORR || [4] DCR	[3] Phase 1b: ORR in Cohorts 1 to 6 || [4] Phase 1b: Disease Control Rate (DCR) in Cohorts 1 to 6	True	NOT_DETERMINED	
NCT02599324	cohort 2 (uc): ibrutinib 560 mg + paclitaxel	Cohort 2 (UC): Ibrutinib 560 mg + Paclitaxel	3:OG002,4:OG002	ctg_results_bor_2014_2017.txt	2	3,4	3	SECONDARY	4	BASIS_EXISTS	ENDPOINT_CONSTRUCT	ENDPOINT_CONSTRUCT	title (endpoint construct named)	[3] ORR || [4] DCR	[3] Phase 1b: ORR in Cohorts 1 to 6 || [4] Phase 1b: Disease Control Rate (DCR) in Cohorts 1 to 6	True	NOT_DETERMINED	
NCT02599324	cohort 4 (crc): ibrutinib 560 mg + cetuximab	Cohort 4 (CRC): Ibrutinib 560 mg + Cetuximab	3:OG005,4:OG005	ctg_results_bor_2014_2017.txt	2	3,4	3	SECONDARY	8	BASIS_EXISTS	ENDPOINT_CONSTRUCT	ENDPOINT_CONSTRUCT	title (endpoint construct named)	[3] ORR || [4] DCR	[3] Phase 1b: ORR in Cohorts 1 to 6 || [4] Phase 1b: Disease Control Rate (DCR) in Cohorts 1 to 6	True	NOT_DETERMINED	
NCT02600897	dose-escalation phase: 1.4 mg pola + 20 mg l + 1000 mg g in fl	Dose-escalation Phase: 1.4 mg Pola + 20 mg L + 1000 mg G in FL	6:OG000,8:OG000	ctg_results_bor_2014_2017.txt	2	6,8	6	SECONDARY	6	BASIS_EXISTS	MODALITY	MODALITY|POPULATION|TIME_FRAME	title+description (imaging modality)	[6] PET || [8] CT_ALONE	[6] Percentage of Participants With Objective Response (OR) at EOI, Determined by the IRC on the Basis of PET-CT S… || [8] Percentage of Participants With Objective Response at EOI, Determined by the IRC on the Basis of CT Scans Alon…	False	NOT_DETERMINED	
NCT02604511	ibrutinib	Ibrutinib	0:OG000,1:OG000	ctg_results_bor_2014_2017.txt	2	0,1	0	PRIMARY	30	BASIS_EXISTS	RESPONSE_DEPTH	RESPONSE_DEPTH	title/description (response-depth threshold)	[0] MAJOR || [1] FULL	[0] Major Response Rate || [1] Best Overall Response Rate	True	YES	1
NCT02608268	dose ranging part: mbg453 1200mg q4w	Dose Ranging Part: MBG453 1200mg Q4W	7:OG027,10:OG027	ctg_results_bor_2014_2017.txt	2	7,10	7	SECONDARY	15	BASIS_EXISTS	ENDPOINT_CONSTRUCT	ENDPOINT_CONSTRUCT|ASSESSMENT_CRITERIA|PARAM_UNIT|STRUCTURE	title (endpoint construct named)	[7] BOR || [10] ORR	[7] Best Overall Response (BOR) Per RECIST v1.1 || [10] Overall Response Rate (ORR) Per irRC	True	YES	10
NCT02608268	dose ranging part: mbg453 240mg q4w	Dose Ranging Part: MBG453 240mg Q4W	7:OG026,10:OG026	ctg_results_bor_2014_2017.txt	2	7,10	7	SECONDARY	17	BASIS_EXISTS	ENDPOINT_CONSTRUCT	ENDPOINT_CONSTRUCT|ASSESSMENT_CRITERIA|PARAM_UNIT|STRUCTURE	title (endpoint construct named)	[7] BOR || [10] ORR	[7] Best Overall Response (BOR) Per RECIST v1.1 || [10] Overall Response Rate (ORR) Per irRC	True	YES	10
NCT02608268	dose ranging part: mbg453 80mg q4w	Dose Ranging Part: MBG453 80mg Q4W	7:OG025,10:OG025	ctg_results_bor_2014_2017.txt	2	7,10	7	SECONDARY	14	BASIS_EXISTS	ENDPOINT_CONSTRUCT	ENDPOINT_CONSTRUCT|ASSESSMENT_CRITERIA|PARAM_UNIT|STRUCTURE	title (endpoint construct named)	[7] BOR || [10] ORR	[7] Best Overall Response (BOR) Per RECIST v1.1 || [10] Overall Response Rate (ORR) Per irRC	True	YES	10
NCT02608268	phase i dose escalation: mbg453 1200mg q2w japan	Phase I Dose Escalation: MBG453 1200mg Q2W Japan	7:OG007,10:OG007	ctg_results_bor_2014_2017.txt	2	7,10	7	SECONDARY	2	BASIS_EXISTS	ENDPOINT_CONSTRUCT	ENDPOINT_CONSTRUCT|ASSESSMENT_CRITERIA|PARAM_UNIT|STRUCTURE	title (endpoint construct named)	[7] BOR || [10] ORR	[7] Best Overall Response (BOR) Per RECIST v1.1 || [10] Overall Response Rate (ORR) Per irRC	True	YES	10
NCT02608268	phase i dose escalation: mbg453 1200mg q2w row	Phase I Dose Escalation: MBG453 1200mg Q2W ROW	7:OG003,10:OG003	ctg_results_bor_2014_2017.txt	2	7,10	7	SECONDARY	5	BASIS_EXISTS	ENDPOINT_CONSTRUCT	ENDPOINT_CONSTRUCT|ASSESSMENT_CRITERIA|PARAM_UNIT|STRUCTURE	title (endpoint construct named)	[7] BOR || [10] ORR	[7] Best Overall Response (BOR) Per RECIST v1.1 || [10] Overall Response Rate (ORR) Per irRC	True	YES	10
NCT02608268	phase i dose escalation: mbg453 1200mg q4w japan	Phase I Dose Escalation: MBG453 1200mg Q4W Japan	7:OG011,10:OG011	ctg_results_bor_2014_2017.txt	2	7,10	7	SECONDARY	6	BASIS_EXISTS	ENDPOINT_CONSTRUCT	ENDPOINT_CONSTRUCT|ASSESSMENT_CRITERIA|PARAM_UNIT|STRUCTURE	title (endpoint construct named)	[7] BOR || [10] ORR	[7] Best Overall Response (BOR) Per RECIST v1.1 || [10] Overall Response Rate (ORR) Per irRC	True	YES	10
NCT02608268	phase i dose escalation: mbg453 1200mg q4w row	Phase I Dose Escalation: MBG453 1200mg Q4W ROW	7:OG010,10:OG010	ctg_results_bor_2014_2017.txt	2	7,10	7	SECONDARY	6	BASIS_EXISTS	ENDPOINT_CONSTRUCT	ENDPOINT_CONSTRUCT|ASSESSMENT_CRITERIA|PARAM_UNIT|STRUCTURE	title (endpoint construct named)	[7] BOR || [10] ORR	[7] Best Overall Response (BOR) Per RECIST v1.1 || [10] Overall Response Rate (ORR) Per irRC	True	YES	10
NCT02608268	phase i dose escalation: mbg453 240mg q2w japan	Phase I Dose Escalation: MBG453 240mg Q2W Japan	7:OG005,10:OG005	ctg_results_bor_2014_2017.txt	2	7,10	7	SECONDARY	4	BASIS_EXISTS	ENDPOINT_CONSTRUCT	ENDPOINT_CONSTRUCT|ASSESSMENT_CRITERIA|PARAM_UNIT|STRUCTURE	title (endpoint construct named)	[7] BOR || [10] ORR	[7] Best Overall Response (BOR) Per RECIST v1.1 || [10] Overall Response Rate (ORR) Per irRC	True	YES	10
NCT02608268	phase i dose escalation: mbg453 240mg q2w row	Phase I Dose Escalation: MBG453 240mg Q2W ROW	7:OG001,10:OG001	ctg_results_bor_2014_2017.txt	2	7,10	7	SECONDARY	9	BASIS_EXISTS	ENDPOINT_CONSTRUCT	ENDPOINT_CONSTRUCT|ASSESSMENT_CRITERIA|PARAM_UNIT|STRUCTURE	title (endpoint construct named)	[7] BOR || [10] ORR	[7] Best Overall Response (BOR) Per RECIST v1.1 || [10] Overall Response Rate (ORR) Per irRC	True	YES	10
NCT02608268	phase i dose escalation: mbg453 240mg q4w row	Phase I Dose Escalation: MBG453 240mg Q4W ROW	7:OG008,10:OG008	ctg_results_bor_2014_2017.txt	2	7,10	7	SECONDARY	8	BASIS_EXISTS	ENDPOINT_CONSTRUCT	ENDPOINT_CONSTRUCT|ASSESSMENT_CRITERIA|PARAM_UNIT|STRUCTURE	title (endpoint construct named)	[7] BOR || [10] ORR	[7] Best Overall Response (BOR) Per RECIST v1.1 || [10] Overall Response Rate (ORR) Per irRC	True	YES	10
NCT02608268	phase i dose escalation: mbg453 800mg q2w japan	Phase I Dose Escalation: MBG453 800mg Q2W Japan	7:OG006,10:OG006	ctg_results_bor_2014_2017.txt	2	7,10	7	SECONDARY	6	BASIS_EXISTS	ENDPOINT_CONSTRUCT	ENDPOINT_CONSTRUCT|ASSESSMENT_CRITERIA|PARAM_UNIT|STRUCTURE	title (endpoint construct named)	[7] BOR || [10] ORR	[7] Best Overall Response (BOR) Per RECIST v1.1 || [10] Overall Response Rate (ORR) Per irRC	True	YES	10
NCT02608268	phase i dose escalation: mbg453 800mg q2w row	Phase I Dose Escalation: MBG453 800mg Q2W ROW	7:OG002,10:OG002	ctg_results_bor_2014_2017.txt	2	7,10	7	SECONDARY	16	BASIS_EXISTS	ENDPOINT_CONSTRUCT	ENDPOINT_CONSTRUCT|ASSESSMENT_CRITERIA|PARAM_UNIT|STRUCTURE	title (endpoint construct named)	[7] BOR || [10] ORR	[7] Best Overall Response (BOR) Per RECIST v1.1 || [10] Overall Response Rate (ORR) Per irRC	True	YES	10
NCT02608268	phase i dose escalation: mbg453 800mg q4w row	Phase I Dose Escalation: MBG453 800mg Q4W ROW	7:OG009,10:OG009	ctg_results_bor_2014_2017.txt	2	7,10	7	SECONDARY	9	BASIS_EXISTS	ENDPOINT_CONSTRUCT	ENDPOINT_CONSTRUCT|ASSESSMENT_CRITERIA|PARAM_UNIT|STRUCTURE	title (endpoint construct named)	[7] BOR || [10] ORR	[7] Best Overall Response (BOR) Per RECIST v1.1 || [10] Overall Response Rate (ORR) Per irRC	True	YES	10
NCT02608268	phase i dose escalation: mbg453 80mg q2w japan	Phase I Dose Escalation: MBG453 80mg Q2W Japan	7:OG004,10:OG004	ctg_results_bor_2014_2017.txt	2	7,10	7	SECONDARY	2	BASIS_EXISTS	ENDPOINT_CONSTRUCT	ENDPOINT_CONSTRUCT|ASSESSMENT_CRITERIA|PARAM_UNIT|STRUCTURE	title (endpoint construct named)	[7] BOR || [10] ORR	[7] Best Overall Response (BOR) Per RECIST v1.1 || [10] Overall Response Rate (ORR) Per irRC	True	YES	10
NCT02608268	phase i dose escalation: mbg453 80mg q2w row	Phase I Dose Escalation: MBG453 80mg Q2W ROW	7:OG000,10:OG000	ctg_results_bor_2014_2017.txt	2	7,10	7	SECONDARY	14	BASIS_EXISTS	ENDPOINT_CONSTRUCT	ENDPOINT_CONSTRUCT|ASSESSMENT_CRITERIA|PARAM_UNIT|STRUCTURE	title (endpoint construct named)	[7] BOR || [10] ORR	[7] Best Overall Response (BOR) Per RECIST v1.1 || [10] Overall Response Rate (ORR) Per irRC	True	YES	10
NCT02608268	phase ib dose escalation: mbg453 1200mg q4w + pdr001 400mg q4w	Phase Ib Dose Escalation: MBG453 1200mg Q4W + PDR001 400mg Q4W	7:OG024,10:OG024	ctg_results_bor_2014_2017.txt	2	7,10	7	SECONDARY	6	BASIS_EXISTS	ENDPOINT_CONSTRUCT	ENDPOINT_CONSTRUCT|ASSESSMENT_CRITERIA|PARAM_UNIT|STRUCTURE	title (endpoint construct named)	[7] BOR || [10] ORR	[7] Best Overall Response (BOR) Per RECIST v1.1 || [10] Overall Response Rate (ORR) Per irRC	True	YES	10
NCT02608268	phase ib dose escalation: mbg453 20mg q2w + pdr001 80mg q2w	Phase Ib Dose Escalation: MBG453 20mg Q2W + PDR001 80mg Q2W	7:OG012,10:OG012	ctg_results_bor_2014_2017.txt	2	7,10	7	SECONDARY	6	BASIS_EXISTS	ENDPOINT_CONSTRUCT	ENDPOINT_CONSTRUCT|ASSESSMENT_CRITERIA|PARAM_UNIT|STRUCTURE	title (endpoint construct named)	[7] BOR || [10] ORR	[7] Best Overall Response (BOR) Per RECIST v1.1 || [10] Overall Response Rate (ORR) Per irRC	True	YES	10
NCT02608268	phase ib dose escalation: mbg453 240mg q2w + pdr001 240mg q2w	Phase Ib Dose Escalation: MBG453 240mg Q2W + PDR001 240mg Q2W	7:OG015,10:OG015	ctg_results_bor_2014_2017.txt	2	7,10	7	SECONDARY	5	BASIS_EXISTS	ENDPOINT_CONSTRUCT	ENDPOINT_CONSTRUCT|ASSESSMENT_CRITERIA|PARAM_UNIT|STRUCTURE	title (endpoint construct named)	[7] BOR || [10] ORR	[7] Best Overall Response (BOR) Per RECIST v1.1 || [10] Overall Response Rate (ORR) Per irRC	True	YES	10
NCT02608268	phase ib dose escalation: mbg453 240mg q2w + pdr001 80mg q2w	Phase Ib Dose Escalation: MBG453 240mg Q2W + PDR001 80mg Q2W	7:OG014,10:OG014	ctg_results_bor_2014_2017.txt	2	7,10	7	SECONDARY	6	BASIS_EXISTS	ENDPOINT_CONSTRUCT	ENDPOINT_CONSTRUCT|ASSESSMENT_CRITERIA|PARAM_UNIT|STRUCTURE	title (endpoint construct named)	[7] BOR || [10] ORR	[7] Best Overall Response (BOR) Per RECIST v1.1 || [10] Overall Response Rate (ORR) Per irRC	True	YES	10
NCT02608268	phase ib dose escalation: mbg453 240mg q4w + pdr001 240mg q4w	Phase Ib Dose Escalation: MBG453 240mg Q4W + PDR001 240mg Q4W	7:OG021,10:OG021	ctg_results_bor_2014_2017.txt	2	7,10	7	SECONDARY	5	BASIS_EXISTS	ENDPOINT_CONSTRUCT	ENDPOINT_CONSTRUCT|ASSESSMENT_CRITERIA|PARAM_UNIT|STRUCTURE	title (endpoint construct named)	[7] BOR || [10] ORR	[7] Best Overall Response (BOR) Per RECIST v1.1 || [10] Overall Response Rate (ORR) Per irRC	True	YES	10
NCT02608268	phase ib dose escalation: mbg453 240mg q4w + pdr001 400mg q4w	Phase Ib Dose Escalation: MBG453 240mg Q4W + PDR001 400mg Q4W	7:OG022,10:OG022	ctg_results_bor_2014_2017.txt	2	7,10	7	SECONDARY	7	BASIS_EXISTS	ENDPOINT_CONSTRUCT	ENDPOINT_CONSTRUCT|ASSESSMENT_CRITERIA|PARAM_UNIT|STRUCTURE	title (endpoint construct named)	[7] BOR || [10] ORR	[7] Best Overall Response (BOR) Per RECIST v1.1 || [10] Overall Response Rate (ORR) Per irRC	True	YES	10
NCT02608268	phase ib dose escalation: mbg453 240mg q4w + pdr001 80mg q4w	Phase Ib Dose Escalation: MBG453 240mg Q4W + PDR001 80mg Q4W	7:OG020,10:OG020	ctg_results_bor_2014_2017.txt	2	7,10	7	SECONDARY	12	BASIS_EXISTS	ENDPOINT_CONSTRUCT	ENDPOINT_CONSTRUCT|ASSESSMENT_CRITERIA|PARAM_UNIT|STRUCTURE	title (endpoint construct named)	[7] BOR || [10] ORR	[7] Best Overall Response (BOR) Per RECIST v1.1 || [10] Overall Response Rate (ORR) Per irRC	True	YES	10
NCT02608268	phase ib dose escalation: mbg453 800mg q2w + pdr001 240mg q2w	Phase Ib Dose Escalation: MBG453 800mg Q2W + PDR001 240mg Q2W	7:OG017,10:OG017	ctg_results_bor_2014_2017.txt	2	7,10	7	SECONDARY	6	BASIS_EXISTS	ENDPOINT_CONSTRUCT	ENDPOINT_CONSTRUCT|ASSESSMENT_CRITERIA|PARAM_UNIT|STRUCTURE	title (endpoint construct named)	[7] BOR || [10] ORR	[7] Best Overall Response (BOR) Per RECIST v1.1 || [10] Overall Response Rate (ORR) Per irRC	True	YES	10
NCT02608268	phase ib dose escalation: mbg453 800mg q2w + pdr001 80mg q2w	Phase Ib Dose Escalation: MBG453 800mg Q2W + PDR001 80mg Q2W	7:OG016,10:OG016	ctg_results_bor_2014_2017.txt	2	7,10	7	SECONDARY	5	BASIS_EXISTS	ENDPOINT_CONSTRUCT	ENDPOINT_CONSTRUCT|ASSESSMENT_CRITERIA|PARAM_UNIT|STRUCTURE	title (endpoint construct named)	[7] BOR || [10] ORR	[7] Best Overall Response (BOR) Per RECIST v1.1 || [10] Overall Response Rate (ORR) Per irRC	True	YES	10
NCT02608268	phase ib dose escalation: mbg453 800mg q4w + pdr001 400mg q4w	Phase Ib Dose Escalation: MBG453 800mg Q4W + PDR001 400mg Q4W	7:OG023,10:OG023	ctg_results_bor_2014_2017.txt	2	7,10	7	SECONDARY	6	BASIS_EXISTS	ENDPOINT_CONSTRUCT	ENDPOINT_CONSTRUCT|ASSESSMENT_CRITERIA|PARAM_UNIT|STRUCTURE	title (endpoint construct named)	[7] BOR || [10] ORR	[7] Best Overall Response (BOR) Per RECIST v1.1 || [10] Overall Response Rate (ORR) Per irRC	True	YES	10
NCT02608268	phase ib dose escalation: mbg453 80mg q2w + pdr001 80mg q2w	Phase Ib Dose Escalation: MBG453 80mg Q2W + PDR001 80mg Q2W	7:OG013,10:OG013	ctg_results_bor_2014_2017.txt	2	7,10	7	SECONDARY	13	BASIS_EXISTS	ENDPOINT_CONSTRUCT	ENDPOINT_CONSTRUCT|ASSESSMENT_CRITERIA|PARAM_UNIT|STRUCTURE	title (endpoint construct named)	[7] BOR || [10] ORR	[7] Best Overall Response (BOR) Per RECIST v1.1 || [10] Overall Response Rate (ORR) Per irRC	True	YES	10
NCT02608268	phase ib dose escalation: mbg453 80mg q4w + pdr001 400mg q4w	Phase Ib Dose Escalation: MBG453 80mg Q4W + PDR001 400mg Q4W	7:OG019,10:OG019	ctg_results_bor_2014_2017.txt	2	7,10	7	SECONDARY	3	BASIS_EXISTS	ENDPOINT_CONSTRUCT	ENDPOINT_CONSTRUCT|ASSESSMENT_CRITERIA|PARAM_UNIT|STRUCTURE	title (endpoint construct named)	[7] BOR || [10] ORR	[7] Best Overall Response (BOR) Per RECIST v1.1 || [10] Overall Response Rate (ORR) Per irRC	True	YES	10
NCT02608268	phase ib dose escalation: mbg453 80mg q4w + pdr001 80mg q4w	Phase Ib Dose Escalation: MBG453 80mg Q4W + PDR001 80mg Q4W	7:OG018,10:OG018	ctg_results_bor_2014_2017.txt	2	7,10	7	SECONDARY	6	BASIS_EXISTS	ENDPOINT_CONSTRUCT	ENDPOINT_CONSTRUCT|ASSESSMENT_CRITERIA|PARAM_UNIT|STRUCTURE	title (endpoint construct named)	[7] BOR || [10] ORR	[7] Best Overall Response (BOR) Per RECIST v1.1 || [10] Overall Response Rate (ORR) Per irRC	True	YES	10
NCT02613221	panitumumab + tas-102	Panitumumab + TAS-102	4:OG000,6:OG000	ctg_results_bor_2014_2017.txt	2	4,6	4	SECONDARY	54	BASIS_EXISTS	ENDPOINT_CONSTRUCT	ENDPOINT_CONSTRUCT	title (endpoint construct named)	[4] ORR || [6] DCR	[4] Response Rate (RR) || [6] Disease Control Rate (DCR)	True	NOT_DETERMINED	
NCT02616185	all mcrpc patients	All mCRPC Patients	26:OG001,28:OG001	ctg_results_bor_2014_2017.txt	2	26,28	26	SECONDARY	54	BASIS_EXISTS	ASSESSMENT_CRITERIA	ASSESSMENT_CRITERIA	title+description (named criteria set/version)	[26] RECIST 1.1 || [28] RECIST 1.1|irRECIST	[26] Objective Response Rate (ORR) by Response Evaluation Criteria in Solid Tumors Version 1.1 (RECIST v1.1) in Coh… || [28] Immune-Related Confirmed ORR by Immune Related Response Evaluation Criteria in Solid Tumors Version 1.1 (irREC…	False	NOT_DETERMINED	
NCT02616185	cohort 7a and 3b combined	Cohort 7A and 3B Combined	26:OG000,28:OG000	ctg_results_bor_2014_2017.txt	2	26,28	26	SECONDARY	32	BASIS_EXISTS	ASSESSMENT_CRITERIA	ASSESSMENT_CRITERIA	title+description (named criteria set/version)	[26] RECIST 1.1 || [28] RECIST 1.1|irRECIST	[26] Objective Response Rate (ORR) by Response Evaluation Criteria in Solid Tumors Version 1.1 (RECIST v1.1) in Coh… || [28] Immune-Related Confirmed ORR by Immune Related Response Evaluation Criteria in Solid Tumors Version 1.1 (irREC…	False	NOT_DETERMINED	
NCT02624986	dlbcl bridging: idasanutlin 150 mg + rituximab 375 mg/m^2	DLBCL Bridging: Idasanutlin 150 mg + Rituximab 375 mg/m^2	6:OG003,8:OG003	ctg_results_bor_2014_2017.txt	2	6,8	6	SECONDARY	0	BASIS_EXISTS	MODALITY	MODALITY	title+description (imaging modality)	[6] PET || [8] CT_ALONE	[6] Percentage of Participants With Objective Response at the End of Induction, Determined by the IRC on the Basis… || [8] Percentage of Participants With Objective Response at the End of Induction, Determined by an IRC on the Basis …	False	NOT_DETERMINED	
NCT02624986	dlbcl bridging: idasanutlin 200 mg + rituximab 375 mg/m^2	DLBCL Bridging: Idasanutlin 200 mg + Rituximab 375 mg/m^2	6:OG004,8:OG004	ctg_results_bor_2014_2017.txt	2	6,8	6	SECONDARY	0	BASIS_EXISTS	MODALITY	MODALITY	title+description (imaging modality)	[6] PET || [8] CT_ALONE	[6] Percentage of Participants With Objective Response at the End of Induction, Determined by the IRC on the Basis… || [8] Percentage of Participants With Objective Response at the End of Induction, Determined by an IRC on the Basis …	False	NOT_DETERMINED	
NCT02624986	dlbcl non-bridging: idasanutlin 100 mg + obinutuzumab 1000 mg	DLBCL Non-Bridging: Idasanutlin 100 mg + Obinutuzumab 1000 mg	6:OG000,8:OG000	ctg_results_bor_2014_2017.txt	2	6,8	6	SECONDARY	0	BASIS_EXISTS	MODALITY	MODALITY	title+description (imaging modality)	[6] PET || [8] CT_ALONE	[6] Percentage of Participants With Objective Response at the End of Induction, Determined by the IRC on the Basis… || [8] Percentage of Participants With Objective Response at the End of Induction, Determined by an IRC on the Basis …	False	NOT_DETERMINED	
NCT02624986	dlbcl non-bridging: idasanutlin 150 mg + obinutuzumab 1000 mg	DLBCL Non-Bridging: Idasanutlin 150 mg + Obinutuzumab 1000 mg	6:OG001,8:OG001	ctg_results_bor_2014_2017.txt	2	6,8	6	SECONDARY	0	BASIS_EXISTS	MODALITY	MODALITY	title+description (imaging modality)	[6] PET || [8] CT_ALONE	[6] Percentage of Participants With Objective Response at the End of Induction, Determined by the IRC on the Basis… || [8] Percentage of Participants With Objective Response at the End of Induction, Determined by an IRC on the Basis …	False	NOT_DETERMINED	
NCT02624986	dlbcl non-bridging: idasanutlin 200 mg + obinutuzumab 1000 mg	DLBCL Non-Bridging: Idasanutlin 200 mg + Obinutuzumab 1000 mg	6:OG002,8:OG002	ctg_results_bor_2014_2017.txt	2	6,8	6	SECONDARY	0	BASIS_EXISTS	MODALITY	MODALITY	title+description (imaging modality)	[6] PET || [8] CT_ALONE	[6] Percentage of Participants With Objective Response at the End of Induction, Determined by the IRC on the Basis… || [8] Percentage of Participants With Objective Response at the End of Induction, Determined by an IRC on the Basis …	False	NOT_DETERMINED	
NCT02624986	fl bridging: idasanutlin 150 mg + obinutuzumab 1000 mg	FL Bridging: Idasanutlin 150 mg + Obinutuzumab 1000 mg	6:OG007,8:OG007	ctg_results_bor_2014_2017.txt	2	6,8	6	SECONDARY	0	BASIS_EXISTS	MODALITY	MODALITY	title+description (imaging modality)	[6] PET || [8] CT_ALONE	[6] Percentage of Participants With Objective Response at the End of Induction, Determined by the IRC on the Basis… || [8] Percentage of Participants With Objective Response at the End of Induction, Determined by an IRC on the Basis …	False	NOT_DETERMINED	
NCT02624986	fl non-bridging: idasanutlin 100 mg + obinutuzumab 1000 mg	FL Non-Bridging: Idasanutlin 100 mg + Obinutuzumab 1000 mg	6:OG005,8:OG005	ctg_results_bor_2014_2017.txt	2	6,8	6	SECONDARY	0	BASIS_EXISTS	MODALITY	MODALITY	title+description (imaging modality)	[6] PET || [8] CT_ALONE	[6] Percentage of Participants With Objective Response at the End of Induction, Determined by the IRC on the Basis… || [8] Percentage of Participants With Objective Response at the End of Induction, Determined by an IRC on the Basis …	False	NOT_DETERMINED	
NCT02624986	fl non-bridging: idasanutlin 150 mg + obinutuzumab 1000 mg	FL Non-Bridging: Idasanutlin 150 mg + Obinutuzumab 1000 mg	6:OG006,8:OG006	ctg_results_bor_2014_2017.txt	2	6,8	6	SECONDARY	0	BASIS_EXISTS	MODALITY	MODALITY	title+description (imaging modality)	[6] PET || [8] CT_ALONE	[6] Percentage of Participants With Objective Response at the End of Induction, Determined by the IRC on the Basis… || [8] Percentage of Participants With Objective Response at the End of Induction, Determined by an IRC on the Basis …	False	NOT_DETERMINED	
NCT02625610	avelumab	Avelumab	2:OG001,3:OG001	ctg_results_bor_2014_2017.txt	2	2,3	2	SECONDARY	249	BASIS_EXISTS	ENDPOINT_CONSTRUCT	ENDPOINT_CONSTRUCT|PARAM_UNIT|STRUCTURE	title (endpoint construct named)	[2] BOR || [3] ORR	[2] Best Overall Response (BOR) by Investigator Assessment || [3] Objective Response Rate (ORR) by Investigator Assessment	True	YES	3
NCT02625610	chemotherapy + best supportive care (bsc)	Chemotherapy + Best Supportive Care (BSC)	2:OG000,3:OG000	ctg_results_bor_2014_2017.txt	2	2,3	2	SECONDARY	250	BASIS_EXISTS	ENDPOINT_CONSTRUCT	ENDPOINT_CONSTRUCT|PARAM_UNIT|STRUCTURE	title (endpoint construct named)	[2] BOR || [3] ORR	[2] Best Overall Response (BOR) by Investigator Assessment || [3] Objective Response Rate (ORR) by Investigator Assessment	True	YES	3
NCT02626000	talimogene laherparepvec + pembrolizumab	Talimogene Laherparepvec + Pembrolizumab	1:OG000,2:OG000,5:OG000	ctg_results_bor_2014_2017.txt	3	1,2,5	1	SECONDARY	32	BASIS_EXISTS	ENDPOINT_CONSTRUCT	ENDPOINT_CONSTRUCT|RESPONSE_DEPTH	title (endpoint construct named)	[1] ORR || [2] ORR || [5] DCR	[1] Objective Response Rate || [2] Complete Response Rate || [5] Disease Control Rate	True	NOT_DETERMINED	
NCT02626455	phase 3: copa+r-b/r-chop	Phase 3: Copa+R-B/R-CHOP	4:OG000,8:OG000	ctg_placebo_onc_2014_2017.txt	2	4,8	4	SECONDARY	262	BASIS_EXISTS	RESPONSE_DEPTH	RESPONSE_DEPTH|TIME_FRAME	title/description (response-depth threshold)	[4] FULL || [8] CR	[4] Phase 3: Objective Tumor Response Rate (ORR)-Independent Central Review || [8] Phase 3: Complete Tumor Response Rate (CRR)-Independent Central Review	True	NOT_DETERMINED	
NCT02626455	phase 3: pbo+r-b/r-chop	Phase 3: Pbo+R-B/R-CHOP	4:OG001,8:OG001	ctg_placebo_onc_2014_2017.txt	2	4,8	4	SECONDARY	262	BASIS_EXISTS	RESPONSE_DEPTH	RESPONSE_DEPTH|TIME_FRAME	title/description (response-depth threshold)	[4] FULL || [8] CR	[4] Phase 3: Objective Tumor Response Rate (ORR)-Independent Central Review || [8] Phase 3: Complete Tumor Response Rate (CRR)-Independent Central Review	True	NOT_DETERMINED	
NCT02631577	atezolizumab-g-lena 15mg	Atezolizumab-G-lena 15mg	3:OG000,4:OG000	ctg_results_bor_2014_2017.txt	2	3,4	3	SECONDARY	0	BASIS_EXISTS	MODALITY	MODALITY	title+description (imaging modality)	[3] PET || [4] CT_ALONE	[3] Percentage of Participants With Objective Response (CR or PR) at EOI as Determined by the IRC and Investigator… || [4] Percentage of Participants With Objective Response (CR or PR) at EOI as Determined by the IRC and Investigator…	False	NOT_DETERMINED	
NCT02631577	atezolizumab-g-lena 20mg	Atezolizumab-G-lena 20mg	3:OG001,4:OG001	ctg_results_bor_2014_2017.txt	2	3,4	3	SECONDARY	32	BASIS_EXISTS	MODALITY	MODALITY|STRUCTURE	title+description (imaging modality)	[3] PET || [4] CT_ALONE	[3] Percentage of Participants With Objective Response (CR or PR) at EOI as Determined by the IRC and Investigator… || [4] Percentage of Participants With Objective Response (CR or PR) at EOI as Determined by the IRC and Investigator…	True	NOT_DETERMINED	
NCT02639182	ags-16c3f	AGS-16C3F	2:OG000,5:OG000	ctg_results_bor_2014_2017.txt	2	2,5	2	SECONDARY	67	BASIS_EXISTS	ENDPOINT_CONSTRUCT	ENDPOINT_CONSTRUCT|TIME_FRAME	title (endpoint construct named)	[2] ORR || [5] DCR	[2] Objective Response Rate (ORR) Based on the Investigator's Radiographic Assessment || [5] Disease Control Rate (DCR) Based on the Investigator's Radiographic Assessment	True	NOT_DETERMINED	
NCT02639182	axitinib	Axitinib	2:OG001,5:OG001	ctg_results_bor_2014_2017.txt	2	2,5	2	SECONDARY	66	BASIS_EXISTS	ENDPOINT_CONSTRUCT	ENDPOINT_CONSTRUCT|TIME_FRAME	title (endpoint construct named)	[2] ORR || [5] DCR	[2] Objective Response Rate (ORR) Based on the Investigator's Radiographic Assessment || [5] Disease Control Rate (DCR) Based on the Investigator's Radiographic Assessment	True	NOT_DETERMINED	
NCT02651987	midgut net cohort	Midgut NET Cohort	4:OG001,5:OG001,6:OG001	ctg_results_bor_2014_2017.txt	3	4,5,6	4	SECONDARY	51	BASIS_EXISTS	ENDPOINT_CONSTRUCT	ENDPOINT_CONSTRUCT|TIME_FRAME|STRUCTURE	title (endpoint construct named)	[4] ORR || [5] DCR || [6] ORR	[4] Objective Response Rate (ORR) || [5] Disease Control Rate (DCR) || [6] Best Overall Response Rate	True	NOT_DETERMINED	
NCT02651987	pannet cohort	PanNET Cohort	4:OG000,5:OG000,6:OG000	ctg_results_bor_2014_2017.txt	3	4,5,6	4	SECONDARY	48	BASIS_EXISTS	ENDPOINT_CONSTRUCT	ENDPOINT_CONSTRUCT|TIME_FRAME|STRUCTURE	title (endpoint construct named)	[4] ORR || [5] DCR || [6] ORR	[4] Objective Response Rate (ORR) || [5] Disease Control Rate (DCR) || [6] Best Overall Response Rate	True	NOT_DETERMINED	
NCT02658084	phase 2: t-dm1 + rp2d vinorelbine	Phase 2: T-DM1 + RP2D Vinorelbine	3:OG000,5:OG000	ctg_results_bor_2014_2017.txt	2	3,5	3	SECONDARY	0	BASIS_EXISTS	ENDPOINT_CONSTRUCT	ENDPOINT_CONSTRUCT|TIME_FRAME	title (endpoint construct named)	[3] CBR || [5] ORR	[3] Phase 2 - Clinical Benefit Rate (CBR) || [5] Phase 2 - Objective Response Rate (ORR)	False	YES	5
NCT02660034	part b: dose expansion phase - arm 1a	Part B: Dose Expansion Phase - Arm 1a	2:OG000,5:OG000,6:OG000	ctg_results_bor_2014_2017.txt	3	2,5,6	2	PRIMARY	23	BASIS_EXISTS	ENDPOINT_CONSTRUCT	ENDPOINT_CONSTRUCT	title (endpoint construct named)	[2] ORR || [5] DCR || [6] CBR	[2] Part B: Objective Response Rate (ORR) || [5] Part B: Disease Control Rate (DCR) || [6] Part B: Clinical Benefit Rate (CBR)	True	NOT_DETERMINED	
NCT02660034	part b: dose expansion phase - arm 1b	Part B: Dose Expansion Phase - Arm 1b	2:OG001,5:OG001,6:OG001	ctg_results_bor_2014_2017.txt	3	2,5,6	2	PRIMARY	23	BASIS_EXISTS	ENDPOINT_CONSTRUCT	ENDPOINT_CONSTRUCT	title (endpoint construct named)	[2] ORR || [5] DCR || [6] CBR	[2] Part B: Objective Response Rate (ORR) || [5] Part B: Disease Control Rate (DCR) || [6] Part B: Clinical Benefit Rate (CBR)	True	NOT_DETERMINED	
NCT02660034	part b: dose expansion phase - arm 2	Part B: Dose Expansion Phase - Arm 2	2:OG002,5:OG002,6:OG002	ctg_results_bor_2014_2017.txt	3	2,5,6	2	PRIMARY	19	BASIS_EXISTS	ENDPOINT_CONSTRUCT	ENDPOINT_CONSTRUCT	title (endpoint construct named)	[2] ORR || [5] DCR || [6] CBR	[2] Part B: Objective Response Rate (ORR) || [5] Part B: Disease Control Rate (DCR) || [6] Part B: Clinical Benefit Rate (CBR)	True	NOT_DETERMINED	
NCT02660034	part b: dose expansion phase - arm 3	Part B: Dose Expansion Phase - Arm 3	2:OG003,5:OG003,6:OG003	ctg_results_bor_2014_2017.txt	3	2,5,6	2	PRIMARY	20	BASIS_EXISTS	ENDPOINT_CONSTRUCT	ENDPOINT_CONSTRUCT	title (endpoint construct named)	[2] ORR || [5] DCR || [6] CBR	[2] Part B: Objective Response Rate (ORR) || [5] Part B: Disease Control Rate (DCR) || [6] Part B: Clinical Benefit Rate (CBR)	True	NOT_DETERMINED	
NCT02660034	part b: dose expansion phase - arm 4	Part B: Dose Expansion Phase - Arm 4	2:OG004,5:OG004,6:OG004	ctg_results_bor_2014_2017.txt	3	2,5,6	2	PRIMARY	23	BASIS_EXISTS	ENDPOINT_CONSTRUCT	ENDPOINT_CONSTRUCT	title (endpoint construct named)	[2] ORR || [5] DCR || [6] CBR	[2] Part B: Objective Response Rate (ORR) || [5] Part B: Disease Control Rate (DCR) || [6] Part B: Clinical Benefit Rate (CBR)	True	NOT_DETERMINED	
NCT02660034	part b: dose expansion phase - arm 5	Part B: Dose Expansion Phase - Arm 5	2:OG005,5:OG005,6:OG005	ctg_results_bor_2014_2017.txt	3	2,5,6	2	PRIMARY	20	BASIS_EXISTS	ENDPOINT_CONSTRUCT	ENDPOINT_CONSTRUCT	title (endpoint construct named)	[2] ORR || [5] DCR || [6] CBR	[2] Part B: Objective Response Rate (ORR) || [5] Part B: Disease Control Rate (DCR) || [6] Part B: Clinical Benefit Rate (CBR)	True	NOT_DETERMINED	
NCT02660034	part b: dose expansion phase - arm 6	Part B: Dose Expansion Phase - Arm 6	2:OG006,5:OG006,6:OG006	ctg_results_bor_2014_2017.txt	3	2,5,6	2	PRIMARY	21	BASIS_EXISTS	ENDPOINT_CONSTRUCT	ENDPOINT_CONSTRUCT	title (endpoint construct named)	[2] ORR || [5] DCR || [6] CBR	[2] Part B: Objective Response Rate (ORR) || [5] Part B: Disease Control Rate (DCR) || [6] Part B: Clinical Benefit Rate (CBR)	True	NOT_DETERMINED	
NCT02660034	part b: dose expansion phase - arm 7	Part B: Dose Expansion Phase - Arm 7	2:OG007,5:OG007,6:OG007	ctg_results_bor_2014_2017.txt	3	2,5,6	2	PRIMARY	21	BASIS_EXISTS	ENDPOINT_CONSTRUCT	ENDPOINT_CONSTRUCT	title (endpoint construct named)	[2] ORR || [5] DCR || [6] CBR	[2] Part B: Objective Response Rate (ORR) || [5] Part B: Disease Control Rate (DCR) || [6] Part B: Clinical Benefit Rate (CBR)	True	NOT_DETERMINED	
NCT02660034	part b: dose expansion phase - arm 8	Part B: Dose Expansion Phase - Arm 8	2:OG008,5:OG008,6:OG008	ctg_results_bor_2014_2017.txt	3	2,5,6	2	PRIMARY	10	BASIS_EXISTS	ENDPOINT_CONSTRUCT	ENDPOINT_CONSTRUCT	title (endpoint construct named)	[2] ORR || [5] DCR || [6] CBR	[2] Part B: Objective Response Rate (ORR) || [5] Part B: Disease Control Rate (DCR) || [6] Part B: Clinical Benefit Rate (CBR)	True	NOT_DETERMINED	
NCT02667886	x4p-001 200 mg bid with axitinib	X4P-001 200 mg BID With Axitinib	1:OG000,2:OG000,4:OG000	ctg_results_bor_2014_2017.txt	3	1,2,4	1	SECONDARY	3	BASIS_EXISTS	ENDPOINT_CONSTRUCT	ENDPOINT_CONSTRUCT|ASSESSMENT_CRITERIA|PARAM_UNIT|POPULATION|TIME_FRAME	title (endpoint construct named)	[1] ORR || [2] ORR || [4] DCR	[1] Parts A and B: Objective Response Rate (ORR), as Assessed Using Response Evaluation Criteria in Solid Tumors (… || [2] Parts A and B: Time to Objective Response, as Assessed Using RECIST v1.1 || [4] Parts A and B: Disease Control Rate (DCR), as Assessed Using RECIST v1.1	True	NOT_DETERMINED	
NCT02667886	x4p-001 400 mg qd with axitinib	X4P-001 400 mg QD With Axitinib	1:OG001,2:OG001,4:OG001	ctg_results_bor_2014_2017.txt	3	1,2,4	1	SECONDARY	59	BASIS_EXISTS	ENDPOINT_CONSTRUCT	ENDPOINT_CONSTRUCT|ASSESSMENT_CRITERIA|PARAM_UNIT|POPULATION|TIME_FRAME	title (endpoint construct named)	[1] ORR || [2] ORR || [4] DCR	[1] Parts A and B: Objective Response Rate (ORR), as Assessed Using Response Evaluation Criteria in Solid Tumors (… || [2] Parts A and B: Time to Objective Response, as Assessed Using RECIST v1.1 || [4] Parts A and B: Disease Control Rate (DCR), as Assessed Using RECIST v1.1	True	NOT_DETERMINED	
NCT02675231	150 mg abemaciclib + 8 mg/kg trastuzumab	150 mg Abemaciclib + 8 mg/kg Trastuzumab	4:OG001,6:OG001,7:OG001	ctg_results_bor_2014_2017.txt	3	4,6,7	4	SECONDARY	79	BASIS_EXISTS	ENDPOINT_CONSTRUCT	ENDPOINT_CONSTRUCT|ASSESSMENT_CRITERIA|TIME_FRAME	title (endpoint construct named)	[4] ORR || [6] DCR || [7] CBR	[4] Percentage of Participants Achieving Complete Response (CR) or Partial Response (PR): Objective Response Rate … || [6] Percentage of Participants With a Best Overall Response of CR, PR, or Stable Disease (SD): Disease Control Rat… || [7] Percentage of Participants With Best Overall Response of CR, PR, or SD With Duration of SD for at Least 6 Mont…	True	NOT_DETERMINED	
NCT02675231	150 mg abemaciclib + 8 mg/kg trastuzumab + 500 mg fulvestrant	150 mg Abemaciclib + 8 mg/kg Trastuzumab + 500 mg Fulvestrant	4:OG000,6:OG000,7:OG000	ctg_results_bor_2014_2017.txt	3	4,6,7	4	SECONDARY	79	BASIS_EXISTS	ENDPOINT_CONSTRUCT	ENDPOINT_CONSTRUCT|ASSESSMENT_CRITERIA|TIME_FRAME	title (endpoint construct named)	[4] ORR || [6] DCR || [7] CBR	[4] Percentage of Participants Achieving Complete Response (CR) or Partial Response (PR): Objective Response Rate … || [6] Percentage of Participants With a Best Overall Response of CR, PR, or Stable Disease (SD): Disease Control Rat… || [7] Percentage of Participants With Best Overall Response of CR, PR, or SD With Duration of SD for at Least 6 Mont…	True	NOT_DETERMINED	
NCT02675231	8 mg/kg trastuzumab + standard of care chemotherapy	8 mg/kg Trastuzumab + Standard of Care Chemotherapy	4:OG002,6:OG002,7:OG002	ctg_results_bor_2014_2017.txt	3	4,6,7	4	SECONDARY	79	BASIS_EXISTS	ENDPOINT_CONSTRUCT	ENDPOINT_CONSTRUCT|ASSESSMENT_CRITERIA|TIME_FRAME	title (endpoint construct named)	[4] ORR || [6] DCR || [7] CBR	[4] Percentage of Participants Achieving Complete Response (CR) or Partial Response (PR): Objective Response Rate … || [6] Percentage of Participants With a Best Overall Response of CR, PR, or Stable Disease (SD): Disease Control Rat… || [7] Percentage of Participants With Best Overall Response of CR, PR, or SD With Duration of SD for at Least 6 Mont…	True	NOT_DETERMINED	
NCT02678780	neuroendocrine tumors of gastrointestinal tract	Neuroendocrine Tumors of Gastrointestinal Tract	0:OG001,1:OG001	ctg_results_bor_2014_2017.txt	2	0,1	0	PRIMARY	55	BASIS_EXISTS	PARAM_UNIT	PARAM_UNIT|STRUCTURE	paramType / unitOfMeasure	[0] COUNT_OF_PARTICIPANTS/Participants || [1] NUMBER/percentage of participants with response	[0] Best Response Rate by Response Evaluation Criteria In Solid Tumors (RECIST) v1.1 Upon Central Radiologic Asses… || [1] Overall Response Rate (ORR) by RECIST v 1.1 Upon Central Radiologic Assessment	True	NOT_DETERMINED	
NCT02678780	neuroendocrine tumors of the pancreas	Neuroendocrine Tumors of the Pancreas	0:OG000,1:OG000	ctg_results_bor_2014_2017.txt	2	0,1	0	PRIMARY	52	BASIS_EXISTS	PARAM_UNIT	PARAM_UNIT|STRUCTURE	paramType / unitOfMeasure	[0] COUNT_OF_PARTICIPANTS/Participants || [1] NUMBER/percentage of participants with response	[0] Best Response Rate by Response Evaluation Criteria In Solid Tumors (RECIST) v1.1 Upon Central Radiologic Asses… || [1] Overall Response Rate (ORR) by RECIST v 1.1 Upon Central Radiologic Assessment	True	NOT_DETERMINED	
NCT02711553	8 mg/kg ramucirumab + 25 mg/m2 cisplatin + 1000 mg/m2 gemcitabine	8 mg/kg Ramucirumab + 25 mg/m² Cisplatin + 1000 mg/m² Gemcitabine	2:OG000,3:OG000	ctg_placebo_onc_2014_2017.txt	2	2,3	2	SECONDARY	106	BASIS_EXISTS	ENDPOINT_CONSTRUCT	ENDPOINT_CONSTRUCT|ASSESSMENT_CRITERIA	title (endpoint construct named)	[2] ORR || [3] DCR	[2] Percentage of Participants With a Best Overall Response of Complete Response (CR) or Partial Response (PR): Ob… || [3] Percentage of Participants With a Best Overall Response of CR, PR, or Stable Disease (SD): Disease Control Rat…	True	NOT_DETERMINED	
NCT02711553	80 mg merestinib + 25 mg/m2 cisplatin + 1000 mg/m2 gemcitabine	80 mg Merestinib + 25 mg/m² Cisplatin + 1000 mg/m² Gemcitabine	2:OG001,3:OG001	ctg_placebo_onc_2014_2017.txt	2	2,3	2	SECONDARY	102	BASIS_EXISTS	ENDPOINT_CONSTRUCT	ENDPOINT_CONSTRUCT|ASSESSMENT_CRITERIA	title (endpoint construct named)	[2] ORR || [3] DCR	[2] Percentage of Participants With a Best Overall Response of Complete Response (CR) or Partial Response (PR): Ob… || [3] Percentage of Participants With a Best Overall Response of CR, PR, or Stable Disease (SD): Disease Control Rat…	True	NOT_DETERMINED	
NCT02711553	pooled placebo	Pooled Placebo	2:OG002,3:OG002	ctg_placebo_onc_2014_2017.txt	2	2,3	2	SECONDARY	101	BASIS_EXISTS	ENDPOINT_CONSTRUCT	ENDPOINT_CONSTRUCT|ASSESSMENT_CRITERIA	title (endpoint construct named)	[2] ORR || [3] DCR	[2] Percentage of Participants With a Best Overall Response of Complete Response (CR) or Partial Response (PR): Ob… || [3] Percentage of Participants With a Best Overall Response of CR, PR, or Stable Disease (SD): Disease Control Rat…	True	NOT_DETERMINED	
NCT02712905	group a: incb059872 monotherapy; 3 mg qod	Group A: INCB059872 Monotherapy; 3 mg QOD	3:OG002,4:OG002	ctg_results_bor_2014_2017.txt	2	3,4	3	SECONDARY	0	BASIS_EXISTS	POPULATION	POPULATION|TIME_FRAME	populationDescription	[3] Full Analysis Set. Only participants with AML who received monotherapy were analyzed. The … || [4] Full Analysis Set. Only participants with MDS who received monotherapy were analyzed. The …	[3] ORR for Altering the Natural History of the Disease in Participants With Acute Myeloid Leukemia (AML) Who Rece… || [4] ORR for Altering the Natural History of the Disease in Participants With Myelodysplastic Syndrome (MDS) Who Re…	False	NOT_DETERMINED	
NCT02712905	group b: incb059872 monotherapy; 1 mg qd	Group B: INCB059872 Monotherapy; 1 mg QD	3:OG006,4:OG006	ctg_results_bor_2014_2017.txt	2	3,4	3	SECONDARY	0	BASIS_EXISTS	POPULATION	POPULATION|TIME_FRAME	populationDescription	[3] Full Analysis Set. Only participants with AML who received monotherapy were analyzed. The … || [4] Full Analysis Set. Only participants with MDS who received monotherapy were analyzed. The …	[3] ORR for Altering the Natural History of the Disease in Participants With Acute Myeloid Leukemia (AML) Who Rece… || [4] ORR for Altering the Natural History of the Disease in Participants With Myelodysplastic Syndrome (MDS) Who Re…	False	NOT_DETERMINED	
NCT02712905	group b: incb059872 monotherapy; 2 mg qd	Group B: INCB059872 Monotherapy; 2 mg QD	3:OG008,4:OG008	ctg_results_bor_2014_2017.txt	2	3,4	3	SECONDARY	0	BASIS_EXISTS	POPULATION	POPULATION|TIME_FRAME	populationDescription	[3] Full Analysis Set. Only participants with AML who received monotherapy were analyzed. The … || [4] Full Analysis Set. Only participants with MDS who received monotherapy were analyzed. The …	[3] ORR for Altering the Natural History of the Disease in Participants With Acute Myeloid Leukemia (AML) Who Rece… || [4] ORR for Altering the Natural History of the Disease in Participants With Myelodysplastic Syndrome (MDS) Who Re…	False	NOT_DETERMINED	
NCT02712905	group b: incb059872 monotherapy; 2 mg qod	Group B: INCB059872 Monotherapy; 2 mg QOD	3:OG007,4:OG007	ctg_results_bor_2014_2017.txt	2	3,4	3	SECONDARY	0	BASIS_EXISTS	POPULATION	POPULATION|TIME_FRAME	populationDescription	[3] Full Analysis Set. Only participants with AML who received monotherapy were analyzed. The … || [4] Full Analysis Set. Only participants with MDS who received monotherapy were analyzed. The …	[3] ORR for Altering the Natural History of the Disease in Participants With Acute Myeloid Leukemia (AML) Who Rece… || [4] ORR for Altering the Natural History of the Disease in Participants With Myelodysplastic Syndrome (MDS) Who Re…	False	NOT_DETERMINED	
NCT02712905	group b: incb059872 monotherapy; 3 mg qd	Group B: INCB059872 Monotherapy; 3 mg QD	3:OG010,4:OG010	ctg_results_bor_2014_2017.txt	2	3,4	3	SECONDARY	0	BASIS_EXISTS	POPULATION	POPULATION|TIME_FRAME	populationDescription	[3] Full Analysis Set. Only participants with AML who received monotherapy were analyzed. The … || [4] Full Analysis Set. Only participants with MDS who received monotherapy were analyzed. The …	[3] ORR for Altering the Natural History of the Disease in Participants With Acute Myeloid Leukemia (AML) Who Rece… || [4] ORR for Altering the Natural History of the Disease in Participants With Myelodysplastic Syndrome (MDS) Who Re…	False	NOT_DETERMINED	
NCT02712905	group b: incb059872 monotherapy; 3 mg qod	Group B: INCB059872 Monotherapy; 3 mg QOD	3:OG009,4:OG009	ctg_results_bor_2014_2017.txt	2	3,4	3	SECONDARY	0	BASIS_EXISTS	POPULATION	POPULATION|TIME_FRAME	populationDescription	[3] Full Analysis Set. Only participants with AML who received monotherapy were analyzed. The … || [4] Full Analysis Set. Only participants with MDS who received monotherapy were analyzed. The …	[3] ORR for Altering the Natural History of the Disease in Participants With Acute Myeloid Leukemia (AML) Who Rece… || [4] ORR for Altering the Natural History of the Disease in Participants With Myelodysplastic Syndrome (MDS) Who Re…	False	NOT_DETERMINED	
NCT02712905	group b: incb059872 monotherapy; 4 mg qod	Group B: INCB059872 Monotherapy; 4 mg QOD	3:OG011,4:OG011	ctg_results_bor_2014_2017.txt	2	3,4	3	SECONDARY	0	BASIS_EXISTS	POPULATION	POPULATION|TIME_FRAME	populationDescription	[3] Full Analysis Set. Only participants with AML who received monotherapy were analyzed. The … || [4] Full Analysis Set. Only participants with MDS who received monotherapy were analyzed. The …	[3] ORR for Altering the Natural History of the Disease in Participants With Acute Myeloid Leukemia (AML) Who Rece… || [4] ORR for Altering the Natural History of the Disease in Participants With Myelodysplastic Syndrome (MDS) Who Re…	False	NOT_DETERMINED	
NCT02712905	group e: combination therapy; incb059872 3 mg qod + nivolumab	Group E: Combination Therapy; INCB059872 3 mg QOD + Nivolumab	12:OG005,13:OG005	ctg_results_bor_2014_2017.txt	2	12,13	12	SECONDARY	0	BASIS_EXISTS	POPULATION	POPULATION|TIME_FRAME	populationDescription	[12] Full Analysis Set. Only participants with AML who received combination therapy were analyz… || [13] Full Analysis Set. Only participants with MDS who received combination therapy were analyz…	[12] ORR for Altering the Natural History of the Disease in Participants With AML Who Received Combination Therapy || [13] ORR for Altering the Natural History of the Disease in Participants With MDS Who Received Combination Therapy	False	NOT_DETERMINED	
NCT02718911	cohort b-1: nsclc ly3022855+ durvalumab	Cohort B-1: NSCLC LY3022855+ Durvalumab	1:OG008,2:OG008	ctg_results_bor_2014_2017.txt	2	1,2	1	SECONDARY	19	BASIS_EXISTS	ENDPOINT_CONSTRUCT	ENDPOINT_CONSTRUCT|TIME_FRAME	title (endpoint construct named)	[1] ORR || [2] DCR	[1] Percentage of Participants Who Exhibit Complete Response (CR) or Partial Response (PR) [Overall Response Rate … || [2] Percentage of Participants Who Exhibit Stable Disease (SD) or CR or PR [Disease Control Rate (DCR)]	True	NOT_DETERMINED	
NCT02718911	cohort b-1: ovarian ly3022855+ durvalumab	Cohort B-1: OVARIAN LY3022855+ Durvalumab	1:OG009,2:OG009	ctg_results_bor_2014_2017.txt	2	1,2	1	SECONDARY	20	BASIS_EXISTS	ENDPOINT_CONSTRUCT	ENDPOINT_CONSTRUCT|TIME_FRAME	title (endpoint construct named)	[1] ORR || [2] DCR	[1] Percentage of Participants Who Exhibit Complete Response (CR) or Partial Response (PR) [Overall Response Rate … || [2] Percentage of Participants Who Exhibit Stable Disease (SD) or CR or PR [Disease Control Rate (DCR)]	True	NOT_DETERMINED	
NCT02718911	cohort d1a: ly3022855 (25 mg,qw)+durvalumab (750mg,q2w)	Cohort D1A: LY3022855 (25 mg,QW)+Durvalumab (750mg,Q2W)	1:OG000,2:OG000	ctg_results_bor_2014_2017.txt	2	1,2	1	SECONDARY	4	BASIS_EXISTS	ENDPOINT_CONSTRUCT	ENDPOINT_CONSTRUCT|TIME_FRAME	title (endpoint construct named)	[1] ORR || [2] DCR	[1] Percentage of Participants Who Exhibit Complete Response (CR) or Partial Response (PR) [Overall Response Rate … || [2] Percentage of Participants Who Exhibit Stable Disease (SD) or CR or PR [Disease Control Rate (DCR)]	True	NOT_DETERMINED	
NCT02718911	cohort d2a: ly3022855 (50 mg,qw)+durvalumab (750mg,q2w)	Cohort D2A: LY3022855 (50 mg,QW)+Durvalumab (750mg,Q2W)	1:OG001,2:OG001	ctg_results_bor_2014_2017.txt	2	1,2	1	SECONDARY	3	BASIS_EXISTS	ENDPOINT_CONSTRUCT	ENDPOINT_CONSTRUCT|TIME_FRAME	title (endpoint construct named)	[1] ORR || [2] DCR	[1] Percentage of Participants Who Exhibit Complete Response (CR) or Partial Response (PR) [Overall Response Rate … || [2] Percentage of Participants Who Exhibit Stable Disease (SD) or CR or PR [Disease Control Rate (DCR)]	True	NOT_DETERMINED	
NCT02718911	cohort d3a: ly3022855 (75 mg,qw)+durvalumab (750mg,q2w)	Cohort D3A: LY3022855 (75 mg,QW)+Durvalumab (750mg,Q2W)	1:OG002,2:OG002	ctg_results_bor_2014_2017.txt	2	1,2	1	SECONDARY	3	BASIS_EXISTS	ENDPOINT_CONSTRUCT	ENDPOINT_CONSTRUCT|TIME_FRAME	title (endpoint construct named)	[1] ORR || [2] DCR	[1] Percentage of Participants Who Exhibit Complete Response (CR) or Partial Response (PR) [Overall Response Rate … || [2] Percentage of Participants Who Exhibit Stable Disease (SD) or CR or PR [Disease Control Rate (DCR)]	True	NOT_DETERMINED	
NCT02718911	cohort d4a: ly3022855 (100 mg,qw)+durvalumab (750mg,q2w)	Cohort D4A: LY3022855 (100 mg,QW)+Durvalumab (750mg,Q2W)	1:OG003,2:OG003	ctg_results_bor_2014_2017.txt	2	1,2	1	SECONDARY	5	BASIS_EXISTS	ENDPOINT_CONSTRUCT	ENDPOINT_CONSTRUCT|TIME_FRAME	title (endpoint construct named)	[1] ORR || [2] DCR	[1] Percentage of Participants Who Exhibit Complete Response (CR) or Partial Response (PR) [Overall Response Rate … || [2] Percentage of Participants Who Exhibit Stable Disease (SD) or CR or PR [Disease Control Rate (DCR)]	True	NOT_DETERMINED	
NCT02718911	cohort t1a: ly3022855 (50 mg,qw) +tremelimumab (75mg,q4w)	Cohort T1A: LY3022855 (50 mg,QW) +Tremelimumab (75mg,Q4W)	1:OG004,2:OG004	ctg_results_bor_2014_2017.txt	2	1,2	1	SECONDARY	3	BASIS_EXISTS	ENDPOINT_CONSTRUCT	ENDPOINT_CONSTRUCT|TIME_FRAME	title (endpoint construct named)	[1] ORR || [2] DCR	[1] Percentage of Participants Who Exhibit Complete Response (CR) or Partial Response (PR) [Overall Response Rate … || [2] Percentage of Participants Who Exhibit Stable Disease (SD) or CR or PR [Disease Control Rate (DCR)]	True	NOT_DETERMINED	
NCT02718911	cohort t2a: ly3022855 (100 mg,qw) +tremelimumab (75mg,q4w)	Cohort T2A: LY3022855 (100 mg,QW) +Tremelimumab (75mg,Q4W)	1:OG005,2:OG005	ctg_results_bor_2014_2017.txt	2	1,2	1	SECONDARY	5	BASIS_EXISTS	ENDPOINT_CONSTRUCT	ENDPOINT_CONSTRUCT|TIME_FRAME	title (endpoint construct named)	[1] ORR || [2] DCR	[1] Percentage of Participants Who Exhibit Complete Response (CR) or Partial Response (PR) [Overall Response Rate … || [2] Percentage of Participants Who Exhibit Stable Disease (SD) or CR or PR [Disease Control Rate (DCR)]	True	NOT_DETERMINED	
NCT02718911	cohort t3a: ly3022855 (100 mg,qw) +tremelimumab (225 mg,q4w)	Cohort T3A: LY3022855 (100 mg,QW) +Tremelimumab (225 mg,Q4W)	1:OG006,2:OG006	ctg_results_bor_2014_2017.txt	2	1,2	1	SECONDARY	5	BASIS_EXISTS	ENDPOINT_CONSTRUCT	ENDPOINT_CONSTRUCT|TIME_FRAME	title (endpoint construct named)	[1] ORR || [2] DCR	[1] Percentage of Participants Who Exhibit Complete Response (CR) or Partial Response (PR) [Overall Response Rate … || [2] Percentage of Participants Who Exhibit Stable Disease (SD) or CR or PR [Disease Control Rate (DCR)]	True	NOT_DETERMINED	
NCT02718911	cohort t4a: ly3022855 (100 mg,qw) +tremelimumab (750 mg,q4w)	Cohort T4A: LY3022855 (100 mg,QW) +Tremelimumab (750 mg,Q4W)	1:OG007,2:OG007	ctg_results_bor_2014_2017.txt	2	1,2	1	SECONDARY	5	BASIS_EXISTS	ENDPOINT_CONSTRUCT	ENDPOINT_CONSTRUCT|TIME_FRAME	title (endpoint construct named)	[1] ORR || [2] DCR	[1] Percentage of Participants Who Exhibit Complete Response (CR) or Partial Response (PR) [Overall Response Rate … || [2] Percentage of Participants Who Exhibit Stable Disease (SD) or CR or PR [Disease Control Rate (DCR)]	True	NOT_DETERMINED	
NCT02725268	paclitaxel 80 mg/m^2	Paclitaxel 80 mg/m^2	4:OG000,5:OG000,6:OG000	ctg_results_bor_2014_2017.txt	3	4,5,6	4	SECONDARY	87	BASIS_EXISTS	ENDPOINT_CONSTRUCT	ENDPOINT_CONSTRUCT|TIME_FRAME	title (endpoint construct named)	[4] ORR || [5] CBR || [6] CBR	[4] Overall Response Rate (ORR) || [5] Clinical Benefit Rate (CBR) || [6] Clinical Benefit Rate (CBR) at Week 16 (CBR-16)	True	NOT_DETERMINED	
NCT02725268	paclitaxel 80 mg/m^2 + sapanisertib 4 mg	Paclitaxel 80 mg/m^2 + Sapanisertib 4 mg	4:OG001,5:OG001,6:OG001	ctg_results_bor_2014_2017.txt	3	4,5,6	4	SECONDARY	86	BASIS_EXISTS	ENDPOINT_CONSTRUCT	ENDPOINT_CONSTRUCT|TIME_FRAME	title (endpoint construct named)	[4] ORR || [5] CBR || [6] CBR	[4] Overall Response Rate (ORR) || [5] Clinical Benefit Rate (CBR) || [6] Clinical Benefit Rate (CBR) at Week 16 (CBR-16)	True	NOT_DETERMINED	
NCT02725268	sapanisertib 30 mg	Sapanisertib 30 mg	4:OG002,5:OG002,6:OG002	ctg_results_bor_2014_2017.txt	3	4,5,6	4	SECONDARY	41	BASIS_EXISTS	ENDPOINT_CONSTRUCT	ENDPOINT_CONSTRUCT|TIME_FRAME	title (endpoint construct named)	[4] ORR || [5] CBR || [6] CBR	[4] Overall Response Rate (ORR) || [5] Clinical Benefit Rate (CBR) || [6] Clinical Benefit Rate (CBR) at Week 16 (CBR-16)	True	NOT_DETERMINED	
NCT02725268	sapanisertib 4 mg + mln1117 200 mg	Sapanisertib 4 mg + MLN1117 200 mg	4:OG003,5:OG003,6:OG003	ctg_results_bor_2014_2017.txt	3	4,5,6	4	SECONDARY	20	BASIS_EXISTS	ENDPOINT_CONSTRUCT	ENDPOINT_CONSTRUCT|TIME_FRAME	title (endpoint construct named)	[4] ORR || [5] CBR || [6] CBR	[4] Overall Response Rate (ORR) || [5] Clinical Benefit Rate (CBR) || [6] Clinical Benefit Rate (CBR) at Week 16 (CBR-16)	True	NOT_DETERMINED	
NCT02729896	dose-escalation and expansion fl cohort 1.8 mg	Dose-Escalation and Expansion FL Cohort 1.8 mg	2:OG001,3:OG001	ctg_results_bor_2014_2017.txt	2	2,3	2	SECONDARY	7	BASIS_EXISTS	MODALITY	MODALITY	title+description (imaging modality)	[2] PET || [3] CT_ALONE	[2] Percentage of Participants With Objective Response (CR + PR) at EOI, as Determined by the Investigator on the … || [3] Percentage of Participants With Objective Response (CR + PR) at EOI, as Determined by the Investigator on the …	False	NOT_DETERMINED	
NCT02729896	dose-escalation fl cohort 1.4 mg	Dose-Escalation FL Cohort 1.4 mg	2:OG000,3:OG000	ctg_results_bor_2014_2017.txt	2	2,3	2	SECONDARY	3	BASIS_EXISTS	MODALITY	MODALITY	title+description (imaging modality)	[2] PET || [3] CT_ALONE	[2] Percentage of Participants With Objective Response (CR + PR) at EOI, as Determined by the Investigator on the … || [3] Percentage of Participants With Objective Response (CR + PR) at EOI, as Determined by the Investigator on the …	False	NOT_DETERMINED	
NCT02729896	safety run-in phase	Safety Run-In Phase	2:OG002,3:OG002	ctg_results_bor_2014_2017.txt	2	2,3	2	SECONDARY	16	BASIS_EXISTS	MODALITY	MODALITY	title+description (imaging modality)	[2] PET || [3] CT_ALONE	[2] Percentage of Participants With Objective Response (CR + PR) at EOI, as Determined by the Investigator on the … || [3] Percentage of Participants With Objective Response (CR + PR) at EOI, as Determined by the Investigator on the …	False	NOT_DETERMINED	
NCT02732119	cohort a	Cohort A	4:OG000,5:OG000	ctg_results_bor_2014_2017.txt	2	4,5	4	SECONDARY	8	BASIS_EXISTS	ENDPOINT_CONSTRUCT	ENDPOINT_CONSTRUCT|PARAM_UNIT|POPULATION|TIME_FRAME|STRUCTURE	title (endpoint construct named)	[4] BOR || [5] CBR	[4] Best Overall Responses (BOR) Summary Table as Per Central Review by Cohort - Phase I || [5] Clinical Benefit Rate as Per Central Review by Dose Cohort - Phase I	True	NOT_DETERMINED	
NCT02732119	cohort b	Cohort B	4:OG001,5:OG001	ctg_results_bor_2014_2017.txt	2	4,5	4	SECONDARY	10	BASIS_EXISTS	ENDPOINT_CONSTRUCT	ENDPOINT_CONSTRUCT|PARAM_UNIT|POPULATION|TIME_FRAME|STRUCTURE	title (endpoint construct named)	[4] BOR || [5] CBR	[4] Best Overall Responses (BOR) Summary Table as Per Central Review by Cohort - Phase I || [5] Clinical Benefit Rate as Per Central Review by Dose Cohort - Phase I	True	NOT_DETERMINED	
NCT02732119	cohort c	Cohort C	4:OG002,5:OG002	ctg_results_bor_2014_2017.txt	2	4,5	4	SECONDARY	7	BASIS_EXISTS	ENDPOINT_CONSTRUCT	ENDPOINT_CONSTRUCT|PARAM_UNIT|POPULATION|TIME_FRAME|STRUCTURE	title (endpoint construct named)	[4] BOR || [5] CBR	[4] Best Overall Responses (BOR) Summary Table as Per Central Review by Cohort - Phase I || [5] Clinical Benefit Rate as Per Central Review by Dose Cohort - Phase I	True	NOT_DETERMINED	
NCT02733042	part 1, arm a: dur 1500 mg + len 10 mg + rit 375 mg/m2	Part 1, Arm A: DUR 1500 mg + LEN 10 mg + RIT 375 mg/m²	2:OG002,3:OG002	ctg_results_bor_2014_2017.txt	2	2,3	2	SECONDARY	5	BASIS_EXISTS	ASSESSMENT_CRITERIA	ASSESSMENT_CRITERIA|TIME_FRAME	title+description (named criteria set/version)	[2] Lugano|IWG|IWCLL || [3] Cheson|Lugano|IWG|IWCLL	[2] Overall Response Rate (ORR) During Durvalumab Treatment || [3] Overall Response Rate During the Entire Study	False	NOT_DETERMINED	
NCT02733042	part 1, arm a: dur 1500 mg + len 20 mg	Part 1, Arm A: DUR 1500 mg + LEN 20 mg	2:OG000,3:OG000	ctg_results_bor_2014_2017.txt	2	2,3	2	SECONDARY	3	BASIS_EXISTS	ASSESSMENT_CRITERIA	ASSESSMENT_CRITERIA|TIME_FRAME	title+description (named criteria set/version)	[2] Lugano|IWG|IWCLL || [3] Cheson|Lugano|IWG|IWCLL	[2] Overall Response Rate (ORR) During Durvalumab Treatment || [3] Overall Response Rate During the Entire Study	True	NOT_DETERMINED	
NCT02733042	part 1, arm a: dur 1500 mg + len 20 mg + rit 375 mg/m2	Part 1, Arm A: DUR 1500 mg + LEN 20 mg + RIT 375 mg/m²	2:OG001,3:OG001	ctg_results_bor_2014_2017.txt	2	2,3	2	SECONDARY	3	BASIS_EXISTS	ASSESSMENT_CRITERIA	ASSESSMENT_CRITERIA|TIME_FRAME	title+description (named criteria set/version)	[2] Lugano|IWG|IWCLL || [3] Cheson|Lugano|IWG|IWCLL	[2] Overall Response Rate (ORR) During Durvalumab Treatment || [3] Overall Response Rate During the Entire Study	False	NOT_DETERMINED	
NCT02733042	part 1, arm b: dur 1500 mg + ibr 420 mg	Part 1, Arm B: DUR 1500 mg + IBR 420 mg	2:OG003,3:OG003	ctg_results_bor_2014_2017.txt	2	2,3	2	SECONDARY	3	BASIS_EXISTS	ASSESSMENT_CRITERIA	ASSESSMENT_CRITERIA|TIME_FRAME	title+description (named criteria set/version)	[2] Lugano|IWG|IWCLL || [3] Cheson|Lugano|IWG|IWCLL	[2] Overall Response Rate (ORR) During Durvalumab Treatment || [3] Overall Response Rate During the Entire Study	False	NOT_DETERMINED	
NCT02733042	part 1, arm b: dur 1500 mg + ibr 560 mg	Part 1, Arm B: DUR 1500 mg + IBR 560 mg	2:OG004,3:OG004	ctg_results_bor_2014_2017.txt	2	2,3	2	SECONDARY	4	BASIS_EXISTS	ASSESSMENT_CRITERIA	ASSESSMENT_CRITERIA|TIME_FRAME	title+description (named criteria set/version)	[2] Lugano|IWG|IWCLL || [3] Cheson|Lugano|IWG|IWCLL	[2] Overall Response Rate (ORR) During Durvalumab Treatment || [3] Overall Response Rate During the Entire Study	False	NOT_DETERMINED	
NCT02733042	part 1, arm c: dur 1500 mg + ben 70 mg/m2	Part 1, Arm C: DUR 1500 mg + BEN 70 mg/m²	2:OG006,3:OG006	ctg_results_bor_2014_2017.txt	2	2,3	2	SECONDARY	0	BASIS_EXISTS	ASSESSMENT_CRITERIA	ASSESSMENT_CRITERIA|TIME_FRAME	title+description (named criteria set/version)	[2] Lugano|IWG|IWCLL || [3] Cheson|Lugano|IWG|IWCLL	[2] Overall Response Rate (ORR) During Durvalumab Treatment || [3] Overall Response Rate During the Entire Study	False	NOT_DETERMINED	
NCT02733042	part 1, arm c: dur 1500 mg + rit 375 mg/m2	Part 1, Arm C: DUR 1500 mg + RIT 375 mg/m²	2:OG005,3:OG005	ctg_results_bor_2014_2017.txt	2	2,3	2	SECONDARY	3	BASIS_EXISTS	ASSESSMENT_CRITERIA	ASSESSMENT_CRITERIA|TIME_FRAME	title+description (named criteria set/version)	[2] Lugano|IWG|IWCLL || [3] Cheson|Lugano|IWG|IWCLL	[2] Overall Response Rate (ORR) During Durvalumab Treatment || [3] Overall Response Rate During the Entire Study	False	NOT_DETERMINED	
NCT02733042	part 1, arm c: dur 1500 mg + rit 375 mg/m2 + ben 70 mg/m2	Part 1, Arm C: DUR 1500 mg + RIT 375 mg/m² + BEN 70 mg/m²	2:OG007,3:OG007	ctg_results_bor_2014_2017.txt	2	2,3	2	SECONDARY	4	BASIS_EXISTS	ASSESSMENT_CRITERIA	ASSESSMENT_CRITERIA|TIME_FRAME	title+description (named criteria set/version)	[2] Lugano|IWG|IWCLL || [3] Cheson|Lugano|IWG|IWCLL	[2] Overall Response Rate (ORR) During Durvalumab Treatment || [3] Overall Response Rate During the Entire Study	False	NOT_DETERMINED	
NCT02733042	part 1, arm c: dur 1500 mg + rit 375 mg/m2 + ben 90 mg/m2	Part 1, Arm C: DUR 1500 mg + RIT 375 mg/m² + BEN 90 mg/m²	2:OG008,3:OG008	ctg_results_bor_2014_2017.txt	2	2,3	2	SECONDARY	4	BASIS_EXISTS	ASSESSMENT_CRITERIA	ASSESSMENT_CRITERIA|TIME_FRAME	title+description (named criteria set/version)	[2] Lugano|IWG|IWCLL || [3] Cheson|Lugano|IWG|IWCLL	[2] Overall Response Rate (ORR) During Durvalumab Treatment || [3] Overall Response Rate During the Entire Study	False	NOT_DETERMINED	
NCT02733042	part 2 arm c dlbcl: dur 1500 mg + rit 375 mg/m2 + ben 70 mg/m2	Part 2 Arm C DLBCL: DUR 1500 mg + RIT 375 mg/m² + BEN 70 mg/m²	2:OG012,3:OG012	ctg_results_bor_2014_2017.txt	2	2,3	2	SECONDARY	10	BASIS_EXISTS	ASSESSMENT_CRITERIA	ASSESSMENT_CRITERIA|TIME_FRAME	title+description (named criteria set/version)	[2] Lugano|IWG|IWCLL || [3] Cheson|Lugano|IWG|IWCLL	[2] Overall Response Rate (ORR) During Durvalumab Treatment || [3] Overall Response Rate During the Entire Study	False	NOT_DETERMINED	
NCT02733042	part 2, arm b cll/sll: dur 1500 mg + ibr 420 mg	Part 2, Arm B CLL/SLL: DUR 1500 mg + IBR 420 mg	2:OG009,3:OG009	ctg_results_bor_2014_2017.txt	2	2,3	2	SECONDARY	9	BASIS_EXISTS	ASSESSMENT_CRITERIA	ASSESSMENT_CRITERIA|TIME_FRAME	title+description (named criteria set/version)	[2] Lugano|IWG|IWCLL || [3] Cheson|Lugano|IWG|IWCLL	[2] Overall Response Rate (ORR) During Durvalumab Treatment || [3] Overall Response Rate During the Entire Study	True	NOT_DETERMINED	
NCT02733042	part 2, arm b mcl: dur 1500 mg + ibr 560 mg	Part 2, Arm B MCL: DUR 1500 mg + IBR 560 mg	2:OG010,3:OG010	ctg_results_bor_2014_2017.txt	2	2,3	2	SECONDARY	10	BASIS_EXISTS	ASSESSMENT_CRITERIA	ASSESSMENT_CRITERIA|TIME_FRAME	title+description (named criteria set/version)	[2] Lugano|IWG|IWCLL || [3] Cheson|Lugano|IWG|IWCLL	[2] Overall Response Rate (ORR) During Durvalumab Treatment || [3] Overall Response Rate During the Entire Study	True	NOT_DETERMINED	
NCT02733042	part 2, arm c cll/sll: dur 1500 mg + rit 375 mg/m2 + ben 70 mg/m2	Part 2, Arm C CLL/SLL: DUR 1500 mg + RIT 375 mg/m² + BEN 70 mg/m²	2:OG013,3:OG013	ctg_results_bor_2014_2017.txt	2	2,3	2	SECONDARY	4	BASIS_EXISTS	ASSESSMENT_CRITERIA	ASSESSMENT_CRITERIA|TIME_FRAME	title+description (named criteria set/version)	[2] Lugano|IWG|IWCLL || [3] Cheson|Lugano|IWG|IWCLL	[2] Overall Response Rate (ORR) During Durvalumab Treatment || [3] Overall Response Rate During the Entire Study	False	NOT_DETERMINED	
NCT02733042	part 2, arm c fl: dur 1500 mg + rit 375 mg/m2 + ben 70 mg/m2	Part 2, Arm C FL: DUR 1500 mg + RIT 375 mg/m² + BEN 70 mg/m²	2:OG011,3:OG011	ctg_results_bor_2014_2017.txt	2	2,3	2	SECONDARY	9	BASIS_EXISTS	ASSESSMENT_CRITERIA	ASSESSMENT_CRITERIA|TIME_FRAME	title+description (named criteria set/version)	[2] Lugano|IWG|IWCLL || [3] Cheson|Lugano|IWG|IWCLL	[2] Overall Response Rate (ORR) During Durvalumab Treatment || [3] Overall Response Rate During the Entire Study	False	NOT_DETERMINED	
NCT02733042	part 2, arm d cll/sll: dur 1500 mg	Part 2, Arm D CLL/SLL: DUR 1500 mg	2:OG016,3:OG016	ctg_results_bor_2014_2017.txt	2	2,3	2	SECONDARY	2	BASIS_EXISTS	ASSESSMENT_CRITERIA	ASSESSMENT_CRITERIA|TIME_FRAME	title+description (named criteria set/version)	[2] Lugano|IWG|IWCLL || [3] Cheson|Lugano|IWG|IWCLL	[2] Overall Response Rate (ORR) During Durvalumab Treatment || [3] Overall Response Rate During the Entire Study	False	NOT_DETERMINED	
NCT02733042	part 2, arm d dlbcl: dur 1500 mg	Part 2, Arm D DLBCL: DUR 1500 mg	2:OG015,3:OG015	ctg_results_bor_2014_2017.txt	2	2,3	2	SECONDARY	10	BASIS_EXISTS	ASSESSMENT_CRITERIA	ASSESSMENT_CRITERIA|TIME_FRAME	title+description (named criteria set/version)	[2] Lugano|IWG|IWCLL || [3] Cheson|Lugano|IWG|IWCLL	[2] Overall Response Rate (ORR) During Durvalumab Treatment || [3] Overall Response Rate During the Entire Study	False	NOT_DETERMINED	
NCT02733042	part 2, arm d fl: dur 1500 mg	Part 2, Arm D FL: DUR 1500 mg	2:OG014,3:OG014	ctg_results_bor_2014_2017.txt	2	2,3	2	SECONDARY	5	BASIS_EXISTS	ASSESSMENT_CRITERIA	ASSESSMENT_CRITERIA|TIME_FRAME	title+description (named criteria set/version)	[2] Lugano|IWG|IWCLL || [3] Cheson|Lugano|IWG|IWCLL	[2] Overall Response Rate (ORR) During Durvalumab Treatment || [3] Overall Response Rate During the Entire Study	False	NOT_DETERMINED	
NCT02733042	part 2, arm d hl: dur 1500 mg	Part 2, Arm D HL: DUR 1500 mg	2:OG018,3:OG018	ctg_results_bor_2014_2017.txt	2	2,3	2	SECONDARY	5	BASIS_EXISTS	ASSESSMENT_CRITERIA	ASSESSMENT_CRITERIA|TIME_FRAME	title+description (named criteria set/version)	[2] Lugano|IWG|IWCLL || [3] Cheson|Lugano|IWG|IWCLL	[2] Overall Response Rate (ORR) During Durvalumab Treatment || [3] Overall Response Rate During the Entire Study	False	NOT_DETERMINED	
NCT02733042	part 2, arm d mcl: dur 1500 mg	Part 2, Arm D MCL: DUR 1500 mg	2:OG017,3:OG017	ctg_results_bor_2014_2017.txt	2	2,3	2	SECONDARY	5	BASIS_EXISTS	ASSESSMENT_CRITERIA	ASSESSMENT_CRITERIA|TIME_FRAME	title+description (named criteria set/version)	[2] Lugano|IWG|IWCLL || [3] Cheson|Lugano|IWG|IWCLL	[2] Overall Response Rate (ORR) During Durvalumab Treatment || [3] Overall Response Rate During the Entire Study	False	NOT_DETERMINED	
NCT02737072	20 mg ly2510924 + 1500 mg durvalumab	20 mg LY2510924 + 1500 mg Durvalumab	4:OG000,5:OG000	ctg_results_bor_2014_2017.txt	2	4,5	4	SECONDARY	3	BASIS_EXISTS	ENDPOINT_CONSTRUCT	ENDPOINT_CONSTRUCT|TIME_FRAME	title (endpoint construct named)	[4] ORR || [5] DCR	[4] Percentage of Participants With Best Overall Response of Complete Response (CR) or Partial Response (PR) [Obje… || [5] Percentage of Participants With CR, PR, or Stable Disease (SD) (Disease Control Rate [DCR])	True	NOT_DETERMINED	
NCT02737072	30 mg ly2510924 + 1500 mg durvalumab	30 mg LY2510924 + 1500 mg Durvalumab	4:OG001,5:OG001	ctg_results_bor_2014_2017.txt	2	4,5	4	SECONDARY	3	BASIS_EXISTS	ENDPOINT_CONSTRUCT	ENDPOINT_CONSTRUCT|TIME_FRAME	title (endpoint construct named)	[4] ORR || [5] DCR	[4] Percentage of Participants With Best Overall Response of Complete Response (CR) or Partial Response (PR) [Obje… || [5] Percentage of Participants With CR, PR, or Stable Disease (SD) (Disease Control Rate [DCR])	True	NOT_DETERMINED	
NCT02737072	40 mg ly2510924 + 1500 mg durvalumab	40 mg LY2510924 + 1500 mg Durvalumab	4:OG002,5:OG002	ctg_results_bor_2014_2017.txt	2	4,5	4	SECONDARY	3	BASIS_EXISTS	ENDPOINT_CONSTRUCT	ENDPOINT_CONSTRUCT|TIME_FRAME	title (endpoint construct named)	[4] ORR || [5] DCR	[4] Percentage of Participants With Best Overall Response of Complete Response (CR) or Partial Response (PR) [Obje… || [5] Percentage of Participants With CR, PR, or Stable Disease (SD) (Disease Control Rate [DCR])	False	NOT_DETERMINED	
NCT02755597	placebo + bortezomib and dexamethasone	Placebo + Bortezomib and Dexamethasone	1:OG001,10:OG001	ctg_placebo_onc_2014_2017.txt	2	1,10	1	SECONDARY	97	BASIS_EXISTS	RESPONSE_DEPTH	RESPONSE_DEPTH	title/description (response-depth threshold)	[1] VGPR+ || [10] FULL	[1] Very Good Partial Response (VGPR) or Better Response Rate || [10] Overall Response Rate (ORR)	True	YES	10
NCT02755597	venetoclax + bortezomib and dexamethasone	Venetoclax + Bortezomib and Dexamethasone	1:OG000,10:OG000	ctg_placebo_onc_2014_2017.txt	2	1,10	1	SECONDARY	194	BASIS_EXISTS	RESPONSE_DEPTH	RESPONSE_DEPTH	title/description (response-depth threshold)	[1] VGPR+ || [10] FULL	[1] Very Good Partial Response (VGPR) or Better Response Rate || [10] Overall Response Rate (ORR)	True	YES	10
NCT02756364	arm a: fulvestrant 500 mg	Arm A: Fulvestrant 500 mg	3:OG000,4:OG000	ctg_results_bor_2014_2017.txt	2	3,4	3	SECONDARY	46	BASIS_EXISTS	ENDPOINT_CONSTRUCT	ENDPOINT_CONSTRUCT|ASSESSMENT_CRITERIA	title (endpoint construct named)	[3] ORR || [4] CBR	[3] Objective Response Rate (ORR) || [4] Clinical Benefit Rate (CBR)	True	NOT_DETERMINED	
NCT02756364	arm b: fulvestrant 500 mg + sapanisertib 4 mg qd	Arm B: Fulvestrant 500 mg + Sapanisertib 4 mg QD	3:OG001,4:OG001	ctg_results_bor_2014_2017.txt	2	3,4	3	SECONDARY	47	BASIS_EXISTS	ENDPOINT_CONSTRUCT	ENDPOINT_CONSTRUCT|ASSESSMENT_CRITERIA	title (endpoint construct named)	[3] ORR || [4] CBR	[3] Objective Response Rate (ORR) || [4] Clinical Benefit Rate (CBR)	True	NOT_DETERMINED	
NCT02756364	arm c: fulvestrant 500 mg + sapanisertib 30 mg qw	Arm C: Fulvestrant 500 mg + Sapanisertib 30 mg QW	3:OG002,4:OG002	ctg_results_bor_2014_2017.txt	2	3,4	3	SECONDARY	47	BASIS_EXISTS	ENDPOINT_CONSTRUCT	ENDPOINT_CONSTRUCT|ASSESSMENT_CRITERIA	title (endpoint construct named)	[3] ORR || [4] CBR	[3] Objective Response Rate (ORR) || [4] Clinical Benefit Rate (CBR)	True	NOT_DETERMINED	
NCT02759835	all participants in cohorts 1, 2, and 3	All Participants in Cohorts 1, 2, and 3	9:OG000,12:OG000	ctg_results_bor_2014_2017.txt	2	9,12	9	SECONDARY	36	BASIS_EXISTS	ENDPOINT_CONSTRUCT	ENDPOINT_CONSTRUCT|STRUCTURE	title (endpoint construct named)	[9] BOR || [12] DCR	[9] Best Overall Response - All Participants || [12] Disease Control Rate (DCR) - All Participants	True	NOT_DETERMINED	
NCT02759835	egfr mutated nsclc progressed on prior 1st/2nd generation egfr tki therapy &acquired t790m mutation	EGFR Mutated NSCLC Progressed on Prior 1st/2nd Generation EGFR TKI Therapy &Acquired T790M Mutation	8:OG001,11:OG001	ctg_results_bor_2014_2017.txt	2	8,11	8	SECONDARY	9	BASIS_EXISTS	ENDPOINT_CONSTRUCT	ENDPOINT_CONSTRUCT|STRUCTURE	title (endpoint construct named)	[8] BOR || [11] DCR	[8] Best Overall Response (BOR) || [11] Disease Control Rate (DCR)	True	NOT_DETERMINED	
NCT02759835	epidermal growth factor receptor mutated non small cell lung cancer progressed on osimertinib	Epidermal Growth Factor Receptor Mutated Non Small Cell Lung Cancer Progressed on Osimertinib	8:OG002,11:OG002	ctg_results_bor_2014_2017.txt	2	8,11	8	SECONDARY	3	BASIS_EXISTS	ENDPOINT_CONSTRUCT	ENDPOINT_CONSTRUCT|STRUCTURE	title (endpoint construct named)	[8] BOR || [11] DCR	[8] Best Overall Response (BOR) || [11] Disease Control Rate (DCR)	True	NOT_DETERMINED	
NCT02759835	tyrosine kinase inhibitor naïve epidermal growth factor receptor *mutated non small cell lung cancer	Tyrosine Kinase Inhibitor Naïve Epidermal Growth Factor Receptor *Mutated Non Small Cell Lung Cancer	8:OG000,11:OG000	ctg_results_bor_2014_2017.txt	2	8,11	8	SECONDARY	25	BASIS_EXISTS	ENDPOINT_CONSTRUCT	ENDPOINT_CONSTRUCT|STRUCTURE	title (endpoint construct named)	[8] BOR || [11] DCR	[8] Best Overall Response (BOR) || [11] Disease Control Rate (DCR)	True	NOT_DETERMINED	
NCT02761694	part 1: vevorisertib 10 mg qd	Part 1: Vevorisertib 10 mg QD	6:OG001,7:OG001,8:OG001	ctg_results_bor_2014_2017.txt	3	6,7,8	6	SECONDARY	3	BASIS_EXISTS	ENDPOINT_CONSTRUCT	ENDPOINT_CONSTRUCT|POPULATION|STRUCTURE	title (endpoint construct named)	[6] ORR || [7] BOR || [8] DCR	[6] Objective Response Rate (ORR) || [7] Best Overall Response (BOR) || [8] Disease Control Rate (DCR)	True	NOT_DETERMINED	
NCT02761694	part 1: vevorisertib 100 mg qd	Part 1: Vevorisertib 100 mg QD	6:OG007,7:OG007,8:OG007	ctg_results_bor_2014_2017.txt	3	6,7,8	6	SECONDARY	7	BASIS_EXISTS	ENDPOINT_CONSTRUCT	ENDPOINT_CONSTRUCT|POPULATION|STRUCTURE	title (endpoint construct named)	[6] ORR || [7] BOR || [8] DCR	[6] Objective Response Rate (ORR) || [7] Best Overall Response (BOR) || [8] Disease Control Rate (DCR)	True	NOT_DETERMINED	
NCT02761694	part 1: vevorisertib 20 mg qd	Part 1: Vevorisertib 20 mg QD	6:OG002,7:OG002,8:OG002	ctg_results_bor_2014_2017.txt	3	6,7,8	6	SECONDARY	1	BASIS_EXISTS	ENDPOINT_CONSTRUCT	ENDPOINT_CONSTRUCT|POPULATION|STRUCTURE	title (endpoint construct named)	[6] ORR || [7] BOR || [8] DCR	[6] Objective Response Rate (ORR) || [7] Best Overall Response (BOR) || [8] Disease Control Rate (DCR)	True	NOT_DETERMINED	
NCT02761694	part 1: vevorisertib 25 mg qd	Part 1: Vevorisertib 25 mg QD	6:OG003,7:OG003,8:OG003	ctg_results_bor_2014_2017.txt	3	6,7,8	6	SECONDARY	3	BASIS_EXISTS	ENDPOINT_CONSTRUCT	ENDPOINT_CONSTRUCT|POPULATION|STRUCTURE	title (endpoint construct named)	[6] ORR || [7] BOR || [8] DCR	[6] Objective Response Rate (ORR) || [7] Best Overall Response (BOR) || [8] Disease Control Rate (DCR)	True	NOT_DETERMINED	
NCT02761694	part 1: vevorisertib 25 mg qod	Part 1: Vevorisertib 25 mg QOD	6:OG004,7:OG004,8:OG004	ctg_results_bor_2014_2017.txt	3	6,7,8	6	SECONDARY	3	BASIS_EXISTS	ENDPOINT_CONSTRUCT	ENDPOINT_CONSTRUCT|POPULATION|STRUCTURE	title (endpoint construct named)	[6] ORR || [7] BOR || [8] DCR	[6] Objective Response Rate (ORR) || [7] Best Overall Response (BOR) || [8] Disease Control Rate (DCR)	True	NOT_DETERMINED	
NCT02761694	part 1: vevorisertib 5 mg qd	Part 1: Vevorisertib 5 mg QD	6:OG000,7:OG000,8:OG000	ctg_results_bor_2014_2017.txt	3	6,7,8	6	SECONDARY	3	BASIS_EXISTS	ENDPOINT_CONSTRUCT	ENDPOINT_CONSTRUCT|POPULATION|STRUCTURE	title (endpoint construct named)	[6] ORR || [7] BOR || [8] DCR	[6] Objective Response Rate (ORR) || [7] Best Overall Response (BOR) || [8] Disease Control Rate (DCR)	True	NOT_DETERMINED	
NCT02761694	part 1: vevorisertib 50 mg qd	Part 1: Vevorisertib 50 mg QD	6:OG005,7:OG005,8:OG005	ctg_results_bor_2014_2017.txt	3	6,7,8	6	SECONDARY	2	BASIS_EXISTS	ENDPOINT_CONSTRUCT	ENDPOINT_CONSTRUCT|POPULATION|STRUCTURE	title (endpoint construct named)	[6] ORR || [7] BOR || [8] DCR	[6] Objective Response Rate (ORR) || [7] Best Overall Response (BOR) || [8] Disease Control Rate (DCR)	True	NOT_DETERMINED	
NCT02761694	part 1: vevorisertib 75 mg qd	Part 1: Vevorisertib 75 mg QD	6:OG006,7:OG006,8:OG006	ctg_results_bor_2014_2017.txt	3	6,7,8	6	SECONDARY	24	BASIS_EXISTS	ENDPOINT_CONSTRUCT	ENDPOINT_CONSTRUCT|POPULATION|STRUCTURE	title (endpoint construct named)	[6] ORR || [7] BOR || [8] DCR	[6] Objective Response Rate (ORR) || [7] Best Overall Response (BOR) || [8] Disease Control Rate (DCR)	True	NOT_DETERMINED	
NCT02761694	part 2: vevorisertib 50 mg qd plus fulvestrant	Part 2: Vevorisertib 50 mg QD Plus Fulvestrant	6:OG010,7:OG010,8:OG010	ctg_results_bor_2014_2017.txt	3	6,7,8	6	SECONDARY	2	BASIS_EXISTS	ENDPOINT_CONSTRUCT	ENDPOINT_CONSTRUCT|POPULATION|STRUCTURE	title (endpoint construct named)	[6] ORR || [7] BOR || [8] DCR	[6] Objective Response Rate (ORR) || [7] Best Overall Response (BOR) || [8] Disease Control Rate (DCR)	True	NOT_DETERMINED	
NCT02761694	part 2: vevorisertib 50 mg qd plus paclitaxel	Part 2: Vevorisertib 50 mg QD Plus Paclitaxel	6:OG008,7:OG008,8:OG008	ctg_results_bor_2014_2017.txt	3	6,7,8	6	SECONDARY	4	BASIS_EXISTS	ENDPOINT_CONSTRUCT	ENDPOINT_CONSTRUCT|POPULATION|STRUCTURE	title (endpoint construct named)	[6] ORR || [7] BOR || [8] DCR	[6] Objective Response Rate (ORR) || [7] Best Overall Response (BOR) || [8] Disease Control Rate (DCR)	True	NOT_DETERMINED	
NCT02761694	part 2: vevorisertib 75 mg qd plus fulvestrant	Part 2: Vevorisertib 75 mg QD Plus Fulvestrant	6:OG011,7:OG011,8:OG011	ctg_results_bor_2014_2017.txt	3	6,7,8	6	SECONDARY	4	BASIS_EXISTS	ENDPOINT_CONSTRUCT	ENDPOINT_CONSTRUCT|POPULATION|STRUCTURE	title (endpoint construct named)	[6] ORR || [7] BOR || [8] DCR	[6] Objective Response Rate (ORR) || [7] Best Overall Response (BOR) || [8] Disease Control Rate (DCR)	True	NOT_DETERMINED	
NCT02761694	part 2: vevorisertib 75 mg qd plus paclitaxel	Part 2: Vevorisertib 75 mg QD Plus Paclitaxel	6:OG009,7:OG009,8:OG009	ctg_results_bor_2014_2017.txt	3	6,7,8	6	SECONDARY	3	BASIS_EXISTS	ENDPOINT_CONSTRUCT	ENDPOINT_CONSTRUCT|POPULATION|STRUCTURE	title (endpoint construct named)	[6] ORR || [7] BOR || [8] DCR	[6] Objective Response Rate (ORR) || [7] Best Overall Response (BOR) || [8] Disease Control Rate (DCR)	True	NOT_DETERMINED	
NCT02762981	segment i: continuous dosing regimens	Segment I: Continuous Dosing Regimens	2:OG000,3:OG000	ctg_results_bor_2014_2017.txt	2	2,3	2	OTHER_PRE_SPECIFIED	54	BASIS_EXISTS	ENDPOINT_CONSTRUCT	ENDPOINT_CONSTRUCT|ASSESSMENT_CRITERIA|POPULATION	title (endpoint construct named)	[2] ORR || [3] CBR	[2] Objective Response Rate || [3] Clinical Benefit Rate	True	NOT_DETERMINED	
NCT02762981	segment ii: intermittent dosing regimens	Segment II: Intermittent Dosing Regimens	2:OG001,3:OG001	ctg_results_bor_2014_2017.txt	2	2,3	2	OTHER_PRE_SPECIFIED	19	BASIS_EXISTS	ENDPOINT_CONSTRUCT	ENDPOINT_CONSTRUCT|ASSESSMENT_CRITERIA|POPULATION	title (endpoint construct named)	[2] ORR || [3] CBR	[2] Objective Response Rate || [3] Clinical Benefit Rate	True	NOT_DETERMINED	
NCT02763319	rituximab + bendamustine	Rituximab + Bendamustine	2:OG001,8:OG001	ctg_results_bor_2014_2017.txt	2	2,8	2	SECONDARY	227	BASIS_EXISTS	ENDPOINT_CONSTRUCT	ENDPOINT_CONSTRUCT	title (endpoint construct named)	[2] ORR || [8] DCR	[2] Best Objective Response Rate (ORR) by Independent Radiology/Clinical Review Committee Assessment in the Overal… || [8] Disease Control Rate (DCR) by Independent Radiology/Clinical Review Committee Assessment in the Overall Popula…	True	NOT_DETERMINED	
NCT02763319	tafasitamab + bendamustine	Tafasitamab + Bendamustine	2:OG000,8:OG000	ctg_results_bor_2014_2017.txt	2	2,8	2	SECONDARY	226	BASIS_EXISTS	ENDPOINT_CONSTRUCT	ENDPOINT_CONSTRUCT	title (endpoint construct named)	[2] ORR || [8] DCR	[2] Best Objective Response Rate (ORR) by Independent Radiology/Clinical Review Committee Assessment in the Overal… || [8] Disease Control Rate (DCR) by Independent Radiology/Clinical Review Committee Assessment in the Overall Popula…	True	NOT_DETERMINED	
NCT02763566	abemaciclib + fulvestrant	Abemaciclib + Fulvestrant	3:OG002,5:OG002,6:OG002	ctg_results_bor_2014_2017.txt	3	3,5,6	3	SECONDARY	104	BASIS_EXISTS	ENDPOINT_CONSTRUCT	ENDPOINT_CONSTRUCT|ASSESSMENT_CRITERIA|POPULATION	title (endpoint construct named)	[3] ORR || [5] DCR || [6] CBR	[3] Percentage of Participants With Best Overall Response (BOR) of Complete Response (CR) or Partial Response (PR)… || [5] Percentage of Participants Who Exhibit Stable Disease (SD) or CR or PR [Disease Control Rate (DCR)] || [6] Percentage of Participants With Best Overall Response of CR, PR, or SD With Duration of SD for at Least 6 Mont…	True	NOT_DETERMINED	
NCT02763566	abemaciclib + nonsteroidal aromatase inhibitor (nsai)	Abemaciclib + Nonsteroidal Aromatase Inhibitor (NSAI)	3:OG000,5:OG000,6:OG000	ctg_results_bor_2014_2017.txt	3	3,5,6	3	SECONDARY	207	BASIS_EXISTS	ENDPOINT_CONSTRUCT	ENDPOINT_CONSTRUCT|ASSESSMENT_CRITERIA|POPULATION	title (endpoint construct named)	[3] ORR || [5] DCR || [6] CBR	[3] Percentage of Participants With Best Overall Response (BOR) of Complete Response (CR) or Partial Response (PR)… || [5] Percentage of Participants Who Exhibit Stable Disease (SD) or CR or PR [Disease Control Rate (DCR)] || [6] Percentage of Participants With Best Overall Response of CR, PR, or SD With Duration of SD for at Least 6 Mont…	True	NOT_DETERMINED	
NCT02763566	placebo + fulvestrant	Placebo + Fulvestrant	3:OG003,5:OG003,6:OG003	ctg_results_bor_2014_2017.txt	3	3,5,6	3	SECONDARY	53	BASIS_EXISTS	ENDPOINT_CONSTRUCT	ENDPOINT_CONSTRUCT|ASSESSMENT_CRITERIA|POPULATION	title (endpoint construct named)	[3] ORR || [5] DCR || [6] CBR	[3] Percentage of Participants With Best Overall Response (BOR) of Complete Response (CR) or Partial Response (PR)… || [5] Percentage of Participants Who Exhibit Stable Disease (SD) or CR or PR [Disease Control Rate (DCR)] || [6] Percentage of Participants With Best Overall Response of CR, PR, or SD With Duration of SD for at Least 6 Mont…	True	NOT_DETERMINED	
NCT02763566	placebo + nsai	Placebo + NSAI	3:OG001,5:OG001,6:OG001	ctg_results_bor_2014_2017.txt	3	3,5,6	3	SECONDARY	99	BASIS_EXISTS	ENDPOINT_CONSTRUCT	ENDPOINT_CONSTRUCT|ASSESSMENT_CRITERIA|POPULATION	title (endpoint construct named)	[3] ORR || [5] DCR || [6] CBR	[3] Percentage of Participants With Best Overall Response (BOR) of Complete Response (CR) or Partial Response (PR)… || [5] Percentage of Participants Who Exhibit Stable Disease (SD) or CR or PR [Disease Control Rate (DCR)] || [6] Percentage of Participants With Best Overall Response of CR, PR, or SD With Duration of SD for at Least 6 Mont…	True	NOT_DETERMINED	
NCT02768701	experimental: single arm	Experimental: Single Arm	2:OG000,4:OG000	ctg_results_bor_2014_2017.txt	2	2,4	2	SECONDARY	39	BASIS_EXISTS	ENDPOINT_CONSTRUCT	ENDPOINT_CONSTRUCT|MODALITY|PARAM_UNIT|POPULATION	title (endpoint construct named)	[2] ORR || [4] DCR	[2] Overall Response Rate (ORR) || [4] Disease Control Rate (DCR)	True	NOT_DETERMINED	
NCT02783599	olaratumab + doxorubicin	Olaratumab + Doxorubicin	4:OG000,5:OG000	ctg_results_bor_2014_2017.txt	2	4,5	4	SECONDARY	51	BASIS_EXISTS	ENDPOINT_CONSTRUCT	ENDPOINT_CONSTRUCT|ASSESSMENT_CRITERIA	title (endpoint construct named)	[4] ORR || [5] DCR	[4] Objective Response Rate (ORR): Percent of Participants With Best Overall Tumor Response of Complete Response (… || [5] Disease Control Rate (DCR): Percent of Participants Who Exhibit Stable Disease (SD), CR or PR	True	NOT_DETERMINED	
NCT02789345	arm a/cohort a: ramucirumab + osimertinib	Arm A/Cohort A: Ramucirumab + Osimertinib	3:OG000,4:OG000	ctg_results_bor_2014_2017.txt	2	3,4	3	SECONDARY	25	BASIS_EXISTS	ENDPOINT_CONSTRUCT	ENDPOINT_CONSTRUCT	title (endpoint construct named)	[3] ORR || [4] DCR	[3] Objective Response Rate (ORR) for Ramucirumab in Combination With Osimertinib: Percentage of Participants With… || [4] Disease Control Rate (DCR) for Ramucirumab in Combination With Osimertinib: Percentage of Participants With CR…	True	NOT_DETERMINED	
NCT02795429	phase ib: capmatinib 200 mg bid + spartalizumab 300 mg q3w	Phase Ib: Capmatinib 200 mg BID + Spartalizumab 300 mg Q3W	6:OG000,7:OG000,8:OG000,9:OG000	ctg_results_bor_2014_2017.txt	4	6,7,8,9	6	SECONDARY	6	BASIS_EXISTS	ENDPOINT_CONSTRUCT	ENDPOINT_CONSTRUCT|ASSESSMENT_CRITERIA|PARAM_UNIT|POPULATION|TIME_FRAME|STRUCTURE	title (endpoint construct named)	[6] BOR || [7] BOR || [8] ORR || [9] ORR	[6] Phase Ib and Phase II: Best Overall Response (BOR) Per RECIST v1.1 || [7] Phase Ib and Phase II: Best Overall Response (BOR) Per irRC || [8] Phase Ib: Overall Response Rate (ORR) Per RECIST v1.1 || [9] Phase Ib and Phase II: Overall Response Rate (ORR) Per irRC	True	YES	8
NCT02795429	phase ib: capmatinib 300 mg bid + spartalizumab 300 mg q3w	Phase Ib: Capmatinib 300 mg BID + Spartalizumab 300 mg Q3W	6:OG001,7:OG001,8:OG001,9:OG001	ctg_results_bor_2014_2017.txt	4	6,7,8,9	6	SECONDARY	10	BASIS_EXISTS	ENDPOINT_CONSTRUCT	ENDPOINT_CONSTRUCT|ASSESSMENT_CRITERIA|PARAM_UNIT|POPULATION|TIME_FRAME|STRUCTURE	title (endpoint construct named)	[6] BOR || [7] BOR || [8] ORR || [9] ORR	[6] Phase Ib and Phase II: Best Overall Response (BOR) Per RECIST v1.1 || [7] Phase Ib and Phase II: Best Overall Response (BOR) Per irRC || [8] Phase Ib: Overall Response Rate (ORR) Per RECIST v1.1 || [9] Phase Ib and Phase II: Overall Response Rate (ORR) Per irRC	True	YES	8
NCT02795429	phase ib: capmatinib 400 mg bid + spartalizumab 300 mg q3w	Phase Ib: Capmatinib 400 mg BID + Spartalizumab 300 mg Q3W	6:OG002,7:OG002,8:OG002,9:OG002	ctg_results_bor_2014_2017.txt	4	6,7,8,9	6	SECONDARY	11	BASIS_EXISTS	ENDPOINT_CONSTRUCT	ENDPOINT_CONSTRUCT|ASSESSMENT_CRITERIA|PARAM_UNIT|POPULATION|TIME_FRAME|STRUCTURE	title (endpoint construct named)	[6] BOR || [7] BOR || [8] ORR || [9] ORR	[6] Phase Ib and Phase II: Best Overall Response (BOR) Per RECIST v1.1 || [7] Phase Ib and Phase II: Best Overall Response (BOR) Per irRC || [8] Phase Ib: Overall Response Rate (ORR) Per RECIST v1.1 || [9] Phase Ib and Phase II: Overall Response Rate (ORR) Per irRC	True	YES	8
NCT02795988	phase 2 extension: imu-131 100 μg	Phase 2 Extension: IMU-131 100 μg	5:OG002,6:OG002	ctg_results_bor_2014_2017.txt	2	5,6	5	SECONDARY	7	BASIS_EXISTS	ENDPOINT_CONSTRUCT	ENDPOINT_CONSTRUCT|POPULATION	title (endpoint construct named)	[5] DCR || [6] ORR	[5] Phase 2 and Phase 2 Extension: Disease Control Rate (DCR) || [6] Phase 2 and Phase 2 Extension: Objective Response Rate (ORR)	True	YES	6
NCT02795988	phase 2 extension: imu-131 200 μg	Phase 2 Extension: IMU-131 200 μg	5:OG003,6:OG003	ctg_results_bor_2014_2017.txt	2	5,6	5	SECONDARY	7	BASIS_EXISTS	ENDPOINT_CONSTRUCT	ENDPOINT_CONSTRUCT|POPULATION	title (endpoint construct named)	[5] DCR || [6] ORR	[5] Phase 2 and Phase 2 Extension: Disease Control Rate (DCR) || [6] Phase 2 and Phase 2 Extension: Objective Response Rate (ORR)	True	YES	6
NCT02795988	phase 2: chemotherapy only	Phase 2: Chemotherapy Only	5:OG001,6:OG001	ctg_results_bor_2014_2017.txt	2	5,6	5	SECONDARY	14	BASIS_EXISTS	ENDPOINT_CONSTRUCT	ENDPOINT_CONSTRUCT|POPULATION	title (endpoint construct named)	[5] DCR || [6] ORR	[5] Phase 2 and Phase 2 Extension: Disease Control Rate (DCR) || [6] Phase 2 and Phase 2 Extension: Objective Response Rate (ORR)	True	YES	6
NCT02795988	phase 2: imu-131 plus chemotherapy	Phase 2: IMU-131 Plus Chemotherapy	5:OG000,6:OG000	ctg_results_bor_2014_2017.txt	2	5,6	5	SECONDARY	18	BASIS_EXISTS	ENDPOINT_CONSTRUCT	ENDPOINT_CONSTRUCT|POPULATION	title (endpoint construct named)	[5] DCR || [6] ORR	[5] Phase 2 and Phase 2 Extension: Disease Control Rate (DCR) || [6] Phase 2 and Phase 2 Extension: Objective Response Rate (ORR)	True	YES	6
NCT02799069	bf-200 ala	BF-200 ALA	14:OG001,15:OG001,18:OG001,19:OG001	ctg_placebo_onc_1999_2009.txt	4	14,15,18,19	14	SECONDARY	248	BASIS_EXISTS	TIME_FRAME	TIME_FRAME	timeFrame	[14] 3-4 weeks after the first PDT || [15] 12 weeks after the first PDT || [18] 3-4 weeks after the last PDT, up to 16 weeks after first treatment || [19] 12 weeks after the last PDT, up to 24 weeks after first treatment	[14] Complete Lesion Response Rate 3-4 Weeks After First Photodynamic Therapy (PDT) || [15] Complete Lesion Response Rate 12 Weeks After First Photodynamic Therapy (PDT) || [18] Complete Lesion Response Rate 3-4 Weeks After Last Photodynamic Therapy (PDT) || [19] Complete Lesion Response Rate 12 Weeks After Last Photodynamic Therapy (PDT)	True	NOT_DETERMINED	
NCT02799069	mal cream	MAL Cream	14:OG002,15:OG002,18:OG002,19:OG002	ctg_placebo_onc_1999_2009.txt	4	14,15,18,19	14	SECONDARY	246	BASIS_EXISTS	TIME_FRAME	TIME_FRAME	timeFrame	[14] 3-4 weeks after the first PDT || [15] 12 weeks after the first PDT || [18] 3-4 weeks after the last PDT, up to 16 weeks after first treatment || [19] 12 weeks after the last PDT, up to 24 weeks after first treatment	[14] Complete Lesion Response Rate 3-4 Weeks After First Photodynamic Therapy (PDT) || [15] Complete Lesion Response Rate 12 Weeks After First Photodynamic Therapy (PDT) || [18] Complete Lesion Response Rate 3-4 Weeks After Last Photodynamic Therapy (PDT) || [19] Complete Lesion Response Rate 12 Weeks After Last Photodynamic Therapy (PDT)	True	NOT_DETERMINED	
NCT02799069	vehicle	Vehicle	14:OG000,15:OG000,18:OG000,19:OG000	ctg_placebo_onc_1999_2009.txt	4	14,15,18,19	14	SECONDARY	76	BASIS_EXISTS	TIME_FRAME	TIME_FRAME	timeFrame	[14] 3-4 weeks after the first PDT || [15] 12 weeks after the first PDT || [18] 3-4 weeks after the last PDT, up to 16 weeks after first treatment || [19] 12 weeks after the last PDT, up to 24 weeks after first treatment	[14] Complete Lesion Response Rate 3-4 Weeks After First Photodynamic Therapy (PDT) || [15] Complete Lesion Response Rate 12 Weeks After First Photodynamic Therapy (PDT) || [18] Complete Lesion Response Rate 3-4 Weeks After Last Photodynamic Therapy (PDT) || [19] Complete Lesion Response Rate 12 Weeks After Last Photodynamic Therapy (PDT)	True	NOT_DETERMINED	
NCT02807844	ph ib: mcs110 1 mg/kg q3w + pdr001 100 mg q3w	Ph Ib: MCS110 1 mg/kg Q3W + PDR001 100 mg Q3W	14:OG000,16:OG000,22:OG000	ctg_results_bor_2014_2017.txt	3	14,16,22	14	SECONDARY	6	BASIS_EXISTS	ENDPOINT_CONSTRUCT	ENDPOINT_CONSTRUCT|PARAM_UNIT|STRUCTURE	title (endpoint construct named)	[14] ORR || [16] CBR || [22] DCR	[14] Phase Ib: Overall Response Rate (ORR) || [16] Phase 1b: Clinical Benefit Rate (CBR) || [22] Phase 1b and Phase II: Disease Control Rate (DCR)	True	NOT_DETERMINED	
NCT02807844	ph ib: mcs110 10 mg/kg q3w + pdr001 300 mg q3w	Ph Ib: MCS110 10 mg/kg Q3W + PDR001 300 mg Q3W	14:OG005,16:OG005,22:OG005	ctg_results_bor_2014_2017.txt	3	14,16,22	14	SECONDARY	11	BASIS_EXISTS	ENDPOINT_CONSTRUCT	ENDPOINT_CONSTRUCT|PARAM_UNIT|STRUCTURE	title (endpoint construct named)	[14] ORR || [16] CBR || [22] DCR	[14] Phase Ib: Overall Response Rate (ORR) || [16] Phase 1b: Clinical Benefit Rate (CBR) || [22] Phase 1b and Phase II: Disease Control Rate (DCR)	True	NOT_DETERMINED	
NCT02807844	ph ib: mcs110 3 mg/kg q3w + pdr001 100 mg q3w	Ph Ib: MCS110 3 mg/kg Q3W + PDR001 100 mg Q3W	14:OG001,16:OG001,22:OG001	ctg_results_bor_2014_2017.txt	3	14,16,22	14	SECONDARY	12	BASIS_EXISTS	ENDPOINT_CONSTRUCT	ENDPOINT_CONSTRUCT|PARAM_UNIT|STRUCTURE	title (endpoint construct named)	[14] ORR || [16] CBR || [22] DCR	[14] Phase Ib: Overall Response Rate (ORR) || [16] Phase 1b: Clinical Benefit Rate (CBR) || [22] Phase 1b and Phase II: Disease Control Rate (DCR)	True	NOT_DETERMINED	
NCT02807844	ph ib: mcs110 3 mg/kg q3w + pdr001 300 mg q3w	Ph Ib: MCS110 3 mg/kg Q3W + PDR001 300 mg Q3W	14:OG002,16:OG002,22:OG002	ctg_results_bor_2014_2017.txt	3	14,16,22	14	SECONDARY	12	BASIS_EXISTS	ENDPOINT_CONSTRUCT	ENDPOINT_CONSTRUCT|PARAM_UNIT|STRUCTURE	title (endpoint construct named)	[14] ORR || [16] CBR || [22] DCR	[14] Phase Ib: Overall Response Rate (ORR) || [16] Phase 1b: Clinical Benefit Rate (CBR) || [22] Phase 1b and Phase II: Disease Control Rate (DCR)	True	NOT_DETERMINED	
NCT02807844	ph ib: mcs110 5 mg/kg q3w + pdr001 300 mg q3w	Ph Ib: MCS110 5 mg/kg Q3W + PDR001 300 mg Q3W	14:OG003,16:OG003,22:OG003	ctg_results_bor_2014_2017.txt	3	14,16,22	14	SECONDARY	13	BASIS_EXISTS	ENDPOINT_CONSTRUCT	ENDPOINT_CONSTRUCT|PARAM_UNIT|STRUCTURE	title (endpoint construct named)	[14] ORR || [16] CBR || [22] DCR	[14] Phase Ib: Overall Response Rate (ORR) || [16] Phase 1b: Clinical Benefit Rate (CBR) || [22] Phase 1b and Phase II: Disease Control Rate (DCR)	True	NOT_DETERMINED	
NCT02807844	ph ib: mcs110 7.5 mg/kg q3w + pdr001 300 mg q3w	Ph Ib: MCS110 7.5 mg/kg Q3W + PDR001 300 mg Q3W	14:OG004,16:OG004,22:OG004	ctg_results_bor_2014_2017.txt	3	14,16,22	14	SECONDARY	6	BASIS_EXISTS	ENDPOINT_CONSTRUCT	ENDPOINT_CONSTRUCT|PARAM_UNIT|STRUCTURE	title (endpoint construct named)	[14] ORR || [16] CBR || [22] DCR	[14] Phase Ib: Overall Response Rate (ORR) || [16] Phase 1b: Clinical Benefit Rate (CBR) || [22] Phase 1b and Phase II: Disease Control Rate (DCR)	True	NOT_DETERMINED	
NCT02807844	ph ii: mcs110 7.5 mg/kg q3w + pdr001 300 mg q3w - ec	Ph II: MCS110 7.5 mg/kg Q3W + PDR001 300 mg Q3W - EC	2:OG002,4:OG002	ctg_results_bor_2014_2017.txt	2	2,4	2	PRIMARY	21	BASIS_EXISTS	ENDPOINT_CONSTRUCT	ENDPOINT_CONSTRUCT	title (endpoint construct named)	[2] ORR || [4] CBR	[2] Phase II : Bayesian Inference of Overall Response Rate (ORR) - Per RECIST v1.1 - Mean || [4] Phase II: Bayesian Inference of Clinical Benefit Rate - Per RECIST v1.1- Mean	True	NOT_DETERMINED	
NCT02807844	ph ii: mcs110 7.5 mg/kg q3w + pdr001 300 mg q3w - me	Ph II: MCS110 7.5 mg/kg Q3W + PDR001 300 mg Q3W - ME	2:OG003,4:OG003	ctg_results_bor_2014_2017.txt	2	2,4	2	PRIMARY	20	BASIS_EXISTS	ENDPOINT_CONSTRUCT	ENDPOINT_CONSTRUCT	title (endpoint construct named)	[2] ORR || [4] CBR	[2] Phase II : Bayesian Inference of Overall Response Rate (ORR) - Per RECIST v1.1 - Mean || [4] Phase II: Bayesian Inference of Clinical Benefit Rate - Per RECIST v1.1- Mean	True	NOT_DETERMINED	
NCT02807844	ph ii: mcs110 7.5 mg/kg q3w + pdr001 300 mg q3w - pc	Ph II: MCS110 7.5 mg/kg Q3W + PDR001 300 mg Q3W - PC	2:OG001,4:OG001	ctg_results_bor_2014_2017.txt	2	2,4	2	PRIMARY	20	BASIS_EXISTS	ENDPOINT_CONSTRUCT	ENDPOINT_CONSTRUCT	title (endpoint construct named)	[2] ORR || [4] CBR	[2] Phase II : Bayesian Inference of Overall Response Rate (ORR) - Per RECIST v1.1 - Mean || [4] Phase II: Bayesian Inference of Clinical Benefit Rate - Per RECIST v1.1- Mean	True	NOT_DETERMINED	
NCT02807844	ph ii: mcs110 7.5 mg/kg q3w + pdr001 300 mg q3w - tnbc	Ph II: MCS110 7.5 mg/kg Q3W + PDR001 300 mg Q3W - TNBC	2:OG000,4:OG000	ctg_results_bor_2014_2017.txt	2	2,4	2	PRIMARY	20	BASIS_EXISTS	ENDPOINT_CONSTRUCT	ENDPOINT_CONSTRUCT	title (endpoint construct named)	[2] ORR || [4] CBR	[2] Phase II : Bayesian Inference of Overall Response Rate (ORR) - Per RECIST v1.1 - Mean || [4] Phase II: Bayesian Inference of Clinical Benefit Rate - Per RECIST v1.1- Mean	True	NOT_DETERMINED	
NCT02829723	phase i: blz945 1000 mg q1w qd	Phase I: BLZ945 1000 mg Q1W QD	13:OG005,14:OG005	ctg_results_bor_2014_2017.txt	2	13,14	13	SECONDARY	5	BASIS_EXISTS	ASSESSMENT_CRITERIA	ASSESSMENT_CRITERIA|STRUCTURE	title+description (named criteria set/version)	[13] RECIST 1.1 || [14] irRC	[13] Phase I: Best Overall Response (BOR) With Confirmation Per RECIST v1.1 || [14] Phase I: Best Overall Response (BOR) With Confirmation Per irRC	True	NOT_DETERMINED	
NCT02829723	phase i: blz945 1000 mg q1w qd + pdr001 400 mg q4w	Phase I: BLZ945 1000 mg Q1W QD + PDR001 400 mg Q4W	13:OG017,14:OG017	ctg_results_bor_2014_2017.txt	2	13,14	13	SECONDARY	5	BASIS_EXISTS	ASSESSMENT_CRITERIA	ASSESSMENT_CRITERIA|STRUCTURE	title+description (named criteria set/version)	[13] RECIST 1.1 || [14] irRC	[13] Phase I: Best Overall Response (BOR) With Confirmation Per RECIST v1.1 || [14] Phase I: Best Overall Response (BOR) With Confirmation Per irRC	True	NOT_DETERMINED	
NCT02829723	phase i: blz945 1200 mg 4d on/10d off qd	Phase I: BLZ945 1200 mg 4d on/10d Off QD	13:OG010,14:OG010	ctg_results_bor_2014_2017.txt	2	13,14	13	SECONDARY	7	BASIS_EXISTS	ASSESSMENT_CRITERIA	ASSESSMENT_CRITERIA|STRUCTURE	title+description (named criteria set/version)	[13] RECIST 1.1 || [14] irRC	[13] Phase I: Best Overall Response (BOR) With Confirmation Per RECIST v1.1 || [14] Phase I: Best Overall Response (BOR) With Confirmation Per irRC	True	NOT_DETERMINED	
NCT02829723	phase i: blz945 1200 mg 4d on/10d off qd + pdr001 400 mg q4w	Phase I: BLZ945 1200 mg 4d on/10d Off QD + PDR001 400 mg Q4W	13:OG022,14:OG022	ctg_results_bor_2014_2017.txt	2	13,14	13	SECONDARY	3	BASIS_EXISTS	ASSESSMENT_CRITERIA	ASSESSMENT_CRITERIA|STRUCTURE	title+description (named criteria set/version)	[13] RECIST 1.1 || [14] irRC	[13] Phase I: Best Overall Response (BOR) With Confirmation Per RECIST v1.1 || [14] Phase I: Best Overall Response (BOR) With Confirmation Per irRC	True	NOT_DETERMINED	
NCT02829723	phase i: blz945 1400 mg q1w qd + pdr001 400 mg q4w	Phase I: BLZ945 1400 mg Q1W QD + PDR001 400 mg Q4W	13:OG018,14:OG018	ctg_results_bor_2014_2017.txt	2	13,14	13	SECONDARY	5	BASIS_EXISTS	ASSESSMENT_CRITERIA	ASSESSMENT_CRITERIA|STRUCTURE	title+description (named criteria set/version)	[13] RECIST 1.1 || [14] irRC	[13] Phase I: Best Overall Response (BOR) With Confirmation Per RECIST v1.1 || [14] Phase I: Best Overall Response (BOR) With Confirmation Per irRC	True	NOT_DETERMINED	
NCT02829723	phase i: blz945 150 mg 7d on/7d off qd	Phase I: BLZ945 150 mg 7d on/7d Off QD	13:OG000,14:OG000	ctg_results_bor_2014_2017.txt	2	13,14	13	SECONDARY	5	BASIS_EXISTS	ASSESSMENT_CRITERIA	ASSESSMENT_CRITERIA|STRUCTURE	title+description (named criteria set/version)	[13] RECIST 1.1 || [14] irRC	[13] Phase I: Best Overall Response (BOR) With Confirmation Per RECIST v1.1 || [14] Phase I: Best Overall Response (BOR) With Confirmation Per irRC	True	NOT_DETERMINED	
NCT02829723	phase i: blz945 150 mg q1w qd + pdr001 400 mg q4w	Phase I: BLZ945 150 mg Q1W QD + PDR001 400 mg Q4W	13:OG014,14:OG014	ctg_results_bor_2014_2017.txt	2	13,14	13	SECONDARY	4	BASIS_EXISTS	ASSESSMENT_CRITERIA	ASSESSMENT_CRITERIA|STRUCTURE	title+description (named criteria set/version)	[13] RECIST 1.1 || [14] irRC	[13] Phase I: Best Overall Response (BOR) With Confirmation Per RECIST v1.1 || [14] Phase I: Best Overall Response (BOR) With Confirmation Per irRC	True	NOT_DETERMINED	
NCT02829723	phase i: blz945 1600 mg q1w qd	Phase I: BLZ945 1600 mg Q1W QD	13:OG006,14:OG006	ctg_results_bor_2014_2017.txt	2	13,14	13	SECONDARY	5	BASIS_EXISTS	ASSESSMENT_CRITERIA	ASSESSMENT_CRITERIA|STRUCTURE	title+description (named criteria set/version)	[13] RECIST 1.1 || [14] irRC	[13] Phase I: Best Overall Response (BOR) With Confirmation Per RECIST v1.1 || [14] Phase I: Best Overall Response (BOR) With Confirmation Per irRC	True	NOT_DETERMINED	
NCT02829723	phase i: blz945 300 mg 4d on/10d off qd	Phase I: BLZ945 300 mg 4d on/10d Off QD	13:OG007,14:OG007	ctg_results_bor_2014_2017.txt	2	13,14	13	SECONDARY	8	BASIS_EXISTS	ASSESSMENT_CRITERIA	ASSESSMENT_CRITERIA|STRUCTURE	title+description (named criteria set/version)	[13] RECIST 1.1 || [14] irRC	[13] Phase I: Best Overall Response (BOR) With Confirmation Per RECIST v1.1 || [14] Phase I: Best Overall Response (BOR) With Confirmation Per irRC	True	NOT_DETERMINED	
NCT02829723	phase i: blz945 300 mg 4d on/10d off qd + pdr001 400 mg q4w	Phase I: BLZ945 300 mg 4d on/10d Off QD + PDR001 400 mg Q4W	13:OG019,14:OG019	ctg_results_bor_2014_2017.txt	2	13,14	13	SECONDARY	4	BASIS_EXISTS	ASSESSMENT_CRITERIA	ASSESSMENT_CRITERIA|STRUCTURE	title+description (named criteria set/version)	[13] RECIST 1.1 || [14] irRC	[13] Phase I: Best Overall Response (BOR) With Confirmation Per RECIST v1.1 || [14] Phase I: Best Overall Response (BOR) With Confirmation Per irRC	True	NOT_DETERMINED	
NCT02829723	phase i: blz945 300 mg 7d on/7d off qd	Phase I: BLZ945 300 mg 7d on/7d Off QD	13:OG001,14:OG001	ctg_results_bor_2014_2017.txt	2	13,14	13	SECONDARY	7	BASIS_EXISTS	ASSESSMENT_CRITERIA	ASSESSMENT_CRITERIA|STRUCTURE	title+description (named criteria set/version)	[13] RECIST 1.1 || [14] irRC	[13] Phase I: Best Overall Response (BOR) With Confirmation Per RECIST v1.1 || [14] Phase I: Best Overall Response (BOR) With Confirmation Per irRC	True	NOT_DETERMINED	
NCT02829723	phase i: blz945 300 mg q1w bid	Phase I: BLZ945 300 mg Q1W BID	13:OG011,14:OG011,15:OG011,16:OG011	ctg_results_bor_2014_2017.txt	4	13,14,15,16	13	SECONDARY	0	BASIS_EXISTS	ASSESSMENT_CRITERIA	ASSESSMENT_CRITERIA|POPULATION|TIME_FRAME	title+description (named criteria set/version)	[13] RECIST 1.1 || [14] irRC || [15] RANO || [16] (none named)	[13] Phase I: Best Overall Response (BOR) With Confirmation Per RECIST v1.1 || [14] Phase I: Best Overall Response (BOR) With Confirmation Per irRC || [15] Phase I and II: Best Overall Response (BOR) (Sustained) Per RANO || [16] Phase I and II: Best Overall Response (BOR) (Sustained) Per iRANO	False	NOT_DETERMINED	
NCT02829723	phase i: blz945 300 mg q1w qd	Phase I: BLZ945 300 mg Q1W QD	13:OG002,14:OG002	ctg_results_bor_2014_2017.txt	2	13,14	13	SECONDARY	5	BASIS_EXISTS	ASSESSMENT_CRITERIA	ASSESSMENT_CRITERIA|STRUCTURE	title+description (named criteria set/version)	[13] RECIST 1.1 || [14] irRC	[13] Phase I: Best Overall Response (BOR) With Confirmation Per RECIST v1.1 || [14] Phase I: Best Overall Response (BOR) With Confirmation Per irRC	True	NOT_DETERMINED	
NCT02829723	phase i: blz945 300 mg q1w qd + pdr001 400 mg q4w	Phase I: BLZ945 300 mg Q1W QD + PDR001 400 mg Q4W	13:OG015,14:OG015	ctg_results_bor_2014_2017.txt	2	13,14	13	SECONDARY	5	BASIS_EXISTS	ASSESSMENT_CRITERIA	ASSESSMENT_CRITERIA|STRUCTURE	title+description (named criteria set/version)	[13] RECIST 1.1 || [14] irRC	[13] Phase I: Best Overall Response (BOR) With Confirmation Per RECIST v1.1 || [14] Phase I: Best Overall Response (BOR) With Confirmation Per irRC	True	NOT_DETERMINED	
NCT02829723	phase i: blz945 450 mg 4d on/10d off qd + pdr001 400 mg q4w	Phase I: BLZ945 450 mg 4d on/10d Off QD + PDR001 400 mg Q4W	13:OG020,14:OG020	ctg_results_bor_2014_2017.txt	2	13,14	13	SECONDARY	6	BASIS_EXISTS	ASSESSMENT_CRITERIA	ASSESSMENT_CRITERIA|STRUCTURE	title+description (named criteria set/version)	[13] RECIST 1.1 || [14] irRC	[13] Phase I: Best Overall Response (BOR) With Confirmation Per RECIST v1.1 || [14] Phase I: Best Overall Response (BOR) With Confirmation Per irRC	True	NOT_DETERMINED	
NCT02829723	phase i: blz945 450 mg q1w qd	Phase I: BLZ945 450 mg Q1W QD	13:OG003,14:OG003	ctg_results_bor_2014_2017.txt	2	13,14	13	SECONDARY	6	BASIS_EXISTS	ASSESSMENT_CRITERIA	ASSESSMENT_CRITERIA|STRUCTURE	title+description (named criteria set/version)	[13] RECIST 1.1 || [14] irRC	[13] Phase I: Best Overall Response (BOR) With Confirmation Per RECIST v1.1 || [14] Phase I: Best Overall Response (BOR) With Confirmation Per irRC	True	NOT_DETERMINED	
NCT02829723	phase i: blz945 600 mg 4d on/10d off bid	Phase I: BLZ945 600 mg 4d on/10d Off BID	13:OG013,14:OG013,15:OG013,16:OG013	ctg_results_bor_2014_2017.txt	4	13,14,15,16	13	SECONDARY	3	BASIS_EXISTS	ASSESSMENT_CRITERIA	ASSESSMENT_CRITERIA|POPULATION|TIME_FRAME|STRUCTURE	title+description (named criteria set/version)	[13] RECIST 1.1 || [14] irRC || [15] RANO || [16] (none named)	[13] Phase I: Best Overall Response (BOR) With Confirmation Per RECIST v1.1 || [14] Phase I: Best Overall Response (BOR) With Confirmation Per irRC || [15] Phase I and II: Best Overall Response (BOR) (Sustained) Per RANO || [16] Phase I and II: Best Overall Response (BOR) (Sustained) Per iRANO	True	NOT_DETERMINED	
NCT02829723	phase i: blz945 600 mg 4d on/10d off qd	Phase I: BLZ945 600 mg 4d on/10d Off QD	13:OG008,14:OG008	ctg_results_bor_2014_2017.txt	2	13,14	13	SECONDARY	8	BASIS_EXISTS	ASSESSMENT_CRITERIA	ASSESSMENT_CRITERIA|STRUCTURE	title+description (named criteria set/version)	[13] RECIST 1.1 || [14] irRC	[13] Phase I: Best Overall Response (BOR) With Confirmation Per RECIST v1.1 || [14] Phase I: Best Overall Response (BOR) With Confirmation Per irRC	True	NOT_DETERMINED	
NCT02829723	phase i: blz945 600 mg q1w bid	Phase I: BLZ945 600 mg Q1W BID	15:OG012,16:OG012	ctg_results_bor_2014_2017.txt	2	15,16	15	SECONDARY	4	BASIS_EXISTS	ASSESSMENT_CRITERIA	ASSESSMENT_CRITERIA	title+description (named criteria set/version)	[15] RANO || [16] (none named)	[15] Phase I and II: Best Overall Response (BOR) (Sustained) Per RANO || [16] Phase I and II: Best Overall Response (BOR) (Sustained) Per iRANO	True	NOT_DETERMINED	
NCT02829723	phase i: blz945 600 mg q1w bid + pdr001 400 mg q4w	Phase I: BLZ945 600 mg Q1W BID + PDR001 400 mg Q4W	13:OG023,14:OG023	ctg_results_bor_2014_2017.txt	2	13,14	13	SECONDARY	6	BASIS_EXISTS	ASSESSMENT_CRITERIA	ASSESSMENT_CRITERIA|STRUCTURE	title+description (named criteria set/version)	[13] RECIST 1.1 || [14] irRC	[13] Phase I: Best Overall Response (BOR) With Confirmation Per RECIST v1.1 || [14] Phase I: Best Overall Response (BOR) With Confirmation Per irRC	True	NOT_DETERMINED	
NCT02829723	phase i: blz945 600 mg q1w qd	Phase I: BLZ945 600 mg Q1W QD	13:OG004,14:OG004	ctg_results_bor_2014_2017.txt	2	13,14	13	SECONDARY	3	BASIS_EXISTS	ASSESSMENT_CRITERIA	ASSESSMENT_CRITERIA|STRUCTURE	title+description (named criteria set/version)	[13] RECIST 1.1 || [14] irRC	[13] Phase I: Best Overall Response (BOR) With Confirmation Per RECIST v1.1 || [14] Phase I: Best Overall Response (BOR) With Confirmation Per irRC	True	NOT_DETERMINED	
NCT02829723	phase i: blz945 600 mg q1w qd + pdr001 400 mg q4w	Phase I: BLZ945 600 mg Q1W QD + PDR001 400 mg Q4W	13:OG016,14:OG016	ctg_results_bor_2014_2017.txt	2	13,14	13	SECONDARY	7	BASIS_EXISTS	ASSESSMENT_CRITERIA	ASSESSMENT_CRITERIA|STRUCTURE	title+description (named criteria set/version)	[13] RECIST 1.1 || [14] irRC	[13] Phase I: Best Overall Response (BOR) With Confirmation Per RECIST v1.1 || [14] Phase I: Best Overall Response (BOR) With Confirmation Per irRC	True	NOT_DETERMINED	
NCT02829723	phase i: blz945 700 mg 4d on/10d off qd + pdr001 400 mg q4w	Phase I: BLZ945 700 mg 4d on/10d Off QD + PDR001 400 mg Q4W	13:OG021,14:OG021	ctg_results_bor_2014_2017.txt	2	13,14	13	SECONDARY	4	BASIS_EXISTS	ASSESSMENT_CRITERIA	ASSESSMENT_CRITERIA|STRUCTURE	title+description (named criteria set/version)	[13] RECIST 1.1 || [14] irRC	[13] Phase I: Best Overall Response (BOR) With Confirmation Per RECIST v1.1 || [14] Phase I: Best Overall Response (BOR) With Confirmation Per irRC	True	NOT_DETERMINED	
NCT02829723	phase i: blz945 800 mg 4d on/10d off qd	Phase I: BLZ945 800 mg 4d on/10d Off QD	13:OG009,14:OG009	ctg_results_bor_2014_2017.txt	2	13,14	13	SECONDARY	5	BASIS_EXISTS	ASSESSMENT_CRITERIA	ASSESSMENT_CRITERIA|STRUCTURE	title+description (named criteria set/version)	[13] RECIST 1.1 || [14] irRC	[13] Phase I: Best Overall Response (BOR) With Confirmation Per RECIST v1.1 || [14] Phase I: Best Overall Response (BOR) With Confirmation Per irRC	True	NOT_DETERMINED	
NCT02829723	phase i: blz945 800 mg q1w bid + pdr001 400 mg q4w	Phase I: BLZ945 800 mg Q1W BID + PDR001 400 mg Q4W	13:OG024,14:OG024	ctg_results_bor_2014_2017.txt	2	13,14	13	SECONDARY	3	BASIS_EXISTS	ASSESSMENT_CRITERIA	ASSESSMENT_CRITERIA|STRUCTURE	title+description (named criteria set/version)	[13] RECIST 1.1 || [14] irRC	[13] Phase I: Best Overall Response (BOR) With Confirmation Per RECIST v1.1 || [14] Phase I: Best Overall Response (BOR) With Confirmation Per irRC	True	NOT_DETERMINED	
NCT02829723	phase ii: blz945 1200 mg 4d on/10d off qd	Phase II: BLZ945 1200 mg 4d on/10d Off QD	15:OG025,16:OG025	ctg_results_bor_2014_2017.txt	2	15,16	15	SECONDARY	22	BASIS_EXISTS	ASSESSMENT_CRITERIA	ASSESSMENT_CRITERIA	title+description (named criteria set/version)	[15] RANO || [16] (none named)	[15] Phase I and II: Best Overall Response (BOR) (Sustained) Per RANO || [16] Phase I and II: Best Overall Response (BOR) (Sustained) Per iRANO	True	NOT_DETERMINED	
NCT02829723	phase ii: blz945 700 mg 4d on/10d off qd + pdr001 400 mg q4w	Phase II: BLZ945 700 mg 4d on/10d Off QD + PDR001 400 mg Q4W	15:OG026,16:OG026	ctg_results_bor_2014_2017.txt	2	15,16	15	SECONDARY	21	BASIS_EXISTS	ASSESSMENT_CRITERIA	ASSESSMENT_CRITERIA	title+description (named criteria set/version)	[15] RANO || [16] (none named)	[15] Phase I and II: Best Overall Response (BOR) (Sustained) Per RANO || [16] Phase I and II: Best Overall Response (BOR) (Sustained) Per iRANO	True	NOT_DETERMINED	
NCT02842827	cohort 1a: bomedemstat 0.75 mg/kg/day	Cohort 1a: Bomedemstat 0.75 mg/kg/Day	17:OG000,18:OG000	ctg_results_bor_2014_2017.txt	2	17,18	17	PRIMARY	2	BASIS_EXISTS	ENDPOINT_CONSTRUCT	ENDPOINT_CONSTRUCT|STRUCTURE	title (endpoint construct named)	[17] DCR || [18] BOR	[17] Objective Response Rate (ORR) For High-risk Acute Myeloid Leukemia (AML) Participants Determined Using the Rev… || [18] Best Overall Response (BOR) For High-risk Acute Myeloid Leukemia (AML) Participants Determined Using the Revis…	True	NOT_DETERMINED	
NCT02842827	cohort 1b: bomedemstat 1.5 mg/kg/day	Cohort 1b: Bomedemstat 1.5 mg/kg/Day	17:OG001,18:OG001	ctg_results_bor_2014_2017.txt	2	17,18	17	PRIMARY	6	BASIS_EXISTS	ENDPOINT_CONSTRUCT	ENDPOINT_CONSTRUCT|STRUCTURE	title (endpoint construct named)	[17] DCR || [18] BOR	[17] Objective Response Rate (ORR) For High-risk Acute Myeloid Leukemia (AML) Participants Determined Using the Rev… || [18] Best Overall Response (BOR) For High-risk Acute Myeloid Leukemia (AML) Participants Determined Using the Revis…	True	NOT_DETERMINED	
NCT02842827	cohort 1c: bomedemstat 3 mg/kg/day	Cohort 1c: Bomedemstat 3 mg/kg/Day	17:OG002,18:OG002	ctg_results_bor_2014_2017.txt	2	17,18	17	PRIMARY	4	BASIS_EXISTS	ENDPOINT_CONSTRUCT	ENDPOINT_CONSTRUCT|STRUCTURE	title (endpoint construct named)	[17] DCR || [18] BOR	[17] Objective Response Rate (ORR) For High-risk Acute Myeloid Leukemia (AML) Participants Determined Using the Rev… || [18] Best Overall Response (BOR) For High-risk Acute Myeloid Leukemia (AML) Participants Determined Using the Revis…	True	NOT_DETERMINED	
NCT02842827	cohort 1d: bomedemstat 6 mg/kg/day	Cohort 1d: Bomedemstat 6 mg/kg/Day	17:OG003,18:OG003	ctg_results_bor_2014_2017.txt	2	17,18	17	PRIMARY	6	BASIS_EXISTS	ENDPOINT_CONSTRUCT	ENDPOINT_CONSTRUCT|STRUCTURE	title (endpoint construct named)	[17] DCR || [18] BOR	[17] Objective Response Rate (ORR) For High-risk Acute Myeloid Leukemia (AML) Participants Determined Using the Rev… || [18] Best Overall Response (BOR) For High-risk Acute Myeloid Leukemia (AML) Participants Determined Using the Revis…	True	NOT_DETERMINED	
NCT02842827	cohort 1x3: bomedemstat 3 mg/kg/day orally plus tretinoin 45 mg/m^2/day	Cohort 1x3: Bomedemstat 3 mg/kg/Day Orally Plus Tretinoin 45 mg/m^2/Day	17:OG004,18:OG004	ctg_results_bor_2014_2017.txt	2	17,18	17	PRIMARY	3	BASIS_EXISTS	ENDPOINT_CONSTRUCT	ENDPOINT_CONSTRUCT|STRUCTURE	title (endpoint construct named)	[17] DCR || [18] BOR	[17] Objective Response Rate (ORR) For High-risk Acute Myeloid Leukemia (AML) Participants Determined Using the Rev… || [18] Best Overall Response (BOR) For High-risk Acute Myeloid Leukemia (AML) Participants Determined Using the Revis…	True	NOT_DETERMINED	
NCT02842827	cohort 1x6: bomedemstat 6 mg/kg/day plus tretinoin 45 mg/m^2/day	Cohort 1x6: Bomedemstat 6 mg/kg/Day Plus Tretinoin 45 mg/m^2/Day	17:OG005,18:OG005	ctg_results_bor_2014_2017.txt	2	17,18	17	PRIMARY	7	BASIS_EXISTS	ENDPOINT_CONSTRUCT	ENDPOINT_CONSTRUCT|STRUCTURE	title (endpoint construct named)	[17] DCR || [18] BOR	[17] Objective Response Rate (ORR) For High-risk Acute Myeloid Leukemia (AML) Participants Determined Using the Rev… || [18] Best Overall Response (BOR) For High-risk Acute Myeloid Leukemia (AML) Participants Determined Using the Revis…	True	NOT_DETERMINED	
NCT02842827	cohort 3x: bomedemstat 6 mg/kg/day plus tretinoin 45 mg/m^2/day	Cohort 3x: Bomedemstat 6 mg/kg/Day Plus Tretinoin 45 mg/m^2/Day	17:OG006,18:OG006	ctg_results_bor_2014_2017.txt	2	17,18	17	PRIMARY	4	BASIS_EXISTS	ENDPOINT_CONSTRUCT	ENDPOINT_CONSTRUCT|STRUCTURE	title (endpoint construct named)	[17] DCR || [18] BOR	[17] Objective Response Rate (ORR) For High-risk Acute Myeloid Leukemia (AML) Participants Determined Using the Rev… || [18] Best Overall Response (BOR) For High-risk Acute Myeloid Leukemia (AML) Participants Determined Using the Revis…	True	NOT_DETERMINED	
NCT02842827	cohort 4x: bomedemstat 6 mg/kg/day plus tretinoin 45 mg/m^2/day	Cohort 4x: Bomedemstat 6 mg/kg/Day Plus Tretinoin 45 mg/m^2/Day	17:OG007,18:OG007	ctg_results_bor_2014_2017.txt	2	17,18	17	PRIMARY	7	BASIS_EXISTS	ENDPOINT_CONSTRUCT	ENDPOINT_CONSTRUCT|STRUCTURE	title (endpoint construct named)	[17] DCR || [18] BOR	[17] Objective Response Rate (ORR) For High-risk Acute Myeloid Leukemia (AML) Participants Determined Using the Rev… || [18] Best Overall Response (BOR) For High-risk Acute Myeloid Leukemia (AML) Participants Determined Using the Revis…	True	NOT_DETERMINED	
NCT02875223	part a 1.25 mg	Part A 1.25 mg	1:OG000,2:OG000	ctg_results_bor_2014_2017.txt	2	1,2	1	SECONDARY	4	BASIS_EXISTS	ENDPOINT_CONSTRUCT	ENDPOINT_CONSTRUCT|POPULATION|TIME_FRAME	title (endpoint construct named)	[1] CBR || [2] ORR	[1] Part A - Clinical Benefit Rate (CBR) as Per Confirmed Best Overall Response Based on Response Evaluation Crite… || [2] Part A - Objective Response Rate as Per Confirmed Best Overall Response Based on Response Evaluation Criteria …	False	YES	2
NCT02875223	part a 10 mg	Part A 10 mg	1:OG003,2:OG003	ctg_results_bor_2014_2017.txt	2	1,2	1	SECONDARY	4	BASIS_EXISTS	ENDPOINT_CONSTRUCT	ENDPOINT_CONSTRUCT|POPULATION|TIME_FRAME	title (endpoint construct named)	[1] CBR || [2] ORR	[1] Part A - Clinical Benefit Rate (CBR) as Per Confirmed Best Overall Response Based on Response Evaluation Crite… || [2] Part A - Objective Response Rate as Per Confirmed Best Overall Response Based on Response Evaluation Criteria …	False	YES	2
NCT02875223	part a 120 mg	Part A 120 mg	1:OG008,2:OG008	ctg_results_bor_2014_2017.txt	2	1,2	1	SECONDARY	4	BASIS_EXISTS	ENDPOINT_CONSTRUCT	ENDPOINT_CONSTRUCT|POPULATION|TIME_FRAME	title (endpoint construct named)	[1] CBR || [2] ORR	[1] Part A - Clinical Benefit Rate (CBR) as Per Confirmed Best Overall Response Based on Response Evaluation Crite… || [2] Part A - Objective Response Rate as Per Confirmed Best Overall Response Based on Response Evaluation Criteria …	False	YES	2
NCT02875223	part a 2.5 mg	Part A 2.5 mg	1:OG001,2:OG001	ctg_results_bor_2014_2017.txt	2	1,2	1	SECONDARY	5	BASIS_EXISTS	ENDPOINT_CONSTRUCT	ENDPOINT_CONSTRUCT|POPULATION|TIME_FRAME	title (endpoint construct named)	[1] CBR || [2] ORR	[1] Part A - Clinical Benefit Rate (CBR) as Per Confirmed Best Overall Response Based on Response Evaluation Crite… || [2] Part A - Objective Response Rate as Per Confirmed Best Overall Response Based on Response Evaluation Criteria …	False	YES	2
NCT02875223	part a 20 mg	Part A 20 mg	1:OG004,2:OG004	ctg_results_bor_2014_2017.txt	2	1,2	1	SECONDARY	5	BASIS_EXISTS	ENDPOINT_CONSTRUCT	ENDPOINT_CONSTRUCT|POPULATION|TIME_FRAME	title (endpoint construct named)	[1] CBR || [2] ORR	[1] Part A - Clinical Benefit Rate (CBR) as Per Confirmed Best Overall Response Based on Response Evaluation Crite… || [2] Part A - Objective Response Rate as Per Confirmed Best Overall Response Based on Response Evaluation Criteria …	True	YES	2
NCT02875223	part a 40 mg	Part A 40 mg	1:OG005,2:OG005	ctg_results_bor_2014_2017.txt	2	1,2	1	SECONDARY	6	BASIS_EXISTS	ENDPOINT_CONSTRUCT	ENDPOINT_CONSTRUCT|POPULATION|TIME_FRAME	title (endpoint construct named)	[1] CBR || [2] ORR	[1] Part A - Clinical Benefit Rate (CBR) as Per Confirmed Best Overall Response Based on Response Evaluation Crite… || [2] Part A - Objective Response Rate as Per Confirmed Best Overall Response Based on Response Evaluation Criteria …	True	YES	2
NCT02875223	part a 5 mg	Part A 5 mg	1:OG002,2:OG002	ctg_results_bor_2014_2017.txt	2	1,2	1	SECONDARY	6	BASIS_EXISTS	ENDPOINT_CONSTRUCT	ENDPOINT_CONSTRUCT|POPULATION|TIME_FRAME	title (endpoint construct named)	[1] CBR || [2] ORR	[1] Part A - Clinical Benefit Rate (CBR) as Per Confirmed Best Overall Response Based on Response Evaluation Crite… || [2] Part A - Objective Response Rate as Per Confirmed Best Overall Response Based on Response Evaluation Criteria …	True	YES	2
NCT02875223	part a 60 mg	Part A 60 mg	1:OG006,2:OG006	ctg_results_bor_2014_2017.txt	2	1,2	1	SECONDARY	6	BASIS_EXISTS	ENDPOINT_CONSTRUCT	ENDPOINT_CONSTRUCT|POPULATION|TIME_FRAME	title (endpoint construct named)	[1] CBR || [2] ORR	[1] Part A - Clinical Benefit Rate (CBR) as Per Confirmed Best Overall Response Based on Response Evaluation Crite… || [2] Part A - Objective Response Rate as Per Confirmed Best Overall Response Based on Response Evaluation Criteria …	True	YES	2
NCT02875223	part a 80 mg	Part A 80 mg	1:OG007,2:OG007	ctg_results_bor_2014_2017.txt	2	1,2	1	SECONDARY	10	BASIS_EXISTS	ENDPOINT_CONSTRUCT	ENDPOINT_CONSTRUCT|POPULATION|TIME_FRAME	title (endpoint construct named)	[1] CBR || [2] ORR	[1] Part A - Clinical Benefit Rate (CBR) as Per Confirmed Best Overall Response Based on Response Evaluation Crite… || [2] Part A - Objective Response Rate as Per Confirmed Best Overall Response Based on Response Evaluation Criteria …	True	YES	2
NCT02875223	part b - japanese cohort - 60 mg	Part B - Japanese Cohort - 60 mg	12:OG003,13:OG003	ctg_results_bor_2014_2017.txt	2	12,13	12	SECONDARY	6	BASIS_EXISTS	ENDPOINT_CONSTRUCT	ENDPOINT_CONSTRUCT|POPULATION|TIME_FRAME	title (endpoint construct named)	[12] CBR || [13] ORR	[12] Part B - Clinical Benefit Rate (CBR) as Per Confirmed Best Overall Response Based on Response Evaluation Crite… || [13] Part B - Objective Response Rate as Per Confirmed Best Overall Response Response Evaluation Criteria in Solid …	True	YES	13
NCT02875223	part b - lung nets - 60 mg	Part B - Lung NETs - 60 mg	12:OG000,13:OG000	ctg_results_bor_2014_2017.txt	2	12,13	12	SECONDARY	14	BASIS_EXISTS	ENDPOINT_CONSTRUCT	ENDPOINT_CONSTRUCT|POPULATION|TIME_FRAME	title (endpoint construct named)	[12] CBR || [13] ORR	[12] Part B - Clinical Benefit Rate (CBR) as Per Confirmed Best Overall Response Based on Response Evaluation Crite… || [13] Part B - Objective Response Rate as Per Confirmed Best Overall Response Response Evaluation Criteria in Solid …	True	YES	13
NCT02875223	part b - mzl - 60 mg	Part B - MZL - 60 mg	12:OG002,13:OG002	ctg_results_bor_2014_2017.txt	2	12,13	12	SECONDARY	3	BASIS_EXISTS	ENDPOINT_CONSTRUCT	ENDPOINT_CONSTRUCT|POPULATION|TIME_FRAME	title (endpoint construct named)	[12] CBR || [13] ORR	[12] Part B - Clinical Benefit Rate (CBR) as Per Confirmed Best Overall Response Based on Response Evaluation Crite… || [13] Part B - Objective Response Rate as Per Confirmed Best Overall Response Response Evaluation Criteria in Solid …	False	YES	13
NCT02875223	part b - nepc - 60 mg	Part B - NEPC - 60 mg	12:OG001,13:OG001	ctg_results_bor_2014_2017.txt	2	12,13	12	SECONDARY	2	BASIS_EXISTS	ENDPOINT_CONSTRUCT	ENDPOINT_CONSTRUCT|POPULATION|TIME_FRAME	title (endpoint construct named)	[12] CBR || [13] ORR	[12] Part B - Clinical Benefit Rate (CBR) as Per Confirmed Best Overall Response Based on Response Evaluation Crite… || [13] Part B - Objective Response Rate as Per Confirmed Best Overall Response Response Evaluation Criteria in Solid …	False	YES	13
NCT02886585	neoplastic meningitis-cohort c	Neoplastic Meningitis-Cohort C	5:OG000,6:OG001	ctg_results_bor_2014_2017.txt	2	5,6	5	SECONDARY	20	BASIS_EXISTS	ASSESSMENT_CRITERIA	ASSESSMENT_CRITERIA|PARAM_UNIT|POPULATION|TIME_FRAME	title+description (named criteria set/version)	[5] RANO || [6] RECIST(unversioned)	[5] Intracranial Response Rate (Cohort C) || [6] Extracranial Response Rate (Cohorts A and B Combined, C)	False	NOT_DETERMINED	
NCT02899299	treatment a	Treatment A	1:OG000,2:OG000	ctg_results_bor_2014_2017.txt	2	1,2	1	SECONDARY	303	BASIS_EXISTS	ENDPOINT_CONSTRUCT	ENDPOINT_CONSTRUCT|TIME_FRAME	title (endpoint construct named)	[1] ORR || [2] DCR	[1] Objective Response Rate (ORR) || [2] Disease Control Rate (DCR)	True	NOT_DETERMINED	
NCT02899299	treatment b	Treatment B	1:OG001,2:OG001	ctg_results_bor_2014_2017.txt	2	1,2	1	SECONDARY	302	BASIS_EXISTS	ENDPOINT_CONSTRUCT	ENDPOINT_CONSTRUCT|TIME_FRAME	title (endpoint construct named)	[1] ORR || [2] DCR	[1] Objective Response Rate (ORR) || [2] Disease Control Rate (DCR)	True	NOT_DETERMINED	
NCT02913430	fulvestrant + palbociclib	Fulvestrant + Palbociclib	1:OG000,2:OG000,3:OG000	ctg_results_bor_2018_2021.txt	3	1,2,3	1	SECONDARY	5	BASIS_EXISTS	ENDPOINT_CONSTRUCT	ENDPOINT_CONSTRUCT|TIME_FRAME|STRUCTURE	title (endpoint construct named)	[1] BOR || [2] CBR || [3] CBR	[1] Best Overall Response (BOR) || [2] 6-Month Clinical Benefit Rate (CBR) || [3] Clinical Benefit Rate (CBR)	True	NOT_DETERMINED	
NCT02913430	tamoxifen + palbociclib	Tamoxifen + Palbociclib	1:OG001,2:OG001,3:OG001	ctg_results_bor_2018_2021.txt	3	1,2,3	1	SECONDARY	2	BASIS_EXISTS	ENDPOINT_CONSTRUCT	ENDPOINT_CONSTRUCT|TIME_FRAME|STRUCTURE	title (endpoint construct named)	[1] BOR || [2] CBR || [3] CBR	[1] Best Overall Response (BOR) || [2] 6-Month Clinical Benefit Rate (CBR) || [3] Clinical Benefit Rate (CBR)	True	NOT_DETERMINED	
NCT02915523	phase 2: avelumab + entinostat	Phase 2: Avelumab + Entinostat	4:OG001,5:OG001,6:OG001	ctg_placebo_onc_2014_2017.txt	3	4,5,6	4	SECONDARY	85	BASIS_EXISTS	ENDPOINT_CONSTRUCT	ENDPOINT_CONSTRUCT|ASSESSMENT_CRITERIA	title (endpoint construct named)	[4] ORR || [5] ORR || [6] CBR	[4] Phase 2: Objective Response Rate (ORR), as Assessed Using RECIST 1.1 || [5] Phase 2: ORR, as Assessed Using irRECIST || [6] Phase 2: Clinical Benefit Rate (CBR), as Assessed Using RECIST 1.1	True	NOT_DETERMINED	
NCT02915523	phase 2: avelumab + placebo	Phase 2: Avelumab + Placebo	4:OG000,5:OG000,6:OG000	ctg_placebo_onc_2014_2017.txt	3	4,5,6	4	SECONDARY	41	BASIS_EXISTS	ENDPOINT_CONSTRUCT	ENDPOINT_CONSTRUCT|ASSESSMENT_CRITERIA	title (endpoint construct named)	[4] ORR || [5] ORR || [6] CBR	[4] Phase 2: Objective Response Rate (ORR), as Assessed Using RECIST 1.1 || [5] Phase 2: ORR, as Assessed Using irRECIST || [6] Phase 2: Clinical Benefit Rate (CBR), as Assessed Using RECIST 1.1	True	NOT_DETERMINED	
NCT02920008	guadecitabine	Guadecitabine	5:OG000,7:OG000	ctg_results_bor_2014_2017.txt	2	5,7	5	SECONDARY	148	BASIS_EXISTS	RESPONSE_DEPTH	RESPONSE_DEPTH	title/description (response-depth threshold)	[5] CR || [7] CR_COMPOSITE	[5] Complete Response Rate || [7] Composite Complete Response Rate	True	NOT_DETERMINED	
NCT02920008	treatment choice (tc)	Treatment Choice (TC)	5:OG001,7:OG001	ctg_results_bor_2014_2017.txt	2	5,7	5	SECONDARY	154	BASIS_EXISTS	RESPONSE_DEPTH	RESPONSE_DEPTH	title/description (response-depth threshold)	[5] CR || [7] CR_COMPOSITE	[5] Complete Response Rate || [7] Composite Complete Response Rate	True	NOT_DETERMINED	
NCT02923531	x4p-001 plus nivolumab	X4P-001 Plus Nivolumab	5:OG000,6:OG000,7:OG000,8:OG000	ctg_results_bor_2014_2017.txt	4	5,6,7,8	5	SECONDARY	9	BASIS_EXISTS	ENDPOINT_CONSTRUCT	ENDPOINT_CONSTRUCT|ASSESSMENT_CRITERIA|PARAM_UNIT|POPULATION|TIME_FRAME	title (endpoint construct named)	[5] ORR || [6] ORR || [7] ORR || [8] DCR	[5] Objective Response Rate (ORR): Percentage of Participants With Objective Response, Evaluated Using Response Ev… || [6] Duration of Objective Response (DOR), Evaluated Using RECIST Version 1.1 || [7] Time to Objective Response, Evaluated Using RECIST Version 1.1 || [8] Disease Control Rate: Percentage of Participants With CR or PR or Stable Disease (SD), Evaluated Using RECIST …	True	NOT_DETERMINED	
NCT02928224	combined safety lead-in	Combined Safety Lead-in	7:OG000,8:OG000	ctg_results_bor_2014_2017.txt	2	7,8	7	SECONDARY	36	BASIS_EXISTS	POPULATION	POPULATION	populationDescription	[7] The Safety Lead-in (SLI) Efficacy Set consisted of all CSLI participants in the FAS who we… || [8] The SLI Efficacy Set consisted of all CSLI participants in the FAS who were identified at …	[7] (Safety Lead-in) Objective Response Rate (ORR) by Investigator || [8] (Safety Lead-in) Objective Response Rate (ORR) by BICR	True	NOT_DETERMINED	
NCT02928224	phase 3: doublet arm	Phase 3: Doublet Arm	24:OG000,26:OG001	ctg_results_bor_2014_2017.txt	2	24,26	24	SECONDARY	113	NO_BASIS	NONE	-	(none found)	[24]  || [26] 	[24] (Phase 3) Comparison of Objective Response Rate (ORR) in Doublet Arm vs Control Arm Per BICR || [26] (Phase 3) Comparison of Objective Response Rate (ORR) in Triplet Arm vs Doublet Arm Per BICR	False	NOT_DETERMINED	
NCT02939183	oprozomib gr 150 mg/day + dexamethasone	Oprozomib GR 150 mg/Day + Dexamethasone	7:OG001,8:OG001	ctg_results_bor_2014_2017.txt	2	7,8	7	SECONDARY	6	BASIS_EXISTS	ENDPOINT_CONSTRUCT	ENDPOINT_CONSTRUCT|PARAM_UNIT|STRUCTURE	title (endpoint construct named)	[7] BOR || [8] ORR	[7] Best Overall Response (BOR) According to Revised International Myeloma Working Group Uniform Response Criteria… || [8] Overall Response Rate (ORR) According to IMWG-URC	True	YES	8
NCT02939183	oprozomib gr 150 mg/day + pomalidomide + dexamethasone	Oprozomib GR 150 mg/Day + Pomalidomide + Dexamethasone	7:OG003,8:OG003	ctg_results_bor_2014_2017.txt	2	7,8	7	SECONDARY	3	BASIS_EXISTS	ENDPOINT_CONSTRUCT	ENDPOINT_CONSTRUCT|PARAM_UNIT|STRUCTURE	title (endpoint construct named)	[7] BOR || [8] ORR	[7] Best Overall Response (BOR) According to Revised International Myeloma Working Group Uniform Response Criteria… || [8] Overall Response Rate (ORR) According to IMWG-URC	True	YES	8
NCT02939183	oprozomib gr 200 mg/day + pomalidomide + dexamethasone	Oprozomib GR 200 mg/Day + Pomalidomide + Dexamethasone	7:OG005,8:OG005	ctg_results_bor_2014_2017.txt	2	7,8	7	SECONDARY	5	BASIS_EXISTS	ENDPOINT_CONSTRUCT	ENDPOINT_CONSTRUCT|PARAM_UNIT|STRUCTURE	title (endpoint construct named)	[7] BOR || [8] ORR	[7] Best Overall Response (BOR) According to Revised International Myeloma Working Group Uniform Response Criteria… || [8] Overall Response Rate (ORR) According to IMWG-URC	True	YES	8
NCT02939183	oprozomib ir 150 mg/day + dexamethsone	Oprozomib IR 150 mg/Day + Dexamethsone	7:OG000,8:OG000	ctg_results_bor_2014_2017.txt	2	7,8	7	SECONDARY	3	BASIS_EXISTS	ENDPOINT_CONSTRUCT	ENDPOINT_CONSTRUCT|PARAM_UNIT|STRUCTURE	title (endpoint construct named)	[7] BOR || [8] ORR	[7] Best Overall Response (BOR) According to Revised International Myeloma Working Group Uniform Response Criteria… || [8] Overall Response Rate (ORR) According to IMWG-URC	True	YES	8
NCT02939183	oprozomib ir 150 mg/day + pomalidomide + dexamethasone	Oprozomib IR 150 mg/Day + Pomalidomide + Dexamethasone	7:OG002,8:OG002	ctg_results_bor_2014_2017.txt	2	7,8	7	SECONDARY	3	BASIS_EXISTS	ENDPOINT_CONSTRUCT	ENDPOINT_CONSTRUCT|PARAM_UNIT|STRUCTURE	title (endpoint construct named)	[7] BOR || [8] ORR	[7] Best Overall Response (BOR) According to Revised International Myeloma Working Group Uniform Response Criteria… || [8] Overall Response Rate (ORR) According to IMWG-URC	True	YES	8
NCT02939183	oprozomib ir 200 mg/day + pomalidomide + dexamethasone	Oprozomib IR 200 mg/Day + Pomalidomide + Dexamethasone	7:OG004,8:OG004	ctg_results_bor_2014_2017.txt	2	7,8	7	SECONDARY	7	BASIS_EXISTS	ENDPOINT_CONSTRUCT	ENDPOINT_CONSTRUCT|PARAM_UNIT|STRUCTURE	title (endpoint construct named)	[7] BOR || [8] ORR	[7] Best Overall Response (BOR) According to Revised International Myeloma Working Group Uniform Response Criteria… || [8] Overall Response Rate (ORR) According to IMWG-URC	True	YES	8
NCT02939183	oprozomib ir 225 mg/day + pomalidomide + dexamethasone	Oprozomib IR 225 mg/Day + Pomalidomide + Dexamethasone	7:OG006,8:OG006	ctg_results_bor_2014_2017.txt	2	7,8	7	SECONDARY	10	BASIS_EXISTS	ENDPOINT_CONSTRUCT	ENDPOINT_CONSTRUCT|PARAM_UNIT|STRUCTURE	title (endpoint construct named)	[7] BOR || [8] ORR	[7] Best Overall Response (BOR) According to Revised International Myeloma Working Group Uniform Response Criteria… || [8] Overall Response Rate (ORR) According to IMWG-URC	True	YES	8
NCT02939183	oprozomib ir 250 mg/day + pomalidomide + dexamethasone	Oprozomib IR 250 mg/Day + Pomalidomide + Dexamethasone	7:OG007,8:OG007	ctg_results_bor_2014_2017.txt	2	7,8	7	SECONDARY	8	BASIS_EXISTS	ENDPOINT_CONSTRUCT	ENDPOINT_CONSTRUCT|PARAM_UNIT|STRUCTURE	title (endpoint construct named)	[7] BOR || [8] ORR	[7] Best Overall Response (BOR) According to Revised International Myeloma Working Group Uniform Response Criteria… || [8] Overall Response Rate (ORR) According to IMWG-URC	True	YES	8
NCT02941926	ribociclib + letrozole + goserelin/leuprolide	Ribociclib + Letrozole + Goserelin/Leuprolide	2:OG000,3:OG000	ctg_results_bor_2014_2017.txt	2	2,3	2	SECONDARY	3246	BASIS_EXISTS	ENDPOINT_CONSTRUCT	ENDPOINT_CONSTRUCT	title (endpoint construct named)	[2] ORR || [3] CBR	[2] Overall Response Rate (ORR) Based on Investigator's Assessment (Core Phase) || [3] Clinical Benefit Rate (CBR) Based on Investigator's Assessment (Core Phase)	True	NOT_DETERMINED	
NCT02964507	phase ii-gsk525762 +ful	Phase II-GSK525762 +FUL	13:OG000,14:OG000	ctg_placebo_onc_2018_2021.txt	2	13,14	13	SECONDARY	0	BASIS_EXISTS	ENDPOINT_CONSTRUCT	ENDPOINT_CONSTRUCT	title (endpoint construct named)	[13] ORR || [14] DCR	[13] Phase II: Overall Response Rate (ORR) || [14] Phase II: Disease Control Rate (DCR)	False	NOT_DETERMINED	
NCT02964507	phase ii-placebo+ful	Phase II-Placebo+FUL	13:OG001,14:OG001	ctg_placebo_onc_2018_2021.txt	2	13,14	13	SECONDARY	0	BASIS_EXISTS	ENDPOINT_CONSTRUCT	ENDPOINT_CONSTRUCT	title (endpoint construct named)	[13] ORR || [14] DCR	[13] Phase II: Overall Response Rate (ORR) || [14] Phase II: Disease Control Rate (DCR)	False	NOT_DETERMINED	
NCT02975700	plx3397	PLX3397	0:OG000,1:OG000	ctg_results_bor_2014_2017.txt	2	0,1	0	PRIMARY	6	BASIS_EXISTS	ENDPOINT_CONSTRUCT	ENDPOINT_CONSTRUCT|ASSESSMENT_CRITERIA|POPULATION|STRUCTURE	title (endpoint construct named)	[0] BOR || [1] ORR	[0] Summary of Best Overall Response Following Twice Daily Administration of PL3397 at 1000 mg/Day In Participants… || [1] Objective Response Rate (ORR) Following Twice Daily Administration of PL3397 at 1000 mg/Day In Participants Wi…	True	YES	1
NCT02978222	adjuvant (gm-csf) alone	Adjuvant (GM-CSF) Alone	2:OG001,3:OG001	ctg_placebo_onc_2014_2017.txt	2	2,3	2	SECONDARY	4	BASIS_EXISTS	POPULATION	POPULATION	populationDescription	[2] Subject in MITT with measurable disease at baseline. || [3] Subjects in MITT with measurable lesions at baseline.	[2] Best Overall Response Rate || [3] Disease Control Rate	True	NOT_DETERMINED	
NCT02978222	frα peptide plus adjuvant (gm-csf)	FRα Peptide Plus Adjuvant (GM-CSF)	2:OG000,3:OG000	ctg_placebo_onc_2014_2017.txt	2	2,3	2	SECONDARY	6	BASIS_EXISTS	POPULATION	POPULATION	populationDescription	[2] Subject in MITT with measurable disease at baseline. || [3] Subjects in MITT with measurable lesions at baseline.	[2] Best Overall Response Rate || [3] Disease Control Rate	True	NOT_DETERMINED	
NCT02982954	cohort 1	Cohort 1	8:OG000,9:OG000	ctg_results_bor_2014_2017.txt	2	8,9	8	SECONDARY	96	BASIS_EXISTS	PARAM_UNIT	PARAM_UNIT|TIME_FRAME	paramType / unitOfMeasure	[8] NUMBER/Percentage of Participants || [9] MEDIAN/Months	[8] Objective Response Rate (ORR) || [9] Time to Response Rate (TRR)	True	NOT_DETERMINED	
NCT02982954	cohort 2	Cohort 2	8:OG001,9:OG001	ctg_results_bor_2014_2017.txt	2	8,9	8	SECONDARY	46	BASIS_EXISTS	PARAM_UNIT	PARAM_UNIT|TIME_FRAME	paramType / unitOfMeasure	[8] NUMBER/Percentage of Participants || [9] MEDIAN/Months	[8] Objective Response Rate (ORR) || [9] Time to Response Rate (TRR)	True	NOT_DETERMINED	
NCT02982954	cohort 3	Cohort 3	8:OG002,9:OG002	ctg_results_bor_2014_2017.txt	2	8,9	8	SECONDARY	26	BASIS_EXISTS	PARAM_UNIT	PARAM_UNIT|TIME_FRAME	paramType / unitOfMeasure	[8] NUMBER/Percentage of Participants || [9] MEDIAN/Months	[8] Objective Response Rate (ORR) || [9] Time to Response Rate (TRR)	True	NOT_DETERMINED	
NCT02982954	cohort 4	Cohort 4	8:OG003,9:OG003	ctg_results_bor_2014_2017.txt	2	8,9	8	SECONDARY	18	BASIS_EXISTS	PARAM_UNIT	PARAM_UNIT|TIME_FRAME	paramType / unitOfMeasure	[8] NUMBER/Percentage of Participants || [9] MEDIAN/Months	[8] Objective Response Rate (ORR) || [9] Time to Response Rate (TRR)	True	NOT_DETERMINED	
NCT02992743	reduced lymphodepletion dose plus gsk3377794	Reduced Lymphodepletion Dose Plus GSK3377794	0:OG000,1:OG000	ctg_results_bor_2014_2017.txt	2	0,1	0	PRIMARY	10	BASIS_EXISTS	ENDPOINT_CONSTRUCT	ENDPOINT_CONSTRUCT|ASSESSMENT_CRITERIA|PARAM_UNIT|STRUCTURE	title (endpoint construct named)	[0] ORR || [1] BOR	[0] Overall Response Rate (ORR) Per Response Evaluation Criteria in Solid Tumors (RECIST) Version 1.1 by Investiga… || [1] Best Overall Response (BOR) Per Response Evaluation Criteria in Solid Tumors (RECIST) Version 1.1 by Investiga…	True	NOT_DETERMINED	
NCT02992743	standard lymphodepletion dose plus gsk3377794	Standard Lymphodepletion Dose Plus GSK3377794	0:OG001,1:OG001	ctg_results_bor_2014_2017.txt	2	0,1	0	PRIMARY	10	BASIS_EXISTS	ENDPOINT_CONSTRUCT	ENDPOINT_CONSTRUCT|ASSESSMENT_CRITERIA|PARAM_UNIT|STRUCTURE	title (endpoint construct named)	[0] ORR || [1] BOR	[0] Overall Response Rate (ORR) Per Response Evaluation Criteria in Solid Tumors (RECIST) Version 1.1 by Investiga… || [1] Best Overall Response (BOR) Per Response Evaluation Criteria in Solid Tumors (RECIST) Version 1.1 by Investiga…	True	NOT_DETERMINED	
NCT02994953	part a cohort 1: m9241 4 mcg/kg + avelumab 10 mg/kg	Part A Cohort 1: M9241 4 mcg/kg + Avelumab 10 mg/kg	23:OG000,24:OG000	ctg_results_bor_2014_2017.txt	2	23,24	23	SECONDARY	9	BASIS_EXISTS	ASSESSMENT_CRITERIA	ASSESSMENT_CRITERIA|STRUCTURE	title+description (named criteria set/version)	[23] (none named) || [24] irRC	[23] Part A: Number of Participants With Confirmed Best Overall Response (BOR) According to Response Evaluation Cri… || [24] Pat A: Number of Participants With Immune-related Best Overall Response (BOR) Using Immune-related Response Cr…	True	NOT_DETERMINED	
NCT02994953	part a cohort 2: m9241 8 mcg/kg + avelumab 10 mg/kg	Part A Cohort 2: M9241 8 mcg/kg + Avelumab 10 mg/kg	23:OG001,24:OG001	ctg_results_bor_2014_2017.txt	2	23,24	23	SECONDARY	7	BASIS_EXISTS	ASSESSMENT_CRITERIA	ASSESSMENT_CRITERIA|STRUCTURE	title+description (named criteria set/version)	[23] (none named) || [24] irRC	[23] Part A: Number of Participants With Confirmed Best Overall Response (BOR) According to Response Evaluation Cri… || [24] Pat A: Number of Participants With Immune-related Best Overall Response (BOR) Using Immune-related Response Cr…	True	NOT_DETERMINED	
NCT02994953	part a cohort 3: m9241 12 mcg/kg + avelumab 10 mg/kg	Part A Cohort 3: M9241 12 mcg/kg + Avelumab 10 mg/kg	23:OG002,24:OG002	ctg_results_bor_2014_2017.txt	2	23,24	23	SECONDARY	7	BASIS_EXISTS	ASSESSMENT_CRITERIA	ASSESSMENT_CRITERIA|STRUCTURE	title+description (named criteria set/version)	[23] (none named) || [24] irRC	[23] Part A: Number of Participants With Confirmed Best Overall Response (BOR) According to Response Evaluation Cri… || [24] Pat A: Number of Participants With Immune-related Best Overall Response (BOR) Using Immune-related Response Cr…	True	NOT_DETERMINED	
NCT02994953	part a cohort 4: m9241 16.8 mcg/kg +avelumab 10 mg/kg	Part A Cohort 4: M9241 16.8 mcg/kg +Avelumab 10 mg/kg	23:OG003,24:OG003	ctg_results_bor_2014_2017.txt	2	23,24	23	SECONDARY	6	BASIS_EXISTS	ASSESSMENT_CRITERIA	ASSESSMENT_CRITERIA|STRUCTURE	title+description (named criteria set/version)	[23] (none named) || [24] irRC	[23] Part A: Number of Participants With Confirmed Best Overall Response (BOR) According to Response Evaluation Cri… || [24] Pat A: Number of Participants With Immune-related Best Overall Response (BOR) Using Immune-related Response Cr…	True	NOT_DETERMINED	
NCT02994953	part a cohort 5: m9241 16.8 mcg/kg + avelumab 800 mg	Part A Cohort 5: M9241 16.8 mcg/kg + Avelumab 800 mg	23:OG004,24:OG004	ctg_results_bor_2014_2017.txt	2	23,24	23	SECONDARY	7	BASIS_EXISTS	ASSESSMENT_CRITERIA	ASSESSMENT_CRITERIA|STRUCTURE	title+description (named criteria set/version)	[23] (none named) || [24] irRC	[23] Part A: Number of Participants With Confirmed Best Overall Response (BOR) According to Response Evaluation Cri… || [24] Pat A: Number of Participants With Immune-related Best Overall Response (BOR) Using Immune-related Response Cr…	True	NOT_DETERMINED	
NCT03001882	part 1	PART 1	12:OG000,13:OG000	ctg_results_bor_2014_2017.txt	2	12,13	12	POST_HOC	36	BASIS_EXISTS	POPULATION	POPULATION|STRUCTURE	populationDescription	[12] All treated PD-L1 and bTMB evaluable Part 1 and 2 participants (Blood TMB Cut-point = 16 m… || [13] All treated PD-L1 and bTMB evaluable Part 1 and Part 2 participants (Blood TMB Cut-point =…	[12] Extended Collection of Objective Response Rate (ORR) Per Investigator by Blood TMB (bTMB) (TMB Cut-point = 16 … || [13] Extended Collection of Objective Response Rate (ORR) Per Investigator by Blood TMB (bTMB) (Blood TMB Cut-point…	True	NOT_DETERMINED	
NCT03001882	part 1: not evaluable/indeterminate pd-l1 status	PART 1: Not Evaluable/Indeterminate PD-L1 Status	0:OG002,1:OG002,2:OG002	ctg_results_bor_2014_2017.txt	3	0,1,2	0	PRIMARY	0	BASIS_EXISTS	POPULATION	POPULATION	populationDescription	[0] All treated PD-L1 and bTMB evaluable Part 1 and 2 participants (Blood TMB Cut-point = 16 m… || [1] All treated PD-L1 and bTMB evaluable Part 1 and Part 2 participants (Blood TMB Cut-point =… || [2] All treated PD-L1 and bTMB evaluable Part 1 and Part 2 participants (Blood TMB Cut-point =…	[0] Objective Response Rate (ORR) Per Investigator by Blood TMB (bTMB) Within PD-L1 Subgroup (TMB Cut-point = 16 M… || [1] Objective Response Rate (ORR) Per Investigator by Blood TMB (bTMB) Within PD-L1 Subgroup (Blood TMB Cut-point … || [2] Objective Response Rate (ORR) Per Investigator by Tissue TMB Within PD-L1 Subgroup (Tissue TMB Cut-point = 10-…	False	NOT_DETERMINED	
NCT03001882	part 1: pd-l1+ status	PART 1: PD-L1+ Status	1:OG000,2:OG000	ctg_results_bor_2014_2017.txt	2	1,2	1	PRIMARY	19	BASIS_EXISTS	POPULATION	POPULATION|STRUCTURE	populationDescription	[1] All treated PD-L1 and bTMB evaluable Part 1 and Part 2 participants (Blood TMB Cut-point =… || [2] All treated PD-L1 and bTMB evaluable Part 1 and Part 2 participants (Blood TMB Cut-point =…	[1] Objective Response Rate (ORR) Per Investigator by Blood TMB (bTMB) Within PD-L1 Subgroup (Blood TMB Cut-point … || [2] Objective Response Rate (ORR) Per Investigator by Tissue TMB Within PD-L1 Subgroup (Tissue TMB Cut-point = 10-…	True	NOT_DETERMINED	
NCT03001882	part 1: pd-l1- status	PART 1: PD-L1- Status	0:OG001,1:OG001,2:OG001	ctg_results_bor_2014_2017.txt	3	0,1,2	0	PRIMARY	16	BASIS_EXISTS	POPULATION	POPULATION|STRUCTURE	populationDescription	[0] All treated PD-L1 and bTMB evaluable Part 1 and 2 participants (Blood TMB Cut-point = 16 m… || [1] All treated PD-L1 and bTMB evaluable Part 1 and Part 2 participants (Blood TMB Cut-point =… || [2] All treated PD-L1 and bTMB evaluable Part 1 and Part 2 participants (Blood TMB Cut-point =…	[0] Objective Response Rate (ORR) Per Investigator by Blood TMB (bTMB) Within PD-L1 Subgroup (TMB Cut-point = 16 M… || [1] Objective Response Rate (ORR) Per Investigator by Blood TMB (bTMB) Within PD-L1 Subgroup (Blood TMB Cut-point … || [2] Objective Response Rate (ORR) Per Investigator by Tissue TMB Within PD-L1 Subgroup (Tissue TMB Cut-point = 10-…	True	NOT_DETERMINED	
NCT03001882	part 2	PART 2	12:OG002,13:OG002	ctg_results_bor_2014_2017.txt	2	12,13	12	POST_HOC	131	BASIS_EXISTS	POPULATION	POPULATION|STRUCTURE	populationDescription	[12] All treated PD-L1 and bTMB evaluable Part 1 and 2 participants (Blood TMB Cut-point = 16 m… || [13] All treated PD-L1 and bTMB evaluable Part 1 and Part 2 participants (Blood TMB Cut-point =…	[12] Extended Collection of Objective Response Rate (ORR) Per Investigator by Blood TMB (bTMB) (TMB Cut-point = 16 … || [13] Extended Collection of Objective Response Rate (ORR) Per Investigator by Blood TMB (bTMB) (Blood TMB Cut-point…	True	NOT_DETERMINED	
NCT03001882	part 2: pd-l1- status	PART 2: PD-L1- Status	0:OG004,1:OG004	ctg_results_bor_2014_2017.txt	2	0,1	0	PRIMARY	62	BASIS_EXISTS	POPULATION	POPULATION|STRUCTURE	populationDescription	[0] All treated PD-L1 and bTMB evaluable Part 1 and 2 participants (Blood TMB Cut-point = 16 m… || [1] All treated PD-L1 and bTMB evaluable Part 1 and Part 2 participants (Blood TMB Cut-point =…	[0] Objective Response Rate (ORR) Per Investigator by Blood TMB (bTMB) Within PD-L1 Subgroup (TMB Cut-point = 16 M… || [1] Objective Response Rate (ORR) Per Investigator by Blood TMB (bTMB) Within PD-L1 Subgroup (Blood TMB Cut-point …	True	NOT_DETERMINED	
NCT03042611	placebo plus bsc	Placebo Plus BSC	2:OG001,3:OG001	ctg_results_bor_2014_2017.txt	2	2,3	2	SECONDARY	152	BASIS_EXISTS	ENDPOINT_CONSTRUCT	ENDPOINT_CONSTRUCT	title (endpoint construct named)	[2] ORR || [3] DCR	[2] Objective Response Rate (ORR) Per RECIST 1.1 || [3] Disease Control Rate (DCR)	True	NOT_DETERMINED	
NCT03042611	rivoceranib plus best supportive care (bsc)	Rivoceranib Plus Best Supportive Care (BSC)	2:OG000,3:OG000	ctg_results_bor_2014_2017.txt	2	2,3	2	SECONDARY	308	BASIS_EXISTS	ENDPOINT_CONSTRUCT	ENDPOINT_CONSTRUCT	title (endpoint construct named)	[2] ORR || [3] DCR	[2] Objective Response Rate (ORR) Per RECIST 1.1 || [3] Disease Control Rate (DCR)	True	NOT_DETERMINED	
NCT03056755	cohort a: pre-treated with cdk 4/6i + ai	Cohort A: Pre-treated With CDK 4/6i + AI	3:OG000,4:OG000	ctg_results_bor_2014_2017.txt	2	3,4	3	SECONDARY	119	BASIS_EXISTS	ENDPOINT_CONSTRUCT	ENDPOINT_CONSTRUCT	title (endpoint construct named)	[3] ORR || [4] CBR	[3] Core Phase: Overall Response Rate (ORR) || [4] Core Phase: Clinical Benefit Rate (CBR)	True	NOT_DETERMINED	
NCT03056755	cohort b: pre-treated with cdk 4/6i + fulvestrant	Cohort B: Pre-treated With CDK 4/6i + Fulvestrant	3:OG001,4:OG001	ctg_results_bor_2014_2017.txt	2	3,4	3	SECONDARY	114	BASIS_EXISTS	ENDPOINT_CONSTRUCT	ENDPOINT_CONSTRUCT	title (endpoint construct named)	[3] ORR || [4] CBR	[3] Core Phase: Overall Response Rate (ORR) || [4] Core Phase: Clinical Benefit Rate (CBR)	True	NOT_DETERMINED	
NCT03056755	cohort c: pre-treated with systemic chemotherapy or et	Cohort C: Pre-treated With Systemic Chemotherapy or ET	3:OG002,4:OG002	ctg_results_bor_2014_2017.txt	2	3,4	3	SECONDARY	115	BASIS_EXISTS	ENDPOINT_CONSTRUCT	ENDPOINT_CONSTRUCT	title (endpoint construct named)	[3] ORR || [4] CBR	[3] Core Phase: Overall Response Rate (ORR) || [4] Core Phase: Clinical Benefit Rate (CBR)	True	NOT_DETERMINED	
NCT03061812	rovalpituzumab tesirine	Rovalpituzumab Tesirine	3:OG001,4:OG001	ctg_results_bor_2014_2017.txt	2	3,4	3	SECONDARY	287	BASIS_EXISTS	ENDPOINT_CONSTRUCT	ENDPOINT_CONSTRUCT	title (endpoint construct named)	[3] ORR || [4] CBR	[3] Objective Response Rate (ORR) || [4] Clinical Benefit Rate (CBR)	True	NOT_DETERMINED	
NCT03061812	topotecan	Topotecan	3:OG000,4:OG000	ctg_results_bor_2014_2017.txt	2	3,4	3	SECONDARY	129	BASIS_EXISTS	ENDPOINT_CONSTRUCT	ENDPOINT_CONSTRUCT	title (endpoint construct named)	[3] ORR || [4] CBR	[3] Objective Response Rate (ORR) || [4] Clinical Benefit Rate (CBR)	True	NOT_DETERMINED	
NCT03085225	dose escalation (trabectedin dose level 1,0 mg/m2)	Dose Escalation (Trabectedin Dose Level 1,0 mg/m²)	2:OG000,3:OG000	ctg_results_bor_2014_2017.txt	2	2,3	2	SECONDARY	3	BASIS_EXISTS	ENDPOINT_CONSTRUCT	ENDPOINT_CONSTRUCT|TIME_FRAME|STRUCTURE	title (endpoint construct named)	[2] BOR || [3] ORR	[2] Dose Escalation Part: Preliminary Signs of Antitumor Activity, Best Overall Response (BOR) || [3] Dose Escalation Part : Objective Response Rate (ORR)	True	YES	3
NCT03085225	dose escalation (trabectedin dose level 1,2 mg/m2)	Dose Escalation (Trabectedin Dose Level 1,2 mg/m²)	2:OG001,3:OG001	ctg_results_bor_2014_2017.txt	2	2,3	2	SECONDARY	6	BASIS_EXISTS	ENDPOINT_CONSTRUCT	ENDPOINT_CONSTRUCT|TIME_FRAME|STRUCTURE	title (endpoint construct named)	[2] BOR || [3] ORR	[2] Dose Escalation Part: Preliminary Signs of Antitumor Activity, Best Overall Response (BOR) || [3] Dose Escalation Part : Objective Response Rate (ORR)	True	YES	3
NCT03093155	ixabepilone	Ixabepilone	1:OG000,5:OG000	ctg_results_bor_2014_2017.txt	2	1,5	1	SECONDARY	37	BASIS_EXISTS	ENDPOINT_CONSTRUCT	ENDPOINT_CONSTRUCT|TIME_FRAME	title (endpoint construct named)	[1] ORR || [5] DCR	[1] Objective Response Rate (ORR) || [5] Durable Disease Control Rate (DDCR) Differences Between Ixabepilone Alone and Ixabepilone + Bevacizumab	True	NOT_DETERMINED	
NCT03093155	ixabepilone + bevacizumab	Ixabepilone + Bevacizumab	1:OG001,5:OG001	ctg_results_bor_2014_2017.txt	2	1,5	1	SECONDARY	39	BASIS_EXISTS	ENDPOINT_CONSTRUCT	ENDPOINT_CONSTRUCT|TIME_FRAME	title (endpoint construct named)	[1] ORR || [5] DCR	[1] Objective Response Rate (ORR) || [5] Durable Disease Control Rate (DDCR) Differences Between Ixabepilone Alone and Ixabepilone + Bevacizumab	True	NOT_DETERMINED	
NCT03098030	part 2: dinutuximab + irinotecan	Part 2: Dinutuximab + Irinotecan	2:OG000,3:OG000	ctg_results_bor_2014_2017.txt	2	2,3	2	SECONDARY	187	BASIS_EXISTS	ENDPOINT_CONSTRUCT	ENDPOINT_CONSTRUCT	title (endpoint construct named)	[2] ORR || [3] CBR	[2] Objective Response Rate (ORR) || [3] Clinical Benefit Rate (CBR)	True	NOT_DETERMINED	
NCT03098030	part 2: irinotecan	Part 2: Irinotecan	2:OG001,3:OG001	ctg_results_bor_2014_2017.txt	2	2,3	2	SECONDARY	190	BASIS_EXISTS	ENDPOINT_CONSTRUCT	ENDPOINT_CONSTRUCT	title (endpoint construct named)	[2] ORR || [3] CBR	[2] Objective Response Rate (ORR) || [3] Clinical Benefit Rate (CBR)	True	NOT_DETERMINED	
NCT03098030	part 2: topotecan	Part 2: Topotecan	2:OG002,3:OG002	ctg_results_bor_2014_2017.txt	2	2,3	2	SECONDARY	94	BASIS_EXISTS	ENDPOINT_CONSTRUCT	ENDPOINT_CONSTRUCT	title (endpoint construct named)	[2] ORR || [3] CBR	[2] Objective Response Rate (ORR) || [3] Clinical Benefit Rate (CBR)	True	NOT_DETERMINED	
NCT03098550	nivolumab + daratumumab (nsclc)	Nivolumab + Daratumumab (NSCLC)	4:OG001,6:OG001	ctg_results_bor_2014_2017.txt	2	4,6	4	SECONDARY	21	BASIS_EXISTS	ENDPOINT_CONSTRUCT	ENDPOINT_CONSTRUCT|PARAM_UNIT|STRUCTURE	title (endpoint construct named)	[4] ORR || [6] BOR	[4] Objective Response Rate (ORR) || [6] Best Overall Response (BOR)	True	NOT_DETERMINED	
NCT03098550	nivolumab + daratumumab (pac)	Nivolumab + Daratumumab (PAC)	4:OG002,6:OG002	ctg_results_bor_2014_2017.txt	2	4,6	4	SECONDARY	43	BASIS_EXISTS	ENDPOINT_CONSTRUCT	ENDPOINT_CONSTRUCT|PARAM_UNIT|STRUCTURE	title (endpoint construct named)	[4] ORR || [6] BOR	[4] Objective Response Rate (ORR) || [6] Best Overall Response (BOR)	True	NOT_DETERMINED	
NCT03098550	nivolumab + daratumumab (tnbc)	Nivolumab + Daratumumab (TNBC)	4:OG000,6:OG000	ctg_results_bor_2014_2017.txt	2	4,6	4	SECONDARY	41	BASIS_EXISTS	ENDPOINT_CONSTRUCT	ENDPOINT_CONSTRUCT|PARAM_UNIT|STRUCTURE	title (endpoint construct named)	[4] ORR || [6] BOR	[4] Objective Response Rate (ORR) || [6] Best Overall Response (BOR)	True	NOT_DETERMINED	
NCT03099174	cohort d1: xentuzumab 1000 mg & 150 mg abemaciclib & 500 mg fulvestrant	Cohort D1: Xentuzumab 1000 mg & 150 mg Abemaciclib & 500 mg Fulvestrant	6:OG002,7:OG002	ctg_results_bor_2014_2017.txt	2	6,7	6	SECONDARY	20	BASIS_EXISTS	TIME_FRAME	TIME_FRAME	timeFrame	[6] Up to 21.9 months. || [7] Up to 27.2 months.	[6] [Cohorts E, F, D1 and D2] Time to Objective Response || [7] [Cohorts E, F, D1 and D2] Duration of Objective Response	True	NOT_DETERMINED	
NCT03099174	cohort d2: xentuzumab 1000 mg & 150 mg abemaciclib & 500 mg fulvestrant	Cohort D2: Xentuzumab 1000 mg & 150 mg Abemaciclib & 500 mg Fulvestrant	6:OG003,7:OG003	ctg_results_bor_2014_2017.txt	2	6,7	6	SECONDARY	6	BASIS_EXISTS	TIME_FRAME	TIME_FRAME	timeFrame	[6] Up to 21.9 months. || [7] Up to 27.2 months.	[6] [Cohorts E, F, D1 and D2] Time to Objective Response || [7] [Cohorts E, F, D1 and D2] Duration of Objective Response	True	NOT_DETERMINED	
NCT03099174	cohort f: xentuzumab 1000 mg & 150 mg abemaciclib & 500 mg fulvestrant	Cohort F: Xentuzumab 1000 mg & 150 mg Abemaciclib & 500 mg Fulvestrant	6:OG001,7:OG001	ctg_results_bor_2014_2017.txt	2	6,7	6	SECONDARY	1	BASIS_EXISTS	TIME_FRAME	TIME_FRAME	timeFrame	[6] Up to 21.9 months. || [7] Up to 27.2 months.	[6] [Cohorts E, F, D1 and D2] Time to Objective Response || [7] [Cohorts E, F, D1 and D2] Duration of Objective Response	True	NOT_DETERMINED	
NCT03117049	ono-4538 group	ONO-4538 Group	2:OG000,3:OG000,5:OG000	ctg_placebo_onc_2014_2017.txt	3	2,3,5	2	SECONDARY	275	BASIS_EXISTS	ENDPOINT_CONSTRUCT	ENDPOINT_CONSTRUCT|ASSESSMENT_CRITERIA|PARAM_UNIT|POPULATION|STRUCTURE	title (endpoint construct named)	[2] ORR || [3] DCR || [5] BOR	[2] Objective Response Rate (ORR [as Assessed by the IRRC]) || [3] Disease Control Rate (DCR [as Assessed by the IRRC]) || [5] Best Overall Response (BOR [as Assessed by the IRRC])	True	NOT_DETERMINED	
NCT03117049	placebo group	Placebo Group	2:OG001,3:OG001,5:OG001	ctg_placebo_onc_2014_2017.txt	3	2,3,5	2	SECONDARY	275	BASIS_EXISTS	ENDPOINT_CONSTRUCT	ENDPOINT_CONSTRUCT|ASSESSMENT_CRITERIA|PARAM_UNIT|POPULATION|STRUCTURE	title (endpoint construct named)	[2] ORR || [3] DCR || [5] BOR	[2] Objective Response Rate (ORR [as Assessed by the IRRC]) || [3] Disease Control Rate (DCR [as Assessed by the IRRC]) || [5] Best Overall Response (BOR [as Assessed by the IRRC])	True	NOT_DETERMINED	
NCT03125200	part 1: dose 120μg/kg	Part 1: Dose 120μg/kg	9:OG002,10:OG002	ctg_results_bor_2014_2017.txt	2	9,10	9	SECONDARY	2	BASIS_EXISTS	ENDPOINT_CONSTRUCT	ENDPOINT_CONSTRUCT|STRUCTURE	title (endpoint construct named)	[9] ORR || [10] DCR	[9] Overall Response Rate (ORR) || [10] Disease Control Rate (DCR)	True	NOT_DETERMINED	
NCT03125200	part 1: dose 150μg/kg	Part 1: Dose 150μg/kg	9:OG003,10:OG003	ctg_results_bor_2014_2017.txt	2	9,10	9	SECONDARY	5	BASIS_EXISTS	ENDPOINT_CONSTRUCT	ENDPOINT_CONSTRUCT|STRUCTURE	title (endpoint construct named)	[9] ORR || [10] DCR	[9] Overall Response Rate (ORR) || [10] Disease Control Rate (DCR)	True	NOT_DETERMINED	
NCT03125200	part 1: dose 180μg/kg	Part 1: Dose 180μg/kg	9:OG004,10:OG004	ctg_results_bor_2014_2017.txt	2	9,10	9	SECONDARY	4	BASIS_EXISTS	ENDPOINT_CONSTRUCT	ENDPOINT_CONSTRUCT|STRUCTURE	title (endpoint construct named)	[9] ORR || [10] DCR	[9] Overall Response Rate (ORR) || [10] Disease Control Rate (DCR)	True	NOT_DETERMINED	
NCT03125200	part 1: dose 210μg/kg	Part 1: Dose 210μg/kg	9:OG005,10:OG005	ctg_results_bor_2014_2017.txt	2	9,10	9	SECONDARY	3	BASIS_EXISTS	ENDPOINT_CONSTRUCT	ENDPOINT_CONSTRUCT|STRUCTURE	title (endpoint construct named)	[9] ORR || [10] DCR	[9] Overall Response Rate (ORR) || [10] Disease Control Rate (DCR)	True	NOT_DETERMINED	
NCT03125200	part 1: dose 240μg/kg	Part 1: Dose 240μg/kg	9:OG006,10:OG006	ctg_results_bor_2014_2017.txt	2	9,10	9	SECONDARY	3	BASIS_EXISTS	ENDPOINT_CONSTRUCT	ENDPOINT_CONSTRUCT|STRUCTURE	title (endpoint construct named)	[9] ORR || [10] DCR	[9] Overall Response Rate (ORR) || [10] Disease Control Rate (DCR)	True	NOT_DETERMINED	
NCT03125200	part 1: dose 30μg/kg	Part 1: Dose 30μg/kg	9:OG000,10:OG000	ctg_results_bor_2014_2017.txt	2	9,10	9	SECONDARY	2	BASIS_EXISTS	ENDPOINT_CONSTRUCT	ENDPOINT_CONSTRUCT|STRUCTURE	title (endpoint construct named)	[9] ORR || [10] DCR	[9] Overall Response Rate (ORR) || [10] Disease Control Rate (DCR)	True	NOT_DETERMINED	
NCT03125200	part 1: dose 60μg/kg	Part 1: Dose 60μg/kg	9:OG001,10:OG001	ctg_results_bor_2014_2017.txt	2	9,10	9	SECONDARY	2	BASIS_EXISTS	ENDPOINT_CONSTRUCT	ENDPOINT_CONSTRUCT|STRUCTURE	title (endpoint construct named)	[9] ORR || [10] DCR	[9] Overall Response Rate (ORR) || [10] Disease Control Rate (DCR)	True	NOT_DETERMINED	
NCT03126110	phase 1 group a: incagn01876 1.0 mg/kg q2w + nivolumab 240 mg q2w	Phase 1 Group A: INCAGN01876 1.0 mg/kg Q2W + Nivolumab 240 mg Q2W	2:OG000,3:OG000,9:OG000	ctg_results_bor_2014_2017.txt	3	2,3,9	2	SECONDARY	4	BASIS_EXISTS	ENDPOINT_CONSTRUCT	ENDPOINT_CONSTRUCT|ASSESSMENT_CRITERIA|POPULATION	title (endpoint construct named)	[2] ORR || [3] ORR || [9] DCR	[2] Phase 1: ORR Per RECIST v1.1 || [3] Phase 1: ORR Per Modified RECIST (mRECIST) v1.1 || [9] Phase 1: Disease Control Rate (DCR) Per RECIST v1.1	False	NOT_DETERMINED	
NCT03126110	phase 1 group a: incagn01876 10.0 mg/kg q2w + nivolumab 240 mg q2w	Phase 1 Group A: INCAGN01876 10.0 mg/kg Q2W + Nivolumab 240 mg Q2W	2:OG003,3:OG003,9:OG003	ctg_results_bor_2014_2017.txt	3	2,3,9	2	SECONDARY	4	BASIS_EXISTS	ENDPOINT_CONSTRUCT	ENDPOINT_CONSTRUCT|ASSESSMENT_CRITERIA|POPULATION	title (endpoint construct named)	[2] ORR || [3] ORR || [9] DCR	[2] Phase 1: ORR Per RECIST v1.1 || [3] Phase 1: ORR Per Modified RECIST (mRECIST) v1.1 || [9] Phase 1: Disease Control Rate (DCR) Per RECIST v1.1	True	NOT_DETERMINED	
NCT03126110	phase 1 group a: incagn01876 3.0 mg/kg q2w + nivolumab 240 mg q2w	Phase 1 Group A: INCAGN01876 3.0 mg/kg Q2W + Nivolumab 240 mg Q2W	2:OG001,3:OG001,9:OG001	ctg_results_bor_2014_2017.txt	3	2,3,9	2	SECONDARY	4	BASIS_EXISTS	ENDPOINT_CONSTRUCT	ENDPOINT_CONSTRUCT|ASSESSMENT_CRITERIA|POPULATION	title (endpoint construct named)	[2] ORR || [3] ORR || [9] DCR	[2] Phase 1: ORR Per RECIST v1.1 || [3] Phase 1: ORR Per Modified RECIST (mRECIST) v1.1 || [9] Phase 1: Disease Control Rate (DCR) Per RECIST v1.1	True	NOT_DETERMINED	
NCT03126110	phase 1 group a: incagn01876 5.0 mg/kg q2w + nivolumab 240 mg q2w	Phase 1 Group A: INCAGN01876 5.0 mg/kg Q2W + Nivolumab 240 mg Q2W	2:OG002,3:OG002,9:OG002	ctg_results_bor_2014_2017.txt	3	2,3,9	2	SECONDARY	5	BASIS_EXISTS	ENDPOINT_CONSTRUCT	ENDPOINT_CONSTRUCT|ASSESSMENT_CRITERIA|POPULATION	title (endpoint construct named)	[2] ORR || [3] ORR || [9] DCR	[2] Phase 1: ORR Per RECIST v1.1 || [3] Phase 1: ORR Per Modified RECIST (mRECIST) v1.1 || [9] Phase 1: Disease Control Rate (DCR) Per RECIST v1.1	False	NOT_DETERMINED	
NCT03126110	phase 1 group b: incagn01876 1.0 mg/kg q2w, then nivolumab 240 mg q2w	Phase 1 Group B: INCAGN01876 1.0 mg/kg Q2W, Then Nivolumab 240 mg Q2W	2:OG004,3:OG004,9:OG004	ctg_results_bor_2014_2017.txt	3	2,3,9	2	SECONDARY	5	BASIS_EXISTS	ENDPOINT_CONSTRUCT	ENDPOINT_CONSTRUCT|ASSESSMENT_CRITERIA|POPULATION	title (endpoint construct named)	[2] ORR || [3] ORR || [9] DCR	[2] Phase 1: ORR Per RECIST v1.1 || [3] Phase 1: ORR Per Modified RECIST (mRECIST) v1.1 || [9] Phase 1: Disease Control Rate (DCR) Per RECIST v1.1	False	NOT_DETERMINED	
NCT03126110	phase 1 group b: incagn01876 3.0 mg/kg q2w, then nivolumab 240 mg q2w	Phase 1 Group B: INCAGN01876 3.0 mg/kg Q2W, Then Nivolumab 240 mg Q2W	2:OG005,3:OG005,9:OG005	ctg_results_bor_2014_2017.txt	3	2,3,9	2	SECONDARY	4	BASIS_EXISTS	ENDPOINT_CONSTRUCT	ENDPOINT_CONSTRUCT|ASSESSMENT_CRITERIA|POPULATION	title (endpoint construct named)	[2] ORR || [3] ORR || [9] DCR	[2] Phase 1: ORR Per RECIST v1.1 || [3] Phase 1: ORR Per Modified RECIST (mRECIST) v1.1 || [9] Phase 1: Disease Control Rate (DCR) Per RECIST v1.1	True	NOT_DETERMINED	
NCT03126110	phase 1 group b: incagn01876 5.0 mg/kg q2w, then nivolumab 240 mg q2w	Phase 1 Group B: INCAGN01876 5.0 mg/kg Q2W, Then Nivolumab 240 mg Q2W	2:OG006,3:OG006,9:OG006	ctg_results_bor_2014_2017.txt	3	2,3,9	2	SECONDARY	4	BASIS_EXISTS	ENDPOINT_CONSTRUCT	ENDPOINT_CONSTRUCT|ASSESSMENT_CRITERIA|POPULATION	title (endpoint construct named)	[2] ORR || [3] ORR || [9] DCR	[2] Phase 1: ORR Per RECIST v1.1 || [3] Phase 1: ORR Per Modified RECIST (mRECIST) v1.1 || [9] Phase 1: Disease Control Rate (DCR) Per RECIST v1.1	True	NOT_DETERMINED	
NCT03126110	phase 1 group c: incagn01876 1.0 mg/kg q2w + ipilimumab 1 mg/kg q6w	Phase 1 Group C: INCAGN01876 1.0 mg/kg Q2W + Ipilimumab 1 mg/kg Q6W	2:OG007,3:OG007,9:OG007	ctg_results_bor_2014_2017.txt	3	2,3,9	2	SECONDARY	4	BASIS_EXISTS	ENDPOINT_CONSTRUCT	ENDPOINT_CONSTRUCT|ASSESSMENT_CRITERIA|POPULATION	title (endpoint construct named)	[2] ORR || [3] ORR || [9] DCR	[2] Phase 1: ORR Per RECIST v1.1 || [3] Phase 1: ORR Per Modified RECIST (mRECIST) v1.1 || [9] Phase 1: Disease Control Rate (DCR) Per RECIST v1.1	False	NOT_DETERMINED	
NCT03126110	phase 1 group c: incagn01876 3.0 mg/kg q2w + ipilimumab 1 mg/kg q6w	Phase 1 Group C: INCAGN01876 3.0 mg/kg Q2W + Ipilimumab 1 mg/kg Q6W	2:OG008,3:OG008,9:OG008	ctg_results_bor_2014_2017.txt	3	2,3,9	2	SECONDARY	8	BASIS_EXISTS	ENDPOINT_CONSTRUCT	ENDPOINT_CONSTRUCT|ASSESSMENT_CRITERIA|POPULATION	title (endpoint construct named)	[2] ORR || [3] ORR || [9] DCR	[2] Phase 1: ORR Per RECIST v1.1 || [3] Phase 1: ORR Per Modified RECIST (mRECIST) v1.1 || [9] Phase 1: Disease Control Rate (DCR) Per RECIST v1.1	True	NOT_DETERMINED	
NCT03126110	phase 1 group c: incagn01876 5.0 mg/kg q2w + ipilimumab 1 mg/kg q6w	Phase 1 Group C: INCAGN01876 5.0 mg/kg Q2W + Ipilimumab 1 mg/kg Q6W	2:OG009,3:OG009,9:OG009	ctg_results_bor_2014_2017.txt	3	2,3,9	2	SECONDARY	3	BASIS_EXISTS	ENDPOINT_CONSTRUCT	ENDPOINT_CONSTRUCT|ASSESSMENT_CRITERIA|POPULATION	title (endpoint construct named)	[2] ORR || [3] ORR || [9] DCR	[2] Phase 1: ORR Per RECIST v1.1 || [3] Phase 1: ORR Per Modified RECIST (mRECIST) v1.1 || [9] Phase 1: Disease Control Rate (DCR) Per RECIST v1.1	False	NOT_DETERMINED	
NCT03126110	phase 1 group d: incagn01876 + nivolumab + ipilimumab	Phase 1 Group D: INCAGN01876 + Nivolumab + Ipilimumab	2:OG010,3:OG010	ctg_results_bor_2014_2017.txt	2	2,3	2	SECONDARY	6	BASIS_EXISTS	ASSESSMENT_CRITERIA	ASSESSMENT_CRITERIA|POPULATION	title+description (named criteria set/version)	[2] RECIST 1.1 || [3] RECIST 1.1|mRECIST	[2] Phase 1: ORR Per RECIST v1.1 || [3] Phase 1: ORR Per Modified RECIST (mRECIST) v1.1	False	NOT_DETERMINED	
NCT03126591	15 mg/kg olaratumab + 200 mg pembrolizumab - dose escalation	15 mg/kg Olaratumab + 200 mg Pembrolizumab - Dose Escalation	5:OG000,6:OG000	ctg_results_bor_2014_2017.txt	2	5,6	5	SECONDARY	7	BASIS_EXISTS	ENDPOINT_CONSTRUCT	ENDPOINT_CONSTRUCT|TIME_FRAME	title (endpoint construct named)	[5] ORR || [6] DCR	[5] Objective Response Rate (ORR): Percentage of Participants With a Complete Response (CR) or Partial Response (P… || [6] Disease Control Rate (DCR): Percentage of Participants With a Best Response of CR, PR or Stable Disease (SD)	True	NOT_DETERMINED	
NCT03126591	20 mg/kg olaratumab + 200 mg pembrolizumab - dose escalation	20 mg/kg Olaratumab + 200 mg Pembrolizumab - Dose Escalation	5:OG001,6:OG001	ctg_results_bor_2014_2017.txt	2	5,6	5	SECONDARY	6	BASIS_EXISTS	ENDPOINT_CONSTRUCT	ENDPOINT_CONSTRUCT|TIME_FRAME	title (endpoint construct named)	[5] ORR || [6] DCR	[5] Objective Response Rate (ORR): Percentage of Participants With a Complete Response (CR) or Partial Response (P… || [6] Disease Control Rate (DCR): Percentage of Participants With a Best Response of CR, PR or Stable Disease (SD)	True	NOT_DETERMINED	
NCT03126591	20 mg/kg olaratumab + 200 mg pembrolizumab - dose expansion	20 mg/kg Olaratumab + 200 mg Pembrolizumab - Dose Expansion	5:OG002,6:OG002	ctg_results_bor_2014_2017.txt	2	5,6	5	SECONDARY	28	BASIS_EXISTS	ENDPOINT_CONSTRUCT	ENDPOINT_CONSTRUCT|TIME_FRAME	title (endpoint construct named)	[5] ORR || [6] DCR	[5] Objective Response Rate (ORR): Percentage of Participants With a Complete Response (CR) or Partial Response (P… || [6] Disease Control Rate (DCR): Percentage of Participants With a Best Response of CR, PR or Stable Disease (SD)	True	NOT_DETERMINED	
NCT03138499	brentuximab vedotin (bv)	Brentuximab Vedotin (BV)	1:OG001,2:OG001	ctg_results_bor_2014_2017.txt	2	1,2	1	SECONDARY	11	BASIS_EXISTS	RESPONSE_DEPTH	RESPONSE_DEPTH	title/description (response-depth threshold)	[1] CR || [2] FULL	[1] Complete Response Rate (CRR): || [2] Objective Response Rate (ORR)	True	YES	2
NCT03138499	nivolumab + brentuximab vedotin (bv)	Nivolumab + Brentuximab Vedotin (BV)	1:OG000,2:OG000	ctg_results_bor_2014_2017.txt	2	1,2	1	SECONDARY	12	BASIS_EXISTS	RESPONSE_DEPTH	RESPONSE_DEPTH	title/description (response-depth threshold)	[1] CR || [2] FULL	[1] Complete Response Rate (CRR): || [2] Objective Response Rate (ORR)	True	YES	2
NCT03138538	m8891 12 mg	M8891 12 mg	15:OG001,22:OG001	ctg_results_bor_2014_2017.txt	2	15,22	15	SECONDARY	3	BASIS_EXISTS	ENDPOINT_CONSTRUCT	ENDPOINT_CONSTRUCT|ASSESSMENT_CRITERIA|PARAM_UNIT|STRUCTURE	title (endpoint construct named)	[15] BOR || [22] ORR	[15] Number of Participants With Best Overall Response Assessment According to Response Evaluation Criteria In Soli… || [22] Percentage of Participants With Objective Response	True	YES	22
NCT03138538	m8891 20 mg	M8891 20 mg	15:OG002,22:OG002	ctg_results_bor_2014_2017.txt	2	15,22	15	SECONDARY	3	BASIS_EXISTS	ENDPOINT_CONSTRUCT	ENDPOINT_CONSTRUCT|ASSESSMENT_CRITERIA|PARAM_UNIT|STRUCTURE	title (endpoint construct named)	[15] BOR || [22] ORR	[15] Number of Participants With Best Overall Response Assessment According to Response Evaluation Criteria In Soli… || [22] Percentage of Participants With Objective Response	True	YES	22
NCT03138538	m8891 35 mg	M8891 35 mg	15:OG003,22:OG003	ctg_results_bor_2014_2017.txt	2	15,22	15	SECONDARY	8	BASIS_EXISTS	ENDPOINT_CONSTRUCT	ENDPOINT_CONSTRUCT|ASSESSMENT_CRITERIA|PARAM_UNIT|STRUCTURE	title (endpoint construct named)	[15] BOR || [22] ORR	[15] Number of Participants With Best Overall Response Assessment According to Response Evaluation Criteria In Soli… || [22] Percentage of Participants With Objective Response	True	YES	22
NCT03138538	m8891 60 mg	M8891 60 mg	15:OG004,22:OG004	ctg_results_bor_2014_2017.txt	2	15,22	15	SECONDARY	7	BASIS_EXISTS	ENDPOINT_CONSTRUCT	ENDPOINT_CONSTRUCT|ASSESSMENT_CRITERIA|PARAM_UNIT|STRUCTURE	title (endpoint construct named)	[15] BOR || [22] ORR	[15] Number of Participants With Best Overall Response Assessment According to Response Evaluation Criteria In Soli… || [22] Percentage of Participants With Objective Response	True	YES	22
NCT03138538	m8891 7 mg	M8891 7 mg	15:OG000,22:OG000	ctg_results_bor_2014_2017.txt	2	15,22	15	SECONDARY	3	BASIS_EXISTS	ENDPOINT_CONSTRUCT	ENDPOINT_CONSTRUCT|ASSESSMENT_CRITERIA|PARAM_UNIT|STRUCTURE	title (endpoint construct named)	[15] BOR || [22] ORR	[15] Number of Participants With Best Overall Response Assessment According to Response Evaluation Criteria In Soli… || [22] Percentage of Participants With Objective Response	True	YES	22
NCT03138538	m8891 80 mg	M8891 80 mg	15:OG005,22:OG005	ctg_results_bor_2014_2017.txt	2	15,22	15	SECONDARY	3	BASIS_EXISTS	ENDPOINT_CONSTRUCT	ENDPOINT_CONSTRUCT|ASSESSMENT_CRITERIA|PARAM_UNIT|STRUCTURE	title (endpoint construct named)	[15] BOR || [22] ORR	[15] Number of Participants With Best Overall Response Assessment According to Response Evaluation Criteria In Soli… || [22] Percentage of Participants With Objective Response	True	YES	22
NCT03150862	arm c: de - pamiparib + temozolomide 40 mg	Arm C: DE - Pamiparib + Temozolomide 40 mg	9:OG001,11:OG006	ctg_results_bor_2014_2017.txt	2	9,11	9	SECONDARY	7	BASIS_EXISTS	ENDPOINT_CONSTRUCT	ENDPOINT_CONSTRUCT|POPULATION	title (endpoint construct named)	[9] DCR || [11] CBR	[9] Phase 1b Escalation Phase Arm C: Disease Control Rate as Assessed by RANO Criteria || [11] Phase 1b and Phase 2 Arms A, B and C: Clinical Benefit Rate as Assessed Using RANO Criteria	True	NOT_DETERMINED	
NCT03189524	part ii: 160 mg bid	Part II: 160 mg BID	1:OG000,2:OG000,3:OG000	ctg_results_bor_2014_2017.txt	3	1,2,3	1	PRIMARY	23	BASIS_EXISTS	RESPONSE_DEPTH	RESPONSE_DEPTH	title/description (response-depth threshold)	[1] FULL || [2] CR || [3] PR	[1] Part II: Overall Response Rate (ORR) Of Zanubrutinib In Participants With FL And MZL || [2] Part II: Complete Response Rate (CRR) Of Zanubrutinib In Participants With FL And MZL || [3] Part II: Partial Response Rate (PRR) Of Zanubrutinib In Participants With FL And MZL	True	NOT_DETERMINED	
NCT03255083	ds-1205c 1200 mg + osimertinib	DS-1205c 1200 mg + Osimertinib	2:OG003,3:OG003	ctg_results_bor_2018_2021.txt	2	2,3	2	SECONDARY	1	BASIS_EXISTS	ENDPOINT_CONSTRUCT	ENDPOINT_CONSTRUCT|ASSESSMENT_CRITERIA|POPULATION|STRUCTURE	title (endpoint construct named)	[2] BOR || [3] DCR	[2] Number of Participants With Best Overall Response Assessed by Investigator Following Administration of DS-1205… || [3] Disease Control Rate Assessed by Investigator Following Administration of DS-1205c in Combination With Osimert…	True	NOT_DETERMINED	
NCT03255083	ds-1205c 200 mg + osimertinib	DS-1205c 200 mg + Osimertinib	2:OG000,3:OG000	ctg_results_bor_2018_2021.txt	2	2,3	2	SECONDARY	6	BASIS_EXISTS	ENDPOINT_CONSTRUCT	ENDPOINT_CONSTRUCT|ASSESSMENT_CRITERIA|POPULATION|STRUCTURE	title (endpoint construct named)	[2] BOR || [3] DCR	[2] Number of Participants With Best Overall Response Assessed by Investigator Following Administration of DS-1205… || [3] Disease Control Rate Assessed by Investigator Following Administration of DS-1205c in Combination With Osimert…	True	NOT_DETERMINED	
NCT03255083	ds-1205c 400 mg + osimertinib	DS-1205c 400 mg + Osimertinib	2:OG001,3:OG001	ctg_results_bor_2018_2021.txt	2	2,3	2	SECONDARY	3	BASIS_EXISTS	ENDPOINT_CONSTRUCT	ENDPOINT_CONSTRUCT|ASSESSMENT_CRITERIA|POPULATION|STRUCTURE	title (endpoint construct named)	[2] BOR || [3] DCR	[2] Number of Participants With Best Overall Response Assessed by Investigator Following Administration of DS-1205… || [3] Disease Control Rate Assessed by Investigator Following Administration of DS-1205c in Combination With Osimert…	True	NOT_DETERMINED	
NCT03255083	ds-1205c 800 mg + osimertinib	DS-1205c 800 mg + Osimertinib	2:OG002,3:OG002	ctg_results_bor_2018_2021.txt	2	2,3	2	SECONDARY	3	BASIS_EXISTS	ENDPOINT_CONSTRUCT	ENDPOINT_CONSTRUCT|ASSESSMENT_CRITERIA|POPULATION|STRUCTURE	title (endpoint construct named)	[2] BOR || [3] DCR	[2] Number of Participants With Best Overall Response Assessed by Investigator Following Administration of DS-1205… || [3] Disease Control Rate Assessed by Investigator Following Administration of DS-1205c in Combination With Osimert…	True	NOT_DETERMINED	
NCT03256344	talimogene laherparepvec with atezolizumab: colorectal cancer (crc)	Talimogene Laherparepvec With Atezolizumab: Colorectal Cancer (CRC)	1:OG001,2:OG001,6:OG001,7:OG001	ctg_results_bor_2018_2021.txt	4	1,2,6,7	1	SECONDARY	24	BASIS_EXISTS	ENDPOINT_CONSTRUCT	ENDPOINT_CONSTRUCT|ASSESSMENT_CRITERIA|PARAM_UNIT|STRUCTURE	title (endpoint construct named)	[1] ORR || [2] BOR || [6] ORR || [7] DCR	[1] Objective Response Rate (ORR) || [2] Best Overall Response (BOR) || [6] Durable Response Rate (DRR) || [7] Disease Control Rate (DCR)	True	NOT_DETERMINED	
NCT03256344	talimogene laherparepvec with atezolizumab: triple negative breast cancer (tnbc)	Talimogene Laherparepvec With Atezolizumab: Triple Negative Breast Cancer (TNBC)	1:OG000,2:OG000,6:OG000,7:OG000	ctg_results_bor_2018_2021.txt	4	1,2,6,7	1	SECONDARY	10	BASIS_EXISTS	ENDPOINT_CONSTRUCT	ENDPOINT_CONSTRUCT|ASSESSMENT_CRITERIA|PARAM_UNIT|STRUCTURE	title (endpoint construct named)	[1] ORR || [2] BOR || [6] ORR || [7] DCR	[1] Objective Response Rate (ORR) || [2] Best Overall Response (BOR) || [6] Durable Response Rate (DRR) || [7] Disease Control Rate (DCR)	True	NOT_DETERMINED	
NCT03260504	period 1: dose level 1 (pembrolizumab + sq il-2)	Period 1: Dose Level 1 (Pembrolizumab + SQ IL-2)	1:OG000,2:OG000	ctg_results_bor_2018_2021.txt	2	1,2	1	SECONDARY	3	BASIS_EXISTS	ENDPOINT_CONSTRUCT	ENDPOINT_CONSTRUCT	title (endpoint construct named)	[1] ORR || [2] DCR	[1] Number of Participants With Objective Response || [2] Number of Participants With Objective Response or Stable Disease	True	NOT_DETERMINED	
NCT03260504	period 2: dose level 2 (pembrolizumab + low-dose iv bolus il-2)	Period 2: Dose Level 2 (Pembrolizumab + Low-Dose IV Bolus IL-2)	1:OG001,2:OG001	ctg_results_bor_2018_2021.txt	2	1,2	1	SECONDARY	2	BASIS_EXISTS	ENDPOINT_CONSTRUCT	ENDPOINT_CONSTRUCT	title (endpoint construct named)	[1] ORR || [2] DCR	[1] Number of Participants With Objective Response || [2] Number of Participants With Objective Response or Stable Disease	True	NOT_DETERMINED	
NCT03269136	part 1.1: pf-06863135 priming cohort q1w sc	Part 1.1: PF-06863135 Priming Cohort Q1W SC	7:OG013,9:OG013	ctg_results_bor_2014_2017.txt	2	7,9	7	SECONDARY	7	BASIS_EXISTS	RESPONSE_DEPTH	RESPONSE_DEPTH|TIME_FRAME	title/description (response-depth threshold)	[7] FULL || [9] CR	[7] Part 1: ORR as Per IMWG Criteria || [9] Part 1: Complete Response Rate (CRR) as Per IMWG Criteria	True	NOT_DETERMINED	
NCT03269136	part 1.1: pf-06863135 priming cohort q2w sc	Part 1.1: PF-06863135 Priming Cohort Q2W SC	7:OG014,9:OG014	ctg_results_bor_2014_2017.txt	2	7,9	7	SECONDARY	13	BASIS_EXISTS	RESPONSE_DEPTH	RESPONSE_DEPTH|TIME_FRAME	title/description (response-depth threshold)	[7] FULL || [9] CR	[7] Part 1: ORR as Per IMWG Criteria || [9] Part 1: Complete Response Rate (CRR) as Per IMWG Criteria	True	NOT_DETERMINED	
NCT03269136	part 1.1: pf-06863135 total sc	Part 1.1: PF-06863135 Total SC	7:OG019,9:OG019	ctg_results_bor_2014_2017.txt	2	7,9	7	SECONDARY	20	BASIS_EXISTS	RESPONSE_DEPTH	RESPONSE_DEPTH|TIME_FRAME	title/description (response-depth threshold)	[7] FULL || [9] CR	[7] Part 1: ORR as Per IMWG Criteria || [9] Part 1: Complete Response Rate (CRR) as Per IMWG Criteria	True	NOT_DETERMINED	
NCT03269136	part 1: pf-06863135 0.1 mcg/kg iv	Part 1: PF-06863135 0.1 mcg/kg IV	7:OG000,9:OG000	ctg_results_bor_2014_2017.txt	2	7,9	7	SECONDARY	2	BASIS_EXISTS	RESPONSE_DEPTH	RESPONSE_DEPTH|TIME_FRAME	title/description (response-depth threshold)	[7] FULL || [9] CR	[7] Part 1: ORR as Per IMWG Criteria || [9] Part 1: Complete Response Rate (CRR) as Per IMWG Criteria	False	NOT_DETERMINED	
NCT03269136	part 1: pf-06863135 0.3 mcg/kg iv	Part 1: PF-06863135 0.3 mcg/kg IV	7:OG001,9:OG001	ctg_results_bor_2014_2017.txt	2	7,9	7	SECONDARY	3	BASIS_EXISTS	RESPONSE_DEPTH	RESPONSE_DEPTH|TIME_FRAME	title/description (response-depth threshold)	[7] FULL || [9] CR	[7] Part 1: ORR as Per IMWG Criteria || [9] Part 1: Complete Response Rate (CRR) as Per IMWG Criteria	False	NOT_DETERMINED	
NCT03269136	part 1: pf-06863135 1 mcg/kg iv	Part 1: PF-06863135 1 mcg/kg IV	7:OG002,9:OG002	ctg_results_bor_2014_2017.txt	2	7,9	7	SECONDARY	2	BASIS_EXISTS	RESPONSE_DEPTH	RESPONSE_DEPTH|TIME_FRAME	title/description (response-depth threshold)	[7] FULL || [9] CR	[7] Part 1: ORR as Per IMWG Criteria || [9] Part 1: Complete Response Rate (CRR) as Per IMWG Criteria	False	NOT_DETERMINED	
NCT03269136	part 1: pf-06863135 10 mcg/kg iv	Part 1: PF-06863135 10 mcg/kg IV	7:OG004,9:OG004	ctg_results_bor_2014_2017.txt	2	7,9	7	SECONDARY	2	BASIS_EXISTS	RESPONSE_DEPTH	RESPONSE_DEPTH|TIME_FRAME	title/description (response-depth threshold)	[7] FULL || [9] CR	[7] Part 1: ORR as Per IMWG Criteria || [9] Part 1: Complete Response Rate (CRR) as Per IMWG Criteria	False	NOT_DETERMINED	
NCT03269136	part 1: pf-06863135 1000 mcg/kg sc	Part 1: PF-06863135 1000 mcg/kg SC	7:OG012,9:OG012	ctg_results_bor_2014_2017.txt	2	7,9	7	SECONDARY	6	BASIS_EXISTS	RESPONSE_DEPTH	RESPONSE_DEPTH|TIME_FRAME	title/description (response-depth threshold)	[7] FULL || [9] CR	[7] Part 1: ORR as Per IMWG Criteria || [9] Part 1: Complete Response Rate (CRR) as Per IMWG Criteria	True	NOT_DETERMINED	
NCT03269136	part 1: pf-06863135 130 mcg/kg sc	Part 1: PF-06863135 130 mcg/kg SC	7:OG008,9:OG008	ctg_results_bor_2014_2017.txt	2	7,9	7	SECONDARY	4	BASIS_EXISTS	RESPONSE_DEPTH	RESPONSE_DEPTH|TIME_FRAME	title/description (response-depth threshold)	[7] FULL || [9] CR	[7] Part 1: ORR as Per IMWG Criteria || [9] Part 1: Complete Response Rate (CRR) as Per IMWG Criteria	False	NOT_DETERMINED	
NCT03269136	part 1: pf-06863135 215 mcg/kg sc	Part 1: PF-06863135 215 mcg/kg SC	7:OG009,9:OG009	ctg_results_bor_2014_2017.txt	2	7,9	7	SECONDARY	4	BASIS_EXISTS	RESPONSE_DEPTH	RESPONSE_DEPTH|TIME_FRAME	title/description (response-depth threshold)	[7] FULL || [9] CR	[7] Part 1: ORR as Per IMWG Criteria || [9] Part 1: Complete Response Rate (CRR) as Per IMWG Criteria	False	NOT_DETERMINED	
NCT03269136	part 1: pf-06863135 3 mcg/kg iv	Part 1: PF-06863135 3 mcg/kg IV	7:OG003,9:OG003	ctg_results_bor_2014_2017.txt	2	7,9	7	SECONDARY	3	BASIS_EXISTS	RESPONSE_DEPTH	RESPONSE_DEPTH|TIME_FRAME	title/description (response-depth threshold)	[7] FULL || [9] CR	[7] Part 1: ORR as Per IMWG Criteria || [9] Part 1: Complete Response Rate (CRR) as Per IMWG Criteria	False	NOT_DETERMINED	
NCT03269136	part 1: pf-06863135 30 mcg/kg iv	Part 1: PF-06863135 30 mcg/kg IV	7:OG005,9:OG005	ctg_results_bor_2014_2017.txt	2	7,9	7	SECONDARY	5	BASIS_EXISTS	RESPONSE_DEPTH	RESPONSE_DEPTH|TIME_FRAME	title/description (response-depth threshold)	[7] FULL || [9] CR	[7] Part 1: ORR as Per IMWG Criteria || [9] Part 1: Complete Response Rate (CRR) as Per IMWG Criteria	False	NOT_DETERMINED	
NCT03269136	part 1: pf-06863135 360 mcg/kg sc	Part 1: PF-06863135 360 mcg/kg SC	7:OG010,9:OG010	ctg_results_bor_2014_2017.txt	2	7,9	7	SECONDARY	4	BASIS_EXISTS	RESPONSE_DEPTH	RESPONSE_DEPTH|TIME_FRAME	title/description (response-depth threshold)	[7] FULL || [9] CR	[7] Part 1: ORR as Per IMWG Criteria || [9] Part 1: Complete Response Rate (CRR) as Per IMWG Criteria	True	NOT_DETERMINED	
NCT03269136	part 1: pf-06863135 50 mcg/kg iv	Part 1: PF-06863135 50 mcg/kg IV	7:OG006,9:OG006	ctg_results_bor_2014_2017.txt	2	7,9	7	SECONDARY	6	BASIS_EXISTS	RESPONSE_DEPTH	RESPONSE_DEPTH|TIME_FRAME	title/description (response-depth threshold)	[7] FULL || [9] CR	[7] Part 1: ORR as Per IMWG Criteria || [9] Part 1: Complete Response Rate (CRR) as Per IMWG Criteria	False	NOT_DETERMINED	
NCT03269136	part 1: pf-06863135 600 mcg/kg sc	Part 1: PF-06863135 600 mcg/kg SC	7:OG011,9:OG011	ctg_results_bor_2014_2017.txt	2	7,9	7	SECONDARY	6	BASIS_EXISTS	RESPONSE_DEPTH	RESPONSE_DEPTH|TIME_FRAME	title/description (response-depth threshold)	[7] FULL || [9] CR	[7] Part 1: ORR as Per IMWG Criteria || [9] Part 1: Complete Response Rate (CRR) as Per IMWG Criteria	True	NOT_DETERMINED	
NCT03269136	part 1: pf-06863135 80 mcg/kg sc	Part 1: PF-06863135 80 mcg/kg SC	7:OG007,9:OG007	ctg_results_bor_2014_2017.txt	2	7,9	7	SECONDARY	6	BASIS_EXISTS	RESPONSE_DEPTH	RESPONSE_DEPTH|TIME_FRAME	title/description (response-depth threshold)	[7] FULL || [9] CR	[7] Part 1: ORR as Per IMWG Criteria || [9] Part 1: Complete Response Rate (CRR) as Per IMWG Criteria	False	NOT_DETERMINED	
NCT03269136	part 1: pf-06863135 total iv	Part 1: PF-06863135 Total IV	7:OG017,9:OG017	ctg_results_bor_2014_2017.txt	2	7,9	7	SECONDARY	23	BASIS_EXISTS	RESPONSE_DEPTH	RESPONSE_DEPTH|TIME_FRAME	title/description (response-depth threshold)	[7] FULL || [9] CR	[7] Part 1: ORR as Per IMWG Criteria || [9] Part 1: Complete Response Rate (CRR) as Per IMWG Criteria	False	NOT_DETERMINED	
NCT03269136	part 1: pf-06863135 total sc	Part 1: PF-06863135 Total SC	7:OG018,9:OG018	ctg_results_bor_2014_2017.txt	2	7,9	7	SECONDARY	30	BASIS_EXISTS	RESPONSE_DEPTH	RESPONSE_DEPTH|TIME_FRAME	title/description (response-depth threshold)	[7] FULL || [9] CR	[7] Part 1: ORR as Per IMWG Criteria || [9] Part 1: Complete Response Rate (CRR) as Per IMWG Criteria	True	NOT_DETERMINED	
NCT03269136	part 1c: pf-06863135 + lenalidomide sc	Part 1C: PF-06863135 + Lenalidomide SC	7:OG015,9:OG015	ctg_results_bor_2014_2017.txt	2	7,9	7	SECONDARY	4	BASIS_EXISTS	RESPONSE_DEPTH	RESPONSE_DEPTH|TIME_FRAME	title/description (response-depth threshold)	[7] FULL || [9] CR	[7] Part 1: ORR as Per IMWG Criteria || [9] Part 1: Complete Response Rate (CRR) as Per IMWG Criteria	True	NOT_DETERMINED	
NCT03269136	part 1d: pf-06863135 + pomalidomide sc	Part 1D: PF-06863135 + Pomalidomide SC	7:OG016,9:OG016	ctg_results_bor_2014_2017.txt	2	7,9	7	SECONDARY	9	BASIS_EXISTS	RESPONSE_DEPTH	RESPONSE_DEPTH|TIME_FRAME	title/description (response-depth threshold)	[7] FULL || [9] CR	[7] Part 1: ORR as Per IMWG Criteria || [9] Part 1: Complete Response Rate (CRR) as Per IMWG Criteria	True	NOT_DETERMINED	
NCT03279237	folfirinox + pre-operative radiation	FOLFIRINOX + Pre-operative Radiation	2:OG000,3:OG000	ctg_results_bor_2014_2017.txt	2	2,3	2	SECONDARY	25	BASIS_EXISTS	RESPONSE_DEPTH	RESPONSE_DEPTH|TIME_FRAME	title/description (response-depth threshold)	[2] FULL || [3] CR	[2] Clinical Response Rate || [3] Pathologic Complete Response Rate	True	NOT_DETERMINED	
NCT03284957	part a and b: amcenestrant (dose >20 mg)	Part A and B: Amcenestrant (Dose >20 mg)	10:OG000,12:OG000	ctg_results_bor_2014_2017.txt	2	10,12	10	SECONDARY	59	BASIS_EXISTS	ENDPOINT_CONSTRUCT	ENDPOINT_CONSTRUCT|POPULATION	title (endpoint construct named)	[10] ORR || [12] CBR	[10] Parts A, B, C, D: Objective Response Rate as Determined by Investigators/Local Radiologists According to Estro… || [12] Parts A, B, C, D: Clinical Benefit Rate as Determined by Investigators/Local Radiologists According to Estroge…	True	NOT_DETERMINED	
NCT03284957	part a: amcenestrant 150 mg	Part A: Amcenestrant 150 mg	4:OG001,5:OG001	ctg_results_bor_2014_2017.txt	2	4,5	4	SECONDARY	3	BASIS_EXISTS	ENDPOINT_CONSTRUCT	ENDPOINT_CONSTRUCT	title (endpoint construct named)	[4] ORR || [5] CBR	[4] Parts A, B, C, D, F, H, I, J: Objective Response Rate as Determined by Investigators/Local Radiologists || [5] Parts A, B, C, D, F, H, I, J: Clinical Benefit Rate (CBR) as Determined by Investigators/Local Radiologists	True	NOT_DETERMINED	
NCT03284957	part a: amcenestrant 20 mg	Part A: Amcenestrant 20 mg	4:OG000,5:OG000	ctg_results_bor_2014_2017.txt	2	4,5	4	SECONDARY	3	BASIS_EXISTS	ENDPOINT_CONSTRUCT	ENDPOINT_CONSTRUCT	title (endpoint construct named)	[4] ORR || [5] CBR	[4] Parts A, B, C, D, F, H, I, J: Objective Response Rate as Determined by Investigators/Local Radiologists || [5] Parts A, B, C, D, F, H, I, J: Clinical Benefit Rate (CBR) as Determined by Investigators/Local Radiologists	False	NOT_DETERMINED	
NCT03284957	part a: amcenestrant 200 mg	Part A: Amcenestrant 200 mg	4:OG002,5:OG002	ctg_results_bor_2014_2017.txt	2	4,5	4	SECONDARY	4	BASIS_EXISTS	ENDPOINT_CONSTRUCT	ENDPOINT_CONSTRUCT	title (endpoint construct named)	[4] ORR || [5] CBR	[4] Parts A, B, C, D, F, H, I, J: Objective Response Rate as Determined by Investigators/Local Radiologists || [5] Parts A, B, C, D, F, H, I, J: Clinical Benefit Rate (CBR) as Determined by Investigators/Local Radiologists	True	NOT_DETERMINED	
NCT03284957	part a: amcenestrant 300 mg bid	Part A: Amcenestrant 300 mg BID	4:OG005,5:OG005	ctg_results_bor_2014_2017.txt	2	4,5	4	SECONDARY	4	BASIS_EXISTS	ENDPOINT_CONSTRUCT	ENDPOINT_CONSTRUCT	title (endpoint construct named)	[4] ORR || [5] CBR	[4] Parts A, B, C, D, F, H, I, J: Objective Response Rate as Determined by Investigators/Local Radiologists || [5] Parts A, B, C, D, F, H, I, J: Clinical Benefit Rate (CBR) as Determined by Investigators/Local Radiologists	True	NOT_DETERMINED	
NCT03284957	part a: amcenestrant 400 mg	Part A: Amcenestrant 400 mg	4:OG003,5:OG003	ctg_results_bor_2014_2017.txt	2	4,5	4	SECONDARY	3	BASIS_EXISTS	ENDPOINT_CONSTRUCT	ENDPOINT_CONSTRUCT	title (endpoint construct named)	[4] ORR || [5] CBR	[4] Parts A, B, C, D, F, H, I, J: Objective Response Rate as Determined by Investigators/Local Radiologists || [5] Parts A, B, C, D, F, H, I, J: Clinical Benefit Rate (CBR) as Determined by Investigators/Local Radiologists	True	NOT_DETERMINED	
NCT03284957	part a: amcenestrant 600 mg	Part A: Amcenestrant 600 mg	4:OG004,5:OG004	ctg_results_bor_2014_2017.txt	2	4,5	4	SECONDARY	3	BASIS_EXISTS	ENDPOINT_CONSTRUCT	ENDPOINT_CONSTRUCT	title (endpoint construct named)	[4] ORR || [5] CBR	[4] Parts A, B, C, D, F, H, I, J: Objective Response Rate as Determined by Investigators/Local Radiologists || [5] Parts A, B, C, D, F, H, I, J: Clinical Benefit Rate (CBR) as Determined by Investigators/Local Radiologists	True	NOT_DETERMINED	
NCT03284957	part c: amcenestrant 200 mg + palbociclib 125 mg	Part C: Amcenestrant 200 mg + Palbociclib 125 mg	4:OG007,5:OG007	ctg_results_bor_2014_2017.txt	2	4,5	4	SECONDARY	9	BASIS_EXISTS	ENDPOINT_CONSTRUCT	ENDPOINT_CONSTRUCT	title (endpoint construct named)	[4] ORR || [5] CBR	[4] Parts A, B, C, D, F, H, I, J: Objective Response Rate as Determined by Investigators/Local Radiologists || [5] Parts A, B, C, D, F, H, I, J: Clinical Benefit Rate (CBR) as Determined by Investigators/Local Radiologists	True	NOT_DETERMINED	
NCT03284957	part c: amcenestrant 400 mg + palbociclib 125 mg	Part C: Amcenestrant 400 mg + Palbociclib 125 mg	4:OG008,5:OG008	ctg_results_bor_2014_2017.txt	2	4,5	4	SECONDARY	6	BASIS_EXISTS	ENDPOINT_CONSTRUCT	ENDPOINT_CONSTRUCT	title (endpoint construct named)	[4] ORR || [5] CBR	[4] Parts A, B, C, D, F, H, I, J: Objective Response Rate as Determined by Investigators/Local Radiologists || [5] Parts A, B, C, D, F, H, I, J: Clinical Benefit Rate (CBR) as Determined by Investigators/Local Radiologists	True	NOT_DETERMINED	
NCT03284957	part d: amcenestrant 200 mg + palbociclib 125 mg	Part D: Amcenestrant 200 mg + Palbociclib 125 mg	4:OG009,5:OG009	ctg_results_bor_2014_2017.txt	2	4,5	4	SECONDARY	29	BASIS_EXISTS	ENDPOINT_CONSTRUCT	ENDPOINT_CONSTRUCT	title (endpoint construct named)	[4] ORR || [5] CBR	[4] Parts A, B, C, D, F, H, I, J: Objective Response Rate as Determined by Investigators/Local Radiologists || [5] Parts A, B, C, D, F, H, I, J: Clinical Benefit Rate (CBR) as Determined by Investigators/Local Radiologists	True	NOT_DETERMINED	
NCT03284957	part f: amcenestrant 200 mg + alpelisib 300 mg	Part F: Amcenestrant 200 mg + Alpelisib 300 mg	4:OG010,5:OG010	ctg_results_bor_2014_2017.txt	2	4,5	4	SECONDARY	7	BASIS_EXISTS	ENDPOINT_CONSTRUCT	ENDPOINT_CONSTRUCT	title (endpoint construct named)	[4] ORR || [5] CBR	[4] Parts A, B, C, D, F, H, I, J: Objective Response Rate as Determined by Investigators/Local Radiologists || [5] Parts A, B, C, D, F, H, I, J: Clinical Benefit Rate (CBR) as Determined by Investigators/Local Radiologists	True	NOT_DETERMINED	
NCT03284957	part h: amcenestrant 200 mg + everolimus 10 mg	Part H: Amcenestrant 200 mg + Everolimus 10 mg	4:OG012,5:OG012	ctg_results_bor_2014_2017.txt	2	4,5	4	SECONDARY	3	BASIS_EXISTS	ENDPOINT_CONSTRUCT	ENDPOINT_CONSTRUCT	title (endpoint construct named)	[4] ORR || [5] CBR	[4] Parts A, B, C, D, F, H, I, J: Objective Response Rate as Determined by Investigators/Local Radiologists || [5] Parts A, B, C, D, F, H, I, J: Clinical Benefit Rate (CBR) as Determined by Investigators/Local Radiologists	True	NOT_DETERMINED	
NCT03284957	part h: amcenestrant 200 mg + everolimus 5 mg	Part H: Amcenestrant 200 mg + Everolimus 5 mg	4:OG011,5:OG011	ctg_results_bor_2014_2017.txt	2	4,5	4	SECONDARY	2	BASIS_EXISTS	ENDPOINT_CONSTRUCT	ENDPOINT_CONSTRUCT	title (endpoint construct named)	[4] ORR || [5] CBR	[4] Parts A, B, C, D, F, H, I, J: Objective Response Rate as Determined by Investigators/Local Radiologists || [5] Parts A, B, C, D, F, H, I, J: Clinical Benefit Rate (CBR) as Determined by Investigators/Local Radiologists	True	NOT_DETERMINED	
NCT03284957	part i: amcenestrant 200 mg + everolimus 10 mg	Part I: Amcenestrant 200 mg + Everolimus 10 mg	4:OG013,5:OG013	ctg_results_bor_2014_2017.txt	2	4,5	4	SECONDARY	1	BASIS_EXISTS	ENDPOINT_CONSTRUCT	ENDPOINT_CONSTRUCT	title (endpoint construct named)	[4] ORR || [5] CBR	[4] Parts A, B, C, D, F, H, I, J: Objective Response Rate as Determined by Investigators/Local Radiologists || [5] Parts A, B, C, D, F, H, I, J: Clinical Benefit Rate (CBR) as Determined by Investigators/Local Radiologists	False	NOT_DETERMINED	
NCT03284957	part j: amcenestrant 200 mg + abemaciclib 100 mg bid	Part J: Amcenestrant 200 mg + Abemaciclib 100 mg BID	4:OG014,5:OG014	ctg_results_bor_2014_2017.txt	2	4,5	4	SECONDARY	3	BASIS_EXISTS	ENDPOINT_CONSTRUCT	ENDPOINT_CONSTRUCT	title (endpoint construct named)	[4] ORR || [5] CBR	[4] Parts A, B, C, D, F, H, I, J: Objective Response Rate as Determined by Investigators/Local Radiologists || [5] Parts A, B, C, D, F, H, I, J: Clinical Benefit Rate (CBR) as Determined by Investigators/Local Radiologists	True	NOT_DETERMINED	
NCT03284957	part j: amcenestrant 200 mg + abemaciclib 150 mg bid	Part J: Amcenestrant 200 mg + Abemaciclib 150 mg BID	4:OG015,5:OG015	ctg_results_bor_2014_2017.txt	2	4,5	4	SECONDARY	2	BASIS_EXISTS	ENDPOINT_CONSTRUCT	ENDPOINT_CONSTRUCT	title (endpoint construct named)	[4] ORR || [5] CBR	[4] Parts A, B, C, D, F, H, I, J: Objective Response Rate as Determined by Investigators/Local Radiologists || [5] Parts A, B, C, D, F, H, I, J: Clinical Benefit Rate (CBR) as Determined by Investigators/Local Radiologists	False	NOT_DETERMINED	
NCT03284957	parts c and d: amcenestrant 200 mg + palbociclib 125 mg	Parts C and D: Amcenestrant 200 mg + Palbociclib 125 mg	10:OG001,12:OG001	ctg_results_bor_2014_2017.txt	2	10,12	10	SECONDARY	38	BASIS_EXISTS	ENDPOINT_CONSTRUCT	ENDPOINT_CONSTRUCT|POPULATION	title (endpoint construct named)	[10] ORR || [12] CBR	[10] Parts A, B, C, D: Objective Response Rate as Determined by Investigators/Local Radiologists According to Estro… || [12] Parts A, B, C, D: Clinical Benefit Rate as Determined by Investigators/Local Radiologists According to Estroge…	True	NOT_DETERMINED	
NCT03312738	everolimus + exemestane	Everolimus + Exemestane	4:OG000,6:OG000	ctg_results_bor_2014_2017.txt	2	4,6	4	SECONDARY	80	BASIS_EXISTS	ENDPOINT_CONSTRUCT	ENDPOINT_CONSTRUCT|ASSESSMENT_CRITERIA	title (endpoint construct named)	[4] ORR || [6] CBR	[4] Overall Response Rate (ORR) Based on BIRC Assessment || [6] Clinical Benefit Rate (CBR) Based on BIRC Assessment	True	NOT_DETERMINED	
NCT03312738	placebo + exemestane	Placebo + Exemestane	4:OG001,6:OG001	ctg_results_bor_2014_2017.txt	2	4,6	4	SECONDARY	79	BASIS_EXISTS	ENDPOINT_CONSTRUCT	ENDPOINT_CONSTRUCT|ASSESSMENT_CRITERIA	title (endpoint construct named)	[4] ORR || [6] CBR	[4] Overall Response Rate (ORR) Based on BIRC Assessment || [6] Clinical Benefit Rate (CBR) Based on BIRC Assessment	True	NOT_DETERMINED	
NCT03329690	ds-8201a	DS-8201a	0:OG000,1:OG000	ctg_results_bor_2014_2017.txt	2	0,1	0	PRIMARY	126	BASIS_EXISTS	ENDPOINT_CONSTRUCT	ENDPOINT_CONSTRUCT|POPULATION|TIME_FRAME|STRUCTURE	title (endpoint construct named)	[0] ORR || [1] BOR	[0] Percentage of Participants With Objective Response Rate Based on Independent Central Review Following Treatmen… || [1] Percentage of Participants With Best Overall Response Based on Independent Central Review Following Treatment …	True	NOT_DETERMINED	
NCT03329690	physician's choice irinotecan	Physician's Choice Irinotecan	0:OG001,1:OG001	ctg_results_bor_2014_2017.txt	2	0,1	0	PRIMARY	55	BASIS_EXISTS	ENDPOINT_CONSTRUCT	ENDPOINT_CONSTRUCT|POPULATION|TIME_FRAME|STRUCTURE	title (endpoint construct named)	[0] ORR || [1] BOR	[0] Percentage of Participants With Objective Response Rate Based on Independent Central Review Following Treatmen… || [1] Percentage of Participants With Best Overall Response Based on Independent Central Review Following Treatment …	True	NOT_DETERMINED	
NCT03329690	physician's choice overall	Physician's Choice Overall	0:OG003,1:OG003	ctg_results_bor_2014_2017.txt	2	0,1	0	PRIMARY	62	BASIS_EXISTS	ENDPOINT_CONSTRUCT	ENDPOINT_CONSTRUCT|POPULATION|TIME_FRAME|STRUCTURE	title (endpoint construct named)	[0] ORR || [1] BOR	[0] Percentage of Participants With Objective Response Rate Based on Independent Central Review Following Treatmen… || [1] Percentage of Participants With Best Overall Response Based on Independent Central Review Following Treatment …	True	NOT_DETERMINED	
NCT03329690	physician's choice paclitaxel	Physician's Choice Paclitaxel	0:OG002,1:OG002	ctg_results_bor_2014_2017.txt	2	0,1	0	PRIMARY	7	BASIS_EXISTS	ENDPOINT_CONSTRUCT	ENDPOINT_CONSTRUCT|POPULATION|TIME_FRAME|STRUCTURE	title (endpoint construct named)	[0] ORR || [1] BOR	[0] Percentage of Participants With Objective Response Rate Based on Independent Central Review Following Treatmen… || [1] Percentage of Participants With Best Overall Response Based on Independent Central Review Following Treatment …	True	NOT_DETERMINED	
NCT03368196	ds-8201a	DS-8201a	5:OG000,6:OG000,7:OG000	ctg_results_bor_2018_2021.txt	3	5,6,7	5	SECONDARY	11	BASIS_EXISTS	ENDPOINT_CONSTRUCT	ENDPOINT_CONSTRUCT|POPULATION|STRUCTURE	title (endpoint construct named)	[5] BOR || [6] ORR || [7] DCR	[5] Best Overall Response By The Investigator's Assessment (Unconfirmed) in Participants With HER2-Positive Advanc… || [6] Objective Response Rate (Unconfirmed) As Assessed in Participants With HER2-Positive Advanced and/or Refractor… || [7] Disease Control Rate (Unconfirmed) As Assessed in Participants With HER2-Positive Advanced and/or Refractory G…	True	YES	6
NCT03376659	phase i - safety- all groups	Phase I - Safety- All Groups	3:OG000,6:OG000	ctg_results_bor_2018_2021.txt	2	3,6	3	SECONDARY	8	BASIS_EXISTS	ENDPOINT_CONSTRUCT	ENDPOINT_CONSTRUCT|TIME_FRAME	title (endpoint construct named)	[3] ORR || [6] DCR	[3] Objective Response Rate (ORR) || [6] Disease Control Rate (DCR)	True	NOT_DETERMINED	
NCT03384940	ds-8201a cohort a	DS-8201a Cohort A	0:OG000,1:OG000	ctg_results_bor_2018_2021.txt	2	0,1	0	PRIMARY	53	BASIS_EXISTS	STRUCTURE	STRUCTURE	classes[].title / categories[].title	[0] Confirmed CR|Confirmed Non-evaluable|Confirmed PD|Confirmed … ~  || [1] Confirmed CR+PR|Confirmed CR+PR (12 months)|Confirmed CR+PR … ~ 	[0] Number of Participants With Best Objective Response Based on Independent Central Review (Confirmed and Unconfi… || [1] Number of Participants With Objective Response Rate Based on Independent Central Review (Confirmed and Unconfi…	True	NOT_DETERMINED	
NCT03384940	ds-8201a cohort b	DS-8201a Cohort B	0:OG001,1:OG001	ctg_results_bor_2018_2021.txt	2	0,1	0	PRIMARY	15	BASIS_EXISTS	STRUCTURE	STRUCTURE	classes[].title / categories[].title	[0] Confirmed CR|Confirmed Non-evaluable|Confirmed PD|Confirmed … ~  || [1] Confirmed CR+PR|Confirmed CR+PR (12 months)|Confirmed CR+PR … ~ 	[0] Number of Participants With Best Objective Response Based on Independent Central Review (Confirmed and Unconfi… || [1] Number of Participants With Objective Response Rate Based on Independent Central Review (Confirmed and Unconfi…	True	NOT_DETERMINED	
NCT03384940	ds-8201a cohort c	DS-8201a Cohort C	0:OG002,1:OG002	ctg_results_bor_2018_2021.txt	2	0,1	0	PRIMARY	18	BASIS_EXISTS	STRUCTURE	STRUCTURE	classes[].title / categories[].title	[0] Confirmed CR|Confirmed Non-evaluable|Confirmed PD|Confirmed … ~  || [1] Confirmed CR+PR|Confirmed CR+PR (12 months)|Confirmed CR+PR … ~ 	[0] Number of Participants With Best Objective Response Based on Independent Central Review (Confirmed and Unconfi… || [1] Number of Participants With Objective Response Rate Based on Independent Central Review (Confirmed and Unconfi…	True	NOT_DETERMINED	
NCT03391232	multiple dose of polypepi1018 crc vaccine	Multiple Dose of PolyPEPI1018 CRC Vaccine	3:OG001,4:OG001	ctg_results_bor_2018_2021.txt	2	3,4	3	OTHER_PRE_SPECIFIED	6	BASIS_EXISTS	ENDPOINT_CONSTRUCT	ENDPOINT_CONSTRUCT	title (endpoint construct named)	[3] ORR || [4] DCR	[3] Number of Participants With Objective Tumor Responses - Objective Response Rate (RECIST v1.1) || [4] Number of Participants With Objective Tumor Responses - Disease Control Rate (Best Overall Response is Partial…	True	NOT_DETERMINED	
NCT03391232	single dose of polypepi1018 crc vaccine	Single Dose of PolyPEPI1018 CRC Vaccine	3:OG000,4:OG000	ctg_results_bor_2018_2021.txt	2	3,4	3	OTHER_PRE_SPECIFIED	5	BASIS_EXISTS	ENDPOINT_CONSTRUCT	ENDPOINT_CONSTRUCT	title (endpoint construct named)	[3] ORR || [4] DCR	[3] Number of Participants With Objective Tumor Responses - Objective Response Rate (RECIST v1.1) || [4] Number of Participants With Objective Tumor Responses - Disease Control Rate (Best Overall Response is Partial…	True	NOT_DETERMINED	
NCT03400176	all patients expansion	All Patients Expansion	7:OG003,8:OG003	ctg_results_bor_2018_2021.txt	2	7,8	7	SECONDARY	24	BASIS_EXISTS	PARAM_UNIT	PARAM_UNIT|STRUCTURE	paramType / unitOfMeasure	[7] GEOMETRIC_MEAN/percentage of participants || [8] NUMBER/percentage of participants	[7] Posterior Mean of CR or CRi Response Rate at C9 for Expansion Arm A and Arm B (Bayesian Analysis) || [8] Posterior Probability That the True CR or CRi Response Rate at C9 for Expansion Arm A and Arm B Falls in Pre-d…	True	NOT_DETERMINED	
NCT03400176	vay736 3mg/kg q2w arm a + ibrutinib 420mg	VAY736 3mg/kg Q2W Arm A + Ibrutinib 420mg	7:OG000,8:OG000	ctg_results_bor_2018_2021.txt	2	7,8	7	SECONDARY	19	BASIS_EXISTS	PARAM_UNIT	PARAM_UNIT|STRUCTURE	paramType / unitOfMeasure	[7] GEOMETRIC_MEAN/percentage of participants || [8] NUMBER/percentage of participants	[7] Posterior Mean of CR or CRi Response Rate at C9 for Expansion Arm A and Arm B (Bayesian Analysis) || [8] Posterior Probability That the True CR or CRi Response Rate at C9 for Expansion Arm A and Arm B Falls in Pre-d…	True	NOT_DETERMINED	
NCT03400176	vay736 3mg/kg q2w arm b + ibrutinib 280mg	VAY736 3mg/kg Q2W Arm B + Ibrutinib 280mg	7:OG001,8:OG001	ctg_results_bor_2018_2021.txt	2	7,8	7	SECONDARY	1	BASIS_EXISTS	PARAM_UNIT	PARAM_UNIT|STRUCTURE	paramType / unitOfMeasure	[7] GEOMETRIC_MEAN/percentage of participants || [8] NUMBER/percentage of participants	[7] Posterior Mean of CR or CRi Response Rate at C9 for Expansion Arm A and Arm B (Bayesian Analysis) || [8] Posterior Probability That the True CR or CRi Response Rate at C9 for Expansion Arm A and Arm B Falls in Pre-d…	True	NOT_DETERMINED	
NCT03400176	vay736 3mg/kg q2w arm b + ibrutinib 420mg	VAY736 3mg/kg Q2W Arm B + Ibrutinib 420mg	7:OG002,8:OG002	ctg_results_bor_2018_2021.txt	2	7,8	7	SECONDARY	4	BASIS_EXISTS	PARAM_UNIT	PARAM_UNIT|STRUCTURE	paramType / unitOfMeasure	[7] GEOMETRIC_MEAN/percentage of participants || [8] NUMBER/percentage of participants	[7] Posterior Mean of CR or CRi Response Rate at C9 for Expansion Arm A and Arm B (Bayesian Analysis) || [8] Posterior Probability That the True CR or CRi Response Rate at C9 for Expansion Arm A and Arm B Falls in Pre-d…	True	NOT_DETERMINED	
NCT03406871	final analysis	Final Analysis	1:OG000,4:OG000	ctg_results_bor_2018_2021.txt	2	1,4	1	SECONDARY	50	BASIS_EXISTS	ENDPOINT_CONSTRUCT	ENDPOINT_CONSTRUCT	title (endpoint construct named)	[1] ORR || [4] DCR	[1] Objective Response Rate (ORR) || [4] Disease Control Rate(DCR)	True	NOT_DETERMINED	
NCT03410030	ascorbic acid 25 g/m2	Ascorbic Acid 25 g/m2	14:OG000,15:OG000	ctg_results_bor_2014_2017.txt	2	14,15	14	PRIMARY	6	BASIS_EXISTS	ENDPOINT_CONSTRUCT	ENDPOINT_CONSTRUCT|PARAM_UNIT|TIME_FRAME|STRUCTURE	title (endpoint construct named)	[14] DCR || [15] BOR	[14] Disease Control Rate (CR+PR+SD at 18 Weeks) || [15] Best Overall Response	True	NOT_DETERMINED	
NCT03410030	ascorbic acid 37.50 gm/m2	Ascorbic Acid 37.50 gm/m2	14:OG001,15:OG001	ctg_results_bor_2014_2017.txt	2	14,15	14	PRIMARY	4	BASIS_EXISTS	ENDPOINT_CONSTRUCT	ENDPOINT_CONSTRUCT|PARAM_UNIT|TIME_FRAME|STRUCTURE	title (endpoint construct named)	[14] DCR || [15] BOR	[14] Disease Control Rate (CR+PR+SD at 18 Weeks) || [15] Best Overall Response	True	NOT_DETERMINED	
NCT03410030	ascorbic acid 56.25 gm/m2	Ascorbic Acid 56.25 gm/m2	14:OG002,15:OG002	ctg_results_bor_2014_2017.txt	2	14,15	14	PRIMARY	7	BASIS_EXISTS	ENDPOINT_CONSTRUCT	ENDPOINT_CONSTRUCT|PARAM_UNIT|TIME_FRAME|STRUCTURE	title (endpoint construct named)	[14] DCR || [15] BOR	[14] Disease Control Rate (CR+PR+SD at 18 Weeks) || [15] Best Overall Response	True	NOT_DETERMINED	
NCT03410108	brigatinib 90 mg/180 mg	Brigatinib 90 mg/180 mg	2:OG000,7:OG000	ctg_results_bor_2018_2021.txt	2	2,7	2	SECONDARY	104	BASIS_EXISTS	ENDPOINT_CONSTRUCT	ENDPOINT_CONSTRUCT|POPULATION|TIME_FRAME|STRUCTURE	title (endpoint construct named)	[2] ORR || [7] DCR	[2] Confirmed ORR as Assessed by an IRC in All Refractory Participants and TKI-Naïve Expansion Cohort || [7] Disease Control Rate (DCR) as Assessed by an IRC in the Main Cohort of the Refractory Expansion Part, All Refr…	True	NOT_DETERMINED	
NCT03436056	dose escalation cohort - dose level 1	Dose Escalation Cohort - DOSE LEVEL 1	3:OG000,4:OG000	ctg_results_bor_2018_2021.txt	2	3,4	3	SECONDARY	2	BASIS_EXISTS	ENDPOINT_CONSTRUCT	ENDPOINT_CONSTRUCT	title (endpoint construct named)	[3] ORR || [4] DCR	[3] Overall Response Rate || [4] Disease Control Rate	True	NOT_DETERMINED	
NCT03436056	dose escalation cohort - dose level 2	Dose Escalation Cohort - DOSE LEVEL 2	3:OG001,4:OG001,5:OG001	ctg_results_bor_2018_2021.txt	3	3,4,5	3	SECONDARY	0	BASIS_EXISTS	ENDPOINT_CONSTRUCT	ENDPOINT_CONSTRUCT|ASSESSMENT_CRITERIA|PARAM_UNIT|POPULATION|TIME_FRAME	title (endpoint construct named)	[3] ORR || [4] DCR || [5] ORR	[3] Overall Response Rate || [4] Disease Control Rate || [5] Overall Response Rate (irRECIST)	False	NOT_DETERMINED	
NCT03436056	part b - expansion cohort	Part B - Expansion Cohort	3:OG002,4:OG002,5:OG002	ctg_results_bor_2018_2021.txt	3	3,4,5	3	SECONDARY	0	BASIS_EXISTS	ENDPOINT_CONSTRUCT	ENDPOINT_CONSTRUCT|ASSESSMENT_CRITERIA|PARAM_UNIT|POPULATION|TIME_FRAME	title (endpoint construct named)	[3] ORR || [4] DCR || [5] ORR	[3] Overall Response Rate || [4] Disease Control Rate || [5] Overall Response Rate (irRECIST)	False	NOT_DETERMINED	
NCT03439046	alpelisib+fulvestrant (extension phase)	Alpelisib+Fulvestrant (Extension Phase)	15:OG001,16:OG001	ctg_results_bor_2018_2021.txt	2	15,16	15	SECONDARY	17	BASIS_EXISTS	ENDPOINT_CONSTRUCT	ENDPOINT_CONSTRUCT	title (endpoint construct named)	[15] ORR || [16] CBR	[15] Percentage of Participants With Best Overall Response Rate of Complete Response (CR) or Partial Response (PR) || [16] Percentage of Participants With Clinical Benefit Rate	True	NOT_DETERMINED	
NCT03439046	ribociclib+letrozole (core phase)	Ribociclib+Letrozole (Core Phase)	15:OG000,16:OG000	ctg_results_bor_2018_2021.txt	2	15,16	15	SECONDARY	236	BASIS_EXISTS	ENDPOINT_CONSTRUCT	ENDPOINT_CONSTRUCT	title (endpoint construct named)	[15] ORR || [16] CBR	[15] Percentage of Participants With Best Overall Response Rate of Complete Response (CR) or Partial Response (PR) || [16] Percentage of Participants With Clinical Benefit Rate	True	NOT_DETERMINED	
NCT03447314	part 1a: 100ng gsk1795091 + 24mg gsk3174998	Part 1a: 100ng GSK1795091 + 24mg GSK3174998	19:OG001,21:OG001	ctg_results_bor_2018_2021.txt	2	19,21	19	SECONDARY	6	BASIS_EXISTS	ENDPOINT_CONSTRUCT	ENDPOINT_CONSTRUCT|ASSESSMENT_CRITERIA	title (endpoint construct named)	[19] ORR || [21] DCR	[19] Part 1: Objective Response Rate || [21] Part 1: Disease Control Rate	True	NOT_DETERMINED	
NCT03447314	part 1a: 150ng gsk1795091 + 24mg gsk3174998	Part 1a: 150ng GSK1795091 + 24mg GSK3174998	19:OG002,21:OG002	ctg_results_bor_2018_2021.txt	2	19,21	19	SECONDARY	9	BASIS_EXISTS	ENDPOINT_CONSTRUCT	ENDPOINT_CONSTRUCT|ASSESSMENT_CRITERIA	title (endpoint construct named)	[19] ORR || [21] DCR	[19] Part 1: Objective Response Rate || [21] Part 1: Disease Control Rate	True	NOT_DETERMINED	
NCT03447314	part 1a: 200ng gsk1795091 + 24mg gsk3174998	Part 1a: 200ng GSK1795091 + 24mg GSK3174998	19:OG003,21:OG003	ctg_results_bor_2018_2021.txt	2	19,21	19	SECONDARY	4	BASIS_EXISTS	ENDPOINT_CONSTRUCT	ENDPOINT_CONSTRUCT|ASSESSMENT_CRITERIA	title (endpoint construct named)	[19] ORR || [21] DCR	[19] Part 1: Objective Response Rate || [21] Part 1: Disease Control Rate	True	NOT_DETERMINED	
NCT03447314	part 1a: 250ng gsk1795091 + 24mg gsk3174998	Part 1a: 250ng GSK1795091 + 24mg GSK3174998	19:OG004,21:OG004	ctg_results_bor_2018_2021.txt	2	19,21	19	SECONDARY	2	BASIS_EXISTS	ENDPOINT_CONSTRUCT	ENDPOINT_CONSTRUCT|ASSESSMENT_CRITERIA	title (endpoint construct named)	[19] ORR || [21] DCR	[19] Part 1: Objective Response Rate || [21] Part 1: Disease Control Rate	False	NOT_DETERMINED	
NCT03447314	part 1a: 50ng gsk1795091 + 24mg gsk3174998	Part 1a: 50ng GSK1795091 + 24mg GSK3174998	19:OG000,21:OG000	ctg_results_bor_2018_2021.txt	2	19,21	19	SECONDARY	9	BASIS_EXISTS	ENDPOINT_CONSTRUCT	ENDPOINT_CONSTRUCT|ASSESSMENT_CRITERIA	title (endpoint construct named)	[19] ORR || [21] DCR	[19] Part 1: Objective Response Rate || [21] Part 1: Disease Control Rate	True	NOT_DETERMINED	
NCT03447314	part 1b: 100ng gsk1795091 + 80mg gsk3359609	Part 1b: 100ng GSK1795091 + 80mg GSK3359609	19:OG006,21:OG006	ctg_results_bor_2018_2021.txt	2	19,21	19	SECONDARY	5	BASIS_EXISTS	ENDPOINT_CONSTRUCT	ENDPOINT_CONSTRUCT|ASSESSMENT_CRITERIA	title (endpoint construct named)	[19] ORR || [21] DCR	[19] Part 1: Objective Response Rate || [21] Part 1: Disease Control Rate	True	NOT_DETERMINED	
NCT03447314	part 1b: 150ng gsk1795091 + 80mg gsk3359609	Part 1b: 150ng GSK1795091 + 80mg GSK3359609	19:OG007,21:OG007	ctg_results_bor_2018_2021.txt	2	19,21	19	SECONDARY	0	BASIS_EXISTS	ENDPOINT_CONSTRUCT	ENDPOINT_CONSTRUCT|ASSESSMENT_CRITERIA	title (endpoint construct named)	[19] ORR || [21] DCR	[19] Part 1: Objective Response Rate || [21] Part 1: Disease Control Rate	False	NOT_DETERMINED	
NCT03447314	part 1b: 200ng gsk1795091 + 80mg gsk3359609	Part 1b: 200ng GSK1795091 + 80mg GSK3359609	19:OG008,21:OG008	ctg_results_bor_2018_2021.txt	2	19,21	19	SECONDARY	0	BASIS_EXISTS	ENDPOINT_CONSTRUCT	ENDPOINT_CONSTRUCT|ASSESSMENT_CRITERIA	title (endpoint construct named)	[19] ORR || [21] DCR	[19] Part 1: Objective Response Rate || [21] Part 1: Disease Control Rate	False	NOT_DETERMINED	
NCT03447314	part 1b: 250ng gsk1795091 + 80mg gsk3359609	Part 1b: 250ng GSK1795091 + 80mg GSK3359609	19:OG009,21:OG009	ctg_results_bor_2018_2021.txt	2	19,21	19	SECONDARY	0	BASIS_EXISTS	ENDPOINT_CONSTRUCT	ENDPOINT_CONSTRUCT|ASSESSMENT_CRITERIA	title (endpoint construct named)	[19] ORR || [21] DCR	[19] Part 1: Objective Response Rate || [21] Part 1: Disease Control Rate	False	NOT_DETERMINED	
NCT03447314	part 1b: 50ng gsk1795091 + 80mg gsk3359609	Part 1b: 50ng GSK1795091 + 80mg GSK3359609	19:OG005,21:OG005	ctg_results_bor_2018_2021.txt	2	19,21	19	SECONDARY	6	BASIS_EXISTS	ENDPOINT_CONSTRUCT	ENDPOINT_CONSTRUCT|ASSESSMENT_CRITERIA	title (endpoint construct named)	[19] ORR || [21] DCR	[19] Part 1: Objective Response Rate || [21] Part 1: Disease Control Rate	True	NOT_DETERMINED	
NCT03447314	part 1c: 100ng gsk1795091 + 200mg pembrolizumab	Part 1c: 100ng GSK1795091 + 200mg Pembrolizumab	19:OG011,21:OG011	ctg_results_bor_2018_2021.txt	2	19,21	19	SECONDARY	6	BASIS_EXISTS	ENDPOINT_CONSTRUCT	ENDPOINT_CONSTRUCT|ASSESSMENT_CRITERIA	title (endpoint construct named)	[19] ORR || [21] DCR	[19] Part 1: Objective Response Rate || [21] Part 1: Disease Control Rate	False	NOT_DETERMINED	
NCT03447314	part 1c: 150ng gsk1795091 + 200mg pembrolizumab	Part 1c: 150ng GSK1795091 + 200mg Pembrolizumab	19:OG012,21:OG012	ctg_results_bor_2018_2021.txt	2	19,21	19	SECONDARY	0	BASIS_EXISTS	ENDPOINT_CONSTRUCT	ENDPOINT_CONSTRUCT|ASSESSMENT_CRITERIA	title (endpoint construct named)	[19] ORR || [21] DCR	[19] Part 1: Objective Response Rate || [21] Part 1: Disease Control Rate	False	NOT_DETERMINED	
NCT03447314	part 1c: 200ng gsk1795091 + 200mg pembrolizumab	Part 1c: 200ng GSK1795091 + 200mg Pembrolizumab	19:OG013,21:OG013	ctg_results_bor_2018_2021.txt	2	19,21	19	SECONDARY	0	BASIS_EXISTS	ENDPOINT_CONSTRUCT	ENDPOINT_CONSTRUCT|ASSESSMENT_CRITERIA	title (endpoint construct named)	[19] ORR || [21] DCR	[19] Part 1: Objective Response Rate || [21] Part 1: Disease Control Rate	False	NOT_DETERMINED	
NCT03447314	part 1c: 250ng gsk1795091 + 200mg pembrolizumab	Part 1c: 250ng GSK1795091 + 200mg Pembrolizumab	19:OG014,21:OG014	ctg_results_bor_2018_2021.txt	2	19,21	19	SECONDARY	0	BASIS_EXISTS	ENDPOINT_CONSTRUCT	ENDPOINT_CONSTRUCT|ASSESSMENT_CRITERIA	title (endpoint construct named)	[19] ORR || [21] DCR	[19] Part 1: Objective Response Rate || [21] Part 1: Disease Control Rate	False	NOT_DETERMINED	
NCT03447314	part 1c: 50ng gsk1795091 + 200mg pembrolizumab	Part 1c: 50ng GSK1795091 + 200mg Pembrolizumab	19:OG010,21:OG010	ctg_results_bor_2018_2021.txt	2	19,21	19	SECONDARY	7	BASIS_EXISTS	ENDPOINT_CONSTRUCT	ENDPOINT_CONSTRUCT|ASSESSMENT_CRITERIA	title (endpoint construct named)	[19] ORR || [21] DCR	[19] Part 1: Objective Response Rate || [21] Part 1: Disease Control Rate	True	NOT_DETERMINED	
NCT03447314	part 2a: gsk1795091 + 24 mg gsk3174998	Part 2a: GSK1795091 + 24 mg GSK3174998	20:OG000,22:OG000	ctg_results_bor_2018_2021.txt	2	20,22	20	SECONDARY	0	BASIS_EXISTS	ENDPOINT_CONSTRUCT	ENDPOINT_CONSTRUCT	title (endpoint construct named)	[20] ORR || [22] DCR	[20] Part 2: Objective Response Rate || [22] Part 2: Disease Control Rate	False	NOT_DETERMINED	
NCT03447314	part 2b: gsk1795091 + 80 mg gsk3359609	Part 2b: GSK1795091 + 80 mg GSK3359609	20:OG001,22:OG001	ctg_results_bor_2018_2021.txt	2	20,22	20	SECONDARY	0	BASIS_EXISTS	ENDPOINT_CONSTRUCT	ENDPOINT_CONSTRUCT	title (endpoint construct named)	[20] ORR || [22] DCR	[20] Part 2: Objective Response Rate || [22] Part 2: Disease Control Rate	False	NOT_DETERMINED	
NCT03447314	part 2c: gsk1795091 + 200 mg pembrolizumab	Part 2c: GSK1795091 + 200 mg Pembrolizumab	20:OG002,22:OG002	ctg_results_bor_2018_2021.txt	2	20,22	20	SECONDARY	0	BASIS_EXISTS	ENDPOINT_CONSTRUCT	ENDPOINT_CONSTRUCT	title (endpoint construct named)	[20] ORR || [22] DCR	[20] Part 2: Objective Response Rate || [22] Part 2: Disease Control Rate	False	NOT_DETERMINED	
NCT03450057	single arm trial receiving daratumumab with dexamethasone (darad)	Single Arm Trial Receiving Daratumumab With Dexamethasone (DaraD)	1:OG000,2:OG000	ctg_results_bor_2018_2021.txt	2	1,2	1	SECONDARY	38	BASIS_EXISTS	TIME_FRAME	TIME_FRAME	timeFrame	[1] From first dose of Daratumumab until end of treatment, PD or death (approximately up to 30… || [2] From first dose of Daratumumab until end of treatment, PD or death (approximately up to 30…	[1] Overall Response Rate (ORR) || [2] Renal Response Rate (RRR)	True	NOT_DETERMINED	
NCT03459222	1b-esc-160/480/1	1B-esc-160/480/1	3:OG001,4:OG001	ctg_results_bor_2018_2021.txt	2	3,4	3	PRIMARY	6	BASIS_EXISTS	ENDPOINT_CONSTRUCT	ENDPOINT_CONSTRUCT	title (endpoint construct named)	[3] ORR || [4] DCR	[3] Objective Response Rate (ORR) || [4] Disease Control Rate (DCR)	True	NOT_DETERMINED	
NCT03459222	2a-mel 1l-160/480/100	2A-MEL 1L-160/480/100	3:OG003,4:OG003	ctg_results_bor_2018_2021.txt	2	3,4	3	PRIMARY	54	BASIS_EXISTS	ENDPOINT_CONSTRUCT	ENDPOINT_CONSTRUCT	title (endpoint construct named)	[3] ORR || [4] DCR	[3] Objective Response Rate (ORR) || [4] Disease Control Rate (DCR)	True	NOT_DETERMINED	
NCT03459222	2a-scchn io naive-160/480/100	2A-SCCHN IO Naive-160/480/100	3:OG002,4:OG002	ctg_results_bor_2018_2021.txt	2	3,4	3	PRIMARY	45	BASIS_EXISTS	ENDPOINT_CONSTRUCT	ENDPOINT_CONSTRUCT	title (endpoint construct named)	[3] ORR || [4] DCR	[3] Objective Response Rate (ORR) || [4] Disease Control Rate (DCR)	True	NOT_DETERMINED	
NCT03459222	2b-mel 1l-160/480/1	2B-MEL 1L-160/480/1	3:OG005,4:OG005	ctg_results_bor_2018_2021.txt	2	3,4	3	PRIMARY	46	BASIS_EXISTS	ENDPOINT_CONSTRUCT	ENDPOINT_CONSTRUCT	title (endpoint construct named)	[3] ORR || [4] DCR	[3] Objective Response Rate (ORR) || [4] Disease Control Rate (DCR)	True	NOT_DETERMINED	
NCT03459222	2b-nsclc 1l-160/480/1	2B-NSCLC 1L-160/480/1	3:OG004,4:OG004	ctg_results_bor_2018_2021.txt	2	3,4	3	PRIMARY	65	BASIS_EXISTS	ENDPOINT_CONSTRUCT	ENDPOINT_CONSTRUCT	title (endpoint construct named)	[3] ORR || [4] DCR	[3] Objective Response Rate (ORR) || [4] Disease Control Rate (DCR)	True	NOT_DETERMINED	
NCT03459222	all 1a-escalation participants	All 1A-escalation Participants	3:OG000,4:OG000	ctg_results_bor_2018_2021.txt	2	3,4	3	PRIMARY	13	BASIS_EXISTS	ENDPOINT_CONSTRUCT	ENDPOINT_CONSTRUCT	title (endpoint construct named)	[3] ORR || [4] DCR	[3] Objective Response Rate (ORR) || [4] Disease Control Rate (DCR)	True	NOT_DETERMINED	
NCT03474497	pembrolizumab/il-2/radiotherapy	Pembrolizumab/IL-2/Radiotherapy	0:OG000,1:OG000,2:OG000	ctg_results_bor_2018_2021.txt	3	0,1,2	0	PRIMARY	14	BASIS_EXISTS	ENDPOINT_CONSTRUCT	ENDPOINT_CONSTRUCT|ASSESSMENT_CRITERIA|TIME_FRAME	title (endpoint construct named)	[0] ORR || [1] ORR || [2] DCR	[0] Abscopal Response Rate (ARR) || [1] Overall Response Rate (ORR) || [2] Disease Control Rate (DCR)	True	NOT_DETERMINED	
NCT03489343	sym023 0.03 mg/kg	Sym023 0.03 mg/kg	2:OG000,3:OG000	ctg_results_bor_2018_2021.txt	2	2,3	2	SECONDARY	1	BASIS_EXISTS	ASSESSMENT_CRITERIA	ASSESSMENT_CRITERIA|POPULATION|STRUCTURE	title+description (named criteria set/version)	[2] RECIST 1.1 || [3] iRECIST	[2] Evaluation of Objective Response (OR) or Stable Disease (SD) by RECIST v1.1 || [3] Evaluation of Objective Response (OR) or Stable Disease (SD) by iRECIST	True	NOT_DETERMINED	
NCT03489343	sym023 0.1 mg/kg	Sym023 0.1 mg/kg	2:OG001,3:OG001	ctg_results_bor_2018_2021.txt	2	2,3	2	SECONDARY	1	BASIS_EXISTS	ASSESSMENT_CRITERIA	ASSESSMENT_CRITERIA|POPULATION|STRUCTURE	title+description (named criteria set/version)	[2] RECIST 1.1 || [3] iRECIST	[2] Evaluation of Objective Response (OR) or Stable Disease (SD) by RECIST v1.1 || [3] Evaluation of Objective Response (OR) or Stable Disease (SD) by iRECIST	True	NOT_DETERMINED	
NCT03489343	sym023 0.3 mg/kg	Sym023 0.3 mg/kg	2:OG002,3:OG002	ctg_results_bor_2018_2021.txt	2	2,3	2	SECONDARY	3	BASIS_EXISTS	ASSESSMENT_CRITERIA	ASSESSMENT_CRITERIA|POPULATION|STRUCTURE	title+description (named criteria set/version)	[2] RECIST 1.1 || [3] iRECIST	[2] Evaluation of Objective Response (OR) or Stable Disease (SD) by RECIST v1.1 || [3] Evaluation of Objective Response (OR) or Stable Disease (SD) by iRECIST	True	NOT_DETERMINED	
NCT03489343	sym023 1.0 mg/kg	Sym023 1.0 mg/kg	2:OG003,3:OG003	ctg_results_bor_2018_2021.txt	2	2,3	2	SECONDARY	3	BASIS_EXISTS	ASSESSMENT_CRITERIA	ASSESSMENT_CRITERIA|POPULATION|STRUCTURE	title+description (named criteria set/version)	[2] RECIST 1.1 || [3] iRECIST	[2] Evaluation of Objective Response (OR) or Stable Disease (SD) by RECIST v1.1 || [3] Evaluation of Objective Response (OR) or Stable Disease (SD) by iRECIST	True	NOT_DETERMINED	
NCT03489343	sym023 10.0 mg/kg	Sym023 10.0 mg/kg	2:OG005,3:OG005	ctg_results_bor_2018_2021.txt	2	2,3	2	SECONDARY	6	BASIS_EXISTS	ASSESSMENT_CRITERIA	ASSESSMENT_CRITERIA|POPULATION|STRUCTURE	title+description (named criteria set/version)	[2] RECIST 1.1 || [3] iRECIST	[2] Evaluation of Objective Response (OR) or Stable Disease (SD) by RECIST v1.1 || [3] Evaluation of Objective Response (OR) or Stable Disease (SD) by iRECIST	True	NOT_DETERMINED	
NCT03489343	sym023 20.0 mg/kg	Sym023 20.0 mg/kg	2:OG006,3:OG006	ctg_results_bor_2018_2021.txt	2	2,3	2	SECONDARY	6	BASIS_EXISTS	ASSESSMENT_CRITERIA	ASSESSMENT_CRITERIA|POPULATION|STRUCTURE	title+description (named criteria set/version)	[2] RECIST 1.1 || [3] iRECIST	[2] Evaluation of Objective Response (OR) or Stable Disease (SD) by RECIST v1.1 || [3] Evaluation of Objective Response (OR) or Stable Disease (SD) by iRECIST	True	NOT_DETERMINED	
NCT03489343	sym023 3.0 mg/kg	Sym023 3.0 mg/kg	2:OG004,3:OG004	ctg_results_bor_2018_2021.txt	2	2,3	2	SECONDARY	3	BASIS_EXISTS	ASSESSMENT_CRITERIA	ASSESSMENT_CRITERIA|POPULATION|STRUCTURE	title+description (named criteria set/version)	[2] RECIST 1.1 || [3] iRECIST	[2] Evaluation of Objective Response (OR) or Stable Disease (SD) by RECIST v1.1 || [3] Evaluation of Objective Response (OR) or Stable Disease (SD) by iRECIST	True	NOT_DETERMINED	
NCT03511664	main study: 177lu-psma-617 plus best supportive/best standard of care (bs/bsoc)	Main Study: 177Lu-PSMA-617 Plus Best Supportive/Best Standard of Care (BS/BSOC)	3:OG000,4:OG000	ctg_results_bor_2018_2021.txt	2	3,4	3	SECONDARY	319	BASIS_EXISTS	ENDPOINT_CONSTRUCT	ENDPOINT_CONSTRUCT	title (endpoint construct named)	[3] ORR || [4] DCR	[3] Overall Response Rate (ORR) || [4] Disease Control Rate (DCR)	True	NOT_DETERMINED	
NCT03511664	main study: best supportive/best standard of care (bs/bsoc) alone	Main Study: Best Supportive/Best Standard of Care (BS/BSOC) Alone	3:OG001,4:OG001	ctg_results_bor_2018_2021.txt	2	3,4	3	SECONDARY	120	BASIS_EXISTS	ENDPOINT_CONSTRUCT	ENDPOINT_CONSTRUCT	title (endpoint construct named)	[3] ORR || [4] DCR	[3] Overall Response Rate (ORR) || [4] Disease Control Rate (DCR)	True	NOT_DETERMINED	
NCT03512353	carfilzomib plus dexamethasone	Carfilzomib Plus Dexamethasone	16:OG000,17:OG000	ctg_results_bor_2018_2021.txt	2	16,17	16	SECONDARY	6	BASIS_EXISTS	TIME_FRAME	TIME_FRAME	timeFrame	[16] Disease assessments were performed every 28 days up to 12 months from enrollment. || [17] Disease assessments were performed every 28 days up to 6 cycles of treatment (each cycle w…	[16] Overall Response Rate (ORR) || [17] Overall Response Rate (ORR) After 6 Cycles	False	NOT_DETERMINED	
NCT03519971	durvalumab + soc crt	Durvalumab + SoC CRT	1:OG000,4:OG000	ctg_placebo_onc_2018_2021.txt	2	1,4	1	SECONDARY	219	BASIS_EXISTS	RESPONSE_DEPTH	RESPONSE_DEPTH	title/description (response-depth threshold)	[1] FULL || [4] CR	[1] Objective Response Rate (ORR) || [4] Complete Response Rate (CRR)	True	NOT_DETERMINED	
NCT03519971	placebo + soc crt	Placebo + SoC CRT	1:OG001,4:OG001	ctg_placebo_onc_2018_2021.txt	2	1,4	1	SECONDARY	109	BASIS_EXISTS	RESPONSE_DEPTH	RESPONSE_DEPTH	title/description (response-depth threshold)	[1] FULL || [4] CR	[1] Objective Response Rate (ORR) || [4] Complete Response Rate (CRR)	True	NOT_DETERMINED	
NCT03522246	arm b: rucaparib + placebo	Arm B: Rucaparib + Placebo	10:OG000,11:OG001	ctg_placebo_onc_2018_2021.txt	2	10,11	10	SECONDARY	41	BASIS_EXISTS	POPULATION	POPULATION|TIME_FRAME	populationDescription	[10] The ITT population included all randomized participants. Presented here are data from the … || [11] The ITT population included all randomized participants. Presented here are data from comb…	[10] Monotherapy Arm B and Arm D: ORR || [11] Combination Therapy Arm A and Arm B: ORR	False	NOT_DETERMINED	
NCT03525392	cohort 1: 177lu-3bp-227 2.5 gbq	Cohort 1: 177Lu-3BP-227 2.5 GBq	17:OG000,18:OG000	ctg_results_bor_2018_2021.txt	2	17,18	17	SECONDARY	1	BASIS_EXISTS	ENDPOINT_CONSTRUCT	ENDPOINT_CONSTRUCT	title (endpoint construct named)	[17] ORR || [18] DCR	[17] Phase 1: Number of Participants With Objective Response Rate (ORR) || [18] Phase 1: Number of Participants With Disease Control Rate (DCR)	False	NOT_DETERMINED	
NCT03525392	cohort 2: 177lu-3bp-227 4.0 gbq	Cohort 2: 177Lu-3BP-227 4.0 GBq	17:OG001,18:OG001	ctg_results_bor_2018_2021.txt	2	17,18	17	SECONDARY	1	BASIS_EXISTS	ENDPOINT_CONSTRUCT	ENDPOINT_CONSTRUCT	title (endpoint construct named)	[17] ORR || [18] DCR	[17] Phase 1: Number of Participants With Objective Response Rate (ORR) || [18] Phase 1: Number of Participants With Disease Control Rate (DCR)	False	NOT_DETERMINED	
NCT03525392	cohort 3: 177lu-3bp-227 5.5 gbq	Cohort 3: 177Lu-3BP-227 5.5 GBq	17:OG002,18:OG002	ctg_results_bor_2018_2021.txt	2	17,18	17	SECONDARY	2	BASIS_EXISTS	ENDPOINT_CONSTRUCT	ENDPOINT_CONSTRUCT	title (endpoint construct named)	[17] ORR || [18] DCR	[17] Phase 1: Number of Participants With Objective Response Rate (ORR) || [18] Phase 1: Number of Participants With Disease Control Rate (DCR)	False	NOT_DETERMINED	
NCT03525392	cohort 4: 177lu-3bp-227 6.5 gbq	Cohort 4: 177Lu-3BP-227 6.5 GBq	17:OG003,18:OG003	ctg_results_bor_2018_2021.txt	2	17,18	17	SECONDARY	1	BASIS_EXISTS	ENDPOINT_CONSTRUCT	ENDPOINT_CONSTRUCT	title (endpoint construct named)	[17] ORR || [18] DCR	[17] Phase 1: Number of Participants With Objective Response Rate (ORR) || [18] Phase 1: Number of Participants With Disease Control Rate (DCR)	False	NOT_DETERMINED	
NCT03525392	cohort 5: 177lu-3bp-227 7.5 gbq	Cohort 5: 177Lu-3BP-227 7.5 GBq	17:OG004,18:OG004	ctg_results_bor_2018_2021.txt	2	17,18	17	SECONDARY	1	BASIS_EXISTS	ENDPOINT_CONSTRUCT	ENDPOINT_CONSTRUCT	title (endpoint construct named)	[17] ORR || [18] DCR	[17] Phase 1: Number of Participants With Objective Response Rate (ORR) || [18] Phase 1: Number of Participants With Disease Control Rate (DCR)	False	NOT_DETERMINED	
