nct	group_norm	n_competing_at_step_f	competing_om_indices	selected_om_index_by_rule_f	classification	basis_tier	distinguishing_fields	would_change_selection	would_change_to_om	competing_measure_metadata	source_payload
NCT00077857	1250 mg/m^2 capecitabine + docetaxel	3	1|2|3	1	BASIS_EXISTS	B_TIMEFRAME	timeFrame;assessment_criteria;paramType/unitOfMeasure	indeterminate (basis exists; no preregistered direction for this field)		om1:Percentage of Participants With Best Overall Response Being Complete Response (C | tf=Until Progressive Disease (PD) or end of prim | pop=Intent to treat population included all rando | NUMBER/Percentage of participant || om2:Time to Overall Response | tf=Until PD or end of primary study treatment (u | pop=Intent to treat population included all rando | NUMBER/Percentage of participant || om3:Duration of Overall Response | tf=Until PD or death. Median duration of respons | pop=Intent to treat population included all rando | MEDIAN/Months	ctg_results_bor_1999_2009.txt
NCT00077857	825 mg/m^2 capecitabine + docetaxel	3	1|2|3	1	BASIS_EXISTS	B_TIMEFRAME	timeFrame;assessment_criteria;paramType/unitOfMeasure	indeterminate (basis exists; no preregistered direction for this field)		om1:Percentage of Participants With Best Overall Response Being Complete Response (C | tf=Until Progressive Disease (PD) or end of prim | pop=Intent to treat population included all rando | NUMBER/Percentage of participant || om2:Time to Overall Response | tf=Until PD or end of primary study treatment (u | pop=Intent to treat population included all rando | NUMBER/Percentage of participant || om3:Duration of Overall Response | tf=Until PD or death. Median duration of respons | pop=Intent to treat population included all rando | MEDIAN/Months	ctg_results_bor_1999_2009.txt
NCT00089999	lapatinib 1500 mg qd	2	0|1	0	BASIS_EXISTS	D_POPULATION	populationDescription	indeterminate (basis exists; no preregistered direction for this field)		om0:Number of Participants With a Best Overall Response (OR) of Confirmed Complete R | tf=From the date of the first dose of investigat | pop=Intent-to-Treat (ITT) Population: all randomi | NUMBER/Participants || om1:Number of Participants With a Best Overall Response (OR) of Confirmed Complete R | tf=From the date of the first dose of investigat | pop=ITT Population | NUMBER/Participants	ctg_results_bor_1999_2009.txt
NCT00089999	lapatinib 500 mg bid	2	0|1	0	BASIS_EXISTS	D_POPULATION	populationDescription	indeterminate (basis exists; no preregistered direction for this field)		om0:Number of Participants With a Best Overall Response (OR) of Confirmed Complete R | tf=From the date of the first dose of investigat | pop=Intent-to-Treat (ITT) Population: all randomi | NUMBER/Participants || om1:Number of Participants With a Best Overall Response (OR) of Confirmed Complete R | tf=From the date of the first dose of investigat | pop=ITT Population | NUMBER/Participants	ctg_results_bor_1999_2009.txt
NCT00095199	cetuximab & docetaxel	2	2|3	2	BASIS_EXISTS	B_TIMEFRAME	timeFrame	indeterminate (basis exists; no preregistered direction for this field)		om2:Proportion of Randomized Participants With the Best Overall Response (OR) of Par | tf=Randomization until progression of disease or | pop=The intent-to-treat population (ITT) included | NUMBER/proportion of participant || om3:Proportion of Randomized Participants With Best Overall Response (OR) of Partial | tf=Randomization to progression of disease or de | pop=The intent-to-treat population (ITT) included | NUMBER/proportion of participant	ctg_results_bor_1999_2009.txt
NCT00095199	cetuximab & pemetrexed	2	2|3	2	BASIS_EXISTS	B_TIMEFRAME	timeFrame	indeterminate (basis exists; no preregistered direction for this field)		om2:Proportion of Randomized Participants With the Best Overall Response (OR) of Par | tf=Randomization until progression of disease or | pop=The intent-to-treat population (ITT) included | NUMBER/proportion of participant || om3:Proportion of Randomized Participants With Best Overall Response (OR) of Partial | tf=Randomization to progression of disease or de | pop=The intent-to-treat population (ITT) included | NUMBER/proportion of participant	ctg_results_bor_1999_2009.txt
NCT00095199	docetaxel	2	2|3	2	BASIS_EXISTS	B_TIMEFRAME	timeFrame	indeterminate (basis exists; no preregistered direction for this field)		om2:Proportion of Randomized Participants With the Best Overall Response (OR) of Par | tf=Randomization until progression of disease or | pop=The intent-to-treat population (ITT) included | NUMBER/proportion of participant || om3:Proportion of Randomized Participants With Best Overall Response (OR) of Partial | tf=Randomization to progression of disease or de | pop=The intent-to-treat population (ITT) included | NUMBER/proportion of participant	ctg_results_bor_1999_2009.txt
NCT00095199	pemetrexed	2	2|3	2	BASIS_EXISTS	B_TIMEFRAME	timeFrame	indeterminate (basis exists; no preregistered direction for this field)		om2:Proportion of Randomized Participants With the Best Overall Response (OR) of Par | tf=Randomization until progression of disease or | pop=The intent-to-treat population (ITT) included | NUMBER/proportion of participant || om3:Proportion of Randomized Participants With Best Overall Response (OR) of Partial | tf=Randomization to progression of disease or de | pop=The intent-to-treat population (ITT) included | NUMBER/proportion of participant	ctg_results_bor_1999_2009.txt
NCT00101400	sorafenib (nexavar, bay43-9006)	2	2|3	2	BASIS_EXISTS	B_TIMEFRAME	timeFrame	indeterminate (basis exists; no preregistered direction for this field)		om2:Time to Objective Response | tf=Until objective response occurs | pop=1 subject out of 54 achieved PR. | NUMBER/days || om3:Overall Response Duration | tf=Time from PR or CR to progression | pop=1 subject out of 54 achieved PR. | NUMBER/days	ctg_results_bor_1999_2009.txt
NCT00146172	all solid tumors	2	4|5	4	BASIS_EXISTS	A_DIFFERENT_ENDPOINT	title;timeFrame	no (smallest index already the ORR-concept measure)		om4:Objective Response Rate | tf=From first dose date to progression/death or  | pop=Breast, Lung and other solid tumors included  | NUMBER/percentage of participant || om5:Clinical Benefit Rate | tf=From first dose date to progression/death or  | pop=Breast, Lung and other solid tumors included  | NUMBER/percentage of participant	ctg_results_bor_1999_2009.txt
NCT00146172	breast cancer	2	4|5	4	BASIS_EXISTS	A_DIFFERENT_ENDPOINT	title;timeFrame	no (smallest index already the ORR-concept measure)		om4:Objective Response Rate | tf=From first dose date to progression/death or  | pop=Breast, Lung and other solid tumors included  | NUMBER/percentage of participant || om5:Clinical Benefit Rate | tf=From first dose date to progression/death or  | pop=Breast, Lung and other solid tumors included  | NUMBER/percentage of participant	ctg_results_bor_1999_2009.txt
NCT00146172	lung cancer	2	4|5	4	BASIS_EXISTS	A_DIFFERENT_ENDPOINT	title;timeFrame	no (smallest index already the ORR-concept measure)		om4:Objective Response Rate | tf=From first dose date to progression/death or  | pop=Breast, Lung and other solid tumors included  | NUMBER/percentage of participant || om5:Clinical Benefit Rate | tf=From first dose date to progression/death or  | pop=Breast, Lung and other solid tumors included  | NUMBER/percentage of participant	ctg_results_bor_1999_2009.txt
NCT00154102	cetuximab plus folfiri	2	6|9	6	BASIS_EXISTS	A_DIFFERENT_ENDPOINT	title;timeFrame	no (smallest index already the ORR-concept measure)		om6:Best Overall Response Rate - Independent Review Committee (IRC) Assessments | tf=evaluations were performed every 6 weeks unti | pop=ITT population (allocation to treatment group | NUMBER/percentage of participant || om9:Disease Control Rate - Independent Review Committee (IRC) Assessments | tf=Evaluations were performed every 6 weeks unti | pop=ITT population (allocation to treatment group | NUMBER/percentage of participant	ctg_results_bor_1999_2009.txt
NCT00154102	folfiri alone	2	6|9	6	BASIS_EXISTS	A_DIFFERENT_ENDPOINT	title;timeFrame	no (smallest index already the ORR-concept measure)		om6:Best Overall Response Rate - Independent Review Committee (IRC) Assessments | tf=evaluations were performed every 6 weeks unti | pop=ITT population (allocation to treatment group | NUMBER/percentage of participant || om9:Disease Control Rate - Independent Review Committee (IRC) Assessments | tf=Evaluations were performed every 6 weeks unti | pop=ITT population (allocation to treatment group | NUMBER/percentage of participant	ctg_results_bor_1999_2009.txt
NCT00171834	patupilone (epo906) phase i	2	6|7	6	BASIS_EXISTS	B_TIMEFRAME	timeFrame;assessment_criteria	indeterminate (basis exists; no preregistered direction for this field)		om6:Time to Overall Response -Phase I and Phase II | tf=From baseline, then every second cycle (i.e.  | pop=Full Analysis Set (FAS) consisted of all pati | MEDIAN/Months || om7:Duration of Overall Response -Phase I and Phase II | tf=Duration of response according to RECIST from | pop=Full Analysis Set (FAS) consisted of all pati | MEDIAN/Months	ctg_results_bor_1999_2009.txt
NCT00171834	patupilone (epo906) phase ii	2	6|7	6	BASIS_EXISTS	B_TIMEFRAME	timeFrame;assessment_criteria	indeterminate (basis exists; no preregistered direction for this field)		om6:Time to Overall Response -Phase I and Phase II | tf=From baseline, then every second cycle (i.e.  | pop=Full Analysis Set (FAS) consisted of all pati | MEDIAN/Months || om7:Duration of Overall Response -Phase I and Phase II | tf=Duration of response according to RECIST from | pop=Full Analysis Set (FAS) consisted of all pati | MEDIAN/Months	ctg_results_bor_1999_2009.txt
NCT00226811	50 mg sunitinib	2	0|6	0	BASIS_EXISTS	D_POPULATION	populationDescription	indeterminate (basis exists; no preregistered direction for this field)		om0:Best Overall Response | tf=From start of study treatment until Day 28 of | pop=Intent-to-treat (ITT) population includes all | NUMBER/participants || om6:Objective Response (Complete Response (CR) or Partial Response (PR)) | tf=From start of study treatment until Day 28 of | pop=ITT population | NUMBER/participants	ctg_results_bor_1999_2009.txt
NCT00243074	azd2171	2	3|4	3	BASIS_EXISTS	A_DIFFERENT_ENDPOINT	title;timeFrame;assessment_criteria;populationDescription	yes (under an endpoint-concept preference for ORR over DCR/CBR/other)	4	om3:Disease Control Rate | tf=Every 8 weeks until disease progression progr | pop=Eligible patients who received AZD2171 | NUMBER/percentage of participant || om4:Objective Response Rate Per Modified RECIST for Pleural Tumors | tf=Disease assessments for response were perform | pop=Eligible patients who received any amount of  | NUMBER/percentage of participant	ctg_results_bor_1999_2009.txt
NCT00263588	cohort a	2	0|1	0	BASIS_EXISTS	E_TITLE_SUBSTANTIVE	title;paramType/unitOfMeasure	no (smallest index already the ORR-concept measure)		om0:The Number of Participants With Central Nervous System (CNS) Best Overall Respon | tf=time from baseline to data cutoff (25 Sept 20 | pop=Modified ITT (MITT) Population is defined as  | COUNT_OF_PARTICIPANTS/Participants || om1:The Percentage of Participants With Central Nervous System (CNS) Objective Respo | tf=time from baseline to data cutoff (25 Sept 20 | pop=Modified ITT (MITT) Population is defined as  | NUMBER/percentage of participant	ctg_results_bor_1999_2009.txt
NCT00263588	cohort b	2	0|1	0	BASIS_EXISTS	E_TITLE_SUBSTANTIVE	title;paramType/unitOfMeasure	no (smallest index already the ORR-concept measure)		om0:The Number of Participants With Central Nervous System (CNS) Best Overall Respon | tf=time from baseline to data cutoff (25 Sept 20 | pop=Modified ITT (MITT) Population is defined as  | COUNT_OF_PARTICIPANTS/Participants || om1:The Percentage of Participants With Central Nervous System (CNS) Objective Respo | tf=time from baseline to data cutoff (25 Sept 20 | pop=Modified ITT (MITT) Population is defined as  | NUMBER/percentage of participant	ctg_results_bor_1999_2009.txt
NCT00321893	arm i: budesonide	2	2|3	2	BASIS_EXISTS	C_ASSESSMENT_CRITERIA	assessment_criteria;populationDescription	indeterminate (basis exists; no preregistered direction for this field)		om2:Number of Participant Overall Responses as Measured by RECIST Criteria at 12 Mon | tf=12 Months | pop=Per person analysis. Excluded from analysis w | NUMBER/participants || om3:Participant Overall Response (by Tumor Type Subsolid or Solid Tumor) as Measured | tf=12 Months | pop=Per person analysis. Excluded from analysis w | NUMBER/participants	ctg_placebo_onc_1999_2009.txt
NCT00321893	arm ii: placebo	2	2|3	2	BASIS_EXISTS	C_ASSESSMENT_CRITERIA	assessment_criteria;populationDescription	indeterminate (basis exists; no preregistered direction for this field)		om2:Number of Participant Overall Responses as Measured by RECIST Criteria at 12 Mon | tf=12 Months | pop=Per person analysis. Excluded from analysis w | NUMBER/participants || om3:Participant Overall Response (by Tumor Type Subsolid or Solid Tumor) as Measured | tf=12 Months | pop=Per person analysis. Excluded from analysis w | NUMBER/participants	ctg_placebo_onc_1999_2009.txt
NCT00324155	ipilimumab and dacarbazine	2	1|4	1	BASIS_EXISTS	A_DIFFERENT_ENDPOINT	title;timeFrame;assessment_criteria	yes (under an endpoint-concept preference for ORR over DCR/CBR/other)	4	om1:Disease Control Rate (DCR) | tf=First dose to last tumor assessment prior to  | pop=All participants who were randomized to a tre | NUMBER/Percentage of participant || om4:Best Overall Response Rate (BORR) | tf=First dose to last tumor assessment at data c | pop=All participants who were randomized to a tre | NUMBER/Percentage of participant	ctg_results_bor_1999_2009.txt
NCT00324155	placebo and dacarbazine	2	1|4	1	BASIS_EXISTS	A_DIFFERENT_ENDPOINT	title;timeFrame;assessment_criteria	yes (under an endpoint-concept preference for ORR over DCR/CBR/other)	4	om1:Disease Control Rate (DCR) | tf=First dose to last tumor assessment prior to  | pop=All participants who were randomized to a tre | NUMBER/Percentage of participant || om4:Best Overall Response Rate (BORR) | tf=First dose to last tumor assessment at data c | pop=All participants who were randomized to a tre | NUMBER/Percentage of participant	ctg_results_bor_1999_2009.txt
NCT00332163	pre-emptive skin treatment	2	6|7	6	BASIS_EXISTS	B_TIMEFRAME	timeFrame;assessment_criteria;populationDescription	indeterminate (basis exists; no preregistered direction for this field)		om6:Response Rate at First Scheduled Assessment | tf=Week 9 with confirmed response at Week 13 for | pop=Primary Analysis Set; participants who discon | NUMBER/percentage of participant || om7:Best Overall Response Rate | tf=Response was assessed at Weeks 9 and 13 and t | pop=Primary Analysis Set; participants who premat | NUMBER/percentage of participant	ctg_results_bor_1999_2009.txt
NCT00332163	reactive skin treatment	2	6|7	6	BASIS_EXISTS	B_TIMEFRAME	timeFrame;assessment_criteria;populationDescription	indeterminate (basis exists; no preregistered direction for this field)		om6:Response Rate at First Scheduled Assessment | tf=Week 9 with confirmed response at Week 13 for | pop=Primary Analysis Set; participants who discon | NUMBER/percentage of participant || om7:Best Overall Response Rate | tf=Response was assessed at Weeks 9 and 13 and t | pop=Primary Analysis Set; participants who premat | NUMBER/percentage of participant	ctg_results_bor_1999_2009.txt
NCT00347438	capecitabine	2	1|3	1	BASIS_EXISTS	E_TITLE_SUBSTANTIVE	title;paramType/unitOfMeasure	no (smallest index already the ORR-concept measure)		om1:Partial Clinical Response Rate (PR) | tf=After the first three cycles of therapy, an a | pop=This study was terminated early as a result o | NUMBER/participants || om3:Complete Pathologic Response Rate (cPR) | tf=After the first three cycles of therapy, an a | pop=This study was terminated early as a result o | NUMBER/percentage of participant	ctg_results_bor_1999_2009.txt
NCT00355238	group a (brivanib 800 mg qd)	2	2|3	2	BASIS_EXISTS	A_DIFFERENT_ENDPOINT	title	no (smallest index already the ORR-concept measure)		om2:Tumor Response Rate Per Independent Response Review Committee (IRRC) | tf=From first dose to the date of the first docu | pop=Pre-specified for all treated participants in | NUMBER/Percent of participants || om3:Disease Control Rate Per Independent Response Review Committee (IRRC) | tf=From first dose to the date of the first docu | pop=Pre-specified for all treated participants in | NUMBER/Percent of participants	ctg_results_bor_1999_2009.txt
NCT00355238	group b (brivanib 800 mg qd)	2	2|3	2	BASIS_EXISTS	A_DIFFERENT_ENDPOINT	title	no (smallest index already the ORR-concept measure)		om2:Tumor Response Rate Per Independent Response Review Committee (IRRC) | tf=From first dose to the date of the first docu | pop=Pre-specified for all treated participants in | NUMBER/Percent of participants || om3:Disease Control Rate Per Independent Response Review Committee (IRRC) | tf=From first dose to the date of the first docu | pop=Pre-specified for all treated participants in | NUMBER/Percent of participants	ctg_results_bor_1999_2009.txt
NCT00355238	group c (400 mg bid)	2	2|3	2	BASIS_EXISTS	A_DIFFERENT_ENDPOINT	title	no (smallest index already the ORR-concept measure)		om2:Tumor Response Rate Per Independent Response Review Committee (IRRC) | tf=From first dose to the date of the first docu | pop=Pre-specified for all treated participants in | NUMBER/Percent of participants || om3:Disease Control Rate Per Independent Response Review Committee (IRRC) | tf=From first dose to the date of the first docu | pop=Pre-specified for all treated participants in | NUMBER/Percent of participants	ctg_results_bor_1999_2009.txt
NCT00371345	er and/or pgr positive tumor, 100 mg bid dasatinib	3	0|1|17	0	BASIS_EXISTS	B_TIMEFRAME	timeFrame;assessment_criteria;populationDescription;paramType/unitOfMeasure	indeterminate (basis exists; no preregistered direction for this field)		om0:Number of Participants With Objective Response | tf=From day of first treatment through Week 25 o | pop=Evaluable population (n=69): Response Evaluab | NUMBER/participants || om1:Percentage of Participants With Objective Response | tf=From day of first treatment through Week 25 o | pop=Evaluable population (n=69): Response Evaluab | NUMBER/percentage of participant || om17:Best Overall Response | tf=From day of first treatment through Week 25 o | pop=Evaluable population (n=69): Response Evaluab | NUMBER/participants	ctg_results_bor_1999_2009.txt
NCT00371345	er and/or pgr positive tumor, 70 mg bid dasatinib	3	0|1|17	0	BASIS_EXISTS	B_TIMEFRAME	timeFrame;assessment_criteria;populationDescription;paramType/unitOfMeasure	indeterminate (basis exists; no preregistered direction for this field)		om0:Number of Participants With Objective Response | tf=From day of first treatment through Week 25 o | pop=Evaluable population (n=69): Response Evaluab | NUMBER/participants || om1:Percentage of Participants With Objective Response | tf=From day of first treatment through Week 25 o | pop=Evaluable population (n=69): Response Evaluab | NUMBER/percentage of participant || om17:Best Overall Response | tf=From day of first treatment through Week 25 o | pop=Evaluable population (n=69): Response Evaluab | NUMBER/participants	ctg_results_bor_1999_2009.txt
NCT00371345	her2/neu-amplified tumor, 100 mg bid	2	0|17	0	BASIS_EXISTS	B_TIMEFRAME	timeFrame;assessment_criteria;populationDescription	indeterminate (basis exists; no preregistered direction for this field)		om0:Number of Participants With Objective Response | tf=From day of first treatment through Week 25 o | pop=Evaluable population (n=69): Response Evaluab | NUMBER/participants || om17:Best Overall Response | tf=From day of first treatment through Week 25 o | pop=Evaluable population (n=69): Response Evaluab | NUMBER/participants	ctg_results_bor_1999_2009.txt
NCT00371345	her2/neu-amplified tumor, 70 mg twice daily (bid) dasatinib	3	0|1|17	0	BASIS_EXISTS	B_TIMEFRAME	timeFrame;assessment_criteria;populationDescription;paramType/unitOfMeasure	indeterminate (basis exists; no preregistered direction for this field)		om0:Number of Participants With Objective Response | tf=From day of first treatment through Week 25 o | pop=Evaluable population (n=69): Response Evaluab | NUMBER/participants || om1:Percentage of Participants With Objective Response | tf=From day of first treatment through Week 25 o | pop=Evaluable population (n=69): Response Evaluab | NUMBER/percentage of participant || om17:Best Overall Response | tf=From day of first treatment through Week 25 o | pop=Evaluable population (n=69): Response Evaluab | NUMBER/participants	ctg_results_bor_1999_2009.txt
NCT00398567	part 2 - expanded mtd cohort	2	1|4	1	BASIS_EXISTS	A_DIFFERENT_ENDPOINT	title;timeFrame;assessment_criteria	no (smallest index already the ORR-concept measure)		om1:Objective Response Rate (ORR) | tf=From first dose date to progression or last t | pop=The evaluable population was defined as the s | NUMBER/percentage of participant || om4:Clinical Benefit Rate (CBR) | tf=From first dose date to progression or last t | pop=The evaluable population was defined as the s | NUMBER/percentage of participant	ctg_results_bor_1999_2009.txt
NCT00407563	bevacizumab and abraxane	2	1|4	1	BASIS_EXISTS	B_TIMEFRAME	timeFrame;populationDescription;paramType/unitOfMeasure	indeterminate (basis exists; no preregistered direction for this field)		om1:Best Overall Response | tf=Radiologic imaging was repeated after every 3 | pop= | NUMBER/Participants || om4:Best Overall Response at Six Months | tf=Assessed over 6 months of study treatment | pop=The 2 tailed, 95% confidence interval of the  | NUMBER/percentage of patients	ctg_results_bor_1999_2009.txt
NCT00424047	lenalidomide plus dexamethasone	2	3|4	3	BASIS_EXISTS	B_TIMEFRAME	timeFrame	indeterminate (basis exists; no preregistered direction for this field)		om3:Summary of Myeloma Response Rates Based on Best Response Assessment | tf=Randomization to 03 August 2005; up to 24 mon | pop=Intent to Treat Population includes all parti | NUMBER/percentage of participant || om4:Myeloma Response Rates Based on the Reviewers Best Response Assessment (Later Cu | tf=Randomization to data cut-off of 02 Mar 2008; | pop=Intent to Treat Population includes all parti | NUMBER/percentage of participant	ctg_results_bor_1999_2009.txt
NCT00424047	placebo plus dexamethasone	2	3|4	3	BASIS_EXISTS	B_TIMEFRAME	timeFrame	indeterminate (basis exists; no preregistered direction for this field)		om3:Summary of Myeloma Response Rates Based on Best Response Assessment | tf=Randomization to 03 August 2005; up to 24 mon | pop=Intent to Treat Population includes all parti | NUMBER/percentage of participant || om4:Myeloma Response Rates Based on the Reviewers Best Response Assessment (Later Cu | tf=Randomization to data cut-off of 02 Mar 2008; | pop=Intent to Treat Population includes all parti | NUMBER/percentage of participant	ctg_results_bor_1999_2009.txt
NCT00437268	enzastaurin+irinotecan+cetuximab	2	1|4	1	BASIS_EXISTS	A_DIFFERENT_ENDPOINT	title;timeFrame	no (smallest index already the ORR-concept measure)		om1:Percentage of Participants With Complete Response (CR) or Partial Response (PR)  | tf=Baseline to measured progressive disease up t | pop=Protocol qualified population: All randomized | NUMBER/percentage of participant || om4:Percentage of Participants With a Complete Response (CR), Partial Response (PR)  | tf=Baseline to disease progression (up to 13.2 m | pop=Protocol qualified population: All randomized | NUMBER/percentage of participant	ctg_results_bor_1999_2009.txt
NCT00437268	irinotecan+cetuximab	2	1|4	1	BASIS_EXISTS	A_DIFFERENT_ENDPOINT	title;timeFrame	no (smallest index already the ORR-concept measure)		om1:Percentage of Participants With Complete Response (CR) or Partial Response (PR)  | tf=Baseline to measured progressive disease up t | pop=Protocol qualified population: All randomized | NUMBER/percentage of participant || om4:Percentage of Participants With a Complete Response (CR), Partial Response (PR)  | tf=Baseline to disease progression (up to 13.2 m | pop=Protocol qualified population: All randomized | NUMBER/percentage of participant	ctg_results_bor_1999_2009.txt
NCT00444535	lapatinib + bevacizumab	2	2|3	2	BASIS_EXISTS	E_TITLE_SUBSTANTIVE	title	no (smallest index already the ORR-concept measure)		om2:Overall Tumor Response Rate Per Investigator Assessment (RECIST) | tf=This endpoint was defined in the original pro | pop=ITT Population. | NUMBER/Percentage of participant || om3:Investigator-Assessed Clinical Benefit Response Rate (%) (RECIST) | tf=This endpoint was defined in the original pro | pop=ITT Population. | NUMBER/Percentage of participant	ctg_results_bor_1999_2009.txt
NCT00447057	pemetrexed (nonsquamous)	2	1|2	1	BASIS_EXISTS	A_DIFFERENT_ENDPOINT	title;timeFrame;assessment_criteria	yes (under an endpoint-concept preference for ORR over DCR/CBR/other)	2	om1:Percentage of Participants With Best Response of Stable Disease (SD), Partial Re | tf=Baseline to measured PD. Maximum follow-up wa | pop=Includes nonsquamous population only. | NUMBER/percentage of participant || om2:Percentage of Participants With Best Response of Complete Response (CR) or Parti | tf=Baseline to measured progressive disease. Max | pop=Includes nonsquamous population only. | NUMBER/percentage of participant	ctg_results_bor_1999_2009.txt
NCT00447057	pemetrexed + erlotinib (nonsquamous)	2	1|2	1	BASIS_EXISTS	A_DIFFERENT_ENDPOINT	title;timeFrame;assessment_criteria	yes (under an endpoint-concept preference for ORR over DCR/CBR/other)	2	om1:Percentage of Participants With Best Response of Stable Disease (SD), Partial Re | tf=Baseline to measured PD. Maximum follow-up wa | pop=Includes nonsquamous population only. | NUMBER/percentage of participant || om2:Percentage of Participants With Best Response of Complete Response (CR) or Parti | tf=Baseline to measured progressive disease. Max | pop=Includes nonsquamous population only. | NUMBER/percentage of participant	ctg_results_bor_1999_2009.txt
NCT00448279	chemotherapy + trastuzumab	2	4|5	4	BASIS_EXISTS	C_ASSESSMENT_CRITERIA	assessment_criteria	indeterminate (basis exists; no preregistered direction for this field)		om4:Percentage of Participants by Best Overall Response (BOR) | tf=BL and every 8 weeks thereafter | pop=ITT population | NUMBER/percentage of participant || om5:Percentage of Participants With a Best Overall Response of CR or PR | tf=BL and every 8 weeks thereafter | pop=ITT population | NUMBER/percentage of participant	ctg_results_bor_1999_2009.txt
NCT00448279	chemotherapy alone	2	4|5	4	BASIS_EXISTS	C_ASSESSMENT_CRITERIA	assessment_criteria	indeterminate (basis exists; no preregistered direction for this field)		om4:Percentage of Participants by Best Overall Response (BOR) | tf=BL and every 8 weeks thereafter | pop=ITT population | NUMBER/percentage of participant || om5:Percentage of Participants With a Best Overall Response of CR or PR | tf=BL and every 8 weeks thereafter | pop=ITT population | NUMBER/percentage of participant	ctg_results_bor_1999_2009.txt
NCT00452673	100 mg dasatinib + 1000 mg/m^2capecitabine	2	2|3	2	BASIS_EXISTS	A_DIFFERENT_ENDPOINT	title;timeFrame;populationDescription;paramType/unitOfMeasure	no (smallest index already the ORR-concept measure)		om2:Number of Participants With Overall Response to Tumor - Efficacy Evaluable Popul | tf=Day 1 to 30 days post last dose | pop=All participants with at least one measurable | NUMBER/participants || om3:Objective Response Rate (ORR) and Disease Control Rate - Efficacy Evaluable Popu | tf=Day 1 up to 30 days post last dose | pop=n=number of participants with ORR: 2, 1, 0, 6 | NUMBER/percentage of participant	ctg_results_bor_1999_2009.txt
NCT00452673	50 mg dasatinib + 825 mg/m^2capecitabine	2	2|3	2	BASIS_EXISTS	A_DIFFERENT_ENDPOINT	title;timeFrame;populationDescription;paramType/unitOfMeasure	no (smallest index already the ORR-concept measure)		om2:Number of Participants With Overall Response to Tumor - Efficacy Evaluable Popul | tf=Day 1 to 30 days post last dose | pop=All participants with at least one measurable | NUMBER/participants || om3:Objective Response Rate (ORR) and Disease Control Rate - Efficacy Evaluable Popu | tf=Day 1 up to 30 days post last dose | pop=n=number of participants with ORR: 2, 1, 0, 6 | NUMBER/percentage of participant	ctg_results_bor_1999_2009.txt
NCT00452673	70 mg dasatinib + 1000 mg/m^2capecitabine	2	2|3	2	BASIS_EXISTS	A_DIFFERENT_ENDPOINT	title;timeFrame;populationDescription;paramType/unitOfMeasure	no (smallest index already the ORR-concept measure)		om2:Number of Participants With Overall Response to Tumor - Efficacy Evaluable Popul | tf=Day 1 to 30 days post last dose | pop=All participants with at least one measurable | NUMBER/participants || om3:Objective Response Rate (ORR) and Disease Control Rate - Efficacy Evaluable Popu | tf=Day 1 up to 30 days post last dose | pop=n=number of participants with ORR: 2, 1, 0, 6 | NUMBER/percentage of participant	ctg_results_bor_1999_2009.txt
NCT00452673	70 mg dasatinib + 825 mg/m^2capecitabine	2	2|3	2	BASIS_EXISTS	A_DIFFERENT_ENDPOINT	title;timeFrame;populationDescription;paramType/unitOfMeasure	no (smallest index already the ORR-concept measure)		om2:Number of Participants With Overall Response to Tumor - Efficacy Evaluable Popul | tf=Day 1 to 30 days post last dose | pop=All participants with at least one measurable | NUMBER/participants || om3:Objective Response Rate (ORR) and Disease Control Rate - Efficacy Evaluable Popu | tf=Day 1 up to 30 days post last dose | pop=n=number of participants with ORR: 2, 1, 0, 6 | NUMBER/percentage of participant	ctg_results_bor_1999_2009.txt
NCT00460798	sunitinib	2	0|1	0	BASIS_EXISTS	B_TIMEFRAME	timeFrame;assessment_criteria;populationDescription	indeterminate (basis exists; no preregistered direction for this field)		om0:Number of Participants With Categorical Best Overall Response | tf=Start of Treatment up through 12 Months or Ea | pop=Full Analysis Set (FAS) = All participants wh | NUMBER/Participants || om1:Number of Participants With Objective Response | tf=12 Months or Early Discontinuation | pop=FAS | NUMBER/Participants	ctg_results_bor_1999_2009.txt
NCT00473590	bort + bv	2	0|1	0	BASIS_EXISTS	F_UNIT_DUPLICATE	paramType/unitOfMeasure	indeterminate (basis exists; no preregistered direction for this field)		om0:Number of Participants With an Overall Response | tf=From randomization to the end of study (clini | pop=Randomized Patients | NUMBER/participants || om1:Percentage of Participants With an Overall Response | tf=From randomization to the end of study (clini | pop=Randomized Patients | NUMBER/Percentage of Participant	ctg_results_bor_1999_2009.txt
NCT00473590	bort + p	2	0|1	0	BASIS_EXISTS	F_UNIT_DUPLICATE	paramType/unitOfMeasure	indeterminate (basis exists; no preregistered direction for this field)		om0:Number of Participants With an Overall Response | tf=From randomization to the end of study (clini | pop=Randomized Patients | NUMBER/participants || om1:Percentage of Participants With an Overall Response | tf=From randomization to the end of study (clini | pop=Randomized Patients | NUMBER/Percentage of Participant	ctg_results_bor_1999_2009.txt
NCT00493636	a (sorafenib + gemcitabine or capecitabine)	2	3|4	3	BASIS_EXISTS	B_TIMEFRAME	timeFrame;paramType/unitOfMeasure	indeterminate (basis exists; no preregistered direction for this field)		om3:Overall Response Rate | tf=The overall tumor burden at baseline will be  | pop= | NUMBER/percentage of participant || om4:Duration of Overall Response | tf=Period measured from the first documentation  | pop= | MEDIAN/Days	ctg_placebo_onc_1999_2009.txt
NCT00493636	b (placebo + gemcitabine or capecitabine)	2	3|4	3	BASIS_EXISTS	B_TIMEFRAME	timeFrame;paramType/unitOfMeasure	indeterminate (basis exists; no preregistered direction for this field)		om3:Overall Response Rate | tf=The overall tumor burden at baseline will be  | pop= | NUMBER/percentage of participant || om4:Duration of Overall Response | tf=Period measured from the first documentation  | pop= | MEDIAN/Days	ctg_placebo_onc_1999_2009.txt
NCT00527735	ipilimumab + paclitaxel/carboplatin (sequential)	3	3|4|5	3	BASIS_EXISTS	A_DIFFERENT_ENDPOINT	title;timeFrame;assessment_criteria;paramType/unitOfMeasure	no (smallest index already the ORR-concept measure)		om3:Best Overall Response Rate (BORR) Per mWHO Criteria in Participants With NSCLC a | tf=Tumor assessment at screening, every 6 weeks  | pop=All participants who were randomized to a tre | NUMBER/Percentage of participant || om4:Immune-related Best Overall Response Rate (irBORR) Per irRC in Participants With | tf=Tumor assessment at screening, every 6 weeks  | pop=All participants who were randomized to a tre | NUMBER/Percentage of participant || om5:Immune-related Disease Control Rate (irDCR) Per irRC and Disease Control Rate (D | tf=Tumor assessment at screening, every 6 weeks  | pop=All participants who were randomized to a tre | NUMBER/Percent of participants	ctg_results_bor_1999_2009.txt
NCT00527735	ipilimumab/placebo + paclitaxil/carboplatin (concurrent)	3	3|4|5	3	BASIS_EXISTS	A_DIFFERENT_ENDPOINT	title;timeFrame;assessment_criteria;paramType/unitOfMeasure	no (smallest index already the ORR-concept measure)		om3:Best Overall Response Rate (BORR) Per mWHO Criteria in Participants With NSCLC a | tf=Tumor assessment at screening, every 6 weeks  | pop=All participants who were randomized to a tre | NUMBER/Percentage of participant || om4:Immune-related Best Overall Response Rate (irBORR) Per irRC in Participants With | tf=Tumor assessment at screening, every 6 weeks  | pop=All participants who were randomized to a tre | NUMBER/Percentage of participant || om5:Immune-related Disease Control Rate (irDCR) Per irRC and Disease Control Rate (D | tf=Tumor assessment at screening, every 6 weeks  | pop=All participants who were randomized to a tre | NUMBER/Percent of participants	ctg_results_bor_1999_2009.txt
NCT00527735	placebo + paclitaxel/carboplatin	3	3|4|5	3	BASIS_EXISTS	A_DIFFERENT_ENDPOINT	title;timeFrame;assessment_criteria;paramType/unitOfMeasure	no (smallest index already the ORR-concept measure)		om3:Best Overall Response Rate (BORR) Per mWHO Criteria in Participants With NSCLC a | tf=Tumor assessment at screening, every 6 weeks  | pop=All participants who were randomized to a tre | NUMBER/Percentage of participant || om4:Immune-related Best Overall Response Rate (irBORR) Per irRC in Participants With | tf=Tumor assessment at screening, every 6 weeks  | pop=All participants who were randomized to a tre | NUMBER/Percentage of participant || om5:Immune-related Disease Control Rate (irDCR) Per irRC and Disease Control Rate (D | tf=Tumor assessment at screening, every 6 weeks  | pop=All participants who were randomized to a tre | NUMBER/Percent of participants	ctg_results_bor_1999_2009.txt
NCT00533702	imc-1121b (ramucirumab)	4	2|4|5|6	2	BASIS_EXISTS	A_DIFFERENT_ENDPOINT	title;timeFrame	no (smallest index already the ORR-concept measure)		om2:Percentage of Participants With Complete Response (CR) or Partial Response (PR)  | tf=Cycle 1 Day 1 (of 21-day cycle) up to 17.1 mo | pop=Intent-to-Treat Population: All enrolled part | NUMBER/percentage of participant || om4:Percentage of Participants With Stable Disease (SD) or Better (Disease Control R | tf=6 weeks (2 cycles of treatment) | pop=Intent-to-Treat Population: All enrolled part | NUMBER/percentage of participant || om5:Percentage of Participants With Stable Disease (SD) or Better (Disease Control R | tf=12 weeks (4 cycles of treatment) | pop=Intent-to-Treat Population: All enrolled part | NUMBER/percentage of participant || om6:Percentage of Participants With Complete Response (CR) or Partial Response (PR)  | tf=12 weeks (4 cycles of treatment) | pop=Intent-to-Treat Population: All enrolled part | NUMBER/percentage of participant	ctg_results_bor_1999_2009.txt
NCT00533702	imc-1121b (ramucirumab) + dacarbazine	4	2|4|5|6	2	BASIS_EXISTS	A_DIFFERENT_ENDPOINT	title;timeFrame	no (smallest index already the ORR-concept measure)		om2:Percentage of Participants With Complete Response (CR) or Partial Response (PR)  | tf=Cycle 1 Day 1 (of 21-day cycle) up to 17.1 mo | pop=Intent-to-Treat Population: All enrolled part | NUMBER/percentage of participant || om4:Percentage of Participants With Stable Disease (SD) or Better (Disease Control R | tf=6 weeks (2 cycles of treatment) | pop=Intent-to-Treat Population: All enrolled part | NUMBER/percentage of participant || om5:Percentage of Participants With Stable Disease (SD) or Better (Disease Control R | tf=12 weeks (4 cycles of treatment) | pop=Intent-to-Treat Population: All enrolled part | NUMBER/percentage of participant || om6:Percentage of Participants With Complete Response (CR) or Partial Response (PR)  | tf=12 weeks (4 cycles of treatment) | pop=Intent-to-Treat Population: All enrolled part | NUMBER/percentage of participant	ctg_results_bor_1999_2009.txt
NCT00534417	capecitabine and fulvestrant	3	1|2|3	1	BASIS_EXISTS	A_DIFFERENT_ENDPOINT	title;paramType/unitOfMeasure	no (smallest index already the ORR-concept measure)		om1:Best Overall Response | tf=Response to treatment was assessed after ever | pop= | NUMBER/participants || om2:Overall Response Rate | tf=Response to treatment was assessed after ever | pop= | NUMBER/percentage of participant || om3:Clinical Benefit Rate | tf=Response to treatment was assessed after ever | pop= | NUMBER/percentage of participant	ctg_results_bor_1999_2009.txt
NCT00537095	placebo	2	1|2	1	BASIS_EXISTS	A_DIFFERENT_ENDPOINT	title;timeFrame	yes (under an endpoint-concept preference for ORR over DCR/CBR/other)	2	om1:Disease Control Rate at 6 Months | tf=6 months after randomization | pop= | NUMBER/participants || om2:Objective Response Rate | tf=46.7 months | pop= | NUMBER/participants	ctg_placebo_onc_1999_2009.txt
NCT00537095	zd6474	2	1|2	1	BASIS_EXISTS	A_DIFFERENT_ENDPOINT	title;timeFrame	yes (under an endpoint-concept preference for ORR over DCR/CBR/other)	2	om1:Disease Control Rate at 6 Months | tf=6 months after randomization | pop= | NUMBER/participants || om2:Objective Response Rate | tf=46.7 months | pop= | NUMBER/participants	ctg_placebo_onc_1999_2009.txt
NCT00576199	bevacizumab 5 mg/kg	2	1|4	1	BASIS_EXISTS	E_TITLE_SUBSTANTIVE	title	no (smallest index already the ORR-concept measure)		om1:Percentage of Participants With an Objective Response | tf=Baseline to the end of the study (up to 3 yea | pop=Intent-to-treat population: All participants  | NUMBER/Percentage of participant || om4:Percentage of Participants With a Best Overall Response of Complete Response, Pa | tf=Baseline to the end of the study (up to 3 yea | pop=Intent-to-treat population: All participants  | NUMBER/Percentage of participant	ctg_results_bor_1999_2009.txt
NCT00586105	sorafenib (nexavar, bay43-9006)	2	8|9	8	BASIS_EXISTS	B_TIMEFRAME	timeFrame;populationDescription	indeterminate (basis exists; no preregistered direction for this field)		om8:Overall Response Duration | tf=From PR or CR to progression or death up to 1 | pop=All subjects who received at least 1 dose of  | MEDIAN/months || om9:Time to Objective Response | tf=Time from start of study medication to first  | pop=All subjects who received at least 1 dose of  | MEDIAN/months	ctg_results_bor_1999_2009.txt
NCT00586495	sorafenib (nexavar, bay43-9006)	2	3|4	3	BASIS_EXISTS	E_TITLE_SUBSTANTIVE	title	no (smallest index already the ORR-concept measure)		om3:Overall Response Duration | tf=From start of treatment of the first subject  | pop=ITT population. | MEDIAN/days || om4:Time to Objective Response | tf=From start of treatment of the first subject  | pop=ITT population. | MEDIAN/days	ctg_results_bor_1999_2009.txt
NCT00586924	10 mcg/kg	2	5|11	5	BASIS_EXISTS	D_POPULATION	populationDescription;paramType/unitOfMeasure	indeterminate (basis exists; no preregistered direction for this field)		om5:Number of Participants With Objective Response Rate (ORR): Complete Response (CR | tf=From Baseline (predose of Cycle 1 Day 1) thro | pop=Safety population included all participants w | COUNT_OF_PARTICIPANTS/Participants || om11:Time to Objective Response | tf=From Baseline (predose of Cycle 1 Day 1) thro | pop=Safety population included all participants w | MEDIAN/months	ctg_results_bor_1999_2009.txt
NCT00586924	5 mcg/kg	2	5|11	5	BASIS_EXISTS	D_POPULATION	populationDescription;paramType/unitOfMeasure	indeterminate (basis exists; no preregistered direction for this field)		om5:Number of Participants With Objective Response Rate (ORR): Complete Response (CR | tf=From Baseline (predose of Cycle 1 Day 1) thro | pop=Safety population included all participants w | COUNT_OF_PARTICIPANTS/Participants || om11:Time to Objective Response | tf=From Baseline (predose of Cycle 1 Day 1) thro | pop=Safety population included all participants w | MEDIAN/months	ctg_results_bor_1999_2009.txt
NCT00600015	combination therapy	2	0|2	0	BASIS_EXISTS	A_DIFFERENT_ENDPOINT	title	no (smallest index already the ORR-concept measure)		om0:Overall Objective Response Rate (ORR) | tf=18 months | pop= | NUMBER/percentage of participant || om2:Disease Control Rate (DCR) | tf=18 months | pop= | NUMBER/percentage of participant	ctg_placebo_onc_1999_2009.txt
NCT00600015	placebo	2	0|2	0	BASIS_EXISTS	A_DIFFERENT_ENDPOINT	title	no (smallest index already the ORR-concept measure)		om0:Overall Objective Response Rate (ORR) | tf=18 months | pop= | NUMBER/percentage of participant || om2:Disease Control Rate (DCR) | tf=18 months | pop= | NUMBER/percentage of participant	ctg_placebo_onc_1999_2009.txt
NCT00600340	bevacizumab plus capecitabine	2	3|7	3	BASIS_EXISTS	A_DIFFERENT_ENDPOINT	title;populationDescription	no (smallest index already the ORR-concept measure)		om3:Best Overall Response (ITT Population) | tf=Up to disease progression or up to 28 days af | pop=Intent-to-Treat population | COUNT_OF_PARTICIPANTS/Participants || om7:Objective Response Rate and Disease Control Rate (ITT Population) | tf=Up to disease progression or up to 28 days af | pop=ITT population | COUNT_OF_PARTICIPANTS/Participants	ctg_results_bor_1999_2009.txt
NCT00600340	bevacizumab plus paclitaxel	2	3|7	3	BASIS_EXISTS	A_DIFFERENT_ENDPOINT	title;populationDescription	no (smallest index already the ORR-concept measure)		om3:Best Overall Response (ITT Population) | tf=Up to disease progression or up to 28 days af | pop=Intent-to-Treat population | COUNT_OF_PARTICIPANTS/Participants || om7:Objective Response Rate and Disease Control Rate (ITT Population) | tf=Up to disease progression or up to 28 days af | pop=ITT population | COUNT_OF_PARTICIPANTS/Participants	ctg_results_bor_1999_2009.txt
NCT00605267	anastrozole 1 mg	3	0|1|2	0	BASIS_EXISTS	D_POPULATION	populationDescription;paramType/unitOfMeasure	indeterminate (basis exists; no preregistered direction for this field)		om0:Best Overall Response Rate (BORR) (Calliper) | tf=24 weeks | pop=The BORR were defined as the percentage of pa | NUMBER/Percentage of Participant || om1:Best Overall Response Rate (BORR) (US) | tf=24 weeks | pop= | NUMBER/Participants || om2:Best Overall Response Rate (BORR) (MRI/CT) | tf=24 weeks | pop= | NUMBER/Percentage of Participant	ctg_results_bor_1999_2009.txt
NCT00605267	tamoxifen 20 mg	3	0|1|2	0	BASIS_EXISTS	D_POPULATION	populationDescription;paramType/unitOfMeasure	indeterminate (basis exists; no preregistered direction for this field)		om0:Best Overall Response Rate (BORR) (Calliper) | tf=24 weeks | pop=The BORR were defined as the percentage of pa | NUMBER/Percentage of Participant || om1:Best Overall Response Rate (BORR) (US) | tf=24 weeks | pop= | NUMBER/Participants || om2:Best Overall Response Rate (BORR) (MRI/CT) | tf=24 weeks | pop= | NUMBER/Percentage of Participant	ctg_results_bor_1999_2009.txt
NCT00605722	bevacizumab + erlotinib	2	1|2	1	BASIS_EXISTS	A_DIFFERENT_ENDPOINT	title	no (smallest index already the ORR-concept measure)		om1:Overall Response Rate (ORR) | tf=Event driven (median follow-up 12 months) | pop=Intent-to-treat population included all parti | NUMBER/percentage of participant || om2:Disease Control Rate (DCR) | tf=Event driven (median follow-up 12 months) | pop=Intent-to-treat population included all parti | NUMBER/Percentage of participant	ctg_results_bor_1999_2009.txt
NCT00607724	stage 1: gdc-0449 (540 mg)	2	12|13	12	BASIS_EXISTS	D_POPULATION	populationDescription	indeterminate (basis exists; no preregistered direction for this field)		om12:Duration of Objective Response: All Participants | tf=Screening, at Week 8 thereafter every 8 weeks | pop=Efficacy-evaluable population; only participa | MEDIAN/months || om13:Duration of Objective Response: Participants With BCC | tf=Screening, at Week 8 thereafter every 8 weeks | pop=Efficacy-evaluable participants; only partici | MEDIAN/months	ctg_results_bor_1999_2009.txt
NCT00613626	arm a: zd6474 matched placebo	2	2|3	2	BASIS_EXISTS	A_DIFFERENT_ENDPOINT	title;populationDescription	no (smallest index already the ORR-concept measure)		om2:Measure the Response Rate (CR + PR) in Each Arm | tf=24 months | pop=12 participants are excluded due to missing d | NUMBER/percentage of participant || om3:Measure Disease Control Rate (CR + PR+ SD) in Each Arm | tf=24 months | pop=12 participants were not analyzed due to miss | NUMBER/percentage of participant	ctg_placebo_onc_1999_2009.txt
NCT00613626	arm b: zd6474	2	2|3	2	BASIS_EXISTS	A_DIFFERENT_ENDPOINT	title;populationDescription	no (smallest index already the ORR-concept measure)		om2:Measure the Response Rate (CR + PR) in Each Arm | tf=24 months | pop=12 participants are excluded due to missing d | NUMBER/percentage of participant || om3:Measure Disease Control Rate (CR + PR+ SD) in Each Arm | tf=24 months | pop=12 participants were not analyzed due to miss | NUMBER/percentage of participant	ctg_placebo_onc_1999_2009.txt
NCT00668148	adipocytic sarcoma	2	2|6	2	BASIS_EXISTS	A_DIFFERENT_ENDPOINT	title;timeFrame	no (smallest index already the ORR-concept measure)		om2:Percentage of Participants With Complete Response (CR) or Partial Response (PR)  | tf=Baseline to measured PD (up to 105.4 weeks) | pop=Enrolled participants who received any quanti | NUMBER/percentage of participant || om6:Percentage of Participants With Best Overall Response [Clinical Benefit Rate (CB | tf=Baseline through study completion (up to 105. | pop=Enrolled participants who received any quanti | NUMBER/percentage of participant	ctg_results_bor_1999_2009.txt
NCT00668148	ewing's sarcoma/pnet	2	2|6	2	BASIS_EXISTS	A_DIFFERENT_ENDPOINT	title;timeFrame	no (smallest index already the ORR-concept measure)		om2:Percentage of Participants With Complete Response (CR) or Partial Response (PR)  | tf=Baseline to measured PD (up to 105.4 weeks) | pop=Enrolled participants who received any quanti | NUMBER/percentage of participant || om6:Percentage of Participants With Best Overall Response [Clinical Benefit Rate (CB | tf=Baseline through study completion (up to 105. | pop=Enrolled participants who received any quanti | NUMBER/percentage of participant	ctg_results_bor_1999_2009.txt
NCT00668148	leiomyosarcoma	2	2|6	2	BASIS_EXISTS	A_DIFFERENT_ENDPOINT	title;timeFrame	no (smallest index already the ORR-concept measure)		om2:Percentage of Participants With Complete Response (CR) or Partial Response (PR)  | tf=Baseline to measured PD (up to 105.4 weeks) | pop=Enrolled participants who received any quanti | NUMBER/percentage of participant || om6:Percentage of Participants With Best Overall Response [Clinical Benefit Rate (CB | tf=Baseline through study completion (up to 105. | pop=Enrolled participants who received any quanti | NUMBER/percentage of participant	ctg_results_bor_1999_2009.txt
NCT00668148	rhabdomyosarcoma	2	2|6	2	BASIS_EXISTS	A_DIFFERENT_ENDPOINT	title;timeFrame	no (smallest index already the ORR-concept measure)		om2:Percentage of Participants With Complete Response (CR) or Partial Response (PR)  | tf=Baseline to measured PD (up to 105.4 weeks) | pop=Enrolled participants who received any quanti | NUMBER/percentage of participant || om6:Percentage of Participants With Best Overall Response [Clinical Benefit Rate (CB | tf=Baseline through study completion (up to 105. | pop=Enrolled participants who received any quanti | NUMBER/percentage of participant	ctg_results_bor_1999_2009.txt
NCT00668148	synovial sarcoma	2	2|6	2	BASIS_EXISTS	A_DIFFERENT_ENDPOINT	title;timeFrame	no (smallest index already the ORR-concept measure)		om2:Percentage of Participants With Complete Response (CR) or Partial Response (PR)  | tf=Baseline to measured PD (up to 105.4 weeks) | pop=Enrolled participants who received any quanti | NUMBER/percentage of participant || om6:Percentage of Participants With Best Overall Response [Clinical Benefit Rate (CB | tf=Baseline through study completion (up to 105. | pop=Enrolled participants who received any quanti | NUMBER/percentage of participant	ctg_results_bor_1999_2009.txt
NCT00668148	total	2	2|6	2	BASIS_EXISTS	A_DIFFERENT_ENDPOINT	title;timeFrame	no (smallest index already the ORR-concept measure)		om2:Percentage of Participants With Complete Response (CR) or Partial Response (PR)  | tf=Baseline to measured PD (up to 105.4 weeks) | pop=Enrolled participants who received any quanti | NUMBER/percentage of participant || om6:Percentage of Participants With Best Overall Response [Clinical Benefit Rate (CB | tf=Baseline through study completion (up to 105. | pop=Enrolled participants who received any quanti | NUMBER/percentage of participant	ctg_results_bor_1999_2009.txt
NCT00676663	exemestane 25 mg + entinostat 5 mg	2	1|2	1	BASIS_EXISTS	A_DIFFERENT_ENDPOINT	title;timeFrame	no (smallest index already the ORR-concept measure)		om1:Objective Response Rate (ORR) | tf=From date of randomization to discontinuation | pop=Full Analysis Set included all randomized par | NUMBER/percentage of participant || om2:Clinical Benefit Rate (CBR) | tf=From date of randomization to discontinuation | pop=Full Analysis Set included all randomized par | NUMBER/percentage of participant	ctg_placebo_onc_1999_2009.txt
NCT00676663	exemestane 25 mg + placebo	2	1|2	1	BASIS_EXISTS	A_DIFFERENT_ENDPOINT	title;timeFrame	no (smallest index already the ORR-concept measure)		om1:Objective Response Rate (ORR) | tf=From date of randomization to discontinuation | pop=Full Analysis Set included all randomized par | NUMBER/percentage of participant || om2:Clinical Benefit Rate (CBR) | tf=From date of randomization to discontinuation | pop=Full Analysis Set included all randomized par | NUMBER/percentage of participant	ctg_placebo_onc_1999_2009.txt
NCT00689936	lenalidomide and dexamethasone rd18	2	3|4	3	BASIS_EXISTS	B_TIMEFRAME	timeFrame	indeterminate (basis exists; no preregistered direction for this field)		om3:Percentage of Participants With an Objective Response Based on IRAC Review | tf=Disease response was assessed every 28 days u | pop=ITT population includes all participants who  | NUMBER/percentage of participant || om4:Percentage of Participants With an Objective Response Based on Investigator Asse | tf=Disease response was assessed every 28 days u | pop=ITT population includes all participants who  | NUMBER/percentage of participant	ctg_results_bor_1999_2009.txt
NCT00689936	lenalidomide and low-dose dexamethasone (rd)	2	3|4	3	BASIS_EXISTS	B_TIMEFRAME	timeFrame	indeterminate (basis exists; no preregistered direction for this field)		om3:Percentage of Participants With an Objective Response Based on IRAC Review | tf=Disease response was assessed every 28 days u | pop=ITT population includes all participants who  | NUMBER/percentage of participant || om4:Percentage of Participants With an Objective Response Based on Investigator Asse | tf=Disease response was assessed every 28 days u | pop=ITT population includes all participants who  | NUMBER/percentage of participant	ctg_results_bor_1999_2009.txt
NCT00689936	melphalan + prednisone + thalidomide (mpt)	2	3|4	3	BASIS_EXISTS	B_TIMEFRAME	timeFrame	indeterminate (basis exists; no preregistered direction for this field)		om3:Percentage of Participants With an Objective Response Based on IRAC Review | tf=Disease response was assessed every 28 days u | pop=ITT population includes all participants who  | NUMBER/percentage of participant || om4:Percentage of Participants With an Objective Response Based on Investigator Asse | tf=Disease response was assessed every 28 days u | pop=ITT population includes all participants who  | NUMBER/percentage of participant	ctg_results_bor_1999_2009.txt
NCT00705016	cetuximab+5-fu+cisplatin	2	2|3	2	BASIS_EXISTS	A_DIFFERENT_ENDPOINT	title	no (smallest index already the ORR-concept measure)		om2:Best Overall Response (BOR) Rate | tf=Evaluations will be performed every 6 weeks u | pop=ITT population included all participants who  | NUMBER/percentage of participant || om3:Disease Control Rate | tf=Evaluations will be performed every 6 weeks u | pop=ITT population included all participants who  | NUMBER/percentage of participant	ctg_results_bor_1999_2009.txt
NCT00705016	cilengitide 2000 mg once weekly+cetuximab+5-fu+cisplatin	2	2|3	2	BASIS_EXISTS	A_DIFFERENT_ENDPOINT	title	no (smallest index already the ORR-concept measure)		om2:Best Overall Response (BOR) Rate | tf=Evaluations will be performed every 6 weeks u | pop=ITT population included all participants who  | NUMBER/percentage of participant || om3:Disease Control Rate | tf=Evaluations will be performed every 6 weeks u | pop=ITT population included all participants who  | NUMBER/percentage of participant	ctg_results_bor_1999_2009.txt
NCT00705016	cilengitide 2000 mg twice weekly+cetuximab+5-fu+cisplatin	2	2|3	2	BASIS_EXISTS	A_DIFFERENT_ENDPOINT	title	no (smallest index already the ORR-concept measure)		om2:Best Overall Response (BOR) Rate | tf=Evaluations will be performed every 6 weeks u | pop=ITT population included all participants who  | NUMBER/percentage of participant || om3:Disease Control Rate | tf=Evaluations will be performed every 6 weeks u | pop=ITT population included all participants who  | NUMBER/percentage of participant	ctg_results_bor_1999_2009.txt
NCT00721513	tpfchemotherapy + concomitant cetuximab & rt	2	1|2	1	BASIS_EXISTS	C_ASSESSMENT_CRITERIA	assessment_criteria	indeterminate (basis exists; no preregistered direction for this field)		om1:Objective Response Rate | tf=up to 2 years | pop= | COUNT_OF_PARTICIPANTS/Participants || om2:Best Overall Response Rate | tf=up to 2 years | pop= | COUNT_OF_PARTICIPANTS/Participants	ctg_results_bor_1999_2009.txt
NCT00728949	imc-a12 (cixutumumab)	2	1|3	1	BASIS_EXISTS	A_DIFFERENT_ENDPOINT	title;populationDescription	no (smallest index already the ORR-concept measure)		om1:Percentage of Participants With Complete Response (CR) and Partial Response (PR) | tf=Randomization to PD up to 35.1 Months | pop=Intent-to-treat (ITT) population: All randomi | NUMBER/percentage of participant || om3:Percentage of Participants With Complete Response (CR) and Partial Response (PR) | tf=Randomization to PD up to 35.1 Months | pop=Intent-to-treat (ITT) population: All randomi | NUMBER/percentage of participant	ctg_results_bor_1999_2009.txt
NCT00728949	imc-a12 (cixutumumab) + antiestrogen therapy	2	1|3	1	BASIS_EXISTS	A_DIFFERENT_ENDPOINT	title;populationDescription	no (smallest index already the ORR-concept measure)		om1:Percentage of Participants With Complete Response (CR) and Partial Response (PR) | tf=Randomization to PD up to 35.1 Months | pop=Intent-to-treat (ITT) population: All randomi | NUMBER/percentage of participant || om3:Percentage of Participants With Complete Response (CR) and Partial Response (PR) | tf=Randomization to PD up to 35.1 Months | pop=Intent-to-treat (ITT) population: All randomi | NUMBER/percentage of participant	ctg_results_bor_1999_2009.txt
NCT00753675	arm a vandetanib 300 mg	2	1|2	1	BASIS_EXISTS	A_DIFFERENT_ENDPOINT	title;assessment_criteria;paramType/unitOfMeasure	no (smallest index already the ORR-concept measure)		om1:Objective Tumor Response Rate (CR+PR), | tf=up to 1032 days | pop=ITT | NUMBER/Participants || om2:Disease Control Rate (CR+PR+SD) | tf=up to 1032 days | pop=ITT | NUMBER/Partecipants	ctg_placebo_onc_1999_2009.txt
NCT00753675	arm b vandetanib 100mg + gemcitab	2	1|2	1	BASIS_EXISTS	A_DIFFERENT_ENDPOINT	title;assessment_criteria;paramType/unitOfMeasure	no (smallest index already the ORR-concept measure)		om1:Objective Tumor Response Rate (CR+PR), | tf=up to 1032 days | pop=ITT | NUMBER/Participants || om2:Disease Control Rate (CR+PR+SD) | tf=up to 1032 days | pop=ITT | NUMBER/Partecipants	ctg_placebo_onc_1999_2009.txt
NCT00753675	arm c placebo+ gemcitabine	2	1|2	1	BASIS_EXISTS	A_DIFFERENT_ENDPOINT	title;assessment_criteria;paramType/unitOfMeasure	no (smallest index already the ORR-concept measure)		om1:Objective Tumor Response Rate (CR+PR), | tf=up to 1032 days | pop=ITT | NUMBER/Participants || om2:Disease Control Rate (CR+PR+SD) | tf=up to 1032 days | pop=ITT | NUMBER/Partecipants	ctg_placebo_onc_1999_2009.txt
NCT00789373	pemetrexed + cisplatin followed by placebo	2	8|9	8	BASIS_EXISTS	B_TIMEFRAME	timeFrame	indeterminate (basis exists; no preregistered direction for this field)		om8:Percentage of Participants With Objective Tumor Response (Response Rate) During  | tf=Baseline to date of measured progressive dise | pop=All randomized participants | NUMBER/percentage of participant || om9:Percentage of Participants With Independently-Assessed Objective Tumor Response  | tf=Date of randomization to date of measured PD  | pop=All randomized participants | NUMBER/percentage of participant	ctg_placebo_onc_1999_2009.txt
NCT00804856	phase i schedule a. volasertib 150 mg+ldac	2	3|4	3	BASIS_EXISTS	B_TIMEFRAME	timeFrame;populationDescription	indeterminate (basis exists; no preregistered direction for this field)		om3:Best Overall Response | tf=The best overall response recorded during the | pop=Treated Set-phase I part: Treated Set was def | COUNT_OF_PARTICIPANTS/Participants || om4:Phase I: Number of Patients With Objective Response: Complete Remission or Compl | tf=The best overall response recorded during the | pop=Treated Set-phase I part: Treated Set was def | COUNT_OF_PARTICIPANTS/Participants	ctg_results_bor_1999_2009.txt
NCT00804856	phase i schedule a. volasertib 200 mg+ldac	2	3|4	3	BASIS_EXISTS	B_TIMEFRAME	timeFrame;populationDescription	indeterminate (basis exists; no preregistered direction for this field)		om3:Best Overall Response | tf=The best overall response recorded during the | pop=Treated Set-phase I part: Treated Set was def | COUNT_OF_PARTICIPANTS/Participants || om4:Phase I: Number of Patients With Objective Response: Complete Remission or Compl | tf=The best overall response recorded during the | pop=Treated Set-phase I part: Treated Set was def | COUNT_OF_PARTICIPANTS/Participants	ctg_results_bor_1999_2009.txt
NCT00804856	phase i schedule a. volasertib 250 mg+ldac	2	3|4	3	BASIS_EXISTS	B_TIMEFRAME	timeFrame;populationDescription	indeterminate (basis exists; no preregistered direction for this field)		om3:Best Overall Response | tf=The best overall response recorded during the | pop=Treated Set-phase I part: Treated Set was def | COUNT_OF_PARTICIPANTS/Participants || om4:Phase I: Number of Patients With Objective Response: Complete Remission or Compl | tf=The best overall response recorded during the | pop=Treated Set-phase I part: Treated Set was def | COUNT_OF_PARTICIPANTS/Participants	ctg_results_bor_1999_2009.txt
NCT00804856	phase i schedule a. volasertib 300 mg+ldac	2	3|4	3	BASIS_EXISTS	B_TIMEFRAME	timeFrame;populationDescription	indeterminate (basis exists; no preregistered direction for this field)		om3:Best Overall Response | tf=The best overall response recorded during the | pop=Treated Set-phase I part: Treated Set was def | COUNT_OF_PARTICIPANTS/Participants || om4:Phase I: Number of Patients With Objective Response: Complete Remission or Compl | tf=The best overall response recorded during the | pop=Treated Set-phase I part: Treated Set was def | COUNT_OF_PARTICIPANTS/Participants	ctg_results_bor_1999_2009.txt
NCT00804856	phase i schedule a. volasertib 350 mg+ldac	2	3|4	3	BASIS_EXISTS	B_TIMEFRAME	timeFrame;populationDescription	indeterminate (basis exists; no preregistered direction for this field)		om3:Best Overall Response | tf=The best overall response recorded during the | pop=Treated Set-phase I part: Treated Set was def | COUNT_OF_PARTICIPANTS/Participants || om4:Phase I: Number of Patients With Objective Response: Complete Remission or Compl | tf=The best overall response recorded during the | pop=Treated Set-phase I part: Treated Set was def | COUNT_OF_PARTICIPANTS/Participants	ctg_results_bor_1999_2009.txt
NCT00804856	phase i schedule a. volasertib 400 mg+ldac	2	3|4	3	BASIS_EXISTS	B_TIMEFRAME	timeFrame;populationDescription	indeterminate (basis exists; no preregistered direction for this field)		om3:Best Overall Response | tf=The best overall response recorded during the | pop=Treated Set-phase I part: Treated Set was def | COUNT_OF_PARTICIPANTS/Participants || om4:Phase I: Number of Patients With Objective Response: Complete Remission or Compl | tf=The best overall response recorded during the | pop=Treated Set-phase I part: Treated Set was def | COUNT_OF_PARTICIPANTS/Participants	ctg_results_bor_1999_2009.txt
NCT00804856	phase i schedule b. volasertib 150 mg	2	3|4	3	BASIS_EXISTS	B_TIMEFRAME	timeFrame;populationDescription	indeterminate (basis exists; no preregistered direction for this field)		om3:Best Overall Response | tf=The best overall response recorded during the | pop=Treated Set-phase I part: Treated Set was def | COUNT_OF_PARTICIPANTS/Participants || om4:Phase I: Number of Patients With Objective Response: Complete Remission or Compl | tf=The best overall response recorded during the | pop=Treated Set-phase I part: Treated Set was def | COUNT_OF_PARTICIPANTS/Participants	ctg_results_bor_1999_2009.txt
NCT00804856	phase i schedule b. volasertib 200 mg	2	3|4	3	BASIS_EXISTS	B_TIMEFRAME	timeFrame;populationDescription	indeterminate (basis exists; no preregistered direction for this field)		om3:Best Overall Response | tf=The best overall response recorded during the | pop=Treated Set-phase I part: Treated Set was def | COUNT_OF_PARTICIPANTS/Participants || om4:Phase I: Number of Patients With Objective Response: Complete Remission or Compl | tf=The best overall response recorded during the | pop=Treated Set-phase I part: Treated Set was def | COUNT_OF_PARTICIPANTS/Participants	ctg_results_bor_1999_2009.txt
NCT00804856	phase i schedule b. volasertib 350 mg	2	3|4	3	BASIS_EXISTS	B_TIMEFRAME	timeFrame;populationDescription	indeterminate (basis exists; no preregistered direction for this field)		om3:Best Overall Response | tf=The best overall response recorded during the | pop=Treated Set-phase I part: Treated Set was def | COUNT_OF_PARTICIPANTS/Participants || om4:Phase I: Number of Patients With Objective Response: Complete Remission or Compl | tf=The best overall response recorded during the | pop=Treated Set-phase I part: Treated Set was def | COUNT_OF_PARTICIPANTS/Participants	ctg_results_bor_1999_2009.txt
NCT00804856	phase i schedule b. volasertib 400 mg	2	3|4	3	BASIS_EXISTS	B_TIMEFRAME	timeFrame;populationDescription	indeterminate (basis exists; no preregistered direction for this field)		om3:Best Overall Response | tf=The best overall response recorded during the | pop=Treated Set-phase I part: Treated Set was def | COUNT_OF_PARTICIPANTS/Participants || om4:Phase I: Number of Patients With Objective Response: Complete Remission or Compl | tf=The best overall response recorded during the | pop=Treated Set-phase I part: Treated Set was def | COUNT_OF_PARTICIPANTS/Participants	ctg_results_bor_1999_2009.txt
NCT00804856	phase i schedule b. volasertib 450 mg	2	3|4	3	BASIS_EXISTS	B_TIMEFRAME	timeFrame;populationDescription	indeterminate (basis exists; no preregistered direction for this field)		om3:Best Overall Response | tf=The best overall response recorded during the | pop=Treated Set-phase I part: Treated Set was def | COUNT_OF_PARTICIPANTS/Participants || om4:Phase I: Number of Patients With Objective Response: Complete Remission or Compl | tf=The best overall response recorded during the | pop=Treated Set-phase I part: Treated Set was def | COUNT_OF_PARTICIPANTS/Participants	ctg_results_bor_1999_2009.txt
NCT00804856	phase i schedule b. volasertib 500 mg	2	3|4	3	BASIS_EXISTS	B_TIMEFRAME	timeFrame;populationDescription	indeterminate (basis exists; no preregistered direction for this field)		om3:Best Overall Response | tf=The best overall response recorded during the | pop=Treated Set-phase I part: Treated Set was def | COUNT_OF_PARTICIPANTS/Participants || om4:Phase I: Number of Patients With Objective Response: Complete Remission or Compl | tf=The best overall response recorded during the | pop=Treated Set-phase I part: Treated Set was def | COUNT_OF_PARTICIPANTS/Participants	ctg_results_bor_1999_2009.txt
NCT00804856	phase i schedule b. volasertib 550 mg	2	3|4	3	BASIS_EXISTS	B_TIMEFRAME	timeFrame;populationDescription	indeterminate (basis exists; no preregistered direction for this field)		om3:Best Overall Response | tf=The best overall response recorded during the | pop=Treated Set-phase I part: Treated Set was def | COUNT_OF_PARTICIPANTS/Participants || om4:Phase I: Number of Patients With Objective Response: Complete Remission or Compl | tf=The best overall response recorded during the | pop=Treated Set-phase I part: Treated Set was def | COUNT_OF_PARTICIPANTS/Participants	ctg_results_bor_1999_2009.txt
NCT00804856	total phase i combined. schedule a	2	3|4	3	BASIS_EXISTS	B_TIMEFRAME	timeFrame;populationDescription	indeterminate (basis exists; no preregistered direction for this field)		om3:Best Overall Response | tf=The best overall response recorded during the | pop=Treated Set-phase I part: Treated Set was def | COUNT_OF_PARTICIPANTS/Participants || om4:Phase I: Number of Patients With Objective Response: Complete Remission or Compl | tf=The best overall response recorded during the | pop=Treated Set-phase I part: Treated Set was def | COUNT_OF_PARTICIPANTS/Participants	ctg_results_bor_1999_2009.txt
NCT00804856	total phase i combined. schedule b	2	3|4	3	BASIS_EXISTS	B_TIMEFRAME	timeFrame;populationDescription	indeterminate (basis exists; no preregistered direction for this field)		om3:Best Overall Response | tf=The best overall response recorded during the | pop=Treated Set-phase I part: Treated Set was def | COUNT_OF_PARTICIPANTS/Participants || om4:Phase I: Number of Patients With Objective Response: Complete Remission or Compl | tf=The best overall response recorded during the | pop=Treated Set-phase I part: Treated Set was def | COUNT_OF_PARTICIPANTS/Participants	ctg_results_bor_1999_2009.txt
NCT00806156	mitt population	2	1|17	1	BASIS_EXISTS	A_DIFFERENT_ENDPOINT	title;assessment_criteria	no (smallest index already the ORR-concept measure)		om1:Secondary: Best Overall Response by Gynecologic Cancer Intergroup (GCIG) Criteri | tf=Every 6 weeks (± 5 days) from Cycle 1, Day 1  | pop=Received at least one dose of study treatment | NUMBER/Percentage of Patients || om17:Secondary: Clinical Benefit Rate: MITT Population | tf=Every 6 weeks (± 5 days) from Cycle 1, Day 1  | pop=Received at least one dose of study treatment | NUMBER/Percentage of Patients	ctg_results_bor_1999_2009.txt
NCT00806156	nktr-102 q14d	2	1|17	1	BASIS_EXISTS	A_DIFFERENT_ENDPOINT	title;assessment_criteria	no (smallest index already the ORR-concept measure)		om1:Secondary: Best Overall Response by Gynecologic Cancer Intergroup (GCIG) Criteri | tf=Every 6 weeks (± 5 days) from Cycle 1, Day 1  | pop=Received at least one dose of study treatment | NUMBER/Percentage of Patients || om17:Secondary: Clinical Benefit Rate: MITT Population | tf=Every 6 weeks (± 5 days) from Cycle 1, Day 1  | pop=Received at least one dose of study treatment | NUMBER/Percentage of Patients	ctg_results_bor_1999_2009.txt
NCT00806156	platinum-refractory population	2	3|19	3	BASIS_EXISTS	A_DIFFERENT_ENDPOINT	title;assessment_criteria	no (smallest index already the ORR-concept measure)		om3:Secondary: Best Overall Response by GCIG Criteria: Platinum-Refractory Populatio | tf=Every 6 weeks (± 5 days) from Cycle 1, Day 1  | pop=Received at least one dose of study treatment | NUMBER/Percentage of Patients || om19:Secondary: Clinical Benefit Rate: Platinum-Refractory Population | tf=Every 6 weeks (± 5 days) from Cycle 1, Day 1  | pop=Received at least one dose of study treatment | NUMBER/Percentage of Patients	ctg_results_bor_1999_2009.txt
NCT00806156	prior pld population	2	4|20	4	BASIS_EXISTS	A_DIFFERENT_ENDPOINT	title;assessment_criteria	no (smallest index already the ORR-concept measure)		om4:Secondary: Best Overall Response by GCIG Criteria: Prior PLD Therapy Population | tf=Every 6 weeks (± 5 days) from Cycle 1, Day 1  | pop=Received at least one dose of study treatment | NUMBER/Percentage of Patients || om20:Secondary: Clinical Benefit Rate: Prior PLD Therapy Population | tf=Every 6 weeks (± 5 days) from Cycle 1, Day 1  | pop=Received at least one dose of study treatment | NUMBER/Percentage of Patients	ctg_results_bor_1999_2009.txt
NCT00827359	treatment	2	2|3	2	BASIS_EXISTS	B_TIMEFRAME	timeFrame;assessment_criteria;populationDescription	indeterminate (basis exists; no preregistered direction for this field)		om2:Best Overall Response Rate | tf=Evaluated while on treatment. Up to 36 months | pop= | NUMBER/percentage of participant || om3:Best Overall Response by PI3K-AKT-MTOR Mutation | tf=Evaluated while on treatment. Up to 36 months | pop=Participants were classified as either "mutat | NUMBER/percentage of participant	ctg_results_bor_1999_2009.txt
NCT00838539	neratinib 120 mg + temsirolimus	2	4|6	4	BASIS_EXISTS	D_POPULATION	populationDescription;paramType/unitOfMeasure	indeterminate (basis exists; no preregistered direction for this field)		om4:Best Overall Response | tf=From first dose date to progression/death or  | pop=Subjects who completed at least 1 tumor asses | COUNT_OF_PARTICIPANTS/Participants || om6:Objective Response Rate | tf=From first dose date to progression/death or  | pop=Subjects who completed at least 1 tumor asses | NUMBER/percentage of participant	ctg_results_bor_1999_2009.txt
NCT00838539	neratinib 160 mg + temsirolimus	2	4|6	4	BASIS_EXISTS	D_POPULATION	populationDescription;paramType/unitOfMeasure	indeterminate (basis exists; no preregistered direction for this field)		om4:Best Overall Response | tf=From first dose date to progression/death or  | pop=Subjects who completed at least 1 tumor asses | COUNT_OF_PARTICIPANTS/Participants || om6:Objective Response Rate | tf=From first dose date to progression/death or  | pop=Subjects who completed at least 1 tumor asses | NUMBER/percentage of participant	ctg_results_bor_1999_2009.txt
NCT00838539	neratinib 200 mg + temsirolimus	2	4|6	4	BASIS_EXISTS	D_POPULATION	populationDescription;paramType/unitOfMeasure	indeterminate (basis exists; no preregistered direction for this field)		om4:Best Overall Response | tf=From first dose date to progression/death or  | pop=Subjects who completed at least 1 tumor asses | COUNT_OF_PARTICIPANTS/Participants || om6:Objective Response Rate | tf=From first dose date to progression/death or  | pop=Subjects who completed at least 1 tumor asses | NUMBER/percentage of participant	ctg_results_bor_1999_2009.txt
NCT00838539	neratinib 240 mg + temsirolimus	2	4|6	4	BASIS_EXISTS	D_POPULATION	populationDescription;paramType/unitOfMeasure	indeterminate (basis exists; no preregistered direction for this field)		om4:Best Overall Response | tf=From first dose date to progression/death or  | pop=Subjects who completed at least 1 tumor asses | COUNT_OF_PARTICIPANTS/Participants || om6:Objective Response Rate | tf=From first dose date to progression/death or  | pop=Subjects who completed at least 1 tumor asses | NUMBER/percentage of participant	ctg_results_bor_1999_2009.txt
NCT00839332	phase 2: gemcitabine	2	7|8	7	BASIS_EXISTS	A_DIFFERENT_ENDPOINT	title	no (smallest index already the ORR-concept measure)		om7:Phase 2: Overall Response Rate | tf=Phase 2: Baseline to measured progressive dis | pop=Phase 2 participants who were randomized. | NUMBER/percentage of participant || om8:Phase 2: Clinical Benefit Rate | tf=Phase 2: Baseline to measured progressive dis | pop=Phase 2 participants who were randomized. | NUMBER/percentage of participant	ctg_results_bor_1999_2009.txt
NCT00839332	phase 2: ly2603618 + gemcitabine	2	7|8	7	BASIS_EXISTS	A_DIFFERENT_ENDPOINT	title	no (smallest index already the ORR-concept measure)		om7:Phase 2: Overall Response Rate | tf=Phase 2: Baseline to measured progressive dis | pop=Phase 2 participants who were randomized. | NUMBER/percentage of participant || om8:Phase 2: Clinical Benefit Rate | tf=Phase 2: Baseline to measured progressive dis | pop=Phase 2 participants who were randomized. | NUMBER/percentage of participant	ctg_results_bor_1999_2009.txt
NCT00876395	everolimus + paclitaxel + trastuzumab	2	4|6	4	BASIS_EXISTS	A_DIFFERENT_ENDPOINT	title	no (smallest index already the ORR-concept measure)		om4:Overall Response Rate (ORR) - Full Population | tf=up to about 23 months | pop=The Full Analysis Set (FAS) consists of all r | NUMBER/Percentage of participant || om6:Clinical Benefit Rate (CBR) Equal to or Greater Than 24 Weeks - Full Population | tf=up to about 23 months | pop=The Full Analysis Set (FAS) consists of all r | NUMBER/Percentage of participant	ctg_placebo_onc_1999_2009.txt
NCT00876395	placebo + paclitaxel + trastuzumab	2	4|6	4	BASIS_EXISTS	A_DIFFERENT_ENDPOINT	title	no (smallest index already the ORR-concept measure)		om4:Overall Response Rate (ORR) - Full Population | tf=up to about 23 months | pop=The Full Analysis Set (FAS) consists of all r | NUMBER/Percentage of participant || om6:Clinical Benefit Rate (CBR) Equal to or Greater Than 24 Weeks - Full Population | tf=up to about 23 months | pop=The Full Analysis Set (FAS) consists of all r | NUMBER/Percentage of participant	ctg_placebo_onc_1999_2009.txt
NCT00883779	erlotinib	2	5|6	5	BASIS_EXISTS	E_TITLE_SUBSTANTIVE	title	yes (under an endpoint-concept preference for ORR over DCR/CBR/other)	6	om5:Non-Progression Rate: Percentage of Participants With a Confirmed Best Overall R | tf=Randomization until PD or death (assessed at  | pop=FAS population. | NUMBER/percentage of participant || om6:Objective Response Rate: Percentage of Participants With a Confirmed Best Overal | tf=Randomization until PD or death (assessed at  | pop=FAS population. | NUMBER/percentage of participant	ctg_placebo_onc_1999_2009.txt
NCT00883779	placebo	2	5|6	5	BASIS_EXISTS	E_TITLE_SUBSTANTIVE	title	yes (under an endpoint-concept preference for ORR over DCR/CBR/other)	6	om5:Non-Progression Rate: Percentage of Participants With a Confirmed Best Overall R | tf=Randomization until PD or death (assessed at  | pop=FAS population. | NUMBER/percentage of participant || om6:Objective Response Rate: Percentage of Participants With a Confirmed Best Overal | tf=Randomization until PD or death (assessed at  | pop=FAS population. | NUMBER/percentage of participant	ctg_placebo_onc_1999_2009.txt
NCT00885755	group a: trastuzumab+taxane /capecitabine (6 weeks)	2	11|12	11	BASIS_EXISTS	B_TIMEFRAME	timeFrame	indeterminate (basis exists; no preregistered direction for this field)		om11:Part I: Percentage of Participants With a Best Overall Response (BOR) of Complet | tf=End of first 2 Cycles (Weeks 3 and 6), every  | pop=PP population; n = number of participants wit | NUMBER/percentage of participant || om12:Part II: Percentage of Participants With a Best Overall Response of CR, PR, SD o | tf=End of first 2 Cycles (Weeks 3 and 6), every  | pop=PP population; n = number of participants wit | NUMBER/percentage of participant	ctg_results_bor_1999_2009.txt
NCT00886782	bms-863233 100 mg	2	15|16	15	BASIS_EXISTS	A_DIFFERENT_ENDPOINT	title	no (smallest index already the ORR-concept measure)		om15:Objective Response Rate (ORR) | tf=From first dose up to 14 months | pop=All treated participants | NUMBER/Perentage of participants || om16:Disease Control Rate (DCR) | tf=From first dose up to 14 months | pop=All treated participants | NUMBER/Perentage of participants	ctg_results_bor_1999_2009.txt
NCT00886782	bms-863233 25 mg	2	15|16	15	BASIS_EXISTS	A_DIFFERENT_ENDPOINT	title	no (smallest index already the ORR-concept measure)		om15:Objective Response Rate (ORR) | tf=From first dose up to 14 months | pop=All treated participants | NUMBER/Perentage of participants || om16:Disease Control Rate (DCR) | tf=From first dose up to 14 months | pop=All treated participants | NUMBER/Perentage of participants	ctg_results_bor_1999_2009.txt
NCT00886782	bms-863233 50 mg	2	15|16	15	BASIS_EXISTS	A_DIFFERENT_ENDPOINT	title	no (smallest index already the ORR-concept measure)		om15:Objective Response Rate (ORR) | tf=From first dose up to 14 months | pop=All treated participants | NUMBER/Perentage of participants || om16:Disease Control Rate (DCR) | tf=From first dose up to 14 months | pop=All treated participants | NUMBER/Perentage of participants	ctg_results_bor_1999_2009.txt
NCT00906698	afatinib 20mg with vinorelbine i.v	2	1|2	1	BASIS_EXISTS	E_TITLE_SUBSTANTIVE	title	no (smallest index already the ORR-concept measure)		om1:Number of Patients With Best Overall Response | tf=From first dose of study medication to respon | pop=All patients from the Treated Set (TS). | NUMBER/participants || om2:Number of Patients With Objective Response (OR) | tf=From first dose of study medication to respon | pop=All patients from the Treated Set (TS). | NUMBER/participants	ctg_results_bor_1999_2009.txt
NCT00906698	afatinib 20mg with vinorelbine per os	2	1|2	1	BASIS_EXISTS	E_TITLE_SUBSTANTIVE	title	no (smallest index already the ORR-concept measure)		om1:Number of Patients With Best Overall Response | tf=From first dose of study medication to respon | pop=All patients from the Treated Set (TS). | NUMBER/participants || om2:Number of Patients With Objective Response (OR) | tf=From first dose of study medication to respon | pop=All patients from the Treated Set (TS). | NUMBER/participants	ctg_results_bor_1999_2009.txt
NCT00906698	afatinib 40mg with vinorelbine i.v	2	1|2	1	BASIS_EXISTS	E_TITLE_SUBSTANTIVE	title	no (smallest index already the ORR-concept measure)		om1:Number of Patients With Best Overall Response | tf=From first dose of study medication to respon | pop=All patients from the Treated Set (TS). | NUMBER/participants || om2:Number of Patients With Objective Response (OR) | tf=From first dose of study medication to respon | pop=All patients from the Treated Set (TS). | NUMBER/participants	ctg_results_bor_1999_2009.txt
NCT00906698	afatinib 40mg with vinorelbine per os	2	1|2	1	BASIS_EXISTS	E_TITLE_SUBSTANTIVE	title	no (smallest index already the ORR-concept measure)		om1:Number of Patients With Best Overall Response | tf=From first dose of study medication to respon | pop=All patients from the Treated Set (TS). | NUMBER/participants || om2:Number of Patients With Objective Response (OR) | tf=From first dose of study medication to respon | pop=All patients from the Treated Set (TS). | NUMBER/participants	ctg_results_bor_1999_2009.txt
NCT00906698	afatinib 50mg with vinorelbine i.v	2	1|2	1	BASIS_EXISTS	E_TITLE_SUBSTANTIVE	title	no (smallest index already the ORR-concept measure)		om1:Number of Patients With Best Overall Response | tf=From first dose of study medication to respon | pop=All patients from the Treated Set (TS). | NUMBER/participants || om2:Number of Patients With Objective Response (OR) | tf=From first dose of study medication to respon | pop=All patients from the Treated Set (TS). | NUMBER/participants	ctg_results_bor_1999_2009.txt
NCT00906698	afatinib 50mg with vinorelbine per os	2	1|2	1	BASIS_EXISTS	E_TITLE_SUBSTANTIVE	title	no (smallest index already the ORR-concept measure)		om1:Number of Patients With Best Overall Response | tf=From first dose of study medication to respon | pop=All patients from the Treated Set (TS). | NUMBER/participants || om2:Number of Patients With Objective Response (OR) | tf=From first dose of study medication to respon | pop=All patients from the Treated Set (TS). | NUMBER/participants	ctg_results_bor_1999_2009.txt
NCT00931606	placebo	2	17|18	17	BASIS_EXISTS	B_TIMEFRAME	timeFrame	indeterminate (basis exists; no preregistered direction for this field)		om17:Objective Response Rate (ORR) for Target Lesions at Day 64 Using Response Evalua | tf=Baseline and Day 64 | pop=All randomized participants who have confirme | NUMBER/Percentage of Participant || om18:Objective Tumor Response Rate for Non-target Lesions at Day 64 Using RECIST v 1. | tf=Day 64 | pop=All randomized participants who have confirme | NUMBER/Percentage of Participant	ctg_placebo_onc_1999_2009.txt
NCT00931606	sotatercept 0.1 mg/kg	2	17|18	17	BASIS_EXISTS	B_TIMEFRAME	timeFrame	indeterminate (basis exists; no preregistered direction for this field)		om17:Objective Response Rate (ORR) for Target Lesions at Day 64 Using Response Evalua | tf=Baseline and Day 64 | pop=All randomized participants who have confirme | NUMBER/Percentage of Participant || om18:Objective Tumor Response Rate for Non-target Lesions at Day 64 Using RECIST v 1. | tf=Day 64 | pop=All randomized participants who have confirme | NUMBER/Percentage of Participant	ctg_placebo_onc_1999_2009.txt
NCT00931606	sotatercept 0.3 mg/kg	2	17|18	17	BASIS_EXISTS	B_TIMEFRAME	timeFrame	indeterminate (basis exists; no preregistered direction for this field)		om17:Objective Response Rate (ORR) for Target Lesions at Day 64 Using Response Evalua | tf=Baseline and Day 64 | pop=All randomized participants who have confirme | NUMBER/Percentage of Participant || om18:Objective Tumor Response Rate for Non-target Lesions at Day 64 Using RECIST v 1. | tf=Day 64 | pop=All randomized participants who have confirme | NUMBER/Percentage of Participant	ctg_placebo_onc_1999_2009.txt
NCT00931606	sotatercept 0.5 mg/kg	2	17|18	17	BASIS_EXISTS	B_TIMEFRAME	timeFrame	indeterminate (basis exists; no preregistered direction for this field)		om17:Objective Response Rate (ORR) for Target Lesions at Day 64 Using Response Evalua | tf=Baseline and Day 64 | pop=All randomized participants who have confirme | NUMBER/Percentage of Participant || om18:Objective Tumor Response Rate for Non-target Lesions at Day 64 Using RECIST v 1. | tf=Day 64 | pop=All randomized participants who have confirme | NUMBER/Percentage of Participant	ctg_placebo_onc_1999_2009.txt
NCT00931918	rchop	2	3|4	3	BASIS_EXISTS	E_TITLE_SUBSTANTIVE	title	no (smallest index already the ORR-concept measure)		om3:Overall Response Rate (ORR) | tf=End of Cycle 2, End of Treatment (Cycle 6) [M | pop=Response-Evaluable Population included all ra | NUMBER/percentage of participant || om4:Complete Response Rate | tf=End of Cycle 2, End of Treatment (Cycle 6) [M | pop=Response-Evaluable Population included all ra | NUMBER/percentage of participant	ctg_results_bor_1999_2009.txt
NCT00931918	vc-rchop	2	3|4	3	BASIS_EXISTS	E_TITLE_SUBSTANTIVE	title	no (smallest index already the ORR-concept measure)		om3:Overall Response Rate (ORR) | tf=End of Cycle 2, End of Treatment (Cycle 6) [M | pop=Response-Evaluable Population included all ra | NUMBER/percentage of participant || om4:Complete Response Rate | tf=End of Cycle 2, End of Treatment (Cycle 6) [M | pop=Response-Evaluable Population included all ra | NUMBER/percentage of participant	ctg_results_bor_1999_2009.txt
NCT00934856	overall mbc participants	2	4|7	4	BASIS_EXISTS	A_DIFFERENT_ENDPOINT	title;timeFrame	no (smallest index already the ORR-concept measure)		om4:Percentage of Participants With a Best Overall Response (BOR) of Complete Respon | tf=Baseline until disease progression or recurre | pop=MBC population | NUMBER/percentage of participant || om7:Percentage of Participants With CR or PR or Stable Disease (SD) for at Least 6 M | tf=Baseline until disease progression, recurrenc | pop=MBC population | NUMBER/percentage of participant	ctg_results_bor_1999_2009.txt
NCT00946153	phase 1: group 1: lenvatinib: 12 mg	2	3|4	3	BASIS_EXISTS	A_DIFFERENT_ENDPOINT	title;timeFrame	no (smallest index already the ORR-concept measure)		om3:Phase 1: Objective Response Rate (ORR) by Investigator Assessment | tf=From day of registration to the day when PD w | pop=EAS included participants who received at lea | NUMBER/percentage of participant || om4:Phase 1: Disease Control Rate (DCR) by Investigator Assessment | tf=Up to Week 16 | pop=EAS included participants who received at lea | NUMBER/percentage of participant	ctg_results_bor_1999_2009.txt
NCT00946153	phase 1: group 2: lenvatinib: 12 mg	2	3|4	3	BASIS_EXISTS	A_DIFFERENT_ENDPOINT	title;timeFrame	no (smallest index already the ORR-concept measure)		om3:Phase 1: Objective Response Rate (ORR) by Investigator Assessment | tf=From day of registration to the day when PD w | pop=EAS included participants who received at lea | NUMBER/percentage of participant || om4:Phase 1: Disease Control Rate (DCR) by Investigator Assessment | tf=Up to Week 16 | pop=EAS included participants who received at lea | NUMBER/percentage of participant	ctg_results_bor_1999_2009.txt
NCT00946153	phase 1: group 2: lenvatinib: 8 mg	2	3|4	3	BASIS_EXISTS	A_DIFFERENT_ENDPOINT	title;timeFrame	no (smallest index already the ORR-concept measure)		om3:Phase 1: Objective Response Rate (ORR) by Investigator Assessment | tf=From day of registration to the day when PD w | pop=EAS included participants who received at lea | NUMBER/percentage of participant || om4:Phase 1: Disease Control Rate (DCR) by Investigator Assessment | tf=Up to Week 16 | pop=EAS included participants who received at lea | NUMBER/percentage of participant	ctg_results_bor_1999_2009.txt
NCT00946153	phase 1: group1: lenvatinib: 16 mg	2	3|4	3	BASIS_EXISTS	A_DIFFERENT_ENDPOINT	title;timeFrame	no (smallest index already the ORR-concept measure)		om3:Phase 1: Objective Response Rate (ORR) by Investigator Assessment | tf=From day of registration to the day when PD w | pop=EAS included participants who received at lea | NUMBER/percentage of participant || om4:Phase 1: Disease Control Rate (DCR) by Investigator Assessment | tf=Up to Week 16 | pop=EAS included participants who received at lea | NUMBER/percentage of participant	ctg_results_bor_1999_2009.txt
NCT00946153	phase 2 : lenvatinib :12 mg	2	6|7	6	BASIS_EXISTS	A_DIFFERENT_ENDPOINT	title;timeFrame;populationDescription;paramType/unitOfMeasure	no (smallest index already the ORR-concept measure)		om6:Phase 2: Objective Response Rate (ORR) by Independent Review Assessment | tf=From day of registration to the day when PD w | pop=PPS included all participants in the FAS who  | NUMBER/percentage of participant || om7:Phase 2: Disease Control Rate (DCR) by Independent Review Assessment | tf=Weeks 8 and 16 | pop=PPS included all participants in the FAS show | NUMBER/percentage of participant	ctg_results_bor_1999_2009.txt
NCT00971867	paclitaxel	3	5|6|7	5	BASIS_EXISTS	C_ASSESSMENT_CRITERIA	assessment_criteria;paramType/unitOfMeasure	indeterminate (basis exists; no preregistered direction for this field)		om5:Number of Participants With Best Overall Response Per RECIST Criteria | tf=From the enrollment in CA139-388 (NCT00855764 | pop=All Treated Participants in CA139-388 (NCT008 | NUMBER/Number of Participants || om6:Number of Participants With Best Overall Response Per the General Rules for Clin | tf=From the enrollment in CA139-388 (NCT00855764 | pop=All Treated Participants in CA139-388 (NCT008 | NUMBER/Number of Participants || om7:Duration of Overall Response as Per RECIST Criteria | tf=From the enrollment in CA139-388 (NCT00855764 | pop=All Treated Participants in CA139-388 (NCT008 | MEDIAN/Days	ctg_results_bor_1999_2009.txt
NCT00993499	afa30+sir01	2	1|2	1	BASIS_EXISTS	E_TITLE_SUBSTANTIVE	title	no (smallest index already the ORR-concept measure)		om1:Best Overall Response | tf=From first trial medication intake in the fir | pop=Treated set | NUMBER/Percentage of participant || om2:Objective Response | tf=From first trial medication intake in the fir | pop=Treated set | NUMBER/Percentage of participant	ctg_results_bor_1999_2009.txt
NCT00993499	afa30+sir03	2	1|2	1	BASIS_EXISTS	E_TITLE_SUBSTANTIVE	title	no (smallest index already the ORR-concept measure)		om1:Best Overall Response | tf=From first trial medication intake in the fir | pop=Treated set | NUMBER/Percentage of participant || om2:Objective Response | tf=From first trial medication intake in the fir | pop=Treated set | NUMBER/Percentage of participant	ctg_results_bor_1999_2009.txt
NCT00993499	afa30+sir05	2	1|2	1	BASIS_EXISTS	E_TITLE_SUBSTANTIVE	title	no (smallest index already the ORR-concept measure)		om1:Best Overall Response | tf=From first trial medication intake in the fir | pop=Treated set | NUMBER/Percentage of participant || om2:Objective Response | tf=From first trial medication intake in the fir | pop=Treated set | NUMBER/Percentage of participant	ctg_results_bor_1999_2009.txt
NCT00993499	afa30+sir10	2	1|2	1	BASIS_EXISTS	E_TITLE_SUBSTANTIVE	title	no (smallest index already the ORR-concept measure)		om1:Best Overall Response | tf=From first trial medication intake in the fir | pop=Treated set | NUMBER/Percentage of participant || om2:Objective Response | tf=From first trial medication intake in the fir | pop=Treated set | NUMBER/Percentage of participant	ctg_results_bor_1999_2009.txt
NCT00993499	afa40+sir01	2	1|2	1	BASIS_EXISTS	E_TITLE_SUBSTANTIVE	title	no (smallest index already the ORR-concept measure)		om1:Best Overall Response | tf=From first trial medication intake in the fir | pop=Treated set | NUMBER/Percentage of participant || om2:Objective Response | tf=From first trial medication intake in the fir | pop=Treated set | NUMBER/Percentage of participant	ctg_results_bor_1999_2009.txt
NCT00993499	afa40+sir05	2	1|2	1	BASIS_EXISTS	E_TITLE_SUBSTANTIVE	title	no (smallest index already the ORR-concept measure)		om1:Best Overall Response | tf=From first trial medication intake in the fir | pop=Treated set | NUMBER/Percentage of participant || om2:Objective Response | tf=From first trial medication intake in the fir | pop=Treated set | NUMBER/Percentage of participant	ctg_results_bor_1999_2009.txt
NCT01007942	everolimus + vinorelbine + trastuzumab	2	2|3	2	BASIS_EXISTS	A_DIFFERENT_ENDPOINT	title;assessment_criteria	no (smallest index already the ORR-concept measure)		om2:Overall Response Rate (ORR) | tf=Every 6 weeks until disease progression or de | pop=The Full Analysis Set (FAS) consisted of all  | NUMBER/Percentage of participant || om3:Clinical Benefit Rate (CBR) | tf=Every 6 weeks until disease progression or de | pop=The Full Analysis Set (FAS) consisted of all  | NUMBER/Percentage of participant	ctg_placebo_onc_1999_2009.txt
NCT01007942	placebo + vinorelbine + trastuzumab	2	2|3	2	BASIS_EXISTS	A_DIFFERENT_ENDPOINT	title;assessment_criteria	no (smallest index already the ORR-concept measure)		om2:Overall Response Rate (ORR) | tf=Every 6 weeks until disease progression or de | pop=The Full Analysis Set (FAS) consisted of all  | NUMBER/Percentage of participant || om3:Clinical Benefit Rate (CBR) | tf=Every 6 weeks until disease progression or de | pop=The Full Analysis Set (FAS) consisted of all  | NUMBER/Percentage of participant	ctg_placebo_onc_1999_2009.txt
NCT01030536	chronic lymphocytic leukemia	2	9|11	9	BASIS_EXISTS	D_POPULATION	populationDescription;paramType/unitOfMeasure	indeterminate (basis exists; no preregistered direction for this field)		om9:Percentage of Participants With Objective Response (OR) | tf=Baseline (Day 1) until Final Study Visit Post | pop=Evaluable Population for efficacy included al | NUMBER/Percentage of Participant || om11:Duration of Objective Response (DOR) | tf=Baseline (Day 1) until Final Study Visit Post | pop=Evaluable Population for efficacy included al | MEDIAN/Months	ctg_results_bor_2010_2013.txt
NCT01030536	diffuse large b cell lymphoma	2	9|11	9	BASIS_EXISTS	D_POPULATION	populationDescription;paramType/unitOfMeasure	indeterminate (basis exists; no preregistered direction for this field)		om9:Percentage of Participants With Objective Response (OR) | tf=Baseline (Day 1) until Final Study Visit Post | pop=Evaluable Population for efficacy included al | NUMBER/Percentage of Participant || om11:Duration of Objective Response (DOR) | tf=Baseline (Day 1) until Final Study Visit Post | pop=Evaluable Population for efficacy included al | MEDIAN/Months	ctg_results_bor_2010_2013.txt
NCT01030536	follicular lymphoma	2	9|11	9	BASIS_EXISTS	D_POPULATION	populationDescription;paramType/unitOfMeasure	indeterminate (basis exists; no preregistered direction for this field)		om9:Percentage of Participants With Objective Response (OR) | tf=Baseline (Day 1) until Final Study Visit Post | pop=Evaluable Population for efficacy included al | NUMBER/Percentage of Participant || om11:Duration of Objective Response (DOR) | tf=Baseline (Day 1) until Final Study Visit Post | pop=Evaluable Population for efficacy included al | MEDIAN/Months	ctg_results_bor_2010_2013.txt
NCT01030536	mantle cell lymphoma	2	9|11	9	BASIS_EXISTS	D_POPULATION	populationDescription;paramType/unitOfMeasure	indeterminate (basis exists; no preregistered direction for this field)		om9:Percentage of Participants With Objective Response (OR) | tf=Baseline (Day 1) until Final Study Visit Post | pop=Evaluable Population for efficacy included al | NUMBER/Percentage of Participant || om11:Duration of Objective Response (DOR) | tf=Baseline (Day 1) until Final Study Visit Post | pop=Evaluable Population for efficacy included al | MEDIAN/Months	ctg_results_bor_2010_2013.txt
NCT01059630	bendamustine alone	3	4|6|10	4	BASIS_EXISTS	B_TIMEFRAME	timeFrame;populationDescription	indeterminate (basis exists; no preregistered direction for this field)		om4:Percentage of Participants With Objective Response as Assessed by IRC | tf=Baseline until PD or death, whichever occurre | pop=ITT population. Here, number of participants  | NUMBER/percentage of participant || om6:Percentage of Participants With Best Overall Response (BOR) as Assessed by IRC | tf=Baseline until PD or death, whichever occurre | pop=ITT population. Here, number of participants  | NUMBER/percentage of participant || om10:Percentage of Participants With Objective Response at the End of Induction Treat | tf=Baseline until end of induction treatment (as | pop=ITT population. Here, number of participants  | NUMBER/percentage of participant	ctg_results_bor_2010_2013.txt
NCT01059630	obinutuzumab + bendamustine	3	4|6|10	4	BASIS_EXISTS	B_TIMEFRAME	timeFrame;populationDescription	indeterminate (basis exists; no preregistered direction for this field)		om4:Percentage of Participants With Objective Response as Assessed by IRC | tf=Baseline until PD or death, whichever occurre | pop=ITT population. Here, number of participants  | NUMBER/percentage of participant || om6:Percentage of Participants With Best Overall Response (BOR) as Assessed by IRC | tf=Baseline until PD or death, whichever occurre | pop=ITT population. Here, number of participants  | NUMBER/percentage of participant || om10:Percentage of Participants With Objective Response at the End of Induction Treat | tf=Baseline until end of induction treatment (as | pop=ITT population. Here, number of participants  | NUMBER/percentage of participant	ctg_results_bor_2010_2013.txt
NCT01077713	bevacizumab + gemcitabine	2	6|7	6	BASIS_EXISTS	B_TIMEFRAME	timeFrame	indeterminate (basis exists; no preregistered direction for this field)		om6:Percentage of Participants by Best Overall Response | tf=Baseline; Day 15 of Cycles 3 and 6; Month 6 a | pop=ITT set | NUMBER/percentage of participant || om7:Percentage of Participants With an Objective Response | tf=Cycle 3 Day 15, Cycle 6 Day 15 and at Month 6 | pop=ITT set | NUMBER/percentage of participant	ctg_results_bor_2010_2013.txt
NCT01077713	bevacizumab + gemcitabine + cisplatin	2	6|7	6	BASIS_EXISTS	B_TIMEFRAME	timeFrame	indeterminate (basis exists; no preregistered direction for this field)		om6:Percentage of Participants by Best Overall Response | tf=Baseline; Day 15 of Cycles 3 and 6; Month 6 a | pop=ITT set | NUMBER/percentage of participant || om7:Percentage of Participants With an Objective Response | tf=Cycle 3 Day 15, Cycle 6 Day 15 and at Month 6 | pop=ITT set | NUMBER/percentage of participant	ctg_results_bor_2010_2013.txt
NCT01102426	dexamethasone	2	12|13	12	BASIS_EXISTS	E_TITLE_SUBSTANTIVE	title	no (smallest index already the ORR-concept measure)		om12:Overall Response Rate (Independent Review Committee) | tf=From the date of first documentation of respo | pop= | NUMBER/percentage of participant || om13:Overall Response Rate (Independent Review Committee) Excluding MR | tf=From the date of first documentation of respo | pop= | NUMBER/percentage of participant	ctg_results_bor_2010_2013.txt
NCT01102426	plitidepsin+dexamethasone	2	12|13	12	BASIS_EXISTS	E_TITLE_SUBSTANTIVE	title	no (smallest index already the ORR-concept measure)		om12:Overall Response Rate (Independent Review Committee) | tf=From the date of first documentation of respo | pop= | NUMBER/percentage of participant || om13:Overall Response Rate (Independent Review Committee) Excluding MR | tf=From the date of first documentation of respo | pop= | NUMBER/percentage of participant	ctg_results_bor_2010_2013.txt
NCT01115803	arm a - 100 mg ly2584702 bid + 150 mg erlotinib qd	2	3|6	3	BASIS_EXISTS	A_DIFFERENT_ENDPOINT	title;timeFrame;populationDescription;paramType/unitOfMeasure	no (smallest index already the ORR-concept measure)		om3:Percentage of Participants Achieving Complete Response (CR) or Partial Response  | tf=Baseline to disease progression or death or u | pop=All participants who received at least 1 dose | NUMBER/percentage of participant || om6:Number of Participants With Complete Response (CR), Partial Response (PR) or Sta | tf=Baseline up to 112 Days | pop=All participants who received at least 1 dose | COUNT_OF_PARTICIPANTS/Participants	ctg_results_bor_2010_2013.txt
NCT01115803	arm a - 50 mg ly2584702 qd + 150 mg erlotinib qd	2	3|6	3	BASIS_EXISTS	A_DIFFERENT_ENDPOINT	title;timeFrame;populationDescription;paramType/unitOfMeasure	no (smallest index already the ORR-concept measure)		om3:Percentage of Participants Achieving Complete Response (CR) or Partial Response  | tf=Baseline to disease progression or death or u | pop=All participants who received at least 1 dose | NUMBER/percentage of participant || om6:Number of Participants With Complete Response (CR), Partial Response (PR) or Sta | tf=Baseline up to 112 Days | pop=All participants who received at least 1 dose | COUNT_OF_PARTICIPANTS/Participants	ctg_results_bor_2010_2013.txt
NCT01115803	arm a - 75 mg ly2584702 bid + 150 mg erlotinib qd	2	3|6	3	BASIS_EXISTS	A_DIFFERENT_ENDPOINT	title;timeFrame;populationDescription;paramType/unitOfMeasure	no (smallest index already the ORR-concept measure)		om3:Percentage of Participants Achieving Complete Response (CR) or Partial Response  | tf=Baseline to disease progression or death or u | pop=All participants who received at least 1 dose | NUMBER/percentage of participant || om6:Number of Participants With Complete Response (CR), Partial Response (PR) or Sta | tf=Baseline up to 112 Days | pop=All participants who received at least 1 dose | COUNT_OF_PARTICIPANTS/Participants	ctg_results_bor_2010_2013.txt
NCT01115803	arm b - 100 mg ly2584702 qd + 10 mg everolimus qd	2	3|6	3	BASIS_EXISTS	A_DIFFERENT_ENDPOINT	title;timeFrame;populationDescription;paramType/unitOfMeasure	no (smallest index already the ORR-concept measure)		om3:Percentage of Participants Achieving Complete Response (CR) or Partial Response  | tf=Baseline to disease progression or death or u | pop=All participants who received at least 1 dose | NUMBER/percentage of participant || om6:Number of Participants With Complete Response (CR), Partial Response (PR) or Sta | tf=Baseline up to 112 Days | pop=All participants who received at least 1 dose | COUNT_OF_PARTICIPANTS/Participants	ctg_results_bor_2010_2013.txt
NCT01115803	arm b - 50 mg ly2584702 bid + 10 mg everolimus qd	2	3|6	3	BASIS_EXISTS	A_DIFFERENT_ENDPOINT	title;timeFrame;populationDescription;paramType/unitOfMeasure	no (smallest index already the ORR-concept measure)		om3:Percentage of Participants Achieving Complete Response (CR) or Partial Response  | tf=Baseline to disease progression or death or u | pop=All participants who received at least 1 dose | NUMBER/percentage of participant || om6:Number of Participants With Complete Response (CR), Partial Response (PR) or Sta | tf=Baseline up to 112 Days | pop=All participants who received at least 1 dose | COUNT_OF_PARTICIPANTS/Participants	ctg_results_bor_2010_2013.txt
NCT01115803	arm b - 50 mg ly2584702 qd + 10 mg everolimus qd	2	3|6	3	BASIS_EXISTS	A_DIFFERENT_ENDPOINT	title;timeFrame;populationDescription;paramType/unitOfMeasure	no (smallest index already the ORR-concept measure)		om3:Percentage of Participants Achieving Complete Response (CR) or Partial Response  | tf=Baseline to disease progression or death or u | pop=All participants who received at least 1 dose | NUMBER/percentage of participant || om6:Number of Participants With Complete Response (CR), Partial Response (PR) or Sta | tf=Baseline up to 112 Days | pop=All participants who received at least 1 dose | COUNT_OF_PARTICIPANTS/Participants	ctg_results_bor_2010_2013.txt
NCT01121393	afatinib 40 milligram (mg)	2	1|4	1	BASIS_EXISTS	D_POPULATION	populationDescription	indeterminate (basis exists; no preregistered direction for this field)		om1:Objective Response (OR) | tf=Tumour assessment were performed at screening | pop=The randomised set. | NUMBER/percentage of participant || om4:Time to Objective Response (OR) | tf=Tumour assessment were performed at screening | pop=The RS included all patients randomised to re | NUMBER/percentage of participant	ctg_results_bor_2010_2013.txt
NCT01121393	gemcitabine / cisplatin chemotherapy	2	1|4	1	BASIS_EXISTS	D_POPULATION	populationDescription	indeterminate (basis exists; no preregistered direction for this field)		om1:Objective Response (OR) | tf=Tumour assessment were performed at screening | pop=The randomised set. | NUMBER/percentage of participant || om4:Time to Objective Response (OR) | tf=Tumour assessment were performed at screening | pop=The RS included all patients randomised to re | NUMBER/percentage of participant	ctg_results_bor_2010_2013.txt
NCT01128842	neratinib + capecitabine	2	1|2	1	BASIS_EXISTS	E_TITLE_SUBSTANTIVE	title;paramType/unitOfMeasure	no (smallest index already the ORR-concept measure)		om1:Best Overall Response | tf=From first dose date to progression or last t | pop=All subjects who met Inclusion and Exclusion  | COUNT_OF_PARTICIPANTS/Participants || om2:Objective Response Rate | tf=From first dose date to progression or last t | pop=All subjects who met Inclusion and Exclusion  | NUMBER/percentage of participant	ctg_results_bor_2010_2013.txt
NCT01131078	bevacizumab + capecitabine (1250 mg/m^2)	2	10|11	10	BASIS_EXISTS	E_TITLE_SUBSTANTIVE	title	no (smallest index already the ORR-concept measure)		om10:Percentage of Participants by Best Overall Response | tf=Randomization, Weeks 3, 6 and 9, and every 3  | pop=ITT Population; All participants with evaluab | NUMBER/percentage of participant || om11:Percentage of Participants With a Best Overall Response of CR or PR | tf=Randomization, Weeks 3, 6 and 9, and every 3  | pop=ITT Population; All participants with evaluab | NUMBER/percentage of participant	ctg_results_bor_1999_2009.txt
NCT01131078	bevacizumab + capecitabine (650 mg/m^2)	2	10|11	10	BASIS_EXISTS	E_TITLE_SUBSTANTIVE	title	no (smallest index already the ORR-concept measure)		om10:Percentage of Participants by Best Overall Response | tf=Randomization, Weeks 3, 6 and 9, and every 3  | pop=ITT Population; All participants with evaluab | NUMBER/percentage of participant || om11:Percentage of Participants With a Best Overall Response of CR or PR | tf=Randomization, Weeks 3, 6 and 9, and every 3  | pop=ITT Population; All participants with evaluab | NUMBER/percentage of participant	ctg_results_bor_1999_2009.txt
NCT01131078	bevacizumab + irinotecan + capecitabine (1000 mg/m^2)	2	10|11	10	BASIS_EXISTS	E_TITLE_SUBSTANTIVE	title	no (smallest index already the ORR-concept measure)		om10:Percentage of Participants by Best Overall Response | tf=Randomization, Weeks 3, 6 and 9, and every 3  | pop=ITT Population; All participants with evaluab | NUMBER/percentage of participant || om11:Percentage of Participants With a Best Overall Response of CR or PR | tf=Randomization, Weeks 3, 6 and 9, and every 3  | pop=ITT Population; All participants with evaluab | NUMBER/percentage of participant	ctg_results_bor_1999_2009.txt
NCT01136733	phase 1b (cohort 1): 12 mg lenvatinib plus 5 mg everolimus	3	4|5|7	4	BASIS_EXISTS	A_DIFFERENT_ENDPOINT	title;timeFrame	no (smallest index already the ORR-concept measure)		om4:Phase 2: Objective Response Rate (ORR) | tf=Randomization (Cycle 1 Day 1) until first evi | pop=Full analysis set which included all randomiz | NUMBER/Percentage of participant || om5:Disease Control Rate (DCR) | tf=Baseline (Randomization) to first evidence of | pop=Full analysis set which included all randomiz | NUMBER/Percentage of participant || om7:Clinical Benefit Rate (CBR) | tf=Baseline (Randomization) to first evidence of | pop=Full analysis set which included all randomiz | NUMBER/Percentage of participant	ctg_results_bor_2010_2013.txt
NCT01136733	phase 1b (cohort 2): 18 mg lenvatinib plus 5 mg everolimus	3	4|5|7	4	BASIS_EXISTS	A_DIFFERENT_ENDPOINT	title;timeFrame	no (smallest index already the ORR-concept measure)		om4:Phase 2: Objective Response Rate (ORR) | tf=Randomization (Cycle 1 Day 1) until first evi | pop=Full analysis set which included all randomiz | NUMBER/Percentage of participant || om5:Disease Control Rate (DCR) | tf=Baseline (Randomization) to first evidence of | pop=Full analysis set which included all randomiz | NUMBER/Percentage of participant || om7:Clinical Benefit Rate (CBR) | tf=Baseline (Randomization) to first evidence of | pop=Full analysis set which included all randomiz | NUMBER/Percentage of participant	ctg_results_bor_2010_2013.txt
NCT01136733	phase 1b (cohort 3): 24 mg lenvatinib plus 5 mg everolimus	3	4|5|7	4	BASIS_EXISTS	A_DIFFERENT_ENDPOINT	title;timeFrame	no (smallest index already the ORR-concept measure)		om4:Phase 2: Objective Response Rate (ORR) | tf=Randomization (Cycle 1 Day 1) until first evi | pop=Full analysis set which included all randomiz | NUMBER/Percentage of participant || om5:Disease Control Rate (DCR) | tf=Baseline (Randomization) to first evidence of | pop=Full analysis set which included all randomiz | NUMBER/Percentage of participant || om7:Clinical Benefit Rate (CBR) | tf=Baseline (Randomization) to first evidence of | pop=Full analysis set which included all randomiz | NUMBER/Percentage of participant	ctg_results_bor_2010_2013.txt
NCT01136733	phase 1b (cohort 4): 24 mg lenvatinib plus 10 mg everolimus	3	4|5|7	4	BASIS_EXISTS	A_DIFFERENT_ENDPOINT	title;timeFrame	no (smallest index already the ORR-concept measure)		om4:Phase 2: Objective Response Rate (ORR) | tf=Randomization (Cycle 1 Day 1) until first evi | pop=Full analysis set which included all randomiz | NUMBER/Percentage of participant || om5:Disease Control Rate (DCR) | tf=Baseline (Randomization) to first evidence of | pop=Full analysis set which included all randomiz | NUMBER/Percentage of participant || om7:Clinical Benefit Rate (CBR) | tf=Baseline (Randomization) to first evidence of | pop=Full analysis set which included all randomiz | NUMBER/Percentage of participant	ctg_results_bor_2010_2013.txt
NCT01136733	phase 2 (arm a): 18 mg lenvatinib plus 5 mg everolimus	3	4|5|7	4	BASIS_EXISTS	A_DIFFERENT_ENDPOINT	title;timeFrame	no (smallest index already the ORR-concept measure)		om4:Phase 2: Objective Response Rate (ORR) | tf=Randomization (Cycle 1 Day 1) until first evi | pop=Full analysis set which included all randomiz | NUMBER/Percentage of participant || om5:Disease Control Rate (DCR) | tf=Baseline (Randomization) to first evidence of | pop=Full analysis set which included all randomiz | NUMBER/Percentage of participant || om7:Clinical Benefit Rate (CBR) | tf=Baseline (Randomization) to first evidence of | pop=Full analysis set which included all randomiz | NUMBER/Percentage of participant	ctg_results_bor_2010_2013.txt
NCT01136733	phase 2 (arm b): 24 mg lenvatinib	3	4|5|7	4	BASIS_EXISTS	A_DIFFERENT_ENDPOINT	title;timeFrame	no (smallest index already the ORR-concept measure)		om4:Phase 2: Objective Response Rate (ORR) | tf=Randomization (Cycle 1 Day 1) until first evi | pop=Full analysis set which included all randomiz | NUMBER/Percentage of participant || om5:Disease Control Rate (DCR) | tf=Baseline (Randomization) to first evidence of | pop=Full analysis set which included all randomiz | NUMBER/Percentage of participant || om7:Clinical Benefit Rate (CBR) | tf=Baseline (Randomization) to first evidence of | pop=Full analysis set which included all randomiz | NUMBER/Percentage of participant	ctg_results_bor_2010_2013.txt
NCT01136733	phase 2 (arm c): 10 mg everolimus	3	4|5|7	4	BASIS_EXISTS	A_DIFFERENT_ENDPOINT	title;timeFrame	no (smallest index already the ORR-concept measure)		om4:Phase 2: Objective Response Rate (ORR) | tf=Randomization (Cycle 1 Day 1) until first evi | pop=Full analysis set which included all randomiz | NUMBER/Percentage of participant || om5:Disease Control Rate (DCR) | tf=Baseline (Randomization) to first evidence of | pop=Full analysis set which included all randomiz | NUMBER/Percentage of participant || om7:Clinical Benefit Rate (CBR) | tf=Baseline (Randomization) to first evidence of | pop=Full analysis set which included all randomiz | NUMBER/Percentage of participant	ctg_results_bor_2010_2013.txt
NCT01137604	cohort 1 - bevacizumab	3	0|3|4	0	BASIS_EXISTS	A_DIFFERENT_ENDPOINT	title;timeFrame;assessment_criteria;populationDescription	no (smallest index already the ORR-concept measure)		om0:Objective Response Rate (ORR) | tf=From date of randomization (Cohort 1) or firs | pop=Full Analysis Set included all participants w | NUMBER/Percentage of participant || om3:Disease Control Rate (DCR) | tf=From date of randomization (Cohort 1) or firs | pop=Full Analysis Set - all participants who rece | NUMBER/Percentage of participant || om4:Clinical Benefit Rate (CBR) | tf=From date of randomization (Cohort 1) or firs | pop=Full Analysis Set - all participants who rece | NUMBER/Percentage of participant	ctg_results_bor_2010_2013.txt
NCT01137604	cohort 1 - lenvatinib	3	0|3|4	0	BASIS_EXISTS	A_DIFFERENT_ENDPOINT	title;timeFrame;assessment_criteria;populationDescription	no (smallest index already the ORR-concept measure)		om0:Objective Response Rate (ORR) | tf=From date of randomization (Cohort 1) or firs | pop=Full Analysis Set included all participants w | NUMBER/Percentage of participant || om3:Disease Control Rate (DCR) | tf=From date of randomization (Cohort 1) or firs | pop=Full Analysis Set - all participants who rece | NUMBER/Percentage of participant || om4:Clinical Benefit Rate (CBR) | tf=From date of randomization (Cohort 1) or firs | pop=Full Analysis Set - all participants who rece | NUMBER/Percentage of participant	ctg_results_bor_2010_2013.txt
NCT01137604	cohort 2 - lenvatinib	3	0|3|4	0	BASIS_EXISTS	A_DIFFERENT_ENDPOINT	title;timeFrame;assessment_criteria;populationDescription	no (smallest index already the ORR-concept measure)		om0:Objective Response Rate (ORR) | tf=From date of randomization (Cohort 1) or firs | pop=Full Analysis Set included all participants w | NUMBER/Percentage of participant || om3:Disease Control Rate (DCR) | tf=From date of randomization (Cohort 1) or firs | pop=Full Analysis Set - all participants who rece | NUMBER/Percentage of participant || om4:Clinical Benefit Rate (CBR) | tf=From date of randomization (Cohort 1) or firs | pop=Full Analysis Set - all participants who rece | NUMBER/Percentage of participant	ctg_results_bor_2010_2013.txt
NCT01137604	cohort 3 - lenvatinib	3	0|3|4	0	BASIS_EXISTS	A_DIFFERENT_ENDPOINT	title;timeFrame;assessment_criteria;populationDescription	no (smallest index already the ORR-concept measure)		om0:Objective Response Rate (ORR) | tf=From date of randomization (Cohort 1) or firs | pop=Full Analysis Set included all participants w | NUMBER/Percentage of participant || om3:Disease Control Rate (DCR) | tf=From date of randomization (Cohort 1) or firs | pop=Full Analysis Set - all participants who rece | NUMBER/Percentage of participant || om4:Clinical Benefit Rate (CBR) | tf=From date of randomization (Cohort 1) or firs | pop=Full Analysis Set - all participants who rece | NUMBER/Percentage of participant	ctg_results_bor_2010_2013.txt
NCT01168973	placebo and docetaxel	2	2|3	2	BASIS_EXISTS	A_DIFFERENT_ENDPOINT	title	no (smallest index already the ORR-concept measure)		om2:Percentage of Participants Achieving an Objective Response (Objective Response R | tf=Baseline to measured PD (up to 29 months) | pop=ITT population: All randomized participants g | NUMBER/percentage of participant || om3:Percentage of Participants Achieving Disease Control (Disease Control Rate) | tf=Baseline to measured PD (up to 29 months) | pop=ITT population: All randomized participants g | NUMBER/percentage of participant	ctg_placebo_onc_2010_2013.txt
NCT01168973	ramucirumab and docetaxel	2	2|3	2	BASIS_EXISTS	A_DIFFERENT_ENDPOINT	title	no (smallest index already the ORR-concept measure)		om2:Percentage of Participants Achieving an Objective Response (Objective Response R | tf=Baseline to measured PD (up to 29 months) | pop=ITT population: All randomized participants g | NUMBER/percentage of participant || om3:Percentage of Participants Achieving Disease Control (Disease Control Rate) | tf=Baseline to measured PD (up to 29 months) | pop=ITT population: All randomized participants g | NUMBER/percentage of participant	ctg_placebo_onc_2010_2013.txt
NCT01177956	cetuximab + cisplatin + 5-fu	2	0|5	0	BASIS_EXISTS	B_TIMEFRAME	timeFrame;assessment_criteria;populationDescription	indeterminate (basis exists; no preregistered direction for this field)		om0:Best Overall Response (BOR) Until Cut-off Date 25 January 2011 | tf=Evaluations were performed every 6 weeks unti | pop=ITT population included all participants who  | NUMBER/percentage of participant || om5:Best Overall Response (BOR) Until Cut-off Date 15 November 2012 | tf=Evaluations were performed every 6 weeks unti | pop=ITT population included all participants who  | NUMBER/percentage of participant	ctg_results_bor_1999_2009.txt
NCT01183858	erlotinib 150 mg	2	2|3	2	BASIS_EXISTS	A_DIFFERENT_ENDPOINT	title;assessment_criteria	no (smallest index already the ORR-concept measure)		om2:Overall Response Rate (ORR) | tf=Randomization to Clinical Cutoff: 28 October  | pop=Intent-to-treat Population included all rando | NUMBER/percentage of participant || om3:Disease Control Rate (DCR) | tf=Randomization to Clinical Cutoff: 28 October  | pop=Intent-to-treat Population included all rando | NUMBER/percentage of participant	ctg_results_bor_2010_2013.txt
NCT01183858	erlotinib 300 mg	2	2|3	2	BASIS_EXISTS	A_DIFFERENT_ENDPOINT	title;assessment_criteria	no (smallest index already the ORR-concept measure)		om2:Overall Response Rate (ORR) | tf=Randomization to Clinical Cutoff: 28 October  | pop=Intent-to-treat Population included all rando | NUMBER/percentage of participant || om3:Disease Control Rate (DCR) | tf=Randomization to Clinical Cutoff: 28 October  | pop=Intent-to-treat Population included all rando | NUMBER/percentage of participant	ctg_results_bor_2010_2013.txt
NCT01234337	placebo + capecitabine	2	3|4	3	BASIS_EXISTS	A_DIFFERENT_ENDPOINT	title	no (smallest index already the ORR-concept measure)		om3:Objective Response Rate (ORR) by Central Review | tf=From randomization of the first participant u | pop=FAS | NUMBER/Percentage (%) of partici || om4:Disease Control Rate (DCR) by Central Review | tf=From randomization of the first participant u | pop=FAS | NUMBER/percentage (%) of partici	ctg_placebo_onc_2010_2013.txt
NCT01234337	sorafenib (nexavar, bay43-9006) + capecitabine	2	3|4	3	BASIS_EXISTS	A_DIFFERENT_ENDPOINT	title	no (smallest index already the ORR-concept measure)		om3:Objective Response Rate (ORR) by Central Review | tf=From randomization of the first participant u | pop=FAS | NUMBER/Percentage (%) of partici || om4:Disease Control Rate (DCR) by Central Review | tf=From randomization of the first participant u | pop=FAS | NUMBER/percentage (%) of partici	ctg_placebo_onc_2010_2013.txt
NCT01248936	overall trial	2	2|3	2	BASIS_EXISTS	E_TITLE_SUBSTANTIVE	title	no (smallest index already the ORR-concept measure)		om2:Number of Participants With Best Overall Response (Confirmed) | tf=Up to 1 year | pop=The efficacy population was defined as treate | NUMBER/Participants || om3:Number of Participants With Best Overall Response (Confirmed) by ECOG Performanc | tf=Up to 1 year | pop=The efficacy population was defined as treate | NUMBER/Participants	ctg_results_bor_2010_2013.txt
NCT01251653	afatinib 30mg and docetaxel 60mg	3	2|4|5	2	BASIS_EXISTS	B_TIMEFRAME	timeFrame;assessment_criteria	indeterminate (basis exists; no preregistered direction for this field)		om2:Best Overall Response According to RECIST v1.1 Criteria | tf=From first drug administration until 28 days  | pop=TS | NUMBER/Participants || om4:Objective Response According to RECIST v1.1 | tf=From first drug administration until 28 days  | pop=TS | NUMBER/Participants || om5:Time to Objective Response According to RECIST v1.1 | tf=6 weeks, 12 weeks and 24 weeks | pop=TS | NUMBER/Participants	ctg_results_bor_2010_2013.txt
NCT01251653	afatinib 30mg and docetaxel 75mg	3	2|4|5	2	BASIS_EXISTS	B_TIMEFRAME	timeFrame;assessment_criteria	indeterminate (basis exists; no preregistered direction for this field)		om2:Best Overall Response According to RECIST v1.1 Criteria | tf=From first drug administration until 28 days  | pop=TS | NUMBER/Participants || om4:Objective Response According to RECIST v1.1 | tf=From first drug administration until 28 days  | pop=TS | NUMBER/Participants || om5:Time to Objective Response According to RECIST v1.1 | tf=6 weeks, 12 weeks and 24 weeks | pop=TS | NUMBER/Participants	ctg_results_bor_2010_2013.txt
NCT01251653	afatinib 30mg and gemcitabine 1000mg	3	2|4|5	2	BASIS_EXISTS	B_TIMEFRAME	timeFrame;assessment_criteria	indeterminate (basis exists; no preregistered direction for this field)		om2:Best Overall Response According to RECIST v1.1 Criteria | tf=From first drug administration until 28 days  | pop=TS | NUMBER/Participants || om4:Objective Response According to RECIST v1.1 | tf=From first drug administration until 28 days  | pop=TS | NUMBER/Participants || om5:Time to Objective Response According to RECIST v1.1 | tf=6 weeks, 12 weeks and 24 weeks | pop=TS | NUMBER/Participants	ctg_results_bor_2010_2013.txt
NCT01251653	afatinib 30mg and gemcitabine 1250mg	3	2|4|5	2	BASIS_EXISTS	B_TIMEFRAME	timeFrame;assessment_criteria	indeterminate (basis exists; no preregistered direction for this field)		om2:Best Overall Response According to RECIST v1.1 Criteria | tf=From first drug administration until 28 days  | pop=TS | NUMBER/Participants || om4:Objective Response According to RECIST v1.1 | tf=From first drug administration until 28 days  | pop=TS | NUMBER/Participants || om5:Time to Objective Response According to RECIST v1.1 | tf=6 weeks, 12 weeks and 24 weeks | pop=TS | NUMBER/Participants	ctg_results_bor_2010_2013.txt
NCT01251653	afatinib 40mg and docetaxel 75mg	3	2|4|5	2	BASIS_EXISTS	B_TIMEFRAME	timeFrame;assessment_criteria	indeterminate (basis exists; no preregistered direction for this field)		om2:Best Overall Response According to RECIST v1.1 Criteria | tf=From first drug administration until 28 days  | pop=TS | NUMBER/Participants || om4:Objective Response According to RECIST v1.1 | tf=From first drug administration until 28 days  | pop=TS | NUMBER/Participants || om5:Time to Objective Response According to RECIST v1.1 | tf=6 weeks, 12 weeks and 24 weeks | pop=TS | NUMBER/Participants	ctg_results_bor_2010_2013.txt
NCT01251653	afatinib 40mg and gemcitabine 1000mg	3	2|4|5	2	BASIS_EXISTS	B_TIMEFRAME	timeFrame;assessment_criteria	indeterminate (basis exists; no preregistered direction for this field)		om2:Best Overall Response According to RECIST v1.1 Criteria | tf=From first drug administration until 28 days  | pop=TS | NUMBER/Participants || om4:Objective Response According to RECIST v1.1 | tf=From first drug administration until 28 days  | pop=TS | NUMBER/Participants || om5:Time to Objective Response According to RECIST v1.1 | tf=6 weeks, 12 weeks and 24 weeks | pop=TS | NUMBER/Participants	ctg_results_bor_2010_2013.txt
NCT01251653	afatinib 40mg and gemcitabine 1250mg	3	2|4|5	2	BASIS_EXISTS	B_TIMEFRAME	timeFrame;assessment_criteria	indeterminate (basis exists; no preregistered direction for this field)		om2:Best Overall Response According to RECIST v1.1 Criteria | tf=From first drug administration until 28 days  | pop=TS | NUMBER/Participants || om4:Objective Response According to RECIST v1.1 | tf=From first drug administration until 28 days  | pop=TS | NUMBER/Participants || om5:Time to Objective Response According to RECIST v1.1 | tf=6 weeks, 12 weeks and 24 weeks | pop=TS | NUMBER/Participants	ctg_results_bor_2010_2013.txt
NCT01251653	afatinib 50mg and docetaxel 75mg	3	2|4|5	2	BASIS_EXISTS	B_TIMEFRAME	timeFrame;assessment_criteria	indeterminate (basis exists; no preregistered direction for this field)		om2:Best Overall Response According to RECIST v1.1 Criteria | tf=From first drug administration until 28 days  | pop=TS | NUMBER/Participants || om4:Objective Response According to RECIST v1.1 | tf=From first drug administration until 28 days  | pop=TS | NUMBER/Participants || om5:Time to Objective Response According to RECIST v1.1 | tf=6 weeks, 12 weeks and 24 weeks | pop=TS | NUMBER/Participants	ctg_results_bor_2010_2013.txt
NCT01251653	afatinib 50mg and gemcitabine 1250mg	3	2|4|5	2	BASIS_EXISTS	B_TIMEFRAME	timeFrame;assessment_criteria	indeterminate (basis exists; no preregistered direction for this field)		om2:Best Overall Response According to RECIST v1.1 Criteria | tf=From first drug administration until 28 days  | pop=TS | NUMBER/Participants || om4:Objective Response According to RECIST v1.1 | tf=From first drug administration until 28 days  | pop=TS | NUMBER/Participants || om5:Time to Objective Response According to RECIST v1.1 | tf=6 weeks, 12 weeks and 24 weeks | pop=TS | NUMBER/Participants	ctg_results_bor_2010_2013.txt
NCT01253668	arm 1	2	1|4	1	BASIS_EXISTS	E_TITLE_SUBSTANTIVE	title	no (smallest index already the ORR-concept measure)		om1:Best Overall Response Rated for Each Patients as Assessed by RECIST 1.1 Guidelin | tf=Every 8 weeks | pop=The study was terminated, and the PI has left | / || om4:Response Rate for All Patients | tf=Every 8 weeks | pop=The study was terminated, and the PI has left | /	ctg_results_bor_2010_2013.txt
NCT01268566	medi-575, 25 mg/kg	2	1|2	1	BASIS_EXISTS	E_TITLE_SUBSTANTIVE	title	no (smallest index already the ORR-concept measure)		om1:Percentage of Participants With Best Overall Response | tf=Study entry through the end of the study, up  | pop=ITT population | NUMBER/Percentage of participant || om2:Percentage of Participants With Objective Response | tf=Study entry through the end of the study, up  | pop=ITT population | NUMBER/Percentage of participant	ctg_results_bor_2010_2013.txt
NCT01271712	placebo	2	4|5	4	BASIS_EXISTS	A_DIFFERENT_ENDPOINT	title;timeFrame	no (smallest index already the ORR-concept measure)		om4:Objective Response Rate | tf=From randomization of the first subject until | pop=Full Analysis Set (FAS) | NUMBER/Percentage of Participant || om5:Disease Control Rate (DCR) | tf=From randomization of the first subject until | pop=Full Analysis Set (FAS) | NUMBER/Percentage of Participant	ctg_placebo_onc_2010_2013.txt
NCT01271712	regorafenib (stivarga, bay73-4506)	2	4|5	4	BASIS_EXISTS	A_DIFFERENT_ENDPOINT	title;timeFrame	no (smallest index already the ORR-concept measure)		om4:Objective Response Rate | tf=From randomization of the first subject until | pop=Full Analysis Set (FAS) | NUMBER/Percentage of Participant || om5:Disease Control Rate (DCR) | tf=From randomization of the first subject until | pop=Full Analysis Set (FAS) | NUMBER/Percentage of Participant	ctg_placebo_onc_2010_2013.txt
NCT01278615	treatment (selumetinib)	2	0|6	0	BASIS_EXISTS	A_DIFFERENT_ENDPOINT	title;paramType/unitOfMeasure	no (smallest index already the ORR-concept measure)		om0:Response Rate (Complete Response [CR] and Partial Response [PR]) in Patients Tre | tf=Up to 3 years | pop= | NUMBER/percentage of response || om6:Disease Control Rate (Complete Response [CR], Partial Response [PR], and Stable  | tf=Up to 3 years | pop= | NUMBER/percentage of disease con	ctg_results_bor_2010_2013.txt
NCT01311687	high-dose dexamethasone	2	6|7	6	BASIS_EXISTS	C_ASSESSMENT_CRITERIA	assessment_criteria	indeterminate (basis exists; no preregistered direction for this field)		om6:Percentage of Participants With an Objective Response According to International | tf=From randomization until the data cut-off dat | pop=Intent-to-treat population | NUMBER/percentage of participant || om7:Percentage of Participants With Objective Response According to European Group f | tf=From randomization until the data cut-off dat | pop=Intent-to-treat population | NUMBER/percentage of participant	ctg_results_bor_2010_2013.txt
NCT01311687	pomalidomide plus low-dose dexamethasone	2	6|7	6	BASIS_EXISTS	C_ASSESSMENT_CRITERIA	assessment_criteria	indeterminate (basis exists; no preregistered direction for this field)		om6:Percentage of Participants With an Objective Response According to International | tf=From randomization until the data cut-off dat | pop=Intent-to-treat population | NUMBER/percentage of participant || om7:Percentage of Participants With Objective Response According to European Group f | tf=From randomization until the data cut-off dat | pop=Intent-to-treat population | NUMBER/percentage of participant	ctg_results_bor_2010_2013.txt
NCT01317615	rad001 plus paclitaxel/carboplatin	2	2|3	2	BASIS_EXISTS	A_DIFFERENT_ENDPOINT	title	no (smallest index already the ORR-concept measure)		om2:Percentage of Participants With Overall Response Rate (ORR) | tf=3 months | pop=All participants were included in the analysi | NUMBER/Percentage of participant || om3:Percentage of Participants With Disease Control Rate (DCR) | tf=3 months | pop=All participants were included in the analysi | NUMBER/Percentage of participant	ctg_results_bor_2010_2013.txt
NCT01324830	schedule a bi 847325 120 mg (a10)	2	1|2	1	BASIS_EXISTS	B_TIMEFRAME	timeFrame	indeterminate (basis exists; no preregistered direction for this field)		om1:Best Overall Response | tf=From the start of treatment until the last ev | pop=TS | NUMBER/Participants || om2:Objective Response | tf=From the start of treatment and the earliest  | pop=TS | NUMBER/Participants	ctg_results_bor_2010_2013.txt
NCT01324830	schedule a bi 847325 13 mg (a3)	2	1|2	1	BASIS_EXISTS	B_TIMEFRAME	timeFrame	indeterminate (basis exists; no preregistered direction for this field)		om1:Best Overall Response | tf=From the start of treatment until the last ev | pop=TS | NUMBER/Participants || om2:Objective Response | tf=From the start of treatment and the earliest  | pop=TS | NUMBER/Participants	ctg_results_bor_2010_2013.txt
NCT01324830	schedule a bi 847325 160 mg (a11)	2	1|2	1	BASIS_EXISTS	B_TIMEFRAME	timeFrame	indeterminate (basis exists; no preregistered direction for this field)		om1:Best Overall Response | tf=From the start of treatment until the last ev | pop=TS | NUMBER/Participants || om2:Objective Response | tf=From the start of treatment and the earliest  | pop=TS | NUMBER/Participants	ctg_results_bor_2010_2013.txt
NCT01324830	schedule a bi 847325 19 mg (a4)	2	1|2	1	BASIS_EXISTS	B_TIMEFRAME	timeFrame	indeterminate (basis exists; no preregistered direction for this field)		om1:Best Overall Response | tf=From the start of treatment until the last ev | pop=TS | NUMBER/Participants || om2:Objective Response | tf=From the start of treatment and the earliest  | pop=TS | NUMBER/Participants	ctg_results_bor_2010_2013.txt
NCT01324830	schedule a bi 847325 26 mg (a5)	2	1|2	1	BASIS_EXISTS	B_TIMEFRAME	timeFrame	indeterminate (basis exists; no preregistered direction for this field)		om1:Best Overall Response | tf=From the start of treatment until the last ev | pop=TS | NUMBER/Participants || om2:Objective Response | tf=From the start of treatment and the earliest  | pop=TS | NUMBER/Participants	ctg_results_bor_2010_2013.txt
NCT01324830	schedule a bi 847325 33 mg (a6)	2	1|2	1	BASIS_EXISTS	B_TIMEFRAME	timeFrame	indeterminate (basis exists; no preregistered direction for this field)		om1:Best Overall Response | tf=From the start of treatment until the last ev | pop=TS | NUMBER/Participants || om2:Objective Response | tf=From the start of treatment and the earliest  | pop=TS | NUMBER/Participants	ctg_results_bor_2010_2013.txt
NCT01324830	schedule a bi 847325 46 mg (a7)	2	1|2	1	BASIS_EXISTS	B_TIMEFRAME	timeFrame	indeterminate (basis exists; no preregistered direction for this field)		om1:Best Overall Response | tf=From the start of treatment until the last ev | pop=TS | NUMBER/Participants || om2:Objective Response | tf=From the start of treatment and the earliest  | pop=TS | NUMBER/Participants	ctg_results_bor_2010_2013.txt
NCT01324830	schedule a bi 847325 6 mg (a1)	2	1|2	1	BASIS_EXISTS	B_TIMEFRAME	timeFrame	indeterminate (basis exists; no preregistered direction for this field)		om1:Best Overall Response | tf=From the start of treatment until the last ev | pop=TS | NUMBER/Participants || om2:Objective Response | tf=From the start of treatment and the earliest  | pop=TS | NUMBER/Participants	ctg_results_bor_2010_2013.txt
NCT01324830	schedule a bi 847325 63 mg (a8)	2	1|2	1	BASIS_EXISTS	B_TIMEFRAME	timeFrame	indeterminate (basis exists; no preregistered direction for this field)		om1:Best Overall Response | tf=From the start of treatment until the last ev | pop=TS | NUMBER/Participants || om2:Objective Response | tf=From the start of treatment and the earliest  | pop=TS | NUMBER/Participants	ctg_results_bor_2010_2013.txt
NCT01324830	schedule a bi 847325 86 mg (a9)	2	1|2	1	BASIS_EXISTS	B_TIMEFRAME	timeFrame	indeterminate (basis exists; no preregistered direction for this field)		om1:Best Overall Response | tf=From the start of treatment until the last ev | pop=TS | NUMBER/Participants || om2:Objective Response | tf=From the start of treatment and the earliest  | pop=TS | NUMBER/Participants	ctg_results_bor_2010_2013.txt
NCT01324830	schedule a total (total a)	2	1|2	1	BASIS_EXISTS	B_TIMEFRAME	timeFrame	indeterminate (basis exists; no preregistered direction for this field)		om1:Best Overall Response | tf=From the start of treatment until the last ev | pop=TS | NUMBER/Participants || om2:Objective Response | tf=From the start of treatment and the earliest  | pop=TS | NUMBER/Participants	ctg_results_bor_2010_2013.txt
NCT01324830	schedule b bi 847325 12 mg (b2)	2	1|2	1	BASIS_EXISTS	B_TIMEFRAME	timeFrame	indeterminate (basis exists; no preregistered direction for this field)		om1:Best Overall Response | tf=From the start of treatment until the last ev | pop=TS | NUMBER/Participants || om2:Objective Response | tf=From the start of treatment and the earliest  | pop=TS | NUMBER/Participants	ctg_results_bor_2010_2013.txt
NCT01324830	schedule b bi 847325 130 mg (b7)	2	1|2	1	BASIS_EXISTS	B_TIMEFRAME	timeFrame	indeterminate (basis exists; no preregistered direction for this field)		om1:Best Overall Response | tf=From the start of treatment until the last ev | pop=TS | NUMBER/Participants || om2:Objective Response | tf=From the start of treatment and the earliest  | pop=TS | NUMBER/Participants	ctg_results_bor_2010_2013.txt
NCT01324830	schedule b bi 847325 150 mg (b8)	2	1|2	1	BASIS_EXISTS	B_TIMEFRAME	timeFrame	indeterminate (basis exists; no preregistered direction for this field)		om1:Best Overall Response | tf=From the start of treatment until the last ev | pop=TS | NUMBER/Participants || om2:Objective Response | tf=From the start of treatment and the earliest  | pop=TS | NUMBER/Participants	ctg_results_bor_2010_2013.txt
NCT01324830	schedule b bi 847325 180 mg (b6)	2	1|2	1	BASIS_EXISTS	B_TIMEFRAME	timeFrame	indeterminate (basis exists; no preregistered direction for this field)		om1:Best Overall Response | tf=From the start of treatment until the last ev | pop=TS | NUMBER/Participants || om2:Objective Response | tf=From the start of treatment and the earliest  | pop=TS | NUMBER/Participants	ctg_results_bor_2010_2013.txt
NCT01324830	schedule b bi 847325 23 mg (b3)	2	1|2	1	BASIS_EXISTS	B_TIMEFRAME	timeFrame	indeterminate (basis exists; no preregistered direction for this field)		om1:Best Overall Response | tf=From the start of treatment until the last ev | pop=TS | NUMBER/Participants || om2:Objective Response | tf=From the start of treatment and the earliest  | pop=TS | NUMBER/Participants	ctg_results_bor_2010_2013.txt
NCT01324830	schedule b bi 847325 46 mg (b4)	2	1|2	1	BASIS_EXISTS	B_TIMEFRAME	timeFrame	indeterminate (basis exists; no preregistered direction for this field)		om1:Best Overall Response | tf=From the start of treatment until the last ev | pop=TS | NUMBER/Participants || om2:Objective Response | tf=From the start of treatment and the earliest  | pop=TS | NUMBER/Participants	ctg_results_bor_2010_2013.txt
NCT01324830	schedule b bi 847325 6 mg (b1)	2	1|2	1	BASIS_EXISTS	B_TIMEFRAME	timeFrame	indeterminate (basis exists; no preregistered direction for this field)		om1:Best Overall Response | tf=From the start of treatment until the last ev | pop=TS | NUMBER/Participants || om2:Objective Response | tf=From the start of treatment and the earliest  | pop=TS | NUMBER/Participants	ctg_results_bor_2010_2013.txt
NCT01324830	schedule b total (total b)	2	1|2	1	BASIS_EXISTS	B_TIMEFRAME	timeFrame	indeterminate (basis exists; no preregistered direction for this field)		om1:Best Overall Response | tf=From the start of treatment until the last ev | pop=TS | NUMBER/Participants || om2:Objective Response | tf=From the start of treatment and the earliest  | pop=TS | NUMBER/Participants	ctg_results_bor_2010_2013.txt
NCT01324830	total patients	2	1|2	1	BASIS_EXISTS	B_TIMEFRAME	timeFrame	indeterminate (basis exists; no preregistered direction for this field)		om1:Best Overall Response | tf=From the start of treatment until the last ev | pop=TS | NUMBER/Participants || om2:Objective Response | tf=From the start of treatment and the earliest  | pop=TS | NUMBER/Participants	ctg_results_bor_2010_2013.txt
NCT01325441	napabucasin 200mg bid plus paclitaxel	2	4|5	4	BASIS_EXISTS	A_DIFFERENT_ENDPOINT	title;timeFrame;populationDescription;paramType/unitOfMeasure	no (smallest index already the ORR-concept measure)		om4:The Objective Response Rate of Napabucasin Administered in Combination With Pacl | tf=From the date of first treatment, every 8 wee | pop=Patients had a baseline scan and at least 1 d | COUNT_OF_PARTICIPANTS/Participants || om5:Disease Control Rate | tf=From the date of first treatment, every 8 wee | pop=Patients who received at least 1 cycle of stu | NUMBER/percentage of participant	ctg_results_bor_2010_2013.txt
NCT01325441	napabucasin 240mg bid plus paclitaxel	2	4|5	4	BASIS_EXISTS	A_DIFFERENT_ENDPOINT	title;timeFrame;populationDescription;paramType/unitOfMeasure	no (smallest index already the ORR-concept measure)		om4:The Objective Response Rate of Napabucasin Administered in Combination With Pacl | tf=From the date of first treatment, every 8 wee | pop=Patients had a baseline scan and at least 1 d | COUNT_OF_PARTICIPANTS/Participants || om5:Disease Control Rate | tf=From the date of first treatment, every 8 wee | pop=Patients who received at least 1 cycle of stu | NUMBER/percentage of participant	ctg_results_bor_2010_2013.txt
NCT01325441	napabucasin 400mg bid plus paclitaxel	2	4|5	4	BASIS_EXISTS	A_DIFFERENT_ENDPOINT	title;timeFrame;populationDescription;paramType/unitOfMeasure	no (smallest index already the ORR-concept measure)		om4:The Objective Response Rate of Napabucasin Administered in Combination With Pacl | tf=From the date of first treatment, every 8 wee | pop=Patients had a baseline scan and at least 1 d | COUNT_OF_PARTICIPANTS/Participants || om5:Disease Control Rate | tf=From the date of first treatment, every 8 wee | pop=Patients who received at least 1 cycle of stu | NUMBER/percentage of participant	ctg_results_bor_2010_2013.txt
NCT01325441	napabucasin 480mg bid plus paclitaxel	2	4|5	4	BASIS_EXISTS	A_DIFFERENT_ENDPOINT	title;timeFrame;populationDescription;paramType/unitOfMeasure	no (smallest index already the ORR-concept measure)		om4:The Objective Response Rate of Napabucasin Administered in Combination With Pacl | tf=From the date of first treatment, every 8 wee | pop=Patients had a baseline scan and at least 1 d | COUNT_OF_PARTICIPANTS/Participants || om5:Disease Control Rate | tf=From the date of first treatment, every 8 wee | pop=Patients who received at least 1 cycle of stu | NUMBER/percentage of participant	ctg_results_bor_2010_2013.txt
NCT01325441	napabucasin 500mg bid plus paclitaxel	2	4|5	4	BASIS_EXISTS	A_DIFFERENT_ENDPOINT	title;timeFrame;populationDescription;paramType/unitOfMeasure	no (smallest index already the ORR-concept measure)		om4:The Objective Response Rate of Napabucasin Administered in Combination With Pacl | tf=From the date of first treatment, every 8 wee | pop=Patients had a baseline scan and at least 1 d | COUNT_OF_PARTICIPANTS/Participants || om5:Disease Control Rate | tf=From the date of first treatment, every 8 wee | pop=Patients who received at least 1 cycle of stu | NUMBER/percentage of participant	ctg_results_bor_2010_2013.txt
NCT01327053	lde225 200mg mbcc	2	0|1	0	BASIS_EXISTS	D_POPULATION	populationDescription	indeterminate (basis exists; no preregistered direction for this field)		om0:Objective Response Rate (ORR) Based on Central Review According to mRECIST (for  | tf=6 months | pop=The primary efficacy analysis set (pEAS) was  | NUMBER/Percentage of participant || om1:Objective Response Rate (ORR) Based on Central Review According to mRECIST (for  | tf=6 months | pop=The full analysis set (FAS) comprised all pat | NUMBER/Percentage of participant	ctg_results_bor_2010_2013.txt
NCT01327053	lde225 800mg mbcc	2	0|1	0	BASIS_EXISTS	D_POPULATION	populationDescription	indeterminate (basis exists; no preregistered direction for this field)		om0:Objective Response Rate (ORR) Based on Central Review According to mRECIST (for  | tf=6 months | pop=The primary efficacy analysis set (pEAS) was  | NUMBER/Percentage of participant || om1:Objective Response Rate (ORR) Based on Central Review According to mRECIST (for  | tf=6 months | pop=The full analysis set (FAS) comprised all pat | NUMBER/Percentage of participant	ctg_results_bor_2010_2013.txt
NCT01342172	lenalidomide	2	2|4	2	BASIS_EXISTS	B_TIMEFRAME	timeFrame;assessment_criteria	indeterminate (basis exists; no preregistered direction for this field)		om2:The Objective Response Rate to Treatment With Gemcitabine, Cisplatin, Plus Lenal | tf=After 2 cycles (a cycle is 21 days) | pop= | COUNT_OF_PARTICIPANTS/Participants || om4:Best Overall Response | tf=168 days | pop= | COUNT_OF_PARTICIPANTS/Participants	ctg_results_bor_2010_2013.txt
NCT01358721	nivolumab 0.3 mg/kg (previously-treated)	4	5|7|8|9	5	BASIS_EXISTS	B_TIMEFRAME	timeFrame;assessment_criteria;paramType/unitOfMeasure	indeterminate (basis exists; no preregistered direction for this field)		om5:Best Overall Response in the BMS-936558 Arms | tf=Assessed at a minimum of every 3 weeks up to  | pop=All treated participants | COUNT_OF_PARTICIPANTS/Participants || om7:Objective Response Rate in BMS-936558 | tf=Up to 22 months after study start | pop=All treated participants | NUMBER/percent || om8:Duration of Objective Response for BMS-936558 | tf=The time when the measurement criteria are fi | pop=All treated participants | MEDIAN/weeks || om9:Duration of Stable Disease for BMS-936558 as Measured in Participants Whose Best | tf=The time from treatment arm assignment until  | pop=All treated participants | MEDIAN/weeks	ctg_results_bor_2010_2013.txt
NCT01358721	nivolumab 10 mg/kg (previously-treated)	4	5|7|8|9	5	BASIS_EXISTS	B_TIMEFRAME	timeFrame;assessment_criteria;paramType/unitOfMeasure	indeterminate (basis exists; no preregistered direction for this field)		om5:Best Overall Response in the BMS-936558 Arms | tf=Assessed at a minimum of every 3 weeks up to  | pop=All treated participants | COUNT_OF_PARTICIPANTS/Participants || om7:Objective Response Rate in BMS-936558 | tf=Up to 22 months after study start | pop=All treated participants | NUMBER/percent || om8:Duration of Objective Response for BMS-936558 | tf=The time when the measurement criteria are fi | pop=All treated participants | MEDIAN/weeks || om9:Duration of Stable Disease for BMS-936558 as Measured in Participants Whose Best | tf=The time from treatment arm assignment until  | pop=All treated participants | MEDIAN/weeks	ctg_results_bor_2010_2013.txt
NCT01358721	nivolumab 10 mg/kg (treatment-naive)	4	5|7|8|9	5	BASIS_EXISTS	B_TIMEFRAME	timeFrame;assessment_criteria;paramType/unitOfMeasure	indeterminate (basis exists; no preregistered direction for this field)		om5:Best Overall Response in the BMS-936558 Arms | tf=Assessed at a minimum of every 3 weeks up to  | pop=All treated participants | COUNT_OF_PARTICIPANTS/Participants || om7:Objective Response Rate in BMS-936558 | tf=Up to 22 months after study start | pop=All treated participants | NUMBER/percent || om8:Duration of Objective Response for BMS-936558 | tf=The time when the measurement criteria are fi | pop=All treated participants | MEDIAN/weeks || om9:Duration of Stable Disease for BMS-936558 as Measured in Participants Whose Best | tf=The time from treatment arm assignment until  | pop=All treated participants | MEDIAN/weeks	ctg_results_bor_2010_2013.txt
NCT01358721	nivolumab 2 mg/kg (previously-treated)	4	5|7|8|9	5	BASIS_EXISTS	B_TIMEFRAME	timeFrame;assessment_criteria;paramType/unitOfMeasure	indeterminate (basis exists; no preregistered direction for this field)		om5:Best Overall Response in the BMS-936558 Arms | tf=Assessed at a minimum of every 3 weeks up to  | pop=All treated participants | COUNT_OF_PARTICIPANTS/Participants || om7:Objective Response Rate in BMS-936558 | tf=Up to 22 months after study start | pop=All treated participants | NUMBER/percent || om8:Duration of Objective Response for BMS-936558 | tf=The time when the measurement criteria are fi | pop=All treated participants | MEDIAN/weeks || om9:Duration of Stable Disease for BMS-936558 as Measured in Participants Whose Best | tf=The time from treatment arm assignment until  | pop=All treated participants | MEDIAN/weeks	ctg_results_bor_2010_2013.txt
NCT01368276	gm-csf	2	1|2	1	BASIS_EXISTS	D_POPULATION	populationDescription	indeterminate (basis exists; no preregistered direction for this field)		om1:Objective Response Rate | tf=From randomization in study 005/05 until the  | pop=The full analysis set for the extension study | NUMBER/percentage of participant || om2:Durable Response Rate | tf=From randomization in study 005/05 until the  | pop=Full analysis set | NUMBER/percentage of participant	ctg_results_bor_2010_2013.txt
NCT01368276	talimogene laherparepvec	2	1|2	1	BASIS_EXISTS	D_POPULATION	populationDescription	indeterminate (basis exists; no preregistered direction for this field)		om1:Objective Response Rate | tf=From randomization in study 005/05 until the  | pop=The full analysis set for the extension study | NUMBER/percentage of participant || om2:Durable Response Rate | tf=From randomization in study 005/05 until the  | pop=Full analysis set | NUMBER/percentage of participant	ctg_results_bor_2010_2013.txt
NCT01374451	everolimus	2	2|6	2	BASIS_EXISTS	A_DIFFERENT_ENDPOINT	title;assessment_criteria	no (smallest index already the ORR-concept measure)		om2:Objective Response Rate (ORR) as Per Radiology Review | tf=Once 80 PFS events had occurred | pop=The FAS consisted of all randomized patients. | NUMBER/Percentage of participant || om6:Disease Control Rate (DCR) as Per Radiology Review | tf=Once 80 PFS events had occurred | pop=The FAS consisted of all randomized patients. | NUMBER/Percentage of participant	ctg_results_bor_2010_2013.txt
NCT01374451	paseriotide lar + everolimus	2	2|6	2	BASIS_EXISTS	A_DIFFERENT_ENDPOINT	title;assessment_criteria	no (smallest index already the ORR-concept measure)		om2:Objective Response Rate (ORR) as Per Radiology Review | tf=Once 80 PFS events had occurred | pop=The FAS consisted of all randomized patients. | NUMBER/Percentage of participant || om6:Disease Control Rate (DCR) as Per Radiology Review | tf=Once 80 PFS events had occurred | pop=The FAS consisted of all randomized patients. | NUMBER/Percentage of participant	ctg_results_bor_2010_2013.txt
NCT01378975	cohort 2: previously treated participants	2	1|2	1	BASIS_EXISTS	E_TITLE_SUBSTANTIVE	title	no (smallest index already the ORR-concept measure)		om1:Best Overall Response Rate (BORR) in the Brain of Participants With Previously T | tf=Baseline up to the disease progression or dea | pop=The ITT population included all participants  | NUMBER/percentage of participant || om2:Best Overall Response Rate (BORR) in the Brain of Participants With Previously T | tf=Baseline up to the disease progression or dea | pop=The ITT population included all participants  | NUMBER/percentage of participant	ctg_results_bor_2010_2013.txt
NCT01379521	everolimus + tace	2	1|3	1	BASIS_EXISTS	C_ASSESSMENT_CRITERIA	assessment_criteria	indeterminate (basis exists; no preregistered direction for this field)		om1:Overall Response Rate (ORR) and Disease Control Rate (DCR) Based on the Modified | tf=6, 12 months, end of study | pop=Full Analysis Set (FAS) comprises all randomi | / || om3:Overall Response Rate (ORR) and Disease Control Rate (DCR) Based on Original REC | tf=6, 12 months, end of study | pop=Full Analysis Set (FAS) comprises all randomi | /	ctg_placebo_onc_2010_2013.txt
NCT01379521	placebo + tace	2	1|3	1	BASIS_EXISTS	C_ASSESSMENT_CRITERIA	assessment_criteria	indeterminate (basis exists; no preregistered direction for this field)		om1:Overall Response Rate (ORR) and Disease Control Rate (DCR) Based on the Modified | tf=6, 12 months, end of study | pop=Full Analysis Set (FAS) comprises all randomi | / || om3:Overall Response Rate (ORR) and Disease Control Rate (DCR) Based on Original REC | tf=6, 12 months, end of study | pop=Full Analysis Set (FAS) comprises all randomi | /	ctg_placebo_onc_2010_2013.txt
NCT01379534	fgfr2 (mut)	2	1|2	1	BASIS_EXISTS	A_DIFFERENT_ENDPOINT	title	no (smallest index already the ORR-concept measure)		om1:Overall Response Rate (ORR) | tf=Baseline and every 6 weeks until disease prog | pop=Primary endpoint analysis set (PEAS): The PEA | NUMBER/Percentage of participant || om2:Disease Control Rate (DCR) | tf=Baseline and every 6 weeks until disease prog | pop=Primary endpoint analysis set (PEAS): The PEA | NUMBER/Percentage of participant	ctg_results_bor_2010_2013.txt
NCT01379534	fgfr2 (wt)	2	1|2	1	BASIS_EXISTS	A_DIFFERENT_ENDPOINT	title	no (smallest index already the ORR-concept measure)		om1:Overall Response Rate (ORR) | tf=Baseline and every 6 weeks until disease prog | pop=Primary endpoint analysis set (PEAS): The PEA | NUMBER/Percentage of participant || om2:Disease Control Rate (DCR) | tf=Baseline and every 6 weeks until disease prog | pop=Primary endpoint analysis set (PEAS): The PEA | NUMBER/Percentage of participant	ctg_results_bor_2010_2013.txt
NCT01381874	abiraterone acetate + exemestane + prednisone	2	2|3	2	BASIS_EXISTS	A_DIFFERENT_ENDPOINT	title	no (smallest index already the ORR-concept measure)		om2:Overall Response Rate (ORR) | tf=Approximately 2 years | pop=ITT analysis set with measurable disease at b | NUMBER/Percentage of participant || om3:Clinical Benefit Rate | tf=Approximately 2 years | pop=ITT analysis set with measurable disease at b | NUMBER/Percentage of participant	ctg_results_bor_2010_2013.txt
NCT01381874	abiraterone acetate + prednisone	2	2|3	2	BASIS_EXISTS	A_DIFFERENT_ENDPOINT	title	no (smallest index already the ORR-concept measure)		om2:Overall Response Rate (ORR) | tf=Approximately 2 years | pop=ITT analysis set with measurable disease at b | NUMBER/Percentage of participant || om3:Clinical Benefit Rate | tf=Approximately 2 years | pop=ITT analysis set with measurable disease at b | NUMBER/Percentage of participant	ctg_results_bor_2010_2013.txt
NCT01381874	exemestane	2	2|3	2	BASIS_EXISTS	A_DIFFERENT_ENDPOINT	title	no (smallest index already the ORR-concept measure)		om2:Overall Response Rate (ORR) | tf=Approximately 2 years | pop=ITT analysis set with measurable disease at b | NUMBER/Percentage of participant || om3:Clinical Benefit Rate | tf=Approximately 2 years | pop=ITT analysis set with measurable disease at b | NUMBER/Percentage of participant	ctg_results_bor_2010_2013.txt
NCT01391130	ly2510924 + sunitinib	2	1|3	1	BASIS_EXISTS	B_TIMEFRAME	timeFrame;populationDescription;paramType/unitOfMeasure	indeterminate (basis exists; no preregistered direction for this field)		om1:Percentage of Participants Achieving Complete Response (CR) or Partial Response  | tf=Baseline to Date of Tumor Response or Measure | pop=All participants who received at least one do | NUMBER/percentage of participant || om3:Duration of Overall Response (DOR) | tf=Date of First Response to Date of Progressive | pop=All participants who received at least one do | MEDIAN/Months	ctg_results_bor_2010_2013.txt
NCT01391130	sunitinib	2	1|3	1	BASIS_EXISTS	B_TIMEFRAME	timeFrame;populationDescription;paramType/unitOfMeasure	indeterminate (basis exists; no preregistered direction for this field)		om1:Percentage of Participants Achieving Complete Response (CR) or Partial Response  | tf=Baseline to Date of Tumor Response or Measure | pop=All participants who received at least one do | NUMBER/percentage of participant || om3:Duration of Overall Response (DOR) | tf=Date of First Response to Date of Progressive | pop=All participants who received at least one do | MEDIAN/Months	ctg_results_bor_2010_2013.txt
NCT01391962	sunitinib malate 37.5 mg followed by azd2171 (cediranib) 30 mg	2	1|3	1	BASIS_EXISTS	D_POPULATION	populationDescription	indeterminate (basis exists; no preregistered direction for this field)		om1:Part I: Objective Response Rate (ORR) of Single-agent Sunitinib in Participants  | tf=Time on treatment (an average of 497 days or  | pop=A total of 14/34 participants were analyzed:  | COUNT_OF_PARTICIPANTS/Participants || om3:Part II: Objective Response Rate (ORR) of Cediranib in Participants Who Progress | tf=Time on treatment (an average of 497 days or  | pop=A total of 10/34 participants were analyzed:  | COUNT_OF_PARTICIPANTS/Participants	ctg_results_bor_2010_2013.txt
NCT01416389	ixabepilone	2	1|3	1	BASIS_EXISTS	A_DIFFERENT_ENDPOINT	title	no (smallest index already the ORR-concept measure)		om1:Percentage of Participants Achieving an Overall Response (Overall Response Rate) | tf=Baseline to measured progressive disease or d | pop=Participants who received at least 1 dose of  | NUMBER/percentage of responders || om3:Percentage of Participants Achieving a Clinical Benefit (Clinical Benefit Rate) | tf=Baseline to measured progressive disease or d | pop=Participants who received at least 1 dose of  | NUMBER/percentage of responders	ctg_results_bor_2010_2013.txt
NCT01416389	ly2523355 + pegfilgrastim or filgrastim	2	1|3	1	BASIS_EXISTS	A_DIFFERENT_ENDPOINT	title	no (smallest index already the ORR-concept measure)		om1:Percentage of Participants Achieving an Overall Response (Overall Response Rate) | tf=Baseline to measured progressive disease or d | pop=Participants who received at least 1 dose of  | NUMBER/percentage of responders || om3:Percentage of Participants Achieving a Clinical Benefit (Clinical Benefit Rate) | tf=Baseline to measured progressive disease or d | pop=Participants who received at least 1 dose of  | NUMBER/percentage of responders	ctg_results_bor_2010_2013.txt
NCT01439568	carboplatin + etoposide	2	1|3	1	BASIS_EXISTS	B_TIMEFRAME	timeFrame;populationDescription;paramType/unitOfMeasure	indeterminate (basis exists; no preregistered direction for this field)		om1:Number of Participants Achieving Complete Response (CR) or Partial Response (PR) | tf=Baseline to Date of Tumor Response or Measure | pop=All participants who received at least one do | COUNT_OF_PARTICIPANTS/Participants || om3:Duration of Overall Response (DOR) | tf=Date of Response to Date of Progressive Disea | pop=All participants who received at least one do | MEDIAN/Months	ctg_results_bor_2010_2013.txt
NCT01439568	ly2510924 + carboplatin + etoposide	2	1|3	1	BASIS_EXISTS	B_TIMEFRAME	timeFrame;populationDescription;paramType/unitOfMeasure	indeterminate (basis exists; no preregistered direction for this field)		om1:Number of Participants Achieving Complete Response (CR) or Partial Response (PR) | tf=Baseline to Date of Tumor Response or Measure | pop=All participants who received at least one do | COUNT_OF_PARTICIPANTS/Participants || om3:Duration of Overall Response (DOR) | tf=Date of Response to Date of Progressive Disea | pop=All participants who received at least one do | MEDIAN/Months	ctg_results_bor_2010_2013.txt
NCT01449370	process a: tak-117 100 milligram (mg), once daily (qd)	2	6|8	6	BASIS_EXISTS	A_DIFFERENT_ENDPOINT	title;assessment_criteria;populationDescription	no (smallest index already the ORR-concept measure)		om6:Overall Response Rate (ORR) | tf=Cycle 1 Day 8 up to Cycle 27 Day 1 or disease | pop=The full analysis set (FAS) population includ | NUMBER/percentage of participant || om8:Clinical Benefit Rate (CBR) | tf=Cycle 1 Day 8 up to Cycle 27 Day 1 or disease | pop=The FAS population included participants who  | NUMBER/percentage of participant	ctg_results_bor_2010_2013.txt
NCT01449370	process a: tak-117 1200 mg, mwf qw	2	6|8	6	BASIS_EXISTS	A_DIFFERENT_ENDPOINT	title;assessment_criteria;populationDescription	no (smallest index already the ORR-concept measure)		om6:Overall Response Rate (ORR) | tf=Cycle 1 Day 8 up to Cycle 27 Day 1 or disease | pop=The full analysis set (FAS) population includ | NUMBER/percentage of participant || om8:Clinical Benefit Rate (CBR) | tf=Cycle 1 Day 8 up to Cycle 27 Day 1 or disease | pop=The FAS population included participants who  | NUMBER/percentage of participant	ctg_results_bor_2010_2013.txt
NCT01449370	process a: tak-117 150 mg, qd	2	6|8	6	BASIS_EXISTS	A_DIFFERENT_ENDPOINT	title;assessment_criteria;populationDescription	no (smallest index already the ORR-concept measure)		om6:Overall Response Rate (ORR) | tf=Cycle 1 Day 8 up to Cycle 27 Day 1 or disease | pop=The full analysis set (FAS) population includ | NUMBER/percentage of participant || om8:Clinical Benefit Rate (CBR) | tf=Cycle 1 Day 8 up to Cycle 27 Day 1 or disease | pop=The FAS population included participants who  | NUMBER/percentage of participant	ctg_results_bor_2010_2013.txt
NCT01449370	process a: tak-117 200 mg, mtw qw	2	6|8	6	BASIS_EXISTS	A_DIFFERENT_ENDPOINT	title;assessment_criteria;populationDescription	no (smallest index already the ORR-concept measure)		om6:Overall Response Rate (ORR) | tf=Cycle 1 Day 8 up to Cycle 27 Day 1 or disease | pop=The full analysis set (FAS) population includ | NUMBER/percentage of participant || om8:Clinical Benefit Rate (CBR) | tf=Cycle 1 Day 8 up to Cycle 27 Day 1 or disease | pop=The FAS population included participants who  | NUMBER/percentage of participant	ctg_results_bor_2010_2013.txt
NCT01449370	process a: tak-117 200 mg, mwf qw	2	6|8	6	BASIS_EXISTS	A_DIFFERENT_ENDPOINT	title;assessment_criteria;populationDescription	no (smallest index already the ORR-concept measure)		om6:Overall Response Rate (ORR) | tf=Cycle 1 Day 8 up to Cycle 27 Day 1 or disease | pop=The full analysis set (FAS) population includ | NUMBER/percentage of participant || om8:Clinical Benefit Rate (CBR) | tf=Cycle 1 Day 8 up to Cycle 27 Day 1 or disease | pop=The FAS population included participants who  | NUMBER/percentage of participant	ctg_results_bor_2010_2013.txt
NCT01449370	process a: tak-117 200 mg, qd	2	6|8	6	BASIS_EXISTS	A_DIFFERENT_ENDPOINT	title;assessment_criteria;populationDescription	no (smallest index already the ORR-concept measure)		om6:Overall Response Rate (ORR) | tf=Cycle 1 Day 8 up to Cycle 27 Day 1 or disease | pop=The full analysis set (FAS) population includ | NUMBER/percentage of participant || om8:Clinical Benefit Rate (CBR) | tf=Cycle 1 Day 8 up to Cycle 27 Day 1 or disease | pop=The FAS population included participants who  | NUMBER/percentage of participant	ctg_results_bor_2010_2013.txt
NCT01449370	process a: tak-117 300 mg, mwf qw	2	6|8	6	BASIS_EXISTS	A_DIFFERENT_ENDPOINT	title;assessment_criteria;populationDescription	no (smallest index already the ORR-concept measure)		om6:Overall Response Rate (ORR) | tf=Cycle 1 Day 8 up to Cycle 27 Day 1 or disease | pop=The full analysis set (FAS) population includ | NUMBER/percentage of participant || om8:Clinical Benefit Rate (CBR) | tf=Cycle 1 Day 8 up to Cycle 27 Day 1 or disease | pop=The FAS population included participants who  | NUMBER/percentage of participant	ctg_results_bor_2010_2013.txt
NCT01449370	process a: tak-117 300 mg, qd	2	6|8	6	BASIS_EXISTS	A_DIFFERENT_ENDPOINT	title;assessment_criteria;populationDescription	no (smallest index already the ORR-concept measure)		om6:Overall Response Rate (ORR) | tf=Cycle 1 Day 8 up to Cycle 27 Day 1 or disease | pop=The full analysis set (FAS) population includ | NUMBER/percentage of participant || om8:Clinical Benefit Rate (CBR) | tf=Cycle 1 Day 8 up to Cycle 27 Day 1 or disease | pop=The FAS population included participants who  | NUMBER/percentage of participant	ctg_results_bor_2010_2013.txt
NCT01449370	process a: tak-117 400 mg, mtw qw	2	6|8	6	BASIS_EXISTS	A_DIFFERENT_ENDPOINT	title;assessment_criteria;populationDescription	no (smallest index already the ORR-concept measure)		om6:Overall Response Rate (ORR) | tf=Cycle 1 Day 8 up to Cycle 27 Day 1 or disease | pop=The full analysis set (FAS) population includ | NUMBER/percentage of participant || om8:Clinical Benefit Rate (CBR) | tf=Cycle 1 Day 8 up to Cycle 27 Day 1 or disease | pop=The FAS population included participants who  | NUMBER/percentage of participant	ctg_results_bor_2010_2013.txt
NCT01449370	process a: tak-117 400 mg, mwf qw	2	6|8	6	BASIS_EXISTS	A_DIFFERENT_ENDPOINT	title;assessment_criteria;populationDescription	no (smallest index already the ORR-concept measure)		om6:Overall Response Rate (ORR) | tf=Cycle 1 Day 8 up to Cycle 27 Day 1 or disease | pop=The full analysis set (FAS) population includ | NUMBER/percentage of participant || om8:Clinical Benefit Rate (CBR) | tf=Cycle 1 Day 8 up to Cycle 27 Day 1 or disease | pop=The FAS population included participants who  | NUMBER/percentage of participant	ctg_results_bor_2010_2013.txt
NCT01449370	process a: tak-117 600 mg, mtw qw	2	6|8	6	BASIS_EXISTS	A_DIFFERENT_ENDPOINT	title;assessment_criteria;populationDescription	no (smallest index already the ORR-concept measure)		om6:Overall Response Rate (ORR) | tf=Cycle 1 Day 8 up to Cycle 27 Day 1 or disease | pop=The full analysis set (FAS) population includ | NUMBER/percentage of participant || om8:Clinical Benefit Rate (CBR) | tf=Cycle 1 Day 8 up to Cycle 27 Day 1 or disease | pop=The FAS population included participants who  | NUMBER/percentage of participant	ctg_results_bor_2010_2013.txt
NCT01449370	process a: tak-117 600 mg, mwf qw	2	6|8	6	BASIS_EXISTS	A_DIFFERENT_ENDPOINT	title;assessment_criteria;populationDescription	no (smallest index already the ORR-concept measure)		om6:Overall Response Rate (ORR) | tf=Cycle 1 Day 8 up to Cycle 27 Day 1 or disease | pop=The full analysis set (FAS) population includ | NUMBER/percentage of participant || om8:Clinical Benefit Rate (CBR) | tf=Cycle 1 Day 8 up to Cycle 27 Day 1 or disease | pop=The FAS population included participants who  | NUMBER/percentage of participant	ctg_results_bor_2010_2013.txt
NCT01449370	process a: tak-117 900 mg, mtw qw	2	6|8	6	BASIS_EXISTS	A_DIFFERENT_ENDPOINT	title;assessment_criteria;populationDescription	no (smallest index already the ORR-concept measure)		om6:Overall Response Rate (ORR) | tf=Cycle 1 Day 8 up to Cycle 27 Day 1 or disease | pop=The full analysis set (FAS) population includ | NUMBER/percentage of participant || om8:Clinical Benefit Rate (CBR) | tf=Cycle 1 Day 8 up to Cycle 27 Day 1 or disease | pop=The FAS population included participants who  | NUMBER/percentage of participant	ctg_results_bor_2010_2013.txt
NCT01449370	process a: tak-117 900 mg, mwf qw	2	6|8	6	BASIS_EXISTS	A_DIFFERENT_ENDPOINT	title;assessment_criteria;populationDescription	no (smallest index already the ORR-concept measure)		om6:Overall Response Rate (ORR) | tf=Cycle 1 Day 8 up to Cycle 27 Day 1 or disease | pop=The full analysis set (FAS) population includ | NUMBER/percentage of participant || om8:Clinical Benefit Rate (CBR) | tf=Cycle 1 Day 8 up to Cycle 27 Day 1 or disease | pop=The FAS population included participants who  | NUMBER/percentage of participant	ctg_results_bor_2010_2013.txt
NCT01449370	process b: tak-117 1200 mg fm mtw qw	2	6|8	6	BASIS_EXISTS	A_DIFFERENT_ENDPOINT	title;assessment_criteria;populationDescription	no (smallest index already the ORR-concept measure)		om6:Overall Response Rate (ORR) | tf=Cycle 1 Day 8 up to Cycle 27 Day 1 or disease | pop=The full analysis set (FAS) population includ | NUMBER/percentage of participant || om8:Clinical Benefit Rate (CBR) | tf=Cycle 1 Day 8 up to Cycle 27 Day 1 or disease | pop=The FAS population included participants who  | NUMBER/percentage of participant	ctg_results_bor_2010_2013.txt
NCT01449370	process b: tak-117 1200 mg fm mwf qw	2	6|8	6	BASIS_EXISTS	A_DIFFERENT_ENDPOINT	title;assessment_criteria;populationDescription	no (smallest index already the ORR-concept measure)		om6:Overall Response Rate (ORR) | tf=Cycle 1 Day 8 up to Cycle 27 Day 1 or disease | pop=The full analysis set (FAS) population includ | NUMBER/percentage of participant || om8:Clinical Benefit Rate (CBR) | tf=Cycle 1 Day 8 up to Cycle 27 Day 1 or disease | pop=The FAS population included participants who  | NUMBER/percentage of participant	ctg_results_bor_2010_2013.txt
NCT01449370	process b: tak-117 1500 mg fm mtw qw	2	6|8	6	BASIS_EXISTS	A_DIFFERENT_ENDPOINT	title;assessment_criteria;populationDescription	no (smallest index already the ORR-concept measure)		om6:Overall Response Rate (ORR) | tf=Cycle 1 Day 8 up to Cycle 27 Day 1 or disease | pop=The full analysis set (FAS) population includ | NUMBER/percentage of participant || om8:Clinical Benefit Rate (CBR) | tf=Cycle 1 Day 8 up to Cycle 27 Day 1 or disease | pop=The FAS population included participants who  | NUMBER/percentage of participant	ctg_results_bor_2010_2013.txt
NCT01449370	process b: tak-117 300 mg fm twice daily (bid) mwf qw	2	6|8	6	BASIS_EXISTS	A_DIFFERENT_ENDPOINT	title;assessment_criteria;populationDescription	no (smallest index already the ORR-concept measure)		om6:Overall Response Rate (ORR) | tf=Cycle 1 Day 8 up to Cycle 27 Day 1 or disease | pop=The full analysis set (FAS) population includ | NUMBER/percentage of participant || om8:Clinical Benefit Rate (CBR) | tf=Cycle 1 Day 8 up to Cycle 27 Day 1 or disease | pop=The FAS population included participants who  | NUMBER/percentage of participant	ctg_results_bor_2010_2013.txt
NCT01449370	process b: tak-117 400 mg fm bid mwf qw	2	6|8	6	BASIS_EXISTS	A_DIFFERENT_ENDPOINT	title;assessment_criteria;populationDescription	no (smallest index already the ORR-concept measure)		om6:Overall Response Rate (ORR) | tf=Cycle 1 Day 8 up to Cycle 27 Day 1 or disease | pop=The full analysis set (FAS) population includ | NUMBER/percentage of participant || om8:Clinical Benefit Rate (CBR) | tf=Cycle 1 Day 8 up to Cycle 27 Day 1 or disease | pop=The FAS population included participants who  | NUMBER/percentage of participant	ctg_results_bor_2010_2013.txt
NCT01449370	process b: tak-117 500 mg fm bid mwf qw	2	6|8	6	BASIS_EXISTS	A_DIFFERENT_ENDPOINT	title;assessment_criteria;populationDescription	no (smallest index already the ORR-concept measure)		om6:Overall Response Rate (ORR) | tf=Cycle 1 Day 8 up to Cycle 27 Day 1 or disease | pop=The full analysis set (FAS) population includ | NUMBER/percentage of participant || om8:Clinical Benefit Rate (CBR) | tf=Cycle 1 Day 8 up to Cycle 27 Day 1 or disease | pop=The FAS population included participants who  | NUMBER/percentage of participant	ctg_results_bor_2010_2013.txt
NCT01449370	process b: tak-117 600 mg fm bid mwf qw	2	6|8	6	BASIS_EXISTS	A_DIFFERENT_ENDPOINT	title;assessment_criteria;populationDescription	no (smallest index already the ORR-concept measure)		om6:Overall Response Rate (ORR) | tf=Cycle 1 Day 8 up to Cycle 27 Day 1 or disease | pop=The full analysis set (FAS) population includ | NUMBER/percentage of participant || om8:Clinical Benefit Rate (CBR) | tf=Cycle 1 Day 8 up to Cycle 27 Day 1 or disease | pop=The FAS population included participants who  | NUMBER/percentage of participant	ctg_results_bor_2010_2013.txt
NCT01449370	process b: tak-117 600 mg fm mtw qw	2	6|8	6	BASIS_EXISTS	A_DIFFERENT_ENDPOINT	title;assessment_criteria;populationDescription	no (smallest index already the ORR-concept measure)		om6:Overall Response Rate (ORR) | tf=Cycle 1 Day 8 up to Cycle 27 Day 1 or disease | pop=The full analysis set (FAS) population includ | NUMBER/percentage of participant || om8:Clinical Benefit Rate (CBR) | tf=Cycle 1 Day 8 up to Cycle 27 Day 1 or disease | pop=The FAS population included participants who  | NUMBER/percentage of participant	ctg_results_bor_2010_2013.txt
NCT01449370	process b: tak-117 600 mg process b capsule (fm) mwf qw	2	6|8	6	BASIS_EXISTS	A_DIFFERENT_ENDPOINT	title;assessment_criteria;populationDescription	no (smallest index already the ORR-concept measure)		om6:Overall Response Rate (ORR) | tf=Cycle 1 Day 8 up to Cycle 27 Day 1 or disease | pop=The full analysis set (FAS) population includ | NUMBER/percentage of participant || om8:Clinical Benefit Rate (CBR) | tf=Cycle 1 Day 8 up to Cycle 27 Day 1 or disease | pop=The FAS population included participants who  | NUMBER/percentage of participant	ctg_results_bor_2010_2013.txt
NCT01449370	process b: tak-117 900 mg fm mtw qw	2	6|8	6	BASIS_EXISTS	A_DIFFERENT_ENDPOINT	title;assessment_criteria;populationDescription	no (smallest index already the ORR-concept measure)		om6:Overall Response Rate (ORR) | tf=Cycle 1 Day 8 up to Cycle 27 Day 1 or disease | pop=The full analysis set (FAS) population includ | NUMBER/percentage of participant || om8:Clinical Benefit Rate (CBR) | tf=Cycle 1 Day 8 up to Cycle 27 Day 1 or disease | pop=The FAS population included participants who  | NUMBER/percentage of participant	ctg_results_bor_2010_2013.txt
NCT01449370	process b: tak-117 900 mg fm mwf qw	2	6|8	6	BASIS_EXISTS	A_DIFFERENT_ENDPOINT	title;assessment_criteria;populationDescription	no (smallest index already the ORR-concept measure)		om6:Overall Response Rate (ORR) | tf=Cycle 1 Day 8 up to Cycle 27 Day 1 or disease | pop=The full analysis set (FAS) population includ | NUMBER/percentage of participant || om8:Clinical Benefit Rate (CBR) | tf=Cycle 1 Day 8 up to Cycle 27 Day 1 or disease | pop=The FAS population included participants who  | NUMBER/percentage of participant	ctg_results_bor_2010_2013.txt
NCT01453153	pegph20 1.0 μg/kg	2	18|19	18	BASIS_EXISTS	A_DIFFERENT_ENDPOINT	title	no (smallest index already the ORR-concept measure)		om18:Objective Response Rate | tf=up to approximately 2 years 4 months | pop=Intent-to-Treat Population. This study was to | COUNT_OF_PARTICIPANTS/Participants || om19:Disease Control Rate | tf=up to approximately 2 years 4 months | pop=Intent-to-Treat Population. This study was to | COUNT_OF_PARTICIPANTS/Participants	ctg_results_bor_2010_2013.txt
NCT01453153	pegph20 1.6 μg/kg	2	18|19	18	BASIS_EXISTS	A_DIFFERENT_ENDPOINT	title	no (smallest index already the ORR-concept measure)		om18:Objective Response Rate | tf=up to approximately 2 years 4 months | pop=Intent-to-Treat Population. This study was to | COUNT_OF_PARTICIPANTS/Participants || om19:Disease Control Rate | tf=up to approximately 2 years 4 months | pop=Intent-to-Treat Population. This study was to | COUNT_OF_PARTICIPANTS/Participants	ctg_results_bor_2010_2013.txt
NCT01453153	pegph20 3.0 μg/kg	2	18|19	18	BASIS_EXISTS	A_DIFFERENT_ENDPOINT	title	no (smallest index already the ORR-concept measure)		om18:Objective Response Rate | tf=up to approximately 2 years 4 months | pop=Intent-to-Treat Population. This study was to | COUNT_OF_PARTICIPANTS/Participants || om19:Disease Control Rate | tf=up to approximately 2 years 4 months | pop=Intent-to-Treat Population. This study was to | COUNT_OF_PARTICIPANTS/Participants	ctg_results_bor_2010_2013.txt
NCT01458249	arm 1: participants with adi or lms	2	3|7	3	BASIS_EXISTS	B_TIMEFRAME	timeFrame;assessment_criteria	indeterminate (basis exists; no preregistered direction for this field)		om3:Objective Response Rate (ORR) | tf=Date of CR or PR to the date of PD or death,  | pop=Full analysis set included all participants w | NUMBER/Percentage of participant || om7:Best Overall Response (BOR) | tf=Date of CR, PR, SD to PD or death of any caus | pop=Full analysis set included all participants w | NUMBER/Percentage of participant	ctg_results_bor_2010_2013.txt
NCT01458249	arm 2: participants with oth	2	3|7	3	BASIS_EXISTS	B_TIMEFRAME	timeFrame;assessment_criteria	indeterminate (basis exists; no preregistered direction for this field)		om3:Objective Response Rate (ORR) | tf=Date of CR or PR to the date of PD or death,  | pop=Full analysis set included all participants w | NUMBER/Percentage of participant || om7:Best Overall Response (BOR) | tf=Date of CR, PR, SD to PD or death of any caus | pop=Full analysis set included all participants w | NUMBER/Percentage of participant	ctg_results_bor_2010_2013.txt
NCT01472081	arm i-1: ipi1 + niv3	2	1|2	1	BASIS_EXISTS	B_TIMEFRAME	timeFrame;assessment_criteria	indeterminate (basis exists; no preregistered direction for this field)		om1:Best Overall Response Rate (BOR) | tf=From date of first dose to date of disease pr | pop=All treated participants | NUMBER/percentage of participant || om2:Objective Response Rate (ORR) | tf=From date of first dose to interim analysis ( | pop=All treated participants | NUMBER/percentage of participant	ctg_results_bor_2010_2013.txt
NCT01472081	arm i-3: ipi3 + niv1	2	1|2	1	BASIS_EXISTS	B_TIMEFRAME	timeFrame;assessment_criteria	indeterminate (basis exists; no preregistered direction for this field)		om1:Best Overall Response Rate (BOR) | tf=From date of first dose to date of disease pr | pop=All treated participants | NUMBER/percentage of participant || om2:Objective Response Rate (ORR) | tf=From date of first dose to interim analysis ( | pop=All treated participants | NUMBER/percentage of participant	ctg_results_bor_2010_2013.txt
NCT01472081	arm in-3: ipi3 + niv3	2	1|2	1	BASIS_EXISTS	B_TIMEFRAME	timeFrame;assessment_criteria	indeterminate (basis exists; no preregistered direction for this field)		om1:Best Overall Response Rate (BOR) | tf=From date of first dose to date of disease pr | pop=All treated participants | NUMBER/percentage of participant || om2:Objective Response Rate (ORR) | tf=From date of first dose to interim analysis ( | pop=All treated participants | NUMBER/percentage of participant	ctg_results_bor_2010_2013.txt
NCT01472081	arm p: paz + niv2	2	1|2	1	BASIS_EXISTS	B_TIMEFRAME	timeFrame;assessment_criteria	indeterminate (basis exists; no preregistered direction for this field)		om1:Best Overall Response Rate (BOR) | tf=From date of first dose to date of disease pr | pop=All treated participants | NUMBER/percentage of participant || om2:Objective Response Rate (ORR) | tf=From date of first dose to interim analysis ( | pop=All treated participants | NUMBER/percentage of participant	ctg_results_bor_2010_2013.txt
NCT01472081	arm s: sun + niv2	2	1|2	1	BASIS_EXISTS	B_TIMEFRAME	timeFrame;assessment_criteria	indeterminate (basis exists; no preregistered direction for this field)		om1:Best Overall Response Rate (BOR) | tf=From date of first dose to date of disease pr | pop=All treated participants | NUMBER/percentage of participant || om2:Objective Response Rate (ORR) | tf=From date of first dose to interim analysis ( | pop=All treated participants | NUMBER/percentage of participant	ctg_results_bor_2010_2013.txt
NCT01472081	arm s: sun + niv5	2	1|2	1	BASIS_EXISTS	B_TIMEFRAME	timeFrame;assessment_criteria	indeterminate (basis exists; no preregistered direction for this field)		om1:Best Overall Response Rate (BOR) | tf=From date of first dose to date of disease pr | pop=All treated participants | NUMBER/percentage of participant || om2:Objective Response Rate (ORR) | tf=From date of first dose to interim analysis ( | pop=All treated participants | NUMBER/percentage of participant	ctg_results_bor_2010_2013.txt
NCT01491672	all participants	2	3|4	3	BASIS_EXISTS	A_DIFFERENT_ENDPOINT	title	yes (under an endpoint-concept preference for ORR over DCR/CBR/other)	4	om3:Clinical Benefit Rate (CBR) | tf=20 months | pop=The FAS was used. It included all enrolled pa | NUMBER/Participants || om4:Objective Response Rate (ORR) | tf=20 months | pop=The FAS was used. It included all enrolled pa | NUMBER/Participants	ctg_results_bor_2010_2013.txt
NCT01491672	other prior vascular endothelial growth factor (vegf)	2	3|4	3	BASIS_EXISTS	A_DIFFERENT_ENDPOINT	title	yes (under an endpoint-concept preference for ORR over DCR/CBR/other)	4	om3:Clinical Benefit Rate (CBR) | tf=20 months | pop=The FAS was used. It included all enrolled pa | NUMBER/Participants || om4:Objective Response Rate (ORR) | tf=20 months | pop=The FAS was used. It included all enrolled pa | NUMBER/Participants	ctg_results_bor_2010_2013.txt
NCT01491672	prior cytokines	2	3|4	3	BASIS_EXISTS	A_DIFFERENT_ENDPOINT	title	yes (under an endpoint-concept preference for ORR over DCR/CBR/other)	4	om3:Clinical Benefit Rate (CBR) | tf=20 months | pop=The FAS was used. It included all enrolled pa | NUMBER/Participants || om4:Objective Response Rate (ORR) | tf=20 months | pop=The FAS was used. It included all enrolled pa | NUMBER/Participants	ctg_results_bor_2010_2013.txt
NCT01491672	prior sunitinib	2	3|4	3	BASIS_EXISTS	A_DIFFERENT_ENDPOINT	title	yes (under an endpoint-concept preference for ORR over DCR/CBR/other)	4	om3:Clinical Benefit Rate (CBR) | tf=20 months | pop=The FAS was used. It included all enrolled pa | NUMBER/Participants || om4:Objective Response Rate (ORR) | tf=20 months | pop=The FAS was used. It included all enrolled pa | NUMBER/Participants	ctg_results_bor_2010_2013.txt
NCT01512745	apatinib	2	2|3	2	BASIS_EXISTS	A_DIFFERENT_ENDPOINT	title	yes (under an endpoint-concept preference for ORR over DCR/CBR/other)	3	om2:Disease Control Rate(DCR) | tf=30 months | pop= | NUMBER/percentage of participant || om3:Objective Response Rate(ORR) | tf=30 months | pop= | NUMBER/percentage of participant	ctg_placebo_onc_2010_2013.txt
NCT01512745	placebo	2	2|3	2	BASIS_EXISTS	A_DIFFERENT_ENDPOINT	title	yes (under an endpoint-concept preference for ORR over DCR/CBR/other)	3	om2:Disease Control Rate(DCR) | tf=30 months | pop= | NUMBER/percentage of participant || om3:Objective Response Rate(ORR) | tf=30 months | pop= | NUMBER/percentage of participant	ctg_placebo_onc_2010_2013.txt
NCT01515189	ipilimumab (10 mg/kg)	2	2|3	2	BASIS_EXISTS	A_DIFFERENT_ENDPOINT	title;paramType/unitOfMeasure	no (smallest index already the ORR-concept measure)		om2:Best Overall Response Rate (BORR) by mWHO Criteria | tf=From date of randomization until 540 death ev | pop=All randomized participants | NUMBER/percentage of participant || om3:Disease Control Rate (DCR) by mWHO Criteria | tf=From date of randomization until 540 death ev | pop=All randomized participants | NUMBER/percentage of participant	ctg_results_bor_2010_2013.txt
NCT01515189	ipilimumab (3 mg/kg)	2	2|3	2	BASIS_EXISTS	A_DIFFERENT_ENDPOINT	title;paramType/unitOfMeasure	no (smallest index already the ORR-concept measure)		om2:Best Overall Response Rate (BORR) by mWHO Criteria | tf=From date of randomization until 540 death ev | pop=All randomized participants | NUMBER/percentage of participant || om3:Disease Control Rate (DCR) by mWHO Criteria | tf=From date of randomization until 540 death ev | pop=All randomized participants | NUMBER/percentage of participant	ctg_results_bor_2010_2013.txt
NCT01519323	vemurafenib	2	3|4	3	BASIS_EXISTS	A_DIFFERENT_ENDPOINT	title;assessment_criteria	no (smallest index already the ORR-concept measure)		om3:Best Overall Response Rate (BORR) | tf=Up to 2 years | pop=Intent to treat population included all parti | NUMBER/percentage of participant || om4:Clinical Benefit Rate (CBR) | tf=Up to 2 years | pop=Intent to treat population included all parti | NUMBER/percentage of participant	ctg_results_bor_2010_2013.txt
NCT01524783	everolimus + bsc	2	2|3	2	BASIS_EXISTS	A_DIFFERENT_ENDPOINT	title	no (smallest index already the ORR-concept measure)		om2:Overall Response Rate (ORR) as Per Modified RECIST 1.0 According to Central Eval | tf=From randomization until end of treatment, as | pop=The full analysis set (FAS) consists of all r | NUMBER/Percentage of participant || om3:Disease Control Rate (DCR) Based on Modified RECIST 1.0 and as Per Central Radio | tf=From randomization until end of treatment, as | pop=The full analysis set (FAS) consists of all r | NUMBER/Percentage of participant	ctg_placebo_onc_2010_2013.txt
NCT01524783	placebo + bsc	2	2|3	2	BASIS_EXISTS	A_DIFFERENT_ENDPOINT	title	no (smallest index already the ORR-concept measure)		om2:Overall Response Rate (ORR) as Per Modified RECIST 1.0 According to Central Eval | tf=From randomization until end of treatment, as | pop=The full analysis set (FAS) consists of all r | NUMBER/Percentage of participant || om3:Disease Control Rate (DCR) Based on Modified RECIST 1.0 and as Per Central Radio | tf=From randomization until end of treatment, as | pop=The full analysis set (FAS) consists of all r | NUMBER/Percentage of participant	ctg_placebo_onc_2010_2013.txt
NCT01539824	overall study population	2	2|5	2	BASIS_EXISTS	B_TIMEFRAME	timeFrame;populationDescription	indeterminate (basis exists; no preregistered direction for this field)		om2:Objective Response Rate | tf=12, 24, 36 and 48 weeks | pop=All enrolled patients who were still in follo | COUNT_OF_PARTICIPANTS/Participants || om5:Overall Response Rate | tf=12, 24, 36 and 48 weeks. | pop= | COUNT_OF_PARTICIPANTS/Participants	ctg_results_bor_2010_2013.txt
NCT01544179	gefitinib	2	4|5	4	BASIS_EXISTS	A_DIFFERENT_ENDPOINT	title	no (smallest index already the ORR-concept measure)		om4:Objective Response Rate (ORR) (Site Read Data) | tf=Radiologic evaluations were carried out every | pop=Full analysis set | NUMBER/Percentage of Participant || om5:Disease Control Rate (DCR) | tf=Radiologic evaluations were carried out every | pop=Full analysis set | NUMBER/Percentage of Participant	ctg_placebo_onc_2010_2013.txt
NCT01544179	placebo	2	4|5	4	BASIS_EXISTS	A_DIFFERENT_ENDPOINT	title	no (smallest index already the ORR-concept measure)		om4:Objective Response Rate (ORR) (Site Read Data) | tf=Radiologic evaluations were carried out every | pop=Full analysis set | NUMBER/Percentage of Participant || om5:Disease Control Rate (DCR) | tf=Radiologic evaluations were carried out every | pop=Full analysis set | NUMBER/Percentage of Participant	ctg_placebo_onc_2010_2013.txt
NCT01546038	phase 1b: glasdegib + cytarabine/dauno (biomarker, responder)	2	37|38	37	BASIS_EXISTS	B_TIMEFRAME	timeFrame;paramType/unitOfMeasure	indeterminate (basis exists; no preregistered direction for this field)		om37:Baseline Levels of Serum Circulating Protein Analytes Associated With Best Overa | tf=Baseline (Cycle 1/Day 1 pre-dose for Glasdegi | pop=PD analysis set: all enrolled participants in | MEDIAN/pg/mL || om38:Post-baseline Levels of Serum Circulating Protein Analytes Associated With Best  | tf=Induction Cycle 1/Lead-in, 1 Hour Post dose | pop=PD analysis set: all enrolled participants in | MEDIAN/ng/mL	ctg_results_bor_2010_2013.txt
NCT01546038	phase 1b: glasdegib+cytarabine/dauno(biomarker,non-responder)	3	37|38|39	37	BASIS_EXISTS	B_TIMEFRAME	timeFrame;paramType/unitOfMeasure	indeterminate (basis exists; no preregistered direction for this field)		om37:Baseline Levels of Serum Circulating Protein Analytes Associated With Best Overa | tf=Baseline (Cycle 1/Day 1 pre-dose for Glasdegi | pop=PD analysis set: all enrolled participants in | MEDIAN/pg/mL || om38:Post-baseline Levels of Serum Circulating Protein Analytes Associated With Best  | tf=Induction Cycle 1/Lead-in, 1 Hour Post dose | pop=PD analysis set: all enrolled participants in | MEDIAN/ng/mL || om39:Post-baseline Levels of Serum Circulating Protein Analytes Associated With Best  | tf=Induction Cycle 1/Day 3, 1 Hour Post dose | pop=PD analysis set: all enrolled participants in | MEDIAN/pg/mL	ctg_results_bor_2010_2013.txt
NCT01546038	phase 2 unfit: glasdegib 100 mg + ldac (biomarker, responder)	2	59|61	59	BASIS_EXISTS	B_TIMEFRAME	timeFrame;populationDescription;paramType/unitOfMeasure	indeterminate (basis exists; no preregistered direction for this field)		om59:Baseline mRNA Levels Associated With Best Overall Response at Phase 2 Unfit | tf=Baseline (Cycle 1/Day 1 pre-dose) | pop=PD analysis set:all enrolled participants in  | MEDIAN/Normalized expression uni || om61:Ratios of mRNA Levels Associated With Best Overall Response at Phase 2 Unfit | tf=Baseline (Cycle 1/Day 1 pre-dose); Cycle 1/Da | pop=PD analysis set: all enrolled participants in | MEDIAN/ratio	ctg_results_bor_2010_2013.txt
NCT01546038	phase 2 unfit: glasdegib 100 mg+ldac(biomarker, non-responder)	2	59|61	59	BASIS_EXISTS	B_TIMEFRAME	timeFrame;populationDescription;paramType/unitOfMeasure	indeterminate (basis exists; no preregistered direction for this field)		om59:Baseline mRNA Levels Associated With Best Overall Response at Phase 2 Unfit | tf=Baseline (Cycle 1/Day 1 pre-dose) | pop=PD analysis set:all enrolled participants in  | MEDIAN/Normalized expression uni || om61:Ratios of mRNA Levels Associated With Best Overall Response at Phase 2 Unfit | tf=Baseline (Cycle 1/Day 1 pre-dose); Cycle 1/Da | pop=PD analysis set: all enrolled participants in | MEDIAN/ratio	ctg_results_bor_2010_2013.txt
NCT01572038	pertuzumab + trastuzumab + taxane	2	45|49	45	BASIS_EXISTS	A_DIFFERENT_ENDPOINT	title;timeFrame;assessment_criteria	no (smallest index already the ORR-concept measure)		om45:Overall Response Rate (Complete Response or Partial Response) Based on Best Over | tf=Assessed every 3 cycles (1 cycle is 3 weeks)  | pop=Only participants with measurable disease at  | NUMBER/Percentage of participant || om49:Clinical Benefit Rate (CR or PR, or SD for at Least 6 Months) Based on Best Over | tf=Assessed every 3 cycles (1 cycle is 3 weeks)  | pop=Only participants with measurable disease at  | NUMBER/Percentage of participant	ctg_results_bor_2010_2013.txt
NCT01572727	bkm120 and paclitaxel	2	2|5	2	BASIS_EXISTS	A_DIFFERENT_ENDPOINT	title	no (smallest index already the ORR-concept measure)		om2:Overall Response Rate (Phase ll) | tf=every 8 weeks after randomization Up to 3 mon | pop=FAS per Expert Report: All pts randomized to  | NUMBER/Percentage of participant || om5:Clinical Benefit Rate (CBR) (Phase ll) | tf=every 8 weeks after randomization Up to 3 mon | pop=FAS per Expert Report: All pts randomized to  | NUMBER/Percentage of participant	ctg_results_bor_2010_2013.txt
NCT01572727	placebo and paclitaxel	2	2|5	2	BASIS_EXISTS	A_DIFFERENT_ENDPOINT	title	no (smallest index already the ORR-concept measure)		om2:Overall Response Rate (Phase ll) | tf=every 8 weeks after randomization Up to 3 mon | pop=FAS per Expert Report: All pts randomized to  | NUMBER/Percentage of participant || om5:Clinical Benefit Rate (CBR) (Phase ll) | tf=every 8 weeks after randomization Up to 3 mon | pop=FAS per Expert Report: All pts randomized to  | NUMBER/Percentage of participant	ctg_results_bor_2010_2013.txt
NCT01589302	treatment (ibrutinib)	2	1|2	1	BASIS_EXISTS	B_TIMEFRAME	timeFrame;assessment_criteria;paramType/unitOfMeasure	indeterminate (basis exists; no preregistered direction for this field)		om1:Best Overall Response Rate Using the Revised International Workshop on Chronic L | tf=up to 2 years | pop=There are 2 different cohorts Del (17p) and N | NUMBER/percentage of patients || om2:Number of Patients With 6 Month ORR of Single Agent Ibrutinib in Relapsed and Re | tf=Up to 6 months | pop=There are 2 different cohorts Del (17p) and N | NUMBER/patients	ctg_results_bor_2010_2013.txt
NCT01597388	170 mg bid intermittent days 1 and 2 (fasted)	2	28|31	28	BASIS_EXISTS	A_DIFFERENT_ENDPOINT	title;assessment_criteria;populationDescription	no (smallest index already the ORR-concept measure)		om28:Objective Response Rate | tf=Up to 12 months | pop=The population consisted of all patients rece | NUMBER/Participants || om31:Clinical Benefit Rate (CBR) at 24 Weeks | tf=Up to 12 months | pop=The "tumour assessment" analysis set consiste | NUMBER/Participants	ctg_results_bor_2010_2013.txt
NCT01602224	100 mg tabalumab+dexamethasone+bortezomib	2	11|13	11	BASIS_EXISTS	D_POPULATION	populationDescription;paramType/unitOfMeasure	indeterminate (basis exists; no preregistered direction for this field)		om11:Participants With Best Overall Response (BOR) in Each Category | tf=Baseline to Objective Disease Progression or  | pop=All randomized participants. | COUNT_OF_PARTICIPANTS/Participants || om13:Overall Response Rate (ORR) | tf=Baseline to Objective Disease Progression or  | pop=All randomized participants who had a partial | NUMBER/percentage of participant	ctg_placebo_onc_2010_2013.txt
NCT01602224	300 mg tabalumab+dexamethasone+bortezomib	2	11|13	11	BASIS_EXISTS	D_POPULATION	populationDescription;paramType/unitOfMeasure	indeterminate (basis exists; no preregistered direction for this field)		om11:Participants With Best Overall Response (BOR) in Each Category | tf=Baseline to Objective Disease Progression or  | pop=All randomized participants. | COUNT_OF_PARTICIPANTS/Participants || om13:Overall Response Rate (ORR) | tf=Baseline to Objective Disease Progression or  | pop=All randomized participants who had a partial | NUMBER/percentage of participant	ctg_placebo_onc_2010_2013.txt
NCT01602224	placebo comparator: placebo + dexamethasone + bortezomib	2	11|13	11	BASIS_EXISTS	D_POPULATION	populationDescription;paramType/unitOfMeasure	indeterminate (basis exists; no preregistered direction for this field)		om11:Participants With Best Overall Response (BOR) in Each Category | tf=Baseline to Objective Disease Progression or  | pop=All randomized participants. | COUNT_OF_PARTICIPANTS/Participants || om13:Overall Response Rate (ORR) | tf=Baseline to Objective Disease Progression or  | pop=All randomized participants who had a partial | NUMBER/percentage of participant	ctg_placebo_onc_2010_2013.txt
NCT01602315	arm 1 - byl719+cetuximab (randomized)	2	8|10	8	BASIS_EXISTS	A_DIFFERENT_ENDPOINT	title;paramType/unitOfMeasure	no (smallest index already the ORR-concept measure)		om8:Phase II: Randomized Best Overall Response as Per RECIST v1.1 | tf=approximately 6 months | pop=Full Analysis Set (FAS) consisted of all pati | NUMBER/Participants || om10:Phase II: Randomized Overall Response Rate (ORR) and Disease Control Rate (DCR)  | tf=approximately 6 months | pop=Full Analysis Set (FAS) consisted of all pati | NUMBER/Percentages	ctg_results_bor_2010_2013.txt
NCT01602315	arm 2 - monotherapy cetuximab (randomized)	2	8|10	8	BASIS_EXISTS	A_DIFFERENT_ENDPOINT	title;paramType/unitOfMeasure	no (smallest index already the ORR-concept measure)		om8:Phase II: Randomized Best Overall Response as Per RECIST v1.1 | tf=approximately 6 months | pop=Full Analysis Set (FAS) consisted of all pati | NUMBER/Participants || om10:Phase II: Randomized Overall Response Rate (ORR) and Disease Control Rate (DCR)  | tf=approximately 6 months | pop=Full Analysis Set (FAS) consisted of all pati | NUMBER/Percentages	ctg_results_bor_2010_2013.txt
NCT01602315	arm 3 - byl719+cetuximab	2	9|11	9	BASIS_EXISTS	A_DIFFERENT_ENDPOINT	title;paramType/unitOfMeasure	no (smallest index already the ORR-concept measure)		om9:Phase II: Non-Randomized Best Overall Response as Per RECIST v1.1 | tf=approximately 6 months | pop=Full Analysis Set (FAS) consisted of all pati | NUMBER/Participants || om11:Phase II: Non-Randomized Overall Response Rate (ORR) and Disease Control Rate (D | tf=approximately 6 months | pop=Full Analysis Set (FAS) consisted of all pati | NUMBER/Percentages	ctg_results_bor_2010_2013.txt
