row_key	record_type	payload_file	nct_id	outcome_measure_index	outcome_measure_title	group_id	group_title	n_classes_in_om	class_index	class_title	category_index	category_title	category_count	denom_units	reported_denominator_participants	class_category_sum	contributing_classes_category_sum	residual_denominator_minus_sum	producer_cells_CRPRSDPD	producer_evaluable_n	producer_dropped_participants	producer_overwrite_scope	producer_conflicting	corrected_reading	recoverability	note
R001	CLASS	ctg_results_bor_2014_2017.txt	NCT03480646	4	Efficacy: Best Responses by Treatment Group	OG001	Phase 1b Dose Escalation: CPI-1205 400mg BID +Cobi+Abi/Pred	1	0	<untitled>				Participants	7	7	7	0	CR=0;PR=0;SD=3;PD=3	6	1	none	False	CR=0; PR=0; SD=3; PD=3; Not evaluable, unknown, or missing=1	RECOVERABLE	full category vector of the single contributing class sums exactly to the denoms value
R001	CATEGORY	ctg_results_bor_2014_2017.txt	NCT03480646	4	Efficacy: Best Responses by Treatment Group	OG001	Phase 1b Dose Escalation: CPI-1205 400mg BID +Cobi+Abi/Pred	1	0	<untitled>	0	CR	0	Participants	7	7	7	0	CR=0;PR=0;SD=3;PD=3	6		none	False		RECOVERABLE	kept
R001	CATEGORY	ctg_results_bor_2014_2017.txt	NCT03480646	4	Efficacy: Best Responses by Treatment Group	OG001	Phase 1b Dose Escalation: CPI-1205 400mg BID +Cobi+Abi/Pred	1	0	<untitled>	1	PR	0	Participants	7	7	7	0	CR=0;PR=0;SD=3;PD=3	6		none	False		RECOVERABLE	kept
R001	CATEGORY	ctg_results_bor_2014_2017.txt	NCT03480646	4	Efficacy: Best Responses by Treatment Group	OG001	Phase 1b Dose Escalation: CPI-1205 400mg BID +Cobi+Abi/Pred	1	0	<untitled>	2	SD	3	Participants	7	7	7	0	CR=0;PR=0;SD=3;PD=3	6		none	False		RECOVERABLE	kept
R001	CATEGORY	ctg_results_bor_2014_2017.txt	NCT03480646	4	Efficacy: Best Responses by Treatment Group	OG001	Phase 1b Dose Escalation: CPI-1205 400mg BID +Cobi+Abi/Pred	1	0	<untitled>	3	PD	3	Participants	7	7	7	0	CR=0;PR=0;SD=3;PD=3	6		none	False		RECOVERABLE	kept
R001	CATEGORY	ctg_results_bor_2014_2017.txt	NCT03480646	4	Efficacy: Best Responses by Treatment Group	OG001	Phase 1b Dose Escalation: CPI-1205 400mg BID +Cobi+Abi/Pred	1	0	<untitled>	4	Not evaluable, unknown, or missing	1	Participants	7	7	7	0	CR=0;PR=0;SD=3;PD=3	6		none	False		RECOVERABLE	DROPPED_BY_PRODUCER
R002	CLASS	ctg_results_bor_2014_2017.txt	NCT03480646	4	Efficacy: Best Responses by Treatment Group	OG003	Phase 1b Dose Escalation: CPI-1205 800mg TID +Abi/Pred	1	0	<untitled>				Participants	11	11	11	0	CR=0;PR=0;SD=7;PD=1	8	3	none	False	CR=0; PR=0; SD=7; PD=1; Not evaluable, unknown, or missing=3	RECOVERABLE	full category vector of the single contributing class sums exactly to the denoms value
R002	CATEGORY	ctg_results_bor_2014_2017.txt	NCT03480646	4	Efficacy: Best Responses by Treatment Group	OG003	Phase 1b Dose Escalation: CPI-1205 800mg TID +Abi/Pred	1	0	<untitled>	0	CR	0	Participants	11	11	11	0	CR=0;PR=0;SD=7;PD=1	8		none	False		RECOVERABLE	kept
R002	CATEGORY	ctg_results_bor_2014_2017.txt	NCT03480646	4	Efficacy: Best Responses by Treatment Group	OG003	Phase 1b Dose Escalation: CPI-1205 800mg TID +Abi/Pred	1	0	<untitled>	1	PR	0	Participants	11	11	11	0	CR=0;PR=0;SD=7;PD=1	8		none	False		RECOVERABLE	kept
R002	CATEGORY	ctg_results_bor_2014_2017.txt	NCT03480646	4	Efficacy: Best Responses by Treatment Group	OG003	Phase 1b Dose Escalation: CPI-1205 800mg TID +Abi/Pred	1	0	<untitled>	2	SD	7	Participants	11	11	11	0	CR=0;PR=0;SD=7;PD=1	8		none	False		RECOVERABLE	kept
R002	CATEGORY	ctg_results_bor_2014_2017.txt	NCT03480646	4	Efficacy: Best Responses by Treatment Group	OG003	Phase 1b Dose Escalation: CPI-1205 800mg TID +Abi/Pred	1	0	<untitled>	3	PD	1	Participants	11	11	11	0	CR=0;PR=0;SD=7;PD=1	8		none	False		RECOVERABLE	kept
R002	CATEGORY	ctg_results_bor_2014_2017.txt	NCT03480646	4	Efficacy: Best Responses by Treatment Group	OG003	Phase 1b Dose Escalation: CPI-1205 800mg TID +Abi/Pred	1	0	<untitled>	4	Not evaluable, unknown, or missing	3	Participants	11	11	11	0	CR=0;PR=0;SD=7;PD=1	8		none	False		RECOVERABLE	DROPPED_BY_PRODUCER
R003	CLASS	ctg_results_bor_2014_2017.txt	NCT03480646	4	Efficacy: Best Responses by Treatment Group	OG004	Phase 1b HPEC [Heavily Pre-treated Expansion Cohort] CPI-1205 800mg TID +Enza	1	0	<untitled>				Participants	25	25	25	0	CR=0;PR=2;SD=10;PD=10	22	3	none	False	CR=0; PR=2; SD=10; PD=10; Not evaluable, unknown, or missing=3	RECOVERABLE	full category vector of the single contributing class sums exactly to the denoms value
R003	CATEGORY	ctg_results_bor_2014_2017.txt	NCT03480646	4	Efficacy: Best Responses by Treatment Group	OG004	Phase 1b HPEC [Heavily Pre-treated Expansion Cohort] CPI-1205 800mg TID +Enza	1	0	<untitled>	0	CR	0	Participants	25	25	25	0	CR=0;PR=2;SD=10;PD=10	22		none	False		RECOVERABLE	kept
R003	CATEGORY	ctg_results_bor_2014_2017.txt	NCT03480646	4	Efficacy: Best Responses by Treatment Group	OG004	Phase 1b HPEC [Heavily Pre-treated Expansion Cohort] CPI-1205 800mg TID +Enza	1	0	<untitled>	1	PR	2	Participants	25	25	25	0	CR=0;PR=2;SD=10;PD=10	22		none	False		RECOVERABLE	kept
R003	CATEGORY	ctg_results_bor_2014_2017.txt	NCT03480646	4	Efficacy: Best Responses by Treatment Group	OG004	Phase 1b HPEC [Heavily Pre-treated Expansion Cohort] CPI-1205 800mg TID +Enza	1	0	<untitled>	2	SD	10	Participants	25	25	25	0	CR=0;PR=2;SD=10;PD=10	22		none	False		RECOVERABLE	kept
R003	CATEGORY	ctg_results_bor_2014_2017.txt	NCT03480646	4	Efficacy: Best Responses by Treatment Group	OG004	Phase 1b HPEC [Heavily Pre-treated Expansion Cohort] CPI-1205 800mg TID +Enza	1	0	<untitled>	3	PD	10	Participants	25	25	25	0	CR=0;PR=2;SD=10;PD=10	22		none	False		RECOVERABLE	kept
R003	CATEGORY	ctg_results_bor_2014_2017.txt	NCT03480646	4	Efficacy: Best Responses by Treatment Group	OG004	Phase 1b HPEC [Heavily Pre-treated Expansion Cohort] CPI-1205 800mg TID +Enza	1	0	<untitled>	4	Not evaluable, unknown, or missing	3	Participants	25	25	25	0	CR=0;PR=2;SD=10;PD=10	22		none	False		RECOVERABLE	DROPPED_BY_PRODUCER
R004	CLASS	ctg_results_bor_2014_2017.txt	NCT03480646	4	Efficacy: Best Responses by Treatment Group	OG005	Phase 2 Randomized Enza Contro	1	0	<untitled>				Participants	35	35	35	0	CR=0;PR=2;SD=23;PD=9	34	1	none	False	CR=0; PR=2; SD=23; PD=9; Not evaluable, unknown, or missing=1	RECOVERABLE	full category vector of the single contributing class sums exactly to the denoms value
R004	CATEGORY	ctg_results_bor_2014_2017.txt	NCT03480646	4	Efficacy: Best Responses by Treatment Group	OG005	Phase 2 Randomized Enza Contro	1	0	<untitled>	0	CR	0	Participants	35	35	35	0	CR=0;PR=2;SD=23;PD=9	34		none	False		RECOVERABLE	kept
R004	CATEGORY	ctg_results_bor_2014_2017.txt	NCT03480646	4	Efficacy: Best Responses by Treatment Group	OG005	Phase 2 Randomized Enza Contro	1	0	<untitled>	1	PR	2	Participants	35	35	35	0	CR=0;PR=2;SD=23;PD=9	34		none	False		RECOVERABLE	kept
R004	CATEGORY	ctg_results_bor_2014_2017.txt	NCT03480646	4	Efficacy: Best Responses by Treatment Group	OG005	Phase 2 Randomized Enza Contro	1	0	<untitled>	2	SD	23	Participants	35	35	35	0	CR=0;PR=2;SD=23;PD=9	34		none	False		RECOVERABLE	kept
R004	CATEGORY	ctg_results_bor_2014_2017.txt	NCT03480646	4	Efficacy: Best Responses by Treatment Group	OG005	Phase 2 Randomized Enza Contro	1	0	<untitled>	3	PD	9	Participants	35	35	35	0	CR=0;PR=2;SD=23;PD=9	34		none	False		RECOVERABLE	kept
R004	CATEGORY	ctg_results_bor_2014_2017.txt	NCT03480646	4	Efficacy: Best Responses by Treatment Group	OG005	Phase 2 Randomized Enza Contro	1	0	<untitled>	4	Not evaluable, unknown, or missing	1	Participants	35	35	35	0	CR=0;PR=2;SD=23;PD=9	34		none	False		RECOVERABLE	DROPPED_BY_PRODUCER
R005	CLASS	ctg_results_bor_2014_2017.txt	NCT03480646	4	Efficacy: Best Responses by Treatment Group	OG006	Phase 2 Randomized Combination With Enza	1	0	<untitled>				Participants	38	38	38	0	CR=0;PR=3;SD=24;PD=7	34	4	none	False	CR=0; PR=3; SD=24; PD=7; Not evaluable, unknown, or missing=4	RECOVERABLE	full category vector of the single contributing class sums exactly to the denoms value
R005	CATEGORY	ctg_results_bor_2014_2017.txt	NCT03480646	4	Efficacy: Best Responses by Treatment Group	OG006	Phase 2 Randomized Combination With Enza	1	0	<untitled>	0	CR	0	Participants	38	38	38	0	CR=0;PR=3;SD=24;PD=7	34		none	False		RECOVERABLE	kept
R005	CATEGORY	ctg_results_bor_2014_2017.txt	NCT03480646	4	Efficacy: Best Responses by Treatment Group	OG006	Phase 2 Randomized Combination With Enza	1	0	<untitled>	1	PR	3	Participants	38	38	38	0	CR=0;PR=3;SD=24;PD=7	34		none	False		RECOVERABLE	kept
R005	CATEGORY	ctg_results_bor_2014_2017.txt	NCT03480646	4	Efficacy: Best Responses by Treatment Group	OG006	Phase 2 Randomized Combination With Enza	1	0	<untitled>	2	SD	24	Participants	38	38	38	0	CR=0;PR=3;SD=24;PD=7	34		none	False		RECOVERABLE	kept
R005	CATEGORY	ctg_results_bor_2014_2017.txt	NCT03480646	4	Efficacy: Best Responses by Treatment Group	OG006	Phase 2 Randomized Combination With Enza	1	0	<untitled>	3	PD	7	Participants	38	38	38	0	CR=0;PR=3;SD=24;PD=7	34		none	False		RECOVERABLE	kept
R005	CATEGORY	ctg_results_bor_2014_2017.txt	NCT03480646	4	Efficacy: Best Responses by Treatment Group	OG006	Phase 2 Randomized Combination With Enza	1	0	<untitled>	4	Not evaluable, unknown, or missing	4	Participants	38	38	38	0	CR=0;PR=3;SD=24;PD=7	34		none	False		RECOVERABLE	DROPPED_BY_PRODUCER
R006	CLASS	ctg_results_bor_2014_2017.txt	NCT03480646	4	Efficacy: Best Responses by Treatment Group	OG007	Phase 2 Randomized Crossover Period	1	0	<untitled>				Participants	12	12	12	0	CR=0;PR=0;SD=5;PD=0	5	7	none	False	CR=0; PR=0; SD=5; PD=0; Not evaluable, unknown, or missing=7	RECOVERABLE	full category vector of the single contributing class sums exactly to the denoms value
R006	CATEGORY	ctg_results_bor_2014_2017.txt	NCT03480646	4	Efficacy: Best Responses by Treatment Group	OG007	Phase 2 Randomized Crossover Period	1	0	<untitled>	0	CR	0	Participants	12	12	12	0	CR=0;PR=0;SD=5;PD=0	5		none	False		RECOVERABLE	kept
R006	CATEGORY	ctg_results_bor_2014_2017.txt	NCT03480646	4	Efficacy: Best Responses by Treatment Group	OG007	Phase 2 Randomized Crossover Period	1	0	<untitled>	1	PR	0	Participants	12	12	12	0	CR=0;PR=0;SD=5;PD=0	5		none	False		RECOVERABLE	kept
R006	CATEGORY	ctg_results_bor_2014_2017.txt	NCT03480646	4	Efficacy: Best Responses by Treatment Group	OG007	Phase 2 Randomized Crossover Period	1	0	<untitled>	2	SD	5	Participants	12	12	12	0	CR=0;PR=0;SD=5;PD=0	5		none	False		RECOVERABLE	kept
R006	CATEGORY	ctg_results_bor_2014_2017.txt	NCT03480646	4	Efficacy: Best Responses by Treatment Group	OG007	Phase 2 Randomized Crossover Period	1	0	<untitled>	3	PD	0	Participants	12	12	12	0	CR=0;PR=0;SD=5;PD=0	5		none	False		RECOVERABLE	kept
R006	CATEGORY	ctg_results_bor_2014_2017.txt	NCT03480646	4	Efficacy: Best Responses by Treatment Group	OG007	Phase 2 Randomized Crossover Period	1	0	<untitled>	4	Not evaluable, unknown, or missing	7	Participants	12	12	12	0	CR=0;PR=0;SD=5;PD=0	5		none	False		RECOVERABLE	DROPPED_BY_PRODUCER
R007	CLASS	ctg_results_bor_2014_2017.txt	NCT03480646	4	Efficacy: Best Responses by Treatment Group	OG008	Phase 2 Single Arm CPI-1205 +Abi/Pred	1	0	<untitled>				Participants	28	28	28	0	CR=0;PR=0;SD=21;PD=5	26	2	none	False	CR=0; PR=0; SD=21; PD=5; Not evaluable, unknown, or missing=2	RECOVERABLE	full category vector of the single contributing class sums exactly to the denoms value
R007	CATEGORY	ctg_results_bor_2014_2017.txt	NCT03480646	4	Efficacy: Best Responses by Treatment Group	OG008	Phase 2 Single Arm CPI-1205 +Abi/Pred	1	0	<untitled>	0	CR	0	Participants	28	28	28	0	CR=0;PR=0;SD=21;PD=5	26		none	False		RECOVERABLE	kept
R007	CATEGORY	ctg_results_bor_2014_2017.txt	NCT03480646	4	Efficacy: Best Responses by Treatment Group	OG008	Phase 2 Single Arm CPI-1205 +Abi/Pred	1	0	<untitled>	1	PR	0	Participants	28	28	28	0	CR=0;PR=0;SD=21;PD=5	26		none	False		RECOVERABLE	kept
R007	CATEGORY	ctg_results_bor_2014_2017.txt	NCT03480646	4	Efficacy: Best Responses by Treatment Group	OG008	Phase 2 Single Arm CPI-1205 +Abi/Pred	1	0	<untitled>	2	SD	21	Participants	28	28	28	0	CR=0;PR=0;SD=21;PD=5	26		none	False		RECOVERABLE	kept
R007	CATEGORY	ctg_results_bor_2014_2017.txt	NCT03480646	4	Efficacy: Best Responses by Treatment Group	OG008	Phase 2 Single Arm CPI-1205 +Abi/Pred	1	0	<untitled>	3	PD	5	Participants	28	28	28	0	CR=0;PR=0;SD=21;PD=5	26		none	False		RECOVERABLE	kept
R007	CATEGORY	ctg_results_bor_2014_2017.txt	NCT03480646	4	Efficacy: Best Responses by Treatment Group	OG008	Phase 2 Single Arm CPI-1205 +Abi/Pred	1	0	<untitled>	4	Not evaluable, unknown, or missing	2	Participants	28	28	28	0	CR=0;PR=0;SD=21;PD=5	26		none	False		RECOVERABLE	DROPPED_BY_PRODUCER
R008	CLASS	ctg_results_bor_2018_2021.txt	NCT03679754	10	Tumor Objective Response Rate (ORR)	OG000	Ad-RTS-hIL-12 + Veledimex	1	0	<untitled>				Participants	36	36	36	0	CR=1;PR=1;SD=27;PD=6	35	1	none	False	Complete Response=1; Partial Response=1; Stable Disease=27; Progressive Disease=6; Not Evaluable=0; No Response=1; Missing=0	RECOVERABLE	full category vector of the single contributing class sums exactly to the denoms value
R008	CATEGORY	ctg_results_bor_2018_2021.txt	NCT03679754	10	Tumor Objective Response Rate (ORR)	OG000	Ad-RTS-hIL-12 + Veledimex	1	0	<untitled>	0	Complete Response	1	Participants	36	36	36	0	CR=1;PR=1;SD=27;PD=6	35		none	False		RECOVERABLE	kept
R008	CATEGORY	ctg_results_bor_2018_2021.txt	NCT03679754	10	Tumor Objective Response Rate (ORR)	OG000	Ad-RTS-hIL-12 + Veledimex	1	0	<untitled>	1	Partial Response	1	Participants	36	36	36	0	CR=1;PR=1;SD=27;PD=6	35		none	False		RECOVERABLE	kept
R008	CATEGORY	ctg_results_bor_2018_2021.txt	NCT03679754	10	Tumor Objective Response Rate (ORR)	OG000	Ad-RTS-hIL-12 + Veledimex	1	0	<untitled>	2	Stable Disease	27	Participants	36	36	36	0	CR=1;PR=1;SD=27;PD=6	35		none	False		RECOVERABLE	kept
R008	CATEGORY	ctg_results_bor_2018_2021.txt	NCT03679754	10	Tumor Objective Response Rate (ORR)	OG000	Ad-RTS-hIL-12 + Veledimex	1	0	<untitled>	3	Progressive Disease	6	Participants	36	36	36	0	CR=1;PR=1;SD=27;PD=6	35		none	False		RECOVERABLE	kept
R008	CATEGORY	ctg_results_bor_2018_2021.txt	NCT03679754	10	Tumor Objective Response Rate (ORR)	OG000	Ad-RTS-hIL-12 + Veledimex	1	0	<untitled>	4	Not Evaluable	0	Participants	36	36	36	0	CR=1;PR=1;SD=27;PD=6	35		none	False		RECOVERABLE	DROPPED_BY_PRODUCER
R008	CATEGORY	ctg_results_bor_2018_2021.txt	NCT03679754	10	Tumor Objective Response Rate (ORR)	OG000	Ad-RTS-hIL-12 + Veledimex	1	0	<untitled>	5	No Response	1	Participants	36	36	36	0	CR=1;PR=1;SD=27;PD=6	35		none	False		RECOVERABLE	DROPPED_BY_PRODUCER
R008	CATEGORY	ctg_results_bor_2018_2021.txt	NCT03679754	10	Tumor Objective Response Rate (ORR)	OG000	Ad-RTS-hIL-12 + Veledimex	1	0	<untitled>	6	Missing	0	Participants	36	36	36	0	CR=1;PR=1;SD=27;PD=6	35		none	False		RECOVERABLE	DROPPED_BY_PRODUCER
R009	CLASS	ctg_results_bor_2018_2021.txt	NCT04099641	2	Objective Response Rate (ORR)	OG000	Group 1 (CPI Naïve)	1	0	<untitled>				Participants	61	61	61	0	CR=2;PR=6;SD=16;PD=31	55	6	none	False	Complete Response=2; Partial Response=6; Stable Disease=16; Progressive Disease=31; Not Evaluable=6	RECOVERABLE	full category vector of the single contributing class sums exactly to the denoms value
R009	CATEGORY	ctg_results_bor_2018_2021.txt	NCT04099641	2	Objective Response Rate (ORR)	OG000	Group 1 (CPI Naïve)	1	0	<untitled>	0	Complete Response	2	Participants	61	61	61	0	CR=2;PR=6;SD=16;PD=31	55		none	False		RECOVERABLE	kept
R009	CATEGORY	ctg_results_bor_2018_2021.txt	NCT04099641	2	Objective Response Rate (ORR)	OG000	Group 1 (CPI Naïve)	1	0	<untitled>	1	Partial Response	6	Participants	61	61	61	0	CR=2;PR=6;SD=16;PD=31	55		none	False		RECOVERABLE	kept
R009	CATEGORY	ctg_results_bor_2018_2021.txt	NCT04099641	2	Objective Response Rate (ORR)	OG000	Group 1 (CPI Naïve)	1	0	<untitled>	2	Stable Disease	16	Participants	61	61	61	0	CR=2;PR=6;SD=16;PD=31	55		none	False		RECOVERABLE	kept
R009	CATEGORY	ctg_results_bor_2018_2021.txt	NCT04099641	2	Objective Response Rate (ORR)	OG000	Group 1 (CPI Naïve)	1	0	<untitled>	3	Progressive Disease	31	Participants	61	61	61	0	CR=2;PR=6;SD=16;PD=31	55		none	False		RECOVERABLE	kept
R009	CATEGORY	ctg_results_bor_2018_2021.txt	NCT04099641	2	Objective Response Rate (ORR)	OG000	Group 1 (CPI Naïve)	1	0	<untitled>	4	Not Evaluable	6	Participants	61	61	61	0	CR=2;PR=6;SD=16;PD=31	55		none	False		RECOVERABLE	DROPPED_BY_PRODUCER
R010	CLASS	ctg_results_bor_2018_2021.txt	NCT04099641	2	Objective Response Rate (ORR)	OG001	Group 2 (CPI Relapse)	1	0	<untitled>				Participants	19	19	19	0	CR=0;PR=1;SD=9;PD=8	18	1	none	False	Complete Response=0; Partial Response=1; Stable Disease=9; Progressive Disease=8; Not Evaluable=1	RECOVERABLE	full category vector of the single contributing class sums exactly to the denoms value
R010	CATEGORY	ctg_results_bor_2018_2021.txt	NCT04099641	2	Objective Response Rate (ORR)	OG001	Group 2 (CPI Relapse)	1	0	<untitled>	0	Complete Response	0	Participants	19	19	19	0	CR=0;PR=1;SD=9;PD=8	18		none	False		RECOVERABLE	kept
R010	CATEGORY	ctg_results_bor_2018_2021.txt	NCT04099641	2	Objective Response Rate (ORR)	OG001	Group 2 (CPI Relapse)	1	0	<untitled>	1	Partial Response	1	Participants	19	19	19	0	CR=0;PR=1;SD=9;PD=8	18		none	False		RECOVERABLE	kept
R010	CATEGORY	ctg_results_bor_2018_2021.txt	NCT04099641	2	Objective Response Rate (ORR)	OG001	Group 2 (CPI Relapse)	1	0	<untitled>	2	Stable Disease	9	Participants	19	19	19	0	CR=0;PR=1;SD=9;PD=8	18		none	False		RECOVERABLE	kept
R010	CATEGORY	ctg_results_bor_2018_2021.txt	NCT04099641	2	Objective Response Rate (ORR)	OG001	Group 2 (CPI Relapse)	1	0	<untitled>	3	Progressive Disease	8	Participants	19	19	19	0	CR=0;PR=1;SD=9;PD=8	18		none	False		RECOVERABLE	kept
R010	CATEGORY	ctg_results_bor_2018_2021.txt	NCT04099641	2	Objective Response Rate (ORR)	OG001	Group 2 (CPI Relapse)	1	0	<untitled>	4	Not Evaluable	1	Participants	19	19	19	0	CR=0;PR=1;SD=9;PD=8	18		none	False		RECOVERABLE	DROPPED_BY_PRODUCER
R011	CLASS	ctg_results_bor_2018_2021.txt	NCT04306900	3	Best Response (BOR)	OG000	Cohort 1 - Safety Lead-in (TTX-030 + Budigalimab + mFOLFOX6)	1	0	<untitled>				Participants	7	7	7	0	CR=0;PR=1;SD=2;PD=3	6	1	none	False	CR=0; PR=1; Stable Disease=2; PD=3; NE=1	RECOVERABLE	full category vector of the single contributing class sums exactly to the denoms value
R011	CATEGORY	ctg_results_bor_2018_2021.txt	NCT04306900	3	Best Response (BOR)	OG000	Cohort 1 - Safety Lead-in (TTX-030 + Budigalimab + mFOLFOX6)	1	0	<untitled>	0	CR	0	Participants	7	7	7	0	CR=0;PR=1;SD=2;PD=3	6		none	False		RECOVERABLE	kept
R011	CATEGORY	ctg_results_bor_2018_2021.txt	NCT04306900	3	Best Response (BOR)	OG000	Cohort 1 - Safety Lead-in (TTX-030 + Budigalimab + mFOLFOX6)	1	0	<untitled>	1	PR	1	Participants	7	7	7	0	CR=0;PR=1;SD=2;PD=3	6		none	False		RECOVERABLE	kept
R011	CATEGORY	ctg_results_bor_2018_2021.txt	NCT04306900	3	Best Response (BOR)	OG000	Cohort 1 - Safety Lead-in (TTX-030 + Budigalimab + mFOLFOX6)	1	0	<untitled>	2	Stable Disease	2	Participants	7	7	7	0	CR=0;PR=1;SD=2;PD=3	6		none	False		RECOVERABLE	kept
R011	CATEGORY	ctg_results_bor_2018_2021.txt	NCT04306900	3	Best Response (BOR)	OG000	Cohort 1 - Safety Lead-in (TTX-030 + Budigalimab + mFOLFOX6)	1	0	<untitled>	3	PD	3	Participants	7	7	7	0	CR=0;PR=1;SD=2;PD=3	6		none	False		RECOVERABLE	kept
R011	CATEGORY	ctg_results_bor_2018_2021.txt	NCT04306900	3	Best Response (BOR)	OG000	Cohort 1 - Safety Lead-in (TTX-030 + Budigalimab + mFOLFOX6)	1	0	<untitled>	4	NE	1	Participants	7	7	7	0	CR=0;PR=1;SD=2;PD=3	6		none	False		RECOVERABLE	DROPPED_BY_PRODUCER
R012	CLASS	ctg_results_bor_2018_2021.txt	NCT04306900	3	Best Response (BOR)	OG001	Cohort 3B - Gastric (TTX-030 + Budigalimab + mFOLFOX6)	1	0	<untitled>				Participants	41	41	41	0	CR=5;PR=18;SD=14;PD=2	39	2	none	False	CR=5; PR=18; Stable Disease=14; PD=2; NE=2	RECOVERABLE	full category vector of the single contributing class sums exactly to the denoms value
R012	CATEGORY	ctg_results_bor_2018_2021.txt	NCT04306900	3	Best Response (BOR)	OG001	Cohort 3B - Gastric (TTX-030 + Budigalimab + mFOLFOX6)	1	0	<untitled>	0	CR	5	Participants	41	41	41	0	CR=5;PR=18;SD=14;PD=2	39		none	False		RECOVERABLE	kept
R012	CATEGORY	ctg_results_bor_2018_2021.txt	NCT04306900	3	Best Response (BOR)	OG001	Cohort 3B - Gastric (TTX-030 + Budigalimab + mFOLFOX6)	1	0	<untitled>	1	PR	18	Participants	41	41	41	0	CR=5;PR=18;SD=14;PD=2	39		none	False		RECOVERABLE	kept
R012	CATEGORY	ctg_results_bor_2018_2021.txt	NCT04306900	3	Best Response (BOR)	OG001	Cohort 3B - Gastric (TTX-030 + Budigalimab + mFOLFOX6)	1	0	<untitled>	2	Stable Disease	14	Participants	41	41	41	0	CR=5;PR=18;SD=14;PD=2	39		none	False		RECOVERABLE	kept
R012	CATEGORY	ctg_results_bor_2018_2021.txt	NCT04306900	3	Best Response (BOR)	OG001	Cohort 3B - Gastric (TTX-030 + Budigalimab + mFOLFOX6)	1	0	<untitled>	3	PD	2	Participants	41	41	41	0	CR=5;PR=18;SD=14;PD=2	39		none	False		RECOVERABLE	kept
R012	CATEGORY	ctg_results_bor_2018_2021.txt	NCT04306900	3	Best Response (BOR)	OG001	Cohort 3B - Gastric (TTX-030 + Budigalimab + mFOLFOX6)	1	0	<untitled>	4	NE	2	Participants	41	41	41	0	CR=5;PR=18;SD=14;PD=2	39		none	False		RECOVERABLE	DROPPED_BY_PRODUCER
R013	CLASS	ctg_results_bor_2018_2021.txt	NCT04306900	3	Best Response (BOR)	OG005	Cohort 9 - Pancreatic (TTX-030 + Budigalimab + Gemcitabine + Nab-Paclitaxel)	1	0	<untitled>				Participants	27	27	27	0	CR=0;PR=9;SD=13;PD=3	25	2	none	False	CR=0; PR=9; Stable Disease=13; PD=3; NE=2	RECOVERABLE	full category vector of the single contributing class sums exactly to the denoms value
R013	CATEGORY	ctg_results_bor_2018_2021.txt	NCT04306900	3	Best Response (BOR)	OG005	Cohort 9 - Pancreatic (TTX-030 + Budigalimab + Gemcitabine + Nab-Paclitaxel)	1	0	<untitled>	0	CR	0	Participants	27	27	27	0	CR=0;PR=9;SD=13;PD=3	25		none	False		RECOVERABLE	kept
R013	CATEGORY	ctg_results_bor_2018_2021.txt	NCT04306900	3	Best Response (BOR)	OG005	Cohort 9 - Pancreatic (TTX-030 + Budigalimab + Gemcitabine + Nab-Paclitaxel)	1	0	<untitled>	1	PR	9	Participants	27	27	27	0	CR=0;PR=9;SD=13;PD=3	25		none	False		RECOVERABLE	kept
R013	CATEGORY	ctg_results_bor_2018_2021.txt	NCT04306900	3	Best Response (BOR)	OG005	Cohort 9 - Pancreatic (TTX-030 + Budigalimab + Gemcitabine + Nab-Paclitaxel)	1	0	<untitled>	2	Stable Disease	13	Participants	27	27	27	0	CR=0;PR=9;SD=13;PD=3	25		none	False		RECOVERABLE	kept
R013	CATEGORY	ctg_results_bor_2018_2021.txt	NCT04306900	3	Best Response (BOR)	OG005	Cohort 9 - Pancreatic (TTX-030 + Budigalimab + Gemcitabine + Nab-Paclitaxel)	1	0	<untitled>	3	PD	3	Participants	27	27	27	0	CR=0;PR=9;SD=13;PD=3	25		none	False		RECOVERABLE	kept
R013	CATEGORY	ctg_results_bor_2018_2021.txt	NCT04306900	3	Best Response (BOR)	OG005	Cohort 9 - Pancreatic (TTX-030 + Budigalimab + Gemcitabine + Nab-Paclitaxel)	1	0	<untitled>	4	NE	2	Participants	27	27	27	0	CR=0;PR=9;SD=13;PD=3	25		none	False		RECOVERABLE	DROPPED_BY_PRODUCER
R014	CLASS	ctg_results_bor_2018_2021.txt	NCT04306900	3	Best Response (BOR)	OG007	Cohort 4 - CRC (TTX-030 + Budigalimab)	1	0	<untitled>				Participants	12	12	12	0	CR=0;PR=0;SD=3;PD=8	11	1	none	False	CR=0; PR=0; Stable Disease=3; PD=8; NE=1	RECOVERABLE	full category vector of the single contributing class sums exactly to the denoms value
R014	CATEGORY	ctg_results_bor_2018_2021.txt	NCT04306900	3	Best Response (BOR)	OG007	Cohort 4 - CRC (TTX-030 + Budigalimab)	1	0	<untitled>	0	CR	0	Participants	12	12	12	0	CR=0;PR=0;SD=3;PD=8	11		none	False		RECOVERABLE	kept
R014	CATEGORY	ctg_results_bor_2018_2021.txt	NCT04306900	3	Best Response (BOR)	OG007	Cohort 4 - CRC (TTX-030 + Budigalimab)	1	0	<untitled>	1	PR	0	Participants	12	12	12	0	CR=0;PR=0;SD=3;PD=8	11		none	False		RECOVERABLE	kept
R014	CATEGORY	ctg_results_bor_2018_2021.txt	NCT04306900	3	Best Response (BOR)	OG007	Cohort 4 - CRC (TTX-030 + Budigalimab)	1	0	<untitled>	2	Stable Disease	3	Participants	12	12	12	0	CR=0;PR=0;SD=3;PD=8	11		none	False		RECOVERABLE	kept
R014	CATEGORY	ctg_results_bor_2018_2021.txt	NCT04306900	3	Best Response (BOR)	OG007	Cohort 4 - CRC (TTX-030 + Budigalimab)	1	0	<untitled>	3	PD	8	Participants	12	12	12	0	CR=0;PR=0;SD=3;PD=8	11		none	False		RECOVERABLE	kept
R014	CATEGORY	ctg_results_bor_2018_2021.txt	NCT04306900	3	Best Response (BOR)	OG007	Cohort 4 - CRC (TTX-030 + Budigalimab)	1	0	<untitled>	4	NE	1	Participants	12	12	12	0	CR=0;PR=0;SD=3;PD=8	11		none	False		RECOVERABLE	DROPPED_BY_PRODUCER
R015	CLASS	ctg_results_bor_2018_2021.txt	NCT04306900	3	Best Response (BOR)	OG008	Cohort 6 - HNSCC (TTX-030 + Budigalimab)	1	0	<untitled>				Participants	5	5	5	0	CR=0;PR=0;SD=3;PD=1	4	1	none	False	CR=0; PR=0; Stable Disease=3; PD=1; NE=1	RECOVERABLE	full category vector of the single contributing class sums exactly to the denoms value
R015	CATEGORY	ctg_results_bor_2018_2021.txt	NCT04306900	3	Best Response (BOR)	OG008	Cohort 6 - HNSCC (TTX-030 + Budigalimab)	1	0	<untitled>	0	CR	0	Participants	5	5	5	0	CR=0;PR=0;SD=3;PD=1	4		none	False		RECOVERABLE	kept
R015	CATEGORY	ctg_results_bor_2018_2021.txt	NCT04306900	3	Best Response (BOR)	OG008	Cohort 6 - HNSCC (TTX-030 + Budigalimab)	1	0	<untitled>	1	PR	0	Participants	5	5	5	0	CR=0;PR=0;SD=3;PD=1	4		none	False		RECOVERABLE	kept
R015	CATEGORY	ctg_results_bor_2018_2021.txt	NCT04306900	3	Best Response (BOR)	OG008	Cohort 6 - HNSCC (TTX-030 + Budigalimab)	1	0	<untitled>	2	Stable Disease	3	Participants	5	5	5	0	CR=0;PR=0;SD=3;PD=1	4		none	False		RECOVERABLE	kept
R015	CATEGORY	ctg_results_bor_2018_2021.txt	NCT04306900	3	Best Response (BOR)	OG008	Cohort 6 - HNSCC (TTX-030 + Budigalimab)	1	0	<untitled>	3	PD	1	Participants	5	5	5	0	CR=0;PR=0;SD=3;PD=1	4		none	False		RECOVERABLE	kept
R015	CATEGORY	ctg_results_bor_2018_2021.txt	NCT04306900	3	Best Response (BOR)	OG008	Cohort 6 - HNSCC (TTX-030 + Budigalimab)	1	0	<untitled>	4	NE	1	Participants	5	5	5	0	CR=0;PR=0;SD=3;PD=1	4		none	False		RECOVERABLE	DROPPED_BY_PRODUCER
R016	CLASS	ctg_results_bor_2018_2021.txt	NCT04306900	3	Best Response (BOR)	OG009	Cohort 8 - GEC (TTX-030 + Budigalimab)	1	0	<untitled>				Participants	22	22	22	0	CR=1;PR=1;SD=5;PD=11	18	4	none	False	CR=1; PR=1; Stable Disease=5; PD=11; NE=4	RECOVERABLE	full category vector of the single contributing class sums exactly to the denoms value
R016	CATEGORY	ctg_results_bor_2018_2021.txt	NCT04306900	3	Best Response (BOR)	OG009	Cohort 8 - GEC (TTX-030 + Budigalimab)	1	0	<untitled>	0	CR	1	Participants	22	22	22	0	CR=1;PR=1;SD=5;PD=11	18		none	False		RECOVERABLE	kept
R016	CATEGORY	ctg_results_bor_2018_2021.txt	NCT04306900	3	Best Response (BOR)	OG009	Cohort 8 - GEC (TTX-030 + Budigalimab)	1	0	<untitled>	1	PR	1	Participants	22	22	22	0	CR=1;PR=1;SD=5;PD=11	18		none	False		RECOVERABLE	kept
R016	CATEGORY	ctg_results_bor_2018_2021.txt	NCT04306900	3	Best Response (BOR)	OG009	Cohort 8 - GEC (TTX-030 + Budigalimab)	1	0	<untitled>	2	Stable Disease	5	Participants	22	22	22	0	CR=1;PR=1;SD=5;PD=11	18		none	False		RECOVERABLE	kept
R016	CATEGORY	ctg_results_bor_2018_2021.txt	NCT04306900	3	Best Response (BOR)	OG009	Cohort 8 - GEC (TTX-030 + Budigalimab)	1	0	<untitled>	3	PD	11	Participants	22	22	22	0	CR=1;PR=1;SD=5;PD=11	18		none	False		RECOVERABLE	kept
R016	CATEGORY	ctg_results_bor_2018_2021.txt	NCT04306900	3	Best Response (BOR)	OG009	Cohort 8 - GEC (TTX-030 + Budigalimab)	1	0	<untitled>	4	NE	4	Participants	22	22	22	0	CR=1;PR=1;SD=5;PD=11	18		none	False		RECOVERABLE	DROPPED_BY_PRODUCER
R017	CLASS	ctg_results_bor_2018_2021.txt	NCT04539327	16	Objective Response Rate (ORR)	OG000	Rucaparib - Treatment	1	0	<untitled>				Participants	28	28	28	0	CR=4;PR=0;SD=4;PD=11	19	9	none	False	Progressive Disease=11; Stable Disease=4; Complete Response=4; Partial Response=0; Not asssessable=9	RECOVERABLE	full category vector of the single contributing class sums exactly to the denoms value
R017	CATEGORY	ctg_results_bor_2018_2021.txt	NCT04539327	16	Objective Response Rate (ORR)	OG000	Rucaparib - Treatment	1	0	<untitled>	0	Progressive Disease	11	Participants	28	28	28	0	CR=4;PR=0;SD=4;PD=11	19		none	False		RECOVERABLE	kept
R017	CATEGORY	ctg_results_bor_2018_2021.txt	NCT04539327	16	Objective Response Rate (ORR)	OG000	Rucaparib - Treatment	1	0	<untitled>	1	Stable Disease	4	Participants	28	28	28	0	CR=4;PR=0;SD=4;PD=11	19		none	False		RECOVERABLE	kept
R017	CATEGORY	ctg_results_bor_2018_2021.txt	NCT04539327	16	Objective Response Rate (ORR)	OG000	Rucaparib - Treatment	1	0	<untitled>	2	Complete Response	4	Participants	28	28	28	0	CR=4;PR=0;SD=4;PD=11	19		none	False		RECOVERABLE	kept
R017	CATEGORY	ctg_results_bor_2018_2021.txt	NCT04539327	16	Objective Response Rate (ORR)	OG000	Rucaparib - Treatment	1	0	<untitled>	3	Partial Response	0	Participants	28	28	28	0	CR=4;PR=0;SD=4;PD=11	19		none	False		RECOVERABLE	kept
R017	CATEGORY	ctg_results_bor_2018_2021.txt	NCT04539327	16	Objective Response Rate (ORR)	OG000	Rucaparib - Treatment	1	0	<untitled>	4	Not asssessable	9	Participants	28	28	28	0	CR=4;PR=0;SD=4;PD=11	19		none	False		RECOVERABLE	DROPPED_BY_PRODUCER
R018	CLASS	ctg_results_bor_2018_2021.txt	NCT03829501	6	Best Overall Response (BOR) Per RECIST 1.1	OG001	Alomfilimab 2.4 mg	1	0	<untitled>				Participants	5	5	5	0	CR=0;PR=0;SD=0;PD=3	3	2	none	False	CR=0; PR=0; SD=0; PD=3; NE=2	RECOVERABLE	full category vector of the single contributing class sums exactly to the denoms value
R018	CATEGORY	ctg_results_bor_2018_2021.txt	NCT03829501	6	Best Overall Response (BOR) Per RECIST 1.1	OG001	Alomfilimab 2.4 mg	1	0	<untitled>	0	CR	0	Participants	5	5	5	0	CR=0;PR=0;SD=0;PD=3	3		none	False		RECOVERABLE	kept
R018	CATEGORY	ctg_results_bor_2018_2021.txt	NCT03829501	6	Best Overall Response (BOR) Per RECIST 1.1	OG001	Alomfilimab 2.4 mg	1	0	<untitled>	1	PR	0	Participants	5	5	5	0	CR=0;PR=0;SD=0;PD=3	3		none	False		RECOVERABLE	kept
R018	CATEGORY	ctg_results_bor_2018_2021.txt	NCT03829501	6	Best Overall Response (BOR) Per RECIST 1.1	OG001	Alomfilimab 2.4 mg	1	0	<untitled>	2	SD	0	Participants	5	5	5	0	CR=0;PR=0;SD=0;PD=3	3		none	False		RECOVERABLE	kept
R018	CATEGORY	ctg_results_bor_2018_2021.txt	NCT03829501	6	Best Overall Response (BOR) Per RECIST 1.1	OG001	Alomfilimab 2.4 mg	1	0	<untitled>	3	PD	3	Participants	5	5	5	0	CR=0;PR=0;SD=0;PD=3	3		none	False		RECOVERABLE	kept
R018	CATEGORY	ctg_results_bor_2018_2021.txt	NCT03829501	6	Best Overall Response (BOR) Per RECIST 1.1	OG001	Alomfilimab 2.4 mg	1	0	<untitled>	4	NE	2	Participants	5	5	5	0	CR=0;PR=0;SD=0;PD=3	3		none	False		RECOVERABLE	DROPPED_BY_PRODUCER
R019	CLASS	ctg_results_bor_2018_2021.txt	NCT03829501	6	Best Overall Response (BOR) Per RECIST 1.1	OG003	Alomfilimab 24 mg	1	0	<untitled>				Participants	8	8	8	0	CR=0;PR=0;SD=2;PD=3	5	3	none	False	CR=0; PR=0; SD=2; PD=3; NE=3	RECOVERABLE	full category vector of the single contributing class sums exactly to the denoms value
R019	CATEGORY	ctg_results_bor_2018_2021.txt	NCT03829501	6	Best Overall Response (BOR) Per RECIST 1.1	OG003	Alomfilimab 24 mg	1	0	<untitled>	0	CR	0	Participants	8	8	8	0	CR=0;PR=0;SD=2;PD=3	5		none	False		RECOVERABLE	kept
R019	CATEGORY	ctg_results_bor_2018_2021.txt	NCT03829501	6	Best Overall Response (BOR) Per RECIST 1.1	OG003	Alomfilimab 24 mg	1	0	<untitled>	1	PR	0	Participants	8	8	8	0	CR=0;PR=0;SD=2;PD=3	5		none	False		RECOVERABLE	kept
R019	CATEGORY	ctg_results_bor_2018_2021.txt	NCT03829501	6	Best Overall Response (BOR) Per RECIST 1.1	OG003	Alomfilimab 24 mg	1	0	<untitled>	2	SD	2	Participants	8	8	8	0	CR=0;PR=0;SD=2;PD=3	5		none	False		RECOVERABLE	kept
R019	CATEGORY	ctg_results_bor_2018_2021.txt	NCT03829501	6	Best Overall Response (BOR) Per RECIST 1.1	OG003	Alomfilimab 24 mg	1	0	<untitled>	3	PD	3	Participants	8	8	8	0	CR=0;PR=0;SD=2;PD=3	5		none	False		RECOVERABLE	kept
R019	CATEGORY	ctg_results_bor_2018_2021.txt	NCT03829501	6	Best Overall Response (BOR) Per RECIST 1.1	OG003	Alomfilimab 24 mg	1	0	<untitled>	4	NE	3	Participants	8	8	8	0	CR=0;PR=0;SD=2;PD=3	5		none	False		RECOVERABLE	DROPPED_BY_PRODUCER
R020	CLASS	ctg_results_bor_2018_2021.txt	NCT03829501	6	Best Overall Response (BOR) Per RECIST 1.1	OG004	Alomfilimab 80 mg	1	0	<untitled>				Participants	7	7	7	0	CR=0;PR=0;SD=2;PD=4	6	1	none	False	CR=0; PR=0; SD=2; PD=4; NE=1	RECOVERABLE	full category vector of the single contributing class sums exactly to the denoms value
R020	CATEGORY	ctg_results_bor_2018_2021.txt	NCT03829501	6	Best Overall Response (BOR) Per RECIST 1.1	OG004	Alomfilimab 80 mg	1	0	<untitled>	0	CR	0	Participants	7	7	7	0	CR=0;PR=0;SD=2;PD=4	6		none	False		RECOVERABLE	kept
R020	CATEGORY	ctg_results_bor_2018_2021.txt	NCT03829501	6	Best Overall Response (BOR) Per RECIST 1.1	OG004	Alomfilimab 80 mg	1	0	<untitled>	1	PR	0	Participants	7	7	7	0	CR=0;PR=0;SD=2;PD=4	6		none	False		RECOVERABLE	kept
R020	CATEGORY	ctg_results_bor_2018_2021.txt	NCT03829501	6	Best Overall Response (BOR) Per RECIST 1.1	OG004	Alomfilimab 80 mg	1	0	<untitled>	2	SD	2	Participants	7	7	7	0	CR=0;PR=0;SD=2;PD=4	6		none	False		RECOVERABLE	kept
R020	CATEGORY	ctg_results_bor_2018_2021.txt	NCT03829501	6	Best Overall Response (BOR) Per RECIST 1.1	OG004	Alomfilimab 80 mg	1	0	<untitled>	3	PD	4	Participants	7	7	7	0	CR=0;PR=0;SD=2;PD=4	6		none	False		RECOVERABLE	kept
R020	CATEGORY	ctg_results_bor_2018_2021.txt	NCT03829501	6	Best Overall Response (BOR) Per RECIST 1.1	OG004	Alomfilimab 80 mg	1	0	<untitled>	4	NE	1	Participants	7	7	7	0	CR=0;PR=0;SD=2;PD=4	6		none	False		RECOVERABLE	DROPPED_BY_PRODUCER
R021	CLASS	ctg_results_bor_2018_2021.txt	NCT03829501	6	Best Overall Response (BOR) Per RECIST 1.1	OG006	Alomfilimab 0.8 mg + Atezolizumab	1	0	<untitled>				Participants	5	5	5	0	CR=0;PR=0;SD=3;PD=1	4	1	none	False	CR=0; PR=0; SD=3; PD=1; NE=1	RECOVERABLE	full category vector of the single contributing class sums exactly to the denoms value
R021	CATEGORY	ctg_results_bor_2018_2021.txt	NCT03829501	6	Best Overall Response (BOR) Per RECIST 1.1	OG006	Alomfilimab 0.8 mg + Atezolizumab	1	0	<untitled>	0	CR	0	Participants	5	5	5	0	CR=0;PR=0;SD=3;PD=1	4		none	False		RECOVERABLE	kept
R021	CATEGORY	ctg_results_bor_2018_2021.txt	NCT03829501	6	Best Overall Response (BOR) Per RECIST 1.1	OG006	Alomfilimab 0.8 mg + Atezolizumab	1	0	<untitled>	1	PR	0	Participants	5	5	5	0	CR=0;PR=0;SD=3;PD=1	4		none	False		RECOVERABLE	kept
R021	CATEGORY	ctg_results_bor_2018_2021.txt	NCT03829501	6	Best Overall Response (BOR) Per RECIST 1.1	OG006	Alomfilimab 0.8 mg + Atezolizumab	1	0	<untitled>	2	SD	3	Participants	5	5	5	0	CR=0;PR=0;SD=3;PD=1	4		none	False		RECOVERABLE	kept
R021	CATEGORY	ctg_results_bor_2018_2021.txt	NCT03829501	6	Best Overall Response (BOR) Per RECIST 1.1	OG006	Alomfilimab 0.8 mg + Atezolizumab	1	0	<untitled>	3	PD	1	Participants	5	5	5	0	CR=0;PR=0;SD=3;PD=1	4		none	False		RECOVERABLE	kept
R021	CATEGORY	ctg_results_bor_2018_2021.txt	NCT03829501	6	Best Overall Response (BOR) Per RECIST 1.1	OG006	Alomfilimab 0.8 mg + Atezolizumab	1	0	<untitled>	4	NE	1	Participants	5	5	5	0	CR=0;PR=0;SD=3;PD=1	4		none	False		RECOVERABLE	DROPPED_BY_PRODUCER
R022	CLASS	ctg_results_bor_2018_2021.txt	NCT03829501	6	Best Overall Response (BOR) Per RECIST 1.1	OG007	Alomfilimab 2.4 mg + Atezolizumab	1	0	<untitled>				Participants	43	43	43	0	CR=1;PR=3;SD=12;PD=20	36	7	none	False	CR=1; PR=3; SD=12; PD=20; NE=7	RECOVERABLE	full category vector of the single contributing class sums exactly to the denoms value
R022	CATEGORY	ctg_results_bor_2018_2021.txt	NCT03829501	6	Best Overall Response (BOR) Per RECIST 1.1	OG007	Alomfilimab 2.4 mg + Atezolizumab	1	0	<untitled>	0	CR	1	Participants	43	43	43	0	CR=1;PR=3;SD=12;PD=20	36		none	False		RECOVERABLE	kept
R022	CATEGORY	ctg_results_bor_2018_2021.txt	NCT03829501	6	Best Overall Response (BOR) Per RECIST 1.1	OG007	Alomfilimab 2.4 mg + Atezolizumab	1	0	<untitled>	1	PR	3	Participants	43	43	43	0	CR=1;PR=3;SD=12;PD=20	36		none	False		RECOVERABLE	kept
R022	CATEGORY	ctg_results_bor_2018_2021.txt	NCT03829501	6	Best Overall Response (BOR) Per RECIST 1.1	OG007	Alomfilimab 2.4 mg + Atezolizumab	1	0	<untitled>	2	SD	12	Participants	43	43	43	0	CR=1;PR=3;SD=12;PD=20	36		none	False		RECOVERABLE	kept
R022	CATEGORY	ctg_results_bor_2018_2021.txt	NCT03829501	6	Best Overall Response (BOR) Per RECIST 1.1	OG007	Alomfilimab 2.4 mg + Atezolizumab	1	0	<untitled>	3	PD	20	Participants	43	43	43	0	CR=1;PR=3;SD=12;PD=20	36		none	False		RECOVERABLE	kept
R022	CATEGORY	ctg_results_bor_2018_2021.txt	NCT03829501	6	Best Overall Response (BOR) Per RECIST 1.1	OG007	Alomfilimab 2.4 mg + Atezolizumab	1	0	<untitled>	4	NE	7	Participants	43	43	43	0	CR=1;PR=3;SD=12;PD=20	36		none	False		RECOVERABLE	DROPPED_BY_PRODUCER
R023	CLASS	ctg_results_bor_2018_2021.txt	NCT03829501	6	Best Overall Response (BOR) Per RECIST 1.1	OG008	Alomfilimab 8 mg + Atezolizumab	1	0	<untitled>				Participants	36	36	36	0	CR=0;PR=2;SD=8;PD=22	32	4	none	False	CR=0; PR=2; SD=8; PD=22; NE=4	RECOVERABLE	full category vector of the single contributing class sums exactly to the denoms value
R023	CATEGORY	ctg_results_bor_2018_2021.txt	NCT03829501	6	Best Overall Response (BOR) Per RECIST 1.1	OG008	Alomfilimab 8 mg + Atezolizumab	1	0	<untitled>	0	CR	0	Participants	36	36	36	0	CR=0;PR=2;SD=8;PD=22	32		none	False		RECOVERABLE	kept
R023	CATEGORY	ctg_results_bor_2018_2021.txt	NCT03829501	6	Best Overall Response (BOR) Per RECIST 1.1	OG008	Alomfilimab 8 mg + Atezolizumab	1	0	<untitled>	1	PR	2	Participants	36	36	36	0	CR=0;PR=2;SD=8;PD=22	32		none	False		RECOVERABLE	kept
R023	CATEGORY	ctg_results_bor_2018_2021.txt	NCT03829501	6	Best Overall Response (BOR) Per RECIST 1.1	OG008	Alomfilimab 8 mg + Atezolizumab	1	0	<untitled>	2	SD	8	Participants	36	36	36	0	CR=0;PR=2;SD=8;PD=22	32		none	False		RECOVERABLE	kept
R023	CATEGORY	ctg_results_bor_2018_2021.txt	NCT03829501	6	Best Overall Response (BOR) Per RECIST 1.1	OG008	Alomfilimab 8 mg + Atezolizumab	1	0	<untitled>	3	PD	22	Participants	36	36	36	0	CR=0;PR=2;SD=8;PD=22	32		none	False		RECOVERABLE	kept
R023	CATEGORY	ctg_results_bor_2018_2021.txt	NCT03829501	6	Best Overall Response (BOR) Per RECIST 1.1	OG008	Alomfilimab 8 mg + Atezolizumab	1	0	<untitled>	4	NE	4	Participants	36	36	36	0	CR=0;PR=2;SD=8;PD=22	32		none	False		RECOVERABLE	DROPPED_BY_PRODUCER
R024	CLASS	ctg_results_bor_2018_2021.txt	NCT03829501	6	Best Overall Response (BOR) Per RECIST 1.1	OG010	Alomfilimab 80 mg + Atezolizumab	1	0	<untitled>				Participants	9	9	9	0	CR=0;PR=0;SD=4;PD=2	6	3	none	False	CR=0; PR=0; SD=4; PD=2; NE=3	RECOVERABLE	full category vector of the single contributing class sums exactly to the denoms value
R024	CATEGORY	ctg_results_bor_2018_2021.txt	NCT03829501	6	Best Overall Response (BOR) Per RECIST 1.1	OG010	Alomfilimab 80 mg + Atezolizumab	1	0	<untitled>	0	CR	0	Participants	9	9	9	0	CR=0;PR=0;SD=4;PD=2	6		none	False		RECOVERABLE	kept
R024	CATEGORY	ctg_results_bor_2018_2021.txt	NCT03829501	6	Best Overall Response (BOR) Per RECIST 1.1	OG010	Alomfilimab 80 mg + Atezolizumab	1	0	<untitled>	1	PR	0	Participants	9	9	9	0	CR=0;PR=0;SD=4;PD=2	6		none	False		RECOVERABLE	kept
R024	CATEGORY	ctg_results_bor_2018_2021.txt	NCT03829501	6	Best Overall Response (BOR) Per RECIST 1.1	OG010	Alomfilimab 80 mg + Atezolizumab	1	0	<untitled>	2	SD	4	Participants	9	9	9	0	CR=0;PR=0;SD=4;PD=2	6		none	False		RECOVERABLE	kept
R024	CATEGORY	ctg_results_bor_2018_2021.txt	NCT03829501	6	Best Overall Response (BOR) Per RECIST 1.1	OG010	Alomfilimab 80 mg + Atezolizumab	1	0	<untitled>	3	PD	2	Participants	9	9	9	0	CR=0;PR=0;SD=4;PD=2	6		none	False		RECOVERABLE	kept
R024	CATEGORY	ctg_results_bor_2018_2021.txt	NCT03829501	6	Best Overall Response (BOR) Per RECIST 1.1	OG010	Alomfilimab 80 mg + Atezolizumab	1	0	<untitled>	4	NE	3	Participants	9	9	9	0	CR=0;PR=0;SD=4;PD=2	6		none	False		RECOVERABLE	DROPPED_BY_PRODUCER
R025	CLASS	ctg_results_bor_2018_2021.txt	NCT03829501	6	Best Overall Response (BOR) Per RECIST 1.1	OG012	Alomfilimab 8 mg + Atezolizumab in Anti-PD-(L)1 Naïve Pancreatic Cancer	1	0	<untitled>				Participants	14	14	14	0	CR=0;PR=0;SD=0;PD=11	11	3	none	False	CR=0; PR=0; SD=0; PD=11; NE=3	RECOVERABLE	full category vector of the single contributing class sums exactly to the denoms value
R025	CATEGORY	ctg_results_bor_2018_2021.txt	NCT03829501	6	Best Overall Response (BOR) Per RECIST 1.1	OG012	Alomfilimab 8 mg + Atezolizumab in Anti-PD-(L)1 Naïve Pancreatic Cancer	1	0	<untitled>	0	CR	0	Participants	14	14	14	0	CR=0;PR=0;SD=0;PD=11	11		none	False		RECOVERABLE	kept
R025	CATEGORY	ctg_results_bor_2018_2021.txt	NCT03829501	6	Best Overall Response (BOR) Per RECIST 1.1	OG012	Alomfilimab 8 mg + Atezolizumab in Anti-PD-(L)1 Naïve Pancreatic Cancer	1	0	<untitled>	1	PR	0	Participants	14	14	14	0	CR=0;PR=0;SD=0;PD=11	11		none	False		RECOVERABLE	kept
R025	CATEGORY	ctg_results_bor_2018_2021.txt	NCT03829501	6	Best Overall Response (BOR) Per RECIST 1.1	OG012	Alomfilimab 8 mg + Atezolizumab in Anti-PD-(L)1 Naïve Pancreatic Cancer	1	0	<untitled>	2	SD	0	Participants	14	14	14	0	CR=0;PR=0;SD=0;PD=11	11		none	False		RECOVERABLE	kept
R025	CATEGORY	ctg_results_bor_2018_2021.txt	NCT03829501	6	Best Overall Response (BOR) Per RECIST 1.1	OG012	Alomfilimab 8 mg + Atezolizumab in Anti-PD-(L)1 Naïve Pancreatic Cancer	1	0	<untitled>	3	PD	11	Participants	14	14	14	0	CR=0;PR=0;SD=0;PD=11	11		none	False		RECOVERABLE	kept
R025	CATEGORY	ctg_results_bor_2018_2021.txt	NCT03829501	6	Best Overall Response (BOR) Per RECIST 1.1	OG012	Alomfilimab 8 mg + Atezolizumab in Anti-PD-(L)1 Naïve Pancreatic Cancer	1	0	<untitled>	4	NE	3	Participants	14	14	14	0	CR=0;PR=0;SD=0;PD=11	11		none	False		RECOVERABLE	DROPPED_BY_PRODUCER
R026	CLASS	ctg_results_bor_2018_2021.txt	NCT03829501	6	Best Overall Response (BOR) Per RECIST 1.1	OG013	Alomfilimab 2.4 mg + Atezolizumab in Anti-PD-(L)1 Naïve Triple Negative BC	1	0	<untitled>				Participants	7	7	7	0	CR=0;PR=0;SD=1;PD=5	6	1	none	False	CR=0; PR=0; SD=1; PD=5; NE=1	RECOVERABLE	full category vector of the single contributing class sums exactly to the denoms value
R026	CATEGORY	ctg_results_bor_2018_2021.txt	NCT03829501	6	Best Overall Response (BOR) Per RECIST 1.1	OG013	Alomfilimab 2.4 mg + Atezolizumab in Anti-PD-(L)1 Naïve Triple Negative BC	1	0	<untitled>	0	CR	0	Participants	7	7	7	0	CR=0;PR=0;SD=1;PD=5	6		none	False		RECOVERABLE	kept
R026	CATEGORY	ctg_results_bor_2018_2021.txt	NCT03829501	6	Best Overall Response (BOR) Per RECIST 1.1	OG013	Alomfilimab 2.4 mg + Atezolizumab in Anti-PD-(L)1 Naïve Triple Negative BC	1	0	<untitled>	1	PR	0	Participants	7	7	7	0	CR=0;PR=0;SD=1;PD=5	6		none	False		RECOVERABLE	kept
R026	CATEGORY	ctg_results_bor_2018_2021.txt	NCT03829501	6	Best Overall Response (BOR) Per RECIST 1.1	OG013	Alomfilimab 2.4 mg + Atezolizumab in Anti-PD-(L)1 Naïve Triple Negative BC	1	0	<untitled>	2	SD	1	Participants	7	7	7	0	CR=0;PR=0;SD=1;PD=5	6		none	False		RECOVERABLE	kept
R026	CATEGORY	ctg_results_bor_2018_2021.txt	NCT03829501	6	Best Overall Response (BOR) Per RECIST 1.1	OG013	Alomfilimab 2.4 mg + Atezolizumab in Anti-PD-(L)1 Naïve Triple Negative BC	1	0	<untitled>	3	PD	5	Participants	7	7	7	0	CR=0;PR=0;SD=1;PD=5	6		none	False		RECOVERABLE	kept
R026	CATEGORY	ctg_results_bor_2018_2021.txt	NCT03829501	6	Best Overall Response (BOR) Per RECIST 1.1	OG013	Alomfilimab 2.4 mg + Atezolizumab in Anti-PD-(L)1 Naïve Triple Negative BC	1	0	<untitled>	4	NE	1	Participants	7	7	7	0	CR=0;PR=0;SD=1;PD=5	6		none	False		RECOVERABLE	DROPPED_BY_PRODUCER
R027	CLASS	ctg_results_bor_2018_2021.txt	NCT03829501	6	Best Overall Response (BOR) Per RECIST 1.1	OG014	Alomfilimab 8 mg + Atezolizumab in Anti-PD-(L)1 Naïve Triple Negative BC	1	0	<untitled>				Participants	14	14	14	0	CR=0;PR=1;SD=4;PD=8	13	1	none	False	CR=0; PR=1; SD=4; PD=8; NE=1	RECOVERABLE	full category vector of the single contributing class sums exactly to the denoms value
R027	CATEGORY	ctg_results_bor_2018_2021.txt	NCT03829501	6	Best Overall Response (BOR) Per RECIST 1.1	OG014	Alomfilimab 8 mg + Atezolizumab in Anti-PD-(L)1 Naïve Triple Negative BC	1	0	<untitled>	0	CR	0	Participants	14	14	14	0	CR=0;PR=1;SD=4;PD=8	13		none	False		RECOVERABLE	kept
R027	CATEGORY	ctg_results_bor_2018_2021.txt	NCT03829501	6	Best Overall Response (BOR) Per RECIST 1.1	OG014	Alomfilimab 8 mg + Atezolizumab in Anti-PD-(L)1 Naïve Triple Negative BC	1	0	<untitled>	1	PR	1	Participants	14	14	14	0	CR=0;PR=1;SD=4;PD=8	13		none	False		RECOVERABLE	kept
R027	CATEGORY	ctg_results_bor_2018_2021.txt	NCT03829501	6	Best Overall Response (BOR) Per RECIST 1.1	OG014	Alomfilimab 8 mg + Atezolizumab in Anti-PD-(L)1 Naïve Triple Negative BC	1	0	<untitled>	2	SD	4	Participants	14	14	14	0	CR=0;PR=1;SD=4;PD=8	13		none	False		RECOVERABLE	kept
R027	CATEGORY	ctg_results_bor_2018_2021.txt	NCT03829501	6	Best Overall Response (BOR) Per RECIST 1.1	OG014	Alomfilimab 8 mg + Atezolizumab in Anti-PD-(L)1 Naïve Triple Negative BC	1	0	<untitled>	3	PD	8	Participants	14	14	14	0	CR=0;PR=1;SD=4;PD=8	13		none	False		RECOVERABLE	kept
R027	CATEGORY	ctg_results_bor_2018_2021.txt	NCT03829501	6	Best Overall Response (BOR) Per RECIST 1.1	OG014	Alomfilimab 8 mg + Atezolizumab in Anti-PD-(L)1 Naïve Triple Negative BC	1	0	<untitled>	4	NE	1	Participants	14	14	14	0	CR=0;PR=1;SD=4;PD=8	13		none	False		RECOVERABLE	DROPPED_BY_PRODUCER
R028	CLASS	ctg_results_bor_2018_2021.txt	NCT03829501	6	Best Overall Response (BOR) Per RECIST 1.1	OG015	Alomfilimab 8 mg + Atezolizumab in Anti-PD-(L)1 Naïve HNSCC	1	0	<untitled>				Participants	5	5	5	0	CR=0;PR=0;SD=2;PD=2	4	1	none	False	CR=0; PR=0; SD=2; PD=2; NE=1	RECOVERABLE	full category vector of the single contributing class sums exactly to the denoms value
R028	CATEGORY	ctg_results_bor_2018_2021.txt	NCT03829501	6	Best Overall Response (BOR) Per RECIST 1.1	OG015	Alomfilimab 8 mg + Atezolizumab in Anti-PD-(L)1 Naïve HNSCC	1	0	<untitled>	0	CR	0	Participants	5	5	5	0	CR=0;PR=0;SD=2;PD=2	4		none	False		RECOVERABLE	kept
R028	CATEGORY	ctg_results_bor_2018_2021.txt	NCT03829501	6	Best Overall Response (BOR) Per RECIST 1.1	OG015	Alomfilimab 8 mg + Atezolizumab in Anti-PD-(L)1 Naïve HNSCC	1	0	<untitled>	1	PR	0	Participants	5	5	5	0	CR=0;PR=0;SD=2;PD=2	4		none	False		RECOVERABLE	kept
R028	CATEGORY	ctg_results_bor_2018_2021.txt	NCT03829501	6	Best Overall Response (BOR) Per RECIST 1.1	OG015	Alomfilimab 8 mg + Atezolizumab in Anti-PD-(L)1 Naïve HNSCC	1	0	<untitled>	2	SD	2	Participants	5	5	5	0	CR=0;PR=0;SD=2;PD=2	4		none	False		RECOVERABLE	kept
R028	CATEGORY	ctg_results_bor_2018_2021.txt	NCT03829501	6	Best Overall Response (BOR) Per RECIST 1.1	OG015	Alomfilimab 8 mg + Atezolizumab in Anti-PD-(L)1 Naïve HNSCC	1	0	<untitled>	3	PD	2	Participants	5	5	5	0	CR=0;PR=0;SD=2;PD=2	4		none	False		RECOVERABLE	kept
R028	CATEGORY	ctg_results_bor_2018_2021.txt	NCT03829501	6	Best Overall Response (BOR) Per RECIST 1.1	OG015	Alomfilimab 8 mg + Atezolizumab in Anti-PD-(L)1 Naïve HNSCC	1	0	<untitled>	4	NE	1	Participants	5	5	5	0	CR=0;PR=0;SD=2;PD=2	4		none	False		RECOVERABLE	DROPPED_BY_PRODUCER
R029	CLASS	ctg_results_bor_2018_2021.txt	NCT03829501	6	Best Overall Response (BOR) Per RECIST 1.1	OG016	Alomfilimab 24 mg + Atezolizumab in Anti-PD-(L)1 Naïve HNSCC	1	0	<untitled>				Participants	5	5	5	0	CR=0;PR=0;SD=1;PD=2	3	2	none	False	CR=0; PR=0; SD=1; PD=2; NE=2	RECOVERABLE	full category vector of the single contributing class sums exactly to the denoms value
R029	CATEGORY	ctg_results_bor_2018_2021.txt	NCT03829501	6	Best Overall Response (BOR) Per RECIST 1.1	OG016	Alomfilimab 24 mg + Atezolizumab in Anti-PD-(L)1 Naïve HNSCC	1	0	<untitled>	0	CR	0	Participants	5	5	5	0	CR=0;PR=0;SD=1;PD=2	3		none	False		RECOVERABLE	kept
R029	CATEGORY	ctg_results_bor_2018_2021.txt	NCT03829501	6	Best Overall Response (BOR) Per RECIST 1.1	OG016	Alomfilimab 24 mg + Atezolizumab in Anti-PD-(L)1 Naïve HNSCC	1	0	<untitled>	1	PR	0	Participants	5	5	5	0	CR=0;PR=0;SD=1;PD=2	3		none	False		RECOVERABLE	kept
R029	CATEGORY	ctg_results_bor_2018_2021.txt	NCT03829501	6	Best Overall Response (BOR) Per RECIST 1.1	OG016	Alomfilimab 24 mg + Atezolizumab in Anti-PD-(L)1 Naïve HNSCC	1	0	<untitled>	2	SD	1	Participants	5	5	5	0	CR=0;PR=0;SD=1;PD=2	3		none	False		RECOVERABLE	kept
R029	CATEGORY	ctg_results_bor_2018_2021.txt	NCT03829501	6	Best Overall Response (BOR) Per RECIST 1.1	OG016	Alomfilimab 24 mg + Atezolizumab in Anti-PD-(L)1 Naïve HNSCC	1	0	<untitled>	3	PD	2	Participants	5	5	5	0	CR=0;PR=0;SD=1;PD=2	3		none	False		RECOVERABLE	kept
R029	CATEGORY	ctg_results_bor_2018_2021.txt	NCT03829501	6	Best Overall Response (BOR) Per RECIST 1.1	OG016	Alomfilimab 24 mg + Atezolizumab in Anti-PD-(L)1 Naïve HNSCC	1	0	<untitled>	4	NE	2	Participants	5	5	5	0	CR=0;PR=0;SD=1;PD=2	3		none	False		RECOVERABLE	DROPPED_BY_PRODUCER
R030	CLASS	ctg_results_bor_2018_2021.txt	NCT03829501	6	Best Overall Response (BOR) Per RECIST 1.1	OG017	Alomfilimab 2.4 mg + Atezolizumab in Anti-PD-(L)1 Pre-treated Pancreatic Cancer	1	0	<untitled>				Participants	2	2	2	0	CR=0;PR=0;SD=0;PD=1	1	1	none	False	CR=0; PR=0; SD=0; PD=1; NE=1	RECOVERABLE	full category vector of the single contributing class sums exactly to the denoms value
R030	CATEGORY	ctg_results_bor_2018_2021.txt	NCT03829501	6	Best Overall Response (BOR) Per RECIST 1.1	OG017	Alomfilimab 2.4 mg + Atezolizumab in Anti-PD-(L)1 Pre-treated Pancreatic Cancer	1	0	<untitled>	0	CR	0	Participants	2	2	2	0	CR=0;PR=0;SD=0;PD=1	1		none	False		RECOVERABLE	kept
R030	CATEGORY	ctg_results_bor_2018_2021.txt	NCT03829501	6	Best Overall Response (BOR) Per RECIST 1.1	OG017	Alomfilimab 2.4 mg + Atezolizumab in Anti-PD-(L)1 Pre-treated Pancreatic Cancer	1	0	<untitled>	1	PR	0	Participants	2	2	2	0	CR=0;PR=0;SD=0;PD=1	1		none	False		RECOVERABLE	kept
R030	CATEGORY	ctg_results_bor_2018_2021.txt	NCT03829501	6	Best Overall Response (BOR) Per RECIST 1.1	OG017	Alomfilimab 2.4 mg + Atezolizumab in Anti-PD-(L)1 Pre-treated Pancreatic Cancer	1	0	<untitled>	2	SD	0	Participants	2	2	2	0	CR=0;PR=0;SD=0;PD=1	1		none	False		RECOVERABLE	kept
R030	CATEGORY	ctg_results_bor_2018_2021.txt	NCT03829501	6	Best Overall Response (BOR) Per RECIST 1.1	OG017	Alomfilimab 2.4 mg + Atezolizumab in Anti-PD-(L)1 Pre-treated Pancreatic Cancer	1	0	<untitled>	3	PD	1	Participants	2	2	2	0	CR=0;PR=0;SD=0;PD=1	1		none	False		RECOVERABLE	kept
R030	CATEGORY	ctg_results_bor_2018_2021.txt	NCT03829501	6	Best Overall Response (BOR) Per RECIST 1.1	OG017	Alomfilimab 2.4 mg + Atezolizumab in Anti-PD-(L)1 Pre-treated Pancreatic Cancer	1	0	<untitled>	4	NE	1	Participants	2	2	2	0	CR=0;PR=0;SD=0;PD=1	1		none	False		RECOVERABLE	DROPPED_BY_PRODUCER
R031	CLASS	ctg_results_bor_2018_2021.txt	NCT03829501	6	Best Overall Response (BOR) Per RECIST 1.1	OG020	Alomfilimab 8 mg + Atezolizumab in Anti-PD-(L)1 Pre-treated Triple Negative BC	1	0	<untitled>				Participants	6	6	6	0	CR=0;PR=0;SD=2;PD=3	5	1	none	False	CR=0; PR=0; SD=2; PD=3; NE=1	RECOVERABLE	full category vector of the single contributing class sums exactly to the denoms value
R031	CATEGORY	ctg_results_bor_2018_2021.txt	NCT03829501	6	Best Overall Response (BOR) Per RECIST 1.1	OG020	Alomfilimab 8 mg + Atezolizumab in Anti-PD-(L)1 Pre-treated Triple Negative BC	1	0	<untitled>	0	CR	0	Participants	6	6	6	0	CR=0;PR=0;SD=2;PD=3	5		none	False		RECOVERABLE	kept
R031	CATEGORY	ctg_results_bor_2018_2021.txt	NCT03829501	6	Best Overall Response (BOR) Per RECIST 1.1	OG020	Alomfilimab 8 mg + Atezolizumab in Anti-PD-(L)1 Pre-treated Triple Negative BC	1	0	<untitled>	1	PR	0	Participants	6	6	6	0	CR=0;PR=0;SD=2;PD=3	5		none	False		RECOVERABLE	kept
R031	CATEGORY	ctg_results_bor_2018_2021.txt	NCT03829501	6	Best Overall Response (BOR) Per RECIST 1.1	OG020	Alomfilimab 8 mg + Atezolizumab in Anti-PD-(L)1 Pre-treated Triple Negative BC	1	0	<untitled>	2	SD	2	Participants	6	6	6	0	CR=0;PR=0;SD=2;PD=3	5		none	False		RECOVERABLE	kept
R031	CATEGORY	ctg_results_bor_2018_2021.txt	NCT03829501	6	Best Overall Response (BOR) Per RECIST 1.1	OG020	Alomfilimab 8 mg + Atezolizumab in Anti-PD-(L)1 Pre-treated Triple Negative BC	1	0	<untitled>	3	PD	3	Participants	6	6	6	0	CR=0;PR=0;SD=2;PD=3	5		none	False		RECOVERABLE	kept
R031	CATEGORY	ctg_results_bor_2018_2021.txt	NCT03829501	6	Best Overall Response (BOR) Per RECIST 1.1	OG020	Alomfilimab 8 mg + Atezolizumab in Anti-PD-(L)1 Pre-treated Triple Negative BC	1	0	<untitled>	4	NE	1	Participants	6	6	6	0	CR=0;PR=0;SD=2;PD=3	5		none	False		RECOVERABLE	DROPPED_BY_PRODUCER
R032	CLASS	ctg_results_bor_2018_2021.txt	NCT03829501	6	Best Overall Response (BOR) Per RECIST 1.1	OG022	Alomfilimab 24 mg + Atezolizumab in Anti-PD-(L)1 Pre-treated HNSCC	1	0	<untitled>				Participants	9	9	9	0	CR=0;PR=0;SD=3;PD=4	7	2	none	False	CR=0; PR=0; SD=3; PD=4; NE=2	RECOVERABLE	full category vector of the single contributing class sums exactly to the denoms value
R032	CATEGORY	ctg_results_bor_2018_2021.txt	NCT03829501	6	Best Overall Response (BOR) Per RECIST 1.1	OG022	Alomfilimab 24 mg + Atezolizumab in Anti-PD-(L)1 Pre-treated HNSCC	1	0	<untitled>	0	CR	0	Participants	9	9	9	0	CR=0;PR=0;SD=3;PD=4	7		none	False		RECOVERABLE	kept
R032	CATEGORY	ctg_results_bor_2018_2021.txt	NCT03829501	6	Best Overall Response (BOR) Per RECIST 1.1	OG022	Alomfilimab 24 mg + Atezolizumab in Anti-PD-(L)1 Pre-treated HNSCC	1	0	<untitled>	1	PR	0	Participants	9	9	9	0	CR=0;PR=0;SD=3;PD=4	7		none	False		RECOVERABLE	kept
R032	CATEGORY	ctg_results_bor_2018_2021.txt	NCT03829501	6	Best Overall Response (BOR) Per RECIST 1.1	OG022	Alomfilimab 24 mg + Atezolizumab in Anti-PD-(L)1 Pre-treated HNSCC	1	0	<untitled>	2	SD	3	Participants	9	9	9	0	CR=0;PR=0;SD=3;PD=4	7		none	False		RECOVERABLE	kept
R032	CATEGORY	ctg_results_bor_2018_2021.txt	NCT03829501	6	Best Overall Response (BOR) Per RECIST 1.1	OG022	Alomfilimab 24 mg + Atezolizumab in Anti-PD-(L)1 Pre-treated HNSCC	1	0	<untitled>	3	PD	4	Participants	9	9	9	0	CR=0;PR=0;SD=3;PD=4	7		none	False		RECOVERABLE	kept
R032	CATEGORY	ctg_results_bor_2018_2021.txt	NCT03829501	6	Best Overall Response (BOR) Per RECIST 1.1	OG022	Alomfilimab 24 mg + Atezolizumab in Anti-PD-(L)1 Pre-treated HNSCC	1	0	<untitled>	4	NE	2	Participants	9	9	9	0	CR=0;PR=0;SD=3;PD=4	7		none	False		RECOVERABLE	DROPPED_BY_PRODUCER
R033	CLASS	ctg_results_bor_2018_2021.txt	NCT04753658	5	Number of Participants With Best Overall Response Based on HCP Reported Objective Response	OG000	Lorlatinib	1	0	<untitled>				Participants	15	15	15	0	CR=5;PR=3;SD=3;PD=3	14	1	none	False	CR=5; PR=3; MR=1; SD=3; PD=3	RECOVERABLE	full category vector of the single contributing class sums exactly to the denoms value
R033	CATEGORY	ctg_results_bor_2018_2021.txt	NCT04753658	5	Number of Participants With Best Overall Response Based on HCP Reported Objective Response	OG000	Lorlatinib	1	0	<untitled>	0	CR	5	Participants	15	15	15	0	CR=5;PR=3;SD=3;PD=3	14		none	False		RECOVERABLE	kept
R033	CATEGORY	ctg_results_bor_2018_2021.txt	NCT04753658	5	Number of Participants With Best Overall Response Based on HCP Reported Objective Response	OG000	Lorlatinib	1	0	<untitled>	1	PR	3	Participants	15	15	15	0	CR=5;PR=3;SD=3;PD=3	14		none	False		RECOVERABLE	kept
R033	CATEGORY	ctg_results_bor_2018_2021.txt	NCT04753658	5	Number of Participants With Best Overall Response Based on HCP Reported Objective Response	OG000	Lorlatinib	1	0	<untitled>	2	MR	1	Participants	15	15	15	0	CR=5;PR=3;SD=3;PD=3	14		none	False		RECOVERABLE	DROPPED_BY_PRODUCER
R033	CATEGORY	ctg_results_bor_2018_2021.txt	NCT04753658	5	Number of Participants With Best Overall Response Based on HCP Reported Objective Response	OG000	Lorlatinib	1	0	<untitled>	3	SD	3	Participants	15	15	15	0	CR=5;PR=3;SD=3;PD=3	14		none	False		RECOVERABLE	kept
R033	CATEGORY	ctg_results_bor_2018_2021.txt	NCT04753658	5	Number of Participants With Best Overall Response Based on HCP Reported Objective Response	OG000	Lorlatinib	1	0	<untitled>	4	PD	3	Participants	15	15	15	0	CR=5;PR=3;SD=3;PD=3	14		none	False		RECOVERABLE	kept
R034	CLASS	ctg_results_bor_2018_2021.txt	NCT03455829	2	Best Overall Tumor Response	OG000	Part 1: Cohort 1 Lerociclib at 200 mg QD	1	0	<untitled>				Participants	6	6	6	0	CR=0;PR=2;SD=2;PD=1	5	1	none	False	Complete Response (CR)=0; Partial Response (PR)=2; Stable Disease (SD)=2; Progressive Disease (PD)=1; Not Evaluable (NE)=1	RECOVERABLE	full category vector of the single contributing class sums exactly to the denoms value
R034	CATEGORY	ctg_results_bor_2018_2021.txt	NCT03455829	2	Best Overall Tumor Response	OG000	Part 1: Cohort 1 Lerociclib at 200 mg QD	1	0	<untitled>	0	Complete Response (CR)	0	Participants	6	6	6	0	CR=0;PR=2;SD=2;PD=1	5		none	False		RECOVERABLE	kept
R034	CATEGORY	ctg_results_bor_2018_2021.txt	NCT03455829	2	Best Overall Tumor Response	OG000	Part 1: Cohort 1 Lerociclib at 200 mg QD	1	0	<untitled>	1	Partial Response (PR)	2	Participants	6	6	6	0	CR=0;PR=2;SD=2;PD=1	5		none	False		RECOVERABLE	kept
R034	CATEGORY	ctg_results_bor_2018_2021.txt	NCT03455829	2	Best Overall Tumor Response	OG000	Part 1: Cohort 1 Lerociclib at 200 mg QD	1	0	<untitled>	2	Stable Disease (SD)	2	Participants	6	6	6	0	CR=0;PR=2;SD=2;PD=1	5		none	False		RECOVERABLE	kept
R034	CATEGORY	ctg_results_bor_2018_2021.txt	NCT03455829	2	Best Overall Tumor Response	OG000	Part 1: Cohort 1 Lerociclib at 200 mg QD	1	0	<untitled>	3	Progressive Disease (PD)	1	Participants	6	6	6	0	CR=0;PR=2;SD=2;PD=1	5		none	False		RECOVERABLE	kept
R034	CATEGORY	ctg_results_bor_2018_2021.txt	NCT03455829	2	Best Overall Tumor Response	OG000	Part 1: Cohort 1 Lerociclib at 200 mg QD	1	0	<untitled>	4	Not Evaluable (NE)	1	Participants	6	6	6	0	CR=0;PR=2;SD=2;PD=1	5		none	False		RECOVERABLE	DROPPED_BY_PRODUCER
R035	CLASS	ctg_results_bor_2018_2021.txt	NCT03455829	2	Best Overall Tumor Response	OG003	Part 1: Cohort 4 Lerociclib at 150 mg BID	1	0	<untitled>				Participants	7	7	7	0	CR=0;PR=1;SD=3;PD=2	6	1	none	False	Complete Response (CR)=0; Partial Response (PR)=1; Stable Disease (SD)=3; Progressive Disease (PD)=2; Not Evaluable (NE)=1	RECOVERABLE	full category vector of the single contributing class sums exactly to the denoms value
R035	CATEGORY	ctg_results_bor_2018_2021.txt	NCT03455829	2	Best Overall Tumor Response	OG003	Part 1: Cohort 4 Lerociclib at 150 mg BID	1	0	<untitled>	0	Complete Response (CR)	0	Participants	7	7	7	0	CR=0;PR=1;SD=3;PD=2	6		none	False		RECOVERABLE	kept
R035	CATEGORY	ctg_results_bor_2018_2021.txt	NCT03455829	2	Best Overall Tumor Response	OG003	Part 1: Cohort 4 Lerociclib at 150 mg BID	1	0	<untitled>	1	Partial Response (PR)	1	Participants	7	7	7	0	CR=0;PR=1;SD=3;PD=2	6		none	False		RECOVERABLE	kept
R035	CATEGORY	ctg_results_bor_2018_2021.txt	NCT03455829	2	Best Overall Tumor Response	OG003	Part 1: Cohort 4 Lerociclib at 150 mg BID	1	0	<untitled>	2	Stable Disease (SD)	3	Participants	7	7	7	0	CR=0;PR=1;SD=3;PD=2	6		none	False		RECOVERABLE	kept
R035	CATEGORY	ctg_results_bor_2018_2021.txt	NCT03455829	2	Best Overall Tumor Response	OG003	Part 1: Cohort 4 Lerociclib at 150 mg BID	1	0	<untitled>	3	Progressive Disease (PD)	2	Participants	7	7	7	0	CR=0;PR=1;SD=3;PD=2	6		none	False		RECOVERABLE	kept
R035	CATEGORY	ctg_results_bor_2018_2021.txt	NCT03455829	2	Best Overall Tumor Response	OG003	Part 1: Cohort 4 Lerociclib at 150 mg BID	1	0	<untitled>	4	Not Evaluable (NE)	1	Participants	7	7	7	0	CR=0;PR=1;SD=3;PD=2	6		none	False		RECOVERABLE	DROPPED_BY_PRODUCER
R036	CLASS	ctg_results_bor_2018_2021.txt	NCT03455829	2	Best Overall Tumor Response	OG004	Part 1: Cohort 5 Lerociclib at 200 mg BID	1	0	<untitled>				Participants	5	5	5	0	CR=0;PR=3;SD=0;PD=1	4	1	none	False	Complete Response (CR)=0; Partial Response (PR)=3; Stable Disease (SD)=0; Progressive Disease (PD)=1; Not Evaluable (NE)=1	RECOVERABLE	full category vector of the single contributing class sums exactly to the denoms value
R036	CATEGORY	ctg_results_bor_2018_2021.txt	NCT03455829	2	Best Overall Tumor Response	OG004	Part 1: Cohort 5 Lerociclib at 200 mg BID	1	0	<untitled>	0	Complete Response (CR)	0	Participants	5	5	5	0	CR=0;PR=3;SD=0;PD=1	4		none	False		RECOVERABLE	kept
R036	CATEGORY	ctg_results_bor_2018_2021.txt	NCT03455829	2	Best Overall Tumor Response	OG004	Part 1: Cohort 5 Lerociclib at 200 mg BID	1	0	<untitled>	1	Partial Response (PR)	3	Participants	5	5	5	0	CR=0;PR=3;SD=0;PD=1	4		none	False		RECOVERABLE	kept
R036	CATEGORY	ctg_results_bor_2018_2021.txt	NCT03455829	2	Best Overall Tumor Response	OG004	Part 1: Cohort 5 Lerociclib at 200 mg BID	1	0	<untitled>	2	Stable Disease (SD)	0	Participants	5	5	5	0	CR=0;PR=3;SD=0;PD=1	4		none	False		RECOVERABLE	kept
R036	CATEGORY	ctg_results_bor_2018_2021.txt	NCT03455829	2	Best Overall Tumor Response	OG004	Part 1: Cohort 5 Lerociclib at 200 mg BID	1	0	<untitled>	3	Progressive Disease (PD)	1	Participants	5	5	5	0	CR=0;PR=3;SD=0;PD=1	4		none	False		RECOVERABLE	kept
R036	CATEGORY	ctg_results_bor_2018_2021.txt	NCT03455829	2	Best Overall Tumor Response	OG004	Part 1: Cohort 5 Lerociclib at 200 mg BID	1	0	<untitled>	4	Not Evaluable (NE)	1	Participants	5	5	5	0	CR=0;PR=3;SD=0;PD=1	4		none	False		RECOVERABLE	DROPPED_BY_PRODUCER
R037	CLASS	ctg_results_bor_2018_2021.txt	NCT04329949	2	Best Overall Response (BOR)	OG000	Relacorilant With Nab-paclitaxel	1	0	<untitled>				Participants	31	31	31	0	CR=0;PR=0;SD=20;PD=10	30	1	none	False	Complete response=0; Partial response=0; Stable disease=20; Progressive disease=10; Non-evaluable=1	RECOVERABLE	full category vector of the single contributing class sums exactly to the denoms value
R037	CATEGORY	ctg_results_bor_2018_2021.txt	NCT04329949	2	Best Overall Response (BOR)	OG000	Relacorilant With Nab-paclitaxel	1	0	<untitled>	0	Complete response	0	Participants	31	31	31	0	CR=0;PR=0;SD=20;PD=10	30		none	False		RECOVERABLE	kept
R037	CATEGORY	ctg_results_bor_2018_2021.txt	NCT04329949	2	Best Overall Response (BOR)	OG000	Relacorilant With Nab-paclitaxel	1	0	<untitled>	1	Partial response	0	Participants	31	31	31	0	CR=0;PR=0;SD=20;PD=10	30		none	False		RECOVERABLE	kept
R037	CATEGORY	ctg_results_bor_2018_2021.txt	NCT04329949	2	Best Overall Response (BOR)	OG000	Relacorilant With Nab-paclitaxel	1	0	<untitled>	2	Stable disease	20	Participants	31	31	31	0	CR=0;PR=0;SD=20;PD=10	30		none	False		RECOVERABLE	kept
R037	CATEGORY	ctg_results_bor_2018_2021.txt	NCT04329949	2	Best Overall Response (BOR)	OG000	Relacorilant With Nab-paclitaxel	1	0	<untitled>	3	Progressive disease	10	Participants	31	31	31	0	CR=0;PR=0;SD=20;PD=10	30		none	False		RECOVERABLE	kept
R037	CATEGORY	ctg_results_bor_2018_2021.txt	NCT04329949	2	Best Overall Response (BOR)	OG000	Relacorilant With Nab-paclitaxel	1	0	<untitled>	4	Non-evaluable	1	Participants	31	31	31	0	CR=0;PR=0;SD=20;PD=10	30		none	False		RECOVERABLE	DROPPED_BY_PRODUCER
R038	CLASS	ctg_results_bor_2018_2021.txt	NCT03965689	0	Number of Participants With an Overall Response	OG000	Treatment (Paclitaxel, Carboplatin, Pevonedistat)	1	0	<untitled>				Participants	25	25	25	0	CR=0;PR=4;SD=15;PD=4	23	2	none	False	Complete Response (CR)=0; Partial Response (PR)=4; Stable Disease (SD)=15; Progressive Disease (PD)=4; Not Assessed (NA)=2	RECOVERABLE	full category vector of the single contributing class sums exactly to the denoms value
R038	CATEGORY	ctg_results_bor_2018_2021.txt	NCT03965689	0	Number of Participants With an Overall Response	OG000	Treatment (Paclitaxel, Carboplatin, Pevonedistat)	1	0	<untitled>	0	Complete Response (CR)	0	Participants	25	25	25	0	CR=0;PR=4;SD=15;PD=4	23		none	False		RECOVERABLE	kept
R038	CATEGORY	ctg_results_bor_2018_2021.txt	NCT03965689	0	Number of Participants With an Overall Response	OG000	Treatment (Paclitaxel, Carboplatin, Pevonedistat)	1	0	<untitled>	1	Partial Response (PR)	4	Participants	25	25	25	0	CR=0;PR=4;SD=15;PD=4	23		none	False		RECOVERABLE	kept
R038	CATEGORY	ctg_results_bor_2018_2021.txt	NCT03965689	0	Number of Participants With an Overall Response	OG000	Treatment (Paclitaxel, Carboplatin, Pevonedistat)	1	0	<untitled>	2	Stable Disease (SD)	15	Participants	25	25	25	0	CR=0;PR=4;SD=15;PD=4	23		none	False		RECOVERABLE	kept
R038	CATEGORY	ctg_results_bor_2018_2021.txt	NCT03965689	0	Number of Participants With an Overall Response	OG000	Treatment (Paclitaxel, Carboplatin, Pevonedistat)	1	0	<untitled>	3	Progressive Disease (PD)	4	Participants	25	25	25	0	CR=0;PR=4;SD=15;PD=4	23		none	False		RECOVERABLE	kept
R038	CATEGORY	ctg_results_bor_2018_2021.txt	NCT03965689	0	Number of Participants With an Overall Response	OG000	Treatment (Paclitaxel, Carboplatin, Pevonedistat)	1	0	<untitled>	4	Not Assessed (NA)	2	Participants	25	25	25	0	CR=0;PR=4;SD=15;PD=4	23		none	False		RECOVERABLE	DROPPED_BY_PRODUCER
R039	CLASS	ctg_results_bor_2018_2021.txt	NCT03451825	2	Number of Participants With Confirmed Best Overall Response (BOR) as Per Response Evaluation Criteria in Solid Tumors (RECIST Version 1.1) and as Adjudicated by the Investigator	OG000	Avelumab 10 Miligram Per Kilogram (mg/kg)	1	0	<untitled>				Participants	6	6	6	0	CR=0;PR=0;SD=0;PD=5	5	1	none	False	Complete Response (CR)=0; Partial Response (PR)=0; Stable Disease (SD)=0; Non-CR/Non-PR=0; Progressive Disease (PD)=5; Not Evaluable=1	RECOVERABLE	full category vector of the single contributing class sums exactly to the denoms value
R039	CATEGORY	ctg_results_bor_2018_2021.txt	NCT03451825	2	Number of Participants With Confirmed Best Overall Response (BOR) as Per Response Evaluation Criteria in Solid Tumors (RECIST Version 1.1) and as Adjudicated by the Investigator	OG000	Avelumab 10 Miligram Per Kilogram (mg/kg)	1	0	<untitled>	0	Complete Response (CR)	0	Participants	6	6	6	0	CR=0;PR=0;SD=0;PD=5	5		none	False		RECOVERABLE	kept
R039	CATEGORY	ctg_results_bor_2018_2021.txt	NCT03451825	2	Number of Participants With Confirmed Best Overall Response (BOR) as Per Response Evaluation Criteria in Solid Tumors (RECIST Version 1.1) and as Adjudicated by the Investigator	OG000	Avelumab 10 Miligram Per Kilogram (mg/kg)	1	0	<untitled>	1	Partial Response (PR)	0	Participants	6	6	6	0	CR=0;PR=0;SD=0;PD=5	5		none	False		RECOVERABLE	kept
R039	CATEGORY	ctg_results_bor_2018_2021.txt	NCT03451825	2	Number of Participants With Confirmed Best Overall Response (BOR) as Per Response Evaluation Criteria in Solid Tumors (RECIST Version 1.1) and as Adjudicated by the Investigator	OG000	Avelumab 10 Miligram Per Kilogram (mg/kg)	1	0	<untitled>	2	Stable Disease (SD)	0	Participants	6	6	6	0	CR=0;PR=0;SD=0;PD=5	5		none	False		RECOVERABLE	kept
R039	CATEGORY	ctg_results_bor_2018_2021.txt	NCT03451825	2	Number of Participants With Confirmed Best Overall Response (BOR) as Per Response Evaluation Criteria in Solid Tumors (RECIST Version 1.1) and as Adjudicated by the Investigator	OG000	Avelumab 10 Miligram Per Kilogram (mg/kg)	1	0	<untitled>	3	Non-CR/Non-PR	0	Participants	6	6	6	0	CR=0;PR=0;SD=0;PD=5	5		none	False		RECOVERABLE	DROPPED_BY_PRODUCER
R039	CATEGORY	ctg_results_bor_2018_2021.txt	NCT03451825	2	Number of Participants With Confirmed Best Overall Response (BOR) as Per Response Evaluation Criteria in Solid Tumors (RECIST Version 1.1) and as Adjudicated by the Investigator	OG000	Avelumab 10 Miligram Per Kilogram (mg/kg)	1	0	<untitled>	4	Progressive Disease (PD)	5	Participants	6	6	6	0	CR=0;PR=0;SD=0;PD=5	5		none	False		RECOVERABLE	kept
R039	CATEGORY	ctg_results_bor_2018_2021.txt	NCT03451825	2	Number of Participants With Confirmed Best Overall Response (BOR) as Per Response Evaluation Criteria in Solid Tumors (RECIST Version 1.1) and as Adjudicated by the Investigator	OG000	Avelumab 10 Miligram Per Kilogram (mg/kg)	1	0	<untitled>	5	Not Evaluable	1	Participants	6	6	6	0	CR=0;PR=0;SD=0;PD=5	5		none	False		RECOVERABLE	DROPPED_BY_PRODUCER
R040	CLASS	ctg_results_bor_2018_2021.txt	NCT03451825	2	Number of Participants With Confirmed Best Overall Response (BOR) as Per Response Evaluation Criteria in Solid Tumors (RECIST Version 1.1) and as Adjudicated by the Investigator	OG001	Avelumab 20 mg/kg	1	0	<untitled>				Participants	15	15	15	0	CR=0;PR=0;SD=4;PD=9	13	2	none	False	Complete Response (CR)=0; Partial Response (PR)=0; Stable Disease (SD)=4; Non-CR/Non-PR=0; Progressive Disease (PD)=9; Not Evaluable=2	RECOVERABLE	full category vector of the single contributing class sums exactly to the denoms value
R040	CATEGORY	ctg_results_bor_2018_2021.txt	NCT03451825	2	Number of Participants With Confirmed Best Overall Response (BOR) as Per Response Evaluation Criteria in Solid Tumors (RECIST Version 1.1) and as Adjudicated by the Investigator	OG001	Avelumab 20 mg/kg	1	0	<untitled>	0	Complete Response (CR)	0	Participants	15	15	15	0	CR=0;PR=0;SD=4;PD=9	13		none	False		RECOVERABLE	kept
R040	CATEGORY	ctg_results_bor_2018_2021.txt	NCT03451825	2	Number of Participants With Confirmed Best Overall Response (BOR) as Per Response Evaluation Criteria in Solid Tumors (RECIST Version 1.1) and as Adjudicated by the Investigator	OG001	Avelumab 20 mg/kg	1	0	<untitled>	1	Partial Response (PR)	0	Participants	15	15	15	0	CR=0;PR=0;SD=4;PD=9	13		none	False		RECOVERABLE	kept
R040	CATEGORY	ctg_results_bor_2018_2021.txt	NCT03451825	2	Number of Participants With Confirmed Best Overall Response (BOR) as Per Response Evaluation Criteria in Solid Tumors (RECIST Version 1.1) and as Adjudicated by the Investigator	OG001	Avelumab 20 mg/kg	1	0	<untitled>	2	Stable Disease (SD)	4	Participants	15	15	15	0	CR=0;PR=0;SD=4;PD=9	13		none	False		RECOVERABLE	kept
R040	CATEGORY	ctg_results_bor_2018_2021.txt	NCT03451825	2	Number of Participants With Confirmed Best Overall Response (BOR) as Per Response Evaluation Criteria in Solid Tumors (RECIST Version 1.1) and as Adjudicated by the Investigator	OG001	Avelumab 20 mg/kg	1	0	<untitled>	3	Non-CR/Non-PR	0	Participants	15	15	15	0	CR=0;PR=0;SD=4;PD=9	13		none	False		RECOVERABLE	DROPPED_BY_PRODUCER
R040	CATEGORY	ctg_results_bor_2018_2021.txt	NCT03451825	2	Number of Participants With Confirmed Best Overall Response (BOR) as Per Response Evaluation Criteria in Solid Tumors (RECIST Version 1.1) and as Adjudicated by the Investigator	OG001	Avelumab 20 mg/kg	1	0	<untitled>	4	Progressive Disease (PD)	9	Participants	15	15	15	0	CR=0;PR=0;SD=4;PD=9	13		none	False		RECOVERABLE	kept
R040	CATEGORY	ctg_results_bor_2018_2021.txt	NCT03451825	2	Number of Participants With Confirmed Best Overall Response (BOR) as Per Response Evaluation Criteria in Solid Tumors (RECIST Version 1.1) and as Adjudicated by the Investigator	OG001	Avelumab 20 mg/kg	1	0	<untitled>	5	Not Evaluable	2	Participants	15	15	15	0	CR=0;PR=0;SD=4;PD=9	13		none	False		RECOVERABLE	DROPPED_BY_PRODUCER
R041	CLASS	ctg_results_bor_2018_2021.txt	NCT04764474	3	Number of Patients With Best Overall Response (BOR)	OG000	Cohort 1: HMPL-306 Dose Level 1	1	0	<untitled>				Participants	3	3	3	0	CR=0;PR=0;SD=1;PD=0	1	2	none	False	CRmrd-=0; CR=0; CRh=0; CRi=0; MLFS=0; PR=0; SD=1; PD=0; Not evaluable=2	RECOVERABLE	full category vector of the single contributing class sums exactly to the denoms value
R041	CATEGORY	ctg_results_bor_2018_2021.txt	NCT04764474	3	Number of Patients With Best Overall Response (BOR)	OG000	Cohort 1: HMPL-306 Dose Level 1	1	0	<untitled>	0	CRmrd-	0	Participants	3	3	3	0	CR=0;PR=0;SD=1;PD=0	1		none	False		RECOVERABLE	DROPPED_BY_PRODUCER
R041	CATEGORY	ctg_results_bor_2018_2021.txt	NCT04764474	3	Number of Patients With Best Overall Response (BOR)	OG000	Cohort 1: HMPL-306 Dose Level 1	1	0	<untitled>	1	CR	0	Participants	3	3	3	0	CR=0;PR=0;SD=1;PD=0	1		none	False		RECOVERABLE	kept
R041	CATEGORY	ctg_results_bor_2018_2021.txt	NCT04764474	3	Number of Patients With Best Overall Response (BOR)	OG000	Cohort 1: HMPL-306 Dose Level 1	1	0	<untitled>	2	CRh	0	Participants	3	3	3	0	CR=0;PR=0;SD=1;PD=0	1		none	False		RECOVERABLE	DROPPED_BY_PRODUCER
R041	CATEGORY	ctg_results_bor_2018_2021.txt	NCT04764474	3	Number of Patients With Best Overall Response (BOR)	OG000	Cohort 1: HMPL-306 Dose Level 1	1	0	<untitled>	3	CRi	0	Participants	3	3	3	0	CR=0;PR=0;SD=1;PD=0	1		none	False		RECOVERABLE	DROPPED_BY_PRODUCER
R041	CATEGORY	ctg_results_bor_2018_2021.txt	NCT04764474	3	Number of Patients With Best Overall Response (BOR)	OG000	Cohort 1: HMPL-306 Dose Level 1	1	0	<untitled>	4	MLFS	0	Participants	3	3	3	0	CR=0;PR=0;SD=1;PD=0	1		none	False		RECOVERABLE	DROPPED_BY_PRODUCER
R041	CATEGORY	ctg_results_bor_2018_2021.txt	NCT04764474	3	Number of Patients With Best Overall Response (BOR)	OG000	Cohort 1: HMPL-306 Dose Level 1	1	0	<untitled>	5	PR	0	Participants	3	3	3	0	CR=0;PR=0;SD=1;PD=0	1		none	False		RECOVERABLE	kept
R041	CATEGORY	ctg_results_bor_2018_2021.txt	NCT04764474	3	Number of Patients With Best Overall Response (BOR)	OG000	Cohort 1: HMPL-306 Dose Level 1	1	0	<untitled>	6	SD	1	Participants	3	3	3	0	CR=0;PR=0;SD=1;PD=0	1		none	False		RECOVERABLE	kept
R041	CATEGORY	ctg_results_bor_2018_2021.txt	NCT04764474	3	Number of Patients With Best Overall Response (BOR)	OG000	Cohort 1: HMPL-306 Dose Level 1	1	0	<untitled>	7	PD	0	Participants	3	3	3	0	CR=0;PR=0;SD=1;PD=0	1		none	False		RECOVERABLE	kept
R041	CATEGORY	ctg_results_bor_2018_2021.txt	NCT04764474	3	Number of Patients With Best Overall Response (BOR)	OG000	Cohort 1: HMPL-306 Dose Level 1	1	0	<untitled>	8	Not evaluable	2	Participants	3	3	3	0	CR=0;PR=0;SD=1;PD=0	1		none	False		RECOVERABLE	DROPPED_BY_PRODUCER
R042	CLASS	ctg_results_bor_2018_2021.txt	NCT04764474	3	Number of Patients With Best Overall Response (BOR)	OG001	Cohort 2: HMPL-306 Dose Level 2	1	0	<untitled>				Participants	3	3	3	0	CR=0;PR=0;SD=0;PD=1	1	2	none	False	CRmrd-=0; CR=0; CRh=0; CRi=0; MLFS=0; PR=0; SD=0; PD=1; Not evaluable=2	RECOVERABLE	full category vector of the single contributing class sums exactly to the denoms value
R042	CATEGORY	ctg_results_bor_2018_2021.txt	NCT04764474	3	Number of Patients With Best Overall Response (BOR)	OG001	Cohort 2: HMPL-306 Dose Level 2	1	0	<untitled>	0	CRmrd-	0	Participants	3	3	3	0	CR=0;PR=0;SD=0;PD=1	1		none	False		RECOVERABLE	DROPPED_BY_PRODUCER
R042	CATEGORY	ctg_results_bor_2018_2021.txt	NCT04764474	3	Number of Patients With Best Overall Response (BOR)	OG001	Cohort 2: HMPL-306 Dose Level 2	1	0	<untitled>	1	CR	0	Participants	3	3	3	0	CR=0;PR=0;SD=0;PD=1	1		none	False		RECOVERABLE	kept
R042	CATEGORY	ctg_results_bor_2018_2021.txt	NCT04764474	3	Number of Patients With Best Overall Response (BOR)	OG001	Cohort 2: HMPL-306 Dose Level 2	1	0	<untitled>	2	CRh	0	Participants	3	3	3	0	CR=0;PR=0;SD=0;PD=1	1		none	False		RECOVERABLE	DROPPED_BY_PRODUCER
R042	CATEGORY	ctg_results_bor_2018_2021.txt	NCT04764474	3	Number of Patients With Best Overall Response (BOR)	OG001	Cohort 2: HMPL-306 Dose Level 2	1	0	<untitled>	3	CRi	0	Participants	3	3	3	0	CR=0;PR=0;SD=0;PD=1	1		none	False		RECOVERABLE	DROPPED_BY_PRODUCER
R042	CATEGORY	ctg_results_bor_2018_2021.txt	NCT04764474	3	Number of Patients With Best Overall Response (BOR)	OG001	Cohort 2: HMPL-306 Dose Level 2	1	0	<untitled>	4	MLFS	0	Participants	3	3	3	0	CR=0;PR=0;SD=0;PD=1	1		none	False		RECOVERABLE	DROPPED_BY_PRODUCER
R042	CATEGORY	ctg_results_bor_2018_2021.txt	NCT04764474	3	Number of Patients With Best Overall Response (BOR)	OG001	Cohort 2: HMPL-306 Dose Level 2	1	0	<untitled>	5	PR	0	Participants	3	3	3	0	CR=0;PR=0;SD=0;PD=1	1		none	False		RECOVERABLE	kept
R042	CATEGORY	ctg_results_bor_2018_2021.txt	NCT04764474	3	Number of Patients With Best Overall Response (BOR)	OG001	Cohort 2: HMPL-306 Dose Level 2	1	0	<untitled>	6	SD	0	Participants	3	3	3	0	CR=0;PR=0;SD=0;PD=1	1		none	False		RECOVERABLE	kept
R042	CATEGORY	ctg_results_bor_2018_2021.txt	NCT04764474	3	Number of Patients With Best Overall Response (BOR)	OG001	Cohort 2: HMPL-306 Dose Level 2	1	0	<untitled>	7	PD	1	Participants	3	3	3	0	CR=0;PR=0;SD=0;PD=1	1		none	False		RECOVERABLE	kept
R042	CATEGORY	ctg_results_bor_2018_2021.txt	NCT04764474	3	Number of Patients With Best Overall Response (BOR)	OG001	Cohort 2: HMPL-306 Dose Level 2	1	0	<untitled>	8	Not evaluable	2	Participants	3	3	3	0	CR=0;PR=0;SD=0;PD=1	1		none	False		RECOVERABLE	DROPPED_BY_PRODUCER
R043	CLASS	ctg_results_bor_2018_2021.txt	NCT04764474	3	Number of Patients With Best Overall Response (BOR)	OG002	Cohort 3: HMPL-306 Dose Level 3	1	0	<untitled>				Participants	10	10	10	0	CR=3;PR=0;SD=1;PD=3	7	3	none	False	CRmrd-=0; CR=3; CRh=0; CRi=2; MLFS=0; PR=0; SD=1; PD=3; Not evaluable=1	RECOVERABLE	full category vector of the single contributing class sums exactly to the denoms value
R043	CATEGORY	ctg_results_bor_2018_2021.txt	NCT04764474	3	Number of Patients With Best Overall Response (BOR)	OG002	Cohort 3: HMPL-306 Dose Level 3	1	0	<untitled>	0	CRmrd-	0	Participants	10	10	10	0	CR=3;PR=0;SD=1;PD=3	7		none	False		RECOVERABLE	DROPPED_BY_PRODUCER
R043	CATEGORY	ctg_results_bor_2018_2021.txt	NCT04764474	3	Number of Patients With Best Overall Response (BOR)	OG002	Cohort 3: HMPL-306 Dose Level 3	1	0	<untitled>	1	CR	3	Participants	10	10	10	0	CR=3;PR=0;SD=1;PD=3	7		none	False		RECOVERABLE	kept
R043	CATEGORY	ctg_results_bor_2018_2021.txt	NCT04764474	3	Number of Patients With Best Overall Response (BOR)	OG002	Cohort 3: HMPL-306 Dose Level 3	1	0	<untitled>	2	CRh	0	Participants	10	10	10	0	CR=3;PR=0;SD=1;PD=3	7		none	False		RECOVERABLE	DROPPED_BY_PRODUCER
R043	CATEGORY	ctg_results_bor_2018_2021.txt	NCT04764474	3	Number of Patients With Best Overall Response (BOR)	OG002	Cohort 3: HMPL-306 Dose Level 3	1	0	<untitled>	3	CRi	2	Participants	10	10	10	0	CR=3;PR=0;SD=1;PD=3	7		none	False		RECOVERABLE	DROPPED_BY_PRODUCER
R043	CATEGORY	ctg_results_bor_2018_2021.txt	NCT04764474	3	Number of Patients With Best Overall Response (BOR)	OG002	Cohort 3: HMPL-306 Dose Level 3	1	0	<untitled>	4	MLFS	0	Participants	10	10	10	0	CR=3;PR=0;SD=1;PD=3	7		none	False		RECOVERABLE	DROPPED_BY_PRODUCER
R043	CATEGORY	ctg_results_bor_2018_2021.txt	NCT04764474	3	Number of Patients With Best Overall Response (BOR)	OG002	Cohort 3: HMPL-306 Dose Level 3	1	0	<untitled>	5	PR	0	Participants	10	10	10	0	CR=3;PR=0;SD=1;PD=3	7		none	False		RECOVERABLE	kept
R043	CATEGORY	ctg_results_bor_2018_2021.txt	NCT04764474	3	Number of Patients With Best Overall Response (BOR)	OG002	Cohort 3: HMPL-306 Dose Level 3	1	0	<untitled>	6	SD	1	Participants	10	10	10	0	CR=3;PR=0;SD=1;PD=3	7		none	False		RECOVERABLE	kept
R043	CATEGORY	ctg_results_bor_2018_2021.txt	NCT04764474	3	Number of Patients With Best Overall Response (BOR)	OG002	Cohort 3: HMPL-306 Dose Level 3	1	0	<untitled>	7	PD	3	Participants	10	10	10	0	CR=3;PR=0;SD=1;PD=3	7		none	False		RECOVERABLE	kept
R043	CATEGORY	ctg_results_bor_2018_2021.txt	NCT04764474	3	Number of Patients With Best Overall Response (BOR)	OG002	Cohort 3: HMPL-306 Dose Level 3	1	0	<untitled>	8	Not evaluable	1	Participants	10	10	10	0	CR=3;PR=0;SD=1;PD=3	7		none	False		RECOVERABLE	DROPPED_BY_PRODUCER
R044	CLASS	ctg_results_bor_2018_2021.txt	NCT04764474	3	Number of Patients With Best Overall Response (BOR)	OG003	Cohort 4: HMPL-306 Dose Level 4	1	0	<untitled>				Participants	5	5	5	0	CR=0;PR=0;SD=0;PD=2	2	3	none	False	CRmrd-=1; CR=0; CRh=1; CRi=0; MLFS=0; PR=0; SD=0; PD=2; Not evaluable=1	RECOVERABLE	full category vector of the single contributing class sums exactly to the denoms value
R044	CATEGORY	ctg_results_bor_2018_2021.txt	NCT04764474	3	Number of Patients With Best Overall Response (BOR)	OG003	Cohort 4: HMPL-306 Dose Level 4	1	0	<untitled>	0	CRmrd-	1	Participants	5	5	5	0	CR=0;PR=0;SD=0;PD=2	2		none	False		RECOVERABLE	DROPPED_BY_PRODUCER
R044	CATEGORY	ctg_results_bor_2018_2021.txt	NCT04764474	3	Number of Patients With Best Overall Response (BOR)	OG003	Cohort 4: HMPL-306 Dose Level 4	1	0	<untitled>	1	CR	0	Participants	5	5	5	0	CR=0;PR=0;SD=0;PD=2	2		none	False		RECOVERABLE	kept
R044	CATEGORY	ctg_results_bor_2018_2021.txt	NCT04764474	3	Number of Patients With Best Overall Response (BOR)	OG003	Cohort 4: HMPL-306 Dose Level 4	1	0	<untitled>	2	CRh	1	Participants	5	5	5	0	CR=0;PR=0;SD=0;PD=2	2		none	False		RECOVERABLE	DROPPED_BY_PRODUCER
R044	CATEGORY	ctg_results_bor_2018_2021.txt	NCT04764474	3	Number of Patients With Best Overall Response (BOR)	OG003	Cohort 4: HMPL-306 Dose Level 4	1	0	<untitled>	3	CRi	0	Participants	5	5	5	0	CR=0;PR=0;SD=0;PD=2	2		none	False		RECOVERABLE	DROPPED_BY_PRODUCER
R044	CATEGORY	ctg_results_bor_2018_2021.txt	NCT04764474	3	Number of Patients With Best Overall Response (BOR)	OG003	Cohort 4: HMPL-306 Dose Level 4	1	0	<untitled>	4	MLFS	0	Participants	5	5	5	0	CR=0;PR=0;SD=0;PD=2	2		none	False		RECOVERABLE	DROPPED_BY_PRODUCER
R044	CATEGORY	ctg_results_bor_2018_2021.txt	NCT04764474	3	Number of Patients With Best Overall Response (BOR)	OG003	Cohort 4: HMPL-306 Dose Level 4	1	0	<untitled>	5	PR	0	Participants	5	5	5	0	CR=0;PR=0;SD=0;PD=2	2		none	False		RECOVERABLE	kept
R044	CATEGORY	ctg_results_bor_2018_2021.txt	NCT04764474	3	Number of Patients With Best Overall Response (BOR)	OG003	Cohort 4: HMPL-306 Dose Level 4	1	0	<untitled>	6	SD	0	Participants	5	5	5	0	CR=0;PR=0;SD=0;PD=2	2		none	False		RECOVERABLE	kept
R044	CATEGORY	ctg_results_bor_2018_2021.txt	NCT04764474	3	Number of Patients With Best Overall Response (BOR)	OG003	Cohort 4: HMPL-306 Dose Level 4	1	0	<untitled>	7	PD	2	Participants	5	5	5	0	CR=0;PR=0;SD=0;PD=2	2		none	False		RECOVERABLE	kept
R044	CATEGORY	ctg_results_bor_2018_2021.txt	NCT04764474	3	Number of Patients With Best Overall Response (BOR)	OG003	Cohort 4: HMPL-306 Dose Level 4	1	0	<untitled>	8	Not evaluable	1	Participants	5	5	5	0	CR=0;PR=0;SD=0;PD=2	2		none	False		RECOVERABLE	DROPPED_BY_PRODUCER
R045	CLASS	ctg_results_bor_2018_2021.txt	NCT04764474	3	Number of Patients With Best Overall Response (BOR)	OG004	Cohort 5: HMPL-306 Dose Level 5	1	0	<untitled>				Participants	5	5	5	0	CR=0;PR=0;SD=0;PD=2	2	3	none	False	CRmrd-=0; CR=0; CRh=1; CRi=2; MLFS=0; PR=0; SD=0; PD=2; Not evaluable=0	RECOVERABLE	full category vector of the single contributing class sums exactly to the denoms value
R045	CATEGORY	ctg_results_bor_2018_2021.txt	NCT04764474	3	Number of Patients With Best Overall Response (BOR)	OG004	Cohort 5: HMPL-306 Dose Level 5	1	0	<untitled>	0	CRmrd-	0	Participants	5	5	5	0	CR=0;PR=0;SD=0;PD=2	2		none	False		RECOVERABLE	DROPPED_BY_PRODUCER
R045	CATEGORY	ctg_results_bor_2018_2021.txt	NCT04764474	3	Number of Patients With Best Overall Response (BOR)	OG004	Cohort 5: HMPL-306 Dose Level 5	1	0	<untitled>	1	CR	0	Participants	5	5	5	0	CR=0;PR=0;SD=0;PD=2	2		none	False		RECOVERABLE	kept
R045	CATEGORY	ctg_results_bor_2018_2021.txt	NCT04764474	3	Number of Patients With Best Overall Response (BOR)	OG004	Cohort 5: HMPL-306 Dose Level 5	1	0	<untitled>	2	CRh	1	Participants	5	5	5	0	CR=0;PR=0;SD=0;PD=2	2		none	False		RECOVERABLE	DROPPED_BY_PRODUCER
R045	CATEGORY	ctg_results_bor_2018_2021.txt	NCT04764474	3	Number of Patients With Best Overall Response (BOR)	OG004	Cohort 5: HMPL-306 Dose Level 5	1	0	<untitled>	3	CRi	2	Participants	5	5	5	0	CR=0;PR=0;SD=0;PD=2	2		none	False		RECOVERABLE	DROPPED_BY_PRODUCER
R045	CATEGORY	ctg_results_bor_2018_2021.txt	NCT04764474	3	Number of Patients With Best Overall Response (BOR)	OG004	Cohort 5: HMPL-306 Dose Level 5	1	0	<untitled>	4	MLFS	0	Participants	5	5	5	0	CR=0;PR=0;SD=0;PD=2	2		none	False		RECOVERABLE	DROPPED_BY_PRODUCER
R045	CATEGORY	ctg_results_bor_2018_2021.txt	NCT04764474	3	Number of Patients With Best Overall Response (BOR)	OG004	Cohort 5: HMPL-306 Dose Level 5	1	0	<untitled>	5	PR	0	Participants	5	5	5	0	CR=0;PR=0;SD=0;PD=2	2		none	False		RECOVERABLE	kept
R045	CATEGORY	ctg_results_bor_2018_2021.txt	NCT04764474	3	Number of Patients With Best Overall Response (BOR)	OG004	Cohort 5: HMPL-306 Dose Level 5	1	0	<untitled>	6	SD	0	Participants	5	5	5	0	CR=0;PR=0;SD=0;PD=2	2		none	False		RECOVERABLE	kept
R045	CATEGORY	ctg_results_bor_2018_2021.txt	NCT04764474	3	Number of Patients With Best Overall Response (BOR)	OG004	Cohort 5: HMPL-306 Dose Level 5	1	0	<untitled>	7	PD	2	Participants	5	5	5	0	CR=0;PR=0;SD=0;PD=2	2		none	False		RECOVERABLE	kept
R045	CATEGORY	ctg_results_bor_2018_2021.txt	NCT04764474	3	Number of Patients With Best Overall Response (BOR)	OG004	Cohort 5: HMPL-306 Dose Level 5	1	0	<untitled>	8	Not evaluable	0	Participants	5	5	5	0	CR=0;PR=0;SD=0;PD=2	2		none	False		RECOVERABLE	DROPPED_BY_PRODUCER
R046	CLASS	ctg_results_bor_2018_2021.txt	NCT04764474	3	Number of Patients With Best Overall Response (BOR)	OG005	Cohort 6: HMPL-306 Dose Level 6	1	0	<untitled>				Participants	4	4	4	0	CR=0;PR=0;SD=1;PD=2	3	1	none	False	CRmrd-=0; CR=0; CRh=0; CRi=0; MLFS=0; PR=0; SD=1; PD=2; Not evaluable=1	RECOVERABLE	full category vector of the single contributing class sums exactly to the denoms value
R046	CATEGORY	ctg_results_bor_2018_2021.txt	NCT04764474	3	Number of Patients With Best Overall Response (BOR)	OG005	Cohort 6: HMPL-306 Dose Level 6	1	0	<untitled>	0	CRmrd-	0	Participants	4	4	4	0	CR=0;PR=0;SD=1;PD=2	3		none	False		RECOVERABLE	DROPPED_BY_PRODUCER
R046	CATEGORY	ctg_results_bor_2018_2021.txt	NCT04764474	3	Number of Patients With Best Overall Response (BOR)	OG005	Cohort 6: HMPL-306 Dose Level 6	1	0	<untitled>	1	CR	0	Participants	4	4	4	0	CR=0;PR=0;SD=1;PD=2	3		none	False		RECOVERABLE	kept
R046	CATEGORY	ctg_results_bor_2018_2021.txt	NCT04764474	3	Number of Patients With Best Overall Response (BOR)	OG005	Cohort 6: HMPL-306 Dose Level 6	1	0	<untitled>	2	CRh	0	Participants	4	4	4	0	CR=0;PR=0;SD=1;PD=2	3		none	False		RECOVERABLE	DROPPED_BY_PRODUCER
R046	CATEGORY	ctg_results_bor_2018_2021.txt	NCT04764474	3	Number of Patients With Best Overall Response (BOR)	OG005	Cohort 6: HMPL-306 Dose Level 6	1	0	<untitled>	3	CRi	0	Participants	4	4	4	0	CR=0;PR=0;SD=1;PD=2	3		none	False		RECOVERABLE	DROPPED_BY_PRODUCER
R046	CATEGORY	ctg_results_bor_2018_2021.txt	NCT04764474	3	Number of Patients With Best Overall Response (BOR)	OG005	Cohort 6: HMPL-306 Dose Level 6	1	0	<untitled>	4	MLFS	0	Participants	4	4	4	0	CR=0;PR=0;SD=1;PD=2	3		none	False		RECOVERABLE	DROPPED_BY_PRODUCER
R046	CATEGORY	ctg_results_bor_2018_2021.txt	NCT04764474	3	Number of Patients With Best Overall Response (BOR)	OG005	Cohort 6: HMPL-306 Dose Level 6	1	0	<untitled>	5	PR	0	Participants	4	4	4	0	CR=0;PR=0;SD=1;PD=2	3		none	False		RECOVERABLE	kept
R046	CATEGORY	ctg_results_bor_2018_2021.txt	NCT04764474	3	Number of Patients With Best Overall Response (BOR)	OG005	Cohort 6: HMPL-306 Dose Level 6	1	0	<untitled>	6	SD	1	Participants	4	4	4	0	CR=0;PR=0;SD=1;PD=2	3		none	False		RECOVERABLE	kept
R046	CATEGORY	ctg_results_bor_2018_2021.txt	NCT04764474	3	Number of Patients With Best Overall Response (BOR)	OG005	Cohort 6: HMPL-306 Dose Level 6	1	0	<untitled>	7	PD	2	Participants	4	4	4	0	CR=0;PR=0;SD=1;PD=2	3		none	False		RECOVERABLE	kept
R046	CATEGORY	ctg_results_bor_2018_2021.txt	NCT04764474	3	Number of Patients With Best Overall Response (BOR)	OG005	Cohort 6: HMPL-306 Dose Level 6	1	0	<untitled>	8	Not evaluable	1	Participants	4	4	4	0	CR=0;PR=0;SD=1;PD=2	3		none	False		RECOVERABLE	DROPPED_BY_PRODUCER
R047	CLASS	ctg_results_bor_2018_2021.txt	NCT04764474	3	Number of Patients With Best Overall Response (BOR)	OG006	Cohort 7: HMPL-306 Dose Level 7	1	0	<untitled>				Participants	3	3	3	0	CR=1;PR=0;SD=0;PD=1	2	1	none	False	CRmrd-=0; CR=1; CRh=1; CRi=0; MLFS=0; PR=0; SD=0; PD=1; Not evaluable=0	RECOVERABLE	full category vector of the single contributing class sums exactly to the denoms value
R047	CATEGORY	ctg_results_bor_2018_2021.txt	NCT04764474	3	Number of Patients With Best Overall Response (BOR)	OG006	Cohort 7: HMPL-306 Dose Level 7	1	0	<untitled>	0	CRmrd-	0	Participants	3	3	3	0	CR=1;PR=0;SD=0;PD=1	2		none	False		RECOVERABLE	DROPPED_BY_PRODUCER
R047	CATEGORY	ctg_results_bor_2018_2021.txt	NCT04764474	3	Number of Patients With Best Overall Response (BOR)	OG006	Cohort 7: HMPL-306 Dose Level 7	1	0	<untitled>	1	CR	1	Participants	3	3	3	0	CR=1;PR=0;SD=0;PD=1	2		none	False		RECOVERABLE	kept
R047	CATEGORY	ctg_results_bor_2018_2021.txt	NCT04764474	3	Number of Patients With Best Overall Response (BOR)	OG006	Cohort 7: HMPL-306 Dose Level 7	1	0	<untitled>	2	CRh	1	Participants	3	3	3	0	CR=1;PR=0;SD=0;PD=1	2		none	False		RECOVERABLE	DROPPED_BY_PRODUCER
R047	CATEGORY	ctg_results_bor_2018_2021.txt	NCT04764474	3	Number of Patients With Best Overall Response (BOR)	OG006	Cohort 7: HMPL-306 Dose Level 7	1	0	<untitled>	3	CRi	0	Participants	3	3	3	0	CR=1;PR=0;SD=0;PD=1	2		none	False		RECOVERABLE	DROPPED_BY_PRODUCER
R047	CATEGORY	ctg_results_bor_2018_2021.txt	NCT04764474	3	Number of Patients With Best Overall Response (BOR)	OG006	Cohort 7: HMPL-306 Dose Level 7	1	0	<untitled>	4	MLFS	0	Participants	3	3	3	0	CR=1;PR=0;SD=0;PD=1	2		none	False		RECOVERABLE	DROPPED_BY_PRODUCER
R047	CATEGORY	ctg_results_bor_2018_2021.txt	NCT04764474	3	Number of Patients With Best Overall Response (BOR)	OG006	Cohort 7: HMPL-306 Dose Level 7	1	0	<untitled>	5	PR	0	Participants	3	3	3	0	CR=1;PR=0;SD=0;PD=1	2		none	False		RECOVERABLE	kept
R047	CATEGORY	ctg_results_bor_2018_2021.txt	NCT04764474	3	Number of Patients With Best Overall Response (BOR)	OG006	Cohort 7: HMPL-306 Dose Level 7	1	0	<untitled>	6	SD	0	Participants	3	3	3	0	CR=1;PR=0;SD=0;PD=1	2		none	False		RECOVERABLE	kept
R047	CATEGORY	ctg_results_bor_2018_2021.txt	NCT04764474	3	Number of Patients With Best Overall Response (BOR)	OG006	Cohort 7: HMPL-306 Dose Level 7	1	0	<untitled>	7	PD	1	Participants	3	3	3	0	CR=1;PR=0;SD=0;PD=1	2		none	False		RECOVERABLE	kept
R047	CATEGORY	ctg_results_bor_2018_2021.txt	NCT04764474	3	Number of Patients With Best Overall Response (BOR)	OG006	Cohort 7: HMPL-306 Dose Level 7	1	0	<untitled>	8	Not evaluable	0	Participants	3	3	3	0	CR=1;PR=0;SD=0;PD=1	2		none	False		RECOVERABLE	DROPPED_BY_PRODUCER
R048	CLASS	ctg_results_bor_2018_2021.txt	NCT04764474	3	Number of Patients With Best Overall Response (BOR)	OG007	Cohort 8: HMPL-306 Dose Level 8	1	0	<untitled>				Participants	8	8	8	0	CR=3;PR=0;SD=0;PD=2	5	3	none	False	CRmrd-=1; CR=3; CRh=0; CRi=1; MLFS=0; PR=0; SD=0; PD=2; Not evaluable=1	RECOVERABLE	full category vector of the single contributing class sums exactly to the denoms value
R048	CATEGORY	ctg_results_bor_2018_2021.txt	NCT04764474	3	Number of Patients With Best Overall Response (BOR)	OG007	Cohort 8: HMPL-306 Dose Level 8	1	0	<untitled>	0	CRmrd-	1	Participants	8	8	8	0	CR=3;PR=0;SD=0;PD=2	5		none	False		RECOVERABLE	DROPPED_BY_PRODUCER
R048	CATEGORY	ctg_results_bor_2018_2021.txt	NCT04764474	3	Number of Patients With Best Overall Response (BOR)	OG007	Cohort 8: HMPL-306 Dose Level 8	1	0	<untitled>	1	CR	3	Participants	8	8	8	0	CR=3;PR=0;SD=0;PD=2	5		none	False		RECOVERABLE	kept
R048	CATEGORY	ctg_results_bor_2018_2021.txt	NCT04764474	3	Number of Patients With Best Overall Response (BOR)	OG007	Cohort 8: HMPL-306 Dose Level 8	1	0	<untitled>	2	CRh	0	Participants	8	8	8	0	CR=3;PR=0;SD=0;PD=2	5		none	False		RECOVERABLE	DROPPED_BY_PRODUCER
R048	CATEGORY	ctg_results_bor_2018_2021.txt	NCT04764474	3	Number of Patients With Best Overall Response (BOR)	OG007	Cohort 8: HMPL-306 Dose Level 8	1	0	<untitled>	3	CRi	1	Participants	8	8	8	0	CR=3;PR=0;SD=0;PD=2	5		none	False		RECOVERABLE	DROPPED_BY_PRODUCER
R048	CATEGORY	ctg_results_bor_2018_2021.txt	NCT04764474	3	Number of Patients With Best Overall Response (BOR)	OG007	Cohort 8: HMPL-306 Dose Level 8	1	0	<untitled>	4	MLFS	0	Participants	8	8	8	0	CR=3;PR=0;SD=0;PD=2	5		none	False		RECOVERABLE	DROPPED_BY_PRODUCER
R048	CATEGORY	ctg_results_bor_2018_2021.txt	NCT04764474	3	Number of Patients With Best Overall Response (BOR)	OG007	Cohort 8: HMPL-306 Dose Level 8	1	0	<untitled>	5	PR	0	Participants	8	8	8	0	CR=3;PR=0;SD=0;PD=2	5		none	False		RECOVERABLE	kept
R048	CATEGORY	ctg_results_bor_2018_2021.txt	NCT04764474	3	Number of Patients With Best Overall Response (BOR)	OG007	Cohort 8: HMPL-306 Dose Level 8	1	0	<untitled>	6	SD	0	Participants	8	8	8	0	CR=3;PR=0;SD=0;PD=2	5		none	False		RECOVERABLE	kept
R048	CATEGORY	ctg_results_bor_2018_2021.txt	NCT04764474	3	Number of Patients With Best Overall Response (BOR)	OG007	Cohort 8: HMPL-306 Dose Level 8	1	0	<untitled>	7	PD	2	Participants	8	8	8	0	CR=3;PR=0;SD=0;PD=2	5		none	False		RECOVERABLE	kept
R048	CATEGORY	ctg_results_bor_2018_2021.txt	NCT04764474	3	Number of Patients With Best Overall Response (BOR)	OG007	Cohort 8: HMPL-306 Dose Level 8	1	0	<untitled>	8	Not evaluable	1	Participants	8	8	8	0	CR=3;PR=0;SD=0;PD=2	5		none	False		RECOVERABLE	DROPPED_BY_PRODUCER
R049	CLASS	ctg_results_bor_2018_2021.txt	NCT03445533	0	Summary of Independent Reviewer-Assessed Objective Response Rate (ORR) by RECIST v1.1	OG000	Arm A: Ipilimumab	1	0	<untitled>				Participants	243	243	243	0	CR=1;PR=20;SD=45;PD=110	176	67	none	False	Complete Response=1; Partial Response=20; Stable Disease=45; Progressive Disease=110; Not Evaluable=67	RECOVERABLE	full category vector of the single contributing class sums exactly to the denoms value
R049	CATEGORY	ctg_results_bor_2018_2021.txt	NCT03445533	0	Summary of Independent Reviewer-Assessed Objective Response Rate (ORR) by RECIST v1.1	OG000	Arm A: Ipilimumab	1	0	<untitled>	0	Complete Response	1	Participants	243	243	243	0	CR=1;PR=20;SD=45;PD=110	176		none	False		RECOVERABLE	kept
R049	CATEGORY	ctg_results_bor_2018_2021.txt	NCT03445533	0	Summary of Independent Reviewer-Assessed Objective Response Rate (ORR) by RECIST v1.1	OG000	Arm A: Ipilimumab	1	0	<untitled>	1	Partial Response	20	Participants	243	243	243	0	CR=1;PR=20;SD=45;PD=110	176		none	False		RECOVERABLE	kept
R049	CATEGORY	ctg_results_bor_2018_2021.txt	NCT03445533	0	Summary of Independent Reviewer-Assessed Objective Response Rate (ORR) by RECIST v1.1	OG000	Arm A: Ipilimumab	1	0	<untitled>	2	Stable Disease	45	Participants	243	243	243	0	CR=1;PR=20;SD=45;PD=110	176		none	False		RECOVERABLE	kept
R049	CATEGORY	ctg_results_bor_2018_2021.txt	NCT03445533	0	Summary of Independent Reviewer-Assessed Objective Response Rate (ORR) by RECIST v1.1	OG000	Arm A: Ipilimumab	1	0	<untitled>	3	Progressive Disease	110	Participants	243	243	243	0	CR=1;PR=20;SD=45;PD=110	176		none	False		RECOVERABLE	kept
R049	CATEGORY	ctg_results_bor_2018_2021.txt	NCT03445533	0	Summary of Independent Reviewer-Assessed Objective Response Rate (ORR) by RECIST v1.1	OG000	Arm A: Ipilimumab	1	0	<untitled>	4	Not Evaluable	67	Participants	243	243	243	0	CR=1;PR=20;SD=45;PD=110	176		none	False		RECOVERABLE	DROPPED_BY_PRODUCER
R050	CLASS	ctg_results_bor_2018_2021.txt	NCT03445533	0	Summary of Independent Reviewer-Assessed Objective Response Rate (ORR) by RECIST v1.1	OG001	Arm B: IMO-2125 Plus Ipilimumab	1	0	<untitled>				Participants	238	238	238	0	CR=1;PR=20;SD=61;PD=89	171	67	none	False	Complete Response=1; Partial Response=20; Stable Disease=61; Progressive Disease=89; Not Evaluable=67	RECOVERABLE	full category vector of the single contributing class sums exactly to the denoms value
R050	CATEGORY	ctg_results_bor_2018_2021.txt	NCT03445533	0	Summary of Independent Reviewer-Assessed Objective Response Rate (ORR) by RECIST v1.1	OG001	Arm B: IMO-2125 Plus Ipilimumab	1	0	<untitled>	0	Complete Response	1	Participants	238	238	238	0	CR=1;PR=20;SD=61;PD=89	171		none	False		RECOVERABLE	kept
R050	CATEGORY	ctg_results_bor_2018_2021.txt	NCT03445533	0	Summary of Independent Reviewer-Assessed Objective Response Rate (ORR) by RECIST v1.1	OG001	Arm B: IMO-2125 Plus Ipilimumab	1	0	<untitled>	1	Partial Response	20	Participants	238	238	238	0	CR=1;PR=20;SD=61;PD=89	171		none	False		RECOVERABLE	kept
R050	CATEGORY	ctg_results_bor_2018_2021.txt	NCT03445533	0	Summary of Independent Reviewer-Assessed Objective Response Rate (ORR) by RECIST v1.1	OG001	Arm B: IMO-2125 Plus Ipilimumab	1	0	<untitled>	2	Stable Disease	61	Participants	238	238	238	0	CR=1;PR=20;SD=61;PD=89	171		none	False		RECOVERABLE	kept
R050	CATEGORY	ctg_results_bor_2018_2021.txt	NCT03445533	0	Summary of Independent Reviewer-Assessed Objective Response Rate (ORR) by RECIST v1.1	OG001	Arm B: IMO-2125 Plus Ipilimumab	1	0	<untitled>	3	Progressive Disease	89	Participants	238	238	238	0	CR=1;PR=20;SD=61;PD=89	171		none	False		RECOVERABLE	kept
R050	CATEGORY	ctg_results_bor_2018_2021.txt	NCT03445533	0	Summary of Independent Reviewer-Assessed Objective Response Rate (ORR) by RECIST v1.1	OG001	Arm B: IMO-2125 Plus Ipilimumab	1	0	<untitled>	4	Not Evaluable	67	Participants	238	238	238	0	CR=1;PR=20;SD=61;PD=89	171		none	False		RECOVERABLE	DROPPED_BY_PRODUCER
R051	CLASS	ctg_results_bor_2018_2021.txt	NCT03724890	54	Part A: Number of Participants With Confirmed Best Overall Response (BOR) as Assessed by Response Evaluation Criteria in Solid Tumors Version 1.1 (RECIST v1.1)	OG001	Part A: M3814 200 mg BID + Avelumab 800 mg Q2W	1	0	<untitled>				Participants	11	11	11	0	CR=0;PR=0;SD=1;PD=7	8	3	none	False	Complete Response=0; Partial Response=0; Stable Disease or Non-CR/Non-PD=1; Progressive Disease=7; Not Evaluable=3	RECOVERABLE	full category vector of the single contributing class sums exactly to the denoms value
R051	CATEGORY	ctg_results_bor_2018_2021.txt	NCT03724890	54	Part A: Number of Participants With Confirmed Best Overall Response (BOR) as Assessed by Response Evaluation Criteria in Solid Tumors Version 1.1 (RECIST v1.1)	OG001	Part A: M3814 200 mg BID + Avelumab 800 mg Q2W	1	0	<untitled>	0	Complete Response	0	Participants	11	11	11	0	CR=0;PR=0;SD=1;PD=7	8		none	False		RECOVERABLE	kept
R051	CATEGORY	ctg_results_bor_2018_2021.txt	NCT03724890	54	Part A: Number of Participants With Confirmed Best Overall Response (BOR) as Assessed by Response Evaluation Criteria in Solid Tumors Version 1.1 (RECIST v1.1)	OG001	Part A: M3814 200 mg BID + Avelumab 800 mg Q2W	1	0	<untitled>	1	Partial Response	0	Participants	11	11	11	0	CR=0;PR=0;SD=1;PD=7	8		none	False		RECOVERABLE	kept
R051	CATEGORY	ctg_results_bor_2018_2021.txt	NCT03724890	54	Part A: Number of Participants With Confirmed Best Overall Response (BOR) as Assessed by Response Evaluation Criteria in Solid Tumors Version 1.1 (RECIST v1.1)	OG001	Part A: M3814 200 mg BID + Avelumab 800 mg Q2W	1	0	<untitled>	2	Stable Disease or Non-CR/Non-PD	1	Participants	11	11	11	0	CR=0;PR=0;SD=1;PD=7	8		none	False		RECOVERABLE	kept
R051	CATEGORY	ctg_results_bor_2018_2021.txt	NCT03724890	54	Part A: Number of Participants With Confirmed Best Overall Response (BOR) as Assessed by Response Evaluation Criteria in Solid Tumors Version 1.1 (RECIST v1.1)	OG001	Part A: M3814 200 mg BID + Avelumab 800 mg Q2W	1	0	<untitled>	3	Progressive Disease	7	Participants	11	11	11	0	CR=0;PR=0;SD=1;PD=7	8		none	False		RECOVERABLE	kept
R051	CATEGORY	ctg_results_bor_2018_2021.txt	NCT03724890	54	Part A: Number of Participants With Confirmed Best Overall Response (BOR) as Assessed by Response Evaluation Criteria in Solid Tumors Version 1.1 (RECIST v1.1)	OG001	Part A: M3814 200 mg BID + Avelumab 800 mg Q2W	1	0	<untitled>	4	Not Evaluable	3	Participants	11	11	11	0	CR=0;PR=0;SD=1;PD=7	8		none	False		RECOVERABLE	DROPPED_BY_PRODUCER
R052	CLASS	ctg_results_bor_2018_2021.txt	NCT03724890	54	Part A: Number of Participants With Confirmed Best Overall Response (BOR) as Assessed by Response Evaluation Criteria in Solid Tumors Version 1.1 (RECIST v1.1)	OG002	Part A: M3814 250 mg BID + Avelumab 800 mg Q2W	1	0	<untitled>				Participants	4	4	4	0	CR=0;PR=0;SD=1;PD=0	1	3	none	False	Complete Response=0; Partial Response=0; Stable Disease or Non-CR/Non-PD=1; Progressive Disease=0; Not Evaluable=3	RECOVERABLE	full category vector of the single contributing class sums exactly to the denoms value
R052	CATEGORY	ctg_results_bor_2018_2021.txt	NCT03724890	54	Part A: Number of Participants With Confirmed Best Overall Response (BOR) as Assessed by Response Evaluation Criteria in Solid Tumors Version 1.1 (RECIST v1.1)	OG002	Part A: M3814 250 mg BID + Avelumab 800 mg Q2W	1	0	<untitled>	0	Complete Response	0	Participants	4	4	4	0	CR=0;PR=0;SD=1;PD=0	1		none	False		RECOVERABLE	kept
R052	CATEGORY	ctg_results_bor_2018_2021.txt	NCT03724890	54	Part A: Number of Participants With Confirmed Best Overall Response (BOR) as Assessed by Response Evaluation Criteria in Solid Tumors Version 1.1 (RECIST v1.1)	OG002	Part A: M3814 250 mg BID + Avelumab 800 mg Q2W	1	0	<untitled>	1	Partial Response	0	Participants	4	4	4	0	CR=0;PR=0;SD=1;PD=0	1		none	False		RECOVERABLE	kept
R052	CATEGORY	ctg_results_bor_2018_2021.txt	NCT03724890	54	Part A: Number of Participants With Confirmed Best Overall Response (BOR) as Assessed by Response Evaluation Criteria in Solid Tumors Version 1.1 (RECIST v1.1)	OG002	Part A: M3814 250 mg BID + Avelumab 800 mg Q2W	1	0	<untitled>	2	Stable Disease or Non-CR/Non-PD	1	Participants	4	4	4	0	CR=0;PR=0;SD=1;PD=0	1		none	False		RECOVERABLE	kept
R052	CATEGORY	ctg_results_bor_2018_2021.txt	NCT03724890	54	Part A: Number of Participants With Confirmed Best Overall Response (BOR) as Assessed by Response Evaluation Criteria in Solid Tumors Version 1.1 (RECIST v1.1)	OG002	Part A: M3814 250 mg BID + Avelumab 800 mg Q2W	1	0	<untitled>	3	Progressive Disease	0	Participants	4	4	4	0	CR=0;PR=0;SD=1;PD=0	1		none	False		RECOVERABLE	kept
R052	CATEGORY	ctg_results_bor_2018_2021.txt	NCT03724890	54	Part A: Number of Participants With Confirmed Best Overall Response (BOR) as Assessed by Response Evaluation Criteria in Solid Tumors Version 1.1 (RECIST v1.1)	OG002	Part A: M3814 250 mg BID + Avelumab 800 mg Q2W	1	0	<untitled>	4	Not Evaluable	3	Participants	4	4	4	0	CR=0;PR=0;SD=1;PD=0	1		none	False		RECOVERABLE	DROPPED_BY_PRODUCER
R053	CLASS	ctg_results_bor_2018_2021.txt	NCT03724890	54	Part A: Number of Participants With Confirmed Best Overall Response (BOR) as Assessed by Response Evaluation Criteria in Solid Tumors Version 1.1 (RECIST v1.1)	OG003	Part A: M3814 300 mg BID + Avelumab 800 mg Q2W	1	0	<untitled>				Participants	6	6	6	0	CR=0;PR=0;SD=0;PD=2	2	4	none	False	Complete Response=0; Partial Response=0; Stable Disease or Non-CR/Non-PD=0; Progressive Disease=2; Not Evaluable=4	RECOVERABLE	full category vector of the single contributing class sums exactly to the denoms value
R053	CATEGORY	ctg_results_bor_2018_2021.txt	NCT03724890	54	Part A: Number of Participants With Confirmed Best Overall Response (BOR) as Assessed by Response Evaluation Criteria in Solid Tumors Version 1.1 (RECIST v1.1)	OG003	Part A: M3814 300 mg BID + Avelumab 800 mg Q2W	1	0	<untitled>	0	Complete Response	0	Participants	6	6	6	0	CR=0;PR=0;SD=0;PD=2	2		none	False		RECOVERABLE	kept
R053	CATEGORY	ctg_results_bor_2018_2021.txt	NCT03724890	54	Part A: Number of Participants With Confirmed Best Overall Response (BOR) as Assessed by Response Evaluation Criteria in Solid Tumors Version 1.1 (RECIST v1.1)	OG003	Part A: M3814 300 mg BID + Avelumab 800 mg Q2W	1	0	<untitled>	1	Partial Response	0	Participants	6	6	6	0	CR=0;PR=0;SD=0;PD=2	2		none	False		RECOVERABLE	kept
R053	CATEGORY	ctg_results_bor_2018_2021.txt	NCT03724890	54	Part A: Number of Participants With Confirmed Best Overall Response (BOR) as Assessed by Response Evaluation Criteria in Solid Tumors Version 1.1 (RECIST v1.1)	OG003	Part A: M3814 300 mg BID + Avelumab 800 mg Q2W	1	0	<untitled>	2	Stable Disease or Non-CR/Non-PD	0	Participants	6	6	6	0	CR=0;PR=0;SD=0;PD=2	2		none	False		RECOVERABLE	kept
R053	CATEGORY	ctg_results_bor_2018_2021.txt	NCT03724890	54	Part A: Number of Participants With Confirmed Best Overall Response (BOR) as Assessed by Response Evaluation Criteria in Solid Tumors Version 1.1 (RECIST v1.1)	OG003	Part A: M3814 300 mg BID + Avelumab 800 mg Q2W	1	0	<untitled>	3	Progressive Disease	2	Participants	6	6	6	0	CR=0;PR=0;SD=0;PD=2	2		none	False		RECOVERABLE	kept
R053	CATEGORY	ctg_results_bor_2018_2021.txt	NCT03724890	54	Part A: Number of Participants With Confirmed Best Overall Response (BOR) as Assessed by Response Evaluation Criteria in Solid Tumors Version 1.1 (RECIST v1.1)	OG003	Part A: M3814 300 mg BID + Avelumab 800 mg Q2W	1	0	<untitled>	4	Not Evaluable	4	Participants	6	6	6	0	CR=0;PR=0;SD=0;PD=2	2		none	False		RECOVERABLE	DROPPED_BY_PRODUCER
R054	CLASS	ctg_results_bor_2018_2021.txt	NCT03724890	54	Part A: Number of Participants With Confirmed Best Overall Response (BOR) as Assessed by Response Evaluation Criteria in Solid Tumors Version 1.1 (RECIST v1.1)	OG004	Part A: M3814 400 mg BID + Avelumab 800 mg Q2W	1	0	<untitled>				Participants	4	4	4	0	CR=0;PR=0;SD=1;PD=1	2	2	none	False	Complete Response=0; Partial Response=0; Stable Disease or Non-CR/Non-PD=1; Progressive Disease=1; Not Evaluable=2	RECOVERABLE	full category vector of the single contributing class sums exactly to the denoms value
R054	CATEGORY	ctg_results_bor_2018_2021.txt	NCT03724890	54	Part A: Number of Participants With Confirmed Best Overall Response (BOR) as Assessed by Response Evaluation Criteria in Solid Tumors Version 1.1 (RECIST v1.1)	OG004	Part A: M3814 400 mg BID + Avelumab 800 mg Q2W	1	0	<untitled>	0	Complete Response	0	Participants	4	4	4	0	CR=0;PR=0;SD=1;PD=1	2		none	False		RECOVERABLE	kept
R054	CATEGORY	ctg_results_bor_2018_2021.txt	NCT03724890	54	Part A: Number of Participants With Confirmed Best Overall Response (BOR) as Assessed by Response Evaluation Criteria in Solid Tumors Version 1.1 (RECIST v1.1)	OG004	Part A: M3814 400 mg BID + Avelumab 800 mg Q2W	1	0	<untitled>	1	Partial Response	0	Participants	4	4	4	0	CR=0;PR=0;SD=1;PD=1	2		none	False		RECOVERABLE	kept
R054	CATEGORY	ctg_results_bor_2018_2021.txt	NCT03724890	54	Part A: Number of Participants With Confirmed Best Overall Response (BOR) as Assessed by Response Evaluation Criteria in Solid Tumors Version 1.1 (RECIST v1.1)	OG004	Part A: M3814 400 mg BID + Avelumab 800 mg Q2W	1	0	<untitled>	2	Stable Disease or Non-CR/Non-PD	1	Participants	4	4	4	0	CR=0;PR=0;SD=1;PD=1	2		none	False		RECOVERABLE	kept
R054	CATEGORY	ctg_results_bor_2018_2021.txt	NCT03724890	54	Part A: Number of Participants With Confirmed Best Overall Response (BOR) as Assessed by Response Evaluation Criteria in Solid Tumors Version 1.1 (RECIST v1.1)	OG004	Part A: M3814 400 mg BID + Avelumab 800 mg Q2W	1	0	<untitled>	3	Progressive Disease	1	Participants	4	4	4	0	CR=0;PR=0;SD=1;PD=1	2		none	False		RECOVERABLE	kept
R054	CATEGORY	ctg_results_bor_2018_2021.txt	NCT03724890	54	Part A: Number of Participants With Confirmed Best Overall Response (BOR) as Assessed by Response Evaluation Criteria in Solid Tumors Version 1.1 (RECIST v1.1)	OG004	Part A: M3814 400 mg BID + Avelumab 800 mg Q2W	1	0	<untitled>	4	Not Evaluable	2	Participants	4	4	4	0	CR=0;PR=0;SD=1;PD=1	2		none	False		RECOVERABLE	DROPPED_BY_PRODUCER
R055	CLASS	ctg_results_bor_2018_2021.txt	NCT03724890	55	Part B: Number of Participants With Confirmed Best Overall Response (BOR) as Assessed by Response Evaluation Criteria in Solid Tumors Version 1.1 (RECIST v1.1)	OG002	Part B: M3814 200 mg BID + Avelumab 800 mg Q2W + RT	1	0	<untitled>				Participants	4	4	4	0	CR=0;PR=0;SD=2;PD=1	3	1	none	False	Complete Response=0; Partial Response=0; Stable Disease or Non-CR/Non-PD=2; Progressive Disease=1; Not Evaluable=1	RECOVERABLE	full category vector of the single contributing class sums exactly to the denoms value
R055	CATEGORY	ctg_results_bor_2018_2021.txt	NCT03724890	55	Part B: Number of Participants With Confirmed Best Overall Response (BOR) as Assessed by Response Evaluation Criteria in Solid Tumors Version 1.1 (RECIST v1.1)	OG002	Part B: M3814 200 mg BID + Avelumab 800 mg Q2W + RT	1	0	<untitled>	0	Complete Response	0	Participants	4	4	4	0	CR=0;PR=0;SD=2;PD=1	3		none	False		RECOVERABLE	kept
R055	CATEGORY	ctg_results_bor_2018_2021.txt	NCT03724890	55	Part B: Number of Participants With Confirmed Best Overall Response (BOR) as Assessed by Response Evaluation Criteria in Solid Tumors Version 1.1 (RECIST v1.1)	OG002	Part B: M3814 200 mg BID + Avelumab 800 mg Q2W + RT	1	0	<untitled>	1	Partial Response	0	Participants	4	4	4	0	CR=0;PR=0;SD=2;PD=1	3		none	False		RECOVERABLE	kept
R055	CATEGORY	ctg_results_bor_2018_2021.txt	NCT03724890	55	Part B: Number of Participants With Confirmed Best Overall Response (BOR) as Assessed by Response Evaluation Criteria in Solid Tumors Version 1.1 (RECIST v1.1)	OG002	Part B: M3814 200 mg BID + Avelumab 800 mg Q2W + RT	1	0	<untitled>	2	Stable Disease or Non-CR/Non-PD	2	Participants	4	4	4	0	CR=0;PR=0;SD=2;PD=1	3		none	False		RECOVERABLE	kept
R055	CATEGORY	ctg_results_bor_2018_2021.txt	NCT03724890	55	Part B: Number of Participants With Confirmed Best Overall Response (BOR) as Assessed by Response Evaluation Criteria in Solid Tumors Version 1.1 (RECIST v1.1)	OG002	Part B: M3814 200 mg BID + Avelumab 800 mg Q2W + RT	1	0	<untitled>	3	Progressive Disease	1	Participants	4	4	4	0	CR=0;PR=0;SD=2;PD=1	3		none	False		RECOVERABLE	kept
R055	CATEGORY	ctg_results_bor_2018_2021.txt	NCT03724890	55	Part B: Number of Participants With Confirmed Best Overall Response (BOR) as Assessed by Response Evaluation Criteria in Solid Tumors Version 1.1 (RECIST v1.1)	OG002	Part B: M3814 200 mg BID + Avelumab 800 mg Q2W + RT	1	0	<untitled>	4	Not Evaluable	1	Participants	4	4	4	0	CR=0;PR=0;SD=2;PD=1	3		none	False		RECOVERABLE	DROPPED_BY_PRODUCER
R056	CLASS	ctg_results_bor_2018_2021.txt	NCT03724890	55	Part B: Number of Participants With Confirmed Best Overall Response (BOR) as Assessed by Response Evaluation Criteria in Solid Tumors Version 1.1 (RECIST v1.1)	OG003	Part B: M3814 250 mg BID + Avelumab 800 mg Q2W + RT	1	0	<untitled>				Participants	9	9	9	0	CR=0;PR=0;SD=2;PD=3	5	4	none	False	Complete Response=0; Partial Response=0; Stable Disease or Non-CR/Non-PD=2; Progressive Disease=3; Not Evaluable=4	RECOVERABLE	full category vector of the single contributing class sums exactly to the denoms value
R056	CATEGORY	ctg_results_bor_2018_2021.txt	NCT03724890	55	Part B: Number of Participants With Confirmed Best Overall Response (BOR) as Assessed by Response Evaluation Criteria in Solid Tumors Version 1.1 (RECIST v1.1)	OG003	Part B: M3814 250 mg BID + Avelumab 800 mg Q2W + RT	1	0	<untitled>	0	Complete Response	0	Participants	9	9	9	0	CR=0;PR=0;SD=2;PD=3	5		none	False		RECOVERABLE	kept
R056	CATEGORY	ctg_results_bor_2018_2021.txt	NCT03724890	55	Part B: Number of Participants With Confirmed Best Overall Response (BOR) as Assessed by Response Evaluation Criteria in Solid Tumors Version 1.1 (RECIST v1.1)	OG003	Part B: M3814 250 mg BID + Avelumab 800 mg Q2W + RT	1	0	<untitled>	1	Partial Response	0	Participants	9	9	9	0	CR=0;PR=0;SD=2;PD=3	5		none	False		RECOVERABLE	kept
R056	CATEGORY	ctg_results_bor_2018_2021.txt	NCT03724890	55	Part B: Number of Participants With Confirmed Best Overall Response (BOR) as Assessed by Response Evaluation Criteria in Solid Tumors Version 1.1 (RECIST v1.1)	OG003	Part B: M3814 250 mg BID + Avelumab 800 mg Q2W + RT	1	0	<untitled>	2	Stable Disease or Non-CR/Non-PD	2	Participants	9	9	9	0	CR=0;PR=0;SD=2;PD=3	5		none	False		RECOVERABLE	kept
R056	CATEGORY	ctg_results_bor_2018_2021.txt	NCT03724890	55	Part B: Number of Participants With Confirmed Best Overall Response (BOR) as Assessed by Response Evaluation Criteria in Solid Tumors Version 1.1 (RECIST v1.1)	OG003	Part B: M3814 250 mg BID + Avelumab 800 mg Q2W + RT	1	0	<untitled>	3	Progressive Disease	3	Participants	9	9	9	0	CR=0;PR=0;SD=2;PD=3	5		none	False		RECOVERABLE	kept
R056	CATEGORY	ctg_results_bor_2018_2021.txt	NCT03724890	55	Part B: Number of Participants With Confirmed Best Overall Response (BOR) as Assessed by Response Evaluation Criteria in Solid Tumors Version 1.1 (RECIST v1.1)	OG003	Part B: M3814 250 mg BID + Avelumab 800 mg Q2W + RT	1	0	<untitled>	4	Not Evaluable	4	Participants	9	9	9	0	CR=0;PR=0;SD=2;PD=3	5		none	False		RECOVERABLE	DROPPED_BY_PRODUCER
R057	CLASS	ctg_results_bor_2018_2021.txt	NCT03724890	56	Part FE: Number of Participants With Confirmed Best Overall Response (BOR) as Assessed by Response Evaluation Criteria in Solid Tumors Version 1.1 (RECIST v1.1)	OG000	Part Food Effect: M3814 100 mg BID + Avelumab 800 mg Q2W	1	0	<untitled>				Participants	4	4	4	0	CR=0;PR=0;SD=2;PD=1	3	1	none	False	Complete Response=0; Partial Response=0; Stable Disease or Non-CR/Non-PD=2; Progressive Disease=1; Not Evaluable=1	RECOVERABLE	full category vector of the single contributing class sums exactly to the denoms value
R057	CATEGORY	ctg_results_bor_2018_2021.txt	NCT03724890	56	Part FE: Number of Participants With Confirmed Best Overall Response (BOR) as Assessed by Response Evaluation Criteria in Solid Tumors Version 1.1 (RECIST v1.1)	OG000	Part Food Effect: M3814 100 mg BID + Avelumab 800 mg Q2W	1	0	<untitled>	0	Complete Response	0	Participants	4	4	4	0	CR=0;PR=0;SD=2;PD=1	3		none	False		RECOVERABLE	kept
R057	CATEGORY	ctg_results_bor_2018_2021.txt	NCT03724890	56	Part FE: Number of Participants With Confirmed Best Overall Response (BOR) as Assessed by Response Evaluation Criteria in Solid Tumors Version 1.1 (RECIST v1.1)	OG000	Part Food Effect: M3814 100 mg BID + Avelumab 800 mg Q2W	1	0	<untitled>	1	Partial Response	0	Participants	4	4	4	0	CR=0;PR=0;SD=2;PD=1	3		none	False		RECOVERABLE	kept
R057	CATEGORY	ctg_results_bor_2018_2021.txt	NCT03724890	56	Part FE: Number of Participants With Confirmed Best Overall Response (BOR) as Assessed by Response Evaluation Criteria in Solid Tumors Version 1.1 (RECIST v1.1)	OG000	Part Food Effect: M3814 100 mg BID + Avelumab 800 mg Q2W	1	0	<untitled>	2	Stable Disease or Non-CR/Non-PD	2	Participants	4	4	4	0	CR=0;PR=0;SD=2;PD=1	3		none	False		RECOVERABLE	kept
R057	CATEGORY	ctg_results_bor_2018_2021.txt	NCT03724890	56	Part FE: Number of Participants With Confirmed Best Overall Response (BOR) as Assessed by Response Evaluation Criteria in Solid Tumors Version 1.1 (RECIST v1.1)	OG000	Part Food Effect: M3814 100 mg BID + Avelumab 800 mg Q2W	1	0	<untitled>	3	Progressive Disease	1	Participants	4	4	4	0	CR=0;PR=0;SD=2;PD=1	3		none	False		RECOVERABLE	kept
R057	CATEGORY	ctg_results_bor_2018_2021.txt	NCT03724890	56	Part FE: Number of Participants With Confirmed Best Overall Response (BOR) as Assessed by Response Evaluation Criteria in Solid Tumors Version 1.1 (RECIST v1.1)	OG000	Part Food Effect: M3814 100 mg BID + Avelumab 800 mg Q2W	1	0	<untitled>	4	Not Evaluable	1	Participants	4	4	4	0	CR=0;PR=0;SD=2;PD=1	3		none	False		RECOVERABLE	DROPPED_BY_PRODUCER
R058	CLASS	ctg_results_bor_2018_2021.txt	NCT03724890	56	Part FE: Number of Participants With Confirmed Best Overall Response (BOR) as Assessed by Response Evaluation Criteria in Solid Tumors Version 1.1 (RECIST v1.1)	OG001	Part Food Effect: M3814 200 mg BID + Avelumab 800 mg Q2W	1	0	<untitled>				Participants	5	5	5	0	CR=0;PR=1;SD=1;PD=1	3	2	none	False	Complete Response=0; Partial Response=1; Stable Disease or Non-CR/Non-PD=1; Progressive Disease=1; Not Evaluable=2	RECOVERABLE	full category vector of the single contributing class sums exactly to the denoms value
R058	CATEGORY	ctg_results_bor_2018_2021.txt	NCT03724890	56	Part FE: Number of Participants With Confirmed Best Overall Response (BOR) as Assessed by Response Evaluation Criteria in Solid Tumors Version 1.1 (RECIST v1.1)	OG001	Part Food Effect: M3814 200 mg BID + Avelumab 800 mg Q2W	1	0	<untitled>	0	Complete Response	0	Participants	5	5	5	0	CR=0;PR=1;SD=1;PD=1	3		none	False		RECOVERABLE	kept
R058	CATEGORY	ctg_results_bor_2018_2021.txt	NCT03724890	56	Part FE: Number of Participants With Confirmed Best Overall Response (BOR) as Assessed by Response Evaluation Criteria in Solid Tumors Version 1.1 (RECIST v1.1)	OG001	Part Food Effect: M3814 200 mg BID + Avelumab 800 mg Q2W	1	0	<untitled>	1	Partial Response	1	Participants	5	5	5	0	CR=0;PR=1;SD=1;PD=1	3		none	False		RECOVERABLE	kept
R058	CATEGORY	ctg_results_bor_2018_2021.txt	NCT03724890	56	Part FE: Number of Participants With Confirmed Best Overall Response (BOR) as Assessed by Response Evaluation Criteria in Solid Tumors Version 1.1 (RECIST v1.1)	OG001	Part Food Effect: M3814 200 mg BID + Avelumab 800 mg Q2W	1	0	<untitled>	2	Stable Disease or Non-CR/Non-PD	1	Participants	5	5	5	0	CR=0;PR=1;SD=1;PD=1	3		none	False		RECOVERABLE	kept
R058	CATEGORY	ctg_results_bor_2018_2021.txt	NCT03724890	56	Part FE: Number of Participants With Confirmed Best Overall Response (BOR) as Assessed by Response Evaluation Criteria in Solid Tumors Version 1.1 (RECIST v1.1)	OG001	Part Food Effect: M3814 200 mg BID + Avelumab 800 mg Q2W	1	0	<untitled>	3	Progressive Disease	1	Participants	5	5	5	0	CR=0;PR=1;SD=1;PD=1	3		none	False		RECOVERABLE	kept
R058	CATEGORY	ctg_results_bor_2018_2021.txt	NCT03724890	56	Part FE: Number of Participants With Confirmed Best Overall Response (BOR) as Assessed by Response Evaluation Criteria in Solid Tumors Version 1.1 (RECIST v1.1)	OG001	Part Food Effect: M3814 200 mg BID + Avelumab 800 mg Q2W	1	0	<untitled>	4	Not Evaluable	2	Participants	5	5	5	0	CR=0;PR=1;SD=1;PD=1	3		none	False		RECOVERABLE	DROPPED_BY_PRODUCER
R059	CLASS	ctg_results_bor_2018_2021.txt	NCT03409614	6	Part 1: Best Overall Response (BOR) Per IRC	OG000	Part 1: Cemiplimab + Chemotherapy	1	0	<untitled>				Participants	108	108	108	0	CR=3;PR=41;SD=41;PD=4	89	19	none	False	Complete Response (CR)=3; Partial Response (PR)=41; Stable Disease (SD)=41; Progressive Disease (PD)=4; Non-CR / Non-PD=3; Not Evaluable (NE)=16	RECOVERABLE	full category vector of the single contributing class sums exactly to the denoms value
R059	CATEGORY	ctg_results_bor_2018_2021.txt	NCT03409614	6	Part 1: Best Overall Response (BOR) Per IRC	OG000	Part 1: Cemiplimab + Chemotherapy	1	0	<untitled>	0	Complete Response (CR)	3	Participants	108	108	108	0	CR=3;PR=41;SD=41;PD=4	89		none	False		RECOVERABLE	kept
R059	CATEGORY	ctg_results_bor_2018_2021.txt	NCT03409614	6	Part 1: Best Overall Response (BOR) Per IRC	OG000	Part 1: Cemiplimab + Chemotherapy	1	0	<untitled>	1	Partial Response (PR)	41	Participants	108	108	108	0	CR=3;PR=41;SD=41;PD=4	89		none	False		RECOVERABLE	kept
R059	CATEGORY	ctg_results_bor_2018_2021.txt	NCT03409614	6	Part 1: Best Overall Response (BOR) Per IRC	OG000	Part 1: Cemiplimab + Chemotherapy	1	0	<untitled>	2	Stable Disease (SD)	41	Participants	108	108	108	0	CR=3;PR=41;SD=41;PD=4	89		none	False		RECOVERABLE	kept
R059	CATEGORY	ctg_results_bor_2018_2021.txt	NCT03409614	6	Part 1: Best Overall Response (BOR) Per IRC	OG000	Part 1: Cemiplimab + Chemotherapy	1	0	<untitled>	3	Progressive Disease (PD)	4	Participants	108	108	108	0	CR=3;PR=41;SD=41;PD=4	89		none	False		RECOVERABLE	kept
R059	CATEGORY	ctg_results_bor_2018_2021.txt	NCT03409614	6	Part 1: Best Overall Response (BOR) Per IRC	OG000	Part 1: Cemiplimab + Chemotherapy	1	0	<untitled>	4	Non-CR / Non-PD	3	Participants	108	108	108	0	CR=3;PR=41;SD=41;PD=4	89		none	False		RECOVERABLE	DROPPED_BY_PRODUCER
R059	CATEGORY	ctg_results_bor_2018_2021.txt	NCT03409614	6	Part 1: Best Overall Response (BOR) Per IRC	OG000	Part 1: Cemiplimab + Chemotherapy	1	0	<untitled>	5	Not Evaluable (NE)	16	Participants	108	108	108	0	CR=3;PR=41;SD=41;PD=4	89		none	False		RECOVERABLE	DROPPED_BY_PRODUCER
R060	CLASS	ctg_results_bor_2018_2021.txt	NCT03409614	6	Part 1: Best Overall Response (BOR) Per IRC	OG001	Part 1: Cemiplimab+AbbrevChemo+Ipilimumab	1	0	<untitled>				Participants	109	109	109	0	CR=5;PR=35;SD=44;PD=15	99	10	none	False	Complete Response (CR)=5; Partial Response (PR)=35; Stable Disease (SD)=44; Progressive Disease (PD)=15; Non-CR / Non-PD=0; Not Evaluable (NE)=10	RECOVERABLE	full category vector of the single contributing class sums exactly to the denoms value
R060	CATEGORY	ctg_results_bor_2018_2021.txt	NCT03409614	6	Part 1: Best Overall Response (BOR) Per IRC	OG001	Part 1: Cemiplimab+AbbrevChemo+Ipilimumab	1	0	<untitled>	0	Complete Response (CR)	5	Participants	109	109	109	0	CR=5;PR=35;SD=44;PD=15	99		none	False		RECOVERABLE	kept
R060	CATEGORY	ctg_results_bor_2018_2021.txt	NCT03409614	6	Part 1: Best Overall Response (BOR) Per IRC	OG001	Part 1: Cemiplimab+AbbrevChemo+Ipilimumab	1	0	<untitled>	1	Partial Response (PR)	35	Participants	109	109	109	0	CR=5;PR=35;SD=44;PD=15	99		none	False		RECOVERABLE	kept
R060	CATEGORY	ctg_results_bor_2018_2021.txt	NCT03409614	6	Part 1: Best Overall Response (BOR) Per IRC	OG001	Part 1: Cemiplimab+AbbrevChemo+Ipilimumab	1	0	<untitled>	2	Stable Disease (SD)	44	Participants	109	109	109	0	CR=5;PR=35;SD=44;PD=15	99		none	False		RECOVERABLE	kept
R060	CATEGORY	ctg_results_bor_2018_2021.txt	NCT03409614	6	Part 1: Best Overall Response (BOR) Per IRC	OG001	Part 1: Cemiplimab+AbbrevChemo+Ipilimumab	1	0	<untitled>	3	Progressive Disease (PD)	15	Participants	109	109	109	0	CR=5;PR=35;SD=44;PD=15	99		none	False		RECOVERABLE	kept
R060	CATEGORY	ctg_results_bor_2018_2021.txt	NCT03409614	6	Part 1: Best Overall Response (BOR) Per IRC	OG001	Part 1: Cemiplimab+AbbrevChemo+Ipilimumab	1	0	<untitled>	4	Non-CR / Non-PD	0	Participants	109	109	109	0	CR=5;PR=35;SD=44;PD=15	99		none	False		RECOVERABLE	DROPPED_BY_PRODUCER
R060	CATEGORY	ctg_results_bor_2018_2021.txt	NCT03409614	6	Part 1: Best Overall Response (BOR) Per IRC	OG001	Part 1: Cemiplimab+AbbrevChemo+Ipilimumab	1	0	<untitled>	5	Not Evaluable (NE)	10	Participants	109	109	109	0	CR=5;PR=35;SD=44;PD=15	99		none	False		RECOVERABLE	DROPPED_BY_PRODUCER
R061	CLASS	ctg_results_bor_2018_2021.txt	NCT03409614	6	Part 1: Best Overall Response (BOR) Per IRC	OG002	Part 1: Chemotherapy	1	0	<untitled>				Participants	106	106	106	0	CR=2;PR=28;SD=51;PD=8	89	17	none	False	Complete Response (CR)=2; Partial Response (PR)=28; Stable Disease (SD)=51; Progressive Disease (PD)=8; Non-CR / Non-PD=1; Not Evaluable (NE)=16	RECOVERABLE	full category vector of the single contributing class sums exactly to the denoms value
R061	CATEGORY	ctg_results_bor_2018_2021.txt	NCT03409614	6	Part 1: Best Overall Response (BOR) Per IRC	OG002	Part 1: Chemotherapy	1	0	<untitled>	0	Complete Response (CR)	2	Participants	106	106	106	0	CR=2;PR=28;SD=51;PD=8	89		none	False		RECOVERABLE	kept
R061	CATEGORY	ctg_results_bor_2018_2021.txt	NCT03409614	6	Part 1: Best Overall Response (BOR) Per IRC	OG002	Part 1: Chemotherapy	1	0	<untitled>	1	Partial Response (PR)	28	Participants	106	106	106	0	CR=2;PR=28;SD=51;PD=8	89		none	False		RECOVERABLE	kept
R061	CATEGORY	ctg_results_bor_2018_2021.txt	NCT03409614	6	Part 1: Best Overall Response (BOR) Per IRC	OG002	Part 1: Chemotherapy	1	0	<untitled>	2	Stable Disease (SD)	51	Participants	106	106	106	0	CR=2;PR=28;SD=51;PD=8	89		none	False		RECOVERABLE	kept
R061	CATEGORY	ctg_results_bor_2018_2021.txt	NCT03409614	6	Part 1: Best Overall Response (BOR) Per IRC	OG002	Part 1: Chemotherapy	1	0	<untitled>	3	Progressive Disease (PD)	8	Participants	106	106	106	0	CR=2;PR=28;SD=51;PD=8	89		none	False		RECOVERABLE	kept
R061	CATEGORY	ctg_results_bor_2018_2021.txt	NCT03409614	6	Part 1: Best Overall Response (BOR) Per IRC	OG002	Part 1: Chemotherapy	1	0	<untitled>	4	Non-CR / Non-PD	1	Participants	106	106	106	0	CR=2;PR=28;SD=51;PD=8	89		none	False		RECOVERABLE	DROPPED_BY_PRODUCER
R061	CATEGORY	ctg_results_bor_2018_2021.txt	NCT03409614	6	Part 1: Best Overall Response (BOR) Per IRC	OG002	Part 1: Chemotherapy	1	0	<untitled>	5	Not Evaluable (NE)	16	Participants	106	106	106	0	CR=2;PR=28;SD=51;PD=8	89		none	False		RECOVERABLE	DROPPED_BY_PRODUCER
R062	CLASS	ctg_results_bor_2018_2021.txt	NCT03409614	7	Part 2: BOR Per IRC	OG000	Part 2: Cemiplimab + Chemotherapy	1	0	<untitled>				Participants	312	312	312	0	CR=20;PR=116;SD=121;PD=22	279	33	none	False	CR=20; PR=116; SD=121; PD=22; Non-CR/Non-PD=3; NE=30	RECOVERABLE	full category vector of the single contributing class sums exactly to the denoms value
R062	CATEGORY	ctg_results_bor_2018_2021.txt	NCT03409614	7	Part 2: BOR Per IRC	OG000	Part 2: Cemiplimab + Chemotherapy	1	0	<untitled>	0	CR	20	Participants	312	312	312	0	CR=20;PR=116;SD=121;PD=22	279		none	False		RECOVERABLE	kept
R062	CATEGORY	ctg_results_bor_2018_2021.txt	NCT03409614	7	Part 2: BOR Per IRC	OG000	Part 2: Cemiplimab + Chemotherapy	1	0	<untitled>	1	PR	116	Participants	312	312	312	0	CR=20;PR=116;SD=121;PD=22	279		none	False		RECOVERABLE	kept
R062	CATEGORY	ctg_results_bor_2018_2021.txt	NCT03409614	7	Part 2: BOR Per IRC	OG000	Part 2: Cemiplimab + Chemotherapy	1	0	<untitled>	2	SD	121	Participants	312	312	312	0	CR=20;PR=116;SD=121;PD=22	279		none	False		RECOVERABLE	kept
R062	CATEGORY	ctg_results_bor_2018_2021.txt	NCT03409614	7	Part 2: BOR Per IRC	OG000	Part 2: Cemiplimab + Chemotherapy	1	0	<untitled>	3	PD	22	Participants	312	312	312	0	CR=20;PR=116;SD=121;PD=22	279		none	False		RECOVERABLE	kept
R062	CATEGORY	ctg_results_bor_2018_2021.txt	NCT03409614	7	Part 2: BOR Per IRC	OG000	Part 2: Cemiplimab + Chemotherapy	1	0	<untitled>	4	Non-CR/Non-PD	3	Participants	312	312	312	0	CR=20;PR=116;SD=121;PD=22	279		none	False		RECOVERABLE	DROPPED_BY_PRODUCER
R062	CATEGORY	ctg_results_bor_2018_2021.txt	NCT03409614	7	Part 2: BOR Per IRC	OG000	Part 2: Cemiplimab + Chemotherapy	1	0	<untitled>	5	NE	30	Participants	312	312	312	0	CR=20;PR=116;SD=121;PD=22	279		none	False		RECOVERABLE	DROPPED_BY_PRODUCER
R063	CLASS	ctg_results_bor_2018_2021.txt	NCT03409614	7	Part 2: BOR Per IRC	OG001	Part 2: Placebo + Chemotherapy	1	0	<untitled>				Participants	154	154	154	0	CR=0;PR=34;SD=75;PD=24	133	21	none	False	CR=0; PR=34; SD=75; PD=24; Non-CR/Non-PD=1; NE=20	RECOVERABLE	full category vector of the single contributing class sums exactly to the denoms value
R063	CATEGORY	ctg_results_bor_2018_2021.txt	NCT03409614	7	Part 2: BOR Per IRC	OG001	Part 2: Placebo + Chemotherapy	1	0	<untitled>	0	CR	0	Participants	154	154	154	0	CR=0;PR=34;SD=75;PD=24	133		none	False		RECOVERABLE	kept
R063	CATEGORY	ctg_results_bor_2018_2021.txt	NCT03409614	7	Part 2: BOR Per IRC	OG001	Part 2: Placebo + Chemotherapy	1	0	<untitled>	1	PR	34	Participants	154	154	154	0	CR=0;PR=34;SD=75;PD=24	133		none	False		RECOVERABLE	kept
R063	CATEGORY	ctg_results_bor_2018_2021.txt	NCT03409614	7	Part 2: BOR Per IRC	OG001	Part 2: Placebo + Chemotherapy	1	0	<untitled>	2	SD	75	Participants	154	154	154	0	CR=0;PR=34;SD=75;PD=24	133		none	False		RECOVERABLE	kept
R063	CATEGORY	ctg_results_bor_2018_2021.txt	NCT03409614	7	Part 2: BOR Per IRC	OG001	Part 2: Placebo + Chemotherapy	1	0	<untitled>	3	PD	24	Participants	154	154	154	0	CR=0;PR=34;SD=75;PD=24	133		none	False		RECOVERABLE	kept
R063	CATEGORY	ctg_results_bor_2018_2021.txt	NCT03409614	7	Part 2: BOR Per IRC	OG001	Part 2: Placebo + Chemotherapy	1	0	<untitled>	4	Non-CR/Non-PD	1	Participants	154	154	154	0	CR=0;PR=34;SD=75;PD=24	133		none	False		RECOVERABLE	DROPPED_BY_PRODUCER
R063	CATEGORY	ctg_results_bor_2018_2021.txt	NCT03409614	7	Part 2: BOR Per IRC	OG001	Part 2: Placebo + Chemotherapy	1	0	<untitled>	5	NE	20	Participants	154	154	154	0	CR=0;PR=34;SD=75;PD=24	133		none	False		RECOVERABLE	DROPPED_BY_PRODUCER
R064	CLASS	ctg_results_bor_2018_2021.txt	NCT03750786	0	Overall Response Rate	OG000	Group A	1	0	<untitled>				Participants	245	245	245	0	CR=2;PR=116;SD=106;PD=7	231	14	none	False	Complete Response=2; Partial Response=116; Stable Disease=106; Progressive Disease=7; Non-CR/Non-PD=6; No BOR Available=6; Not Evaluable=2	RECOVERABLE	full category vector of the single contributing class sums exactly to the denoms value
R064	CATEGORY	ctg_results_bor_2018_2021.txt	NCT03750786	0	Overall Response Rate	OG000	Group A	1	0	<untitled>	0	Complete Response	2	Participants	245	245	245	0	CR=2;PR=116;SD=106;PD=7	231		none	False		RECOVERABLE	kept
R064	CATEGORY	ctg_results_bor_2018_2021.txt	NCT03750786	0	Overall Response Rate	OG000	Group A	1	0	<untitled>	1	Partial Response	116	Participants	245	245	245	0	CR=2;PR=116;SD=106;PD=7	231		none	False		RECOVERABLE	kept
R064	CATEGORY	ctg_results_bor_2018_2021.txt	NCT03750786	0	Overall Response Rate	OG000	Group A	1	0	<untitled>	2	Stable Disease	106	Participants	245	245	245	0	CR=2;PR=116;SD=106;PD=7	231		none	False		RECOVERABLE	kept
R064	CATEGORY	ctg_results_bor_2018_2021.txt	NCT03750786	0	Overall Response Rate	OG000	Group A	1	0	<untitled>	3	Progressive Disease	7	Participants	245	245	245	0	CR=2;PR=116;SD=106;PD=7	231		none	False		RECOVERABLE	kept
R064	CATEGORY	ctg_results_bor_2018_2021.txt	NCT03750786	0	Overall Response Rate	OG000	Group A	1	0	<untitled>	4	Non-CR/Non-PD	6	Participants	245	245	245	0	CR=2;PR=116;SD=106;PD=7	231		none	False		RECOVERABLE	DROPPED_BY_PRODUCER
R064	CATEGORY	ctg_results_bor_2018_2021.txt	NCT03750786	0	Overall Response Rate	OG000	Group A	1	0	<untitled>	5	No BOR Available	6	Participants	245	245	245	0	CR=2;PR=116;SD=106;PD=7	231		none	False		RECOVERABLE	DROPPED_BY_PRODUCER
R064	CATEGORY	ctg_results_bor_2018_2021.txt	NCT03750786	0	Overall Response Rate	OG000	Group A	1	0	<untitled>	6	Not Evaluable	2	Participants	245	245	245	0	CR=2;PR=116;SD=106;PD=7	231		none	False		RECOVERABLE	DROPPED_BY_PRODUCER
R065	CLASS	ctg_results_bor_2018_2021.txt	NCT03750786	0	Overall Response Rate	OG001	Group B	1	0	<untitled>				Participants	245	245	245	0	CR=5;PR=116;SD=86;PD=11	218	27	none	False	Complete Response=5; Partial Response=116; Stable Disease=86; Progressive Disease=11; Non-CR/Non-PD=3; No BOR Available=18; Not Evaluable=6	RECOVERABLE	full category vector of the single contributing class sums exactly to the denoms value
R065	CATEGORY	ctg_results_bor_2018_2021.txt	NCT03750786	0	Overall Response Rate	OG001	Group B	1	0	<untitled>	0	Complete Response	5	Participants	245	245	245	0	CR=5;PR=116;SD=86;PD=11	218		none	False		RECOVERABLE	kept
R065	CATEGORY	ctg_results_bor_2018_2021.txt	NCT03750786	0	Overall Response Rate	OG001	Group B	1	0	<untitled>	1	Partial Response	116	Participants	245	245	245	0	CR=5;PR=116;SD=86;PD=11	218		none	False		RECOVERABLE	kept
R065	CATEGORY	ctg_results_bor_2018_2021.txt	NCT03750786	0	Overall Response Rate	OG001	Group B	1	0	<untitled>	2	Stable Disease	86	Participants	245	245	245	0	CR=5;PR=116;SD=86;PD=11	218		none	False		RECOVERABLE	kept
R065	CATEGORY	ctg_results_bor_2018_2021.txt	NCT03750786	0	Overall Response Rate	OG001	Group B	1	0	<untitled>	3	Progressive Disease	11	Participants	245	245	245	0	CR=5;PR=116;SD=86;PD=11	218		none	False		RECOVERABLE	kept
R065	CATEGORY	ctg_results_bor_2018_2021.txt	NCT03750786	0	Overall Response Rate	OG001	Group B	1	0	<untitled>	4	Non-CR/Non-PD	3	Participants	245	245	245	0	CR=5;PR=116;SD=86;PD=11	218		none	False		RECOVERABLE	DROPPED_BY_PRODUCER
R065	CATEGORY	ctg_results_bor_2018_2021.txt	NCT03750786	0	Overall Response Rate	OG001	Group B	1	0	<untitled>	5	No BOR Available	18	Participants	245	245	245	0	CR=5;PR=116;SD=86;PD=11	218		none	False		RECOVERABLE	DROPPED_BY_PRODUCER
R065	CATEGORY	ctg_results_bor_2018_2021.txt	NCT03750786	0	Overall Response Rate	OG001	Group B	1	0	<untitled>	6	Not Evaluable	6	Participants	245	245	245	0	CR=5;PR=116;SD=86;PD=11	218		none	False		RECOVERABLE	DROPPED_BY_PRODUCER
R066	CLASS	ctg_results_bor_2018_2021.txt	NCT03854227	5	Part 2: Number of Participants With Best Overall Response (BOR) Based on Investigator Assessment (RECIST, Version 1.1)	OG000	Part 2A: [2L+ Non-small Cell Lung Cancer (NSCLC)] PF-06939999 6mg QD	1	0	<untitled>				Participants	11	11	11	0	CR=0;PR=1;SD=4;PD=4	9	2	none	False	Complete response (CR)=0; Partial response (PR)=1; Stable disease (SD)=4; Non-CR/Non-PD=0; Progressive disease (PD)=4; Not evaluable (NE)=2	RECOVERABLE	full category vector of the single contributing class sums exactly to the denoms value
R066	CATEGORY	ctg_results_bor_2018_2021.txt	NCT03854227	5	Part 2: Number of Participants With Best Overall Response (BOR) Based on Investigator Assessment (RECIST, Version 1.1)	OG000	Part 2A: [2L+ Non-small Cell Lung Cancer (NSCLC)] PF-06939999 6mg QD	1	0	<untitled>	0	Complete response (CR)	0	Participants	11	11	11	0	CR=0;PR=1;SD=4;PD=4	9		none	False		RECOVERABLE	kept
R066	CATEGORY	ctg_results_bor_2018_2021.txt	NCT03854227	5	Part 2: Number of Participants With Best Overall Response (BOR) Based on Investigator Assessment (RECIST, Version 1.1)	OG000	Part 2A: [2L+ Non-small Cell Lung Cancer (NSCLC)] PF-06939999 6mg QD	1	0	<untitled>	1	Partial response (PR)	1	Participants	11	11	11	0	CR=0;PR=1;SD=4;PD=4	9		none	False		RECOVERABLE	kept
R066	CATEGORY	ctg_results_bor_2018_2021.txt	NCT03854227	5	Part 2: Number of Participants With Best Overall Response (BOR) Based on Investigator Assessment (RECIST, Version 1.1)	OG000	Part 2A: [2L+ Non-small Cell Lung Cancer (NSCLC)] PF-06939999 6mg QD	1	0	<untitled>	2	Stable disease (SD)	4	Participants	11	11	11	0	CR=0;PR=1;SD=4;PD=4	9		none	False		RECOVERABLE	kept
R066	CATEGORY	ctg_results_bor_2018_2021.txt	NCT03854227	5	Part 2: Number of Participants With Best Overall Response (BOR) Based on Investigator Assessment (RECIST, Version 1.1)	OG000	Part 2A: [2L+ Non-small Cell Lung Cancer (NSCLC)] PF-06939999 6mg QD	1	0	<untitled>	3	Non-CR/Non-PD	0	Participants	11	11	11	0	CR=0;PR=1;SD=4;PD=4	9		none	False		RECOVERABLE	DROPPED_BY_PRODUCER
R066	CATEGORY	ctg_results_bor_2018_2021.txt	NCT03854227	5	Part 2: Number of Participants With Best Overall Response (BOR) Based on Investigator Assessment (RECIST, Version 1.1)	OG000	Part 2A: [2L+ Non-small Cell Lung Cancer (NSCLC)] PF-06939999 6mg QD	1	0	<untitled>	4	Progressive disease (PD)	4	Participants	11	11	11	0	CR=0;PR=1;SD=4;PD=4	9		none	False		RECOVERABLE	kept
R066	CATEGORY	ctg_results_bor_2018_2021.txt	NCT03854227	5	Part 2: Number of Participants With Best Overall Response (BOR) Based on Investigator Assessment (RECIST, Version 1.1)	OG000	Part 2A: [2L+ Non-small Cell Lung Cancer (NSCLC)] PF-06939999 6mg QD	1	0	<untitled>	5	Not evaluable (NE)	2	Participants	11	11	11	0	CR=0;PR=1;SD=4;PD=4	9		none	False		RECOVERABLE	DROPPED_BY_PRODUCER
R067	CLASS	ctg_results_bor_2018_2021.txt	NCT04208958	3	Best Overall Response	OG000	VE800 combination treatment with nivolumab	3	0	CRC				Participants	54	14	54	0	CR=0;PR=1;SD=2;PD=16	19	1	cross_class	True	CR=0; NE=0; Unknown=4; PR=1; SD=14; PD=35	RECOVERABLE_PER_CLASS (aggregate also exact)	class content OVERWRITTEN/LOST by producer
R067	CATEGORY	ctg_results_bor_2018_2021.txt	NCT04208958	3	Best Overall Response	OG000	VE800 combination treatment with nivolumab	3	0	CRC	0	CR	0	Participants	54	14	54	0	CR=0;PR=1;SD=2;PD=16	19		cross_class	True		RECOVERABLE_PER_CLASS (aggregate also exact)	kept
R067	CATEGORY	ctg_results_bor_2018_2021.txt	NCT04208958	3	Best Overall Response	OG000	VE800 combination treatment with nivolumab	3	0	CRC	1	NE	0	Participants	54	14	54	0	CR=0;PR=1;SD=2;PD=16	19		cross_class	True		RECOVERABLE_PER_CLASS (aggregate also exact)	DROPPED_BY_PRODUCER
R067	CATEGORY	ctg_results_bor_2018_2021.txt	NCT04208958	3	Best Overall Response	OG000	VE800 combination treatment with nivolumab	3	0	CRC	2	Unknown	1	Participants	54	14	54	0	CR=0;PR=1;SD=2;PD=16	19		cross_class	True		RECOVERABLE_PER_CLASS (aggregate also exact)	DROPPED_BY_PRODUCER
R067	CATEGORY	ctg_results_bor_2018_2021.txt	NCT04208958	3	Best Overall Response	OG000	VE800 combination treatment with nivolumab	3	0	CRC	3	PR	0	Participants	54	14	54	0	CR=0;PR=1;SD=2;PD=16	19		cross_class	True		RECOVERABLE_PER_CLASS (aggregate also exact)	kept
R067	CATEGORY	ctg_results_bor_2018_2021.txt	NCT04208958	3	Best Overall Response	OG000	VE800 combination treatment with nivolumab	3	0	CRC	4	SD	3	Participants	54	14	54	0	CR=0;PR=1;SD=2;PD=16	19		cross_class	True		RECOVERABLE_PER_CLASS (aggregate also exact)	kept
R067	CATEGORY	ctg_results_bor_2018_2021.txt	NCT04208958	3	Best Overall Response	OG000	VE800 combination treatment with nivolumab	3	0	CRC	5	PD	10	Participants	54	14	54	0	CR=0;PR=1;SD=2;PD=16	19		cross_class	True		RECOVERABLE_PER_CLASS (aggregate also exact)	kept
R067	CLASS	ctg_results_bor_2018_2021.txt	NCT04208958	3	Best Overall Response	OG000	VE800 combination treatment with nivolumab	3	1	Melanoma				Participants	54	20	54	0	CR=0;PR=1;SD=2;PD=16	19	2	cross_class	True		RECOVERABLE_PER_CLASS (aggregate also exact)	class content OVERWRITTEN/LOST by producer
R067	CATEGORY	ctg_results_bor_2018_2021.txt	NCT04208958	3	Best Overall Response	OG000	VE800 combination treatment with nivolumab	3	1	Melanoma	0	CR	0	Participants	54	20	54	0	CR=0;PR=1;SD=2;PD=16	19		cross_class	True		RECOVERABLE_PER_CLASS (aggregate also exact)	kept
R067	CATEGORY	ctg_results_bor_2018_2021.txt	NCT04208958	3	Best Overall Response	OG000	VE800 combination treatment with nivolumab	3	1	Melanoma	1	Unknown	2	Participants	54	20	54	0	CR=0;PR=1;SD=2;PD=16	19		cross_class	True		RECOVERABLE_PER_CLASS (aggregate also exact)	DROPPED_BY_PRODUCER
R067	CATEGORY	ctg_results_bor_2018_2021.txt	NCT04208958	3	Best Overall Response	OG000	VE800 combination treatment with nivolumab	3	1	Melanoma	2	PR	0	Participants	54	20	54	0	CR=0;PR=1;SD=2;PD=16	19		cross_class	True		RECOVERABLE_PER_CLASS (aggregate also exact)	kept
R067	CATEGORY	ctg_results_bor_2018_2021.txt	NCT04208958	3	Best Overall Response	OG000	VE800 combination treatment with nivolumab	3	1	Melanoma	3	NE	0	Participants	54	20	54	0	CR=0;PR=1;SD=2;PD=16	19		cross_class	True		RECOVERABLE_PER_CLASS (aggregate also exact)	DROPPED_BY_PRODUCER
R067	CATEGORY	ctg_results_bor_2018_2021.txt	NCT04208958	3	Best Overall Response	OG000	VE800 combination treatment with nivolumab	3	1	Melanoma	4	SD	9	Participants	54	20	54	0	CR=0;PR=1;SD=2;PD=16	19		cross_class	True		RECOVERABLE_PER_CLASS (aggregate also exact)	kept
R067	CATEGORY	ctg_results_bor_2018_2021.txt	NCT04208958	3	Best Overall Response	OG000	VE800 combination treatment with nivolumab	3	1	Melanoma	5	PD	9	Participants	54	20	54	0	CR=0;PR=1;SD=2;PD=16	19		cross_class	True		RECOVERABLE_PER_CLASS (aggregate also exact)	kept
R067	CLASS	ctg_results_bor_2018_2021.txt	NCT04208958	3	Best Overall Response	OG000	VE800 combination treatment with nivolumab	3	2	Gastric				Participants	54	20	54	0	CR=0;PR=1;SD=2;PD=16	19	1	cross_class	True		RECOVERABLE_PER_CLASS (aggregate also exact)	class kept by producer (last-wins)
R067	CATEGORY	ctg_results_bor_2018_2021.txt	NCT04208958	3	Best Overall Response	OG000	VE800 combination treatment with nivolumab	3	2	Gastric	0	CR	0	Participants	54	20	54	0	CR=0;PR=1;SD=2;PD=16	19		cross_class	True		RECOVERABLE_PER_CLASS (aggregate also exact)	kept
R067	CATEGORY	ctg_results_bor_2018_2021.txt	NCT04208958	3	Best Overall Response	OG000	VE800 combination treatment with nivolumab	3	2	Gastric	1	NE	0	Participants	54	20	54	0	CR=0;PR=1;SD=2;PD=16	19		cross_class	True		RECOVERABLE_PER_CLASS (aggregate also exact)	DROPPED_BY_PRODUCER
R067	CATEGORY	ctg_results_bor_2018_2021.txt	NCT04208958	3	Best Overall Response	OG000	VE800 combination treatment with nivolumab	3	2	Gastric	2	Unknown	1	Participants	54	20	54	0	CR=0;PR=1;SD=2;PD=16	19		cross_class	True		RECOVERABLE_PER_CLASS (aggregate also exact)	DROPPED_BY_PRODUCER
R067	CATEGORY	ctg_results_bor_2018_2021.txt	NCT04208958	3	Best Overall Response	OG000	VE800 combination treatment with nivolumab	3	2	Gastric	3	SD	2	Participants	54	20	54	0	CR=0;PR=1;SD=2;PD=16	19		cross_class	True		RECOVERABLE_PER_CLASS (aggregate also exact)	kept
R067	CATEGORY	ctg_results_bor_2018_2021.txt	NCT04208958	3	Best Overall Response	OG000	VE800 combination treatment with nivolumab	3	2	Gastric	4	PD	16	Participants	54	20	54	0	CR=0;PR=1;SD=2;PD=16	19		cross_class	True		RECOVERABLE_PER_CLASS (aggregate also exact)	kept
R067	CATEGORY	ctg_results_bor_2018_2021.txt	NCT04208958	3	Best Overall Response	OG000	VE800 combination treatment with nivolumab	3	2	Gastric	5	PR	1	Participants	54	20	54	0	CR=0;PR=1;SD=2;PD=16	19		cross_class	True		RECOVERABLE_PER_CLASS (aggregate also exact)	kept
R068	CLASS	ctg_results_bor_2018_2021.txt	NCT04634825	7	Best Overall Response (BOR)	OG000	Retifanlimab Cohort	1	0	<untitled>				Participants	48	48	48	0	CR=0;PR=3;SD=20;PD=15	38	10	none	False	Complete Response=0; Partial Response=3; Stable Disease=20; Progressive Disease=15; Not Evaluable=10	RECOVERABLE	full category vector of the single contributing class sums exactly to the denoms value
R068	CATEGORY	ctg_results_bor_2018_2021.txt	NCT04634825	7	Best Overall Response (BOR)	OG000	Retifanlimab Cohort	1	0	<untitled>	0	Complete Response	0	Participants	48	48	48	0	CR=0;PR=3;SD=20;PD=15	38		none	False		RECOVERABLE	kept
R068	CATEGORY	ctg_results_bor_2018_2021.txt	NCT04634825	7	Best Overall Response (BOR)	OG000	Retifanlimab Cohort	1	0	<untitled>	1	Partial Response	3	Participants	48	48	48	0	CR=0;PR=3;SD=20;PD=15	38		none	False		RECOVERABLE	kept
R068	CATEGORY	ctg_results_bor_2018_2021.txt	NCT04634825	7	Best Overall Response (BOR)	OG000	Retifanlimab Cohort	1	0	<untitled>	2	Stable Disease	20	Participants	48	48	48	0	CR=0;PR=3;SD=20;PD=15	38		none	False		RECOVERABLE	kept
R068	CATEGORY	ctg_results_bor_2018_2021.txt	NCT04634825	7	Best Overall Response (BOR)	OG000	Retifanlimab Cohort	1	0	<untitled>	3	Progressive Disease	15	Participants	48	48	48	0	CR=0;PR=3;SD=20;PD=15	38		none	False		RECOVERABLE	kept
R068	CATEGORY	ctg_results_bor_2018_2021.txt	NCT04634825	7	Best Overall Response (BOR)	OG000	Retifanlimab Cohort	1	0	<untitled>	4	Not Evaluable	10	Participants	48	48	48	0	CR=0;PR=3;SD=20;PD=15	38		none	False		RECOVERABLE	DROPPED_BY_PRODUCER
R069	CLASS	ctg_results_bor_2018_2021.txt	NCT04634825	7	Best Overall Response (BOR)	OG001	Tebotelimab Cohort	1	0	<untitled>				Participants	14	14	14	0	CR=0;PR=2;SD=5;PD=2	9	5	none	False	Complete Response=0; Partial Response=2; Stable Disease=5; Progressive Disease=2; Not Evaluable=5	RECOVERABLE	full category vector of the single contributing class sums exactly to the denoms value
R069	CATEGORY	ctg_results_bor_2018_2021.txt	NCT04634825	7	Best Overall Response (BOR)	OG001	Tebotelimab Cohort	1	0	<untitled>	0	Complete Response	0	Participants	14	14	14	0	CR=0;PR=2;SD=5;PD=2	9		none	False		RECOVERABLE	kept
R069	CATEGORY	ctg_results_bor_2018_2021.txt	NCT04634825	7	Best Overall Response (BOR)	OG001	Tebotelimab Cohort	1	0	<untitled>	1	Partial Response	2	Participants	14	14	14	0	CR=0;PR=2;SD=5;PD=2	9		none	False		RECOVERABLE	kept
R069	CATEGORY	ctg_results_bor_2018_2021.txt	NCT04634825	7	Best Overall Response (BOR)	OG001	Tebotelimab Cohort	1	0	<untitled>	2	Stable Disease	5	Participants	14	14	14	0	CR=0;PR=2;SD=5;PD=2	9		none	False		RECOVERABLE	kept
R069	CATEGORY	ctg_results_bor_2018_2021.txt	NCT04634825	7	Best Overall Response (BOR)	OG001	Tebotelimab Cohort	1	0	<untitled>	3	Progressive Disease	2	Participants	14	14	14	0	CR=0;PR=2;SD=5;PD=2	9		none	False		RECOVERABLE	kept
R069	CATEGORY	ctg_results_bor_2018_2021.txt	NCT04634825	7	Best Overall Response (BOR)	OG001	Tebotelimab Cohort	1	0	<untitled>	4	Not Evaluable	5	Participants	14	14	14	0	CR=0;PR=2;SD=5;PD=2	9		none	False		RECOVERABLE	DROPPED_BY_PRODUCER
R070	CLASS	ctg_results_bor_2018_2021.txt	NCT04649060	3	Best Response	OG000	Arm A (Melflufen+Dexamethasone+Daratumumab)	1	0	<untitled>				Participants	27	27	27	0	CR=1;PR=11;SD=3;PD=1	16	11	none	False	Complete Response (CR)=1; Very Good Partial Response (VGPR)=4; Partial Response (PR)=11; Minimal Response (MR)=3; Stable Disease (SD)=3; Progressive Disease (PD)=1; Not Evaluable (NE)=4	RECOVERABLE	full category vector of the single contributing class sums exactly to the denoms value
R070	CATEGORY	ctg_results_bor_2018_2021.txt	NCT04649060	3	Best Response	OG000	Arm A (Melflufen+Dexamethasone+Daratumumab)	1	0	<untitled>	0	Complete Response (CR)	1	Participants	27	27	27	0	CR=1;PR=11;SD=3;PD=1	16		none	False		RECOVERABLE	kept
R070	CATEGORY	ctg_results_bor_2018_2021.txt	NCT04649060	3	Best Response	OG000	Arm A (Melflufen+Dexamethasone+Daratumumab)	1	0	<untitled>	1	Very Good Partial Response (VGPR)	4	Participants	27	27	27	0	CR=1;PR=11;SD=3;PD=1	16		none	False		RECOVERABLE	DROPPED_BY_PRODUCER
R070	CATEGORY	ctg_results_bor_2018_2021.txt	NCT04649060	3	Best Response	OG000	Arm A (Melflufen+Dexamethasone+Daratumumab)	1	0	<untitled>	2	Partial Response (PR)	11	Participants	27	27	27	0	CR=1;PR=11;SD=3;PD=1	16		none	False		RECOVERABLE	kept
R070	CATEGORY	ctg_results_bor_2018_2021.txt	NCT04649060	3	Best Response	OG000	Arm A (Melflufen+Dexamethasone+Daratumumab)	1	0	<untitled>	3	Minimal Response (MR)	3	Participants	27	27	27	0	CR=1;PR=11;SD=3;PD=1	16		none	False		RECOVERABLE	DROPPED_BY_PRODUCER
R070	CATEGORY	ctg_results_bor_2018_2021.txt	NCT04649060	3	Best Response	OG000	Arm A (Melflufen+Dexamethasone+Daratumumab)	1	0	<untitled>	4	Stable Disease (SD)	3	Participants	27	27	27	0	CR=1;PR=11;SD=3;PD=1	16		none	False		RECOVERABLE	kept
R070	CATEGORY	ctg_results_bor_2018_2021.txt	NCT04649060	3	Best Response	OG000	Arm A (Melflufen+Dexamethasone+Daratumumab)	1	0	<untitled>	5	Progressive Disease (PD)	1	Participants	27	27	27	0	CR=1;PR=11;SD=3;PD=1	16		none	False		RECOVERABLE	kept
R070	CATEGORY	ctg_results_bor_2018_2021.txt	NCT04649060	3	Best Response	OG000	Arm A (Melflufen+Dexamethasone+Daratumumab)	1	0	<untitled>	6	Not Evaluable (NE)	4	Participants	27	27	27	0	CR=1;PR=11;SD=3;PD=1	16		none	False		RECOVERABLE	DROPPED_BY_PRODUCER
R071	CLASS	ctg_results_bor_2018_2021.txt	NCT04649060	3	Best Response	OG001	Arm B (Daratumumab)	1	0	<untitled>				Participants	27	27	27	0	CR=0;PR=5;SD=5;PD=5	15	12	none	False	Complete Response (CR)=0; Very Good Partial Response (VGPR)=3; Partial Response (PR)=5; Minimal Response (MR)=5; Stable Disease (SD)=5; Progressive Disease (PD)=5; Not Evaluable (NE)=4	RECOVERABLE	full category vector of the single contributing class sums exactly to the denoms value
R071	CATEGORY	ctg_results_bor_2018_2021.txt	NCT04649060	3	Best Response	OG001	Arm B (Daratumumab)	1	0	<untitled>	0	Complete Response (CR)	0	Participants	27	27	27	0	CR=0;PR=5;SD=5;PD=5	15		none	False		RECOVERABLE	kept
R071	CATEGORY	ctg_results_bor_2018_2021.txt	NCT04649060	3	Best Response	OG001	Arm B (Daratumumab)	1	0	<untitled>	1	Very Good Partial Response (VGPR)	3	Participants	27	27	27	0	CR=0;PR=5;SD=5;PD=5	15		none	False		RECOVERABLE	DROPPED_BY_PRODUCER
R071	CATEGORY	ctg_results_bor_2018_2021.txt	NCT04649060	3	Best Response	OG001	Arm B (Daratumumab)	1	0	<untitled>	2	Partial Response (PR)	5	Participants	27	27	27	0	CR=0;PR=5;SD=5;PD=5	15		none	False		RECOVERABLE	kept
R071	CATEGORY	ctg_results_bor_2018_2021.txt	NCT04649060	3	Best Response	OG001	Arm B (Daratumumab)	1	0	<untitled>	3	Minimal Response (MR)	5	Participants	27	27	27	0	CR=0;PR=5;SD=5;PD=5	15		none	False		RECOVERABLE	DROPPED_BY_PRODUCER
R071	CATEGORY	ctg_results_bor_2018_2021.txt	NCT04649060	3	Best Response	OG001	Arm B (Daratumumab)	1	0	<untitled>	4	Stable Disease (SD)	5	Participants	27	27	27	0	CR=0;PR=5;SD=5;PD=5	15		none	False		RECOVERABLE	kept
R071	CATEGORY	ctg_results_bor_2018_2021.txt	NCT04649060	3	Best Response	OG001	Arm B (Daratumumab)	1	0	<untitled>	5	Progressive Disease (PD)	5	Participants	27	27	27	0	CR=0;PR=5;SD=5;PD=5	15		none	False		RECOVERABLE	kept
R071	CATEGORY	ctg_results_bor_2018_2021.txt	NCT04649060	3	Best Response	OG001	Arm B (Daratumumab)	1	0	<untitled>	6	Not Evaluable (NE)	4	Participants	27	27	27	0	CR=0;PR=5;SD=5;PD=5	15		none	False		RECOVERABLE	DROPPED_BY_PRODUCER
R072	CLASS	ctg_results_bor_2018_2021.txt	NCT04068181	3	BOR Per Modified RECIST v1.1	OG000	Cohort 1 - Locally Recurrent/Metastatic - Primary Resistance	1	0	<untitled>				Participants	26	26	26	0	CR=0;PR=1;SD=7;PD=11	19	7	none	False	CR=0; PR=1; SD=7; PD=11; UE=0; Non-CR/Non-PD=1; Not Done=6	RECOVERABLE	full category vector of the single contributing class sums exactly to the denoms value
R072	CATEGORY	ctg_results_bor_2018_2021.txt	NCT04068181	3	BOR Per Modified RECIST v1.1	OG000	Cohort 1 - Locally Recurrent/Metastatic - Primary Resistance	1	0	<untitled>	0	CR	0	Participants	26	26	26	0	CR=0;PR=1;SD=7;PD=11	19		none	False		RECOVERABLE	kept
R072	CATEGORY	ctg_results_bor_2018_2021.txt	NCT04068181	3	BOR Per Modified RECIST v1.1	OG000	Cohort 1 - Locally Recurrent/Metastatic - Primary Resistance	1	0	<untitled>	1	PR	1	Participants	26	26	26	0	CR=0;PR=1;SD=7;PD=11	19		none	False		RECOVERABLE	kept
R072	CATEGORY	ctg_results_bor_2018_2021.txt	NCT04068181	3	BOR Per Modified RECIST v1.1	OG000	Cohort 1 - Locally Recurrent/Metastatic - Primary Resistance	1	0	<untitled>	2	SD	7	Participants	26	26	26	0	CR=0;PR=1;SD=7;PD=11	19		none	False		RECOVERABLE	kept
R072	CATEGORY	ctg_results_bor_2018_2021.txt	NCT04068181	3	BOR Per Modified RECIST v1.1	OG000	Cohort 1 - Locally Recurrent/Metastatic - Primary Resistance	1	0	<untitled>	3	PD	11	Participants	26	26	26	0	CR=0;PR=1;SD=7;PD=11	19		none	False		RECOVERABLE	kept
R072	CATEGORY	ctg_results_bor_2018_2021.txt	NCT04068181	3	BOR Per Modified RECIST v1.1	OG000	Cohort 1 - Locally Recurrent/Metastatic - Primary Resistance	1	0	<untitled>	4	UE	0	Participants	26	26	26	0	CR=0;PR=1;SD=7;PD=11	19		none	False		RECOVERABLE	DROPPED_BY_PRODUCER
R072	CATEGORY	ctg_results_bor_2018_2021.txt	NCT04068181	3	BOR Per Modified RECIST v1.1	OG000	Cohort 1 - Locally Recurrent/Metastatic - Primary Resistance	1	0	<untitled>	5	Non-CR/Non-PD	1	Participants	26	26	26	0	CR=0;PR=1;SD=7;PD=11	19		none	False		RECOVERABLE	DROPPED_BY_PRODUCER
R072	CATEGORY	ctg_results_bor_2018_2021.txt	NCT04068181	3	BOR Per Modified RECIST v1.1	OG000	Cohort 1 - Locally Recurrent/Metastatic - Primary Resistance	1	0	<untitled>	6	Not Done	6	Participants	26	26	26	0	CR=0;PR=1;SD=7;PD=11	19		none	False		RECOVERABLE	DROPPED_BY_PRODUCER
R073	CLASS	ctg_results_bor_2018_2021.txt	NCT04068181	3	BOR Per Modified RECIST v1.1	OG001	Cohort 2 - Locally Recurrent/Metastatic - Acquired Resistance	1	0	<untitled>				Participants	15	15	15	0	CR=0;PR=1;SD=4;PD=5	10	5	none	False	CR=0; PR=1; SD=4; PD=5; UE=1; Non-CR/Non-PD=0; Not Done=4	RECOVERABLE	full category vector of the single contributing class sums exactly to the denoms value
R073	CATEGORY	ctg_results_bor_2018_2021.txt	NCT04068181	3	BOR Per Modified RECIST v1.1	OG001	Cohort 2 - Locally Recurrent/Metastatic - Acquired Resistance	1	0	<untitled>	0	CR	0	Participants	15	15	15	0	CR=0;PR=1;SD=4;PD=5	10		none	False		RECOVERABLE	kept
R073	CATEGORY	ctg_results_bor_2018_2021.txt	NCT04068181	3	BOR Per Modified RECIST v1.1	OG001	Cohort 2 - Locally Recurrent/Metastatic - Acquired Resistance	1	0	<untitled>	1	PR	1	Participants	15	15	15	0	CR=0;PR=1;SD=4;PD=5	10		none	False		RECOVERABLE	kept
R073	CATEGORY	ctg_results_bor_2018_2021.txt	NCT04068181	3	BOR Per Modified RECIST v1.1	OG001	Cohort 2 - Locally Recurrent/Metastatic - Acquired Resistance	1	0	<untitled>	2	SD	4	Participants	15	15	15	0	CR=0;PR=1;SD=4;PD=5	10		none	False		RECOVERABLE	kept
R073	CATEGORY	ctg_results_bor_2018_2021.txt	NCT04068181	3	BOR Per Modified RECIST v1.1	OG001	Cohort 2 - Locally Recurrent/Metastatic - Acquired Resistance	1	0	<untitled>	3	PD	5	Participants	15	15	15	0	CR=0;PR=1;SD=4;PD=5	10		none	False		RECOVERABLE	kept
R073	CATEGORY	ctg_results_bor_2018_2021.txt	NCT04068181	3	BOR Per Modified RECIST v1.1	OG001	Cohort 2 - Locally Recurrent/Metastatic - Acquired Resistance	1	0	<untitled>	4	UE	1	Participants	15	15	15	0	CR=0;PR=1;SD=4;PD=5	10		none	False		RECOVERABLE	DROPPED_BY_PRODUCER
R073	CATEGORY	ctg_results_bor_2018_2021.txt	NCT04068181	3	BOR Per Modified RECIST v1.1	OG001	Cohort 2 - Locally Recurrent/Metastatic - Acquired Resistance	1	0	<untitled>	5	Non-CR/Non-PD	0	Participants	15	15	15	0	CR=0;PR=1;SD=4;PD=5	10		none	False		RECOVERABLE	DROPPED_BY_PRODUCER
R073	CATEGORY	ctg_results_bor_2018_2021.txt	NCT04068181	3	BOR Per Modified RECIST v1.1	OG001	Cohort 2 - Locally Recurrent/Metastatic - Acquired Resistance	1	0	<untitled>	6	Not Done	4	Participants	15	15	15	0	CR=0;PR=1;SD=4;PD=5	10		none	False		RECOVERABLE	DROPPED_BY_PRODUCER
R074	CLASS	ctg_results_bor_2018_2021.txt	NCT04068181	3	BOR Per Modified RECIST v1.1	OG003	Cohort 4 - Adjuvant Setting - Disease Free Interval ≥ 6 Months	1	0	<untitled>				Participants	15	15	15	0	CR=3;PR=4;SD=6;PD=1	14	1	none	False	CR=3; PR=4; SD=6; PD=1; UE=0; Non-CR/Non-PD=0; Not Done=1	RECOVERABLE	full category vector of the single contributing class sums exactly to the denoms value
R074	CATEGORY	ctg_results_bor_2018_2021.txt	NCT04068181	3	BOR Per Modified RECIST v1.1	OG003	Cohort 4 - Adjuvant Setting - Disease Free Interval ≥ 6 Months	1	0	<untitled>	0	CR	3	Participants	15	15	15	0	CR=3;PR=4;SD=6;PD=1	14		none	False		RECOVERABLE	kept
R074	CATEGORY	ctg_results_bor_2018_2021.txt	NCT04068181	3	BOR Per Modified RECIST v1.1	OG003	Cohort 4 - Adjuvant Setting - Disease Free Interval ≥ 6 Months	1	0	<untitled>	1	PR	4	Participants	15	15	15	0	CR=3;PR=4;SD=6;PD=1	14		none	False		RECOVERABLE	kept
R074	CATEGORY	ctg_results_bor_2018_2021.txt	NCT04068181	3	BOR Per Modified RECIST v1.1	OG003	Cohort 4 - Adjuvant Setting - Disease Free Interval ≥ 6 Months	1	0	<untitled>	2	SD	6	Participants	15	15	15	0	CR=3;PR=4;SD=6;PD=1	14		none	False		RECOVERABLE	kept
R074	CATEGORY	ctg_results_bor_2018_2021.txt	NCT04068181	3	BOR Per Modified RECIST v1.1	OG003	Cohort 4 - Adjuvant Setting - Disease Free Interval ≥ 6 Months	1	0	<untitled>	3	PD	1	Participants	15	15	15	0	CR=3;PR=4;SD=6;PD=1	14		none	False		RECOVERABLE	kept
R074	CATEGORY	ctg_results_bor_2018_2021.txt	NCT04068181	3	BOR Per Modified RECIST v1.1	OG003	Cohort 4 - Adjuvant Setting - Disease Free Interval ≥ 6 Months	1	0	<untitled>	4	UE	0	Participants	15	15	15	0	CR=3;PR=4;SD=6;PD=1	14		none	False		RECOVERABLE	DROPPED_BY_PRODUCER
R074	CATEGORY	ctg_results_bor_2018_2021.txt	NCT04068181	3	BOR Per Modified RECIST v1.1	OG003	Cohort 4 - Adjuvant Setting - Disease Free Interval ≥ 6 Months	1	0	<untitled>	5	Non-CR/Non-PD	0	Participants	15	15	15	0	CR=3;PR=4;SD=6;PD=1	14		none	False		RECOVERABLE	DROPPED_BY_PRODUCER
R074	CATEGORY	ctg_results_bor_2018_2021.txt	NCT04068181	3	BOR Per Modified RECIST v1.1	OG003	Cohort 4 - Adjuvant Setting - Disease Free Interval ≥ 6 Months	1	0	<untitled>	6	Not Done	1	Participants	15	15	15	0	CR=3;PR=4;SD=6;PD=1	14		none	False		RECOVERABLE	DROPPED_BY_PRODUCER
R075	CLASS	ctg_results_bor_2018_2021.txt	NCT03671564	7	Number of Participants With Best Response Following Administration of Milademetan in Participants With Relapsed or Refractory Acute Myeloid Leukemia	OG000	Milademetan (90 mg/Day)	1	0	<untitled>				Participants	4	4	4	0	CR=0;PR=0;SD=1;PD=1	2	2	within_class	False	Complete remission (CR)=0; CR with partial hematological recovery (CRh)=0; CR with incomplete hematological recovery (CRi)=0; Partial remission (PR)=0; Morphologic leukemia-free state (MLFS)=0; Stable disease (SD)=1; Progressive disease (PD)=1; Not applicable (NA)=2; Not Evaluable (NE)=0	RECOVERABLE	full category vector of the single contributing class sums exactly to the denoms value
R075	CATEGORY	ctg_results_bor_2018_2021.txt	NCT03671564	7	Number of Participants With Best Response Following Administration of Milademetan in Participants With Relapsed or Refractory Acute Myeloid Leukemia	OG000	Milademetan (90 mg/Day)	1	0	<untitled>	0	Complete remission (CR)	0	Participants	4	4	4	0	CR=0;PR=0;SD=1;PD=1	2		within_class	False		RECOVERABLE	kept
R075	CATEGORY	ctg_results_bor_2018_2021.txt	NCT03671564	7	Number of Participants With Best Response Following Administration of Milademetan in Participants With Relapsed or Refractory Acute Myeloid Leukemia	OG000	Milademetan (90 mg/Day)	1	0	<untitled>	1	CR with partial hematological recovery (CRh)	0	Participants	4	4	4	0	CR=0;PR=0;SD=1;PD=1	2		within_class	False		RECOVERABLE	kept
R075	CATEGORY	ctg_results_bor_2018_2021.txt	NCT03671564	7	Number of Participants With Best Response Following Administration of Milademetan in Participants With Relapsed or Refractory Acute Myeloid Leukemia	OG000	Milademetan (90 mg/Day)	1	0	<untitled>	2	CR with incomplete hematological recovery (CRi)	0	Participants	4	4	4	0	CR=0;PR=0;SD=1;PD=1	2		within_class	False		RECOVERABLE	kept
R075	CATEGORY	ctg_results_bor_2018_2021.txt	NCT03671564	7	Number of Participants With Best Response Following Administration of Milademetan in Participants With Relapsed or Refractory Acute Myeloid Leukemia	OG000	Milademetan (90 mg/Day)	1	0	<untitled>	3	Partial remission (PR)	0	Participants	4	4	4	0	CR=0;PR=0;SD=1;PD=1	2		within_class	False		RECOVERABLE	kept
R075	CATEGORY	ctg_results_bor_2018_2021.txt	NCT03671564	7	Number of Participants With Best Response Following Administration of Milademetan in Participants With Relapsed or Refractory Acute Myeloid Leukemia	OG000	Milademetan (90 mg/Day)	1	0	<untitled>	4	Morphologic leukemia-free state (MLFS)	0	Participants	4	4	4	0	CR=0;PR=0;SD=1;PD=1	2		within_class	False		RECOVERABLE	DROPPED_BY_PRODUCER
R075	CATEGORY	ctg_results_bor_2018_2021.txt	NCT03671564	7	Number of Participants With Best Response Following Administration of Milademetan in Participants With Relapsed or Refractory Acute Myeloid Leukemia	OG000	Milademetan (90 mg/Day)	1	0	<untitled>	5	Stable disease (SD)	1	Participants	4	4	4	0	CR=0;PR=0;SD=1;PD=1	2		within_class	False		RECOVERABLE	kept
R075	CATEGORY	ctg_results_bor_2018_2021.txt	NCT03671564	7	Number of Participants With Best Response Following Administration of Milademetan in Participants With Relapsed or Refractory Acute Myeloid Leukemia	OG000	Milademetan (90 mg/Day)	1	0	<untitled>	6	Progressive disease (PD)	1	Participants	4	4	4	0	CR=0;PR=0;SD=1;PD=1	2		within_class	False		RECOVERABLE	kept
R075	CATEGORY	ctg_results_bor_2018_2021.txt	NCT03671564	7	Number of Participants With Best Response Following Administration of Milademetan in Participants With Relapsed or Refractory Acute Myeloid Leukemia	OG000	Milademetan (90 mg/Day)	1	0	<untitled>	7	Not applicable (NA)	2	Participants	4	4	4	0	CR=0;PR=0;SD=1;PD=1	2		within_class	False		RECOVERABLE	DROPPED_BY_PRODUCER
R075	CATEGORY	ctg_results_bor_2018_2021.txt	NCT03671564	7	Number of Participants With Best Response Following Administration of Milademetan in Participants With Relapsed or Refractory Acute Myeloid Leukemia	OG000	Milademetan (90 mg/Day)	1	0	<untitled>	8	Not Evaluable (NE)	0	Participants	4	4	4	0	CR=0;PR=0;SD=1;PD=1	2		within_class	False		RECOVERABLE	DROPPED_BY_PRODUCER
R076	CLASS	ctg_results_bor_2018_2021.txt	NCT03671564	7	Number of Participants With Best Response Following Administration of Milademetan in Participants With Relapsed or Refractory Acute Myeloid Leukemia	OG001	Milademetan (120 mg/Day)	1	0	<untitled>				Participants	5	5	5	0	CR=0;PR=0;SD=0;PD=1	1	4	within_class	False	Complete remission (CR)=0; CR with partial hematological recovery (CRh)=0; CR with incomplete hematological recovery (CRi)=0; Partial remission (PR)=0; Morphologic leukemia-free state (MLFS)=1; Stable disease (SD)=0; Progressive disease (PD)=1; Not applicable (NA)=3; Not Evaluable (NE)=0	RECOVERABLE	full category vector of the single contributing class sums exactly to the denoms value
R076	CATEGORY	ctg_results_bor_2018_2021.txt	NCT03671564	7	Number of Participants With Best Response Following Administration of Milademetan in Participants With Relapsed or Refractory Acute Myeloid Leukemia	OG001	Milademetan (120 mg/Day)	1	0	<untitled>	0	Complete remission (CR)	0	Participants	5	5	5	0	CR=0;PR=0;SD=0;PD=1	1		within_class	False		RECOVERABLE	kept
R076	CATEGORY	ctg_results_bor_2018_2021.txt	NCT03671564	7	Number of Participants With Best Response Following Administration of Milademetan in Participants With Relapsed or Refractory Acute Myeloid Leukemia	OG001	Milademetan (120 mg/Day)	1	0	<untitled>	1	CR with partial hematological recovery (CRh)	0	Participants	5	5	5	0	CR=0;PR=0;SD=0;PD=1	1		within_class	False		RECOVERABLE	kept
R076	CATEGORY	ctg_results_bor_2018_2021.txt	NCT03671564	7	Number of Participants With Best Response Following Administration of Milademetan in Participants With Relapsed or Refractory Acute Myeloid Leukemia	OG001	Milademetan (120 mg/Day)	1	0	<untitled>	2	CR with incomplete hematological recovery (CRi)	0	Participants	5	5	5	0	CR=0;PR=0;SD=0;PD=1	1		within_class	False		RECOVERABLE	kept
R076	CATEGORY	ctg_results_bor_2018_2021.txt	NCT03671564	7	Number of Participants With Best Response Following Administration of Milademetan in Participants With Relapsed or Refractory Acute Myeloid Leukemia	OG001	Milademetan (120 mg/Day)	1	0	<untitled>	3	Partial remission (PR)	0	Participants	5	5	5	0	CR=0;PR=0;SD=0;PD=1	1		within_class	False		RECOVERABLE	kept
R076	CATEGORY	ctg_results_bor_2018_2021.txt	NCT03671564	7	Number of Participants With Best Response Following Administration of Milademetan in Participants With Relapsed or Refractory Acute Myeloid Leukemia	OG001	Milademetan (120 mg/Day)	1	0	<untitled>	4	Morphologic leukemia-free state (MLFS)	1	Participants	5	5	5	0	CR=0;PR=0;SD=0;PD=1	1		within_class	False		RECOVERABLE	DROPPED_BY_PRODUCER
R076	CATEGORY	ctg_results_bor_2018_2021.txt	NCT03671564	7	Number of Participants With Best Response Following Administration of Milademetan in Participants With Relapsed or Refractory Acute Myeloid Leukemia	OG001	Milademetan (120 mg/Day)	1	0	<untitled>	5	Stable disease (SD)	0	Participants	5	5	5	0	CR=0;PR=0;SD=0;PD=1	1		within_class	False		RECOVERABLE	kept
R076	CATEGORY	ctg_results_bor_2018_2021.txt	NCT03671564	7	Number of Participants With Best Response Following Administration of Milademetan in Participants With Relapsed or Refractory Acute Myeloid Leukemia	OG001	Milademetan (120 mg/Day)	1	0	<untitled>	6	Progressive disease (PD)	1	Participants	5	5	5	0	CR=0;PR=0;SD=0;PD=1	1		within_class	False		RECOVERABLE	kept
R076	CATEGORY	ctg_results_bor_2018_2021.txt	NCT03671564	7	Number of Participants With Best Response Following Administration of Milademetan in Participants With Relapsed or Refractory Acute Myeloid Leukemia	OG001	Milademetan (120 mg/Day)	1	0	<untitled>	7	Not applicable (NA)	3	Participants	5	5	5	0	CR=0;PR=0;SD=0;PD=1	1		within_class	False		RECOVERABLE	DROPPED_BY_PRODUCER
R076	CATEGORY	ctg_results_bor_2018_2021.txt	NCT03671564	7	Number of Participants With Best Response Following Administration of Milademetan in Participants With Relapsed or Refractory Acute Myeloid Leukemia	OG001	Milademetan (120 mg/Day)	1	0	<untitled>	8	Not Evaluable (NE)	0	Participants	5	5	5	0	CR=0;PR=0;SD=0;PD=1	1		within_class	False		RECOVERABLE	DROPPED_BY_PRODUCER
R077	CLASS	ctg_results_bor_2022_2026.txt	NCT05323656	5	Overall Response Rate (ORR)	OG000	Setanaxib 1600 mg and Pembrolizumab 200 mg	1	0	<untitled>				Participants	27	27	27	0	CR=1;PR=8;SD=10;PD=7	26	1	none	False	Complete Response=1; Partial Response=8; Stable Disease=10; Progressive Disease=7; Not Evaluable=1	RECOVERABLE	full category vector of the single contributing class sums exactly to the denoms value
R077	CATEGORY	ctg_results_bor_2022_2026.txt	NCT05323656	5	Overall Response Rate (ORR)	OG000	Setanaxib 1600 mg and Pembrolizumab 200 mg	1	0	<untitled>	0	Complete Response	1	Participants	27	27	27	0	CR=1;PR=8;SD=10;PD=7	26		none	False		RECOVERABLE	kept
R077	CATEGORY	ctg_results_bor_2022_2026.txt	NCT05323656	5	Overall Response Rate (ORR)	OG000	Setanaxib 1600 mg and Pembrolizumab 200 mg	1	0	<untitled>	1	Partial Response	8	Participants	27	27	27	0	CR=1;PR=8;SD=10;PD=7	26		none	False		RECOVERABLE	kept
R077	CATEGORY	ctg_results_bor_2022_2026.txt	NCT05323656	5	Overall Response Rate (ORR)	OG000	Setanaxib 1600 mg and Pembrolizumab 200 mg	1	0	<untitled>	2	Stable Disease	10	Participants	27	27	27	0	CR=1;PR=8;SD=10;PD=7	26		none	False		RECOVERABLE	kept
R077	CATEGORY	ctg_results_bor_2022_2026.txt	NCT05323656	5	Overall Response Rate (ORR)	OG000	Setanaxib 1600 mg and Pembrolizumab 200 mg	1	0	<untitled>	3	Progressive Disease	7	Participants	27	27	27	0	CR=1;PR=8;SD=10;PD=7	26		none	False		RECOVERABLE	kept
R077	CATEGORY	ctg_results_bor_2022_2026.txt	NCT05323656	5	Overall Response Rate (ORR)	OG000	Setanaxib 1600 mg and Pembrolizumab 200 mg	1	0	<untitled>	4	Not Evaluable	1	Participants	27	27	27	0	CR=1;PR=8;SD=10;PD=7	26		none	False		RECOVERABLE	DROPPED_BY_PRODUCER
