obs_id	nct	om_index	results_group_id	in_integrated_552	coverage_state	cohort_key	n_observations_in_cohort_set	encoding_identity_status	semantic_duplication_status	distinction_basis	unresolved_states_v2	denominator_state	denominator_value_participants	reporting_status_state	usable_for_proportion_at_b_scope	unusable_reason	cross_observation_disjointness_state
NCT01744249#om1#OG000	NCT01744249	1	OG000	yes	COVERED_BY_A_AND_C	NCT01744249||axitinib + sandostatin lar	2	NON_IDENTICAL_ENCODING_ON_PRESERVED_FIELDS	UNRESOLVED__SEMANTIC_CORRESPONDENCE_NOT_ESTABLISHED	INCLUDES_STRUCTURED_FIELD	UNRESOLVED_MULTIPLE_MEASURE_TITLES|UNRESOLVED_MULTIPLE_POPULATION_DESCRIPTIONS|UNRESOLVED_MULTIPLE_DENOMINATORS|SEMANTIC_DUPLICATION_UNRESOLVED	PRESENT	126	POSTED	True		UNVERIFIABLE_IN_THIS_CACHE__NO_PARTICIPANT_FLOW_MODULE
NCT01744249#om1#OG001	NCT01744249	1	OG001	yes	COVERED_BY_A_AND_C	NCT01744249||placebo + sandostatin lar	2	NON_IDENTICAL_ENCODING_ON_PRESERVED_FIELDS	UNRESOLVED__SEMANTIC_CORRESPONDENCE_NOT_ESTABLISHED	INCLUDES_STRUCTURED_FIELD	UNRESOLVED_MULTIPLE_MEASURE_TITLES|UNRESOLVED_MULTIPLE_POPULATION_DESCRIPTIONS|UNRESOLVED_MULTIPLE_DENOMINATORS|SEMANTIC_DUPLICATION_UNRESOLVED	PRESENT	130	POSTED	True		UNVERIFIABLE_IN_THIS_CACHE__NO_PARTICIPANT_FLOW_MODULE
NCT01744249#om5#OG000	NCT01744249	5	OG000	yes	COVERED_BY_A_AND_C	NCT01744249||axitinib + sandostatin lar	2	NON_IDENTICAL_ENCODING_ON_PRESERVED_FIELDS	UNRESOLVED__SEMANTIC_CORRESPONDENCE_NOT_ESTABLISHED	INCLUDES_STRUCTURED_FIELD	UNRESOLVED_MULTIPLE_MEASURE_TITLES|UNRESOLVED_MULTIPLE_POPULATION_DESCRIPTIONS|UNRESOLVED_MULTIPLE_DENOMINATORS|SEMANTIC_DUPLICATION_UNRESOLVED	PRESENT	117	POSTED	True		UNVERIFIABLE_IN_THIS_CACHE__NO_PARTICIPANT_FLOW_MODULE
NCT01744249#om5#OG001	NCT01744249	5	OG001	yes	COVERED_BY_A_AND_C	NCT01744249||placebo + sandostatin lar	2	NON_IDENTICAL_ENCODING_ON_PRESERVED_FIELDS	UNRESOLVED__SEMANTIC_CORRESPONDENCE_NOT_ESTABLISHED	INCLUDES_STRUCTURED_FIELD	UNRESOLVED_MULTIPLE_MEASURE_TITLES|UNRESOLVED_MULTIPLE_POPULATION_DESCRIPTIONS|UNRESOLVED_MULTIPLE_DENOMINATORS|SEMANTIC_DUPLICATION_UNRESOLVED	PRESENT	126	POSTED	True		UNVERIFIABLE_IN_THIS_CACHE__NO_PARTICIPANT_FLOW_MODULE
NCT02259582#om0#OG000	NCT02259582	0	OG000	yes	COVERED_BY_A_AND_C	NCT02259582||placebo/placebo arm (arm 1)	1	SINGLE_OBSERVATION__NO_COMPARISON_MADE	NOT_APPLICABLE__SINGLE_OBSERVATION	NONE	SINGLE_OBSERVATION	PRESENT	25	POSTED	True		UNVERIFIABLE_IN_THIS_CACHE__NO_PARTICIPANT_FLOW_MODULE
NCT02259582#om0#OG001	NCT02259582	0	OG001	yes	COVERED_BY_A_AND_C	NCT02259582||demcizumab/placebo arm (arm 2)	1	SINGLE_OBSERVATION__NO_COMPARISON_MADE	NOT_APPLICABLE__SINGLE_OBSERVATION	NONE	SINGLE_OBSERVATION	PRESENT	28	POSTED	True		UNVERIFIABLE_IN_THIS_CACHE__NO_PARTICIPANT_FLOW_MODULE
NCT02259582#om0#OG002	NCT02259582	0	OG002	yes	COVERED_BY_A_AND_C	NCT02259582||demcizumab/demcizumab arm (arm 3)	1	SINGLE_OBSERVATION__NO_COMPARISON_MADE	NOT_APPLICABLE__SINGLE_OBSERVATION	NONE	SINGLE_OBSERVATION	PRESENT	29	POSTED	True		UNVERIFIABLE_IN_THIS_CACHE__NO_PARTICIPANT_FLOW_MODULE
NCT02204982#om1#OG000	NCT02204982	1	OG000	yes	COVERED_BY_A_AND_C	NCT02204982||duvelisib + rituximab	1	SINGLE_OBSERVATION__NO_COMPARISON_MADE	NOT_APPLICABLE__SINGLE_OBSERVATION	NONE	SINGLE_OBSERVATION	PRESENT	5	POSTED	True		UNVERIFIABLE_IN_THIS_CACHE__NO_PARTICIPANT_FLOW_MODULE
NCT02204982#om1#OG001	NCT02204982	1	OG001	yes	COVERED_BY_A_AND_C	NCT02204982||placebo + rituximab	1	SINGLE_OBSERVATION__NO_COMPARISON_MADE	NOT_APPLICABLE__SINGLE_OBSERVATION	NONE	SINGLE_OBSERVATION	PRESENT	6	POSTED	True		UNVERIFIABLE_IN_THIS_CACHE__NO_PARTICIPANT_FLOW_MODULE
NCT02263508#om4#OG000	NCT02263508	4	OG000	yes	COVERED_BY_A_AND_C	NCT02263508||phase 1b: talimogene laherparepvec + pembrolizumab	4	NON_IDENTICAL_ENCODING_ON_PRESERVED_FIELDS	UNRESOLVED__SEMANTIC_CORRESPONDENCE_NOT_ESTABLISHED	INCLUDES_STRUCTURED_FIELD	UNRESOLVED_MULTIPLE_MEASURE_TITLES|UNRESOLVED_MULTIPLE_ENDPOINT_CONSTRUCTS|UNRESOLVED_MULTIPLE_POPULATION_DESCRIPTIONS|UNRESOLVED_MULTIPLE_PARAMTYPE_OR_UNIT|SEMANTIC_DUPLICATION_UNRESOLVED	PRESENT	21	POSTED	True		UNVERIFIABLE_IN_THIS_CACHE__NO_PARTICIPANT_FLOW_MODULE
NCT02263508#om14#OG000	NCT02263508	14	OG000	yes	COVERED_BY_A_AND_C	NCT02263508||phase 3: placebo + pembrolizumab	9	NON_IDENTICAL_ENCODING_ON_PRESERVED_FIELDS	UNRESOLVED__SEMANTIC_CORRESPONDENCE_NOT_ESTABLISHED	INCLUDES_STRUCTURED_FIELD	UNRESOLVED_MULTIPLE_MEASURE_TITLES|UNRESOLVED_MULTIPLE_ENDPOINT_CONSTRUCTS|UNRESOLVED_MULTIPLE_ASSESSMENT_CRITERIA|UNRESOLVED_MULTIPLE_POPULATION_DESCRIPTIONS|UNRESOLVED_MULTIPLE_PARAMTYPE_OR_UNIT|SEMANTIC_DUPLICATION_UNRESOLVED	PRESENT	346	POSTED	True		UNVERIFIABLE_IN_THIS_CACHE__NO_PARTICIPANT_FLOW_MODULE
NCT02263508#om14#OG001	NCT02263508	14	OG001	yes	COVERED_BY_A_AND_C	NCT02263508||phase 3: talimogene laherparepvec + pembrolizumab	9	NON_IDENTICAL_ENCODING_ON_PRESERVED_FIELDS	UNRESOLVED__SEMANTIC_CORRESPONDENCE_NOT_ESTABLISHED	INCLUDES_STRUCTURED_FIELD	UNRESOLVED_MULTIPLE_MEASURE_TITLES|UNRESOLVED_MULTIPLE_ENDPOINT_CONSTRUCTS|UNRESOLVED_MULTIPLE_ASSESSMENT_CRITERIA|UNRESOLVED_MULTIPLE_POPULATION_DESCRIPTIONS|UNRESOLVED_MULTIPLE_PARAMTYPE_OR_UNIT|SEMANTIC_DUPLICATION_UNRESOLVED	PRESENT	346	POSTED	True		UNVERIFIABLE_IN_THIS_CACHE__NO_PARTICIPANT_FLOW_MODULE
NCT02263508#om19#OG000	NCT02263508	19	OG000	yes	COVERED_BY_A_AND_C	NCT02263508||phase 3: placebo + pembrolizumab	9	NON_IDENTICAL_ENCODING_ON_PRESERVED_FIELDS	UNRESOLVED__SEMANTIC_CORRESPONDENCE_NOT_ESTABLISHED	INCLUDES_STRUCTURED_FIELD	UNRESOLVED_MULTIPLE_MEASURE_TITLES|UNRESOLVED_MULTIPLE_ENDPOINT_CONSTRUCTS|UNRESOLVED_MULTIPLE_ASSESSMENT_CRITERIA|UNRESOLVED_MULTIPLE_POPULATION_DESCRIPTIONS|UNRESOLVED_MULTIPLE_PARAMTYPE_OR_UNIT|SEMANTIC_DUPLICATION_UNRESOLVED	PRESENT	346	POSTED	True		UNVERIFIABLE_IN_THIS_CACHE__NO_PARTICIPANT_FLOW_MODULE
NCT02263508#om19#OG001	NCT02263508	19	OG001	yes	COVERED_BY_A_AND_C	NCT02263508||phase 3: talimogene laherparepvec + pembrolizumab	9	NON_IDENTICAL_ENCODING_ON_PRESERVED_FIELDS	UNRESOLVED__SEMANTIC_CORRESPONDENCE_NOT_ESTABLISHED	INCLUDES_STRUCTURED_FIELD	UNRESOLVED_MULTIPLE_MEASURE_TITLES|UNRESOLVED_MULTIPLE_ENDPOINT_CONSTRUCTS|UNRESOLVED_MULTIPLE_ASSESSMENT_CRITERIA|UNRESOLVED_MULTIPLE_POPULATION_DESCRIPTIONS|UNRESOLVED_MULTIPLE_PARAMTYPE_OR_UNIT|SEMANTIC_DUPLICATION_UNRESOLVED	PRESENT	346	POSTED	True		UNVERIFIABLE_IN_THIS_CACHE__NO_PARTICIPANT_FLOW_MODULE
NCT00942162#om7#OG000	NCT00942162	7	OG000	yes	COVERED_BY_A_AND_C	NCT00942162||gsk2132231a gs+ group	1	SINGLE_OBSERVATION__NO_COMPARISON_MADE	NOT_APPLICABLE__SINGLE_OBSERVATION	NONE	SINGLE_OBSERVATION	PRESENT	71	POSTED	True		UNVERIFIABLE_IN_THIS_CACHE__NO_PARTICIPANT_FLOW_MODULE
NCT00942162#om7#OG001	NCT00942162	7	OG001	yes	COVERED_BY_A_AND_C	NCT00942162||gsk2132231a gs- group	1	SINGLE_OBSERVATION__NO_COMPARISON_MADE	NOT_APPLICABLE__SINGLE_OBSERVATION	NONE	SINGLE_OBSERVATION	PRESENT	50	POSTED	True		UNVERIFIABLE_IN_THIS_CACHE__NO_PARTICIPANT_FLOW_MODULE
NCT00942162#om7#OG002	NCT00942162	7	OG002	yes	COVERED_BY_A_AND_C	NCT00942162||gsk2132231a gs-unknown group	1	SINGLE_OBSERVATION__NO_COMPARISON_MADE	NOT_APPLICABLE__SINGLE_OBSERVATION	NONE	SINGLE_OBSERVATION	PRESENT	2	POSTED	True		UNVERIFIABLE_IN_THIS_CACHE__NO_PARTICIPANT_FLOW_MODULE
NCT00654238#om0#OG000	NCT00654238	0	OG000	yes	COVERED_BY_A_AND_C	NCT00654238||sorafenib	1	SINGLE_OBSERVATION__NO_COMPARISON_MADE	NOT_APPLICABLE__SINGLE_OBSERVATION	NONE	SINGLE_OBSERVATION	PRESENT	55	POSTED	True		UNVERIFIABLE_IN_THIS_CACHE__NO_PARTICIPANT_FLOW_MODULE
NCT00756509#om0#OG000	NCT00756509	0	OG000	yes	COVERED_BY_A_AND_C	NCT00756509||nilotinib	2	NON_IDENTICAL_ENCODING_ON_PRESERVED_FIELDS	UNRESOLVED__SEMANTIC_CORRESPONDENCE_NOT_ESTABLISHED	INCLUDES_STRUCTURED_FIELD	UNRESOLVED_MULTIPLE_MEASURE_TITLES|UNRESOLVED_MULTIPLE_ENDPOINT_CONSTRUCTS|UNRESOLVED_MULTIPLE_ASSESSMENT_CRITERIA|UNRESOLVED_MULTIPLE_PARAMTYPE_OR_UNIT|UNRESOLVED_MULTIPLE_OUTCOME_TYPES|SEMANTIC_DUPLICATION_UNRESOLVED	PRESENT	41	POSTED	True		UNVERIFIABLE_IN_THIS_CACHE__NO_PARTICIPANT_FLOW_MODULE
NCT01648764#om5#OG000	NCT01648764	5	OG000	yes	COVERED_BY_A_AND_C	NCT01648764||40 mg ly - arm a dose escalation	1	SINGLE_OBSERVATION__NO_COMPARISON_MADE	NOT_APPLICABLE__SINGLE_OBSERVATION	NONE	SINGLE_OBSERVATION	PRESENT	3	POSTED	True		UNVERIFIABLE_IN_THIS_CACHE__NO_PARTICIPANT_FLOW_MODULE
NCT01648764#om5#OG001	NCT01648764	5	OG001	yes	COVERED_BY_A_AND_C	NCT01648764||50 mg ly - arm a dose escalation	1	SINGLE_OBSERVATION__NO_COMPARISON_MADE	NOT_APPLICABLE__SINGLE_OBSERVATION	NONE	SINGLE_OBSERVATION	PRESENT	3	POSTED	True		UNVERIFIABLE_IN_THIS_CACHE__NO_PARTICIPANT_FLOW_MODULE
NCT01648764#om5#OG002	NCT01648764	5	OG002	yes	COVERED_BY_A_AND_C	NCT01648764||60 mg ly - arm a dose escalation	1	SINGLE_OBSERVATION__NO_COMPARISON_MADE	NOT_APPLICABLE__SINGLE_OBSERVATION	NONE	SINGLE_OBSERVATION	PRESENT	3	POSTED	True		UNVERIFIABLE_IN_THIS_CACHE__NO_PARTICIPANT_FLOW_MODULE
NCT01648764#om5#OG003	NCT01648764	5	OG003	yes	COVERED_BY_A_AND_C	NCT01648764||70 mg ly - arm a dose escalation	1	SINGLE_OBSERVATION__NO_COMPARISON_MADE	NOT_APPLICABLE__SINGLE_OBSERVATION	NONE	SINGLE_OBSERVATION	PRESENT	3	POSTED	True		UNVERIFIABLE_IN_THIS_CACHE__NO_PARTICIPANT_FLOW_MODULE
NCT01648764#om5#OG004	NCT01648764	5	OG004	yes	COVERED_BY_A_AND_C	NCT01648764||80 mg ly - arm a dose escalation	1	SINGLE_OBSERVATION__NO_COMPARISON_MADE	NOT_APPLICABLE__SINGLE_OBSERVATION	NONE	SINGLE_OBSERVATION	PRESENT	3	POSTED	True		UNVERIFIABLE_IN_THIS_CACHE__NO_PARTICIPANT_FLOW_MODULE
NCT01648764#om5#OG005	NCT01648764	5	OG005	yes	COVERED_BY_A_AND_C	NCT01648764||90 mg ly - arm a dose escalation	1	SINGLE_OBSERVATION__NO_COMPARISON_MADE	NOT_APPLICABLE__SINGLE_OBSERVATION	NONE	SINGLE_OBSERVATION	PRESENT	5	POSTED	True		UNVERIFIABLE_IN_THIS_CACHE__NO_PARTICIPANT_FLOW_MODULE
NCT01648764#om5#OG006	NCT01648764	5	OG006	yes	COVERED_BY_A_AND_C	NCT01648764||100 mg ly - arm a dose escalation	1	SINGLE_OBSERVATION__NO_COMPARISON_MADE	NOT_APPLICABLE__SINGLE_OBSERVATION	NONE	SINGLE_OBSERVATION	PRESENT	9	POSTED	True		UNVERIFIABLE_IN_THIS_CACHE__NO_PARTICIPANT_FLOW_MODULE
NCT01648764#om5#OG007	NCT01648764	5	OG007	yes	COVERED_BY_A_AND_C	NCT01648764||40 mg ly - arm b dose escalation	1	SINGLE_OBSERVATION__NO_COMPARISON_MADE	NOT_APPLICABLE__SINGLE_OBSERVATION	NONE	SINGLE_OBSERVATION	PRESENT	3	POSTED	True		UNVERIFIABLE_IN_THIS_CACHE__NO_PARTICIPANT_FLOW_MODULE
NCT01648764#om5#OG008	NCT01648764	5	OG008	yes	COVERED_BY_A_AND_C	NCT01648764||50 mg ly - arm b dose escalation	1	SINGLE_OBSERVATION__NO_COMPARISON_MADE	NOT_APPLICABLE__SINGLE_OBSERVATION	NONE	SINGLE_OBSERVATION	PRESENT	3	POSTED	True		UNVERIFIABLE_IN_THIS_CACHE__NO_PARTICIPANT_FLOW_MODULE
NCT01648764#om5#OG009	NCT01648764	5	OG009	yes	COVERED_BY_A_AND_C	NCT01648764||60 mg ly - arm b dose escalation	1	SINGLE_OBSERVATION__NO_COMPARISON_MADE	NOT_APPLICABLE__SINGLE_OBSERVATION	NONE	SINGLE_OBSERVATION	PRESENT	7	POSTED	True		UNVERIFIABLE_IN_THIS_CACHE__NO_PARTICIPANT_FLOW_MODULE
NCT01648764#om5#OG010	NCT01648764	5	OG010	yes	COVERED_BY_A_AND_C	NCT01648764||70 mg ly - arm b dose escalation	1	SINGLE_OBSERVATION__NO_COMPARISON_MADE	NOT_APPLICABLE__SINGLE_OBSERVATION	NONE	SINGLE_OBSERVATION	PRESENT	3	POSTED	True		UNVERIFIABLE_IN_THIS_CACHE__NO_PARTICIPANT_FLOW_MODULE
NCT01648764#om5#OG011	NCT01648764	5	OG011	yes	COVERED_BY_A_AND_C	NCT01648764||80 mg ly - arm b dose escalation	1	SINGLE_OBSERVATION__NO_COMPARISON_MADE	NOT_APPLICABLE__SINGLE_OBSERVATION	NONE	SINGLE_OBSERVATION	PRESENT	9	POSTED	True		UNVERIFIABLE_IN_THIS_CACHE__NO_PARTICIPANT_FLOW_MODULE
NCT01648764#om5#OG012	NCT01648764	5	OG012	yes	COVERED_BY_A_AND_C	NCT01648764||90 mg ly - arm b dose escalation	1	SINGLE_OBSERVATION__NO_COMPARISON_MADE	NOT_APPLICABLE__SINGLE_OBSERVATION	NONE	SINGLE_OBSERVATION	PRESENT	7	POSTED	True		UNVERIFIABLE_IN_THIS_CACHE__NO_PARTICIPANT_FLOW_MODULE
NCT01648764#om5#OG013	NCT01648764	5	OG013	yes	COVERED_BY_A_AND_C	NCT01648764||90 mg ly - arm a dose confirmation	1	SINGLE_OBSERVATION__NO_COMPARISON_MADE	NOT_APPLICABLE__SINGLE_OBSERVATION	NONE	SINGLE_OBSERVATION	PRESENT	12	POSTED	True		UNVERIFIABLE_IN_THIS_CACHE__NO_PARTICIPANT_FLOW_MODULE
NCT00946153#om2#OG000	NCT00946153	2	OG000	yes	COVERED_BY_A_AND_C	NCT00946153||phase 1: group 1: lenvatinib: 12 mg	3	NON_IDENTICAL_ENCODING_ON_PRESERVED_FIELDS	UNRESOLVED__SEMANTIC_CORRESPONDENCE_NOT_ESTABLISHED	INCLUDES_STRUCTURED_FIELD	UNRESOLVED_MULTIPLE_MEASURE_TITLES|UNRESOLVED_MULTIPLE_ENDPOINT_CONSTRUCTS|UNRESOLVED_MULTIPLE_TIME_FRAMES|UNRESOLVED_MULTIPLE_ASSESSMENT_CRITERIA|UNRESOLVED_MULTIPLE_POPULATION_DESCRIPTIONS|UNRESOLVED_MULTIPLE_PARAMTYPE_OR_UNIT|SEMANTIC_DUPLICATION_UNRESOLVED	PRESENT	6	POSTED	True		UNVERIFIABLE_IN_THIS_CACHE__NO_PARTICIPANT_FLOW_MODULE
NCT00946153#om2#OG001	NCT00946153	2	OG001	yes	COVERED_BY_A_AND_C	NCT00946153||phase 1: group1: lenvatinib: 16 mg	3	NON_IDENTICAL_ENCODING_ON_PRESERVED_FIELDS	UNRESOLVED__SEMANTIC_CORRESPONDENCE_NOT_ESTABLISHED	INCLUDES_STRUCTURED_FIELD	UNRESOLVED_MULTIPLE_MEASURE_TITLES|UNRESOLVED_MULTIPLE_ENDPOINT_CONSTRUCTS|UNRESOLVED_MULTIPLE_TIME_FRAMES|UNRESOLVED_MULTIPLE_ASSESSMENT_CRITERIA|UNRESOLVED_MULTIPLE_POPULATION_DESCRIPTIONS|UNRESOLVED_MULTIPLE_PARAMTYPE_OR_UNIT|SEMANTIC_DUPLICATION_UNRESOLVED	PRESENT	3	POSTED	True		UNVERIFIABLE_IN_THIS_CACHE__NO_PARTICIPANT_FLOW_MODULE
NCT00946153#om2#OG002	NCT00946153	2	OG002	yes	COVERED_BY_A_AND_C	NCT00946153||phase 1: group 2: lenvatinib: 8 mg	3	NON_IDENTICAL_ENCODING_ON_PRESERVED_FIELDS	UNRESOLVED__SEMANTIC_CORRESPONDENCE_NOT_ESTABLISHED	INCLUDES_STRUCTURED_FIELD	UNRESOLVED_MULTIPLE_MEASURE_TITLES|UNRESOLVED_MULTIPLE_ENDPOINT_CONSTRUCTS|UNRESOLVED_MULTIPLE_TIME_FRAMES|UNRESOLVED_MULTIPLE_ASSESSMENT_CRITERIA|UNRESOLVED_MULTIPLE_POPULATION_DESCRIPTIONS|UNRESOLVED_MULTIPLE_PARAMTYPE_OR_UNIT|SEMANTIC_DUPLICATION_UNRESOLVED	PRESENT	6	POSTED	True		UNVERIFIABLE_IN_THIS_CACHE__NO_PARTICIPANT_FLOW_MODULE
NCT00946153#om2#OG003	NCT00946153	2	OG003	yes	COVERED_BY_A_AND_C	NCT00946153||phase 1: group 2: lenvatinib: 12 mg	3	NON_IDENTICAL_ENCODING_ON_PRESERVED_FIELDS	UNRESOLVED__SEMANTIC_CORRESPONDENCE_NOT_ESTABLISHED	INCLUDES_STRUCTURED_FIELD	UNRESOLVED_MULTIPLE_MEASURE_TITLES|UNRESOLVED_MULTIPLE_ENDPOINT_CONSTRUCTS|UNRESOLVED_MULTIPLE_TIME_FRAMES|UNRESOLVED_MULTIPLE_ASSESSMENT_CRITERIA|UNRESOLVED_MULTIPLE_POPULATION_DESCRIPTIONS|UNRESOLVED_MULTIPLE_PARAMTYPE_OR_UNIT|SEMANTIC_DUPLICATION_UNRESOLVED	PRESENT	5	POSTED	True		UNVERIFIABLE_IN_THIS_CACHE__NO_PARTICIPANT_FLOW_MODULE
NCT00836888#om4#OG000	NCT00836888	4	OG000	yes	COVERED_BY_A_AND_C	NCT00836888||ono-4538 1mg/kg cohorts	1	SINGLE_OBSERVATION__NO_COMPARISON_MADE	NOT_APPLICABLE__SINGLE_OBSERVATION	NONE	SINGLE_OBSERVATION	PRESENT	3	POSTED	True		UNVERIFIABLE_IN_THIS_CACHE__NO_PARTICIPANT_FLOW_MODULE
NCT00836888#om4#OG001	NCT00836888	4	OG001	yes	COVERED_BY_A_AND_C	NCT00836888||ono-4538 3mg/kg cohorts	1	SINGLE_OBSERVATION__NO_COMPARISON_MADE	NOT_APPLICABLE__SINGLE_OBSERVATION	NONE	SINGLE_OBSERVATION	PRESENT	5	POSTED	True		UNVERIFIABLE_IN_THIS_CACHE__NO_PARTICIPANT_FLOW_MODULE
NCT00836888#om4#OG002	NCT00836888	4	OG002	yes	COVERED_BY_A_AND_C	NCT00836888||ono-4538 10mg/kg cohorts	1	SINGLE_OBSERVATION__NO_COMPARISON_MADE	NOT_APPLICABLE__SINGLE_OBSERVATION	NONE	SINGLE_OBSERVATION	PRESENT	6	POSTED	True		UNVERIFIABLE_IN_THIS_CACHE__NO_PARTICIPANT_FLOW_MODULE
NCT00836888#om4#OG003	NCT00836888	4	OG003	yes	COVERED_BY_A_AND_C	NCT00836888||ono-4538 20mg/kg cohorts	1	SINGLE_OBSERVATION__NO_COMPARISON_MADE	NOT_APPLICABLE__SINGLE_OBSERVATION	NONE	SINGLE_OBSERVATION	PRESENT	3	POSTED	True		UNVERIFIABLE_IN_THIS_CACHE__NO_PARTICIPANT_FLOW_MODULE
NCT00298896#om1#OG000	NCT00298896	1	OG000	yes	COVERED_BY_A_AND_C	NCT00298896||sns-595	2	NON_IDENTICAL_ENCODING_ON_PRESERVED_FIELDS	UNRESOLVED__SEMANTIC_CORRESPONDENCE_NOT_ESTABLISHED	INCLUDES_STRUCTURED_FIELD	UNRESOLVED_MULTIPLE_MEASURE_TITLES|UNRESOLVED_MULTIPLE_ENDPOINT_CONSTRUCTS|UNRESOLVED_MULTIPLE_TIME_FRAMES|UNRESOLVED_MULTIPLE_POPULATION_DESCRIPTIONS|UNRESOLVED_MULTIPLE_OUTCOME_TYPES|SEMANTIC_DUPLICATION_UNRESOLVED	PRESENT	47	POSTED	True		UNVERIFIABLE_IN_THIS_CACHE__NO_PARTICIPANT_FLOW_MODULE
NCT00600340#om3#OG000	NCT00600340	3	OG000	yes	COVERED_BY_A_AND_C	NCT00600340||bevacizumab plus paclitaxel	8	NON_IDENTICAL_ENCODING_ON_PRESERVED_FIELDS	UNRESOLVED__SEMANTIC_CORRESPONDENCE_NOT_ESTABLISHED	INCLUDES_STRUCTURED_FIELD	UNRESOLVED_MULTIPLE_MEASURE_TITLES|UNRESOLVED_MULTIPLE_ENDPOINT_CONSTRUCTS|UNRESOLVED_MULTIPLE_POPULATION_DESCRIPTIONS|UNRESOLVED_MULTIPLE_DENOMINATORS|SEMANTIC_DUPLICATION_UNRESOLVED	PRESENT	285	POSTED	True		UNVERIFIABLE_IN_THIS_CACHE__NO_PARTICIPANT_FLOW_MODULE
NCT00600340#om3#OG001	NCT00600340	3	OG001	yes	COVERED_BY_A_AND_C	NCT00600340||bevacizumab plus capecitabine	8	NON_IDENTICAL_ENCODING_ON_PRESERVED_FIELDS	UNRESOLVED__SEMANTIC_CORRESPONDENCE_NOT_ESTABLISHED	INCLUDES_STRUCTURED_FIELD	UNRESOLVED_MULTIPLE_MEASURE_TITLES|UNRESOLVED_MULTIPLE_ENDPOINT_CONSTRUCTS|UNRESOLVED_MULTIPLE_POPULATION_DESCRIPTIONS|UNRESOLVED_MULTIPLE_DENOMINATORS|SEMANTIC_DUPLICATION_UNRESOLVED	PRESENT	279	POSTED	True		UNVERIFIABLE_IN_THIS_CACHE__NO_PARTICIPANT_FLOW_MODULE
NCT00600340#om4#OG000	NCT00600340	4	OG000	yes	COVERED_BY_A_AND_C	NCT00600340||bevacizumab plus paclitaxel	8	NON_IDENTICAL_ENCODING_ON_PRESERVED_FIELDS	UNRESOLVED__SEMANTIC_CORRESPONDENCE_NOT_ESTABLISHED	INCLUDES_STRUCTURED_FIELD	UNRESOLVED_MULTIPLE_MEASURE_TITLES|UNRESOLVED_MULTIPLE_ENDPOINT_CONSTRUCTS|UNRESOLVED_MULTIPLE_POPULATION_DESCRIPTIONS|UNRESOLVED_MULTIPLE_DENOMINATORS|SEMANTIC_DUPLICATION_UNRESOLVED	PRESENT	266	POSTED	True		UNVERIFIABLE_IN_THIS_CACHE__NO_PARTICIPANT_FLOW_MODULE
NCT00600340#om4#OG001	NCT00600340	4	OG001	yes	COVERED_BY_A_AND_C	NCT00600340||bevacizumab plus capecitabine	8	NON_IDENTICAL_ENCODING_ON_PRESERVED_FIELDS	UNRESOLVED__SEMANTIC_CORRESPONDENCE_NOT_ESTABLISHED	INCLUDES_STRUCTURED_FIELD	UNRESOLVED_MULTIPLE_MEASURE_TITLES|UNRESOLVED_MULTIPLE_ENDPOINT_CONSTRUCTS|UNRESOLVED_MULTIPLE_POPULATION_DESCRIPTIONS|UNRESOLVED_MULTIPLE_DENOMINATORS|SEMANTIC_DUPLICATION_UNRESOLVED	PRESENT	265	POSTED	True		UNVERIFIABLE_IN_THIS_CACHE__NO_PARTICIPANT_FLOW_MODULE
NCT00600340#om5#OG000	NCT00600340	5	OG000	yes	COVERED_BY_A_AND_C	NCT00600340||bevacizumab plus paclitaxel	8	NON_IDENTICAL_ENCODING_ON_PRESERVED_FIELDS	UNRESOLVED__SEMANTIC_CORRESPONDENCE_NOT_ESTABLISHED	INCLUDES_STRUCTURED_FIELD	UNRESOLVED_MULTIPLE_MEASURE_TITLES|UNRESOLVED_MULTIPLE_ENDPOINT_CONSTRUCTS|UNRESOLVED_MULTIPLE_POPULATION_DESCRIPTIONS|UNRESOLVED_MULTIPLE_DENOMINATORS|SEMANTIC_DUPLICATION_UNRESOLVED	PRESENT	285	POSTED	True		UNVERIFIABLE_IN_THIS_CACHE__NO_PARTICIPANT_FLOW_MODULE
NCT00600340#om5#OG001	NCT00600340	5	OG001	yes	COVERED_BY_A_AND_C	NCT00600340||bevacizumab plus capecitabine	8	NON_IDENTICAL_ENCODING_ON_PRESERVED_FIELDS	UNRESOLVED__SEMANTIC_CORRESPONDENCE_NOT_ESTABLISHED	INCLUDES_STRUCTURED_FIELD	UNRESOLVED_MULTIPLE_MEASURE_TITLES|UNRESOLVED_MULTIPLE_ENDPOINT_CONSTRUCTS|UNRESOLVED_MULTIPLE_POPULATION_DESCRIPTIONS|UNRESOLVED_MULTIPLE_DENOMINATORS|SEMANTIC_DUPLICATION_UNRESOLVED	PRESENT	279	POSTED	True		UNVERIFIABLE_IN_THIS_CACHE__NO_PARTICIPANT_FLOW_MODULE
NCT00600340#om6#OG000	NCT00600340	6	OG000	yes	COVERED_BY_A_AND_C	NCT00600340||bevacizumab plus paclitaxel	8	NON_IDENTICAL_ENCODING_ON_PRESERVED_FIELDS	UNRESOLVED__SEMANTIC_CORRESPONDENCE_NOT_ESTABLISHED	INCLUDES_STRUCTURED_FIELD	UNRESOLVED_MULTIPLE_MEASURE_TITLES|UNRESOLVED_MULTIPLE_ENDPOINT_CONSTRUCTS|UNRESOLVED_MULTIPLE_POPULATION_DESCRIPTIONS|UNRESOLVED_MULTIPLE_DENOMINATORS|SEMANTIC_DUPLICATION_UNRESOLVED	PRESENT	266	POSTED	True		UNVERIFIABLE_IN_THIS_CACHE__NO_PARTICIPANT_FLOW_MODULE
NCT00600340#om6#OG001	NCT00600340	6	OG001	yes	COVERED_BY_A_AND_C	NCT00600340||bevacizumab plus capecitabine	8	NON_IDENTICAL_ENCODING_ON_PRESERVED_FIELDS	UNRESOLVED__SEMANTIC_CORRESPONDENCE_NOT_ESTABLISHED	INCLUDES_STRUCTURED_FIELD	UNRESOLVED_MULTIPLE_MEASURE_TITLES|UNRESOLVED_MULTIPLE_ENDPOINT_CONSTRUCTS|UNRESOLVED_MULTIPLE_POPULATION_DESCRIPTIONS|UNRESOLVED_MULTIPLE_DENOMINATORS|SEMANTIC_DUPLICATION_UNRESOLVED	PRESENT	265	POSTED	True		UNVERIFIABLE_IN_THIS_CACHE__NO_PARTICIPANT_FLOW_MODULE
NCT01188876#om1#OG000	NCT01188876	1	OG000	yes	COVERED_BY_A_AND_C	NCT01188876||carboplatin/pralatrexate	1	SINGLE_OBSERVATION__NO_COMPARISON_MADE	NOT_APPLICABLE__SINGLE_OBSERVATION	NONE	SINGLE_OBSERVATION	PRESENT	50	POSTED	True		UNVERIFIABLE_IN_THIS_CACHE__NO_PARTICIPANT_FLOW_MODULE
NCT01524991#om2#OG000	NCT01524991	2	OG000	yes	COVERED_BY_A_AND_C	NCT01524991||treatment	1	SINGLE_OBSERVATION__NO_COMPARISON_MADE	NOT_APPLICABLE__SINGLE_OBSERVATION	NONE	SINGLE_OBSERVATION	PRESENT	36	POSTED	True		UNVERIFIABLE_IN_THIS_CACHE__NO_PARTICIPANT_FLOW_MODULE
NCT01403948#om3#OG000	NCT01403948	3	OG000	yes	COVERED_BY_A_AND_C	NCT01403948||bi 836826 1 mg iv (caucasian patients)	2	NON_IDENTICAL_ENCODING_ON_PRESERVED_FIELDS	UNRESOLVED__SEMANTIC_CORRESPONDENCE_NOT_ESTABLISHED	TEXT_DERIVED_ONLY	UNRESOLVED_MULTIPLE_MEASURE_TITLES|UNRESOLVED_MULTIPLE_TIME_FRAMES|SEMANTIC_DUPLICATION_UNRESOLVED|DISTINCTION_IS_TEXT_DERIVED_ONLY	PRESENT	1	POSTED	True		UNVERIFIABLE_IN_THIS_CACHE__NO_PARTICIPANT_FLOW_MODULE
NCT01403948#om3#OG001	NCT01403948	3	OG001	yes	COVERED_BY_A_AND_C	NCT01403948||bi 836826 3 mg iv (caucasian patients)	2	NON_IDENTICAL_ENCODING_ON_PRESERVED_FIELDS	UNRESOLVED__SEMANTIC_CORRESPONDENCE_NOT_ESTABLISHED	TEXT_DERIVED_ONLY	UNRESOLVED_MULTIPLE_MEASURE_TITLES|UNRESOLVED_MULTIPLE_TIME_FRAMES|SEMANTIC_DUPLICATION_UNRESOLVED|DISTINCTION_IS_TEXT_DERIVED_ONLY	PRESENT	4	POSTED	True		UNVERIFIABLE_IN_THIS_CACHE__NO_PARTICIPANT_FLOW_MODULE
NCT01403948#om3#OG002	NCT01403948	3	OG002	yes	COVERED_BY_A_AND_C	NCT01403948||bi 836826 9 mg iv (caucasian patients)	2	NON_IDENTICAL_ENCODING_ON_PRESERVED_FIELDS	UNRESOLVED__SEMANTIC_CORRESPONDENCE_NOT_ESTABLISHED	TEXT_DERIVED_ONLY	UNRESOLVED_MULTIPLE_MEASURE_TITLES|UNRESOLVED_MULTIPLE_TIME_FRAMES|SEMANTIC_DUPLICATION_UNRESOLVED|DISTINCTION_IS_TEXT_DERIVED_ONLY	PRESENT	3	POSTED	True		UNVERIFIABLE_IN_THIS_CACHE__NO_PARTICIPANT_FLOW_MODULE
NCT01403948#om3#OG003	NCT01403948	3	OG003	yes	COVERED_BY_A_AND_C	NCT01403948||bi 836826 25 mg iv (caucasian patients)	2	NON_IDENTICAL_ENCODING_ON_PRESERVED_FIELDS	UNRESOLVED__SEMANTIC_CORRESPONDENCE_NOT_ESTABLISHED	TEXT_DERIVED_ONLY	UNRESOLVED_MULTIPLE_MEASURE_TITLES|UNRESOLVED_MULTIPLE_TIME_FRAMES|SEMANTIC_DUPLICATION_UNRESOLVED|DISTINCTION_IS_TEXT_DERIVED_ONLY	PRESENT	4	POSTED	True		UNVERIFIABLE_IN_THIS_CACHE__NO_PARTICIPANT_FLOW_MODULE
NCT01403948#om3#OG004	NCT01403948	3	OG004	yes	COVERED_BY_A_AND_C	NCT01403948||bi 836826 50 mg iv (caucasian patients)	2	NON_IDENTICAL_ENCODING_ON_PRESERVED_FIELDS	UNRESOLVED__SEMANTIC_CORRESPONDENCE_NOT_ESTABLISHED	TEXT_DERIVED_ONLY	UNRESOLVED_MULTIPLE_MEASURE_TITLES|UNRESOLVED_MULTIPLE_TIME_FRAMES|SEMANTIC_DUPLICATION_UNRESOLVED|DISTINCTION_IS_TEXT_DERIVED_ONLY	PRESENT	6	POSTED	True		UNVERIFIABLE_IN_THIS_CACHE__NO_PARTICIPANT_FLOW_MODULE
NCT01403948#om3#OG005	NCT01403948	3	OG005	yes	COVERED_BY_A_AND_C	NCT01403948||bi 836826 50mg iv (korean patients)	2	NON_IDENTICAL_ENCODING_ON_PRESERVED_FIELDS	UNRESOLVED__SEMANTIC_CORRESPONDENCE_NOT_ESTABLISHED	TEXT_DERIVED_ONLY	UNRESOLVED_MULTIPLE_MEASURE_TITLES|UNRESOLVED_MULTIPLE_TIME_FRAMES|SEMANTIC_DUPLICATION_UNRESOLVED|DISTINCTION_IS_TEXT_DERIVED_ONLY	PRESENT	7	POSTED	True		UNVERIFIABLE_IN_THIS_CACHE__NO_PARTICIPANT_FLOW_MODULE
NCT01403948#om3#OG006	NCT01403948	3	OG006	yes	COVERED_BY_A_AND_C	NCT01403948||bi 836826 100 mg iv (caucasian patients)	2	NON_IDENTICAL_ENCODING_ON_PRESERVED_FIELDS	UNRESOLVED__SEMANTIC_CORRESPONDENCE_NOT_ESTABLISHED	TEXT_DERIVED_ONLY	UNRESOLVED_MULTIPLE_MEASURE_TITLES|UNRESOLVED_MULTIPLE_TIME_FRAMES|SEMANTIC_DUPLICATION_UNRESOLVED|DISTINCTION_IS_TEXT_DERIVED_ONLY	PRESENT	6	POSTED	True		UNVERIFIABLE_IN_THIS_CACHE__NO_PARTICIPANT_FLOW_MODULE
NCT01403948#om3#OG007	NCT01403948	3	OG007	yes	COVERED_BY_A_AND_C	NCT01403948||bi 836826 100 mg iv (korean patients)	2	NON_IDENTICAL_ENCODING_ON_PRESERVED_FIELDS	UNRESOLVED__SEMANTIC_CORRESPONDENCE_NOT_ESTABLISHED	TEXT_DERIVED_ONLY	UNRESOLVED_MULTIPLE_MEASURE_TITLES|UNRESOLVED_MULTIPLE_TIME_FRAMES|SEMANTIC_DUPLICATION_UNRESOLVED|DISTINCTION_IS_TEXT_DERIVED_ONLY	PRESENT	4	POSTED	True		UNVERIFIABLE_IN_THIS_CACHE__NO_PARTICIPANT_FLOW_MODULE
NCT01403948#om3#OG008	NCT01403948	3	OG008	yes	COVERED_BY_A_AND_C	NCT01403948||bi 836826 150 mg iv (caucasian patients)	2	NON_IDENTICAL_ENCODING_ON_PRESERVED_FIELDS	UNRESOLVED__SEMANTIC_CORRESPONDENCE_NOT_ESTABLISHED	TEXT_DERIVED_ONLY	UNRESOLVED_MULTIPLE_MEASURE_TITLES|UNRESOLVED_MULTIPLE_TIME_FRAMES|SEMANTIC_DUPLICATION_UNRESOLVED|DISTINCTION_IS_TEXT_DERIVED_ONLY	PRESENT	6	POSTED	True		UNVERIFIABLE_IN_THIS_CACHE__NO_PARTICIPANT_FLOW_MODULE
NCT01403948#om3#OG009	NCT01403948	3	OG009	yes	COVERED_BY_A_AND_C	NCT01403948||bi 836826 200 mg iv (caucasian patients)	2	NON_IDENTICAL_ENCODING_ON_PRESERVED_FIELDS	UNRESOLVED__SEMANTIC_CORRESPONDENCE_NOT_ESTABLISHED	TEXT_DERIVED_ONLY	UNRESOLVED_MULTIPLE_MEASURE_TITLES|UNRESOLVED_MULTIPLE_TIME_FRAMES|SEMANTIC_DUPLICATION_UNRESOLVED|DISTINCTION_IS_TEXT_DERIVED_ONLY	PRESENT	7	POSTED	True		UNVERIFIABLE_IN_THIS_CACHE__NO_PARTICIPANT_FLOW_MODULE
NCT01403948#om4#OG000	NCT01403948	4	OG000	yes	COVERED_BY_A_AND_C	NCT01403948||bi 836826 1 mg iv (caucasian patients)	2	NON_IDENTICAL_ENCODING_ON_PRESERVED_FIELDS	UNRESOLVED__SEMANTIC_CORRESPONDENCE_NOT_ESTABLISHED	TEXT_DERIVED_ONLY	UNRESOLVED_MULTIPLE_MEASURE_TITLES|UNRESOLVED_MULTIPLE_TIME_FRAMES|SEMANTIC_DUPLICATION_UNRESOLVED|DISTINCTION_IS_TEXT_DERIVED_ONLY	PRESENT	1	POSTED	True		UNVERIFIABLE_IN_THIS_CACHE__NO_PARTICIPANT_FLOW_MODULE
NCT01403948#om4#OG001	NCT01403948	4	OG001	yes	COVERED_BY_A_AND_C	NCT01403948||bi 836826 3 mg iv (caucasian patients)	2	NON_IDENTICAL_ENCODING_ON_PRESERVED_FIELDS	UNRESOLVED__SEMANTIC_CORRESPONDENCE_NOT_ESTABLISHED	TEXT_DERIVED_ONLY	UNRESOLVED_MULTIPLE_MEASURE_TITLES|UNRESOLVED_MULTIPLE_TIME_FRAMES|SEMANTIC_DUPLICATION_UNRESOLVED|DISTINCTION_IS_TEXT_DERIVED_ONLY	PRESENT	4	POSTED	True		UNVERIFIABLE_IN_THIS_CACHE__NO_PARTICIPANT_FLOW_MODULE
NCT01403948#om4#OG002	NCT01403948	4	OG002	yes	COVERED_BY_A_AND_C	NCT01403948||bi 836826 9 mg iv (caucasian patients)	2	NON_IDENTICAL_ENCODING_ON_PRESERVED_FIELDS	UNRESOLVED__SEMANTIC_CORRESPONDENCE_NOT_ESTABLISHED	TEXT_DERIVED_ONLY	UNRESOLVED_MULTIPLE_MEASURE_TITLES|UNRESOLVED_MULTIPLE_TIME_FRAMES|SEMANTIC_DUPLICATION_UNRESOLVED|DISTINCTION_IS_TEXT_DERIVED_ONLY	PRESENT	3	POSTED	True		UNVERIFIABLE_IN_THIS_CACHE__NO_PARTICIPANT_FLOW_MODULE
NCT01403948#om4#OG003	NCT01403948	4	OG003	yes	COVERED_BY_A_AND_C	NCT01403948||bi 836826 25 mg iv (caucasian patients)	2	NON_IDENTICAL_ENCODING_ON_PRESERVED_FIELDS	UNRESOLVED__SEMANTIC_CORRESPONDENCE_NOT_ESTABLISHED	TEXT_DERIVED_ONLY	UNRESOLVED_MULTIPLE_MEASURE_TITLES|UNRESOLVED_MULTIPLE_TIME_FRAMES|SEMANTIC_DUPLICATION_UNRESOLVED|DISTINCTION_IS_TEXT_DERIVED_ONLY	PRESENT	4	POSTED	True		UNVERIFIABLE_IN_THIS_CACHE__NO_PARTICIPANT_FLOW_MODULE
NCT01403948#om4#OG004	NCT01403948	4	OG004	yes	COVERED_BY_A_AND_C	NCT01403948||bi 836826 50 mg iv (caucasian patients)	2	NON_IDENTICAL_ENCODING_ON_PRESERVED_FIELDS	UNRESOLVED__SEMANTIC_CORRESPONDENCE_NOT_ESTABLISHED	TEXT_DERIVED_ONLY	UNRESOLVED_MULTIPLE_MEASURE_TITLES|UNRESOLVED_MULTIPLE_TIME_FRAMES|SEMANTIC_DUPLICATION_UNRESOLVED|DISTINCTION_IS_TEXT_DERIVED_ONLY	PRESENT	6	POSTED	True		UNVERIFIABLE_IN_THIS_CACHE__NO_PARTICIPANT_FLOW_MODULE
NCT01403948#om4#OG005	NCT01403948	4	OG005	yes	COVERED_BY_A_AND_C	NCT01403948||bi 836826 50mg iv (korean patients)	2	NON_IDENTICAL_ENCODING_ON_PRESERVED_FIELDS	UNRESOLVED__SEMANTIC_CORRESPONDENCE_NOT_ESTABLISHED	TEXT_DERIVED_ONLY	UNRESOLVED_MULTIPLE_MEASURE_TITLES|UNRESOLVED_MULTIPLE_TIME_FRAMES|SEMANTIC_DUPLICATION_UNRESOLVED|DISTINCTION_IS_TEXT_DERIVED_ONLY	PRESENT	7	POSTED	True		UNVERIFIABLE_IN_THIS_CACHE__NO_PARTICIPANT_FLOW_MODULE
NCT01403948#om4#OG006	NCT01403948	4	OG006	yes	COVERED_BY_A_AND_C	NCT01403948||bi 836826 100 mg iv (caucasian patients)	2	NON_IDENTICAL_ENCODING_ON_PRESERVED_FIELDS	UNRESOLVED__SEMANTIC_CORRESPONDENCE_NOT_ESTABLISHED	TEXT_DERIVED_ONLY	UNRESOLVED_MULTIPLE_MEASURE_TITLES|UNRESOLVED_MULTIPLE_TIME_FRAMES|SEMANTIC_DUPLICATION_UNRESOLVED|DISTINCTION_IS_TEXT_DERIVED_ONLY	PRESENT	6	POSTED	True		UNVERIFIABLE_IN_THIS_CACHE__NO_PARTICIPANT_FLOW_MODULE
NCT01403948#om4#OG007	NCT01403948	4	OG007	yes	COVERED_BY_A_AND_C	NCT01403948||bi 836826 100 mg iv (korean patients)	2	NON_IDENTICAL_ENCODING_ON_PRESERVED_FIELDS	UNRESOLVED__SEMANTIC_CORRESPONDENCE_NOT_ESTABLISHED	TEXT_DERIVED_ONLY	UNRESOLVED_MULTIPLE_MEASURE_TITLES|UNRESOLVED_MULTIPLE_TIME_FRAMES|SEMANTIC_DUPLICATION_UNRESOLVED|DISTINCTION_IS_TEXT_DERIVED_ONLY	PRESENT	4	POSTED	True		UNVERIFIABLE_IN_THIS_CACHE__NO_PARTICIPANT_FLOW_MODULE
NCT01403948#om4#OG008	NCT01403948	4	OG008	yes	COVERED_BY_A_AND_C	NCT01403948||bi 836826 150 mg iv (caucasian patients)	2	NON_IDENTICAL_ENCODING_ON_PRESERVED_FIELDS	UNRESOLVED__SEMANTIC_CORRESPONDENCE_NOT_ESTABLISHED	TEXT_DERIVED_ONLY	UNRESOLVED_MULTIPLE_MEASURE_TITLES|UNRESOLVED_MULTIPLE_TIME_FRAMES|SEMANTIC_DUPLICATION_UNRESOLVED|DISTINCTION_IS_TEXT_DERIVED_ONLY	PRESENT	6	POSTED	True		UNVERIFIABLE_IN_THIS_CACHE__NO_PARTICIPANT_FLOW_MODULE
NCT01403948#om4#OG009	NCT01403948	4	OG009	yes	COVERED_BY_A_AND_C	NCT01403948||bi 836826 200 mg iv (caucasian patients)	2	NON_IDENTICAL_ENCODING_ON_PRESERVED_FIELDS	UNRESOLVED__SEMANTIC_CORRESPONDENCE_NOT_ESTABLISHED	TEXT_DERIVED_ONLY	UNRESOLVED_MULTIPLE_MEASURE_TITLES|UNRESOLVED_MULTIPLE_TIME_FRAMES|SEMANTIC_DUPLICATION_UNRESOLVED|DISTINCTION_IS_TEXT_DERIVED_ONLY	PRESENT	7	POSTED	True		UNVERIFIABLE_IN_THIS_CACHE__NO_PARTICIPANT_FLOW_MODULE
NCT01327612#om5#OG000	NCT01327612	5	OG000	yes	COVERED_BY_A_AND_C	NCT01327612||20050118: ganitumab 20 mg/kg	1	SINGLE_OBSERVATION__NO_COMPARISON_MADE	NOT_APPLICABLE__SINGLE_OBSERVATION	NONE	SINGLE_OBSERVATION	PRESENT	2	POSTED	True		UNVERIFIABLE_IN_THIS_CACHE__NO_PARTICIPANT_FLOW_MODULE
NCT01327612#om5#OG001	NCT01327612	5	OG001	yes	COVERED_BY_A_AND_C	NCT01327612||20050171: conatumumab 0.45 mg/kg	1	SINGLE_OBSERVATION__NO_COMPARISON_MADE	NOT_APPLICABLE__SINGLE_OBSERVATION	NONE	SINGLE_OBSERVATION	PRESENT	1	POSTED	True		UNVERIFIABLE_IN_THIS_CACHE__NO_PARTICIPANT_FLOW_MODULE
NCT01327612#om5#OG002	NCT01327612	5	OG002	yes	COVERED_BY_A_AND_C	NCT01327612||20060295: conatumumab 3 mg/kg	1	SINGLE_OBSERVATION__NO_COMPARISON_MADE	NOT_APPLICABLE__SINGLE_OBSERVATION	NONE	SINGLE_OBSERVATION	PRESENT	1	POSTED	True		UNVERIFIABLE_IN_THIS_CACHE__NO_PARTICIPANT_FLOW_MODULE
NCT01327612#om5#OG003	NCT01327612	5	OG003	yes	COVERED_BY_A_AND_C	NCT01327612||20060340: conatumumab 5 mg/kg	1	SINGLE_OBSERVATION__NO_COMPARISON_MADE	NOT_APPLICABLE__SINGLE_OBSERVATION	NONE	SINGLE_OBSERVATION	PRESENT	1	POSTED	True		UNVERIFIABLE_IN_THIS_CACHE__NO_PARTICIPANT_FLOW_MODULE
NCT01327612#om5#OG004	NCT01327612	5	OG004	yes	COVERED_BY_A_AND_C	NCT01327612||20060464: conatumumab 2 mg/kg + mfolfox6 + bevacizumab	1	SINGLE_OBSERVATION__NO_COMPARISON_MADE	NOT_APPLICABLE__SINGLE_OBSERVATION	NONE	SINGLE_OBSERVATION	PRESENT	2	POSTED	True		UNVERIFIABLE_IN_THIS_CACHE__NO_PARTICIPANT_FLOW_MODULE
NCT01327612#om5#OG005	NCT01327612	5	OG005	yes	COVERED_BY_A_AND_C	NCT01327612||20060464: conatumumab 10 mg/kg + mfolfox6 ± bevacizumab	1	SINGLE_OBSERVATION__NO_COMPARISON_MADE	NOT_APPLICABLE__SINGLE_OBSERVATION	NONE	SINGLE_OBSERVATION	PRESENT	3	POSTED	True		UNVERIFIABLE_IN_THIS_CACHE__NO_PARTICIPANT_FLOW_MODULE
NCT01327612#om5#OG006	NCT01327612	5	OG006	yes	COVERED_BY_A_AND_C	NCT01327612||20070411: conatumumab 15 mg/kg + ganitumab 18 mg/kg	1	SINGLE_OBSERVATION__NO_COMPARISON_MADE	NOT_APPLICABLE__SINGLE_OBSERVATION	NONE	SINGLE_OBSERVATION	PRESENT	2	POSTED	True		UNVERIFIABLE_IN_THIS_CACHE__NO_PARTICIPANT_FLOW_MODULE
NCT01832727#om3#OG000	NCT01832727	3	OG000	yes	COVERED_BY_A_AND_C	NCT01832727||phase 2 300 mg 2/7 schedule	2	NON_IDENTICAL_ENCODING_ON_PRESERVED_FIELDS	UNRESOLVED__SEMANTIC_CORRESPONDENCE_NOT_ESTABLISHED	INCLUDES_STRUCTURED_FIELD	UNRESOLVED_MULTIPLE_MEASURE_TITLES|UNRESOLVED_MULTIPLE_ENDPOINT_CONSTRUCTS|UNRESOLVED_MULTIPLE_PARAMTYPE_OR_UNIT|SEMANTIC_DUPLICATION_UNRESOLVED	PRESENT	18	POSTED	True		UNVERIFIABLE_IN_THIS_CACHE__NO_PARTICIPANT_FLOW_MODULE
NCT01859741#om1#OG000	NCT01859741	1	OG000	yes	COVERED_BY_A_AND_C	NCT01859741||p1b: omp-59r5 5mg/kg + eto + cis	1	SINGLE_OBSERVATION__NO_COMPARISON_MADE	NOT_APPLICABLE__SINGLE_OBSERVATION	NONE	SINGLE_OBSERVATION	PRESENT	3	POSTED	True		UNVERIFIABLE_IN_THIS_CACHE__NO_PARTICIPANT_FLOW_MODULE
NCT01859741#om1#OG001	NCT01859741	1	OG001	yes	COVERED_BY_A_AND_C	NCT01859741||p1b: omp-59r5 7.5 mg/kg + eto + cis	1	SINGLE_OBSERVATION__NO_COMPARISON_MADE	NOT_APPLICABLE__SINGLE_OBSERVATION	NONE	SINGLE_OBSERVATION	PRESENT	3	POSTED	True		UNVERIFIABLE_IN_THIS_CACHE__NO_PARTICIPANT_FLOW_MODULE
NCT01859741#om1#OG002	NCT01859741	1	OG002	yes	COVERED_BY_A_AND_C	NCT01859741||p1b: omp-59r5 10 mg/kg + eto + cis	1	SINGLE_OBSERVATION__NO_COMPARISON_MADE	NOT_APPLICABLE__SINGLE_OBSERVATION	NONE	SINGLE_OBSERVATION	PRESENT	5	POSTED	True		UNVERIFIABLE_IN_THIS_CACHE__NO_PARTICIPANT_FLOW_MODULE
NCT01859741#om1#OG003	NCT01859741	1	OG003	yes	COVERED_BY_A_AND_C	NCT01859741||p1b: omp-59r5 12.5 mg/kg + eto + cis	1	SINGLE_OBSERVATION__NO_COMPARISON_MADE	NOT_APPLICABLE__SINGLE_OBSERVATION	NONE	SINGLE_OBSERVATION	PRESENT	3	POSTED	True		UNVERIFIABLE_IN_THIS_CACHE__NO_PARTICIPANT_FLOW_MODULE
NCT01859741#om1#OG004	NCT01859741	1	OG004	yes	COVERED_BY_A_AND_C	NCT01859741||p1b: omp-59r5 15 mg/kg + eto + cis	1	SINGLE_OBSERVATION__NO_COMPARISON_MADE	NOT_APPLICABLE__SINGLE_OBSERVATION	NONE	SINGLE_OBSERVATION	PRESENT	6	POSTED	True		UNVERIFIABLE_IN_THIS_CACHE__NO_PARTICIPANT_FLOW_MODULE
NCT01859741#om1#OG005	NCT01859741	1	OG005	yes	COVERED_BY_A_AND_C	NCT01859741||p1b: omp-59r5 15mg/kg + eto + carb	1	SINGLE_OBSERVATION__NO_COMPARISON_MADE	NOT_APPLICABLE__SINGLE_OBSERVATION	NONE	SINGLE_OBSERVATION	PRESENT	6	POSTED	True		UNVERIFIABLE_IN_THIS_CACHE__NO_PARTICIPANT_FLOW_MODULE
NCT01296932#om4#OG000	NCT01296932	4	OG000	yes	COVERED_BY_A_AND_C	NCT01296932||bi 836826 1 milligram	1	SINGLE_OBSERVATION__NO_COMPARISON_MADE	NOT_APPLICABLE__SINGLE_OBSERVATION	NONE	SINGLE_OBSERVATION	PRESENT	3	POSTED	True		UNVERIFIABLE_IN_THIS_CACHE__NO_PARTICIPANT_FLOW_MODULE
NCT01296932#om4#OG001	NCT01296932	4	OG001	yes	COVERED_BY_A_AND_C	NCT01296932||bi 836826 3 milligram	1	SINGLE_OBSERVATION__NO_COMPARISON_MADE	NOT_APPLICABLE__SINGLE_OBSERVATION	NONE	SINGLE_OBSERVATION	PRESENT	3	POSTED	True		UNVERIFIABLE_IN_THIS_CACHE__NO_PARTICIPANT_FLOW_MODULE
NCT01296932#om4#OG002	NCT01296932	4	OG002	yes	COVERED_BY_A_AND_C	NCT01296932||bi 836826 9 milligram	1	SINGLE_OBSERVATION__NO_COMPARISON_MADE	NOT_APPLICABLE__SINGLE_OBSERVATION	NONE	SINGLE_OBSERVATION	PRESENT	6	POSTED	True		UNVERIFIABLE_IN_THIS_CACHE__NO_PARTICIPANT_FLOW_MODULE
NCT01296932#om4#OG003	NCT01296932	4	OG003	yes	COVERED_BY_A_AND_C	NCT01296932||bi 836826 25 milligram	1	SINGLE_OBSERVATION__NO_COMPARISON_MADE	NOT_APPLICABLE__SINGLE_OBSERVATION	NONE	SINGLE_OBSERVATION	PRESENT	6	POSTED	True		UNVERIFIABLE_IN_THIS_CACHE__NO_PARTICIPANT_FLOW_MODULE
NCT01296932#om4#OG004	NCT01296932	4	OG004	yes	COVERED_BY_A_AND_C	NCT01296932||bi 836826 50 milligram	1	SINGLE_OBSERVATION__NO_COMPARISON_MADE	NOT_APPLICABLE__SINGLE_OBSERVATION	NONE	SINGLE_OBSERVATION	PRESENT	3	POSTED	True		UNVERIFIABLE_IN_THIS_CACHE__NO_PARTICIPANT_FLOW_MODULE
NCT01296932#om4#OG005	NCT01296932	4	OG005	yes	COVERED_BY_A_AND_C	NCT01296932||bi 836826 100 milligram	1	SINGLE_OBSERVATION__NO_COMPARISON_MADE	NOT_APPLICABLE__SINGLE_OBSERVATION	NONE	SINGLE_OBSERVATION	PRESENT	3	POSTED	True		UNVERIFIABLE_IN_THIS_CACHE__NO_PARTICIPANT_FLOW_MODULE
NCT01296932#om4#OG006	NCT01296932	4	OG006	yes	COVERED_BY_A_AND_C	NCT01296932||bi 836826 200 milligram	1	SINGLE_OBSERVATION__NO_COMPARISON_MADE	NOT_APPLICABLE__SINGLE_OBSERVATION	NONE	SINGLE_OBSERVATION	PRESENT	6	POSTED	True		UNVERIFIABLE_IN_THIS_CACHE__NO_PARTICIPANT_FLOW_MODULE
NCT01296932#om4#OG007	NCT01296932	4	OG007	yes	COVERED_BY_A_AND_C	NCT01296932||bi 836826 400 milligram	1	SINGLE_OBSERVATION__NO_COMPARISON_MADE	NOT_APPLICABLE__SINGLE_OBSERVATION	NONE	SINGLE_OBSERVATION	PRESENT	3	POSTED	True		UNVERIFIABLE_IN_THIS_CACHE__NO_PARTICIPANT_FLOW_MODULE
NCT01296932#om4#OG008	NCT01296932	4	OG008	yes	COVERED_BY_A_AND_C	NCT01296932||bi 836826 800 milligram	1	SINGLE_OBSERVATION__NO_COMPARISON_MADE	NOT_APPLICABLE__SINGLE_OBSERVATION	NONE	SINGLE_OBSERVATION	PRESENT	4	POSTED	True		UNVERIFIABLE_IN_THIS_CACHE__NO_PARTICIPANT_FLOW_MODULE
NCT02472964#om0#OG000	NCT02472964	0	OG000	yes	COVERED_BY_A_AND_C	NCT02472964||herceptin© + taxane	1	SINGLE_OBSERVATION__NO_COMPARISON_MADE	NOT_APPLICABLE__SINGLE_OBSERVATION	NONE	SINGLE_OBSERVATION	PRESENT	228	POSTED	True		UNVERIFIABLE_IN_THIS_CACHE__NO_PARTICIPANT_FLOW_MODULE
NCT02472964#om0#OG001	NCT02472964	0	OG001	yes	COVERED_BY_A_AND_C	NCT02472964||myl-1401o trastuzumab + taxane	1	SINGLE_OBSERVATION__NO_COMPARISON_MADE	NOT_APPLICABLE__SINGLE_OBSERVATION	NONE	SINGLE_OBSERVATION	PRESENT	230	POSTED	True		UNVERIFIABLE_IN_THIS_CACHE__NO_PARTICIPANT_FLOW_MODULE
NCT01562028#om3#OG000	NCT01562028	3	OG000	yes	COVERED_BY_A_AND_C	NCT01562028||t790m positive	1	SINGLE_OBSERVATION__NO_COMPARISON_MADE	NOT_APPLICABLE__SINGLE_OBSERVATION	NONE	SINGLE_OBSERVATION	PRESENT	37	POSTED	True		UNVERIFIABLE_IN_THIS_CACHE__NO_PARTICIPANT_FLOW_MODULE
NCT01562028#om3#OG001	NCT01562028	3	OG001	yes	COVERED_BY_A_AND_C	NCT01562028||t790m negative	1	SINGLE_OBSERVATION__NO_COMPARISON_MADE	NOT_APPLICABLE__SINGLE_OBSERVATION	NONE	SINGLE_OBSERVATION	PRESENT	72	POSTED	True		UNVERIFIABLE_IN_THIS_CACHE__NO_PARTICIPANT_FLOW_MODULE
NCT01874054#om3#OG000	NCT01874054	3	OG000	yes	COVERED_BY_A_AND_C	NCT01874054||brentuximab vedotin + bendamustine	1	SINGLE_OBSERVATION__NO_COMPARISON_MADE	NOT_APPLICABLE__SINGLE_OBSERVATION	NONE	SINGLE_OBSERVATION	PRESENT	53	POSTED	True		UNVERIFIABLE_IN_THIS_CACHE__NO_PARTICIPANT_FLOW_MODULE
NCT01790503#om6#OG000	NCT01790503	6	OG000	yes	COVERED_BY_A_AND_C	NCT01790503||combined 800 mg, 5 days/week	1	SINGLE_OBSERVATION__NO_COMPARISON_MADE	NOT_APPLICABLE__SINGLE_OBSERVATION	NONE	SINGLE_OBSERVATION	PRESENT	53	POSTED	True		UNVERIFIABLE_IN_THIS_CACHE__NO_PARTICIPANT_FLOW_MODULE
NCT01740297#om3#OG000	NCT01740297	3	OG000	yes	COVERED_BY_A_AND_C	NCT01740297||phase 2: ipilimumab	4	NON_IDENTICAL_ENCODING_ON_PRESERVED_FIELDS	UNRESOLVED__SEMANTIC_CORRESPONDENCE_NOT_ESTABLISHED	INCLUDES_STRUCTURED_FIELD	UNRESOLVED_MULTIPLE_MEASURE_TITLES|UNRESOLVED_MULTIPLE_ENDPOINT_CONSTRUCTS|UNRESOLVED_MULTIPLE_PARAMTYPE_OR_UNIT|UNRESOLVED_MULTIPLE_OUTCOME_TYPES|SEMANTIC_DUPLICATION_UNRESOLVED	PRESENT	100	POSTED	True		UNVERIFIABLE_IN_THIS_CACHE__NO_PARTICIPANT_FLOW_MODULE
NCT01740297#om3#OG001	NCT01740297	3	OG001	yes	COVERED_BY_A_AND_C	NCT01740297||phase 2: talimogene laherparepvec + ipilimumab	4	NON_IDENTICAL_ENCODING_ON_PRESERVED_FIELDS	UNRESOLVED__SEMANTIC_CORRESPONDENCE_NOT_ESTABLISHED	INCLUDES_STRUCTURED_FIELD	UNRESOLVED_MULTIPLE_MEASURE_TITLES|UNRESOLVED_MULTIPLE_ENDPOINT_CONSTRUCTS|UNRESOLVED_MULTIPLE_PARAMTYPE_OR_UNIT|UNRESOLVED_MULTIPLE_OUTCOME_TYPES|SEMANTIC_DUPLICATION_UNRESOLVED	PRESENT	98	POSTED	True		UNVERIFIABLE_IN_THIS_CACHE__NO_PARTICIPANT_FLOW_MODULE
NCT01746225#om3#OG000	NCT01746225	3	OG000	yes	COVERED_BY_A_AND_C	NCT01746225||a: nab-paclitaxel 150 mg/m2 days 1,15	2	NON_IDENTICAL_ENCODING_ON_PRESERVED_FIELDS	UNRESOLVED__SEMANTIC_CORRESPONDENCE_NOT_ESTABLISHED	TEXT_DERIVED_ONLY	UNRESOLVED_MULTIPLE_MEASURE_TITLES|UNRESOLVED_MULTIPLE_ENDPOINT_CONSTRUCTS|UNRESOLVED_MULTIPLE_ASSESSMENT_CRITERIA|SEMANTIC_DUPLICATION_UNRESOLVED|DISTINCTION_IS_TEXT_DERIVED_ONLY	PRESENT	83	POSTED	True		UNVERIFIABLE_IN_THIS_CACHE__NO_PARTICIPANT_FLOW_MODULE
NCT01746225#om3#OG001	NCT01746225	3	OG001	yes	COVERED_BY_A_AND_C	NCT01746225||b: nab-paclitaxel 100 mg/m2 days 1,8,15	2	NON_IDENTICAL_ENCODING_ON_PRESERVED_FIELDS	UNRESOLVED__SEMANTIC_CORRESPONDENCE_NOT_ESTABLISHED	TEXT_DERIVED_ONLY	UNRESOLVED_MULTIPLE_MEASURE_TITLES|UNRESOLVED_MULTIPLE_ENDPOINT_CONSTRUCTS|UNRESOLVED_MULTIPLE_ASSESSMENT_CRITERIA|SEMANTIC_DUPLICATION_UNRESOLVED|DISTINCTION_IS_TEXT_DERIVED_ONLY	PRESENT	86	POSTED	True		UNVERIFIABLE_IN_THIS_CACHE__NO_PARTICIPANT_FLOW_MODULE
NCT01746225#om3#OG002	NCT01746225	3	OG002	yes	COVERED_BY_A_AND_C	NCT01746225||c: nab-paclitaxel 75 mg/m2 days 1,8,15,22	2	NON_IDENTICAL_ENCODING_ON_PRESERVED_FIELDS	UNRESOLVED__SEMANTIC_CORRESPONDENCE_NOT_ESTABLISHED	TEXT_DERIVED_ONLY	UNRESOLVED_MULTIPLE_MEASURE_TITLES|UNRESOLVED_MULTIPLE_ENDPOINT_CONSTRUCTS|UNRESOLVED_MULTIPLE_ASSESSMENT_CRITERIA|SEMANTIC_DUPLICATION_UNRESOLVED|DISTINCTION_IS_TEXT_DERIVED_ONLY	PRESENT	86	POSTED	True		UNVERIFIABLE_IN_THIS_CACHE__NO_PARTICIPANT_FLOW_MODULE
NCT01356628#om3#OG000	NCT01356628	3	OG000	yes	COVERED_BY_A_AND_C	NCT01356628||pd-0332991	1	SINGLE_OBSERVATION__NO_COMPARISON_MADE	NOT_APPLICABLE__SINGLE_OBSERVATION	NONE	SINGLE_OBSERVATION	PRESENT	19	POSTED	True		UNVERIFIABLE_IN_THIS_CACHE__NO_PARTICIPANT_FLOW_MODULE
NCT01975519#om2#OG000	NCT01975519	2	OG000	yes	COVERED_BY_A_AND_C	NCT01975519||10 mg/kg trc105 + pazopanib with angiosarcoma	1	SINGLE_OBSERVATION__NO_COMPARISON_MADE	NOT_APPLICABLE__SINGLE_OBSERVATION	NONE	SINGLE_OBSERVATION	PRESENT	5	POSTED	True		UNVERIFIABLE_IN_THIS_CACHE__NO_PARTICIPANT_FLOW_MODULE
NCT01975519#om6#OG000	NCT01975519	6	OG000	yes	COVERED_BY_A_AND_C	NCT01975519||8 mg/kg trc105 + pazopanib	1	SINGLE_OBSERVATION__NO_COMPARISON_MADE	NOT_APPLICABLE__SINGLE_OBSERVATION	NONE	SINGLE_OBSERVATION	PRESENT	3	POSTED	True		UNVERIFIABLE_IN_THIS_CACHE__NO_PARTICIPANT_FLOW_MODULE
NCT01975519#om6#OG001	NCT01975519	6	OG001	yes	COVERED_BY_A_AND_C	NCT01975519||10 mg/kg trc105 + pazopanib	1	SINGLE_OBSERVATION__NO_COMPARISON_MADE	NOT_APPLICABLE__SINGLE_OBSERVATION	NONE	SINGLE_OBSERVATION	PRESENT	78	POSTED	True		UNVERIFIABLE_IN_THIS_CACHE__NO_PARTICIPANT_FLOW_MODULE
NCT01558661#om0#OG000	NCT01558661	0	OG000	yes	COVERED_BY_A_AND_C	NCT01558661||ag-013736 (axitinib)	1	SINGLE_OBSERVATION__NO_COMPARISON_MADE	NOT_APPLICABLE__SINGLE_OBSERVATION	NONE	SINGLE_OBSERVATION	PRESENT	33	POSTED	True		UNVERIFIABLE_IN_THIS_CACHE__NO_PARTICIPANT_FLOW_MODULE
NCT01256359#om3#OG000	NCT01256359	3	OG000	yes	COVERED_BY_A_AND_C	NCT01256359||docetaxel and azd6244	3	NON_IDENTICAL_ENCODING_ON_PRESERVED_FIELDS	UNRESOLVED__SEMANTIC_CORRESPONDENCE_NOT_ESTABLISHED	INCLUDES_STRUCTURED_FIELD	UNRESOLVED_MULTIPLE_MEASURE_TITLES|UNRESOLVED_MULTIPLE_ENDPOINT_CONSTRUCTS|UNRESOLVED_MULTIPLE_POPULATION_DESCRIPTIONS|UNRESOLVED_MULTIPLE_DENOMINATORS|UNRESOLVED_MULTIPLE_OUTCOME_TYPES|SEMANTIC_DUPLICATION_UNRESOLVED	PRESENT	41	POSTED	True		UNVERIFIABLE_IN_THIS_CACHE__NO_PARTICIPANT_FLOW_MODULE
NCT01256359#om3#OG001	NCT01256359	3	OG001	yes	COVERED_BY_A_AND_C	NCT01256359||docetaxel and placebo	3	NON_IDENTICAL_ENCODING_ON_PRESERVED_FIELDS	UNRESOLVED__SEMANTIC_CORRESPONDENCE_NOT_ESTABLISHED	INCLUDES_STRUCTURED_FIELD	UNRESOLVED_MULTIPLE_MEASURE_TITLES|UNRESOLVED_MULTIPLE_ENDPOINT_CONSTRUCTS|UNRESOLVED_MULTIPLE_POPULATION_DESCRIPTIONS|UNRESOLVED_MULTIPLE_DENOMINATORS|UNRESOLVED_MULTIPLE_OUTCOME_TYPES|SEMANTIC_DUPLICATION_UNRESOLVED	PRESENT	42	POSTED	True		UNVERIFIABLE_IN_THIS_CACHE__NO_PARTICIPANT_FLOW_MODULE
NCT01256359#om46#OG000	NCT01256359	46	OG000	yes	COVERED_BY_A_AND_C	NCT01256359||docetaxel and azd6244	3	NON_IDENTICAL_ENCODING_ON_PRESERVED_FIELDS	UNRESOLVED__SEMANTIC_CORRESPONDENCE_NOT_ESTABLISHED	INCLUDES_STRUCTURED_FIELD	UNRESOLVED_MULTIPLE_MEASURE_TITLES|UNRESOLVED_MULTIPLE_ENDPOINT_CONSTRUCTS|UNRESOLVED_MULTIPLE_POPULATION_DESCRIPTIONS|UNRESOLVED_MULTIPLE_DENOMINATORS|UNRESOLVED_MULTIPLE_OUTCOME_TYPES|SEMANTIC_DUPLICATION_UNRESOLVED	PRESENT	9	POSTED	True		UNVERIFIABLE_IN_THIS_CACHE__NO_PARTICIPANT_FLOW_MODULE
NCT01256359#om46#OG001	NCT01256359	46	OG001	yes	COVERED_BY_A_AND_C	NCT01256359||docetaxel and placebo	3	NON_IDENTICAL_ENCODING_ON_PRESERVED_FIELDS	UNRESOLVED__SEMANTIC_CORRESPONDENCE_NOT_ESTABLISHED	INCLUDES_STRUCTURED_FIELD	UNRESOLVED_MULTIPLE_MEASURE_TITLES|UNRESOLVED_MULTIPLE_ENDPOINT_CONSTRUCTS|UNRESOLVED_MULTIPLE_POPULATION_DESCRIPTIONS|UNRESOLVED_MULTIPLE_DENOMINATORS|UNRESOLVED_MULTIPLE_OUTCOME_TYPES|SEMANTIC_DUPLICATION_UNRESOLVED	PRESENT	14	POSTED	True		UNVERIFIABLE_IN_THIS_CACHE__NO_PARTICIPANT_FLOW_MODULE
NCT01256359#om50#OG000	NCT01256359	50	OG000	yes	COVERED_BY_A_AND_C	NCT01256359||docetaxel and azd6244	3	NON_IDENTICAL_ENCODING_ON_PRESERVED_FIELDS	UNRESOLVED__SEMANTIC_CORRESPONDENCE_NOT_ESTABLISHED	INCLUDES_STRUCTURED_FIELD	UNRESOLVED_MULTIPLE_MEASURE_TITLES|UNRESOLVED_MULTIPLE_ENDPOINT_CONSTRUCTS|UNRESOLVED_MULTIPLE_POPULATION_DESCRIPTIONS|UNRESOLVED_MULTIPLE_DENOMINATORS|UNRESOLVED_MULTIPLE_OUTCOME_TYPES|SEMANTIC_DUPLICATION_UNRESOLVED	PRESENT	20	POSTED	True		UNVERIFIABLE_IN_THIS_CACHE__NO_PARTICIPANT_FLOW_MODULE
NCT01256359#om50#OG001	NCT01256359	50	OG001	yes	COVERED_BY_A_AND_C	NCT01256359||docetaxel and placebo	3	NON_IDENTICAL_ENCODING_ON_PRESERVED_FIELDS	UNRESOLVED__SEMANTIC_CORRESPONDENCE_NOT_ESTABLISHED	INCLUDES_STRUCTURED_FIELD	UNRESOLVED_MULTIPLE_MEASURE_TITLES|UNRESOLVED_MULTIPLE_ENDPOINT_CONSTRUCTS|UNRESOLVED_MULTIPLE_POPULATION_DESCRIPTIONS|UNRESOLVED_MULTIPLE_DENOMINATORS|UNRESOLVED_MULTIPLE_OUTCOME_TYPES|SEMANTIC_DUPLICATION_UNRESOLVED	PRESENT	17	POSTED	True		UNVERIFIABLE_IN_THIS_CACHE__NO_PARTICIPANT_FLOW_MODULE
NCT01676818#om2#OG000	NCT01676818	2	OG000	yes	COVERED_BY_A_AND_C	NCT01676818||eribulin mesylate	1	SINGLE_OBSERVATION__NO_COMPARISON_MADE	NOT_APPLICABLE__SINGLE_OBSERVATION	NONE	SINGLE_OBSERVATION	PRESENT	30	POSTED	True		UNVERIFIABLE_IN_THIS_CACHE__NO_PARTICIPANT_FLOW_MODULE
NCT02762513#om3#OG000	NCT02762513	3	OG000	yes	COVERED_BY_A_AND_C	NCT02762513||axitinib	1	SINGLE_OBSERVATION__NO_COMPARISON_MADE	NOT_APPLICABLE__SINGLE_OBSERVATION	NONE	SINGLE_OBSERVATION	PRESENT	28	POSTED	True		UNVERIFIABLE_IN_THIS_CACHE__NO_PARTICIPANT_FLOW_MODULE
NCT02402764#om0#OG000	NCT02402764	0	OG000	yes	COVERED_BY_A_AND_C	NCT02402764||selinexor treatment	3	NON_IDENTICAL_ENCODING_ON_PRESERVED_FIELDS	UNRESOLVED__SEMANTIC_CORRESPONDENCE_NOT_ESTABLISHED	INCLUDES_STRUCTURED_FIELD	UNRESOLVED_MULTIPLE_MEASURE_TITLES|UNRESOLVED_MULTIPLE_ENDPOINT_CONSTRUCTS|UNRESOLVED_MULTIPLE_ASSESSMENT_CRITERIA|UNRESOLVED_MULTIPLE_POPULATION_DESCRIPTIONS|UNRESOLVED_MULTIPLE_DENOMINATORS|UNRESOLVED_MULTIPLE_PARAMTYPE_OR_UNIT|UNRESOLVED_MULTIPLE_OUTCOME_TYPES|SEMANTIC_DUPLICATION_UNRESOLVED	PRESENT	10	POSTED	True		UNVERIFIABLE_IN_THIS_CACHE__NO_PARTICIPANT_FLOW_MODULE
NCT02431260#om7#OG000	NCT02431260	7	OG000	yes	COVERED_BY_A_AND_C	NCT02431260||part 2 / treatment group a: 20 mg bid incb054329	1	SINGLE_OBSERVATION__NO_COMPARISON_MADE	NOT_APPLICABLE__SINGLE_OBSERVATION	NONE	SINGLE_OBSERVATION	PRESENT	10	POSTED	True		UNVERIFIABLE_IN_THIS_CACHE__NO_PARTICIPANT_FLOW_MODULE
NCT02347917#om5#OG000	NCT02347917	5	OG000	yes	COVERED_BY_A_AND_C	NCT02347917||nsclc: bbi608 + pem + cddp (phase 1 part)	2	NON_IDENTICAL_ENCODING_ON_PRESERVED_FIELDS	UNRESOLVED__SEMANTIC_CORRESPONDENCE_NOT_ESTABLISHED	TEXT_DERIVED_ONLY	UNRESOLVED_MULTIPLE_MEASURE_TITLES|UNRESOLVED_MULTIPLE_ENDPOINT_CONSTRUCTS|UNRESOLVED_MULTIPLE_TIME_FRAMES|UNRESOLVED_MULTIPLE_ASSESSMENT_CRITERIA|SEMANTIC_DUPLICATION_UNRESOLVED|DISTINCTION_IS_TEXT_DERIVED_ONLY	PRESENT	3	POSTED	True		UNVERIFIABLE_IN_THIS_CACHE__NO_PARTICIPANT_FLOW_MODULE
NCT02347917#om5#OG002	NCT02347917	5	OG002	yes	COVERED_BY_A_AND_C	NCT02347917||mpm or nsclc: bbi608 + pem + cddp (phase 1 part)	2	NON_IDENTICAL_ENCODING_ON_PRESERVED_FIELDS	UNRESOLVED__SEMANTIC_CORRESPONDENCE_NOT_ESTABLISHED	TEXT_DERIVED_ONLY	UNRESOLVED_MULTIPLE_MEASURE_TITLES|UNRESOLVED_MULTIPLE_ENDPOINT_CONSTRUCTS|UNRESOLVED_MULTIPLE_TIME_FRAMES|UNRESOLVED_MULTIPLE_ASSESSMENT_CRITERIA|SEMANTIC_DUPLICATION_UNRESOLVED|DISTINCTION_IS_TEXT_DERIVED_ONLY	PRESENT	4	POSTED	True		UNVERIFIABLE_IN_THIS_CACHE__NO_PARTICIPANT_FLOW_MODULE
NCT02347917#om5#OG003	NCT02347917	5	OG003	yes	COVERED_BY_A_AND_C	NCT02347917||mpm: bbi608 + pem + cddp (phase 2 part)	2	NON_IDENTICAL_ENCODING_ON_PRESERVED_FIELDS	UNRESOLVED__SEMANTIC_CORRESPONDENCE_NOT_ESTABLISHED	TEXT_DERIVED_ONLY	UNRESOLVED_MULTIPLE_MEASURE_TITLES|UNRESOLVED_MULTIPLE_ENDPOINT_CONSTRUCTS|UNRESOLVED_MULTIPLE_TIME_FRAMES|UNRESOLVED_MULTIPLE_ASSESSMENT_CRITERIA|SEMANTIC_DUPLICATION_UNRESOLVED|DISTINCTION_IS_TEXT_DERIVED_ONLY	PRESENT	24	POSTED	True		UNVERIFIABLE_IN_THIS_CACHE__NO_PARTICIPANT_FLOW_MODULE
NCT02347917#om5#OG004	NCT02347917	5	OG004	yes	COVERED_BY_A_AND_C	NCT02347917||mpm: bbi608 + pem + cddp (phase 2 part including participants with mpm in phase 1 part)	1	SINGLE_OBSERVATION__NO_COMPARISON_MADE	NOT_APPLICABLE__SINGLE_OBSERVATION	NONE	SINGLE_OBSERVATION	PRESENT	25	POSTED	True		UNVERIFIABLE_IN_THIS_CACHE__NO_PARTICIPANT_FLOW_MODULE
NCT02578641#om4#OG000	NCT02578641	4	OG000	yes	COVERED_BY_A_AND_C	NCT02578641||chemo + ebv-ctl	3	NON_IDENTICAL_ENCODING_ON_PRESERVED_FIELDS	UNRESOLVED__SEMANTIC_CORRESPONDENCE_NOT_ESTABLISHED	TEXT_DERIVED_ONLY	UNRESOLVED_MULTIPLE_MEASURE_TITLES|UNRESOLVED_MULTIPLE_ENDPOINT_CONSTRUCTS|SEMANTIC_DUPLICATION_UNRESOLVED|DISTINCTION_IS_TEXT_DERIVED_ONLY	PRESENT	164	POSTED	True		UNVERIFIABLE_IN_THIS_CACHE__NO_PARTICIPANT_FLOW_MODULE
NCT02578641#om4#OG001	NCT02578641	4	OG001	yes	COVERED_BY_A_AND_C	NCT02578641||chemo only	3	NON_IDENTICAL_ENCODING_ON_PRESERVED_FIELDS	UNRESOLVED__SEMANTIC_CORRESPONDENCE_NOT_ESTABLISHED	TEXT_DERIVED_ONLY	UNRESOLVED_MULTIPLE_MEASURE_TITLES|UNRESOLVED_MULTIPLE_ENDPOINT_CONSTRUCTS|SEMANTIC_DUPLICATION_UNRESOLVED|DISTINCTION_IS_TEXT_DERIVED_ONLY	PRESENT	166	POSTED	True		UNVERIFIABLE_IN_THIS_CACHE__NO_PARTICIPANT_FLOW_MODULE
NCT02395172#om4#OG000	NCT02395172	4	OG000	yes	COVERED_BY_A_AND_C	NCT02395172||avelumab	4	NON_IDENTICAL_ENCODING_ON_PRESERVED_FIELDS	UNRESOLVED__SEMANTIC_CORRESPONDENCE_NOT_ESTABLISHED	INCLUDES_STRUCTURED_FIELD	UNRESOLVED_MULTIPLE_MEASURE_TITLES|UNRESOLVED_MULTIPLE_ENDPOINT_CONSTRUCTS|UNRESOLVED_MULTIPLE_POPULATION_DESCRIPTIONS|UNRESOLVED_MULTIPLE_DENOMINATORS|UNRESOLVED_MULTIPLE_PARAMTYPE_OR_UNIT|SEMANTIC_DUPLICATION_UNRESOLVED	PRESENT	396	POSTED	True		UNVERIFIABLE_IN_THIS_CACHE__NO_PARTICIPANT_FLOW_MODULE
NCT02395172#om4#OG001	NCT02395172	4	OG001	yes	COVERED_BY_A_AND_C	NCT02395172||docetaxel	4	NON_IDENTICAL_ENCODING_ON_PRESERVED_FIELDS	UNRESOLVED__SEMANTIC_CORRESPONDENCE_NOT_ESTABLISHED	INCLUDES_STRUCTURED_FIELD	UNRESOLVED_MULTIPLE_MEASURE_TITLES|UNRESOLVED_MULTIPLE_ENDPOINT_CONSTRUCTS|UNRESOLVED_MULTIPLE_POPULATION_DESCRIPTIONS|UNRESOLVED_MULTIPLE_DENOMINATORS|UNRESOLVED_MULTIPLE_PARAMTYPE_OR_UNIT|SEMANTIC_DUPLICATION_UNRESOLVED	PRESENT	396	POSTED	True		UNVERIFIABLE_IN_THIS_CACHE__NO_PARTICIPANT_FLOW_MODULE
NCT02395172#om5#OG000	NCT02395172	5	OG000	yes	COVERED_BY_A_AND_C	NCT02395172||avelumab	4	NON_IDENTICAL_ENCODING_ON_PRESERVED_FIELDS	UNRESOLVED__SEMANTIC_CORRESPONDENCE_NOT_ESTABLISHED	INCLUDES_STRUCTURED_FIELD	UNRESOLVED_MULTIPLE_MEASURE_TITLES|UNRESOLVED_MULTIPLE_ENDPOINT_CONSTRUCTS|UNRESOLVED_MULTIPLE_POPULATION_DESCRIPTIONS|UNRESOLVED_MULTIPLE_DENOMINATORS|UNRESOLVED_MULTIPLE_PARAMTYPE_OR_UNIT|SEMANTIC_DUPLICATION_UNRESOLVED	PRESENT	264	POSTED	True		UNVERIFIABLE_IN_THIS_CACHE__NO_PARTICIPANT_FLOW_MODULE
NCT02395172#om5#OG001	NCT02395172	5	OG001	yes	COVERED_BY_A_AND_C	NCT02395172||docetaxel	4	NON_IDENTICAL_ENCODING_ON_PRESERVED_FIELDS	UNRESOLVED__SEMANTIC_CORRESPONDENCE_NOT_ESTABLISHED	INCLUDES_STRUCTURED_FIELD	UNRESOLVED_MULTIPLE_MEASURE_TITLES|UNRESOLVED_MULTIPLE_ENDPOINT_CONSTRUCTS|UNRESOLVED_MULTIPLE_POPULATION_DESCRIPTIONS|UNRESOLVED_MULTIPLE_DENOMINATORS|UNRESOLVED_MULTIPLE_PARAMTYPE_OR_UNIT|SEMANTIC_DUPLICATION_UNRESOLVED	PRESENT	265	POSTED	True		UNVERIFIABLE_IN_THIS_CACHE__NO_PARTICIPANT_FLOW_MODULE
NCT02644278#om11#OG000	NCT02644278	11	OG000	yes	COVERED_BY_A_AND_C	NCT02644278||vx-984 120 mg + pld 40 mg/m^2	1	SINGLE_OBSERVATION__NO_COMPARISON_MADE	NOT_APPLICABLE__SINGLE_OBSERVATION	NONE	SINGLE_OBSERVATION	PRESENT	3	POSTED	True		UNVERIFIABLE_IN_THIS_CACHE__NO_PARTICIPANT_FLOW_MODULE
NCT02644278#om11#OG001	NCT02644278	11	OG001	yes	COVERED_BY_A_AND_C	NCT02644278||vx-984 240 mg + pld 40 mg/m^2	1	SINGLE_OBSERVATION__NO_COMPARISON_MADE	NOT_APPLICABLE__SINGLE_OBSERVATION	NONE	SINGLE_OBSERVATION	PRESENT	3	POSTED	True		UNVERIFIABLE_IN_THIS_CACHE__NO_PARTICIPANT_FLOW_MODULE
NCT02644278#om11#OG002	NCT02644278	11	OG002	yes	COVERED_BY_A_AND_C	NCT02644278||vx-984 480 mg + pld 40 mg/m^2	1	SINGLE_OBSERVATION__NO_COMPARISON_MADE	NOT_APPLICABLE__SINGLE_OBSERVATION	NONE	SINGLE_OBSERVATION	PRESENT	6	POSTED	True		UNVERIFIABLE_IN_THIS_CACHE__NO_PARTICIPANT_FLOW_MODULE
NCT02644278#om11#OG003	NCT02644278	11	OG003	yes	COVERED_BY_A_AND_C	NCT02644278||vx-984 720 mg + pld 40 mg/m^2	1	SINGLE_OBSERVATION__NO_COMPARISON_MADE	NOT_APPLICABLE__SINGLE_OBSERVATION	NONE	SINGLE_OBSERVATION	PRESENT	3	POSTED	True		UNVERIFIABLE_IN_THIS_CACHE__NO_PARTICIPANT_FLOW_MODULE
NCT02625623#om2#OG000	NCT02625623	2	OG000	yes	COVERED_BY_A_AND_C	NCT02625623||physician choice chemotherapy + best supportive care (bsc)	2	NON_IDENTICAL_ENCODING_ON_PRESERVED_FIELDS	UNRESOLVED__SEMANTIC_CORRESPONDENCE_NOT_ESTABLISHED	INCLUDES_STRUCTURED_FIELD	UNRESOLVED_MULTIPLE_MEASURE_TITLES|UNRESOLVED_MULTIPLE_ENDPOINT_CONSTRUCTS|UNRESOLVED_MULTIPLE_PARAMTYPE_OR_UNIT|SEMANTIC_DUPLICATION_UNRESOLVED	PRESENT	186	POSTED	True		UNVERIFIABLE_IN_THIS_CACHE__NO_PARTICIPANT_FLOW_MODULE
NCT02625623#om2#OG001	NCT02625623	2	OG001	yes	COVERED_BY_A_AND_C	NCT02625623||avelumab + bsc	1	SINGLE_OBSERVATION__NO_COMPARISON_MADE	NOT_APPLICABLE__SINGLE_OBSERVATION	NONE	SINGLE_OBSERVATION	PRESENT	185	POSTED	True		UNVERIFIABLE_IN_THIS_CACHE__NO_PARTICIPANT_FLOW_MODULE
NCT03088540#om3#OG000	NCT03088540	3	OG000	yes	COVERED_BY_A_AND_C	NCT03088540||cemiplimab	2	NON_IDENTICAL_ENCODING_ON_PRESERVED_FIELDS	UNRESOLVED__SEMANTIC_CORRESPONDENCE_NOT_ESTABLISHED	INCLUDES_STRUCTURED_FIELD	UNRESOLVED_MULTIPLE_MEASURE_TITLES|UNRESOLVED_MULTIPLE_ENDPOINT_CONSTRUCTS|UNRESOLVED_MULTIPLE_PARAMTYPE_OR_UNIT|SEMANTIC_DUPLICATION_UNRESOLVED	PRESENT	357	POSTED	True		UNVERIFIABLE_IN_THIS_CACHE__NO_PARTICIPANT_FLOW_MODULE
NCT03088540#om3#OG001	NCT03088540	3	OG001	yes	COVERED_BY_A_AND_C	NCT03088540||chemotherapy	2	NON_IDENTICAL_ENCODING_ON_PRESERVED_FIELDS	UNRESOLVED__SEMANTIC_CORRESPONDENCE_NOT_ESTABLISHED	INCLUDES_STRUCTURED_FIELD	UNRESOLVED_MULTIPLE_MEASURE_TITLES|UNRESOLVED_MULTIPLE_ENDPOINT_CONSTRUCTS|UNRESOLVED_MULTIPLE_PARAMTYPE_OR_UNIT|SEMANTIC_DUPLICATION_UNRESOLVED	PRESENT	355	POSTED	True		UNVERIFIABLE_IN_THIS_CACHE__NO_PARTICIPANT_FLOW_MODULE
NCT02895360#om6#OG000	NCT02895360	6	OG000	yes	COVERED_BY_A_AND_C	NCT02895360||phase 1- in the fap	1	SINGLE_OBSERVATION__NO_COMPARISON_MADE	NOT_APPLICABLE__SINGLE_OBSERVATION	NONE	SINGLE_OBSERVATION	PRESENT	20	POSTED	True		UNVERIFIABLE_IN_THIS_CACHE__NO_PARTICIPANT_FLOW_MODULE
NCT02895360#om6#OG001	NCT02895360	6	OG001	yes	COVERED_BY_A_AND_C	NCT02895360||phase 2a - patients with ovarian cancer in the fap	1	SINGLE_OBSERVATION__NO_COMPARISON_MADE	NOT_APPLICABLE__SINGLE_OBSERVATION	NONE	SINGLE_OBSERVATION	PRESENT	11	POSTED	True		UNVERIFIABLE_IN_THIS_CACHE__NO_PARTICIPANT_FLOW_MODULE
NCT02895360#om6#OG002	NCT02895360	6	OG002	yes	COVERED_BY_A_AND_C	NCT02895360||phase 2a - patients with ovarian cancer in the eep	1	SINGLE_OBSERVATION__NO_COMPARISON_MADE	NOT_APPLICABLE__SINGLE_OBSERVATION	NONE	SINGLE_OBSERVATION	PRESENT	8	POSTED	True		UNVERIFIABLE_IN_THIS_CACHE__NO_PARTICIPANT_FLOW_MODULE
NCT02895360#om6#OG003	NCT02895360	6	OG003	yes	COVERED_BY_A_AND_C	NCT02895360||phase 2a - patients with recurrent glioblastoma in the fap	1	SINGLE_OBSERVATION__NO_COMPARISON_MADE	NOT_APPLICABLE__SINGLE_OBSERVATION	NONE	SINGLE_OBSERVATION	PRESENT	12	POSTED	True		UNVERIFIABLE_IN_THIS_CACHE__NO_PARTICIPANT_FLOW_MODULE
NCT02895360#om6#OG004	NCT02895360	6	OG004	yes	COVERED_BY_A_AND_C	NCT02895360||phase 2a - patients with recurrent glioblastoma in the eep	1	SINGLE_OBSERVATION__NO_COMPARISON_MADE	NOT_APPLICABLE__SINGLE_OBSERVATION	NONE	SINGLE_OBSERVATION	PRESENT	8	POSTED	True		UNVERIFIABLE_IN_THIS_CACHE__NO_PARTICIPANT_FLOW_MODULE
NCT02509507#om4#OG000	NCT02509507	4	OG000	yes	COVERED_BY_A_AND_C	NCT02509507||part 1: monotherapy group a	4	NON_IDENTICAL_ENCODING_ON_PRESERVED_FIELDS	UNRESOLVED__SEMANTIC_CORRESPONDENCE_NOT_ESTABLISHED	INCLUDES_STRUCTURED_FIELD	UNRESOLVED_MULTIPLE_MEASURE_TITLES|UNRESOLVED_MULTIPLE_ENDPOINT_CONSTRUCTS|UNRESOLVED_MULTIPLE_POPULATION_DESCRIPTIONS|UNRESOLVED_MULTIPLE_PARAMTYPE_OR_UNIT|SEMANTIC_DUPLICATION_UNRESOLVED	PRESENT	23	POSTED	True	NONCOLLECTION_STATEMENT	UNVERIFIABLE_IN_THIS_CACHE__NO_PARTICIPANT_FLOW_MODULE
NCT02509507#om4#OG001	NCT02509507	4	OG001	yes	COVERED_BY_A_AND_C	NCT02509507||part 1: monotherapy group b	4	NON_IDENTICAL_ENCODING_ON_PRESERVED_FIELDS	UNRESOLVED__SEMANTIC_CORRESPONDENCE_NOT_ESTABLISHED	INCLUDES_STRUCTURED_FIELD	UNRESOLVED_MULTIPLE_MEASURE_TITLES|UNRESOLVED_MULTIPLE_ENDPOINT_CONSTRUCTS|UNRESOLVED_MULTIPLE_POPULATION_DESCRIPTIONS|UNRESOLVED_MULTIPLE_PARAMTYPE_OR_UNIT|SEMANTIC_DUPLICATION_UNRESOLVED	PRESENT	5	POSTED	True	NONCOLLECTION_STATEMENT	UNVERIFIABLE_IN_THIS_CACHE__NO_PARTICIPANT_FLOW_MODULE
NCT02509507#om4#OG002	NCT02509507	4	OG002	yes	COVERED_BY_A_AND_C	NCT02509507||part 1: combination therapy group a	4	NON_IDENTICAL_ENCODING_ON_PRESERVED_FIELDS	UNRESOLVED__SEMANTIC_CORRESPONDENCE_NOT_ESTABLISHED	INCLUDES_STRUCTURED_FIELD	UNRESOLVED_MULTIPLE_MEASURE_TITLES|UNRESOLVED_MULTIPLE_ENDPOINT_CONSTRUCTS|UNRESOLVED_MULTIPLE_POPULATION_DESCRIPTIONS|UNRESOLVED_MULTIPLE_PARAMTYPE_OR_UNIT|SEMANTIC_DUPLICATION_UNRESOLVED	PRESENT	24	POSTED	True	NONCOLLECTION_STATEMENT	UNVERIFIABLE_IN_THIS_CACHE__NO_PARTICIPANT_FLOW_MODULE
NCT02509507#om4#OG003	NCT02509507	4	OG003	yes	COVERED_BY_A_AND_C	NCT02509507||part 1: combination therapy group b	4	NON_IDENTICAL_ENCODING_ON_PRESERVED_FIELDS	UNRESOLVED__SEMANTIC_CORRESPONDENCE_NOT_ESTABLISHED	INCLUDES_STRUCTURED_FIELD	UNRESOLVED_MULTIPLE_MEASURE_TITLES|UNRESOLVED_MULTIPLE_ENDPOINT_CONSTRUCTS|UNRESOLVED_MULTIPLE_POPULATION_DESCRIPTIONS|UNRESOLVED_MULTIPLE_PARAMTYPE_OR_UNIT|SEMANTIC_DUPLICATION_UNRESOLVED	PRESENT	22	POSTED	True	NONCOLLECTION_STATEMENT	UNVERIFIABLE_IN_THIS_CACHE__NO_PARTICIPANT_FLOW_MODULE
NCT02509507#om4#OG004	NCT02509507	4	OG004	yes	COVERED_BY_A_AND_C	NCT02509507||part 2: hormone receptor positive breast cancer (hrbc)	4	NON_IDENTICAL_ENCODING_ON_PRESERVED_FIELDS	UNRESOLVED__SEMANTIC_CORRESPONDENCE_NOT_ESTABLISHED	INCLUDES_STRUCTURED_FIELD	UNRESOLVED_MULTIPLE_MEASURE_TITLES|UNRESOLVED_MULTIPLE_ENDPOINT_CONSTRUCTS|UNRESOLVED_MULTIPLE_TIME_FRAMES|UNRESOLVED_MULTIPLE_POPULATION_DESCRIPTIONS|UNRESOLVED_MULTIPLE_PARAMTYPE_OR_UNIT|UNRESOLVED_MULTIPLE_OUTCOME_TYPES|SEMANTIC_DUPLICATION_UNRESOLVED	PRESENT	10	POSTED	True	NONCOLLECTION_STATEMENT	UNVERIFIABLE_IN_THIS_CACHE__NO_PARTICIPANT_FLOW_MODULE
NCT02509507#om4#OG005	NCT02509507	4	OG005	yes	COVERED_BY_A_AND_C	NCT02509507||part 2: triple negative breast cancer (tnbc)	4	NON_IDENTICAL_ENCODING_ON_PRESERVED_FIELDS	UNRESOLVED__SEMANTIC_CORRESPONDENCE_NOT_ESTABLISHED	INCLUDES_STRUCTURED_FIELD	UNRESOLVED_MULTIPLE_MEASURE_TITLES|UNRESOLVED_MULTIPLE_ENDPOINT_CONSTRUCTS|UNRESOLVED_MULTIPLE_TIME_FRAMES|UNRESOLVED_MULTIPLE_POPULATION_DESCRIPTIONS|UNRESOLVED_MULTIPLE_PARAMTYPE_OR_UNIT|UNRESOLVED_MULTIPLE_OUTCOME_TYPES|SEMANTIC_DUPLICATION_UNRESOLVED	PRESENT	18	POSTED	True	NONCOLLECTION_STATEMENT	UNVERIFIABLE_IN_THIS_CACHE__NO_PARTICIPANT_FLOW_MODULE
NCT02509507#om4#OG006	NCT02509507	4	OG006	yes	COVERED_BY_A_AND_C	NCT02509507||part 2: cutaneous squamous cell carcinoma (cscc)	4	NON_IDENTICAL_ENCODING_ON_PRESERVED_FIELDS	UNRESOLVED__SEMANTIC_CORRESPONDENCE_NOT_ESTABLISHED	INCLUDES_STRUCTURED_FIELD	UNRESOLVED_MULTIPLE_MEASURE_TITLES|UNRESOLVED_MULTIPLE_ENDPOINT_CONSTRUCTS|UNRESOLVED_MULTIPLE_TIME_FRAMES|UNRESOLVED_MULTIPLE_POPULATION_DESCRIPTIONS|UNRESOLVED_MULTIPLE_PARAMTYPE_OR_UNIT|UNRESOLVED_MULTIPLE_OUTCOME_TYPES|SEMANTIC_DUPLICATION_UNRESOLVED	PRESENT	10	POSTED	True	NONCOLLECTION_STATEMENT	UNVERIFIABLE_IN_THIS_CACHE__NO_PARTICIPANT_FLOW_MODULE
NCT02509507#om4#OG007	NCT02509507	4	OG007	yes	COVERED_BY_A_AND_C	NCT02509507||part 2: basal cell carcinoma (bcc)	4	NON_IDENTICAL_ENCODING_ON_PRESERVED_FIELDS	UNRESOLVED__SEMANTIC_CORRESPONDENCE_NOT_ESTABLISHED	INCLUDES_STRUCTURED_FIELD	UNRESOLVED_MULTIPLE_MEASURE_TITLES|UNRESOLVED_MULTIPLE_ENDPOINT_CONSTRUCTS|UNRESOLVED_MULTIPLE_TIME_FRAMES|UNRESOLVED_MULTIPLE_POPULATION_DESCRIPTIONS|UNRESOLVED_MULTIPLE_PARAMTYPE_OR_UNIT|UNRESOLVED_MULTIPLE_OUTCOME_TYPES|SEMANTIC_DUPLICATION_UNRESOLVED	PRESENT	5	POSTED	True	NONCOLLECTION_STATEMENT	UNVERIFIABLE_IN_THIS_CACHE__NO_PARTICIPANT_FLOW_MODULE
NCT02509507#om4#OG008	NCT02509507	4	OG008	yes	COVERED_BY_A_AND_C	NCT02509507||part 2: colorectal adenocarcinoma (crc)	4	NON_IDENTICAL_ENCODING_ON_PRESERVED_FIELDS	UNRESOLVED__SEMANTIC_CORRESPONDENCE_NOT_ESTABLISHED	INCLUDES_STRUCTURED_FIELD	UNRESOLVED_MULTIPLE_MEASURE_TITLES|UNRESOLVED_MULTIPLE_ENDPOINT_CONSTRUCTS|UNRESOLVED_MULTIPLE_TIME_FRAMES|UNRESOLVED_MULTIPLE_POPULATION_DESCRIPTIONS|UNRESOLVED_MULTIPLE_PARAMTYPE_OR_UNIT|UNRESOLVED_MULTIPLE_OUTCOME_TYPES|SEMANTIC_DUPLICATION_UNRESOLVED	PRESENT	10	POSTED	True	NONCOLLECTION_STATEMENT	UNVERIFIABLE_IN_THIS_CACHE__NO_PARTICIPANT_FLOW_MODULE
NCT02762981#om7#OG000	NCT02762981	7	OG000	yes	COVERED_BY_A_AND_C	NCT02762981||gr h-score above the overall median	1	SINGLE_OBSERVATION__NO_COMPARISON_MADE	NOT_APPLICABLE__SINGLE_OBSERVATION	NONE	SINGLE_OBSERVATION	PRESENT	16	POSTED	True		UNVERIFIABLE_IN_THIS_CACHE__NO_PARTICIPANT_FLOW_MODULE
NCT02762981#om7#OG001	NCT02762981	7	OG001	yes	COVERED_BY_A_AND_C	NCT02762981||gr h-score below the overall median	1	SINGLE_OBSERVATION__NO_COMPARISON_MADE	NOT_APPLICABLE__SINGLE_OBSERVATION	NONE	SINGLE_OBSERVATION	PRESENT	16	POSTED	True		UNVERIFIABLE_IN_THIS_CACHE__NO_PARTICIPANT_FLOW_MODULE
NCT02124772#om10#OG000	NCT02124772	10	OG000	yes	COVERED_BY_A_AND_C	NCT02124772||part a - tmt 0.0125 mg/kg/day	3	NON_IDENTICAL_ENCODING_ON_PRESERVED_FIELDS	UNRESOLVED__SEMANTIC_CORRESPONDENCE_NOT_ESTABLISHED	INCLUDES_STRUCTURED_FIELD	UNRESOLVED_MULTIPLE_MEASURE_TITLES|UNRESOLVED_MULTIPLE_ENDPOINT_CONSTRUCTS|UNRESOLVED_MULTIPLE_PARAMTYPE_OR_UNIT|SEMANTIC_DUPLICATION_UNRESOLVED	PRESENT	3	POSTED	True		UNVERIFIABLE_IN_THIS_CACHE__NO_PARTICIPANT_FLOW_MODULE
NCT02124772#om10#OG001	NCT02124772	10	OG001	yes	COVERED_BY_A_AND_C	NCT02124772||part a - tmt 0.025 mg/kg/day	3	NON_IDENTICAL_ENCODING_ON_PRESERVED_FIELDS	UNRESOLVED__SEMANTIC_CORRESPONDENCE_NOT_ESTABLISHED	INCLUDES_STRUCTURED_FIELD	UNRESOLVED_MULTIPLE_MEASURE_TITLES|UNRESOLVED_MULTIPLE_ENDPOINT_CONSTRUCTS|UNRESOLVED_MULTIPLE_PARAMTYPE_OR_UNIT|SEMANTIC_DUPLICATION_UNRESOLVED	PRESENT	19	POSTED	True		UNVERIFIABLE_IN_THIS_CACHE__NO_PARTICIPANT_FLOW_MODULE
NCT02124772#om10#OG002	NCT02124772	10	OG002	yes	COVERED_BY_A_AND_C	NCT02124772||part a - tmt 0.032 mg/kg/day	3	NON_IDENTICAL_ENCODING_ON_PRESERVED_FIELDS	UNRESOLVED__SEMANTIC_CORRESPONDENCE_NOT_ESTABLISHED	INCLUDES_STRUCTURED_FIELD	UNRESOLVED_MULTIPLE_MEASURE_TITLES|UNRESOLVED_MULTIPLE_ENDPOINT_CONSTRUCTS|UNRESOLVED_MULTIPLE_PARAMTYPE_OR_UNIT|SEMANTIC_DUPLICATION_UNRESOLVED	PRESENT	12	POSTED	True		UNVERIFIABLE_IN_THIS_CACHE__NO_PARTICIPANT_FLOW_MODULE
NCT02124772#om10#OG003	NCT02124772	10	OG003	yes	COVERED_BY_A_AND_C	NCT02124772||part a - tmt 0.04 mg/kg/day	3	NON_IDENTICAL_ENCODING_ON_PRESERVED_FIELDS	UNRESOLVED__SEMANTIC_CORRESPONDENCE_NOT_ESTABLISHED	INCLUDES_STRUCTURED_FIELD	UNRESOLVED_MULTIPLE_MEASURE_TITLES|UNRESOLVED_MULTIPLE_ENDPOINT_CONSTRUCTS|UNRESOLVED_MULTIPLE_PARAMTYPE_OR_UNIT|SEMANTIC_DUPLICATION_UNRESOLVED	PRESENT	16	POSTED	True		UNVERIFIABLE_IN_THIS_CACHE__NO_PARTICIPANT_FLOW_MODULE
NCT02124772#om10#OG004	NCT02124772	10	OG004	yes	COVERED_BY_A_AND_C	NCT02124772||part b - neuroblastoma	3	NON_IDENTICAL_ENCODING_ON_PRESERVED_FIELDS	UNRESOLVED__SEMANTIC_CORRESPONDENCE_NOT_ESTABLISHED	INCLUDES_STRUCTURED_FIELD	UNRESOLVED_MULTIPLE_MEASURE_TITLES|UNRESOLVED_MULTIPLE_ENDPOINT_CONSTRUCTS|UNRESOLVED_MULTIPLE_PARAMTYPE_OR_UNIT|SEMANTIC_DUPLICATION_UNRESOLVED	PRESENT	11	POSTED	True		UNVERIFIABLE_IN_THIS_CACHE__NO_PARTICIPANT_FLOW_MODULE
NCT02124772#om10#OG005	NCT02124772	10	OG005	yes	COVERED_BY_A_AND_C	NCT02124772||part b - lgg fusion	3	NON_IDENTICAL_ENCODING_ON_PRESERVED_FIELDS	UNRESOLVED__SEMANTIC_CORRESPONDENCE_NOT_ESTABLISHED	INCLUDES_STRUCTURED_FIELD	UNRESOLVED_MULTIPLE_MEASURE_TITLES|UNRESOLVED_MULTIPLE_ENDPOINT_CONSTRUCTS|UNRESOLVED_MULTIPLE_PARAMTYPE_OR_UNIT|SEMANTIC_DUPLICATION_UNRESOLVED	PRESENT	10	POSTED	True		UNVERIFIABLE_IN_THIS_CACHE__NO_PARTICIPANT_FLOW_MODULE
NCT02124772#om10#OG006	NCT02124772	10	OG006	yes	COVERED_BY_A_AND_C	NCT02124772||part b - nf-1 with pn	3	NON_IDENTICAL_ENCODING_ON_PRESERVED_FIELDS	UNRESOLVED__SEMANTIC_CORRESPONDENCE_NOT_ESTABLISHED	INCLUDES_STRUCTURED_FIELD	UNRESOLVED_MULTIPLE_MEASURE_TITLES|UNRESOLVED_MULTIPLE_ENDPOINT_CONSTRUCTS|UNRESOLVED_MULTIPLE_PARAMTYPE_OR_UNIT|SEMANTIC_DUPLICATION_UNRESOLVED	PRESENT	10	POSTED	True		UNVERIFIABLE_IN_THIS_CACHE__NO_PARTICIPANT_FLOW_MODULE
NCT02124772#om10#OG007	NCT02124772	10	OG007	yes	COVERED_BY_A_AND_C	NCT02124772||part b - braf v600 mutant solid tumor	3	NON_IDENTICAL_ENCODING_ON_PRESERVED_FIELDS	UNRESOLVED__SEMANTIC_CORRESPONDENCE_NOT_ESTABLISHED	INCLUDES_STRUCTURED_FIELD	UNRESOLVED_MULTIPLE_MEASURE_TITLES|UNRESOLVED_MULTIPLE_ENDPOINT_CONSTRUCTS|UNRESOLVED_MULTIPLE_PARAMTYPE_OR_UNIT|SEMANTIC_DUPLICATION_UNRESOLVED	PRESENT	10	POSTED	True		UNVERIFIABLE_IN_THIS_CACHE__NO_PARTICIPANT_FLOW_MODULE
NCT02124772#om10#OG008	NCT02124772	10	OG008	yes	COVERED_BY_A_AND_C	NCT02124772||part c - tmt 0.025 mg/kg/day + 50% drb rp2d	3	NON_IDENTICAL_ENCODING_ON_PRESERVED_FIELDS	UNRESOLVED__SEMANTIC_CORRESPONDENCE_NOT_ESTABLISHED	INCLUDES_STRUCTURED_FIELD	UNRESOLVED_MULTIPLE_MEASURE_TITLES|UNRESOLVED_MULTIPLE_ENDPOINT_CONSTRUCTS|UNRESOLVED_MULTIPLE_PARAMTYPE_OR_UNIT|SEMANTIC_DUPLICATION_UNRESOLVED	PRESENT	3	POSTED	True		UNVERIFIABLE_IN_THIS_CACHE__NO_PARTICIPANT_FLOW_MODULE
NCT02124772#om10#OG009	NCT02124772	10	OG009	yes	COVERED_BY_A_AND_C	NCT02124772||part c - tmt 0.025 mg/kg/day + 100% drb rp2d	3	NON_IDENTICAL_ENCODING_ON_PRESERVED_FIELDS	UNRESOLVED__SEMANTIC_CORRESPONDENCE_NOT_ESTABLISHED	INCLUDES_STRUCTURED_FIELD	UNRESOLVED_MULTIPLE_MEASURE_TITLES|UNRESOLVED_MULTIPLE_ENDPOINT_CONSTRUCTS|UNRESOLVED_MULTIPLE_PARAMTYPE_OR_UNIT|SEMANTIC_DUPLICATION_UNRESOLVED	PRESENT	9	POSTED	True		UNVERIFIABLE_IN_THIS_CACHE__NO_PARTICIPANT_FLOW_MODULE
NCT02124772#om10#OG010	NCT02124772	10	OG010	yes	COVERED_BY_A_AND_C	NCT02124772||part c - tmt 0.032 mg/kg/day + 100% drb rp2d	3	NON_IDENTICAL_ENCODING_ON_PRESERVED_FIELDS	UNRESOLVED__SEMANTIC_CORRESPONDENCE_NOT_ESTABLISHED	INCLUDES_STRUCTURED_FIELD	UNRESOLVED_MULTIPLE_MEASURE_TITLES|UNRESOLVED_MULTIPLE_ENDPOINT_CONSTRUCTS|UNRESOLVED_MULTIPLE_PARAMTYPE_OR_UNIT|SEMANTIC_DUPLICATION_UNRESOLVED	PRESENT	6	POSTED	True		UNVERIFIABLE_IN_THIS_CACHE__NO_PARTICIPANT_FLOW_MODULE
NCT02124772#om10#OG011	NCT02124772	10	OG011	yes	COVERED_BY_A_AND_C	NCT02124772||part d - lgg	3	NON_IDENTICAL_ENCODING_ON_PRESERVED_FIELDS	UNRESOLVED__SEMANTIC_CORRESPONDENCE_NOT_ESTABLISHED	INCLUDES_STRUCTURED_FIELD	UNRESOLVED_MULTIPLE_MEASURE_TITLES|UNRESOLVED_MULTIPLE_ENDPOINT_CONSTRUCTS|UNRESOLVED_MULTIPLE_PARAMTYPE_OR_UNIT|SEMANTIC_DUPLICATION_UNRESOLVED	PRESENT	20	POSTED	True		UNVERIFIABLE_IN_THIS_CACHE__NO_PARTICIPANT_FLOW_MODULE
NCT02124772#om10#OG012	NCT02124772	10	OG012	yes	COVERED_BY_A_AND_C	NCT02124772||part d - lch	3	NON_IDENTICAL_ENCODING_ON_PRESERVED_FIELDS	UNRESOLVED__SEMANTIC_CORRESPONDENCE_NOT_ESTABLISHED	INCLUDES_STRUCTURED_FIELD	UNRESOLVED_MULTIPLE_MEASURE_TITLES|UNRESOLVED_MULTIPLE_ENDPOINT_CONSTRUCTS|UNRESOLVED_MULTIPLE_PARAMTYPE_OR_UNIT|SEMANTIC_DUPLICATION_UNRESOLVED	PRESENT	10	POSTED	True		UNVERIFIABLE_IN_THIS_CACHE__NO_PARTICIPANT_FLOW_MODULE
NCT02421588#om3#OG000	NCT02421588	3	OG000	yes	COVERED_BY_A_AND_C	NCT02421588||lurbinectedin	2	NON_IDENTICAL_ENCODING_ON_PRESERVED_FIELDS	UNRESOLVED__SEMANTIC_CORRESPONDENCE_NOT_ESTABLISHED	TEXT_DERIVED_ONLY	UNRESOLVED_MULTIPLE_MEASURE_TITLES|SEMANTIC_DUPLICATION_UNRESOLVED|DISTINCTION_IS_TEXT_DERIVED_ONLY	PRESENT	221	POSTED	True		UNVERIFIABLE_IN_THIS_CACHE__NO_PARTICIPANT_FLOW_MODULE
NCT02421588#om3#OG001	NCT02421588	3	OG001	yes	COVERED_BY_A_AND_C	NCT02421588||control (pld or topotecan)	2	NON_IDENTICAL_ENCODING_ON_PRESERVED_FIELDS	UNRESOLVED__SEMANTIC_CORRESPONDENCE_NOT_ESTABLISHED	TEXT_DERIVED_ONLY	UNRESOLVED_MULTIPLE_MEASURE_TITLES|SEMANTIC_DUPLICATION_UNRESOLVED|DISTINCTION_IS_TEXT_DERIVED_ONLY	PRESENT	221	POSTED	True		UNVERIFIABLE_IN_THIS_CACHE__NO_PARTICIPANT_FLOW_MODULE
NCT02421588#om4#OG000	NCT02421588	4	OG000	yes	COVERED_BY_A_AND_C	NCT02421588||lurbinectedin	2	NON_IDENTICAL_ENCODING_ON_PRESERVED_FIELDS	UNRESOLVED__SEMANTIC_CORRESPONDENCE_NOT_ESTABLISHED	TEXT_DERIVED_ONLY	UNRESOLVED_MULTIPLE_MEASURE_TITLES|SEMANTIC_DUPLICATION_UNRESOLVED|DISTINCTION_IS_TEXT_DERIVED_ONLY	PRESENT	221	POSTED	True		UNVERIFIABLE_IN_THIS_CACHE__NO_PARTICIPANT_FLOW_MODULE
NCT02421588#om4#OG001	NCT02421588	4	OG001	yes	COVERED_BY_A_AND_C	NCT02421588||control (pld or topotecan)	2	NON_IDENTICAL_ENCODING_ON_PRESERVED_FIELDS	UNRESOLVED__SEMANTIC_CORRESPONDENCE_NOT_ESTABLISHED	TEXT_DERIVED_ONLY	UNRESOLVED_MULTIPLE_MEASURE_TITLES|SEMANTIC_DUPLICATION_UNRESOLVED|DISTINCTION_IS_TEXT_DERIVED_ONLY	PRESENT	221	POSTED	True		UNVERIFIABLE_IN_THIS_CACHE__NO_PARTICIPANT_FLOW_MODULE
NCT02271945#om4#OG000	NCT02271945	4	OG000	yes	COVERED_BY_A_AND_C	NCT02271945||medi-551 12 mg/kg and medi0680 2.5 mg/kg	1	SINGLE_OBSERVATION__NO_COMPARISON_MADE	NOT_APPLICABLE__SINGLE_OBSERVATION	NONE	SINGLE_OBSERVATION	PRESENT	5	POSTED	True		UNVERIFIABLE_IN_THIS_CACHE__NO_PARTICIPANT_FLOW_MODULE
NCT02271945#om4#OG001	NCT02271945	4	OG001	yes	COVERED_BY_A_AND_C	NCT02271945||medi-551 12 mg/kg and medi0680 10 mg/kg	1	SINGLE_OBSERVATION__NO_COMPARISON_MADE	NOT_APPLICABLE__SINGLE_OBSERVATION	NONE	SINGLE_OBSERVATION	PRESENT	5	POSTED	True		UNVERIFIABLE_IN_THIS_CACHE__NO_PARTICIPANT_FLOW_MODULE
NCT03245736#om1#OG000	NCT03245736	1	OG000	yes	COVERED_BY_A_AND_C	NCT03245736||tisotumab vedotin	1	SINGLE_OBSERVATION__NO_COMPARISON_MADE	NOT_APPLICABLE__SINGLE_OBSERVATION	NONE	SINGLE_OBSERVATION	PRESENT	5	POSTED	True		UNVERIFIABLE_IN_THIS_CACHE__NO_PARTICIPANT_FLOW_MODULE
NCT02089334#om4#OG000	NCT02089334	4	OG000	yes	COVERED_BY_A_AND_C	NCT02089334||125 mg/m^2 rx-0201 + everolimus (stage 1)	1	SINGLE_OBSERVATION__NO_COMPARISON_MADE	NOT_APPLICABLE__SINGLE_OBSERVATION	NONE	SINGLE_OBSERVATION	PRESENT	3	POSTED	True		UNVERIFIABLE_IN_THIS_CACHE__NO_PARTICIPANT_FLOW_MODULE
NCT02089334#om4#OG001	NCT02089334	4	OG001	yes	COVERED_BY_A_AND_C	NCT02089334||200 mg/m^2/day rx-0201 + everolimus (stage 1)	1	SINGLE_OBSERVATION__NO_COMPARISON_MADE	NOT_APPLICABLE__SINGLE_OBSERVATION	NONE	SINGLE_OBSERVATION	PRESENT	4	POSTED	True		UNVERIFIABLE_IN_THIS_CACHE__NO_PARTICIPANT_FLOW_MODULE
NCT02089334#om4#OG002	NCT02089334	4	OG002	yes	COVERED_BY_A_AND_C	NCT02089334||250 mg/m^2/day rx-0201 + everolimus (stage 1)	1	SINGLE_OBSERVATION__NO_COMPARISON_MADE	NOT_APPLICABLE__SINGLE_OBSERVATION	NONE	SINGLE_OBSERVATION	PRESENT	4	POSTED	True		UNVERIFIABLE_IN_THIS_CACHE__NO_PARTICIPANT_FLOW_MODULE
NCT02089334#om4#OG003	NCT02089334	4	OG003	yes	COVERED_BY_A_AND_C	NCT02089334||rx-0201 plus everolimus (stage 2)	1	SINGLE_OBSERVATION__NO_COMPARISON_MADE	NOT_APPLICABLE__SINGLE_OBSERVATION	NONE	SINGLE_OBSERVATION	PRESENT	11	POSTED	True		UNVERIFIABLE_IN_THIS_CACHE__NO_PARTICIPANT_FLOW_MODULE
NCT02625610#om2#OG000	NCT02625610	2	OG000	yes	COVERED_BY_A_AND_C	NCT02625610||chemotherapy + best supportive care (bsc)	2	NON_IDENTICAL_ENCODING_ON_PRESERVED_FIELDS	UNRESOLVED__SEMANTIC_CORRESPONDENCE_NOT_ESTABLISHED	INCLUDES_STRUCTURED_FIELD	UNRESOLVED_MULTIPLE_MEASURE_TITLES|UNRESOLVED_MULTIPLE_ENDPOINT_CONSTRUCTS|UNRESOLVED_MULTIPLE_PARAMTYPE_OR_UNIT|SEMANTIC_DUPLICATION_UNRESOLVED	PRESENT	250	POSTED	True		UNVERIFIABLE_IN_THIS_CACHE__NO_PARTICIPANT_FLOW_MODULE
NCT02625610#om2#OG001	NCT02625610	2	OG001	yes	COVERED_BY_A_AND_C	NCT02625610||avelumab	2	NON_IDENTICAL_ENCODING_ON_PRESERVED_FIELDS	UNRESOLVED__SEMANTIC_CORRESPONDENCE_NOT_ESTABLISHED	INCLUDES_STRUCTURED_FIELD	UNRESOLVED_MULTIPLE_MEASURE_TITLES|UNRESOLVED_MULTIPLE_ENDPOINT_CONSTRUCTS|UNRESOLVED_MULTIPLE_PARAMTYPE_OR_UNIT|SEMANTIC_DUPLICATION_UNRESOLVED	PRESENT	249	POSTED	True		UNVERIFIABLE_IN_THIS_CACHE__NO_PARTICIPANT_FLOW_MODULE
NCT03175172#om0#OG000	NCT03175172	0	OG000	yes	COVERED_BY_A_AND_C	NCT03175172||experimental	2	NON_IDENTICAL_ENCODING_ON_PRESERVED_FIELDS	UNRESOLVED__SEMANTIC_CORRESPONDENCE_NOT_ESTABLISHED	INCLUDES_STRUCTURED_FIELD	UNRESOLVED_MULTIPLE_MEASURE_TITLES|UNRESOLVED_MULTIPLE_ENDPOINT_CONSTRUCTS|UNRESOLVED_MULTIPLE_ASSESSMENT_CRITERIA|UNRESOLVED_MULTIPLE_OUTCOME_TYPES|SEMANTIC_DUPLICATION_UNRESOLVED	PRESENT	9	POSTED	True		UNVERIFIABLE_IN_THIS_CACHE__NO_PARTICIPANT_FLOW_MODULE
NCT03175172#om1#OG000	NCT03175172	1	OG000	yes	COVERED_BY_A_AND_C	NCT03175172||experimental	2	NON_IDENTICAL_ENCODING_ON_PRESERVED_FIELDS	UNRESOLVED__SEMANTIC_CORRESPONDENCE_NOT_ESTABLISHED	INCLUDES_STRUCTURED_FIELD	UNRESOLVED_MULTIPLE_MEASURE_TITLES|UNRESOLVED_MULTIPLE_ENDPOINT_CONSTRUCTS|UNRESOLVED_MULTIPLE_ASSESSMENT_CRITERIA|UNRESOLVED_MULTIPLE_OUTCOME_TYPES|SEMANTIC_DUPLICATION_UNRESOLVED	PRESENT	9	POSTED	True		UNVERIFIABLE_IN_THIS_CACHE__NO_PARTICIPANT_FLOW_MODULE
NCT02046733#om2#OG000	NCT02046733	2	OG000	yes	COVERED_BY_A_AND_C	NCT02046733||observation	1	SINGLE_OBSERVATION__NO_COMPARISON_MADE	NOT_APPLICABLE__SINGLE_OBSERVATION	NONE	SINGLE_OBSERVATION	PRESENT	64	POSTED	True		UNVERIFIABLE_IN_THIS_CACHE__NO_PARTICIPANT_FLOW_MODULE
NCT02046733#om2#OG001	NCT02046733	2	OG001	yes	COVERED_BY_A_AND_C	NCT02046733||nivolumab + ipilimumab	1	SINGLE_OBSERVATION__NO_COMPARISON_MADE	NOT_APPLICABLE__SINGLE_OBSERVATION	NONE	SINGLE_OBSERVATION	PRESENT	69	POSTED	True		UNVERIFIABLE_IN_THIS_CACHE__NO_PARTICIPANT_FLOW_MODULE
NCT03164616#om5#OG000	NCT03164616	5	OG000	yes	COVERED_BY_A_AND_C	NCT03164616||t + d + soc	2	NON_IDENTICAL_ENCODING_ON_PRESERVED_FIELDS	UNRESOLVED__SEMANTIC_CORRESPONDENCE_NOT_ESTABLISHED	INCLUDES_STRUCTURED_FIELD	UNRESOLVED_MULTIPLE_MEASURE_TITLES|UNRESOLVED_MULTIPLE_ENDPOINT_CONSTRUCTS|UNRESOLVED_MULTIPLE_PARAMTYPE_OR_UNIT|SEMANTIC_DUPLICATION_UNRESOLVED	PRESENT	335	POSTED	True		UNVERIFIABLE_IN_THIS_CACHE__NO_PARTICIPANT_FLOW_MODULE
NCT03164616#om5#OG001	NCT03164616	5	OG001	yes	COVERED_BY_A_AND_C	NCT03164616||d + soc	2	NON_IDENTICAL_ENCODING_ON_PRESERVED_FIELDS	UNRESOLVED__SEMANTIC_CORRESPONDENCE_NOT_ESTABLISHED	INCLUDES_STRUCTURED_FIELD	UNRESOLVED_MULTIPLE_MEASURE_TITLES|UNRESOLVED_MULTIPLE_ENDPOINT_CONSTRUCTS|UNRESOLVED_MULTIPLE_PARAMTYPE_OR_UNIT|SEMANTIC_DUPLICATION_UNRESOLVED	PRESENT	330	POSTED	True		UNVERIFIABLE_IN_THIS_CACHE__NO_PARTICIPANT_FLOW_MODULE
NCT03164616#om5#OG002	NCT03164616	5	OG002	yes	COVERED_BY_A_AND_C	NCT03164616||soc alone	2	NON_IDENTICAL_ENCODING_ON_PRESERVED_FIELDS	UNRESOLVED__SEMANTIC_CORRESPONDENCE_NOT_ESTABLISHED	INCLUDES_STRUCTURED_FIELD	UNRESOLVED_MULTIPLE_MEASURE_TITLES|UNRESOLVED_MULTIPLE_ENDPOINT_CONSTRUCTS|UNRESOLVED_MULTIPLE_PARAMTYPE_OR_UNIT|SEMANTIC_DUPLICATION_UNRESOLVED	PRESENT	332	POSTED	True		UNVERIFIABLE_IN_THIS_CACHE__NO_PARTICIPANT_FLOW_MODULE
NCT02383927#om5#OG000	NCT02383927	5	OG000	yes	COVERED_BY_A_AND_C	NCT02383927||cohort 1	2	NON_IDENTICAL_ENCODING_ON_PRESERVED_FIELDS	UNRESOLVED__SEMANTIC_CORRESPONDENCE_NOT_ESTABLISHED	INCLUDES_STRUCTURED_FIELD	UNRESOLVED_MULTIPLE_MEASURE_TITLES|UNRESOLVED_MULTIPLE_ENDPOINT_CONSTRUCTS|UNRESOLVED_MULTIPLE_POPULATION_DESCRIPTIONS|UNRESOLVED_MULTIPLE_PARAMTYPE_OR_UNIT|UNRESOLVED_MULTIPLE_OUTCOME_TYPES|SEMANTIC_DUPLICATION_UNRESOLVED	PRESENT	11	POSTED	True		UNVERIFIABLE_IN_THIS_CACHE__NO_PARTICIPANT_FLOW_MODULE
NCT02383927#om5#OG001	NCT02383927	5	OG001	yes	COVERED_BY_A_AND_C	NCT02383927||cohort 2/stage 1	2	NON_IDENTICAL_ENCODING_ON_PRESERVED_FIELDS	UNRESOLVED__SEMANTIC_CORRESPONDENCE_NOT_ESTABLISHED	INCLUDES_STRUCTURED_FIELD	UNRESOLVED_MULTIPLE_MEASURE_TITLES|UNRESOLVED_MULTIPLE_ENDPOINT_CONSTRUCTS|UNRESOLVED_MULTIPLE_POPULATION_DESCRIPTIONS|UNRESOLVED_MULTIPLE_PARAMTYPE_OR_UNIT|UNRESOLVED_MULTIPLE_OUTCOME_TYPES|SEMANTIC_DUPLICATION_UNRESOLVED	PRESENT	8	POSTED	True		UNVERIFIABLE_IN_THIS_CACHE__NO_PARTICIPANT_FLOW_MODULE
NCT02383927#om5#OG002	NCT02383927	5	OG002	yes	COVERED_BY_A_AND_C	NCT02383927||cohort 2/stage 2	2	NON_IDENTICAL_ENCODING_ON_PRESERVED_FIELDS	UNRESOLVED__SEMANTIC_CORRESPONDENCE_NOT_ESTABLISHED	INCLUDES_STRUCTURED_FIELD	UNRESOLVED_MULTIPLE_MEASURE_TITLES|UNRESOLVED_MULTIPLE_ENDPOINT_CONSTRUCTS|UNRESOLVED_MULTIPLE_POPULATION_DESCRIPTIONS|UNRESOLVED_MULTIPLE_PARAMTYPE_OR_UNIT|UNRESOLVED_MULTIPLE_OUTCOME_TYPES|SEMANTIC_DUPLICATION_UNRESOLVED	PRESENT	23	POSTED	True		UNVERIFIABLE_IN_THIS_CACHE__NO_PARTICIPANT_FLOW_MODULE
NCT02383927#om5#OG003	NCT02383927	5	OG003	yes	COVERED_BY_A_AND_C	NCT02383927||cohort 3	2	NON_IDENTICAL_ENCODING_ON_PRESERVED_FIELDS	UNRESOLVED__SEMANTIC_CORRESPONDENCE_NOT_ESTABLISHED	INCLUDES_STRUCTURED_FIELD	UNRESOLVED_MULTIPLE_MEASURE_TITLES|UNRESOLVED_MULTIPLE_ENDPOINT_CONSTRUCTS|UNRESOLVED_MULTIPLE_POPULATION_DESCRIPTIONS|UNRESOLVED_MULTIPLE_PARAMTYPE_OR_UNIT|UNRESOLVED_MULTIPLE_OUTCOME_TYPES|SEMANTIC_DUPLICATION_UNRESOLVED	PRESENT	7	POSTED	True		UNVERIFIABLE_IN_THIS_CACHE__NO_PARTICIPANT_FLOW_MODULE
NCT03146663#om0#OG000	NCT03146663	0	OG000	yes	COVERED_BY_A_AND_C	NCT03146663||arm a	2	NON_IDENTICAL_ENCODING_ON_PRESERVED_FIELDS	UNRESOLVED__SEMANTIC_CORRESPONDENCE_NOT_ESTABLISHED	INCLUDES_STRUCTURED_FIELD	UNRESOLVED_MULTIPLE_MEASURE_TITLES|UNRESOLVED_MULTIPLE_ENDPOINT_CONSTRUCTS|UNRESOLVED_MULTIPLE_POPULATION_DESCRIPTIONS|UNRESOLVED_MULTIPLE_DENOMINATORS|UNRESOLVED_MULTIPLE_OUTCOME_TYPES|SEMANTIC_DUPLICATION_UNRESOLVED	PRESENT	24	POSTED	True		UNVERIFIABLE_IN_THIS_CACHE__NO_PARTICIPANT_FLOW_MODULE
NCT03146663#om0#OG001	NCT03146663	0	OG001	yes	COVERED_BY_A_AND_C	NCT03146663||arm b	2	NON_IDENTICAL_ENCODING_ON_PRESERVED_FIELDS	UNRESOLVED__SEMANTIC_CORRESPONDENCE_NOT_ESTABLISHED	INCLUDES_STRUCTURED_FIELD	UNRESOLVED_MULTIPLE_MEASURE_TITLES|UNRESOLVED_MULTIPLE_ENDPOINT_CONSTRUCTS|UNRESOLVED_MULTIPLE_POPULATION_DESCRIPTIONS|UNRESOLVED_MULTIPLE_DENOMINATORS|UNRESOLVED_MULTIPLE_OUTCOME_TYPES|SEMANTIC_DUPLICATION_UNRESOLVED	PRESENT	26	POSTED	True		UNVERIFIABLE_IN_THIS_CACHE__NO_PARTICIPANT_FLOW_MODULE
NCT03146663#om1#OG000	NCT03146663	1	OG000	yes	COVERED_BY_A_AND_C	NCT03146663||arm a	2	NON_IDENTICAL_ENCODING_ON_PRESERVED_FIELDS	UNRESOLVED__SEMANTIC_CORRESPONDENCE_NOT_ESTABLISHED	INCLUDES_STRUCTURED_FIELD	UNRESOLVED_MULTIPLE_MEASURE_TITLES|UNRESOLVED_MULTIPLE_ENDPOINT_CONSTRUCTS|UNRESOLVED_MULTIPLE_POPULATION_DESCRIPTIONS|UNRESOLVED_MULTIPLE_DENOMINATORS|UNRESOLVED_MULTIPLE_OUTCOME_TYPES|SEMANTIC_DUPLICATION_UNRESOLVED	PRESENT	17	POSTED	True		UNVERIFIABLE_IN_THIS_CACHE__NO_PARTICIPANT_FLOW_MODULE
NCT03146663#om1#OG001	NCT03146663	1	OG001	yes	COVERED_BY_A_AND_C	NCT03146663||arm b	2	NON_IDENTICAL_ENCODING_ON_PRESERVED_FIELDS	UNRESOLVED__SEMANTIC_CORRESPONDENCE_NOT_ESTABLISHED	INCLUDES_STRUCTURED_FIELD	UNRESOLVED_MULTIPLE_MEASURE_TITLES|UNRESOLVED_MULTIPLE_ENDPOINT_CONSTRUCTS|UNRESOLVED_MULTIPLE_POPULATION_DESCRIPTIONS|UNRESOLVED_MULTIPLE_DENOMINATORS|UNRESOLVED_MULTIPLE_OUTCOME_TYPES|SEMANTIC_DUPLICATION_UNRESOLVED	PRESENT	5	POSTED	True		UNVERIFIABLE_IN_THIS_CACHE__NO_PARTICIPANT_FLOW_MODULE
NCT02394795#om4#OG000	NCT02394795	4	OG000	yes	COVERED_BY_A_AND_C	NCT02394795||group p; mfolfox6 + panitumumab combination therapy	1	SINGLE_OBSERVATION__NO_COMPARISON_MADE	NOT_APPLICABLE__SINGLE_OBSERVATION	NONE	SINGLE_OBSERVATION	PRESENT	394	POSTED	True		UNVERIFIABLE_IN_THIS_CACHE__NO_PARTICIPANT_FLOW_MODULE
NCT02394795#om4#OG001	NCT02394795	4	OG001	yes	COVERED_BY_A_AND_C	NCT02394795||group b; mfolfox6 + bevacizumab combination therapy	1	SINGLE_OBSERVATION__NO_COMPARISON_MADE	NOT_APPLICABLE__SINGLE_OBSERVATION	NONE	SINGLE_OBSERVATION	PRESENT	397	POSTED	True		UNVERIFIABLE_IN_THIS_CACHE__NO_PARTICIPANT_FLOW_MODULE
NCT02608268#om7#OG000	NCT02608268	7	OG000	yes	COVERED_BY_A_AND_C	NCT02608268||phase i dose escalation: mbg453 80mg q2w row	2	NON_IDENTICAL_ENCODING_ON_PRESERVED_FIELDS	UNRESOLVED__SEMANTIC_CORRESPONDENCE_NOT_ESTABLISHED	INCLUDES_STRUCTURED_FIELD	UNRESOLVED_MULTIPLE_MEASURE_TITLES|UNRESOLVED_MULTIPLE_ENDPOINT_CONSTRUCTS|UNRESOLVED_MULTIPLE_ASSESSMENT_CRITERIA|UNRESOLVED_MULTIPLE_PARAMTYPE_OR_UNIT|SEMANTIC_DUPLICATION_UNRESOLVED	PRESENT	14	POSTED	True		UNVERIFIABLE_IN_THIS_CACHE__NO_PARTICIPANT_FLOW_MODULE
NCT02608268#om7#OG001	NCT02608268	7	OG001	yes	COVERED_BY_A_AND_C	NCT02608268||phase i dose escalation: mbg453 240mg q2w row	2	NON_IDENTICAL_ENCODING_ON_PRESERVED_FIELDS	UNRESOLVED__SEMANTIC_CORRESPONDENCE_NOT_ESTABLISHED	INCLUDES_STRUCTURED_FIELD	UNRESOLVED_MULTIPLE_MEASURE_TITLES|UNRESOLVED_MULTIPLE_ENDPOINT_CONSTRUCTS|UNRESOLVED_MULTIPLE_ASSESSMENT_CRITERIA|UNRESOLVED_MULTIPLE_PARAMTYPE_OR_UNIT|SEMANTIC_DUPLICATION_UNRESOLVED	PRESENT	9	POSTED	True		UNVERIFIABLE_IN_THIS_CACHE__NO_PARTICIPANT_FLOW_MODULE
NCT02608268#om7#OG002	NCT02608268	7	OG002	yes	COVERED_BY_A_AND_C	NCT02608268||phase i dose escalation: mbg453 800mg q2w row	2	NON_IDENTICAL_ENCODING_ON_PRESERVED_FIELDS	UNRESOLVED__SEMANTIC_CORRESPONDENCE_NOT_ESTABLISHED	INCLUDES_STRUCTURED_FIELD	UNRESOLVED_MULTIPLE_MEASURE_TITLES|UNRESOLVED_MULTIPLE_ENDPOINT_CONSTRUCTS|UNRESOLVED_MULTIPLE_ASSESSMENT_CRITERIA|UNRESOLVED_MULTIPLE_PARAMTYPE_OR_UNIT|SEMANTIC_DUPLICATION_UNRESOLVED	PRESENT	16	POSTED	True		UNVERIFIABLE_IN_THIS_CACHE__NO_PARTICIPANT_FLOW_MODULE
NCT02608268#om7#OG003	NCT02608268	7	OG003	yes	COVERED_BY_A_AND_C	NCT02608268||phase i dose escalation: mbg453 1200mg q2w row	2	NON_IDENTICAL_ENCODING_ON_PRESERVED_FIELDS	UNRESOLVED__SEMANTIC_CORRESPONDENCE_NOT_ESTABLISHED	INCLUDES_STRUCTURED_FIELD	UNRESOLVED_MULTIPLE_MEASURE_TITLES|UNRESOLVED_MULTIPLE_ENDPOINT_CONSTRUCTS|UNRESOLVED_MULTIPLE_ASSESSMENT_CRITERIA|UNRESOLVED_MULTIPLE_PARAMTYPE_OR_UNIT|SEMANTIC_DUPLICATION_UNRESOLVED	PRESENT	5	POSTED	True		UNVERIFIABLE_IN_THIS_CACHE__NO_PARTICIPANT_FLOW_MODULE
NCT02608268#om7#OG004	NCT02608268	7	OG004	yes	COVERED_BY_A_AND_C	NCT02608268||phase i dose escalation: mbg453 80mg q2w japan	2	NON_IDENTICAL_ENCODING_ON_PRESERVED_FIELDS	UNRESOLVED__SEMANTIC_CORRESPONDENCE_NOT_ESTABLISHED	INCLUDES_STRUCTURED_FIELD	UNRESOLVED_MULTIPLE_MEASURE_TITLES|UNRESOLVED_MULTIPLE_ENDPOINT_CONSTRUCTS|UNRESOLVED_MULTIPLE_ASSESSMENT_CRITERIA|UNRESOLVED_MULTIPLE_PARAMTYPE_OR_UNIT|SEMANTIC_DUPLICATION_UNRESOLVED	PRESENT	2	POSTED	True		UNVERIFIABLE_IN_THIS_CACHE__NO_PARTICIPANT_FLOW_MODULE
NCT02608268#om7#OG005	NCT02608268	7	OG005	yes	COVERED_BY_A_AND_C	NCT02608268||phase i dose escalation: mbg453 240mg q2w japan	2	NON_IDENTICAL_ENCODING_ON_PRESERVED_FIELDS	UNRESOLVED__SEMANTIC_CORRESPONDENCE_NOT_ESTABLISHED	INCLUDES_STRUCTURED_FIELD	UNRESOLVED_MULTIPLE_MEASURE_TITLES|UNRESOLVED_MULTIPLE_ENDPOINT_CONSTRUCTS|UNRESOLVED_MULTIPLE_ASSESSMENT_CRITERIA|UNRESOLVED_MULTIPLE_PARAMTYPE_OR_UNIT|SEMANTIC_DUPLICATION_UNRESOLVED	PRESENT	4	POSTED	True		UNVERIFIABLE_IN_THIS_CACHE__NO_PARTICIPANT_FLOW_MODULE
NCT02608268#om7#OG006	NCT02608268	7	OG006	yes	COVERED_BY_A_AND_C	NCT02608268||phase i dose escalation: mbg453 800mg q2w japan	2	NON_IDENTICAL_ENCODING_ON_PRESERVED_FIELDS	UNRESOLVED__SEMANTIC_CORRESPONDENCE_NOT_ESTABLISHED	INCLUDES_STRUCTURED_FIELD	UNRESOLVED_MULTIPLE_MEASURE_TITLES|UNRESOLVED_MULTIPLE_ENDPOINT_CONSTRUCTS|UNRESOLVED_MULTIPLE_ASSESSMENT_CRITERIA|UNRESOLVED_MULTIPLE_PARAMTYPE_OR_UNIT|SEMANTIC_DUPLICATION_UNRESOLVED	PRESENT	6	POSTED	True		UNVERIFIABLE_IN_THIS_CACHE__NO_PARTICIPANT_FLOW_MODULE
NCT02608268#om7#OG007	NCT02608268	7	OG007	yes	COVERED_BY_A_AND_C	NCT02608268||phase i dose escalation: mbg453 1200mg q2w japan	2	NON_IDENTICAL_ENCODING_ON_PRESERVED_FIELDS	UNRESOLVED__SEMANTIC_CORRESPONDENCE_NOT_ESTABLISHED	INCLUDES_STRUCTURED_FIELD	UNRESOLVED_MULTIPLE_MEASURE_TITLES|UNRESOLVED_MULTIPLE_ENDPOINT_CONSTRUCTS|UNRESOLVED_MULTIPLE_ASSESSMENT_CRITERIA|UNRESOLVED_MULTIPLE_PARAMTYPE_OR_UNIT|SEMANTIC_DUPLICATION_UNRESOLVED	PRESENT	2	POSTED	True		UNVERIFIABLE_IN_THIS_CACHE__NO_PARTICIPANT_FLOW_MODULE
NCT02608268#om7#OG008	NCT02608268	7	OG008	yes	COVERED_BY_A_AND_C	NCT02608268||phase i dose escalation: mbg453 240mg q4w row	2	NON_IDENTICAL_ENCODING_ON_PRESERVED_FIELDS	UNRESOLVED__SEMANTIC_CORRESPONDENCE_NOT_ESTABLISHED	INCLUDES_STRUCTURED_FIELD	UNRESOLVED_MULTIPLE_MEASURE_TITLES|UNRESOLVED_MULTIPLE_ENDPOINT_CONSTRUCTS|UNRESOLVED_MULTIPLE_ASSESSMENT_CRITERIA|UNRESOLVED_MULTIPLE_PARAMTYPE_OR_UNIT|SEMANTIC_DUPLICATION_UNRESOLVED	PRESENT	8	POSTED	True		UNVERIFIABLE_IN_THIS_CACHE__NO_PARTICIPANT_FLOW_MODULE
NCT02608268#om7#OG009	NCT02608268	7	OG009	yes	COVERED_BY_A_AND_C	NCT02608268||phase i dose escalation: mbg453 800mg q4w row	2	NON_IDENTICAL_ENCODING_ON_PRESERVED_FIELDS	UNRESOLVED__SEMANTIC_CORRESPONDENCE_NOT_ESTABLISHED	INCLUDES_STRUCTURED_FIELD	UNRESOLVED_MULTIPLE_MEASURE_TITLES|UNRESOLVED_MULTIPLE_ENDPOINT_CONSTRUCTS|UNRESOLVED_MULTIPLE_ASSESSMENT_CRITERIA|UNRESOLVED_MULTIPLE_PARAMTYPE_OR_UNIT|SEMANTIC_DUPLICATION_UNRESOLVED	PRESENT	9	POSTED	True		UNVERIFIABLE_IN_THIS_CACHE__NO_PARTICIPANT_FLOW_MODULE
NCT02608268#om7#OG010	NCT02608268	7	OG010	yes	COVERED_BY_A_AND_C	NCT02608268||phase i dose escalation: mbg453 1200mg q4w row	2	NON_IDENTICAL_ENCODING_ON_PRESERVED_FIELDS	UNRESOLVED__SEMANTIC_CORRESPONDENCE_NOT_ESTABLISHED	INCLUDES_STRUCTURED_FIELD	UNRESOLVED_MULTIPLE_MEASURE_TITLES|UNRESOLVED_MULTIPLE_ENDPOINT_CONSTRUCTS|UNRESOLVED_MULTIPLE_ASSESSMENT_CRITERIA|UNRESOLVED_MULTIPLE_PARAMTYPE_OR_UNIT|SEMANTIC_DUPLICATION_UNRESOLVED	PRESENT	6	POSTED	True		UNVERIFIABLE_IN_THIS_CACHE__NO_PARTICIPANT_FLOW_MODULE
NCT02608268#om7#OG011	NCT02608268	7	OG011	yes	COVERED_BY_A_AND_C	NCT02608268||phase i dose escalation: mbg453 1200mg q4w japan	2	NON_IDENTICAL_ENCODING_ON_PRESERVED_FIELDS	UNRESOLVED__SEMANTIC_CORRESPONDENCE_NOT_ESTABLISHED	INCLUDES_STRUCTURED_FIELD	UNRESOLVED_MULTIPLE_MEASURE_TITLES|UNRESOLVED_MULTIPLE_ENDPOINT_CONSTRUCTS|UNRESOLVED_MULTIPLE_ASSESSMENT_CRITERIA|UNRESOLVED_MULTIPLE_PARAMTYPE_OR_UNIT|SEMANTIC_DUPLICATION_UNRESOLVED	PRESENT	6	POSTED	True		UNVERIFIABLE_IN_THIS_CACHE__NO_PARTICIPANT_FLOW_MODULE
NCT02608268#om7#OG012	NCT02608268	7	OG012	yes	COVERED_BY_A_AND_C	NCT02608268||phase ib dose escalation: mbg453 20mg q2w + pdr001 80mg q2w	2	NON_IDENTICAL_ENCODING_ON_PRESERVED_FIELDS	UNRESOLVED__SEMANTIC_CORRESPONDENCE_NOT_ESTABLISHED	INCLUDES_STRUCTURED_FIELD	UNRESOLVED_MULTIPLE_MEASURE_TITLES|UNRESOLVED_MULTIPLE_ENDPOINT_CONSTRUCTS|UNRESOLVED_MULTIPLE_ASSESSMENT_CRITERIA|UNRESOLVED_MULTIPLE_PARAMTYPE_OR_UNIT|SEMANTIC_DUPLICATION_UNRESOLVED	PRESENT	6	POSTED	True		UNVERIFIABLE_IN_THIS_CACHE__NO_PARTICIPANT_FLOW_MODULE
NCT02608268#om7#OG013	NCT02608268	7	OG013	yes	COVERED_BY_A_AND_C	NCT02608268||phase ib dose escalation: mbg453 80mg q2w + pdr001 80mg q2w	2	NON_IDENTICAL_ENCODING_ON_PRESERVED_FIELDS	UNRESOLVED__SEMANTIC_CORRESPONDENCE_NOT_ESTABLISHED	INCLUDES_STRUCTURED_FIELD	UNRESOLVED_MULTIPLE_MEASURE_TITLES|UNRESOLVED_MULTIPLE_ENDPOINT_CONSTRUCTS|UNRESOLVED_MULTIPLE_ASSESSMENT_CRITERIA|UNRESOLVED_MULTIPLE_PARAMTYPE_OR_UNIT|SEMANTIC_DUPLICATION_UNRESOLVED	PRESENT	13	POSTED	True		UNVERIFIABLE_IN_THIS_CACHE__NO_PARTICIPANT_FLOW_MODULE
NCT02608268#om7#OG014	NCT02608268	7	OG014	yes	COVERED_BY_A_AND_C	NCT02608268||phase ib dose escalation: mbg453 240mg q2w + pdr001 80mg q2w	2	NON_IDENTICAL_ENCODING_ON_PRESERVED_FIELDS	UNRESOLVED__SEMANTIC_CORRESPONDENCE_NOT_ESTABLISHED	INCLUDES_STRUCTURED_FIELD	UNRESOLVED_MULTIPLE_MEASURE_TITLES|UNRESOLVED_MULTIPLE_ENDPOINT_CONSTRUCTS|UNRESOLVED_MULTIPLE_ASSESSMENT_CRITERIA|UNRESOLVED_MULTIPLE_PARAMTYPE_OR_UNIT|SEMANTIC_DUPLICATION_UNRESOLVED	PRESENT	6	POSTED	True		UNVERIFIABLE_IN_THIS_CACHE__NO_PARTICIPANT_FLOW_MODULE
NCT02608268#om7#OG015	NCT02608268	7	OG015	yes	COVERED_BY_A_AND_C	NCT02608268||phase ib dose escalation: mbg453 240mg q2w + pdr001 240mg q2w	2	NON_IDENTICAL_ENCODING_ON_PRESERVED_FIELDS	UNRESOLVED__SEMANTIC_CORRESPONDENCE_NOT_ESTABLISHED	INCLUDES_STRUCTURED_FIELD	UNRESOLVED_MULTIPLE_MEASURE_TITLES|UNRESOLVED_MULTIPLE_ENDPOINT_CONSTRUCTS|UNRESOLVED_MULTIPLE_ASSESSMENT_CRITERIA|UNRESOLVED_MULTIPLE_PARAMTYPE_OR_UNIT|SEMANTIC_DUPLICATION_UNRESOLVED	PRESENT	5	POSTED	True		UNVERIFIABLE_IN_THIS_CACHE__NO_PARTICIPANT_FLOW_MODULE
NCT02608268#om7#OG016	NCT02608268	7	OG016	yes	COVERED_BY_A_AND_C	NCT02608268||phase ib dose escalation: mbg453 800mg q2w + pdr001 80mg q2w	2	NON_IDENTICAL_ENCODING_ON_PRESERVED_FIELDS	UNRESOLVED__SEMANTIC_CORRESPONDENCE_NOT_ESTABLISHED	INCLUDES_STRUCTURED_FIELD	UNRESOLVED_MULTIPLE_MEASURE_TITLES|UNRESOLVED_MULTIPLE_ENDPOINT_CONSTRUCTS|UNRESOLVED_MULTIPLE_ASSESSMENT_CRITERIA|UNRESOLVED_MULTIPLE_PARAMTYPE_OR_UNIT|SEMANTIC_DUPLICATION_UNRESOLVED	PRESENT	5	POSTED	True		UNVERIFIABLE_IN_THIS_CACHE__NO_PARTICIPANT_FLOW_MODULE
NCT02608268#om7#OG017	NCT02608268	7	OG017	yes	COVERED_BY_A_AND_C	NCT02608268||phase ib dose escalation: mbg453 800mg q2w + pdr001 240mg q2w	2	NON_IDENTICAL_ENCODING_ON_PRESERVED_FIELDS	UNRESOLVED__SEMANTIC_CORRESPONDENCE_NOT_ESTABLISHED	INCLUDES_STRUCTURED_FIELD	UNRESOLVED_MULTIPLE_MEASURE_TITLES|UNRESOLVED_MULTIPLE_ENDPOINT_CONSTRUCTS|UNRESOLVED_MULTIPLE_ASSESSMENT_CRITERIA|UNRESOLVED_MULTIPLE_PARAMTYPE_OR_UNIT|SEMANTIC_DUPLICATION_UNRESOLVED	PRESENT	6	POSTED	True		UNVERIFIABLE_IN_THIS_CACHE__NO_PARTICIPANT_FLOW_MODULE
NCT02608268#om7#OG018	NCT02608268	7	OG018	yes	COVERED_BY_A_AND_C	NCT02608268||phase ib dose escalation: mbg453 80mg q4w + pdr001 80mg q4w	2	NON_IDENTICAL_ENCODING_ON_PRESERVED_FIELDS	UNRESOLVED__SEMANTIC_CORRESPONDENCE_NOT_ESTABLISHED	INCLUDES_STRUCTURED_FIELD	UNRESOLVED_MULTIPLE_MEASURE_TITLES|UNRESOLVED_MULTIPLE_ENDPOINT_CONSTRUCTS|UNRESOLVED_MULTIPLE_ASSESSMENT_CRITERIA|UNRESOLVED_MULTIPLE_PARAMTYPE_OR_UNIT|SEMANTIC_DUPLICATION_UNRESOLVED	PRESENT	6	POSTED	True		UNVERIFIABLE_IN_THIS_CACHE__NO_PARTICIPANT_FLOW_MODULE
NCT02608268#om7#OG019	NCT02608268	7	OG019	yes	COVERED_BY_A_AND_C	NCT02608268||phase ib dose escalation: mbg453 80mg q4w + pdr001 400mg q4w	2	NON_IDENTICAL_ENCODING_ON_PRESERVED_FIELDS	UNRESOLVED__SEMANTIC_CORRESPONDENCE_NOT_ESTABLISHED	INCLUDES_STRUCTURED_FIELD	UNRESOLVED_MULTIPLE_MEASURE_TITLES|UNRESOLVED_MULTIPLE_ENDPOINT_CONSTRUCTS|UNRESOLVED_MULTIPLE_ASSESSMENT_CRITERIA|UNRESOLVED_MULTIPLE_PARAMTYPE_OR_UNIT|SEMANTIC_DUPLICATION_UNRESOLVED	PRESENT	3	POSTED	True		UNVERIFIABLE_IN_THIS_CACHE__NO_PARTICIPANT_FLOW_MODULE
NCT02608268#om7#OG020	NCT02608268	7	OG020	yes	COVERED_BY_A_AND_C	NCT02608268||phase ib dose escalation: mbg453 240mg q4w + pdr001 80mg q4w	2	NON_IDENTICAL_ENCODING_ON_PRESERVED_FIELDS	UNRESOLVED__SEMANTIC_CORRESPONDENCE_NOT_ESTABLISHED	INCLUDES_STRUCTURED_FIELD	UNRESOLVED_MULTIPLE_MEASURE_TITLES|UNRESOLVED_MULTIPLE_ENDPOINT_CONSTRUCTS|UNRESOLVED_MULTIPLE_ASSESSMENT_CRITERIA|UNRESOLVED_MULTIPLE_PARAMTYPE_OR_UNIT|SEMANTIC_DUPLICATION_UNRESOLVED	PRESENT	12	POSTED	True		UNVERIFIABLE_IN_THIS_CACHE__NO_PARTICIPANT_FLOW_MODULE
NCT02608268#om7#OG021	NCT02608268	7	OG021	yes	COVERED_BY_A_AND_C	NCT02608268||phase ib dose escalation: mbg453 240mg q4w + pdr001 240mg q4w	2	NON_IDENTICAL_ENCODING_ON_PRESERVED_FIELDS	UNRESOLVED__SEMANTIC_CORRESPONDENCE_NOT_ESTABLISHED	INCLUDES_STRUCTURED_FIELD	UNRESOLVED_MULTIPLE_MEASURE_TITLES|UNRESOLVED_MULTIPLE_ENDPOINT_CONSTRUCTS|UNRESOLVED_MULTIPLE_ASSESSMENT_CRITERIA|UNRESOLVED_MULTIPLE_PARAMTYPE_OR_UNIT|SEMANTIC_DUPLICATION_UNRESOLVED	PRESENT	5	POSTED	True		UNVERIFIABLE_IN_THIS_CACHE__NO_PARTICIPANT_FLOW_MODULE
NCT02608268#om7#OG022	NCT02608268	7	OG022	yes	COVERED_BY_A_AND_C	NCT02608268||phase ib dose escalation: mbg453 240mg q4w + pdr001 400mg q4w	2	NON_IDENTICAL_ENCODING_ON_PRESERVED_FIELDS	UNRESOLVED__SEMANTIC_CORRESPONDENCE_NOT_ESTABLISHED	INCLUDES_STRUCTURED_FIELD	UNRESOLVED_MULTIPLE_MEASURE_TITLES|UNRESOLVED_MULTIPLE_ENDPOINT_CONSTRUCTS|UNRESOLVED_MULTIPLE_ASSESSMENT_CRITERIA|UNRESOLVED_MULTIPLE_PARAMTYPE_OR_UNIT|SEMANTIC_DUPLICATION_UNRESOLVED	PRESENT	7	POSTED	True		UNVERIFIABLE_IN_THIS_CACHE__NO_PARTICIPANT_FLOW_MODULE
NCT02608268#om7#OG023	NCT02608268	7	OG023	yes	COVERED_BY_A_AND_C	NCT02608268||phase ib dose escalation: mbg453 800mg q4w + pdr001 400mg q4w	2	NON_IDENTICAL_ENCODING_ON_PRESERVED_FIELDS	UNRESOLVED__SEMANTIC_CORRESPONDENCE_NOT_ESTABLISHED	INCLUDES_STRUCTURED_FIELD	UNRESOLVED_MULTIPLE_MEASURE_TITLES|UNRESOLVED_MULTIPLE_ENDPOINT_CONSTRUCTS|UNRESOLVED_MULTIPLE_ASSESSMENT_CRITERIA|UNRESOLVED_MULTIPLE_PARAMTYPE_OR_UNIT|SEMANTIC_DUPLICATION_UNRESOLVED	PRESENT	6	POSTED	True		UNVERIFIABLE_IN_THIS_CACHE__NO_PARTICIPANT_FLOW_MODULE
NCT02608268#om7#OG024	NCT02608268	7	OG024	yes	COVERED_BY_A_AND_C	NCT02608268||phase ib dose escalation: mbg453 1200mg q4w + pdr001 400mg q4w	2	NON_IDENTICAL_ENCODING_ON_PRESERVED_FIELDS	UNRESOLVED__SEMANTIC_CORRESPONDENCE_NOT_ESTABLISHED	INCLUDES_STRUCTURED_FIELD	UNRESOLVED_MULTIPLE_MEASURE_TITLES|UNRESOLVED_MULTIPLE_ENDPOINT_CONSTRUCTS|UNRESOLVED_MULTIPLE_ASSESSMENT_CRITERIA|UNRESOLVED_MULTIPLE_PARAMTYPE_OR_UNIT|SEMANTIC_DUPLICATION_UNRESOLVED	PRESENT	6	POSTED	True		UNVERIFIABLE_IN_THIS_CACHE__NO_PARTICIPANT_FLOW_MODULE
NCT02608268#om7#OG025	NCT02608268	7	OG025	yes	COVERED_BY_A_AND_C	NCT02608268||dose ranging part: mbg453 80mg q4w	2	NON_IDENTICAL_ENCODING_ON_PRESERVED_FIELDS	UNRESOLVED__SEMANTIC_CORRESPONDENCE_NOT_ESTABLISHED	INCLUDES_STRUCTURED_FIELD	UNRESOLVED_MULTIPLE_MEASURE_TITLES|UNRESOLVED_MULTIPLE_ENDPOINT_CONSTRUCTS|UNRESOLVED_MULTIPLE_ASSESSMENT_CRITERIA|UNRESOLVED_MULTIPLE_PARAMTYPE_OR_UNIT|SEMANTIC_DUPLICATION_UNRESOLVED	PRESENT	14	POSTED	True		UNVERIFIABLE_IN_THIS_CACHE__NO_PARTICIPANT_FLOW_MODULE
NCT02608268#om7#OG026	NCT02608268	7	OG026	yes	COVERED_BY_A_AND_C	NCT02608268||dose ranging part: mbg453 240mg q4w	2	NON_IDENTICAL_ENCODING_ON_PRESERVED_FIELDS	UNRESOLVED__SEMANTIC_CORRESPONDENCE_NOT_ESTABLISHED	INCLUDES_STRUCTURED_FIELD	UNRESOLVED_MULTIPLE_MEASURE_TITLES|UNRESOLVED_MULTIPLE_ENDPOINT_CONSTRUCTS|UNRESOLVED_MULTIPLE_ASSESSMENT_CRITERIA|UNRESOLVED_MULTIPLE_PARAMTYPE_OR_UNIT|SEMANTIC_DUPLICATION_UNRESOLVED	PRESENT	17	POSTED	True		UNVERIFIABLE_IN_THIS_CACHE__NO_PARTICIPANT_FLOW_MODULE
NCT02608268#om7#OG027	NCT02608268	7	OG027	yes	COVERED_BY_A_AND_C	NCT02608268||dose ranging part: mbg453 1200mg q4w	2	NON_IDENTICAL_ENCODING_ON_PRESERVED_FIELDS	UNRESOLVED__SEMANTIC_CORRESPONDENCE_NOT_ESTABLISHED	INCLUDES_STRUCTURED_FIELD	UNRESOLVED_MULTIPLE_MEASURE_TITLES|UNRESOLVED_MULTIPLE_ENDPOINT_CONSTRUCTS|UNRESOLVED_MULTIPLE_ASSESSMENT_CRITERIA|UNRESOLVED_MULTIPLE_PARAMTYPE_OR_UNIT|SEMANTIC_DUPLICATION_UNRESOLVED	PRESENT	15	POSTED	True		UNVERIFIABLE_IN_THIS_CACHE__NO_PARTICIPANT_FLOW_MODULE
NCT02608268#om7#OG028	NCT02608268	7	OG028	yes	COVERED_BY_A_AND_C	NCT02608268||phase ii: mbg453 + pdr001 nsclc	3	NON_IDENTICAL_ENCODING_ON_PRESERVED_FIELDS	UNRESOLVED__SEMANTIC_CORRESPONDENCE_NOT_ESTABLISHED	INCLUDES_STRUCTURED_FIELD	UNRESOLVED_MULTIPLE_MEASURE_TITLES|UNRESOLVED_MULTIPLE_ENDPOINT_CONSTRUCTS|UNRESOLVED_MULTIPLE_TIME_FRAMES|UNRESOLVED_MULTIPLE_ASSESSMENT_CRITERIA|UNRESOLVED_MULTIPLE_POPULATION_DESCRIPTIONS|UNRESOLVED_MULTIPLE_PARAMTYPE_OR_UNIT|UNRESOLVED_MULTIPLE_OUTCOME_TYPES|SEMANTIC_DUPLICATION_UNRESOLVED	PRESENT	17	POSTED	True		UNVERIFIABLE_IN_THIS_CACHE__NO_PARTICIPANT_FLOW_MODULE
NCT02608268#om7#OG029	NCT02608268	7	OG029	yes	COVERED_BY_A_AND_C	NCT02608268||phase ii: mbg453 + pdr001 melanoma	3	NON_IDENTICAL_ENCODING_ON_PRESERVED_FIELDS	UNRESOLVED__SEMANTIC_CORRESPONDENCE_NOT_ESTABLISHED	INCLUDES_STRUCTURED_FIELD	UNRESOLVED_MULTIPLE_MEASURE_TITLES|UNRESOLVED_MULTIPLE_ENDPOINT_CONSTRUCTS|UNRESOLVED_MULTIPLE_TIME_FRAMES|UNRESOLVED_MULTIPLE_ASSESSMENT_CRITERIA|UNRESOLVED_MULTIPLE_POPULATION_DESCRIPTIONS|UNRESOLVED_MULTIPLE_PARAMTYPE_OR_UNIT|UNRESOLVED_MULTIPLE_OUTCOME_TYPES|SEMANTIC_DUPLICATION_UNRESOLVED	PRESENT	16	POSTED	True		UNVERIFIABLE_IN_THIS_CACHE__NO_PARTICIPANT_FLOW_MODULE
NCT02829723#om13#OG000	NCT02829723	13	OG000	yes	COVERED_BY_A_AND_C	NCT02829723||phase i: blz945 150 mg 7d on/7d off qd	13	NON_IDENTICAL_ENCODING_ON_PRESERVED_FIELDS	UNRESOLVED__SEMANTIC_CORRESPONDENCE_NOT_ESTABLISHED	INCLUDES_STRUCTURED_FIELD	UNRESOLVED_MULTIPLE_MEASURE_TITLES|UNRESOLVED_MULTIPLE_ENDPOINT_CONSTRUCTS|UNRESOLVED_MULTIPLE_TIME_FRAMES|UNRESOLVED_MULTIPLE_ASSESSMENT_CRITERIA|UNRESOLVED_MULTIPLE_POPULATION_DESCRIPTIONS|UNRESOLVED_MULTIPLE_DENOMINATORS|UNRESOLVED_MULTIPLE_PARAMTYPE_OR_UNIT|SEMANTIC_DUPLICATION_UNRESOLVED	PRESENT	5	POSTED	True		UNVERIFIABLE_IN_THIS_CACHE__NO_PARTICIPANT_FLOW_MODULE
NCT02829723#om13#OG001	NCT02829723	13	OG001	yes	COVERED_BY_A_AND_C	NCT02829723||phase i: blz945 300 mg 7d on/7d off qd	13	NON_IDENTICAL_ENCODING_ON_PRESERVED_FIELDS	UNRESOLVED__SEMANTIC_CORRESPONDENCE_NOT_ESTABLISHED	INCLUDES_STRUCTURED_FIELD	UNRESOLVED_MULTIPLE_MEASURE_TITLES|UNRESOLVED_MULTIPLE_ENDPOINT_CONSTRUCTS|UNRESOLVED_MULTIPLE_TIME_FRAMES|UNRESOLVED_MULTIPLE_ASSESSMENT_CRITERIA|UNRESOLVED_MULTIPLE_POPULATION_DESCRIPTIONS|UNRESOLVED_MULTIPLE_DENOMINATORS|UNRESOLVED_MULTIPLE_PARAMTYPE_OR_UNIT|SEMANTIC_DUPLICATION_UNRESOLVED	PRESENT	7	POSTED	True		UNVERIFIABLE_IN_THIS_CACHE__NO_PARTICIPANT_FLOW_MODULE
NCT02829723#om13#OG002	NCT02829723	13	OG002	yes	COVERED_BY_A_AND_C	NCT02829723||phase i: blz945 300 mg q1w qd	13	NON_IDENTICAL_ENCODING_ON_PRESERVED_FIELDS	UNRESOLVED__SEMANTIC_CORRESPONDENCE_NOT_ESTABLISHED	INCLUDES_STRUCTURED_FIELD	UNRESOLVED_MULTIPLE_MEASURE_TITLES|UNRESOLVED_MULTIPLE_ENDPOINT_CONSTRUCTS|UNRESOLVED_MULTIPLE_TIME_FRAMES|UNRESOLVED_MULTIPLE_ASSESSMENT_CRITERIA|UNRESOLVED_MULTIPLE_POPULATION_DESCRIPTIONS|UNRESOLVED_MULTIPLE_DENOMINATORS|UNRESOLVED_MULTIPLE_PARAMTYPE_OR_UNIT|SEMANTIC_DUPLICATION_UNRESOLVED	PRESENT	5	POSTED	True		UNVERIFIABLE_IN_THIS_CACHE__NO_PARTICIPANT_FLOW_MODULE
NCT02829723#om13#OG003	NCT02829723	13	OG003	yes	COVERED_BY_A_AND_C	NCT02829723||phase i: blz945 450 mg q1w qd	13	NON_IDENTICAL_ENCODING_ON_PRESERVED_FIELDS	UNRESOLVED__SEMANTIC_CORRESPONDENCE_NOT_ESTABLISHED	INCLUDES_STRUCTURED_FIELD	UNRESOLVED_MULTIPLE_MEASURE_TITLES|UNRESOLVED_MULTIPLE_ENDPOINT_CONSTRUCTS|UNRESOLVED_MULTIPLE_TIME_FRAMES|UNRESOLVED_MULTIPLE_ASSESSMENT_CRITERIA|UNRESOLVED_MULTIPLE_POPULATION_DESCRIPTIONS|UNRESOLVED_MULTIPLE_DENOMINATORS|UNRESOLVED_MULTIPLE_PARAMTYPE_OR_UNIT|SEMANTIC_DUPLICATION_UNRESOLVED	PRESENT	6	POSTED	True		UNVERIFIABLE_IN_THIS_CACHE__NO_PARTICIPANT_FLOW_MODULE
NCT02829723#om13#OG004	NCT02829723	13	OG004	yes	COVERED_BY_A_AND_C	NCT02829723||phase i: blz945 600 mg q1w qd	13	NON_IDENTICAL_ENCODING_ON_PRESERVED_FIELDS	UNRESOLVED__SEMANTIC_CORRESPONDENCE_NOT_ESTABLISHED	INCLUDES_STRUCTURED_FIELD	UNRESOLVED_MULTIPLE_MEASURE_TITLES|UNRESOLVED_MULTIPLE_ENDPOINT_CONSTRUCTS|UNRESOLVED_MULTIPLE_TIME_FRAMES|UNRESOLVED_MULTIPLE_ASSESSMENT_CRITERIA|UNRESOLVED_MULTIPLE_POPULATION_DESCRIPTIONS|UNRESOLVED_MULTIPLE_DENOMINATORS|UNRESOLVED_MULTIPLE_PARAMTYPE_OR_UNIT|SEMANTIC_DUPLICATION_UNRESOLVED	PRESENT	3	POSTED	True		UNVERIFIABLE_IN_THIS_CACHE__NO_PARTICIPANT_FLOW_MODULE
NCT02829723#om13#OG005	NCT02829723	13	OG005	yes	COVERED_BY_A_AND_C	NCT02829723||phase i: blz945 1000 mg q1w qd	13	NON_IDENTICAL_ENCODING_ON_PRESERVED_FIELDS	UNRESOLVED__SEMANTIC_CORRESPONDENCE_NOT_ESTABLISHED	INCLUDES_STRUCTURED_FIELD	UNRESOLVED_MULTIPLE_MEASURE_TITLES|UNRESOLVED_MULTIPLE_ENDPOINT_CONSTRUCTS|UNRESOLVED_MULTIPLE_TIME_FRAMES|UNRESOLVED_MULTIPLE_ASSESSMENT_CRITERIA|UNRESOLVED_MULTIPLE_POPULATION_DESCRIPTIONS|UNRESOLVED_MULTIPLE_DENOMINATORS|UNRESOLVED_MULTIPLE_PARAMTYPE_OR_UNIT|SEMANTIC_DUPLICATION_UNRESOLVED	PRESENT	5	POSTED	True		UNVERIFIABLE_IN_THIS_CACHE__NO_PARTICIPANT_FLOW_MODULE
NCT02829723#om13#OG006	NCT02829723	13	OG006	yes	COVERED_BY_A_AND_C	NCT02829723||phase i: blz945 1600 mg q1w qd	13	NON_IDENTICAL_ENCODING_ON_PRESERVED_FIELDS	UNRESOLVED__SEMANTIC_CORRESPONDENCE_NOT_ESTABLISHED	INCLUDES_STRUCTURED_FIELD	UNRESOLVED_MULTIPLE_MEASURE_TITLES|UNRESOLVED_MULTIPLE_ENDPOINT_CONSTRUCTS|UNRESOLVED_MULTIPLE_TIME_FRAMES|UNRESOLVED_MULTIPLE_ASSESSMENT_CRITERIA|UNRESOLVED_MULTIPLE_POPULATION_DESCRIPTIONS|UNRESOLVED_MULTIPLE_DENOMINATORS|UNRESOLVED_MULTIPLE_PARAMTYPE_OR_UNIT|SEMANTIC_DUPLICATION_UNRESOLVED	PRESENT	5	POSTED	True		UNVERIFIABLE_IN_THIS_CACHE__NO_PARTICIPANT_FLOW_MODULE
NCT02829723#om13#OG007	NCT02829723	13	OG007	yes	COVERED_BY_A_AND_C	NCT02829723||phase i: blz945 300 mg 4d on/10d off qd	13	NON_IDENTICAL_ENCODING_ON_PRESERVED_FIELDS	UNRESOLVED__SEMANTIC_CORRESPONDENCE_NOT_ESTABLISHED	INCLUDES_STRUCTURED_FIELD	UNRESOLVED_MULTIPLE_MEASURE_TITLES|UNRESOLVED_MULTIPLE_ENDPOINT_CONSTRUCTS|UNRESOLVED_MULTIPLE_TIME_FRAMES|UNRESOLVED_MULTIPLE_ASSESSMENT_CRITERIA|UNRESOLVED_MULTIPLE_POPULATION_DESCRIPTIONS|UNRESOLVED_MULTIPLE_DENOMINATORS|UNRESOLVED_MULTIPLE_PARAMTYPE_OR_UNIT|SEMANTIC_DUPLICATION_UNRESOLVED	PRESENT	8	POSTED	True		UNVERIFIABLE_IN_THIS_CACHE__NO_PARTICIPANT_FLOW_MODULE
NCT02829723#om13#OG008	NCT02829723	13	OG008	yes	COVERED_BY_A_AND_C	NCT02829723||phase i: blz945 600 mg 4d on/10d off qd	13	NON_IDENTICAL_ENCODING_ON_PRESERVED_FIELDS	UNRESOLVED__SEMANTIC_CORRESPONDENCE_NOT_ESTABLISHED	INCLUDES_STRUCTURED_FIELD	UNRESOLVED_MULTIPLE_MEASURE_TITLES|UNRESOLVED_MULTIPLE_ENDPOINT_CONSTRUCTS|UNRESOLVED_MULTIPLE_TIME_FRAMES|UNRESOLVED_MULTIPLE_ASSESSMENT_CRITERIA|UNRESOLVED_MULTIPLE_POPULATION_DESCRIPTIONS|UNRESOLVED_MULTIPLE_DENOMINATORS|UNRESOLVED_MULTIPLE_PARAMTYPE_OR_UNIT|SEMANTIC_DUPLICATION_UNRESOLVED	PRESENT	8	POSTED	True		UNVERIFIABLE_IN_THIS_CACHE__NO_PARTICIPANT_FLOW_MODULE
NCT02829723#om13#OG009	NCT02829723	13	OG009	yes	COVERED_BY_A_AND_C	NCT02829723||phase i: blz945 800 mg 4d on/10d off qd	13	NON_IDENTICAL_ENCODING_ON_PRESERVED_FIELDS	UNRESOLVED__SEMANTIC_CORRESPONDENCE_NOT_ESTABLISHED	INCLUDES_STRUCTURED_FIELD	UNRESOLVED_MULTIPLE_MEASURE_TITLES|UNRESOLVED_MULTIPLE_ENDPOINT_CONSTRUCTS|UNRESOLVED_MULTIPLE_TIME_FRAMES|UNRESOLVED_MULTIPLE_ASSESSMENT_CRITERIA|UNRESOLVED_MULTIPLE_POPULATION_DESCRIPTIONS|UNRESOLVED_MULTIPLE_DENOMINATORS|UNRESOLVED_MULTIPLE_PARAMTYPE_OR_UNIT|SEMANTIC_DUPLICATION_UNRESOLVED	PRESENT	5	POSTED	True		UNVERIFIABLE_IN_THIS_CACHE__NO_PARTICIPANT_FLOW_MODULE
NCT02829723#om13#OG010	NCT02829723	13	OG010	yes	COVERED_BY_A_AND_C	NCT02829723||phase i: blz945 1200 mg 4d on/10d off qd	13	NON_IDENTICAL_ENCODING_ON_PRESERVED_FIELDS	UNRESOLVED__SEMANTIC_CORRESPONDENCE_NOT_ESTABLISHED	INCLUDES_STRUCTURED_FIELD	UNRESOLVED_MULTIPLE_MEASURE_TITLES|UNRESOLVED_MULTIPLE_ENDPOINT_CONSTRUCTS|UNRESOLVED_MULTIPLE_TIME_FRAMES|UNRESOLVED_MULTIPLE_ASSESSMENT_CRITERIA|UNRESOLVED_MULTIPLE_POPULATION_DESCRIPTIONS|UNRESOLVED_MULTIPLE_DENOMINATORS|UNRESOLVED_MULTIPLE_PARAMTYPE_OR_UNIT|SEMANTIC_DUPLICATION_UNRESOLVED	PRESENT	7	POSTED	True		UNVERIFIABLE_IN_THIS_CACHE__NO_PARTICIPANT_FLOW_MODULE
NCT02829723#om13#OG012	NCT02829723	13	OG012	yes	COVERED_BY_A_AND_C	NCT02829723||phase i: blz945 600 mg q1w bid	13	NON_IDENTICAL_ENCODING_ON_PRESERVED_FIELDS	UNRESOLVED__SEMANTIC_CORRESPONDENCE_NOT_ESTABLISHED	INCLUDES_STRUCTURED_FIELD	UNRESOLVED_MULTIPLE_MEASURE_TITLES|UNRESOLVED_MULTIPLE_ENDPOINT_CONSTRUCTS|UNRESOLVED_MULTIPLE_TIME_FRAMES|UNRESOLVED_MULTIPLE_ASSESSMENT_CRITERIA|UNRESOLVED_MULTIPLE_POPULATION_DESCRIPTIONS|UNRESOLVED_MULTIPLE_DENOMINATORS|UNRESOLVED_MULTIPLE_PARAMTYPE_OR_UNIT|SEMANTIC_DUPLICATION_UNRESOLVED	PRESENT	1	POSTED	True		UNVERIFIABLE_IN_THIS_CACHE__NO_PARTICIPANT_FLOW_MODULE
NCT02829723#om13#OG013	NCT02829723	13	OG013	yes	COVERED_BY_A_AND_C	NCT02829723||phase i: blz945 600 mg 4d on/10d off bid	13	NON_IDENTICAL_ENCODING_ON_PRESERVED_FIELDS	UNRESOLVED__SEMANTIC_CORRESPONDENCE_NOT_ESTABLISHED	INCLUDES_STRUCTURED_FIELD	UNRESOLVED_MULTIPLE_MEASURE_TITLES|UNRESOLVED_MULTIPLE_ENDPOINT_CONSTRUCTS|UNRESOLVED_MULTIPLE_TIME_FRAMES|UNRESOLVED_MULTIPLE_ASSESSMENT_CRITERIA|UNRESOLVED_MULTIPLE_POPULATION_DESCRIPTIONS|UNRESOLVED_MULTIPLE_DENOMINATORS|UNRESOLVED_MULTIPLE_PARAMTYPE_OR_UNIT|SEMANTIC_DUPLICATION_UNRESOLVED	PRESENT	3	POSTED	True		UNVERIFIABLE_IN_THIS_CACHE__NO_PARTICIPANT_FLOW_MODULE
NCT02829723#om13#OG014	NCT02829723	13	OG014	yes	COVERED_BY_A_AND_C	NCT02829723||phase i: blz945 150 mg q1w qd + pdr001 400 mg q4w	13	NON_IDENTICAL_ENCODING_ON_PRESERVED_FIELDS	UNRESOLVED__SEMANTIC_CORRESPONDENCE_NOT_ESTABLISHED	INCLUDES_STRUCTURED_FIELD	UNRESOLVED_MULTIPLE_MEASURE_TITLES|UNRESOLVED_MULTIPLE_ENDPOINT_CONSTRUCTS|UNRESOLVED_MULTIPLE_TIME_FRAMES|UNRESOLVED_MULTIPLE_ASSESSMENT_CRITERIA|UNRESOLVED_MULTIPLE_POPULATION_DESCRIPTIONS|UNRESOLVED_MULTIPLE_DENOMINATORS|UNRESOLVED_MULTIPLE_PARAMTYPE_OR_UNIT|SEMANTIC_DUPLICATION_UNRESOLVED	PRESENT	4	POSTED	True		UNVERIFIABLE_IN_THIS_CACHE__NO_PARTICIPANT_FLOW_MODULE
NCT02829723#om13#OG015	NCT02829723	13	OG015	yes	COVERED_BY_A_AND_C	NCT02829723||phase i: blz945 300 mg q1w qd + pdr001 400 mg q4w	13	NON_IDENTICAL_ENCODING_ON_PRESERVED_FIELDS	UNRESOLVED__SEMANTIC_CORRESPONDENCE_NOT_ESTABLISHED	INCLUDES_STRUCTURED_FIELD	UNRESOLVED_MULTIPLE_MEASURE_TITLES|UNRESOLVED_MULTIPLE_ENDPOINT_CONSTRUCTS|UNRESOLVED_MULTIPLE_TIME_FRAMES|UNRESOLVED_MULTIPLE_ASSESSMENT_CRITERIA|UNRESOLVED_MULTIPLE_POPULATION_DESCRIPTIONS|UNRESOLVED_MULTIPLE_DENOMINATORS|UNRESOLVED_MULTIPLE_PARAMTYPE_OR_UNIT|SEMANTIC_DUPLICATION_UNRESOLVED	PRESENT	5	POSTED	True		UNVERIFIABLE_IN_THIS_CACHE__NO_PARTICIPANT_FLOW_MODULE
NCT02829723#om13#OG016	NCT02829723	13	OG016	yes	COVERED_BY_A_AND_C	NCT02829723||phase i: blz945 600 mg q1w qd + pdr001 400 mg q4w	13	NON_IDENTICAL_ENCODING_ON_PRESERVED_FIELDS	UNRESOLVED__SEMANTIC_CORRESPONDENCE_NOT_ESTABLISHED	INCLUDES_STRUCTURED_FIELD	UNRESOLVED_MULTIPLE_MEASURE_TITLES|UNRESOLVED_MULTIPLE_ENDPOINT_CONSTRUCTS|UNRESOLVED_MULTIPLE_TIME_FRAMES|UNRESOLVED_MULTIPLE_ASSESSMENT_CRITERIA|UNRESOLVED_MULTIPLE_POPULATION_DESCRIPTIONS|UNRESOLVED_MULTIPLE_DENOMINATORS|UNRESOLVED_MULTIPLE_PARAMTYPE_OR_UNIT|SEMANTIC_DUPLICATION_UNRESOLVED	PRESENT	7	POSTED	True		UNVERIFIABLE_IN_THIS_CACHE__NO_PARTICIPANT_FLOW_MODULE
NCT02829723#om13#OG017	NCT02829723	13	OG017	yes	COVERED_BY_A_AND_C	NCT02829723||phase i: blz945 1000 mg q1w qd + pdr001 400 mg q4w	13	NON_IDENTICAL_ENCODING_ON_PRESERVED_FIELDS	UNRESOLVED__SEMANTIC_CORRESPONDENCE_NOT_ESTABLISHED	INCLUDES_STRUCTURED_FIELD	UNRESOLVED_MULTIPLE_MEASURE_TITLES|UNRESOLVED_MULTIPLE_ENDPOINT_CONSTRUCTS|UNRESOLVED_MULTIPLE_TIME_FRAMES|UNRESOLVED_MULTIPLE_ASSESSMENT_CRITERIA|UNRESOLVED_MULTIPLE_POPULATION_DESCRIPTIONS|UNRESOLVED_MULTIPLE_DENOMINATORS|UNRESOLVED_MULTIPLE_PARAMTYPE_OR_UNIT|SEMANTIC_DUPLICATION_UNRESOLVED	PRESENT	5	POSTED	True		UNVERIFIABLE_IN_THIS_CACHE__NO_PARTICIPANT_FLOW_MODULE
NCT02829723#om13#OG018	NCT02829723	13	OG018	yes	COVERED_BY_A_AND_C	NCT02829723||phase i: blz945 1400 mg q1w qd + pdr001 400 mg q4w	13	NON_IDENTICAL_ENCODING_ON_PRESERVED_FIELDS	UNRESOLVED__SEMANTIC_CORRESPONDENCE_NOT_ESTABLISHED	INCLUDES_STRUCTURED_FIELD	UNRESOLVED_MULTIPLE_MEASURE_TITLES|UNRESOLVED_MULTIPLE_ENDPOINT_CONSTRUCTS|UNRESOLVED_MULTIPLE_TIME_FRAMES|UNRESOLVED_MULTIPLE_ASSESSMENT_CRITERIA|UNRESOLVED_MULTIPLE_POPULATION_DESCRIPTIONS|UNRESOLVED_MULTIPLE_DENOMINATORS|UNRESOLVED_MULTIPLE_PARAMTYPE_OR_UNIT|SEMANTIC_DUPLICATION_UNRESOLVED	PRESENT	5	POSTED	True		UNVERIFIABLE_IN_THIS_CACHE__NO_PARTICIPANT_FLOW_MODULE
NCT02829723#om13#OG019	NCT02829723	13	OG019	yes	COVERED_BY_A_AND_C	NCT02829723||phase i: blz945 300 mg 4d on/10d off qd + pdr001 400 mg q4w	13	NON_IDENTICAL_ENCODING_ON_PRESERVED_FIELDS	UNRESOLVED__SEMANTIC_CORRESPONDENCE_NOT_ESTABLISHED	INCLUDES_STRUCTURED_FIELD	UNRESOLVED_MULTIPLE_MEASURE_TITLES|UNRESOLVED_MULTIPLE_ENDPOINT_CONSTRUCTS|UNRESOLVED_MULTIPLE_TIME_FRAMES|UNRESOLVED_MULTIPLE_ASSESSMENT_CRITERIA|UNRESOLVED_MULTIPLE_POPULATION_DESCRIPTIONS|UNRESOLVED_MULTIPLE_DENOMINATORS|UNRESOLVED_MULTIPLE_PARAMTYPE_OR_UNIT|SEMANTIC_DUPLICATION_UNRESOLVED	PRESENT	4	POSTED	True		UNVERIFIABLE_IN_THIS_CACHE__NO_PARTICIPANT_FLOW_MODULE
NCT02829723#om13#OG020	NCT02829723	13	OG020	yes	COVERED_BY_A_AND_C	NCT02829723||phase i: blz945 450 mg 4d on/10d off qd + pdr001 400 mg q4w	13	NON_IDENTICAL_ENCODING_ON_PRESERVED_FIELDS	UNRESOLVED__SEMANTIC_CORRESPONDENCE_NOT_ESTABLISHED	INCLUDES_STRUCTURED_FIELD	UNRESOLVED_MULTIPLE_MEASURE_TITLES|UNRESOLVED_MULTIPLE_ENDPOINT_CONSTRUCTS|UNRESOLVED_MULTIPLE_TIME_FRAMES|UNRESOLVED_MULTIPLE_ASSESSMENT_CRITERIA|UNRESOLVED_MULTIPLE_POPULATION_DESCRIPTIONS|UNRESOLVED_MULTIPLE_DENOMINATORS|UNRESOLVED_MULTIPLE_PARAMTYPE_OR_UNIT|SEMANTIC_DUPLICATION_UNRESOLVED	PRESENT	6	POSTED	True		UNVERIFIABLE_IN_THIS_CACHE__NO_PARTICIPANT_FLOW_MODULE
NCT02829723#om13#OG021	NCT02829723	13	OG021	yes	COVERED_BY_A_AND_C	NCT02829723||phase i: blz945 700 mg 4d on/10d off qd + pdr001 400 mg q4w	13	NON_IDENTICAL_ENCODING_ON_PRESERVED_FIELDS	UNRESOLVED__SEMANTIC_CORRESPONDENCE_NOT_ESTABLISHED	INCLUDES_STRUCTURED_FIELD	UNRESOLVED_MULTIPLE_MEASURE_TITLES|UNRESOLVED_MULTIPLE_ENDPOINT_CONSTRUCTS|UNRESOLVED_MULTIPLE_TIME_FRAMES|UNRESOLVED_MULTIPLE_ASSESSMENT_CRITERIA|UNRESOLVED_MULTIPLE_POPULATION_DESCRIPTIONS|UNRESOLVED_MULTIPLE_DENOMINATORS|UNRESOLVED_MULTIPLE_PARAMTYPE_OR_UNIT|SEMANTIC_DUPLICATION_UNRESOLVED	PRESENT	4	POSTED	True		UNVERIFIABLE_IN_THIS_CACHE__NO_PARTICIPANT_FLOW_MODULE
NCT02829723#om13#OG022	NCT02829723	13	OG022	yes	COVERED_BY_A_AND_C	NCT02829723||phase i: blz945 1200 mg 4d on/10d off qd + pdr001 400 mg q4w	13	NON_IDENTICAL_ENCODING_ON_PRESERVED_FIELDS	UNRESOLVED__SEMANTIC_CORRESPONDENCE_NOT_ESTABLISHED	INCLUDES_STRUCTURED_FIELD	UNRESOLVED_MULTIPLE_MEASURE_TITLES|UNRESOLVED_MULTIPLE_ENDPOINT_CONSTRUCTS|UNRESOLVED_MULTIPLE_TIME_FRAMES|UNRESOLVED_MULTIPLE_ASSESSMENT_CRITERIA|UNRESOLVED_MULTIPLE_POPULATION_DESCRIPTIONS|UNRESOLVED_MULTIPLE_DENOMINATORS|UNRESOLVED_MULTIPLE_PARAMTYPE_OR_UNIT|SEMANTIC_DUPLICATION_UNRESOLVED	PRESENT	3	POSTED	True		UNVERIFIABLE_IN_THIS_CACHE__NO_PARTICIPANT_FLOW_MODULE
NCT02829723#om13#OG023	NCT02829723	13	OG023	yes	COVERED_BY_A_AND_C	NCT02829723||phase i: blz945 600 mg q1w bid + pdr001 400 mg q4w	13	NON_IDENTICAL_ENCODING_ON_PRESERVED_FIELDS	UNRESOLVED__SEMANTIC_CORRESPONDENCE_NOT_ESTABLISHED	INCLUDES_STRUCTURED_FIELD	UNRESOLVED_MULTIPLE_MEASURE_TITLES|UNRESOLVED_MULTIPLE_ENDPOINT_CONSTRUCTS|UNRESOLVED_MULTIPLE_TIME_FRAMES|UNRESOLVED_MULTIPLE_ASSESSMENT_CRITERIA|UNRESOLVED_MULTIPLE_POPULATION_DESCRIPTIONS|UNRESOLVED_MULTIPLE_DENOMINATORS|UNRESOLVED_MULTIPLE_PARAMTYPE_OR_UNIT|SEMANTIC_DUPLICATION_UNRESOLVED	PRESENT	6	POSTED	True		UNVERIFIABLE_IN_THIS_CACHE__NO_PARTICIPANT_FLOW_MODULE
NCT02829723#om13#OG024	NCT02829723	13	OG024	yes	COVERED_BY_A_AND_C	NCT02829723||phase i: blz945 800 mg q1w bid + pdr001 400 mg q4w	13	NON_IDENTICAL_ENCODING_ON_PRESERVED_FIELDS	UNRESOLVED__SEMANTIC_CORRESPONDENCE_NOT_ESTABLISHED	INCLUDES_STRUCTURED_FIELD	UNRESOLVED_MULTIPLE_MEASURE_TITLES|UNRESOLVED_MULTIPLE_ENDPOINT_CONSTRUCTS|UNRESOLVED_MULTIPLE_TIME_FRAMES|UNRESOLVED_MULTIPLE_ASSESSMENT_CRITERIA|UNRESOLVED_MULTIPLE_POPULATION_DESCRIPTIONS|UNRESOLVED_MULTIPLE_DENOMINATORS|UNRESOLVED_MULTIPLE_PARAMTYPE_OR_UNIT|SEMANTIC_DUPLICATION_UNRESOLVED	PRESENT	3	POSTED	True		UNVERIFIABLE_IN_THIS_CACHE__NO_PARTICIPANT_FLOW_MODULE
NCT02829723#om14#OG000	NCT02829723	14	OG000	yes	COVERED_BY_A_AND_C	NCT02829723||phase i: blz945 150 mg 7d on/7d off qd	13	NON_IDENTICAL_ENCODING_ON_PRESERVED_FIELDS	UNRESOLVED__SEMANTIC_CORRESPONDENCE_NOT_ESTABLISHED	INCLUDES_STRUCTURED_FIELD	UNRESOLVED_MULTIPLE_MEASURE_TITLES|UNRESOLVED_MULTIPLE_ENDPOINT_CONSTRUCTS|UNRESOLVED_MULTIPLE_TIME_FRAMES|UNRESOLVED_MULTIPLE_ASSESSMENT_CRITERIA|UNRESOLVED_MULTIPLE_POPULATION_DESCRIPTIONS|UNRESOLVED_MULTIPLE_DENOMINATORS|UNRESOLVED_MULTIPLE_PARAMTYPE_OR_UNIT|SEMANTIC_DUPLICATION_UNRESOLVED	PRESENT	5	POSTED	True		UNVERIFIABLE_IN_THIS_CACHE__NO_PARTICIPANT_FLOW_MODULE
NCT02829723#om14#OG001	NCT02829723	14	OG001	yes	COVERED_BY_A_AND_C	NCT02829723||phase i: blz945 300 mg 7d on/7d off qd	13	NON_IDENTICAL_ENCODING_ON_PRESERVED_FIELDS	UNRESOLVED__SEMANTIC_CORRESPONDENCE_NOT_ESTABLISHED	INCLUDES_STRUCTURED_FIELD	UNRESOLVED_MULTIPLE_MEASURE_TITLES|UNRESOLVED_MULTIPLE_ENDPOINT_CONSTRUCTS|UNRESOLVED_MULTIPLE_TIME_FRAMES|UNRESOLVED_MULTIPLE_ASSESSMENT_CRITERIA|UNRESOLVED_MULTIPLE_POPULATION_DESCRIPTIONS|UNRESOLVED_MULTIPLE_DENOMINATORS|UNRESOLVED_MULTIPLE_PARAMTYPE_OR_UNIT|SEMANTIC_DUPLICATION_UNRESOLVED	PRESENT	7	POSTED	True		UNVERIFIABLE_IN_THIS_CACHE__NO_PARTICIPANT_FLOW_MODULE
NCT02829723#om14#OG002	NCT02829723	14	OG002	yes	COVERED_BY_A_AND_C	NCT02829723||phase i: blz945 300 mg q1w qd	13	NON_IDENTICAL_ENCODING_ON_PRESERVED_FIELDS	UNRESOLVED__SEMANTIC_CORRESPONDENCE_NOT_ESTABLISHED	INCLUDES_STRUCTURED_FIELD	UNRESOLVED_MULTIPLE_MEASURE_TITLES|UNRESOLVED_MULTIPLE_ENDPOINT_CONSTRUCTS|UNRESOLVED_MULTIPLE_TIME_FRAMES|UNRESOLVED_MULTIPLE_ASSESSMENT_CRITERIA|UNRESOLVED_MULTIPLE_POPULATION_DESCRIPTIONS|UNRESOLVED_MULTIPLE_DENOMINATORS|UNRESOLVED_MULTIPLE_PARAMTYPE_OR_UNIT|SEMANTIC_DUPLICATION_UNRESOLVED	PRESENT	5	POSTED	True		UNVERIFIABLE_IN_THIS_CACHE__NO_PARTICIPANT_FLOW_MODULE
NCT02829723#om14#OG003	NCT02829723	14	OG003	yes	COVERED_BY_A_AND_C	NCT02829723||phase i: blz945 450 mg q1w qd	13	NON_IDENTICAL_ENCODING_ON_PRESERVED_FIELDS	UNRESOLVED__SEMANTIC_CORRESPONDENCE_NOT_ESTABLISHED	INCLUDES_STRUCTURED_FIELD	UNRESOLVED_MULTIPLE_MEASURE_TITLES|UNRESOLVED_MULTIPLE_ENDPOINT_CONSTRUCTS|UNRESOLVED_MULTIPLE_TIME_FRAMES|UNRESOLVED_MULTIPLE_ASSESSMENT_CRITERIA|UNRESOLVED_MULTIPLE_POPULATION_DESCRIPTIONS|UNRESOLVED_MULTIPLE_DENOMINATORS|UNRESOLVED_MULTIPLE_PARAMTYPE_OR_UNIT|SEMANTIC_DUPLICATION_UNRESOLVED	PRESENT	6	POSTED	True		UNVERIFIABLE_IN_THIS_CACHE__NO_PARTICIPANT_FLOW_MODULE
NCT02829723#om14#OG004	NCT02829723	14	OG004	yes	COVERED_BY_A_AND_C	NCT02829723||phase i: blz945 600 mg q1w qd	13	NON_IDENTICAL_ENCODING_ON_PRESERVED_FIELDS	UNRESOLVED__SEMANTIC_CORRESPONDENCE_NOT_ESTABLISHED	INCLUDES_STRUCTURED_FIELD	UNRESOLVED_MULTIPLE_MEASURE_TITLES|UNRESOLVED_MULTIPLE_ENDPOINT_CONSTRUCTS|UNRESOLVED_MULTIPLE_TIME_FRAMES|UNRESOLVED_MULTIPLE_ASSESSMENT_CRITERIA|UNRESOLVED_MULTIPLE_POPULATION_DESCRIPTIONS|UNRESOLVED_MULTIPLE_DENOMINATORS|UNRESOLVED_MULTIPLE_PARAMTYPE_OR_UNIT|SEMANTIC_DUPLICATION_UNRESOLVED	PRESENT	3	POSTED	True		UNVERIFIABLE_IN_THIS_CACHE__NO_PARTICIPANT_FLOW_MODULE
NCT02829723#om14#OG005	NCT02829723	14	OG005	yes	COVERED_BY_A_AND_C	NCT02829723||phase i: blz945 1000 mg q1w qd	13	NON_IDENTICAL_ENCODING_ON_PRESERVED_FIELDS	UNRESOLVED__SEMANTIC_CORRESPONDENCE_NOT_ESTABLISHED	INCLUDES_STRUCTURED_FIELD	UNRESOLVED_MULTIPLE_MEASURE_TITLES|UNRESOLVED_MULTIPLE_ENDPOINT_CONSTRUCTS|UNRESOLVED_MULTIPLE_TIME_FRAMES|UNRESOLVED_MULTIPLE_ASSESSMENT_CRITERIA|UNRESOLVED_MULTIPLE_POPULATION_DESCRIPTIONS|UNRESOLVED_MULTIPLE_DENOMINATORS|UNRESOLVED_MULTIPLE_PARAMTYPE_OR_UNIT|SEMANTIC_DUPLICATION_UNRESOLVED	PRESENT	5	POSTED	True		UNVERIFIABLE_IN_THIS_CACHE__NO_PARTICIPANT_FLOW_MODULE
NCT02829723#om14#OG006	NCT02829723	14	OG006	yes	COVERED_BY_A_AND_C	NCT02829723||phase i: blz945 1600 mg q1w qd	13	NON_IDENTICAL_ENCODING_ON_PRESERVED_FIELDS	UNRESOLVED__SEMANTIC_CORRESPONDENCE_NOT_ESTABLISHED	INCLUDES_STRUCTURED_FIELD	UNRESOLVED_MULTIPLE_MEASURE_TITLES|UNRESOLVED_MULTIPLE_ENDPOINT_CONSTRUCTS|UNRESOLVED_MULTIPLE_TIME_FRAMES|UNRESOLVED_MULTIPLE_ASSESSMENT_CRITERIA|UNRESOLVED_MULTIPLE_POPULATION_DESCRIPTIONS|UNRESOLVED_MULTIPLE_DENOMINATORS|UNRESOLVED_MULTIPLE_PARAMTYPE_OR_UNIT|SEMANTIC_DUPLICATION_UNRESOLVED	PRESENT	5	POSTED	True		UNVERIFIABLE_IN_THIS_CACHE__NO_PARTICIPANT_FLOW_MODULE
NCT02829723#om14#OG007	NCT02829723	14	OG007	yes	COVERED_BY_A_AND_C	NCT02829723||phase i: blz945 300 mg 4d on/10d off qd	13	NON_IDENTICAL_ENCODING_ON_PRESERVED_FIELDS	UNRESOLVED__SEMANTIC_CORRESPONDENCE_NOT_ESTABLISHED	INCLUDES_STRUCTURED_FIELD	UNRESOLVED_MULTIPLE_MEASURE_TITLES|UNRESOLVED_MULTIPLE_ENDPOINT_CONSTRUCTS|UNRESOLVED_MULTIPLE_TIME_FRAMES|UNRESOLVED_MULTIPLE_ASSESSMENT_CRITERIA|UNRESOLVED_MULTIPLE_POPULATION_DESCRIPTIONS|UNRESOLVED_MULTIPLE_DENOMINATORS|UNRESOLVED_MULTIPLE_PARAMTYPE_OR_UNIT|SEMANTIC_DUPLICATION_UNRESOLVED	PRESENT	8	POSTED	True		UNVERIFIABLE_IN_THIS_CACHE__NO_PARTICIPANT_FLOW_MODULE
NCT02829723#om14#OG008	NCT02829723	14	OG008	yes	COVERED_BY_A_AND_C	NCT02829723||phase i: blz945 600 mg 4d on/10d off qd	13	NON_IDENTICAL_ENCODING_ON_PRESERVED_FIELDS	UNRESOLVED__SEMANTIC_CORRESPONDENCE_NOT_ESTABLISHED	INCLUDES_STRUCTURED_FIELD	UNRESOLVED_MULTIPLE_MEASURE_TITLES|UNRESOLVED_MULTIPLE_ENDPOINT_CONSTRUCTS|UNRESOLVED_MULTIPLE_TIME_FRAMES|UNRESOLVED_MULTIPLE_ASSESSMENT_CRITERIA|UNRESOLVED_MULTIPLE_POPULATION_DESCRIPTIONS|UNRESOLVED_MULTIPLE_DENOMINATORS|UNRESOLVED_MULTIPLE_PARAMTYPE_OR_UNIT|SEMANTIC_DUPLICATION_UNRESOLVED	PRESENT	8	POSTED	True		UNVERIFIABLE_IN_THIS_CACHE__NO_PARTICIPANT_FLOW_MODULE
NCT02829723#om14#OG009	NCT02829723	14	OG009	yes	COVERED_BY_A_AND_C	NCT02829723||phase i: blz945 800 mg 4d on/10d off qd	13	NON_IDENTICAL_ENCODING_ON_PRESERVED_FIELDS	UNRESOLVED__SEMANTIC_CORRESPONDENCE_NOT_ESTABLISHED	INCLUDES_STRUCTURED_FIELD	UNRESOLVED_MULTIPLE_MEASURE_TITLES|UNRESOLVED_MULTIPLE_ENDPOINT_CONSTRUCTS|UNRESOLVED_MULTIPLE_TIME_FRAMES|UNRESOLVED_MULTIPLE_ASSESSMENT_CRITERIA|UNRESOLVED_MULTIPLE_POPULATION_DESCRIPTIONS|UNRESOLVED_MULTIPLE_DENOMINATORS|UNRESOLVED_MULTIPLE_PARAMTYPE_OR_UNIT|SEMANTIC_DUPLICATION_UNRESOLVED	PRESENT	5	POSTED	True		UNVERIFIABLE_IN_THIS_CACHE__NO_PARTICIPANT_FLOW_MODULE
NCT02829723#om14#OG010	NCT02829723	14	OG010	yes	COVERED_BY_A_AND_C	NCT02829723||phase i: blz945 1200 mg 4d on/10d off qd	13	NON_IDENTICAL_ENCODING_ON_PRESERVED_FIELDS	UNRESOLVED__SEMANTIC_CORRESPONDENCE_NOT_ESTABLISHED	INCLUDES_STRUCTURED_FIELD	UNRESOLVED_MULTIPLE_MEASURE_TITLES|UNRESOLVED_MULTIPLE_ENDPOINT_CONSTRUCTS|UNRESOLVED_MULTIPLE_TIME_FRAMES|UNRESOLVED_MULTIPLE_ASSESSMENT_CRITERIA|UNRESOLVED_MULTIPLE_POPULATION_DESCRIPTIONS|UNRESOLVED_MULTIPLE_DENOMINATORS|UNRESOLVED_MULTIPLE_PARAMTYPE_OR_UNIT|SEMANTIC_DUPLICATION_UNRESOLVED	PRESENT	7	POSTED	True		UNVERIFIABLE_IN_THIS_CACHE__NO_PARTICIPANT_FLOW_MODULE
NCT02829723#om14#OG012	NCT02829723	14	OG012	yes	COVERED_BY_A_AND_C	NCT02829723||phase i: blz945 600 mg q1w bid	13	NON_IDENTICAL_ENCODING_ON_PRESERVED_FIELDS	UNRESOLVED__SEMANTIC_CORRESPONDENCE_NOT_ESTABLISHED	INCLUDES_STRUCTURED_FIELD	UNRESOLVED_MULTIPLE_MEASURE_TITLES|UNRESOLVED_MULTIPLE_ENDPOINT_CONSTRUCTS|UNRESOLVED_MULTIPLE_TIME_FRAMES|UNRESOLVED_MULTIPLE_ASSESSMENT_CRITERIA|UNRESOLVED_MULTIPLE_POPULATION_DESCRIPTIONS|UNRESOLVED_MULTIPLE_DENOMINATORS|UNRESOLVED_MULTIPLE_PARAMTYPE_OR_UNIT|SEMANTIC_DUPLICATION_UNRESOLVED	PRESENT	1	POSTED	True		UNVERIFIABLE_IN_THIS_CACHE__NO_PARTICIPANT_FLOW_MODULE
NCT02829723#om14#OG013	NCT02829723	14	OG013	yes	COVERED_BY_A_AND_C	NCT02829723||phase i: blz945 600 mg 4d on/10d off bid	13	NON_IDENTICAL_ENCODING_ON_PRESERVED_FIELDS	UNRESOLVED__SEMANTIC_CORRESPONDENCE_NOT_ESTABLISHED	INCLUDES_STRUCTURED_FIELD	UNRESOLVED_MULTIPLE_MEASURE_TITLES|UNRESOLVED_MULTIPLE_ENDPOINT_CONSTRUCTS|UNRESOLVED_MULTIPLE_TIME_FRAMES|UNRESOLVED_MULTIPLE_ASSESSMENT_CRITERIA|UNRESOLVED_MULTIPLE_POPULATION_DESCRIPTIONS|UNRESOLVED_MULTIPLE_DENOMINATORS|UNRESOLVED_MULTIPLE_PARAMTYPE_OR_UNIT|SEMANTIC_DUPLICATION_UNRESOLVED	PRESENT	3	POSTED	True		UNVERIFIABLE_IN_THIS_CACHE__NO_PARTICIPANT_FLOW_MODULE
NCT02829723#om14#OG014	NCT02829723	14	OG014	yes	COVERED_BY_A_AND_C	NCT02829723||phase i: blz945 150 mg q1w qd + pdr001 400 mg q4w	13	NON_IDENTICAL_ENCODING_ON_PRESERVED_FIELDS	UNRESOLVED__SEMANTIC_CORRESPONDENCE_NOT_ESTABLISHED	INCLUDES_STRUCTURED_FIELD	UNRESOLVED_MULTIPLE_MEASURE_TITLES|UNRESOLVED_MULTIPLE_ENDPOINT_CONSTRUCTS|UNRESOLVED_MULTIPLE_TIME_FRAMES|UNRESOLVED_MULTIPLE_ASSESSMENT_CRITERIA|UNRESOLVED_MULTIPLE_POPULATION_DESCRIPTIONS|UNRESOLVED_MULTIPLE_DENOMINATORS|UNRESOLVED_MULTIPLE_PARAMTYPE_OR_UNIT|SEMANTIC_DUPLICATION_UNRESOLVED	PRESENT	4	POSTED	True		UNVERIFIABLE_IN_THIS_CACHE__NO_PARTICIPANT_FLOW_MODULE
NCT02829723#om14#OG015	NCT02829723	14	OG015	yes	COVERED_BY_A_AND_C	NCT02829723||phase i: blz945 300 mg q1w qd + pdr001 400 mg q4w	13	NON_IDENTICAL_ENCODING_ON_PRESERVED_FIELDS	UNRESOLVED__SEMANTIC_CORRESPONDENCE_NOT_ESTABLISHED	INCLUDES_STRUCTURED_FIELD	UNRESOLVED_MULTIPLE_MEASURE_TITLES|UNRESOLVED_MULTIPLE_ENDPOINT_CONSTRUCTS|UNRESOLVED_MULTIPLE_TIME_FRAMES|UNRESOLVED_MULTIPLE_ASSESSMENT_CRITERIA|UNRESOLVED_MULTIPLE_POPULATION_DESCRIPTIONS|UNRESOLVED_MULTIPLE_DENOMINATORS|UNRESOLVED_MULTIPLE_PARAMTYPE_OR_UNIT|SEMANTIC_DUPLICATION_UNRESOLVED	PRESENT	5	POSTED	True		UNVERIFIABLE_IN_THIS_CACHE__NO_PARTICIPANT_FLOW_MODULE
NCT02829723#om14#OG016	NCT02829723	14	OG016	yes	COVERED_BY_A_AND_C	NCT02829723||phase i: blz945 600 mg q1w qd + pdr001 400 mg q4w	13	NON_IDENTICAL_ENCODING_ON_PRESERVED_FIELDS	UNRESOLVED__SEMANTIC_CORRESPONDENCE_NOT_ESTABLISHED	INCLUDES_STRUCTURED_FIELD	UNRESOLVED_MULTIPLE_MEASURE_TITLES|UNRESOLVED_MULTIPLE_ENDPOINT_CONSTRUCTS|UNRESOLVED_MULTIPLE_TIME_FRAMES|UNRESOLVED_MULTIPLE_ASSESSMENT_CRITERIA|UNRESOLVED_MULTIPLE_POPULATION_DESCRIPTIONS|UNRESOLVED_MULTIPLE_DENOMINATORS|UNRESOLVED_MULTIPLE_PARAMTYPE_OR_UNIT|SEMANTIC_DUPLICATION_UNRESOLVED	PRESENT	7	POSTED	True		UNVERIFIABLE_IN_THIS_CACHE__NO_PARTICIPANT_FLOW_MODULE
NCT02829723#om14#OG017	NCT02829723	14	OG017	yes	COVERED_BY_A_AND_C	NCT02829723||phase i: blz945 1000 mg q1w qd + pdr001 400 mg q4w	13	NON_IDENTICAL_ENCODING_ON_PRESERVED_FIELDS	UNRESOLVED__SEMANTIC_CORRESPONDENCE_NOT_ESTABLISHED	INCLUDES_STRUCTURED_FIELD	UNRESOLVED_MULTIPLE_MEASURE_TITLES|UNRESOLVED_MULTIPLE_ENDPOINT_CONSTRUCTS|UNRESOLVED_MULTIPLE_TIME_FRAMES|UNRESOLVED_MULTIPLE_ASSESSMENT_CRITERIA|UNRESOLVED_MULTIPLE_POPULATION_DESCRIPTIONS|UNRESOLVED_MULTIPLE_DENOMINATORS|UNRESOLVED_MULTIPLE_PARAMTYPE_OR_UNIT|SEMANTIC_DUPLICATION_UNRESOLVED	PRESENT	5	POSTED	True		UNVERIFIABLE_IN_THIS_CACHE__NO_PARTICIPANT_FLOW_MODULE
NCT02829723#om14#OG018	NCT02829723	14	OG018	yes	COVERED_BY_A_AND_C	NCT02829723||phase i: blz945 1400 mg q1w qd + pdr001 400 mg q4w	13	NON_IDENTICAL_ENCODING_ON_PRESERVED_FIELDS	UNRESOLVED__SEMANTIC_CORRESPONDENCE_NOT_ESTABLISHED	INCLUDES_STRUCTURED_FIELD	UNRESOLVED_MULTIPLE_MEASURE_TITLES|UNRESOLVED_MULTIPLE_ENDPOINT_CONSTRUCTS|UNRESOLVED_MULTIPLE_TIME_FRAMES|UNRESOLVED_MULTIPLE_ASSESSMENT_CRITERIA|UNRESOLVED_MULTIPLE_POPULATION_DESCRIPTIONS|UNRESOLVED_MULTIPLE_DENOMINATORS|UNRESOLVED_MULTIPLE_PARAMTYPE_OR_UNIT|SEMANTIC_DUPLICATION_UNRESOLVED	PRESENT	5	POSTED	True		UNVERIFIABLE_IN_THIS_CACHE__NO_PARTICIPANT_FLOW_MODULE
NCT02829723#om14#OG019	NCT02829723	14	OG019	yes	COVERED_BY_A_AND_C	NCT02829723||phase i: blz945 300 mg 4d on/10d off qd + pdr001 400 mg q4w	13	NON_IDENTICAL_ENCODING_ON_PRESERVED_FIELDS	UNRESOLVED__SEMANTIC_CORRESPONDENCE_NOT_ESTABLISHED	INCLUDES_STRUCTURED_FIELD	UNRESOLVED_MULTIPLE_MEASURE_TITLES|UNRESOLVED_MULTIPLE_ENDPOINT_CONSTRUCTS|UNRESOLVED_MULTIPLE_TIME_FRAMES|UNRESOLVED_MULTIPLE_ASSESSMENT_CRITERIA|UNRESOLVED_MULTIPLE_POPULATION_DESCRIPTIONS|UNRESOLVED_MULTIPLE_DENOMINATORS|UNRESOLVED_MULTIPLE_PARAMTYPE_OR_UNIT|SEMANTIC_DUPLICATION_UNRESOLVED	PRESENT	4	POSTED	True		UNVERIFIABLE_IN_THIS_CACHE__NO_PARTICIPANT_FLOW_MODULE
NCT02829723#om14#OG020	NCT02829723	14	OG020	yes	COVERED_BY_A_AND_C	NCT02829723||phase i: blz945 450 mg 4d on/10d off qd + pdr001 400 mg q4w	13	NON_IDENTICAL_ENCODING_ON_PRESERVED_FIELDS	UNRESOLVED__SEMANTIC_CORRESPONDENCE_NOT_ESTABLISHED	INCLUDES_STRUCTURED_FIELD	UNRESOLVED_MULTIPLE_MEASURE_TITLES|UNRESOLVED_MULTIPLE_ENDPOINT_CONSTRUCTS|UNRESOLVED_MULTIPLE_TIME_FRAMES|UNRESOLVED_MULTIPLE_ASSESSMENT_CRITERIA|UNRESOLVED_MULTIPLE_POPULATION_DESCRIPTIONS|UNRESOLVED_MULTIPLE_DENOMINATORS|UNRESOLVED_MULTIPLE_PARAMTYPE_OR_UNIT|SEMANTIC_DUPLICATION_UNRESOLVED	PRESENT	6	POSTED	True		UNVERIFIABLE_IN_THIS_CACHE__NO_PARTICIPANT_FLOW_MODULE
NCT02829723#om14#OG021	NCT02829723	14	OG021	yes	COVERED_BY_A_AND_C	NCT02829723||phase i: blz945 700 mg 4d on/10d off qd + pdr001 400 mg q4w	13	NON_IDENTICAL_ENCODING_ON_PRESERVED_FIELDS	UNRESOLVED__SEMANTIC_CORRESPONDENCE_NOT_ESTABLISHED	INCLUDES_STRUCTURED_FIELD	UNRESOLVED_MULTIPLE_MEASURE_TITLES|UNRESOLVED_MULTIPLE_ENDPOINT_CONSTRUCTS|UNRESOLVED_MULTIPLE_TIME_FRAMES|UNRESOLVED_MULTIPLE_ASSESSMENT_CRITERIA|UNRESOLVED_MULTIPLE_POPULATION_DESCRIPTIONS|UNRESOLVED_MULTIPLE_DENOMINATORS|UNRESOLVED_MULTIPLE_PARAMTYPE_OR_UNIT|SEMANTIC_DUPLICATION_UNRESOLVED	PRESENT	4	POSTED	True		UNVERIFIABLE_IN_THIS_CACHE__NO_PARTICIPANT_FLOW_MODULE
NCT02829723#om14#OG022	NCT02829723	14	OG022	yes	COVERED_BY_A_AND_C	NCT02829723||phase i: blz945 1200 mg 4d on/10d off qd + pdr001 400 mg q4w	13	NON_IDENTICAL_ENCODING_ON_PRESERVED_FIELDS	UNRESOLVED__SEMANTIC_CORRESPONDENCE_NOT_ESTABLISHED	INCLUDES_STRUCTURED_FIELD	UNRESOLVED_MULTIPLE_MEASURE_TITLES|UNRESOLVED_MULTIPLE_ENDPOINT_CONSTRUCTS|UNRESOLVED_MULTIPLE_TIME_FRAMES|UNRESOLVED_MULTIPLE_ASSESSMENT_CRITERIA|UNRESOLVED_MULTIPLE_POPULATION_DESCRIPTIONS|UNRESOLVED_MULTIPLE_DENOMINATORS|UNRESOLVED_MULTIPLE_PARAMTYPE_OR_UNIT|SEMANTIC_DUPLICATION_UNRESOLVED	PRESENT	3	POSTED	True		UNVERIFIABLE_IN_THIS_CACHE__NO_PARTICIPANT_FLOW_MODULE
NCT02829723#om14#OG023	NCT02829723	14	OG023	yes	COVERED_BY_A_AND_C	NCT02829723||phase i: blz945 600 mg q1w bid + pdr001 400 mg q4w	13	NON_IDENTICAL_ENCODING_ON_PRESERVED_FIELDS	UNRESOLVED__SEMANTIC_CORRESPONDENCE_NOT_ESTABLISHED	INCLUDES_STRUCTURED_FIELD	UNRESOLVED_MULTIPLE_MEASURE_TITLES|UNRESOLVED_MULTIPLE_ENDPOINT_CONSTRUCTS|UNRESOLVED_MULTIPLE_TIME_FRAMES|UNRESOLVED_MULTIPLE_ASSESSMENT_CRITERIA|UNRESOLVED_MULTIPLE_POPULATION_DESCRIPTIONS|UNRESOLVED_MULTIPLE_DENOMINATORS|UNRESOLVED_MULTIPLE_PARAMTYPE_OR_UNIT|SEMANTIC_DUPLICATION_UNRESOLVED	PRESENT	6	POSTED	True		UNVERIFIABLE_IN_THIS_CACHE__NO_PARTICIPANT_FLOW_MODULE
NCT02829723#om14#OG024	NCT02829723	14	OG024	yes	COVERED_BY_A_AND_C	NCT02829723||phase i: blz945 800 mg q1w bid + pdr001 400 mg q4w	13	NON_IDENTICAL_ENCODING_ON_PRESERVED_FIELDS	UNRESOLVED__SEMANTIC_CORRESPONDENCE_NOT_ESTABLISHED	INCLUDES_STRUCTURED_FIELD	UNRESOLVED_MULTIPLE_MEASURE_TITLES|UNRESOLVED_MULTIPLE_ENDPOINT_CONSTRUCTS|UNRESOLVED_MULTIPLE_TIME_FRAMES|UNRESOLVED_MULTIPLE_ASSESSMENT_CRITERIA|UNRESOLVED_MULTIPLE_POPULATION_DESCRIPTIONS|UNRESOLVED_MULTIPLE_DENOMINATORS|UNRESOLVED_MULTIPLE_PARAMTYPE_OR_UNIT|SEMANTIC_DUPLICATION_UNRESOLVED	PRESENT	3	POSTED	True		UNVERIFIABLE_IN_THIS_CACHE__NO_PARTICIPANT_FLOW_MODULE
NCT02829723#om15#OG008	NCT02829723	15	OG008	yes	COVERED_BY_A_AND_C	NCT02829723||phase i: blz945 600 mg 4d on/10d off qd	13	NON_IDENTICAL_ENCODING_ON_PRESERVED_FIELDS	UNRESOLVED__SEMANTIC_CORRESPONDENCE_NOT_ESTABLISHED	INCLUDES_STRUCTURED_FIELD	UNRESOLVED_MULTIPLE_MEASURE_TITLES|UNRESOLVED_MULTIPLE_ENDPOINT_CONSTRUCTS|UNRESOLVED_MULTIPLE_TIME_FRAMES|UNRESOLVED_MULTIPLE_ASSESSMENT_CRITERIA|UNRESOLVED_MULTIPLE_POPULATION_DESCRIPTIONS|UNRESOLVED_MULTIPLE_DENOMINATORS|UNRESOLVED_MULTIPLE_PARAMTYPE_OR_UNIT|SEMANTIC_DUPLICATION_UNRESOLVED	PRESENT	1	POSTED	True		UNVERIFIABLE_IN_THIS_CACHE__NO_PARTICIPANT_FLOW_MODULE
NCT02829723#om15#OG010	NCT02829723	15	OG010	yes	COVERED_BY_A_AND_C	NCT02829723||phase i: blz945 1200 mg 4d on/10d off qd	13	NON_IDENTICAL_ENCODING_ON_PRESERVED_FIELDS	UNRESOLVED__SEMANTIC_CORRESPONDENCE_NOT_ESTABLISHED	INCLUDES_STRUCTURED_FIELD	UNRESOLVED_MULTIPLE_MEASURE_TITLES|UNRESOLVED_MULTIPLE_ENDPOINT_CONSTRUCTS|UNRESOLVED_MULTIPLE_TIME_FRAMES|UNRESOLVED_MULTIPLE_ASSESSMENT_CRITERIA|UNRESOLVED_MULTIPLE_POPULATION_DESCRIPTIONS|UNRESOLVED_MULTIPLE_DENOMINATORS|UNRESOLVED_MULTIPLE_PARAMTYPE_OR_UNIT|SEMANTIC_DUPLICATION_UNRESOLVED	PRESENT	3	POSTED	True		UNVERIFIABLE_IN_THIS_CACHE__NO_PARTICIPANT_FLOW_MODULE
NCT02829723#om15#OG012	NCT02829723	15	OG012	yes	COVERED_BY_A_AND_C	NCT02829723||phase i: blz945 600 mg q1w bid	13	NON_IDENTICAL_ENCODING_ON_PRESERVED_FIELDS	UNRESOLVED__SEMANTIC_CORRESPONDENCE_NOT_ESTABLISHED	INCLUDES_STRUCTURED_FIELD	UNRESOLVED_MULTIPLE_MEASURE_TITLES|UNRESOLVED_MULTIPLE_ENDPOINT_CONSTRUCTS|UNRESOLVED_MULTIPLE_TIME_FRAMES|UNRESOLVED_MULTIPLE_ASSESSMENT_CRITERIA|UNRESOLVED_MULTIPLE_POPULATION_DESCRIPTIONS|UNRESOLVED_MULTIPLE_DENOMINATORS|UNRESOLVED_MULTIPLE_PARAMTYPE_OR_UNIT|SEMANTIC_DUPLICATION_UNRESOLVED	PRESENT	4	POSTED	True		UNVERIFIABLE_IN_THIS_CACHE__NO_PARTICIPANT_FLOW_MODULE
NCT02829723#om15#OG013	NCT02829723	15	OG013	yes	COVERED_BY_A_AND_C	NCT02829723||phase i: blz945 600 mg 4d on/10d off bid	13	NON_IDENTICAL_ENCODING_ON_PRESERVED_FIELDS	UNRESOLVED__SEMANTIC_CORRESPONDENCE_NOT_ESTABLISHED	INCLUDES_STRUCTURED_FIELD	UNRESOLVED_MULTIPLE_MEASURE_TITLES|UNRESOLVED_MULTIPLE_ENDPOINT_CONSTRUCTS|UNRESOLVED_MULTIPLE_TIME_FRAMES|UNRESOLVED_MULTIPLE_ASSESSMENT_CRITERIA|UNRESOLVED_MULTIPLE_POPULATION_DESCRIPTIONS|UNRESOLVED_MULTIPLE_DENOMINATORS|UNRESOLVED_MULTIPLE_PARAMTYPE_OR_UNIT|SEMANTIC_DUPLICATION_UNRESOLVED	PRESENT	3	POSTED	True		UNVERIFIABLE_IN_THIS_CACHE__NO_PARTICIPANT_FLOW_MODULE
NCT02829723#om15#OG019	NCT02829723	15	OG019	yes	COVERED_BY_A_AND_C	NCT02829723||phase i: blz945 300 mg 4d on/10d off qd + pdr001 400 mg q4w	13	NON_IDENTICAL_ENCODING_ON_PRESERVED_FIELDS	UNRESOLVED__SEMANTIC_CORRESPONDENCE_NOT_ESTABLISHED	INCLUDES_STRUCTURED_FIELD	UNRESOLVED_MULTIPLE_MEASURE_TITLES|UNRESOLVED_MULTIPLE_ENDPOINT_CONSTRUCTS|UNRESOLVED_MULTIPLE_TIME_FRAMES|UNRESOLVED_MULTIPLE_ASSESSMENT_CRITERIA|UNRESOLVED_MULTIPLE_POPULATION_DESCRIPTIONS|UNRESOLVED_MULTIPLE_DENOMINATORS|UNRESOLVED_MULTIPLE_PARAMTYPE_OR_UNIT|SEMANTIC_DUPLICATION_UNRESOLVED	PRESENT	1	POSTED	True		UNVERIFIABLE_IN_THIS_CACHE__NO_PARTICIPANT_FLOW_MODULE
NCT02829723#om15#OG020	NCT02829723	15	OG020	yes	COVERED_BY_A_AND_C	NCT02829723||phase i: blz945 450 mg 4d on/10d off qd + pdr001 400 mg q4w	13	NON_IDENTICAL_ENCODING_ON_PRESERVED_FIELDS	UNRESOLVED__SEMANTIC_CORRESPONDENCE_NOT_ESTABLISHED	INCLUDES_STRUCTURED_FIELD	UNRESOLVED_MULTIPLE_MEASURE_TITLES|UNRESOLVED_MULTIPLE_ENDPOINT_CONSTRUCTS|UNRESOLVED_MULTIPLE_TIME_FRAMES|UNRESOLVED_MULTIPLE_ASSESSMENT_CRITERIA|UNRESOLVED_MULTIPLE_POPULATION_DESCRIPTIONS|UNRESOLVED_MULTIPLE_DENOMINATORS|UNRESOLVED_MULTIPLE_PARAMTYPE_OR_UNIT|SEMANTIC_DUPLICATION_UNRESOLVED	PRESENT	5	POSTED	True		UNVERIFIABLE_IN_THIS_CACHE__NO_PARTICIPANT_FLOW_MODULE
NCT02829723#om15#OG024	NCT02829723	15	OG024	yes	COVERED_BY_A_AND_C	NCT02829723||phase i: blz945 800 mg q1w bid + pdr001 400 mg q4w	13	NON_IDENTICAL_ENCODING_ON_PRESERVED_FIELDS	UNRESOLVED__SEMANTIC_CORRESPONDENCE_NOT_ESTABLISHED	INCLUDES_STRUCTURED_FIELD	UNRESOLVED_MULTIPLE_MEASURE_TITLES|UNRESOLVED_MULTIPLE_ENDPOINT_CONSTRUCTS|UNRESOLVED_MULTIPLE_TIME_FRAMES|UNRESOLVED_MULTIPLE_ASSESSMENT_CRITERIA|UNRESOLVED_MULTIPLE_POPULATION_DESCRIPTIONS|UNRESOLVED_MULTIPLE_DENOMINATORS|UNRESOLVED_MULTIPLE_PARAMTYPE_OR_UNIT|SEMANTIC_DUPLICATION_UNRESOLVED	PRESENT	2	POSTED	True		UNVERIFIABLE_IN_THIS_CACHE__NO_PARTICIPANT_FLOW_MODULE
NCT02829723#om15#OG025	NCT02829723	15	OG025	yes	COVERED_BY_A_AND_C	NCT02829723||phase ii: blz945 1200 mg 4d on/10d off qd	4	NON_IDENTICAL_ENCODING_ON_PRESERVED_FIELDS	UNRESOLVED__SEMANTIC_CORRESPONDENCE_NOT_ESTABLISHED	INCLUDES_STRUCTURED_FIELD	UNRESOLVED_MULTIPLE_MEASURE_TITLES|UNRESOLVED_MULTIPLE_ENDPOINT_CONSTRUCTS|UNRESOLVED_MULTIPLE_TIME_FRAMES|UNRESOLVED_MULTIPLE_ASSESSMENT_CRITERIA|UNRESOLVED_MULTIPLE_PARAMTYPE_OR_UNIT|SEMANTIC_DUPLICATION_UNRESOLVED	PRESENT	22	POSTED	True		UNVERIFIABLE_IN_THIS_CACHE__NO_PARTICIPANT_FLOW_MODULE
NCT02829723#om15#OG026	NCT02829723	15	OG026	yes	COVERED_BY_A_AND_C	NCT02829723||phase ii: blz945 700 mg 4d on/10d off qd + pdr001 400 mg q4w	4	NON_IDENTICAL_ENCODING_ON_PRESERVED_FIELDS	UNRESOLVED__SEMANTIC_CORRESPONDENCE_NOT_ESTABLISHED	INCLUDES_STRUCTURED_FIELD	UNRESOLVED_MULTIPLE_MEASURE_TITLES|UNRESOLVED_MULTIPLE_ENDPOINT_CONSTRUCTS|UNRESOLVED_MULTIPLE_TIME_FRAMES|UNRESOLVED_MULTIPLE_ASSESSMENT_CRITERIA|UNRESOLVED_MULTIPLE_PARAMTYPE_OR_UNIT|SEMANTIC_DUPLICATION_UNRESOLVED	PRESENT	21	POSTED	True		UNVERIFIABLE_IN_THIS_CACHE__NO_PARTICIPANT_FLOW_MODULE
NCT02829723#om16#OG010	NCT02829723	16	OG010	yes	COVERED_BY_A_AND_C	NCT02829723||phase i: blz945 1200 mg 4d on/10d off qd	13	NON_IDENTICAL_ENCODING_ON_PRESERVED_FIELDS	UNRESOLVED__SEMANTIC_CORRESPONDENCE_NOT_ESTABLISHED	INCLUDES_STRUCTURED_FIELD	UNRESOLVED_MULTIPLE_MEASURE_TITLES|UNRESOLVED_MULTIPLE_ENDPOINT_CONSTRUCTS|UNRESOLVED_MULTIPLE_TIME_FRAMES|UNRESOLVED_MULTIPLE_ASSESSMENT_CRITERIA|UNRESOLVED_MULTIPLE_POPULATION_DESCRIPTIONS|UNRESOLVED_MULTIPLE_DENOMINATORS|UNRESOLVED_MULTIPLE_PARAMTYPE_OR_UNIT|SEMANTIC_DUPLICATION_UNRESOLVED	PRESENT	3	POSTED	True		UNVERIFIABLE_IN_THIS_CACHE__NO_PARTICIPANT_FLOW_MODULE
NCT02829723#om16#OG012	NCT02829723	16	OG012	yes	COVERED_BY_A_AND_C	NCT02829723||phase i: blz945 600 mg q1w bid	13	NON_IDENTICAL_ENCODING_ON_PRESERVED_FIELDS	UNRESOLVED__SEMANTIC_CORRESPONDENCE_NOT_ESTABLISHED	INCLUDES_STRUCTURED_FIELD	UNRESOLVED_MULTIPLE_MEASURE_TITLES|UNRESOLVED_MULTIPLE_ENDPOINT_CONSTRUCTS|UNRESOLVED_MULTIPLE_TIME_FRAMES|UNRESOLVED_MULTIPLE_ASSESSMENT_CRITERIA|UNRESOLVED_MULTIPLE_POPULATION_DESCRIPTIONS|UNRESOLVED_MULTIPLE_DENOMINATORS|UNRESOLVED_MULTIPLE_PARAMTYPE_OR_UNIT|SEMANTIC_DUPLICATION_UNRESOLVED	PRESENT	4	POSTED	True		UNVERIFIABLE_IN_THIS_CACHE__NO_PARTICIPANT_FLOW_MODULE
NCT02829723#om16#OG013	NCT02829723	16	OG013	yes	COVERED_BY_A_AND_C	NCT02829723||phase i: blz945 600 mg 4d on/10d off bid	13	NON_IDENTICAL_ENCODING_ON_PRESERVED_FIELDS	UNRESOLVED__SEMANTIC_CORRESPONDENCE_NOT_ESTABLISHED	INCLUDES_STRUCTURED_FIELD	UNRESOLVED_MULTIPLE_MEASURE_TITLES|UNRESOLVED_MULTIPLE_ENDPOINT_CONSTRUCTS|UNRESOLVED_MULTIPLE_TIME_FRAMES|UNRESOLVED_MULTIPLE_ASSESSMENT_CRITERIA|UNRESOLVED_MULTIPLE_POPULATION_DESCRIPTIONS|UNRESOLVED_MULTIPLE_DENOMINATORS|UNRESOLVED_MULTIPLE_PARAMTYPE_OR_UNIT|SEMANTIC_DUPLICATION_UNRESOLVED	PRESENT	3	POSTED	True		UNVERIFIABLE_IN_THIS_CACHE__NO_PARTICIPANT_FLOW_MODULE
NCT02829723#om16#OG019	NCT02829723	16	OG019	yes	COVERED_BY_A_AND_C	NCT02829723||phase i: blz945 300 mg 4d on/10d off qd + pdr001 400 mg q4w	13	NON_IDENTICAL_ENCODING_ON_PRESERVED_FIELDS	UNRESOLVED__SEMANTIC_CORRESPONDENCE_NOT_ESTABLISHED	INCLUDES_STRUCTURED_FIELD	UNRESOLVED_MULTIPLE_MEASURE_TITLES|UNRESOLVED_MULTIPLE_ENDPOINT_CONSTRUCTS|UNRESOLVED_MULTIPLE_TIME_FRAMES|UNRESOLVED_MULTIPLE_ASSESSMENT_CRITERIA|UNRESOLVED_MULTIPLE_POPULATION_DESCRIPTIONS|UNRESOLVED_MULTIPLE_DENOMINATORS|UNRESOLVED_MULTIPLE_PARAMTYPE_OR_UNIT|SEMANTIC_DUPLICATION_UNRESOLVED	PRESENT	1	POSTED	True		UNVERIFIABLE_IN_THIS_CACHE__NO_PARTICIPANT_FLOW_MODULE
NCT02829723#om16#OG020	NCT02829723	16	OG020	yes	COVERED_BY_A_AND_C	NCT02829723||phase i: blz945 450 mg 4d on/10d off qd + pdr001 400 mg q4w	13	NON_IDENTICAL_ENCODING_ON_PRESERVED_FIELDS	UNRESOLVED__SEMANTIC_CORRESPONDENCE_NOT_ESTABLISHED	INCLUDES_STRUCTURED_FIELD	UNRESOLVED_MULTIPLE_MEASURE_TITLES|UNRESOLVED_MULTIPLE_ENDPOINT_CONSTRUCTS|UNRESOLVED_MULTIPLE_TIME_FRAMES|UNRESOLVED_MULTIPLE_ASSESSMENT_CRITERIA|UNRESOLVED_MULTIPLE_POPULATION_DESCRIPTIONS|UNRESOLVED_MULTIPLE_DENOMINATORS|UNRESOLVED_MULTIPLE_PARAMTYPE_OR_UNIT|SEMANTIC_DUPLICATION_UNRESOLVED	PRESENT	5	POSTED	True		UNVERIFIABLE_IN_THIS_CACHE__NO_PARTICIPANT_FLOW_MODULE
NCT02829723#om16#OG025	NCT02829723	16	OG025	yes	COVERED_BY_A_AND_C	NCT02829723||phase ii: blz945 1200 mg 4d on/10d off qd	4	NON_IDENTICAL_ENCODING_ON_PRESERVED_FIELDS	UNRESOLVED__SEMANTIC_CORRESPONDENCE_NOT_ESTABLISHED	INCLUDES_STRUCTURED_FIELD	UNRESOLVED_MULTIPLE_MEASURE_TITLES|UNRESOLVED_MULTIPLE_ENDPOINT_CONSTRUCTS|UNRESOLVED_MULTIPLE_TIME_FRAMES|UNRESOLVED_MULTIPLE_ASSESSMENT_CRITERIA|UNRESOLVED_MULTIPLE_PARAMTYPE_OR_UNIT|SEMANTIC_DUPLICATION_UNRESOLVED	PRESENT	22	POSTED	True		UNVERIFIABLE_IN_THIS_CACHE__NO_PARTICIPANT_FLOW_MODULE
NCT02829723#om16#OG026	NCT02829723	16	OG026	yes	COVERED_BY_A_AND_C	NCT02829723||phase ii: blz945 700 mg 4d on/10d off qd + pdr001 400 mg q4w	4	NON_IDENTICAL_ENCODING_ON_PRESERVED_FIELDS	UNRESOLVED__SEMANTIC_CORRESPONDENCE_NOT_ESTABLISHED	INCLUDES_STRUCTURED_FIELD	UNRESOLVED_MULTIPLE_MEASURE_TITLES|UNRESOLVED_MULTIPLE_ENDPOINT_CONSTRUCTS|UNRESOLVED_MULTIPLE_TIME_FRAMES|UNRESOLVED_MULTIPLE_ASSESSMENT_CRITERIA|UNRESOLVED_MULTIPLE_PARAMTYPE_OR_UNIT|SEMANTIC_DUPLICATION_UNRESOLVED	PRESENT	21	POSTED	True		UNVERIFIABLE_IN_THIS_CACHE__NO_PARTICIPANT_FLOW_MODULE
NCT02829723#om17#OG021	NCT02829723	17	OG021	yes	COVERED_BY_A_AND_C	NCT02829723||phase i: blz945 700 mg 4d on/10d off qd + pdr001 400 mg q4w	13	NON_IDENTICAL_ENCODING_ON_PRESERVED_FIELDS	UNRESOLVED__SEMANTIC_CORRESPONDENCE_NOT_ESTABLISHED	INCLUDES_STRUCTURED_FIELD	UNRESOLVED_MULTIPLE_MEASURE_TITLES|UNRESOLVED_MULTIPLE_ENDPOINT_CONSTRUCTS|UNRESOLVED_MULTIPLE_TIME_FRAMES|UNRESOLVED_MULTIPLE_ASSESSMENT_CRITERIA|UNRESOLVED_MULTIPLE_POPULATION_DESCRIPTIONS|UNRESOLVED_MULTIPLE_DENOMINATORS|UNRESOLVED_MULTIPLE_PARAMTYPE_OR_UNIT|SEMANTIC_DUPLICATION_UNRESOLVED	PRESENT	2	POSTED	True		UNVERIFIABLE_IN_THIS_CACHE__NO_PARTICIPANT_FLOW_MODULE
NCT02212015#om6#OG000	NCT02212015	6	OG000	yes	COVERED_BY_A_AND_C	NCT02212015||pazopanib + paclitaxel	3	NON_IDENTICAL_ENCODING_ON_PRESERVED_FIELDS	UNRESOLVED__SEMANTIC_CORRESPONDENCE_NOT_ESTABLISHED	TEXT_DERIVED_ONLY	UNRESOLVED_MULTIPLE_MEASURE_TITLES|UNRESOLVED_MULTIPLE_POPULATION_DESCRIPTIONS|SEMANTIC_DUPLICATION_UNRESOLVED|DISTINCTION_IS_TEXT_DERIVED_ONLY	PRESENT	26	POSTED	True		UNVERIFIABLE_IN_THIS_CACHE__NO_PARTICIPANT_FLOW_MODULE
NCT02212015#om7#OG000	NCT02212015	7	OG000	yes	COVERED_BY_A_AND_C	NCT02212015||pazopanib + paclitaxel	3	NON_IDENTICAL_ENCODING_ON_PRESERVED_FIELDS	UNRESOLVED__SEMANTIC_CORRESPONDENCE_NOT_ESTABLISHED	TEXT_DERIVED_ONLY	UNRESOLVED_MULTIPLE_MEASURE_TITLES|UNRESOLVED_MULTIPLE_POPULATION_DESCRIPTIONS|SEMANTIC_DUPLICATION_UNRESOLVED|DISTINCTION_IS_TEXT_DERIVED_ONLY	PRESENT	26	POSTED	True		UNVERIFIABLE_IN_THIS_CACHE__NO_PARTICIPANT_FLOW_MODULE
NCT02212015#om8#OG000	NCT02212015	8	OG000	yes	COVERED_BY_A_AND_C	NCT02212015||pazopanib + paclitaxel	3	NON_IDENTICAL_ENCODING_ON_PRESERVED_FIELDS	UNRESOLVED__SEMANTIC_CORRESPONDENCE_NOT_ESTABLISHED	TEXT_DERIVED_ONLY	UNRESOLVED_MULTIPLE_MEASURE_TITLES|UNRESOLVED_MULTIPLE_POPULATION_DESCRIPTIONS|SEMANTIC_DUPLICATION_UNRESOLVED|DISTINCTION_IS_TEXT_DERIVED_ONLY	PRESENT	26	POSTED	True		UNVERIFIABLE_IN_THIS_CACHE__NO_PARTICIPANT_FLOW_MODULE
NCT02879162#om0#OG000	NCT02879162	0	OG000	yes	COVERED_BY_A_AND_C	NCT02879162||durvalumab + tremelimumab	1	SINGLE_OBSERVATION__NO_COMPARISON_MADE	NOT_APPLICABLE__SINGLE_OBSERVATION	NONE	SINGLE_OBSERVATION	PRESENT	136	POSTED	True		UNVERIFIABLE_IN_THIS_CACHE__NO_PARTICIPANT_FLOW_MODULE
NCT03122548#om0#OG000	NCT03122548	0	OG000	yes	COVERED_BY_A_AND_C	NCT03122548||crs-207 + pembrolizumab	2	NON_IDENTICAL_ENCODING_ON_PRESERVED_FIELDS	UNRESOLVED__SEMANTIC_CORRESPONDENCE_NOT_ESTABLISHED	INCLUDES_STRUCTURED_FIELD	UNRESOLVED_MULTIPLE_MEASURE_TITLES|UNRESOLVED_MULTIPLE_ENDPOINT_CONSTRUCTS|UNRESOLVED_MULTIPLE_POPULATION_DESCRIPTIONS|UNRESOLVED_MULTIPLE_DENOMINATORS|UNRESOLVED_MULTIPLE_OUTCOME_TYPES|SEMANTIC_DUPLICATION_UNRESOLVED	PRESENT	3	POSTED	True		UNVERIFIABLE_IN_THIS_CACHE__NO_PARTICIPANT_FLOW_MODULE
NCT02277093#om2#OG000	NCT02277093	2	OG000	yes	COVERED_BY_A_AND_C	NCT02277093||pacritinib	1	SINGLE_OBSERVATION__NO_COMPARISON_MADE	NOT_APPLICABLE__SINGLE_OBSERVATION	NONE	SINGLE_OBSERVATION	PRESENT	11	POSTED	True		UNVERIFIABLE_IN_THIS_CACHE__NO_PARTICIPANT_FLOW_MODULE
NCT03225105#om6#OG000	NCT03225105	6	OG000	yes	COVERED_BY_A_AND_C	NCT03225105||m3541 50 mg + rt	1	SINGLE_OBSERVATION__NO_COMPARISON_MADE	NOT_APPLICABLE__SINGLE_OBSERVATION	NONE	SINGLE_OBSERVATION	PRESENT	3	POSTED	True		UNVERIFIABLE_IN_THIS_CACHE__NO_PARTICIPANT_FLOW_MODULE
NCT03225105#om6#OG001	NCT03225105	6	OG001	yes	COVERED_BY_A_AND_C	NCT03225105||m3541 100 mg + rt	1	SINGLE_OBSERVATION__NO_COMPARISON_MADE	NOT_APPLICABLE__SINGLE_OBSERVATION	NONE	SINGLE_OBSERVATION	PRESENT	4	POSTED	True		UNVERIFIABLE_IN_THIS_CACHE__NO_PARTICIPANT_FLOW_MODULE
NCT03225105#om6#OG002	NCT03225105	6	OG002	yes	COVERED_BY_A_AND_C	NCT03225105||m3541 200 mg + rt	1	SINGLE_OBSERVATION__NO_COMPARISON_MADE	NOT_APPLICABLE__SINGLE_OBSERVATION	NONE	SINGLE_OBSERVATION	PRESENT	5	POSTED	True		UNVERIFIABLE_IN_THIS_CACHE__NO_PARTICIPANT_FLOW_MODULE
NCT03225105#om6#OG003	NCT03225105	6	OG003	yes	COVERED_BY_A_AND_C	NCT03225105||m3541 300 mg + rt	1	SINGLE_OBSERVATION__NO_COMPARISON_MADE	NOT_APPLICABLE__SINGLE_OBSERVATION	NONE	SINGLE_OBSERVATION	PRESENT	3	POSTED	True		UNVERIFIABLE_IN_THIS_CACHE__NO_PARTICIPANT_FLOW_MODULE
NCT02083653#om1#OG000	NCT02083653	1	OG000	yes	COVERED_BY_A_AND_C	NCT02083653||arm a: sym004 (12 mg/kg)	1	SINGLE_OBSERVATION__NO_COMPARISON_MADE	NOT_APPLICABLE__SINGLE_OBSERVATION	NONE	SINGLE_OBSERVATION	PRESENT	83	POSTED	True		UNVERIFIABLE_IN_THIS_CACHE__NO_PARTICIPANT_FLOW_MODULE
NCT02083653#om1#OG001	NCT02083653	1	OG001	yes	COVERED_BY_A_AND_C	NCT02083653||arm b: sym004 (9/6 mg/kg)	1	SINGLE_OBSERVATION__NO_COMPARISON_MADE	NOT_APPLICABLE__SINGLE_OBSERVATION	NONE	SINGLE_OBSERVATION	PRESENT	86	POSTED	True		UNVERIFIABLE_IN_THIS_CACHE__NO_PARTICIPANT_FLOW_MODULE
NCT02083653#om1#OG002	NCT02083653	1	OG002	yes	COVERED_BY_A_AND_C	NCT02083653||arm c: investigator's choice	1	SINGLE_OBSERVATION__NO_COMPARISON_MADE	NOT_APPLICABLE__SINGLE_OBSERVATION	NONE	SINGLE_OBSERVATION	PRESENT	85	POSTED	True		UNVERIFIABLE_IN_THIS_CACHE__NO_PARTICIPANT_FLOW_MODULE
NCT02994953#om5#OG000	NCT02994953	5	OG000	yes	COVERED_BY_A_AND_C	NCT02994953||part b cohort 1: uc cohort stage 1 combination therapy (experimental)	1	SINGLE_OBSERVATION__NO_COMPARISON_MADE	NOT_APPLICABLE__SINGLE_OBSERVATION	NONE	SINGLE_OBSERVATION	PRESENT	16	POSTED	True		UNVERIFIABLE_IN_THIS_CACHE__NO_PARTICIPANT_FLOW_MODULE
NCT02994953#om23#OG000	NCT02994953	23	OG000	yes	COVERED_BY_A_AND_C	NCT02994953||part a cohort 1: m9241 4 mcg/kg + avelumab 10 mg/kg	2	NON_IDENTICAL_ENCODING_ON_PRESERVED_FIELDS	UNRESOLVED__SEMANTIC_CORRESPONDENCE_NOT_ESTABLISHED	TEXT_DERIVED_ONLY	UNRESOLVED_MULTIPLE_MEASURE_TITLES|UNRESOLVED_MULTIPLE_ASSESSMENT_CRITERIA|SEMANTIC_DUPLICATION_UNRESOLVED|DISTINCTION_IS_TEXT_DERIVED_ONLY	PRESENT	9	POSTED	True		UNVERIFIABLE_IN_THIS_CACHE__NO_PARTICIPANT_FLOW_MODULE
NCT02994953#om23#OG001	NCT02994953	23	OG001	yes	COVERED_BY_A_AND_C	NCT02994953||part a cohort 2: m9241 8 mcg/kg + avelumab 10 mg/kg	2	NON_IDENTICAL_ENCODING_ON_PRESERVED_FIELDS	UNRESOLVED__SEMANTIC_CORRESPONDENCE_NOT_ESTABLISHED	TEXT_DERIVED_ONLY	UNRESOLVED_MULTIPLE_MEASURE_TITLES|UNRESOLVED_MULTIPLE_ASSESSMENT_CRITERIA|SEMANTIC_DUPLICATION_UNRESOLVED|DISTINCTION_IS_TEXT_DERIVED_ONLY	PRESENT	7	POSTED	True		UNVERIFIABLE_IN_THIS_CACHE__NO_PARTICIPANT_FLOW_MODULE
NCT02994953#om23#OG002	NCT02994953	23	OG002	yes	COVERED_BY_A_AND_C	NCT02994953||part a cohort 3: m9241 12 mcg/kg + avelumab 10 mg/kg	2	NON_IDENTICAL_ENCODING_ON_PRESERVED_FIELDS	UNRESOLVED__SEMANTIC_CORRESPONDENCE_NOT_ESTABLISHED	TEXT_DERIVED_ONLY	UNRESOLVED_MULTIPLE_MEASURE_TITLES|UNRESOLVED_MULTIPLE_ASSESSMENT_CRITERIA|SEMANTIC_DUPLICATION_UNRESOLVED|DISTINCTION_IS_TEXT_DERIVED_ONLY	PRESENT	7	POSTED	True		UNVERIFIABLE_IN_THIS_CACHE__NO_PARTICIPANT_FLOW_MODULE
NCT02994953#om23#OG003	NCT02994953	23	OG003	yes	COVERED_BY_A_AND_C	NCT02994953||part a cohort 4: m9241 16.8 mcg/kg +avelumab 10 mg/kg	2	NON_IDENTICAL_ENCODING_ON_PRESERVED_FIELDS	UNRESOLVED__SEMANTIC_CORRESPONDENCE_NOT_ESTABLISHED	TEXT_DERIVED_ONLY	UNRESOLVED_MULTIPLE_MEASURE_TITLES|UNRESOLVED_MULTIPLE_ASSESSMENT_CRITERIA|SEMANTIC_DUPLICATION_UNRESOLVED|DISTINCTION_IS_TEXT_DERIVED_ONLY	PRESENT	6	POSTED	True		UNVERIFIABLE_IN_THIS_CACHE__NO_PARTICIPANT_FLOW_MODULE
NCT02994953#om23#OG004	NCT02994953	23	OG004	yes	COVERED_BY_A_AND_C	NCT02994953||part a cohort 5: m9241 16.8 mcg/kg + avelumab 800 mg	2	NON_IDENTICAL_ENCODING_ON_PRESERVED_FIELDS	UNRESOLVED__SEMANTIC_CORRESPONDENCE_NOT_ESTABLISHED	TEXT_DERIVED_ONLY	UNRESOLVED_MULTIPLE_MEASURE_TITLES|UNRESOLVED_MULTIPLE_ASSESSMENT_CRITERIA|SEMANTIC_DUPLICATION_UNRESOLVED|DISTINCTION_IS_TEXT_DERIVED_ONLY	PRESENT	7	POSTED	True		UNVERIFIABLE_IN_THIS_CACHE__NO_PARTICIPANT_FLOW_MODULE
NCT02475213#om11#OG000	NCT02475213	11	OG000	yes	COVERED_BY_A_AND_C	NCT02475213||cohort 1	4	NON_IDENTICAL_ENCODING_ON_PRESERVED_FIELDS	UNRESOLVED__SEMANTIC_CORRESPONDENCE_NOT_ESTABLISHED	INCLUDES_STRUCTURED_FIELD	UNRESOLVED_MULTIPLE_MEASURE_TITLES|UNRESOLVED_MULTIPLE_ENDPOINT_CONSTRUCTS|UNRESOLVED_MULTIPLE_TIME_FRAMES|UNRESOLVED_MULTIPLE_ASSESSMENT_CRITERIA|UNRESOLVED_MULTIPLE_PARAMTYPE_OR_UNIT|SEMANTIC_DUPLICATION_UNRESOLVED	PRESENT	6	POSTED	True		UNVERIFIABLE_IN_THIS_CACHE__NO_PARTICIPANT_FLOW_MODULE
NCT02475213#om11#OG001	NCT02475213	11	OG001	yes	COVERED_BY_A_AND_C	NCT02475213||cohort 2	4	NON_IDENTICAL_ENCODING_ON_PRESERVED_FIELDS	UNRESOLVED__SEMANTIC_CORRESPONDENCE_NOT_ESTABLISHED	INCLUDES_STRUCTURED_FIELD	UNRESOLVED_MULTIPLE_MEASURE_TITLES|UNRESOLVED_MULTIPLE_ENDPOINT_CONSTRUCTS|UNRESOLVED_MULTIPLE_TIME_FRAMES|UNRESOLVED_MULTIPLE_ASSESSMENT_CRITERIA|UNRESOLVED_MULTIPLE_PARAMTYPE_OR_UNIT|SEMANTIC_DUPLICATION_UNRESOLVED	PRESENT	3	POSTED	True		UNVERIFIABLE_IN_THIS_CACHE__NO_PARTICIPANT_FLOW_MODULE
NCT02475213#om11#OG002	NCT02475213	11	OG002	yes	COVERED_BY_A_AND_C	NCT02475213||cohort 3	4	NON_IDENTICAL_ENCODING_ON_PRESERVED_FIELDS	UNRESOLVED__SEMANTIC_CORRESPONDENCE_NOT_ESTABLISHED	INCLUDES_STRUCTURED_FIELD	UNRESOLVED_MULTIPLE_MEASURE_TITLES|UNRESOLVED_MULTIPLE_ENDPOINT_CONSTRUCTS|UNRESOLVED_MULTIPLE_TIME_FRAMES|UNRESOLVED_MULTIPLE_ASSESSMENT_CRITERIA|UNRESOLVED_MULTIPLE_PARAMTYPE_OR_UNIT|SEMANTIC_DUPLICATION_UNRESOLVED	PRESENT	3	POSTED	True		UNVERIFIABLE_IN_THIS_CACHE__NO_PARTICIPANT_FLOW_MODULE
NCT02475213#om11#OG003	NCT02475213	11	OG003	yes	COVERED_BY_A_AND_C	NCT02475213||melanoma cohort	4	NON_IDENTICAL_ENCODING_ON_PRESERVED_FIELDS	UNRESOLVED__SEMANTIC_CORRESPONDENCE_NOT_ESTABLISHED	INCLUDES_STRUCTURED_FIELD	UNRESOLVED_MULTIPLE_MEASURE_TITLES|UNRESOLVED_MULTIPLE_ENDPOINT_CONSTRUCTS|UNRESOLVED_MULTIPLE_TIME_FRAMES|UNRESOLVED_MULTIPLE_ASSESSMENT_CRITERIA|UNRESOLVED_MULTIPLE_PARAMTYPE_OR_UNIT|SEMANTIC_DUPLICATION_UNRESOLVED	PRESENT	15	POSTED	True		UNVERIFIABLE_IN_THIS_CACHE__NO_PARTICIPANT_FLOW_MODULE
NCT02475213#om11#OG004	NCT02475213	11	OG004	yes	COVERED_BY_A_AND_C	NCT02475213||urothelial cancer cohort	4	NON_IDENTICAL_ENCODING_ON_PRESERVED_FIELDS	UNRESOLVED__SEMANTIC_CORRESPONDENCE_NOT_ESTABLISHED	INCLUDES_STRUCTURED_FIELD	UNRESOLVED_MULTIPLE_MEASURE_TITLES|UNRESOLVED_MULTIPLE_ENDPOINT_CONSTRUCTS|UNRESOLVED_MULTIPLE_TIME_FRAMES|UNRESOLVED_MULTIPLE_ASSESSMENT_CRITERIA|UNRESOLVED_MULTIPLE_PARAMTYPE_OR_UNIT|SEMANTIC_DUPLICATION_UNRESOLVED	PRESENT	17	POSTED	True		UNVERIFIABLE_IN_THIS_CACHE__NO_PARTICIPANT_FLOW_MODULE
NCT02475213#om11#OG005	NCT02475213	11	OG005	yes	COVERED_BY_A_AND_C	NCT02475213||nsclc cohort: pd1/pdl1 naïve	4	NON_IDENTICAL_ENCODING_ON_PRESERVED_FIELDS	UNRESOLVED__SEMANTIC_CORRESPONDENCE_NOT_ESTABLISHED	INCLUDES_STRUCTURED_FIELD	UNRESOLVED_MULTIPLE_MEASURE_TITLES|UNRESOLVED_MULTIPLE_ENDPOINT_CONSTRUCTS|UNRESOLVED_MULTIPLE_TIME_FRAMES|UNRESOLVED_MULTIPLE_ASSESSMENT_CRITERIA|UNRESOLVED_MULTIPLE_PARAMTYPE_OR_UNIT|SEMANTIC_DUPLICATION_UNRESOLVED	PRESENT	15	POSTED	True		UNVERIFIABLE_IN_THIS_CACHE__NO_PARTICIPANT_FLOW_MODULE
NCT02475213#om11#OG006	NCT02475213	11	OG006	yes	COVERED_BY_A_AND_C	NCT02475213||nsclc cohort: pd1/pdl1 experienced	4	NON_IDENTICAL_ENCODING_ON_PRESERVED_FIELDS	UNRESOLVED__SEMANTIC_CORRESPONDENCE_NOT_ESTABLISHED	INCLUDES_STRUCTURED_FIELD	UNRESOLVED_MULTIPLE_MEASURE_TITLES|UNRESOLVED_MULTIPLE_ENDPOINT_CONSTRUCTS|UNRESOLVED_MULTIPLE_TIME_FRAMES|UNRESOLVED_MULTIPLE_ASSESSMENT_CRITERIA|UNRESOLVED_MULTIPLE_PARAMTYPE_OR_UNIT|SEMANTIC_DUPLICATION_UNRESOLVED	PRESENT	19	POSTED	True		UNVERIFIABLE_IN_THIS_CACHE__NO_PARTICIPANT_FLOW_MODULE
NCT02475213#om11#OG007	NCT02475213	11	OG007	yes	COVERED_BY_A_AND_C	NCT02475213||scchn cohort: pd1/pdl1 naïve	4	NON_IDENTICAL_ENCODING_ON_PRESERVED_FIELDS	UNRESOLVED__SEMANTIC_CORRESPONDENCE_NOT_ESTABLISHED	INCLUDES_STRUCTURED_FIELD	UNRESOLVED_MULTIPLE_MEASURE_TITLES|UNRESOLVED_MULTIPLE_ENDPOINT_CONSTRUCTS|UNRESOLVED_MULTIPLE_TIME_FRAMES|UNRESOLVED_MULTIPLE_ASSESSMENT_CRITERIA|UNRESOLVED_MULTIPLE_PARAMTYPE_OR_UNIT|SEMANTIC_DUPLICATION_UNRESOLVED	PRESENT	16	POSTED	True		UNVERIFIABLE_IN_THIS_CACHE__NO_PARTICIPANT_FLOW_MODULE
NCT02475213#om11#OG008	NCT02475213	11	OG008	yes	COVERED_BY_A_AND_C	NCT02475213||scchn cohort: pd1/pdl1 experienced	4	NON_IDENTICAL_ENCODING_ON_PRESERVED_FIELDS	UNRESOLVED__SEMANTIC_CORRESPONDENCE_NOT_ESTABLISHED	INCLUDES_STRUCTURED_FIELD	UNRESOLVED_MULTIPLE_MEASURE_TITLES|UNRESOLVED_MULTIPLE_ENDPOINT_CONSTRUCTS|UNRESOLVED_MULTIPLE_TIME_FRAMES|UNRESOLVED_MULTIPLE_ASSESSMENT_CRITERIA|UNRESOLVED_MULTIPLE_PARAMTYPE_OR_UNIT|SEMANTIC_DUPLICATION_UNRESOLVED	PRESENT	19	POSTED	True		UNVERIFIABLE_IN_THIS_CACHE__NO_PARTICIPANT_FLOW_MODULE
NCT02475213#om11#OG009	NCT02475213	11	OG009	yes	COVERED_BY_A_AND_C	NCT02475213||cohort 4	4	NON_IDENTICAL_ENCODING_ON_PRESERVED_FIELDS	UNRESOLVED__SEMANTIC_CORRESPONDENCE_NOT_ESTABLISHED	INCLUDES_STRUCTURED_FIELD	UNRESOLVED_MULTIPLE_MEASURE_TITLES|UNRESOLVED_MULTIPLE_ENDPOINT_CONSTRUCTS|UNRESOLVED_MULTIPLE_TIME_FRAMES|UNRESOLVED_MULTIPLE_ASSESSMENT_CRITERIA|UNRESOLVED_MULTIPLE_PARAMTYPE_OR_UNIT|SEMANTIC_DUPLICATION_UNRESOLVED	PRESENT	12	POSTED	True		UNVERIFIABLE_IN_THIS_CACHE__NO_PARTICIPANT_FLOW_MODULE
NCT02475213#om12#OG000	NCT02475213	12	OG000	yes	COVERED_BY_A_AND_C	NCT02475213||cohort 1	4	NON_IDENTICAL_ENCODING_ON_PRESERVED_FIELDS	UNRESOLVED__SEMANTIC_CORRESPONDENCE_NOT_ESTABLISHED	INCLUDES_STRUCTURED_FIELD	UNRESOLVED_MULTIPLE_MEASURE_TITLES|UNRESOLVED_MULTIPLE_ENDPOINT_CONSTRUCTS|UNRESOLVED_MULTIPLE_TIME_FRAMES|UNRESOLVED_MULTIPLE_ASSESSMENT_CRITERIA|UNRESOLVED_MULTIPLE_PARAMTYPE_OR_UNIT|SEMANTIC_DUPLICATION_UNRESOLVED	PRESENT	6	POSTED	True		UNVERIFIABLE_IN_THIS_CACHE__NO_PARTICIPANT_FLOW_MODULE
NCT02475213#om12#OG001	NCT02475213	12	OG001	yes	COVERED_BY_A_AND_C	NCT02475213||cohort 2	4	NON_IDENTICAL_ENCODING_ON_PRESERVED_FIELDS	UNRESOLVED__SEMANTIC_CORRESPONDENCE_NOT_ESTABLISHED	INCLUDES_STRUCTURED_FIELD	UNRESOLVED_MULTIPLE_MEASURE_TITLES|UNRESOLVED_MULTIPLE_ENDPOINT_CONSTRUCTS|UNRESOLVED_MULTIPLE_TIME_FRAMES|UNRESOLVED_MULTIPLE_ASSESSMENT_CRITERIA|UNRESOLVED_MULTIPLE_PARAMTYPE_OR_UNIT|SEMANTIC_DUPLICATION_UNRESOLVED	PRESENT	3	POSTED	True		UNVERIFIABLE_IN_THIS_CACHE__NO_PARTICIPANT_FLOW_MODULE
NCT02475213#om12#OG002	NCT02475213	12	OG002	yes	COVERED_BY_A_AND_C	NCT02475213||cohort 3	4	NON_IDENTICAL_ENCODING_ON_PRESERVED_FIELDS	UNRESOLVED__SEMANTIC_CORRESPONDENCE_NOT_ESTABLISHED	INCLUDES_STRUCTURED_FIELD	UNRESOLVED_MULTIPLE_MEASURE_TITLES|UNRESOLVED_MULTIPLE_ENDPOINT_CONSTRUCTS|UNRESOLVED_MULTIPLE_TIME_FRAMES|UNRESOLVED_MULTIPLE_ASSESSMENT_CRITERIA|UNRESOLVED_MULTIPLE_PARAMTYPE_OR_UNIT|SEMANTIC_DUPLICATION_UNRESOLVED	PRESENT	3	POSTED	True		UNVERIFIABLE_IN_THIS_CACHE__NO_PARTICIPANT_FLOW_MODULE
NCT02475213#om12#OG003	NCT02475213	12	OG003	yes	COVERED_BY_A_AND_C	NCT02475213||melanoma cohort	4	NON_IDENTICAL_ENCODING_ON_PRESERVED_FIELDS	UNRESOLVED__SEMANTIC_CORRESPONDENCE_NOT_ESTABLISHED	INCLUDES_STRUCTURED_FIELD	UNRESOLVED_MULTIPLE_MEASURE_TITLES|UNRESOLVED_MULTIPLE_ENDPOINT_CONSTRUCTS|UNRESOLVED_MULTIPLE_TIME_FRAMES|UNRESOLVED_MULTIPLE_ASSESSMENT_CRITERIA|UNRESOLVED_MULTIPLE_PARAMTYPE_OR_UNIT|SEMANTIC_DUPLICATION_UNRESOLVED	PRESENT	15	POSTED	True		UNVERIFIABLE_IN_THIS_CACHE__NO_PARTICIPANT_FLOW_MODULE
NCT02475213#om12#OG004	NCT02475213	12	OG004	yes	COVERED_BY_A_AND_C	NCT02475213||urothelial cancer cohort	4	NON_IDENTICAL_ENCODING_ON_PRESERVED_FIELDS	UNRESOLVED__SEMANTIC_CORRESPONDENCE_NOT_ESTABLISHED	INCLUDES_STRUCTURED_FIELD	UNRESOLVED_MULTIPLE_MEASURE_TITLES|UNRESOLVED_MULTIPLE_ENDPOINT_CONSTRUCTS|UNRESOLVED_MULTIPLE_TIME_FRAMES|UNRESOLVED_MULTIPLE_ASSESSMENT_CRITERIA|UNRESOLVED_MULTIPLE_PARAMTYPE_OR_UNIT|SEMANTIC_DUPLICATION_UNRESOLVED	PRESENT	17	POSTED	True		UNVERIFIABLE_IN_THIS_CACHE__NO_PARTICIPANT_FLOW_MODULE
NCT02475213#om12#OG005	NCT02475213	12	OG005	yes	COVERED_BY_A_AND_C	NCT02475213||nsclc cohort: pd1/pdl1 naïve	4	NON_IDENTICAL_ENCODING_ON_PRESERVED_FIELDS	UNRESOLVED__SEMANTIC_CORRESPONDENCE_NOT_ESTABLISHED	INCLUDES_STRUCTURED_FIELD	UNRESOLVED_MULTIPLE_MEASURE_TITLES|UNRESOLVED_MULTIPLE_ENDPOINT_CONSTRUCTS|UNRESOLVED_MULTIPLE_TIME_FRAMES|UNRESOLVED_MULTIPLE_ASSESSMENT_CRITERIA|UNRESOLVED_MULTIPLE_PARAMTYPE_OR_UNIT|SEMANTIC_DUPLICATION_UNRESOLVED	PRESENT	15	POSTED	True		UNVERIFIABLE_IN_THIS_CACHE__NO_PARTICIPANT_FLOW_MODULE
NCT02475213#om12#OG006	NCT02475213	12	OG006	yes	COVERED_BY_A_AND_C	NCT02475213||nsclc cohort: pd1/pdl1 experienced	4	NON_IDENTICAL_ENCODING_ON_PRESERVED_FIELDS	UNRESOLVED__SEMANTIC_CORRESPONDENCE_NOT_ESTABLISHED	INCLUDES_STRUCTURED_FIELD	UNRESOLVED_MULTIPLE_MEASURE_TITLES|UNRESOLVED_MULTIPLE_ENDPOINT_CONSTRUCTS|UNRESOLVED_MULTIPLE_TIME_FRAMES|UNRESOLVED_MULTIPLE_ASSESSMENT_CRITERIA|UNRESOLVED_MULTIPLE_PARAMTYPE_OR_UNIT|SEMANTIC_DUPLICATION_UNRESOLVED	PRESENT	19	POSTED	True		UNVERIFIABLE_IN_THIS_CACHE__NO_PARTICIPANT_FLOW_MODULE
NCT02475213#om12#OG007	NCT02475213	12	OG007	yes	COVERED_BY_A_AND_C	NCT02475213||scchn cohort: pd1/pdl1 naïve	4	NON_IDENTICAL_ENCODING_ON_PRESERVED_FIELDS	UNRESOLVED__SEMANTIC_CORRESPONDENCE_NOT_ESTABLISHED	INCLUDES_STRUCTURED_FIELD	UNRESOLVED_MULTIPLE_MEASURE_TITLES|UNRESOLVED_MULTIPLE_ENDPOINT_CONSTRUCTS|UNRESOLVED_MULTIPLE_TIME_FRAMES|UNRESOLVED_MULTIPLE_ASSESSMENT_CRITERIA|UNRESOLVED_MULTIPLE_PARAMTYPE_OR_UNIT|SEMANTIC_DUPLICATION_UNRESOLVED	PRESENT	16	POSTED	True		UNVERIFIABLE_IN_THIS_CACHE__NO_PARTICIPANT_FLOW_MODULE
NCT02475213#om12#OG008	NCT02475213	12	OG008	yes	COVERED_BY_A_AND_C	NCT02475213||scchn cohort: pd1/pdl1 experienced	4	NON_IDENTICAL_ENCODING_ON_PRESERVED_FIELDS	UNRESOLVED__SEMANTIC_CORRESPONDENCE_NOT_ESTABLISHED	INCLUDES_STRUCTURED_FIELD	UNRESOLVED_MULTIPLE_MEASURE_TITLES|UNRESOLVED_MULTIPLE_ENDPOINT_CONSTRUCTS|UNRESOLVED_MULTIPLE_TIME_FRAMES|UNRESOLVED_MULTIPLE_ASSESSMENT_CRITERIA|UNRESOLVED_MULTIPLE_PARAMTYPE_OR_UNIT|SEMANTIC_DUPLICATION_UNRESOLVED	PRESENT	19	POSTED	True		UNVERIFIABLE_IN_THIS_CACHE__NO_PARTICIPANT_FLOW_MODULE
NCT02475213#om12#OG009	NCT02475213	12	OG009	yes	COVERED_BY_A_AND_C	NCT02475213||cohort 4	4	NON_IDENTICAL_ENCODING_ON_PRESERVED_FIELDS	UNRESOLVED__SEMANTIC_CORRESPONDENCE_NOT_ESTABLISHED	INCLUDES_STRUCTURED_FIELD	UNRESOLVED_MULTIPLE_MEASURE_TITLES|UNRESOLVED_MULTIPLE_ENDPOINT_CONSTRUCTS|UNRESOLVED_MULTIPLE_TIME_FRAMES|UNRESOLVED_MULTIPLE_ASSESSMENT_CRITERIA|UNRESOLVED_MULTIPLE_PARAMTYPE_OR_UNIT|SEMANTIC_DUPLICATION_UNRESOLVED	PRESENT	12	POSTED	True		UNVERIFIABLE_IN_THIS_CACHE__NO_PARTICIPANT_FLOW_MODULE
NCT02336165#om6#OG000	NCT02336165	6	OG000	yes	COVERED_BY_A_AND_C	NCT02336165||cohort a	1	SINGLE_OBSERVATION__NO_COMPARISON_MADE	NOT_APPLICABLE__SINGLE_OBSERVATION	NONE	SINGLE_OBSERVATION	PRESENT	40	POSTED	True		UNVERIFIABLE_IN_THIS_CACHE__NO_PARTICIPANT_FLOW_MODULE
NCT02336165#om6#OG001	NCT02336165	6	OG001	yes	COVERED_BY_A_AND_C	NCT02336165||cohort b	1	SINGLE_OBSERVATION__NO_COMPARISON_MADE	NOT_APPLICABLE__SINGLE_OBSERVATION	NONE	SINGLE_OBSERVATION	PRESENT	31	POSTED	True		UNVERIFIABLE_IN_THIS_CACHE__NO_PARTICIPANT_FLOW_MODULE
NCT02336165#om6#OG002	NCT02336165	6	OG002	yes	COVERED_BY_A_AND_C	NCT02336165||cohort b2	1	SINGLE_OBSERVATION__NO_COMPARISON_MADE	NOT_APPLICABLE__SINGLE_OBSERVATION	NONE	SINGLE_OBSERVATION	PRESENT	33	POSTED	True		UNVERIFIABLE_IN_THIS_CACHE__NO_PARTICIPANT_FLOW_MODULE
NCT02336165#om6#OG003	NCT02336165	6	OG003	yes	COVERED_BY_A_AND_C	NCT02336165||cohort b3	1	SINGLE_OBSERVATION__NO_COMPARISON_MADE	NOT_APPLICABLE__SINGLE_OBSERVATION	NONE	SINGLE_OBSERVATION	PRESENT	33	POSTED	True		UNVERIFIABLE_IN_THIS_CACHE__NO_PARTICIPANT_FLOW_MODULE
NCT02336165#om6#OG004	NCT02336165	6	OG004	yes	COVERED_BY_A_AND_C	NCT02336165||cohort c	1	SINGLE_OBSERVATION__NO_COMPARISON_MADE	NOT_APPLICABLE__SINGLE_OBSERVATION	NONE	SINGLE_OBSERVATION	PRESENT	22	POSTED	True		UNVERIFIABLE_IN_THIS_CACHE__NO_PARTICIPANT_FLOW_MODULE
NCT02593786#om3#OG000	NCT02593786	3	OG000	yes	COVERED_BY_A_AND_C	NCT02593786||cohort a: nivolumab 3 mg/kg q2w	4	NON_IDENTICAL_ENCODING_ON_PRESERVED_FIELDS	UNRESOLVED__SEMANTIC_CORRESPONDENCE_NOT_ESTABLISHED	INCLUDES_STRUCTURED_FIELD	UNRESOLVED_MULTIPLE_MEASURE_TITLES|UNRESOLVED_MULTIPLE_ENDPOINT_CONSTRUCTS|UNRESOLVED_MULTIPLE_TIME_FRAMES|UNRESOLVED_MULTIPLE_ASSESSMENT_CRITERIA|UNRESOLVED_MULTIPLE_PARAMTYPE_OR_UNIT|SEMANTIC_DUPLICATION_UNRESOLVED	PRESENT	15	POSTED	True		UNVERIFIABLE_IN_THIS_CACHE__NO_PARTICIPANT_FLOW_MODULE
NCT02593786#om3#OG001	NCT02593786	3	OG001	yes	COVERED_BY_A_AND_C	NCT02593786||cohort b: nivolumab 240 mg q2w	4	NON_IDENTICAL_ENCODING_ON_PRESERVED_FIELDS	UNRESOLVED__SEMANTIC_CORRESPONDENCE_NOT_ESTABLISHED	INCLUDES_STRUCTURED_FIELD	UNRESOLVED_MULTIPLE_MEASURE_TITLES|UNRESOLVED_MULTIPLE_ENDPOINT_CONSTRUCTS|UNRESOLVED_MULTIPLE_TIME_FRAMES|UNRESOLVED_MULTIPLE_ASSESSMENT_CRITERIA|UNRESOLVED_MULTIPLE_PARAMTYPE_OR_UNIT|SEMANTIC_DUPLICATION_UNRESOLVED	PRESENT	20	POSTED	True		UNVERIFIABLE_IN_THIS_CACHE__NO_PARTICIPANT_FLOW_MODULE
NCT02593786#om3#OG002	NCT02593786	3	OG002	yes	COVERED_BY_A_AND_C	NCT02593786||cohort c: nivolumab 360 mg q3w	4	NON_IDENTICAL_ENCODING_ON_PRESERVED_FIELDS	UNRESOLVED__SEMANTIC_CORRESPONDENCE_NOT_ESTABLISHED	INCLUDES_STRUCTURED_FIELD	UNRESOLVED_MULTIPLE_MEASURE_TITLES|UNRESOLVED_MULTIPLE_ENDPOINT_CONSTRUCTS|UNRESOLVED_MULTIPLE_TIME_FRAMES|UNRESOLVED_MULTIPLE_ASSESSMENT_CRITERIA|UNRESOLVED_MULTIPLE_PARAMTYPE_OR_UNIT|SEMANTIC_DUPLICATION_UNRESOLVED	PRESENT	11	POSTED	True		UNVERIFIABLE_IN_THIS_CACHE__NO_PARTICIPANT_FLOW_MODULE
NCT02593786#om3#OG003	NCT02593786	3	OG003	yes	COVERED_BY_A_AND_C	NCT02593786||cohort d: nivolumab 480 mg q4w	4	NON_IDENTICAL_ENCODING_ON_PRESERVED_FIELDS	UNRESOLVED__SEMANTIC_CORRESPONDENCE_NOT_ESTABLISHED	INCLUDES_STRUCTURED_FIELD	UNRESOLVED_MULTIPLE_MEASURE_TITLES|UNRESOLVED_MULTIPLE_ENDPOINT_CONSTRUCTS|UNRESOLVED_MULTIPLE_TIME_FRAMES|UNRESOLVED_MULTIPLE_ASSESSMENT_CRITERIA|UNRESOLVED_MULTIPLE_PARAMTYPE_OR_UNIT|SEMANTIC_DUPLICATION_UNRESOLVED	PRESENT	12	POSTED	True		UNVERIFIABLE_IN_THIS_CACHE__NO_PARTICIPANT_FLOW_MODULE
NCT02795429#om6#OG000	NCT02795429	6	OG000	yes	COVERED_BY_A_AND_C	NCT02795429||phase ib: capmatinib 200 mg bid + spartalizumab 300 mg q3w	4	NON_IDENTICAL_ENCODING_ON_PRESERVED_FIELDS	UNRESOLVED__SEMANTIC_CORRESPONDENCE_NOT_ESTABLISHED	INCLUDES_STRUCTURED_FIELD	UNRESOLVED_MULTIPLE_MEASURE_TITLES|UNRESOLVED_MULTIPLE_ENDPOINT_CONSTRUCTS|UNRESOLVED_MULTIPLE_TIME_FRAMES|UNRESOLVED_MULTIPLE_ASSESSMENT_CRITERIA|UNRESOLVED_MULTIPLE_POPULATION_DESCRIPTIONS|UNRESOLVED_MULTIPLE_PARAMTYPE_OR_UNIT|SEMANTIC_DUPLICATION_UNRESOLVED	PRESENT	6	POSTED	True		UNVERIFIABLE_IN_THIS_CACHE__NO_PARTICIPANT_FLOW_MODULE
NCT02795429#om6#OG001	NCT02795429	6	OG001	yes	COVERED_BY_A_AND_C	NCT02795429||phase ib: capmatinib 300 mg bid + spartalizumab 300 mg q3w	4	NON_IDENTICAL_ENCODING_ON_PRESERVED_FIELDS	UNRESOLVED__SEMANTIC_CORRESPONDENCE_NOT_ESTABLISHED	INCLUDES_STRUCTURED_FIELD	UNRESOLVED_MULTIPLE_MEASURE_TITLES|UNRESOLVED_MULTIPLE_ENDPOINT_CONSTRUCTS|UNRESOLVED_MULTIPLE_TIME_FRAMES|UNRESOLVED_MULTIPLE_ASSESSMENT_CRITERIA|UNRESOLVED_MULTIPLE_POPULATION_DESCRIPTIONS|UNRESOLVED_MULTIPLE_PARAMTYPE_OR_UNIT|SEMANTIC_DUPLICATION_UNRESOLVED	PRESENT	10	POSTED	True		UNVERIFIABLE_IN_THIS_CACHE__NO_PARTICIPANT_FLOW_MODULE
NCT02795429#om6#OG002	NCT02795429	6	OG002	yes	COVERED_BY_A_AND_C	NCT02795429||phase ib: capmatinib 400 mg bid + spartalizumab 300 mg q3w	4	NON_IDENTICAL_ENCODING_ON_PRESERVED_FIELDS	UNRESOLVED__SEMANTIC_CORRESPONDENCE_NOT_ESTABLISHED	INCLUDES_STRUCTURED_FIELD	UNRESOLVED_MULTIPLE_MEASURE_TITLES|UNRESOLVED_MULTIPLE_ENDPOINT_CONSTRUCTS|UNRESOLVED_MULTIPLE_TIME_FRAMES|UNRESOLVED_MULTIPLE_ASSESSMENT_CRITERIA|UNRESOLVED_MULTIPLE_POPULATION_DESCRIPTIONS|UNRESOLVED_MULTIPLE_PARAMTYPE_OR_UNIT|SEMANTIC_DUPLICATION_UNRESOLVED	PRESENT	11	POSTED	True		UNVERIFIABLE_IN_THIS_CACHE__NO_PARTICIPANT_FLOW_MODULE
NCT02795429#om6#OG003	NCT02795429	6	OG003	yes	COVERED_BY_A_AND_C	NCT02795429||phase ii: capmatinib 400 mg bid + spartalizumab 300 mg q3w	4	NON_IDENTICAL_ENCODING_ON_PRESERVED_FIELDS	UNRESOLVED__SEMANTIC_CORRESPONDENCE_NOT_ESTABLISHED	INCLUDES_STRUCTURED_FIELD	UNRESOLVED_MULTIPLE_MEASURE_TITLES|UNRESOLVED_MULTIPLE_ENDPOINT_CONSTRUCTS|UNRESOLVED_MULTIPLE_TIME_FRAMES|UNRESOLVED_MULTIPLE_ASSESSMENT_CRITERIA|UNRESOLVED_MULTIPLE_POPULATION_DESCRIPTIONS|UNRESOLVED_MULTIPLE_PARAMTYPE_OR_UNIT|UNRESOLVED_MULTIPLE_OUTCOME_TYPES|SEMANTIC_DUPLICATION_UNRESOLVED	PRESENT	32	POSTED	True		UNVERIFIABLE_IN_THIS_CACHE__NO_PARTICIPANT_FLOW_MODULE
NCT02795429#om6#OG004	NCT02795429	6	OG004	yes	COVERED_BY_A_AND_C	NCT02795429||phase ii: spartalizumab 300 mg q3w	4	NON_IDENTICAL_ENCODING_ON_PRESERVED_FIELDS	UNRESOLVED__SEMANTIC_CORRESPONDENCE_NOT_ESTABLISHED	INCLUDES_STRUCTURED_FIELD	UNRESOLVED_MULTIPLE_MEASURE_TITLES|UNRESOLVED_MULTIPLE_ENDPOINT_CONSTRUCTS|UNRESOLVED_MULTIPLE_TIME_FRAMES|UNRESOLVED_MULTIPLE_ASSESSMENT_CRITERIA|UNRESOLVED_MULTIPLE_POPULATION_DESCRIPTIONS|UNRESOLVED_MULTIPLE_PARAMTYPE_OR_UNIT|UNRESOLVED_MULTIPLE_OUTCOME_TYPES|SEMANTIC_DUPLICATION_UNRESOLVED	PRESENT	30	POSTED	True		UNVERIFIABLE_IN_THIS_CACHE__NO_PARTICIPANT_FLOW_MODULE
NCT02644967#om0#OG000	NCT02644967	0	OG000	yes	COVERED_BY_A_AND_C	NCT02644967||phase 2, 8 mg tilso/ipi	1	SINGLE_OBSERVATION__NO_COMPARISON_MADE	NOT_APPLICABLE__SINGLE_OBSERVATION	NONE	SINGLE_OBSERVATION	PRESENT	53	POSTED	True		UNVERIFIABLE_IN_THIS_CACHE__NO_PARTICIPANT_FLOW_MODULE
NCT02575807#om3#OG000	NCT02575807	3	OG000	yes	COVERED_BY_A_AND_C	NCT02575807||phase 2: crs-207/pembro/ido	2	NON_IDENTICAL_ENCODING_ON_PRESERVED_FIELDS	UNRESOLVED__SEMANTIC_CORRESPONDENCE_NOT_ESTABLISHED	INCLUDES_STRUCTURED_FIELD	UNRESOLVED_MULTIPLE_MEASURE_TITLES|UNRESOLVED_MULTIPLE_ENDPOINT_CONSTRUCTS|UNRESOLVED_MULTIPLE_TIME_FRAMES|UNRESOLVED_MULTIPLE_ASSESSMENT_CRITERIA|UNRESOLVED_MULTIPLE_POPULATION_DESCRIPTIONS|UNRESOLVED_MULTIPLE_OUTCOME_TYPES|SEMANTIC_DUPLICATION_UNRESOLVED	PRESENT	1	POSTED	True		UNVERIFIABLE_IN_THIS_CACHE__NO_PARTICIPANT_FLOW_MODULE
NCT02575807#om3#OG001	NCT02575807	3	OG001	yes	COVERED_BY_A_AND_C	NCT02575807||phase 2: crs-207/pembro	2	NON_IDENTICAL_ENCODING_ON_PRESERVED_FIELDS	UNRESOLVED__SEMANTIC_CORRESPONDENCE_NOT_ESTABLISHED	INCLUDES_STRUCTURED_FIELD	UNRESOLVED_MULTIPLE_MEASURE_TITLES|UNRESOLVED_MULTIPLE_ENDPOINT_CONSTRUCTS|UNRESOLVED_MULTIPLE_TIME_FRAMES|UNRESOLVED_MULTIPLE_ASSESSMENT_CRITERIA|UNRESOLVED_MULTIPLE_POPULATION_DESCRIPTIONS|UNRESOLVED_MULTIPLE_DENOMINATORS|UNRESOLVED_MULTIPLE_OUTCOME_TYPES|SEMANTIC_DUPLICATION_UNRESOLVED	PRESENT	2	POSTED	True		UNVERIFIABLE_IN_THIS_CACHE__NO_PARTICIPANT_FLOW_MODULE
NCT02575807#om4#OG000	NCT02575807	4	OG000	yes	COVERED_BY_A_AND_C	NCT02575807||phase 1: crs-207	2	NON_IDENTICAL_ENCODING_ON_PRESERVED_FIELDS	UNRESOLVED__SEMANTIC_CORRESPONDENCE_NOT_ESTABLISHED	TEXT_DERIVED_ONLY	UNRESOLVED_MULTIPLE_MEASURE_TITLES|UNRESOLVED_MULTIPLE_ENDPOINT_CONSTRUCTS|UNRESOLVED_MULTIPLE_TIME_FRAMES|UNRESOLVED_MULTIPLE_POPULATION_DESCRIPTIONS|SEMANTIC_DUPLICATION_UNRESOLVED|DISTINCTION_IS_TEXT_DERIVED_ONLY	PRESENT	8	POSTED	True		UNVERIFIABLE_IN_THIS_CACHE__NO_PARTICIPANT_FLOW_MODULE
NCT02575807#om4#OG001	NCT02575807	4	OG001	yes	COVERED_BY_A_AND_C	NCT02575807||phase 1: crs-207/ido 100 mg	2	NON_IDENTICAL_ENCODING_ON_PRESERVED_FIELDS	UNRESOLVED__SEMANTIC_CORRESPONDENCE_NOT_ESTABLISHED	TEXT_DERIVED_ONLY	UNRESOLVED_MULTIPLE_MEASURE_TITLES|UNRESOLVED_MULTIPLE_ENDPOINT_CONSTRUCTS|UNRESOLVED_MULTIPLE_TIME_FRAMES|UNRESOLVED_MULTIPLE_POPULATION_DESCRIPTIONS|SEMANTIC_DUPLICATION_UNRESOLVED|DISTINCTION_IS_TEXT_DERIVED_ONLY	PRESENT	4	POSTED	True		UNVERIFIABLE_IN_THIS_CACHE__NO_PARTICIPANT_FLOW_MODULE
NCT02575807#om4#OG002	NCT02575807	4	OG002	yes	COVERED_BY_A_AND_C	NCT02575807||phase 1: crs-207/ido 300 mg	2	NON_IDENTICAL_ENCODING_ON_PRESERVED_FIELDS	UNRESOLVED__SEMANTIC_CORRESPONDENCE_NOT_ESTABLISHED	INCLUDES_STRUCTURED_FIELD	UNRESOLVED_MULTIPLE_MEASURE_TITLES|UNRESOLVED_MULTIPLE_ENDPOINT_CONSTRUCTS|UNRESOLVED_MULTIPLE_TIME_FRAMES|UNRESOLVED_MULTIPLE_POPULATION_DESCRIPTIONS|UNRESOLVED_MULTIPLE_DENOMINATORS|SEMANTIC_DUPLICATION_UNRESOLVED	PRESENT	13	POSTED	True		UNVERIFIABLE_IN_THIS_CACHE__NO_PARTICIPANT_FLOW_MODULE
NCT03894540#om3#OG000	NCT03894540	3	OG000	yes	COVERED_BY_A_AND_C	NCT03894540||ipn60090 20 mg	3	NON_IDENTICAL_ENCODING_ON_PRESERVED_FIELDS	UNRESOLVED__SEMANTIC_CORRESPONDENCE_NOT_ESTABLISHED	INCLUDES_STRUCTURED_FIELD	UNRESOLVED_MULTIPLE_MEASURE_TITLES|UNRESOLVED_MULTIPLE_ENDPOINT_CONSTRUCTS|UNRESOLVED_MULTIPLE_PARAMTYPE_OR_UNIT|SEMANTIC_DUPLICATION_UNRESOLVED	PRESENT	1	POSTED	True		UNVERIFIABLE_IN_THIS_CACHE__NO_PARTICIPANT_FLOW_MODULE
NCT03894540#om3#OG001	NCT03894540	3	OG001	yes	COVERED_BY_A_AND_C	NCT03894540||ipn60090 40 mg	3	NON_IDENTICAL_ENCODING_ON_PRESERVED_FIELDS	UNRESOLVED__SEMANTIC_CORRESPONDENCE_NOT_ESTABLISHED	INCLUDES_STRUCTURED_FIELD	UNRESOLVED_MULTIPLE_MEASURE_TITLES|UNRESOLVED_MULTIPLE_ENDPOINT_CONSTRUCTS|UNRESOLVED_MULTIPLE_PARAMTYPE_OR_UNIT|SEMANTIC_DUPLICATION_UNRESOLVED	PRESENT	1	POSTED	True		UNVERIFIABLE_IN_THIS_CACHE__NO_PARTICIPANT_FLOW_MODULE
NCT03894540#om3#OG002	NCT03894540	3	OG002	yes	COVERED_BY_A_AND_C	NCT03894540||ipn60090 80 mg	3	NON_IDENTICAL_ENCODING_ON_PRESERVED_FIELDS	UNRESOLVED__SEMANTIC_CORRESPONDENCE_NOT_ESTABLISHED	INCLUDES_STRUCTURED_FIELD	UNRESOLVED_MULTIPLE_MEASURE_TITLES|UNRESOLVED_MULTIPLE_ENDPOINT_CONSTRUCTS|UNRESOLVED_MULTIPLE_PARAMTYPE_OR_UNIT|SEMANTIC_DUPLICATION_UNRESOLVED	PRESENT	1	POSTED	True		UNVERIFIABLE_IN_THIS_CACHE__NO_PARTICIPANT_FLOW_MODULE
NCT03894540#om3#OG003	NCT03894540	3	OG003	yes	COVERED_BY_A_AND_C	NCT03894540||ipn60090 120 mg	3	NON_IDENTICAL_ENCODING_ON_PRESERVED_FIELDS	UNRESOLVED__SEMANTIC_CORRESPONDENCE_NOT_ESTABLISHED	INCLUDES_STRUCTURED_FIELD	UNRESOLVED_MULTIPLE_MEASURE_TITLES|UNRESOLVED_MULTIPLE_ENDPOINT_CONSTRUCTS|UNRESOLVED_MULTIPLE_PARAMTYPE_OR_UNIT|SEMANTIC_DUPLICATION_UNRESOLVED	PRESENT	4	POSTED	True		UNVERIFIABLE_IN_THIS_CACHE__NO_PARTICIPANT_FLOW_MODULE
NCT03894540#om3#OG004	NCT03894540	3	OG004	yes	COVERED_BY_A_AND_C	NCT03894540||ipn60090 180 mg	3	NON_IDENTICAL_ENCODING_ON_PRESERVED_FIELDS	UNRESOLVED__SEMANTIC_CORRESPONDENCE_NOT_ESTABLISHED	INCLUDES_STRUCTURED_FIELD	UNRESOLVED_MULTIPLE_MEASURE_TITLES|UNRESOLVED_MULTIPLE_ENDPOINT_CONSTRUCTS|UNRESOLVED_MULTIPLE_PARAMTYPE_OR_UNIT|SEMANTIC_DUPLICATION_UNRESOLVED	PRESENT	11	POSTED	True		UNVERIFIABLE_IN_THIS_CACHE__NO_PARTICIPANT_FLOW_MODULE
NCT03894540#om3#OG005	NCT03894540	3	OG005	yes	COVERED_BY_A_AND_C	NCT03894540||ipn60090 240 mg	3	NON_IDENTICAL_ENCODING_ON_PRESERVED_FIELDS	UNRESOLVED__SEMANTIC_CORRESPONDENCE_NOT_ESTABLISHED	INCLUDES_STRUCTURED_FIELD	UNRESOLVED_MULTIPLE_MEASURE_TITLES|UNRESOLVED_MULTIPLE_ENDPOINT_CONSTRUCTS|UNRESOLVED_MULTIPLE_PARAMTYPE_OR_UNIT|SEMANTIC_DUPLICATION_UNRESOLVED	PRESENT	4	POSTED	True		UNVERIFIABLE_IN_THIS_CACHE__NO_PARTICIPANT_FLOW_MODULE
NCT03679754#om10#OG000	NCT03679754	10	OG000	yes	COVERED_BY_A_AND_C	NCT03679754||ad-rts-hil-12 + veledimex	1	SINGLE_OBSERVATION__NO_COMPARISON_MADE	NOT_APPLICABLE__SINGLE_OBSERVATION	NONE	SINGLE_OBSERVATION	PRESENT	36	POSTED	True		UNVERIFIABLE_IN_THIS_CACHE__NO_PARTICIPANT_FLOW_MODULE
NCT04099641#om2#OG000	NCT04099641	2	OG000	yes	COVERED_BY_A_AND_C	NCT04099641||group 1 (cpi naïve)	1	SINGLE_OBSERVATION__NO_COMPARISON_MADE	NOT_APPLICABLE__SINGLE_OBSERVATION	NONE	SINGLE_OBSERVATION	PRESENT	61	POSTED	True		UNVERIFIABLE_IN_THIS_CACHE__NO_PARTICIPANT_FLOW_MODULE
NCT04099641#om2#OG001	NCT04099641	2	OG001	yes	COVERED_BY_A_AND_C	NCT04099641||group 2 (cpi relapse)	1	SINGLE_OBSERVATION__NO_COMPARISON_MADE	NOT_APPLICABLE__SINGLE_OBSERVATION	NONE	SINGLE_OBSERVATION	PRESENT	19	POSTED	True		UNVERIFIABLE_IN_THIS_CACHE__NO_PARTICIPANT_FLOW_MODULE
NCT03256344#om2#OG000	NCT03256344	2	OG000	yes	COVERED_BY_A_AND_C	NCT03256344||talimogene laherparepvec with atezolizumab: triple negative breast cancer (tnbc)	4	NON_IDENTICAL_ENCODING_ON_PRESERVED_FIELDS	UNRESOLVED__SEMANTIC_CORRESPONDENCE_NOT_ESTABLISHED	INCLUDES_STRUCTURED_FIELD	UNRESOLVED_MULTIPLE_MEASURE_TITLES|UNRESOLVED_MULTIPLE_ENDPOINT_CONSTRUCTS|UNRESOLVED_MULTIPLE_ASSESSMENT_CRITERIA|UNRESOLVED_MULTIPLE_PARAMTYPE_OR_UNIT|SEMANTIC_DUPLICATION_UNRESOLVED	PRESENT	10	POSTED	True	NONCOLLECTION_STATEMENT	UNVERIFIABLE_IN_THIS_CACHE__NO_PARTICIPANT_FLOW_MODULE
NCT03256344#om2#OG001	NCT03256344	2	OG001	yes	COVERED_BY_A_AND_C	NCT03256344||talimogene laherparepvec with atezolizumab: colorectal cancer (crc)	4	NON_IDENTICAL_ENCODING_ON_PRESERVED_FIELDS	UNRESOLVED__SEMANTIC_CORRESPONDENCE_NOT_ESTABLISHED	INCLUDES_STRUCTURED_FIELD	UNRESOLVED_MULTIPLE_MEASURE_TITLES|UNRESOLVED_MULTIPLE_ENDPOINT_CONSTRUCTS|UNRESOLVED_MULTIPLE_ASSESSMENT_CRITERIA|UNRESOLVED_MULTIPLE_PARAMTYPE_OR_UNIT|SEMANTIC_DUPLICATION_UNRESOLVED	PRESENT	24	POSTED	True	NONCOLLECTION_STATEMENT	UNVERIFIABLE_IN_THIS_CACHE__NO_PARTICIPANT_FLOW_MODULE
NCT04539327#om16#OG000	NCT04539327	16	OG000	yes	COVERED_BY_A_AND_C	NCT04539327||rucaparib - treatment	3	NON_IDENTICAL_ENCODING_ON_PRESERVED_FIELDS	UNRESOLVED__SEMANTIC_CORRESPONDENCE_NOT_ESTABLISHED	INCLUDES_STRUCTURED_FIELD	UNRESOLVED_MULTIPLE_MEASURE_TITLES|UNRESOLVED_MULTIPLE_ENDPOINT_CONSTRUCTS|UNRESOLVED_MULTIPLE_ASSESSMENT_CRITERIA|UNRESOLVED_MULTIPLE_DENOMINATORS|SEMANTIC_DUPLICATION_UNRESOLVED	PRESENT	28	POSTED	True		UNVERIFIABLE_IN_THIS_CACHE__NO_PARTICIPANT_FLOW_MODULE
NCT03829501#om6#OG000	NCT03829501	6	OG000	yes	COVERED_BY_A_AND_C	NCT03829501||alomfilimab 0.8 mg	3	NON_IDENTICAL_ENCODING_ON_PRESERVED_FIELDS	UNRESOLVED__SEMANTIC_CORRESPONDENCE_NOT_ESTABLISHED	INCLUDES_STRUCTURED_FIELD	UNRESOLVED_MULTIPLE_MEASURE_TITLES|UNRESOLVED_MULTIPLE_ENDPOINT_CONSTRUCTS|UNRESOLVED_MULTIPLE_TIME_FRAMES|UNRESOLVED_MULTIPLE_ASSESSMENT_CRITERIA|UNRESOLVED_MULTIPLE_POPULATION_DESCRIPTIONS|UNRESOLVED_MULTIPLE_PARAMTYPE_OR_UNIT|SEMANTIC_DUPLICATION_UNRESOLVED	PRESENT	4	POSTED	True		UNVERIFIABLE_IN_THIS_CACHE__NO_PARTICIPANT_FLOW_MODULE
NCT03829501#om6#OG001	NCT03829501	6	OG001	yes	COVERED_BY_A_AND_C	NCT03829501||alomfilimab 2.4 mg	3	NON_IDENTICAL_ENCODING_ON_PRESERVED_FIELDS	UNRESOLVED__SEMANTIC_CORRESPONDENCE_NOT_ESTABLISHED	INCLUDES_STRUCTURED_FIELD	UNRESOLVED_MULTIPLE_MEASURE_TITLES|UNRESOLVED_MULTIPLE_ENDPOINT_CONSTRUCTS|UNRESOLVED_MULTIPLE_TIME_FRAMES|UNRESOLVED_MULTIPLE_ASSESSMENT_CRITERIA|UNRESOLVED_MULTIPLE_POPULATION_DESCRIPTIONS|UNRESOLVED_MULTIPLE_PARAMTYPE_OR_UNIT|SEMANTIC_DUPLICATION_UNRESOLVED	PRESENT	5	POSTED	True		UNVERIFIABLE_IN_THIS_CACHE__NO_PARTICIPANT_FLOW_MODULE
NCT03829501#om6#OG002	NCT03829501	6	OG002	yes	COVERED_BY_A_AND_C	NCT03829501||alomfilimab 8 mg	3	NON_IDENTICAL_ENCODING_ON_PRESERVED_FIELDS	UNRESOLVED__SEMANTIC_CORRESPONDENCE_NOT_ESTABLISHED	INCLUDES_STRUCTURED_FIELD	UNRESOLVED_MULTIPLE_MEASURE_TITLES|UNRESOLVED_MULTIPLE_ENDPOINT_CONSTRUCTS|UNRESOLVED_MULTIPLE_TIME_FRAMES|UNRESOLVED_MULTIPLE_ASSESSMENT_CRITERIA|UNRESOLVED_MULTIPLE_POPULATION_DESCRIPTIONS|UNRESOLVED_MULTIPLE_DENOMINATORS|UNRESOLVED_MULTIPLE_PARAMTYPE_OR_UNIT|SEMANTIC_DUPLICATION_UNRESOLVED	PRESENT	9	POSTED	True		UNVERIFIABLE_IN_THIS_CACHE__NO_PARTICIPANT_FLOW_MODULE
NCT03829501#om6#OG003	NCT03829501	6	OG003	yes	COVERED_BY_A_AND_C	NCT03829501||alomfilimab 24 mg	3	NON_IDENTICAL_ENCODING_ON_PRESERVED_FIELDS	UNRESOLVED__SEMANTIC_CORRESPONDENCE_NOT_ESTABLISHED	INCLUDES_STRUCTURED_FIELD	UNRESOLVED_MULTIPLE_MEASURE_TITLES|UNRESOLVED_MULTIPLE_ENDPOINT_CONSTRUCTS|UNRESOLVED_MULTIPLE_TIME_FRAMES|UNRESOLVED_MULTIPLE_ASSESSMENT_CRITERIA|UNRESOLVED_MULTIPLE_POPULATION_DESCRIPTIONS|UNRESOLVED_MULTIPLE_PARAMTYPE_OR_UNIT|SEMANTIC_DUPLICATION_UNRESOLVED	PRESENT	8	POSTED	True		UNVERIFIABLE_IN_THIS_CACHE__NO_PARTICIPANT_FLOW_MODULE
NCT03829501#om6#OG004	NCT03829501	6	OG004	yes	COVERED_BY_A_AND_C	NCT03829501||alomfilimab 80 mg	3	NON_IDENTICAL_ENCODING_ON_PRESERVED_FIELDS	UNRESOLVED__SEMANTIC_CORRESPONDENCE_NOT_ESTABLISHED	INCLUDES_STRUCTURED_FIELD	UNRESOLVED_MULTIPLE_MEASURE_TITLES|UNRESOLVED_MULTIPLE_ENDPOINT_CONSTRUCTS|UNRESOLVED_MULTIPLE_TIME_FRAMES|UNRESOLVED_MULTIPLE_ASSESSMENT_CRITERIA|UNRESOLVED_MULTIPLE_POPULATION_DESCRIPTIONS|UNRESOLVED_MULTIPLE_PARAMTYPE_OR_UNIT|SEMANTIC_DUPLICATION_UNRESOLVED	PRESENT	7	POSTED	True		UNVERIFIABLE_IN_THIS_CACHE__NO_PARTICIPANT_FLOW_MODULE
NCT03829501#om6#OG005	NCT03829501	6	OG005	yes	COVERED_BY_A_AND_C	NCT03829501||alomfilimab 240 mg	3	NON_IDENTICAL_ENCODING_ON_PRESERVED_FIELDS	UNRESOLVED__SEMANTIC_CORRESPONDENCE_NOT_ESTABLISHED	INCLUDES_STRUCTURED_FIELD	UNRESOLVED_MULTIPLE_MEASURE_TITLES|UNRESOLVED_MULTIPLE_ENDPOINT_CONSTRUCTS|UNRESOLVED_MULTIPLE_TIME_FRAMES|UNRESOLVED_MULTIPLE_ASSESSMENT_CRITERIA|UNRESOLVED_MULTIPLE_POPULATION_DESCRIPTIONS|UNRESOLVED_MULTIPLE_PARAMTYPE_OR_UNIT|SEMANTIC_DUPLICATION_UNRESOLVED	PRESENT	5	POSTED	True		UNVERIFIABLE_IN_THIS_CACHE__NO_PARTICIPANT_FLOW_MODULE
NCT03829501#om6#OG006	NCT03829501	6	OG006	yes	COVERED_BY_A_AND_C	NCT03829501||alomfilimab 0.8 mg + atezolizumab	3	NON_IDENTICAL_ENCODING_ON_PRESERVED_FIELDS	UNRESOLVED__SEMANTIC_CORRESPONDENCE_NOT_ESTABLISHED	INCLUDES_STRUCTURED_FIELD	UNRESOLVED_MULTIPLE_MEASURE_TITLES|UNRESOLVED_MULTIPLE_ENDPOINT_CONSTRUCTS|UNRESOLVED_MULTIPLE_TIME_FRAMES|UNRESOLVED_MULTIPLE_ASSESSMENT_CRITERIA|UNRESOLVED_MULTIPLE_POPULATION_DESCRIPTIONS|UNRESOLVED_MULTIPLE_DENOMINATORS|UNRESOLVED_MULTIPLE_PARAMTYPE_OR_UNIT|SEMANTIC_DUPLICATION_UNRESOLVED	PRESENT	5	POSTED	True		UNVERIFIABLE_IN_THIS_CACHE__NO_PARTICIPANT_FLOW_MODULE
NCT03829501#om6#OG007	NCT03829501	6	OG007	yes	COVERED_BY_A_AND_C	NCT03829501||alomfilimab 2.4 mg + atezolizumab	3	NON_IDENTICAL_ENCODING_ON_PRESERVED_FIELDS	UNRESOLVED__SEMANTIC_CORRESPONDENCE_NOT_ESTABLISHED	INCLUDES_STRUCTURED_FIELD	UNRESOLVED_MULTIPLE_MEASURE_TITLES|UNRESOLVED_MULTIPLE_ENDPOINT_CONSTRUCTS|UNRESOLVED_MULTIPLE_TIME_FRAMES|UNRESOLVED_MULTIPLE_ASSESSMENT_CRITERIA|UNRESOLVED_MULTIPLE_POPULATION_DESCRIPTIONS|UNRESOLVED_MULTIPLE_DENOMINATORS|UNRESOLVED_MULTIPLE_PARAMTYPE_OR_UNIT|SEMANTIC_DUPLICATION_UNRESOLVED	PRESENT	43	POSTED	True		UNVERIFIABLE_IN_THIS_CACHE__NO_PARTICIPANT_FLOW_MODULE
NCT03829501#om6#OG008	NCT03829501	6	OG008	yes	COVERED_BY_A_AND_C	NCT03829501||alomfilimab 8 mg + atezolizumab	3	NON_IDENTICAL_ENCODING_ON_PRESERVED_FIELDS	UNRESOLVED__SEMANTIC_CORRESPONDENCE_NOT_ESTABLISHED	INCLUDES_STRUCTURED_FIELD	UNRESOLVED_MULTIPLE_MEASURE_TITLES|UNRESOLVED_MULTIPLE_ENDPOINT_CONSTRUCTS|UNRESOLVED_MULTIPLE_TIME_FRAMES|UNRESOLVED_MULTIPLE_ASSESSMENT_CRITERIA|UNRESOLVED_MULTIPLE_POPULATION_DESCRIPTIONS|UNRESOLVED_MULTIPLE_PARAMTYPE_OR_UNIT|SEMANTIC_DUPLICATION_UNRESOLVED	PRESENT	36	POSTED	True		UNVERIFIABLE_IN_THIS_CACHE__NO_PARTICIPANT_FLOW_MODULE
NCT03829501#om6#OG009	NCT03829501	6	OG009	yes	COVERED_BY_A_AND_C	NCT03829501||alomfilimab 24 mg + atezolizumab	3	NON_IDENTICAL_ENCODING_ON_PRESERVED_FIELDS	UNRESOLVED__SEMANTIC_CORRESPONDENCE_NOT_ESTABLISHED	INCLUDES_STRUCTURED_FIELD	UNRESOLVED_MULTIPLE_MEASURE_TITLES|UNRESOLVED_MULTIPLE_ENDPOINT_CONSTRUCTS|UNRESOLVED_MULTIPLE_TIME_FRAMES|UNRESOLVED_MULTIPLE_ASSESSMENT_CRITERIA|UNRESOLVED_MULTIPLE_POPULATION_DESCRIPTIONS|UNRESOLVED_MULTIPLE_PARAMTYPE_OR_UNIT|SEMANTIC_DUPLICATION_UNRESOLVED	PRESENT	9	POSTED	True		UNVERIFIABLE_IN_THIS_CACHE__NO_PARTICIPANT_FLOW_MODULE
NCT03829501#om6#OG010	NCT03829501	6	OG010	yes	COVERED_BY_A_AND_C	NCT03829501||alomfilimab 80 mg + atezolizumab	3	NON_IDENTICAL_ENCODING_ON_PRESERVED_FIELDS	UNRESOLVED__SEMANTIC_CORRESPONDENCE_NOT_ESTABLISHED	INCLUDES_STRUCTURED_FIELD	UNRESOLVED_MULTIPLE_MEASURE_TITLES|UNRESOLVED_MULTIPLE_ENDPOINT_CONSTRUCTS|UNRESOLVED_MULTIPLE_TIME_FRAMES|UNRESOLVED_MULTIPLE_ASSESSMENT_CRITERIA|UNRESOLVED_MULTIPLE_POPULATION_DESCRIPTIONS|UNRESOLVED_MULTIPLE_PARAMTYPE_OR_UNIT|SEMANTIC_DUPLICATION_UNRESOLVED	PRESENT	9	POSTED	True		UNVERIFIABLE_IN_THIS_CACHE__NO_PARTICIPANT_FLOW_MODULE
NCT03829501#om6#OG011	NCT03829501	6	OG011	yes	COVERED_BY_A_AND_C	NCT03829501||alomfilimab 2.4 mg + atezolizumab in anti-pd-(l)1 naïve pancreatic cancer	3	NON_IDENTICAL_ENCODING_ON_PRESERVED_FIELDS	UNRESOLVED__SEMANTIC_CORRESPONDENCE_NOT_ESTABLISHED	INCLUDES_STRUCTURED_FIELD	UNRESOLVED_MULTIPLE_MEASURE_TITLES|UNRESOLVED_MULTIPLE_ENDPOINT_CONSTRUCTS|UNRESOLVED_MULTIPLE_TIME_FRAMES|UNRESOLVED_MULTIPLE_ASSESSMENT_CRITERIA|UNRESOLVED_MULTIPLE_POPULATION_DESCRIPTIONS|UNRESOLVED_MULTIPLE_PARAMTYPE_OR_UNIT|UNRESOLVED_MULTIPLE_OUTCOME_TYPES|SEMANTIC_DUPLICATION_UNRESOLVED	PRESENT	15	POSTED	True		UNVERIFIABLE_IN_THIS_CACHE__NO_PARTICIPANT_FLOW_MODULE
NCT03829501#om6#OG012	NCT03829501	6	OG012	yes	COVERED_BY_A_AND_C	NCT03829501||alomfilimab 8 mg + atezolizumab in anti-pd-(l)1 naïve pancreatic cancer	3	NON_IDENTICAL_ENCODING_ON_PRESERVED_FIELDS	UNRESOLVED__SEMANTIC_CORRESPONDENCE_NOT_ESTABLISHED	INCLUDES_STRUCTURED_FIELD	UNRESOLVED_MULTIPLE_MEASURE_TITLES|UNRESOLVED_MULTIPLE_ENDPOINT_CONSTRUCTS|UNRESOLVED_MULTIPLE_TIME_FRAMES|UNRESOLVED_MULTIPLE_ASSESSMENT_CRITERIA|UNRESOLVED_MULTIPLE_POPULATION_DESCRIPTIONS|UNRESOLVED_MULTIPLE_PARAMTYPE_OR_UNIT|UNRESOLVED_MULTIPLE_OUTCOME_TYPES|SEMANTIC_DUPLICATION_UNRESOLVED	PRESENT	14	POSTED	True		UNVERIFIABLE_IN_THIS_CACHE__NO_PARTICIPANT_FLOW_MODULE
NCT03829501#om6#OG013	NCT03829501	6	OG013	yes	COVERED_BY_A_AND_C	NCT03829501||alomfilimab 2.4 mg + atezolizumab in anti-pd-(l)1 naïve triple negative bc	3	NON_IDENTICAL_ENCODING_ON_PRESERVED_FIELDS	UNRESOLVED__SEMANTIC_CORRESPONDENCE_NOT_ESTABLISHED	INCLUDES_STRUCTURED_FIELD	UNRESOLVED_MULTIPLE_MEASURE_TITLES|UNRESOLVED_MULTIPLE_ENDPOINT_CONSTRUCTS|UNRESOLVED_MULTIPLE_TIME_FRAMES|UNRESOLVED_MULTIPLE_ASSESSMENT_CRITERIA|UNRESOLVED_MULTIPLE_POPULATION_DESCRIPTIONS|UNRESOLVED_MULTIPLE_PARAMTYPE_OR_UNIT|UNRESOLVED_MULTIPLE_OUTCOME_TYPES|SEMANTIC_DUPLICATION_UNRESOLVED	PRESENT	7	POSTED	True		UNVERIFIABLE_IN_THIS_CACHE__NO_PARTICIPANT_FLOW_MODULE
NCT03829501#om6#OG014	NCT03829501	6	OG014	yes	COVERED_BY_A_AND_C	NCT03829501||alomfilimab 8 mg + atezolizumab in anti-pd-(l)1 naïve triple negative bc	3	NON_IDENTICAL_ENCODING_ON_PRESERVED_FIELDS	UNRESOLVED__SEMANTIC_CORRESPONDENCE_NOT_ESTABLISHED	INCLUDES_STRUCTURED_FIELD	UNRESOLVED_MULTIPLE_MEASURE_TITLES|UNRESOLVED_MULTIPLE_ENDPOINT_CONSTRUCTS|UNRESOLVED_MULTIPLE_TIME_FRAMES|UNRESOLVED_MULTIPLE_ASSESSMENT_CRITERIA|UNRESOLVED_MULTIPLE_POPULATION_DESCRIPTIONS|UNRESOLVED_MULTIPLE_PARAMTYPE_OR_UNIT|UNRESOLVED_MULTIPLE_OUTCOME_TYPES|SEMANTIC_DUPLICATION_UNRESOLVED	PRESENT	14	POSTED	True		UNVERIFIABLE_IN_THIS_CACHE__NO_PARTICIPANT_FLOW_MODULE
NCT03829501#om6#OG015	NCT03829501	6	OG015	yes	COVERED_BY_A_AND_C	NCT03829501||alomfilimab 8 mg + atezolizumab in anti-pd-(l)1 naïve hnscc	3	NON_IDENTICAL_ENCODING_ON_PRESERVED_FIELDS	UNRESOLVED__SEMANTIC_CORRESPONDENCE_NOT_ESTABLISHED	INCLUDES_STRUCTURED_FIELD	UNRESOLVED_MULTIPLE_MEASURE_TITLES|UNRESOLVED_MULTIPLE_ENDPOINT_CONSTRUCTS|UNRESOLVED_MULTIPLE_TIME_FRAMES|UNRESOLVED_MULTIPLE_ASSESSMENT_CRITERIA|UNRESOLVED_MULTIPLE_POPULATION_DESCRIPTIONS|UNRESOLVED_MULTIPLE_PARAMTYPE_OR_UNIT|UNRESOLVED_MULTIPLE_OUTCOME_TYPES|SEMANTIC_DUPLICATION_UNRESOLVED	PRESENT	5	POSTED	True		UNVERIFIABLE_IN_THIS_CACHE__NO_PARTICIPANT_FLOW_MODULE
NCT03829501#om6#OG016	NCT03829501	6	OG016	yes	COVERED_BY_A_AND_C	NCT03829501||alomfilimab 24 mg + atezolizumab in anti-pd-(l)1 naïve hnscc	3	NON_IDENTICAL_ENCODING_ON_PRESERVED_FIELDS	UNRESOLVED__SEMANTIC_CORRESPONDENCE_NOT_ESTABLISHED	INCLUDES_STRUCTURED_FIELD	UNRESOLVED_MULTIPLE_MEASURE_TITLES|UNRESOLVED_MULTIPLE_ENDPOINT_CONSTRUCTS|UNRESOLVED_MULTIPLE_TIME_FRAMES|UNRESOLVED_MULTIPLE_ASSESSMENT_CRITERIA|UNRESOLVED_MULTIPLE_POPULATION_DESCRIPTIONS|UNRESOLVED_MULTIPLE_PARAMTYPE_OR_UNIT|UNRESOLVED_MULTIPLE_OUTCOME_TYPES|SEMANTIC_DUPLICATION_UNRESOLVED	PRESENT	5	POSTED	True		UNVERIFIABLE_IN_THIS_CACHE__NO_PARTICIPANT_FLOW_MODULE
NCT03829501#om6#OG017	NCT03829501	6	OG017	yes	COVERED_BY_A_AND_C	NCT03829501||alomfilimab 2.4 mg + atezolizumab in anti-pd-(l)1 pre-treated pancreatic cancer	3	NON_IDENTICAL_ENCODING_ON_PRESERVED_FIELDS	UNRESOLVED__SEMANTIC_CORRESPONDENCE_NOT_ESTABLISHED	INCLUDES_STRUCTURED_FIELD	UNRESOLVED_MULTIPLE_MEASURE_TITLES|UNRESOLVED_MULTIPLE_ENDPOINT_CONSTRUCTS|UNRESOLVED_MULTIPLE_TIME_FRAMES|UNRESOLVED_MULTIPLE_ASSESSMENT_CRITERIA|UNRESOLVED_MULTIPLE_POPULATION_DESCRIPTIONS|UNRESOLVED_MULTIPLE_PARAMTYPE_OR_UNIT|UNRESOLVED_MULTIPLE_OUTCOME_TYPES|SEMANTIC_DUPLICATION_UNRESOLVED	PRESENT	2	POSTED	True		UNVERIFIABLE_IN_THIS_CACHE__NO_PARTICIPANT_FLOW_MODULE
NCT03829501#om6#OG018	NCT03829501	6	OG018	yes	COVERED_BY_A_AND_C	NCT03829501||alomfilimab 8 mg + atezolizumab in anti-pd-(l)1 pre-treated pancreatic cancer	3	NON_IDENTICAL_ENCODING_ON_PRESERVED_FIELDS	UNRESOLVED__SEMANTIC_CORRESPONDENCE_NOT_ESTABLISHED	INCLUDES_STRUCTURED_FIELD	UNRESOLVED_MULTIPLE_MEASURE_TITLES|UNRESOLVED_MULTIPLE_ENDPOINT_CONSTRUCTS|UNRESOLVED_MULTIPLE_TIME_FRAMES|UNRESOLVED_MULTIPLE_ASSESSMENT_CRITERIA|UNRESOLVED_MULTIPLE_POPULATION_DESCRIPTIONS|UNRESOLVED_MULTIPLE_PARAMTYPE_OR_UNIT|UNRESOLVED_MULTIPLE_OUTCOME_TYPES|SEMANTIC_DUPLICATION_UNRESOLVED	PRESENT	1	POSTED	True		UNVERIFIABLE_IN_THIS_CACHE__NO_PARTICIPANT_FLOW_MODULE
NCT03829501#om6#OG019	NCT03829501	6	OG019	yes	COVERED_BY_A_AND_C	NCT03829501||alomfilimab 2.4 mg + atezolizumab in anti-pd-(l)1 pre-treated triple negative bc	3	NON_IDENTICAL_ENCODING_ON_PRESERVED_FIELDS	UNRESOLVED__SEMANTIC_CORRESPONDENCE_NOT_ESTABLISHED	INCLUDES_STRUCTURED_FIELD	UNRESOLVED_MULTIPLE_MEASURE_TITLES|UNRESOLVED_MULTIPLE_ENDPOINT_CONSTRUCTS|UNRESOLVED_MULTIPLE_TIME_FRAMES|UNRESOLVED_MULTIPLE_ASSESSMENT_CRITERIA|UNRESOLVED_MULTIPLE_POPULATION_DESCRIPTIONS|UNRESOLVED_MULTIPLE_PARAMTYPE_OR_UNIT|UNRESOLVED_MULTIPLE_OUTCOME_TYPES|SEMANTIC_DUPLICATION_UNRESOLVED	PRESENT	1	POSTED	True		UNVERIFIABLE_IN_THIS_CACHE__NO_PARTICIPANT_FLOW_MODULE
NCT03829501#om6#OG020	NCT03829501	6	OG020	yes	COVERED_BY_A_AND_C	NCT03829501||alomfilimab 8 mg + atezolizumab in anti-pd-(l)1 pre-treated triple negative bc	3	NON_IDENTICAL_ENCODING_ON_PRESERVED_FIELDS	UNRESOLVED__SEMANTIC_CORRESPONDENCE_NOT_ESTABLISHED	INCLUDES_STRUCTURED_FIELD	UNRESOLVED_MULTIPLE_MEASURE_TITLES|UNRESOLVED_MULTIPLE_ENDPOINT_CONSTRUCTS|UNRESOLVED_MULTIPLE_TIME_FRAMES|UNRESOLVED_MULTIPLE_ASSESSMENT_CRITERIA|UNRESOLVED_MULTIPLE_POPULATION_DESCRIPTIONS|UNRESOLVED_MULTIPLE_PARAMTYPE_OR_UNIT|UNRESOLVED_MULTIPLE_OUTCOME_TYPES|SEMANTIC_DUPLICATION_UNRESOLVED	PRESENT	6	POSTED	True		UNVERIFIABLE_IN_THIS_CACHE__NO_PARTICIPANT_FLOW_MODULE
NCT03829501#om6#OG021	NCT03829501	6	OG021	yes	COVERED_BY_A_AND_C	NCT03829501||alomfilimab 8 mg + atezolizumab in anti-pd-(l)1 pre-treated hnscc	3	NON_IDENTICAL_ENCODING_ON_PRESERVED_FIELDS	UNRESOLVED__SEMANTIC_CORRESPONDENCE_NOT_ESTABLISHED	INCLUDES_STRUCTURED_FIELD	UNRESOLVED_MULTIPLE_MEASURE_TITLES|UNRESOLVED_MULTIPLE_ENDPOINT_CONSTRUCTS|UNRESOLVED_MULTIPLE_TIME_FRAMES|UNRESOLVED_MULTIPLE_ASSESSMENT_CRITERIA|UNRESOLVED_MULTIPLE_POPULATION_DESCRIPTIONS|UNRESOLVED_MULTIPLE_PARAMTYPE_OR_UNIT|UNRESOLVED_MULTIPLE_OUTCOME_TYPES|SEMANTIC_DUPLICATION_UNRESOLVED	PRESENT	3	POSTED	True		UNVERIFIABLE_IN_THIS_CACHE__NO_PARTICIPANT_FLOW_MODULE
NCT03829501#om6#OG022	NCT03829501	6	OG022	yes	COVERED_BY_A_AND_C	NCT03829501||alomfilimab 24 mg + atezolizumab in anti-pd-(l)1 pre-treated hnscc	3	NON_IDENTICAL_ENCODING_ON_PRESERVED_FIELDS	UNRESOLVED__SEMANTIC_CORRESPONDENCE_NOT_ESTABLISHED	INCLUDES_STRUCTURED_FIELD	UNRESOLVED_MULTIPLE_MEASURE_TITLES|UNRESOLVED_MULTIPLE_ENDPOINT_CONSTRUCTS|UNRESOLVED_MULTIPLE_TIME_FRAMES|UNRESOLVED_MULTIPLE_ASSESSMENT_CRITERIA|UNRESOLVED_MULTIPLE_POPULATION_DESCRIPTIONS|UNRESOLVED_MULTIPLE_DENOMINATORS|UNRESOLVED_MULTIPLE_PARAMTYPE_OR_UNIT|UNRESOLVED_MULTIPLE_OUTCOME_TYPES|SEMANTIC_DUPLICATION_UNRESOLVED	PRESENT	9	POSTED	True		UNVERIFIABLE_IN_THIS_CACHE__NO_PARTICIPANT_FLOW_MODULE
NCT04753658#om5#OG000	NCT04753658	5	OG000	yes	COVERED_BY_A_AND_C	NCT04753658||lorlatinib	7	NON_IDENTICAL_ENCODING_ON_PRESERVED_FIELDS	UNRESOLVED__SEMANTIC_CORRESPONDENCE_NOT_ESTABLISHED	INCLUDES_STRUCTURED_FIELD	UNRESOLVED_MULTIPLE_MEASURE_TITLES|UNRESOLVED_MULTIPLE_ENDPOINT_CONSTRUCTS|UNRESOLVED_MULTIPLE_TIME_FRAMES|UNRESOLVED_MULTIPLE_ASSESSMENT_CRITERIA|UNRESOLVED_MULTIPLE_POPULATION_DESCRIPTIONS|UNRESOLVED_MULTIPLE_DENOMINATORS|UNRESOLVED_MULTIPLE_PARAMTYPE_OR_UNIT|SEMANTIC_DUPLICATION_UNRESOLVED	PRESENT	15	POSTED	True		UNVERIFIABLE_IN_THIS_CACHE__NO_PARTICIPANT_FLOW_MODULE
NCT04329949#om2#OG000	NCT04329949	2	OG000	yes	COVERED_BY_A_AND_C	NCT04329949||relacorilant with nab-paclitaxel	4	NON_IDENTICAL_ENCODING_ON_PRESERVED_FIELDS	UNRESOLVED__SEMANTIC_CORRESPONDENCE_NOT_ESTABLISHED	INCLUDES_STRUCTURED_FIELD	UNRESOLVED_MULTIPLE_MEASURE_TITLES|UNRESOLVED_MULTIPLE_ENDPOINT_CONSTRUCTS|UNRESOLVED_MULTIPLE_TIME_FRAMES|UNRESOLVED_MULTIPLE_POPULATION_DESCRIPTIONS|UNRESOLVED_MULTIPLE_DENOMINATORS|UNRESOLVED_MULTIPLE_OUTCOME_TYPES|SEMANTIC_DUPLICATION_UNRESOLVED	PRESENT	31	POSTED	True		UNVERIFIABLE_IN_THIS_CACHE__NO_PARTICIPANT_FLOW_MODULE
NCT03965689#om0#OG000	NCT03965689	0	OG000	yes	COVERED_BY_A_AND_C	NCT03965689||treatment (paclitaxel, carboplatin, pevonedistat)	1	SINGLE_OBSERVATION__NO_COMPARISON_MADE	NOT_APPLICABLE__SINGLE_OBSERVATION	NONE	SINGLE_OBSERVATION	PRESENT	25	POSTED	True		UNVERIFIABLE_IN_THIS_CACHE__NO_PARTICIPANT_FLOW_MODULE
NCT03451825#om2#OG000	NCT03451825	2	OG000	yes	COVERED_BY_A_AND_C	NCT03451825||avelumab 10 miligram per kilogram (mg/kg)	1	SINGLE_OBSERVATION__NO_COMPARISON_MADE	NOT_APPLICABLE__SINGLE_OBSERVATION	NONE	SINGLE_OBSERVATION	PRESENT	6	POSTED	True		UNVERIFIABLE_IN_THIS_CACHE__NO_PARTICIPANT_FLOW_MODULE
NCT03451825#om2#OG001	NCT03451825	2	OG001	yes	COVERED_BY_A_AND_C	NCT03451825||avelumab 20 mg/kg	1	SINGLE_OBSERVATION__NO_COMPARISON_MADE	NOT_APPLICABLE__SINGLE_OBSERVATION	NONE	SINGLE_OBSERVATION	PRESENT	15	POSTED	True		UNVERIFIABLE_IN_THIS_CACHE__NO_PARTICIPANT_FLOW_MODULE
NCT03711188#om2#OG000	NCT03711188	2	OG000	yes	COVERED_BY_A_AND_C	NCT03711188||cohort a	2	NON_IDENTICAL_ENCODING_ON_PRESERVED_FIELDS	UNRESOLVED__SEMANTIC_CORRESPONDENCE_NOT_ESTABLISHED	INCLUDES_STRUCTURED_FIELD	UNRESOLVED_MULTIPLE_MEASURE_TITLES|UNRESOLVED_MULTIPLE_ENDPOINT_CONSTRUCTS|UNRESOLVED_MULTIPLE_TIME_FRAMES|UNRESOLVED_MULTIPLE_POPULATION_DESCRIPTIONS|UNRESOLVED_MULTIPLE_OUTCOME_TYPES|SEMANTIC_DUPLICATION_UNRESOLVED	PRESENT	11	POSTED	True		UNVERIFIABLE_IN_THIS_CACHE__NO_PARTICIPANT_FLOW_MODULE
NCT03711188#om2#OG001	NCT03711188	2	OG001	yes	COVERED_BY_A_AND_C	NCT03711188||cohort b	2	NON_IDENTICAL_ENCODING_ON_PRESERVED_FIELDS	UNRESOLVED__SEMANTIC_CORRESPONDENCE_NOT_ESTABLISHED	INCLUDES_STRUCTURED_FIELD	UNRESOLVED_MULTIPLE_MEASURE_TITLES|UNRESOLVED_MULTIPLE_ENDPOINT_CONSTRUCTS|UNRESOLVED_MULTIPLE_TIME_FRAMES|UNRESOLVED_MULTIPLE_POPULATION_DESCRIPTIONS|UNRESOLVED_MULTIPLE_OUTCOME_TYPES|SEMANTIC_DUPLICATION_UNRESOLVED	PRESENT	5	POSTED	True		UNVERIFIABLE_IN_THIS_CACHE__NO_PARTICIPANT_FLOW_MODULE
NCT04099888#om2#OG000	NCT04099888	2	OG000	yes	COVERED_BY_A_AND_C	NCT04099888||pci treatment in conjunction with standard of care (soc)	3	NON_IDENTICAL_ENCODING_ON_PRESERVED_FIELDS	UNRESOLVED__SEMANTIC_CORRESPONDENCE_NOT_ESTABLISHED	TEXT_DERIVED_ONLY	UNRESOLVED_MULTIPLE_MEASURE_TITLES|UNRESOLVED_MULTIPLE_ENDPOINT_CONSTRUCTS|UNRESOLVED_MULTIPLE_TIME_FRAMES|SEMANTIC_DUPLICATION_UNRESOLVED|DISTINCTION_IS_TEXT_DERIVED_ONLY	PRESENT	19	POSTED	True		UNVERIFIABLE_IN_THIS_CACHE__NO_PARTICIPANT_FLOW_MODULE
NCT04099888#om2#OG001	NCT04099888	2	OG001	yes	COVERED_BY_A_AND_C	NCT04099888||standard of care (soc)	3	NON_IDENTICAL_ENCODING_ON_PRESERVED_FIELDS	UNRESOLVED__SEMANTIC_CORRESPONDENCE_NOT_ESTABLISHED	TEXT_DERIVED_ONLY	UNRESOLVED_MULTIPLE_MEASURE_TITLES|UNRESOLVED_MULTIPLE_ENDPOINT_CONSTRUCTS|UNRESOLVED_MULTIPLE_TIME_FRAMES|SEMANTIC_DUPLICATION_UNRESOLVED|DISTINCTION_IS_TEXT_DERIVED_ONLY	PRESENT	15	POSTED	True		UNVERIFIABLE_IN_THIS_CACHE__NO_PARTICIPANT_FLOW_MODULE
NCT04764474#om3#OG000	NCT04764474	3	OG000	yes	COVERED_BY_A_AND_C	NCT04764474||cohort 1: hmpl-306 dose level 1	5	NON_IDENTICAL_ENCODING_ON_PRESERVED_FIELDS	UNRESOLVED__SEMANTIC_CORRESPONDENCE_NOT_ESTABLISHED	INCLUDES_STRUCTURED_FIELD	UNRESOLVED_MULTIPLE_MEASURE_TITLES|UNRESOLVED_MULTIPLE_ENDPOINT_CONSTRUCTS|UNRESOLVED_MULTIPLE_POPULATION_DESCRIPTIONS|UNRESOLVED_MULTIPLE_DENOMINATORS|UNRESOLVED_MULTIPLE_PARAMTYPE_OR_UNIT|SEMANTIC_DUPLICATION_UNRESOLVED	PRESENT	3	POSTED	True		UNVERIFIABLE_IN_THIS_CACHE__NO_PARTICIPANT_FLOW_MODULE
NCT04764474#om3#OG001	NCT04764474	3	OG001	yes	COVERED_BY_A_AND_C	NCT04764474||cohort 2: hmpl-306 dose level 2	5	NON_IDENTICAL_ENCODING_ON_PRESERVED_FIELDS	UNRESOLVED__SEMANTIC_CORRESPONDENCE_NOT_ESTABLISHED	INCLUDES_STRUCTURED_FIELD	UNRESOLVED_MULTIPLE_MEASURE_TITLES|UNRESOLVED_MULTIPLE_ENDPOINT_CONSTRUCTS|UNRESOLVED_MULTIPLE_POPULATION_DESCRIPTIONS|UNRESOLVED_MULTIPLE_DENOMINATORS|UNRESOLVED_MULTIPLE_PARAMTYPE_OR_UNIT|SEMANTIC_DUPLICATION_UNRESOLVED	PRESENT	3	POSTED	True		UNVERIFIABLE_IN_THIS_CACHE__NO_PARTICIPANT_FLOW_MODULE
NCT04764474#om3#OG002	NCT04764474	3	OG002	yes	COVERED_BY_A_AND_C	NCT04764474||cohort 3: hmpl-306 dose level 3	5	NON_IDENTICAL_ENCODING_ON_PRESERVED_FIELDS	UNRESOLVED__SEMANTIC_CORRESPONDENCE_NOT_ESTABLISHED	INCLUDES_STRUCTURED_FIELD	UNRESOLVED_MULTIPLE_MEASURE_TITLES|UNRESOLVED_MULTIPLE_ENDPOINT_CONSTRUCTS|UNRESOLVED_MULTIPLE_POPULATION_DESCRIPTIONS|UNRESOLVED_MULTIPLE_DENOMINATORS|UNRESOLVED_MULTIPLE_PARAMTYPE_OR_UNIT|SEMANTIC_DUPLICATION_UNRESOLVED	PRESENT	10	POSTED	True		UNVERIFIABLE_IN_THIS_CACHE__NO_PARTICIPANT_FLOW_MODULE
NCT04764474#om3#OG003	NCT04764474	3	OG003	yes	COVERED_BY_A_AND_C	NCT04764474||cohort 4: hmpl-306 dose level 4	5	NON_IDENTICAL_ENCODING_ON_PRESERVED_FIELDS	UNRESOLVED__SEMANTIC_CORRESPONDENCE_NOT_ESTABLISHED	INCLUDES_STRUCTURED_FIELD	UNRESOLVED_MULTIPLE_MEASURE_TITLES|UNRESOLVED_MULTIPLE_ENDPOINT_CONSTRUCTS|UNRESOLVED_MULTIPLE_POPULATION_DESCRIPTIONS|UNRESOLVED_MULTIPLE_DENOMINATORS|UNRESOLVED_MULTIPLE_PARAMTYPE_OR_UNIT|SEMANTIC_DUPLICATION_UNRESOLVED	PRESENT	5	POSTED	True		UNVERIFIABLE_IN_THIS_CACHE__NO_PARTICIPANT_FLOW_MODULE
NCT04764474#om3#OG004	NCT04764474	3	OG004	yes	COVERED_BY_A_AND_C	NCT04764474||cohort 5: hmpl-306 dose level 5	5	NON_IDENTICAL_ENCODING_ON_PRESERVED_FIELDS	UNRESOLVED__SEMANTIC_CORRESPONDENCE_NOT_ESTABLISHED	INCLUDES_STRUCTURED_FIELD	UNRESOLVED_MULTIPLE_MEASURE_TITLES|UNRESOLVED_MULTIPLE_ENDPOINT_CONSTRUCTS|UNRESOLVED_MULTIPLE_POPULATION_DESCRIPTIONS|UNRESOLVED_MULTIPLE_DENOMINATORS|UNRESOLVED_MULTIPLE_PARAMTYPE_OR_UNIT|SEMANTIC_DUPLICATION_UNRESOLVED	PRESENT	5	POSTED	True		UNVERIFIABLE_IN_THIS_CACHE__NO_PARTICIPANT_FLOW_MODULE
NCT04764474#om3#OG005	NCT04764474	3	OG005	yes	COVERED_BY_A_AND_C	NCT04764474||cohort 6: hmpl-306 dose level 6	5	NON_IDENTICAL_ENCODING_ON_PRESERVED_FIELDS	UNRESOLVED__SEMANTIC_CORRESPONDENCE_NOT_ESTABLISHED	INCLUDES_STRUCTURED_FIELD	UNRESOLVED_MULTIPLE_MEASURE_TITLES|UNRESOLVED_MULTIPLE_ENDPOINT_CONSTRUCTS|UNRESOLVED_MULTIPLE_POPULATION_DESCRIPTIONS|UNRESOLVED_MULTIPLE_DENOMINATORS|UNRESOLVED_MULTIPLE_PARAMTYPE_OR_UNIT|SEMANTIC_DUPLICATION_UNRESOLVED	PRESENT	4	POSTED	True		UNVERIFIABLE_IN_THIS_CACHE__NO_PARTICIPANT_FLOW_MODULE
NCT04764474#om3#OG006	NCT04764474	3	OG006	yes	COVERED_BY_A_AND_C	NCT04764474||cohort 7: hmpl-306 dose level 7	5	NON_IDENTICAL_ENCODING_ON_PRESERVED_FIELDS	UNRESOLVED__SEMANTIC_CORRESPONDENCE_NOT_ESTABLISHED	INCLUDES_STRUCTURED_FIELD	UNRESOLVED_MULTIPLE_MEASURE_TITLES|UNRESOLVED_MULTIPLE_ENDPOINT_CONSTRUCTS|UNRESOLVED_MULTIPLE_POPULATION_DESCRIPTIONS|UNRESOLVED_MULTIPLE_DENOMINATORS|UNRESOLVED_MULTIPLE_PARAMTYPE_OR_UNIT|SEMANTIC_DUPLICATION_UNRESOLVED	PRESENT	3	POSTED	True		UNVERIFIABLE_IN_THIS_CACHE__NO_PARTICIPANT_FLOW_MODULE
NCT04764474#om3#OG007	NCT04764474	3	OG007	yes	COVERED_BY_A_AND_C	NCT04764474||cohort 8: hmpl-306 dose level 8	5	NON_IDENTICAL_ENCODING_ON_PRESERVED_FIELDS	UNRESOLVED__SEMANTIC_CORRESPONDENCE_NOT_ESTABLISHED	INCLUDES_STRUCTURED_FIELD	UNRESOLVED_MULTIPLE_MEASURE_TITLES|UNRESOLVED_MULTIPLE_ENDPOINT_CONSTRUCTS|UNRESOLVED_MULTIPLE_POPULATION_DESCRIPTIONS|UNRESOLVED_MULTIPLE_DENOMINATORS|UNRESOLVED_MULTIPLE_PARAMTYPE_OR_UNIT|SEMANTIC_DUPLICATION_UNRESOLVED	PRESENT	8	POSTED	True		UNVERIFIABLE_IN_THIS_CACHE__NO_PARTICIPANT_FLOW_MODULE
NCT03445533#om0#OG000	NCT03445533	0	OG000	yes	COVERED_BY_A_AND_C	NCT03445533||arm a: ipilimumab	1	SINGLE_OBSERVATION__NO_COMPARISON_MADE	NOT_APPLICABLE__SINGLE_OBSERVATION	NONE	SINGLE_OBSERVATION	PRESENT	243	POSTED	True		UNVERIFIABLE_IN_THIS_CACHE__NO_PARTICIPANT_FLOW_MODULE
NCT03445533#om0#OG001	NCT03445533	0	OG001	yes	COVERED_BY_A_AND_C	NCT03445533||arm b: imo-2125 plus ipilimumab	1	SINGLE_OBSERVATION__NO_COMPARISON_MADE	NOT_APPLICABLE__SINGLE_OBSERVATION	NONE	SINGLE_OBSERVATION	PRESENT	238	POSTED	True		UNVERIFIABLE_IN_THIS_CACHE__NO_PARTICIPANT_FLOW_MODULE
NCT02913430#om1#OG000	NCT02913430	1	OG000	yes	COVERED_BY_A_AND_C	NCT02913430||fulvestrant + palbociclib	3	NON_IDENTICAL_ENCODING_ON_PRESERVED_FIELDS	UNRESOLVED__SEMANTIC_CORRESPONDENCE_NOT_ESTABLISHED	TEXT_DERIVED_ONLY	UNRESOLVED_MULTIPLE_MEASURE_TITLES|UNRESOLVED_MULTIPLE_ENDPOINT_CONSTRUCTS|UNRESOLVED_MULTIPLE_TIME_FRAMES|SEMANTIC_DUPLICATION_UNRESOLVED|DISTINCTION_IS_TEXT_DERIVED_ONLY	PRESENT	5	POSTED	True		UNVERIFIABLE_IN_THIS_CACHE__NO_PARTICIPANT_FLOW_MODULE
NCT02913430#om1#OG001	NCT02913430	1	OG001	yes	COVERED_BY_A_AND_C	NCT02913430||tamoxifen + palbociclib	3	NON_IDENTICAL_ENCODING_ON_PRESERVED_FIELDS	UNRESOLVED__SEMANTIC_CORRESPONDENCE_NOT_ESTABLISHED	TEXT_DERIVED_ONLY	UNRESOLVED_MULTIPLE_MEASURE_TITLES|UNRESOLVED_MULTIPLE_ENDPOINT_CONSTRUCTS|UNRESOLVED_MULTIPLE_TIME_FRAMES|SEMANTIC_DUPLICATION_UNRESOLVED|DISTINCTION_IS_TEXT_DERIVED_ONLY	PRESENT	2	POSTED	True		UNVERIFIABLE_IN_THIS_CACHE__NO_PARTICIPANT_FLOW_MODULE
NCT04313504#om0#OG000	NCT04313504	0	OG000	yes	COVERED_BY_A_AND_C	NCT04313504||niraparib & dostarlimab	1	SINGLE_OBSERVATION__NO_COMPARISON_MADE	NOT_APPLICABLE__SINGLE_OBSERVATION	NONE	SINGLE_OBSERVATION	PRESENT	10	POSTED	True		UNVERIFIABLE_IN_THIS_CACHE__NO_PARTICIPANT_FLOW_MODULE
NCT03724890#om54#OG000	NCT03724890	54	OG000	yes	COVERED_BY_A_AND_C	NCT03724890||part a: m3814 100 mg bid + avelumab 800 mg q2w	1	SINGLE_OBSERVATION__NO_COMPARISON_MADE	NOT_APPLICABLE__SINGLE_OBSERVATION	NONE	SINGLE_OBSERVATION	PRESENT	4	POSTED	True		UNVERIFIABLE_IN_THIS_CACHE__NO_PARTICIPANT_FLOW_MODULE
NCT03724890#om54#OG001	NCT03724890	54	OG001	yes	COVERED_BY_A_AND_C	NCT03724890||part a: m3814 200 mg bid + avelumab 800 mg q2w	1	SINGLE_OBSERVATION__NO_COMPARISON_MADE	NOT_APPLICABLE__SINGLE_OBSERVATION	NONE	SINGLE_OBSERVATION	PRESENT	11	POSTED	True		UNVERIFIABLE_IN_THIS_CACHE__NO_PARTICIPANT_FLOW_MODULE
NCT03724890#om54#OG002	NCT03724890	54	OG002	yes	COVERED_BY_A_AND_C	NCT03724890||part a: m3814 250 mg bid + avelumab 800 mg q2w	1	SINGLE_OBSERVATION__NO_COMPARISON_MADE	NOT_APPLICABLE__SINGLE_OBSERVATION	NONE	SINGLE_OBSERVATION	PRESENT	4	POSTED	True		UNVERIFIABLE_IN_THIS_CACHE__NO_PARTICIPANT_FLOW_MODULE
NCT03724890#om54#OG003	NCT03724890	54	OG003	yes	COVERED_BY_A_AND_C	NCT03724890||part a: m3814 300 mg bid + avelumab 800 mg q2w	1	SINGLE_OBSERVATION__NO_COMPARISON_MADE	NOT_APPLICABLE__SINGLE_OBSERVATION	NONE	SINGLE_OBSERVATION	PRESENT	6	POSTED	True		UNVERIFIABLE_IN_THIS_CACHE__NO_PARTICIPANT_FLOW_MODULE
NCT03724890#om54#OG004	NCT03724890	54	OG004	yes	COVERED_BY_A_AND_C	NCT03724890||part a: m3814 400 mg bid + avelumab 800 mg q2w	1	SINGLE_OBSERVATION__NO_COMPARISON_MADE	NOT_APPLICABLE__SINGLE_OBSERVATION	NONE	SINGLE_OBSERVATION	PRESENT	4	POSTED	True		UNVERIFIABLE_IN_THIS_CACHE__NO_PARTICIPANT_FLOW_MODULE
NCT03724890#om55#OG000	NCT03724890	55	OG000	yes	COVERED_BY_A_AND_C	NCT03724890||part b: m3814 100 mg bid + avelumab 800 mg q2w + rt	1	SINGLE_OBSERVATION__NO_COMPARISON_MADE	NOT_APPLICABLE__SINGLE_OBSERVATION	NONE	SINGLE_OBSERVATION	PRESENT	3	POSTED	True		UNVERIFIABLE_IN_THIS_CACHE__NO_PARTICIPANT_FLOW_MODULE
NCT03724890#om55#OG001	NCT03724890	55	OG001	yes	COVERED_BY_A_AND_C	NCT03724890||part b: m3814 150 mg bid +avelumab 800 mg q2w + rt	1	SINGLE_OBSERVATION__NO_COMPARISON_MADE	NOT_APPLICABLE__SINGLE_OBSERVATION	NONE	SINGLE_OBSERVATION	PRESENT	3	POSTED	True		UNVERIFIABLE_IN_THIS_CACHE__NO_PARTICIPANT_FLOW_MODULE
NCT03724890#om55#OG002	NCT03724890	55	OG002	yes	COVERED_BY_A_AND_C	NCT03724890||part b: m3814 200 mg bid + avelumab 800 mg q2w + rt	1	SINGLE_OBSERVATION__NO_COMPARISON_MADE	NOT_APPLICABLE__SINGLE_OBSERVATION	NONE	SINGLE_OBSERVATION	PRESENT	4	POSTED	True		UNVERIFIABLE_IN_THIS_CACHE__NO_PARTICIPANT_FLOW_MODULE
NCT03724890#om55#OG003	NCT03724890	55	OG003	yes	COVERED_BY_A_AND_C	NCT03724890||part b: m3814 250 mg bid + avelumab 800 mg q2w + rt	1	SINGLE_OBSERVATION__NO_COMPARISON_MADE	NOT_APPLICABLE__SINGLE_OBSERVATION	NONE	SINGLE_OBSERVATION	PRESENT	9	POSTED	True		UNVERIFIABLE_IN_THIS_CACHE__NO_PARTICIPANT_FLOW_MODULE
NCT03724890#om56#OG000	NCT03724890	56	OG000	yes	COVERED_BY_A_AND_C	NCT03724890||part food effect: m3814 100 mg bid + avelumab 800 mg q2w	1	SINGLE_OBSERVATION__NO_COMPARISON_MADE	NOT_APPLICABLE__SINGLE_OBSERVATION	NONE	SINGLE_OBSERVATION	PRESENT	4	POSTED	True		UNVERIFIABLE_IN_THIS_CACHE__NO_PARTICIPANT_FLOW_MODULE
NCT03724890#om56#OG001	NCT03724890	56	OG001	yes	COVERED_BY_A_AND_C	NCT03724890||part food effect: m3814 200 mg bid + avelumab 800 mg q2w	1	SINGLE_OBSERVATION__NO_COMPARISON_MADE	NOT_APPLICABLE__SINGLE_OBSERVATION	NONE	SINGLE_OBSERVATION	PRESENT	5	POSTED	True		UNVERIFIABLE_IN_THIS_CACHE__NO_PARTICIPANT_FLOW_MODULE
NCT03409614#om6#OG000	NCT03409614	6	OG000	yes	COVERED_BY_A_AND_C	NCT03409614||part 1: cemiplimab + chemotherapy	2	NON_IDENTICAL_ENCODING_ON_PRESERVED_FIELDS	UNRESOLVED__SEMANTIC_CORRESPONDENCE_NOT_ESTABLISHED	INCLUDES_STRUCTURED_FIELD	UNRESOLVED_MULTIPLE_MEASURE_TITLES|UNRESOLVED_MULTIPLE_ENDPOINT_CONSTRUCTS|UNRESOLVED_MULTIPLE_PARAMTYPE_OR_UNIT|SEMANTIC_DUPLICATION_UNRESOLVED	PRESENT	108	POSTED	True		UNVERIFIABLE_IN_THIS_CACHE__NO_PARTICIPANT_FLOW_MODULE
NCT03409614#om6#OG001	NCT03409614	6	OG001	yes	COVERED_BY_A_AND_C	NCT03409614||part 1: cemiplimab+abbrevchemo+ipilimumab	2	NON_IDENTICAL_ENCODING_ON_PRESERVED_FIELDS	UNRESOLVED__SEMANTIC_CORRESPONDENCE_NOT_ESTABLISHED	INCLUDES_STRUCTURED_FIELD	UNRESOLVED_MULTIPLE_MEASURE_TITLES|UNRESOLVED_MULTIPLE_ENDPOINT_CONSTRUCTS|UNRESOLVED_MULTIPLE_PARAMTYPE_OR_UNIT|SEMANTIC_DUPLICATION_UNRESOLVED	PRESENT	109	POSTED	True		UNVERIFIABLE_IN_THIS_CACHE__NO_PARTICIPANT_FLOW_MODULE
NCT03409614#om6#OG002	NCT03409614	6	OG002	yes	COVERED_BY_A_AND_C	NCT03409614||part 1: chemotherapy	2	NON_IDENTICAL_ENCODING_ON_PRESERVED_FIELDS	UNRESOLVED__SEMANTIC_CORRESPONDENCE_NOT_ESTABLISHED	INCLUDES_STRUCTURED_FIELD	UNRESOLVED_MULTIPLE_MEASURE_TITLES|UNRESOLVED_MULTIPLE_ENDPOINT_CONSTRUCTS|UNRESOLVED_MULTIPLE_PARAMTYPE_OR_UNIT|SEMANTIC_DUPLICATION_UNRESOLVED	PRESENT	106	POSTED	True		UNVERIFIABLE_IN_THIS_CACHE__NO_PARTICIPANT_FLOW_MODULE
NCT03750786#om0#OG000	NCT03750786	0	OG000	yes	COVERED_BY_A_AND_C	NCT03750786||group a	1	SINGLE_OBSERVATION__NO_COMPARISON_MADE	NOT_APPLICABLE__SINGLE_OBSERVATION	NONE	SINGLE_OBSERVATION	PRESENT	245	POSTED	True		UNVERIFIABLE_IN_THIS_CACHE__NO_PARTICIPANT_FLOW_MODULE
NCT03750786#om0#OG001	NCT03750786	0	OG001	yes	COVERED_BY_A_AND_C	NCT03750786||group b	1	SINGLE_OBSERVATION__NO_COMPARISON_MADE	NOT_APPLICABLE__SINGLE_OBSERVATION	NONE	SINGLE_OBSERVATION	PRESENT	245	POSTED	True		UNVERIFIABLE_IN_THIS_CACHE__NO_PARTICIPANT_FLOW_MODULE
NCT04387071#om0#OG000	NCT04387071	0	OG000	yes	COVERED_BY_A_AND_C	NCT04387071||treatment (cmp-001, incagn01949)	2	NON_IDENTICAL_ENCODING_ON_PRESERVED_FIELDS	UNRESOLVED__SEMANTIC_CORRESPONDENCE_NOT_ESTABLISHED	TEXT_DERIVED_ONLY	UNRESOLVED_MULTIPLE_MEASURE_TITLES|UNRESOLVED_MULTIPLE_ENDPOINT_CONSTRUCTS|UNRESOLVED_MULTIPLE_TIME_FRAMES|UNRESOLVED_MULTIPLE_ASSESSMENT_CRITERIA|UNRESOLVED_MULTIPLE_POPULATION_DESCRIPTIONS|SEMANTIC_DUPLICATION_UNRESOLVED|DISTINCTION_IS_TEXT_DERIVED_ONLY	PRESENT	2	POSTED	True		UNVERIFIABLE_IN_THIS_CACHE__NO_PARTICIPANT_FLOW_MODULE
NCT03386357#om1#OG000	NCT03386357	1	OG000	yes	COVERED_BY_A_AND_C	NCT03386357||a (pembrolizumab+rt)	1	SINGLE_OBSERVATION__NO_COMPARISON_MADE	NOT_APPLICABLE__SINGLE_OBSERVATION	NONE	SINGLE_OBSERVATION	PRESENT	57	POSTED	True		UNVERIFIABLE_IN_THIS_CACHE__NO_PARTICIPANT_FLOW_MODULE
NCT03386357#om1#OG001	NCT03386357	1	OG001	yes	COVERED_BY_A_AND_C	NCT03386357||b (pembrolizumab)	1	SINGLE_OBSERVATION__NO_COMPARISON_MADE	NOT_APPLICABLE__SINGLE_OBSERVATION	NONE	SINGLE_OBSERVATION	PRESENT	58	POSTED	True		UNVERIFIABLE_IN_THIS_CACHE__NO_PARTICIPANT_FLOW_MODULE
NCT03854227#om5#OG000	NCT03854227	5	OG000	yes	COVERED_BY_A_AND_C	NCT03854227||part 2a: [2l+ non-small cell lung cancer (nsclc)] pf-06939999 6mg qd	1	SINGLE_OBSERVATION__NO_COMPARISON_MADE	NOT_APPLICABLE__SINGLE_OBSERVATION	NONE	SINGLE_OBSERVATION	PRESENT	11	POSTED	True		UNVERIFIABLE_IN_THIS_CACHE__NO_PARTICIPANT_FLOW_MODULE
NCT03854227#om5#OG001	NCT03854227	5	OG001	yes	COVERED_BY_A_AND_C	NCT03854227||part 2b: (2l+ urothelial carcinoma) pf-06939999 6mg qd	1	SINGLE_OBSERVATION__NO_COMPARISON_MADE	NOT_APPLICABLE__SINGLE_OBSERVATION	NONE	SINGLE_OBSERVATION	PRESENT	2	POSTED	True		UNVERIFIABLE_IN_THIS_CACHE__NO_PARTICIPANT_FLOW_MODULE
NCT03854227#om5#OG002	NCT03854227	5	OG002	yes	COVERED_BY_A_AND_C	NCT03854227||part 2c: [2l+ head and neck squamous cell carcinoma (hnscc)] pf-06939999 6mg qd	1	SINGLE_OBSERVATION__NO_COMPARISON_MADE	NOT_APPLICABLE__SINGLE_OBSERVATION	NONE	SINGLE_OBSERVATION	PRESENT	8	POSTED	True		UNVERIFIABLE_IN_THIS_CACHE__NO_PARTICIPANT_FLOW_MODULE
NCT04044768#om4#OG000	NCT04044768	4	OG000	yes	COVERED_BY_A_AND_C	NCT04044768||synovial sarcoma	2	NON_IDENTICAL_ENCODING_ON_PRESERVED_FIELDS	UNRESOLVED__SEMANTIC_CORRESPONDENCE_NOT_ESTABLISHED	INCLUDES_STRUCTURED_FIELD	UNRESOLVED_MULTIPLE_MEASURE_TITLES|UNRESOLVED_MULTIPLE_ENDPOINT_CONSTRUCTS|UNRESOLVED_MULTIPLE_TIME_FRAMES|UNRESOLVED_MULTIPLE_ASSESSMENT_CRITERIA|UNRESOLVED_MULTIPLE_PARAMTYPE_OR_UNIT|UNRESOLVED_MULTIPLE_OUTCOME_TYPES|SEMANTIC_DUPLICATION_UNRESOLVED	PRESENT	44	POSTED	True		UNVERIFIABLE_IN_THIS_CACHE__NO_PARTICIPANT_FLOW_MODULE
NCT04044768#om4#OG001	NCT04044768	4	OG001	yes	COVERED_BY_A_AND_C	NCT04044768||mrcls	2	NON_IDENTICAL_ENCODING_ON_PRESERVED_FIELDS	UNRESOLVED__SEMANTIC_CORRESPONDENCE_NOT_ESTABLISHED	INCLUDES_STRUCTURED_FIELD	UNRESOLVED_MULTIPLE_MEASURE_TITLES|UNRESOLVED_MULTIPLE_ENDPOINT_CONSTRUCTS|UNRESOLVED_MULTIPLE_TIME_FRAMES|UNRESOLVED_MULTIPLE_ASSESSMENT_CRITERIA|UNRESOLVED_MULTIPLE_PARAMTYPE_OR_UNIT|UNRESOLVED_MULTIPLE_OUTCOME_TYPES|SEMANTIC_DUPLICATION_UNRESOLVED	PRESENT	8	POSTED	True		UNVERIFIABLE_IN_THIS_CACHE__NO_PARTICIPANT_FLOW_MODULE
NCT03609359#om0#OG000	NCT03609359	0	OG000	yes	COVERED_BY_A_AND_C	NCT03609359||lenvatinib + pembrolizumab	3	NON_IDENTICAL_ENCODING_ON_PRESERVED_FIELDS	UNRESOLVED__SEMANTIC_CORRESPONDENCE_NOT_ESTABLISHED	INCLUDES_STRUCTURED_FIELD	UNRESOLVED_MULTIPLE_MEASURE_TITLES|UNRESOLVED_MULTIPLE_ENDPOINT_CONSTRUCTS|UNRESOLVED_MULTIPLE_TIME_FRAMES|UNRESOLVED_MULTIPLE_ASSESSMENT_CRITERIA|UNRESOLVED_MULTIPLE_POPULATION_DESCRIPTIONS|UNRESOLVED_MULTIPLE_PARAMTYPE_OR_UNIT|UNRESOLVED_MULTIPLE_OUTCOME_TYPES|SEMANTIC_DUPLICATION_UNRESOLVED	PRESENT	29	POSTED	True		UNVERIFIABLE_IN_THIS_CACHE__NO_PARTICIPANT_FLOW_MODULE
NCT03761914#om0#OG000	NCT03761914	0	OG000	yes	COVERED_BY_A_AND_C	NCT03761914||ovarian cancer (ovc)	2	NON_IDENTICAL_ENCODING_ON_PRESERVED_FIELDS	UNRESOLVED__SEMANTIC_CORRESPONDENCE_NOT_ESTABLISHED	TEXT_DERIVED_ONLY	UNRESOLVED_MULTIPLE_MEASURE_TITLES|UNRESOLVED_MULTIPLE_POPULATION_DESCRIPTIONS|SEMANTIC_DUPLICATION_UNRESOLVED|DISTINCTION_IS_TEXT_DERIVED_ONLY	PRESENT	16	POSTED	True		UNVERIFIABLE_IN_THIS_CACHE__NO_PARTICIPANT_FLOW_MODULE
NCT04208958#om3#OG000	NCT04208958	3	OG000	yes	COVERED_BY_A_AND_C	NCT04208958||ve800 combination treatment with nivolumab	3	NON_IDENTICAL_ENCODING_ON_PRESERVED_FIELDS	UNRESOLVED__SEMANTIC_CORRESPONDENCE_NOT_ESTABLISHED	INCLUDES_STRUCTURED_FIELD	UNRESOLVED_MULTIPLE_MEASURE_TITLES|UNRESOLVED_MULTIPLE_ENDPOINT_CONSTRUCTS|UNRESOLVED_MULTIPLE_TIME_FRAMES|UNRESOLVED_MULTIPLE_OUTCOME_TYPES|SEMANTIC_DUPLICATION_UNRESOLVED	PRESENT	54	POSTED	True		UNVERIFIABLE_IN_THIS_CACHE__NO_PARTICIPANT_FLOW_MODULE
NCT03415854#om0#OG000	NCT03415854	0	OG000	yes	COVERED_BY_A_AND_C	NCT03415854||paricalcitol (zemplar)	1	SINGLE_OBSERVATION__NO_COMPARISON_MADE	NOT_APPLICABLE__SINGLE_OBSERVATION	NONE	SINGLE_OBSERVATION	PRESENT	14	POSTED	True		UNVERIFIABLE_IN_THIS_CACHE__NO_PARTICIPANT_FLOW_MODULE
NCT04639245#om1#OG000	NCT04639245	1	OG000	yes	COVERED_BY_A_AND_C	NCT04639245||treatment (fh-magic tcr-t cells, atezolizumab)	2	NON_IDENTICAL_ENCODING_ON_PRESERVED_FIELDS	UNRESOLVED__SEMANTIC_CORRESPONDENCE_NOT_ESTABLISHED	INCLUDES_STRUCTURED_FIELD	UNRESOLVED_MULTIPLE_MEASURE_TITLES|UNRESOLVED_MULTIPLE_ENDPOINT_CONSTRUCTS|UNRESOLVED_MULTIPLE_OUTCOME_TYPES|SEMANTIC_DUPLICATION_UNRESOLVED	PRESENT	1	POSTED	True		UNVERIFIABLE_IN_THIS_CACHE__NO_PARTICIPANT_FLOW_MODULE
NCT04634825#om7#OG000	NCT04634825	7	OG000	yes	COVERED_BY_A_AND_C	NCT04634825||retifanlimab cohort	2	NON_IDENTICAL_ENCODING_ON_PRESERVED_FIELDS	UNRESOLVED__SEMANTIC_CORRESPONDENCE_NOT_ESTABLISHED	INCLUDES_STRUCTURED_FIELD	UNRESOLVED_MULTIPLE_MEASURE_TITLES|UNRESOLVED_MULTIPLE_ENDPOINT_CONSTRUCTS|UNRESOLVED_MULTIPLE_TIME_FRAMES|UNRESOLVED_MULTIPLE_OUTCOME_TYPES|SEMANTIC_DUPLICATION_UNRESOLVED	PRESENT	48	POSTED	True		UNVERIFIABLE_IN_THIS_CACHE__NO_PARTICIPANT_FLOW_MODULE
NCT04634825#om7#OG001	NCT04634825	7	OG001	yes	COVERED_BY_A_AND_C	NCT04634825||tebotelimab cohort	2	NON_IDENTICAL_ENCODING_ON_PRESERVED_FIELDS	UNRESOLVED__SEMANTIC_CORRESPONDENCE_NOT_ESTABLISHED	INCLUDES_STRUCTURED_FIELD	UNRESOLVED_MULTIPLE_MEASURE_TITLES|UNRESOLVED_MULTIPLE_ENDPOINT_CONSTRUCTS|UNRESOLVED_MULTIPLE_TIME_FRAMES|UNRESOLVED_MULTIPLE_OUTCOME_TYPES|SEMANTIC_DUPLICATION_UNRESOLVED	PRESENT	14	POSTED	True		UNVERIFIABLE_IN_THIS_CACHE__NO_PARTICIPANT_FLOW_MODULE
NCT04020185#om1#OG000	NCT04020185	1	OG000	yes	COVERED_BY_A_AND_C	NCT04020185||monotherapy 100 μg	1	SINGLE_OBSERVATION__NO_COMPARISON_MADE	NOT_APPLICABLE__SINGLE_OBSERVATION	NONE	SINGLE_OBSERVATION	PRESENT	4	POSTED	True		UNVERIFIABLE_IN_THIS_CACHE__NO_PARTICIPANT_FLOW_MODULE
NCT04020185#om1#OG001	NCT04020185	1	OG001	yes	COVERED_BY_A_AND_C	NCT04020185||monotherapy 200 μg	1	SINGLE_OBSERVATION__NO_COMPARISON_MADE	NOT_APPLICABLE__SINGLE_OBSERVATION	NONE	SINGLE_OBSERVATION	PRESENT	3	POSTED	True		UNVERIFIABLE_IN_THIS_CACHE__NO_PARTICIPANT_FLOW_MODULE
NCT04020185#om1#OG002	NCT04020185	1	OG002	yes	COVERED_BY_A_AND_C	NCT04020185||monotherapy 400 μg	1	SINGLE_OBSERVATION__NO_COMPARISON_MADE	NOT_APPLICABLE__SINGLE_OBSERVATION	NONE	SINGLE_OBSERVATION	PRESENT	3	POSTED	True		UNVERIFIABLE_IN_THIS_CACHE__NO_PARTICIPANT_FLOW_MODULE
NCT04020185#om1#OG003	NCT04020185	1	OG003	yes	COVERED_BY_A_AND_C	NCT04020185||monotherapy 800 μg	1	SINGLE_OBSERVATION__NO_COMPARISON_MADE	NOT_APPLICABLE__SINGLE_OBSERVATION	NONE	SINGLE_OBSERVATION	PRESENT	2	POSTED	True		UNVERIFIABLE_IN_THIS_CACHE__NO_PARTICIPANT_FLOW_MODULE
NCT04020185#om1#OG004	NCT04020185	1	OG004	yes	COVERED_BY_A_AND_C	NCT04020185||monotherapy 1200 μg	1	SINGLE_OBSERVATION__NO_COMPARISON_MADE	NOT_APPLICABLE__SINGLE_OBSERVATION	NONE	SINGLE_OBSERVATION	PRESENT	6	POSTED	True		UNVERIFIABLE_IN_THIS_CACHE__NO_PARTICIPANT_FLOW_MODULE
NCT04020185#om1#OG005	NCT04020185	1	OG005	yes	COVERED_BY_A_AND_C	NCT04020185||combination therapy 800 μg	1	SINGLE_OBSERVATION__NO_COMPARISON_MADE	NOT_APPLICABLE__SINGLE_OBSERVATION	NONE	SINGLE_OBSERVATION	PRESENT	4	POSTED	True		UNVERIFIABLE_IN_THIS_CACHE__NO_PARTICIPANT_FLOW_MODULE
NCT04020185#om1#OG006	NCT04020185	1	OG006	yes	COVERED_BY_A_AND_C	NCT04020185||combination therapy 1200 μg	1	SINGLE_OBSERVATION__NO_COMPARISON_MADE	NOT_APPLICABLE__SINGLE_OBSERVATION	NONE	SINGLE_OBSERVATION	PRESENT	5	POSTED	True		UNVERIFIABLE_IN_THIS_CACHE__NO_PARTICIPANT_FLOW_MODULE
NCT04020185#om1#OG007	NCT04020185	1	OG007	yes	COVERED_BY_A_AND_C	NCT04020185||combination therapy 2400 μg	1	SINGLE_OBSERVATION__NO_COMPARISON_MADE	NOT_APPLICABLE__SINGLE_OBSERVATION	NONE	SINGLE_OBSERVATION	PRESENT	4	POSTED	True		UNVERIFIABLE_IN_THIS_CACHE__NO_PARTICIPANT_FLOW_MODULE
NCT03212274#om0#OG000	NCT03212274	0	OG000	yes	COVERED_BY_A_AND_C	NCT03212274||cohort 1a-glioma naïve to idh i	1	SINGLE_OBSERVATION__NO_COMPARISON_MADE	NOT_APPLICABLE__SINGLE_OBSERVATION	NONE	SINGLE_OBSERVATION	PRESENT	16	POSTED	True		UNVERIFIABLE_IN_THIS_CACHE__NO_PARTICIPANT_FLOW_MODULE
NCT03212274#om0#OG001	NCT03212274	0	OG001	yes	COVERED_BY_A_AND_C	NCT03212274||cohort 1b- glioma pretreated	1	SINGLE_OBSERVATION__NO_COMPARISON_MADE	NOT_APPLICABLE__SINGLE_OBSERVATION	NONE	SINGLE_OBSERVATION	PRESENT	16	POSTED	True		UNVERIFIABLE_IN_THIS_CACHE__NO_PARTICIPANT_FLOW_MODULE
NCT03212274#om0#OG002	NCT03212274	0	OG002	yes	COVERED_BY_A_AND_C	NCT03212274||cohort 2a- cholangio naive	1	SINGLE_OBSERVATION__NO_COMPARISON_MADE	NOT_APPLICABLE__SINGLE_OBSERVATION	NONE	SINGLE_OBSERVATION	PRESENT	15	POSTED	True		UNVERIFIABLE_IN_THIS_CACHE__NO_PARTICIPANT_FLOW_MODULE
NCT03212274#om0#OG003	NCT03212274	0	OG003	yes	COVERED_BY_A_AND_C	NCT03212274||cohort 2b-cholangio- pretreated	1	SINGLE_OBSERVATION__NO_COMPARISON_MADE	NOT_APPLICABLE__SINGLE_OBSERVATION	NONE	SINGLE_OBSERVATION	PRESENT	16	POSTED	True		UNVERIFIABLE_IN_THIS_CACHE__NO_PARTICIPANT_FLOW_MODULE
NCT03212274#om0#OG004	NCT03212274	0	OG004	yes	COVERED_BY_A_AND_C	NCT03212274||cohort 3a other -naive	1	SINGLE_OBSERVATION__NO_COMPARISON_MADE	NOT_APPLICABLE__SINGLE_OBSERVATION	NONE	SINGLE_OBSERVATION	PRESENT	25	POSTED	True		UNVERIFIABLE_IN_THIS_CACHE__NO_PARTICIPANT_FLOW_MODULE
NCT03212274#om0#OG005	NCT03212274	0	OG005	yes	COVERED_BY_A_AND_C	NCT03212274||cohort 3b other -pretreated	1	SINGLE_OBSERVATION__NO_COMPARISON_MADE	NOT_APPLICABLE__SINGLE_OBSERVATION	NONE	SINGLE_OBSERVATION	PRESENT	1	POSTED	True		UNVERIFIABLE_IN_THIS_CACHE__NO_PARTICIPANT_FLOW_MODULE
NCT03573947#om2#OG000	NCT03573947	2	OG000	yes	COVERED_BY_A_AND_C	NCT03573947||nivolumab, ipilimumab and paclitaxel	1	SINGLE_OBSERVATION__NO_COMPARISON_MADE	NOT_APPLICABLE__SINGLE_OBSERVATION	NONE	SINGLE_OBSERVATION	PRESENT	46	POSTED	True		UNVERIFIABLE_IN_THIS_CACHE__NO_PARTICIPANT_FLOW_MODULE
NCT05323656#om5#OG000	NCT05323656	5	OG000	yes	COVERED_BY_A_AND_C	NCT05323656||setanaxib 1600 mg and pembrolizumab 200 mg	2	NON_IDENTICAL_ENCODING_ON_PRESERVED_FIELDS	UNRESOLVED__SEMANTIC_CORRESPONDENCE_NOT_ESTABLISHED	INCLUDES_STRUCTURED_FIELD	UNRESOLVED_MULTIPLE_MEASURE_TITLES|UNRESOLVED_MULTIPLE_ENDPOINT_CONSTRUCTS|UNRESOLVED_MULTIPLE_PARAMTYPE_OR_UNIT|SEMANTIC_DUPLICATION_UNRESOLVED	PRESENT	27	POSTED	True		UNVERIFIABLE_IN_THIS_CACHE__NO_PARTICIPANT_FLOW_MODULE
NCT05323656#om5#OG001	NCT05323656	5	OG001	yes	COVERED_BY_A_AND_C	NCT05323656||placebo and pembrolizumab 200 mg	2	NON_IDENTICAL_ENCODING_ON_PRESERVED_FIELDS	UNRESOLVED__SEMANTIC_CORRESPONDENCE_NOT_ESTABLISHED	INCLUDES_STRUCTURED_FIELD	UNRESOLVED_MULTIPLE_MEASURE_TITLES|UNRESOLVED_MULTIPLE_ENDPOINT_CONSTRUCTS|UNRESOLVED_MULTIPLE_PARAMTYPE_OR_UNIT|SEMANTIC_DUPLICATION_UNRESOLVED	PRESENT	28	POSTED	True		UNVERIFIABLE_IN_THIS_CACHE__NO_PARTICIPANT_FLOW_MODULE
NCT04268277#om1#OG000	NCT04268277	1	OG000	yes	COVERED_BY_A_AND_C	NCT04268277||rituximab & pembrolizumab	1	SINGLE_OBSERVATION__NO_COMPARISON_MADE	NOT_APPLICABLE__SINGLE_OBSERVATION	NONE	SINGLE_OBSERVATION	PRESENT	22	POSTED	True		UNVERIFIABLE_IN_THIS_CACHE__NO_PARTICIPANT_FLOW_MODULE
